epoch,time,train/s_box_loss,train/s_cls_loss,train/s_dfl_loss,train/t_box_loss,train/t_cls_loss,train/t_dfl_loss,train/cclkd_loss,train/cclkd_lld_loss,train/cclkd_fld_loss,train/cclkd_rld_loss,train/cclkd_ccl_loss,metrics/precision(B),metrics/recall(B),metrics/mAP50(B),metrics/mAP50-95(B),val/s_box_loss,val/s_cls_loss,val/s_dfl_loss,val/t_box_loss,val/t_cls_loss,val/t_dfl_loss,val/cclkd_loss,val/cclkd_lld_loss,val/cclkd_fld_loss,val/cclkd_rld_loss,val/cclkd_ccl_loss,lr/pg0,lr/pg1,lr/pg2,lr/pg3,lr/pg4,lr/pg5,lr/pg6,lr/pg7
1,169.929,2.82447,3.50953,1.56826,2.35084,3.20298,1.36706,8.46569,7.9986,0.03815,0.00059,0.42834,0.632594,0.191609,0.172558,0.0694518,nan,nan,nan,nan,nan,nan,nan,nan,nan,nan,nan,0.00995652,0.00331884,0.00995652,0.00331884,0.00995652,0.00331884,0.00995652,0.00331884
2,348.026,2.7265,2.35328,1.32673,2.21149,1.76726,1.14672,10.2605,9.44239,0.06212,0.00074,0.75525,0.332114,0.215944,0.130329,0.0452048,nan,nan,nan,nan,nan,nan,nan,nan,nan,nan,nan,0.0199562,0.00665207,0.0199562,0.00665207,0.0199562,0.00665207,0.0199562,0.00665207
3,536.072,2.85039,2.29807,1.36559,2.35022,1.73534,1.20996,9.29169,8.49253,0.07977,0.0009,0.71848,0.492418,0.114333,0.069459,0.0224572,nan,nan,nan,nan,nan,nan,nan,nan,nan,nan,nan,0.0299547,0.0099849,0.0299547,0.0099849,0.0299547,0.0099849,0.0299547,0.0099849
4,712.227,2.8772,2.27127,1.41339,2.39858,1.71641,1.25598,7.75854,7.00827,0.08036,0.00076,0.66915,0.353781,0.215181,0.173296,0.0660305,nan,nan,nan,nan,nan,nan,nan,nan,nan,nan,nan,0.0299959,0.00999863,0.0299959,0.00999863,0.0299959,0.00999863,0.0299959,0.00999863
5,887.331,2.7751,2.13124,1.37664,2.29163,1.54928,1.22014,6.30605,5.58516,0.06488,0.00072,0.65529,0.307677,0.167299,0.153888,0.0625617,nan,nan,nan,nan,nan,nan,nan,nan,nan,nan,nan,0.0299927,0.00999756,0.0299927,0.00999756,0.0299927,0.00999756,0.0299927,0.00999756
6,1062.31,2.6998,2.05305,1.35096,2.20961,1.45356,1.1967,5.89638,5.16615,0.06755,0.00085,0.66183,0.255031,0.196107,0.153117,0.055396,nan,nan,nan,nan,nan,nan,nan,nan,nan,nan,nan,0.0299886,0.00999618,0.0299886,0.00999618,0.0299886,0.00999618,0.0299886,0.00999618
7,1238.04,2.64517,1.96296,1.32445,2.15556,1.39023,1.17544,5.6032,4.89239,0.06458,0.00076,0.64547,0.344077,0.29007,0.24884,0.0981823,nan,nan,nan,nan,nan,nan,nan,nan,nan,nan,nan,0.0299835,0.0099945,0.0299835,0.0099945,0.0299835,0.0099945,0.0299835,0.0099945
8,1413.16,2.60509,1.9171,1.31091,2.1045,1.33806,1.15266,5.47118,4.75449,0.07048,0.00083,0.64537,0.420562,0.267662,0.258899,0.110905,nan,nan,nan,nan,nan,nan,nan,nan,nan,nan,nan,0.0299776,0.00999252,0.0299776,0.00999252,0.0299776,0.00999252,0.0299776,0.00999252
9,1589.34,2.57766,1.87171,1.28857,2.08572,1.30372,1.14126,5.07619,4.32581,0.0984,0.00103,0.65096,0.387699,0.240092,0.271296,0.115944,nan,nan,nan,nan,nan,nan,nan,nan,nan,nan,nan,0.0299707,0.00999023,0.0299707,0.00999023,0.0299707,0.00999023,0.0299707,0.00999023
10,1765.41,2.54034,1.83628,1.28547,2.04889,1.27049,1.13068,4.95052,4.22877,0.08456,0.00102,0.63616,0.48617,0.29284,0.297497,0.12914,nan,nan,nan,nan,nan,nan,nan,nan,nan,nan,nan,0.0299629,0.00998764,0.0299629,0.00998764,0.0299629,0.00998764,0.0299629,0.00998764
11,1941.45,2.50905,1.78882,1.26116,2.02501,1.23391,1.10824,4.89205,4.15241,0.09187,0.00116,0.64661,0.420616,0.321697,0.301081,0.127564,nan,nan,nan,nan,nan,nan,nan,nan,nan,nan,nan,0.0299542,0.00998474,0.0299542,0.00998474,0.0299542,0.00998474,0.0299542,0.00998474
12,2116.65,2.48744,1.75974,1.25261,1.99987,1.20469,1.10654,4.61202,3.88886,0.0872,0.00111,0.63484,0.388232,0.296366,0.273356,0.117897,nan,nan,nan,nan,nan,nan,nan,nan,nan,nan,nan,0.0299446,0.00998154,0.0299446,0.00998154,0.0299446,0.00998154,0.0299446,0.00998154
13,2294.19,2.47461,1.7297,1.24411,1.98693,1.18647,1.09451,4.52831,3.7843,0.11138,0.00113,0.63151,0.428199,0.306652,0.306055,0.138585,nan,nan,nan,nan,nan,nan,nan,nan,nan,nan,nan,0.0299341,0.00997803,0.0299341,0.00997803,0.0299341,0.00997803,0.0299341,0.00997803
14,2471.14,2.44193,1.70805,1.23408,1.96788,1.15886,1.08601,4.39822,3.65691,0.1244,0.00117,0.61573,0.44508,0.35432,0.341463,0.15313,nan,nan,nan,nan,nan,nan,nan,nan,nan,nan,nan,0.0299227,0.00997422,0.0299227,0.00997422,0.0299227,0.00997422,0.0299227,0.00997422
15,2648.27,2.42441,1.66876,1.22375,1.95154,1.15129,1.07566,4.38557,3.63081,0.11848,0.00113,0.63515,0.424933,0.35049,0.326497,0.149197,nan,nan,nan,nan,nan,nan,nan,nan,nan,nan,nan,0.0299103,0.00997011,0.0299103,0.00997011,0.0299103,0.00997011,0.0299103,0.00997011
16,2826.51,2.41286,1.64071,1.2142,1.93704,1.12969,1.06989,4.21672,3.45226,0.14032,0.00118,0.62296,0.395075,0.345483,0.319984,0.150502,nan,nan,nan,nan,nan,nan,nan,nan,nan,nan,nan,0.0298971,0.00996569,0.0298971,0.00996569,0.0298971,0.00996569,0.0298971,0.00996569
17,3006.25,2.39546,1.63519,1.21883,1.92506,1.11061,1.07051,4.34916,3.6082,0.12076,0.00112,0.61907,0.467512,0.365791,0.366226,0.162532,nan,nan,nan,nan,nan,nan,nan,nan,nan,nan,nan,0.0298829,0.00996097,0.0298829,0.00996097,0.0298829,0.00996097,0.0298829,0.00996097
18,3186.73,2.37169,1.60504,1.2085,1.89689,1.08921,1.06227,4.17317,3.4628,0.11954,0.00116,0.58967,0.429144,0.370081,0.359122,0.167627,nan,nan,nan,nan,nan,nan,nan,nan,nan,nan,nan,0.0298678,0.00995594,0.0298678,0.00995594,0.0298678,0.00995594,0.0298678,0.00995594
19,3366.14,2.35753,1.59095,1.20396,1.89785,1.08433,1.05953,4.08653,3.37798,0.12408,0.00107,0.5834,0.456324,0.398826,0.37411,0.171097,nan,nan,nan,nan,nan,nan,nan,nan,nan,nan,nan,0.0298519,0.00995062,0.0298519,0.00995062,0.0298519,0.00995062,0.0298519,0.00995062
20,3546.66,2.3501,1.57471,1.1968,1.87819,1.0685,1.05311,4.42332,3.71196,0.12097,0.00117,0.58921,0.431548,0.357628,0.353164,0.165068,nan,nan,nan,nan,nan,nan,nan,nan,nan,nan,nan,0.029835,0.00994499,0.029835,0.00994499,0.029835,0.00994499,0.029835,0.00994499
21,3725.49,2.33844,1.56344,1.1904,1.86874,1.05899,1.04759,4.06935,3.35267,0.1322,0.00129,0.5832,0.500833,0.391227,0.397441,0.184971,nan,nan,nan,nan,nan,nan,nan,nan,nan,nan,nan,0.0298172,0.00993906,0.0298172,0.00993906,0.0298172,0.00993906,0.0298172,0.00993906
22,3890.73,2.32666,1.53886,1.18431,1.85931,1.03771,1.0449,3.9948,3.24489,0.12134,0.00117,0.6274,0.473085,0.404937,0.395917,0.191736,nan,nan,nan,nan,nan,nan,nan,nan,nan,nan,nan,0.0297985,0.00993282,0.0297985,0.00993282,0.0297985,0.00993282,0.0297985,0.00993282
23,4053.15,2.30812,1.50266,1.17631,1.84855,1.04335,1.03781,3.89819,3.18905,0.12323,0.00119,0.58473,0.481886,0.420666,0.416876,0.195313,nan,nan,nan,nan,nan,nan,nan,nan,nan,nan,nan,0.0297789,0.00992629,0.0297789,0.00992629,0.0297789,0.00992629,0.0297789,0.00992629
24,4216.14,2.28818,1.4946,1.17053,1.84306,1.02469,1.03525,3.89557,3.16798,0.11988,0.00121,0.6065,0.484286,0.425722,0.421116,0.202269,nan,nan,nan,nan,nan,nan,nan,nan,nan,nan,nan,0.0297584,0.00991946,0.0297584,0.00991946,0.0297584,0.00991946,0.0297584,0.00991946
25,4380.19,2.27822,1.48906,1.17039,1.8303,1.01892,1.03856,3.81287,3.11485,0.11341,0.00114,0.58348,0.499467,0.428155,0.428717,0.20354,nan,nan,nan,nan,nan,nan,nan,nan,nan,nan,nan,0.029737,0.00991232,0.029737,0.00991232,0.029737,0.00991232,0.029737,0.00991232
26,4543.95,2.26626,1.46643,1.15951,1.82567,1.0139,1.02862,3.79943,3.13401,0.11188,0.00119,0.55236,0.506141,0.437646,0.441952,0.216774,nan,nan,nan,nan,nan,nan,nan,nan,nan,nan,nan,0.0297147,0.00990489,0.0297147,0.00990489,0.0297147,0.00990489,0.0297147,0.00990489
27,4707.43,2.25531,1.45451,1.16091,1.80977,0.99884,1.02472,3.87233,3.18853,0.11285,0.00125,0.56971,0.538749,0.438822,0.454628,0.226022,nan,nan,nan,nan,nan,nan,nan,nan,nan,nan,nan,0.0296915,0.00989715,0.0296915,0.00989715,0.0296915,0.00989715,0.0296915,0.00989715
28,4872.28,2.23749,1.42809,1.15049,1.79264,0.9818,1.02005,3.60824,2.93114,0.11413,0.00131,0.56166,0.471628,0.470141,0.453781,0.225511,nan,nan,nan,nan,nan,nan,nan,nan,nan,nan,nan,0.0296674,0.00988912,0.0296674,0.00988912,0.0296674,0.00988912,0.0296674,0.00988912
29,5037.32,2.2322,1.4274,1.15277,1.78783,0.98009,1.01914,3.52564,2.8649,0.11093,0.0013,0.54851,0.498917,0.460556,0.461665,0.230262,nan,nan,nan,nan,nan,nan,nan,nan,nan,nan,nan,0.0296424,0.00988079,0.0296424,0.00988079,0.0296424,0.00988079,0.0296424,0.00988079
30,5202,2.23237,1.42425,1.1497,1.78663,0.97673,1.01649,3.71895,3.03467,0.11121,0.00127,0.57181,0.52179,0.466977,0.471214,0.235287,nan,nan,nan,nan,nan,nan,nan,nan,nan,nan,nan,0.0296165,0.00987216,0.0296165,0.00987216,0.0296165,0.00987216,0.0296165,0.00987216
31,5366.39,2.2266,1.409,1.14016,1.78319,0.96459,1.01076,3.5632,2.88273,0.11398,0.00114,0.56535,0.527028,0.468606,0.477609,0.239659,nan,nan,nan,nan,nan,nan,nan,nan,nan,nan,nan,0.0295897,0.00986323,0.0295897,0.00986323,0.0295897,0.00986323,0.0295897,0.00986323
32,5531.86,2.20089,1.38628,1.13881,1.76371,0.95332,1.00977,3.61571,2.92957,0.10872,0.00117,0.57625,0.506019,0.46984,0.475524,0.242752,nan,nan,nan,nan,nan,nan,nan,nan,nan,nan,nan,0.029562,0.00985401,0.029562,0.00985401,0.029562,0.00985401,0.029562,0.00985401
33,5696.99,2.19409,1.38277,1.13749,1.77016,0.9625,1.01047,3.62744,2.94445,0.11366,0.00129,0.56805,0.514894,0.479442,0.484187,0.247208,nan,nan,nan,nan,nan,nan,nan,nan,nan,nan,nan,0.0295335,0.00984449,0.0295335,0.00984449,0.0295335,0.00984449,0.0295335,0.00984449
34,5862.07,2.18248,1.36359,1.13432,1.76452,0.94752,1.01079,3.49237,2.81566,0.10783,0.00134,0.56755,0.51754,0.487641,0.487489,0.256069,nan,nan,nan,nan,nan,nan,nan,nan,nan,nan,nan,0.029504,0.00983467,0.029504,0.00983467,0.029504,0.00983467,0.029504,0.00983467
35,6025.77,2.16765,1.35525,1.12789,1.75013,0.94094,1.0007,3.52311,2.84567,0.11394,0.00137,0.56214,0.54143,0.490363,0.499052,0.264225,nan,nan,nan,nan,nan,nan,nan,nan,nan,nan,nan,0.0294737,0.00982456,0.0294737,0.00982456,0.0294737,0.00982456,0.0294737,0.00982456
36,6188.27,2.16313,1.34238,1.12158,1.74732,0.93903,0.99923,3.43731,2.77858,0.10906,0.00134,0.54833,0.538096,0.505974,0.504814,0.263033,nan,nan,nan,nan,nan,nan,nan,nan,nan,nan,nan,0.0294425,0.00981415,0.0294425,0.00981415,0.0294425,0.00981415,0.0294425,0.00981415
37,6353.12,2.15382,1.32261,1.11785,1.74155,0.93093,0.99566,3.56044,2.84446,0.11,0.00143,0.60455,0.54525,0.50552,0.506849,0.269691,nan,nan,nan,nan,nan,nan,nan,nan,nan,nan,nan,0.0294104,0.00980345,0.0294104,0.00980345,0.0294104,0.00980345,0.0294104,0.00980345
38,6516.88,2.14236,1.31905,1.11496,1.73245,0.92044,0.99663,3.56268,2.85721,0.11458,0.00145,0.58944,0.547942,0.509512,0.509854,0.271119,nan,nan,nan,nan,nan,nan,nan,nan,nan,nan,nan,0.0293774,0.00979246,0.0293774,0.00979246,0.0293774,0.00979246,0.0293774,0.00979246
39,6680.26,2.12789,1.30861,1.11464,1.71883,0.91376,0.99452,3.55482,2.84191,0.11513,0.00141,0.59637,0.562067,0.516369,0.521587,0.275665,nan,nan,nan,nan,nan,nan,nan,nan,nan,nan,nan,0.0293435,0.00978118,0.0293435,0.00978118,0.0293435,0.00978118,0.0293435,0.00978118
40,6844.13,2.12401,1.29747,1.10713,1.72193,0.91005,0.98933,3.42373,2.7317,0.11706,0.00141,0.57356,0.547735,0.520449,0.524555,0.280915,nan,nan,nan,nan,nan,nan,nan,nan,nan,nan,nan,0.0293088,0.0097696,0.0293088,0.0097696,0.0293088,0.0097696,0.0293088,0.0097696
41,7009.33,2.11415,1.28914,1.10531,1.71191,0.9127,0.99318,3.4785,2.76354,0.10972,0.00138,0.60385,0.566012,0.525648,0.526527,0.281846,nan,nan,nan,nan,nan,nan,nan,nan,nan,nan,nan,0.0292732,0.00975773,0.0292732,0.00975773,0.0292732,0.00975773,0.0292732,0.00975773
42,7173.85,2.12262,1.29362,1.10398,1.72065,0.90705,0.98907,3.4289,2.71397,0.11593,0.00141,0.59759,0.563564,0.531008,0.531697,0.285198,nan,nan,nan,nan,nan,nan,nan,nan,nan,nan,nan,0.0292367,0.00974557,0.0292367,0.00974557,0.0292367,0.00974557,0.0292367,0.00974557
43,7339.31,2.10482,1.2763,1.09948,1.71798,0.90209,0.99102,3.3488,2.64408,0.11853,0.00154,0.58464,0.556115,0.528299,0.531344,0.286894,nan,nan,nan,nan,nan,nan,nan,nan,nan,nan,nan,0.0291994,0.00973312,0.0291994,0.00973312,0.0291994,0.00973312,0.0291994,0.00973312
44,7503.65,2.0869,1.25593,1.09436,1.69829,0.89182,0.98417,3.29563,2.59104,0.11118,0.00141,0.592,0.569743,0.533907,0.538158,0.29245,nan,nan,nan,nan,nan,nan,nan,nan,nan,nan,nan,0.0291612,0.00972039,0.0291612,0.00972039,0.0291612,0.00972039,0.0291612,0.00972039
45,7667.16,2.10411,1.27132,1.10034,1.70443,0.89067,0.98344,3.40913,2.70297,0.11458,0.00149,0.59009,0.572823,0.530325,0.537831,0.29112,nan,nan,nan,nan,nan,nan,nan,nan,nan,nan,nan,0.0291221,0.00970736,0.0291221,0.00970736,0.0291221,0.00970736,0.0291221,0.00970736
46,7832.17,2.08321,1.2541,1.09078,1.69841,0.88483,0.98327,3.39888,2.69261,0.11874,0.00149,0.58604,0.571955,0.527985,0.541966,0.296345,nan,nan,nan,nan,nan,nan,nan,nan,nan,nan,nan,0.0290821,0.00969405,0.0290821,0.00969405,0.0290821,0.00969405,0.0290821,0.00969405
47,7996.9,2.06015,1.24043,1.08538,1.68505,0.883,0.98134,3.34078,2.64463,0.12227,0.00148,0.57241,0.564642,0.544328,0.551084,0.304129,nan,nan,nan,nan,nan,nan,nan,nan,nan,nan,nan,0.0290413,0.00968045,0.0290413,0.00968045,0.0290413,0.00968045,0.0290413,0.00968045
48,8161.4,2.06435,1.24103,1.08641,1.68005,0.87867,0.97959,3.44014,2.73933,0.12908,0.00141,0.57033,0.559988,0.545964,0.548969,0.302886,nan,nan,nan,nan,nan,nan,nan,nan,nan,nan,nan,0.0289997,0.00966656,0.0289997,0.00966656,0.0289997,0.00966656,0.0289997,0.00966656
49,8325.65,2.05643,1.22858,1.08271,1.68456,0.88034,0.97906,3.28452,2.59788,0.12025,0.00148,0.56491,0.575016,0.540373,0.553707,0.305825,nan,nan,nan,nan,nan,nan,nan,nan,nan,nan,nan,0.0289572,0.00965239,0.0289572,0.00965239,0.0289572,0.00965239,0.0289572,0.00965239
50,8490.27,2.03725,1.22203,1.07653,1.67052,0.87,0.97514,3.26646,2.57968,0.11765,0.00151,0.56762,0.577228,0.5441,0.555925,0.307602,nan,nan,nan,nan,nan,nan,nan,nan,nan,nan,nan,0.0289138,0.00963794,0.0289138,0.00963794,0.0289138,0.00963794,0.0289138,0.00963794
51,8655.56,2.0417,1.21604,1.08054,1.66738,0.86685,0.98117,3.21706,2.55131,0.11708,0.00157,0.54711,0.59113,0.542567,0.562847,0.310792,nan,nan,nan,nan,nan,nan,nan,nan,nan,nan,nan,0.0288696,0.0096232,0.0288696,0.0096232,0.0288696,0.0096232,0.0288696,0.0096232
52,8821.69,2.03881,1.21218,1.07662,1.67092,0.87247,0.9736,3.24258,2.56497,0.11116,0.00148,0.56497,0.591496,0.548449,0.56536,0.31457,nan,nan,nan,nan,nan,nan,nan,nan,nan,nan,nan,0.0288246,0.00960819,0.0288246,0.00960819,0.0288246,0.00960819,0.0288246,0.00960819
53,8988.2,2.02602,1.19464,1.07314,1.65166,0.85894,0.97135,3.18604,2.49584,0.1168,0.00144,0.57196,0.595678,0.548315,0.565689,0.319011,nan,nan,nan,nan,nan,nan,nan,nan,nan,nan,nan,0.0287787,0.00959289,0.0287787,0.00959289,0.0287787,0.00959289,0.0287787,0.00959289
54,9155.47,2.02077,1.19786,1.0737,1.65667,0.8563,0.97171,3.18369,2.51544,0.11447,0.00157,0.55222,0.589405,0.550427,0.566922,0.320799,nan,nan,nan,nan,nan,nan,nan,nan,nan,nan,nan,0.0287319,0.00957731,0.0287319,0.00957731,0.0287319,0.00957731,0.0287319,0.00957731
55,9321.52,2.02037,1.19299,1.06995,1.65579,0.85853,0.97053,3.07831,2.41545,0.11992,0.00148,0.54146,0.606694,0.551734,0.570467,0.322266,nan,nan,nan,nan,nan,nan,nan,nan,nan,nan,nan,0.0286843,0.00956145,0.0286843,0.00956145,0.0286843,0.00956145,0.0286843,0.00956145
56,9490.36,2.00656,1.18364,1.06815,1.64513,0.84794,0.96697,3.26199,2.56481,0.11897,0.00157,0.57664,0.61063,0.547908,0.572669,0.323622,nan,nan,nan,nan,nan,nan,nan,nan,nan,nan,nan,0.0286359,0.00954531,0.0286359,0.00954531,0.0286359,0.00954531,0.0286359,0.00954531
57,9654.3,1.99669,1.18111,1.06312,1.64534,0.85096,0.96686,3.19793,2.52009,0.11775,0.00158,0.55851,0.609281,0.558437,0.575642,0.325946,nan,nan,nan,nan,nan,nan,nan,nan,nan,nan,nan,0.0285867,0.00952889,0.0285867,0.00952889,0.0285867,0.00952889,0.0285867,0.00952889
58,9821.08,1.99326,1.17081,1.06248,1.6323,0.84054,0.96505,3.14536,2.46022,0.10981,0.00148,0.57386,0.613053,0.558368,0.577505,0.328711,nan,nan,nan,nan,nan,nan,nan,nan,nan,nan,nan,0.0285366,0.0095122,0.0285366,0.0095122,0.0285366,0.0095122,0.0285366,0.0095122
59,9988.6,1.98675,1.17276,1.06308,1.63026,0.84541,0.96155,3.13488,2.45702,0.11282,0.00151,0.56353,0.60963,0.560531,0.577958,0.329347,nan,nan,nan,nan,nan,nan,nan,nan,nan,nan,nan,0.0284857,0.00949524,0.0284857,0.00949524,0.0284857,0.00949524,0.0284857,0.00949524
60,10156.6,1.9785,1.16496,1.0568,1.63067,0.84,0.96171,3.15411,2.47554,0.11684,0.00151,0.56022,0.607106,0.559223,0.579417,0.331332,nan,nan,nan,nan,nan,nan,nan,nan,nan,nan,nan,0.028434,0.009478,0.028434,0.009478,0.028434,0.009478,0.028434,0.009478
61,10324.6,1.97572,1.14937,1.05506,1.6298,0.83169,0.96342,3.13016,2.46483,0.11612,0.0015,0.54771,0.607674,0.563545,0.581578,0.333677,nan,nan,nan,nan,nan,nan,nan,nan,nan,nan,nan,0.0283814,0.00946048,0.0283814,0.00946048,0.0283814,0.00946048,0.0283814,0.00946048
62,10489.8,1.96799,1.14549,1.05553,1.63147,0.83402,0.96279,3.09729,2.40528,0.11137,0.00158,0.57907,0.609578,0.56415,0.581683,0.333754,nan,nan,nan,nan,nan,nan,nan,nan,nan,nan,nan,0.0283281,0.0094427,0.0283281,0.0094427,0.0283281,0.0094427,0.0283281,0.0094427
63,10654.6,1.96622,1.14871,1.05184,1.63146,0.83614,0.9591,3.21345,2.49298,0.11743,0.00165,0.60139,0.613265,0.565601,0.585133,0.336312,nan,nan,nan,nan,nan,nan,nan,nan,nan,nan,nan,0.0282739,0.00942464,0.0282739,0.00942464,0.0282739,0.00942464,0.0282739,0.00942464
64,10820.1,1.96164,1.14725,1.04725,1.62396,0.833,0.95734,3.12343,2.42118,0.10961,0.00155,0.59109,0.61412,0.56788,0.586662,0.338528,nan,nan,nan,nan,nan,nan,nan,nan,nan,nan,nan,0.0282189,0.00940631,0.0282189,0.00940631,0.0282189,0.00940631,0.0282189,0.00940631
65,10985.5,1.94718,1.12706,1.04448,1.61075,0.82226,0.95639,3.02491,2.35294,0.11068,0.00153,0.55976,0.613669,0.570314,0.588415,0.340054,nan,nan,nan,nan,nan,nan,nan,nan,nan,nan,nan,0.0281632,0.00938772,0.0281632,0.00938772,0.0281632,0.00938772,0.0281632,0.00938772
66,11151.8,1.95748,1.13938,1.04893,1.61202,0.82536,0.9558,3.0471,2.37061,0.11777,0.00158,0.55713,0.613484,0.573163,0.589629,0.340581,nan,nan,nan,nan,nan,nan,nan,nan,nan,nan,nan,0.0281066,0.00936886,0.0281066,0.00936886,0.0281066,0.00936886,0.0281066,0.00936886
67,11318.5,1.94983,1.1325,1.04826,1.61842,0.82743,0.96022,3.0429,2.35144,0.11891,0.00155,0.571,0.614964,0.576067,0.591748,0.341241,nan,nan,nan,nan,nan,nan,nan,nan,nan,nan,nan,0.0280492,0.00934973,0.0280492,0.00934973,0.0280492,0.00934973,0.0280492,0.00934973
68,11486.4,1.93992,1.12711,1.0429,1.605,0.82289,0.95684,3.07884,2.36511,0.12335,0.00141,0.58897,0.618234,0.579469,0.593625,0.342986,nan,nan,nan,nan,nan,nan,nan,nan,nan,nan,nan,0.027991,0.00933033,0.027991,0.00933033,0.027991,0.00933033,0.027991,0.00933033
69,11657.5,1.93977,1.1182,1.03807,1.61316,0.81872,0.95288,3.01955,2.32695,0.11956,0.00161,0.57143,0.619369,0.579842,0.594059,0.344459,nan,nan,nan,nan,nan,nan,nan,nan,nan,nan,nan,0.027932,0.00931067,0.027932,0.00931067,0.027932,0.00931067,0.027932,0.00931067
70,11826.6,1.935,1.11814,1.04458,1.60888,0.82101,0.95647,3.11353,2.40297,0.11913,0.00144,0.58998,0.615914,0.582613,0.595642,0.346611,nan,nan,nan,nan,nan,nan,nan,nan,nan,nan,nan,0.0278723,0.00929075,0.0278723,0.00929075,0.0278723,0.00929075,0.0278723,0.00929075
71,11994.5,1.92778,1.11099,1.03922,1.595,0.81509,0.95184,3.07737,2.39124,0.11559,0.00163,0.5689,0.612805,0.585057,0.595856,0.347633,nan,nan,nan,nan,nan,nan,nan,nan,nan,nan,nan,0.0278117,0.00927057,0.0278117,0.00927057,0.0278117,0.00927057,0.0278117,0.00927057
72,12162.4,1.91889,1.10218,1.03768,1.59041,0.80774,0.94941,3.05079,2.35793,0.11538,0.0016,0.57589,0.61749,0.584389,0.596542,0.348493,nan,nan,nan,nan,nan,nan,nan,nan,nan,nan,nan,0.0277504,0.00925013,0.0277504,0.00925013,0.0277504,0.00925013,0.0277504,0.00925013
73,12331.3,1.92222,1.09842,1.03415,1.59757,0.81471,0.94959,3.08654,2.38373,0.11895,0.00149,0.58237,0.619098,0.585897,0.597299,0.349444,nan,nan,nan,nan,nan,nan,nan,nan,nan,nan,nan,0.0276883,0.00922942,0.0276883,0.00922942,0.0276883,0.00922942,0.0276883,0.00922942
74,12501.7,1.91905,1.10274,1.03474,1.58325,0.80227,0.94745,3.07112,2.35826,0.11841,0.00159,0.59285,0.619579,0.587901,0.597817,0.350033,nan,nan,nan,nan,nan,nan,nan,nan,nan,nan,nan,0.0276254,0.00920846,0.0276254,0.00920846,0.0276254,0.00920846,0.0276254,0.00920846
75,12671.8,1.90716,1.09398,1.03043,1.59345,0.80519,0.94803,3.02368,2.32872,0.11896,0.00148,0.57452,0.618692,0.591333,0.599312,0.351528,nan,nan,nan,nan,nan,nan,nan,nan,nan,nan,nan,0.0275617,0.00918725,0.0275617,0.00918725,0.0275617,0.00918725,0.0275617,0.00918725
76,12842.5,1.90289,1.09179,1.02692,1.58262,0.80152,0.9423,3.13109,2.41707,0.11406,0.00153,0.59842,0.620047,0.593718,0.600654,0.352294,nan,nan,nan,nan,nan,nan,nan,nan,nan,nan,nan,0.0274973,0.00916577,0.0274973,0.00916577,0.0274973,0.00916577,0.0274973,0.00916577
77,13011.6,1.89741,1.08772,1.02883,1.58707,0.8027,0.94874,2.96229,2.27716,0.11398,0.00155,0.56962,0.620048,0.593805,0.601436,0.352424,nan,nan,nan,nan,nan,nan,nan,nan,nan,nan,nan,0.0274321,0.00914405,0.0274321,0.00914405,0.0274321,0.00914405,0.0274321,0.00914405
78,13180.7,1.88538,1.07927,1.02552,1.57357,0.79524,0.94265,2.93215,2.23253,0.11924,0.00158,0.5788,0.624981,0.591962,0.603005,0.353409,nan,nan,nan,nan,nan,nan,nan,nan,nan,nan,nan,0.0273662,0.00912207,0.0273662,0.00912207,0.0273662,0.00912207,0.0273662,0.00912207
79,13347.2,1.88803,1.07906,1.02506,1.57603,0.79693,0.94419,2.922,2.25305,0.11525,0.00162,0.55208,0.628465,0.592901,0.604752,0.354663,nan,nan,nan,nan,nan,nan,nan,nan,nan,nan,nan,0.0272995,0.00909984,0.0272995,0.00909984,0.0272995,0.00909984,0.0272995,0.00909984
80,13512.1,1.88949,1.0703,1.02268,1.58324,0.79894,0.94463,3.04535,2.36205,0.11508,0.00163,0.56658,0.629838,0.594082,0.605626,0.355723,nan,nan,nan,nan,nan,nan,nan,nan,nan,nan,nan,0.0272321,0.00907736,0.0272321,0.00907736,0.0272321,0.00907736,0.0272321,0.00907736
81,13679.5,1.87165,1.0635,1.02236,1.56956,0.79092,0.94516,2.97164,2.29415,0.12157,0.00156,0.55435,0.628252,0.59551,0.606085,0.35661,nan,nan,nan,nan,nan,nan,nan,nan,nan,nan,nan,0.0271639,0.00905463,0.0271639,0.00905463,0.0271639,0.00905463,0.0271639,0.00905463
82,13845.5,1.86014,1.05764,1.01991,1.55783,0.78845,0.94031,2.93264,2.24572,0.11878,0.00159,0.56656,0.629549,0.596058,0.606749,0.357284,nan,nan,nan,nan,nan,nan,nan,nan,nan,nan,nan,0.027095,0.00903166,0.027095,0.00903166,0.027095,0.00903166,0.027095,0.00903166
83,14011.7,1.87077,1.06101,1.02209,1.56181,0.79134,0.94491,3.00734,2.30928,0.11815,0.00156,0.57835,0.628698,0.59677,0.607617,0.358171,nan,nan,nan,nan,nan,nan,nan,nan,nan,nan,nan,0.0270253,0.00900844,0.0270253,0.00900844,0.0270253,0.00900844,0.0270253,0.00900844
84,14178.4,1.87065,1.06421,1.0228,1.56315,0.78802,0.93986,2.95494,2.27445,0.11673,0.00152,0.56223,0.630062,0.596903,0.608633,0.358958,nan,nan,nan,nan,nan,nan,nan,nan,nan,nan,nan,0.0269549,0.00898497,0.0269549,0.00898497,0.0269549,0.00898497,0.0269549,0.00898497
85,14345.5,1.86919,1.0567,1.01717,1.55923,0.78314,0.93932,2.81306,2.16746,0.11613,0.00161,0.52786,0.630976,0.598096,0.609104,0.359817,nan,nan,nan,nan,nan,nan,nan,nan,nan,nan,nan,0.0268838,0.00896127,0.0268838,0.00896127,0.0268838,0.00896127,0.0268838,0.00896127
86,14514.6,1.86076,1.05378,1.01543,1.56133,0.78979,0.93817,2.89926,2.25254,0.12023,0.00157,0.52493,0.631994,0.599036,0.610291,0.360688,nan,nan,nan,nan,nan,nan,nan,nan,nan,nan,nan,0.026812,0.00893732,0.026812,0.00893732,0.026812,0.00893732,0.026812,0.00893732
87,14682.2,1.85772,1.05254,1.0138,1.56983,0.78628,0.93874,2.86888,2.20372,0.11614,0.00151,0.5475,0.634573,0.598558,0.612382,0.3615,nan,nan,nan,nan,nan,nan,nan,nan,nan,nan,nan,0.0267394,0.00891313,0.0267394,0.00891313,0.0267394,0.00891313,0.0267394,0.00891313
88,14852,1.85492,1.053,1.01851,1.56145,0.78678,0.94629,2.87197,2.21066,0.11783,0.00151,0.54197,0.637216,0.599042,0.613504,0.362038,nan,nan,nan,nan,nan,nan,nan,nan,nan,nan,nan,0.0266661,0.0088887,0.0266661,0.0088887,0.0266661,0.0088887,0.0266661,0.0088887
89,15020.8,1.84362,1.04297,1.01134,1.5485,0.78115,0.93543,2.81956,2.14523,0.11922,0.0016,0.55351,0.6384,0.599227,0.614117,0.363278,nan,nan,nan,nan,nan,nan,nan,nan,nan,nan,nan,0.0265921,0.00886404,0.0265921,0.00886404,0.0265921,0.00886404,0.0265921,0.00886404
90,15189.5,1.84313,1.03819,1.01584,1.55139,0.77716,0.93986,2.81043,2.15206,0.12076,0.00151,0.5361,0.640484,0.599998,0.61471,0.364047,nan,nan,nan,nan,nan,nan,nan,nan,nan,nan,nan,0.0265174,0.00883914,0.0265174,0.00883914,0.0265174,0.00883914,0.0265174,0.00883914
91,15359.4,1.83603,1.03153,1.00748,1.55036,0.77678,0.93628,2.87718,2.20589,0.12151,0.0017,0.54808,0.639726,0.602157,0.615375,0.364638,nan,nan,nan,nan,nan,nan,nan,nan,nan,nan,nan,0.026442,0.00881401,0.026442,0.00881401,0.026442,0.00881401,0.026442,0.00881401
92,15526.9,1.83534,1.03919,1.00783,1.54075,0.76948,0.93399,2.95803,2.27274,0.118,0.00155,0.56574,0.638458,0.603038,0.615939,0.365086,nan,nan,nan,nan,nan,nan,nan,nan,nan,nan,nan,0.0263659,0.00878864,0.0263659,0.00878864,0.0263659,0.00878864,0.0263659,0.00878864
93,15694.5,1.82965,1.03517,1.00713,1.5402,0.77526,0.9338,2.8251,2.16332,0.11315,0.00153,0.54709,0.640349,0.60266,0.616022,0.365217,nan,nan,nan,nan,nan,nan,nan,nan,nan,nan,nan,0.0262891,0.00876305,0.0262891,0.00876305,0.0262891,0.00876305,0.0262891,0.00876305
94,15860.7,1.83757,1.03108,1.00933,1.53726,0.76964,0.93095,2.84155,2.18933,0.11865,0.00153,0.53204,0.640861,0.603701,0.616585,0.365929,nan,nan,nan,nan,nan,nan,nan,nan,nan,nan,nan,0.0262117,0.00873723,0.0262117,0.00873723,0.0262117,0.00873723,0.0262117,0.00873723
95,16028,1.81912,1.0212,1.00469,1.54095,0.77249,0.93203,2.81185,2.14137,0.12366,0.00149,0.54533,0.640664,0.604643,0.616681,0.366166,nan,nan,nan,nan,nan,nan,nan,nan,nan,nan,nan,0.0261335,0.00871117,0.0261335,0.00871117,0.0261335,0.00871117,0.0261335,0.00871117
96,16193.4,1.8168,1.01986,1.00439,1.53538,0.76604,0.93336,2.81957,2.15727,0.11654,0.00146,0.5443,0.643462,0.604145,0.616788,0.366698,nan,nan,nan,nan,nan,nan,nan,nan,nan,nan,nan,0.0260547,0.0086849,0.0260547,0.0086849,0.0260547,0.0086849,0.0260547,0.0086849
97,16358.4,1.80931,1.01667,1.00323,1.53132,0.76666,0.93217,2.98848,2.30058,0.11345,0.00146,0.57298,0.642055,0.606287,0.617546,0.367001,nan,nan,nan,nan,nan,nan,nan,nan,nan,nan,nan,0.0259752,0.00865839,0.0259752,0.00865839,0.0259752,0.00865839,0.0259752,0.00865839
98,16522.9,1.8073,1.01055,0.99845,1.53821,0.76879,0.93114,2.7969,2.14052,0.11279,0.00148,0.54211,0.641964,0.608,0.617929,0.368063,nan,nan,nan,nan,nan,nan,nan,nan,nan,nan,nan,0.025895,0.00863167,0.025895,0.00863167,0.025895,0.00863167,0.025895,0.00863167
99,16687,1.81045,1.00992,1.00012,1.52369,0.75851,0.92804,2.85882,2.18753,0.11475,0.00146,0.55507,0.644283,0.607757,0.618984,0.368664,nan,nan,nan,nan,nan,nan,nan,nan,nan,nan,nan,0.0258142,0.00860473,0.0258142,0.00860473,0.0258142,0.00860473,0.0258142,0.00860473
100,16851.5,1.80232,1.00582,0.99961,1.52878,0.7639,0.93129,2.83127,2.15236,0.11332,0.00147,0.56413,0.644956,0.608227,0.619807,0.369415,nan,nan,nan,nan,nan,nan,nan,nan,nan,nan,nan,0.0257327,0.00857756,0.0257327,0.00857756,0.0257327,0.00857756,0.0257327,0.00857756
101,17016.5,1.80305,1.0098,0.99988,1.52045,0.75917,0.92894,2.77109,2.10067,0.11283,0.0015,0.5561,0.645014,0.607921,0.620362,0.369977,nan,nan,nan,nan,nan,nan,nan,nan,nan,nan,nan,0.0256505,0.00855018,0.0256505,0.00855018,0.0256505,0.00855018,0.0256505,0.00855018
102,17183.1,1.80412,1.00715,0.99988,1.52543,0.76255,0.92962,2.79613,2.10249,0.11513,0.00153,0.57697,0.648501,0.608163,0.621918,0.370804,nan,nan,nan,nan,nan,nan,nan,nan,nan,nan,nan,0.0255677,0.00852258,0.0255677,0.00852258,0.0255677,0.00852258,0.0255677,0.00852258
103,17348.9,1.78684,0.99896,0.99535,1.52145,0.75698,0.92794,2.80908,2.10875,0.115,0.00164,0.58369,0.647116,0.609681,0.621529,0.371305,nan,nan,nan,nan,nan,nan,nan,nan,nan,nan,nan,0.0254843,0.00849477,0.0254843,0.00849477,0.0254843,0.00849477,0.0254843,0.00849477
104,17514.1,1.7886,0.99844,0.99514,1.51997,0.75538,0.92523,2.80829,2.12326,0.11199,0.00156,0.57147,0.645741,0.610959,0.621995,0.3718,nan,nan,nan,nan,nan,nan,nan,nan,nan,nan,nan,0.0254002,0.00846674,0.0254002,0.00846674,0.0254002,0.00846674,0.0254002,0.00846674
105,17679.5,1.79837,0.9982,0.99381,1.51267,0.75188,0.92399,2.83899,2.1672,0.11252,0.0015,0.55778,0.649186,0.610741,0.622912,0.372665,nan,nan,nan,nan,nan,nan,nan,nan,nan,nan,nan,0.0253155,0.00843851,0.0253155,0.00843851,0.0253155,0.00843851,0.0253155,0.00843851
106,17847.7,1.78553,0.99409,0.99478,1.51891,0.75729,0.92889,2.81995,2.13882,0.11462,0.0015,0.565,0.650834,0.609361,0.623491,0.373007,nan,nan,nan,nan,nan,nan,nan,nan,nan,nan,nan,0.0252302,0.00841006,0.0252302,0.00841006,0.0252302,0.00841006,0.0252302,0.00841006
107,18015.8,1.78869,0.99717,0.99695,1.51157,0.75485,0.9245,2.80025,2.14869,0.11867,0.00158,0.53132,0.652927,0.608969,0.624568,0.373614,nan,nan,nan,nan,nan,nan,nan,nan,nan,nan,nan,0.0251442,0.00838141,0.0251442,0.00838141,0.0251442,0.00838141,0.0251442,0.00838141
108,18182.5,1.7907,0.98947,0.99219,1.51511,0.75864,0.92484,2.71534,2.07759,0.11187,0.00158,0.52431,0.655159,0.609611,0.625012,0.373598,nan,nan,nan,nan,nan,nan,nan,nan,nan,nan,nan,0.0250577,0.00835255,0.0250577,0.00835255,0.0250577,0.00835255,0.0250577,0.00835255
109,18349.9,1.76608,0.98315,0.99111,1.50453,0.74915,0.92646,2.81776,2.16157,0.11526,0.00145,0.53948,0.657525,0.609367,0.625104,0.374123,nan,nan,nan,nan,nan,nan,nan,nan,nan,nan,nan,0.0249705,0.00832349,0.0249705,0.00832349,0.0249705,0.00832349,0.0249705,0.00832349
110,18517.9,1.77651,0.98495,0.98862,1.50666,0.74954,0.92351,2.75584,2.11445,0.11593,0.00175,0.52372,0.654973,0.609747,0.625956,0.374441,nan,nan,nan,nan,nan,nan,nan,nan,nan,nan,nan,0.0248827,0.00829423,0.0248827,0.00829423,0.0248827,0.00829423,0.0248827,0.00829423
111,18683.6,1.75448,0.97167,0.98316,1.50205,0.74873,0.92247,2.69325,2.03975,0.11676,0.00176,0.53498,0.656022,0.611642,0.626361,0.375016,nan,nan,nan,nan,nan,nan,nan,nan,nan,nan,nan,0.0247943,0.00826477,0.0247943,0.00826477,0.0247943,0.00826477,0.0247943,0.00826477
112,18847,1.76288,0.97768,0.99018,1.499,0.74733,0.92504,2.72895,2.06472,0.11343,0.00143,0.54937,0.657929,0.612316,0.626958,0.375544,nan,nan,nan,nan,nan,nan,nan,nan,nan,nan,nan,0.0247053,0.00823511,0.0247053,0.00823511,0.0247053,0.00823511,0.0247053,0.00823511
113,19009.6,1.76502,0.97157,0.98576,1.50267,0.74708,0.92359,2.72761,2.07022,0.11366,0.00152,0.54221,0.661201,0.612523,0.627892,0.376491,nan,nan,nan,nan,nan,nan,nan,nan,nan,nan,nan,0.0246157,0.00820525,0.0246157,0.00820525,0.0246157,0.00820525,0.0246157,0.00820525
114,19172.7,1.75496,0.9685,0.98346,1.49275,0.74314,0.92078,2.73081,2.06645,0.115,0.00157,0.54779,0.660369,0.613181,0.628649,0.377571,nan,nan,nan,nan,nan,nan,nan,nan,nan,nan,nan,0.0245256,0.0081752,0.0245256,0.0081752,0.0245256,0.0081752,0.0245256,0.0081752
115,19336.9,1.75423,0.96635,0.98255,1.48412,0.73972,0.92023,2.70543,2.0397,0.11194,0.00157,0.55222,0.658086,0.613904,0.628866,0.377915,nan,nan,nan,nan,nan,nan,nan,nan,nan,nan,nan,0.0244349,0.00814495,0.0244349,0.00814495,0.0244349,0.00814495,0.0244349,0.00814495
116,19500.5,1.74121,0.96409,0.98058,1.49203,0.73832,0.92011,2.67413,2.01576,0.11068,0.00151,0.54618,0.659462,0.614231,0.629511,0.378889,nan,nan,nan,nan,nan,nan,nan,nan,nan,nan,nan,0.0243435,0.00811452,0.0243435,0.00811452,0.0243435,0.00811452,0.0243435,0.00811452
117,19664.2,1.74667,0.96277,0.98182,1.49697,0.74281,0.92124,2.70118,2.04502,0.11998,0.00158,0.53461,0.659865,0.614734,0.629776,0.379699,nan,nan,nan,nan,nan,nan,nan,nan,nan,nan,nan,0.0242517,0.00808389,0.0242517,0.00808389,0.0242517,0.00808389,0.0242517,0.00808389
118,19827.5,1.74326,0.95598,0.98005,1.48679,0.73698,0.92026,2.73531,2.06584,0.11262,0.00144,0.5554,0.662167,0.614769,0.630629,0.38026,nan,nan,nan,nan,nan,nan,nan,nan,nan,nan,nan,0.0241592,0.00805308,0.0241592,0.00805308,0.0241592,0.00805308,0.0241592,0.00805308
119,19990.5,1.74169,0.9605,0.98198,1.48594,0.73633,0.92004,2.74299,2.08502,0.11222,0.00144,0.5443,0.662736,0.616323,0.631225,0.38101,nan,nan,nan,nan,nan,nan,nan,nan,nan,nan,nan,0.0240662,0.00802208,0.0240662,0.00802208,0.0240662,0.00802208,0.0240662,0.00802208
120,20155.5,1.74714,0.96267,0.97845,1.4828,0.73072,0.91581,2.68651,2.03585,0.11372,0.00142,0.53552,0.662836,0.61634,0.631244,0.381606,nan,nan,nan,nan,nan,nan,nan,nan,nan,nan,nan,0.0239727,0.0079909,0.0239727,0.0079909,0.0239727,0.0079909,0.0239727,0.0079909
121,20317.2,1.73759,0.95476,0.9792,1.47798,0.72788,0.91659,2.67279,2.02629,0.1082,0.00143,0.53687,0.66379,0.616755,0.63189,0.382529,nan,nan,nan,nan,nan,nan,nan,nan,nan,nan,nan,0.0238786,0.00795954,0.0238786,0.00795954,0.0238786,0.00795954,0.0238786,0.00795954
122,20479.1,1.73466,0.95382,0.97866,1.47199,0.72514,0.91508,2.63628,2.00009,0.11539,0.00145,0.51935,0.66445,0.617016,0.632054,0.383218,nan,nan,nan,nan,nan,nan,nan,nan,nan,nan,nan,0.023784,0.007928,0.023784,0.007928,0.023784,0.007928,0.023784,0.007928
123,20642.8,1.73596,0.95519,0.97559,1.47568,0.72923,0.91732,2.70911,2.05579,0.1135,0.00152,0.53831,0.664193,0.61645,0.632206,0.383572,nan,nan,nan,nan,nan,nan,nan,nan,nan,nan,nan,0.0236888,0.00789628,0.0236888,0.00789628,0.0236888,0.00789628,0.0236888,0.00789628
124,20806.4,1.72126,0.94742,0.9772,1.47476,0.73652,0.91583,2.72197,2.07477,0.12126,0.00155,0.5244,0.664511,0.616797,0.632602,0.383919,nan,nan,nan,nan,nan,nan,nan,nan,nan,nan,nan,0.0235931,0.00786438,0.0235931,0.00786438,0.0235931,0.00786438,0.0235931,0.00786438
125,20969.5,1.71431,0.93903,0.97213,1.47284,0.72712,0.913,2.67555,2.02601,0.11304,0.00144,0.53506,0.667329,0.61647,0.633349,0.384533,nan,nan,nan,nan,nan,nan,nan,nan,nan,nan,nan,0.0234969,0.00783231,0.0234969,0.00783231,0.0234969,0.00783231,0.0234969,0.00783231
126,21133.1,1.71672,0.93604,0.97281,1.46832,0.7259,0.91282,2.65422,2.00699,0.11282,0.00147,0.53294,0.669223,0.61615,0.634283,0.385494,nan,nan,nan,nan,nan,nan,nan,nan,nan,nan,nan,0.0234002,0.00780007,0.0234002,0.00780007,0.0234002,0.00780007,0.0234002,0.00780007
127,21297.9,1.71759,0.94187,0.97505,1.47416,0.73259,0.9178,2.79221,2.13232,0.10984,0.00153,0.54853,0.668781,0.615753,0.634689,0.386533,nan,nan,nan,nan,nan,nan,nan,nan,nan,nan,nan,0.023303,0.00776766,0.023303,0.00776766,0.023303,0.00776766,0.023303,0.00776766
128,21461,1.7222,0.94526,0.97638,1.46631,0.72301,0.91427,2.67362,2.01119,0.11564,0.00171,0.54506,0.669069,0.616564,0.635916,0.387197,nan,nan,nan,nan,nan,nan,nan,nan,nan,nan,nan,0.0232053,0.00773509,0.0232053,0.00773509,0.0232053,0.00773509,0.0232053,0.00773509
129,21624.2,1.72709,0.94389,0.97426,1.45939,0.71926,0.91027,2.73329,2.07284,0.11122,0.00161,0.54761,0.670795,0.617048,0.636995,0.387675,nan,nan,nan,nan,nan,nan,nan,nan,nan,nan,nan,0.023107,0.00770234,0.023107,0.00770234,0.023107,0.00770234,0.023107,0.00770234
130,21786.6,1.70907,0.93338,0.97206,1.46733,0.72603,0.91361,2.72212,2.02888,0.1181,0.00165,0.57349,0.672552,0.616865,0.637212,0.388651,nan,nan,nan,nan,nan,nan,nan,nan,nan,nan,nan,0.0230083,0.00766944,0.0230083,0.00766944,0.0230083,0.00766944,0.0230083,0.00766944
131,21950,1.70926,0.94166,0.96834,1.46515,0.72803,0.912,2.65858,1.98101,0.11148,0.00145,0.56463,0.674658,0.619299,0.638286,0.389091,nan,nan,nan,nan,nan,nan,nan,nan,nan,nan,nan,0.0229091,0.00763637,0.0229091,0.00763637,0.0229091,0.00763637,0.0229091,0.00763637
132,22113.9,1.69735,0.93161,0.97054,1.45931,0.72266,0.9119,2.64691,1.96939,0.11149,0.00145,0.56457,0.675385,0.619226,0.638977,0.389274,nan,nan,nan,nan,nan,nan,nan,nan,nan,nan,nan,0.0228094,0.00760314,0.0228094,0.00760314,0.0228094,0.00760314,0.0228094,0.00760314
133,22278.5,1.70225,0.92892,0.96945,1.46054,0.71843,0.91003,2.69464,2.00947,0.11357,0.00155,0.57005,0.675659,0.619866,0.639783,0.38982,nan,nan,nan,nan,nan,nan,nan,nan,nan,nan,nan,0.0227093,0.00756976,0.0227093,0.00756976,0.0227093,0.00756976,0.0227093,0.00756976
134,22443.7,1.69929,0.92732,0.96861,1.45612,0.72097,0.90992,2.62621,1.97101,0.11185,0.00158,0.54178,0.676555,0.619627,0.640271,0.390505,nan,nan,nan,nan,nan,nan,nan,nan,nan,nan,nan,0.0226086,0.00753621,0.0226086,0.00753621,0.0226086,0.00753621,0.0226086,0.00753621
135,22609.1,1.69687,0.92072,0.9675,1.45734,0.72036,0.90866,2.59697,1.96034,0.10803,0.00139,0.52722,0.677278,0.619277,0.64053,0.391425,nan,nan,nan,nan,nan,nan,nan,nan,nan,nan,nan,0.0225076,0.00750252,0.0225076,0.00750252,0.0225076,0.00750252,0.0225076,0.00750252
136,22776.5,1.68615,0.92029,0.96261,1.45113,0.71412,0.90826,2.64388,1.98475,0.11454,0.00156,0.54303,0.678241,0.61915,0.640529,0.391897,nan,nan,nan,nan,nan,nan,nan,nan,nan,nan,nan,0.022406,0.00746868,0.022406,0.00746868,0.022406,0.00746868,0.022406,0.00746868
137,22943.4,1.69173,0.91878,0.96748,1.44729,0.71032,0.90918,2.70514,2.05603,0.10647,0.00143,0.5412,0.679964,0.620507,0.641326,0.392501,nan,nan,nan,nan,nan,nan,nan,nan,nan,nan,nan,0.022304,0.00743468,0.022304,0.00743468,0.022304,0.00743468,0.022304,0.00743468
138,23110.1,1.68671,0.918,0.96676,1.4546,0.7147,0.91119,2.63575,1.95937,0.11426,0.00155,0.56057,0.681101,0.621242,0.641933,0.39315,nan,nan,nan,nan,nan,nan,nan,nan,nan,nan,nan,0.0222016,0.00740054,0.0222016,0.00740054,0.0222016,0.00740054,0.0222016,0.00740054
139,23275.4,1.68108,0.91457,0.96319,1.45091,0.71279,0.90964,2.60917,1.94419,0.11435,0.00153,0.54909,0.682706,0.62022,0.642056,0.39375,nan,nan,nan,nan,nan,nan,nan,nan,nan,nan,nan,0.0220988,0.00736625,0.0220988,0.00736625,0.0220988,0.00736625,0.0220988,0.00736625
140,23440.7,1.68272,0.91141,0.96259,1.44363,0.70681,0.90559,2.61807,1.96366,0.1108,0.00158,0.54203,0.685114,0.619535,0.64288,0.394683,nan,nan,nan,nan,nan,nan,nan,nan,nan,nan,nan,0.0219955,0.00733182,0.0219955,0.00733182,0.0219955,0.00733182,0.0219955,0.00733182
141,23607.4,1.67104,0.90802,0.96109,1.44135,0.70683,0.90534,2.47242,1.84651,0.11247,0.00158,0.51187,0.684174,0.623367,0.643704,0.395423,nan,nan,nan,nan,nan,nan,nan,nan,nan,nan,nan,0.0218918,0.00729725,0.0218918,0.00729725,0.0218918,0.00729725,0.0218918,0.00729725
142,23773.6,1.67173,0.90387,0.96098,1.43916,0.7043,0.90664,2.52729,1.89242,0.1098,0.00151,0.52356,0.682911,0.624077,0.64523,0.395976,nan,nan,nan,nan,nan,nan,nan,nan,nan,nan,nan,0.0217876,0.00726254,0.0217876,0.00726254,0.0217876,0.00726254,0.0217876,0.00726254
143,23940.6,1.67665,0.90658,0.96477,1.44529,0.70878,0.91122,2.62334,1.96611,0.10809,0.00148,0.54765,0.682383,0.624627,0.645109,0.396221,nan,nan,nan,nan,nan,nan,nan,nan,nan,nan,nan,0.0216831,0.0072277,0.0216831,0.0072277,0.0216831,0.0072277,0.0216831,0.0072277
144,24106.9,1.66562,0.90571,0.9617,1.4331,0.70239,0.90909,2.52437,1.89742,0.10924,0.00149,0.51621,0.680422,0.625677,0.646287,0.397072,nan,nan,nan,nan,nan,nan,nan,nan,nan,nan,nan,0.0215782,0.00719272,0.0215782,0.00719272,0.0215782,0.00719272,0.0215782,0.00719272
145,24273.4,1.66191,0.90401,0.96021,1.42895,0.70224,0.90686,2.73021,2.0612,0.11288,0.00161,0.55452,0.681752,0.626092,0.646695,0.397744,nan,nan,nan,nan,nan,nan,nan,nan,nan,nan,nan,0.0214728,0.00715761,0.0214728,0.00715761,0.0214728,0.00715761,0.0214728,0.00715761
146,24439.3,1.66177,0.90115,0.95801,1.4304,0.69892,0.90572,2.51875,1.90196,0.10993,0.00158,0.50529,0.68491,0.624736,0.647289,0.398308,nan,nan,nan,nan,nan,nan,nan,nan,nan,nan,nan,0.0213671,0.00712237,0.0213671,0.00712237,0.0213671,0.00712237,0.0213671,0.00712237
147,24607,1.65895,0.89589,0.9567,1.43991,0.70592,0.90415,2.67229,2.02119,0.11487,0.00161,0.53461,0.685535,0.62531,0.647396,0.398886,nan,nan,nan,nan,nan,nan,nan,nan,nan,nan,nan,0.021261,0.007087,0.021261,0.007087,0.021261,0.007087,0.021261,0.007087
148,24773.2,1.65261,0.88831,0.95539,1.42917,0.69969,0.90306,2.5973,1.93256,0.1118,0.00147,0.55146,0.685318,0.626966,0.648546,0.399247,nan,nan,nan,nan,nan,nan,nan,nan,nan,nan,nan,0.0211545,0.0070515,0.0211545,0.0070515,0.0211545,0.0070515,0.0211545,0.0070515
149,24941.7,1.65269,0.89004,0.95311,1.42899,0.69319,0.90247,2.61015,1.96265,0.11554,0.00161,0.53035,0.688572,0.626173,0.648979,0.400169,nan,nan,nan,nan,nan,nan,nan,nan,nan,nan,nan,0.0210476,0.00701588,0.0210476,0.00701588,0.0210476,0.00701588,0.0210476,0.00701588
150,25109.3,1.65344,0.89213,0.95426,1.42698,0.70014,0.90173,2.60728,1.95129,0.11291,0.00145,0.54163,0.689108,0.626505,0.649771,0.400819,nan,nan,nan,nan,nan,nan,nan,nan,nan,nan,nan,0.0209404,0.00698014,0.0209404,0.00698014,0.0209404,0.00698014,0.0209404,0.00698014
151,25276.5,1.65193,0.8888,0.95827,1.41669,0.69202,0.90288,2.59075,1.93972,0.11125,0.00148,0.53831,0.689998,0.629055,0.65107,0.401467,nan,nan,nan,nan,nan,nan,nan,nan,nan,nan,nan,0.0208328,0.00694428,0.0208328,0.00694428,0.0208328,0.00694428,0.0208328,0.00694428
152,25443.1,1.64477,0.88453,0.95425,1.42062,0.69684,0.90114,2.62521,1.97608,0.11404,0.00155,0.53355,0.69329,0.628204,0.651799,0.402095,nan,nan,nan,nan,nan,nan,nan,nan,nan,nan,nan,0.0207249,0.00690831,0.0207249,0.00690831,0.0207249,0.00690831,0.0207249,0.00690831
153,25611.2,1.63678,0.88552,0.95304,1.41454,0.69385,0.90252,2.70126,2.05679,0.11224,0.00152,0.53071,0.695122,0.628371,0.652988,0.402696,nan,nan,nan,nan,nan,nan,nan,nan,nan,nan,nan,0.0206166,0.00687222,0.0206166,0.00687222,0.0206166,0.00687222,0.0206166,0.00687222
154,25778.5,1.64426,0.88671,0.95233,1.41185,0.68831,0.89861,2.62214,1.96132,0.10611,0.00137,0.55335,0.695812,0.627188,0.652738,0.403083,nan,nan,nan,nan,nan,nan,nan,nan,nan,nan,nan,0.020508,0.00683601,0.020508,0.00683601,0.020508,0.00683601,0.020508,0.00683601
155,25945.4,1.63858,0.87438,0.9528,1.41707,0.69475,0.90186,2.60089,1.92994,0.11561,0.00156,0.55378,0.699471,0.627709,0.654368,0.403804,nan,nan,nan,nan,nan,nan,nan,nan,nan,nan,nan,0.0203991,0.0067997,0.0203991,0.0067997,0.0203991,0.0067997,0.0203991,0.0067997
156,26113.5,1.63591,0.88193,0.95162,1.40475,0.68984,0.89745,2.52374,1.88029,0.11364,0.00151,0.5283,0.699596,0.627765,0.654669,0.404414,nan,nan,nan,nan,nan,nan,nan,nan,nan,nan,nan,0.0202898,0.00676328,0.0202898,0.00676328,0.0202898,0.00676328,0.0202898,0.00676328
157,26280.4,1.624,0.87213,0.95338,1.39703,0.68436,0.90165,2.53509,1.8869,0.11075,0.00154,0.53589,0.697893,0.629959,0.655489,0.405026,nan,nan,nan,nan,nan,nan,nan,nan,nan,nan,nan,0.0201803,0.00672675,0.0201803,0.00672675,0.0201803,0.00672675,0.0201803,0.00672675
158,26448.8,1.62242,0.87538,0.94908,1.40738,0.68801,0.90085,2.52101,1.85742,0.10833,0.00146,0.55379,0.699402,0.630702,0.656958,0.405831,nan,nan,nan,nan,nan,nan,nan,nan,nan,nan,nan,0.0200704,0.00669012,0.0200704,0.00669012,0.0200704,0.00669012,0.0200704,0.00669012
159,26614.6,1.61988,0.87223,0.94757,1.40778,0.6877,0.8989,2.55776,1.88499,0.11214,0.00157,0.55906,0.700067,0.630099,0.657167,0.406435,nan,nan,nan,nan,nan,nan,nan,nan,nan,nan,nan,0.0199602,0.00665339,0.0199602,0.00665339,0.0199602,0.00665339,0.0199602,0.00665339
160,26778.9,1.61569,0.86712,0.94242,1.40297,0.68451,0.89744,2.58677,1.93722,0.11033,0.00146,0.53776,0.701274,0.629964,0.657442,0.406249,nan,nan,nan,nan,nan,nan,nan,nan,nan,nan,nan,0.0198497,0.00661656,0.0198497,0.00661656,0.0198497,0.00661656,0.0198497,0.00661656
161,26942.5,1.6236,0.86754,0.94677,1.40479,0.68246,0.89806,2.55837,1.93443,0.10734,0.00144,0.51516,0.701185,0.630671,0.658073,0.40668,nan,nan,nan,nan,nan,nan,nan,nan,nan,nan,nan,0.0197389,0.00657963,0.0197389,0.00657963,0.0197389,0.00657963,0.0197389,0.00657963
162,27106.7,1.61178,0.86114,0.945,1.39452,0.68018,0.89741,2.57023,1.9353,0.10863,0.00136,0.52494,0.704616,0.630986,0.659,0.407857,nan,nan,nan,nan,nan,nan,nan,nan,nan,nan,nan,0.0196278,0.00654261,0.0196278,0.00654261,0.0196278,0.00654261,0.0196278,0.00654261
163,27270.1,1.61335,0.86449,0.94206,1.40257,0.68414,0.89426,2.57441,1.94449,0.11229,0.00155,0.51608,0.704414,0.633862,0.66023,0.408776,nan,nan,nan,nan,nan,nan,nan,nan,nan,nan,nan,0.0195165,0.0065055,0.0195165,0.0065055,0.0195165,0.0065055,0.0195165,0.0065055
164,27433.7,1.60502,0.85993,0.94097,1.38723,0.67842,0.89408,2.40974,1.78387,0.1052,0.0015,0.51917,0.705804,0.634312,0.660918,0.409036,nan,nan,nan,nan,nan,nan,nan,nan,nan,nan,nan,0.0194049,0.0064683,0.0194049,0.0064683,0.0194049,0.0064683,0.0194049,0.0064683
165,27596.9,1.59926,0.8533,0.94287,1.38093,0.67208,0.89414,2.57603,1.92732,0.11023,0.0015,0.53697,0.710004,0.634263,0.661583,0.409754,nan,nan,nan,nan,nan,nan,nan,nan,nan,nan,nan,0.019293,0.00643101,0.019293,0.00643101,0.019293,0.00643101,0.019293,0.00643101
166,27762.8,1.60135,0.85693,0.94407,1.39087,0.67661,0.89616,2.64912,1.97436,0.11104,0.00165,0.56207,0.71236,0.63516,0.662397,0.410391,nan,nan,nan,nan,nan,nan,nan,nan,nan,nan,nan,0.0191809,0.00639363,0.0191809,0.00639363,0.0191809,0.00639363,0.0191809,0.00639363
167,27928.2,1.59226,0.85275,0.93949,1.38802,0.67854,0.89452,2.69913,2.04491,0.10985,0.00155,0.54281,0.715078,0.635457,0.662912,0.411216,nan,nan,nan,nan,nan,nan,nan,nan,nan,nan,nan,0.0190685,0.00635617,0.0190685,0.00635617,0.0190685,0.00635617,0.0190685,0.00635617
168,28091.9,1.59406,0.85266,0.94439,1.38015,0.67253,0.89403,2.61638,1.94839,0.10634,0.0016,0.56004,0.715963,0.63627,0.66384,0.411954,nan,nan,nan,nan,nan,nan,nan,nan,nan,nan,nan,0.0189559,0.00631863,0.0189559,0.00631863,0.0189559,0.00631863,0.0189559,0.00631863
169,28256.8,1.59938,0.85243,0.9448,1.38631,0.67321,0.89414,2.66355,2.01013,0.10717,0.00152,0.54473,0.715715,0.63679,0.664157,0.412385,nan,nan,nan,nan,nan,nan,nan,nan,nan,nan,nan,0.018843,0.00628101,0.018843,0.00628101,0.018843,0.00628101,0.018843,0.00628101
170,28421,1.59457,0.85333,0.94163,1.39152,0.67793,0.89535,2.53605,1.89041,0.10819,0.00149,0.53596,0.714645,0.638082,0.665345,0.413117,nan,nan,nan,nan,nan,nan,nan,nan,nan,nan,nan,0.01873,0.00624332,0.01873,0.00624332,0.01873,0.00624332,0.01873,0.00624332
171,28588.1,1.59265,0.85156,0.93656,1.38524,0.67362,0.89143,2.43851,1.80271,0.10651,0.0014,0.52789,0.714764,0.638656,0.666015,0.414044,nan,nan,nan,nan,nan,nan,nan,nan,nan,nan,nan,0.0186167,0.00620555,0.0186167,0.00620555,0.0186167,0.00620555,0.0186167,0.00620555
172,28753.5,1.58278,0.8442,0.93564,1.37652,0.66783,0.89014,2.40626,1.79495,0.10388,0.00134,0.50608,0.714379,0.639481,0.666661,0.414801,nan,nan,nan,nan,nan,nan,nan,nan,nan,nan,nan,0.0185031,0.00616772,0.0185031,0.00616772,0.0185031,0.00616772,0.0185031,0.00616772
173,28913.7,1.57752,0.83953,0.93663,1.3732,0.66594,0.89029,2.41114,1.79188,0.10271,0.00142,0.51514,0.71454,0.639658,0.667081,0.41498,nan,nan,nan,nan,nan,nan,nan,nan,nan,nan,nan,0.0183894,0.00612981,0.0183894,0.00612981,0.0183894,0.00612981,0.0183894,0.00612981
174,29069.2,1.57665,0.84272,0.93975,1.37124,0.66842,0.89237,2.42886,1.81591,0.10277,0.00135,0.50883,0.714317,0.641304,0.668007,0.415512,nan,nan,nan,nan,nan,nan,nan,nan,nan,nan,nan,0.0182755,0.00609184,0.0182755,0.00609184,0.0182755,0.00609184,0.0182755,0.00609184
175,29224.5,1.58241,0.84263,0.93415,1.38082,0.6696,0.89023,2.47057,1.84189,0.10991,0.00153,0.51723,0.715654,0.64241,0.669079,0.416119,nan,nan,nan,nan,nan,nan,nan,nan,nan,nan,nan,0.0181614,0.0060538,0.0181614,0.0060538,0.0181614,0.0060538,0.0181614,0.0060538
176,29379.5,1.57116,0.83056,0.93811,1.36947,0.66341,0.89033,2.3875,1.76348,0.10628,0.00141,0.51633,0.717223,0.642383,0.669343,0.416838,nan,nan,nan,nan,nan,nan,nan,nan,nan,nan,nan,0.0180471,0.0060157,0.0180471,0.0060157,0.0180471,0.0060157,0.0180471,0.0060157
177,29535.4,1.58416,0.83905,0.93406,1.36815,0.66403,0.88741,2.444,1.80518,0.10298,0.00138,0.53446,0.718106,0.642808,0.669618,0.417695,nan,nan,nan,nan,nan,nan,nan,nan,nan,nan,nan,0.0179326,0.00597754,0.0179326,0.00597754,0.0179326,0.00597754,0.0179326,0.00597754
178,29692.7,1.56989,0.83345,0.93736,1.36233,0.66444,0.89057,2.45502,1.82536,0.10727,0.00152,0.52087,0.718066,0.643671,0.670401,0.418573,nan,nan,nan,nan,nan,nan,nan,nan,nan,nan,nan,0.017818,0.00593932,0.017818,0.00593932,0.017818,0.00593932,0.017818,0.00593932
179,29847.7,1.55535,0.82739,0.93384,1.35922,0.66021,0.89022,2.42025,1.7748,0.10715,0.00146,0.53685,0.716153,0.64617,0.671394,0.419284,nan,nan,nan,nan,nan,nan,nan,nan,nan,nan,nan,0.0177031,0.00590105,0.0177031,0.00590105,0.0177031,0.00590105,0.0177031,0.00590105
180,30003.8,1.56507,0.82948,0.93307,1.36497,0.66416,0.88784,2.50173,1.85037,0.1062,0.00157,0.5436,0.718077,0.645839,0.673009,0.419639,nan,nan,nan,nan,nan,nan,nan,nan,nan,nan,nan,0.0175882,0.00586272,0.0175882,0.00586272,0.0175882,0.00586272,0.0175882,0.00586272
181,30160.1,1.55781,0.82496,0.92783,1.35408,0.6576,0.88396,2.39773,1.75897,0.10539,0.00149,0.53187,0.718297,0.646249,0.673939,0.420763,nan,nan,nan,nan,nan,nan,nan,nan,nan,nan,nan,0.0174731,0.00582435,0.0174731,0.00582435,0.0174731,0.00582435,0.0174731,0.00582435
182,30314.8,1.55777,0.82738,0.93278,1.3557,0.6609,0.88883,2.40214,1.7808,0.10229,0.00151,0.51754,0.721362,0.645836,0.674441,0.421374,nan,nan,nan,nan,nan,nan,nan,nan,nan,nan,nan,0.0173578,0.00578593,0.0173578,0.00578593,0.0173578,0.00578593,0.0173578,0.00578593
183,30459.7,1.54952,0.82,0.93205,1.35351,0.65909,0.88919,2.34946,1.72379,0.10673,0.00151,0.51743,0.72274,0.646202,0.675299,0.422029,nan,nan,nan,nan,nan,nan,nan,nan,nan,nan,nan,0.0172424,0.00574746,0.0172424,0.00574746,0.0172424,0.00574746,0.0172424,0.00574746
184,30602.7,1.54832,0.81977,0.92727,1.34217,0.65242,0.88527,2.63107,1.95667,0.10824,0.00143,0.56473,0.722337,0.646778,0.675641,0.422275,nan,nan,nan,nan,nan,nan,nan,nan,nan,nan,nan,0.0171269,0.00570895,0.0171269,0.00570895,0.0171269,0.00570895,0.0171269,0.00570895
185,30746.3,1.54323,0.81888,0.93025,1.35351,0.65133,0.88944,2.39373,1.7652,0.10391,0.00155,0.52306,0.724103,0.646273,0.676137,0.422829,nan,nan,nan,nan,nan,nan,nan,nan,nan,nan,nan,0.0170112,0.0056704,0.0170112,0.0056704,0.0170112,0.0056704,0.0170112,0.0056704
186,30890.4,1.54345,0.82212,0.92947,1.35174,0.65985,0.88691,2.49025,1.84556,0.10467,0.00152,0.53851,0.724314,0.646971,0.676519,0.423566,nan,nan,nan,nan,nan,nan,nan,nan,nan,nan,nan,0.0168954,0.00563181,0.0168954,0.00563181,0.0168954,0.00563181,0.0168954,0.00563181
187,31034.4,1.54663,0.81919,0.93315,1.3486,0.65533,0.88831,2.47545,1.84191,0.10542,0.00152,0.52659,0.727636,0.647289,0.677623,0.424346,nan,nan,nan,nan,nan,nan,nan,nan,nan,nan,nan,0.0167796,0.00559318,0.0167796,0.00559318,0.0167796,0.00559318,0.0167796,0.00559318
188,31179.9,1.54124,0.81424,0.92856,1.34459,0.65103,0.88573,2.5012,1.84046,0.1053,0.00153,0.55391,0.727169,0.64912,0.678782,0.425319,nan,nan,nan,nan,nan,nan,nan,nan,nan,nan,nan,0.0166636,0.00555453,0.0166636,0.00555453,0.0166636,0.00555453,0.0166636,0.00555453
189,31324.9,1.52696,0.80737,0.92566,1.3364,0.64959,0.88466,2.40179,1.74575,0.10315,0.00153,0.55135,0.724898,0.650021,0.679273,0.425555,nan,nan,nan,nan,nan,nan,nan,nan,nan,nan,nan,0.0165475,0.00551584,0.0165475,0.00551584,0.0165475,0.00551584,0.0165475,0.00551584
190,31468.6,1.54203,0.81412,0.92474,1.34617,0.64869,0.88252,2.55374,1.89324,0.10525,0.00158,0.55366,0.725591,0.650828,0.680232,0.426482,nan,nan,nan,nan,nan,nan,nan,nan,nan,nan,nan,0.0164314,0.00547712,0.0164314,0.00547712,0.0164314,0.00547712,0.0164314,0.00547712
191,31611,1.52976,0.80783,0.92509,1.33338,0.64347,0.88279,2.46064,1.7961,0.1048,0.00139,0.55835,0.726928,0.652071,0.680771,0.427067,nan,nan,nan,nan,nan,nan,nan,nan,nan,nan,nan,0.0163151,0.00543837,0.0163151,0.00543837,0.0163151,0.00543837,0.0163151,0.00543837
192,31752.8,1.52964,0.8062,0.9246,1.33518,0.64483,0.8849,2.56365,1.90911,0.09904,0.00139,0.5541,0.728195,0.651383,0.681254,0.427829,nan,nan,nan,nan,nan,nan,nan,nan,nan,nan,nan,0.0161988,0.0053996,0.0161988,0.0053996,0.0161988,0.0053996,0.0161988,0.0053996
193,31894.2,1.52813,0.80739,0.92276,1.33855,0.64652,0.88297,2.5304,1.86861,0.10403,0.00137,0.55639,0.728993,0.651193,0.682131,0.428333,nan,nan,nan,nan,nan,nan,nan,nan,nan,nan,nan,0.0160824,0.00536081,0.0160824,0.00536081,0.0160824,0.00536081,0.0160824,0.00536081
194,32035.8,1.52012,0.80603,0.92032,1.32573,0.64207,0.88077,2.38815,1.75778,0.10157,0.00141,0.52739,0.729567,0.651746,0.683136,0.429109,nan,nan,nan,nan,nan,nan,nan,nan,nan,nan,nan,0.015966,0.005322,0.015966,0.005322,0.015966,0.005322,0.015966,0.005322
195,32179.4,1.51723,0.79956,0.92358,1.32549,0.64219,0.8843,2.44773,1.8203,0.09694,0.00134,0.52916,0.727664,0.654337,0.684059,0.429761,nan,nan,nan,nan,nan,nan,nan,nan,nan,nan,nan,0.0158495,0.00528318,0.0158495,0.00528318,0.0158495,0.00528318,0.0158495,0.00528318
196,32324.1,1.51367,0.79711,0.91994,1.32518,0.63982,0.88123,2.52238,1.88241,0.09918,0.00148,0.53931,0.72924,0.655181,0.684781,0.43052,nan,nan,nan,nan,nan,nan,nan,nan,nan,nan,nan,0.015733,0.00524434,0.015733,0.00524434,0.015733,0.00524434,0.015733,0.00524434
197,32467.1,1.50722,0.7937,0.92127,1.3206,0.6382,0.88243,2.38128,1.76794,0.09907,0.00137,0.5129,0.731482,0.654908,0.685569,0.431628,nan,nan,nan,nan,nan,nan,nan,nan,nan,nan,nan,0.0156164,0.00520548,0.0156164,0.00520548,0.0156164,0.00520548,0.0156164,0.00520548
198,32610.9,1.51466,0.79532,0.92247,1.31401,0.63366,0.87965,2.32642,1.70881,0.10294,0.00134,0.51333,0.734524,0.655111,0.68645,0.432423,nan,nan,nan,nan,nan,nan,nan,nan,nan,nan,nan,0.0154999,0.00516662,0.0154999,0.00516662,0.0154999,0.00516662,0.0154999,0.00516662
199,32756.3,1.50581,0.7913,0.91869,1.31298,0.6356,0.88003,2.34835,1.72606,0.10182,0.00132,0.51916,0.735876,0.655823,0.687339,0.433274,nan,nan,nan,nan,nan,nan,nan,nan,nan,nan,nan,0.0153833,0.00512775,0.0153833,0.00512775,0.0153833,0.00512775,0.0153833,0.00512775
200,32900.1,1.51489,0.79585,0.92053,1.32684,0.64223,0.88233,2.32194,1.69572,0.10007,0.00135,0.5248,0.73538,0.658075,0.687932,0.433895,nan,nan,nan,nan,nan,nan,nan,nan,nan,nan,nan,0.0152666,0.00508888,0.0152666,0.00508888,0.0152666,0.00508888,0.0152666,0.00508888
201,33046.7,1.50665,0.78956,0.92206,1.31554,0.63359,0.88132,2.27801,1.6655,0.10267,0.00122,0.50862,0.736783,0.657807,0.688564,0.434699,nan,nan,nan,nan,nan,nan,nan,nan,nan,nan,nan,0.01515,0.00505,0.01515,0.00505,0.01515,0.00505,0.01515,0.00505
202,33213,1.49532,0.78763,0.92019,1.31476,0.63098,0.8813,2.2621,1.65476,0.09944,0.00133,0.50657,0.73846,0.656773,0.689346,0.43524,nan,nan,nan,nan,nan,nan,nan,nan,nan,nan,nan,0.0150334,0.00501112,0.0150334,0.00501112,0.0150334,0.00501112,0.0150334,0.00501112
203,33375.1,1.50193,0.78518,0.91835,1.31231,0.63257,0.87953,2.32828,1.71623,0.10168,0.00139,0.50897,0.739576,0.657499,0.690276,0.436148,nan,nan,nan,nan,nan,nan,nan,nan,nan,nan,nan,0.0149167,0.00497225,0.0149167,0.00497225,0.0149167,0.00497225,0.0149167,0.00497225
204,33538.6,1.49082,0.78141,0.9151,1.3078,0.6313,0.87573,2.35981,1.72678,0.0983,0.00131,0.53343,0.736955,0.660002,0.690973,0.436551,nan,nan,nan,nan,nan,nan,nan,nan,nan,nan,nan,0.0148001,0.00493338,0.0148001,0.00493338,0.0148001,0.00493338,0.0148001,0.00493338
205,33697.4,1.48643,0.77339,0.9124,1.30466,0.62775,0.87734,2.37278,1.76004,0.09796,0.00137,0.5134,0.736876,0.660799,0.691561,0.437412,nan,nan,nan,nan,nan,nan,nan,nan,nan,nan,nan,0.0146836,0.00489452,0.0146836,0.00489452,0.0146836,0.00489452,0.0146836,0.00489452
206,33851.8,1.48372,0.77912,0.9156,1.30403,0.62761,0.8789,2.34227,1.70932,0.09828,0.00134,0.53334,0.739497,0.660954,0.692363,0.438049,nan,nan,nan,nan,nan,nan,nan,nan,nan,nan,nan,0.014567,0.00485566,0.014567,0.00485566,0.014567,0.00485566,0.014567,0.00485566
207,34007.1,1.48967,0.77288,0.91527,1.30589,0.62337,0.87701,2.42356,1.78509,0.10134,0.00149,0.53564,0.742442,0.661046,0.693482,0.438834,nan,nan,nan,nan,nan,nan,nan,nan,nan,nan,nan,0.0144505,0.00481682,0.0144505,0.00481682,0.0144505,0.00481682,0.0144505,0.00481682
208,34162.1,1.46711,0.76836,0.90797,1.29397,0.62477,0.87331,2.37161,1.73222,0.09885,0.00133,0.53921,0.739211,0.661959,0.693973,0.43907,nan,nan,nan,nan,nan,nan,nan,nan,nan,nan,nan,0.014334,0.004778,0.014334,0.004778,0.014334,0.004778,0.014334,0.004778
209,34316.5,1.47868,0.76951,0.91073,1.29045,0.62101,0.87326,2.2969,1.6667,0.10033,0.00133,0.52854,0.74203,0.663174,0.694288,0.439798,nan,nan,nan,nan,nan,nan,nan,nan,nan,nan,nan,0.0142176,0.00473919,0.0142176,0.00473919,0.0142176,0.00473919,0.0142176,0.00473919
210,34469.5,1.46918,0.76866,0.91122,1.28805,0.62107,0.87328,2.29321,1.66693,0.09653,0.00133,0.52842,0.741114,0.665311,0.695343,0.440412,nan,nan,nan,nan,nan,nan,nan,nan,nan,nan,nan,0.0141012,0.0047004,0.0141012,0.0047004,0.0141012,0.0047004,0.0141012,0.0047004
211,34622,1.47433,0.77117,0.91228,1.29356,0.62223,0.87501,2.25122,1.62553,0.09905,0.00134,0.52531,0.741304,0.665933,0.696289,0.440989,nan,nan,nan,nan,nan,nan,nan,nan,nan,nan,nan,0.0139849,0.00466163,0.0139849,0.00466163,0.0139849,0.00466163,0.0139849,0.00466163
212,34776,1.47426,0.77021,0.91101,1.28766,0.619,0.87313,2.36771,1.73463,0.09757,0.00139,0.53412,0.739968,0.667279,0.696954,0.441377,nan,nan,nan,nan,nan,nan,nan,nan,nan,nan,nan,0.0138686,0.00462288,0.0138686,0.00462288,0.0138686,0.00462288,0.0138686,0.00462288
213,34929.4,1.46925,0.76845,0.91196,1.29036,0.62272,0.87654,2.30915,1.68997,0.10088,0.00138,0.51691,0.740436,0.667835,0.69729,0.441907,nan,nan,nan,nan,nan,nan,nan,nan,nan,nan,nan,0.0137525,0.00458416,0.0137525,0.00458416,0.0137525,0.00458416,0.0137525,0.00458416
214,35084.7,1.46738,0.76812,0.912,1.2894,0.62108,0.87432,2.36416,1.72787,0.09602,0.00144,0.53884,0.743075,0.668475,0.697943,0.442496,nan,nan,nan,nan,nan,nan,nan,nan,nan,nan,nan,0.0136364,0.00454547,0.0136364,0.00454547,0.0136364,0.00454547,0.0136364,0.00454547
215,35239.9,1.46278,0.75962,0.90847,1.28489,0.61708,0.8744,2.39803,1.75884,0.09458,0.00139,0.54322,0.741556,0.669581,0.698157,0.443164,nan,nan,nan,nan,nan,nan,nan,nan,nan,nan,nan,0.0135204,0.00450682,0.0135204,0.00450682,0.0135204,0.00450682,0.0135204,0.00450682
216,35396.7,1.45473,0.75792,0.90638,1.28039,0.6154,0.87218,2.32341,1.69193,0.097,0.00144,0.53304,0.742464,0.669618,0.699196,0.444244,nan,nan,nan,nan,nan,nan,nan,nan,nan,nan,nan,0.0134046,0.00446819,0.0134046,0.00446819,0.0134046,0.00446819,0.0134046,0.00446819
217,35551.6,1.45675,0.76152,0.90763,1.27105,0.61025,0.86995,2.4237,1.78607,0.10035,0.00134,0.53594,0.744918,0.6694,0.700122,0.444883,nan,nan,nan,nan,nan,nan,nan,nan,nan,nan,nan,0.0132888,0.0044296,0.0132888,0.0044296,0.0132888,0.0044296,0.0132888,0.0044296
218,35705.4,1.45188,0.75486,0.90272,1.28079,0.61315,0.86737,2.28644,1.67054,0.09825,0.00134,0.5163,0.743762,0.670302,0.700772,0.445438,nan,nan,nan,nan,nan,nan,nan,nan,nan,nan,nan,0.0131731,0.00439105,0.0131731,0.00439105,0.0131731,0.00439105,0.0131731,0.00439105
219,35860.6,1.46474,0.76148,0.90774,1.27771,0.61517,0.87105,2.28148,1.67066,0.09786,0.00128,0.51169,0.74255,0.671035,0.701789,0.446062,nan,nan,nan,nan,nan,nan,nan,nan,nan,nan,nan,0.0130576,0.00435254,0.0130576,0.00435254,0.0130576,0.00435254,0.0130576,0.00435254
220,36018.7,1.45304,0.75397,0.90556,1.27309,0.60965,0.86927,2.26022,1.65145,0.0966,0.00141,0.51076,0.743003,0.671573,0.702289,0.446411,nan,nan,nan,nan,nan,nan,nan,nan,nan,nan,nan,0.0129422,0.00431407,0.0129422,0.00431407,0.0129422,0.00431407,0.0129422,0.00431407
221,36179.1,1.4412,0.7467,0.90579,1.26609,0.60822,0.87188,2.21817,1.61026,0.09588,0.00144,0.51059,0.743038,0.673628,0.704006,0.447169,nan,nan,nan,nan,nan,nan,nan,nan,nan,nan,nan,0.0128269,0.00427565,0.0128269,0.00427565,0.0128269,0.00427565,0.0128269,0.00427565
222,36341.2,1.43894,0.74928,0.90403,1.25861,0.60453,0.86973,2.254,1.65948,0.09606,0.00136,0.4971,0.74319,0.673671,0.705131,0.448034,nan,nan,nan,nan,nan,nan,nan,nan,nan,nan,nan,0.0127118,0.00423728,0.0127118,0.00423728,0.0127118,0.00423728,0.0127118,0.00423728
223,36500.6,1.44312,0.74735,0.90475,1.26614,0.60617,0.8696,2.25418,1.6499,0.09787,0.00143,0.50498,0.745551,0.67275,0.705618,0.448694,nan,nan,nan,nan,nan,nan,nan,nan,nan,nan,nan,0.0125969,0.00419895,0.0125969,0.00419895,0.0125969,0.00419895,0.0125969,0.00419895
224,36657.1,1.43567,0.74383,0.90427,1.25726,0.60254,0.86903,2.2449,1.63414,0.1009,0.00131,0.50854,0.744691,0.672665,0.705124,0.44955,nan,nan,nan,nan,nan,nan,nan,nan,nan,nan,nan,0.012482,0.00416068,0.012482,0.00416068,0.012482,0.00416068,0.012482,0.00416068
225,36814.4,1.42359,0.74204,0.8997,1.25601,0.60306,0.86827,2.25624,1.63723,0.09466,0.00126,0.52308,0.74827,0.672783,0.706478,0.450408,nan,nan,nan,nan,nan,nan,nan,nan,nan,nan,nan,0.0123674,0.00412246,0.0123674,0.00412246,0.0123674,0.00412246,0.0123674,0.00412246
226,36971.2,1.43378,0.73708,0.90215,1.26224,0.6013,0.86851,2.36174,1.72246,0.09969,0.00137,0.53821,0.751003,0.672152,0.706952,0.450902,nan,nan,nan,nan,nan,nan,nan,nan,nan,nan,nan,0.0122529,0.0040843,0.0122529,0.0040843,0.0122529,0.0040843,0.0122529,0.0040843
227,37128.1,1.42035,0.73596,0.89979,1.25325,0.60407,0.86702,2.2308,1.61402,0.09584,0.00138,0.51955,0.749574,0.673253,0.707828,0.451496,nan,nan,nan,nan,nan,nan,nan,nan,nan,nan,nan,0.0121386,0.0040462,0.0121386,0.0040462,0.0121386,0.0040462,0.0121386,0.0040462
228,37284.3,1.42422,0.73593,0.89791,1.25466,0.60117,0.8642,2.23521,1.62821,0.09726,0.00137,0.50838,0.752848,0.672909,0.708164,0.451851,nan,nan,nan,nan,nan,nan,nan,nan,nan,nan,nan,0.0120245,0.00400816,0.0120245,0.00400816,0.0120245,0.00400816,0.0120245,0.00400816
229,37444.1,1.43036,0.73877,0.90087,1.25107,0.60163,0.8687,2.40354,1.78995,0.09607,0.00138,0.51615,0.751159,0.673645,0.708196,0.451999,nan,nan,nan,nan,nan,nan,nan,nan,nan,nan,nan,0.0119106,0.00397019,0.0119106,0.00397019,0.0119106,0.00397019,0.0119106,0.00397019
230,37602.2,1.41297,0.73145,0.89836,1.24449,0.59945,0.86548,2.28228,1.66456,0.09583,0.00133,0.52056,0.753498,0.673259,0.708872,0.45274,nan,nan,nan,nan,nan,nan,nan,nan,nan,nan,nan,0.0117969,0.00393228,0.0117969,0.00393228,0.0117969,0.00393228,0.0117969,0.00393228
231,37761,1.41912,0.73556,0.89765,1.24193,0.59673,0.86454,2.34374,1.70013,0.09598,0.00128,0.54636,0.75511,0.672791,0.708466,0.453628,nan,nan,nan,nan,nan,nan,nan,nan,nan,nan,nan,0.0116833,0.00389445,0.0116833,0.00389445,0.0116833,0.00389445,0.0116833,0.00389445
232,37919.1,1.41958,0.73262,0.9019,1.24408,0.59838,0.86664,2.2932,1.66683,0.0967,0.00128,0.5284,0.757651,0.673241,0.709872,0.454196,nan,nan,nan,nan,nan,nan,nan,nan,nan,nan,nan,0.01157,0.00385668,0.01157,0.00385668,0.01157,0.00385668,0.01157,0.00385668
233,38078.3,1.40292,0.7302,0.89823,1.22836,0.5913,0.86521,2.23819,1.62781,0.0928,0.00126,0.51632,0.754543,0.675658,0.710669,0.454539,nan,nan,nan,nan,nan,nan,nan,nan,nan,nan,nan,0.011457,0.00381899,0.011457,0.00381899,0.011457,0.00381899,0.011457,0.00381899
234,38236.4,1.41856,0.72847,0.89768,1.24803,0.59419,0.86247,2.23721,1.62776,0.09439,0.00128,0.51378,0.755721,0.675162,0.710565,0.455287,nan,nan,nan,nan,nan,nan,nan,nan,nan,nan,nan,0.0113441,0.00378137,0.0113441,0.00378137,0.0113441,0.00378137,0.0113441,0.00378137
235,38394.8,1.40781,0.72778,0.89734,1.237,0.58978,0.86384,2.19556,1.59984,0.09302,0.0013,0.5014,0.754041,0.67637,0.710753,0.455791,nan,nan,nan,nan,nan,nan,nan,nan,nan,nan,nan,0.0112315,0.00374383,0.0112315,0.00374383,0.0112315,0.00374383,0.0112315,0.00374383
236,38552.9,1.40381,0.7169,0.89542,1.23658,0.59077,0.86371,2.14965,1.54749,0.09396,0.00132,0.50688,0.754747,0.675702,0.711469,0.456509,nan,nan,nan,nan,nan,nan,nan,nan,nan,nan,nan,0.0111191,0.00370637,0.0111191,0.00370637,0.0111191,0.00370637,0.0111191,0.00370637
237,38709.5,1.40445,0.7292,0.89536,1.23117,0.58916,0.86241,2.21195,1.60055,0.09506,0.00123,0.5151,0.753383,0.677171,0.712159,0.457227,nan,nan,nan,nan,nan,nan,nan,nan,nan,nan,nan,0.011007,0.00366899,0.011007,0.00366899,0.011007,0.00366899,0.011007,0.00366899
238,38867.6,1.39611,0.72096,0.89431,1.2274,0.58528,0.86182,2.26566,1.64173,0.09635,0.00121,0.52637,0.75374,0.677361,0.712664,0.457883,nan,nan,nan,nan,nan,nan,nan,nan,nan,nan,nan,0.0108951,0.0036317,0.0108951,0.0036317,0.0108951,0.0036317,0.0108951,0.0036317
239,39023.8,1.39309,0.72285,0.89164,1.22582,0.58736,0.86001,2.14168,1.53445,0.0953,0.00137,0.51055,0.754246,0.677983,0.71283,0.458469,nan,nan,nan,nan,nan,nan,nan,nan,nan,nan,nan,0.0107835,0.0035945,0.0107835,0.0035945,0.0107835,0.0035945,0.0107835,0.0035945
240,39177.1,1.39204,0.71681,0.89351,1.21884,0.5839,0.86142,2.20092,1.59178,0.09445,0.00144,0.51325,0.754617,0.678139,0.714034,0.459032,nan,nan,nan,nan,nan,nan,nan,nan,nan,nan,nan,0.0106722,0.00355739,0.0106722,0.00355739,0.0106722,0.00355739,0.0106722,0.00355739
241,39331.6,1.3841,0.71095,0.89315,1.21853,0.58299,0.86294,2.17043,1.57279,0.09136,0.00126,0.50502,0.75462,0.678433,0.714592,0.459804,nan,nan,nan,nan,nan,nan,nan,nan,nan,nan,nan,0.0105611,0.00352037,0.0105611,0.00352037,0.0105611,0.00352037,0.0105611,0.00352037
242,39485.5,1.38505,0.71349,0.89269,1.22086,0.5822,0.86251,2.16482,1.55427,0.0935,0.00133,0.51572,0.755531,0.679591,0.715798,0.46065,nan,nan,nan,nan,nan,nan,nan,nan,nan,nan,nan,0.0104503,0.00348344,0.0104503,0.00348344,0.0104503,0.00348344,0.0104503,0.00348344
243,39640.5,1.3861,0.71074,0.8937,1.21765,0.58266,0.86242,2.14788,1.54567,0.09152,0.00129,0.50939,0.757937,0.679245,0.716308,0.461323,nan,nan,nan,nan,nan,nan,nan,nan,nan,nan,nan,0.0103398,0.00344661,0.0103398,0.00344661,0.0103398,0.00344661,0.0103398,0.00344661
244,39793.6,1.37301,0.70613,0.88841,1.21172,0.58147,0.85933,2.17475,1.5712,0.09178,0.00134,0.51043,0.758528,0.679588,0.717124,0.461925,nan,nan,nan,nan,nan,nan,nan,nan,nan,nan,nan,0.0102296,0.00340988,0.0102296,0.00340988,0.0102296,0.00340988,0.0102296,0.00340988
245,39948.1,1.37524,0.70738,0.8905,1.20927,0.57945,0.85999,2.11828,1.53503,0.09135,0.00126,0.49063,0.760133,0.679918,0.717906,0.46231,nan,nan,nan,nan,nan,nan,nan,nan,nan,nan,nan,0.0101197,0.00337325,0.0101197,0.00337325,0.0101197,0.00337325,0.0101197,0.00337325
246,40103.9,1.37472,0.70504,0.88849,1.21154,0.5781,0.85868,2.12857,1.53717,0.09413,0.00129,0.49598,0.761497,0.680047,0.719,0.46292,nan,nan,nan,nan,nan,nan,nan,nan,nan,nan,nan,0.0100102,0.00333672,0.0100102,0.00333672,0.0100102,0.00333672,0.0100102,0.00333672
247,40259.7,1.36218,0.70184,0.89138,1.20456,0.57666,0.8618,2.16142,1.57506,0.09266,0.00129,0.49241,0.764425,0.680208,0.720051,0.463751,nan,nan,nan,nan,nan,nan,nan,nan,nan,nan,nan,0.0099009,0.0033003,0.0099009,0.0033003,0.0099009,0.0033003,0.0099009,0.0033003
248,40411.9,1.37568,0.702,0.88902,1.20415,0.57453,0.85704,2.30789,1.71796,0.08945,0.00121,0.49927,0.763352,0.680839,0.720473,0.464277,nan,nan,nan,nan,nan,nan,nan,nan,nan,nan,nan,0.00979196,0.00326399,0.00979196,0.00326399,0.00979196,0.00326399,0.00979196,0.00326399
249,40565.2,1.3686,0.70282,0.88859,1.20244,0.57445,0.85756,2.20337,1.61152,0.0931,0.00127,0.49748,0.764634,0.68127,0.721144,0.464674,nan,nan,nan,nan,nan,nan,nan,nan,nan,nan,nan,0.00968335,0.00322778,0.00968335,0.00322778,0.00968335,0.00322778,0.00968335,0.00322778
250,40717.2,1.35901,0.70209,0.88381,1.18903,0.5696,0.85393,2.14262,1.5562,0.09059,0.00128,0.49456,0.764207,0.683133,0.722302,0.465338,nan,nan,nan,nan,nan,nan,nan,nan,nan,nan,nan,0.00957508,0.00319169,0.00957508,0.00319169,0.00957508,0.00319169,0.00957508,0.00319169
251,40869.3,1.36489,0.69793,0.88842,1.19211,0.57132,0.85733,2.10444,1.52231,0.09287,0.0013,0.48795,0.767874,0.682843,0.723128,0.465955,nan,nan,nan,nan,nan,nan,nan,nan,nan,nan,nan,0.00946715,0.00315572,0.00946715,0.00315572,0.00946715,0.00315572,0.00946715,0.00315572
252,41023.4,1.36293,0.69908,0.88474,1.19578,0.57475,0.85627,2.09148,1.50617,0.08933,0.00129,0.49468,0.768712,0.68394,0.724173,0.466576,nan,nan,nan,nan,nan,nan,nan,nan,nan,nan,nan,0.00935957,0.00311986,0.00935957,0.00311986,0.00935957,0.00311986,0.00935957,0.00311986
253,41179.7,1.3586,0.69458,0.88395,1.19712,0.57156,0.85446,2.15463,1.54762,0.09054,0.0013,0.51517,0.769737,0.684518,0.725176,0.466956,nan,nan,nan,nan,nan,nan,nan,nan,nan,nan,nan,0.00925235,0.00308412,0.00925235,0.00308412,0.00925235,0.00308412,0.00925235,0.00308412
254,41334.4,1.35051,0.69092,0.88528,1.18886,0.56637,0.85665,2.16276,1.55079,0.09479,0.00124,0.51594,0.768411,0.686141,0.726065,0.467233,nan,nan,nan,nan,nan,nan,nan,nan,nan,nan,nan,0.0091455,0.0030485,0.0091455,0.0030485,0.0091455,0.0030485,0.0091455,0.0030485
255,41488.4,1.33975,0.68456,0.88399,1.18164,0.56658,0.85752,2.07808,1.48989,0.09226,0.00127,0.49466,0.768638,0.686312,0.726578,0.467773,nan,nan,nan,nan,nan,nan,nan,nan,nan,nan,nan,0.00903901,0.003013,0.00903901,0.003013,0.00903901,0.003013,0.00903901,0.003013
256,41642.8,1.34422,0.6874,0.88322,1.17861,0.56236,0.85435,2.07443,1.49457,0.08996,0.00118,0.48872,0.768298,0.686846,0.727576,0.468303,nan,nan,nan,nan,nan,nan,nan,nan,nan,nan,nan,0.0089329,0.00297763,0.0089329,0.00297763,0.0089329,0.00297763,0.0089329,0.00297763
257,41797,1.34405,0.68571,0.88166,1.18686,0.56584,0.85393,2.12227,1.52184,0.09024,0.00127,0.50893,0.77149,0.686297,0.728174,0.46903,nan,nan,nan,nan,nan,nan,nan,nan,nan,nan,nan,0.00882718,0.00294239,0.00882718,0.00294239,0.00882718,0.00294239,0.00882718,0.00294239
258,41951.8,1.34324,0.68566,0.88303,1.18257,0.56478,0.85414,2.12188,1.53365,0.09084,0.00128,0.4961,0.770001,0.689296,0.728778,0.469501,nan,nan,nan,nan,nan,nan,nan,nan,nan,nan,nan,0.00872184,0.00290728,0.00872184,0.00290728,0.00872184,0.00290728,0.00872184,0.00290728
259,42106.3,1.33173,0.68077,0.88031,1.17791,0.56189,0.85214,2.12536,1.52856,0.0908,0.00141,0.50458,0.770745,0.690038,0.729391,0.470287,nan,nan,nan,nan,nan,nan,nan,nan,nan,nan,nan,0.0086169,0.0028723,0.0086169,0.0028723,0.0086169,0.0028723,0.0086169,0.0028723
260,42261.7,1.32808,0.68122,0.88146,1.17284,0.55921,0.85292,2.14264,1.56133,0.08694,0.00122,0.49315,0.772532,0.690108,0.73001,0.470784,nan,nan,nan,nan,nan,nan,nan,nan,nan,nan,nan,0.00851237,0.00283746,0.00851237,0.00283746,0.00851237,0.00283746,0.00851237,0.00283746
261,42417.7,1.32438,0.67756,0.88138,1.1663,0.55657,0.85321,2.12022,1.5163,0.08771,0.00134,0.51487,0.772711,0.691412,0.730557,0.471372,nan,nan,nan,nan,nan,nan,nan,nan,nan,nan,nan,0.00840824,0.00280275,0.00840824,0.00280275,0.00840824,0.00280275,0.00840824,0.00280275
262,42570.6,1.32626,0.67652,0.87871,1.16961,0.55864,0.85138,2.11794,1.50719,0.08685,0.0013,0.5226,0.771694,0.692515,0.731031,0.471987,nan,nan,nan,nan,nan,nan,nan,nan,nan,nan,nan,0.00830453,0.00276818,0.00830453,0.00276818,0.00830453,0.00276818,0.00830453,0.00276818
263,42724.1,1.31618,0.67466,0.87727,1.16719,0.55583,0.8514,2.07147,1.4878,0.08777,0.00132,0.49458,0.772014,0.692854,0.731527,0.472381,nan,nan,nan,nan,nan,nan,nan,nan,nan,nan,nan,0.00820124,0.00273375,0.00820124,0.00273375,0.00820124,0.00273375,0.00820124,0.00273375
264,42876.8,1.31736,0.66771,0.87798,1.15997,0.55199,0.84964,2.04812,1.46189,0.08585,0.00116,0.49922,0.772478,0.692949,0.732098,0.473239,nan,nan,nan,nan,nan,nan,nan,nan,nan,nan,nan,0.00809838,0.00269946,0.00809838,0.00269946,0.00809838,0.00269946,0.00809838,0.00269946
265,43030.8,1.31331,0.67134,0.8792,1.15862,0.55442,0.85148,2.05055,1.46322,0.08485,0.00119,0.50129,0.773103,0.693597,0.732626,0.47392,nan,nan,nan,nan,nan,nan,nan,nan,nan,nan,nan,0.00799596,0.00266532,0.00799596,0.00266532,0.00799596,0.00266532,0.00799596,0.00266532
266,43184.5,1.31181,0.67233,0.87695,1.16109,0.55657,0.85017,2.03259,1.45304,0.08771,0.00124,0.4906,0.773783,0.693936,0.733199,0.474335,nan,nan,nan,nan,nan,nan,nan,nan,nan,nan,nan,0.00789397,0.00263132,0.00789397,0.00263132,0.00789397,0.00263132,0.00789397,0.00263132
267,43338.1,1.31153,0.66836,0.87828,1.15853,0.55246,0.85171,2.02917,1.4572,0.08219,0.00109,0.48869,0.775517,0.694487,0.733873,0.47524,nan,nan,nan,nan,nan,nan,nan,nan,nan,nan,nan,0.00779244,0.00259748,0.00779244,0.00259748,0.00779244,0.00259748,0.00779244,0.00259748
268,43493.9,1.30435,0.66588,0.87666,1.14929,0.54732,0.85057,2.01,1.43719,0.08944,0.00121,0.48216,0.775572,0.694888,0.734495,0.475685,nan,nan,nan,nan,nan,nan,nan,nan,nan,nan,nan,0.00769136,0.00256379,0.00769136,0.00256379,0.00769136,0.00256379,0.00769136,0.00256379
269,43650.1,1.30247,0.6607,0.87578,1.15114,0.54657,0.85035,2.04559,1.45242,0.0905,0.00126,0.50141,0.776278,0.694919,0.734657,0.476199,nan,nan,nan,nan,nan,nan,nan,nan,nan,nan,nan,0.00759073,0.00253024,0.00759073,0.00253024,0.00759073,0.00253024,0.00759073,0.00253024
270,43807.2,1.30122,0.66827,0.87472,1.14683,0.5478,0.84883,2.09295,1.49255,0.0895,0.00127,0.50963,0.775719,0.695236,0.735024,0.476897,nan,nan,nan,nan,nan,nan,nan,nan,nan,nan,nan,0.00749058,0.00249686,0.00749058,0.00249686,0.00749058,0.00249686,0.00749058,0.00249686
271,43963.8,1.30012,0.66202,0.87507,1.14823,0.54582,0.84879,2.02659,1.4357,0.08645,0.00116,0.50328,0.775257,0.695943,0.735444,0.476951,nan,nan,nan,nan,nan,nan,nan,nan,nan,nan,nan,0.0073909,0.00246363,0.0073909,0.00246363,0.0073909,0.00246363,0.0073909,0.00246363
272,44120.9,1.2941,0.65771,0.87463,1.14005,0.5434,0.84842,2.03187,1.44016,0.08734,0.00125,0.50311,0.775072,0.695891,0.735795,0.477736,nan,nan,nan,nan,nan,nan,nan,nan,nan,nan,nan,0.00729169,0.00243056,0.00729169,0.00243056,0.00729169,0.00243056,0.00729169,0.00243056
273,44278.2,1.29499,0.66122,0.87226,1.14378,0.5439,0.84694,2.07391,1.48072,0.0879,0.00121,0.50409,0.777994,0.695708,0.73613,0.478252,nan,nan,nan,nan,nan,nan,nan,nan,nan,nan,nan,0.00719297,0.00239766,0.00719297,0.00239766,0.00719297,0.00239766,0.00719297,0.00239766
274,44435.7,1.29305,0.66094,0.87362,1.14035,0.54412,0.84679,1.99464,1.42,0.0834,0.00119,0.49006,0.779622,0.695913,0.736946,0.478823,nan,nan,nan,nan,nan,nan,nan,nan,nan,nan,nan,0.00709474,0.00236491,0.00709474,0.00236491,0.00709474,0.00236491,0.00709474,0.00236491
275,44593.5,1.27877,0.65185,0.87135,1.13577,0.54183,0.84776,2.03987,1.45898,0.08502,0.0012,0.49466,0.780035,0.695984,0.737616,0.479389,nan,nan,nan,nan,nan,nan,nan,nan,nan,nan,nan,0.00699701,0.00233234,0.00699701,0.00233234,0.00699701,0.00233234,0.00699701,0.00233234
276,44749.8,1.2691,0.64655,0.87073,1.12645,0.53824,0.84626,2.02944,1.44917,0.0879,0.00122,0.49115,0.780861,0.696581,0.738253,0.480132,nan,nan,nan,nan,nan,nan,nan,nan,nan,nan,nan,0.00689978,0.00229993,0.00689978,0.00229993,0.00689978,0.00229993,0.00689978,0.00229993
277,44906.6,1.27841,0.65001,0.86985,1.12932,0.53717,0.84487,1.99151,1.41,0.08511,0.00119,0.49522,0.779761,0.697342,0.738756,0.480823,nan,nan,nan,nan,nan,nan,nan,nan,nan,nan,nan,0.00680306,0.00226769,0.00680306,0.00226769,0.00680306,0.00226769,0.00680306,0.00226769
278,45062.7,1.28138,0.65073,0.8715,1.12995,0.53987,0.84701,2.04911,1.47181,0.08696,0.00112,0.48922,0.780885,0.697908,0.739318,0.481186,nan,nan,nan,nan,nan,nan,nan,nan,nan,nan,nan,0.00670686,0.00223562,0.00670686,0.00223562,0.00670686,0.00223562,0.00670686,0.00223562
279,45217.2,1.27278,0.64777,0.87058,1.11945,0.5331,0.84595,2.05775,1.48048,0.08792,0.00118,0.48817,0.783888,0.696818,0.739793,0.481902,nan,nan,nan,nan,nan,nan,nan,nan,nan,nan,nan,0.00661117,0.00220372,0.00661117,0.00220372,0.00661117,0.00220372,0.00661117,0.00220372
280,45373,1.26952,0.64421,0.86862,1.12284,0.53288,0.84541,2.02349,1.44218,0.08665,0.00127,0.49339,0.784948,0.697436,0.74017,0.48242,nan,nan,nan,nan,nan,nan,nan,nan,nan,nan,nan,0.00651601,0.002172,0.00651601,0.002172,0.00651601,0.002172,0.00651601,0.002172
281,45527.3,1.27052,0.64114,0.86582,1.11888,0.52991,0.84045,1.99556,1.41728,0.08525,0.00121,0.49182,0.78249,0.698998,0.740456,0.483104,nan,nan,nan,nan,nan,nan,nan,nan,nan,nan,nan,0.00642139,0.00214046,0.00642139,0.00214046,0.00642139,0.00214046,0.00642139,0.00214046
282,45682.6,1.26711,0.64469,0.86643,1.11971,0.53255,0.84114,1.95929,1.38525,0.08712,0.00124,0.48568,0.782171,0.699072,0.740787,0.483647,nan,nan,nan,nan,nan,nan,nan,nan,nan,nan,nan,0.0063273,0.0021091,0.0063273,0.0021091,0.0063273,0.0021091,0.0063273,0.0021091
283,45837,1.25972,0.63791,0.86821,1.11331,0.52867,0.84548,1.98143,1.39743,0.08436,0.00118,0.49846,0.784341,0.699725,0.74085,0.484083,nan,nan,nan,nan,nan,nan,nan,nan,nan,nan,nan,0.00623376,0.00207792,0.00623376,0.00207792,0.00623376,0.00207792,0.00623376,0.00207792
284,45990.7,1.2559,0.6372,0.86612,1.11245,0.52986,0.84276,1.99123,1.40925,0.08567,0.00111,0.4952,0.782,0.700261,0.741818,0.484266,nan,nan,nan,nan,nan,nan,nan,nan,nan,nan,nan,0.00614077,0.00204692,0.00614077,0.00204692,0.00614077,0.00204692,0.00614077,0.00204692
285,46143.1,1.26047,0.63816,0.86712,1.11567,0.53194,0.84515,1.94859,1.38135,0.0838,0.00121,0.48222,0.782503,0.700175,0.742692,0.484596,nan,nan,nan,nan,nan,nan,nan,nan,nan,nan,nan,0.00604833,0.00201611,0.00604833,0.00201611,0.00604833,0.00201611,0.00604833,0.00201611
286,46295.4,1.24755,0.63276,0.86321,1.10735,0.52782,0.83948,1.97877,1.40213,0.08396,0.00117,0.49151,0.78422,0.700693,0.743481,0.485243,nan,nan,nan,nan,nan,nan,nan,nan,nan,nan,nan,0.00595645,0.00198548,0.00595645,0.00198548,0.00595645,0.00198548,0.00595645,0.00198548
287,46448.1,1.24897,0.63246,0.86367,1.10325,0.52478,0.84091,1.92763,1.36092,0.08216,0.00122,0.48333,0.784554,0.701397,0.743812,0.486054,nan,nan,nan,nan,nan,nan,nan,nan,nan,nan,nan,0.00586515,0.00195505,0.00586515,0.00195505,0.00586515,0.00195505,0.00586515,0.00195505
288,46602.9,1.25046,0.63424,0.8653,1.10475,0.5251,0.84186,1.97967,1.40425,0.08123,0.0012,0.49299,0.784773,0.702301,0.744527,0.486622,nan,nan,nan,nan,nan,nan,nan,nan,nan,nan,nan,0.00577441,0.0019248,0.00577441,0.0019248,0.00577441,0.0019248,0.00577441,0.0019248
289,46755.8,1.23912,0.62945,0.86669,1.10089,0.52821,0.84371,1.9816,1.4117,0.08237,0.00108,0.48645,0.785934,0.701803,0.744827,0.487048,nan,nan,nan,nan,nan,nan,nan,nan,nan,nan,nan,0.00568425,0.00189475,0.00568425,0.00189475,0.00568425,0.00189475,0.00568425,0.00189475
290,46910.1,1.24805,0.63037,0.86472,1.10345,0.52481,0.84123,1.9692,1.37664,0.08202,0.00117,0.50938,0.785999,0.702785,0.745452,0.487902,nan,nan,nan,nan,nan,nan,nan,nan,nan,nan,nan,0.00559468,0.00186489,0.00559468,0.00186489,0.00559468,0.00186489,0.00559468,0.00186489
291,47064.9,1.2303,0.62478,0.86431,1.08845,0.51995,0.84137,1.9595,1.37732,0.08118,0.00114,0.49988,0.786868,0.703359,0.745995,0.488279,nan,nan,nan,nan,nan,nan,nan,nan,nan,nan,nan,0.0055057,0.00183523,0.0055057,0.00183523,0.0055057,0.00183523,0.0055057,0.00183523
292,47219.4,1.24034,0.6264,0.86258,1.09908,0.52184,0.84086,1.92022,1.35405,0.08159,0.00122,0.48336,0.783555,0.704211,0.746001,0.488567,nan,nan,nan,nan,nan,nan,nan,nan,nan,nan,nan,0.00541731,0.00180577,0.00541731,0.00180577,0.00541731,0.00180577,0.00541731,0.00180577
293,47372.6,1.22727,0.62351,0.86281,1.08447,0.51729,0.84044,1.90083,1.33219,0.08193,0.00119,0.48553,0.784473,0.704594,0.747628,0.488897,nan,nan,nan,nan,nan,nan,nan,nan,nan,nan,nan,0.00532952,0.00177651,0.00532952,0.00177651,0.00532952,0.00177651,0.00532952,0.00177651
294,47525.8,1.2331,0.62173,0.86179,1.08947,0.51708,0.83926,1.89915,1.32507,0.08354,0.00127,0.48927,0.78159,0.706685,0.748303,0.489582,nan,nan,nan,nan,nan,nan,nan,nan,nan,nan,nan,0.00524234,0.00174745,0.00524234,0.00174745,0.00524234,0.00174745,0.00524234,0.00174745
295,47677.8,1.22662,0.62061,0.86086,1.0857,0.516,0.83986,1.9155,1.3424,0.08275,0.0012,0.48915,0.786054,0.704547,0.748677,0.490088,nan,nan,nan,nan,nan,nan,nan,nan,nan,nan,nan,0.00515576,0.00171859,0.00515576,0.00171859,0.00515576,0.00171859,0.00515576,0.00171859
296,47829.1,1.22445,0.61667,0.86035,1.08436,0.5208,0.838,1.86058,1.30448,0.0782,0.00109,0.4768,0.788377,0.704037,0.749008,0.490565,nan,nan,nan,nan,nan,nan,nan,nan,nan,nan,nan,0.00506981,0.00168994,0.00506981,0.00168994,0.00506981,0.00168994,0.00506981,0.00168994
297,47982.2,1.21716,0.61451,0.86004,1.07937,0.51526,0.83839,1.86953,1.31088,0.0788,0.00113,0.47872,0.786487,0.705726,0.74951,0.491108,nan,nan,nan,nan,nan,nan,nan,nan,nan,nan,nan,0.00498448,0.00166149,0.00498448,0.00166149,0.00498448,0.00166149,0.00498448,0.00166149
298,48134.4,1.22082,0.61305,0.8599,1.08278,0.51595,0.83786,1.9308,1.36012,0.08224,0.00116,0.48728,0.787421,0.706154,0.749803,0.491603,nan,nan,nan,nan,nan,nan,nan,nan,nan,nan,nan,0.00489977,0.00163326,0.00489977,0.00163326,0.00489977,0.00163326,0.00489977,0.00163326
299,48288.5,1.21632,0.6126,0.85935,1.07513,0.5115,0.83607,1.87789,1.31956,0.07882,0.00104,0.47847,0.787665,0.706235,0.750044,0.492442,nan,nan,nan,nan,nan,nan,nan,nan,nan,nan,nan,0.00481569,0.00160523,0.00481569,0.00160523,0.00481569,0.00160523,0.00481569,0.00160523
300,48440.5,1.22299,0.61638,0.86035,1.08231,0.51564,0.83739,1.85815,1.28948,0.08046,0.00117,0.48704,0.787452,0.707977,0.750805,0.49299,nan,nan,nan,nan,nan,nan,nan,nan,nan,nan,nan,0.00473226,0.00157742,0.00473226,0.00157742,0.00473226,0.00157742,0.00473226,0.00157742
301,48592.9,1.21594,0.61254,0.85738,1.074,0.51121,0.83506,1.85875,1.30112,0.07961,0.00116,0.47686,0.7883,0.708465,0.751354,0.493322,nan,nan,nan,nan,nan,nan,nan,nan,nan,nan,nan,0.00464946,0.00154982,0.00464946,0.00154982,0.00464946,0.00154982,0.00464946,0.00154982
302,48745,1.20111,0.60496,0.85628,1.06785,0.5101,0.83517,1.89013,1.33265,0.07878,0.00115,0.47755,0.787763,0.708478,0.751224,0.4938,nan,nan,nan,nan,nan,nan,nan,nan,nan,nan,nan,0.00456732,0.00152244,0.00456732,0.00152244,0.00456732,0.00152244,0.00456732,0.00152244
303,48899.6,1.20414,0.60594,0.85625,1.06742,0.50682,0.83498,1.89901,1.33411,0.08011,0.00114,0.48365,0.790134,0.708058,0.751927,0.49437,nan,nan,nan,nan,nan,nan,nan,nan,nan,nan,nan,0.00448582,0.00149527,0.00448582,0.00149527,0.00448582,0.00149527,0.00448582,0.00149527
304,49054.7,1.20048,0.6051,0.85627,1.06506,0.5061,0.83548,1.84178,1.26852,0.07912,0.00114,0.493,0.787757,0.71005,0.752631,0.494959,nan,nan,nan,nan,nan,nan,nan,nan,nan,nan,nan,0.00440499,0.00146833,0.00440499,0.00146833,0.00440499,0.00146833,0.00440499,0.00146833
305,49210.3,1.20317,0.6067,0.85508,1.06832,0.50564,0.83446,1.90804,1.33017,0.08109,0.00117,0.49561,0.788308,0.711206,0.753434,0.495881,nan,nan,nan,nan,nan,nan,nan,nan,nan,nan,nan,0.00432482,0.00144161,0.00432482,0.00144161,0.00432482,0.00144161,0.00432482,0.00144161
306,49365.1,1.19895,0.60483,0.85498,1.06466,0.50445,0.83395,1.88169,1.30888,0.08026,0.00113,0.49143,0.790996,0.709788,0.753524,0.496098,nan,nan,nan,nan,nan,nan,nan,nan,nan,nan,nan,0.00424531,0.0014151,0.00424531,0.0014151,0.00424531,0.0014151,0.00424531,0.0014151
307,49520.3,1.20241,0.60504,0.85748,1.06684,0.50532,0.83596,1.86411,1.2982,0.07794,0.0012,0.48677,0.792045,0.709641,0.754033,0.496332,nan,nan,nan,nan,nan,nan,nan,nan,nan,nan,nan,0.00416648,0.00138883,0.00416648,0.00138883,0.00416648,0.00138883,0.00416648,0.00138883
308,49674.3,1.18816,0.5994,0.85262,1.05803,0.50275,0.83416,1.83605,1.27471,0.08006,0.0012,0.48009,0.794333,0.709121,0.75435,0.496962,nan,nan,nan,nan,nan,nan,nan,nan,nan,nan,nan,0.00408832,0.00136277,0.00408832,0.00136277,0.00408832,0.00136277,0.00408832,0.00136277
309,49829.7,1.18228,0.59373,0.8549,1.0519,0.49947,0.83532,1.82462,1.26675,0.08022,0.00112,0.47654,0.795372,0.709301,0.754825,0.497205,nan,nan,nan,nan,nan,nan,nan,nan,nan,nan,nan,0.00401085,0.00133695,0.00401085,0.00133695,0.00401085,0.00133695,0.00401085,0.00133695
310,49984,1.18602,0.59679,0.85418,1.04865,0.49926,0.83351,1.84213,1.27903,0.08005,0.00111,0.48193,0.794612,0.710635,0.754981,0.497555,nan,nan,nan,nan,nan,nan,nan,nan,nan,nan,nan,0.00393407,0.00131136,0.00393407,0.00131136,0.00393407,0.00131136,0.00393407,0.00131136
311,50138.3,1.17654,0.59411,0.8521,1.04604,0.49688,0.8338,1.85869,1.28168,0.08049,0.00111,0.49541,0.794395,0.710644,0.755022,0.497895,nan,nan,nan,nan,nan,nan,nan,nan,nan,nan,nan,0.00385797,0.00128599,0.00385797,0.00128599,0.00385797,0.00128599,0.00385797,0.00128599
312,50292.7,1.17848,0.59237,0.85333,1.04907,0.49965,0.83465,1.8602,1.2882,0.07804,0.0011,0.49287,0.795611,0.711199,0.755359,0.498414,nan,nan,nan,nan,nan,nan,nan,nan,nan,nan,nan,0.00378257,0.00126086,0.00378257,0.00126086,0.00378257,0.00126086,0.00378257,0.00126086
313,50447.4,1.17473,0.592,0.85256,1.04146,0.49844,0.83214,1.86017,1.28798,0.08063,0.00117,0.49039,0.795892,0.711426,0.755623,0.498608,nan,nan,nan,nan,nan,nan,nan,nan,nan,nan,nan,0.00370788,0.00123596,0.00370788,0.00123596,0.00370788,0.00123596,0.00370788,0.00123596
314,50603,1.1702,0.59072,0.85211,1.04321,0.49585,0.83127,1.8538,1.28357,0.07668,0.00112,0.49243,0.79732,0.713204,0.757094,0.499055,nan,nan,nan,nan,nan,nan,nan,nan,nan,nan,nan,0.00363389,0.0012113,0.00363389,0.0012113,0.00363389,0.0012113,0.00363389,0.0012113
315,50758.3,1.17817,0.59095,0.85215,1.04009,0.49369,0.83251,1.83754,1.2633,0.07781,0.00114,0.49529,0.797928,0.712651,0.757173,0.499685,nan,nan,nan,nan,nan,nan,nan,nan,nan,nan,nan,0.00356061,0.00118687,0.00356061,0.00118687,0.00356061,0.00118687,0.00356061,0.00118687
316,50913.7,1.17747,0.59044,0.85096,1.04154,0.49638,0.83094,1.84096,1.27174,0.07904,0.00117,0.48902,0.799382,0.712493,0.757807,0.500035,nan,nan,nan,nan,nan,nan,nan,nan,nan,nan,nan,0.00348804,0.00116268,0.00348804,0.00116268,0.00348804,0.00116268,0.00348804,0.00116268
317,51071.1,1.16223,0.58794,0.84981,1.03072,0.49089,0.83028,1.81301,1.2523,0.07802,0.00109,0.4816,0.799431,0.713362,0.758369,0.500613,nan,nan,nan,nan,nan,nan,nan,nan,nan,nan,nan,0.0034162,0.00113873,0.0034162,0.00113873,0.0034162,0.00113873,0.0034162,0.00113873
318,51228.7,1.17186,0.5882,0.85157,1.04077,0.49223,0.83146,1.85137,1.27993,0.07887,0.00109,0.49148,0.800042,0.714332,0.758748,0.501132,nan,nan,nan,nan,nan,nan,nan,nan,nan,nan,nan,0.00334508,0.00111503,0.00334508,0.00111503,0.00334508,0.00111503,0.00334508,0.00111503
319,51385.5,1.16643,0.58991,0.85245,1.03125,0.49096,0.8327,1.82956,1.25753,0.07712,0.0011,0.4938,0.799783,0.714697,0.759574,0.501479,nan,nan,nan,nan,nan,nan,nan,nan,nan,nan,nan,0.00327468,0.00109156,0.00327468,0.00109156,0.00327468,0.00109156,0.00327468,0.00109156
320,51541.9,1.15309,0.58115,0.84747,1.02394,0.48873,0.8292,1.8534,1.28105,0.07819,0.00106,0.49309,0.799898,0.715181,0.759893,0.502219,nan,nan,nan,nan,nan,nan,nan,nan,nan,nan,nan,0.00320502,0.00106834,0.00320502,0.00106834,0.00320502,0.00106834,0.00320502,0.00106834
321,51698.8,1.15991,0.58122,0.84968,1.02975,0.48959,0.83055,1.8571,1.28806,0.07841,0.0011,0.48953,0.799727,0.714735,0.76022,0.502583,nan,nan,nan,nan,nan,nan,nan,nan,nan,nan,nan,0.0031361,0.00104537,0.0031361,0.00104537,0.0031361,0.00104537,0.0031361,0.00104537
322,51856.4,1.1532,0.57766,0.84892,1.02379,0.48706,0.83061,1.84179,1.26851,0.07859,0.0011,0.49359,0.799558,0.716253,0.760886,0.503031,nan,nan,nan,nan,nan,nan,nan,nan,nan,nan,nan,0.00306791,0.00102264,0.00306791,0.00102264,0.00306791,0.00102264,0.00306791,0.00102264
323,52013.6,1.15803,0.58144,0.8474,1.02745,0.4889,0.82871,1.86459,1.29389,0.078,0.00115,0.49155,0.799866,0.716979,0.761178,0.50331,nan,nan,nan,nan,nan,nan,nan,nan,nan,nan,nan,0.00300048,0.00100016,0.00300048,0.00100016,0.00300048,0.00100016,0.00300048,0.00100016
324,52170.7,1.14868,0.57902,0.84622,1.0241,0.48554,0.82784,1.85087,1.28411,0.07797,0.00114,0.48764,0.800472,0.717207,0.761552,0.503339,nan,nan,nan,nan,nan,nan,nan,nan,nan,nan,nan,0.00293379,0.000977929,0.00293379,0.000977929,0.00293379,0.000977929,0.00293379,0.000977929
325,52328,1.14903,0.57607,0.84765,1.01967,0.48421,0.82953,1.79699,1.23502,0.07723,0.00116,0.48358,0.801009,0.718292,0.76224,0.503805,nan,nan,nan,nan,nan,nan,nan,nan,nan,nan,nan,0.00286785,0.000955951,0.00286785,0.000955951,0.00286785,0.000955951,0.00286785,0.000955951
326,52484.2,1.14025,0.5743,0.84755,1.01594,0.48276,0.82913,1.81856,1.25376,0.07593,0.00111,0.48776,0.801882,0.718056,0.762072,0.504307,nan,nan,nan,nan,nan,nan,nan,nan,nan,nan,nan,0.00280268,0.000934225,0.00280268,0.000934225,0.00280268,0.000934225,0.00280268,0.000934225
327,52641.3,1.14183,0.57232,0.84335,1.01792,0.48238,0.8261,1.8114,1.25049,0.07702,0.00107,0.48283,0.801312,0.720096,0.763135,0.504711,nan,nan,nan,nan,nan,nan,nan,nan,nan,nan,nan,0.00273826,0.000912754,0.00273826,0.000912754,0.00273826,0.000912754,0.00273826,0.000912754
328,52798.7,1.14316,0.57406,0.84645,1.01517,0.48252,0.82886,1.78423,1.21954,0.07558,0.00106,0.48805,0.801193,0.720604,0.763852,0.505458,nan,nan,nan,nan,nan,nan,nan,nan,nan,nan,nan,0.00267461,0.000891537,0.00267461,0.000891537,0.00267461,0.000891537,0.00267461,0.000891537
329,52956.1,1.13238,0.57246,0.84449,1.00894,0.48342,0.82726,1.79019,1.22684,0.07601,0.0011,0.48625,0.800606,0.722409,0.764056,0.505893,nan,nan,nan,nan,nan,nan,nan,nan,nan,nan,nan,0.00261173,0.000870577,0.00261173,0.000870577,0.00261173,0.000870577,0.00261173,0.000870577
330,53113.2,1.12651,0.56873,0.84223,1.00415,0.47969,0.82518,1.784,1.22221,0.07544,0.00107,0.48528,0.80191,0.722139,0.764511,0.506167,nan,nan,nan,nan,nan,nan,nan,nan,nan,nan,nan,0.00254962,0.000849874,0.00254962,0.000849874,0.00254962,0.000849874,0.00254962,0.000849874
331,53269.3,1.13324,0.57427,0.84643,1.00446,0.4796,0.8279,1.80916,1.24453,0.07943,0.00109,0.48412,0.800983,0.722865,0.764777,0.506461,nan,nan,nan,nan,nan,nan,nan,nan,nan,nan,nan,0.00248829,0.000829431,0.00248829,0.000829431,0.00248829,0.000829431,0.00248829,0.000829431
332,53425.6,1.13646,0.56804,0.84476,1.00779,0.47874,0.82724,1.79331,1.23686,0.07534,0.00101,0.4801,0.801604,0.723315,0.765218,0.507056,nan,nan,nan,nan,nan,nan,nan,nan,nan,nan,nan,0.00242774,0.000809248,0.00242774,0.000809248,0.00242774,0.000809248,0.00242774,0.000809248
333,53580.6,1.12856,0.56794,0.84202,1.00573,0.4793,0.8253,1.76113,1.20057,0.07834,0.00114,0.48109,0.801628,0.724383,0.765726,0.507311,nan,nan,nan,nan,nan,nan,nan,nan,nan,nan,nan,0.00236798,0.000789327,0.00236798,0.000789327,0.00236798,0.000789327,0.00236798,0.000789327
334,53735,1.12046,0.56481,0.84479,0.99576,0.47691,0.82682,1.76815,1.20511,0.07516,0.00104,0.48684,0.802228,0.725265,0.765656,0.507643,nan,nan,nan,nan,nan,nan,nan,nan,nan,nan,nan,0.00230901,0.000769668,0.00230901,0.000769668,0.00230901,0.000769668,0.00230901,0.000769668
335,53888.2,1.12183,0.56543,0.84467,0.99849,0.47667,0.82668,1.82925,1.26168,0.07771,0.00111,0.48875,0.802366,0.724399,0.765798,0.508089,nan,nan,nan,nan,nan,nan,nan,nan,nan,nan,nan,0.00225082,0.000750274,0.00225082,0.000750274,0.00225082,0.000750274,0.00225082,0.000750274
336,54042.2,1.12016,0.56238,0.84324,0.99897,0.47584,0.82681,1.77581,1.21294,0.07554,0.00109,0.48624,0.803601,0.725551,0.766912,0.508505,nan,nan,nan,nan,nan,nan,nan,nan,nan,nan,nan,0.00219343,0.000731145,0.00219343,0.000731145,0.00219343,0.000731145,0.00219343,0.000731145
337,54195.5,1.11554,0.5631,0.84386,0.99095,0.47323,0.82652,1.76807,1.20562,0.07571,0.00106,0.48568,0.804281,0.726443,0.767508,0.508946,nan,nan,nan,nan,nan,nan,nan,nan,nan,nan,nan,0.00213685,0.000712282,0.00213685,0.000712282,0.00213685,0.000712282,0.00213685,0.000712282
338,54350.6,1.11907,0.56416,0.8423,0.99508,0.47466,0.82592,1.79586,1.23109,0.07483,0.00106,0.48888,0.804173,0.726922,0.767858,0.509293,nan,nan,nan,nan,nan,nan,nan,nan,nan,nan,nan,0.00208106,0.000693687,0.00208106,0.000693687,0.00208106,0.000693687,0.00208106,0.000693687
339,54505.5,1.11164,0.56064,0.84216,0.98753,0.47098,0.82452,1.77993,1.22053,0.07449,0.0011,0.48381,0.803855,0.727813,0.767937,0.509519,nan,nan,nan,nan,nan,nan,nan,nan,nan,nan,nan,0.00202608,0.00067536,0.00202608,0.00067536,0.00202608,0.00067536,0.00202608,0.00067536
340,54661.2,1.10632,0.55568,0.84179,0.9843,0.46977,0.82463,1.80665,1.24394,0.07262,0.00102,0.48906,0.804658,0.729049,0.769026,0.510009,nan,nan,nan,nan,nan,nan,nan,nan,nan,nan,nan,0.00197191,0.000657303,0.00197191,0.000657303,0.00197191,0.000657303,0.00197191,0.000657303
341,54817.8,1.11028,0.5557,0.84138,0.9893,0.47015,0.82493,1.76748,1.20684,0.07353,0.00104,0.48608,0.805393,0.728384,0.769265,0.510414,nan,nan,nan,nan,nan,nan,nan,nan,nan,nan,nan,0.00191855,0.000639518,0.00191855,0.000639518,0.00191855,0.000639518,0.00191855,0.000639518
342,54974.4,1.11213,0.5581,0.84122,0.98673,0.46841,0.82403,1.75097,1.18834,0.07203,0.00105,0.48955,0.805829,0.727824,0.769616,0.511123,nan,nan,nan,nan,nan,nan,nan,nan,nan,nan,nan,0.00186601,0.000622004,0.00186601,0.000622004,0.00186601,0.000622004,0.00186601,0.000622004
343,55132,1.10863,0.55783,0.83865,0.98671,0.46934,0.82215,1.75772,1.20106,0.07449,0.00105,0.48113,0.80632,0.729056,0.770175,0.511455,nan,nan,nan,nan,nan,nan,nan,nan,nan,nan,nan,0.00181429,0.000604763,0.00181429,0.000604763,0.00181429,0.000604763,0.00181429,0.000604763
344,55291.2,1.10293,0.55373,0.841,0.97975,0.46674,0.82429,1.78318,1.21714,0.0742,0.00102,0.49082,0.802722,0.731941,0.770257,0.51184,nan,nan,nan,nan,nan,nan,nan,nan,nan,nan,nan,0.00176339,0.000587797,0.00176339,0.000587797,0.00176339,0.000587797,0.00176339,0.000587797
345,55451.8,1.10286,0.55409,0.84017,0.9803,0.46603,0.82317,1.78289,1.21849,0.07302,0.001,0.49039,0.804227,0.73084,0.770769,0.512139,nan,nan,nan,nan,nan,nan,nan,nan,nan,nan,nan,0.00171332,0.000571106,0.00171332,0.000571106,0.00171332,0.000571106,0.00171332,0.000571106
346,55608.1,1.09973,0.55168,0.83968,0.98325,0.46593,0.82373,1.78803,1.21971,0.07414,0.00096,0.49322,0.803105,0.731874,0.771114,0.51262,nan,nan,nan,nan,nan,nan,nan,nan,nan,nan,nan,0.00166407,0.000554691,0.00166407,0.000554691,0.00166407,0.000554691,0.00166407,0.000554691
347,55765,1.10269,0.55697,0.84067,0.97984,0.46779,0.82386,1.76076,1.19423,0.07054,0.00095,0.49504,0.804301,0.731901,0.771563,0.512905,nan,nan,nan,nan,nan,nan,nan,nan,nan,nan,nan,0.00161566,0.000538554,0.00161566,0.000538554,0.00161566,0.000538554,0.00161566,0.000538554
348,55923.4,1.10071,0.55219,0.83942,0.98009,0.46482,0.82318,1.73278,1.17172,0.07421,0.0011,0.48576,0.804107,0.732352,0.771948,0.513269,nan,nan,nan,nan,nan,nan,nan,nan,nan,nan,nan,0.00156808,0.000522695,0.00156808,0.000522695,0.00156808,0.000522695,0.00156808,0.000522695
349,56081.7,1.09639,0.54947,0.83964,0.97418,0.46213,0.82345,1.74422,1.18077,0.07315,0.00097,0.48932,0.802116,0.73295,0.771979,0.513572,nan,nan,nan,nan,nan,nan,nan,nan,nan,nan,nan,0.00152134,0.000507115,0.00152134,0.000507115,0.00152134,0.000507115,0.00152134,0.000507115
350,56240.9,1.09543,0.54857,0.83946,0.97391,0.46213,0.823,1.77212,1.21031,0.07364,0.00098,0.48719,0.800463,0.734536,0.77245,0.514404,nan,nan,nan,nan,nan,nan,nan,nan,nan,nan,nan,0.00147544,0.000491815,0.00147544,0.000491815,0.00147544,0.000491815,0.00147544,0.000491815
351,56400,1.10217,0.55365,0.83925,0.97525,0.46352,0.82229,1.75565,1.19082,0.07412,0.00095,0.48975,0.800779,0.735028,0.772844,0.514721,nan,nan,nan,nan,nan,nan,nan,nan,nan,nan,nan,0.00143039,0.000476796,0.00143039,0.000476796,0.00143039,0.000476796,0.00143039,0.000476796
352,56558.6,1.09686,0.55848,0.83917,0.97273,0.46546,0.82142,1.73942,1.18184,0.07155,0.00103,0.485,0.803837,0.733388,0.773385,0.515151,nan,nan,nan,nan,nan,nan,nan,nan,nan,nan,nan,0.00138618,0.00046206,0.00138618,0.00046206,0.00138618,0.00046206,0.00138618,0.00046206
353,56717.2,1.08646,0.54576,0.83755,0.96952,0.46121,0.82142,1.75687,1.18915,0.07471,0.0011,0.49192,0.801456,0.735437,0.77377,0.515397,nan,nan,nan,nan,nan,nan,nan,nan,nan,nan,nan,0.00134282,0.000447606,0.00134282,0.000447606,0.00134282,0.000447606,0.00134282,0.000447606
354,56875.1,1.08447,0.54428,0.83698,0.97144,0.46143,0.82135,1.7503,1.18509,0.07268,0.00101,0.49152,0.802306,0.735788,0.774375,0.515589,nan,nan,nan,nan,nan,nan,nan,nan,nan,nan,nan,0.00130031,0.000433437,0.00130031,0.000433437,0.00130031,0.000433437,0.00130031,0.000433437
355,57032.4,1.08904,0.54583,0.83682,0.97057,0.4611,0.82117,1.73217,1.17677,0.07283,0.001,0.48157,0.802586,0.737152,0.774832,0.515728,nan,nan,nan,nan,nan,nan,nan,nan,nan,nan,nan,0.00125866,0.000419552,0.00125866,0.000419552,0.00125866,0.000419552,0.00125866,0.000419552
356,57194.6,1.07893,0.54217,0.83682,0.96589,0.45979,0.82161,1.73217,1.17916,0.07248,0.00096,0.47957,0.802776,0.737662,0.775316,0.515931,nan,nan,nan,nan,nan,nan,nan,nan,nan,nan,nan,0.00121786,0.000405953,0.00121786,0.000405953,0.00121786,0.000405953,0.00121786,0.000405953
357,57354.8,1.07958,0.54398,0.83762,0.96448,0.4588,0.82248,1.778,1.22189,0.07208,0.00098,0.48305,0.80403,0.737981,0.775776,0.516257,nan,nan,nan,nan,nan,nan,nan,nan,nan,nan,nan,0.00117792,0.00039264,0.00117792,0.00039264,0.00117792,0.00039264,0.00117792,0.00039264
358,57515.3,1.08615,0.54479,0.83771,0.9655,0.45919,0.8213,1.74998,1.19234,0.07265,0.00097,0.48402,0.804414,0.739411,0.776816,0.516802,nan,nan,nan,nan,nan,nan,nan,nan,nan,nan,nan,0.00113884,0.000379615,0.00113884,0.000379615,0.00113884,0.000379615,0.00113884,0.000379615
359,57677.8,1.07929,0.54176,0.83954,0.96349,0.45758,0.82358,1.72234,1.16513,0.07282,0.00101,0.48337,0.805107,0.739966,0.777238,0.517391,nan,nan,nan,nan,nan,nan,nan,nan,nan,nan,nan,0.00110063,0.000366877,0.00110063,0.000366877,0.00110063,0.000366877,0.00110063,0.000366877
360,57839.1,1.07818,0.5401,0.83711,0.96118,0.45671,0.82175,1.74045,1.18146,0.07256,0.00089,0.48553,0.806252,0.739951,0.777841,0.51763,nan,nan,nan,nan,nan,nan,nan,nan,nan,nan,nan,0.00106329,0.000354429,0.00106329,0.000354429,0.00106329,0.000354429,0.00106329,0.000354429
361,58001.2,1.06884,0.53874,0.83481,0.95986,0.45755,0.82009,1.7322,1.18068,0.07157,0.00095,0.47901,0.80539,0.741372,0.778013,0.517973,nan,nan,nan,nan,nan,nan,nan,nan,nan,nan,nan,0.00102681,0.00034227,0.00102681,0.00034227,0.00102681,0.00034227,0.00102681,0.00034227
362,58163.8,1.07251,0.53967,0.83558,0.95262,0.45444,0.81982,1.69224,1.13503,0.07058,0.00095,0.48568,0.806742,0.741921,0.77859,0.518238,nan,nan,nan,nan,nan,nan,nan,nan,nan,nan,nan,0.000991206,0.000330402,0.000991206,0.000330402,0.000991206,0.000330402,0.000991206,0.000330402
363,58323.9,1.07545,0.53963,0.83582,0.95665,0.45663,0.8204,1.75631,1.19217,0.07186,0.00097,0.49131,0.80715,0.741738,0.77886,0.518359,nan,nan,nan,nan,nan,nan,nan,nan,nan,nan,nan,0.000956474,0.000318825,0.000956474,0.000318825,0.000956474,0.000318825,0.000956474,0.000318825
364,58486.7,1.07517,0.54016,0.83619,0.96034,0.45664,0.82078,1.71299,1.15825,0.07273,0.00099,0.48102,0.807653,0.741338,0.778973,0.518679,nan,nan,nan,nan,nan,nan,nan,nan,nan,nan,nan,0.000922617,0.000307539,0.000922617,0.000307539,0.000922617,0.000307539,0.000922617,0.000307539
365,58646.6,1.07546,0.54418,0.83593,0.95513,0.45832,0.81986,1.74988,1.19119,0.07219,0.00096,0.48554,0.808077,0.741649,0.779159,0.518946,nan,nan,nan,nan,nan,nan,nan,nan,nan,nan,nan,0.000889639,0.000296546,0.000889639,0.000296546,0.000889639,0.000296546,0.000889639,0.000296546
366,58808.3,1.06944,0.53673,0.83587,0.95469,0.45699,0.82083,1.70908,1.14921,0.0729,0.00103,0.48594,0.80943,0.74171,0.779081,0.519181,nan,nan,nan,nan,nan,nan,nan,nan,nan,nan,nan,0.00085754,0.000285847,0.00085754,0.000285847,0.00085754,0.000285847,0.00085754,0.000285847
367,58967.6,1.06832,0.53587,0.83691,0.94843,0.45183,0.82154,1.70322,1.14495,0.0716,0.00093,0.48574,0.8093,0.742499,0.779912,0.519288,nan,nan,nan,nan,nan,nan,nan,nan,nan,nan,nan,0.000826322,0.000275441,0.000826322,0.000275441,0.000826322,0.000275441,0.000826322,0.000275441
368,59128.9,1.07478,0.54236,0.83853,0.95028,0.45532,0.82069,1.75323,1.18391,0.07391,0.00102,0.49439,0.809281,0.742469,0.780207,0.519555,nan,nan,nan,nan,nan,nan,nan,nan,nan,nan,nan,0.000795988,0.000265329,0.000795988,0.000265329,0.000795988,0.000265329,0.000795988,0.000265329
369,59288,1.06035,0.5324,0.83671,0.94748,0.45335,0.82245,1.73572,1.17266,0.07344,0.00101,0.4886,0.809003,0.742889,0.78041,0.519747,nan,nan,nan,nan,nan,nan,nan,nan,nan,nan,nan,0.00076654,0.000255513,0.00076654,0.000255513,0.00076654,0.000255513,0.00076654,0.000255513
370,59446.4,1.06684,0.53624,0.83455,0.95096,0.45281,0.81933,1.74999,1.19254,0.07154,0.00096,0.48495,0.809923,0.743158,0.780739,0.51992,nan,nan,nan,nan,nan,nan,nan,nan,nan,nan,nan,0.000737979,0.000245993,0.000737979,0.000245993,0.000737979,0.000245993,0.000737979,0.000245993
371,59604.5,1.07846,0.5376,0.83384,0.96147,0.45569,0.81804,1.77382,1.20912,0.07247,0.00099,0.49124,0.809854,0.74378,0.781097,0.520063,nan,nan,nan,nan,nan,nan,nan,nan,nan,nan,nan,0.000710307,0.000236769,0.000710307,0.000236769,0.000710307,0.000236769,0.000710307,0.000236769
372,59760.6,1.06087,0.53162,0.83228,0.94708,0.44948,0.81752,1.78907,1.21963,0.07018,0.00097,0.4983,0.812896,0.742893,0.781237,0.520185,nan,nan,nan,nan,nan,nan,nan,nan,nan,nan,nan,0.000683525,0.000227842,0.000683525,0.000227842,0.000683525,0.000227842,0.000683525,0.000227842
373,59917.8,1.06428,0.53349,0.8347,0.94832,0.45097,0.81921,1.73891,1.17934,0.0716,0.001,0.48697,0.813301,0.742954,0.781732,0.520583,nan,nan,nan,nan,nan,nan,nan,nan,nan,nan,nan,0.000657636,0.000219212,0.000657636,0.000219212,0.000657636,0.000219212,0.000657636,0.000219212
374,60076.6,1.06436,0.53496,0.83369,0.94769,0.45381,0.81908,1.73486,1.1701,0.07201,0.00097,0.49179,0.81371,0.742942,0.781848,0.520675,nan,nan,nan,nan,nan,nan,nan,nan,nan,nan,nan,0.000632641,0.00021088,0.000632641,0.00021088,0.000632641,0.00021088,0.000632641,0.00021088
375,60234,1.05799,0.53085,0.83393,0.95159,0.45184,0.82057,1.73557,1.17844,0.07197,0.00098,0.48417,0.813744,0.743652,0.782753,0.520925,nan,nan,nan,nan,nan,nan,nan,nan,nan,nan,nan,0.000608541,0.000202847,0.000608541,0.000202847,0.000608541,0.000202847,0.000608541,0.000202847
376,60391.2,1.05983,0.53148,0.83425,0.94613,0.44969,0.81984,1.7289,1.17262,0.07075,0.00099,0.48455,0.813717,0.743514,0.782941,0.521246,nan,nan,nan,nan,nan,nan,nan,nan,nan,nan,nan,0.000585339,0.000195113,0.000585339,0.000195113,0.000585339,0.000195113,0.000585339,0.000195113
377,60551,1.05484,0.5296,0.83335,0.94338,0.45023,0.81887,1.75334,1.19306,0.07133,0.00096,0.48799,0.814231,0.74387,0.783176,0.52117,nan,nan,nan,nan,nan,nan,nan,nan,nan,nan,nan,0.000563034,0.000187678,0.000563034,0.000187678,0.000563034,0.000187678,0.000563034,0.000187678
378,60710.9,1.06406,0.53399,0.83379,0.95256,0.45254,0.81965,1.73961,1.18485,0.07254,0.00094,0.48129,0.814132,0.743926,0.783299,0.521436,nan,nan,nan,nan,nan,nan,nan,nan,nan,nan,nan,0.00054163,0.000180543,0.00054163,0.000180543,0.00054163,0.000180543,0.00054163,0.000180543
379,60871,1.05568,0.53009,0.83327,0.94175,0.4487,0.81848,1.74007,1.17895,0.0727,0.00097,0.48744,0.815702,0.743962,0.783624,0.521588,nan,nan,nan,nan,nan,nan,nan,nan,nan,nan,nan,0.000521127,0.000173709,0.000521127,0.000173709,0.000521127,0.000173709,0.000521127,0.000173709
380,61035.4,1.05921,0.53315,0.83334,0.9435,0.44866,0.81853,1.70371,1.13604,0.07346,0.00098,0.49323,0.816268,0.743777,0.783495,0.521616,nan,nan,nan,nan,nan,nan,nan,nan,nan,nan,nan,0.000501526,0.000167175,0.000501526,0.000167175,0.000501526,0.000167175,0.000501526,0.000167175
381,61196.7,1.05497,0.52769,0.83431,0.9369,0.44576,0.81951,1.72652,1.16501,0.07156,0.00103,0.48892,0.816154,0.743691,0.783842,0.521623,nan,nan,nan,nan,nan,nan,nan,nan,nan,nan,nan,0.000482828,0.000160943,0.000482828,0.000160943,0.000482828,0.000160943,0.000482828,0.000160943
382,61357.9,1.05409,0.53093,0.83492,0.94065,0.4501,0.81949,1.71892,1.16068,0.07135,0.00098,0.48591,0.81634,0.744591,0.784408,0.521987,nan,nan,nan,nan,nan,nan,nan,nan,nan,nan,nan,0.000465035,0.000155012,0.000465035,0.000155012,0.000465035,0.000155012,0.000465035,0.000155012
383,61519.1,1.04992,0.52652,0.83353,0.93679,0.44672,0.8194,1.73698,1.17578,0.07327,0.00103,0.4869,0.816336,0.74561,0.784556,0.522315,nan,nan,nan,nan,nan,nan,nan,nan,nan,nan,nan,0.000448149,0.000149383,0.000448149,0.000149383,0.000448149,0.000149383,0.000448149,0.000149383
384,61678.5,1.05651,0.52893,0.83121,0.94254,0.44795,0.81637,1.75106,1.18162,0.07112,0.00093,0.49739,0.815039,0.746695,0.78445,0.522441,nan,nan,nan,nan,nan,nan,nan,nan,nan,nan,nan,0.000432169,0.000144056,0.000432169,0.000144056,0.000432169,0.000144056,0.000432169,0.000144056
385,61839,1.05192,0.52809,0.83326,0.94032,0.4477,0.81783,1.70145,1.14294,0.07198,0.00095,0.48557,0.814529,0.747266,0.784769,0.522777,nan,nan,nan,nan,nan,nan,nan,nan,nan,nan,nan,0.000417097,0.000139032,0.000417097,0.000139032,0.000417097,0.000139032,0.000417097,0.000139032
386,62001.1,1.05515,0.5308,0.83358,0.93828,0.44703,0.8179,1.70962,1.15467,0.0703,0.00097,0.48369,0.815765,0.747506,0.785311,0.523257,nan,nan,nan,nan,nan,nan,nan,nan,nan,nan,nan,0.000402933,0.000134311,0.000402933,0.000134311,0.000402933,0.000134311,0.000402933,0.000134311
387,62161.3,1.04886,0.5263,0.83227,0.94074,0.44713,0.81858,1.70108,1.13771,0.0713,0.00098,0.49109,0.815729,0.747473,0.785355,0.523326,nan,nan,nan,nan,nan,nan,nan,nan,nan,nan,nan,0.00038968,0.000129893,0.00038968,0.000129893,0.00038968,0.000129893,0.00038968,0.000129893
388,62323.4,1.05445,0.53032,0.83254,0.94127,0.44887,0.81839,1.73665,1.17555,0.0711,0.00103,0.48896,0.815593,0.748251,0.785663,0.523465,nan,nan,nan,nan,nan,nan,nan,nan,nan,nan,nan,0.000377337,0.000125779,0.000377337,0.000125779,0.000377337,0.000125779,0.000377337,0.000125779
389,62485.5,1.04165,0.52564,0.83326,0.92987,0.44415,0.81832,1.71249,1.14884,0.07078,0.00101,0.49186,0.817739,0.747425,0.786256,0.523916,nan,nan,nan,nan,nan,nan,nan,nan,nan,nan,nan,0.000365905,0.000121968,0.000365905,0.000121968,0.000365905,0.000121968,0.000365905,0.000121968
390,62647.8,1.05508,0.53198,0.83215,0.93386,0.44487,0.81515,1.71177,1.16087,0.07024,0.00096,0.47971,0.817774,0.747601,0.786185,0.524004,nan,nan,nan,nan,nan,nan,nan,nan,nan,nan,nan,0.000355385,0.000118462,0.000355385,0.000118462,0.000355385,0.000118462,0.000355385,0.000118462
391,62809.7,1.05207,0.52645,0.83461,0.9356,0.44533,0.81967,1.76069,1.19301,0.07269,0.00098,0.494,0.818036,0.747534,0.78625,0.524286,nan,nan,nan,nan,nan,nan,nan,nan,nan,nan,nan,0.000345778,0.000115259,0.000345778,0.000115259,0.000345778,0.000115259,0.000345778,0.000115259
392,62971.9,1.04482,0.52583,0.83352,0.93676,0.44649,0.82013,1.70973,1.15286,0.07092,0.001,0.48495,0.817297,0.74864,0.786368,0.524439,nan,nan,nan,nan,nan,nan,nan,nan,nan,nan,nan,0.000337083,0.000112361,0.000337083,0.000112361,0.000337083,0.000112361,0.000337083,0.000112361
393,63135.9,1.04398,0.5247,0.83356,0.92777,0.44275,0.81931,1.71474,1.15118,0.07225,0.00095,0.49036,0.817166,0.749294,0.786451,0.524293,nan,nan,nan,nan,nan,nan,nan,nan,nan,nan,nan,0.000329303,0.000109768,0.000329303,0.000109768,0.000329303,0.000109768,0.000329303,0.000109768
394,63297.4,1.04529,0.52386,0.83179,0.93339,0.44699,0.81774,1.68736,1.13389,0.07056,0.00095,0.48196,0.820436,0.747382,0.786637,0.524751,nan,nan,nan,nan,nan,nan,nan,nan,nan,nan,nan,0.000322437,0.000107479,0.000322437,0.000107479,0.000322437,0.000107479,0.000322437,0.000107479
395,63459.8,1.04592,0.52919,0.83211,0.93897,0.45208,0.81767,1.76993,1.203,0.07096,0.001,0.49498,0.820784,0.747624,0.786796,0.524623,nan,nan,nan,nan,nan,nan,nan,nan,nan,nan,nan,0.000316485,0.000105495,0.000316485,0.000105495,0.000316485,0.000105495,0.000316485,0.000105495
396,63621.1,1.04073,0.52103,0.83202,0.93071,0.44397,0.81816,1.72961,1.16374,0.07111,0.00096,0.49379,0.821391,0.747858,0.787032,0.524717,nan,nan,nan,nan,nan,nan,nan,nan,nan,nan,nan,0.000311449,0.000103816,0.000311449,0.000103816,0.000311449,0.000103816,0.000311449,0.000103816
397,63782,1.04661,0.52867,0.83265,0.93222,0.44539,0.81791,1.74489,1.18423,0.0708,0.00098,0.48887,0.82203,0.747677,0.787054,0.524679,nan,nan,nan,nan,nan,nan,nan,nan,nan,nan,nan,0.000307328,0.000102443,0.000307328,0.000102443,0.000307328,0.000102443,0.000307328,0.000102443
398,63942.3,1.05016,0.52688,0.83321,0.93618,0.44571,0.8177,1.7437,1.1751,0.07091,0.00098,0.49671,0.821796,0.747775,0.787323,0.524898,nan,nan,nan,nan,nan,nan,nan,nan,nan,nan,nan,0.000304122,0.000101374,0.000304122,0.000101374,0.000304122,0.000101374,0.000304122,0.000101374
399,64103.9,1.04286,0.52469,0.83258,0.93149,0.44455,0.81784,1.73541,1.17383,0.0718,0.00094,0.48884,0.821275,0.748261,0.787545,0.525089,nan,nan,nan,nan,nan,nan,nan,nan,nan,nan,nan,0.000301832,0.000100611,0.000301832,0.000100611,0.000301832,0.000100611,0.000301832,0.000100611
400,64263.9,1.05091,0.52688,0.83286,0.93785,0.44806,0.81826,1.74843,1.1869,0.06985,0.00097,0.49071,0.821686,0.748146,0.787642,0.525314,nan,nan,nan,nan,nan,nan,nan,nan,nan,nan,nan,0.000300458,0.000100153,0.000300458,0.000100153,0.000300458,0.000100153,0.000300458,0.000100153
