epoch,time,train/box_loss,train/cls_loss,train/dfl_loss,train/angle_loss,train/t_rec_loss,train/reach_match_loss,train/reach_rank_loss,train/task_loss,train/kd_loss,train/s_rec_loss,train/d_pos_mean,train/d_neg_mean,train/rank_gap_mean,train/mask_mean,train/mask_std,train/mask_fg_mean,train/mask_bg_mean,metrics/precision(B),metrics/recall(B),metrics/mAP50(B),metrics/mAP50-95(B),val/box_loss,val/cls_loss,val/dfl_loss,val/angle_loss,val/t_rec_loss,val/reach_match_loss,val/reach_rank_loss,val/task_loss,val/kd_loss,val/s_rec_loss,val/d_pos_mean,val/d_neg_mean,val/rank_gap_mean,val/mask_mean,val/mask_std,val/mask_fg_mean,val/mask_bg_mean,phase_stop_fitness,lr/pg0,lr/pg1,lr/pg2,lr/pg3,lr/pg4,lr/pg5,lr/pg6,lr/pg7
1,143.005,2.05755,1.3689,1.1307,0,0.00835,0.00334,0.1535,0.88423,3.68927,0.04961,0.00334,2.46484,2.46149,0.49161,0.06614,0.46281,0.49191,0.75597,0.64547,0.6949,0.41367,1.51572,0.82591,0.91068,0,0,0,0,0,0,0,0,0,0,0,0,0,0,0.41367,0.00995652,0.00331884,0.00995652,0.00331884,0.00995652,0.00331884,0.00995652,0.00331884
2,282.101,1.92997,1.19526,1.06292,0,0.00803,0.00379,0.15352,0.89273,0.69894,0.03538,0.00379,2.46985,2.46606,0.49354,0.06655,0.46578,0.49384,0.66229,0.56386,0.59486,0.3326,1.79233,1.0146,0.98355,0,0,0,0,0,0,0,0,0,0,0,0,0,0,0.3326,0.0199564,0.00665215,0.0199564,0.00665215,0.0199564,0.00665215,0.0199564,0.00665215
3,414.389,2.09572,1.36119,1.10102,0,0.00763,0.00556,0.15377,0.96107,0.62937,0.02109,0.00556,2.48204,2.47648,0.49712,0.06866,0.46969,0.49741,0.47569,0.33764,0.33909,0.15395,2.35176,1.61405,1.19127,0,0,0,0,0,0,0,0,0,0,0,0,0,0,0.15395,0.0299561,0.00998535,0.0299561,0.00998535,0.0299561,0.00998535,0.0299561,0.00998535
4,557.884,2.31261,1.60886,1.17914,0,0.00729,0.00646,0.1539,1.02442,0.68384,0.01315,0.00646,2.48354,2.47708,0.50214,0.07057,0.4742,0.50245,0.41951,0.3089,0.30118,0.12369,2.40613,2.58686,1.20296,0,0,0,0,0,0,0,0,0,0,0,0,0,0,0.12369,0.029999,0.00999966,0.029999,0.00999966,0.029999,0.00999966,0.029999,0.00999966
5,690.108,2.316,1.60155,1.1821,0,0.00699,0.0064,0.15389,1.02122,0.67623,0.01026,0.0064,2.49408,2.48769,0.50354,0.07221,0.47689,0.50384,0.3993,0.34386,0.32257,0.13938,2.55437,1.70434,1.20983,0,0,0,0,0,0,0,0,0,0,0,0,0,0,0.13938,0.0299982,0.00999939,0.0299982,0.00999939,0.0299982,0.00999939,0.0299982,0.00999939
6,828.048,2.30785,1.58476,1.17415,0,0.00676,0.00655,0.15391,1.02434,0.65527,0.00893,0.00655,2.49773,2.49119,0.50316,0.07325,0.47683,0.50346,0.48415,0.36747,0.36648,0.16638,2.338,1.52913,1.17015,0,0,0,0,0,0,0,0,0,0,0,0,0,0,0.16638,0.0299971,0.00999905,0.0299971,0.00999905,0.0299971,0.00999905,0.0299971,0.00999905
7,958.949,2.27723,1.53733,1.1619,0,0.00656,0.00623,0.15387,1.00225,0.69571,0.0081,0.00623,2.4952,2.48897,0.50321,0.07574,0.47302,0.50356,0.50262,0.39192,0.39791,0.17418,2.30257,1.49443,1.15497,0,0,0,0,0,0,0,0,0,0,0,0,0,0,0.17418,0.0299959,0.00999863,0.0299959,0.00999863,0.0299959,0.00999863,0.0299959,0.00999863
8,1092.12,2.24382,1.50424,1.15409,0,0.00638,0.00636,0.154,0.99949,0.70274,0.00761,0.00636,2.49851,2.49215,0.50308,0.07733,0.47567,0.50338,0.46697,0.37535,0.36186,0.16967,2.35665,1.55435,1.16973,0,0,0,0,0,0,0,0,0,0,0,0,0,0,0.16967,0.0299944,0.00999813,0.0299944,0.00999813,0.0299944,0.00999813,0.0299944,0.00999813
9,1223.61,2.22491,1.47214,1.14179,0,0.00622,0.00619,0.15386,0.98094,0.71942,0.00713,0.00619,2.49531,2.48912,0.50652,0.07728,0.48171,0.50679,0.47669,0.40579,0.40103,0.19537,2.25892,1.42997,1.13095,0,0,0,0,0,0,0,0,0,0,0,0,0,0,0.19537,0.0299927,0.00999756,0.0299927,0.00999756,0.0299927,0.00999756,0.0299927,0.00999756
10,1357,2.20615,1.47279,1.13817,0,0.0061,0.00625,0.15387,0.98682,0.74144,0.00685,0.00625,2.48929,2.48304,0.50571,0.07646,0.47855,0.50603,0.50232,0.40443,0.39832,0.18215,2.28461,1.46608,1.14668,0,0,0,0,0,0,0,0,0,0,0,0,0,0,0.18215,0.0299907,0.00999691,0.0299907,0.00999691,0.0299907,0.00999691,0.0299907,0.00999691
11,1488.18,2.21561,1.46364,1.13313,0,0.00598,0.00673,0.15402,0.98862,0.74437,0.00663,0.00673,2.48561,2.47888,0.50831,0.07632,0.48034,0.50866,0.55584,0.34752,0.36987,0.17918,2.38531,1.5012,1.17178,0,0,0,0,0,0,0,0,0,0,0,0,0,0,0.17918,0.0299886,0.00999618,0.0299886,0.00999618,0.0299886,0.00999618,0.0299886,0.00999618
12,1616.39,2.20503,1.43807,1.12457,0,0.00587,0.00658,0.15392,0.98162,0.75927,0.00636,0.00658,2.47623,2.46964,0.50755,0.0762,0.48273,0.50784,0.39006,0.29746,0.27138,0.12511,2.67341,1.72158,1.24296,0,0,0,0,0,0,0,0,0,0,0,0,0,0,0.12511,0.0299861,0.00999538,0.0299861,0.00999538,0.0299861,0.00999538,0.0299861,0.00999538
13,1741.87,2.18274,1.43347,1.12563,0,0.00577,0.00662,0.15393,0.97468,0.78019,0.00622,0.00662,2.46478,2.45816,0.51045,0.0768,0.48762,0.51071,0.52685,0.43637,0.4341,0.19641,2.20669,1.3627,1.12536,0,0,0,0,0,0,0,0,0,0,0,0,0,0,0.19641,0.0299835,0.0099945,0.0299835,0.0099945,0.0299835,0.0099945,0.0299835,0.0099945
14,1870.31,2.17574,1.41175,1.11737,0,0.00568,0.00645,0.1539,0.96688,0.79127,0.0061,0.00645,2.45846,2.45201,0.5112,0.07595,0.48601,0.51151,0.52984,0.48926,0.48477,0.24131,2.10817,1.28229,1.09726,0,0,0,0,0,0,0,0,0,0,0,0,0,0,0.24131,0.0299807,0.00999355,0.0299807,0.00999355,0.0299807,0.00999355,0.0299807,0.00999355
15,1997.63,2.15795,1.39743,1.11185,0,0.00561,0.00645,0.1539,0.9618,0.77573,0.00591,0.00645,2.45367,2.44721,0.51132,0.07683,0.4848,0.51163,0.53161,0.5016,0.49567,0.24543,2.0671,1.28003,1.07853,0,0,0,0,0,0,0,0,0,0,0,0,0,0,0.24543,0.0299776,0.00999252,0.0299776,0.00999252,0.0299776,0.00999252,0.0299776,0.00999252
16,2118.6,2.14513,1.38927,1.11441,0,0.00553,0.00681,0.15395,0.96726,0.80487,0.00581,0.00681,2.44925,2.44244,0.50994,0.07796,0.48223,0.51028,0.5606,0.48305,0.49041,0.24731,2.0755,1.25415,1.08336,0,0,0,0,0,0,0,0,0,0,0,0,0,0,0.24731,0.0299742,0.00999141,0.0299742,0.00999141,0.0299742,0.00999141,0.0299742,0.00999141
17,2238.46,2.13427,1.37007,1.10955,0,0.00548,0.00655,0.15392,0.95055,0.81789,0.00563,0.00655,2.44167,2.43512,0.51061,0.07882,0.48094,0.51098,0.55017,0.4702,0.47147,0.23491,2.13241,1.30919,1.09605,0,0,0,0,0,0,0,0,0,0,0,0,0,0,0.23491,0.0299707,0.00999023,0.0299707,0.00999023,0.0299707,0.00999023,0.0299707,0.00999023
18,2371.9,2.13559,1.36694,1.1051,0,0.0054,0.00636,0.15389,0.95001,0.83047,0.00553,0.00636,2.43386,2.4275,0.51217,0.079,0.48529,0.51251,0.54923,0.49096,0.49165,0.24417,2.154,1.2507,1.09968,0,0,0,0,0,0,0,0,0,0,0,0,0,0,0.24417,0.0299669,0.00998897,0.0299669,0.00998897,0.0299669,0.00998897,0.0299669,0.00998897
19,2495.09,2.12033,1.35557,1.10136,0,0.00537,0.00681,0.15396,0.95384,0.84659,0.0055,0.00681,2.43138,2.42457,0.51119,0.07959,0.48481,0.51151,0.62029,0.46878,0.49103,0.25095,2.12444,1.26064,1.0933,0,0,0,0,0,0,0,0,0,0,0,0,0,0,0.25095,0.0299629,0.00998764,0.0299629,0.00998764,0.0299629,0.00998764,0.0299629,0.00998764
20,2618.1,2.11116,1.34724,1.09694,0,0.00534,0.00679,0.15395,0.95451,0.84091,0.00542,0.00679,2.42548,2.41869,0.51113,0.07832,0.48602,0.51144,0.557,0.50627,0.50668,0.25424,2.10308,1.24579,1.08451,0,0,0,0,0,0,0,0,0,0,0,0,0,0,0.25424,0.0299587,0.00998623,0.0299587,0.00998623,0.0299587,0.00998623,0.0299587,0.00998623
21,2743.84,2.09973,1.34573,1.10452,0,0.00529,0.00678,0.15395,0.95023,0.84972,0.00536,0.00678,2.42292,2.41614,0.5104,0.07808,0.48405,0.51073,0.60461,0.5186,0.53287,0.27266,2.01803,1.17889,1.06074,0,0,0,0,0,0,0,0,0,0,0,0,0,0,0.27266,0.0299542,0.00998474,0.0299542,0.00998474,0.0299542,0.00998474,0.0299542,0.00998474
22,2872.77,2.08945,1.33618,1.09538,0,0.00527,0.00693,0.15397,0.94714,0.86051,0.00529,0.00693,2.42728,2.42035,0.51179,0.079,0.48379,0.51213,0.60324,0.51893,0.53997,0.2813,2.02573,1.16671,1.05654,0,0,0,0,0,0,0,0,0,0,0,0,0,0,0.2813,0.0299495,0.00998318,0.0299495,0.00998318,0.0299495,0.00998318,0.0299495,0.00998318
23,2999.8,2.08002,1.32807,1.09151,0,0.00522,0.00672,0.15394,0.94134,0.87427,0.00526,0.00672,2.42684,2.42012,0.51421,0.07932,0.48776,0.51455,0.57105,0.53578,0.53331,0.26882,2.04437,1.17918,1.06266,0,0,0,0,0,0,0,0,0,0,0,0,0,0,0.26882,0.0299446,0.00998154,0.0299446,0.00998154,0.0299446,0.00998154,0.0299446,0.00998154
24,3130.05,2.07012,1.30709,1.08945,0,0.00521,0.00699,0.15398,0.94004,0.92714,0.00521,0.00699,2.43225,2.42526,0.51066,0.08011,0.48049,0.51095,0.5982,0.53508,0.5447,0.27518,1.98895,1.1443,1.05376,0,0,0,0,0,0,0,0,0,0,0,0,0,0,0.27518,0.0299395,0.00997982,0.0299395,0.00997982,0.0299395,0.00997982,0.0299395,0.00997982
25,3264.49,2.0796,1.31813,1.09067,0,0.00518,0.00676,0.15395,0.9415,0.92699,0.00518,0.00676,2.4247,2.41793,0.51094,0.07936,0.48137,0.51132,0.59855,0.52578,0.5399,0.27993,2.02396,1.16635,1.05504,0,0,0,0,0,0,0,0,0,0,0,0,0,0,0.27993,0.0299341,0.00997803,0.0299341,0.00997803,0.0299341,0.00997803,0.0299341,0.00997803
26,3389.88,2.05816,1.3098,1.08704,0,0.00514,0.00703,0.15399,0.93551,0.8879,0.00512,0.00703,2.42701,2.41998,0.50777,0.07865,0.47734,0.50818,0.60412,0.53072,0.53995,0.28662,2.00044,1.1521,1.0512,0,0,0,0,0,0,0,0,0,0,0,0,0,0,0.28662,0.0299285,0.00997616,0.0299285,0.00997616,0.0299285,0.00997616,0.0299285,0.00997616
27,3516.8,2.06754,1.30561,1.08227,0,0.00511,0.00696,0.15398,0.9364,0.87468,0.00506,0.00696,2.43176,2.4248,0.51097,0.07839,0.48105,0.51137,0.61324,0.53891,0.55603,0.29394,2.00406,1.11341,1.04936,0,0,0,0,0,0,0,0,0,0,0,0,0,0,0.29394,0.0299227,0.00997422,0.0299227,0.00997422,0.0299227,0.00997422,0.0299227,0.00997422
28,3646.2,2.03825,1.28845,1.07912,0,0.00512,0.00692,0.15397,0.93539,0.92762,0.00509,0.00692,2.42848,2.42157,0.51219,0.07915,0.48314,0.51258,0.65141,0.55658,0.57828,0.30738,1.90124,1.0665,1.02593,0,0,0,0,0,0,0,0,0,0,0,0,0,0,0.30738,0.0299166,0.0099722,0.0299166,0.0099722,0.0299166,0.0099722,0.0299166,0.0099722
29,3768.23,2.03917,1.28306,1.08054,0,0.00508,0.00704,0.15399,0.92657,0.91927,0.00499,0.00704,2.42933,2.42229,0.51385,0.07868,0.48347,0.51428,0.6344,0.57017,0.58615,0.31381,1.91326,1.0731,1.02382,0,0,0,0,0,0,0,0,0,0,0,0,0,0,0.31381,0.0299103,0.00997011,0.0299103,0.00997011,0.0299103,0.00997011,0.0299103,0.00997011
30,3893.46,2.03709,1.28109,1.07569,0,0.00506,0.00673,0.15394,0.92317,0.90075,0.00493,0.00673,2.42714,2.42041,0.51679,0.07824,0.48542,0.51721,0.60587,0.54264,0.55505,0.2952,1.97682,1.10663,1.03957,0,0,0,0,0,0,0,0,0,0,0,0,0,0,0.2952,0.0299038,0.00996794,0.0299038,0.00996794,0.0299038,0.00996794,0.0299038,0.00996794
31,4018.67,2.04236,1.2782,1.07441,0,0.00502,0.00695,0.15397,0.92254,0.95736,0.00497,0.00695,2.42208,2.41514,0.5139,0.07805,0.48339,0.51432,0.6325,0.5563,0.57351,0.31294,1.89397,1.06737,1.02614,0,0,0,0,0,0,0,0,0,0,0,0,0,0,0.31294,0.0298971,0.00996569,0.0298971,0.00996569,0.0298971,0.00996569,0.0298971,0.00996569
32,4143.5,2.03539,1.27723,1.07472,0,0.00499,0.00702,0.15399,0.92525,0.96365,0.00491,0.00702,2.42343,2.41641,0.51565,0.07657,0.48495,0.51608,0.63708,0.55948,0.58364,0.3162,1.88793,1.05052,1.02335,0,0,0,0,0,0,0,0,0,0,0,0,0,0,0.3162,0.0298901,0.00996337,0.0298901,0.00996337,0.0298901,0.00996337,0.0298901,0.00996337
33,4268.05,2.0427,1.27676,1.06655,0,0.00499,0.00697,0.15398,0.92788,0.9389,0.00484,0.00697,2.41829,2.41132,0.51763,0.07702,0.48999,0.518,0.62231,0.55281,0.56975,0.30868,1.90516,1.07243,1.02146,0,0,0,0,0,0,0,0,0,0,0,0,0,0,0.30868,0.0298829,0.00996097,0.0298829,0.00996097,0.0298829,0.00996097,0.0298829,0.00996097
34,4392.66,2.01784,1.26106,1.07369,0,0.00498,0.00717,0.15401,0.92075,0.95102,0.00482,0.00717,2.41888,2.41172,0.51889,0.07743,0.49008,0.5192,0.62277,0.57178,0.58216,0.3166,1.87485,1.04487,1.01773,0,0,0,0,0,0,0,0,0,0,0,0,0,0,0.3166,0.0298755,0.00995849,0.0298755,0.00995849,0.0298755,0.00995849,0.0298755,0.00995849
35,4519.3,2.03967,1.27533,1.07153,0,0.00495,0.00713,0.154,0.92971,0.94418,0.00476,0.00713,2.41698,2.40985,0.52029,0.0765,0.4895,0.52071,0.64421,0.57369,0.59512,0.32482,1.85809,1.02287,1.0117,0,0,0,0,0,0,0,0,0,0,0,0,0,0,0.32482,0.0298678,0.00995594,0.0298678,0.00995594,0.0298678,0.00995594,0.0298678,0.00995594
36,4647.63,2.02569,1.26003,1.06507,0,0.00493,0.00713,0.154,0.92198,0.97497,0.00476,0.00713,2.41428,2.40715,0.51969,0.07766,0.48933,0.52011,0.63235,0.57697,0.59088,0.32441,1.86785,1.02035,1.01435,0,0,0,0,0,0,0,0,0,0,0,0,0,0,0.32441,0.02986,0.00995332,0.02986,0.00995332,0.02986,0.00995332,0.02986,0.00995332
37,4768.64,2.01203,1.25496,1.0657,0,0.00492,0.00702,0.15399,0.91175,0.95644,0.00473,0.00702,2.41191,2.40489,0.52088,0.07797,0.4903,0.52131,0.6175,0.58731,0.59412,0.322,1.8534,1.03751,1.01293,0,0,0,0,0,0,0,0,0,0,0,0,0,0,0.322,0.0298519,0.00995062,0.0298519,0.00995062,0.0298519,0.00995062,0.0298519,0.00995062
38,4892.54,2.01566,1.25026,1.06534,0,0.00492,0.00733,0.15403,0.91855,0.97687,0.00471,0.00733,2.4108,2.40347,0.51772,0.07901,0.48558,0.51818,0.6412,0.56849,0.59022,0.32036,1.87777,1.02022,1.01527,0,0,0,0,0,0,0,0,0,0,0,0,0,0,0.32036,0.0298435,0.00994784,0.0298435,0.00994784,0.0298435,0.00994784,0.0298435,0.00994784
39,5019.47,2.0198,1.24398,1.05969,0,0.00489,0.00734,0.15403,0.90812,0.9934,0.00472,0.00734,2.41513,2.40779,0.52227,0.07882,0.49167,0.52269,0.66409,0.58967,0.61101,0.33962,1.83544,1.00327,1.00583,0,0,0,0,0,0,0,0,0,0,0,0,0,0,0.33962,0.029835,0.00994499,0.029835,0.00994499,0.029835,0.00994499,0.029835,0.00994499
40,5143.23,1.99788,1.23964,1.06875,0,0.00489,0.00736,0.15404,0.91409,0.94619,0.00467,0.00736,2.41275,2.4054,0.52148,0.07828,0.49295,0.52187,0.64024,0.59538,0.6102,0.34127,1.79456,0.98118,0.999,0,0,0,0,0,0,0,0,0,0,0,0,0,0,0.34127,0.0298262,0.00994206,0.0298262,0.00994206,0.0298262,0.00994206,0.0298262,0.00994206
41,5270.68,2.01162,1.2482,1.06392,0,0.0049,0.00735,0.15403,0.91647,0.95045,0.00462,0.00735,2.41677,2.40942,0.52233,0.07702,0.49623,0.52268,0.64544,0.59216,0.61073,0.34234,1.79016,0.98287,0.99646,0,0,0,0,0,0,0,0,0,0,0,0,0,0,0.34234,0.0298172,0.00993906,0.0298172,0.00993906,0.0298172,0.00993906,0.0298172,0.00993906
42,5398.13,2.01501,1.23915,1.05494,0,0.00489,0.00712,0.154,0.91168,0.97226,0.00459,0.00712,2.41676,2.40964,0.52002,0.07777,0.49261,0.52042,0.66136,0.60026,0.61768,0.34861,1.78154,0.9704,0.99302,0,0,0,0,0,0,0,0,0,0,0,0,0,0,0.34861,0.0298079,0.00993598,0.0298079,0.00993598,0.0298079,0.00993598,0.0298079,0.00993598
43,5524.43,1.99231,1.2338,1.05505,0,0.00488,0.00729,0.15403,0.90541,0.9909,0.00461,0.00729,2.41351,2.40622,0.51857,0.07765,0.48925,0.51899,0.65668,0.59581,0.61555,0.34951,1.77972,0.97166,0.99142,0,0,0,0,0,0,0,0,0,0,0,0,0,0,0.34951,0.0297985,0.00993282,0.0297985,0.00993282,0.0297985,0.00993282,0.0297985,0.00993282
44,5650.96,1.99636,1.23069,1.05994,0,0.00487,0.0071,0.154,0.91056,1.04954,0.00457,0.0071,2.4066,2.3995,0.52289,0.07782,0.49217,0.52331,0.64573,0.59775,0.61509,0.34596,1.79666,0.97829,0.99504,0,0,0,0,0,0,0,0,0,0,0,0,0,0,0.34596,0.0297888,0.0099296,0.0297888,0.0099296,0.0297888,0.0099296,0.0297888,0.0099296
45,5777.49,1.98609,1.23521,1.05922,0,0.00487,0.0072,0.15401,0.90401,1.00389,0.00457,0.0072,2.40808,2.40089,0.52111,0.07711,0.49145,0.52152,0.63898,0.60659,0.62082,0.35206,1.77945,0.96795,0.99257,0,0,0,0,0,0,0,0,0,0,0,0,0,0,0.35206,0.0297789,0.00992629,0.0297789,0.00992629,0.0297789,0.00992629,0.0297789,0.00992629
46,5905.31,1.99278,1.23646,1.05688,0,0.00485,0.00732,0.15403,0.91706,1.03895,0.00457,0.00732,2.40866,2.40134,0.51965,0.07787,0.49191,0.52004,0.65323,0.6027,0.62125,0.35174,1.78152,0.96783,0.98961,0,0,0,0,0,0,0,0,0,0,0,0,0,0,0.35174,0.0297687,0.00992291,0.0297687,0.00992291,0.0297687,0.00992291,0.0297687,0.00992291
47,6033.02,1.982,1.22378,1.05672,0,0.00485,0.00737,0.15404,0.91149,1.02671,0.00455,0.00737,2.40683,2.39946,0.52273,0.07809,0.49358,0.52315,0.64432,0.60507,0.62373,0.35287,1.78226,0.96623,0.98932,0,0,0,0,0,0,0,0,0,0,0,0,0,0,0.35287,0.0297584,0.00991946,0.0297584,0.00991946,0.0297584,0.00991946,0.0297584,0.00991946
48,6157.1,1.99301,1.23142,1.06151,0,0.00484,0.00747,0.15405,0.9098,1.04022,0.00453,0.00747,2.40826,2.40079,0.52295,0.07813,0.49596,0.52331,0.64615,0.60643,0.62167,0.35455,1.7718,0.95891,0.9864,0,0,0,0,0,0,0,0,0,0,0,0,0,0,0.35455,0.0297478,0.00991593,0.0297478,0.00991593,0.0297478,0.00991593,0.0297478,0.00991593
49,6283.41,1.99024,1.22746,1.05702,0,0.00483,0.00734,0.15403,0.90581,1.04037,0.00454,0.00734,2.40986,2.40252,0.51981,0.07615,0.49322,0.52018,0.66014,0.61068,0.62619,0.36022,1.75029,0.95121,0.98335,0,0,0,0,0,0,0,0,0,0,0,0,0,0,0.36022,0.029737,0.00991232,0.029737,0.00991232,0.029737,0.00991232,0.029737,0.00991232
50,6413.76,1.96837,1.22082,1.05566,0,0.00483,0.00753,0.15406,0.9039,1.04218,0.00458,0.00753,2.40994,2.40241,0.52068,0.07728,0.49299,0.52106,0.67052,0.6117,0.62866,0.36047,1.75275,0.95107,0.98273,0,0,0,0,0,0,0,0,0,0,0,0,0,0,0.36047,0.0297259,0.00990864,0.0297259,0.00990864,0.0297259,0.00990864,0.0297259,0.00990864
51,6539.07,1.98268,1.21404,1.05213,0,0.00483,0.00757,0.15407,0.9074,1.02497,0.00453,0.00757,2.40801,2.40045,0.52168,0.07712,0.49253,0.52208,0.6645,0.61231,0.62743,0.35955,1.74734,0.94716,0.98156,0,0,0,0,0,0,0,0,0,0,0,0,0,0,0.35955,0.0297147,0.00990489,0.0297147,0.00990489,0.0297147,0.00990489,0.0297147,0.00990489
52,6662.64,1.9724,1.21541,1.04952,0,0.00482,0.00745,0.15405,0.90578,1.09122,0.0045,0.00745,2.40951,2.40206,0.52086,0.07796,0.48827,0.52133,0.66268,0.6212,0.63293,0.36433,1.72607,0.94001,0.9776,0,0,0,0,0,0,0,0,0,0,0,0,0,0,0.36433,0.0297032,0.00990106,0.0297032,0.00990106,0.0297032,0.00990106,0.0297032,0.00990106
53,6788.31,1.9769,1.21533,1.05196,0,0.0048,0.00756,0.15406,0.90979,1.07827,0.00448,0.00756,2.41199,2.40444,0.52292,0.07706,0.49688,0.52329,0.67173,0.61815,0.63384,0.36313,1.72793,0.94436,0.97613,0,0,0,0,0,0,0,0,0,0,0,0,0,0,0.36313,0.0296915,0.00989715,0.0296915,0.00989715,0.0296915,0.00989715,0.0296915,0.00989715
54,6916.36,1.97452,1.21172,1.04761,0,0.0048,0.0074,0.15404,0.90037,1.10521,0.00449,0.0074,2.41156,2.40416,0.52366,0.07743,0.49469,0.52408,0.66872,0.61712,0.63552,0.36463,1.72738,0.94032,0.97571,0,0,0,0,0,0,0,0,0,0,0,0,0,0,0.36463,0.0296795,0.00989317,0.0296795,0.00989317,0.0296795,0.00989317,0.0296795,0.00989317
55,7044.41,1.97241,1.20983,1.04798,0,0.00478,0.00756,0.15406,0.89375,1.04563,0.00446,0.00756,2.41193,2.40437,0.52155,0.07733,0.49179,0.52197,0.67413,0.62271,0.63953,0.36878,1.71255,0.9338,0.9723,0,0,0,0,0,0,0,0,0,0,0,0,0,0,0.36878,0.0296674,0.00988912,0.0296674,0.00988912,0.0296674,0.00988912,0.0296674,0.00988912
56,7168.35,1.96252,1.20179,1.04945,0,0.00481,0.00742,0.15404,0.89907,1.01557,0.0044,0.00742,2.41136,2.40395,0.52053,0.07674,0.49435,0.52089,0.68322,0.62546,0.64235,0.37161,1.70619,0.93042,0.97119,0,0,0,0,0,0,0,0,0,0,0,0,0,0,0.37161,0.029655,0.00988499,0.029655,0.00988499,0.029655,0.00988499,0.029655,0.00988499
57,7294.56,1.97677,1.21478,1.04934,0,0.0048,0.00746,0.15405,0.90059,1.03673,0.00441,0.00746,2.41102,2.40356,0.52463,0.07567,0.49677,0.52502,0.67625,0.63034,0.6441,0.37317,1.70257,0.92411,0.97002,0,0,0,0,0,0,0,0,0,0,0,0,0,0,0.37317,0.0296424,0.00988079,0.0296424,0.00988079,0.0296424,0.00988079,0.0296424,0.00988079
58,7424.75,1.96639,1.20115,1.04927,0,0.0048,0.00777,0.1541,0.90234,1.04245,0.00443,0.00777,2.41674,2.40897,0.52187,0.07736,0.49212,0.5223,0.67321,0.62395,0.64174,0.37227,1.70124,0.92208,0.97014,0,0,0,0,0,0,0,0,0,0,0,0,0,0,0.37227,0.0296295,0.00987651,0.0296295,0.00987651,0.0296295,0.00987651,0.0296295,0.00987651
59,7557.27,1.97204,1.21071,1.04932,0,0.00479,0.00777,0.1541,0.90465,1.06116,0.00439,0.00777,2.4187,2.41093,0.52209,0.0766,0.49235,0.52249,0.67477,0.62965,0.64417,0.37412,1.69739,0.91687,0.96981,0,0,0,0,0,0,0,0,0,0,0,0,0,0,0.37412,0.0296165,0.00987216,0.0296165,0.00987216,0.0296165,0.00987216,0.0296165,0.00987216
60,7684.71,1.98414,1.21658,1.04853,0,0.00477,0.00759,0.15407,0.90525,1.07215,0.00436,0.00759,2.42216,2.41457,0.52028,0.07609,0.49117,0.5207,0.66661,0.63595,0.64431,0.3749,1.69704,0.91494,0.96883,0,0,0,0,0,0,0,0,0,0,0,0,0,0,0.3749,0.0296032,0.00986773,0.0296032,0.00986773,0.0296032,0.00986773,0.0296032,0.00986773
61,7815.1,1.95834,1.19644,1.0449,0,0.00478,0.00761,0.15407,0.89973,1.01719,0.00436,0.00761,2.41824,2.41063,0.51986,0.0775,0.49145,0.52027,0.67019,0.63226,0.64416,0.37598,1.69555,0.91362,0.96823,0,0,0,0,0,0,0,0,0,0,0,0,0,0,0.37598,0.0295897,0.00986323,0.0295897,0.00986323,0.0295897,0.00986323,0.0295897,0.00986323
62,7943.18,1.9736,1.20191,1.04692,0,0.00476,0.00742,0.15405,0.90133,1.05438,0.0044,0.00742,2.41778,2.41036,0.52121,0.07776,0.48802,0.5217,0.66711,0.63438,0.64533,0.37741,1.68767,0.9096,0.96673,0,0,0,0,0,0,0,0,0,0,0,0,0,0,0.37741,0.029576,0.00985866,0.029576,0.00985866,0.029576,0.00985866,0.029576,0.00985866
63,8072.49,1.95599,1.19097,1.0424,0,0.00475,0.00743,0.15405,0.89928,1.00993,0.00438,0.00743,2.42056,2.41313,0.52126,0.07703,0.49246,0.52168,0.67381,0.63209,0.6462,0.37769,1.68939,0.9091,0.96615,0,0,0,0,0,0,0,0,0,0,0,0,0,0,0.37769,0.029562,0.00985401,0.029562,0.00985401,0.029562,0.00985401,0.029562,0.00985401
64,8198.74,1.95494,1.19908,1.04219,0,0.00474,0.00771,0.15409,0.89952,1.00898,0.00436,0.00771,2.41867,2.41096,0.52266,0.07777,0.49543,0.52305,0.67523,0.63495,0.65055,0.38019,1.68511,0.90752,0.9652,0,0,0,0,0,0,0,0,0,0,0,0,0,0,0.38019,0.0295479,0.00984928,0.0295479,0.00984928,0.0295479,0.00984928,0.0295479,0.00984928
65,8322.45,1.94596,1.18711,1.04515,0,0.00475,0.00805,0.15414,0.89903,1.05769,0.00438,0.00805,2.419,2.41095,0.52291,0.07797,0.49482,0.5233,0.67904,0.63553,0.6508,0.38143,1.67906,0.9045,0.96397,0,0,0,0,0,0,0,0,0,0,0,0,0,0,0.38143,0.0295335,0.00984449,0.0295335,0.00984449,0.0295335,0.00984449,0.0295335,0.00984449
66,8448.43,1.94757,1.17876,1.04001,0,0.00475,0.00754,0.15406,0.88626,1.08244,0.00435,0.00754,2.42154,2.414,0.51958,0.07769,0.48981,0.52,0.67514,0.63853,0.65227,0.38217,1.67443,0.9019,0.96292,0,0,0,0,0,0,0,0,0,0,0,0,0,0,0.38217,0.0295188,0.00983962,0.0295188,0.00983962,0.0295188,0.00983962,0.0295188,0.00983962
67,8578.96,1.95255,1.19593,1.04691,0,0.00475,0.00765,0.15408,0.9012,1.0835,0.00436,0.00765,2.42591,2.41826,0.52365,0.07761,0.49645,0.52404,0.67093,0.64148,0.65288,0.38298,1.67261,0.90034,0.96285,0,0,0,0,0,0,0,0,0,0,0,0,0,0,0.38298,0.029504,0.00983467,0.029504,0.00983467,0.029504,0.00983467,0.029504,0.00983467
68,8703.41,1.95688,1.19008,1.0381,0,0.00474,0.00767,0.15408,0.89395,1.0385,0.00436,0.00767,2.42521,2.41754,0.5228,0.07799,0.49606,0.52317,0.67661,0.63927,0.65234,0.38305,1.67061,0.89839,0.96236,0,0,0,0,0,0,0,0,0,0,0,0,0,0,0.38305,0.029489,0.00982965,0.029489,0.00982965,0.029489,0.00982965,0.029489,0.00982965
69,8824.78,1.93141,1.18243,1.04278,0,0.00475,0.00761,0.15407,0.88733,1.06001,0.00435,0.00761,2.42816,2.42056,0.521,0.07811,0.49369,0.52137,0.67783,0.64047,0.65681,0.38481,1.66873,0.89792,0.96171,0,0,0,0,0,0,0,0,0,0,0,0,0,0,0.38481,0.0294737,0.00982456,0.0294737,0.00982456,0.0294737,0.00982456,0.0294737,0.00982456
70,8944.59,1.95868,1.18883,1.0409,0,0.00472,0.00774,0.15409,0.89215,1.05574,0.00433,0.00774,2.42902,2.42128,0.52362,0.079,0.49659,0.524,0.67761,0.64026,0.65731,0.3856,1.66654,0.89669,0.96148,0,0,0,0,0,0,0,0,0,0,0,0,0,0,0.3856,0.0294582,0.00981939,0.0294582,0.00981939,0.0294582,0.00981939,0.0294582,0.00981939
71,9063.08,1.9408,1.178,1.04182,0,0.00473,0.00789,0.15411,0.89766,1.04416,0.0043,0.00789,2.42475,2.41686,0.52189,0.07952,0.4955,0.52228,0.67806,0.63968,0.65799,0.3867,1.66504,0.89594,0.96123,0,0,0,0,0,0,0,0,0,0,0,0,0,0,0.3867,0.0294425,0.00981415,0.0294425,0.00981415,0.0294425,0.00981415,0.0294425,0.00981415
72,9182.39,1.94132,1.17592,1.03934,0,0.00474,0.00781,0.1541,0.89487,1.05701,0.0043,0.00781,2.42408,2.41627,0.52608,0.07897,0.50334,0.52639,0.67872,0.63853,0.65797,0.38682,1.66423,0.89438,0.96147,0,0,0,0,0,0,0,0,0,0,0,0,0,0,0.38682,0.0294265,0.00980884,0.0294265,0.00980884,0.0294265,0.00980884,0.0294265,0.00980884
73,9301.51,1.94693,1.18791,1.03964,0,0.00473,0.00766,0.15408,0.90221,1.06835,0.00427,0.00766,2.42163,2.41397,0.52458,0.07769,0.50006,0.5248,0.68232,0.63832,0.65801,0.38756,1.66054,0.89324,0.9608,0,0,0,0,0,0,0,0,0,0,0,0,0,0,0.38756,0.0294104,0.00980345,0.0294104,0.00980345,0.0294104,0.00980345,0.0294104,0.00980345
74,9419.66,1.93126,1.1811,1.03647,0,0.00472,0.00788,0.15411,0.89757,1.055,0.00422,0.00788,2.41927,2.41139,0.52665,0.07939,0.50319,0.52695,0.68094,0.63863,0.65692,0.38747,1.65799,0.89245,0.96024,0,0,0,0,0,0,0,0,0,0,0,0,0,0,0.38747,0.029394,0.00979799,0.029394,0.00979799,0.029394,0.00979799,0.029394,0.00979799
75,9540.02,1.94567,1.1833,1.04045,0,0.00472,0.00783,0.1541,0.90026,1.07043,0.00424,0.00783,2.41991,2.41208,0.52663,0.07864,0.50366,0.52692,0.67853,0.63771,0.65689,0.38749,1.65722,0.89161,0.96006,0,0,0,0,0,0,0,0,0,0,0,0,0,0,0.38749,0.0293774,0.00979246,0.0293774,0.00979246,0.0293774,0.00979246,0.0293774,0.00979246
76,9669.26,1.94064,1.17562,1.03826,0,0.00472,0.00785,0.15411,0.88783,1.06871,0.00426,0.00785,2.422,2.41415,0.52593,0.07801,0.49729,0.52635,0.67902,0.63846,0.65858,0.38825,1.65494,0.89014,0.95962,0,0,0,0,0,0,0,0,0,0,0,0,0,0,0.38825,0.0293606,0.00978685,0.0293606,0.00978685,0.0293606,0.00978685,0.0293606,0.00978685
77,9798.57,1.94337,1.1746,1.03634,0,0.0047,0.00766,0.15408,0.88886,1.02057,0.00425,0.00766,2.42123,2.41357,0.52572,0.07838,0.50241,0.52603,0.67504,0.64187,0.65849,0.38815,1.65361,0.88843,0.95892,0,0,0,0,0,0,0,0,0,0,0,0,0,0,0.38815,0.0293435,0.00978118,0.0293435,0.00978118,0.0293435,0.00978118,0.0293435,0.00978118
78,9928.18,1.93632,1.16864,1.03783,0,0.00471,0.00776,0.15409,0.88496,1.03022,0.00422,0.00776,2.41929,2.41153,0.5226,0.07852,0.50131,0.5229,0.6791,0.64115,0.65871,0.38839,1.65222,0.88772,0.95843,0,0,0,0,0,0,0,0,0,0,0,0,0,0,0.38839,0.0293263,0.00977542,0.0293263,0.00977542,0.0293263,0.00977542,0.0293263,0.00977542
79,10054.3,1.92358,1.17395,1.0407,0,0.0047,0.00756,0.15407,0.89148,1.05489,0.00425,0.00756,2.42285,2.41529,0.52634,0.07815,0.50747,0.52659,0.67792,0.64218,0.65974,0.38947,1.64923,0.8861,0.95797,0,0,0,0,0,0,0,0,0,0,0,0,0,0,0.38947,0.0293088,0.0097696,0.0293088,0.0097696,0.0293088,0.0097696,0.0293088,0.0097696
80,10180.7,1.93211,1.16649,1.04173,0,0.00471,0.00779,0.1541,0.89558,1.0523,0.00423,0.00779,2.42328,2.41549,0.52345,0.07858,0.50115,0.52377,0.67759,0.64433,0.66064,0.38926,1.648,0.88542,0.9577,0,0,0,0,0,0,0,0,0,0,0,0,0,0,0.38926,0.0292911,0.0097637,0.0292911,0.0097637,0.0292911,0.0097637,0.0292911,0.0097637
81,10311.6,1.90273,1.15414,1.03813,0,0.00471,0.00763,0.15408,0.88312,1.01905,0.00422,0.00763,2.42264,2.415,0.52402,0.07918,0.50181,0.52435,0.68585,0.64129,0.66138,0.39004,1.64646,0.88477,0.9575,0,0,0,0,0,0,0,0,0,0,0,0,0,0,0.39004,0.0292732,0.00975773,0.0292732,0.00975773,0.0292732,0.00975773,0.0292732,0.00975773
82,10439,1.92862,1.17097,1.03804,0,0.00471,0.0078,0.1541,0.89303,1.03882,0.00423,0.0078,2.42,2.4122,0.53004,0.07818,0.50977,0.53035,0.68574,0.64152,0.66193,0.39,1.64523,0.88401,0.95734,0,0,0,0,0,0,0,0,0,0,0,0,0,0,0.39,0.0292551,0.00975169,0.0292551,0.00975169,0.0292551,0.00975169,0.0292551,0.00975169
83,10571.6,1.93846,1.17521,1.03819,0,0.00471,0.00759,0.15407,0.89281,1.04121,0.00421,0.00759,2.41826,2.41067,0.52736,0.07824,0.50593,0.52764,0.68321,0.64218,0.66087,0.39009,1.64433,0.88373,0.95712,0,0,0,0,0,0,0,0,0,0,0,0,0,0,0.39009,0.0292367,0.00974557,0.0292367,0.00974557,0.0292367,0.00974557,0.0292367,0.00974557
84,10703.9,1.9313,1.17069,1.04019,0,0.0047,0.00767,0.15408,0.88903,1.02298,0.00419,0.00767,2.41774,2.41007,0.5278,0.07717,0.50868,0.52807,0.68721,0.64245,0.66245,0.39096,1.64256,0.88317,0.95681,0,0,0,0,0,0,0,0,0,0,0,0,0,0,0.39096,0.0292181,0.00973938,0.0292181,0.00973938,0.0292181,0.00973938,0.0292181,0.00973938
85,10833.7,1.91603,1.16334,1.04008,0,0.00471,0.00797,0.15413,0.88728,1.02754,0.00418,0.00797,2.41819,2.41022,0.52637,0.07764,0.50545,0.52664,0.68774,0.64192,0.6628,0.39053,1.64176,0.88241,0.9566,0,0,0,0,0,0,0,0,0,0,0,0,0,0,0.39053,0.0291994,0.00973312,0.0291994,0.00973312,0.0291994,0.00973312,0.0291994,0.00973312
86,10962.1,1.92071,1.15938,1.03281,0,0.0047,0.00765,0.15408,0.88457,1.02843,0.00416,0.00765,2.41742,2.40976,0.52486,0.07885,0.50006,0.52522,0.68912,0.64286,0.66339,0.39063,1.64121,0.88193,0.95637,0,0,0,0,0,0,0,0,0,0,0,0,0,0,0.39063,0.0291804,0.00972679,0.0291804,0.00972679,0.0291804,0.00972679,0.0291804,0.00972679
87,11090,1.93724,1.17383,1.03775,0,0.00468,0.00766,0.15408,0.89042,1.03367,0.00417,0.00766,2.41822,2.41056,0.52477,0.07756,0.5034,0.52507,0.69035,0.64293,0.66398,0.39097,1.63946,0.88122,0.95609,0,0,0,0,0,0,0,0,0,0,0,0,0,0,0.39097,0.0291612,0.00972039,0.0291612,0.00972039,0.0291612,0.00972039,0.0291612,0.00972039
88,11217.9,1.94572,1.17257,1.03401,0,0.00469,0.00762,0.15407,0.89511,1.00989,0.00412,0.00762,2.424,2.41639,0.52914,0.0779,0.50745,0.52941,0.68788,0.64302,0.66452,0.39123,1.6377,0.88051,0.95583,0,0,0,0,0,0,0,0,0,0,0,0,0,0,0.39123,0.0291417,0.00971391,0.0291417,0.00971391,0.0291417,0.00971391,0.0291417,0.00971391
89,11351.5,1.91911,1.1617,1.03166,0,0.0047,0.00754,0.15406,0.8887,1.01054,0.00413,0.00754,2.42336,2.41582,0.52596,0.07799,0.50684,0.5262,0.68705,0.64586,0.66584,0.39207,1.63585,0.87946,0.95541,0,0,0,0,0,0,0,0,0,0,0,0,0,0,0.39207,0.0291221,0.00970736,0.0291221,0.00970736,0.0291221,0.00970736,0.0291221,0.00970736
90,11483.6,1.91511,1.1563,1.03074,0,0.00469,0.0077,0.15409,0.88354,1.03043,0.00415,0.0077,2.42588,2.41818,0.52639,0.07827,0.50592,0.52665,0.68729,0.64506,0.66527,0.39221,1.63518,0.87838,0.95506,0,0,0,0,0,0,0,0,0,0,0,0,0,0,0.39221,0.0291022,0.00970074,0.0291022,0.00970074,0.0291022,0.00970074,0.0291022,0.00970074
91,11617.8,1.91656,1.1534,1.03061,0,0.00468,0.00773,0.15409,0.88972,1.07293,0.00413,0.00773,2.42303,2.41529,0.52291,0.07974,0.49976,0.52324,0.68971,0.64424,0.66579,0.39247,1.63443,0.87724,0.95498,0,0,0,0,0,0,0,0,0,0,0,0,0,0,0.39247,0.0290821,0.00969405,0.0290821,0.00969405,0.0290821,0.00969405,0.0290821,0.00969405
92,11746.5,1.91801,1.14945,1.03207,0,0.00467,0.00755,0.15406,0.88207,1.05797,0.00412,0.00755,2.42324,2.41569,0.52364,0.07915,0.50202,0.52396,0.68838,0.64302,0.6651,0.39241,1.63414,0.87683,0.95484,0,0,0,0,0,0,0,0,0,0,0,0,0,0,0.39241,0.0290618,0.00968728,0.0290618,0.00968728,0.0290618,0.00968728,0.0290618,0.00968728
93,11876.7,1.89073,1.14244,1.03356,0,0.00468,0.00798,0.15413,0.87707,1.03664,0.00412,0.00798,2.42273,2.41475,0.52518,0.08075,0.50216,0.52551,0.69224,0.64341,0.66663,0.39227,1.63329,0.876,0.95459,0,0,0,0,0,0,0,0,0,0,0,0,0,0,0.39227,0.0290413,0.00968045,0.0290413,0.00968045,0.0290413,0.00968045,0.0290413,0.00968045
94,12007.4,1.9127,1.15643,1.02951,0,0.00469,0.00778,0.1541,0.88539,1.06904,0.00414,0.00778,2.42214,2.41437,0.52644,0.08111,0.50436,0.52674,0.69228,0.6432,0.66737,0.39326,1.63111,0.87494,0.95429,0,0,0,0,0,0,0,0,0,0,0,0,0,0,0.39326,0.0290206,0.00967354,0.0290206,0.00967354,0.0290206,0.00967354,0.0290206,0.00967354
95,12137,1.92455,1.159,1.03271,0,0.00467,0.00775,0.15409,0.88568,1.05718,0.00412,0.00775,2.42656,2.41882,0.52887,0.0804,0.50873,0.52912,0.69321,0.64302,0.66737,0.39318,1.62968,0.87403,0.95414,0,0,0,0,0,0,0,0,0,0,0,0,0,0,0.39318,0.0289997,0.00966656,0.0289997,0.00966656,0.0289997,0.00966656,0.0289997,0.00966656
96,12266.4,1.90894,1.15216,1.0282,0,0.00465,0.00776,0.15409,0.88212,1.04319,0.00409,0.00776,2.42324,2.41548,0.52325,0.08025,0.50234,0.52354,0.6912,0.64333,0.66686,0.39313,1.62881,0.87364,0.95402,0,0,0,0,0,0,0,0,0,0,0,0,0,0,0.39313,0.0289785,0.00965951,0.0289785,0.00965951,0.0289785,0.00965951,0.0289785,0.00965951
97,12394.4,1.8972,1.14924,1.03404,0,0.00466,0.00764,0.15408,0.87883,1.06815,0.00407,0.00764,2.42765,2.42001,0.52585,0.08078,0.5058,0.5261,0.68997,0.64518,0.66757,0.39328,1.62807,0.87248,0.95381,0,0,0,0,0,0,0,0,0,0,0,0,0,0,0.39328,0.0289572,0.00965239,0.0289572,0.00965239,0.0289572,0.00965239,0.0289572,0.00965239
98,12523.6,1.9136,1.15835,1.03113,0,0.00464,0.00797,0.15413,0.88605,1.03523,0.0041,0.00797,2.42853,2.42056,0.52275,0.08037,0.50103,0.52304,0.68911,0.64523,0.66754,0.39385,1.62782,0.87196,0.95367,0,0,0,0,0,0,0,0,0,0,0,0,0,0,0.39385,0.0289356,0.0096452,0.0289356,0.0096452,0.0289356,0.0096452,0.0289356,0.0096452
99,12652.5,1.91363,1.15178,1.03011,0,0.00465,0.00795,0.15412,0.88439,0.99027,0.00407,0.00795,2.42238,2.41443,0.52409,0.07956,0.5017,0.52442,0.68527,0.64656,0.66808,0.39446,1.62695,0.87125,0.95334,0,0,0,0,0,0,0,0,0,0,0,0,0,0,0.39446,0.0289138,0.00963794,0.0289138,0.00963794,0.0289138,0.00963794,0.0289138,0.00963794
100,12779.4,1.90273,1.14366,1.03045,0,0.00464,0.00773,0.15409,0.88161,1.02306,0.00407,0.00773,2.42564,2.4179,0.5228,0.08012,0.50073,0.52299,0.68689,0.64759,0.66854,0.39426,1.62654,0.87047,0.95313,0,0,0,0,0,0,0,0,0,0,0,0,0,0,0.39426,0.0288918,0.00963061,0.0288918,0.00963061,0.0288918,0.00963061,0.0288918,0.00963061
101,12906.5,1.8499,1.05803,1.01844,0,0.00477,0.00557,0.15378,0.59741,1.03197,0.00411,0.00557,2.42117,2.41561,0.51946,0.07977,0.45487,0.52016,0.68574,0.64702,0.66836,0.3949,1.62328,0.86935,0.9525,0,0,0,0,0,0,0,0,0,0,0,0,0,0,0.3949,0.0288696,0.0096232,0.0288696,0.0096232,0.0288696,0.0096232,0.0288696,0.0096232
102,13032,1.81624,1.02965,1.01246,0,0.00465,0.0051,0.15371,0.58459,0.9865,0.00403,0.0051,2.4251,2.41999,0.52026,0.07988,0.45656,0.52083,0.68784,0.64673,0.66904,0.39637,1.622,0.8678,0.95207,0,0,0,0,0,0,0,0,0,0,0,0,0,0,0.39637,0.0288472,0.00961573,0.0288472,0.00961573,0.0288472,0.00961573,0.0288472,0.00961573
103,13159.6,1.80815,1.01391,1.00705,0,0.00456,0.00486,0.15367,0.5746,0.89486,0.00397,0.00486,2.42358,2.41871,0.52213,0.08177,0.46367,0.52276,0.68987,0.64968,0.67116,0.39749,1.61958,0.866,0.9516,0,0,0,0,0,0,0,0,0,0,0,0,0,0,0.39749,0.0288246,0.00960819,0.0288246,0.00960819,0.0288246,0.00960819,0.0288246,0.00960819
104,13285.2,1.79855,1.00201,1.00584,0,0.00451,0.00468,0.15365,0.57095,0.87892,0.00395,0.00468,2.42587,2.42119,0.5211,0.08051,0.46439,0.52172,0.69284,0.64897,0.67188,0.3983,1.61752,0.86472,0.95113,0,0,0,0,0,0,0,0,0,0,0,0,0,0,0.3983,0.0288017,0.00960057,0.0288017,0.00960057,0.0288017,0.00960057,0.0288017,0.00960057
105,13413.8,1.79718,1.00005,1.00352,0,0.00448,0.00444,0.15361,0.56762,0.93051,0.00394,0.00444,2.42351,2.41907,0.51833,0.07962,0.46406,0.51892,0.692,0.64991,0.67235,0.39949,1.61569,0.8629,0.95063,0,0,0,0,0,0,0,0,0,0,0,0,0,0,0.39949,0.0287787,0.00959289,0.0287787,0.00959289,0.0287787,0.00959289,0.0287787,0.00959289
106,13544,1.77756,0.98371,0.99673,0,0.00445,0.0044,0.15361,0.56294,0.89669,0.00392,0.0044,2.42241,2.41801,0.5159,0.079,0.46336,0.51647,0.6943,0.65056,0.67216,0.40031,1.61278,0.86092,0.94979,0,0,0,0,0,0,0,0,0,0,0,0,0,0,0.40031,0.0287554,0.00958513,0.0287554,0.00958513,0.0287554,0.00958513,0.0287554,0.00958513
107,13671.5,1.78567,0.98622,0.99856,0,0.0044,0.00432,0.15359,0.56239,0.87197,0.00393,0.00432,2.42483,2.42052,0.51627,0.07906,0.4661,0.51679,0.69633,0.65217,0.67345,0.40115,1.60983,0.85931,0.94901,0,0,0,0,0,0,0,0,0,0,0,0,0,0,0.40115,0.0287319,0.00957731,0.0287319,0.00957731,0.0287319,0.00957731,0.0287319,0.00957731
108,13799.3,1.7703,0.97346,0.9899,0,0.00437,0.00425,0.15359,0.55586,0.85662,0.00395,0.00425,2.42135,2.4171,0.51688,0.07837,0.47002,0.51735,0.69689,0.6518,0.67351,0.40254,1.60703,0.85792,0.94845,0,0,0,0,0,0,0,0,0,0,0,0,0,0,0.40254,0.0287082,0.00956941,0.0287082,0.00956941,0.0287082,0.00956941,0.0287082,0.00956941
109,13926.9,1.7617,0.96936,0.98892,0,0.00434,0.00421,0.15358,0.55742,0.84111,0.00393,0.00421,2.42297,2.41876,0.51797,0.07884,0.47124,0.51846,0.69556,0.65434,0.67419,0.40329,1.60362,0.85561,0.94772,0,0,0,0,0,0,0,0,0,0,0,0,0,0,0.40329,0.0286843,0.00956145,0.0286843,0.00956145,0.0286843,0.00956145,0.0286843,0.00956145
110,14060.7,1.77215,0.97059,0.994,0,0.0043,0.0041,0.15356,0.56107,0.82927,0.00396,0.0041,2.42335,2.41925,0.51816,0.07713,0.47493,0.51861,0.69781,0.65306,0.67552,0.40426,1.60102,0.85371,0.94708,0,0,0,0,0,0,0,0,0,0,0,0,0,0,0.40426,0.0286602,0.00955341,0.0286602,0.00955341,0.0286602,0.00955341,0.0286602,0.00955341
111,14187,1.75364,0.95623,0.99015,0,0.00428,0.00411,0.15356,0.55274,0.7819,0.00393,0.00411,2.42211,2.418,0.51457,0.07829,0.46968,0.51503,0.69867,0.65611,0.6771,0.40491,1.59784,0.85153,0.94629,0,0,0,0,0,0,0,0,0,0,0,0,0,0,0.40491,0.0286359,0.00954531,0.0286359,0.00954531,0.0286359,0.00954531,0.0286359,0.00954531
112,14314,1.74552,0.9579,0.98479,0,0.00426,0.00405,0.15356,0.55254,0.7789,0.00393,0.00405,2.42146,2.4174,0.51493,0.07812,0.47133,0.51538,0.70176,0.65671,0.67827,0.40601,1.59551,0.84993,0.94573,0,0,0,0,0,0,0,0,0,0,0,0,0,0,0.40601,0.0286114,0.00953714,0.0286114,0.00953714,0.0286114,0.00953714,0.0286114,0.00953714
113,14440.4,1.74099,0.94606,0.98535,0,0.00424,0.00402,0.15355,0.54845,0.7779,0.00388,0.00402,2.42343,2.41941,0.51171,0.07908,0.46613,0.51217,0.70148,0.65832,0.6791,0.40769,1.59189,0.84836,0.94492,0,0,0,0,0,0,0,0,0,0,0,0,0,0,0.40769,0.0285867,0.00952889,0.0285867,0.00952889,0.0285867,0.00952889,0.0285867,0.00952889
114,14579.6,1.74429,0.95416,0.99082,0,0.0042,0.004,0.15355,0.55184,0.75913,0.00389,0.004,2.41594,2.41194,0.51378,0.07842,0.47168,0.51419,0.70153,0.65832,0.67914,0.40843,1.58855,0.84641,0.94434,0,0,0,0,0,0,0,0,0,0,0,0,0,0,0.40843,0.0285617,0.00952058,0.0285617,0.00952058,0.0285617,0.00952058,0.0285617,0.00952058
115,14707.5,1.73487,0.94192,0.98541,0,0.00419,0.00397,0.15354,0.54673,0.73363,0.0039,0.00397,2.42562,2.42165,0.51494,0.07783,0.47033,0.51539,0.7036,0.65578,0.67965,0.40952,1.58516,0.84458,0.94351,0,0,0,0,0,0,0,0,0,0,0,0,0,0,0.40952,0.0285366,0.0095122,0.0285366,0.0095122,0.0285366,0.0095122,0.0285366,0.0095122
116,14835.1,1.73015,0.94198,0.98044,0,0.00417,0.00399,0.15355,0.54613,0.72879,0.00391,0.00399,2.4278,2.42381,0.51367,0.07777,0.46704,0.51414,0.70486,0.6572,0.6808,0.41028,1.58271,0.84319,0.94279,0,0,0,0,0,0,0,0,0,0,0,0,0,0,0.41028,0.0285113,0.00950375,0.0285113,0.00950375,0.0285113,0.00950375,0.0285113,0.00950375
117,14963.2,1.73334,0.94145,0.98352,0,0.00415,0.00394,0.15354,0.54813,0.73469,0.00387,0.00394,2.42457,2.42063,0.5146,0.07843,0.47189,0.51502,0.70432,0.65809,0.6814,0.41093,1.58046,0.84172,0.94219,0,0,0,0,0,0,0,0,0,0,0,0,0,0,0.41093,0.0284857,0.00949524,0.0284857,0.00949524,0.0284857,0.00949524,0.0284857,0.00949524
118,15090.7,1.71732,0.93402,0.97832,0,0.00415,0.00396,0.15354,0.54506,0.71595,0.00388,0.00396,2.42466,2.42069,0.51447,0.07896,0.47055,0.51477,0.7054,0.65895,0.68253,0.41193,1.57811,0.84066,0.94148,0,0,0,0,0,0,0,0,0,0,0,0,0,0,0.41193,0.02846,0.00948665,0.02846,0.00948665,0.02846,0.00948665,0.02846,0.00948665
119,15220.1,1.71575,0.93192,0.97577,0,0.00413,0.00392,0.15354,0.54378,0.69603,0.0038,0.00392,2.42708,2.42316,0.5146,0.07611,0.47537,0.51497,0.70545,0.65923,0.68294,0.41264,1.57591,0.83898,0.94083,0,0,0,0,0,0,0,0,0,0,0,0,0,0,0.41264,0.028434,0.009478,0.028434,0.009478,0.028434,0.009478,0.028434,0.009478
120,15353.7,1.71245,0.92891,0.97551,0,0.00411,0.00387,0.15353,0.54241,0.69952,0.00379,0.00387,2.42483,2.42096,0.51671,0.07661,0.4777,0.51711,0.7079,0.66012,0.68437,0.41352,1.57339,0.83751,0.94011,0,0,0,0,0,0,0,0,0,0,0,0,0,0,0.41352,0.0284078,0.00946927,0.0284078,0.00946927,0.0284078,0.00946927,0.0284078,0.00946927
121,15486.3,1.71143,0.92597,0.97617,0,0.0041,0.0038,0.15352,0.5408,0.69606,0.00378,0.0038,2.42696,2.42315,0.5147,0.0761,0.4707,0.51517,0.70883,0.66069,0.68566,0.41382,1.57041,0.83533,0.93939,0,0,0,0,0,0,0,0,0,0,0,0,0,0,0.41382,0.0283814,0.00946048,0.0283814,0.00946048,0.0283814,0.00946048,0.0283814,0.00946048
122,15623.5,1.70407,0.91933,0.97748,0,0.00409,0.00397,0.15354,0.53855,0.67493,0.0038,0.00397,2.4219,2.41793,0.51549,0.07693,0.47634,0.51589,0.71232,0.65852,0.68653,0.4145,1.56785,0.83402,0.93866,0,0,0,0,0,0,0,0,0,0,0,0,0,0,0.4145,0.0283549,0.00945162,0.0283549,0.00945162,0.0283549,0.00945162,0.0283549,0.00945162
123,15761.5,1.71247,0.93164,0.97776,0,0.00408,0.0039,0.15353,0.54265,0.70914,0.00379,0.0039,2.419,2.41511,0.51646,0.07821,0.47554,0.51687,0.71229,0.65979,0.68717,0.41529,1.56568,0.83268,0.9381,0,0,0,0,0,0,0,0,0,0,0,0,0,0,0.41529,0.0283281,0.0094427,0.0283281,0.0094427,0.0283281,0.0094427,0.0283281,0.0094427
124,15890.9,1.70912,0.92495,0.97324,0,0.00406,0.00397,0.15354,0.53947,0.68633,0.00376,0.00397,2.42485,2.42088,0.51604,0.07768,0.47789,0.51643,0.71215,0.65842,0.68744,0.41615,1.56383,0.83107,0.93751,0,0,0,0,0,0,0,0,0,0,0,0,0,0,0.41615,0.0283011,0.0094337,0.0283011,0.0094337,0.0283011,0.0094337,0.0283011,0.0094337
125,16020.5,1.70649,0.916,0.97551,0,0.00406,0.00385,0.15353,0.53903,0.68098,0.00376,0.00385,2.42464,2.42079,0.51677,0.07884,0.47516,0.5172,0.71123,0.661,0.6877,0.41651,1.56113,0.8294,0.93667,0,0,0,0,0,0,0,0,0,0,0,0,0,0,0.41651,0.0282739,0.00942464,0.0282739,0.00942464,0.0282739,0.00942464,0.0282739,0.00942464
126,16152.9,1.69434,0.91046,0.96908,0,0.00403,0.00369,0.1535,0.53514,0.66283,0.00376,0.00369,2.42632,2.42264,0.51405,0.07551,0.47487,0.51445,0.71159,0.66178,0.68774,0.41744,1.55848,0.82798,0.93587,0,0,0,0,0,0,0,0,0,0,0,0,0,0,0.41744,0.0282465,0.00941551,0.0282465,0.00941551,0.0282465,0.00941551,0.0282465,0.00941551
127,16289.3,1.70105,0.91031,0.97188,0,0.00402,0.00373,0.15351,0.53595,0.68551,0.00377,0.00373,2.42091,2.41717,0.51245,0.07703,0.4741,0.51285,0.7132,0.66128,0.68864,0.41747,1.55642,0.82679,0.93523,0,0,0,0,0,0,0,0,0,0,0,0,0,0,0.41747,0.0282189,0.00940631,0.0282189,0.00940631,0.0282189,0.00940631,0.0282189,0.00940631
128,16422.2,1.69817,0.91568,0.97505,0,0.004,0.0039,0.15353,0.5374,0.64576,0.00377,0.0039,2.41988,2.41598,0.51352,0.07593,0.47471,0.51391,0.7113,0.66383,0.68891,0.41791,1.55463,0.8255,0.93471,0,0,0,0,0,0,0,0,0,0,0,0,0,0,0.41791,0.0281911,0.00939705,0.0281911,0.00939705,0.0281911,0.00939705,0.0281911,0.00939705
129,16554.3,1.69426,0.9176,0.97085,0,0.004,0.00386,0.15353,0.5372,0.66064,0.00374,0.00386,2.42007,2.41621,0.51322,0.07894,0.47647,0.51358,0.71382,0.66526,0.6908,0.41931,1.55233,0.8237,0.93404,0,0,0,0,0,0,0,0,0,0,0,0,0,0,0.41931,0.0281632,0.00938772,0.0281632,0.00938772,0.0281632,0.00938772,0.0281632,0.00938772
130,16687.6,1.69118,0.9056,0.96636,0,0.00401,0.00378,0.15352,0.53151,0.62997,0.00373,0.00378,2.4198,2.41601,0.51434,0.07671,0.47859,0.51471,0.71535,0.66559,0.6913,0.41943,1.5501,0.82221,0.93349,0,0,0,0,0,0,0,0,0,0,0,0,0,0,0.41943,0.028135,0.00937832,0.028135,0.00937832,0.028135,0.00937832,0.028135,0.00937832
131,16819.5,1.67883,0.90381,0.97064,0,0.00397,0.00372,0.15351,0.53288,0.65562,0.00374,0.00372,2.41702,2.4133,0.51364,0.078,0.47219,0.5141,0.71779,0.66419,0.69271,0.4201,1.54862,0.821,0.93302,0,0,0,0,0,0,0,0,0,0,0,0,0,0,0.4201,0.0281066,0.00936886,0.0281066,0.00936886,0.0281066,0.00936886,0.0281066,0.00936886
132,16951.6,1.67684,0.89684,0.96569,0,0.00396,0.00378,0.15352,0.53087,0.64547,0.00373,0.00378,2.41392,2.41014,0.51415,0.07819,0.47421,0.51456,0.71623,0.66747,0.69342,0.42086,1.54634,0.819,0.9324,0,0,0,0,0,0,0,0,0,0,0,0,0,0,0.42086,0.028078,0.00935932,0.028078,0.00935932,0.028078,0.00935932,0.028078,0.00935932
133,17083.9,1.67657,0.90203,0.96852,0,0.00396,0.00373,0.15351,0.53414,0.64962,0.00371,0.00373,2.42377,2.42005,0.5113,0.07831,0.46976,0.51172,0.71821,0.66739,0.69311,0.42227,1.54394,0.81731,0.93164,0,0,0,0,0,0,0,0,0,0,0,0,0,0,0.42227,0.0280492,0.00934973,0.0280492,0.00934973,0.0280492,0.00934973,0.0280492,0.00934973
134,17214.5,1.68106,0.90333,0.96822,0,0.00395,0.00386,0.15353,0.53438,0.63323,0.0037,0.00386,2.42508,2.42122,0.50931,0.0756,0.46893,0.50972,0.72003,0.66717,0.69438,0.4227,1.54166,0.81598,0.9311,0,0,0,0,0,0,0,0,0,0,0,0,0,0,0.4227,0.0280202,0.00934006,0.0280202,0.00934006,0.0280202,0.00934006,0.0280202,0.00934006
135,17344.1,1.67819,0.90494,0.96784,0,0.00393,0.00389,0.15353,0.53247,0.63675,0.00373,0.00389,2.42588,2.422,0.51168,0.07776,0.47348,0.51205,0.72149,0.66605,0.69434,0.42335,1.53921,0.81448,0.93044,0,0,0,0,0,0,0,0,0,0,0,0,0,0,0.42335,0.027991,0.00933033,0.027991,0.00933033,0.027991,0.00933033,0.027991,0.00933033
136,17476.9,1.6716,0.89196,0.96719,0,0.00393,0.00372,0.15351,0.52935,0.60545,0.00373,0.00372,2.4249,2.42118,0.51279,0.07806,0.47569,0.51315,0.72026,0.66566,0.69356,0.42379,1.53732,0.81314,0.92991,0,0,0,0,0,0,0,0,0,0,0,0,0,0,0.42379,0.0279616,0.00932054,0.0279616,0.00932054,0.0279616,0.00932054,0.0279616,0.00932054
137,17610.1,1.66784,0.89528,0.96724,0,0.00393,0.00372,0.15351,0.52872,0.6052,0.00372,0.00372,2.4273,2.42358,0.51239,0.07745,0.47603,0.51275,0.72115,0.66703,0.69468,0.42357,1.5354,0.81118,0.92938,0,0,0,0,0,0,0,0,0,0,0,0,0,0,0.42357,0.027932,0.00931067,0.027932,0.00931067,0.027932,0.00931067,0.027932,0.00931067
138,17742.2,1.67112,0.89457,0.96554,0,0.00392,0.0037,0.15351,0.52895,0.61299,0.00369,0.0037,2.42172,2.41802,0.51044,0.07321,0.47425,0.51081,0.72191,0.66645,0.69463,0.42441,1.53331,0.80927,0.92868,0,0,0,0,0,0,0,0,0,0,0,0,0,0,0.42441,0.0279022,0.00930075,0.0279022,0.00930075,0.0279022,0.00930075,0.0279022,0.00930075
139,17876.7,1.66602,0.89247,0.96628,0,0.00392,0.00364,0.1535,0.52868,0.59672,0.00369,0.00364,2.42444,2.4208,0.51366,0.07367,0.47904,0.51399,0.7214,0.66769,0.69523,0.42492,1.53128,0.8072,0.92812,0,0,0,0,0,0,0,0,0,0,0,0,0,0,0.42492,0.0278723,0.00929075,0.0278723,0.00929075,0.0278723,0.00929075,0.0278723,0.00929075
140,18011.6,1.67046,0.89644,0.96257,0,0.0039,0.00369,0.1535,0.53017,0.61537,0.00367,0.00369,2.42559,2.4219,0.5116,0.07481,0.47941,0.51188,0.72198,0.6679,0.69529,0.42564,1.52953,0.80569,0.9277,0,0,0,0,0,0,0,0,0,0,0,0,0,0,0.42564,0.0278421,0.00928069,0.0278421,0.00928069,0.0278421,0.00928069,0.0278421,0.00928069
141,18142.7,1.66236,0.89018,0.96275,0,0.00391,0.00376,0.15351,0.53016,0.60234,0.00368,0.00376,2.42518,2.42142,0.51077,0.07522,0.47817,0.51108,0.72215,0.66928,0.69649,0.42609,1.52712,0.80425,0.92699,0,0,0,0,0,0,0,0,0,0,0,0,0,0,0.42609,0.0278117,0.00927057,0.0278117,0.00927057,0.0278117,0.00927057,0.0278117,0.00927057
142,18276.2,1.65821,0.88384,0.96257,0,0.0039,0.0038,0.15352,0.52839,0.58804,0.0037,0.0038,2.42095,2.41715,0.5145,0.07392,0.48457,0.51466,0.72349,0.66855,0.69696,0.42676,1.52574,0.8027,0.92637,0,0,0,0,0,0,0,0,0,0,0,0,0,0,0.42676,0.0277811,0.00926038,0.0277811,0.00926038,0.0277811,0.00926038,0.0277811,0.00926038
143,18406.3,1.66309,0.88489,0.96224,0,0.00388,0.00378,0.15352,0.52619,0.59846,0.00369,0.00378,2.42433,2.42055,0.51332,0.07453,0.48512,0.51358,0.72465,0.66855,0.69831,0.42744,1.52367,0.80158,0.92589,0,0,0,0,0,0,0,0,0,0,0,0,0,0,0.42744,0.0277504,0.00925013,0.0277504,0.00925013,0.0277504,0.00925013,0.0277504,0.00925013
144,18537.4,1.65263,0.8831,0.96002,0,0.00388,0.00371,0.15351,0.52478,0.57992,0.00365,0.00371,2.43009,2.42639,0.5148,0.07628,0.48333,0.51496,0.72585,0.6682,0.69884,0.42824,1.52188,0.79999,0.9253,0,0,0,0,0,0,0,0,0,0,0,0,0,0,0.42824,0.0277194,0.00923981,0.0277194,0.00923981,0.0277194,0.00923981,0.0277194,0.00923981
145,18670.5,1.64679,0.88254,0.95832,0,0.00387,0.00372,0.15351,0.52458,0.58539,0.00365,0.00372,2.4262,2.42248,0.51257,0.07451,0.48528,0.5128,0.72809,0.67024,0.70057,0.42888,1.52069,0.79805,0.92478,0,0,0,0,0,0,0,0,0,0,0,0,0,0,0.42888,0.0276883,0.00922942,0.0276883,0.00922942,0.0276883,0.00922942,0.0276883,0.00922942
146,18798.4,1.65486,0.88502,0.96115,0,0.00386,0.00373,0.15351,0.52607,0.56706,0.00365,0.00373,2.43249,2.42876,0.51274,0.07559,0.48094,0.51302,0.72737,0.67077,0.70142,0.42974,1.51915,0.79592,0.92426,0,0,0,0,0,0,0,0,0,0,0,0,0,0,0.42974,0.0276569,0.00921898,0.0276569,0.00921898,0.0276569,0.00921898,0.0276569,0.00921898
147,18933,1.65137,0.8785,0.95813,0,0.00385,0.00374,0.15351,0.52684,0.57851,0.00365,0.00374,2.43534,2.4316,0.51171,0.07507,0.48107,0.51185,0.73011,0.67026,0.70216,0.43059,1.51716,0.79417,0.92379,0,0,0,0,0,0,0,0,0,0,0,0,0,0,0.43059,0.0276254,0.00920846,0.0276254,0.00920846,0.0276254,0.00920846,0.0276254,0.00920846
148,19059.7,1.6662,0.89127,0.96296,0,0.00385,0.00376,0.15351,0.53117,0.5842,0.00361,0.00376,2.43331,2.42956,0.51259,0.07468,0.48425,0.51283,0.73047,0.67168,0.70305,0.43156,1.51527,0.79185,0.92322,0,0,0,0,0,0,0,0,0,0,0,0,0,0,0.43156,0.0275937,0.00919789,0.0275937,0.00919789,0.0275937,0.00919789,0.0275937,0.00919789
149,19186.2,1.65199,0.87917,0.96029,0,0.00386,0.00379,0.15352,0.52587,0.5677,0.00362,0.00379,2.43135,2.42756,0.50936,0.07544,0.47682,0.50966,0.733,0.67073,0.70403,0.43248,1.51251,0.78994,0.92257,0,0,0,0,0,0,0,0,0,0,0,0,0,0,0.43248,0.0275617,0.00918725,0.0275617,0.00918725,0.0275617,0.00918725,0.0275617,0.00918725
150,19312.8,1.66228,0.88492,0.96142,0,0.00384,0.00367,0.1535,0.52662,0.58551,0.00362,0.00367,2.43686,2.43319,0.51014,0.07628,0.4794,0.51041,0.73606,0.6708,0.70459,0.43357,1.51005,0.7882,0.92209,0,0,0,0,0,0,0,0,0,0,0,0,0,0,0.43357,0.0275296,0.00917654,0.0275296,0.00917654,0.0275296,0.00917654,0.0275296,0.00917654
151,19441.5,1.65214,0.88045,0.95971,0,0.00383,0.00369,0.1535,0.52458,0.56921,0.0036,0.00369,2.4354,2.43171,0.50955,0.0765,0.47724,0.50986,0.73696,0.67099,0.70578,0.43407,1.50816,0.78569,0.92156,0,0,0,0,0,0,0,0,0,0,0,0,0,0,0.43407,0.0274973,0.00916577,0.0274973,0.00916577,0.0274973,0.00916577,0.0274973,0.00916577
152,19567.9,1.65372,0.88016,0.95651,0,0.00382,0.00372,0.15351,0.52539,0.56564,0.00362,0.00372,2.43734,2.43362,0.51104,0.07548,0.47998,0.51132,0.73712,0.67207,0.70625,0.43461,1.50616,0.78355,0.92092,0,0,0,0,0,0,0,0,0,0,0,0,0,0,0.43461,0.0274648,0.00915494,0.0274648,0.00915494,0.0274648,0.00915494,0.0274648,0.00915494
153,19693.2,1.64756,0.87833,0.95429,0,0.00381,0.00367,0.1535,0.52456,0.55644,0.00359,0.00367,2.43741,2.43374,0.50827,0.07329,0.47426,0.50859,0.73625,0.67203,0.70647,0.43562,1.50396,0.78193,0.92049,0,0,0,0,0,0,0,0,0,0,0,0,0,0,0.43562,0.0274321,0.00914405,0.0274321,0.00914405,0.0274321,0.00914405,0.0274321,0.00914405
154,19821.9,1.64259,0.8801,0.95637,0,0.00381,0.00359,0.15349,0.52212,0.56259,0.00356,0.00359,2.43414,2.43055,0.51006,0.0743,0.47809,0.51036,0.73886,0.67189,0.70755,0.43615,1.5022,0.78014,0.92003,0,0,0,0,0,0,0,0,0,0,0,0,0,0,0.43615,0.0273993,0.00913309,0.0273993,0.00913309,0.0273993,0.00913309,0.0273993,0.00913309
155,19949.1,1.63844,0.87238,0.95476,0,0.00381,0.00359,0.15349,0.52063,0.55013,0.00358,0.00359,2.43715,2.43356,0.50958,0.0742,0.47779,0.50987,0.73746,0.67429,0.70921,0.43719,1.50046,0.77817,0.91968,0,0,0,0,0,0,0,0,0,0,0,0,0,0,0.43719,0.0273662,0.00912207,0.0273662,0.00912207,0.0273662,0.00912207,0.0273662,0.00912207
156,20080.4,1.63856,0.87099,0.95331,0,0.0038,0.00365,0.1535,0.52219,0.54478,0.00358,0.00365,2.43447,2.43082,0.50964,0.07514,0.47624,0.50994,0.73871,0.67556,0.70929,0.43689,1.4988,0.77676,0.91938,0,0,0,0,0,0,0,0,0,0,0,0,0,0,0.43689,0.027333,0.00911099,0.027333,0.00911099,0.027333,0.00911099,0.027333,0.00911099
157,20207.7,1.6396,0.87659,0.95896,0,0.0038,0.0038,0.15352,0.52477,0.55592,0.00359,0.0038,2.433,2.4292,0.5097,0.0749,0.47885,0.50998,0.73892,0.67641,0.70925,0.43769,1.49657,0.77478,0.91881,0,0,0,0,0,0,0,0,0,0,0,0,0,0,0.43769,0.0272995,0.00909984,0.0272995,0.00909984,0.0272995,0.00909984,0.0272995,0.00909984
158,20336.4,1.64004,0.87385,0.95847,0,0.00379,0.00369,0.1535,0.52415,0.53957,0.00355,0.00369,2.43561,2.43192,0.51049,0.07536,0.47827,0.51078,0.73837,0.67659,0.70945,0.43816,1.49518,0.7731,0.91858,0,0,0,0,0,0,0,0,0,0,0,0,0,0,0.43816,0.0272659,0.00908863,0.0272659,0.00908863,0.0272659,0.00908863,0.0272659,0.00908863
159,20463.1,1.6331,0.86731,0.95447,0,0.00378,0.00364,0.1535,0.51844,0.53648,0.00355,0.00364,2.43457,2.43093,0.51148,0.07506,0.47886,0.51178,0.73742,0.67981,0.7114,0.43896,1.49235,0.77146,0.91812,0,0,0,0,0,0,0,0,0,0,0,0,0,0,0.43896,0.0272321,0.00907736,0.0272321,0.00907736,0.0272321,0.00907736,0.0272321,0.00907736
160,20589.4,1.63927,0.86883,0.95364,0,0.00378,0.00366,0.1535,0.52029,0.52774,0.00354,0.00366,2.43605,2.43239,0.51153,0.07396,0.48125,0.51183,0.73397,0.68078,0.71118,0.43955,1.48975,0.76991,0.91751,0,0,0,0,0,0,0,0,0,0,0,0,0,0,0.43955,0.0271981,0.00906603,0.0271981,0.00906603,0.0271981,0.00906603,0.0271981,0.00906603
161,20722.1,1.63791,0.87386,0.95446,0,0.00377,0.00369,0.1535,0.52291,0.52942,0.00355,0.00369,2.43671,2.43302,0.50946,0.07402,0.4764,0.50977,0.73766,0.68005,0.71248,0.4401,1.4881,0.76801,0.91709,0,0,0,0,0,0,0,0,0,0,0,0,0,0,0.4401,0.0271639,0.00905463,0.0271639,0.00905463,0.0271639,0.00905463,0.0271639,0.00905463
162,20852.9,1.63264,0.86599,0.95312,0,0.00377,0.00371,0.15351,0.52052,0.51465,0.00355,0.00371,2.43656,2.43284,0.50728,0.07461,0.47585,0.50758,0.73767,0.6796,0.71322,0.44071,1.48634,0.76599,0.91681,0,0,0,0,0,0,0,0,0,0,0,0,0,0,0.44071,0.0271295,0.00904318,0.0271295,0.00904318,0.0271295,0.00904318,0.0271295,0.00904318
163,20978.3,1.62241,0.86488,0.95348,0,0.00375,0.00363,0.1535,0.5186,0.50751,0.00353,0.00363,2.43852,2.43489,0.51018,0.07639,0.47886,0.51048,0.74016,0.68154,0.71528,0.44142,1.48406,0.76411,0.91622,0,0,0,0,0,0,0,0,0,0,0,0,0,0,0.44142,0.027095,0.00903166,0.027095,0.00903166,0.027095,0.00903166,0.027095,0.00903166
164,21105.2,1.63276,0.86585,0.95292,0,0.00375,0.00366,0.1535,0.51929,0.5175,0.00355,0.00366,2.43324,2.42959,0.50982,0.07543,0.47979,0.51009,0.74043,0.6824,0.71563,0.44231,1.48162,0.76199,0.91578,0,0,0,0,0,0,0,0,0,0,0,0,0,0,0.44231,0.0270602,0.00902008,0.0270602,0.00902008,0.0270602,0.00902008,0.0270602,0.00902008
165,21232.4,1.61974,0.86204,0.94839,0,0.00374,0.00366,0.1535,0.51966,0.53067,0.00356,0.00366,2.43961,2.43594,0.50837,0.07492,0.48052,0.50862,0.74207,0.68387,0.71613,0.44318,1.48029,0.7605,0.91527,0,0,0,0,0,0,0,0,0,0,0,0,0,0,0.44318,0.0270253,0.00900844,0.0270253,0.00900844,0.0270253,0.00900844,0.0270253,0.00900844
166,21365.6,1.62915,0.8609,0.9508,0,0.00374,0.00359,0.15349,0.51648,0.5152,0.00352,0.00359,2.43979,2.4362,0.50996,0.07418,0.48601,0.51015,0.74561,0.68364,0.71654,0.44418,1.4781,0.75877,0.9147,0,0,0,0,0,0,0,0,0,0,0,0,0,0,0.44418,0.0269902,0.00899674,0.0269902,0.00899674,0.0269902,0.00899674,0.0269902,0.00899674
167,21491.5,1.62342,0.85942,0.94948,0,0.00373,0.0037,0.15351,0.51889,0.52465,0.00354,0.0037,2.43909,2.43539,0.51255,0.07291,0.48409,0.51268,0.74462,0.68466,0.71721,0.44459,1.47644,0.75721,0.91432,0,0,0,0,0,0,0,0,0,0,0,0,0,0,0.44459,0.0269549,0.00898497,0.0269549,0.00898497,0.0269549,0.00898497,0.0269549,0.00898497
168,21619.2,1.62115,0.86003,0.95283,0,0.00372,0.00365,0.1535,0.51866,0.53941,0.00353,0.00365,2.44039,2.43674,0.5115,0.07376,0.48632,0.51171,0.74317,0.68579,0.71742,0.44496,1.47437,0.75581,0.91367,0,0,0,0,0,0,0,0,0,0,0,0,0,0,0.44496,0.0269195,0.00897315,0.0269195,0.00897315,0.0269195,0.00897315,0.0269195,0.00897315
169,21745.3,1.61784,0.86061,0.94845,0,0.00371,0.0037,0.15351,0.51838,0.53175,0.00351,0.0037,2.43969,2.43599,0.50629,0.0738,0.47604,0.50656,0.74765,0.68579,0.71828,0.44566,1.47176,0.75485,0.9131,0,0,0,0,0,0,0,0,0,0,0,0,0,0,0.44566,0.0268838,0.00896127,0.0268838,0.00896127,0.0268838,0.00896127,0.0268838,0.00896127
170,21875.1,1.6226,0.85638,0.9497,0,0.00371,0.00375,0.15351,0.5186,0.52271,0.0035,0.00375,2.43805,2.4343,0.51025,0.07543,0.48231,0.51051,0.74478,0.68642,0.71913,0.44663,1.47006,0.75343,0.91276,0,0,0,0,0,0,0,0,0,0,0,0,0,0,0.44663,0.026848,0.00894932,0.026848,0.00894932,0.026848,0.00894932,0.026848,0.00894932
171,22001.5,1.61667,0.8563,0.94656,0,0.00371,0.00371,0.15351,0.51781,0.49217,0.00351,0.00371,2.43851,2.4348,0.50743,0.0767,0.47878,0.50766,0.7476,0.68714,0.72001,0.44692,1.46895,0.75228,0.91236,0,0,0,0,0,0,0,0,0,0,0,0,0,0,0.44692,0.026812,0.00893732,0.026812,0.00893732,0.026812,0.00893732,0.026812,0.00893732
172,22131.2,1.61201,0.85309,0.95024,0,0.0037,0.0036,0.15349,0.51593,0.50256,0.00349,0.0036,2.43386,2.43026,0.50773,0.07558,0.47893,0.50803,0.74747,0.68878,0.72146,0.44785,1.46728,0.75102,0.91195,0,0,0,0,0,0,0,0,0,0,0,0,0,0,0.44785,0.0267758,0.00892525,0.0267758,0.00892525,0.0267758,0.00892525,0.0267758,0.00892525
173,22259.1,1.61591,0.85409,0.95438,0,0.0037,0.00364,0.1535,0.51647,0.51404,0.00346,0.00364,2.43503,2.43139,0.50941,0.0756,0.48638,0.50962,0.74635,0.69031,0.72186,0.44838,1.46551,0.74949,0.91147,0,0,0,0,0,0,0,0,0,0,0,0,0,0,0.44838,0.0267394,0.00891313,0.0267394,0.00891313,0.0267394,0.00891313,0.0267394,0.00891313
174,22385.1,1.62222,0.85596,0.94962,0,0.00369,0.00366,0.1535,0.51671,0.5101,0.00348,0.00366,2.43626,2.43261,0.5107,0.07536,0.49056,0.51087,0.74725,0.69043,0.72293,0.44871,1.46388,0.74819,0.91104,0,0,0,0,0,0,0,0,0,0,0,0,0,0,0.44871,0.0267028,0.00890095,0.0267028,0.00890095,0.0267028,0.00890095,0.0267028,0.00890095
175,22508.8,1.61367,0.84826,0.94604,0,0.00369,0.00357,0.15349,0.51605,0.51076,0.00349,0.00357,2.43412,2.43054,0.51125,0.07398,0.48901,0.51145,0.74797,0.69033,0.72353,0.44971,1.46161,0.74683,0.91064,0,0,0,0,0,0,0,0,0,0,0,0,0,0,0.44971,0.0266661,0.0088887,0.0266661,0.0088887,0.0266661,0.0088887,0.0266661,0.0088887
176,22634.1,1.61067,0.85745,0.94644,0,0.00368,0.00363,0.1535,0.51426,0.49722,0.00347,0.00363,2.43386,2.43023,0.50943,0.07306,0.48852,0.50962,0.74767,0.69025,0.72261,0.45014,1.45988,0.74572,0.91012,0,0,0,0,0,0,0,0,0,0,0,0,0,0,0.45014,0.0266292,0.0088764,0.0266292,0.0088764,0.0266292,0.0088764,0.0266292,0.0088764
177,22763,1.60937,0.85228,0.9455,0,0.00368,0.00362,0.15349,0.51356,0.48521,0.00347,0.00362,2.43522,2.43159,0.50892,0.07296,0.48541,0.50916,0.75169,0.68855,0.72226,0.44986,1.4578,0.7441,0.90965,0,0,0,0,0,0,0,0,0,0,0,0,0,0,0.44986,0.0265921,0.00886404,0.0265921,0.00886404,0.0265921,0.00886404,0.0265921,0.00886404
178,22891.8,1.6128,0.85498,0.94805,0,0.00367,0.00365,0.1535,0.5186,0.49605,0.00347,0.00365,2.4351,2.43145,0.50898,0.07452,0.48133,0.50924,0.75216,0.69013,0.72289,0.45057,1.45571,0.74257,0.90916,0,0,0,0,0,0,0,0,0,0,0,0,0,0,0.45057,0.0265549,0.00885162,0.0265549,0.00885162,0.0265549,0.00885162,0.0265549,0.00885162
179,23022.6,1.61497,0.85102,0.94997,0,0.00367,0.00362,0.15349,0.51622,0.50694,0.00346,0.00362,2.43712,2.4335,0.50829,0.07425,0.48211,0.50852,0.7489,0.69098,0.7222,0.45124,1.45419,0.74127,0.90871,0,0,0,0,0,0,0,0,0,0,0,0,0,0,0.45124,0.0265174,0.00883914,0.0265174,0.00883914,0.0265174,0.00883914,0.0265174,0.00883914
180,23148.9,1.6104,0.85188,0.95015,0,0.00367,0.00366,0.1535,0.51516,0.49304,0.00345,0.00366,2.43508,2.43142,0.5112,0.07353,0.49334,0.51133,0.74697,0.69141,0.7232,0.45199,1.45166,0.7403,0.90826,0,0,0,0,0,0,0,0,0,0,0,0,0,0,0.45199,0.0264798,0.0088266,0.0264798,0.0088266,0.0264798,0.0088266,0.0264798,0.0088266
181,23276.4,1.60643,0.84532,0.94789,0,0.00368,0.00358,0.15349,0.51342,0.49819,0.00345,0.00358,2.43426,2.43068,0.51115,0.07331,0.48937,0.51133,0.74515,0.69426,0.72341,0.4527,1.45046,0.73938,0.90789,0,0,0,0,0,0,0,0,0,0,0,0,0,0,0.4527,0.026442,0.00881401,0.026442,0.00881401,0.026442,0.00881401,0.026442,0.00881401
182,23404.5,1.61288,0.85157,0.94652,0,0.00366,0.00363,0.1535,0.51476,0.49435,0.00346,0.00363,2.43697,2.43334,0.5131,0.07404,0.49188,0.51328,0.74904,0.69169,0.72342,0.45286,1.4499,0.73865,0.90767,0,0,0,0,0,0,0,0,0,0,0,0,0,0,0.45286,0.0264041,0.00880136,0.0264041,0.00880136,0.0264041,0.00880136,0.0264041,0.00880136
183,23530.6,1.61364,0.85482,0.94473,0,0.00365,0.00366,0.1535,0.51393,0.49981,0.00345,0.00366,2.4355,2.43184,0.5109,0.07425,0.48741,0.51112,0.74767,0.69397,0.72408,0.45371,1.44863,0.73775,0.90726,0,0,0,0,0,0,0,0,0,0,0,0,0,0,0.45371,0.0263659,0.00878864,0.0263659,0.00878864,0.0263659,0.00878864,0.0263659,0.00878864
184,23654.1,1.60654,0.84295,0.94618,0,0.00364,0.00361,0.15349,0.51143,0.51749,0.00343,0.00361,2.43583,2.43221,0.51066,0.07504,0.48519,0.5109,0.74689,0.69567,0.72497,0.45386,1.44722,0.73698,0.90691,0,0,0,0,0,0,0,0,0,0,0,0,0,0,0.45386,0.0263276,0.00877588,0.0263276,0.00877588,0.0263276,0.00877588,0.0263276,0.00877588
185,23781.3,1.60117,0.84227,0.94514,0,0.00364,0.00366,0.1535,0.511,0.48392,0.00343,0.00366,2.43974,2.43608,0.50798,0.07449,0.48575,0.5082,0.74762,0.69678,0.7249,0.45398,1.44574,0.7361,0.90649,0,0,0,0,0,0,0,0,0,0,0,0,0,0,0.45398,0.0262891,0.00876305,0.0262891,0.00876305,0.0262891,0.00876305,0.0262891,0.00876305
186,23910,1.59142,0.83771,0.9458,0,0.00363,0.00356,0.15349,0.51038,0.50112,0.00346,0.00356,2.43714,2.43357,0.50549,0.07244,0.48086,0.50575,0.75067,0.69487,0.72591,0.45462,1.44464,0.73558,0.90602,0,0,0,0,0,0,0,0,0,0,0,0,0,0,0.45462,0.0262505,0.00875017,0.0262505,0.00875017,0.0262505,0.00875017,0.0262505,0.00875017
187,24038.9,1.60736,0.84565,0.94825,0,0.00362,0.0037,0.15351,0.51364,0.47637,0.00344,0.0037,2.43583,2.43212,0.50624,0.07227,0.48788,0.50642,0.75193,0.69481,0.72618,0.45523,1.44335,0.73453,0.90572,0,0,0,0,0,0,0,0,0,0,0,0,0,0,0.45523,0.0262117,0.00873723,0.0262117,0.00873723,0.0262117,0.00873723,0.0262117,0.00873723
188,24169.1,1.59996,0.83948,0.94713,0,0.00362,0.00367,0.1535,0.51223,0.47532,0.00343,0.00367,2.43656,2.43289,0.50669,0.0736,0.48503,0.50689,0.75281,0.69462,0.72697,0.4555,1.44231,0.73341,0.90539,0,0,0,0,0,0,0,0,0,0,0,0,0,0,0.4555,0.0261727,0.00872423,0.0261727,0.00872423,0.0261727,0.00872423,0.0261727,0.00872423
189,24297.5,1.59803,0.84336,0.94441,0,0.00363,0.00363,0.1535,0.51117,0.46931,0.00343,0.00363,2.43537,2.43173,0.50655,0.07142,0.48183,0.5068,0.75226,0.6956,0.72762,0.45589,1.44039,0.7326,0.90494,0,0,0,0,0,0,0,0,0,0,0,0,0,0,0.45589,0.0261335,0.00871117,0.0261335,0.00871117,0.0261335,0.00871117,0.0261335,0.00871117
190,24424.8,1.60469,0.85047,0.94475,0,0.00364,0.00373,0.15351,0.51555,0.44627,0.00344,0.00373,2.43528,2.43154,0.50672,0.07318,0.48168,0.50695,0.75469,0.69567,0.72807,0.45633,1.43861,0.73196,0.90435,0,0,0,0,0,0,0,0,0,0,0,0,0,0,0.45633,0.0260942,0.00869806,0.0260942,0.00869806,0.0260942,0.00869806,0.0260942,0.00869806
191,24552.9,1.59844,0.83815,0.94146,0,0.00363,0.00371,0.15351,0.51053,0.46237,0.0034,0.00371,2.43467,2.43096,0.50732,0.07476,0.48294,0.50739,0.75619,0.69583,0.72884,0.45694,1.43663,0.7309,0.90405,0,0,0,0,0,0,0,0,0,0,0,0,0,0,0.45694,0.0260547,0.0086849,0.0260547,0.0086849,0.0260547,0.0086849,0.0260547,0.0086849
192,24681.4,1.59058,0.83612,0.93909,0,0.00362,0.0037,0.15351,0.5087,0.47629,0.0034,0.0037,2.4349,2.4312,0.50864,0.07372,0.48538,0.50886,0.75891,0.69619,0.72957,0.45734,1.43514,0.7294,0.9036,0,0,0,0,0,0,0,0,0,0,0,0,0,0,0.45734,0.026015,0.00867167,0.026015,0.00867167,0.026015,0.00867167,0.026015,0.00867167
193,24808.5,1.5939,0.83637,0.94234,0,0.00362,0.00356,0.15349,0.50844,0.47221,0.00341,0.00356,2.43056,2.427,0.50804,0.07552,0.48826,0.5082,0.76071,0.69598,0.73003,0.45811,1.4337,0.72861,0.90315,0,0,0,0,0,0,0,0,0,0,0,0,0,0,0.45811,0.0259752,0.00865839,0.0259752,0.00865839,0.0259752,0.00865839,0.0259752,0.00865839
194,24937,1.59407,0.83607,0.94138,0,0.00362,0.00369,0.1535,0.50888,0.47713,0.00342,0.00369,2.43164,2.42795,0.50945,0.07431,0.48754,0.50963,0.76114,0.69623,0.73026,0.4587,1.43205,0.72733,0.90279,0,0,0,0,0,0,0,0,0,0,0,0,0,0,0.4587,0.0259352,0.00864506,0.0259352,0.00864506,0.0259352,0.00864506,0.0259352,0.00864506
195,25065.3,1.60694,0.83955,0.94553,0,0.00359,0.00357,0.15349,0.51086,0.47074,0.00342,0.00357,2.43318,2.42961,0.506,0.07312,0.48502,0.50622,0.76075,0.69729,0.73094,0.45874,1.42962,0.72647,0.90234,0,0,0,0,0,0,0,0,0,0,0,0,0,0,0.45874,0.025895,0.00863167,0.025895,0.00863167,0.025895,0.00863167,0.025895,0.00863167
196,25193.3,1.59312,0.84004,0.94383,0,0.00359,0.00364,0.1535,0.5111,0.49071,0.00342,0.00364,2.43272,2.42907,0.50705,0.07333,0.4863,0.50726,0.76171,0.69755,0.73139,0.45903,1.42811,0.72543,0.90198,0,0,0,0,0,0,0,0,0,0,0,0,0,0,0.45903,0.0258547,0.00861823,0.0258547,0.00861823,0.0258547,0.00861823,0.0258547,0.00861823
197,25320.8,1.5935,0.83875,0.94159,0,0.00359,0.00367,0.1535,0.51125,0.45268,0.00342,0.00367,2.43679,2.43312,0.50761,0.07313,0.48852,0.50778,0.76109,0.69774,0.73124,0.4596,1.42623,0.72415,0.9016,0,0,0,0,0,0,0,0,0,0,0,0,0,0,0.4596,0.0258142,0.00860473,0.0258142,0.00860473,0.0258142,0.00860473,0.0258142,0.00860473
198,25449.5,1.58687,0.83224,0.9427,0,0.0036,0.0037,0.15351,0.50922,0.44985,0.0034,0.0037,2.4336,2.4299,0.50557,0.07328,0.48389,0.50577,0.76037,0.69769,0.73134,0.46004,1.42477,0.72362,0.90129,0,0,0,0,0,0,0,0,0,0,0,0,0,0,0.46004,0.0257735,0.00859117,0.0257735,0.00859117,0.0257735,0.00859117,0.0257735,0.00859117
199,25578.1,1.59239,0.84198,0.94266,0,0.00359,0.00359,0.15349,0.51148,0.45066,0.00343,0.00359,2.43291,2.42932,0.50738,0.07377,0.48808,0.50755,0.76011,0.69877,0.73183,0.45988,1.42324,0.72255,0.90096,0,0,0,0,0,0,0,0,0,0,0,0,0,0,0.45988,0.0257327,0.00857756,0.0257327,0.00857756,0.0257327,0.00857756,0.0257327,0.00857756
200,25706.3,1.58263,0.8367,0.94199,0,0.00359,0.00366,0.1535,0.50839,0.4529,0.00341,0.00366,2.43437,2.43071,0.50657,0.07284,0.48724,0.50677,0.7606,0.69977,0.73292,0.46031,1.42146,0.72146,0.9006,0,0,0,0,0,0,0,0,0,0,0,0,0,0,0.46031,0.0256917,0.0085639,0.0256917,0.0085639,0.0256917,0.0085639,0.0256917,0.0085639
201,25834.5,1.57236,0.82108,0.93998,0,0.00359,0.00364,0.1535,0.50564,0.45558,0.0034,0.00364,2.42771,2.42407,0.50836,0.07203,0.48835,0.50853,0.76115,0.70027,0.733,0.46088,1.42061,0.72054,0.90035,0,0,0,0,0,0,0,0,0,0,0,0,0,0,0.46088,0.0256505,0.00855018,0.0256505,0.00855018,0.0256505,0.00855018,0.0256505,0.00855018
202,25963,1.58731,0.83481,0.94077,0,0.00358,0.00364,0.1535,0.51063,0.44872,0.0034,0.00364,2.4291,2.42546,0.50695,0.07303,0.48884,0.50711,0.76262,0.70034,0.73353,0.46093,1.41868,0.7192,0.90003,0,0,0,0,0,0,0,0,0,0,0,0,0,0,0.46093,0.0256092,0.00853641,0.0256092,0.00853641,0.0256092,0.00853641,0.0256092,0.00853641
203,26092.2,1.58857,0.83061,0.94102,0,0.00358,0.00364,0.1535,0.50961,0.44877,0.0034,0.00364,2.43205,2.42842,0.50758,0.07203,0.48941,0.5076,0.76261,0.70135,0.73408,0.46123,1.41736,0.71833,0.89969,0,0,0,0,0,0,0,0,0,0,0,0,0,0,0.46123,0.0255677,0.00852258,0.0255677,0.00852258,0.0255677,0.00852258,0.0255677,0.00852258
204,26219.4,1.5847,0.83051,0.94158,0,0.00356,0.0035,0.15348,0.50802,0.45835,0.00338,0.0035,2.43269,2.42918,0.50722,0.07354,0.4912,0.50736,0.76241,0.70197,0.73498,0.46174,1.41654,0.7173,0.89943,0,0,0,0,0,0,0,0,0,0,0,0,0,0,0.46174,0.0255261,0.0085087,0.0255261,0.0085087,0.0255261,0.0085087,0.0255261,0.0085087
205,26343.7,1.58663,0.83239,0.94154,0,0.00356,0.00362,0.15349,0.50945,0.45772,0.00341,0.00362,2.43567,2.43206,0.50585,0.07403,0.48897,0.506,0.76318,0.70208,0.73499,0.46252,1.41528,0.71648,0.89909,0,0,0,0,0,0,0,0,0,0,0,0,0,0,0.46252,0.0254843,0.00849477,0.0254843,0.00849477,0.0254843,0.00849477,0.0254843,0.00849477
206,26471.8,1.57363,0.8267,0.94166,0,0.00357,0.00363,0.15349,0.50659,0.43902,0.00339,0.00363,2.43862,2.43499,0.50686,0.07595,0.48732,0.50701,0.76245,0.70175,0.7352,0.46287,1.41508,0.71589,0.89884,0,0,0,0,0,0,0,0,0,0,0,0,0,0,0.46287,0.0254423,0.00848078,0.0254423,0.00848078,0.0254423,0.00848078,0.0254423,0.00848078
207,26597.3,1.57918,0.82682,0.93663,0,0.00356,0.00366,0.1535,0.50584,0.43769,0.00336,0.00366,2.43999,2.43633,0.5068,0.07423,0.48671,0.50699,0.76253,0.70132,0.736,0.46305,1.41391,0.71542,0.89858,0,0,0,0,0,0,0,0,0,0,0,0,0,0,0.46305,0.0254002,0.00846674,0.0254002,0.00846674,0.0254002,0.00846674,0.0254002,0.00846674
208,26721.9,1.57227,0.82481,0.93945,0,0.00356,0.00363,0.1535,0.50846,0.45749,0.00336,0.00363,2.44223,2.43859,0.507,0.07458,0.48801,0.50717,0.76251,0.7013,0.73604,0.46319,1.41275,0.71496,0.89822,0,0,0,0,0,0,0,0,0,0,0,0,0,0,0.46319,0.025358,0.00845265,0.025358,0.00845265,0.025358,0.00845265,0.025358,0.00845265
209,26847.4,1.57113,0.82231,0.93574,0,0.00355,0.00368,0.1535,0.50482,0.44146,0.00334,0.00368,2.43707,2.4334,0.5092,0.07455,0.49292,0.50933,0.76492,0.70176,0.73693,0.46354,1.41161,0.71391,0.89788,0,0,0,0,0,0,0,0,0,0,0,0,0,0,0.46354,0.0253155,0.00843851,0.0253155,0.00843851,0.0253155,0.00843851,0.0253155,0.00843851
210,26972.7,1.58015,0.82856,0.93763,0,0.00355,0.00362,0.15349,0.50794,0.43159,0.00335,0.00362,2.43973,2.43611,0.50893,0.07393,0.49177,0.50907,0.76321,0.70202,0.73703,0.46392,1.41076,0.7132,0.89765,0,0,0,0,0,0,0,0,0,0,0,0,0,0,0.46392,0.0252729,0.00842431,0.0252729,0.00842431,0.0252729,0.00842431,0.0252729,0.00842431
211,27100,1.57688,0.82393,0.93896,0,0.00356,0.00372,0.15351,0.50831,0.43552,0.00334,0.00372,2.43632,2.4326,0.50814,0.07187,0.4875,0.50818,0.76465,0.70297,0.73759,0.4643,1.40898,0.71212,0.8973,0,0,0,0,0,0,0,0,0,0,0,0,0,0,0.4643,0.0252302,0.00841006,0.0252302,0.00841006,0.0252302,0.00841006,0.0252302,0.00841006
212,27227.2,1.5723,0.82203,0.93643,0,0.00355,0.0037,0.15351,0.50371,0.44321,0.00334,0.0037,2.43848,2.43478,0.50893,0.07214,0.49371,0.50905,0.76622,0.70297,0.73822,0.46486,1.40693,0.71098,0.89686,0,0,0,0,0,0,0,0,0,0,0,0,0,0,0.46486,0.0251873,0.00839576,0.0251873,0.00839576,0.0251873,0.00839576,0.0251873,0.00839576
213,27356.1,1.57346,0.82057,0.93854,0,0.00355,0.00376,0.15351,0.50634,0.42007,0.00332,0.00376,2.43997,2.4362,0.5117,0.07219,0.50012,0.51163,0.76479,0.7045,0.73826,0.4651,1.40545,0.71013,0.89661,0,0,0,0,0,0,0,0,0,0,0,0,0,0,0.4651,0.0251442,0.00838141,0.0251442,0.00838141,0.0251442,0.00838141,0.0251442,0.00838141
214,27485.1,1.57263,0.82119,0.9341,0,0.00354,0.00369,0.1535,0.50669,0.41638,0.00334,0.00369,2.43522,2.43153,0.50917,0.07152,0.49752,0.50925,0.76872,0.70359,0.73879,0.46597,1.40409,0.70971,0.89621,0,0,0,0,0,0,0,0,0,0,0,0,0,0,0.46597,0.025101,0.00836701,0.025101,0.00836701,0.025101,0.00836701,0.025101,0.00836701
215,27614,1.57829,0.82559,0.93737,0,0.00352,0.00363,0.1535,0.50798,0.42534,0.0033,0.00363,2.43435,2.43072,0.50882,0.07239,0.49174,0.50897,0.76551,0.70425,0.73845,0.4664,1.40315,0.70906,0.89583,0,0,0,0,0,0,0,0,0,0,0,0,0,0,0.4664,0.0250577,0.00835255,0.0250577,0.00835255,0.0250577,0.00835255,0.0250577,0.00835255
216,27743.6,1.56331,0.81789,0.93312,0,0.00352,0.00367,0.1535,0.50302,0.42843,0.00333,0.00367,2.43714,2.43347,0.50757,0.07243,0.48808,0.50775,0.76338,0.70615,0.73927,0.46659,1.40138,0.70809,0.89546,0,0,0,0,0,0,0,0,0,0,0,0,0,0,0.46659,0.0250141,0.00833805,0.0250141,0.00833805,0.0250141,0.00833805,0.0250141,0.00833805
217,27872.1,1.56393,0.82086,0.93638,0,0.00353,0.00352,0.15348,0.50268,0.42637,0.00333,0.00352,2.43662,2.4331,0.50916,0.0728,0.48885,0.50934,0.76306,0.70611,0.73943,0.4669,1.40063,0.70721,0.89527,0,0,0,0,0,0,0,0,0,0,0,0,0,0,0.4669,0.0249705,0.00832349,0.0249705,0.00832349,0.0249705,0.00832349,0.0249705,0.00832349
218,27999.3,1.57519,0.82518,0.93582,0,0.00353,0.0036,0.15349,0.50469,0.44164,0.00333,0.0036,2.44215,2.43855,0.51365,0.07228,0.49483,0.51381,0.76356,0.70651,0.7396,0.46674,1.39926,0.70681,0.89493,0,0,0,0,0,0,0,0,0,0,0,0,0,0,0.46674,0.0249267,0.00830889,0.0249267,0.00830889,0.0249267,0.00830889,0.0249267,0.00830889
219,28125.8,1.56711,0.8209,0.9364,0,0.00352,0.00366,0.1535,0.5043,0.42929,0.00332,0.00366,2.44003,2.43636,0.51155,0.07182,0.49543,0.5117,0.76279,0.70815,0.73991,0.46686,1.39715,0.7058,0.89456,0,0,0,0,0,0,0,0,0,0,0,0,0,0,0.46686,0.0248827,0.00829423,0.0248827,0.00829423,0.0248827,0.00829423,0.0248827,0.00829423
220,28255.6,1.56355,0.8159,0.93837,0,0.00352,0.00362,0.15349,0.5053,0.4154,0.00331,0.00362,2.43446,2.43083,0.50798,0.07067,0.49295,0.50809,0.76282,0.70752,0.74001,0.46723,1.39591,0.70477,0.8944,0,0,0,0,0,0,0,0,0,0,0,0,0,0,0.46723,0.0248386,0.00827952,0.0248386,0.00827952,0.0248386,0.00827952,0.0248386,0.00827952
221,28386.1,1.56059,0.81449,0.93355,0,0.00351,0.00368,0.1535,0.50184,0.40934,0.0033,0.00368,2.43405,2.43037,0.51028,0.07048,0.49182,0.51043,0.76164,0.70783,0.74052,0.46776,1.39403,0.70421,0.89404,0,0,0,0,0,0,0,0,0,0,0,0,0,0,0.46776,0.0247943,0.00826477,0.0247943,0.00826477,0.0247943,0.00826477,0.0247943,0.00826477
222,28512.7,1.56418,0.8172,0.93534,0,0.00351,0.00364,0.1535,0.50103,0.41956,0.00332,0.00364,2.4322,2.42856,0.50993,0.07199,0.49139,0.5101,0.76185,0.70924,0.74144,0.46822,1.39195,0.70323,0.8937,0,0,0,0,0,0,0,0,0,0,0,0,0,0,0.46822,0.0247499,0.00824996,0.0247499,0.00824996,0.0247499,0.00824996,0.0247499,0.00824996
223,28641.6,1.55669,0.81037,0.93262,0,0.0035,0.00356,0.15349,0.50032,0.42133,0.00329,0.00356,2.43222,2.42866,0.5114,0.07215,0.49226,0.51157,0.76078,0.70902,0.7412,0.46843,1.39099,0.70215,0.89357,0,0,0,0,0,0,0,0,0,0,0,0,0,0,0.46843,0.0247053,0.00823511,0.0247053,0.00823511,0.0247053,0.00823511,0.0247053,0.00823511
224,28773.7,1.57182,0.81724,0.93708,0,0.00349,0.0036,0.15349,0.50576,0.43266,0.0033,0.0036,2.43399,2.4304,0.51226,0.07294,0.49579,0.51241,0.76142,0.70958,0.74198,0.46895,1.38985,0.70155,0.89342,0,0,0,0,0,0,0,0,0,0,0,0,0,0,0.46895,0.0246606,0.0082202,0.0246606,0.0082202,0.0246606,0.0082202,0.0246606,0.0082202
225,28903,1.56893,0.81666,0.93623,0,0.00349,0.0037,0.15351,0.50333,0.42934,0.00328,0.0037,2.43889,2.4352,0.513,0.07295,0.49544,0.51317,0.7602,0.70964,0.74196,0.4693,1.38854,0.70061,0.89318,0,0,0,0,0,0,0,0,0,0,0,0,0,0,0.4693,0.0246157,0.00820525,0.0246157,0.00820525,0.0246157,0.00820525,0.0246157,0.00820525
226,29030.3,1.57185,0.8232,0.93678,0,0.00348,0.00376,0.15351,0.50411,0.42861,0.00329,0.00376,2.43407,2.43032,0.5119,0.07347,0.49401,0.51206,0.76215,0.71093,0.74262,0.46955,1.38734,0.69996,0.89288,0,0,0,0,0,0,0,0,0,0,0,0,0,0,0.46955,0.0245707,0.00819025,0.0245707,0.00819025,0.0245707,0.00819025,0.0245707,0.00819025
227,29159.2,1.56633,0.81211,0.93669,0,0.00348,0.00357,0.15349,0.50105,0.42419,0.00329,0.00357,2.43593,2.43236,0.51137,0.07295,0.49231,0.51152,0.76184,0.71004,0.74195,0.46943,1.38714,0.69922,0.89278,0,0,0,0,0,0,0,0,0,0,0,0,0,0,0.46943,0.0245256,0.0081752,0.0245256,0.0081752,0.0245256,0.0081752,0.0245256,0.0081752
228,29288.4,1.55259,0.81001,0.9335,0,0.00349,0.00358,0.15349,0.50124,0.41099,0.00328,0.00358,2.4371,2.43352,0.51056,0.07477,0.49217,0.51055,0.76283,0.71188,0.74212,0.46938,1.38712,0.69861,0.89271,0,0,0,0,0,0,0,0,0,0,0,0,0,0,0.46938,0.0244803,0.0081601,0.0244803,0.0081601,0.0244803,0.0081601,0.0244803,0.0081601
229,29416.3,1.55594,0.81054,0.93462,0,0.00349,0.00361,0.15349,0.50248,0.41081,0.00326,0.00361,2.43601,2.4324,0.51345,0.0744,0.49479,0.51362,0.76339,0.70994,0.74223,0.46941,1.38683,0.69787,0.89256,0,0,0,0,0,0,0,0,0,0,0,0,0,0,0.46941,0.0244349,0.00814495,0.0244349,0.00814495,0.0244349,0.00814495,0.0244349,0.00814495
230,29542.5,1.55432,0.80999,0.93283,0,0.00348,0.00352,0.15348,0.50038,0.40498,0.00324,0.00352,2.43278,2.42926,0.51265,0.076,0.49451,0.51281,0.76433,0.71036,0.74266,0.46936,1.38597,0.6976,0.89232,0,0,0,0,0,0,0,0,0,0,0,0,0,0,0.46936,0.0243893,0.00812976,0.0243893,0.00812976,0.0243893,0.00812976,0.0243893,0.00812976
231,29669.2,1.56256,0.81471,0.93442,0,0.00347,0.00361,0.15349,0.50182,0.39763,0.00324,0.00361,2.433,2.42938,0.51086,0.07376,0.49514,0.511,0.76465,0.71012,0.74294,0.46951,1.38504,0.69674,0.89209,0,0,0,0,0,0,0,0,0,0,0,0,0,0,0.46951,0.0243435,0.00811452,0.0243435,0.00811452,0.0243435,0.00811452,0.0243435,0.00811452
232,29799,1.55894,0.81256,0.9325,0,0.00347,0.00355,0.15348,0.50332,0.40692,0.00322,0.00355,2.43339,2.42984,0.51151,0.07242,0.49406,0.5115,0.76525,0.71001,0.7431,0.4703,1.38359,0.69592,0.89191,0,0,0,0,0,0,0,0,0,0,0,0,0,0,0.4703,0.0242977,0.00809923,0.0242977,0.00809923,0.0242977,0.00809923,0.0242977,0.00809923
233,29931.2,1.54648,0.80527,0.93045,0,0.00346,0.00357,0.15349,0.49806,0.42001,0.00323,0.00357,2.43342,2.42984,0.51333,0.07457,0.49753,0.5133,0.76818,0.70891,0.74406,0.47035,1.38406,0.69543,0.89182,0,0,0,0,0,0,0,0,0,0,0,0,0,0,0.47035,0.0242517,0.00808389,0.0242517,0.00808389,0.0242517,0.00808389,0.0242517,0.00808389
234,30061.2,1.552,0.81183,0.93287,0,0.00345,0.00355,0.15348,0.49896,0.4233,0.00322,0.00355,2.43083,2.42728,0.51045,0.07324,0.49299,0.51061,0.76612,0.71037,0.74424,0.47097,1.38347,0.695,0.89162,0,0,0,0,0,0,0,0,0,0,0,0,0,0,0.47097,0.0242055,0.00806851,0.0242055,0.00806851,0.0242055,0.00806851,0.0242055,0.00806851
235,30198.9,1.55089,0.8059,0.93088,0,0.00345,0.0036,0.15349,0.5021,0.39906,0.00326,0.0036,2.42964,2.42604,0.51074,0.07334,0.49238,0.51092,0.76663,0.70887,0.74426,0.47118,1.38246,0.69426,0.89127,0,0,0,0,0,0,0,0,0,0,0,0,0,0,0.47118,0.0241592,0.00805308,0.0241592,0.00805308,0.0241592,0.00805308,0.0241592,0.00805308
236,30325.7,1.54777,0.80234,0.93127,0,0.00345,0.00365,0.1535,0.49807,0.39903,0.00325,0.00365,2.43208,2.42843,0.5112,0.07182,0.49406,0.51136,0.76743,0.71014,0.74529,0.47135,1.38086,0.69319,0.89107,0,0,0,0,0,0,0,0,0,0,0,0,0,0,0.47135,0.0241128,0.0080376,0.0241128,0.0080376,0.0241128,0.0080376,0.0241128,0.0080376
237,30452.6,1.55049,0.80926,0.93114,0,0.00344,0.00355,0.15348,0.49882,0.40014,0.00323,0.00355,2.43308,2.42953,0.51297,0.07316,0.49535,0.51294,0.76703,0.70909,0.74499,0.47174,1.37944,0.69246,0.89078,0,0,0,0,0,0,0,0,0,0,0,0,0,0,0.47174,0.0240662,0.00802208,0.0240662,0.00802208,0.0240662,0.00802208,0.0240662,0.00802208
238,30578.1,1.54546,0.80436,0.93261,0,0.00345,0.0035,0.15348,0.49788,0.40527,0.00325,0.0035,2.4347,2.4312,0.51057,0.07252,0.4967,0.5107,0.7684,0.70946,0.74518,0.4718,1.37875,0.69184,0.89068,0,0,0,0,0,0,0,0,0,0,0,0,0,0,0.4718,0.0240195,0.00800651,0.0240195,0.00800651,0.0240195,0.00800651,0.0240195,0.00800651
239,30704.6,1.5588,0.81326,0.93305,0,0.00344,0.00359,0.15349,0.50263,0.3955,0.00324,0.00359,2.43838,2.43479,0.51156,0.07216,0.49397,0.51174,0.76881,0.70985,0.74535,0.47218,1.37742,0.69117,0.89041,0,0,0,0,0,0,0,0,0,0,0,0,0,0,0.47218,0.0239727,0.0079909,0.0239727,0.0079909,0.0239727,0.0079909,0.0239727,0.0079909
240,30832.2,1.55014,0.80563,0.93413,0,0.00344,0.00358,0.15349,0.50162,0.39974,0.00323,0.00358,2.43479,2.43121,0.51298,0.07288,0.49784,0.51312,0.76756,0.71125,0.74563,0.47213,1.37726,0.69051,0.89032,0,0,0,0,0,0,0,0,0,0,0,0,0,0,0.47213,0.0239257,0.00797524,0.0239257,0.00797524,0.0239257,0.00797524,0.0239257,0.00797524
241,30961.6,1.54196,0.80394,0.92919,0,0.00343,0.00354,0.15348,0.50073,0.40703,0.00323,0.00354,2.43235,2.42881,0.51024,0.07291,0.4956,0.51038,0.76823,0.71021,0.74615,0.47305,1.3752,0.68905,0.88997,0,0,0,0,0,0,0,0,0,0,0,0,0,0,0.47305,0.0238786,0.00795954,0.0238786,0.00795954,0.0238786,0.00795954,0.0238786,0.00795954
242,31086.9,1.54668,0.80254,0.9321,0,0.00343,0.00358,0.15349,0.49876,0.41133,0.00321,0.00358,2.43239,2.42881,0.51103,0.07181,0.49414,0.51119,0.76819,0.70986,0.74641,0.47335,1.3745,0.68836,0.88974,0,0,0,0,0,0,0,0,0,0,0,0,0,0,0.47335,0.0238314,0.00794379,0.0238314,0.00794379,0.0238314,0.00794379,0.0238314,0.00794379
243,31212.4,1.5501,0.80818,0.93388,0,0.00343,0.00365,0.1535,0.50104,0.4092,0.00321,0.00365,2.43782,2.43417,0.51188,0.07162,0.49044,0.51191,0.76776,0.71128,0.74625,0.47365,1.37438,0.68739,0.88952,0,0,0,0,0,0,0,0,0,0,0,0,0,0,0.47365,0.023784,0.007928,0.023784,0.007928,0.023784,0.007928,0.023784,0.007928
244,31339.9,1.54315,0.8034,0.93126,0,0.00343,0.00351,0.15348,0.49993,0.4068,0.00321,0.00351,2.43684,2.43333,0.51093,0.07273,0.48942,0.51114,0.77101,0.71152,0.74724,0.47404,1.37414,0.68736,0.88945,0,0,0,0,0,0,0,0,0,0,0,0,0,0,0.47404,0.0237365,0.00791216,0.0237365,0.00791216,0.0237365,0.00791216,0.0237365,0.00791216
245,31468.6,1.53726,0.80132,0.92852,0,0.00343,0.00363,0.1535,0.49755,0.3948,0.00321,0.00363,2.43616,2.43253,0.51136,0.07323,0.49169,0.51155,0.7726,0.71188,0.74805,0.47378,1.37289,0.68655,0.88923,0,0,0,0,0,0,0,0,0,0,0,0,0,0,0.47378,0.0236888,0.00789628,0.0236888,0.00789628,0.0236888,0.00789628,0.0236888,0.00789628
246,31595,1.54475,0.80016,0.92877,0,0.00342,0.00365,0.1535,0.4974,0.38953,0.00321,0.00365,2.43766,2.43401,0.51254,0.07224,0.49405,0.5127,0.77536,0.71189,0.74879,0.47464,1.37237,0.68565,0.88909,0,0,0,0,0,0,0,0,0,0,0,0,0,0,0.47464,0.0236411,0.00788035,0.0236411,0.00788035,0.0236411,0.00788035,0.0236411,0.00788035
247,31723.7,1.53623,0.79833,0.92843,0,0.00342,0.00364,0.1535,0.49568,0.39944,0.00319,0.00364,2.43258,2.42893,0.51352,0.07312,0.49633,0.51367,0.77605,0.71039,0.7486,0.47513,1.37135,0.68512,0.88893,0,0,0,0,0,0,0,0,0,0,0,0,0,0,0.47513,0.0235931,0.00786438,0.0235931,0.00786438,0.0235931,0.00786438,0.0235931,0.00786438
248,31849.3,1.54412,0.80144,0.92955,0,0.00342,0.0036,0.15349,0.49678,0.40091,0.00318,0.0036,2.43552,2.43191,0.51351,0.07363,0.49415,0.51368,0.77794,0.70981,0.74787,0.47489,1.37048,0.68437,0.88886,0,0,0,0,0,0,0,0,0,0,0,0,0,0,0.47489,0.0235451,0.00784837,0.0235451,0.00784837,0.0235451,0.00784837,0.0235451,0.00784837
249,31978.7,1.53185,0.79343,0.92872,0,0.00341,0.00356,0.15349,0.49471,0.40199,0.00318,0.00356,2.43706,2.43349,0.51407,0.07317,0.49836,0.514,0.77779,0.71052,0.74843,0.47537,1.37039,0.68402,0.88872,0,0,0,0,0,0,0,0,0,0,0,0,0,0,0.47537,0.0234969,0.00783231,0.0234969,0.00783231,0.0234969,0.00783231,0.0234969,0.00783231
250,32105.4,1.53415,0.79433,0.93017,0,0.00342,0.00354,0.15348,0.49491,0.41776,0.00318,0.00354,2.43533,2.43178,0.5138,0.07214,0.49679,0.51395,0.77792,0.71061,0.74841,0.47513,1.36896,0.68323,0.88845,0,0,0,0,0,0,0,0,0,0,0,0,0,0,0.47513,0.0234486,0.00781621,0.0234486,0.00781621,0.0234486,0.00781621,0.0234486,0.00781621
251,32234,1.52671,0.79437,0.92799,0,0.00342,0.00355,0.15348,0.49401,0.40802,0.00318,0.00355,2.43425,2.4307,0.51478,0.07191,0.4966,0.51496,0.77803,0.71112,0.74832,0.47585,1.36744,0.68279,0.88824,0,0,0,0,0,0,0,0,0,0,0,0,0,0,0.47585,0.0234002,0.00780007,0.0234002,0.00780007,0.0234002,0.00780007,0.0234002,0.00780007
252,32360.1,1.53583,0.79884,0.93032,0,0.00341,0.00367,0.1535,0.49694,0.40346,0.00318,0.00367,2.42896,2.42529,0.51676,0.07375,0.49818,0.51673,0.77696,0.71171,0.74894,0.47653,1.36651,0.68248,0.888,0,0,0,0,0,0,0,0,0,0,0,0,0,0,0.47653,0.0233517,0.00778389,0.0233517,0.00778389,0.0233517,0.00778389,0.0233517,0.00778389
253,32491.1,1.52541,0.79157,0.92317,0,0.0034,0.00348,0.15347,0.49275,0.39457,0.00319,0.00348,2.43083,2.42735,0.51455,0.07175,0.50009,0.51467,0.77744,0.71309,0.75028,0.47635,1.36585,0.68211,0.88787,0,0,0,0,0,0,0,0,0,0,0,0,0,0,0.47635,0.023303,0.00776766,0.023303,0.00776766,0.023303,0.00776766,0.023303,0.00776766
254,32618.6,1.53767,0.79558,0.9284,0,0.00341,0.00358,0.15349,0.49808,0.3989,0.00318,0.00358,2.43269,2.42911,0.51641,0.07203,0.49943,0.51658,0.77733,0.71268,0.74964,0.47694,1.36348,0.68118,0.88762,0,0,0,0,0,0,0,0,0,0,0,0,0,0,0.47694,0.0232542,0.0077514,0.0232542,0.0077514,0.0232542,0.0077514,0.0232542,0.0077514
255,32746.5,1.53121,0.79379,0.92554,0,0.0034,0.00361,0.15349,0.49579,0.38128,0.00318,0.00361,2.43383,2.43023,0.51621,0.072,0.49838,0.51638,0.77797,0.71457,0.75135,0.47725,1.36207,0.68021,0.88738,0,0,0,0,0,0,0,0,0,0,0,0,0,0,0.47725,0.0232053,0.00773509,0.0232053,0.00773509,0.0232053,0.00773509,0.0232053,0.00773509
256,32872.9,1.53693,0.79572,0.92957,0,0.00339,0.00356,0.15349,0.49799,0.39069,0.00317,0.00356,2.43966,2.4361,0.51567,0.07113,0.49454,0.51569,0.77729,0.71529,0.75066,0.47741,1.36254,0.6798,0.88734,0,0,0,0,0,0,0,0,0,0,0,0,0,0,0.47741,0.0231562,0.00771873,0.0231562,0.00771873,0.0231562,0.00771873,0.0231562,0.00771873
257,33000,1.52927,0.78936,0.92567,0,0.00342,0.0037,0.15351,0.49449,0.40051,0.00316,0.0037,2.43609,2.43239,0.51421,0.07048,0.49697,0.51436,0.77845,0.71509,0.75165,0.47721,1.36197,0.67946,0.88724,0,0,0,0,0,0,0,0,0,0,0,0,0,0,0.47721,0.023107,0.00770234,0.023107,0.00770234,0.023107,0.00770234,0.023107,0.00770234
258,33127.1,1.52828,0.79067,0.92656,0,0.00341,0.00358,0.15349,0.49352,0.38237,0.00317,0.00358,2.43691,2.43333,0.51343,0.07068,0.49454,0.51359,0.77733,0.71503,0.7517,0.47776,1.36103,0.67877,0.88712,0,0,0,0,0,0,0,0,0,0,0,0,0,0,0.47776,0.0230577,0.00768591,0.0230577,0.00768591,0.0230577,0.00768591,0.0230577,0.00768591
259,33254.4,1.52902,0.79543,0.92579,0,0.00341,0.00352,0.15348,0.49713,0.3789,0.00317,0.00352,2.43666,2.43314,0.51577,0.07028,0.49751,0.51592,0.77777,0.7154,0.75284,0.47813,1.36031,0.67836,0.8869,0,0,0,0,0,0,0,0,0,0,0,0,0,0,0.47813,0.0230083,0.00766944,0.0230083,0.00766944,0.0230083,0.00766944,0.0230083,0.00766944
260,33382.8,1.51984,0.78354,0.92636,0,0.00341,0.00364,0.1535,0.49318,0.3635,0.00316,0.00364,2.43725,2.43361,0.51501,0.07074,0.49787,0.51516,0.77875,0.71552,0.75295,0.47839,1.35967,0.67786,0.88673,0,0,0,0,0,0,0,0,0,0,0,0,0,0,0.47839,0.0229588,0.00765292,0.0229588,0.00765292,0.0229588,0.00765292,0.0229588,0.00765292
261,33509,1.52688,0.78927,0.92629,0,0.00341,0.00379,0.15352,0.49402,0.37724,0.00317,0.00379,2.43896,2.43517,0.51525,0.07005,0.49666,0.51541,0.77946,0.71512,0.75272,0.47915,1.35813,0.67717,0.8865,0,0,0,0,0,0,0,0,0,0,0,0,0,0,0.47915,0.0229091,0.00763637,0.0229091,0.00763637,0.0229091,0.00763637,0.0229091,0.00763637
262,33636.3,1.51913,0.78848,0.92725,0,0.00338,0.00357,0.15349,0.49355,0.36526,0.00315,0.00357,2.43942,2.43585,0.51538,0.06906,0.49939,0.51551,0.77995,0.71553,0.75321,0.47875,1.35761,0.67667,0.88626,0,0,0,0,0,0,0,0,0,0,0,0,0,0,0.47875,0.0228593,0.00761977,0.0228593,0.00761977,0.0228593,0.00761977,0.0228593,0.00761977
263,33766.2,1.5234,0.79004,0.92708,0,0.0034,0.00359,0.15349,0.49475,0.3751,0.00314,0.00359,2.43644,2.43285,0.51511,0.06987,0.49806,0.51528,0.78085,0.71571,0.75414,0.47928,1.35737,0.67596,0.88619,0,0,0,0,0,0,0,0,0,0,0,0,0,0,0.47928,0.0228094,0.00760314,0.0228094,0.00760314,0.0228094,0.00760314,0.0228094,0.00760314
264,33895.8,1.51364,0.78648,0.92425,0,0.00338,0.00356,0.15348,0.49199,0.37009,0.00313,0.00356,2.43903,2.43547,0.51408,0.07112,0.4943,0.51427,0.78264,0.71706,0.75438,0.47976,1.35664,0.67559,0.88587,0,0,0,0,0,0,0,0,0,0,0,0,0,0,0.47976,0.0227594,0.00758647,0.0227594,0.00758647,0.0227594,0.00758647,0.0227594,0.00758647
265,34033.4,1.52345,0.78939,0.92265,0,0.00338,0.00351,0.15348,0.49165,0.36629,0.00314,0.00351,2.43662,2.43312,0.51584,0.07043,0.49944,0.51599,0.78367,0.71685,0.75501,0.47987,1.35589,0.67537,0.88564,0,0,0,0,0,0,0,0,0,0,0,0,0,0,0.47987,0.0227093,0.00756976,0.0227093,0.00756976,0.0227093,0.00756976,0.0227093,0.00756976
266,34177.3,1.52139,0.78543,0.92358,0,0.00338,0.00353,0.15348,0.49369,0.36509,0.00313,0.00353,2.43131,2.42778,0.51685,0.07063,0.5011,0.51698,0.7832,0.71689,0.75412,0.48028,1.35512,0.67462,0.88556,0,0,0,0,0,0,0,0,0,0,0,0,0,0,0.48028,0.022659,0.007553,0.022659,0.007553,0.022659,0.007553,0.022659,0.007553
267,34315.6,1.52292,0.78777,0.92536,0,0.00338,0.00359,0.15349,0.49506,0.35768,0.00312,0.00359,2.43161,2.42802,0.51553,0.07209,0.50045,0.51568,0.78286,0.71727,0.75421,0.48096,1.35388,0.67375,0.88543,0,0,0,0,0,0,0,0,0,0,0,0,0,0,0.48096,0.0226086,0.00753621,0.0226086,0.00753621,0.0226086,0.00753621,0.0226086,0.00753621
268,34459.3,1.51912,0.78619,0.92291,0,0.00336,0.00351,0.15348,0.49185,0.37063,0.00312,0.00351,2.44087,2.43736,0.51392,0.07226,0.49864,0.51406,0.78205,0.71751,0.75411,0.48137,1.35215,0.67319,0.88525,0,0,0,0,0,0,0,0,0,0,0,0,0,0,0.48137,0.0225582,0.00751939,0.0225582,0.00751939,0.0225582,0.00751939,0.0225582,0.00751939
269,34600.7,1.52076,0.78628,0.92165,0,0.00336,0.00354,0.15348,0.49438,0.36713,0.00313,0.00354,2.43719,2.43365,0.51444,0.07147,0.50303,0.51452,0.78299,0.7177,0.75433,0.48171,1.35099,0.67248,0.8851,0,0,0,0,0,0,0,0,0,0,0,0,0,0,0.48171,0.0225076,0.00750252,0.0225076,0.00750252,0.0225076,0.00750252,0.0225076,0.00750252
270,34737.2,1.51294,0.7785,0.92425,0,0.00337,0.00363,0.15349,0.48831,0.37044,0.00312,0.00363,2.43188,2.42825,0.51517,0.07147,0.50852,0.51502,0.78538,0.71774,0.7549,0.48177,1.34992,0.67181,0.88487,0,0,0,0,0,0,0,0,0,0,0,0,0,0,0.48177,0.0224568,0.00748562,0.0224568,0.00748562,0.0224568,0.00748562,0.0224568,0.00748562
271,34879.9,1.51622,0.78028,0.92313,0,0.00337,0.00357,0.15349,0.4922,0.36495,0.00315,0.00357,2.43165,2.42807,0.51397,0.07154,0.50548,0.51402,0.78402,0.71812,0.75502,0.48206,1.34997,0.67141,0.88473,0,0,0,0,0,0,0,0,0,0,0,0,0,0,0.48206,0.022406,0.00746868,0.022406,0.00746868,0.022406,0.00746868,0.022406,0.00746868
272,35021,1.52258,0.78532,0.92183,0,0.00335,0.00353,0.15348,0.49364,0.37139,0.00314,0.00353,2.43718,2.43364,0.51716,0.07115,0.50467,0.51724,0.78389,0.71998,0.75606,0.48277,1.3484,0.67095,0.88464,0,0,0,0,0,0,0,0,0,0,0,0,0,0,0.48277,0.0223551,0.0074517,0.0223551,0.0074517,0.0223551,0.0074517,0.0223551,0.0074517
273,35156.9,1.51222,0.78025,0.92213,0,0.00336,0.00356,0.15349,0.49111,0.36615,0.00313,0.00356,2.43738,2.43382,0.51587,0.07189,0.49761,0.51603,0.78403,0.72097,0.75775,0.48324,1.34722,0.6702,0.88451,0,0,0,0,0,0,0,0,0,0,0,0,0,0,0.48324,0.022304,0.00743468,0.022304,0.00743468,0.022304,0.00743468,0.022304,0.00743468
274,35276.9,1.51542,0.77906,0.9208,0,0.00336,0.00361,0.15349,0.49067,0.34748,0.00311,0.00361,2.4371,2.4335,0.51395,0.07018,0.49725,0.5141,0.78406,0.72063,0.75774,0.48412,1.34611,0.66952,0.88426,0,0,0,0,0,0,0,0,0,0,0,0,0,0,0.48412,0.0222529,0.00741763,0.0222529,0.00741763,0.0222529,0.00741763,0.0222529,0.00741763
275,35395.9,1.51677,0.7828,0.9233,0,0.00334,0.00347,0.15347,0.49022,0.35591,0.0031,0.00347,2.43535,2.43188,0.51474,0.07055,0.50128,0.51485,0.78349,0.72125,0.75789,0.48494,1.34416,0.66883,0.88405,0,0,0,0,0,0,0,0,0,0,0,0,0,0,0.48494,0.0222016,0.00740054,0.0222016,0.00740054,0.0222016,0.00740054,0.0222016,0.00740054
276,35534.3,1.51461,0.7818,0.92258,0,0.00335,0.00344,0.15347,0.49015,0.35979,0.00309,0.00344,2.43294,2.4295,0.51644,0.07113,0.50083,0.51657,0.78396,0.72096,0.75792,0.48435,1.3431,0.66839,0.88379,0,0,0,0,0,0,0,0,0,0,0,0,0,0,0.48435,0.0221502,0.00738341,0.0221502,0.00738341,0.0221502,0.00738341,0.0221502,0.00738341
277,35669.8,1.51819,0.78565,0.92305,0,0.00335,0.00359,0.15349,0.49291,0.35452,0.00308,0.00359,2.42994,2.42635,0.51422,0.06978,0.50068,0.51434,0.78507,0.7211,0.75829,0.48466,1.34221,0.66803,0.88363,0,0,0,0,0,0,0,0,0,0,0,0,0,0,0.48466,0.0220988,0.00736625,0.0220988,0.00736625,0.0220988,0.00736625,0.0220988,0.00736625
278,35806.1,1.51296,0.77997,0.92086,0,0.00334,0.00357,0.15349,0.48937,0.35076,0.00307,0.00357,2.4327,2.42913,0.51406,0.07117,0.50529,0.51412,0.78617,0.72235,0.75878,0.48479,1.34071,0.6674,0.88342,0,0,0,0,0,0,0,0,0,0,0,0,0,0,0.48479,0.0220472,0.00734906,0.0220472,0.00734906,0.0220472,0.00734906,0.0220472,0.00734906
279,35938.8,1.50587,0.77358,0.92125,0,0.00334,0.00353,0.15348,0.48881,0.3625,0.00308,0.00353,2.43589,2.43237,0.51369,0.07123,0.49987,0.5138,0.78538,0.7225,0.75834,0.48491,1.33963,0.66653,0.88318,0,0,0,0,0,0,0,0,0,0,0,0,0,0,0.48491,0.0219955,0.00733182,0.0219955,0.00733182,0.0219955,0.00733182,0.0219955,0.00733182
280,36077.6,1.51003,0.77996,0.92185,0,0.00333,0.00354,0.15348,0.48978,0.35492,0.00307,0.00354,2.4335,2.42995,0.5162,0.07315,0.49878,0.51636,0.78813,0.72174,0.75813,0.48488,1.33856,0.66597,0.88287,0,0,0,0,0,0,0,0,0,0,0,0,0,0,0.48488,0.0219437,0.00731456,0.0219437,0.00731456,0.0219437,0.00731456,0.0219437,0.00731456
281,36213,1.50795,0.77626,0.92145,0,0.00333,0.00356,0.15349,0.48994,0.3572,0.00307,0.00356,2.43502,2.43146,0.51357,0.07271,0.49818,0.51372,0.78835,0.72167,0.75957,0.48507,1.33748,0.66556,0.88264,0,0,0,0,0,0,0,0,0,0,0,0,0,0,0.48507,0.0218918,0.00729725,0.0218918,0.00729725,0.0218918,0.00729725,0.0218918,0.00729725
282,36361.2,1.50362,0.77859,0.92007,0,0.00333,0.00355,0.15348,0.4882,0.35933,0.00308,0.00355,2.43534,2.43179,0.51403,0.07247,0.50096,0.51413,0.7882,0.72189,0.7604,0.48545,1.33671,0.66502,0.88258,0,0,0,0,0,0,0,0,0,0,0,0,0,0,0.48545,0.0218397,0.00727992,0.0218397,0.00727992,0.0218397,0.00727992,0.0218397,0.00727992
283,36511.6,1.50803,0.77814,0.9212,0,0.00332,0.00354,0.15348,0.48788,0.34402,0.00307,0.00354,2.43589,2.43235,0.51408,0.07041,0.50016,0.5142,0.78594,0.72477,0.76043,0.4861,1.33622,0.66454,0.88245,0,0,0,0,0,0,0,0,0,0,0,0,0,0,0.4861,0.0217876,0.00726254,0.0217876,0.00726254,0.0217876,0.00726254,0.0217876,0.00726254
284,36658.7,1.50677,0.77974,0.92313,0,0.00331,0.00363,0.15349,0.49096,0.34119,0.00305,0.00363,2.43468,2.43105,0.515,0.07263,0.5008,0.51512,0.78626,0.72366,0.75958,0.48568,1.33545,0.6641,0.88236,0,0,0,0,0,0,0,0,0,0,0,0,0,0,0.48568,0.0217354,0.00724514,0.0217354,0.00724514,0.0217354,0.00724514,0.0217354,0.00724514
285,36800.3,1.49944,0.77402,0.919,0,0.00332,0.00354,0.15348,0.48799,0.34547,0.00304,0.00354,2.44023,2.43669,0.51811,0.07137,0.50142,0.51825,0.78944,0.72468,0.76074,0.48641,1.33521,0.66372,0.88211,0,0,0,0,0,0,0,0,0,0,0,0,0,0,0.48641,0.0216831,0.0072277,0.0216831,0.0072277,0.0216831,0.0072277,0.0216831,0.0072277
286,36943.8,1.49727,0.76807,0.92011,0,0.00333,0.00353,0.15348,0.48627,0.33747,0.00305,0.00353,2.43766,2.43413,0.51554,0.07049,0.50234,0.51565,0.78917,0.72436,0.76038,0.48697,1.33399,0.66318,0.88186,0,0,0,0,0,0,0,0,0,0,0,0,0,0,0.48697,0.0216307,0.00721023,0.0216307,0.00721023,0.0216307,0.00721023,0.0216307,0.00721023
287,37086.4,1.50786,0.77867,0.92063,0,0.00333,0.0035,0.15348,0.48969,0.34737,0.00307,0.0035,2.43944,2.43594,0.51465,0.06891,0.50311,0.51474,0.78893,0.72463,0.7605,0.48672,1.33383,0.6628,0.88186,0,0,0,0,0,0,0,0,0,0,0,0,0,0,0.48672,0.0215782,0.00719272,0.0215782,0.00719272,0.0215782,0.00719272,0.0215782,0.00719272
288,37225.6,1.50813,0.77691,0.92066,0,0.00331,0.00362,0.15349,0.49061,0.34599,0.00306,0.00362,2.44923,2.44561,0.51714,0.07061,0.50169,0.51708,0.79008,0.72451,0.76057,0.48665,1.33372,0.66254,0.88177,0,0,0,0,0,0,0,0,0,0,0,0,0,0,0.48665,0.0215255,0.00717518,0.0215255,0.00717518,0.0215255,0.00717518,0.0215255,0.00717518
289,37369.9,1.48876,0.76971,0.92013,0,0.00332,0.00355,0.15348,0.48524,0.34647,0.00308,0.00355,2.447,2.44345,0.51864,0.07168,0.50456,0.51855,0.79093,0.72577,0.76192,0.4872,1.33265,0.66179,0.88156,0,0,0,0,0,0,0,0,0,0,0,0,0,0,0.4872,0.0214728,0.00715761,0.0214728,0.00715761,0.0214728,0.00715761,0.0214728,0.00715761
290,37511.5,1.49312,0.77231,0.91908,0,0.00332,0.00361,0.15349,0.48703,0.35106,0.00307,0.00361,2.44067,2.43707,0.5158,0.07257,0.49948,0.51574,0.79046,0.72755,0.76236,0.4881,1.33088,0.66151,0.88134,0,0,0,0,0,0,0,0,0,0,0,0,0,0,0.4881,0.02142,0.00714,0.02142,0.00714,0.02142,0.00714,0.02142,0.00714
291,37652.8,1.49194,0.76792,0.91674,0,0.00331,0.00352,0.15348,0.48503,0.34897,0.00304,0.00352,2.44103,2.43751,0.51351,0.06967,0.50011,0.51362,0.7907,0.7268,0.76246,0.48808,1.33023,0.66104,0.88124,0,0,0,0,0,0,0,0,0,0,0,0,0,0,0.48808,0.0213671,0.00712237,0.0213671,0.00712237,0.0213671,0.00712237,0.0213671,0.00712237
292,37802.1,1.49438,0.76784,0.92103,0,0.0033,0.00355,0.15348,0.48555,0.34522,0.00303,0.00355,2.44275,2.4392,0.51454,0.07059,0.50256,0.51464,0.78996,0.72776,0.76232,0.48827,1.32966,0.66024,0.88117,0,0,0,0,0,0,0,0,0,0,0,0,0,0,0.48827,0.0213141,0.0071047,0.0213141,0.0071047,0.0213141,0.0071047,0.0213141,0.0071047
293,37948.6,1.49683,0.76865,0.91806,0,0.00331,0.00359,0.15349,0.48723,0.33912,0.00304,0.00359,2.43798,2.43439,0.51695,0.07053,0.50638,0.51704,0.78951,0.72869,0.76301,0.48883,1.32818,0.6593,0.88102,0,0,0,0,0,0,0,0,0,0,0,0,0,0,0.48883,0.021261,0.007087,0.021261,0.007087,0.021261,0.007087,0.021261,0.007087
294,38087.8,1.49432,0.76835,0.91706,0,0.0033,0.00354,0.15348,0.48756,0.34674,0.00305,0.00354,2.43725,2.4337,0.51668,0.07113,0.5047,0.51678,0.79228,0.7297,0.76387,0.48922,1.32685,0.65843,0.88082,0,0,0,0,0,0,0,0,0,0,0,0,0,0,0.48922,0.0212078,0.00706926,0.0212078,0.00706926,0.0212078,0.00706926,0.0212078,0.00706926
295,38230.9,1.50071,0.77148,0.91869,0,0.00331,0.0035,0.15348,0.48944,0.34352,0.00304,0.0035,2.43996,2.43646,0.51578,0.06921,0.50499,0.51588,0.79254,0.72886,0.76305,0.48935,1.32555,0.65797,0.88073,0,0,0,0,0,0,0,0,0,0,0,0,0,0,0.48935,0.0211545,0.0070515,0.0211545,0.0070515,0.0211545,0.0070515,0.0211545,0.0070515
296,38374.4,1.48828,0.76703,0.91606,0,0.0033,0.00342,0.15347,0.48501,0.33986,0.00304,0.00342,2.44214,2.43872,0.51568,0.06914,0.50194,0.51581,0.79165,0.72851,0.76293,0.48936,1.32518,0.6573,0.88065,0,0,0,0,0,0,0,0,0,0,0,0,0,0,0.48936,0.0211011,0.00703371,0.0211011,0.00703371,0.0211011,0.00703371,0.0211011,0.00703371
297,38510.9,1.49003,0.76381,0.91771,0,0.00331,0.00356,0.15349,0.4861,0.34431,0.00303,0.00356,2.44259,2.43903,0.51677,0.06963,0.50326,0.51687,0.79119,0.72681,0.76181,0.48931,1.32386,0.65695,0.88054,0,0,0,0,0,0,0,0,0,0,0,0,0,0,0.48931,0.0210476,0.00701588,0.0210476,0.00701588,0.0210476,0.00701588,0.0210476,0.00701588
298,38650.1,1.49504,0.76705,0.91967,0,0.0033,0.0035,0.15348,0.48735,0.34571,0.00302,0.0035,2.44003,2.43654,0.51724,0.07051,0.50377,0.51736,0.79376,0.72713,0.76238,0.4892,1.32341,0.65687,0.88049,0,0,0,0,0,0,0,0,0,0,0,0,0,0,0.4892,0.0209941,0.00699803,0.0209941,0.00699803,0.0209941,0.00699803,0.0209941,0.00699803
299,38790.5,1.4925,0.76818,0.91594,0,0.00329,0.00359,0.15349,0.4864,0.34462,0.00303,0.00359,2.43884,2.43526,0.51602,0.07023,0.50277,0.51613,0.79217,0.72615,0.76216,0.48921,1.3223,0.65628,0.88033,0,0,0,0,0,0,0,0,0,0,0,0,0,0,0.48921,0.0209404,0.00698014,0.0209404,0.00698014,0.0209404,0.00698014,0.0209404,0.00698014
300,38927.9,1.4921,0.76805,0.91784,0,0.00329,0.00354,0.15348,0.48613,0.33301,0.003,0.00354,2.44074,2.43719,0.51725,0.07,0.50166,0.51739,0.79285,0.72761,0.76295,0.48961,1.32183,0.65597,0.88017,0,0,0,0,0,0,0,0,0,0,0,0,0,0,0.48961,0.0208867,0.00696223,0.0208867,0.00696223,0.0208867,0.00696223,0.0208867,0.00696223
301,39067.7,1.49341,0.76961,0.91661,0,0.00329,0.00349,0.15348,0.4863,0.32723,0.00299,0.00349,2.43843,2.43494,0.51783,0.07002,0.50276,0.51796,0.79441,0.72662,0.7626,0.48974,1.32109,0.65509,0.87994,0,0,0,0,0,0,0,0,0,0,0,0,0,0,0.48974,0.0208328,0.00694428,0.0208328,0.00694428,0.0208328,0.00694428,0.0208328,0.00694428
302,39218.1,1.48604,0.76622,0.91685,0,0.00328,0.00348,0.15347,0.48437,0.33164,0.00299,0.00348,2.44004,2.43656,0.51822,0.07016,0.50377,0.51816,0.79284,0.7274,0.76289,0.49,1.3205,0.65454,0.87985,0,0,0,0,0,0,0,0,0,0,0,0,0,0,0.49,0.0207789,0.00692631,0.0207789,0.00692631,0.0207789,0.00692631,0.0207789,0.00692631
303,39359.6,1.48204,0.76181,0.91264,0,0.00329,0.00345,0.15347,0.4853,0.34201,0.003,0.00345,2.43809,2.43464,0.51735,0.07007,0.50019,0.51751,0.79362,0.72774,0.76284,0.48998,1.3206,0.65438,0.8799,0,0,0,0,0,0,0,0,0,0,0,0,0,0,0.48998,0.0207249,0.00690831,0.0207249,0.00690831,0.0207249,0.00690831,0.0207249,0.00690831
304,39505.5,1.48414,0.76194,0.91382,0,0.00328,0.00346,0.15347,0.48484,0.33555,0.00299,0.00346,2.43909,2.43563,0.51584,0.06997,0.50203,0.51595,0.79434,0.72831,0.76399,0.49043,1.31969,0.65381,0.87977,0,0,0,0,0,0,0,0,0,0,0,0,0,0,0.49043,0.0206708,0.00689028,0.0206708,0.00689028,0.0206708,0.00689028,0.0206708,0.00689028
305,39645.6,1.49045,0.76449,0.91579,0,0.00328,0.00346,0.15347,0.48599,0.32316,0.00299,0.00346,2.43823,2.43476,0.51682,0.06918,0.50067,0.51697,0.79463,0.72887,0.7643,0.49055,1.31923,0.65345,0.87959,0,0,0,0,0,0,0,0,0,0,0,0,0,0,0.49055,0.0206166,0.00687222,0.0206166,0.00687222,0.0206166,0.00687222,0.0206166,0.00687222
306,39783.5,1.47989,0.76144,0.9152,0,0.00328,0.00352,0.15348,0.48589,0.33389,0.00299,0.00352,2.43994,2.43642,0.51734,0.06842,0.50263,0.51747,0.79376,0.73087,0.76569,0.4908,1.31953,0.65269,0.87957,0,0,0,0,0,0,0,0,0,0,0,0,0,0,0.4908,0.0205624,0.00685413,0.0205624,0.00685413,0.0205624,0.00685413,0.0205624,0.00685413
307,39927.6,1.49015,0.76272,0.9122,0,0.00328,0.00353,0.15348,0.48569,0.34282,0.003,0.00353,2.43921,2.43568,0.51697,0.06923,0.50409,0.51707,0.79383,0.73085,0.7651,0.49092,1.31883,0.65238,0.87931,0,0,0,0,0,0,0,0,0,0,0,0,0,0,0.49092,0.020508,0.00683601,0.020508,0.00683601,0.020508,0.00683601,0.020508,0.00683601
308,40070.2,1.47646,0.75932,0.91329,0,0.00327,0.00351,0.15348,0.48392,0.32988,0.00299,0.00351,2.43895,2.43544,0.51847,0.07045,0.50596,0.51857,0.79301,0.7306,0.76567,0.49099,1.31873,0.65183,0.87914,0,0,0,0,0,0,0,0,0,0,0,0,0,0,0.49099,0.0204536,0.00681787,0.0204536,0.00681787,0.0204536,0.00681787,0.0204536,0.00681787
309,40213.2,1.48381,0.75812,0.91319,0,0.00326,0.00352,0.15348,0.48197,0.33236,0.00298,0.00352,2.44046,2.43694,0.51777,0.06973,0.50695,0.51782,0.79219,0.73047,0.76516,0.49133,1.31876,0.65108,0.8791,0,0,0,0,0,0,0,0,0,0,0,0,0,0,0.49133,0.0203991,0.0067997,0.0203991,0.0067997,0.0203991,0.0067997,0.0203991,0.0067997
310,40354,1.47854,0.75323,0.91064,0,0.00326,0.00348,0.15347,0.48156,0.33163,0.00299,0.00348,2.43803,2.43455,0.51776,0.07085,0.50638,0.51784,0.79257,0.73069,0.76538,0.49157,1.31825,0.65061,0.87892,0,0,0,0,0,0,0,0,0,0,0,0,0,0,0.49157,0.0203445,0.0067815,0.0203445,0.0067815,0.0203445,0.0067815,0.0203445,0.0067815
311,40493.1,1.47962,0.75516,0.9135,0,0.00327,0.00345,0.15347,0.48094,0.32807,0.003,0.00345,2.43886,2.43541,0.51883,0.07085,0.50664,0.5189,0.79383,0.7317,0.76545,0.49184,1.31831,0.65058,0.87879,0,0,0,0,0,0,0,0,0,0,0,0,0,0,0.49184,0.0202898,0.00676328,0.0202898,0.00676328,0.0202898,0.00676328,0.0202898,0.00676328
312,40633,1.47317,0.75533,0.91069,0,0.00325,0.00349,0.15348,0.4804,0.33139,0.003,0.00349,2.43962,2.43613,0.51893,0.07117,0.50166,0.51907,0.79199,0.73141,0.76495,0.49163,1.3175,0.65001,0.87863,0,0,0,0,0,0,0,0,0,0,0,0,0,0,0.49163,0.0202351,0.00674503,0.0202351,0.00674503,0.0202351,0.00674503,0.0202351,0.00674503
313,40771.8,1.48294,0.75999,0.91004,0,0.00325,0.00352,0.15348,0.48041,0.30939,0.00298,0.00352,2.43985,2.43634,0.51975,0.07024,0.51103,0.51979,0.79116,0.73244,0.76603,0.49193,1.31648,0.64957,0.87843,0,0,0,0,0,0,0,0,0,0,0,0,0,0,0.49193,0.0201803,0.00672675,0.0201803,0.00672675,0.0201803,0.00672675,0.0201803,0.00672675
314,40907.8,1.4887,0.75897,0.91369,0,0.00326,0.00353,0.15348,0.48406,0.3254,0.00297,0.00353,2.44064,2.43712,0.51975,0.06922,0.51133,0.5198,0.79106,0.73296,0.76577,0.49199,1.31598,0.64886,0.87829,0,0,0,0,0,0,0,0,0,0,0,0,0,0,0.49199,0.0201254,0.00670845,0.0201254,0.00670845,0.0201254,0.00670845,0.0201254,0.00670845
315,41044.1,1.46996,0.75132,0.91069,0,0.00326,0.00355,0.15348,0.47974,0.31981,0.00297,0.00355,2.4382,2.43465,0.52008,0.07035,0.50891,0.52016,0.79192,0.73388,0.76653,0.49203,1.31545,0.64839,0.87816,0,0,0,0,0,0,0,0,0,0,0,0,0,0,0.49203,0.0200704,0.00669012,0.0200704,0.00669012,0.0200704,0.00669012,0.0200704,0.00669012
316,41180,1.47219,0.7529,0.91566,0,0.00325,0.00358,0.15349,0.48164,0.32271,0.00297,0.00358,2.44206,2.43848,0.51805,0.06965,0.50528,0.51814,0.79264,0.73542,0.76697,0.49256,1.31419,0.64779,0.87796,0,0,0,0,0,0,0,0,0,0,0,0,0,0,0.49256,0.0200153,0.00667177,0.0200153,0.00667177,0.0200153,0.00667177,0.0200153,0.00667177
317,41315,1.47263,0.75144,0.91268,0,0.00326,0.00351,0.15348,0.47908,0.32465,0.00295,0.00351,2.44309,2.43957,0.51777,0.07005,0.50469,0.51788,0.79276,0.73409,0.7664,0.49256,1.31391,0.64725,0.87797,0,0,0,0,0,0,0,0,0,0,0,0,0,0,0.49256,0.0199602,0.00665339,0.0199602,0.00665339,0.0199602,0.00665339,0.0199602,0.00665339
318,41450.5,1.46595,0.75464,0.91044,0,0.00325,0.00356,0.15349,0.48089,0.32277,0.00294,0.00356,2.44254,2.43898,0.52027,0.06924,0.50886,0.52036,0.79125,0.73463,0.76607,0.49237,1.31281,0.6466,0.87788,0,0,0,0,0,0,0,0,0,0,0,0,0,0,0.49237,0.019905,0.00663499,0.019905,0.00663499,0.019905,0.00663499,0.019905,0.00663499
319,41582.2,1.46424,0.75221,0.90966,0,0.00326,0.0038,0.15352,0.47978,0.32454,0.00295,0.0038,2.44124,2.43743,0.51936,0.07114,0.50437,0.51949,0.7915,0.73448,0.76667,0.49267,1.31151,0.64608,0.87755,0,0,0,0,0,0,0,0,0,0,0,0,0,0,0.49267,0.0198497,0.00661656,0.0198497,0.00661656,0.0198497,0.00661656,0.0198497,0.00661656
320,41710.6,1.47164,0.75787,0.90932,0,0.00326,0.00374,0.15351,0.4808,0.31877,0.00293,0.00374,2.4407,2.43696,0.51818,0.06975,0.50071,0.51837,0.79339,0.73374,0.7671,0.49349,1.31109,0.6456,0.87748,0,0,0,0,0,0,0,0,0,0,0,0,0,0,0.49349,0.0197943,0.00659811,0.0197943,0.00659811,0.0197943,0.00659811,0.0197943,0.00659811
321,41838.4,1.46583,0.75288,0.91052,0,0.00325,0.00355,0.15348,0.48166,0.32392,0.00294,0.00355,2.44056,2.43702,0.51816,0.0698,0.50219,0.51831,0.79507,0.73482,0.76753,0.49306,1.31092,0.64521,0.87739,0,0,0,0,0,0,0,0,0,0,0,0,0,0,0.49306,0.0197389,0.00657963,0.0197389,0.00657963,0.0197389,0.00657963,0.0197389,0.00657963
322,41969.3,1.46426,0.7486,0.91085,0,0.00325,0.00346,0.15347,0.47793,0.31264,0.00293,0.00346,2.43729,2.43384,0.51857,0.07022,0.50958,0.51864,0.79363,0.73609,0.76641,0.49347,1.31011,0.64487,0.87714,0,0,0,0,0,0,0,0,0,0,0,0,0,0,0.49347,0.0196834,0.00656114,0.0196834,0.00656114,0.0196834,0.00656114,0.0196834,0.00656114
323,42099.8,1.46566,0.74918,0.9066,0,0.00324,0.00346,0.15347,0.4799,0.31423,0.00295,0.00346,2.43918,2.43572,0.51707,0.06812,0.50785,0.51716,0.79096,0.73764,0.76687,0.49354,1.30948,0.64428,0.87701,0,0,0,0,0,0,0,0,0,0,0,0,0,0,0.49354,0.0196278,0.00654261,0.0196278,0.00654261,0.0196278,0.00654261,0.0196278,0.00654261
324,42229.8,1.46101,0.74766,0.90787,0,0.00324,0.0034,0.15346,0.4791,0.30847,0.00293,0.0034,2.43772,2.43432,0.51859,0.06753,0.50697,0.51868,0.79216,0.73648,0.76742,0.49415,1.30855,0.64352,0.87676,0,0,0,0,0,0,0,0,0,0,0,0,0,0,0.49415,0.0195722,0.00652407,0.0195722,0.00652407,0.0195722,0.00652407,0.0195722,0.00652407
325,42360.8,1.46492,0.74849,0.90986,0,0.00324,0.00345,0.15347,0.4781,0.30878,0.00293,0.00345,2.43582,2.43237,0.51624,0.06983,0.50059,0.51639,0.79263,0.73696,0.76824,0.49408,1.3085,0.64314,0.87671,0,0,0,0,0,0,0,0,0,0,0,0,0,0,0.49408,0.0195165,0.0065055,0.0195165,0.0065055,0.0195165,0.0065055,0.0195165,0.0065055
326,42489.7,1.45691,0.74428,0.9072,0,0.00324,0.00351,0.15348,0.47646,0.3075,0.00291,0.00351,2.43664,2.43314,0.51915,0.06977,0.50051,0.51933,0.79389,0.73814,0.76924,0.49418,1.30798,0.64329,0.87654,0,0,0,0,0,0,0,0,0,0,0,0,0,0,0.49418,0.0194607,0.00648691,0.0194607,0.00648691,0.0194607,0.00648691,0.0194607,0.00648691
327,42623.3,1.45612,0.74413,0.90949,0,0.00325,0.00343,0.15347,0.4745,0.31097,0.00292,0.00343,2.43767,2.43424,0.51961,0.07023,0.50752,0.51972,0.7936,0.73645,0.76833,0.49418,1.30775,0.64292,0.87653,0,0,0,0,0,0,0,0,0,0,0,0,0,0,0.49418,0.0194049,0.0064683,0.0194049,0.0064683,0.0194049,0.0064683,0.0194049,0.0064683
328,42752.6,1.4579,0.74025,0.90746,0,0.00324,0.00346,0.15347,0.47599,0.31239,0.00292,0.00346,2.44107,2.4376,0.51711,0.07107,0.50497,0.51723,0.79581,0.73619,0.76917,0.49447,1.30695,0.64198,0.87639,0,0,0,0,0,0,0,0,0,0,0,0,0,0,0.49447,0.019349,0.00644966,0.019349,0.00644966,0.019349,0.00644966,0.019349,0.00644966
329,42887.9,1.45419,0.74543,0.90936,0,0.00323,0.00348,0.15347,0.47711,0.30224,0.0029,0.00348,2.44066,2.43718,0.51859,0.07103,0.50699,0.51868,0.79431,0.7361,0.76812,0.49459,1.3062,0.6415,0.87627,0,0,0,0,0,0,0,0,0,0,0,0,0,0,0.49459,0.019293,0.00643101,0.019293,0.00643101,0.019293,0.00643101,0.019293,0.00643101
330,43017.7,1.45576,0.74196,0.90531,0,0.00323,0.00341,0.15346,0.4768,0.30034,0.0029,0.00341,2.43522,2.43181,0.52097,0.07156,0.50842,0.52107,0.79368,0.73693,0.76886,0.49501,1.30489,0.64109,0.87599,0,0,0,0,0,0,0,0,0,0,0,0,0,0,0.49501,0.019237,0.00641233,0.019237,0.00641233,0.019237,0.00641233,0.019237,0.00641233
331,43152.3,1.45575,0.74298,0.90816,0,0.00322,0.00343,0.15347,0.47524,0.30217,0.00288,0.00343,2.43589,2.43247,0.52252,0.06991,0.5091,0.52264,0.79331,0.74021,0.76903,0.49558,1.30341,0.64075,0.87576,0,0,0,0,0,0,0,0,0,0,0,0,0,0,0.49558,0.0191809,0.00639363,0.0191809,0.00639363,0.0191809,0.00639363,0.0191809,0.00639363
332,43285.7,1.46122,0.7394,0.90664,0,0.00322,0.00342,0.15347,0.47552,0.29986,0.00288,0.00342,2.43621,2.43278,0.52193,0.06969,0.50861,0.52205,0.79441,0.73886,0.76868,0.4949,1.30383,0.6407,0.87567,0,0,0,0,0,0,0,0,0,0,0,0,0,0,0.4949,0.0191247,0.00637491,0.0191247,0.00637491,0.0191247,0.00637491,0.0191247,0.00637491
333,43415.7,1.46178,0.7492,0.90984,0,0.00323,0.00348,0.15347,0.47848,0.29948,0.0029,0.00348,2.42948,2.426,0.52112,0.06968,0.50941,0.52121,0.79449,0.74003,0.76893,0.49497,1.30332,0.63996,0.8755,0,0,0,0,0,0,0,0,0,0,0,0,0,0,0.49497,0.0190685,0.00635617,0.0190685,0.00635617,0.0190685,0.00635617,0.0190685,0.00635617
334,43543.1,1.45465,0.74368,0.90953,0,0.00322,0.00344,0.15347,0.47659,0.30332,0.00289,0.00344,2.43384,2.43039,0.52096,0.06823,0.51098,0.52102,0.79288,0.7389,0.76869,0.49528,1.30202,0.63936,0.87527,0,0,0,0,0,0,0,0,0,0,0,0,0,0,0.49528,0.0190122,0.00633741,0.0190122,0.00633741,0.0190122,0.00633741,0.0190122,0.00633741
335,43671.6,1.45109,0.74262,0.90926,0,0.00322,0.0035,0.15348,0.47521,0.3021,0.00288,0.0035,2.43612,2.43262,0.52292,0.06899,0.51328,0.52297,0.79574,0.73952,0.76981,0.49528,1.30134,0.63926,0.87521,0,0,0,0,0,0,0,0,0,0,0,0,0,0,0.49528,0.0189559,0.00631863,0.0189559,0.00631863,0.0189559,0.00631863,0.0189559,0.00631863
336,43800.4,1.46224,0.74519,0.90831,0,0.00322,0.00351,0.15348,0.47628,0.30283,0.00287,0.00351,2.43273,2.42923,0.52334,0.06854,0.51514,0.52339,0.7974,0.74014,0.7706,0.49555,1.30075,0.63882,0.87517,0,0,0,0,0,0,0,0,0,0,0,0,0,0,0.49555,0.0188995,0.00629983,0.0188995,0.00629983,0.0188995,0.00629983,0.0188995,0.00629983
337,43928.5,1.45126,0.74013,0.90762,0,0.00321,0.00347,0.15347,0.47564,0.30398,0.00287,0.00347,2.43146,2.42798,0.52274,0.06824,0.5115,0.52283,0.79619,0.73969,0.77018,0.49599,1.30034,0.63848,0.87508,0,0,0,0,0,0,0,0,0,0,0,0,0,0,0.49599,0.018843,0.00628101,0.018843,0.00628101,0.018843,0.00628101,0.018843,0.00628101
338,44062.1,1.45237,0.73863,0.90697,0,0.00322,0.00347,0.15347,0.47552,0.3017,0.00287,0.00347,2.43349,2.43002,0.524,0.06781,0.51303,0.52409,0.79662,0.73956,0.77043,0.49635,1.30111,0.63779,0.87513,0,0,0,0,0,0,0,0,0,0,0,0,0,0,0.49635,0.0187865,0.00626218,0.0187865,0.00626218,0.0187865,0.00626218,0.0187865,0.00626218
339,44205.4,1.45024,0.73788,0.90715,0,0.0032,0.00342,0.15347,0.47574,0.29073,0.00286,0.00342,2.43201,2.42858,0.52232,0.06955,0.51399,0.52236,0.79628,0.73899,0.76927,0.49596,1.3008,0.63748,0.87506,0,0,0,0,0,0,0,0,0,0,0,0,0,0,0.49596,0.01873,0.00624332,0.01873,0.00624332,0.01873,0.00624332,0.01873,0.00624332
340,44337.1,1.44729,0.73623,0.90547,0,0.0032,0.00344,0.15347,0.47308,0.29302,0.00286,0.00344,2.43165,2.42821,0.52284,0.07006,0.51209,0.5229,0.79679,0.7382,0.76963,0.49582,1.30054,0.63718,0.87501,0,0,0,0,0,0,0,0,0,0,0,0,0,0,0.49582,0.0186733,0.00622445,0.0186733,0.00622445,0.0186733,0.00622445,0.0186733,0.00622445
341,44457.5,1.44875,0.73835,0.90656,0,0.00319,0.00351,0.15348,0.47591,0.30221,0.00286,0.00351,2.42943,2.42592,0.52128,0.07053,0.50991,0.52138,0.79687,0.73794,0.7695,0.49624,1.29961,0.63671,0.87492,0,0,0,0,0,0,0,0,0,0,0,0,0,0,0.49624,0.0186167,0.00620555,0.0186167,0.00620555,0.0186167,0.00620555,0.0186167,0.00620555
342,44578.2,1.45747,0.74446,0.9088,0,0.00319,0.00336,0.15346,0.4766,0.2997,0.00287,0.00336,2.43106,2.4277,0.52074,0.06972,0.50894,0.52085,0.79578,0.73904,0.76993,0.49658,1.29902,0.63648,0.87467,0,0,0,0,0,0,0,0,0,0,0,0,0,0,0.49658,0.0185599,0.00618664,0.0185599,0.00618664,0.0185599,0.00618664,0.0185599,0.00618664
343,44697.9,1.44578,0.73922,0.90944,0,0.00319,0.00342,0.15347,0.47699,0.29885,0.00286,0.00342,2.4268,2.42337,0.52406,0.0691,0.51113,0.52417,0.79471,0.73999,0.77021,0.49648,1.298,0.63626,0.87463,0,0,0,0,0,0,0,0,0,0,0,0,0,0,0.49648,0.0185031,0.00616772,0.0185031,0.00616772,0.0185031,0.00616772,0.0185031,0.00616772
344,44819.8,1.44098,0.73794,0.90581,0,0.00319,0.0034,0.15346,0.47606,0.29961,0.00286,0.0034,2.42606,2.42266,0.52316,0.06964,0.51385,0.52323,0.79456,0.74148,0.77117,0.49644,1.29819,0.63588,0.87465,0,0,0,0,0,0,0,0,0,0,0,0,0,0,0.49644,0.0184463,0.00614877,0.0184463,0.00614877,0.0184463,0.00614877,0.0184463,0.00614877
345,44939.4,1.43647,0.73017,0.90391,0,0.0032,0.00348,0.15347,0.47412,0.3048,0.00286,0.00348,2.42895,2.42547,0.51859,0.07015,0.50716,0.51866,0.79579,0.74269,0.77197,0.49684,1.29751,0.63551,0.87455,0,0,0,0,0,0,0,0,0,0,0,0,0,0,0.49684,0.0183894,0.00612981,0.0183894,0.00612981,0.0183894,0.00612981,0.0183894,0.00612981
346,45058.3,1.43675,0.73468,0.9034,0,0.00318,0.00351,0.15348,0.47515,0.30132,0.00285,0.00351,2.4291,2.42559,0.51857,0.06894,0.50602,0.51868,0.79492,0.74398,0.77195,0.49745,1.29658,0.63515,0.8744,0,0,0,0,0,0,0,0,0,0,0,0,0,0,0.49745,0.0183325,0.00611083,0.0183325,0.00611083,0.0183325,0.00611083,0.0183325,0.00611083
347,45177.7,1.43061,0.73014,0.90163,0,0.00319,0.0035,0.15348,0.47192,0.28873,0.00284,0.0035,2.42892,2.42543,0.52047,0.06944,0.50747,0.52058,0.79516,0.7446,0.7726,0.49778,1.29587,0.63485,0.8743,0,0,0,0,0,0,0,0,0,0,0,0,0,0,0.49778,0.0182755,0.00609184,0.0182755,0.00609184,0.0182755,0.00609184,0.0182755,0.00609184
