epoch,time,train/box_loss,train/cls_loss,train/dfl_loss,metrics/precision(B),metrics/recall(B),metrics/mAP50(B),metrics/mAP50-95(B),val/box_loss,val/cls_loss,val/dfl_loss,lr/pg0,lr/pg1,lr/pg2,lr/pg3,lr/pg4,lr/pg5,lr/pg6,lr/pg7
1,315.933,2.72413,2.55826,1.58612,0.53026,0.20342,0.14047,0.04591,3.01745,2.36652,1.47974,0.00997821,0.00332607,0.00997821,0.00332607,0.00997821,0.00332607,0.00997821,0.00332607
2,582.27,2.80818,2.2207,1.48728,0.53342,0.1691,0.11617,0.03739,2.83686,2.6491,1.4264,0.0199781,0.00665938,0.0199781,0.00665938,0.0199781,0.00665938,0.0199781,0.00665938
3,817.284,2.90167,2.33564,1.54823,0.10075,0.13209,0.05476,0.01619,3.0532,4.35304,1.60459,0.0299778,0.00999259,0.0299778,0.00999259,0.0299778,0.00999259,0.0299778,0.00999259
4,1052.61,2.91916,2.35088,1.57351,0.31405,0.19277,0.15213,0.05681,2.85214,2.39468,1.48264,0.029999,0.00999966,0.029999,0.00999966,0.029999,0.00999966,0.029999,0.00999966
5,1270.25,2.79177,2.16837,1.51355,0.32533,0.2515,0.19943,0.07685,2.67511,1.95743,1.39591,0.0299982,0.00999939,0.0299982,0.00999939,0.0299982,0.00999939,0.0299982,0.00999939
6,1479.58,2.66626,2.0538,1.45208,0.60996,0.23545,0.23322,0.09321,2.6042,1.8561,1.36206,0.0299971,0.00999905,0.0299971,0.00999905,0.0299971,0.00999905,0.0299971,0.00999905
7,1700.72,2.62845,1.95323,1.43581,0.37317,0.30769,0.25376,0.09413,2.59002,1.96156,1.33908,0.0299959,0.00999863,0.0299959,0.00999863,0.0299959,0.00999863,0.0299959,0.00999863
8,1907.95,2.567,1.89079,1.40982,0.38398,0.29586,0.26847,0.11448,2.57411,1.87635,1.32746,0.0299944,0.00999813,0.0299944,0.00999813,0.0299944,0.00999813,0.0299944,0.00999813
9,2118.26,2.52873,1.83838,1.38621,0.51015,0.27869,0.29203,0.12519,2.48889,1.72055,1.28751,0.0299927,0.00999756,0.0299927,0.00999756,0.0299927,0.00999756,0.0299927,0.00999756
10,2354.23,2.48396,1.78186,1.36356,0.4595,0.32275,0.31125,0.13491,2.43934,1.68742,1.27072,0.0299907,0.00999691,0.0299907,0.00999691,0.0299907,0.00999691,0.0299907,0.00999691
11,2561.87,2.44614,1.72576,1.34049,0.44715,0.34041,0.31758,0.13633,2.42452,1.63728,1.27271,0.0299886,0.00999618,0.0299886,0.00999618,0.0299886,0.00999618,0.0299886,0.00999618
12,2773.8,2.42867,1.69177,1.33786,0.46221,0.33934,0.33867,0.14768,2.3798,1.55532,1.2413,0.0299861,0.00999538,0.0299861,0.00999538,0.0299861,0.00999538,0.0299861,0.00999538
13,3010.07,2.41351,1.6809,1.31756,0.44106,0.35497,0.33232,0.14801,2.39359,1.64357,1.24278,0.0299835,0.0099945,0.0299835,0.0099945,0.0299835,0.0099945,0.0299835,0.0099945
14,3228.21,2.38112,1.6282,1.29276,0.45474,0.36714,0.35897,0.1588,2.34164,1.50521,1.22875,0.0299807,0.00999355,0.0299807,0.00999355,0.0299807,0.00999355,0.0299807,0.00999355
15,3442.6,2.36374,1.60521,1.28697,0.44477,0.39122,0.36884,0.16898,2.33076,1.484,1.20769,0.0299776,0.00999252,0.0299776,0.00999252,0.0299776,0.00999252,0.0299776,0.00999252
16,3668.32,2.33374,1.56183,1.27353,0.49023,0.39187,0.39016,0.18636,2.28745,1.47866,1.19538,0.0299742,0.00999141,0.0299742,0.00999141,0.0299742,0.00999141,0.0299742,0.00999141
17,3884.87,2.31956,1.55202,1.26398,0.50442,0.41548,0.41473,0.19557,2.24084,1.38259,1.19416,0.0299707,0.00999023,0.0299707,0.00999023,0.0299707,0.00999023,0.0299707,0.00999023
18,4102.09,2.29799,1.52025,1.2556,0.52556,0.40838,0.41314,0.1942,2.22746,1.40481,1.17643,0.0299669,0.00998897,0.0299669,0.00998897,0.0299669,0.00998897,0.0299669,0.00998897
19,4316.1,2.27444,1.48924,1.24316,0.51343,0.44274,0.43756,0.21016,2.1882,1.37023,1.16717,0.0299629,0.00998764,0.0299629,0.00998764,0.0299629,0.00998764,0.0299629,0.00998764
20,4521.12,2.24569,1.46916,1.23736,0.49349,0.44999,0.43223,0.20661,2.19544,1.36693,1.16462,0.0299587,0.00998623,0.0299587,0.00998623,0.0299587,0.00998623,0.0299587,0.00998623
21,4731.95,2.23321,1.45234,1.22742,0.52533,0.44425,0.4436,0.21396,2.15732,1.33001,1.15827,0.0299542,0.00998474,0.0299542,0.00998474,0.0299542,0.00998474,0.0299542,0.00998474
22,4952.72,2.21405,1.42952,1.22364,0.49568,0.4641,0.45267,0.22539,2.14908,1.30888,1.15757,0.0299495,0.00998318,0.0299495,0.00998318,0.0299495,0.00998318,0.0299495,0.00998318
23,5166.24,2.20296,1.4178,1.2156,0.54081,0.46945,0.46736,0.23427,2.13137,1.27474,1.14279,0.0299446,0.00998154,0.0299446,0.00998154,0.0299446,0.00998154,0.0299446,0.00998154
24,5395.64,2.17993,1.38451,1.20571,0.53927,0.47519,0.47433,0.23506,2.12356,1.26247,1.14303,0.0299395,0.00997982,0.0299395,0.00997982,0.0299395,0.00997982,0.0299395,0.00997982
25,5602.88,2.16241,1.35656,1.19489,0.56094,0.48084,0.48965,0.244,2.09535,1.24955,1.12816,0.0299341,0.00997803,0.0299341,0.00997803,0.0299341,0.00997803,0.0299341,0.00997803
26,5811.61,2.15104,1.34615,1.19095,0.5514,0.48278,0.48707,0.24973,2.05633,1.21715,1.12619,0.0299285,0.00997616,0.0299285,0.00997616,0.0299285,0.00997616,0.0299285,0.00997616
27,6040.11,2.12885,1.32705,1.17549,0.56594,0.5054,0.50837,0.2591,2.04557,1.18167,1.11451,0.0299227,0.00997422,0.0299227,0.00997422,0.0299227,0.00997422,0.0299227,0.00997422
28,6267.19,2.10889,1.31467,1.16586,0.58801,0.51397,0.51782,0.2652,2.02813,1.18263,1.10394,0.0299166,0.0099722,0.0299166,0.0099722,0.0299166,0.0099722,0.0299166,0.0099722
29,6471.42,2.08596,1.27964,1.16268,0.60691,0.52341,0.53587,0.27722,1.99861,1.16226,1.09555,0.0299103,0.00997011,0.0299103,0.00997011,0.0299103,0.00997011,0.0299103,0.00997011
30,6683.42,2.07522,1.27422,1.16371,0.61461,0.51241,0.53092,0.2778,2.01356,1.14903,1.10278,0.0299038,0.00996794,0.0299038,0.00996794,0.0299038,0.00996794,0.0299038,0.00996794
31,6879.68,2.0667,1.24801,1.15438,0.60799,0.52576,0.53623,0.28364,1.98549,1.13365,1.09485,0.0298971,0.00996569,0.0298971,0.00996569,0.0298971,0.00996569,0.0298971,0.00996569
32,7074.09,2.06159,1.25034,1.15239,0.59518,0.53631,0.54355,0.29044,1.97003,1.11496,1.08555,0.0298901,0.00996337,0.0298901,0.00996337,0.0298901,0.00996337,0.0298901,0.00996337
33,7279.97,2.03449,1.23334,1.14319,0.62042,0.53592,0.55092,0.29584,1.95501,1.10802,1.08027,0.0298829,0.00996097,0.0298829,0.00996097,0.0298829,0.00996097,0.0298829,0.00996097
34,7487.55,2.01777,1.21244,1.12914,0.61314,0.55117,0.56352,0.30364,1.93199,1.09079,1.07056,0.0298755,0.00995849,0.0298755,0.00995849,0.0298755,0.00995849,0.0298755,0.00995849
35,7706.94,1.99072,1.19487,1.12704,0.61512,0.54581,0.56391,0.30702,1.92717,1.06867,1.06906,0.0298678,0.00995594,0.0298678,0.00995594,0.0298678,0.00995594,0.0298678,0.00995594
36,7919.15,1.98972,1.18853,1.12428,0.63844,0.56007,0.57303,0.31341,1.91548,1.05726,1.06564,0.02986,0.00995332,0.02986,0.00995332,0.02986,0.00995332,0.02986,0.00995332
37,8133.55,1.98695,1.17854,1.12202,0.64275,0.55648,0.57528,0.31392,1.88594,1.04858,1.06055,0.0298519,0.00995062,0.0298519,0.00995062,0.0298519,0.00995062,0.0298519,0.00995062
38,8334.12,1.94835,1.15408,1.10796,0.65538,0.56239,0.58593,0.32831,1.8555,1.02933,1.04417,0.0298435,0.00994784,0.0298435,0.00994784,0.0298435,0.00994784,0.0298435,0.00994784
39,8538.62,1.963,1.15096,1.10821,0.66607,0.56846,0.59351,0.3312,1.83238,1.01577,1.03765,0.029835,0.00994499,0.029835,0.00994499,0.029835,0.00994499,0.029835,0.00994499
40,8729.13,1.94944,1.13093,1.10163,0.6498,0.58148,0.5963,0.33491,1.82086,1.00406,1.0374,0.0298262,0.00994206,0.0298262,0.00994206,0.0298262,0.00994206,0.0298262,0.00994206
41,8918.28,1.92651,1.1316,1.09675,0.66155,0.57686,0.60148,0.33611,1.831,0.99751,1.03898,0.0298172,0.00993906,0.0298172,0.00993906,0.0298172,0.00993906,0.0298172,0.00993906
42,9140.61,1.91769,1.11331,1.09168,0.662,0.58347,0.60797,0.34365,1.81725,0.98602,1.03228,0.0298079,0.00993598,0.0298079,0.00993598,0.0298079,0.00993598,0.0298079,0.00993598
43,9352.43,1.91105,1.10495,1.08797,0.67508,0.59264,0.61695,0.35007,1.79682,0.97476,1.02708,0.0297985,0.00993282,0.0297985,0.00993282,0.0297985,0.00993282,0.0297985,0.00993282
44,9567.31,1.883,1.08488,1.08181,0.68031,0.59029,0.61691,0.35225,1.77827,0.96182,1.02409,0.0297888,0.0099296,0.0297888,0.0099296,0.0297888,0.0099296,0.0297888,0.0099296
45,9774.85,1.87242,1.07986,1.07415,0.69319,0.5985,0.62763,0.35751,1.77267,0.9536,1.02033,0.0297789,0.00992629,0.0297789,0.00992629,0.0297789,0.00992629,0.0297789,0.00992629
46,9995.27,1.8779,1.06762,1.07526,0.69473,0.59965,0.6315,0.36038,1.76092,0.94307,1.0172,0.0297687,0.00992291,0.0297687,0.00992291,0.0297687,0.00992291,0.0297687,0.00992291
47,10212.1,1.86104,1.06502,1.06857,0.68736,0.6093,0.63462,0.36552,1.75069,0.93826,1.013,0.0297584,0.00991946,0.0297584,0.00991946,0.0297584,0.00991946,0.0297584,0.00991946
48,10420,1.84904,1.05425,1.06071,0.68784,0.60873,0.6351,0.36899,1.73998,0.92814,1.00844,0.0297478,0.00991593,0.0297478,0.00991593,0.0297478,0.00991593,0.0297478,0.00991593
49,10623.2,1.83254,1.04352,1.05572,0.70591,0.61439,0.64406,0.37261,1.72994,0.92035,1.0045,0.029737,0.00991232,0.029737,0.00991232,0.029737,0.00991232,0.029737,0.00991232
50,10840.2,1.82639,1.03326,1.05666,0.70403,0.6157,0.64477,0.37453,1.71818,0.91108,1.00106,0.0297259,0.00990864,0.0297259,0.00990864,0.0297259,0.00990864,0.0297259,0.00990864
51,11055.2,1.82364,1.03003,1.05402,0.71537,0.61786,0.64955,0.37899,1.71235,0.90222,0.99956,0.0297147,0.00990489,0.0297147,0.00990489,0.0297147,0.00990489,0.0297147,0.00990489
52,11264.5,1.81306,1.01952,1.0486,0.71178,0.62459,0.65275,0.38408,1.70165,0.89307,0.9966,0.0297032,0.00990106,0.0297032,0.00990106,0.0297032,0.00990106,0.0297032,0.00990106
53,11455.3,1.80063,1.01104,1.04705,0.71909,0.62666,0.65722,0.38815,1.68672,0.88571,0.99248,0.0296915,0.00989715,0.0296915,0.00989715,0.0296915,0.00989715,0.0296915,0.00989715
54,11648.1,1.79921,1.0027,1.04357,0.72665,0.62846,0.66194,0.38986,1.67867,0.87999,0.9885,0.0296795,0.00989317,0.0296795,0.00989317,0.0296795,0.00989317,0.0296795,0.00989317
55,11843.2,1.78878,1.0084,1.03908,0.72184,0.63324,0.66597,0.39511,1.66594,0.87131,0.98589,0.0296674,0.00988912,0.0296674,0.00988912,0.0296674,0.00988912,0.0296674,0.00988912
56,12053.9,1.78085,0.99291,1.03346,0.72045,0.63801,0.66838,0.39721,1.65428,0.8637,0.98296,0.029655,0.00988499,0.029655,0.00988499,0.029655,0.00988499,0.029655,0.00988499
57,12263.6,1.77178,0.9936,1.03414,0.72121,0.63872,0.67052,0.39964,1.64305,0.85787,0.98009,0.0296424,0.00988079,0.0296424,0.00988079,0.0296424,0.00988079,0.0296424,0.00988079
58,12468.9,1.75494,0.9774,1.03295,0.72203,0.64057,0.67404,0.40231,1.63312,0.8523,0.97721,0.0296295,0.00987651,0.0296295,0.00987651,0.0296295,0.00987651,0.0296295,0.00987651
59,12658.7,1.75154,0.96744,1.02612,0.72303,0.64642,0.67651,0.40567,1.62686,0.84695,0.97534,0.0296165,0.00987216,0.0296165,0.00987216,0.0296165,0.00987216,0.0296165,0.00987216
60,12849.9,1.74944,0.96222,1.02675,0.73561,0.64385,0.67812,0.4077,1.62021,0.84261,0.97227,0.0296032,0.00986773,0.0296032,0.00986773,0.0296032,0.00986773,0.0296032,0.00986773
61,13070,1.73818,0.9533,1.02299,0.73933,0.64615,0.68032,0.40994,1.6123,0.83753,0.97027,0.0295897,0.00986323,0.0295897,0.00986323,0.0295897,0.00986323,0.0295897,0.00986323
62,13282.7,1.72612,0.9488,1.02353,0.74149,0.64869,0.68299,0.41189,1.604,0.83159,0.96844,0.029576,0.00985866,0.029576,0.00985866,0.029576,0.00985866,0.029576,0.00985866
63,13492.7,1.71324,0.93915,1.01422,0.74325,0.64817,0.68305,0.4151,1.59806,0.82653,0.96677,0.029562,0.00985401,0.029562,0.00985401,0.029562,0.00985401,0.029562,0.00985401
64,13696.2,1.71368,0.94323,1.0126,0.74981,0.64909,0.68621,0.418,1.59378,0.82243,0.96534,0.0295479,0.00984928,0.0295479,0.00984928,0.0295479,0.00984928,0.0295479,0.00984928
65,13919.1,1.70874,0.92802,1.01351,0.74689,0.65192,0.68775,0.4197,1.58756,0.8176,0.96405,0.0295335,0.00984449,0.0295335,0.00984449,0.0295335,0.00984449,0.0295335,0.00984449
66,14137.4,1.70726,0.93392,1.00888,0.7443,0.65532,0.68902,0.4219,1.58113,0.81386,0.96261,0.0295188,0.00983962,0.0295188,0.00983962,0.0295188,0.00983962,0.0295188,0.00983962
67,14345.4,1.69599,0.92573,1.00908,0.75407,0.65327,0.69048,0.42348,1.57432,0.80996,0.96086,0.029504,0.00983467,0.029504,0.00983467,0.029504,0.00983467,0.029504,0.00983467
68,14553.6,1.67801,0.9079,1.00368,0.75786,0.65347,0.69172,0.42516,1.56605,0.80617,0.95875,0.029489,0.00982965,0.029489,0.00982965,0.029489,0.00982965,0.029489,0.00982965
69,14768.4,1.67809,0.90561,1.00213,0.76,0.65655,0.69444,0.42727,1.5612,0.80202,0.95734,0.0294737,0.00982456,0.0294737,0.00982456,0.0294737,0.00982456,0.0294737,0.00982456
70,14987.4,1.67372,0.90995,0.99823,0.76051,0.65969,0.69737,0.42828,1.55421,0.79777,0.95538,0.0294582,0.00981939,0.0294582,0.00981939,0.0294582,0.00981939,0.0294582,0.00981939
71,15205.5,1.66832,0.90403,1.00053,0.76383,0.661,0.6984,0.42949,1.54842,0.79466,0.95354,0.0294425,0.00981415,0.0294425,0.00981415,0.0294425,0.00981415,0.0294425,0.00981415
72,15426.3,1.65196,0.89173,0.9936,0.76618,0.66164,0.70027,0.43093,1.54299,0.79178,0.95194,0.0294265,0.00980884,0.0294265,0.00980884,0.0294265,0.00980884,0.0294265,0.00980884
73,15634.1,1.66154,0.89388,0.99383,0.76152,0.66634,0.7018,0.43203,1.53834,0.78899,0.95068,0.0294104,0.00980345,0.0294104,0.00980345,0.0294104,0.00980345,0.0294104,0.00980345
74,15837,1.64903,0.89081,0.99483,0.76796,0.66573,0.70326,0.43401,1.53497,0.7858,0.94937,0.029394,0.00979799,0.029394,0.00979799,0.029394,0.00979799,0.029394,0.00979799
75,16038.6,1.64463,0.88102,0.9908,0.76324,0.66884,0.70445,0.43532,1.53058,0.78301,0.94828,0.0293774,0.00979246,0.0293774,0.00979246,0.0293774,0.00979246,0.0293774,0.00979246
76,16245.2,1.64356,0.88572,0.99009,0.7631,0.67007,0.70567,0.43648,1.52694,0.78003,0.9472,0.0293606,0.00978685,0.0293606,0.00978685,0.0293606,0.00978685,0.0293606,0.00978685
77,16452.3,1.62431,0.86881,0.98508,0.7581,0.67264,0.70751,0.43736,1.52287,0.77735,0.94615,0.0293435,0.00978118,0.0293435,0.00978118,0.0293435,0.00978118,0.0293435,0.00978118
78,16673.8,1.62385,0.86764,0.98438,0.76411,0.67179,0.70817,0.43923,1.51779,0.77406,0.94475,0.0293263,0.00977542,0.0293263,0.00977542,0.0293263,0.00977542,0.0293263,0.00977542
79,16883,1.62634,0.86815,0.98647,0.76316,0.67335,0.70955,0.44001,1.51428,0.77177,0.94385,0.0293088,0.0097696,0.0293088,0.0097696,0.0293088,0.0097696,0.0293088,0.0097696
80,17095,1.61603,0.85692,0.98185,0.76314,0.67608,0.71124,0.44144,1.51083,0.76948,0.94296,0.0292911,0.0097637,0.0292911,0.0097637,0.0292911,0.0097637,0.0292911,0.0097637
81,17298.8,1.6123,0.85758,0.98202,0.7667,0.67595,0.71298,0.44213,1.50745,0.76722,0.94215,0.0292732,0.00975773,0.0292732,0.00975773,0.0292732,0.00975773,0.0292732,0.00975773
82,17517.9,1.61379,0.85604,0.97873,0.7686,0.67734,0.71529,0.44341,1.50388,0.76473,0.94125,0.0292551,0.00975169,0.0292551,0.00975169,0.0292551,0.00975169,0.0292551,0.00975169
83,17718.5,1.61114,0.85523,0.97733,0.76726,0.67848,0.71565,0.44396,1.50117,0.76219,0.94066,0.0292367,0.00974557,0.0292367,0.00974557,0.0292367,0.00974557,0.0292367,0.00974557
84,17902.1,1.59516,0.83702,0.97509,0.76853,0.68011,0.71672,0.4451,1.49871,0.76011,0.94007,0.0292181,0.00973938,0.0292181,0.00973938,0.0292181,0.00973938,0.0292181,0.00973938
85,18116.1,1.59962,0.84206,0.97416,0.77044,0.68108,0.71744,0.44636,1.49528,0.75808,0.9393,0.0291994,0.00973312,0.0291994,0.00973312,0.0291994,0.00973312,0.0291994,0.00973312
86,18328.8,1.59035,0.84129,0.97148,0.76784,0.68468,0.71989,0.44699,1.4917,0.75601,0.93841,0.0291804,0.00972679,0.0291804,0.00972679,0.0291804,0.00972679,0.0291804,0.00972679
87,18536.1,1.58608,0.83794,0.97358,0.76935,0.68575,0.72079,0.44804,1.48887,0.75411,0.93781,0.0291612,0.00972039,0.0291612,0.00972039,0.0291612,0.00972039,0.0291612,0.00972039
88,18741.2,1.59282,0.83859,0.97258,0.77076,0.686,0.72185,0.44845,1.48666,0.75231,0.93727,0.0291417,0.00971391,0.0291417,0.00971391,0.0291417,0.00971391,0.0291417,0.00971391
89,18958.6,1.57038,0.82474,0.96707,0.77455,0.68754,0.72359,0.44896,1.48372,0.74995,0.93659,0.0291221,0.00970736,0.0291221,0.00970736,0.0291221,0.00970736,0.0291221,0.00970736
90,19177.8,1.5718,0.82562,0.96696,0.77363,0.68791,0.72415,0.45026,1.48138,0.74845,0.93602,0.0291022,0.00970074,0.0291022,0.00970074,0.0291022,0.00970074,0.0291022,0.00970074
91,19393.7,1.55553,0.81554,0.96477,0.7735,0.68912,0.72577,0.45155,1.47859,0.74667,0.93531,0.0290821,0.00969405,0.0290821,0.00969405,0.0290821,0.00969405,0.0290821,0.00969405
92,19609.1,1.56679,0.82058,0.96651,0.77658,0.68967,0.72653,0.45263,1.47571,0.7453,0.93469,0.0290618,0.00968728,0.0290618,0.00968728,0.0290618,0.00968728,0.0290618,0.00968728
93,19818.8,1.55767,0.81528,0.96041,0.7796,0.68888,0.72691,0.45332,1.4732,0.74329,0.93398,0.0290413,0.00968045,0.0290413,0.00968045,0.0290413,0.00968045,0.0290413,0.00968045
94,20025,1.54893,0.81289,0.95889,0.78246,0.68911,0.7279,0.45436,1.47058,0.74137,0.93347,0.0290206,0.00967354,0.0290206,0.00967354,0.0290206,0.00967354,0.0290206,0.00967354
95,20220.1,1.55172,0.80507,0.95874,0.78421,0.68967,0.72909,0.45531,1.46778,0.7393,0.93278,0.0289997,0.00966656,0.0289997,0.00966656,0.0289997,0.00966656,0.0289997,0.00966656
96,20411.6,1.54275,0.80572,0.95543,0.78638,0.68974,0.73033,0.45637,1.46472,0.73748,0.93216,0.0289785,0.00965951,0.0289785,0.00965951,0.0289785,0.00965951,0.0289785,0.00965951
97,20626.9,1.55532,0.81318,0.95788,0.78564,0.69132,0.73123,0.45668,1.46242,0.73578,0.9316,0.0289572,0.00965239,0.0289572,0.00965239,0.0289572,0.00965239,0.0289572,0.00965239
98,20839.5,1.54287,0.80464,0.95746,0.78439,0.69347,0.73254,0.45772,1.46017,0.73422,0.93111,0.0289356,0.0096452,0.0289356,0.0096452,0.0289356,0.0096452,0.0289356,0.0096452
99,21059.5,1.53658,0.79808,0.95689,0.78367,0.69588,0.7343,0.45857,1.45687,0.73222,0.93039,0.0289138,0.00963794,0.0289138,0.00963794,0.0289138,0.00963794,0.0289138,0.00963794
100,21275.5,1.53126,0.79499,0.95866,0.7856,0.69559,0.73426,0.45957,1.45378,0.73041,0.92974,0.0288918,0.00963061,0.0288918,0.00963061,0.0288918,0.00963061,0.0288918,0.00963061
101,21486.2,1.53205,0.79562,0.95194,0.78582,0.69751,0.73615,0.46073,1.45131,0.72849,0.92924,0.0288696,0.0096232,0.0288696,0.0096232,0.0288696,0.0096232,0.0288696,0.0096232
102,21711.5,1.53004,0.79521,0.95618,0.7876,0.69855,0.73711,0.4616,1.44899,0.72704,0.92873,0.0288472,0.00961573,0.0288472,0.00961573,0.0288472,0.00961573,0.0288472,0.00961573
103,21922.4,1.52285,0.78382,0.9534,0.7894,0.69864,0.73692,0.46222,1.44705,0.72572,0.92818,0.0288246,0.00960819,0.0288246,0.00960819,0.0288246,0.00960819,0.0288246,0.00960819
104,22133,1.51706,0.78413,0.94977,0.79154,0.7002,0.73944,0.46265,1.44471,0.72398,0.92763,0.0288017,0.00960057,0.0288017,0.00960057,0.0288017,0.00960057,0.0288017,0.00960057
105,22334.6,1.5075,0.77552,0.94815,0.79123,0.70066,0.7399,0.46377,1.44165,0.7225,0.92708,0.0287787,0.00959289,0.0287787,0.00959289,0.0287787,0.00959289,0.0287787,0.00959289
106,22557.8,1.50934,0.77458,0.9502,0.79322,0.70085,0.74096,0.465,1.43946,0.72093,0.92656,0.0287554,0.00958513,0.0287554,0.00958513,0.0287554,0.00958513,0.0287554,0.00958513
107,22771,1.50756,0.77882,0.94744,0.79078,0.70149,0.74131,0.46551,1.43716,0.71976,0.92611,0.0287319,0.00957731,0.0287319,0.00957731,0.0287319,0.00957731,0.0287319,0.00957731
108,22984.7,1.49939,0.77119,0.94466,0.79424,0.7037,0.74296,0.46616,1.43503,0.71813,0.92548,0.0287082,0.00956941,0.0287082,0.00956941,0.0287082,0.00956941,0.0287082,0.00956941
109,23197.2,1.50059,0.77356,0.94776,0.79062,0.70574,0.74332,0.46755,1.43258,0.71679,0.92488,0.0286843,0.00956145,0.0286843,0.00956145,0.0286843,0.00956145,0.0286843,0.00956145
110,23393.7,1.49635,0.76939,0.9446,0.78851,0.70635,0.74402,0.46815,1.43012,0.71525,0.92431,0.0286602,0.00955341,0.0286602,0.00955341,0.0286602,0.00955341,0.0286602,0.00955341
111,23601.5,1.49622,0.76851,0.9437,0.79073,0.7072,0.74507,0.46888,1.42805,0.71382,0.92382,0.0286359,0.00954531,0.0286359,0.00954531,0.0286359,0.00954531,0.0286359,0.00954531
112,23811.5,1.49164,0.76226,0.94533,0.79268,0.70894,0.74643,0.46979,1.42567,0.7121,0.92337,0.0286114,0.00953714,0.0286114,0.00953714,0.0286114,0.00953714,0.0286114,0.00953714
113,24016.4,1.48544,0.75933,0.94162,0.79473,0.70855,0.7477,0.47068,1.42388,0.71069,0.9229,0.0285867,0.00952889,0.0285867,0.00952889,0.0285867,0.00952889,0.0285867,0.00952889
114,24244,1.48773,0.76428,0.94596,0.79434,0.70886,0.74885,0.4716,1.42141,0.70894,0.92243,0.0285617,0.00952058,0.0285617,0.00952058,0.0285617,0.00952058,0.0285617,0.00952058
115,24461.5,1.48052,0.75909,0.9429,0.79445,0.70962,0.74918,0.47245,1.41884,0.70717,0.92205,0.0285366,0.0095122,0.0285366,0.0095122,0.0285366,0.0095122,0.0285366,0.0095122
116,24668.7,1.478,0.75795,0.94255,0.79521,0.71077,0.75112,0.47363,1.41706,0.70612,0.92162,0.0285113,0.00950375,0.0285113,0.00950375,0.0285113,0.00950375,0.0285113,0.00950375
117,24869.1,1.4787,0.75174,0.94087,0.79894,0.71051,0.75261,0.47461,1.41505,0.7046,0.92116,0.0284857,0.00949524,0.0284857,0.00949524,0.0284857,0.00949524,0.0284857,0.00949524
118,25080.2,1.46671,0.74631,0.9363,0.80205,0.7116,0.75352,0.47572,1.41299,0.70299,0.9207,0.02846,0.00948665,0.02846,0.00948665,0.02846,0.00948665,0.02846,0.00948665
119,25281.8,1.47633,0.7498,0.9395,0.79932,0.71366,0.7545,0.47672,1.41035,0.70147,0.92018,0.028434,0.009478,0.028434,0.009478,0.028434,0.009478,0.028434,0.009478
120,25480.4,1.47143,0.74867,0.93744,0.80049,0.71419,0.75575,0.47739,1.40823,0.69966,0.91962,0.0284078,0.00946927,0.0284078,0.00946927,0.0284078,0.00946927,0.0284078,0.00946927
121,25697.6,1.47541,0.75341,0.93714,0.80453,0.71358,0.75722,0.47862,1.40655,0.69806,0.91912,0.0283814,0.00946048,0.0283814,0.00946048,0.0283814,0.00946048,0.0283814,0.00946048
122,25918.6,1.45911,0.74174,0.93373,0.807,0.71377,0.75797,0.47926,1.40408,0.69617,0.91838,0.0283549,0.00945162,0.0283549,0.00945162,0.0283549,0.00945162,0.0283549,0.00945162
123,26130.9,1.46121,0.74008,0.93293,0.8077,0.71512,0.75789,0.48025,1.40202,0.69458,0.91785,0.0283281,0.0094427,0.0283281,0.0094427,0.0283281,0.0094427,0.0283281,0.0094427
124,26340.7,1.46732,0.74153,0.93697,0.80993,0.71625,0.75967,0.48115,1.40008,0.69302,0.91741,0.0283011,0.0094337,0.0283011,0.0094337,0.0283011,0.0094337,0.0283011,0.0094337
125,26555.6,1.45767,0.74236,0.93231,0.80992,0.71653,0.76073,0.48225,1.39771,0.69121,0.91674,0.0282739,0.00942464,0.0282739,0.00942464,0.0282739,0.00942464,0.0282739,0.00942464
126,26763,1.45197,0.73904,0.93113,0.81029,0.71802,0.76092,0.48294,1.39527,0.68953,0.91616,0.0282465,0.00941551,0.0282465,0.00941551,0.0282465,0.00941551,0.0282465,0.00941551
127,26960.3,1.45361,0.73904,0.9307,0.81252,0.72045,0.76317,0.48417,1.39338,0.68786,0.91572,0.0282189,0.00940631,0.0282189,0.00940631,0.0282189,0.00940631,0.0282189,0.00940631
128,27149,1.45944,0.73927,0.93038,0.81504,0.72016,0.76401,0.4852,1.39094,0.68602,0.91526,0.0281911,0.00939705,0.0281911,0.00939705,0.0281911,0.00939705,0.0281911,0.00939705
129,27363.3,1.45962,0.73313,0.93268,0.81574,0.72179,0.76566,0.48645,1.38889,0.68468,0.91485,0.0281632,0.00938772,0.0281632,0.00938772,0.0281632,0.00938772,0.0281632,0.00938772
130,27567.3,1.44109,0.72537,0.93231,0.81534,0.72208,0.76608,0.48725,1.38656,0.68263,0.91426,0.028135,0.00937832,0.028135,0.00937832,0.028135,0.00937832,0.028135,0.00937832
131,27776.5,1.4392,0.7243,0.93065,0.8123,0.72398,0.76658,0.4881,1.38414,0.6811,0.91362,0.0281066,0.00936886,0.0281066,0.00936886,0.0281066,0.00936886,0.0281066,0.00936886
132,27981.6,1.44266,0.73253,0.9308,0.81365,0.72535,0.76887,0.48841,1.38193,0.68005,0.9131,0.028078,0.00935932,0.028078,0.00935932,0.028078,0.00935932,0.028078,0.00935932
133,28200.4,1.43394,0.7267,0.93133,0.81336,0.72499,0.76891,0.48967,1.38055,0.67846,0.91278,0.0280492,0.00934973,0.0280492,0.00934973,0.0280492,0.00934973,0.0280492,0.00934973
134,28406.5,1.44328,0.7278,0.9282,0.81777,0.72422,0.76931,0.49076,1.37884,0.67695,0.91232,0.0280202,0.00934006,0.0280202,0.00934006,0.0280202,0.00934006,0.0280202,0.00934006
135,28619.1,1.41943,0.71763,0.92283,0.81409,0.72529,0.76985,0.49138,1.37671,0.67533,0.91191,0.027991,0.00933033,0.027991,0.00933033,0.027991,0.00933033,0.027991,0.00933033
136,28825.9,1.43267,0.72004,0.9269,0.81654,0.72476,0.76999,0.49201,1.37373,0.67381,0.91147,0.0279616,0.00932054,0.0279616,0.00932054,0.0279616,0.00932054,0.0279616,0.00932054
137,29047.6,1.42782,0.71549,0.92624,0.81901,0.72631,0.77161,0.49324,1.37197,0.67223,0.91098,0.027932,0.00931067,0.027932,0.00931067,0.027932,0.00931067,0.027932,0.00931067
138,29256.3,1.43414,0.72321,0.92691,0.81825,0.72779,0.7726,0.49355,1.37024,0.67095,0.91054,0.0279022,0.00930075,0.0279022,0.00930075,0.0279022,0.00930075,0.0279022,0.00930075
139,29468.9,1.42227,0.70862,0.92261,0.81942,0.7293,0.77352,0.49424,1.36817,0.66952,0.90989,0.0278723,0.00929075,0.0278723,0.00929075,0.0278723,0.00929075,0.0278723,0.00929075
140,29674.1,1.41768,0.70817,0.92567,0.81896,0.73107,0.77522,0.49525,1.36615,0.66793,0.9093,0.0278421,0.00928069,0.0278421,0.00928069,0.0278421,0.00928069,0.0278421,0.00928069
141,29891.4,1.41704,0.71057,0.92343,0.82025,0.73052,0.7759,0.49548,1.36441,0.6666,0.9089,0.0278117,0.00927057,0.0278117,0.00927057,0.0278117,0.00927057,0.0278117,0.00927057
142,30102.3,1.4202,0.71392,0.92278,0.82208,0.73198,0.77752,0.49654,1.36196,0.66476,0.90841,0.0277811,0.00926038,0.0277811,0.00926038,0.0277811,0.00926038,0.0277811,0.00926038
143,30317.9,1.4165,0.7159,0.92512,0.82204,0.73376,0.77916,0.49749,1.36021,0.66393,0.9078,0.0277504,0.00925013,0.0277504,0.00925013,0.0277504,0.00925013,0.0277504,0.00925013
144,30525.9,1.41993,0.71568,0.92195,0.82352,0.73444,0.78014,0.49853,1.35794,0.66219,0.90716,0.0277194,0.00923981,0.0277194,0.00923981,0.0277194,0.00923981,0.0277194,0.00923981
145,30746.9,1.40461,0.70468,0.92099,0.82579,0.73431,0.78051,0.49975,1.35561,0.66077,0.90658,0.0276883,0.00922942,0.0276883,0.00922942,0.0276883,0.00922942,0.0276883,0.00922942
146,30954.7,1.40012,0.7044,0.92119,0.82782,0.73521,0.78118,0.50075,1.35383,0.65923,0.90609,0.0276569,0.00921898,0.0276569,0.00921898,0.0276569,0.00921898,0.0276569,0.00921898
147,31179.9,1.40933,0.70565,0.91905,0.82732,0.73618,0.78266,0.5016,1.3513,0.65784,0.90548,0.0276254,0.00920846,0.0276254,0.00920846,0.0276254,0.00920846,0.0276254,0.00920846
148,31389.4,1.39933,0.69963,0.92028,0.82687,0.7375,0.78325,0.50215,1.34914,0.65664,0.90492,0.0275937,0.00919789,0.0275937,0.00919789,0.0275937,0.00919789,0.0275937,0.00919789
149,31612.1,1.39859,0.70137,0.92048,0.82485,0.73883,0.78409,0.50285,1.34677,0.65504,0.90425,0.0275617,0.00918725,0.0275617,0.00918725,0.0275617,0.00918725,0.0275617,0.00918725
150,31826.8,1.40247,0.70196,0.91835,0.82508,0.74012,0.78535,0.5038,1.34434,0.6535,0.90363,0.0275296,0.00917654,0.0275296,0.00917654,0.0275296,0.00917654,0.0275296,0.00917654
151,32035.3,1.39979,0.69721,0.91692,0.82608,0.74096,0.78627,0.50497,1.3422,0.65195,0.90312,0.0274973,0.00916577,0.0274973,0.00916577,0.0274973,0.00916577,0.0274973,0.00916577
152,32230.5,1.39968,0.69856,0.9208,0.82871,0.74162,0.78725,0.50643,1.33971,0.65086,0.9026,0.0274648,0.00915494,0.0274648,0.00915494,0.0274648,0.00915494,0.0274648,0.00915494
153,32430,1.38539,0.68941,0.91616,0.82957,0.74229,0.7889,0.50703,1.33718,0.64916,0.90206,0.0274321,0.00914405,0.0274321,0.00914405,0.0274321,0.00914405,0.0274321,0.00914405
154,32626.6,1.39692,0.69837,0.91649,0.82991,0.74248,0.78834,0.50759,1.33501,0.64757,0.90147,0.0273993,0.00913309,0.0273993,0.00913309,0.0273993,0.00913309,0.0273993,0.00913309
155,32829.6,1.39447,0.69136,0.91891,0.83185,0.74397,0.79072,0.50871,1.33265,0.64629,0.90102,0.0273662,0.00912207,0.0273662,0.00912207,0.0273662,0.00912207,0.0273662,0.00912207
156,33040.2,1.38428,0.68792,0.9161,0.83439,0.74361,0.79115,0.50918,1.33067,0.64482,0.90051,0.027333,0.00911099,0.027333,0.00911099,0.027333,0.00911099,0.027333,0.00911099
157,33257,1.38491,0.6855,0.91666,0.83248,0.74506,0.79158,0.51009,1.32811,0.64334,0.89998,0.0272995,0.00909984,0.0272995,0.00909984,0.0272995,0.00909984,0.0272995,0.00909984
158,33460.6,1.38504,0.69071,0.91544,0.83678,0.74386,0.79297,0.51159,1.32527,0.64149,0.89953,0.0272659,0.00908863,0.0272659,0.00908863,0.0272659,0.00908863,0.0272659,0.00908863
159,33663.4,1.38292,0.6864,0.91707,0.83592,0.7457,0.79416,0.51241,1.32289,0.64018,0.899,0.0272321,0.00907736,0.0272321,0.00907736,0.0272321,0.00907736,0.0272321,0.00907736
160,33882,1.3864,0.69266,0.91611,0.84074,0.74498,0.79491,0.51345,1.3207,0.63892,0.8985,0.0271981,0.00906603,0.0271981,0.00906603,0.0271981,0.00906603,0.0271981,0.00906603
161,34099.2,1.38774,0.68553,0.9111,0.83941,0.74588,0.79544,0.51429,1.31799,0.63712,0.89797,0.0271639,0.00905463,0.0271639,0.00905463,0.0271639,0.00905463,0.0271639,0.00905463
162,34305.4,1.37678,0.68152,0.91306,0.84086,0.74748,0.79716,0.51519,1.31525,0.63572,0.8974,0.0271295,0.00904318,0.0271295,0.00904318,0.0271295,0.00904318,0.0271295,0.00904318
163,34513.3,1.38422,0.686,0.91619,0.84132,0.74749,0.79802,0.5163,1.3126,0.63398,0.89691,0.027095,0.00903166,0.027095,0.00903166,0.027095,0.00903166,0.027095,0.00903166
164,34726,1.37384,0.68339,0.91624,0.84211,0.748,0.79829,0.51629,1.31002,0.63283,0.89635,0.0270602,0.00902008,0.0270602,0.00902008,0.0270602,0.00902008,0.0270602,0.00902008
165,34929.1,1.37666,0.68156,0.91418,0.84357,0.74975,0.80017,0.51745,1.30801,0.6311,0.89591,0.0270253,0.00900844,0.0270253,0.00900844,0.0270253,0.00900844,0.0270253,0.00900844
166,35141.8,1.37374,0.68653,0.91402,0.84541,0.75067,0.80133,0.51867,1.30568,0.63003,0.8954,0.0269902,0.00899674,0.0269902,0.00899674,0.0269902,0.00899674,0.0269902,0.00899674
167,35333.4,1.36395,0.67433,0.91029,0.84959,0.75095,0.80263,0.51967,1.30388,0.62854,0.895,0.0269549,0.00898497,0.0269549,0.00898497,0.0269549,0.00898497,0.0269549,0.00898497
168,35542.4,1.37094,0.68301,0.91295,0.85,0.7529,0.804,0.52049,1.30106,0.6263,0.8945,0.0269195,0.00897315,0.0269195,0.00897315,0.0269195,0.00897315,0.0269195,0.00897315
169,35738.3,1.37011,0.67601,0.91073,0.85231,0.75311,0.80515,0.52117,1.29885,0.62495,0.89406,0.0268838,0.00896127,0.0268838,0.00896127,0.0268838,0.00896127,0.0268838,0.00896127
170,35931.6,1.37066,0.67684,0.91074,0.85109,0.7547,0.80582,0.52243,1.29613,0.62365,0.89368,0.026848,0.00894932,0.026848,0.00894932,0.026848,0.00894932,0.026848,0.00894932
171,36148.9,1.36108,0.6724,0.90955,0.84887,0.7571,0.80653,0.5227,1.29428,0.62223,0.89334,0.026812,0.00893732,0.026812,0.00893732,0.026812,0.00893732,0.026812,0.00893732
172,36354.3,1.35889,0.67114,0.91346,0.84961,0.75783,0.80741,0.52302,1.29188,0.62082,0.89279,0.0267758,0.00892525,0.0267758,0.00892525,0.0267758,0.00892525,0.0267758,0.00892525
173,36565.1,1.35697,0.67292,0.90875,0.85029,0.75951,0.80901,0.52471,1.2895,0.61929,0.89235,0.0267394,0.00891313,0.0267394,0.00891313,0.0267394,0.00891313,0.0267394,0.00891313
174,36768.6,1.36047,0.67282,0.90901,0.85216,0.76114,0.80967,0.52528,1.28717,0.6178,0.89188,0.0267028,0.00890095,0.0267028,0.00890095,0.0267028,0.00890095,0.0267028,0.00890095
175,36988,1.35937,0.67334,0.91012,0.84871,0.76304,0.81064,0.52581,1.28514,0.61678,0.89144,0.0266661,0.0088887,0.0266661,0.0088887,0.0266661,0.0088887,0.0266661,0.0088887
176,37196.6,1.36074,0.6682,0.90885,0.84827,0.7642,0.81083,0.52736,1.28243,0.61531,0.89084,0.0266292,0.0088764,0.0266292,0.0088764,0.0266292,0.0088764,0.0266292,0.0088764
177,37409.3,1.36123,0.67394,0.91028,0.85191,0.76304,0.81193,0.52822,1.28049,0.61381,0.89044,0.0265921,0.00886404,0.0265921,0.00886404,0.0265921,0.00886404,0.0265921,0.00886404
178,37614.5,1.34694,0.66447,0.9091,0.85116,0.76246,0.81214,0.52861,1.27851,0.61241,0.89007,0.0265549,0.00885162,0.0265549,0.00885162,0.0265549,0.00885162,0.0265549,0.00885162
179,37835.5,1.35383,0.66944,0.90779,0.85009,0.76284,0.81275,0.52936,1.27642,0.61145,0.88967,0.0265174,0.00883914,0.0265174,0.00883914,0.0265174,0.00883914,0.0265174,0.00883914
180,38045.9,1.33988,0.66256,0.90539,0.85206,0.76327,0.81376,0.53035,1.27432,0.61007,0.88921,0.0264798,0.0088266,0.0264798,0.0088266,0.0264798,0.0088266,0.0264798,0.0088266
181,38256.9,1.35128,0.66055,0.90524,0.85488,0.76312,0.81467,0.53114,1.2717,0.60861,0.88887,0.026442,0.00881401,0.026442,0.00881401,0.026442,0.00881401,0.026442,0.00881401
182,38453.8,1.34517,0.66051,0.90563,0.851,0.76611,0.8163,0.53177,1.26972,0.60684,0.88857,0.0264041,0.00880136,0.0264041,0.00880136,0.0264041,0.00880136,0.0264041,0.00880136
183,38645.3,1.3491,0.6628,0.9062,0.84943,0.76845,0.81797,0.53301,1.26769,0.60557,0.88826,0.0263659,0.00878864,0.0263659,0.00878864,0.0263659,0.00878864,0.0263659,0.00878864
184,38850.4,1.35718,0.66335,0.91009,0.84954,0.76947,0.81911,0.53409,1.2662,0.60429,0.88806,0.0263276,0.00877588,0.0263276,0.00877588,0.0263276,0.00877588,0.0263276,0.00877588
185,39053.5,1.3485,0.66211,0.90484,0.85225,0.77121,0.82022,0.5343,1.26392,0.60293,0.8877,0.0262891,0.00876305,0.0262891,0.00876305,0.0262891,0.00876305,0.0262891,0.00876305
186,39277.8,1.33439,0.6518,0.90626,0.85381,0.77103,0.8207,0.53532,1.26163,0.60168,0.88737,0.0262505,0.00875017,0.0262505,0.00875017,0.0262505,0.00875017,0.0262505,0.00875017
187,39488.5,1.34324,0.65693,0.90947,0.85376,0.77246,0.82164,0.53631,1.25928,0.60037,0.88691,0.0262117,0.00873723,0.0262117,0.00873723,0.0262117,0.00873723,0.0262117,0.00873723
188,39696.2,1.3358,0.65496,0.90562,0.8539,0.77306,0.82208,0.53708,1.25753,0.59932,0.88658,0.0261727,0.00872423,0.0261727,0.00872423,0.0261727,0.00872423,0.0261727,0.00872423
189,39893.7,1.33912,0.65086,0.90248,0.85255,0.77447,0.82281,0.53795,1.25498,0.59796,0.88644,0.0261335,0.00871117,0.0261335,0.00871117,0.0261335,0.00871117,0.0261335,0.00871117
190,40112,1.34137,0.65952,0.90604,0.85328,0.77513,0.8234,0.53902,1.2527,0.59653,0.88603,0.0260942,0.00869806,0.0260942,0.00869806,0.0260942,0.00869806,0.0260942,0.00869806
191,40341,1.33445,0.65629,0.90522,0.85406,0.77618,0.82436,0.53925,1.25091,0.59536,0.88569,0.0260547,0.0086849,0.0260547,0.0086849,0.0260547,0.0086849,0.0260547,0.0086849
192,40576.3,1.32231,0.6549,0.90313,0.85431,0.7763,0.82511,0.54033,1.2485,0.5939,0.88539,0.026015,0.00867167,0.026015,0.00867167,0.026015,0.00867167,0.026015,0.00867167
193,40826,1.33315,0.65254,0.90343,0.85567,0.77728,0.8255,0.54065,1.24692,0.59299,0.88516,0.0259752,0.00865839,0.0259752,0.00865839,0.0259752,0.00865839,0.0259752,0.00865839
194,41083.3,1.33102,0.65274,0.90166,0.85681,0.77713,0.82645,0.54115,1.24476,0.59192,0.88476,0.0259352,0.00864506,0.0259352,0.00864506,0.0259352,0.00864506,0.0259352,0.00864506
195,41339.1,1.32635,0.65085,0.90048,0.86072,0.77475,0.82615,0.54115,1.24303,0.5908,0.8847,0.025895,0.00863167,0.025895,0.00863167,0.025895,0.00863167,0.025895,0.00863167
196,41563.8,1.32519,0.65028,0.90247,0.85681,0.77644,0.82609,0.54226,1.24165,0.58928,0.88474,0.0258547,0.00861823,0.0258547,0.00861823,0.0258547,0.00861823,0.0258547,0.00861823
197,41812.6,1.31826,0.64791,0.89994,0.85598,0.77728,0.82692,0.54301,1.23953,0.58854,0.88454,0.0258142,0.00860473,0.0258142,0.00860473,0.0258142,0.00860473,0.0258142,0.00860473
198,42052.8,1.32154,0.64511,0.90095,0.85383,0.77957,0.82794,0.54379,1.23798,0.5874,0.88432,0.0257735,0.00859117,0.0257735,0.00859117,0.0257735,0.00859117,0.0257735,0.00859117
199,42288.5,1.32239,0.64504,0.89955,0.85589,0.77927,0.82875,0.54448,1.23596,0.58615,0.88406,0.0257327,0.00857756,0.0257327,0.00857756,0.0257327,0.00857756,0.0257327,0.00857756
200,42534.9,1.32556,0.65048,0.90066,0.85636,0.77969,0.82907,0.545,1.23411,0.58508,0.88363,0.0256917,0.0085639,0.0256917,0.0085639,0.0256917,0.0085639,0.0256917,0.0085639
201,42795.4,1.32364,0.64659,0.90049,0.8563,0.77976,0.82908,0.54555,1.2323,0.58379,0.88334,0.0256505,0.00855018,0.0256505,0.00855018,0.0256505,0.00855018,0.0256505,0.00855018
202,43036.3,1.31291,0.64238,0.89901,0.85908,0.78021,0.82985,0.54629,1.23012,0.58263,0.88298,0.0256092,0.00853641,0.0256092,0.00853641,0.0256092,0.00853641,0.0256092,0.00853641
203,43286.7,1.31256,0.64305,0.89864,0.85792,0.78242,0.83054,0.54663,1.2278,0.58127,0.88265,0.0255677,0.00852258,0.0255677,0.00852258,0.0255677,0.00852258,0.0255677,0.00852258
204,43528.8,1.32184,0.64726,0.89976,0.85927,0.78327,0.83242,0.54715,1.22606,0.58057,0.88245,0.0255261,0.0085087,0.0255261,0.0085087,0.0255261,0.0085087,0.0255261,0.0085087
205,43769.3,1.3141,0.63793,0.89866,0.85547,0.7865,0.83259,0.54794,1.22339,0.57915,0.88146,0.0254843,0.00849477,0.0254843,0.00849477,0.0254843,0.00849477,0.0254843,0.00849477
206,44002.2,1.31275,0.64024,0.90042,0.85596,0.78675,0.83304,0.54914,1.22132,0.57828,0.88121,0.0254423,0.00848078,0.0254423,0.00848078,0.0254423,0.00848078,0.0254423,0.00848078
207,44251.6,1.31682,0.64161,0.90096,0.85797,0.7879,0.83447,0.54966,1.21951,0.57736,0.88082,0.0254002,0.00846674,0.0254002,0.00846674,0.0254002,0.00846674,0.0254002,0.00846674
208,44506.4,1.3144,0.63948,0.89655,0.86149,0.78604,0.83485,0.55049,1.21698,0.57647,0.88051,0.025358,0.00845265,0.025358,0.00845265,0.025358,0.00845265,0.025358,0.00845265
209,44762.1,1.30763,0.63669,0.89943,0.86188,0.78594,0.83511,0.55057,1.21529,0.57548,0.88004,0.0253155,0.00843851,0.0253155,0.00843851,0.0253155,0.00843851,0.0253155,0.00843851
210,44962.6,1.30625,0.63341,0.89621,0.86205,0.78907,0.83615,0.55112,1.21289,0.57441,0.87972,0.0252729,0.00842431,0.0252729,0.00842431,0.0252729,0.00842431,0.0252729,0.00842431
211,45164.5,1.30745,0.63684,0.89631,0.8628,0.78886,0.83654,0.55188,1.21119,0.57293,0.87955,0.0252302,0.00841006,0.0252302,0.00841006,0.0252302,0.00841006,0.0252302,0.00841006
212,45404.3,1.29902,0.6311,0.89866,0.86485,0.78806,0.83689,0.55277,1.2096,0.57194,0.87932,0.0251873,0.00839576,0.0251873,0.00839576,0.0251873,0.00839576,0.0251873,0.00839576
213,45629.9,1.30024,0.62901,0.89454,0.86406,0.78996,0.83737,0.55362,1.20786,0.57085,0.87899,0.0251442,0.00838141,0.0251442,0.00838141,0.0251442,0.00838141,0.0251442,0.00838141
214,45845,1.30146,0.63542,0.89798,0.86329,0.79151,0.83813,0.55408,1.20615,0.56976,0.87892,0.025101,0.00836701,0.025101,0.00836701,0.025101,0.00836701,0.025101,0.00836701
215,46051.5,1.30102,0.63168,0.89753,0.86306,0.79189,0.83838,0.5548,1.20328,0.56849,0.8776,0.0250577,0.00835255,0.0250577,0.00835255,0.0250577,0.00835255,0.0250577,0.00835255
216,46277.9,1.29711,0.63164,0.89366,0.86567,0.79118,0.83928,0.55553,1.20272,0.56742,0.87818,0.0250141,0.00833805,0.0250141,0.00833805,0.0250141,0.00833805,0.0250141,0.00833805
217,46513.8,1.3009,0.6332,0.89742,0.86856,0.79052,0.83938,0.55624,1.20009,0.5664,0.87688,0.0249705,0.00832349,0.0249705,0.00832349,0.0249705,0.00832349,0.0249705,0.00832349
218,46737.1,1.29829,0.63097,0.89515,0.86921,0.79202,0.84074,0.55629,1.19839,0.56555,0.87656,0.0249267,0.00830889,0.0249267,0.00830889,0.0249267,0.00830889,0.0249267,0.00830889
219,46956.2,1.292,0.62699,0.89338,0.87259,0.7928,0.84183,0.55723,1.19728,0.56445,0.87634,0.0248827,0.00829423,0.0248827,0.00829423,0.0248827,0.00829423,0.0248827,0.00829423
220,47203.7,1.30067,0.6332,0.89813,0.87337,0.794,0.84293,0.55807,1.19622,0.56378,0.87615,0.0248386,0.00827952,0.0248386,0.00827952,0.0248386,0.00827952,0.0248386,0.00827952
221,47420.3,1.29572,0.62862,0.89407,0.8702,0.79481,0.84293,0.55869,1.19458,0.56256,0.87587,0.0247943,0.00826477,0.0247943,0.00826477,0.0247943,0.00826477,0.0247943,0.00826477
222,47618.5,1.29109,0.62814,0.89494,0.8727,0.79448,0.8441,0.55945,1.19285,0.562,0.87561,0.0247499,0.00824996,0.0247499,0.00824996,0.0247499,0.00824996,0.0247499,0.00824996
223,47837.9,1.29934,0.63174,0.89611,0.87295,0.79426,0.84435,0.55943,1.19192,0.56114,0.87536,0.0247053,0.00823511,0.0247053,0.00823511,0.0247053,0.00823511,0.0247053,0.00823511
224,48044.2,1.28153,0.62138,0.89232,0.8739,0.79423,0.84511,0.55959,1.19076,0.55993,0.87513,0.0246606,0.0082202,0.0246606,0.0082202,0.0246606,0.0082202,0.0246606,0.0082202
225,48262.1,1.29448,0.62792,0.89791,0.87223,0.795,0.84517,0.56026,1.18936,0.55928,0.87495,0.0246157,0.00820525,0.0246157,0.00820525,0.0246157,0.00820525,0.0246157,0.00820525
226,48464.1,1.29117,0.62891,0.89704,0.87596,0.79476,0.84577,0.56075,1.18795,0.55853,0.87468,0.0245707,0.00819025,0.0245707,0.00819025,0.0245707,0.00819025,0.0245707,0.00819025
227,48702.6,1.2843,0.62199,0.8917,0.87813,0.79547,0.84562,0.5612,1.18609,0.55746,0.87445,0.0245256,0.0081752,0.0245256,0.0081752,0.0245256,0.0081752,0.0245256,0.0081752
228,48940.9,1.28573,0.6216,0.89037,0.88,0.79385,0.84576,0.562,1.18456,0.55664,0.87422,0.0244803,0.0081601,0.0244803,0.0081601,0.0244803,0.0081601,0.0244803,0.0081601
229,49174,1.27766,0.62029,0.89292,0.88064,0.79468,0.84684,0.56274,1.18323,0.55614,0.87402,0.0244349,0.00814495,0.0244349,0.00814495,0.0244349,0.00814495,0.0244349,0.00814495
230,49411,1.28472,0.61676,0.89097,0.87985,0.79678,0.84768,0.56358,1.18168,0.55542,0.87377,0.0243893,0.00812976,0.0243893,0.00812976,0.0243893,0.00812976,0.0243893,0.00812976
231,49620.8,1.28152,0.62029,0.88792,0.87465,0.79776,0.8471,0.56447,1.18034,0.55438,0.87357,0.0243435,0.00811452,0.0243435,0.00811452,0.0243435,0.00811452,0.0243435,0.00811452
232,49850.4,1.27316,0.61847,0.88921,0.87779,0.7988,0.84829,0.56508,1.17822,0.55321,0.87327,0.0242977,0.00809923,0.0242977,0.00809923,0.0242977,0.00809923,0.0242977,0.00809923
233,50077.9,1.2784,0.6191,0.89023,0.8738,0.80056,0.84905,0.56542,1.17685,0.55224,0.87301,0.0242517,0.00808389,0.0242517,0.00808389,0.0242517,0.00808389,0.0242517,0.00808389
234,50297.7,1.2781,0.61787,0.89079,0.87743,0.79937,0.8492,0.5659,1.17537,0.55103,0.87281,0.0242055,0.00806851,0.0242055,0.00806851,0.0242055,0.00806851,0.0242055,0.00806851
235,50510.4,1.27735,0.61535,0.88854,0.87257,0.80319,0.8501,0.56677,1.17397,0.5501,0.87251,0.0241592,0.00805308,0.0241592,0.00805308,0.0241592,0.00805308,0.0241592,0.00805308
236,50734.1,1.26207,0.6108,0.89047,0.87405,0.80413,0.85083,0.5669,1.17243,0.54874,0.87235,0.0241128,0.0080376,0.0241128,0.0080376,0.0241128,0.0080376,0.0241128,0.0080376
237,50933.7,1.28131,0.62132,0.89102,0.87628,0.80553,0.85211,0.56761,1.17,0.54763,0.87195,0.0240662,0.00802208,0.0240662,0.00802208,0.0240662,0.00802208,0.0240662,0.00802208
238,51135.5,1.27433,0.61899,0.89458,0.8796,0.80365,0.85317,0.56822,1.16876,0.54677,0.87189,0.0240195,0.00800651,0.0240195,0.00800651,0.0240195,0.00800651,0.0240195,0.00800651
239,51340,1.27435,0.61514,0.88894,0.87983,0.80363,0.85265,0.56918,1.1669,0.546,0.87165,0.0239727,0.0079909,0.0239727,0.0079909,0.0239727,0.0079909,0.0239727,0.0079909
240,51560.7,1.27495,0.61536,0.8894,0.87707,0.80622,0.85252,0.56948,1.16566,0.54493,0.87158,0.0239257,0.00797524,0.0239257,0.00797524,0.0239257,0.00797524,0.0239257,0.00797524
241,51790.6,1.27313,0.61485,0.89237,0.88059,0.80431,0.85328,0.57015,1.1643,0.54398,0.87145,0.0238786,0.00795954,0.0238786,0.00795954,0.0238786,0.00795954,0.0238786,0.00795954
242,52002.8,1.26582,0.6079,0.88545,0.87895,0.80432,0.8528,0.5705,1.16317,0.54293,0.87133,0.0238314,0.00794379,0.0238314,0.00794379,0.0238314,0.00794379,0.0238314,0.00794379
243,52212.7,1.27318,0.61041,0.88808,0.883,0.80322,0.85312,0.57148,1.16108,0.54228,0.87112,0.023784,0.007928,0.023784,0.007928,0.023784,0.007928,0.023784,0.007928
244,52412.4,1.26411,0.61286,0.88538,0.8835,0.80422,0.85401,0.57207,1.15998,0.54155,0.87103,0.0237365,0.00791216,0.0237365,0.00791216,0.0237365,0.00791216,0.0237365,0.00791216
245,52617.2,1.27135,0.61422,0.88741,0.88361,0.80582,0.85561,0.57256,1.15851,0.54029,0.87102,0.0236888,0.00789628,0.0236888,0.00789628,0.0236888,0.00789628,0.0236888,0.00789628
246,52826.2,1.26545,0.60625,0.88862,0.88571,0.80411,0.85558,0.57301,1.15743,0.53913,0.87109,0.0236411,0.00788035,0.0236411,0.00788035,0.0236411,0.00788035,0.0236411,0.00788035
247,53026.5,1.26544,0.61008,0.89112,0.8857,0.80441,0.85586,0.57364,1.15513,0.53833,0.87066,0.0235931,0.00786438,0.0235931,0.00786438,0.0235931,0.00786438,0.0235931,0.00786438
248,53220.5,1.2643,0.60639,0.88797,0.88681,0.80594,0.85688,0.57445,1.1531,0.5375,0.87048,0.0235451,0.00784837,0.0235451,0.00784837,0.0235451,0.00784837,0.0235451,0.00784837
249,53427.3,1.26116,0.60877,0.88601,0.88663,0.8066,0.85772,0.57525,1.15182,0.53651,0.87039,0.0234969,0.00783231,0.0234969,0.00783231,0.0234969,0.00783231,0.0234969,0.00783231
250,53624.3,1.26144,0.60906,0.88711,0.88665,0.80846,0.85795,0.57594,1.15068,0.53584,0.87021,0.0234486,0.00781621,0.0234486,0.00781621,0.0234486,0.00781621,0.0234486,0.00781621
251,53832.6,1.2615,0.61072,0.88564,0.88646,0.80888,0.85819,0.57614,1.14907,0.53499,0.87004,0.0234002,0.00780007,0.0234002,0.00780007,0.0234002,0.00780007,0.0234002,0.00780007
252,54040.4,1.24925,0.60126,0.88515,0.88674,0.80893,0.85812,0.57691,1.14766,0.5343,0.86944,0.0233517,0.00778389,0.0233517,0.00778389,0.0233517,0.00778389,0.0233517,0.00778389
253,54248.1,1.26408,0.6082,0.8886,0.88672,0.80912,0.85899,0.57752,1.14604,0.53352,0.86922,0.023303,0.00776766,0.023303,0.00776766,0.023303,0.00776766,0.023303,0.00776766
254,54470.8,1.25833,0.60592,0.88605,0.88693,0.80953,0.85986,0.57755,1.14439,0.53299,0.86888,0.0232542,0.0077514,0.0232542,0.0077514,0.0232542,0.0077514,0.0232542,0.0077514
255,54683.8,1.25524,0.60191,0.88645,0.88589,0.81053,0.85993,0.57808,1.14371,0.5326,0.86867,0.0232053,0.00773509,0.0232053,0.00773509,0.0232053,0.00773509,0.0232053,0.00773509
256,54890.9,1.24903,0.6003,0.88432,0.88462,0.81103,0.86014,0.57819,1.14311,0.53167,0.86852,0.0231562,0.00771873,0.0231562,0.00771873,0.0231562,0.00771873,0.0231562,0.00771873
257,55091.3,1.2515,0.59863,0.88444,0.8847,0.81226,0.86081,0.57869,1.14123,0.53097,0.86824,0.023107,0.00770234,0.023107,0.00770234,0.023107,0.00770234,0.023107,0.00770234
258,55293.4,1.25264,0.60062,0.88456,0.88561,0.81263,0.86134,0.57925,1.1395,0.52986,0.86798,0.0230577,0.00768591,0.0230577,0.00768591,0.0230577,0.00768591,0.0230577,0.00768591
259,55501.8,1.24882,0.59639,0.88505,0.88689,0.81286,0.86169,0.57967,1.13816,0.52929,0.86779,0.0230083,0.00766944,0.0230083,0.00766944,0.0230083,0.00766944,0.0230083,0.00766944
260,55714,1.24095,0.59852,0.88339,0.88508,0.81378,0.86188,0.58055,1.13659,0.52871,0.86757,0.0229588,0.00765292,0.0229588,0.00765292,0.0229588,0.00765292,0.0229588,0.00765292
261,55942.9,1.24449,0.59807,0.88533,0.88573,0.81287,0.86112,0.58061,1.13513,0.52774,0.86741,0.0229091,0.00763637,0.0229091,0.00763637,0.0229091,0.00763637,0.0229091,0.00763637
262,56160.8,1.24466,0.5966,0.88253,0.88405,0.81349,0.86198,0.58068,1.13355,0.52679,0.86707,0.0228593,0.00761977,0.0228593,0.00761977,0.0228593,0.00761977,0.0228593,0.00761977
263,56366.5,1.23707,0.59291,0.88288,0.88642,0.81198,0.86161,0.5808,1.1322,0.52663,0.86698,0.0228094,0.00760314,0.0228094,0.00760314,0.0228094,0.00760314,0.0228094,0.00760314
264,56573.2,1.23367,0.59433,0.88095,0.88597,0.81354,0.86275,0.58167,1.13131,0.52574,0.86675,0.0227594,0.00758647,0.0227594,0.00758647,0.0227594,0.00758647,0.0227594,0.00758647
265,56777.9,1.24245,0.59811,0.87887,0.88616,0.81347,0.86283,0.58214,1.12989,0.52499,0.86641,0.0227093,0.00756976,0.0227093,0.00756976,0.0227093,0.00756976,0.0227093,0.00756976
266,56986.4,1.24354,0.59702,0.88334,0.88458,0.81401,0.86268,0.58232,1.12878,0.52445,0.86629,0.022659,0.007553,0.022659,0.007553,0.022659,0.007553,0.022659,0.007553
267,57204.5,1.22882,0.5879,0.87929,0.884,0.81425,0.86256,0.58231,1.12762,0.52386,0.86612,0.0226086,0.00753621,0.0226086,0.00753621,0.0226086,0.00753621,0.0226086,0.00753621
268,57426.3,1.22584,0.5875,0.87818,0.88635,0.81401,0.863,0.58302,1.12663,0.52345,0.86607,0.0225582,0.00751939,0.0225582,0.00751939,0.0225582,0.00751939,0.0225582,0.00751939
269,57645.1,1.23275,0.58969,0.88193,0.88513,0.81544,0.86339,0.58338,1.12568,0.52293,0.86593,0.0225076,0.00750252,0.0225076,0.00750252,0.0225076,0.00750252,0.0225076,0.00750252
270,57866.9,1.23292,0.59101,0.88114,0.88559,0.81584,0.86403,0.58459,1.12425,0.52226,0.86573,0.0224568,0.00748562,0.0224568,0.00748562,0.0224568,0.00748562,0.0224568,0.00748562
271,58070.4,1.23646,0.59575,0.88194,0.88647,0.81652,0.86504,0.58515,1.12308,0.52148,0.86556,0.022406,0.00746868,0.022406,0.00746868,0.022406,0.00746868,0.022406,0.00746868
272,58265.4,1.22819,0.58921,0.87637,0.88724,0.81694,0.86532,0.58571,1.1219,0.52119,0.86526,0.0223551,0.0074517,0.0223551,0.0074517,0.0223551,0.0074517,0.0223551,0.0074517
273,58456,1.22532,0.58508,0.8819,0.88744,0.81785,0.86559,0.58671,1.12134,0.52043,0.86524,0.022304,0.00743468,0.022304,0.00743468,0.022304,0.00743468,0.022304,0.00743468
274,58637.7,1.23482,0.59166,0.87987,0.88833,0.81865,0.86655,0.58681,1.12082,0.52007,0.86508,0.0222529,0.00741763,0.0222529,0.00741763,0.0222529,0.00741763,0.0222529,0.00741763
275,58820.8,1.22105,0.58376,0.87889,0.88846,0.81891,0.8668,0.58712,1.12024,0.51961,0.86491,0.0222016,0.00740054,0.0222016,0.00740054,0.0222016,0.00740054,0.0222016,0.00740054
276,59008.5,1.23271,0.59502,0.8795,0.88865,0.82011,0.86744,0.58709,1.11981,0.51933,0.86487,0.0221502,0.00738341,0.0221502,0.00738341,0.0221502,0.00738341,0.0221502,0.00738341
277,59192.9,1.22449,0.5841,0.87754,0.88735,0.82184,0.86778,0.58721,1.11931,0.51933,0.86482,0.0220988,0.00736625,0.0220988,0.00736625,0.0220988,0.00736625,0.0220988,0.00736625
278,59382.6,1.21687,0.58173,0.87961,0.88761,0.82309,0.86795,0.58786,1.11897,0.51852,0.86472,0.0220472,0.00734906,0.0220472,0.00734906,0.0220472,0.00734906,0.0220472,0.00734906
279,59569.7,1.22716,0.58731,0.88019,0.88641,0.82327,0.86785,0.58811,1.11799,0.51841,0.86466,0.0219955,0.00733182,0.0219955,0.00733182,0.0219955,0.00733182,0.0219955,0.00733182
280,59759.3,1.22344,0.58344,0.87879,0.88464,0.824,0.86806,0.58783,1.11731,0.51778,0.86466,0.0219437,0.00731456,0.0219437,0.00731456,0.0219437,0.00731456,0.0219437,0.00731456
281,59941.1,1.21985,0.57926,0.87997,0.88229,0.82474,0.86791,0.58784,1.11665,0.51715,0.86469,0.0218918,0.00729725,0.0218918,0.00729725,0.0218918,0.00729725,0.0218918,0.00729725
282,60112.4,1.21369,0.57846,0.8772,0.8831,0.82522,0.86869,0.58792,1.11555,0.51653,0.86458,0.0218397,0.00727992,0.0218397,0.00727992,0.0218397,0.00727992,0.0218397,0.00727992
283,60299.6,1.21411,0.57984,0.87674,0.8852,0.82482,0.86944,0.58819,1.11498,0.51621,0.86445,0.0217876,0.00726254,0.0217876,0.00726254,0.0217876,0.00726254,0.0217876,0.00726254
284,60479.7,1.20822,0.58316,0.87757,0.88654,0.82494,0.86983,0.58827,1.1142,0.51576,0.86439,0.0217354,0.00724514,0.0217354,0.00724514,0.0217354,0.00724514,0.0217354,0.00724514
285,60658.2,1.20979,0.57655,0.87975,0.88696,0.82463,0.86951,0.58888,1.11346,0.51545,0.86427,0.0216831,0.0072277,0.0216831,0.0072277,0.0216831,0.0072277,0.0216831,0.0072277
286,60837,1.21081,0.57663,0.87721,0.88785,0.82455,0.86942,0.58895,1.11302,0.51493,0.86432,0.0216307,0.00721023,0.0216307,0.00721023,0.0216307,0.00721023,0.0216307,0.00721023
287,61017,1.21,0.58067,0.87593,0.88837,0.82474,0.86971,0.58924,1.11237,0.51483,0.86424,0.0215782,0.00719272,0.0215782,0.00719272,0.0215782,0.00719272,0.0215782,0.00719272
288,61197.1,1.20688,0.5793,0.87596,0.88784,0.8244,0.86918,0.5898,1.11187,0.51438,0.86422,0.0215255,0.00717518,0.0215255,0.00717518,0.0215255,0.00717518,0.0215255,0.00717518
289,61372.7,1.21149,0.58001,0.87617,0.88923,0.82489,0.87028,0.58977,1.11071,0.5138,0.86413,0.0214728,0.00715761,0.0214728,0.00715761,0.0214728,0.00715761,0.0214728,0.00715761
290,61545.1,1.21219,0.57742,0.87519,0.88694,0.82555,0.87011,0.5901,1.11026,0.51306,0.86407,0.02142,0.00714,0.02142,0.00714,0.02142,0.00714,0.02142,0.00714
291,61721,1.20926,0.57878,0.87712,0.88616,0.82773,0.87067,0.59063,1.10997,0.51267,0.86388,0.0213671,0.00712237,0.0213671,0.00712237,0.0213671,0.00712237,0.0213671,0.00712237
292,61900.1,1.21019,0.57641,0.8769,0.88494,0.82799,0.87041,0.59039,1.10929,0.51228,0.86393,0.0213141,0.0071047,0.0213141,0.0071047,0.0213141,0.0071047,0.0213141,0.0071047
293,62072.3,1.20586,0.57488,0.87469,0.88567,0.82792,0.8705,0.5907,1.10925,0.51209,0.86372,0.021261,0.007087,0.021261,0.007087,0.021261,0.007087,0.021261,0.007087
294,62256.5,1.20538,0.57133,0.87481,0.88768,0.82673,0.87052,0.59072,1.10845,0.51181,0.86371,0.0212078,0.00706926,0.0212078,0.00706926,0.0212078,0.00706926,0.0212078,0.00706926
295,62441.9,1.20116,0.57148,0.8749,0.89018,0.82535,0.87081,0.59086,1.10765,0.51118,0.86366,0.0211545,0.0070515,0.0211545,0.0070515,0.0211545,0.0070515,0.0211545,0.0070515
296,62632.3,1.19369,0.56736,0.87392,0.89206,0.82459,0.87116,0.59091,1.1075,0.51043,0.86355,0.0211011,0.00703371,0.0211011,0.00703371,0.0211011,0.00703371,0.0211011,0.00703371
297,62806,1.203,0.5726,0.87603,0.89182,0.82489,0.8718,0.59149,1.10643,0.51013,0.86344,0.0210476,0.00701588,0.0210476,0.00701588,0.0210476,0.00701588,0.0210476,0.00701588
298,62983.8,1.19852,0.57105,0.87447,0.89225,0.82624,0.8726,0.59172,1.10594,0.5093,0.86344,0.0209941,0.00699803,0.0209941,0.00699803,0.0209941,0.00699803,0.0209941,0.00699803
299,63195.3,1.19611,0.57153,0.874,0.89417,0.82564,0.87273,0.59198,1.10423,0.50892,0.86327,0.0209404,0.00698014,0.0209404,0.00698014,0.0209404,0.00698014,0.0209404,0.00698014
300,63378,1.1999,0.57136,0.87251,0.89318,0.82564,0.87237,0.5918,1.10353,0.50845,0.86316,0.0208867,0.00696223,0.0208867,0.00696223,0.0208867,0.00696223,0.0208867,0.00696223
301,63555.3,1.20356,0.57222,0.87171,0.8946,0.82569,0.87318,0.59222,1.10239,0.5081,0.86313,0.0208328,0.00694428,0.0208328,0.00694428,0.0208328,0.00694428,0.0208328,0.00694428
302,63735.1,1.19494,0.56453,0.87491,0.89368,0.82666,0.87345,0.59259,1.10226,0.50781,0.8631,0.0207789,0.00692631,0.0207789,0.00692631,0.0207789,0.00692631,0.0207789,0.00692631
303,63916.1,1.19527,0.56824,0.87369,0.89622,0.82573,0.87369,0.59274,1.10107,0.50703,0.86308,0.0207249,0.00690831,0.0207249,0.00690831,0.0207249,0.00690831,0.0207249,0.00690831
304,64110.3,1.19594,0.56507,0.87243,0.89319,0.82751,0.8739,0.59291,1.09984,0.50649,0.86305,0.0206708,0.00689028,0.0206708,0.00689028,0.0206708,0.00689028,0.0206708,0.00689028
305,64308.8,1.19585,0.57059,0.87306,0.89494,0.82808,0.87445,0.59345,1.09885,0.50589,0.86288,0.0206166,0.00687222,0.0206166,0.00687222,0.0206166,0.00687222,0.0206166,0.00687222
306,64520.6,1.1902,0.56784,0.87382,0.8942,0.82943,0.87499,0.59337,1.09825,0.50574,0.86283,0.0205624,0.00685413,0.0205624,0.00685413,0.0205624,0.00685413,0.0205624,0.00685413
307,64722.7,1.19024,0.56831,0.87349,0.89474,0.83059,0.87567,0.59438,1.09736,0.50557,0.86275,0.020508,0.00683601,0.020508,0.00683601,0.020508,0.00683601,0.020508,0.00683601
308,64906.5,1.1901,0.56524,0.87213,0.89232,0.83137,0.87551,0.59457,1.09696,0.50499,0.86273,0.0204536,0.00681787,0.0204536,0.00681787,0.0204536,0.00681787,0.0204536,0.00681787
309,65115,1.18277,0.55973,0.87057,0.89196,0.83247,0.87546,0.59457,1.09645,0.50446,0.8626,0.0203991,0.0067997,0.0203991,0.0067997,0.0203991,0.0067997,0.0203991,0.0067997
310,65323.1,1.18472,0.56035,0.87065,0.89198,0.83255,0.87551,0.59525,1.09569,0.50424,0.86251,0.0203445,0.0067815,0.0203445,0.0067815,0.0203445,0.0067815,0.0203445,0.0067815
311,65528.8,1.18684,0.56701,0.87233,0.89248,0.83356,0.87627,0.59562,1.09422,0.50399,0.86241,0.0202898,0.00676328,0.0202898,0.00676328,0.0202898,0.00676328,0.0202898,0.00676328
312,65739.5,1.18578,0.56374,0.87296,0.89267,0.83279,0.87611,0.59565,1.09397,0.50364,0.86231,0.0202351,0.00674503,0.0202351,0.00674503,0.0202351,0.00674503,0.0202351,0.00674503
313,65950.6,1.17679,0.55956,0.86933,0.89312,0.83309,0.87652,0.59598,1.0933,0.50337,0.86217,0.0201803,0.00672675,0.0201803,0.00672675,0.0201803,0.00672675,0.0201803,0.00672675
314,66156,1.17832,0.56173,0.8682,0.89347,0.8326,0.87585,0.59578,1.09228,0.50306,0.862,0.0201254,0.00670845,0.0201254,0.00670845,0.0201254,0.00670845,0.0201254,0.00670845
315,66341.4,1.17894,0.55993,0.8695,0.89405,0.83357,0.87625,0.59631,1.0917,0.50283,0.86202,0.0200704,0.00669012,0.0200704,0.00669012,0.0200704,0.00669012,0.0200704,0.00669012
316,66554.6,1.18026,0.55998,0.86785,0.8933,0.83441,0.8765,0.59687,1.09091,0.50237,0.86184,0.0200153,0.00667177,0.0200153,0.00667177,0.0200153,0.00667177,0.0200153,0.00667177
317,66737.8,1.17479,0.55805,0.86791,0.89581,0.83371,0.87705,0.59742,1.08994,0.50167,0.86167,0.0199602,0.00665339,0.0199602,0.00665339,0.0199602,0.00665339,0.0199602,0.00665339
318,66928.3,1.17548,0.55658,0.86788,0.89546,0.83352,0.87647,0.59793,1.08937,0.50145,0.8616,0.019905,0.00663499,0.019905,0.00663499,0.019905,0.00663499,0.019905,0.00663499
319,67147.2,1.17319,0.55723,0.86764,0.89705,0.83382,0.87669,0.59805,1.08849,0.50131,0.86149,0.0198497,0.00661656,0.0198497,0.00661656,0.0198497,0.00661656,0.0198497,0.00661656
320,67368.7,1.17554,0.5573,0.86953,0.89733,0.83406,0.87705,0.59814,1.08837,0.50087,0.86138,0.0197943,0.00659811,0.0197943,0.00659811,0.0197943,0.00659811,0.0197943,0.00659811
321,67560.3,1.17703,0.5561,0.86777,0.89785,0.83432,0.8773,0.59854,1.08775,0.50045,0.86112,0.0197389,0.00657963,0.0197389,0.00657963,0.0197389,0.00657963,0.0197389,0.00657963
322,67746,1.17168,0.5542,0.86747,0.8971,0.83588,0.87751,0.59881,1.08704,0.50041,0.86106,0.0196834,0.00656114,0.0196834,0.00656114,0.0196834,0.00656114,0.0196834,0.00656114
323,67949.4,1.16707,0.5535,0.86764,0.89633,0.8362,0.87774,0.59894,1.08664,0.49979,0.86097,0.0196278,0.00654261,0.0196278,0.00654261,0.0196278,0.00654261,0.0196278,0.00654261
324,68137.8,1.17069,0.55323,0.86785,0.8958,0.83745,0.87807,0.59923,1.08586,0.4994,0.86085,0.0195722,0.00652407,0.0195722,0.00652407,0.0195722,0.00652407,0.0195722,0.00652407
325,68344.9,1.15885,0.54925,0.86661,0.89565,0.83836,0.8793,0.59922,1.08511,0.49919,0.86079,0.0195165,0.0065055,0.0195165,0.0065055,0.0195165,0.0065055,0.0195165,0.0065055
326,68567.1,1.16572,0.55286,0.86837,0.89715,0.83801,0.87885,0.59958,1.08422,0.49856,0.86057,0.0194607,0.00648691,0.0194607,0.00648691,0.0194607,0.00648691,0.0194607,0.00648691
327,68769.4,1.16487,0.55191,0.86797,0.89848,0.83665,0.87834,0.59989,1.0837,0.49831,0.86043,0.0194049,0.0064683,0.0194049,0.0064683,0.0194049,0.0064683,0.0194049,0.0064683
328,68981.2,1.16909,0.55643,0.86772,0.89667,0.83929,0.87944,0.60035,1.08307,0.49778,0.86028,0.019349,0.00644966,0.019349,0.00644966,0.019349,0.00644966,0.019349,0.00644966
329,69178,1.16107,0.55129,0.86511,0.89703,0.83883,0.88005,0.60076,1.08195,0.49749,0.86011,0.019293,0.00643101,0.019293,0.00643101,0.019293,0.00643101,0.019293,0.00643101
330,69365.3,1.15748,0.54759,0.86714,0.89683,0.8402,0.8816,0.60096,1.08106,0.49724,0.85991,0.019237,0.00641233,0.019237,0.00641233,0.019237,0.00641233,0.019237,0.00641233
331,69557.3,1.15428,0.54566,0.86551,0.89595,0.84012,0.88116,0.60159,1.07989,0.49675,0.85969,0.0191809,0.00639363,0.0191809,0.00639363,0.0191809,0.00639363,0.0191809,0.00639363
332,69746.9,1.1677,0.55237,0.86655,0.8967,0.83978,0.88124,0.60197,1.07913,0.49639,0.85949,0.0191247,0.00637491,0.0191247,0.00637491,0.0191247,0.00637491,0.0191247,0.00637491
333,69948.1,1.15648,0.5456,0.86479,0.90039,0.83899,0.88186,0.6025,1.07849,0.4961,0.85927,0.0190685,0.00635617,0.0190685,0.00635617,0.0190685,0.00635617,0.0190685,0.00635617
334,70158.8,1.16231,0.55318,0.8661,0.90031,0.83924,0.88221,0.60249,1.07778,0.49547,0.85926,0.0190122,0.00633741,0.0190122,0.00633741,0.0190122,0.00633741,0.0190122,0.00633741
335,70367.4,1.15164,0.54706,0.8646,0.89887,0.8406,0.88235,0.60268,1.07673,0.49509,0.8591,0.0189559,0.00631863,0.0189559,0.00631863,0.0189559,0.00631863,0.0189559,0.00631863
336,70570.3,1.157,0.54795,0.86293,0.89781,0.84109,0.88236,0.60284,1.07598,0.49465,0.85892,0.0188995,0.00629983,0.0188995,0.00629983,0.0188995,0.00629983,0.0188995,0.00629983
337,70768.1,1.15578,0.54621,0.86496,0.89959,0.84253,0.88374,0.6028,1.07574,0.49452,0.85883,0.018843,0.00628101,0.018843,0.00628101,0.018843,0.00628101,0.018843,0.00628101
338,70973,1.15403,0.54293,0.86253,0.90037,0.84257,0.88355,0.60263,1.07537,0.49405,0.85877,0.0187865,0.00626218,0.0187865,0.00626218,0.0187865,0.00626218,0.0187865,0.00626218
339,71156.6,1.15134,0.54517,0.86457,0.89937,0.8426,0.88339,0.60291,1.07485,0.49393,0.8587,0.01873,0.00624332,0.01873,0.00624332,0.01873,0.00624332,0.01873,0.00624332
340,71374.9,1.1474,0.54197,0.86268,0.90101,0.84419,0.88444,0.60331,1.07429,0.49355,0.85858,0.0186733,0.00622445,0.0186733,0.00622445,0.0186733,0.00622445,0.0186733,0.00622445
341,71578.9,1.14725,0.54494,0.86498,0.90056,0.84479,0.88421,0.6038,1.07415,0.49329,0.85848,0.0186167,0.00620555,0.0186167,0.00620555,0.0186167,0.00620555,0.0186167,0.00620555
342,71793.4,1.14805,0.54279,0.8628,0.90012,0.84541,0.88524,0.6043,1.07259,0.49276,0.85828,0.0185599,0.00618664,0.0185599,0.00618664,0.0185599,0.00618664,0.0185599,0.00618664
343,71992.3,1.15295,0.5422,0.86362,0.90059,0.84659,0.88627,0.60491,1.07172,0.49267,0.85818,0.0185031,0.00616772,0.0185031,0.00616772,0.0185031,0.00616772,0.0185031,0.00616772
344,72203.7,1.14313,0.54167,0.86225,0.90283,0.84666,0.88629,0.60545,1.07047,0.49203,0.85807,0.0184463,0.00614877,0.0184463,0.00614877,0.0184463,0.00614877,0.0184463,0.00614877
345,72407.9,1.1404,0.53832,0.8625,0.90067,0.84725,0.88627,0.60557,1.06993,0.49187,0.85797,0.0183894,0.00612981,0.0183894,0.00612981,0.0183894,0.00612981,0.0183894,0.00612981
346,72666.7,1.14273,0.53945,0.86177,0.90074,0.84843,0.88713,0.60619,1.06853,0.49148,0.85773,0.0183325,0.00611083,0.0183325,0.00611083,0.0183325,0.00611083,0.0183325,0.00611083
347,72874.6,1.14656,0.5388,0.86215,0.90074,0.84888,0.88743,0.60627,1.0675,0.49141,0.85759,0.0182755,0.00609184,0.0182755,0.00609184,0.0182755,0.00609184,0.0182755,0.00609184
348,73115.5,1.13523,0.53682,0.8631,0.90392,0.84884,0.88819,0.60728,1.06622,0.49134,0.85746,0.0182185,0.00607282,0.0182185,0.00607282,0.0182185,0.00607282,0.0182185,0.00607282
349,73360.6,1.14341,0.53635,0.86143,0.90248,0.84964,0.88835,0.60714,1.06583,0.49094,0.85743,0.0181614,0.0060538,0.0181614,0.0060538,0.0181614,0.0060538,0.0181614,0.0060538
350,73595.4,1.12899,0.53237,0.86153,0.9033,0.84894,0.88836,0.60729,1.06524,0.49073,0.8574,0.0181043,0.00603475,0.0181043,0.00603475,0.0181043,0.00603475,0.0181043,0.00603475
351,73853.8,1.1378,0.53891,0.86175,0.90342,0.84914,0.8886,0.60787,1.06435,0.49016,0.85731,0.0180471,0.0060157,0.0180471,0.0060157,0.0180471,0.0060157,0.0180471,0.0060157
352,74114.1,1.13825,0.53567,0.86126,0.90284,0.85019,0.88883,0.60785,1.06336,0.48939,0.8572,0.0179899,0.00599662,0.0179899,0.00599662,0.0179899,0.00599662,0.0179899,0.00599662
353,74376.5,1.13124,0.53334,0.86203,0.90246,0.84999,0.88891,0.60817,1.06254,0.48911,0.85719,0.0179326,0.00597754,0.0179326,0.00597754,0.0179326,0.00597754,0.0179326,0.00597754
354,74638.5,1.1359,0.53696,0.86182,0.90283,0.85028,0.8891,0.60851,1.06192,0.48924,0.85711,0.0178753,0.00595844,0.0178753,0.00595844,0.0178753,0.00595844,0.0178753,0.00595844
355,74898.8,1.12988,0.53176,0.85943,0.90233,0.85029,0.88871,0.60882,1.06179,0.48957,0.8571,0.017818,0.00593932,0.017818,0.00593932,0.017818,0.00593932,0.017818,0.00593932
356,75143.9,1.12666,0.53037,0.8614,0.90288,0.84984,0.88877,0.60886,1.06152,0.48944,0.85706,0.0177606,0.00592019,0.0177606,0.00592019,0.0177606,0.00592019,0.0177606,0.00592019
357,75352,1.12974,0.53069,0.86114,0.90402,0.8497,0.88898,0.60899,1.06122,0.48953,0.85693,0.0177031,0.00590105,0.0177031,0.00590105,0.0177031,0.00590105,0.0177031,0.00590105
358,75551.2,1.12637,0.52833,0.85755,0.9033,0.84994,0.88906,0.60915,1.06097,0.48926,0.85696,0.0176457,0.00588189,0.0176457,0.00588189,0.0176457,0.00588189,0.0176457,0.00588189
359,75752.2,1.12669,0.53109,0.86071,0.90365,0.85,0.88978,0.60954,1.0605,0.48921,0.85676,0.0175882,0.00586272,0.0175882,0.00586272,0.0175882,0.00586272,0.0175882,0.00586272
360,75955.5,1.12633,0.52791,0.85987,0.90301,0.85054,0.89034,0.6101,1.05981,0.48906,0.85675,0.0175306,0.00584354,0.0175306,0.00584354,0.0175306,0.00584354,0.0175306,0.00584354
361,76169.5,1.12365,0.52713,0.86062,0.9035,0.85103,0.8904,0.60995,1.05876,0.48871,0.85654,0.0174731,0.00582435,0.0174731,0.00582435,0.0174731,0.00582435,0.0174731,0.00582435
362,76374.1,1.1258,0.52859,0.85702,0.90364,0.85147,0.8914,0.61015,1.0578,0.48813,0.85647,0.0174154,0.00580515,0.0174154,0.00580515,0.0174154,0.00580515,0.0174154,0.00580515
363,76561.4,1.12548,0.53075,0.85801,0.90431,0.85108,0.89176,0.61053,1.05759,0.4878,0.85637,0.0173578,0.00578593,0.0173578,0.00578593,0.0173578,0.00578593,0.0173578,0.00578593
364,76768.2,1.11801,0.52614,0.85821,0.90499,0.85102,0.89168,0.61028,1.05736,0.48741,0.8563,0.0173001,0.0057667,0.0173001,0.0057667,0.0173001,0.0057667,0.0173001,0.0057667
365,76964.5,1.11932,0.52397,0.8577,0.90408,0.85149,0.89204,0.61045,1.05713,0.48719,0.85607,0.0172424,0.00574746,0.0172424,0.00574746,0.0172424,0.00574746,0.0172424,0.00574746
366,77146.2,1.11715,0.52581,0.85806,0.90501,0.85092,0.89227,0.61115,1.05611,0.48712,0.856,0.0171846,0.00572821,0.0171846,0.00572821,0.0171846,0.00572821,0.0171846,0.00572821
367,77346.7,1.108,0.52321,0.85623,0.90565,0.85114,0.89223,0.61053,1.05591,0.48647,0.85598,0.0171269,0.00570895,0.0171269,0.00570895,0.0171269,0.00570895,0.0171269,0.00570895
368,77548.1,1.12132,0.52571,0.85932,0.90649,0.85061,0.89185,0.61122,1.0559,0.48625,0.85601,0.017069,0.00568968,0.017069,0.00568968,0.017069,0.00568968,0.017069,0.00568968
369,77728.9,1.11222,0.52304,0.85728,0.9071,0.85144,0.8923,0.61123,1.05517,0.4863,0.8559,0.0170112,0.0056704,0.0170112,0.0056704,0.0170112,0.0056704,0.0170112,0.0056704
370,77954,1.10662,0.52064,0.85642,0.90668,0.85095,0.8919,0.6114,1.05433,0.48576,0.85577,0.0169533,0.00565111,0.0169533,0.00565111,0.0169533,0.00565111,0.0169533,0.00565111
371,78165.2,1.11552,0.5243,0.85521,0.90725,0.85197,0.893,0.61155,1.05401,0.48555,0.85566,0.0168954,0.00563181,0.0168954,0.00563181,0.0168954,0.00563181,0.0168954,0.00563181
372,78358.3,1.11396,0.52357,0.85497,0.90879,0.85137,0.89341,0.61181,1.05378,0.4852,0.85571,0.0168375,0.0056125,0.0168375,0.0056125,0.0168375,0.0056125,0.0168375,0.0056125
373,78548.9,1.11006,0.51882,0.85713,0.91018,0.85175,0.89415,0.61237,1.05303,0.48523,0.85566,0.0167796,0.00559318,0.0167796,0.00559318,0.0167796,0.00559318,0.0167796,0.00559318
374,78746.3,1.11069,0.52137,0.85775,0.90989,0.85277,0.89431,0.61251,1.05306,0.48487,0.85564,0.0167216,0.00557386,0.0167216,0.00557386,0.0167216,0.00557386,0.0167216,0.00557386
375,78940.7,1.11235,0.52173,0.8571,0.90804,0.85239,0.89306,0.61226,1.05276,0.48493,0.85553,0.0166636,0.00555453,0.0166636,0.00555453,0.0166636,0.00555453,0.0166636,0.00555453
376,79141.7,1.1066,0.51959,0.85356,0.90741,0.85247,0.89372,0.61279,1.05144,0.48407,0.85542,0.0166056,0.00553518,0.0166056,0.00553518,0.0166056,0.00553518,0.0166056,0.00553518
377,79349.4,1.10065,0.51778,0.85457,0.90622,0.85206,0.89302,0.61292,1.05011,0.48338,0.85522,0.0165475,0.00551584,0.0165475,0.00551584,0.0165475,0.00551584,0.0165475,0.00551584
378,79536.2,1.10163,0.51841,0.85483,0.90796,0.8527,0.89372,0.61405,1.04947,0.483,0.85516,0.0164894,0.00549648,0.0164894,0.00549648,0.0164894,0.00549648,0.0164894,0.00549648
379,79740.5,1.10144,0.51703,0.85085,0.90821,0.85325,0.89423,0.61462,1.04831,0.48249,0.85514,0.0164314,0.00547712,0.0164314,0.00547712,0.0164314,0.00547712,0.0164314,0.00547712
380,79945.4,1.10514,0.5178,0.85346,0.90948,0.85279,0.89399,0.61456,1.04743,0.48222,0.85509,0.0163732,0.00545775,0.0163732,0.00545775,0.0163732,0.00545775,0.0163732,0.00545775
381,80143.4,1.09811,0.51462,0.85213,0.90966,0.85284,0.89431,0.61462,1.0463,0.48163,0.85529,0.0163151,0.00543837,0.0163151,0.00543837,0.0163151,0.00543837,0.0163151,0.00543837
382,80327.5,1.09922,0.51685,0.85652,0.91054,0.85386,0.89469,0.61476,1.0463,0.48095,0.85522,0.016257,0.00541899,0.016257,0.00541899,0.016257,0.00541899,0.016257,0.00541899
383,80529.7,1.09474,0.51577,0.85274,0.90918,0.85364,0.89412,0.61467,1.04565,0.48055,0.85487,0.0161988,0.0053996,0.0161988,0.0053996,0.0161988,0.0053996,0.0161988,0.0053996
384,80717,1.09648,0.51384,0.85502,0.9086,0.8538,0.8943,0.61465,1.04493,0.4799,0.85467,0.0161406,0.00538021,0.0161406,0.00538021,0.0161406,0.00538021,0.0161406,0.00538021
385,80906.5,1.09922,0.51515,0.85273,0.91055,0.85255,0.89446,0.6146,1.04422,0.47993,0.8544,0.0160824,0.00536081,0.0160824,0.00536081,0.0160824,0.00536081,0.0160824,0.00536081
386,81108.9,1.09664,0.51407,0.85498,0.90971,0.85239,0.89417,0.61478,1.04389,0.4797,0.85426,0.0160242,0.00534141,0.0160242,0.00534141,0.0160242,0.00534141,0.0160242,0.00534141
387,81299.3,1.08814,0.51391,0.85393,0.91182,0.85209,0.89503,0.61529,1.04326,0.47933,0.85403,0.015966,0.005322,0.015966,0.005322,0.015966,0.005322,0.015966,0.005322
388,81490.7,1.10082,0.51887,0.85395,0.90987,0.85388,0.89512,0.61588,1.04196,0.47877,0.85382,0.0159078,0.00530259,0.0159078,0.00530259,0.0159078,0.00530259,0.0159078,0.00530259
389,81686.5,1.09801,0.51585,0.85172,0.9125,0.85388,0.89538,0.61575,1.04175,0.47821,0.85383,0.0158495,0.00528318,0.0158495,0.00528318,0.0158495,0.00528318,0.0158495,0.00528318
390,81887,1.09216,0.51333,0.85088,0.91132,0.85419,0.89507,0.61565,1.04111,0.4782,0.85369,0.0157913,0.00526376,0.0157913,0.00526376,0.0157913,0.00526376,0.0157913,0.00526376
391,82085.3,1.08742,0.50765,0.85212,0.91197,0.85376,0.89464,0.61629,1.03968,0.47752,0.85344,0.015733,0.00524434,0.015733,0.00524434,0.015733,0.00524434,0.015733,0.00524434
392,82278.6,1.08853,0.50838,0.85232,0.91134,0.85614,0.89682,0.61687,1.03938,0.4769,0.85335,0.0156747,0.00522491,0.0156747,0.00522491,0.0156747,0.00522491,0.0156747,0.00522491
393,82483.7,1.08738,0.5096,0.85272,0.91152,0.85666,0.89722,0.6176,1.03828,0.47665,0.85314,0.0156164,0.00520548,0.0156164,0.00520548,0.0156164,0.00520548,0.0156164,0.00520548
394,82664.9,1.09073,0.50901,0.85153,0.91298,0.85729,0.89838,0.61835,1.03788,0.47627,0.85322,0.0155582,0.00518605,0.0155582,0.00518605,0.0155582,0.00518605,0.0155582,0.00518605
395,82858,1.08776,0.51398,0.8522,0.91174,0.85723,0.89817,0.61827,1.03792,0.47588,0.85325,0.0154999,0.00516662,0.0154999,0.00516662,0.0154999,0.00516662,0.0154999,0.00516662
396,83049.7,1.08103,0.50703,0.85222,0.91414,0.85747,0.89893,0.61884,1.03777,0.47599,0.85325,0.0154416,0.00514719,0.0154416,0.00514719,0.0154416,0.00514719,0.0154416,0.00514719
397,83256.3,1.07934,0.50716,0.85062,0.91539,0.85666,0.89944,0.61839,1.03691,0.47537,0.85319,0.0153833,0.00512775,0.0153833,0.00512775,0.0153833,0.00512775,0.0153833,0.00512775
398,83444.7,1.08603,0.5085,0.85184,0.91545,0.85711,0.89969,0.61918,1.03613,0.47449,0.85315,0.0153249,0.00510831,0.0153249,0.00510831,0.0153249,0.00510831,0.0153249,0.00510831
399,83642,1.07717,0.50614,0.85076,0.91512,0.85788,0.89983,0.61897,1.03636,0.4738,0.85311,0.0152666,0.00508888,0.0152666,0.00508888,0.0152666,0.00508888,0.0152666,0.00508888
400,83834.2,1.08198,0.50492,0.84673,0.91508,0.85717,0.90037,0.619,1.03602,0.47297,0.85294,0.0152083,0.00506944,0.0152083,0.00506944,0.0152083,0.00506944,0.0152083,0.00506944
401,84040.1,1.06696,0.49947,0.85002,0.91532,0.85692,0.89937,0.61866,1.03575,0.47256,0.8528,0.01515,0.00505,0.01515,0.00505,0.01515,0.00505,0.01515,0.00505
402,84232.3,1.07443,0.5024,0.84935,0.91565,0.85701,0.89984,0.619,1.03548,0.47227,0.85284,0.0150917,0.00503056,0.0150917,0.00503056,0.0150917,0.00503056,0.0150917,0.00503056
403,84416.7,1.07365,0.50349,0.8485,0.91651,0.85674,0.90022,0.61889,1.03507,0.47216,0.85278,0.0150334,0.00501112,0.0150334,0.00501112,0.0150334,0.00501112,0.0150334,0.00501112
404,84616.2,1.07461,0.49934,0.84734,0.91774,0.85638,0.90052,0.61888,1.03501,0.47162,0.85277,0.0149751,0.00499169,0.0149751,0.00499169,0.0149751,0.00499169,0.0149751,0.00499169
405,84810.4,1.06138,0.50072,0.849,0.91775,0.85687,0.90106,0.61905,1.0344,0.47088,0.8527,0.0149167,0.00497225,0.0149167,0.00497225,0.0149167,0.00497225,0.0149167,0.00497225
406,85005.8,1.0643,0.49627,0.84871,0.91935,0.85639,0.90122,0.61976,1.03366,0.4705,0.85253,0.0148584,0.00495281,0.0148584,0.00495281,0.0148584,0.00495281,0.0148584,0.00495281
407,85224.7,1.07149,0.50115,0.84946,0.91835,0.85725,0.90137,0.61981,1.03311,0.47046,0.85248,0.0148001,0.00493338,0.0148001,0.00493338,0.0148001,0.00493338,0.0148001,0.00493338
408,85419.3,1.06359,0.49753,0.84867,0.91859,0.85796,0.90192,0.62055,1.03247,0.47001,0.85246,0.0147418,0.00491395,0.0147418,0.00491395,0.0147418,0.00491395,0.0147418,0.00491395
409,85608.8,1.05972,0.49844,0.84856,0.91825,0.85765,0.90135,0.62081,1.03216,0.46974,0.85236,0.0146836,0.00489452,0.0146836,0.00489452,0.0146836,0.00489452,0.0146836,0.00489452
410,85810,1.06508,0.49587,0.84764,0.91687,0.85928,0.90159,0.62029,1.03293,0.46934,0.85233,0.0146253,0.00487509,0.0146253,0.00487509,0.0146253,0.00487509,0.0146253,0.00487509
411,86005.5,1.05321,0.4945,0.84759,0.91649,0.85966,0.90317,0.62072,1.03276,0.46874,0.8523,0.014567,0.00485566,0.014567,0.00485566,0.014567,0.00485566,0.014567,0.00485566
412,86210.9,1.05765,0.49386,0.84649,0.91755,0.85945,0.90344,0.62099,1.03245,0.46865,0.85214,0.0145087,0.00483624,0.0145087,0.00483624,0.0145087,0.00483624,0.0145087,0.00483624
413,86409.3,1.06038,0.49706,0.84669,0.91735,0.85984,0.90252,0.62058,1.03266,0.46836,0.85206,0.0144505,0.00481682,0.0144505,0.00481682,0.0144505,0.00481682,0.0144505,0.00481682
414,86596.2,1.06496,0.4954,0.84898,0.91824,0.85981,0.90325,0.62048,1.03202,0.46781,0.85189,0.0143922,0.00479741,0.0143922,0.00479741,0.0143922,0.00479741,0.0143922,0.00479741
415,86809.6,1.06381,0.49553,0.84877,0.91874,0.85952,0.90317,0.62063,1.0316,0.46731,0.85176,0.014334,0.004778,0.014334,0.004778,0.014334,0.004778,0.014334,0.004778
416,86998.9,1.05125,0.48853,0.84678,0.91547,0.86019,0.90207,0.62069,1.03108,0.46666,0.85162,0.0142758,0.00475859,0.0142758,0.00475859,0.0142758,0.00475859,0.0142758,0.00475859
417,87187.6,1.05245,0.49227,0.84814,0.91586,0.85989,0.90262,0.62114,1.03121,0.46629,0.85163,0.0142176,0.00473919,0.0142176,0.00473919,0.0142176,0.00473919,0.0142176,0.00473919
418,87394.1,1.05107,0.49214,0.84682,0.91521,0.85873,0.90222,0.6208,1.0315,0.46579,0.85173,0.0141594,0.00471979,0.0141594,0.00471979,0.0141594,0.00471979,0.0141594,0.00471979
419,87585.1,1.05784,0.49403,0.84539,0.91411,0.86045,0.9023,0.62101,1.03062,0.4655,0.85147,0.0141012,0.0047004,0.0141012,0.0047004,0.0141012,0.0047004,0.0141012,0.0047004
420,87768.9,1.05302,0.48931,0.84695,0.91487,0.85919,0.90222,0.6218,1.0302,0.46463,0.85149,0.014043,0.00468101,0.014043,0.00468101,0.014043,0.00468101,0.014043,0.00468101
421,87973.8,1.04948,0.48601,0.84479,0.91437,0.85958,0.90206,0.62197,1.02989,0.46423,0.8514,0.0139849,0.00466163,0.0139849,0.00466163,0.0139849,0.00466163,0.0139849,0.00466163
422,88164.8,1.0511,0.48977,0.84425,0.91433,0.8608,0.90274,0.62216,1.02928,0.46414,0.8513,0.0139268,0.00464225,0.0139268,0.00464225,0.0139268,0.00464225,0.0139268,0.00464225
423,88359.7,1.05103,0.49069,0.84849,0.91502,0.86109,0.90332,0.62299,1.02851,0.46364,0.85126,0.0138686,0.00462288,0.0138686,0.00462288,0.0138686,0.00462288,0.0138686,0.00462288
424,88559.9,1.05649,0.4938,0.84379,0.91458,0.86163,0.90312,0.6232,1.02781,0.46369,0.85136,0.0138106,0.00460352,0.0138106,0.00460352,0.0138106,0.00460352,0.0138106,0.00460352
425,88760.8,1.04176,0.48062,0.84412,0.91308,0.86241,0.90321,0.62325,1.02768,0.46377,0.8513,0.0137525,0.00458416,0.0137525,0.00458416,0.0137525,0.00458416,0.0137525,0.00458416
426,88954.3,1.04261,0.48416,0.84227,0.91317,0.8617,0.90337,0.62333,1.02783,0.46351,0.85131,0.0136944,0.00456482,0.0136944,0.00456482,0.0136944,0.00456482,0.0136944,0.00456482
427,89143.3,1.0459,0.48571,0.84463,0.91385,0.86271,0.9036,0.62289,1.02798,0.46322,0.85131,0.0136364,0.00454547,0.0136364,0.00454547,0.0136364,0.00454547,0.0136364,0.00454547
428,89333,1.03865,0.48152,0.84473,0.91333,0.86277,0.90361,0.62279,1.0275,0.46298,0.85125,0.0135784,0.00452614,0.0135784,0.00452614,0.0135784,0.00452614,0.0135784,0.00452614
429,89517.5,1.04742,0.48545,0.8443,0.91308,0.86299,0.90352,0.62274,1.0273,0.46248,0.8512,0.0135204,0.00450682,0.0135204,0.00450682,0.0135204,0.00450682,0.0135204,0.00450682
430,89720.9,1.03599,0.48385,0.84193,0.91376,0.86351,0.90424,0.62346,1.02608,0.46241,0.85121,0.0134625,0.0044875,0.0134625,0.0044875,0.0134625,0.0044875,0.0134625,0.0044875
431,89923.3,1.02769,0.47929,0.84436,0.91384,0.86361,0.90439,0.6237,1.02688,0.462,0.85119,0.0134046,0.00446819,0.0134046,0.00446819,0.0134046,0.00446819,0.0134046,0.00446819
432,90112.3,1.03689,0.48381,0.84174,0.91538,0.86305,0.90491,0.62314,1.02733,0.46214,0.85112,0.0133467,0.00444889,0.0133467,0.00444889,0.0133467,0.00444889,0.0133467,0.00444889
433,90320.8,1.03226,0.47953,0.84207,0.91534,0.86319,0.90423,0.62341,1.02666,0.46194,0.8511,0.0132888,0.0044296,0.0132888,0.0044296,0.0132888,0.0044296,0.0132888,0.0044296
434,90514,1.03348,0.48254,0.84286,0.91713,0.86321,0.90488,0.6238,1.02626,0.46149,0.85111,0.013231,0.00441032,0.013231,0.00441032,0.013231,0.00441032,0.013231,0.00441032
435,90699.5,1.036,0.48086,0.84255,0.91678,0.86273,0.90496,0.62418,1.02532,0.46112,0.85094,0.0131731,0.00439105,0.0131731,0.00439105,0.0131731,0.00439105,0.0131731,0.00439105
436,90880.1,1.03375,0.47911,0.84435,0.91737,0.86265,0.90409,0.62434,1.02511,0.46088,0.85097,0.0131154,0.00437179,0.0131154,0.00437179,0.0131154,0.00437179,0.0131154,0.00437179
437,91088.4,1.02559,0.47738,0.84404,0.91959,0.86226,0.90549,0.62519,1.02416,0.46069,0.85089,0.0130576,0.00435254,0.0130576,0.00435254,0.0130576,0.00435254,0.0130576,0.00435254
438,91274.7,1.02841,0.47678,0.83896,0.91965,0.8634,0.90649,0.62573,1.02351,0.45997,0.85077,0.0129999,0.0043333,0.0129999,0.0043333,0.0129999,0.0043333,0.0129999,0.0043333
439,91487.5,1.02833,0.47807,0.84183,0.91841,0.86455,0.9062,0.62614,1.02319,0.45966,0.85067,0.0129422,0.00431407,0.0129422,0.00431407,0.0129422,0.00431407,0.0129422,0.00431407
440,91676.8,1.02583,0.47913,0.84258,0.91795,0.86527,0.90652,0.6267,1.02201,0.45908,0.85064,0.0128846,0.00429485,0.0128846,0.00429485,0.0128846,0.00429485,0.0128846,0.00429485
441,91875.1,1.02244,0.47456,0.84205,0.91906,0.86477,0.90709,0.62679,1.02235,0.45905,0.85057,0.0128269,0.00427565,0.0128269,0.00427565,0.0128269,0.00427565,0.0128269,0.00427565
442,92067.3,1.01187,0.47299,0.84097,0.91931,0.86481,0.90727,0.62753,1.0221,0.45871,0.85047,0.0127694,0.00425646,0.0127694,0.00425646,0.0127694,0.00425646,0.0127694,0.00425646
443,92260.5,1.02023,0.47576,0.84027,0.91943,0.86518,0.90754,0.62677,1.0224,0.45848,0.85047,0.0127118,0.00423728,0.0127118,0.00423728,0.0127118,0.00423728,0.0127118,0.00423728
444,92459.6,1.02292,0.47618,0.84089,0.91943,0.865,0.90752,0.62689,1.02374,0.45828,0.85059,0.0126543,0.00421811,0.0126543,0.00421811,0.0126543,0.00421811,0.0126543,0.00421811
445,92639.2,1.01634,0.47653,0.84052,0.91955,0.86572,0.90776,0.62719,1.02259,0.45784,0.85049,0.0125969,0.00419895,0.0125969,0.00419895,0.0125969,0.00419895,0.0125969,0.00419895
446,92843,1.01602,0.47215,0.84384,0.91766,0.86714,0.9076,0.62766,1.02253,0.45763,0.85046,0.0125394,0.00417981,0.0125394,0.00417981,0.0125394,0.00417981,0.0125394,0.00417981
447,93036.9,1.01182,0.47284,0.84097,0.91758,0.86741,0.90762,0.62801,1.02243,0.45757,0.8505,0.012482,0.00416068,0.012482,0.00416068,0.012482,0.00416068,0.012482,0.00416068
448,93228.1,1.00937,0.47124,0.83984,0.91455,0.86951,0.90691,0.62808,1.02113,0.45701,0.85044,0.0124247,0.00414156,0.0124247,0.00414156,0.0124247,0.00414156,0.0124247,0.00414156
449,93415.3,1.01654,0.47336,0.83917,0.91691,0.86788,0.90742,0.62796,1.02085,0.45704,0.85049,0.0123674,0.00412246,0.0123674,0.00412246,0.0123674,0.00412246,0.0123674,0.00412246
450,93616.3,1.0157,0.47322,0.84027,0.91871,0.86608,0.90777,0.62861,1.01978,0.45664,0.85042,0.0123101,0.00410338,0.0123101,0.00410338,0.0123101,0.00410338,0.0123101,0.00410338
451,93806.1,1.01012,0.47047,0.83986,0.91595,0.86718,0.90793,0.6287,1.01971,0.45615,0.85046,0.0122529,0.0040843,0.0122529,0.0040843,0.0122529,0.0040843,0.0122529,0.0040843
452,93987.8,1.01284,0.47137,0.83737,0.91638,0.86748,0.90803,0.62891,1.01981,0.45643,0.85039,0.0121957,0.00406525,0.0121957,0.00406525,0.0121957,0.00406525,0.0121957,0.00406525
453,94180.3,1.01247,0.46724,0.84046,0.91738,0.86716,0.90814,0.62839,1.02038,0.45657,0.85037,0.0121386,0.0040462,0.0121386,0.0040462,0.0121386,0.0040462,0.0121386,0.0040462
454,94383.7,1.0115,0.47007,0.83852,0.91641,0.86896,0.90869,0.6288,1.02005,0.45649,0.85033,0.0120815,0.00402718,0.0120815,0.00402718,0.0120815,0.00402718,0.0120815,0.00402718
455,94575.4,1.01308,0.4698,0.83658,0.91915,0.86677,0.90895,0.62831,1.02039,0.4562,0.85023,0.0120245,0.00400816,0.0120245,0.00400816,0.0120245,0.00400816,0.0120245,0.00400816
456,94768.8,1.00517,0.46615,0.83841,0.91628,0.86901,0.90928,0.62817,1.02086,0.45645,0.8503,0.0119675,0.00398917,0.0119675,0.00398917,0.0119675,0.00398917,0.0119675,0.00398917
457,94963.3,0.99643,0.46458,0.83478,0.9192,0.86733,0.90965,0.6286,1.01973,0.45585,0.85018,0.0119106,0.00397019,0.0119106,0.00397019,0.0119106,0.00397019,0.0119106,0.00397019
458,95157.2,1.00521,0.46724,0.83903,0.91696,0.86841,0.90908,0.62876,1.01982,0.45564,0.85019,0.0118537,0.00395123,0.0118537,0.00395123,0.0118537,0.00395123,0.0118537,0.00395123
459,95339.5,1.00059,0.46137,0.83879,0.91831,0.86742,0.90875,0.62868,1.02045,0.45554,0.85015,0.0117969,0.00393228,0.0117969,0.00393228,0.0117969,0.00393228,0.0117969,0.00393228
460,95543,1.00036,0.46341,0.8363,0.91783,0.86886,0.90937,0.62868,1.02122,0.45542,0.85011,0.0117401,0.00391336,0.0117401,0.00391336,0.0117401,0.00391336,0.0117401,0.00391336
461,95735.9,0.99758,0.4638,0.83569,0.91795,0.86938,0.90945,0.62904,1.02104,0.45524,0.85004,0.0116833,0.00389445,0.0116833,0.00389445,0.0116833,0.00389445,0.0116833,0.00389445
462,95929.4,0.99701,0.46154,0.8373,0.91888,0.86929,0.90914,0.62845,1.02118,0.45535,0.85,0.0116267,0.00387555,0.0116267,0.00387555,0.0116267,0.00387555,0.0116267,0.00387555
463,96119.5,0.98909,0.46142,0.83555,0.91931,0.86969,0.90977,0.62877,1.02041,0.45498,0.84988,0.01157,0.00385668,0.01157,0.00385668,0.01157,0.00385668,0.01157,0.00385668
464,96306.4,0.9945,0.46053,0.83439,0.91969,0.87002,0.91002,0.62889,1.01909,0.45417,0.84978,0.0115135,0.00383782,0.0115135,0.00383782,0.0115135,0.00383782,0.0115135,0.00383782
465,96491.1,1.00206,0.46557,0.83804,0.91868,0.87029,0.90967,0.62899,1.01909,0.45375,0.84979,0.011457,0.00381899,0.011457,0.00381899,0.011457,0.00381899,0.011457,0.00381899
466,96684.8,0.99578,0.46192,0.83782,0.91877,0.87073,0.91022,0.62923,1.01923,0.45351,0.84984,0.0114005,0.00380017,0.0114005,0.00380017,0.0114005,0.00380017,0.0114005,0.00380017
467,96881.8,0.99172,0.46155,0.83442,0.9189,0.8712,0.91056,0.62922,1.01927,0.4534,0.84996,0.0113441,0.00378137,0.0113441,0.00378137,0.0113441,0.00378137,0.0113441,0.00378137
468,97076.6,0.98402,0.45855,0.83362,0.91686,0.87266,0.91068,0.63007,1.01864,0.45321,0.84992,0.0112878,0.00376259,0.0112878,0.00376259,0.0112878,0.00376259,0.0112878,0.00376259
469,97264.4,0.98849,0.45729,0.83351,0.91863,0.87124,0.91017,0.62918,1.01905,0.45328,0.84998,0.0112315,0.00374383,0.0112315,0.00374383,0.0112315,0.00374383,0.0112315,0.00374383
470,97451.7,0.98733,0.4571,0.835,0.91835,0.87162,0.9104,0.62951,1.01836,0.45278,0.84997,0.0111753,0.00372509,0.0111753,0.00372509,0.0111753,0.00372509,0.0111753,0.00372509
471,97644.5,0.98359,0.45598,0.83634,0.91809,0.87249,0.9107,0.63003,1.01651,0.45203,0.84991,0.0111191,0.00370637,0.0111191,0.00370637,0.0111191,0.00370637,0.0111191,0.00370637
472,97851,0.98147,0.45611,0.83424,0.91783,0.87269,0.91098,0.63088,1.01494,0.45142,0.84985,0.011063,0.00368767,0.011063,0.00368767,0.011063,0.00368767,0.011063,0.00368767
473,98045.7,0.98383,0.45654,0.83376,0.91885,0.87393,0.91202,0.63141,1.01374,0.45068,0.84976,0.011007,0.00366899,0.011007,0.00366899,0.011007,0.00366899,0.011007,0.00366899
474,98236.4,0.98013,0.45502,0.83373,0.91833,0.87433,0.91222,0.63175,1.0126,0.45041,0.84973,0.010951,0.00365034,0.010951,0.00365034,0.010951,0.00365034,0.010951,0.00365034
475,98423.7,0.9806,0.45429,0.83289,0.9184,0.87502,0.91249,0.63175,1.01139,0.45008,0.84971,0.0108951,0.0036317,0.0108951,0.0036317,0.0108951,0.0036317,0.0108951,0.0036317
476,98610.8,0.97936,0.45395,0.83345,0.92346,0.87268,0.91253,0.63211,1.01134,0.4501,0.84968,0.0108393,0.00361309,0.0108393,0.00361309,0.0108393,0.00361309,0.0108393,0.00361309
477,98803.3,0.97209,0.45467,0.83394,0.91975,0.87443,0.91245,0.63187,1.01169,0.44968,0.84973,0.0107835,0.0035945,0.0107835,0.0035945,0.0107835,0.0035945,0.0107835,0.0035945
478,98993,0.97071,0.45027,0.83396,0.92173,0.87376,0.91252,0.63277,1.01085,0.44918,0.84975,0.0107278,0.00357593,0.0107278,0.00357593,0.0107278,0.00357593,0.0107278,0.00357593
479,99193.6,0.97825,0.45371,0.8345,0.92228,0.87389,0.91258,0.63289,1.01117,0.44867,0.84979,0.0106722,0.00355739,0.0106722,0.00355739,0.0106722,0.00355739,0.0106722,0.00355739
480,99375.8,0.97474,0.45098,0.83436,0.92416,0.87321,0.91255,0.63268,1.01051,0.44887,0.8498,0.0106166,0.00353886,0.0106166,0.00353886,0.0106166,0.00353886,0.0106166,0.00353886
481,99566.6,0.97531,0.45089,0.83334,0.92098,0.87474,0.91239,0.63232,1.01151,0.44895,0.84984,0.0105611,0.00352037,0.0105611,0.00352037,0.0105611,0.00352037,0.0105611,0.00352037
482,99761.1,0.96898,0.44916,0.83302,0.92286,0.87396,0.91249,0.63238,1.01084,0.44865,0.84976,0.0105057,0.00350189,0.0105057,0.00350189,0.0105057,0.00350189,0.0105057,0.00350189
483,99954.4,0.96727,0.44585,0.83262,0.92321,0.8737,0.91211,0.6327,1.01066,0.44889,0.84973,0.0104503,0.00348344,0.0104503,0.00348344,0.0104503,0.00348344,0.0104503,0.00348344
484,100141,0.96249,0.44848,0.83279,0.92212,0.87564,0.91231,0.6328,1.01122,0.44865,0.84986,0.010395,0.00346501,0.010395,0.00346501,0.010395,0.00346501,0.010395,0.00346501
485,100340,0.96979,0.45126,0.83343,0.92292,0.87557,0.91295,0.63386,1.00995,0.44812,0.84978,0.0103398,0.00344661,0.0103398,0.00344661,0.0103398,0.00344661,0.0103398,0.00344661
486,100531,0.97096,0.44823,0.8342,0.92262,0.87479,0.91236,0.63369,1.00973,0.44796,0.84975,0.0102847,0.00342823,0.0102847,0.00342823,0.0102847,0.00342823,0.0102847,0.00342823
487,100716,0.96227,0.44523,0.83064,0.92378,0.87561,0.91293,0.63405,1.00992,0.44788,0.84973,0.0102296,0.00340988,0.0102296,0.00340988,0.0102296,0.00340988,0.0102296,0.00340988
488,100912,0.96355,0.44419,0.82987,0.9238,0.8763,0.91354,0.63386,1.0096,0.44788,0.84974,0.0101746,0.00339155,0.0101746,0.00339155,0.0101746,0.00339155,0.0101746,0.00339155
489,101121,0.95852,0.44487,0.82822,0.92463,0.87694,0.91395,0.63387,1.00863,0.44742,0.84972,0.0101197,0.00337325,0.0101197,0.00337325,0.0101197,0.00337325,0.0101197,0.00337325
490,101317,0.96007,0.44938,0.83251,0.92569,0.8763,0.91393,0.63409,1.00873,0.44682,0.84973,0.0100649,0.00335497,0.0100649,0.00335497,0.0100649,0.00335497,0.0100649,0.00335497
491,101493,0.95918,0.44507,0.82949,0.92536,0.87669,0.91407,0.63382,1.00946,0.44639,0.84983,0.0100102,0.00333672,0.0100102,0.00333672,0.0100102,0.00333672,0.0100102,0.00333672
492,101685,0.95298,0.44412,0.82872,0.9255,0.87622,0.91473,0.63384,1.00988,0.44652,0.84998,0.00995549,0.0033185,0.00995549,0.0033185,0.00995549,0.0033185,0.00995549,0.0033185
493,101872,0.95,0.44046,0.82983,0.92628,0.87628,0.91491,0.6341,1.00945,0.44585,0.84998,0.0099009,0.0033003,0.0099009,0.0033003,0.0099009,0.0033003,0.0099009,0.0033003
494,102074,0.95281,0.44282,0.83143,0.92862,0.87558,0.91518,0.63463,1.0092,0.4454,0.85,0.00984639,0.00328213,0.00984639,0.00328213,0.00984639,0.00328213,0.00984639,0.00328213
495,102277,0.95336,0.44086,0.83098,0.92648,0.87539,0.91385,0.6344,1.01005,0.44542,0.85008,0.00979196,0.00326399,0.00979196,0.00326399,0.00979196,0.00326399,0.00979196,0.00326399
496,102463,0.94726,0.4395,0.8315,0.92804,0.87488,0.91472,0.63475,1.0101,0.44551,0.85005,0.00973761,0.00324587,0.00973761,0.00324587,0.00973761,0.00324587,0.00973761,0.00324587
497,102651,0.9523,0.44128,0.82912,0.92888,0.8744,0.91561,0.63523,1.00822,0.44477,0.84992,0.00968335,0.00322778,0.00968335,0.00322778,0.00968335,0.00322778,0.00968335,0.00322778
498,102855,0.95083,0.43784,0.82922,0.92956,0.87584,0.91643,0.63564,1.00722,0.44409,0.84984,0.00962917,0.00320972,0.00962917,0.00320972,0.00962917,0.00320972,0.00962917,0.00320972
499,103047,0.94869,0.44184,0.83069,0.92813,0.87591,0.91557,0.63523,1.00701,0.44451,0.84983,0.00957508,0.00319169,0.00957508,0.00319169,0.00957508,0.00319169,0.00957508,0.00319169
500,103234,0.95386,0.44299,0.8299,0.92869,0.87676,0.91581,0.63572,1.00633,0.44428,0.84968,0.00952107,0.00317369,0.00952107,0.00317369,0.00952107,0.00317369,0.00952107,0.00317369
501,103421,0.94418,0.43845,0.82955,0.92959,0.87654,0.9162,0.63556,1.00676,0.4437,0.84978,0.00946715,0.00315572,0.00946715,0.00315572,0.00946715,0.00315572,0.00946715,0.00315572
502,103609,0.93948,0.43563,0.82757,0.93037,0.87638,0.91617,0.63553,1.00833,0.44418,0.84992,0.00941332,0.00313777,0.00941332,0.00313777,0.00941332,0.00313777,0.00941332,0.00313777
503,103818,0.93717,0.43491,0.83031,0.93105,0.87652,0.91655,0.63558,1.00801,0.44376,0.84995,0.00935957,0.00311986,0.00935957,0.00311986,0.00935957,0.00311986,0.00935957,0.00311986
504,103999,0.93297,0.43238,0.8283,0.93041,0.87584,0.91605,0.63545,1.00804,0.44378,0.84993,0.00930592,0.00310197,0.00930592,0.00310197,0.00930592,0.00310197,0.00930592,0.00310197
505,104195,0.93152,0.43372,0.82871,0.93052,0.87644,0.91619,0.63581,1.00748,0.44327,0.85,0.00925235,0.00308412,0.00925235,0.00308412,0.00925235,0.00308412,0.00925235,0.00308412
506,104393,0.93185,0.43233,0.82769,0.93037,0.87725,0.91638,0.63579,1.007,0.44313,0.85,0.00919888,0.00306629,0.00919888,0.00306629,0.00919888,0.00306629,0.00919888,0.00306629
507,104577,0.93379,0.43265,0.82834,0.93198,0.87686,0.91689,0.63619,1.00677,0.44311,0.85013,0.0091455,0.0030485,0.0091455,0.0030485,0.0091455,0.0030485,0.0091455,0.0030485
508,104778,0.93521,0.43224,0.82743,0.93122,0.87707,0.91698,0.63613,1.00625,0.44278,0.85009,0.00909221,0.00303074,0.00909221,0.00303074,0.00909221,0.00303074,0.00909221,0.00303074
509,104955,0.92527,0.4282,0.82776,0.93162,0.87734,0.91729,0.63623,1.00633,0.44219,0.85017,0.00903901,0.003013,0.00903901,0.003013,0.00903901,0.003013,0.00903901,0.003013
510,105146,0.93016,0.43175,0.82376,0.93106,0.87763,0.91714,0.63625,1.00655,0.44237,0.85018,0.00898591,0.0029953,0.00898591,0.0029953,0.00898591,0.0029953,0.00898591,0.0029953
511,105346,0.93003,0.43072,0.82634,0.92958,0.87729,0.91683,0.63662,1.00529,0.44212,0.85015,0.0089329,0.00297763,0.0089329,0.00297763,0.0089329,0.00297763,0.0089329,0.00297763
512,105530,0.9255,0.42795,0.82391,0.93016,0.87703,0.91694,0.63725,1.00369,0.44115,0.85003,0.00887999,0.00296,0.00887999,0.00296,0.00887999,0.00296,0.00887999,0.00296
513,105725,0.9269,0.43137,0.82418,0.93167,0.87726,0.91711,0.63728,1.00424,0.44107,0.84988,0.00882718,0.00294239,0.00882718,0.00294239,0.00882718,0.00294239,0.00882718,0.00294239
514,105935,0.9226,0.42491,0.82635,0.93144,0.8774,0.91717,0.63727,1.00409,0.44108,0.84988,0.00877446,0.00292482,0.00877446,0.00292482,0.00877446,0.00292482,0.00877446,0.00292482
515,106116,0.92543,0.43281,0.82315,0.93209,0.87787,0.91783,0.63788,1.00297,0.44067,0.84985,0.00872184,0.00290728,0.00872184,0.00290728,0.00872184,0.00290728,0.00872184,0.00290728
516,106296,0.92456,0.42909,0.8261,0.93371,0.87798,0.918,0.63841,1.00231,0.44028,0.8498,0.00866932,0.00288977,0.00866932,0.00288977,0.00866932,0.00288977,0.00866932,0.00288977
517,106484,0.92689,0.42934,0.82478,0.93231,0.87871,0.91829,0.63923,1.00126,0.43995,0.84977,0.0086169,0.0028723,0.0086169,0.0028723,0.0086169,0.0028723,0.0086169,0.0028723
518,106667,0.91975,0.4267,0.82334,0.9322,0.87907,0.91859,0.63954,1.00043,0.43961,0.84973,0.00856458,0.00285486,0.00856458,0.00285486,0.00856458,0.00285486,0.00856458,0.00285486
519,106846,0.9148,0.42462,0.82379,0.9326,0.87929,0.91853,0.63999,0.99834,0.43847,0.84972,0.00851237,0.00283746,0.00851237,0.00283746,0.00851237,0.00283746,0.00851237,0.00283746
520,107040,0.92407,0.42723,0.82375,0.93196,0.87974,0.91869,0.63978,0.99828,0.43846,0.84967,0.00846025,0.00282008,0.00846025,0.00282008,0.00846025,0.00282008,0.00846025,0.00282008
521,107235,0.92095,0.42448,0.82447,0.93301,0.88029,0.91934,0.64026,0.99823,0.43779,0.84964,0.00840824,0.00280275,0.00840824,0.00280275,0.00840824,0.00280275,0.00840824,0.00280275
522,107419,0.91245,0.42307,0.82482,0.93275,0.88074,0.91919,0.64071,0.99816,0.43754,0.84973,0.00835633,0.00278544,0.00835633,0.00278544,0.00835633,0.00278544,0.00835633,0.00278544
523,107606,0.90914,0.42393,0.82067,0.9326,0.88003,0.91882,0.63981,0.99933,0.43773,0.84968,0.00830453,0.00276818,0.00830453,0.00276818,0.00830453,0.00276818,0.00830453,0.00276818
524,107798,0.90881,0.41954,0.82309,0.93191,0.87979,0.91839,0.6399,0.99895,0.43766,0.84967,0.00825283,0.00275094,0.00825283,0.00275094,0.00825283,0.00275094,0.00825283,0.00275094
525,107993,0.90735,0.41948,0.82173,0.93232,0.88099,0.91883,0.64025,0.99874,0.43722,0.84956,0.00820124,0.00273375,0.00820124,0.00273375,0.00820124,0.00273375,0.00820124,0.00273375
526,108184,0.91115,0.42153,0.82246,0.93187,0.88067,0.91853,0.64018,0.99866,0.43737,0.8495,0.00814976,0.00271659,0.00814976,0.00271659,0.00814976,0.00271659,0.00814976,0.00271659
527,108370,0.91037,0.42219,0.82492,0.93241,0.88057,0.91902,0.64031,0.99883,0.43683,0.84955,0.00809838,0.00269946,0.00809838,0.00269946,0.00809838,0.00269946,0.00809838,0.00269946
528,108564,0.91178,0.42271,0.82292,0.93271,0.88074,0.9196,0.6402,0.99795,0.43665,0.8496,0.00804712,0.00268237,0.00804712,0.00268237,0.00804712,0.00268237,0.00804712,0.00268237
529,108753,0.9039,0.41949,0.82092,0.93263,0.88108,0.91973,0.63993,0.99879,0.4363,0.84966,0.00799596,0.00266532,0.00799596,0.00266532,0.00799596,0.00266532,0.00799596,0.00266532
530,108939,0.90141,0.4189,0.82144,0.93215,0.88233,0.91973,0.64028,0.99782,0.43625,0.84959,0.00794491,0.0026483,0.00794491,0.0026483,0.00794491,0.0026483,0.00794491,0.0026483
531,109136,0.89961,0.4158,0.82026,0.93398,0.88296,0.92128,0.64104,0.99651,0.43588,0.84958,0.00789397,0.00263132,0.00789397,0.00263132,0.00789397,0.00263132,0.00789397,0.00263132
532,109319,0.89873,0.41696,0.82167,0.93371,0.8825,0.92118,0.64096,0.99577,0.43591,0.84946,0.00784315,0.00261438,0.00784315,0.00261438,0.00784315,0.00261438,0.00784315,0.00261438
533,109507,0.9002,0.41637,0.81929,0.93409,0.8822,0.92131,0.64146,0.9942,0.43556,0.84937,0.00779244,0.00259748,0.00779244,0.00259748,0.00779244,0.00259748,0.00779244,0.00259748
534,109691,0.89389,0.41365,0.82037,0.93474,0.88265,0.92153,0.64194,0.99237,0.43486,0.84923,0.00774184,0.00258061,0.00774184,0.00258061,0.00774184,0.00258061,0.00774184,0.00258061
535,109887,0.89267,0.41382,0.81966,0.93427,0.88231,0.92159,0.64157,0.99289,0.43512,0.84932,0.00769136,0.00256379,0.00769136,0.00256379,0.00769136,0.00256379,0.00769136,0.00256379
536,110072,0.89553,0.41183,0.82278,0.93334,0.88348,0.922,0.64169,0.99206,0.43519,0.84934,0.00764099,0.002547,0.00764099,0.002547,0.00764099,0.002547,0.00764099,0.002547
537,110272,0.88854,0.41309,0.82056,0.93175,0.88405,0.92144,0.6415,0.99141,0.43492,0.84927,0.00759073,0.00253024,0.00759073,0.00253024,0.00759073,0.00253024,0.00759073,0.00253024
538,110473,0.89491,0.4129,0.82205,0.93092,0.88369,0.92061,0.6412,0.99145,0.4346,0.8493,0.0075406,0.00251353,0.0075406,0.00251353,0.0075406,0.00251353,0.0075406,0.00251353
539,110672,0.88905,0.41012,0.82087,0.93092,0.88431,0.92053,0.64067,0.9919,0.43468,0.84934,0.00749058,0.00249686,0.00749058,0.00249686,0.00749058,0.00249686,0.00749058,0.00249686
540,110888,0.88575,0.40979,0.8202,0.93166,0.88491,0.9212,0.6411,0.99179,0.4344,0.84937,0.00744068,0.00248023,0.00744068,0.00248023,0.00744068,0.00248023,0.00744068,0.00248023
541,111114,0.87904,0.4084,0.82202,0.9314,0.88394,0.92068,0.64145,0.9916,0.43423,0.84933,0.0073909,0.00246363,0.0073909,0.00246363,0.0073909,0.00246363,0.0073909,0.00246363
542,111308,0.88796,0.40973,0.81857,0.93115,0.88463,0.92152,0.64179,0.99108,0.43404,0.84927,0.00734123,0.00244708,0.00734123,0.00244708,0.00734123,0.00244708,0.00734123,0.00244708
543,111515,0.88424,0.41175,0.82185,0.93071,0.88549,0.92238,0.64267,0.98859,0.43324,0.84915,0.00729169,0.00243056,0.00729169,0.00243056,0.00729169,0.00243056,0.00729169,0.00243056
544,111720,0.88479,0.41023,0.82184,0.93264,0.88443,0.92237,0.64312,0.98809,0.43294,0.84916,0.00724227,0.00241409,0.00724227,0.00241409,0.00724227,0.00241409,0.00724227,0.00241409
545,111926,0.88307,0.40799,0.82117,0.9321,0.8853,0.92225,0.64376,0.98762,0.43259,0.84909,0.00719297,0.00239766,0.00719297,0.00239766,0.00719297,0.00239766,0.00719297,0.00239766
546,112141,0.87677,0.40745,0.81896,0.93213,0.88528,0.92273,0.64402,0.98729,0.43241,0.84904,0.0071438,0.00238127,0.0071438,0.00238127,0.0071438,0.00238127,0.0071438,0.00238127
547,112336,0.87836,0.40758,0.81894,0.93062,0.88697,0.9227,0.64429,0.98691,0.43223,0.84904,0.00709474,0.00236491,0.00709474,0.00236491,0.00709474,0.00236491,0.00709474,0.00236491
548,112606,0.87259,0.40534,0.82177,0.93262,0.8854,0.92339,0.64469,0.98642,0.43213,0.84903,0.00704581,0.0023486,0.00704581,0.0023486,0.00704581,0.0023486,0.00704581,0.0023486
549,112829,0.87248,0.40391,0.81932,0.93147,0.887,0.92345,0.64429,0.98695,0.43172,0.84901,0.00699701,0.00233234,0.00699701,0.00233234,0.00699701,0.00233234,0.00699701,0.00233234
550,113027,0.87696,0.40406,0.81706,0.93161,0.88725,0.92377,0.64417,0.98701,0.43115,0.84901,0.00694833,0.00231611,0.00694833,0.00231611,0.00694833,0.00231611,0.00694833,0.00231611
551,113247,0.87414,0.40571,0.81728,0.93043,0.88762,0.92381,0.64457,0.98649,0.43126,0.84893,0.00689978,0.00229993,0.00689978,0.00229993,0.00689978,0.00229993,0.00689978,0.00229993
552,113476,0.86938,0.40452,0.81843,0.9321,0.88749,0.92426,0.64473,0.98651,0.43102,0.84897,0.00685136,0.00228379,0.00685136,0.00228379,0.00685136,0.00228379,0.00685136,0.00228379
553,113671,0.86566,0.40048,0.81882,0.93148,0.88745,0.92354,0.64486,0.98628,0.43064,0.84889,0.00680306,0.00226769,0.00680306,0.00226769,0.00680306,0.00226769,0.00680306,0.00226769
554,113874,0.86665,0.40432,0.81946,0.93052,0.88845,0.92402,0.64475,0.98669,0.43057,0.84886,0.00675489,0.00225163,0.00675489,0.00225163,0.00675489,0.00225163,0.00675489,0.00225163
555,114078,0.86292,0.40137,0.81862,0.93117,0.88798,0.92393,0.64449,0.98709,0.43078,0.8488,0.00670686,0.00223562,0.00670686,0.00223562,0.00670686,0.00223562,0.00670686,0.00223562
556,114300,0.86395,0.40039,0.81641,0.93212,0.88812,0.92372,0.64446,0.9867,0.43071,0.84878,0.00665895,0.00221965,0.00665895,0.00221965,0.00665895,0.00221965,0.00665895,0.00221965
557,114507,0.86237,0.40035,0.81605,0.93255,0.88801,0.9239,0.64404,0.98712,0.4311,0.84875,0.00661117,0.00220372,0.00661117,0.00220372,0.00661117,0.00220372,0.00661117,0.00220372
558,114707,0.86131,0.39879,0.81756,0.93293,0.88871,0.9244,0.64426,0.98676,0.43032,0.84871,0.00656353,0.00218784,0.00656353,0.00218784,0.00656353,0.00218784,0.00656353,0.00218784
559,114915,0.85511,0.39569,0.81683,0.93328,0.88798,0.92389,0.64454,0.98655,0.43038,0.84869,0.00651601,0.002172,0.00651601,0.002172,0.00651601,0.002172,0.00651601,0.002172
560,115108,0.85892,0.39781,0.81629,0.93315,0.8883,0.92432,0.64503,0.98637,0.43001,0.84862,0.00646863,0.00215621,0.00646863,0.00215621,0.00646863,0.00215621,0.00646863,0.00215621
561,115302,0.85698,0.39569,0.81612,0.93242,0.88877,0.92423,0.64504,0.98619,0.43026,0.84865,0.00642139,0.00214046,0.00642139,0.00214046,0.00642139,0.00214046,0.00642139,0.00214046
562,115489,0.85596,0.3953,0.81617,0.93272,0.88922,0.92466,0.64482,0.98696,0.43047,0.84873,0.00637428,0.00212476,0.00637428,0.00212476,0.00637428,0.00212476,0.00637428,0.00212476
563,115692,0.85247,0.39405,0.81712,0.93229,0.88886,0.9245,0.64454,0.98863,0.43071,0.84887,0.0063273,0.0021091,0.0063273,0.0021091,0.0063273,0.0021091,0.0063273,0.0021091
564,115869,0.85326,0.39493,0.81554,0.93118,0.8898,0.92352,0.64432,0.98887,0.43053,0.84892,0.00628046,0.00209349,0.00628046,0.00209349,0.00628046,0.00209349,0.00628046,0.00209349
565,116079,0.85491,0.39543,0.81526,0.93216,0.89003,0.92399,0.64492,0.98828,0.42998,0.84892,0.00623376,0.00207792,0.00623376,0.00207792,0.00623376,0.00207792,0.00623376,0.00207792
566,116283,0.84328,0.3914,0.81573,0.93161,0.8889,0.92341,0.64489,0.98838,0.42954,0.84899,0.00618719,0.0020624,0.00618719,0.0020624,0.00618719,0.0020624,0.00618719,0.0020624
567,116483,0.84583,0.38994,0.8152,0.93288,0.88923,0.92407,0.64497,0.98715,0.42952,0.849,0.00614077,0.00204692,0.00614077,0.00204692,0.00614077,0.00204692,0.00614077,0.00204692
568,116681,0.84688,0.39033,0.81436,0.93189,0.88933,0.92373,0.64528,0.98786,0.42934,0.84901,0.00609448,0.00203149,0.00609448,0.00203149,0.00609448,0.00203149,0.00609448,0.00203149
569,116874,0.84495,0.39197,0.81575,0.93397,0.88914,0.92399,0.64488,0.9874,0.42935,0.84906,0.00604833,0.00201611,0.00604833,0.00201611,0.00604833,0.00201611,0.00604833,0.00201611
570,117075,0.84066,0.39015,0.8152,0.93307,0.88918,0.92414,0.64526,0.98761,0.42964,0.84904,0.00600232,0.00200077,0.00600232,0.00200077,0.00600232,0.00200077,0.00600232,0.00200077
571,117260,0.83764,0.38836,0.81484,0.93274,0.88946,0.92432,0.64491,0.98899,0.42965,0.84916,0.00595645,0.00198548,0.00595645,0.00198548,0.00595645,0.00198548,0.00595645,0.00198548
572,117448,0.8446,0.39042,0.81596,0.9322,0.89059,0.92439,0.64489,0.98902,0.42982,0.84923,0.00591073,0.00197024,0.00591073,0.00197024,0.00591073,0.00197024,0.00591073,0.00197024
573,117651,0.842,0.38965,0.81693,0.93207,0.89022,0.92405,0.6449,0.98905,0.42987,0.84924,0.00586515,0.00195505,0.00586515,0.00195505,0.00586515,0.00195505,0.00586515,0.00195505
574,117838,0.83734,0.38572,0.81472,0.9334,0.89041,0.92501,0.64518,0.98872,0.42938,0.84925,0.00581971,0.0019399,0.00581971,0.0019399,0.00581971,0.0019399,0.00581971,0.0019399
575,118028,0.83819,0.38709,0.81323,0.93331,0.89,0.92488,0.64555,0.98942,0.4296,0.84924,0.00577441,0.0019248,0.00577441,0.0019248,0.00577441,0.0019248,0.00577441,0.0019248
576,118226,0.83078,0.38415,0.81455,0.93354,0.89081,0.92523,0.64575,0.98858,0.42915,0.84931,0.00572926,0.00190975,0.00572926,0.00190975,0.00572926,0.00190975,0.00572926,0.00190975
577,118432,0.83076,0.38561,0.8146,0.93471,0.8908,0.92541,0.64591,0.98891,0.42955,0.84926,0.00568425,0.00189475,0.00568425,0.00189475,0.00568425,0.00189475,0.00568425,0.00189475
578,118626,0.83548,0.38628,0.81485,0.93515,0.89084,0.92544,0.64644,0.98812,0.4292,0.8493,0.00563939,0.0018798,0.00563939,0.0018798,0.00563939,0.0018798,0.00563939,0.0018798
579,118819,0.82624,0.38276,0.81323,0.935,0.89128,0.92539,0.64614,0.98733,0.42872,0.84927,0.00559468,0.00186489,0.00559468,0.00186489,0.00559468,0.00186489,0.00559468,0.00186489
580,119026,0.82351,0.38144,0.81275,0.93558,0.89171,0.9263,0.64598,0.98746,0.42858,0.84927,0.00555011,0.00185004,0.00555011,0.00185004,0.00555011,0.00185004,0.00555011,0.00185004
581,119213,0.82603,0.38324,0.81133,0.93686,0.89236,0.92698,0.64653,0.98689,0.42834,0.84917,0.0055057,0.00183523,0.0055057,0.00183523,0.0055057,0.00183523,0.0055057,0.00183523
582,119420,0.83119,0.38187,0.81103,0.93585,0.89199,0.92668,0.64694,0.98657,0.42809,0.84916,0.00546143,0.00182048,0.00546143,0.00182048,0.00546143,0.00182048,0.00546143,0.00182048
583,119610,0.82609,0.38123,0.81336,0.93678,0.89196,0.92719,0.64762,0.98609,0.42778,0.84921,0.00541731,0.00180577,0.00541731,0.00180577,0.00541731,0.00180577,0.00541731,0.00180577
584,119812,0.81748,0.37909,0.81279,0.9368,0.89227,0.92734,0.64764,0.98601,0.42717,0.8493,0.00537334,0.00179111,0.00537334,0.00179111,0.00537334,0.00179111,0.00537334,0.00179111
585,120005,0.8179,0.37973,0.81383,0.9364,0.89376,0.92765,0.64821,0.98486,0.42747,0.84925,0.00532952,0.00177651,0.00532952,0.00177651,0.00532952,0.00177651,0.00532952,0.00177651
586,120206,0.819,0.38004,0.81153,0.9371,0.89395,0.92854,0.64833,0.98476,0.4273,0.84918,0.00528585,0.00176195,0.00528585,0.00176195,0.00528585,0.00176195,0.00528585,0.00176195
587,120407,0.81519,0.37707,0.81099,0.93666,0.89326,0.92783,0.64797,0.98518,0.4276,0.84918,0.00524234,0.00174745,0.00524234,0.00174745,0.00524234,0.00174745,0.00524234,0.00174745
588,120593,0.81953,0.37865,0.81082,0.93724,0.89386,0.92869,0.64842,0.98511,0.42725,0.84912,0.00519897,0.00173299,0.00519897,0.00173299,0.00519897,0.00173299,0.00519897,0.00173299
589,120793,0.81265,0.37602,0.81147,0.93729,0.89411,0.9288,0.64867,0.98393,0.42685,0.8491,0.00515576,0.00171859,0.00515576,0.00171859,0.00515576,0.00171859,0.00515576,0.00171859
590,120999,0.80695,0.3734,0.81013,0.93845,0.8944,0.9295,0.64893,0.98349,0.42683,0.84908,0.00511271,0.00170424,0.00511271,0.00170424,0.00511271,0.00170424,0.00511271,0.00170424
591,121190,0.80917,0.37458,0.81223,0.93874,0.89507,0.92992,0.64947,0.98239,0.42651,0.84904,0.00506981,0.00168994,0.00506981,0.00168994,0.00506981,0.00168994,0.00506981,0.00168994
592,121382,0.80901,0.37525,0.81038,0.93926,0.89454,0.93047,0.64922,0.98296,0.42635,0.84906,0.00502706,0.00167569,0.00502706,0.00167569,0.00502706,0.00167569,0.00502706,0.00167569
593,121586,0.80514,0.3723,0.80982,0.9396,0.89483,0.93066,0.64937,0.98273,0.42616,0.84902,0.00498448,0.00166149,0.00498448,0.00166149,0.00498448,0.00166149,0.00498448,0.00166149
594,121783,0.80539,0.37386,0.81034,0.93972,0.89511,0.93049,0.64902,0.98351,0.42655,0.84904,0.00494204,0.00164735,0.00494204,0.00164735,0.00494204,0.00164735,0.00494204,0.00164735
595,121977,0.8045,0.37054,0.81079,0.94031,0.89384,0.93042,0.64942,0.98284,0.42645,0.84906,0.00489977,0.00163326,0.00489977,0.00163326,0.00489977,0.00163326,0.00489977,0.00163326
596,122172,0.80026,0.36929,0.80905,0.94033,0.89346,0.9301,0.64923,0.98324,0.42617,0.84909,0.00485765,0.00161922,0.00485765,0.00161922,0.00485765,0.00161922,0.00485765,0.00161922
597,122394,0.79701,0.36947,0.81009,0.94017,0.89388,0.93008,0.6491,0.98308,0.42614,0.84908,0.00481569,0.00160523,0.00481569,0.00160523,0.00481569,0.00160523,0.00481569,0.00160523
598,122583,0.79634,0.36936,0.8096,0.93939,0.8949,0.93058,0.64935,0.98314,0.42625,0.84911,0.0047739,0.0015913,0.0047739,0.0015913,0.0047739,0.0015913,0.0047739,0.0015913
599,122783,0.79802,0.36835,0.80873,0.93898,0.89441,0.93051,0.64933,0.98306,0.42643,0.84917,0.00473226,0.00157742,0.00473226,0.00157742,0.00473226,0.00157742,0.00473226,0.00157742
600,122990,0.79338,0.37055,0.80924,0.93926,0.89572,0.93105,0.64945,0.98299,0.42603,0.84917,0.00469078,0.00156359,0.00469078,0.00156359,0.00469078,0.00156359,0.00469078,0.00156359
601,123188,0.79412,0.3682,0.80841,0.93851,0.89592,0.93095,0.64997,0.98236,0.42589,0.84907,0.00464946,0.00154982,0.00464946,0.00154982,0.00464946,0.00154982,0.00464946,0.00154982
602,123399,0.78944,0.3684,0.80795,0.93884,0.89525,0.93073,0.64993,0.98248,0.42587,0.84919,0.00460831,0.0015361,0.00460831,0.0015361,0.00460831,0.0015361,0.00460831,0.0015361
603,123596,0.79161,0.36684,0.80739,0.93972,0.89613,0.93163,0.64996,0.98278,0.42574,0.84922,0.00456732,0.00152244,0.00456732,0.00152244,0.00456732,0.00152244,0.00456732,0.00152244
604,123790,0.79356,0.36686,0.80993,0.94074,0.89527,0.93155,0.65022,0.98351,0.42589,0.84933,0.00452649,0.00150883,0.00452649,0.00150883,0.00452649,0.00150883,0.00452649,0.00150883
605,123986,0.7897,0.36564,0.80885,0.94104,0.89459,0.93138,0.64996,0.98422,0.42617,0.84943,0.00448582,0.00149527,0.00448582,0.00149527,0.00448582,0.00149527,0.00448582,0.00149527
606,124180,0.7895,0.36463,0.80842,0.94207,0.89509,0.93149,0.65015,0.98396,0.42617,0.84945,0.00444532,0.00148177,0.00444532,0.00148177,0.00444532,0.00148177,0.00444532,0.00148177
607,124382,0.78081,0.36088,0.80709,0.94224,0.89383,0.93093,0.6499,0.98422,0.42628,0.84943,0.00440499,0.00146833,0.00440499,0.00146833,0.00440499,0.00146833,0.00440499,0.00146833
608,124585,0.78374,0.36427,0.80657,0.9432,0.89437,0.93135,0.64997,0.98382,0.42611,0.84944,0.00436482,0.00145494,0.00436482,0.00145494,0.00436482,0.00145494,0.00436482,0.00145494
609,124774,0.78601,0.36339,0.80625,0.94286,0.89441,0.93111,0.64961,0.98407,0.42645,0.84944,0.00432482,0.00144161,0.00432482,0.00144161,0.00432482,0.00144161,0.00432482,0.00144161
610,124971,0.78075,0.36355,0.80917,0.94161,0.89623,0.93135,0.64966,0.98352,0.42612,0.84945,0.00428498,0.00142833,0.00428498,0.00142833,0.00428498,0.00142833,0.00428498,0.00142833
611,125155,0.78624,0.36338,0.80551,0.94227,0.89675,0.93166,0.65009,0.98434,0.42585,0.84951,0.00424531,0.0014151,0.00424531,0.0014151,0.00424531,0.0014151,0.00424531,0.0014151
612,125342,0.78563,0.36253,0.80738,0.94201,0.89674,0.93175,0.64969,0.98486,0.42588,0.84951,0.00420581,0.00140194,0.00420581,0.00140194,0.00420581,0.00140194,0.00420581,0.00140194
613,125546,0.77768,0.36165,0.80663,0.94269,0.89689,0.9317,0.65016,0.98412,0.42575,0.84948,0.00416648,0.00138883,0.00416648,0.00138883,0.00416648,0.00138883,0.00416648,0.00138883
614,125725,0.77487,0.35949,0.80742,0.94227,0.89699,0.93149,0.65046,0.98414,0.42522,0.84961,0.00412732,0.00137577,0.00412732,0.00137577,0.00412732,0.00137577,0.00412732,0.00137577
615,125920,0.77807,0.36113,0.8064,0.94151,0.89698,0.93102,0.65039,0.98391,0.42515,0.84959,0.00408832,0.00136277,0.00408832,0.00136277,0.00408832,0.00136277,0.00408832,0.00136277
616,126109,0.77078,0.35791,0.80555,0.94089,0.89779,0.93093,0.64995,0.98433,0.42495,0.84968,0.0040495,0.00134983,0.0040495,0.00134983,0.0040495,0.00134983,0.0040495,0.00134983
617,126293,0.76941,0.35771,0.80528,0.94152,0.89795,0.9314,0.64989,0.98508,0.42527,0.84975,0.00401085,0.00133695,0.00401085,0.00133695,0.00401085,0.00133695,0.00401085,0.00133695
618,126486,0.7701,0.35731,0.80608,0.94103,0.89855,0.93148,0.65028,0.9846,0.42508,0.84977,0.00397237,0.00132412,0.00397237,0.00132412,0.00397237,0.00132412,0.00397237,0.00132412
619,126671,0.77156,0.35676,0.80566,0.94097,0.89871,0.9317,0.65027,0.98405,0.4252,0.84985,0.00393407,0.00131136,0.00393407,0.00131136,0.00393407,0.00131136,0.00393407,0.00131136
620,126865,0.76715,0.35597,0.80612,0.9414,0.89921,0.93226,0.65116,0.98341,0.42496,0.84983,0.00389593,0.00129864,0.00389593,0.00129864,0.00389593,0.00129864,0.00389593,0.00129864
621,127062,0.76298,0.35411,0.80609,0.94173,0.89883,0.93221,0.65122,0.98354,0.42474,0.84992,0.00385797,0.00128599,0.00385797,0.00128599,0.00385797,0.00128599,0.00385797,0.00128599
622,127257,0.76792,0.35773,0.80499,0.94251,0.8985,0.93243,0.65134,0.98348,0.42463,0.84995,0.00382019,0.0012734,0.00382019,0.0012734,0.00382019,0.0012734,0.00382019,0.0012734
623,127451,0.75984,0.35211,0.80527,0.9421,0.89785,0.93174,0.65082,0.98387,0.4246,0.85009,0.00378257,0.00126086,0.00378257,0.00126086,0.00378257,0.00126086,0.00378257,0.00126086
624,127641,0.75557,0.35249,0.80476,0.94238,0.89866,0.93181,0.65129,0.98339,0.42456,0.85004,0.00374514,0.00124838,0.00374514,0.00124838,0.00374514,0.00124838,0.00374514,0.00124838
625,127855,0.75915,0.35226,0.80524,0.94453,0.89862,0.93204,0.65177,0.98265,0.42415,0.84997,0.00370788,0.00123596,0.00370788,0.00123596,0.00370788,0.00123596,0.00370788,0.00123596
626,128044,0.75479,0.35146,0.80547,0.94519,0.89865,0.9321,0.65216,0.98211,0.42382,0.85001,0.00367079,0.0012236,0.00367079,0.0012236,0.00367079,0.0012236,0.00367079,0.0012236
627,128249,0.75335,0.35073,0.80464,0.94439,0.8979,0.93206,0.65205,0.98209,0.42367,0.84995,0.00363389,0.0012113,0.00363389,0.0012113,0.00363389,0.0012113,0.00363389,0.0012113
628,128434,0.75657,0.35083,0.80346,0.94337,0.89873,0.9319,0.65214,0.98194,0.42329,0.84992,0.00359716,0.00119905,0.00359716,0.00119905,0.00359716,0.00119905,0.00359716,0.00119905
629,128625,0.74583,0.34762,0.80459,0.9434,0.89829,0.93124,0.6518,0.98222,0.42299,0.84995,0.00356061,0.00118687,0.00356061,0.00118687,0.00356061,0.00118687,0.00356061,0.00118687
630,128824,0.74832,0.34914,0.80318,0.94281,0.89923,0.93181,0.65176,0.98197,0.42258,0.84993,0.00352424,0.00117475,0.00352424,0.00117475,0.00352424,0.00117475,0.00352424,0.00117475
631,129030,0.75293,0.35031,0.80316,0.94261,0.89846,0.93139,0.65177,0.98141,0.42266,0.84983,0.00348804,0.00116268,0.00348804,0.00116268,0.00348804,0.00116268,0.00348804,0.00116268
632,129223,0.74754,0.34738,0.80424,0.94299,0.89835,0.93142,0.65202,0.98148,0.42249,0.84981,0.00345203,0.00115068,0.00345203,0.00115068,0.00345203,0.00115068,0.00345203,0.00115068
633,129421,0.74018,0.34541,0.80258,0.94282,0.89838,0.93169,0.65197,0.98084,0.42242,0.84996,0.0034162,0.00113873,0.0034162,0.00113873,0.0034162,0.00113873,0.0034162,0.00113873
634,129621,0.74514,0.34662,0.80369,0.94285,0.89894,0.93229,0.65201,0.98064,0.42194,0.85004,0.00338055,0.00112685,0.00338055,0.00112685,0.00338055,0.00112685,0.00338055,0.00112685
635,129815,0.74288,0.3452,0.80378,0.94402,0.89811,0.93239,0.65226,0.98045,0.42181,0.85013,0.00334508,0.00111503,0.00334508,0.00111503,0.00334508,0.00111503,0.00334508,0.00111503
636,130009,0.74123,0.34393,0.80476,0.94221,0.89844,0.93254,0.65239,0.97991,0.42209,0.85003,0.00330979,0.00110326,0.00330979,0.00110326,0.00330979,0.00110326,0.00330979,0.00110326
637,130211,0.73997,0.34494,0.8044,0.94181,0.89814,0.93237,0.65227,0.97966,0.42202,0.85003,0.00327468,0.00109156,0.00327468,0.00109156,0.00327468,0.00109156,0.00327468,0.00109156
638,130402,0.73832,0.34425,0.80242,0.94156,0.89743,0.93202,0.65244,0.97987,0.42189,0.85011,0.00323976,0.00107992,0.00323976,0.00107992,0.00323976,0.00107992,0.00323976,0.00107992
639,130602,0.74063,0.34545,0.80333,0.94222,0.89709,0.93225,0.6522,0.97939,0.42164,0.85001,0.00320502,0.00106834,0.00320502,0.00106834,0.00320502,0.00106834,0.00320502,0.00106834
640,130804,0.73591,0.34214,0.80218,0.94197,0.89756,0.93272,0.65306,0.97995,0.42192,0.8501,0.00317047,0.00105682,0.00317047,0.00105682,0.00317047,0.00105682,0.00317047,0.00105682
641,130993,0.73814,0.34148,0.80227,0.94388,0.89611,0.93318,0.65293,0.97934,0.42196,0.85009,0.0031361,0.00104537,0.0031361,0.00104537,0.0031361,0.00104537,0.0031361,0.00104537
642,131186,0.73513,0.34299,0.80147,0.94226,0.89965,0.93318,0.65311,0.97912,0.42164,0.85024,0.00310191,0.00103397,0.00310191,0.00103397,0.00310191,0.00103397,0.00310191,0.00103397
643,131376,0.73304,0.34314,0.80306,0.94305,0.89864,0.93322,0.6532,0.9788,0.42163,0.85024,0.00306791,0.00102264,0.00306791,0.00102264,0.00306791,0.00102264,0.00306791,0.00102264
644,131595,0.7305,0.33953,0.80263,0.94325,0.89891,0.93365,0.65345,0.97861,0.42143,0.85023,0.0030341,0.00101137,0.0030341,0.00101137,0.0030341,0.00101137,0.0030341,0.00101137
645,131783,0.73278,0.34349,0.80188,0.94226,0.89884,0.93333,0.65319,0.97907,0.42153,0.85014,0.00300048,0.00100016,0.00300048,0.00100016,0.00300048,0.00100016,0.00300048,0.00100016
646,131985,0.72579,0.34055,0.79981,0.94187,0.89893,0.93318,0.65293,0.98042,0.42207,0.85024,0.00296704,0.000989013,0.00296704,0.000989013,0.00296704,0.000989013,0.00296704,0.000989013
647,132171,0.72631,0.33707,0.80271,0.94176,0.89913,0.9334,0.65298,0.98016,0.42203,0.85024,0.00293379,0.000977929,0.00293379,0.000977929,0.00293379,0.000977929,0.00293379,0.000977929
648,132367,0.727,0.33935,0.80008,0.94195,0.89922,0.93371,0.65305,0.98043,0.42163,0.85033,0.00290073,0.000966909,0.00290073,0.000966909,0.00290073,0.000966909,0.00290073,0.000966909
649,132570,0.72454,0.33714,0.80341,0.94164,0.89867,0.9333,0.65265,0.9804,0.42148,0.85034,0.00286785,0.000955951,0.00286785,0.000955951,0.00286785,0.000955951,0.00286785,0.000955951
650,132768,0.7226,0.33638,0.80016,0.94226,0.89719,0.93294,0.65237,0.9806,0.42183,0.85033,0.00283517,0.000945057,0.00283517,0.000945057,0.00283517,0.000945057,0.00283517,0.000945057
651,132961,0.72105,0.33472,0.80116,0.94201,0.89825,0.93287,0.65269,0.98053,0.42172,0.85035,0.00280268,0.000934225,0.00280268,0.000934225,0.00280268,0.000934225,0.00280268,0.000934225
652,133163,0.72206,0.33719,0.80093,0.94264,0.89834,0.93335,0.65264,0.98089,0.42176,0.85038,0.00277037,0.000923458,0.00277037,0.000923458,0.00277037,0.000923458,0.00277037,0.000923458
653,133360,0.72242,0.33653,0.80329,0.94275,0.89848,0.9335,0.65267,0.98095,0.42184,0.85042,0.00273826,0.000912754,0.00273826,0.000912754,0.00273826,0.000912754,0.00273826,0.000912754
654,133553,0.71583,0.33369,0.80262,0.94305,0.89773,0.93327,0.65262,0.98132,0.42149,0.85035,0.00270634,0.000902113,0.00270634,0.000902113,0.00270634,0.000902113,0.00270634,0.000902113
655,133746,0.71464,0.33344,0.79974,0.94301,0.89699,0.93291,0.65268,0.98124,0.42217,0.8504,0.00267461,0.000891537,0.00267461,0.000891537,0.00267461,0.000891537,0.00267461,0.000891537
656,133933,0.70535,0.33032,0.79929,0.94324,0.89739,0.93334,0.65279,0.98116,0.42206,0.85045,0.00264307,0.000881025,0.00264307,0.000881025,0.00264307,0.000881025,0.00264307,0.000881025
657,134130,0.70692,0.33061,0.80004,0.94411,0.89731,0.9336,0.6531,0.98091,0.4218,0.85067,0.00261173,0.000870577,0.00261173,0.000870577,0.00261173,0.000870577,0.00261173,0.000870577
658,134315,0.7134,0.33259,0.79925,0.94284,0.89722,0.93328,0.65305,0.98096,0.4217,0.85068,0.00258058,0.000860193,0.00258058,0.000860193,0.00258058,0.000860193,0.00258058,0.000860193
659,134505,0.70523,0.32835,0.79982,0.94289,0.8952,0.93243,0.65291,0.98109,0.42142,0.85072,0.00254962,0.000849874,0.00254962,0.000849874,0.00254962,0.000849874,0.00254962,0.000849874
660,134711,0.71018,0.33203,0.80056,0.94346,0.89526,0.93232,0.6527,0.98098,0.42143,0.85067,0.00251886,0.00083962,0.00251886,0.00083962,0.00251886,0.00083962,0.00251886,0.00083962
661,134896,0.70398,0.32917,0.79812,0.94357,0.89519,0.9323,0.65285,0.98111,0.4218,0.8507,0.00248829,0.000829431,0.00248829,0.000829431,0.00248829,0.000829431,0.00248829,0.000829431
662,135083,0.70178,0.32835,0.79877,0.94476,0.89592,0.9331,0.65284,0.98077,0.42121,0.85069,0.00245792,0.000819307,0.00245792,0.000819307,0.00245792,0.000819307,0.00245792,0.000819307
663,135284,0.70299,0.32758,0.79835,0.94467,0.89578,0.93288,0.65298,0.98062,0.42098,0.85068,0.00242774,0.000809248,0.00242774,0.000809248,0.00242774,0.000809248,0.00242774,0.000809248
664,135475,0.69715,0.32576,0.79963,0.94474,0.89642,0.93307,0.65286,0.98073,0.4208,0.85062,0.00239776,0.000799255,0.00239776,0.000799255,0.00239776,0.000799255,0.00239776,0.000799255
665,135659,0.69888,0.32703,0.79827,0.94391,0.89505,0.93176,0.65287,0.98102,0.42123,0.85062,0.00236798,0.000789327,0.00236798,0.000789327,0.00236798,0.000789327,0.00236798,0.000789327
666,135854,0.69661,0.32499,0.79981,0.94425,0.89524,0.93222,0.65265,0.98173,0.42164,0.85063,0.00233839,0.000779465,0.00233839,0.000779465,0.00233839,0.000779465,0.00233839,0.000779465
667,136046,0.69588,0.32518,0.80036,0.94358,0.89544,0.93223,0.6523,0.9819,0.42167,0.85059,0.00230901,0.000769668,0.00230901,0.000769668,0.00230901,0.000769668,0.00230901,0.000769668
668,136238,0.69594,0.32483,0.79808,0.94436,0.89581,0.93241,0.65272,0.98136,0.4218,0.85054,0.00227981,0.000759938,0.00227981,0.000759938,0.00227981,0.000759938,0.00227981,0.000759938
669,136438,0.69572,0.3243,0.79838,0.94255,0.89711,0.93255,0.65294,0.98051,0.42145,0.85051,0.00225082,0.000750274,0.00225082,0.000750274,0.00225082,0.000750274,0.00225082,0.000750274
670,136630,0.6944,0.32451,0.79918,0.94293,0.89712,0.93256,0.65287,0.98058,0.42129,0.85055,0.00222203,0.000740676,0.00222203,0.000740676,0.00222203,0.000740676,0.00222203,0.000740676
671,136819,0.69044,0.32363,0.79909,0.9422,0.8984,0.93259,0.65315,0.981,0.42114,0.85055,0.00219343,0.000731145,0.00219343,0.000731145,0.00219343,0.000731145,0.00219343,0.000731145
672,137019,0.69122,0.32369,0.79809,0.94241,0.89839,0.93275,0.6528,0.98082,0.42116,0.85063,0.00216504,0.00072168,0.00216504,0.00072168,0.00216504,0.00072168,0.00216504,0.00072168
673,137224,0.69298,0.32416,0.79828,0.94213,0.89803,0.93264,0.65309,0.98114,0.42077,0.85061,0.00213685,0.000712282,0.00213685,0.000712282,0.00213685,0.000712282,0.00213685,0.000712282
674,137410,0.68901,0.32221,0.79909,0.94411,0.89532,0.93227,0.65324,0.98108,0.4205,0.85062,0.00210885,0.000702951,0.00210885,0.000702951,0.00210885,0.000702951,0.00210885,0.000702951
675,137592,0.6847,0.32034,0.7968,0.94169,0.89698,0.93191,0.65308,0.98084,0.42039,0.85061,0.00208106,0.000693687,0.00208106,0.000693687,0.00208106,0.000693687,0.00208106,0.000693687
676,137797,0.68478,0.32228,0.79917,0.9422,0.89733,0.93237,0.65318,0.98088,0.42013,0.85065,0.00205347,0.00068449,0.00205347,0.00068449,0.00205347,0.00068449,0.00205347,0.00068449
677,137995,0.68528,0.31958,0.79853,0.94218,0.89634,0.93177,0.65245,0.98118,0.41987,0.85075,0.00202608,0.00067536,0.00202608,0.00067536,0.00202608,0.00067536,0.00202608,0.00067536
678,138184,0.68514,0.32166,0.79718,0.94103,0.8959,0.93121,0.65252,0.98101,0.42002,0.85081,0.00199889,0.000666298,0.00199889,0.000666298,0.00199889,0.000666298,0.00199889,0.000666298
679,138394,0.68187,0.31915,0.79817,0.94208,0.89619,0.93152,0.65245,0.98162,0.42001,0.85091,0.00197191,0.000657303,0.00197191,0.000657303,0.00197191,0.000657303,0.00197191,0.000657303
680,138587,0.67739,0.31919,0.79917,0.94177,0.89563,0.93103,0.65272,0.98193,0.42006,0.85098,0.00194513,0.000648377,0.00194513,0.000648377,0.00194513,0.000648377,0.00194513,0.000648377
681,138775,0.68036,0.31804,0.79801,0.94216,0.89487,0.93097,0.65247,0.98203,0.41982,0.85098,0.00191855,0.000639518,0.00191855,0.000639518,0.00191855,0.000639518,0.00191855,0.000639518
682,138968,0.67433,0.31627,0.79792,0.94256,0.89635,0.93151,0.6523,0.98251,0.42,0.85103,0.00189218,0.000630727,0.00189218,0.000630727,0.00189218,0.000630727,0.00189218,0.000630727
683,139169,0.67532,0.31775,0.79801,0.94287,0.89624,0.93115,0.65216,0.98319,0.41976,0.8511,0.00186601,0.000622004,0.00186601,0.000622004,0.00186601,0.000622004,0.00186601,0.000622004
684,139380,0.67746,0.3154,0.799,0.94321,0.8971,0.93163,0.65182,0.98357,0.42014,0.85127,0.00184005,0.00061335,0.00184005,0.00061335,0.00184005,0.00061335,0.00184005,0.00061335
685,139567,0.67788,0.31723,0.79649,0.94279,0.89697,0.93139,0.65228,0.98411,0.41986,0.8513,0.00181429,0.000604763,0.00181429,0.000604763,0.00181429,0.000604763,0.00181429,0.000604763
686,139757,0.67799,0.31777,0.79503,0.94211,0.8972,0.93113,0.65189,0.9848,0.41988,0.85143,0.00178874,0.000596246,0.00178874,0.000596246,0.00178874,0.000596246,0.00178874,0.000596246
687,139961,0.66967,0.31485,0.79644,0.94079,0.89728,0.93028,0.65184,0.9859,0.42013,0.85155,0.00176339,0.000587797,0.00176339,0.000587797,0.00176339,0.000587797,0.00176339,0.000587797
688,140154,0.67298,0.31586,0.79655,0.94099,0.8966,0.93013,0.65213,0.98624,0.42033,0.85162,0.00173825,0.000579417,0.00173825,0.000579417,0.00173825,0.000579417,0.00173825,0.000579417
689,140336,0.66823,0.31538,0.79633,0.94132,0.89688,0.93047,0.65252,0.9858,0.41972,0.8517,0.00171332,0.000571106,0.00171332,0.000571106,0.00171332,0.000571106,0.00171332,0.000571106
690,140528,0.66694,0.31342,0.79623,0.94097,0.89761,0.93093,0.65267,0.98569,0.41977,0.85174,0.00168859,0.000562864,0.00168859,0.000562864,0.00168859,0.000562864,0.00168859,0.000562864
691,140715,0.66674,0.31392,0.79645,0.94102,0.89839,0.93102,0.65252,0.98609,0.41971,0.85179,0.00166407,0.000554691,0.00166407,0.000554691,0.00166407,0.000554691,0.00166407,0.000554691
692,140918,0.66775,0.31202,0.79728,0.94067,0.89771,0.9306,0.65235,0.98622,0.41984,0.8519,0.00163976,0.000546588,0.00163976,0.000546588,0.00163976,0.000546588,0.00163976,0.000546588
693,141109,0.66518,0.31218,0.79642,0.94097,0.89885,0.93092,0.65228,0.98669,0.41969,0.85201,0.00161566,0.000538554,0.00161566,0.000538554,0.00161566,0.000538554,0.00161566,0.000538554
694,141312,0.6649,0.31135,0.79437,0.93991,0.89909,0.93102,0.65243,0.98685,0.41965,0.85207,0.00159177,0.000530589,0.00159177,0.000530589,0.00159177,0.000530589,0.00159177,0.000530589
695,141498,0.66593,0.31165,0.79606,0.94224,0.89586,0.9303,0.65199,0.9872,0.41983,0.8522,0.00156808,0.000522695,0.00156808,0.000522695,0.00156808,0.000522695,0.00156808,0.000522695
696,141695,0.6571,0.31025,0.79536,0.94227,0.89595,0.93067,0.65182,0.98744,0.41987,0.85229,0.00154461,0.00051487,0.00154461,0.00051487,0.00154461,0.00051487,0.00154461,0.00051487
697,141896,0.66329,0.31162,0.79387,0.94133,0.89761,0.93071,0.65214,0.98735,0.41979,0.85239,0.00152134,0.000507115,0.00152134,0.000507115,0.00152134,0.000507115,0.00152134,0.000507115
698,142096,0.65351,0.30795,0.79588,0.93882,0.89908,0.93094,0.65234,0.98695,0.41963,0.85239,0.00149829,0.00049943,0.00149829,0.00049943,0.00149829,0.00049943,0.00149829,0.00049943
699,142297,0.65661,0.30914,0.79564,0.94137,0.89759,0.93077,0.65237,0.9873,0.41969,0.85252,0.00147544,0.000491815,0.00147544,0.000491815,0.00147544,0.000491815,0.00147544,0.000491815
700,142487,0.65812,0.30918,0.79722,0.94064,0.89822,0.93111,0.65269,0.98695,0.41955,0.8525,0.00145281,0.00048427,0.00145281,0.00048427,0.00145281,0.00048427,0.00145281,0.00048427
701,142679,0.65874,0.3064,0.7945,0.93963,0.89973,0.93124,0.65265,0.98685,0.41984,0.85252,0.00143039,0.000476796,0.00143039,0.000476796,0.00143039,0.000476796,0.00143039,0.000476796
702,142867,0.65365,0.30861,0.79489,0.93967,0.89982,0.93144,0.65225,0.98718,0.42002,0.85263,0.00140818,0.000469393,0.00140818,0.000469393,0.00140818,0.000469393,0.00140818,0.000469393
703,143051,0.65318,0.30782,0.79387,0.93979,0.8997,0.9316,0.6525,0.98722,0.42008,0.85261,0.00138618,0.00046206,0.00138618,0.00046206,0.00138618,0.00046206,0.00138618,0.00046206
704,143257,0.65712,0.30735,0.79482,0.94033,0.90009,0.93182,0.65277,0.98747,0.42028,0.8527,0.00136439,0.000454798,0.00136439,0.000454798,0.00136439,0.000454798,0.00136439,0.000454798
705,143447,0.64609,0.30447,0.79289,0.94108,0.90008,0.93191,0.65269,0.98721,0.42045,0.85275,0.00134282,0.000447606,0.00134282,0.000447606,0.00134282,0.000447606,0.00134282,0.000447606
706,143646,0.6534,0.30767,0.79415,0.9411,0.90002,0.93164,0.65292,0.98688,0.42017,0.85269,0.00132146,0.000440486,0.00132146,0.000440486,0.00132146,0.000440486,0.00132146,0.000440486
707,143832,0.65092,0.3071,0.79641,0.94012,0.9016,0.93223,0.65301,0.98686,0.42023,0.85267,0.00130031,0.000433437,0.00130031,0.000433437,0.00130031,0.000433437,0.00130031,0.000433437
708,144018,0.64486,0.30318,0.7935,0.94005,0.90161,0.93231,0.65279,0.98672,0.42081,0.85274,0.00127938,0.000426459,0.00127938,0.000426459,0.00127938,0.000426459,0.00127938,0.000426459
709,144214,0.64239,0.30347,0.79447,0.9397,0.90118,0.93198,0.65294,0.98596,0.42021,0.85279,0.00125866,0.000419552,0.00125866,0.000419552,0.00125866,0.000419552,0.00125866,0.000419552
710,144395,0.64414,0.30434,0.79324,0.93953,0.90082,0.93154,0.65315,0.98608,0.4203,0.85283,0.00123815,0.000412717,0.00123815,0.000412717,0.00123815,0.000412717,0.00123815,0.000412717
711,144598,0.64462,0.30222,0.79404,0.94031,0.90116,0.9318,0.65307,0.98663,0.42052,0.85293,0.00121786,0.000405953,0.00121786,0.000405953,0.00121786,0.000405953,0.00121786,0.000405953
712,144798,0.64281,0.30321,0.7949,0.94109,0.90126,0.93225,0.65339,0.98614,0.42061,0.85289,0.00119778,0.000399261,0.00119778,0.000399261,0.00119778,0.000399261,0.00119778,0.000399261
713,144990,0.6372,0.30036,0.79437,0.9414,0.90164,0.93235,0.65351,0.98585,0.42082,0.85287,0.00117792,0.00039264,0.00117792,0.00039264,0.00117792,0.00039264,0.00117792,0.00039264
714,145187,0.64198,0.30264,0.79243,0.94223,0.90193,0.93253,0.65328,0.98603,0.42088,0.85284,0.00115827,0.000386092,0.00115827,0.000386092,0.00115827,0.000386092,0.00115827,0.000386092
715,145378,0.6395,0.30215,0.79463,0.94242,0.90098,0.93195,0.65328,0.98625,0.4206,0.85297,0.00113884,0.000379615,0.00113884,0.000379615,0.00113884,0.000379615,0.00113884,0.000379615
716,145588,0.64439,0.30334,0.7945,0.9418,0.90166,0.93217,0.65335,0.98598,0.42098,0.85271,0.00111963,0.00037321,0.00111963,0.00037321,0.00111963,0.00037321,0.00111963,0.00037321
717,145769,0.63618,0.30004,0.79457,0.94231,0.90161,0.93234,0.65334,0.98607,0.42097,0.85277,0.00110063,0.000366877,0.00110063,0.000366877,0.00110063,0.000366877,0.00110063,0.000366877
718,145938,0.6394,0.30085,0.79349,0.94293,0.90186,0.93292,0.65345,0.98623,0.42118,0.85304,0.00108185,0.000360617,0.00108185,0.000360617,0.00108185,0.000360617,0.00108185,0.000360617
719,146110,0.62897,0.29839,0.79418,0.9409,0.90291,0.93273,0.65333,0.98624,0.42059,0.85287,0.00106329,0.000354429,0.00106329,0.000354429,0.00106329,0.000354429,0.00106329,0.000354429
720,146280,0.63827,0.29943,0.79406,0.94083,0.90269,0.93222,0.65275,0.98641,0.42058,0.85293,0.00104494,0.000348313,0.00104494,0.000348313,0.00104494,0.000348313,0.00104494,0.000348313
721,146444,0.63234,0.29965,0.793,0.94167,0.9019,0.93244,0.65307,0.98627,0.4207,0.85293,0.00102681,0.00034227,0.00102681,0.00034227,0.00102681,0.00034227,0.00102681,0.00034227
722,146613,0.63303,0.29831,0.79304,0.94212,0.90173,0.93241,0.65288,0.98631,0.42047,0.85301,0.0010089,0.0003363,0.0010089,0.0003363,0.0010089,0.0003363,0.0010089,0.0003363
723,146781,0.63345,0.29819,0.79248,0.94272,0.90189,0.93253,0.65296,0.98596,0.42055,0.853,0.000991206,0.000330402,0.000991206,0.000330402,0.000991206,0.000330402,0.000991206,0.000330402
724,146950,0.63006,0.29717,0.79335,0.94191,0.90224,0.93277,0.65327,0.9853,0.4202,0.85297,0.00097373,0.000324577,0.00097373,0.000324577,0.00097373,0.000324577,0.00097373,0.000324577
725,147122,0.63692,0.29829,0.79384,0.94148,0.90287,0.93283,0.65312,0.9854,0.42019,0.85306,0.000956474,0.000318825,0.000956474,0.000318825,0.000956474,0.000318825,0.000956474,0.000318825
726,147289,0.62836,0.29637,0.7937,0.94139,0.90274,0.93276,0.65313,0.98523,0.42012,0.85309,0.000939436,0.000313145,0.000939436,0.000313145,0.000939436,0.000313145,0.000939436,0.000313145
727,147458,0.63146,0.29901,0.79235,0.9416,0.90336,0.93292,0.65318,0.98473,0.42034,0.85316,0.000922617,0.000307539,0.000922617,0.000307539,0.000922617,0.000307539,0.000922617,0.000307539
728,147628,0.63123,0.29674,0.79254,0.94187,0.9029,0.93281,0.65352,0.98407,0.42002,0.85312,0.000906018,0.000302006,0.000906018,0.000302006,0.000906018,0.000302006,0.000906018,0.000302006
729,147797,0.62856,0.29564,0.79329,0.94234,0.90313,0.93292,0.65322,0.98456,0.42002,0.85326,0.000889639,0.000296546,0.000889639,0.000296546,0.000889639,0.000296546,0.000889639,0.000296546
730,147967,0.62599,0.29546,0.79431,0.94332,0.90257,0.93291,0.6536,0.98415,0.42018,0.85333,0.000873479,0.00029116,0.000873479,0.00029116,0.000873479,0.00029116,0.000873479,0.00029116
731,148136,0.62542,0.2945,0.79303,0.94345,0.90307,0.93325,0.6534,0.98406,0.42043,0.85336,0.00085754,0.000285847,0.00085754,0.000285847,0.00085754,0.000285847,0.00085754,0.000285847
732,148305,0.62663,0.29494,0.7926,0.94156,0.90361,0.93316,0.6536,0.98377,0.42018,0.85338,0.000841821,0.000280607,0.000841821,0.000280607,0.000841821,0.000280607,0.000841821,0.000280607
733,148480,0.62482,0.29512,0.79054,0.94301,0.90272,0.93268,0.65389,0.98313,0.42002,0.85327,0.000826322,0.000275441,0.000826322,0.000275441,0.000826322,0.000275441,0.000826322,0.000275441
734,148655,0.62975,0.29566,0.79307,0.94269,0.90313,0.93301,0.65393,0.98302,0.42028,0.85335,0.000811045,0.000270348,0.000811045,0.000270348,0.000811045,0.000270348,0.000811045,0.000270348
735,148824,0.6221,0.29382,0.79377,0.94279,0.90326,0.93325,0.65427,0.98326,0.42046,0.85333,0.000795988,0.000265329,0.000795988,0.000265329,0.000795988,0.000265329,0.000795988,0.000265329
736,149014,0.62664,0.296,0.79137,0.94227,0.90314,0.93324,0.65402,0.9831,0.42066,0.85335,0.000781153,0.000260384,0.000781153,0.000260384,0.000781153,0.000260384,0.000781153,0.000260384
737,149212,0.62109,0.29252,0.79331,0.94238,0.90334,0.93352,0.65387,0.98356,0.42113,0.8535,0.00076654,0.000255513,0.00076654,0.000255513,0.00076654,0.000255513,0.00076654,0.000255513
738,149412,0.62125,0.29259,0.79166,0.94445,0.90201,0.93378,0.65375,0.98341,0.42081,0.85358,0.000752148,0.000250716,0.000752148,0.000250716,0.000752148,0.000250716,0.000752148,0.000250716
739,149612,0.61976,0.29316,0.79279,0.94417,0.90213,0.93363,0.65397,0.98315,0.42091,0.85356,0.000737979,0.000245993,0.000737979,0.000245993,0.000737979,0.000245993,0.000737979,0.000245993
740,149801,0.61416,0.29122,0.79302,0.94462,0.90197,0.93384,0.65372,0.98323,0.42109,0.85361,0.000724032,0.000241344,0.000724032,0.000241344,0.000724032,0.000241344,0.000724032,0.000241344
741,149991,0.61702,0.2913,0.7914,0.94453,0.90158,0.93355,0.65413,0.98355,0.4209,0.85365,0.000710307,0.000236769,0.000710307,0.000236769,0.000710307,0.000236769,0.000710307,0.000236769
742,150176,0.61623,0.2919,0.7925,0.94524,0.90046,0.93356,0.65362,0.98355,0.42103,0.85361,0.000696804,0.000232268,0.000696804,0.000232268,0.000696804,0.000232268,0.000696804,0.000232268
743,150374,0.61989,0.29301,0.79192,0.9451,0.90016,0.9334,0.6535,0.98323,0.42132,0.85361,0.000683525,0.000227842,0.000683525,0.000227842,0.000683525,0.000227842,0.000683525,0.000227842
744,150563,0.61819,0.29086,0.79271,0.94438,0.9001,0.93349,0.65334,0.98348,0.42115,0.8536,0.000670469,0.00022349,0.000670469,0.00022349,0.000670469,0.00022349,0.000670469,0.00022349
745,150767,0.61656,0.29106,0.79129,0.94473,0.90023,0.93338,0.65355,0.98412,0.42172,0.85363,0.000657636,0.000219212,0.000657636,0.000219212,0.000657636,0.000219212,0.000657636,0.000219212
746,150955,0.61429,0.2912,0.79212,0.94506,0.90002,0.93355,0.65338,0.98358,0.42184,0.85371,0.000645027,0.000215009,0.000645027,0.000215009,0.000645027,0.000215009,0.000645027,0.000215009
747,151164,0.61201,0.29137,0.79391,0.94523,0.8998,0.93338,0.65345,0.98362,0.42192,0.85368,0.000632641,0.00021088,0.000632641,0.00021088,0.000632641,0.00021088,0.000632641,0.00021088
748,151368,0.61621,0.29064,0.79265,0.94456,0.89933,0.93312,0.65391,0.98306,0.42176,0.85369,0.000620479,0.000206826,0.000620479,0.000206826,0.000620479,0.000206826,0.000620479,0.000206826
749,151566,0.60739,0.28928,0.79297,0.94556,0.89996,0.93332,0.6538,0.98302,0.42163,0.85366,0.000608541,0.000202847,0.000608541,0.000202847,0.000608541,0.000202847,0.000608541,0.000202847
750,151762,0.61084,0.29115,0.79327,0.94558,0.8999,0.93341,0.65395,0.98321,0.42191,0.85372,0.000596828,0.000198943,0.000596828,0.000198943,0.000596828,0.000198943,0.000596828,0.000198943
751,151961,0.60475,0.28734,0.79305,0.94365,0.90056,0.93341,0.65378,0.98336,0.42188,0.85373,0.000585339,0.000195113,0.000585339,0.000195113,0.000585339,0.000195113,0.000585339,0.000195113
752,152171,0.60836,0.28847,0.79149,0.9439,0.90037,0.93302,0.65386,0.98319,0.42198,0.85373,0.000574074,0.000191358,0.000574074,0.000191358,0.000574074,0.000191358,0.000574074,0.000191358
753,152361,0.6121,0.28938,0.79026,0.94319,0.8998,0.93317,0.65376,0.98351,0.42198,0.85381,0.000563034,0.000187678,0.000563034,0.000187678,0.000563034,0.000187678,0.000563034,0.000187678
754,152561,0.60557,0.28792,0.79183,0.94271,0.90091,0.93325,0.65384,0.98318,0.42194,0.85379,0.00055222,0.000184073,0.00055222,0.000184073,0.00055222,0.000184073,0.00055222,0.000184073
755,152764,0.60893,0.28829,0.79215,0.9436,0.90021,0.93334,0.65383,0.98334,0.42176,0.85391,0.00054163,0.000180543,0.00054163,0.000180543,0.00054163,0.000180543,0.00054163,0.000180543
756,152960,0.61421,0.28972,0.79186,0.94309,0.90032,0.9332,0.65379,0.98399,0.4223,0.85399,0.000531265,0.000177088,0.000531265,0.000177088,0.000531265,0.000177088,0.000531265,0.000177088
757,153150,0.60722,0.28886,0.79214,0.94329,0.9001,0.93318,0.65352,0.98467,0.42258,0.85404,0.000521127,0.000173709,0.000521127,0.000173709,0.000521127,0.000173709,0.000521127,0.000173709
758,153355,0.61331,0.28767,0.79274,0.94369,0.89938,0.93327,0.65326,0.98541,0.42264,0.85422,0.000511213,0.000170404,0.000511213,0.000170404,0.000511213,0.000170404,0.000511213,0.000170404
759,153548,0.60487,0.2859,0.79003,0.9434,0.89967,0.93286,0.65289,0.98689,0.42325,0.85432,0.000501526,0.000167175,0.000501526,0.000167175,0.000501526,0.000167175,0.000501526,0.000167175
760,153745,0.60401,0.28527,0.79075,0.94253,0.89992,0.93267,0.65243,0.98819,0.42382,0.85445,0.000492064,0.000164021,0.000492064,0.000164021,0.000492064,0.000164021,0.000492064,0.000164021
761,153933,0.60552,0.28779,0.78991,0.94249,0.89942,0.93261,0.65231,0.98819,0.42356,0.8545,0.000482828,0.000160943,0.000482828,0.000160943,0.000482828,0.000160943,0.000482828,0.000160943
762,154146,0.60591,0.28642,0.79104,0.94319,0.89919,0.93264,0.65204,0.98835,0.42394,0.85459,0.000473819,0.00015794,0.000473819,0.00015794,0.000473819,0.00015794,0.000473819,0.00015794
763,154342,0.60253,0.28512,0.7903,0.94273,0.89875,0.93229,0.65165,0.98918,0.42431,0.85467,0.000465035,0.000155012,0.000465035,0.000155012,0.000465035,0.000155012,0.000465035,0.000155012
764,154544,0.60261,0.28599,0.7921,0.94269,0.89883,0.93221,0.65196,0.98904,0.42439,0.85464,0.000456479,0.00015216,0.000456479,0.00015216,0.000456479,0.00015216,0.000456479,0.00015216
765,154757,0.60734,0.28741,0.79138,0.94183,0.89882,0.93186,0.65124,0.99055,0.42493,0.85477,0.000448149,0.000149383,0.000448149,0.000149383,0.000448149,0.000149383,0.000448149,0.000149383
766,154948,0.60151,0.28629,0.79256,0.94183,0.89924,0.9321,0.65094,0.99122,0.42517,0.85479,0.000440045,0.000146682,0.000440045,0.000146682,0.000440045,0.000146682,0.000440045,0.000146682
767,155143,0.60379,0.28576,0.79201,0.94074,0.8996,0.93169,0.65041,0.99255,0.42605,0.85496,0.000432169,0.000144056,0.000432169,0.000144056,0.000432169,0.000144056,0.000432169,0.000144056
768,155340,0.60134,0.28399,0.78934,0.94113,0.90027,0.9322,0.65031,0.9925,0.42596,0.85501,0.000424519,0.000141506,0.000424519,0.000141506,0.000424519,0.000141506,0.000424519,0.000141506
769,155546,0.59884,0.28263,0.79155,0.94078,0.89864,0.93141,0.65029,0.99356,0.42633,0.85516,0.000417097,0.000139032,0.000417097,0.000139032,0.000417097,0.000139032,0.000417097,0.000139032
770,155733,0.6043,0.28491,0.79052,0.94183,0.89815,0.93159,0.65011,0.99354,0.42621,0.85547,0.000409901,0.000136634,0.000409901,0.000136634,0.000409901,0.000136634,0.000409901,0.000136634
771,155938,0.60006,0.28358,0.79222,0.9413,0.89813,0.93152,0.6499,0.99437,0.4264,0.85559,0.000402933,0.000134311,0.000402933,0.000134311,0.000402933,0.000134311,0.000402933,0.000134311
772,156140,0.60494,0.28592,0.78965,0.94159,0.89837,0.93173,0.64926,0.9952,0.42661,0.85562,0.000396193,0.000132064,0.000396193,0.000132064,0.000396193,0.000132064,0.000396193,0.000132064
773,156336,0.59669,0.28238,0.78995,0.94161,0.89812,0.93146,0.64955,0.9956,0.42645,0.85568,0.00038968,0.000129893,0.00038968,0.000129893,0.00038968,0.000129893,0.00038968,0.000129893
774,156528,0.59567,0.28271,0.7921,0.94131,0.89836,0.93148,0.6493,0.9962,0.42699,0.85572,0.000383394,0.000127798,0.000383394,0.000127798,0.000383394,0.000127798,0.000383394,0.000127798
775,156729,0.59955,0.28451,0.79238,0.94117,0.89775,0.93122,0.64906,0.99589,0.427,0.8557,0.000377337,0.000125779,0.000377337,0.000125779,0.000377337,0.000125779,0.000377337,0.000125779
776,156952,0.59169,0.282,0.7907,0.94052,0.89782,0.93074,0.64882,0.99623,0.42728,0.85575,0.000371507,0.000123836,0.000371507,0.000123836,0.000371507,0.000123836,0.000371507,0.000123836
777,157143,0.59716,0.28404,0.79007,0.94002,0.89739,0.93047,0.64862,0.99612,0.4274,0.85583,0.000365905,0.000121968,0.000365905,0.000121968,0.000365905,0.000121968,0.000365905,0.000121968
778,157333,0.59809,0.28412,0.78923,0.93937,0.89704,0.92995,0.64878,0.99624,0.42716,0.85581,0.000360531,0.000120177,0.000360531,0.000120177,0.000360531,0.000120177,0.000360531,0.000120177
779,157543,0.60238,0.28404,0.79144,0.94009,0.8976,0.93047,0.64856,0.99621,0.42745,0.85575,0.000355385,0.000118462,0.000355385,0.000118462,0.000355385,0.000118462,0.000355385,0.000118462
780,157745,0.60095,0.28482,0.79039,0.94067,0.89771,0.93054,0.64906,0.99595,0.427,0.85585,0.000350467,0.000116822,0.000350467,0.000116822,0.000350467,0.000116822,0.000350467,0.000116822
781,157942,0.60161,0.28487,0.7908,0.94006,0.89799,0.9308,0.64932,0.99589,0.42726,0.85585,0.000345778,0.000115259,0.000345778,0.000115259,0.000345778,0.000115259,0.000345778,0.000115259
782,158139,0.59288,0.28197,0.79095,0.93986,0.89782,0.93071,0.64884,0.99673,0.42779,0.85589,0.000341316,0.000113772,0.000341316,0.000113772,0.000341316,0.000113772,0.000341316,0.000113772
783,158343,0.5986,0.28382,0.79093,0.93507,0.9036,0.93049,0.64874,0.99666,0.42769,0.85584,0.000337083,0.000112361,0.000337083,0.000112361,0.000337083,0.000112361,0.000337083,0.000112361
784,158546,0.59973,0.28336,0.78956,0.94039,0.89657,0.92996,0.64887,0.9963,0.42779,0.85587,0.000333079,0.000111026,0.000333079,0.000111026,0.000333079,0.000111026,0.000333079,0.000111026
785,158743,0.5921,0.2819,0.791,0.93415,0.90425,0.93036,0.64901,0.99609,0.42744,0.85587,0.000329303,0.000109768,0.000329303,0.000109768,0.000329303,0.000109768,0.000329303,0.000109768
786,158941,0.5949,0.28196,0.79249,0.93461,0.90456,0.93069,0.64908,0.99568,0.42788,0.85597,0.000325756,0.000108585,0.000325756,0.000108585,0.000325756,0.000108585,0.000325756,0.000108585
787,159157,0.59332,0.2814,0.79011,0.93507,0.90441,0.93079,0.64968,0.99449,0.42747,0.85592,0.000322437,0.000107479,0.000322437,0.000107479,0.000322437,0.000107479,0.000322437,0.000107479
788,159350,0.5899,0.28027,0.7914,0.93569,0.9046,0.93115,0.64966,0.99404,0.42728,0.85597,0.000319347,0.000106449,0.000319347,0.000106449,0.000319347,0.000106449,0.000319347,0.000106449
789,159556,0.59376,0.28146,0.79071,0.93527,0.90424,0.93082,0.65012,0.99396,0.4273,0.85603,0.000316485,0.000105495,0.000316485,0.000105495,0.000316485,0.000105495,0.000316485,0.000105495
790,159756,0.59556,0.28215,0.79004,0.93364,0.90514,0.93117,0.65003,0.99384,0.42755,0.85604,0.000313853,0.000104618,0.000313853,0.000104618,0.000313853,0.000104618,0.000313853,0.000104618
791,159950,0.59653,0.28336,0.79121,0.93349,0.90467,0.93085,0.64999,0.99343,0.42737,0.8561,0.000311449,0.000103816,0.000311449,0.000103816,0.000311449,0.000103816,0.000311449,0.000103816
792,160145,0.59028,0.28144,0.78975,0.93499,0.90415,0.93069,0.65012,0.99286,0.42749,0.85613,0.000309274,0.000103091,0.000309274,0.000103091,0.000309274,0.000103091,0.000309274,0.000103091
793,160352,0.59366,0.2801,0.79254,0.93392,0.90495,0.93109,0.65047,0.99264,0.42738,0.8561,0.000307328,0.000102443,0.000307328,0.000102443,0.000307328,0.000102443,0.000307328,0.000102443
794,160545,0.59199,0.28095,0.79026,0.93382,0.90476,0.93104,0.64987,0.99265,0.42757,0.85611,0.00030561,0.00010187,0.00030561,0.00010187,0.00030561,0.00010187,0.00030561,0.00010187
795,160741,0.59435,0.28188,0.79118,0.93564,0.90397,0.93071,0.65017,0.99236,0.42743,0.85612,0.000304122,0.000101374,0.000304122,0.000101374,0.000304122,0.000101374,0.000304122,0.000101374
796,160951,0.59603,0.28141,0.79109,0.93348,0.90476,0.93085,0.65007,0.99262,0.42747,0.8562,0.000302862,0.000100954,0.000302862,0.000100954,0.000302862,0.000100954,0.000302862,0.000100954
797,161153,0.59951,0.28305,0.79023,0.93422,0.90338,0.93042,0.64973,0.99308,0.42797,0.85632,0.000301832,0.000100611,0.000301832,0.000100611,0.000301832,0.000100611,0.000301832,0.000100611
798,161344,0.59574,0.28166,0.7907,0.93444,0.90343,0.93047,0.64949,0.99383,0.42769,0.85643,0.000301031,0.000100344,0.000301031,0.000100344,0.000301031,0.000100344,0.000301031,0.000100344
799,161554,0.59449,0.28337,0.79067,0.93409,0.90315,0.93022,0.64926,0.99391,0.42796,0.85647,0.000300458,0.000100153,0.000300458,0.000100153,0.000300458,0.000100153,0.000300458,0.000100153
800,161749,0.59084,0.2802,0.79125,0.93378,0.90282,0.9298,0.64892,0.99457,0.42811,0.85655,0.000300115,0.000100038,0.000300115,0.000100038,0.000300115,0.000100038,0.000300115,0.000100038
