epoch,time,train/box_loss,train/cls_loss,train/dfl_loss,train/angle_loss,train/t_rec_loss,train/reach_match_loss,train/reach_rank_loss,train/task_loss,train/kd_loss,train/s_rec_loss,train/d_pos_mean,train/d_neg_mean,train/rank_gap_mean,train/mask_mean,train/mask_std,train/mask_fg_mean,train/mask_bg_mean,metrics/precision(B),metrics/recall(B),metrics/mAP50(B),metrics/mAP50-95(B),val/box_loss,val/cls_loss,val/dfl_loss,val/angle_loss,val/t_rec_loss,val/reach_match_loss,val/reach_rank_loss,val/task_loss,val/kd_loss,val/s_rec_loss,val/d_pos_mean,val/d_neg_mean,val/rank_gap_mean,val/mask_mean,val/mask_std,val/mask_fg_mean,val/mask_bg_mean,phase_stop_fitness,lr/pg0,lr/pg1,lr/pg2,lr/pg3,lr/pg4,lr/pg5,lr/pg6,lr/pg7
1,86.8754,2.84169,3.47857,1.58858,0,0,0,0,0,0,0,0,0,0,0.49428,0.06699,0.45308,0.49456,0.5895,0.19028,0.15147,0.05446,2.8078,2.78097,1.36084,0,0,0,0,0,0,0,0,0,0,0,0,0,0,0.05446,0.00995652,0.00331884,0.00995652,0.00331884,0.00995652,0.00331884,0.00995652,0.00331884
2,174.504,2.78307,2.41576,1.39305,0,0,0,0,0,0,0,0,0,0,0.49426,0.06697,0.44958,0.4946,0.52922,0.1417,0.09042,0.02917,2.92108,2.94316,1.43797,0,0,0,0,0,0,0,0,0,0,0,0,0,0,0.02917,0.0199564,0.00665215,0.0199564,0.00665215,0.0199564,0.00665215,0.0199564,0.00665215
3,306.747,2.9222,2.3824,1.46952,0,0,0,0,0,0,0,0,0,0,0.49425,0.06697,0.45077,0.49443,0.02317,0.0569,0.01007,0.00291,3.55058,79.376,2.04744,0,0,0,0,0,0,0,0,0,0,0,0,0,0,0.00291,0.0299561,0.00998535,0.0299561,0.00998535,0.0299561,0.00998535,0.0299561,0.00998535
4,401.052,2.9321,2.36052,1.51672,0,0,0,0,0,0,0,0,0,0,0.49428,0.06699,0.4525,0.49419,0.49718,0.18017,0.10537,0.03536,2.92292,3.59467,1.57605,0,0,0,0,0,0,0,0,0,0,0,0,0,0,0.03536,0.029999,0.00999966,0.029999,0.00999966,0.029999,0.00999966,0.029999,0.00999966
5,494.911,2.79856,2.18458,1.46851,0,0,0,0,0,0,0,0,0,0,0.49427,0.06695,0.45479,0.49429,0.28321,0.2138,0.17594,0.06541,2.73003,2.40435,1.38794,0,0,0,0,0,0,0,0,0,0,0,0,0,0,0.06541,0.0299982,0.00999939,0.0299982,0.00999939,0.0299982,0.00999939,0.0299982,0.00999939
6,591.929,2.74146,2.09923,1.44093,0,0,0,0,0,0,0,0,0,0,0.49428,0.06694,0.45069,0.49406,0.42117,0.23081,0.20992,0.07591,2.6699,2.03613,1.34191,0,0,0,0,0,0,0,0,0,0,0,0,0,0,0.07591,0.0299971,0.00999905,0.0299971,0.00999905,0.0299971,0.00999905,0.0299971,0.00999905
7,678.509,2.68677,2.01811,1.41439,0,0,0,0,0,0,0,0,0,0,0.49425,0.06698,0.44654,0.49252,0.36037,0.22968,0.20598,0.08191,2.66996,1.92718,1.37949,0,0,0,0,0,0,0,0,0,0,0,0,0,0,0.08191,0.0299959,0.00999863,0.0299959,0.00999863,0.0299959,0.00999863,0.0299959,0.00999863
8,765.195,2.62373,1.97816,1.38348,0,0,0,0,0,0,0,0,0,0,0.49429,0.06698,0.4483,0.49158,0.41872,0.23015,0.23721,0.0921,2.58422,1.94108,1.3386,0,0,0,0,0,0,0,0,0,0,0,0,0,0,0.0921,0.0299944,0.00999813,0.0299944,0.00999813,0.0299944,0.00999813,0.0299944,0.00999813
9,852.196,2.6058,1.94048,1.36916,0,0,0,0,0,0,0,0,0,0,0.49423,0.06692,0.45016,0.49453,0.3152,0.23906,0.24497,0.10063,2.5612,1.98339,1.27611,0,0,0,0,0,0,0,0,0,0,0,0,0,0,0.10063,0.0299927,0.00999756,0.0299927,0.00999756,0.0299927,0.00999756,0.0299927,0.00999756
10,938.159,2.57131,1.90093,1.35361,0,0,0,0,0,0,0,0,0,0,0.49426,0.06693,0.45089,0.49443,0.48561,0.27088,0.2778,0.1178,2.48257,1.77458,1.27698,0,0,0,0,0,0,0,0,0,0,0,0,0,0,0.1178,0.0299907,0.00999691,0.0299907,0.00999691,0.0299907,0.00999691,0.0299907,0.00999691
11,1023.16,2.5482,1.86347,1.33711,0,0,0,0,0,0,0,0,0,0,0.49426,0.06695,0.45216,0.49442,0.41475,0.29771,0.28163,0.12418,2.47991,1.74154,1.25192,0,0,0,0,0,0,0,0,0,0,0,0,0,0,0.12418,0.0299886,0.00999618,0.0299886,0.00999618,0.0299886,0.00999618,0.0299886,0.00999618
12,1107.76,2.52346,1.83489,1.3271,0,0,0,0,0,0,0,0,0,0,0.49428,0.06697,0.45392,0.49443,0.38166,0.31686,0.28717,0.12132,2.46017,1.76698,1.24667,0,0,0,0,0,0,0,0,0,0,0,0,0,0,0.12132,0.0299861,0.00999538,0.0299861,0.00999538,0.0299861,0.00999538,0.0299861,0.00999538
13,1192.62,2.49758,1.80001,1.31226,0,0,0,0,0,0,0,0,0,0,0.49424,0.06696,0.4519,0.49455,0.40876,0.31482,0.29269,0.12777,2.46324,1.7486,1.25115,0,0,0,0,0,0,0,0,0,0,0,0,0,0,0.12777,0.0299835,0.0099945,0.0299835,0.0099945,0.0299835,0.0099945,0.0299835,0.0099945
14,1276.44,2.48048,1.77214,1.30215,0,0,0,0,0,0,0,0,0,0,0.49425,0.06698,0.45356,0.49454,0.42016,0.30514,0.29252,0.12793,2.44698,1.65797,1.25232,0,0,0,0,0,0,0,0,0,0,0,0,0,0,0.12793,0.0299807,0.00999355,0.0299807,0.00999355,0.0299807,0.00999355,0.0299807,0.00999355
15,1360.2,2.47174,1.74804,1.29563,0,0,0,0,0,0,0,0,0,0,0.49426,0.06695,0.45283,0.49455,0.3651,0.35556,0.30261,0.13069,2.40365,1.62485,1.23426,0,0,0,0,0,0,0,0,0,0,0,0,0,0,0.13069,0.0299776,0.00999252,0.0299776,0.00999252,0.0299776,0.00999252,0.0299776,0.00999252
16,1444.3,2.44875,1.72233,1.28861,0,0,0,0,0,0,0,0,0,0,0.49427,0.06692,0.45167,0.49455,0.45472,0.35028,0.33891,0.14711,2.38518,1.61137,1.22959,0,0,0,0,0,0,0,0,0,0,0,0,0,0,0.14711,0.0299742,0.00999141,0.0299742,0.00999141,0.0299742,0.00999141,0.0299742,0.00999141
17,1527.35,2.41756,1.69451,1.27007,0,0,0,0,0,0,0,0,0,0,0.49425,0.06698,0.45172,0.49443,0.51221,0.32921,0.33527,0.15218,2.36607,1.63736,1.21073,0,0,0,0,0,0,0,0,0,0,0,0,0,0,0.15218,0.0299707,0.00999023,0.0299707,0.00999023,0.0299707,0.00999023,0.0299707,0.00999023
18,1610.95,2.41472,1.68737,1.27581,0,0,0,0,0,0,0,0,0,0,0.49427,0.06694,0.44947,0.49445,0.57407,0.29107,0.32146,0.14493,2.36662,1.6159,1.22046,0,0,0,0,0,0,0,0,0,0,0,0,0,0,0.14493,0.0299669,0.00998897,0.0299669,0.00998897,0.0299669,0.00998897,0.0299669,0.00998897
19,1696.05,2.39676,1.66619,1.25833,0,0,0,0,0,0,0,0,0,0,0.49423,0.06695,0.44929,0.49442,0.45494,0.35684,0.3471,0.15833,2.34852,1.55426,1.21536,0,0,0,0,0,0,0,0,0,0,0,0,0,0,0.15833,0.0299629,0.00998764,0.0299629,0.00998764,0.0299629,0.00998764,0.0299629,0.00998764
20,1786.32,2.3895,1.64843,1.25681,0,0,0,0,0,0,0,0,0,0,0.49426,0.06691,0.44972,0.49443,0.44318,0.3674,0.35994,0.16094,2.3674,1.5667,1.20424,0,0,0,0,0,0,0,0,0,0,0,0,0,0,0.16094,0.0299587,0.00998623,0.0299587,0.00998623,0.0299587,0.00998623,0.0299587,0.00998623
21,1875.69,2.38315,1.63371,1.25741,0,0,0,0,0,0,0,0,0,0,0.49425,0.06699,0.45054,0.49456,0.49521,0.3723,0.37248,0.16705,2.32101,1.53386,1.18872,0,0,0,0,0,0,0,0,0,0,0,0,0,0,0.16705,0.0299542,0.00998474,0.0299542,0.00998474,0.0299542,0.00998474,0.0299542,0.00998474
22,1964.33,2.36139,1.60989,1.2454,0,0,0,0,0,0,0,0,0,0,0.49422,0.0669,0.45042,0.49439,0.45245,0.37556,0.36006,0.16528,2.35186,1.55257,1.20209,0,0,0,0,0,0,0,0,0,0,0,0,0,0,0.16528,0.0299495,0.00998318,0.0299495,0.00998318,0.0299495,0.00998318,0.0299495,0.00998318
23,2053.78,2.36359,1.60601,1.24383,0,0,0,0,0,0,0,0,0,0,0.49429,0.06697,0.45146,0.49459,0.44031,0.39505,0.3733,0.17643,2.28254,1.49269,1.17531,0,0,0,0,0,0,0,0,0,0,0,0,0,0,0.17643,0.0299446,0.00998154,0.0299446,0.00998154,0.0299446,0.00998154,0.0299446,0.00998154
24,2143.75,2.3299,1.58116,1.23184,0,0,0,0,0,0,0,0,0,0,0.49426,0.06692,0.45132,0.49456,0.46456,0.39139,0.3846,0.1781,2.27527,1.45114,1.17383,0,0,0,0,0,0,0,0,0,0,0,0,0,0,0.1781,0.0299395,0.00997982,0.0299395,0.00997982,0.0299395,0.00997982,0.0299395,0.00997982
25,2233.14,2.32364,1.56503,1.22315,0,0,0,0,0,0,0,0,0,0,0.49427,0.06695,0.45047,0.49457,0.50637,0.39242,0.40084,0.18577,2.23706,1.43716,1.15582,0,0,0,0,0,0,0,0,0,0,0,0,0,0,0.18577,0.0299341,0.00997803,0.0299341,0.00997803,0.0299341,0.00997803,0.0299341,0.00997803
26,2322.27,2.31567,1.55514,1.22399,0,0,0,0,0,0,0,0,0,0,0.49428,0.06693,0.45096,0.49445,0.47462,0.3839,0.38249,0.18228,2.26463,1.46489,1.1712,0,0,0,0,0,0,0,0,0,0,0,0,0,0,0.18228,0.0299285,0.00997616,0.0299285,0.00997616,0.0299285,0.00997616,0.0299285,0.00997616
27,2412.32,2.30071,1.54223,1.21605,0,0,0,0,0,0,0,0,0,0,0.4943,0.06696,0.45069,0.49447,0.51693,0.41367,0.41576,0.19739,2.21696,1.4123,1.15333,0,0,0,0,0,0,0,0,0,0,0,0,0,0,0.19739,0.0299227,0.00997422,0.0299227,0.00997422,0.0299227,0.00997422,0.0299227,0.00997422
28,2501.51,2.29481,1.52567,1.21464,0,0,0,0,0,0,0,0,0,0,0.4943,0.06695,0.45078,0.49448,0.48905,0.41769,0.41379,0.19657,2.21334,1.40582,1.14917,0,0,0,0,0,0,0,0,0,0,0,0,0,0,0.19657,0.0299166,0.0099722,0.0299166,0.0099722,0.0299166,0.0099722,0.0299166,0.0099722
29,2589.5,2.27258,1.51013,1.20372,0,0,0,0,0,0,0,0,0,0,0.49423,0.06696,0.4502,0.49441,0.47971,0.43667,0.42471,0.20362,2.22543,1.37368,1.1459,0,0,0,0,0,0,0,0,0,0,0,0,0,0,0.20362,0.0299103,0.00997011,0.0299103,0.00997011,0.0299103,0.00997011,0.0299103,0.00997011
30,2676.8,2.26972,1.50124,1.20324,0,0,0,0,0,0,0,0,0,0,0.49428,0.06694,0.45119,0.49458,0.49325,0.42742,0.42666,0.20983,2.18788,1.35862,1.1407,0,0,0,0,0,0,0,0,0,0,0,0,0,0,0.20983,0.0299038,0.00996794,0.0299038,0.00996794,0.0299038,0.00996794,0.0299038,0.00996794
31,2764.01,2.2791,1.4894,1.19735,0,0,0,0,0,0,0,0,0,0,0.49424,0.06696,0.45151,0.49454,0.50652,0.43822,0.43978,0.2189,2.17162,1.3463,1.13093,0,0,0,0,0,0,0,0,0,0,0,0,0,0,0.2189,0.0298971,0.00996569,0.0298971,0.00996569,0.0298971,0.00996569,0.0298971,0.00996569
32,2851.11,2.24394,1.46838,1.19803,0,0,0,0,0,0,0,0,0,0,0.4943,0.067,0.45291,0.49446,0.50118,0.4582,0.45615,0.22628,2.15578,1.31403,1.13093,0,0,0,0,0,0,0,0,0,0,0,0,0,0,0.22628,0.0298901,0.00996337,0.0298901,0.00996337,0.0298901,0.00996337,0.0298901,0.00996337
33,2938.4,2.24592,1.46766,1.19753,0,0,0,0,0,0,0,0,0,0,0.49427,0.06694,0.45153,0.49444,0.49529,0.44627,0.44617,0.2251,2.14066,1.32644,1.12732,0,0,0,0,0,0,0,0,0,0,0,0,0,0,0.2251,0.0298829,0.00996097,0.0298829,0.00996097,0.0298829,0.00996097,0.0298829,0.00996097
34,3025.77,2.24497,1.46157,1.1889,0,0,0,0,0,0,0,0,0,0,0.49428,0.06698,0.45248,0.49457,0.534,0.45379,0.46263,0.23522,2.11683,1.29388,1.11935,0,0,0,0,0,0,0,0,0,0,0,0,0,0,0.23522,0.0298755,0.00995849,0.0298755,0.00995849,0.0298755,0.00995849,0.0298755,0.00995849
35,3111.95,2.22227,1.43375,1.18259,0,0,0,0,0,0,0,0,0,0,0.49425,0.06693,0.45214,0.49441,0.5222,0.45906,0.4612,0.23152,2.11228,1.2818,1.11816,0,0,0,0,0,0,0,0,0,0,0,0,0,0,0.23152,0.0298678,0.00995594,0.0298678,0.00995594,0.0298678,0.00995594,0.0298678,0.00995594
36,3198.9,2.22045,1.43795,1.17938,0,0,0,0,0,0,0,0,0,0,0.49426,0.06693,0.45152,0.49442,0.54468,0.46452,0.46995,0.24151,2.08306,1.26529,1.10855,0,0,0,0,0,0,0,0,0,0,0,0,0,0,0.24151,0.02986,0.00995332,0.02986,0.00995332,0.02986,0.00995332,0.02986,0.00995332
37,3286.43,2.20336,1.41785,1.17455,0,0,0,0,0,0,0,0,0,0,0.49429,0.06695,0.45068,0.49459,0.50725,0.4742,0.47062,0.24246,2.07135,1.25046,1.09948,0,0,0,0,0,0,0,0,0,0,0,0,0,0,0.24246,0.0298519,0.00995062,0.0298519,0.00995062,0.0298519,0.00995062,0.0298519,0.00995062
38,3373.95,2.19946,1.40955,1.1758,0,0,0,0,0,0,0,0,0,0,0.49426,0.06692,0.4511,0.49456,0.53151,0.47065,0.47345,0.24492,2.07098,1.24429,1.10068,0,0,0,0,0,0,0,0,0,0,0,0,0,0,0.24492,0.0298435,0.00994784,0.0298435,0.00994784,0.0298435,0.00994784,0.0298435,0.00994784
39,3461.02,2.1933,1.39669,1.16688,0,0,0,0,0,0,0,0,0,0,0.49426,0.06697,0.45259,0.49443,0.53754,0.47188,0.48462,0.25441,2.04147,1.22471,1.09292,0,0,0,0,0,0,0,0,0,0,0,0,0,0,0.25441,0.029835,0.00994499,0.029835,0.00994499,0.029835,0.00994499,0.029835,0.00994499
40,3547.88,2.18748,1.39415,1.16199,0,0,0,0,0,0,0,0,0,0,0.49431,0.06704,0.45453,0.49458,0.52184,0.48299,0.48389,0.25252,2.0507,1.22666,1.08994,0,0,0,0,0,0,0,0,0,0,0,0,0,0,0.25252,0.0298262,0.00994206,0.0298262,0.00994206,0.0298262,0.00994206,0.0298262,0.00994206
41,3634.14,2.18457,1.38167,1.16364,0,0,0,0,0,0,0,0,0,0,0.49428,0.06693,0.45329,0.49444,0.5327,0.49221,0.48968,0.25596,2.02916,1.20429,1.08666,0,0,0,0,0,0,0,0,0,0,0,0,0,0,0.25596,0.0298172,0.00993906,0.0298172,0.00993906,0.0298172,0.00993906,0.0298172,0.00993906
42,3720.95,2.1675,1.37086,1.15909,0,0,0,0,0,0,0,0,0,0,0.49429,0.06696,0.45118,0.49459,0.52951,0.48634,0.48889,0.25793,2.031,1.20296,1.0825,0,0,0,0,0,0,0,0,0,0,0,0,0,0,0.25793,0.0298079,0.00993598,0.0298079,0.00993598,0.0298079,0.00993598,0.0298079,0.00993598
43,3808.02,2.16774,1.36019,1.15068,0,0,0,0,0,0,0,0,0,0,0.49428,0.06699,0.45128,0.49458,0.52539,0.50953,0.49891,0.2622,2.02016,1.19408,1.07964,0,0,0,0,0,0,0,0,0,0,0,0,0,0,0.2622,0.0297985,0.00993282,0.0297985,0.00993282,0.0297985,0.00993282,0.0297985,0.00993282
44,3895.09,2.15878,1.35388,1.14884,0,0,0,0,0,0,0,0,0,0,0.49425,0.06693,0.45072,0.4944,0.55797,0.49761,0.50451,0.26952,1.9914,1.16926,1.06963,0,0,0,0,0,0,0,0,0,0,0,0,0,0,0.26952,0.0297888,0.0099296,0.0297888,0.0099296,0.0297888,0.0099296,0.0297888,0.0099296
45,3982.17,2.15777,1.35772,1.15146,0,0,0,0,0,0,0,0,0,0,0.49426,0.06697,0.449,0.49455,0.54638,0.50432,0.50789,0.26972,1.98709,1.16515,1.06759,0,0,0,0,0,0,0,0,0,0,0,0,0,0,0.26972,0.0297789,0.00992629,0.0297789,0.00992629,0.0297789,0.00992629,0.0297789,0.00992629
46,4069.59,2.14983,1.3439,1.14539,0,0,0,0,0,0,0,0,0,0,0.49431,0.06698,0.45028,0.49461,0.54995,0.50508,0.51183,0.27489,1.97867,1.16394,1.06663,0,0,0,0,0,0,0,0,0,0,0,0,0,0,0.27489,0.0297687,0.00992291,0.0297687,0.00992291,0.0297687,0.00992291,0.0297687,0.00992291
47,4156.89,2.1302,1.32387,1.13795,0,0,0,0,0,0,0,0,0,0,0.49425,0.06699,0.45025,0.49456,0.56778,0.50821,0.5209,0.27954,1.96433,1.1499,1.06252,0,0,0,0,0,0,0,0,0,0,0,0,0,0,0.27954,0.0297584,0.00991946,0.0297584,0.00991946,0.0297584,0.00991946,0.0297584,0.00991946
48,4243.76,2.13761,1.3301,1.14488,0,0,0,0,0,0,0,0,0,0,0.49429,0.06694,0.45157,0.49459,0.56938,0.51132,0.5216,0.28198,1.96296,1.14737,1.06143,0,0,0,0,0,0,0,0,0,0,0,0,0,0,0.28198,0.0297478,0.00991593,0.0297478,0.00991593,0.0297478,0.00991593,0.0297478,0.00991593
49,4331.36,2.12996,1.32463,1.1383,0,0,0,0,0,0,0,0,0,0,0.49424,0.06697,0.45016,0.49456,0.56069,0.52436,0.52415,0.28529,1.94875,1.13804,1.05562,0,0,0,0,0,0,0,0,0,0,0,0,0,0,0.28529,0.029737,0.00991232,0.029737,0.00991232,0.029737,0.00991232,0.029737,0.00991232
50,4418.81,2.11689,1.31127,1.13778,0,0,0,0,0,0,0,0,0,0,0.49426,0.06695,0.45188,0.49456,0.55198,0.52692,0.52634,0.28633,1.93517,1.12999,1.05069,0,0,0,0,0,0,0,0,0,0,0,0,0,0,0.28633,0.0297259,0.00990864,0.0297259,0.00990864,0.0297259,0.00990864,0.0297259,0.00990864
51,4506.36,2.10814,1.30358,1.1296,0,0,0,0,0,0,0,0,0,0,0.49425,0.06696,0.45092,0.49442,0.55616,0.53386,0.53199,0.28978,1.92764,1.1237,1.04907,0,0,0,0,0,0,0,0,0,0,0,0,0,0,0.28978,0.0297147,0.00990489,0.0297147,0.00990489,0.0297147,0.00990489,0.0297147,0.00990489
52,4593.67,2.10826,1.29872,1.12412,0,0,0,0,0,0,0,0,0,0,0.49429,0.06698,0.45254,0.49457,0.56139,0.5301,0.53093,0.29035,1.91918,1.11656,1.04643,0,0,0,0,0,0,0,0,0,0,0,0,0,0,0.29035,0.0297032,0.00990106,0.0297032,0.00990106,0.0297032,0.00990106,0.0297032,0.00990106
53,4680.57,2.09715,1.29271,1.12575,0,0,0,0,0,0,0,0,0,0,0.4943,0.06696,0.45264,0.49434,0.56622,0.52365,0.53141,0.2928,1.90774,1.11009,1.04163,0,0,0,0,0,0,0,0,0,0,0,0,0,0,0.2928,0.0296915,0.00989715,0.0296915,0.00989715,0.0296915,0.00989715,0.0296915,0.00989715
54,4767.53,2.08831,1.28335,1.11643,0,0,0,0,0,0,0,0,0,0,0.49427,0.06698,0.45211,0.49442,0.55769,0.52485,0.53393,0.29608,1.89376,1.09988,1.03808,0,0,0,0,0,0,0,0,0,0,0,0,0,0,0.29608,0.0296795,0.00989317,0.0296795,0.00989317,0.0296795,0.00989317,0.0296795,0.00989317
55,4854.94,2.08143,1.27103,1.11826,0,0,0,0,0,0,0,0,0,0,0.49427,0.06697,0.45064,0.49457,0.55939,0.53287,0.53632,0.29814,1.89034,1.09148,1.03753,0,0,0,0,0,0,0,0,0,0,0,0,0,0,0.29814,0.0296674,0.00988912,0.0296674,0.00988912,0.0296674,0.00988912,0.0296674,0.00988912
56,4942.01,2.09193,1.28063,1.12175,0,0,0,0,0,0,0,0,0,0,0.49423,0.06694,0.45052,0.49454,0.55226,0.53862,0.53615,0.2986,1.88827,1.08849,1.03733,0,0,0,0,0,0,0,0,0,0,0,0,0,0,0.2986,0.029655,0.00988499,0.029655,0.00988499,0.029655,0.00988499,0.029655,0.00988499
57,5029.59,2.08532,1.27372,1.11865,0,0,0,0,0,0,0,0,0,0,0.49427,0.06695,0.45022,0.49446,0.55792,0.53719,0.53702,0.30073,1.88352,1.08579,1.035,0,0,0,0,0,0,0,0,0,0,0,0,0,0,0.30073,0.0296424,0.00988079,0.0296424,0.00988079,0.0296424,0.00988079,0.0296424,0.00988079
58,5117.62,2.06874,1.26755,1.11103,0,0,0,0,0,0,0,0,0,0,0.49426,0.06695,0.45114,0.49456,0.56892,0.53537,0.53967,0.30212,1.88198,1.08357,1.03357,0,0,0,0,0,0,0,0,0,0,0,0,0,0,0.30212,0.0296295,0.00987651,0.0296295,0.00987651,0.0296295,0.00987651,0.0296295,0.00987651
59,5203.99,2.0646,1.25524,1.10827,0,0,0,0,0,0,0,0,0,0,0.49425,0.06696,0.45087,0.49429,0.57521,0.53414,0.54071,0.30323,1.87655,1.0797,1.03152,0,0,0,0,0,0,0,0,0,0,0,0,0,0,0.30323,0.0296165,0.00987216,0.0296165,0.00987216,0.0296165,0.00987216,0.0296165,0.00987216
60,5290.85,2.05446,1.24971,1.10485,0,0,0,0,0,0,0,0,0,0,0.49425,0.06696,0.45057,0.49454,0.568,0.54256,0.54389,0.30522,1.86866,1.07272,1.02846,0,0,0,0,0,0,0,0,0,0,0,0,0,0,0.30522,0.0296032,0.00986773,0.0296032,0.00986773,0.0296032,0.00986773,0.0296032,0.00986773
61,5377.65,2.05986,1.24562,1.10853,0,0,0,0,0,0,0,0,0,0,0.49428,0.06697,0.45052,0.49458,0.57517,0.54276,0.54597,0.3078,1.85953,1.06725,1.02592,0,0,0,0,0,0,0,0,0,0,0,0,0,0,0.3078,0.0295897,0.00986323,0.0295897,0.00986323,0.0295897,0.00986323,0.0295897,0.00986323
62,5464.32,2.04448,1.23246,1.10684,0,0,0,0,0,0,0,0,0,0,0.49428,0.06695,0.44975,0.49446,0.57777,0.54672,0.5497,0.30959,1.85377,1.06021,1.02411,0,0,0,0,0,0,0,0,0,0,0,0,0,0,0.30959,0.029576,0.00985866,0.029576,0.00985866,0.029576,0.00985866,0.029576,0.00985866
63,5550.91,2.04763,1.23451,1.10481,0,0,0,0,0,0,0,0,0,0,0.49423,0.06693,0.45035,0.49415,0.58284,0.54633,0.55068,0.31171,1.84769,1.05716,1.02213,0,0,0,0,0,0,0,0,0,0,0,0,0,0,0.31171,0.029562,0.00985401,0.029562,0.00985401,0.029562,0.00985401,0.029562,0.00985401
64,5637.55,2.04616,1.23763,1.09928,0,0,0,0,0,0,0,0,0,0,0.49422,0.06699,0.44922,0.4944,0.58384,0.54865,0.55395,0.31254,1.84638,1.05431,1.02056,0,0,0,0,0,0,0,0,0,0,0,0,0,0,0.31254,0.0295479,0.00984928,0.0295479,0.00984928,0.0295479,0.00984928,0.0295479,0.00984928
65,5724.55,2.02461,1.21803,1.09274,0,0,0,0,0,0,0,0,0,0,0.49425,0.06696,0.44939,0.49456,0.58238,0.54866,0.55479,0.31434,1.83913,1.05074,1.01793,0,0,0,0,0,0,0,0,0,0,0,0,0,0,0.31434,0.0295335,0.00984449,0.0295335,0.00984449,0.0295335,0.00984449,0.0295335,0.00984449
66,5811.85,2.03739,1.21784,1.09385,0,0,0,0,0,0,0,0,0,0,0.49424,0.06701,0.44929,0.49456,0.5887,0.55595,0.55853,0.31658,1.83594,1.04681,1.01628,0,0,0,0,0,0,0,0,0,0,0,0,0,0,0.31658,0.0295188,0.00983962,0.0295188,0.00983962,0.0295188,0.00983962,0.0295188,0.00983962
67,5899.11,2.03135,1.22083,1.09124,0,0,0,0,0,0,0,0,0,0,0.49424,0.06688,0.45087,0.49454,0.58808,0.55738,0.55991,0.31792,1.83053,1.04291,1.01444,0,0,0,0,0,0,0,0,0,0,0,0,0,0,0.31792,0.029504,0.00983467,0.029504,0.00983467,0.029504,0.00983467,0.029504,0.00983467
68,5986.66,2.02147,1.21238,1.08904,0,0,0,0,0,0,0,0,0,0,0.49422,0.06696,0.44901,0.49454,0.58898,0.55879,0.56084,0.31871,1.82512,1.039,1.01242,0,0,0,0,0,0,0,0,0,0,0,0,0,0,0.31871,0.029489,0.00982965,0.029489,0.00982965,0.029489,0.00982965,0.029489,0.00982965
69,6073.9,2.01194,1.20788,1.08602,0,0,0,0,0,0,0,0,0,0,0.49427,0.06696,0.45011,0.49458,0.58901,0.56152,0.56314,0.31995,1.82031,1.03435,1.0107,0,0,0,0,0,0,0,0,0,0,0,0,0,0,0.31995,0.0294737,0.00982456,0.0294737,0.00982456,0.0294737,0.00982456,0.0294737,0.00982456
70,6160.42,2.01039,1.2032,1.09206,0,0,0,0,0,0,0,0,0,0,0.49426,0.06696,0.45025,0.49444,0.58868,0.56321,0.56422,0.32136,1.81577,1.03141,1.00941,0,0,0,0,0,0,0,0,0,0,0,0,0,0,0.32136,0.0294582,0.00981939,0.0294582,0.00981939,0.0294582,0.00981939,0.0294582,0.00981939
71,6247.39,2.00521,1.1932,1.08678,0,0,0,0,0,0,0,0,0,0,0.49427,0.06699,0.45218,0.49456,0.58999,0.56485,0.56522,0.32328,1.81145,1.02766,1.00805,0,0,0,0,0,0,0,0,0,0,0,0,0,0,0.32328,0.0294425,0.00981415,0.0294425,0.00981415,0.0294425,0.00981415,0.0294425,0.00981415
72,6334.96,2.0023,1.18627,1.08252,0,0,0,0,0,0,0,0,0,0,0.49425,0.06701,0.45024,0.49456,0.59323,0.56624,0.56716,0.32461,1.80734,1.02415,1.00659,0,0,0,0,0,0,0,0,0,0,0,0,0,0,0.32461,0.0294265,0.00980884,0.0294265,0.00980884,0.0294265,0.00980884,0.0294265,0.00980884
73,6422.25,1.99566,1.18754,1.07888,0,0,0,0,0,0,0,0,0,0,0.49426,0.06699,0.45055,0.49455,0.59421,0.56824,0.56809,0.32554,1.80419,1.02268,1.00551,0,0,0,0,0,0,0,0,0,0,0,0,0,0,0.32554,0.0294104,0.00980345,0.0294104,0.00980345,0.0294104,0.00980345,0.0294104,0.00980345
74,6509.4,1.99669,1.19367,1.08003,0,0,0,0,0,0,0,0,0,0,0.49428,0.06697,0.45057,0.49457,0.59634,0.56797,0.56991,0.32744,1.79924,1.01954,1.00437,0,0,0,0,0,0,0,0,0,0,0,0,0,0,0.32744,0.029394,0.00979799,0.029394,0.00979799,0.029394,0.00979799,0.029394,0.00979799
75,6595.9,1.99692,1.18796,1.07782,0,0,0,0,0,0,0,0,0,0,0.49425,0.06696,0.45053,0.49453,0.59763,0.56961,0.57171,0.32767,1.79676,1.01699,1.00343,0,0,0,0,0,0,0,0,0,0,0,0,0,0,0.32767,0.0293774,0.00979246,0.0293774,0.00979246,0.0293774,0.00979246,0.0293774,0.00979246
76,6683.53,1.99008,1.18245,1.07991,0,0,0,0,0,0,0,0,0,0,0.49429,0.06697,0.44991,0.4946,0.6013,0.56797,0.57164,0.32798,1.79497,1.01523,1.00234,0,0,0,0,0,0,0,0,0,0,0,0,0,0,0.32798,0.0293606,0.00978685,0.0293606,0.00978685,0.0293606,0.00978685,0.0293606,0.00978685
77,6770.28,1.98182,1.17232,1.07756,0,0,0,0,0,0,0,0,0,0,0.49429,0.06698,0.45111,0.49447,0.59996,0.56769,0.57159,0.32899,1.7914,1.01261,1.00142,0,0,0,0,0,0,0,0,0,0,0,0,0,0,0.32899,0.0293435,0.00978118,0.0293435,0.00978118,0.0293435,0.00978118,0.0293435,0.00978118
78,6857.9,1.97761,1.16824,1.07596,0,0,0,0,0,0,0,0,0,0,0.49421,0.06692,0.45069,0.49451,0.60267,0.57038,0.57333,0.3296,1.78778,1.00963,1.00024,0,0,0,0,0,0,0,0,0,0,0,0,0,0,0.3296,0.0293263,0.00977542,0.0293263,0.00977542,0.0293263,0.00977542,0.0293263,0.00977542
79,6950.73,1.97239,1.16467,1.07177,0,0,0,0,0,0,0,0,0,0,0.49429,0.06697,0.45094,0.49459,0.60323,0.57103,0.5742,0.33067,1.78458,1.0073,0.99927,0,0,0,0,0,0,0,0,0,0,0,0,0,0,0.33067,0.0293088,0.0097696,0.0293088,0.0097696,0.0293088,0.0097696,0.0293088,0.0097696
80,7038.85,1.97078,1.16251,1.0718,0,0,0,0,0,0,0,0,0,0,0.49427,0.06697,0.4507,0.49458,0.60354,0.57028,0.57501,0.33154,1.78052,1.0052,0.99835,0,0,0,0,0,0,0,0,0,0,0,0,0,0,0.33154,0.0292911,0.0097637,0.0292911,0.0097637,0.0292911,0.0097637,0.0292911,0.0097637
81,7126.97,1.9564,1.15669,1.07037,0,0,0,0,0,0,0,0,0,0,0.49427,0.06691,0.45119,0.49458,0.60644,0.56959,0.57603,0.33248,1.77789,1.00315,0.9975,0,0,0,0,0,0,0,0,0,0,0,0,0,0,0.33248,0.0292732,0.00975773,0.0292732,0.00975773,0.0292732,0.00975773,0.0292732,0.00975773
82,7214.3,1.96311,1.16195,1.06546,0,0,0,0,0,0,0,0,0,0,0.49425,0.06698,0.45092,0.49455,0.60954,0.57151,0.57703,0.33296,1.77535,1.00142,0.99676,0,0,0,0,0,0,0,0,0,0,0,0,0,0,0.33296,0.0292551,0.00975169,0.0292551,0.00975169,0.0292551,0.00975169,0.0292551,0.00975169
83,7301.8,1.95942,1.15656,1.07284,0,0,0,0,0,0,0,0,0,0,0.49431,0.06695,0.45067,0.49461,0.61494,0.57091,0.577,0.33326,1.77211,0.9994,0.99609,0,0,0,0,0,0,0,0,0,0,0,0,0,0,0.33326,0.0292367,0.00974557,0.0292367,0.00974557,0.0292367,0.00974557,0.0292367,0.00974557
84,7389.07,1.96053,1.15112,1.06262,0,0,0,0,0,0,0,0,0,0,0.49423,0.06695,0.45048,0.4944,0.61543,0.57199,0.57895,0.33379,1.77078,0.99725,0.99558,0,0,0,0,0,0,0,0,0,0,0,0,0,0,0.33379,0.0292181,0.00973938,0.0292181,0.00973938,0.0292181,0.00973938,0.0292181,0.00973938
85,7476.81,1.94371,1.14323,1.06108,0,0,0,0,0,0,0,0,0,0,0.4943,0.06701,0.45154,0.4946,0.61767,0.57348,0.57944,0.33462,1.76788,0.99505,0.99489,0,0,0,0,0,0,0,0,0,0,0,0,0,0,0.33462,0.0291994,0.00973312,0.0291994,0.00973312,0.0291994,0.00973312,0.0291994,0.00973312
86,7564.93,1.95391,1.1404,1.06647,0,0,0,0,0,0,0,0,0,0,0.49431,0.06694,0.45065,0.49461,0.61749,0.57358,0.58004,0.33535,1.7651,0.99314,0.99417,0,0,0,0,0,0,0,0,0,0,0,0,0,0,0.33535,0.0291804,0.00972679,0.0291804,0.00972679,0.0291804,0.00972679,0.0291804,0.00972679
87,7653.19,1.94208,1.13919,1.06112,0,0,0,0,0,0,0,0,0,0,0.49426,0.0669,0.4502,0.49457,0.62011,0.57307,0.58062,0.33647,1.76275,0.99124,0.99345,0,0,0,0,0,0,0,0,0,0,0,0,0,0,0.33647,0.0291612,0.00972039,0.0291612,0.00972039,0.0291612,0.00972039,0.0291612,0.00972039
88,7740.33,1.9348,1.13679,1.05583,0,0,0,0,0,0,0,0,0,0,0.49427,0.06696,0.45052,0.49457,0.61812,0.57295,0.5805,0.33717,1.76024,0.9897,0.99247,0,0,0,0,0,0,0,0,0,0,0,0,0,0,0.33717,0.0291417,0.00971391,0.0291417,0.00971391,0.0291417,0.00971391,0.0291417,0.00971391
89,7828.31,1.94607,1.12925,1.06069,0,0,0,0,0,0,0,0,0,0,0.49428,0.06696,0.4505,0.49459,0.61877,0.57301,0.58088,0.33795,1.75705,0.98791,0.99153,0,0,0,0,0,0,0,0,0,0,0,0,0,0,0.33795,0.0291221,0.00970736,0.0291221,0.00970736,0.0291221,0.00970736,0.0291221,0.00970736
90,7916.96,1.93607,1.12463,1.05671,0,0,0,0,0,0,0,0,0,0,0.49424,0.06697,0.44935,0.49443,0.61659,0.57432,0.58072,0.33815,1.75386,0.98587,0.99073,0,0,0,0,0,0,0,0,0,0,0,0,0,0,0.33815,0.0291022,0.00970074,0.0291022,0.00970074,0.0291022,0.00970074,0.0291022,0.00970074
91,8004.96,1.93208,1.1235,1.05591,0,0,0,0,0,0,0,0,0,0,0.49423,0.06693,0.45097,0.49454,0.61655,0.57217,0.58071,0.33858,1.75118,0.98472,0.98994,0,0,0,0,0,0,0,0,0,0,0,0,0,0,0.33858,0.0290821,0.00969405,0.0290821,0.00969405,0.0290821,0.00969405,0.0290821,0.00969405
92,8092.64,1.93204,1.12326,1.05455,0,0,0,0,0,0,0,0,0,0,0.49427,0.06698,0.45044,0.49457,0.61508,0.57538,0.58192,0.33894,1.74926,0.98303,0.98939,0,0,0,0,0,0,0,0,0,0,0,0,0,0,0.33894,0.0290618,0.00968728,0.0290618,0.00968728,0.0290618,0.00968728,0.0290618,0.00968728
93,8180.36,1.91808,1.11434,1.04969,0,0,0,0,0,0,0,0,0,0,0.49422,0.0669,0.45028,0.49453,0.61558,0.57317,0.58142,0.33987,1.74747,0.98196,0.98886,0,0,0,0,0,0,0,0,0,0,0,0,0,0,0.33987,0.0290413,0.00968045,0.0290413,0.00968045,0.0290413,0.00968045,0.0290413,0.00968045
94,8268.29,1.91853,1.11914,1.0488,0,0,0,0,0,0,0,0,0,0,0.49426,0.06695,0.4502,0.49457,0.61449,0.57449,0.58262,0.34049,1.74589,0.98005,0.98834,0,0,0,0,0,0,0,0,0,0,0,0,0,0,0.34049,0.0290206,0.00967354,0.0290206,0.00967354,0.0290206,0.00967354,0.0290206,0.00967354
95,8356.25,1.92575,1.11601,1.05265,0,0,0,0,0,0,0,0,0,0,0.49424,0.06693,0.45055,0.49454,0.61883,0.57281,0.58353,0.34136,1.74385,0.97861,0.98767,0,0,0,0,0,0,0,0,0,0,0,0,0,0,0.34136,0.0289997,0.00966656,0.0289997,0.00966656,0.0289997,0.00966656,0.0289997,0.00966656
96,8443.99,1.91237,1.1111,1.04961,0,0,0,0,0,0,0,0,0,0,0.49423,0.06693,0.44994,0.49438,0.62005,0.57266,0.58364,0.3422,1.74218,0.97701,0.98703,0,0,0,0,0,0,0,0,0,0,0,0,0,0,0.3422,0.0289785,0.00965951,0.0289785,0.00965951,0.0289785,0.00965951,0.0289785,0.00965951
97,8532.57,1.91487,1.11137,1.04638,0,0,0,0,0,0,0,0,0,0,0.4943,0.06695,0.45055,0.49461,0.62017,0.57312,0.58434,0.34297,1.73995,0.97492,0.98646,0,0,0,0,0,0,0,0,0,0,0,0,0,0,0.34297,0.0289572,0.00965239,0.0289572,0.00965239,0.0289572,0.00965239,0.0289572,0.00965239
98,8620.76,1.90097,1.11032,1.04573,0,0,0,0,0,0,0,0,0,0,0.49426,0.06699,0.4505,0.49455,0.62067,0.57392,0.58492,0.34347,1.73788,0.974,0.98586,0,0,0,0,0,0,0,0,0,0,0,0,0,0,0.34347,0.0289356,0.0096452,0.0289356,0.0096452,0.0289356,0.0096452,0.0289356,0.0096452
99,8708.36,1.91217,1.11001,1.04636,0,0,0,0,0,0,0,0,0,0,0.49427,0.06698,0.44992,0.49457,0.62188,0.57418,0.58612,0.34395,1.7365,0.97277,0.98543,0,0,0,0,0,0,0,0,0,0,0,0,0,0,0.34395,0.0289138,0.00963794,0.0289138,0.00963794,0.0289138,0.00963794,0.0289138,0.00963794
100,8795.81,1.89608,1.10191,1.04875,0,0,0,0,0,0,0,0,0,0,0.49428,0.06691,0.45023,0.49459,0.62245,0.57428,0.58624,0.34495,1.73448,0.97119,0.98474,0,0,0,0,0,0,0,0,0,0,0,0,0,0,0.34495,0.0288918,0.00963061,0.0288918,0.00963061,0.0288918,0.00963061,0.0288918,0.00963061
101,8883.13,1.90369,1.09929,1.04114,0,0,0,0,0,0,0,0,0,0,0.49425,0.06696,0.44993,0.49454,0.62172,0.57501,0.58619,0.34571,1.73344,0.96944,0.98426,0,0,0,0,0,0,0,0,0,0,0,0,0,0,0.34571,0.0288696,0.0096232,0.0288696,0.0096232,0.0288696,0.0096232,0.0288696,0.0096232
102,8970.87,1.90662,1.09476,1.04632,0,0,0,0,0,0,0,0,0,0,0.49429,0.06698,0.45019,0.4946,0.62245,0.57522,0.5872,0.34619,1.73082,0.9677,0.98368,0,0,0,0,0,0,0,0,0,0,0,0,0,0,0.34619,0.0288472,0.00961573,0.0288472,0.00961573,0.0288472,0.00961573,0.0288472,0.00961573
103,9058.21,1.89537,1.08851,1.04227,0,0,0,0,0,0,0,0,0,0,0.49433,0.06698,0.45042,0.49463,0.62632,0.57595,0.58807,0.34693,1.72867,0.9656,0.98317,0,0,0,0,0,0,0,0,0,0,0,0,0,0,0.34693,0.0288246,0.00960819,0.0288246,0.00960819,0.0288246,0.00960819,0.0288246,0.00960819
104,9145.7,1.88924,1.08748,1.04074,0,0,0,0,0,0,0,0,0,0,0.49426,0.06697,0.45062,0.49456,0.62427,0.57492,0.58837,0.34759,1.7269,0.96421,0.9826,0,0,0,0,0,0,0,0,0,0,0,0,0,0,0.34759,0.0288017,0.00960057,0.0288017,0.00960057,0.0288017,0.00960057,0.0288017,0.00960057
105,9234.06,1.89552,1.08782,1.03768,0,0,0,0,0,0,0,0,0,0,0.49424,0.06693,0.45087,0.49454,0.62319,0.57717,0.58947,0.34791,1.72533,0.96245,0.98199,0,0,0,0,0,0,0,0,0,0,0,0,0,0,0.34791,0.0287787,0.00959289,0.0287787,0.00959289,0.0287787,0.00959289,0.0287787,0.00959289
106,9322.13,1.87389,1.08657,1.03723,0,0,0,0,0,0,0,0,0,0,0.49428,0.067,0.45087,0.49457,0.62582,0.57773,0.59047,0.34884,1.72273,0.96103,0.98134,0,0,0,0,0,0,0,0,0,0,0,0,0,0,0.34884,0.0287554,0.00958513,0.0287554,0.00958513,0.0287554,0.00958513,0.0287554,0.00958513
107,9409.11,1.89628,1.08788,1.0417,0,0,0,0,0,0,0,0,0,0,0.4943,0.06698,0.45119,0.4946,0.62723,0.5769,0.59074,0.34929,1.72115,0.95912,0.98079,0,0,0,0,0,0,0,0,0,0,0,0,0,0,0.34929,0.0287319,0.00957731,0.0287319,0.00957731,0.0287319,0.00957731,0.0287319,0.00957731
108,9496.95,1.88214,1.08681,1.03285,0,0,0,0,0,0,0,0,0,0,0.49423,0.06697,0.45094,0.49452,0.62613,0.57856,0.59212,0.34961,1.71843,0.95751,0.98009,0,0,0,0,0,0,0,0,0,0,0,0,0,0,0.34961,0.0287082,0.00956941,0.0287082,0.00956941,0.0287082,0.00956941,0.0287082,0.00956941
109,9584.87,1.8807,1.08749,1.03665,0,0,0,0,0,0,0,0,0,0,0.49424,0.06694,0.45116,0.49456,0.62539,0.57945,0.59231,0.35081,1.71669,0.95575,0.97968,0,0,0,0,0,0,0,0,0,0,0,0,0,0,0.35081,0.0286843,0.00956145,0.0286843,0.00956145,0.0286843,0.00956145,0.0286843,0.00956145
110,9672.96,1.87654,1.07432,1.03433,0,0,0,0,0,0,0,0,0,0,0.49427,0.06695,0.4505,0.49443,0.62867,0.57857,0.59335,0.3515,1.714,0.95389,0.9792,0,0,0,0,0,0,0,0,0,0,0,0,0,0,0.3515,0.0286602,0.00955341,0.0286602,0.00955341,0.0286602,0.00955341,0.0286602,0.00955341
111,9760.87,1.88452,1.08395,1.03548,0,0,0,0,0,0,0,0,0,0,0.49429,0.06697,0.45092,0.49446,0.62621,0.58122,0.59366,0.35149,1.71208,0.95249,0.97873,0,0,0,0,0,0,0,0,0,0,0,0,0,0,0.35149,0.0286359,0.00954531,0.0286359,0.00954531,0.0286359,0.00954531,0.0286359,0.00954531
112,9848.47,1.87419,1.06857,1.03594,0,0,0,0,0,0,0,0,0,0,0.49429,0.06697,0.45191,0.49459,0.62729,0.58075,0.59409,0.35254,1.7091,0.95075,0.97802,0,0,0,0,0,0,0,0,0,0,0,0,0,0,0.35254,0.0286114,0.00953714,0.0286114,0.00953714,0.0286114,0.00953714,0.0286114,0.00953714
113,9936.1,1.85881,1.06269,1.03126,0,0,0,0,0,0,0,0,0,0,0.49429,0.06699,0.45069,0.49458,0.62838,0.58191,0.59465,0.35344,1.70691,0.94908,0.97732,0,0,0,0,0,0,0,0,0,0,0,0,0,0,0.35344,0.0285867,0.00952889,0.0285867,0.00952889,0.0285867,0.00952889,0.0285867,0.00952889
114,10024.1,1.8586,1.06125,1.03276,0,0,0,0,0,0,0,0,0,0,0.49429,0.06696,0.45093,0.49445,0.62821,0.58131,0.59506,0.35365,1.7051,0.94758,0.97685,0,0,0,0,0,0,0,0,0,0,0,0,0,0,0.35365,0.0285617,0.00952058,0.0285617,0.00952058,0.0285617,0.00952058,0.0285617,0.00952058
115,10112,1.85554,1.06082,1.02723,0,0,0,0,0,0,0,0,0,0,0.49431,0.06694,0.45066,0.49461,0.62888,0.58289,0.59612,0.35426,1.70306,0.94601,0.97641,0,0,0,0,0,0,0,0,0,0,0,0,0,0,0.35426,0.0285366,0.0095122,0.0285366,0.0095122,0.0285366,0.0095122,0.0285366,0.0095122
116,10199.5,1.85532,1.06258,1.03004,0,0,0,0,0,0,0,0,0,0,0.49428,0.06696,0.45016,0.49458,0.63024,0.58445,0.59779,0.3547,1.7004,0.94477,0.97574,0,0,0,0,0,0,0,0,0,0,0,0,0,0,0.3547,0.0285113,0.00950375,0.0285113,0.00950375,0.0285113,0.00950375,0.0285113,0.00950375
117,10286.9,1.84808,1.05566,1.02183,0,0,0,0,0,0,0,0,0,0,0.49426,0.06692,0.44937,0.49444,0.6292,0.58574,0.59772,0.35511,1.69842,0.94285,0.97534,0,0,0,0,0,0,0,0,0,0,0,0,0,0,0.35511,0.0284857,0.00949524,0.0284857,0.00949524,0.0284857,0.00949524,0.0284857,0.00949524
118,10374.7,1.85801,1.05277,1.02871,0,0,0,0,0,0,0,0,0,0,0.49427,0.06695,0.44989,0.49457,0.62676,0.58625,0.59834,0.35528,1.69668,0.94114,0.97482,0,0,0,0,0,0,0,0,0,0,0,0,0,0,0.35528,0.02846,0.00948665,0.02846,0.00948665,0.02846,0.00948665,0.02846,0.00948665
119,10462.1,1.85857,1.05524,1.02838,0,0,0,0,0,0,0,0,0,0,0.49424,0.06696,0.45059,0.49456,0.63294,0.58385,0.59831,0.35566,1.69482,0.93965,0.97417,0,0,0,0,0,0,0,0,0,0,0,0,0,0,0.35566,0.028434,0.009478,0.028434,0.009478,0.028434,0.009478,0.028434,0.009478
120,10549.7,1.84546,1.05818,1.0202,0,0,0,0,0,0,0,0,0,0,0.49425,0.06694,0.4503,0.49455,0.63025,0.58607,0.59884,0.3568,1.6927,0.93796,0.97356,0,0,0,0,0,0,0,0,0,0,0,0,0,0,0.3568,0.0284078,0.00946927,0.0284078,0.00946927,0.0284078,0.00946927,0.0284078,0.00946927
121,10638.2,1.83707,1.04881,1.0197,0,0,0,0,0,0,0,0,0,0,0.49426,0.06698,0.45066,0.49456,0.63227,0.58629,0.59986,0.35716,1.69067,0.93639,0.97292,0,0,0,0,0,0,0,0,0,0,0,0,0,0,0.35716,0.0283814,0.00946048,0.0283814,0.00946048,0.0283814,0.00946048,0.0283814,0.00946048
122,10728.3,1.85665,1.05452,1.02394,0,0,0,0,0,0,0,0,0,0,0.49432,0.06701,0.45,0.49464,0.63453,0.58688,0.60115,0.35765,1.68893,0.9347,0.97235,0,0,0,0,0,0,0,0,0,0,0,0,0,0,0.35765,0.0283549,0.00945162,0.0283549,0.00945162,0.0283549,0.00945162,0.0283549,0.00945162
123,10818.4,1.84374,1.0469,1.02063,0,0,0,0,0,0,0,0,0,0,0.49426,0.06698,0.44967,0.49457,0.63456,0.58697,0.6005,0.35808,1.68638,0.93276,0.97167,0,0,0,0,0,0,0,0,0,0,0,0,0,0,0.35808,0.0283281,0.0094427,0.0283281,0.0094427,0.0283281,0.0094427,0.0283281,0.0094427
124,10908,1.84917,1.05222,1.02248,0,0,0,0,0,0,0,0,0,0,0.49425,0.06697,0.45032,0.49456,0.63487,0.58957,0.60123,0.35925,1.68406,0.93146,0.97104,0,0,0,0,0,0,0,0,0,0,0,0,0,0,0.35925,0.0283011,0.0094337,0.0283011,0.0094337,0.0283011,0.0094337,0.0283011,0.0094337
125,10997.9,1.83263,1.04563,1.01941,0,0,0,0,0,0,0,0,0,0,0.49428,0.06696,0.45008,0.49459,0.63897,0.58869,0.60209,0.35965,1.68125,0.93032,0.97038,0,0,0,0,0,0,0,0,0,0,0,0,0,0,0.35965,0.0282739,0.00942464,0.0282739,0.00942464,0.0282739,0.00942464,0.0282739,0.00942464
126,11088.1,1.83835,1.04354,1.02385,0,0,0,0,0,0,0,0,0,0,0.49424,0.06695,0.45016,0.49455,0.63909,0.5885,0.60189,0.35999,1.67918,0.92868,0.9697,0,0,0,0,0,0,0,0,0,0,0,0,0,0,0.35999,0.0282465,0.00941551,0.0282465,0.00941551,0.0282465,0.00941551,0.0282465,0.00941551
127,11178.7,1.83174,1.04941,1.02049,0,0,0,0,0,0,0,0,0,0,0.49427,0.06695,0.45002,0.49445,0.64016,0.58844,0.60294,0.36085,1.67717,0.92704,0.96919,0,0,0,0,0,0,0,0,0,0,0,0,0,0,0.36085,0.0282189,0.00940631,0.0282189,0.00940631,0.0282189,0.00940631,0.0282189,0.00940631
128,11269.4,1.83437,1.04468,1.01904,0,0,0,0,0,0,0,0,0,0,0.49427,0.06698,0.44939,0.49444,0.64098,0.58941,0.6037,0.36132,1.67528,0.92623,0.96868,0,0,0,0,0,0,0,0,0,0,0,0,0,0,0.36132,0.0281911,0.00939705,0.0281911,0.00939705,0.0281911,0.00939705,0.0281911,0.00939705
129,11360,1.83253,1.03697,1.01756,0,0,0,0,0,0,0,0,0,0,0.49423,0.06695,0.44978,0.49455,0.64163,0.59,0.60432,0.36174,1.67317,0.92448,0.96802,0,0,0,0,0,0,0,0,0,0,0,0,0,0,0.36174,0.0281632,0.00938772,0.0281632,0.00938772,0.0281632,0.00938772,0.0281632,0.00938772
130,11450.5,1.83201,1.03488,1.01504,0,0,0,0,0,0,0,0,0,0,0.49423,0.06698,0.44962,0.49454,0.64305,0.59153,0.60573,0.36258,1.67026,0.92269,0.96729,0,0,0,0,0,0,0,0,0,0,0,0,0,0,0.36258,0.028135,0.00937832,0.028135,0.00937832,0.028135,0.00937832,0.028135,0.00937832
131,11539.9,1.81852,1.03483,1.01276,0,0,0,0,0,0,0,0,0,0,0.49423,0.06692,0.44985,0.49453,0.64151,0.59093,0.60585,0.36319,1.66895,0.92134,0.96688,0,0,0,0,0,0,0,0,0,0,0,0,0,0,0.36319,0.0281066,0.00936886,0.0281066,0.00936886,0.0281066,0.00936886,0.0281066,0.00936886
132,11629.6,1.82053,1.03504,1.01741,0,0,0,0,0,0,0,0,0,0,0.49426,0.06691,0.44985,0.49445,0.64092,0.59278,0.60615,0.36398,1.66681,0.91962,0.96626,0,0,0,0,0,0,0,0,0,0,0,0,0,0,0.36398,0.028078,0.00935932,0.028078,0.00935932,0.028078,0.00935932,0.028078,0.00935932
133,11719.1,1.82707,1.04555,1.01635,0,0,0,0,0,0,0,0,0,0,0.49427,0.06697,0.44977,0.49457,0.64255,0.59304,0.60683,0.3645,1.6651,0.91865,0.9656,0,0,0,0,0,0,0,0,0,0,0,0,0,0,0.3645,0.0280492,0.00934973,0.0280492,0.00934973,0.0280492,0.00934973,0.0280492,0.00934973
134,11809.1,1.81544,1.03097,1.01334,0,0,0,0,0,0,0,0,0,0,0.49424,0.06692,0.44957,0.49455,0.64164,0.59269,0.60718,0.36497,1.66316,0.91706,0.96505,0,0,0,0,0,0,0,0,0,0,0,0,0,0,0.36497,0.0280202,0.00934006,0.0280202,0.00934006,0.0280202,0.00934006,0.0280202,0.00934006
135,11898.6,1.8139,1.02186,1.01414,0,0,0,0,0,0,0,0,0,0,0.49426,0.0669,0.45018,0.49456,0.64269,0.59322,0.60659,0.36538,1.66176,0.91554,0.96459,0,0,0,0,0,0,0,0,0,0,0,0,0,0,0.36538,0.027991,0.00933033,0.027991,0.00933033,0.027991,0.00933033,0.027991,0.00933033
136,11988.1,1.81954,1.02667,1.01592,0,0,0,0,0,0,0,0,0,0,0.49428,0.06697,0.45097,0.49457,0.64536,0.59299,0.60678,0.36548,1.65993,0.91407,0.9642,0,0,0,0,0,0,0,0,0,0,0,0,0,0,0.36548,0.0279616,0.00932054,0.0279616,0.00932054,0.0279616,0.00932054,0.0279616,0.00932054
137,12076.9,1.81289,1.02418,1.01075,0,0,0,0,0,0,0,0,0,0,0.49426,0.06693,0.44939,0.49457,0.64508,0.59416,0.60835,0.36686,1.65763,0.91247,0.96358,0,0,0,0,0,0,0,0,0,0,0,0,0,0,0.36686,0.027932,0.00931067,0.027932,0.00931067,0.027932,0.00931067,0.027932,0.00931067
138,12166,1.81449,1.02009,1.01121,0,0,0,0,0,0,0,0,0,0,0.49425,0.06691,0.45033,0.49456,0.64605,0.59418,0.60849,0.36743,1.65544,0.9108,0.96295,0,0,0,0,0,0,0,0,0,0,0,0,0,0,0.36743,0.0279022,0.00930075,0.0279022,0.00930075,0.0279022,0.00930075,0.0279022,0.00930075
139,12255.8,1.80382,1.01593,1.00712,0,0,0,0,0,0,0,0,0,0,0.49425,0.06695,0.45022,0.49457,0.64775,0.59511,0.61016,0.36783,1.65298,0.90934,0.96228,0,0,0,0,0,0,0,0,0,0,0,0,0,0,0.36783,0.0278723,0.00929075,0.0278723,0.00929075,0.0278723,0.00929075,0.0278723,0.00929075
140,12345.4,1.8047,1.01627,1.01241,0,0,0,0,0,0,0,0,0,0,0.49425,0.06701,0.45028,0.49456,0.65068,0.59309,0.6099,0.36835,1.65107,0.90774,0.96171,0,0,0,0,0,0,0,0,0,0,0,0,0,0,0.36835,0.0278421,0.00928069,0.0278421,0.00928069,0.0278421,0.00928069,0.0278421,0.00928069
141,12434.8,1.79839,1.02053,1.00726,0,0,0,0,0,0,0,0,0,0,0.49428,0.06693,0.45027,0.49458,0.65282,0.59372,0.61045,0.36854,1.64876,0.90623,0.96104,0,0,0,0,0,0,0,0,0,0,0,0,0,0,0.36854,0.0278117,0.00927057,0.0278117,0.00927057,0.0278117,0.00927057,0.0278117,0.00927057
142,12523.6,1.7986,1.0142,1.01179,0,0,0,0,0,0,0,0,0,0,0.49428,0.06695,0.45064,0.49457,0.6555,0.59417,0.61161,0.36912,1.64667,0.90472,0.96043,0,0,0,0,0,0,0,0,0,0,0,0,0,0,0.36912,0.0277811,0.00926038,0.0277811,0.00926038,0.0277811,0.00926038,0.0277811,0.00926038
143,12613.1,1.79461,1.0178,1.0106,0,0,0,0,0,0,0,0,0,0,0.49428,0.06695,0.4504,0.49459,0.65611,0.59426,0.61176,0.36949,1.64435,0.90337,0.95975,0,0,0,0,0,0,0,0,0,0,0,0,0,0,0.36949,0.0277504,0.00925013,0.0277504,0.00925013,0.0277504,0.00925013,0.0277504,0.00925013
144,12702.6,1.78675,1.01108,1.00461,0,0,0,0,0,0,0,0,0,0,0.49427,0.06691,0.44959,0.49458,0.65639,0.59554,0.61207,0.37017,1.64164,0.90151,0.95908,0,0,0,0,0,0,0,0,0,0,0,0,0,0,0.37017,0.0277194,0.00923981,0.0277194,0.00923981,0.0277194,0.00923981,0.0277194,0.00923981
145,12791.9,1.7996,1.01805,1.00311,0,0,0,0,0,0,0,0,0,0,0.49423,0.06693,0.45112,0.49454,0.65698,0.5961,0.61286,0.37045,1.64018,0.90035,0.95853,0,0,0,0,0,0,0,0,0,0,0,0,0,0,0.37045,0.0276883,0.00922942,0.0276883,0.00922942,0.0276883,0.00922942,0.0276883,0.00922942
146,12881,1.78064,1.01012,1.00876,0,0,0,0,0,0,0,0,0,0,0.49428,0.06696,0.45011,0.49444,0.65428,0.59661,0.61279,0.37068,1.63821,0.89858,0.95797,0,0,0,0,0,0,0,0,0,0,0,0,0,0,0.37068,0.0276569,0.00921898,0.0276569,0.00921898,0.0276569,0.00921898,0.0276569,0.00921898
147,12970.7,1.79789,1.00578,1.00604,0,0,0,0,0,0,0,0,0,0,0.49424,0.06695,0.4506,0.49454,0.6547,0.59884,0.61434,0.37134,1.6356,0.89704,0.95731,0,0,0,0,0,0,0,0,0,0,0,0,0,0,0.37134,0.0276254,0.00920846,0.0276254,0.00920846,0.0276254,0.00920846,0.0276254,0.00920846
148,13059.4,1.78444,1.00202,1.00647,0,0,0,0,0,0,0,0,0,0,0.49426,0.0669,0.45004,0.49444,0.65449,0.59795,0.61487,0.37214,1.63341,0.89564,0.95671,0,0,0,0,0,0,0,0,0,0,0,0,0,0,0.37214,0.0275937,0.00919789,0.0275937,0.00919789,0.0275937,0.00919789,0.0275937,0.00919789
149,13148.6,1.78533,0.99836,1.00369,0,0,0,0,0,0,0,0,0,0,0.49426,0.06696,0.44953,0.49458,0.65193,0.60078,0.6142,0.37243,1.63127,0.89368,0.95616,0,0,0,0,0,0,0,0,0,0,0,0,0,0,0.37243,0.0275617,0.00918725,0.0275617,0.00918725,0.0275617,0.00918725,0.0275617,0.00918725
150,13237.5,1.78742,1.00749,1.00431,0,0,0,0,0,0,0,0,0,0,0.49423,0.06694,0.44932,0.49456,0.65365,0.59962,0.61518,0.37298,1.62964,0.89217,0.95572,0,0,0,0,0,0,0,0,0,0,0,0,0,0,0.37298,0.0275296,0.00917654,0.0275296,0.00917654,0.0275296,0.00917654,0.0275296,0.00917654
151,13327.1,1.78573,1.0021,1.00126,0,0,0,0,0,0,0,0,0,0,0.49426,0.06694,0.44967,0.49458,0.65388,0.6023,0.61488,0.37357,1.62792,0.89043,0.9552,0,0,0,0,0,0,0,0,0,0,0,0,0,0,0.37357,0.0274973,0.00916577,0.0274973,0.00916577,0.0274973,0.00916577,0.0274973,0.00916577
152,13416.4,1.77041,0.99644,0.99816,0,0,0,0,0,0,0,0,0,0,0.49426,0.067,0.44954,0.49456,0.65437,0.60389,0.61656,0.37433,1.62535,0.88925,0.95448,0,0,0,0,0,0,0,0,0,0,0,0,0,0,0.37433,0.0274648,0.00915494,0.0274648,0.00915494,0.0274648,0.00915494,0.0274648,0.00915494
153,13505.9,1.77279,0.99667,1.00352,0,0,0,0,0,0,0,0,0,0,0.49427,0.06696,0.45062,0.49457,0.65447,0.60441,0.61719,0.37469,1.62304,0.88726,0.95391,0,0,0,0,0,0,0,0,0,0,0,0,0,0,0.37469,0.0274321,0.00914405,0.0274321,0.00914405,0.0274321,0.00914405,0.0274321,0.00914405
154,13595,1.77895,0.99702,1.00142,0,0,0,0,0,0,0,0,0,0,0.49424,0.06697,0.45046,0.49453,0.65403,0.60685,0.61777,0.37488,1.62142,0.88573,0.95334,0,0,0,0,0,0,0,0,0,0,0,0,0,0,0.37488,0.0273993,0.00913309,0.0273993,0.00913309,0.0273993,0.00913309,0.0273993,0.00913309
155,13685.1,1.76478,0.98921,0.99797,0,0,0,0,0,0,0,0,0,0,0.4943,0.06696,0.45006,0.4946,0.65553,0.60569,0.61868,0.37513,1.61944,0.8847,0.95284,0,0,0,0,0,0,0,0,0,0,0,0,0,0,0.37513,0.0273662,0.00912207,0.0273662,0.00912207,0.0273662,0.00912207,0.0273662,0.00912207
156,13774.8,1.77534,0.99261,0.99929,0,0,0,0,0,0,0,0,0,0,0.49426,0.06689,0.44992,0.49457,0.65448,0.60764,0.61922,0.37549,1.61807,0.88309,0.95241,0,0,0,0,0,0,0,0,0,0,0,0,0,0,0.37549,0.027333,0.00911099,0.027333,0.00911099,0.027333,0.00911099,0.027333,0.00911099
157,13864,1.77045,0.99306,0.99728,0,0,0,0,0,0,0,0,0,0,0.49425,0.06694,0.44975,0.49444,0.65635,0.60715,0.62001,0.37628,1.61661,0.88161,0.95184,0,0,0,0,0,0,0,0,0,0,0,0,0,0,0.37628,0.0272995,0.00909984,0.0272995,0.00909984,0.0272995,0.00909984,0.0272995,0.00909984
158,13952.8,1.76729,0.98615,0.99938,0,0,0,0,0,0,0,0,0,0,0.49429,0.06697,0.45027,0.49447,0.65727,0.60684,0.62027,0.37721,1.61472,0.88025,0.95149,0,0,0,0,0,0,0,0,0,0,0,0,0,0,0.37721,0.0272659,0.00908863,0.0272659,0.00908863,0.0272659,0.00908863,0.0272659,0.00908863
159,14042.1,1.77903,0.99848,1.00038,0,0,0,0,0,0,0,0,0,0,0.49427,0.06693,0.44962,0.49457,0.65674,0.60727,0.61984,0.37764,1.61373,0.87872,0.95106,0,0,0,0,0,0,0,0,0,0,0,0,0,0,0.37764,0.0272321,0.00907736,0.0272321,0.00907736,0.0272321,0.00907736,0.0272321,0.00907736
160,14131.2,1.7692,0.98972,0.99765,0,0,0,0,0,0,0,0,0,0,0.49427,0.06692,0.44963,0.49458,0.65869,0.60814,0.62053,0.37824,1.61237,0.87737,0.95062,0,0,0,0,0,0,0,0,0,0,0,0,0,0,0.37824,0.0271981,0.00906603,0.0271981,0.00906603,0.0271981,0.00906603,0.0271981,0.00906603
161,14220.7,1.77091,0.99072,0.99488,0,0,0,0,0,0,0,0,0,0,0.4943,0.067,0.45017,0.4946,0.66019,0.60832,0.62094,0.37846,1.61048,0.8759,0.95003,0,0,0,0,0,0,0,0,0,0,0,0,0,0,0.37846,0.0271639,0.00905463,0.0271639,0.00905463,0.0271639,0.00905463,0.0271639,0.00905463
162,14310,1.75825,0.98328,0.99698,0,0,0,0,0,0,0,0,0,0,0.49426,0.06696,0.45013,0.49457,0.66061,0.60982,0.62181,0.37918,1.60855,0.87452,0.94948,0,0,0,0,0,0,0,0,0,0,0,0,0,0,0.37918,0.0271295,0.00904318,0.0271295,0.00904318,0.0271295,0.00904318,0.0271295,0.00904318
163,14399.7,1.77117,0.98818,1.0007,0,0,0,0,0,0,0,0,0,0,0.49424,0.06693,0.45039,0.49454,0.65864,0.61004,0.62167,0.3797,1.60666,0.87263,0.94894,0,0,0,0,0,0,0,0,0,0,0,0,0,0,0.3797,0.027095,0.00903166,0.027095,0.00903166,0.027095,0.00903166,0.027095,0.00903166
164,14489.3,1.76467,0.9912,0.99728,0,0,0,0,0,0,0,0,0,0,0.49428,0.06693,0.45021,0.49459,0.6615,0.61004,0.62318,0.38046,1.60369,0.87113,0.94828,0,0,0,0,0,0,0,0,0,0,0,0,0,0,0.38046,0.0270602,0.00902008,0.0270602,0.00902008,0.0270602,0.00902008,0.0270602,0.00902008
165,14579.7,1.76913,0.99435,0.99955,0,0,0,0,0,0,0,0,0,0,0.49424,0.06696,0.45067,0.49455,0.66014,0.61089,0.62278,0.38132,1.60179,0.86956,0.94772,0,0,0,0,0,0,0,0,0,0,0,0,0,0,0.38132,0.0270253,0.00900844,0.0270253,0.00900844,0.0270253,0.00900844,0.0270253,0.00900844
166,14669.2,1.7683,0.98746,0.99549,0,0,0,0,0,0,0,0,0,0,0.49429,0.06698,0.45047,0.4946,0.66208,0.61215,0.62378,0.38142,1.60024,0.86788,0.94722,0,0,0,0,0,0,0,0,0,0,0,0,0,0,0.38142,0.0269902,0.00899674,0.0269902,0.00899674,0.0269902,0.00899674,0.0269902,0.00899674
167,14758.8,1.75855,0.98309,0.994,0,0,0,0,0,0,0,0,0,0,0.49427,0.067,0.44899,0.49459,0.6591,0.61498,0.62444,0.38221,1.59829,0.86686,0.94673,0,0,0,0,0,0,0,0,0,0,0,0,0,0,0.38221,0.0269549,0.00898497,0.0269549,0.00898497,0.0269549,0.00898497,0.0269549,0.00898497
168,14848.2,1.75329,0.97703,0.9931,0,0,0,0,0,0,0,0,0,0,0.49429,0.06695,0.44989,0.4946,0.65933,0.61389,0.62472,0.38225,1.59728,0.8656,0.9463,0,0,0,0,0,0,0,0,0,0,0,0,0,0,0.38225,0.0269195,0.00897315,0.0269195,0.00897315,0.0269195,0.00897315,0.0269195,0.00897315
169,14938.1,1.75269,0.97983,0.99381,0,0,0,0,0,0,0,0,0,0,0.49426,0.0669,0.44995,0.49457,0.66052,0.61279,0.62463,0.38298,1.59597,0.86376,0.94588,0,0,0,0,0,0,0,0,0,0,0,0,0,0,0.38298,0.0268838,0.00896127,0.0268838,0.00896127,0.0268838,0.00896127,0.0268838,0.00896127
170,15027.4,1.75567,0.97679,0.98724,0,0,0,0,0,0,0,0,0,0,0.49426,0.067,0.44826,0.49444,0.65996,0.61528,0.62522,0.38382,1.59381,0.86245,0.94515,0,0,0,0,0,0,0,0,0,0,0,0,0,0,0.38382,0.026848,0.00894932,0.026848,0.00894932,0.026848,0.00894932,0.026848,0.00894932
171,15116.9,1.7489,0.97525,0.98884,0,0,0,0,0,0,0,0,0,0,0.4943,0.06695,0.45052,0.49459,0.65864,0.61692,0.62573,0.38439,1.59174,0.86127,0.94468,0,0,0,0,0,0,0,0,0,0,0,0,0,0,0.38439,0.026812,0.00893732,0.026812,0.00893732,0.026812,0.00893732,0.026812,0.00893732
172,15206.2,1.75426,0.97724,0.99369,0,0,0,0,0,0,0,0,0,0,0.49428,0.06694,0.44922,0.49459,0.66188,0.61558,0.626,0.38474,1.59009,0.85957,0.94415,0,0,0,0,0,0,0,0,0,0,0,0,0,0,0.38474,0.0267758,0.00892525,0.0267758,0.00892525,0.0267758,0.00892525,0.0267758,0.00892525
173,15295.7,1.75344,0.9763,0.99195,0,0,0,0,0,0,0,0,0,0,0.49427,0.06691,0.44918,0.49458,0.6661,0.61614,0.62756,0.38525,1.5887,0.85855,0.9437,0,0,0,0,0,0,0,0,0,0,0,0,0,0,0.38525,0.0267394,0.00891313,0.0267394,0.00891313,0.0267394,0.00891313,0.0267394,0.00891313
174,15385,1.74811,0.97735,0.99399,0,0,0,0,0,0,0,0,0,0,0.49426,0.06693,0.44967,0.49458,0.66588,0.61576,0.62783,0.38592,1.58637,0.85688,0.94316,0,0,0,0,0,0,0,0,0,0,0,0,0,0,0.38592,0.0267028,0.00890095,0.0267028,0.00890095,0.0267028,0.00890095,0.0267028,0.00890095
175,15473.7,1.74872,0.97455,0.98968,0,0,0,0,0,0,0,0,0,0,0.49425,0.06693,0.45003,0.49456,0.66789,0.61826,0.6291,0.38638,1.58428,0.85486,0.9426,0,0,0,0,0,0,0,0,0,0,0,0,0,0,0.38638,0.0266661,0.0088887,0.0266661,0.0088887,0.0266661,0.0088887,0.0266661,0.0088887
176,15561.9,1.7508,0.97221,0.98634,0,0,0,0,0,0,0,0,0,0,0.49423,0.067,0.44979,0.49455,0.66718,0.61972,0.63015,0.38672,1.58241,0.85357,0.94217,0,0,0,0,0,0,0,0,0,0,0,0,0,0,0.38672,0.0266292,0.0088764,0.0266292,0.0088764,0.0266292,0.0088764,0.0266292,0.0088764
177,15650,1.73255,0.96345,0.988,0,0,0,0,0,0,0,0,0,0,0.49424,0.06696,0.449,0.49456,0.67233,0.61739,0.63102,0.3881,1.57992,0.85208,0.94165,0,0,0,0,0,0,0,0,0,0,0,0,0,0,0.3881,0.0265921,0.00886404,0.0265921,0.00886404,0.0265921,0.00886404,0.0265921,0.00886404
178,15738.7,1.74149,0.97045,0.98806,0,0,0,0,0,0,0,0,0,0,0.49426,0.06697,0.45047,0.49456,0.67332,0.61796,0.63176,0.38828,1.57738,0.85027,0.9411,0,0,0,0,0,0,0,0,0,0,0,0,0,0,0.38828,0.0265549,0.00885162,0.0265549,0.00885162,0.0265549,0.00885162,0.0265549,0.00885162
179,15827.3,1.74673,0.9678,0.98684,0,0,0,0,0,0,0,0,0,0,0.49423,0.06692,0.45024,0.4944,0.67508,0.61774,0.63192,0.38895,1.57539,0.84865,0.94065,0,0,0,0,0,0,0,0,0,0,0,0,0,0,0.38895,0.0265174,0.00883914,0.0265174,0.00883914,0.0265174,0.00883914,0.0265174,0.00883914
180,15915.6,1.74119,0.96169,0.98513,0,0,0,0,0,0,0,0,0,0,0.49425,0.06694,0.44903,0.49456,0.67447,0.61855,0.63236,0.38955,1.57353,0.84747,0.94012,0,0,0,0,0,0,0,0,0,0,0,0,0,0,0.38955,0.0264798,0.0088266,0.0264798,0.0088266,0.0264798,0.0088266,0.0264798,0.0088266
181,16004.5,1.74138,0.96635,0.98924,0,0,0,0,0,0,0,0,0,0,0.4943,0.06697,0.45014,0.4946,0.67373,0.62005,0.63261,0.38999,1.57092,0.84577,0.9397,0,0,0,0,0,0,0,0,0,0,0,0,0,0,0.38999,0.026442,0.00881401,0.026442,0.00881401,0.026442,0.00881401,0.026442,0.00881401
182,16093.2,1.7197,0.95539,0.98476,0,0,0,0,0,0,0,0,0,0,0.4943,0.067,0.45023,0.4946,0.67347,0.6213,0.6334,0.391,1.56805,0.84398,0.93911,0,0,0,0,0,0,0,0,0,0,0,0,0,0,0.391,0.0264041,0.00880136,0.0264041,0.00880136,0.0264041,0.00880136,0.0264041,0.00880136
183,16180.8,1.73048,0.963,0.98498,0,0,0,0,0,0,0,0,0,0,0.49428,0.06695,0.45099,0.49458,0.6758,0.62192,0.63461,0.39177,1.5665,0.84283,0.93869,0,0,0,0,0,0,0,0,0,0,0,0,0,0,0.39177,0.0263659,0.00878864,0.0263659,0.00878864,0.0263659,0.00878864,0.0263659,0.00878864
184,16269.3,1.73267,0.9623,0.98716,0,0,0,0,0,0,0,0,0,0,0.49424,0.06691,0.44931,0.49455,0.67571,0.62084,0.63443,0.39246,1.56426,0.84147,0.93813,0,0,0,0,0,0,0,0,0,0,0,0,0,0,0.39246,0.0263276,0.00877588,0.0263276,0.00877588,0.0263276,0.00877588,0.0263276,0.00877588
185,16357.4,1.7329,0.95987,0.98562,0,0,0,0,0,0,0,0,0,0,0.4943,0.06704,0.44956,0.49461,0.67622,0.62069,0.6348,0.39282,1.56248,0.84019,0.93768,0,0,0,0,0,0,0,0,0,0,0,0,0,0,0.39282,0.0262891,0.00876305,0.0262891,0.00876305,0.0262891,0.00876305,0.0262891,0.00876305
186,16446.2,1.72514,0.96059,0.97839,0,0,0,0,0,0,0,0,0,0,0.49422,0.06698,0.4503,0.4944,0.68112,0.61925,0.6358,0.39377,1.56014,0.83872,0.93717,0,0,0,0,0,0,0,0,0,0,0,0,0,0,0.39377,0.0262505,0.00875017,0.0262505,0.00875017,0.0262505,0.00875017,0.0262505,0.00875017
187,16535,1.71516,0.94917,0.97853,0,0,0,0,0,0,0,0,0,0,0.49428,0.067,0.45044,0.49457,0.68353,0.61872,0.63669,0.39433,1.55841,0.83752,0.93665,0,0,0,0,0,0,0,0,0,0,0,0,0,0,0.39433,0.0262117,0.00873723,0.0262117,0.00873723,0.0262117,0.00873723,0.0262117,0.00873723
188,16624,1.71981,0.95155,0.98622,0,0,0,0,0,0,0,0,0,0,0.49426,0.06692,0.44999,0.49457,0.68383,0.6191,0.63639,0.39488,1.55644,0.83636,0.93606,0,0,0,0,0,0,0,0,0,0,0,0,0,0,0.39488,0.0261727,0.00872423,0.0261727,0.00872423,0.0261727,0.00872423,0.0261727,0.00872423
189,16713.1,1.71954,0.95259,0.98533,0,0,0,0,0,0,0,0,0,0,0.4943,0.06704,0.44965,0.49462,0.68678,0.62002,0.6381,0.39575,1.55459,0.83503,0.93554,0,0,0,0,0,0,0,0,0,0,0,0,0,0,0.39575,0.0261335,0.00871117,0.0261335,0.00871117,0.0261335,0.00871117,0.0261335,0.00871117
190,16802.5,1.71215,0.95151,0.98161,0,0,0,0,0,0,0,0,0,0,0.49428,0.06697,0.45003,0.49446,0.68767,0.62054,0.63804,0.39649,1.55244,0.83345,0.93511,0,0,0,0,0,0,0,0,0,0,0,0,0,0,0.39649,0.0260942,0.00869806,0.0260942,0.00869806,0.0260942,0.00869806,0.0260942,0.00869806
191,16892.5,1.71186,0.95376,0.98129,0,0,0,0,0,0,0,0,0,0,0.49428,0.06697,0.45045,0.49457,0.69052,0.62159,0.63935,0.397,1.55073,0.83244,0.93473,0,0,0,0,0,0,0,0,0,0,0,0,0,0,0.397,0.0260547,0.0086849,0.0260547,0.0086849,0.0260547,0.0086849,0.0260547,0.0086849
192,16982.4,1.71989,0.95556,0.98136,0,0,0,0,0,0,0,0,0,0,0.49427,0.06693,0.44954,0.49458,0.69201,0.62265,0.63987,0.3972,1.54929,0.83107,0.93422,0,0,0,0,0,0,0,0,0,0,0,0,0,0,0.3972,0.026015,0.00867167,0.026015,0.00867167,0.026015,0.00867167,0.026015,0.00867167
193,17071.9,1.72951,0.96174,0.98349,0,0,0,0,0,0,0,0,0,0,0.49428,0.06699,0.4502,0.49459,0.69276,0.62354,0.64088,0.39742,1.54698,0.83001,0.93374,0,0,0,0,0,0,0,0,0,0,0,0,0,0,0.39742,0.0259752,0.00865839,0.0259752,0.00865839,0.0259752,0.00865839,0.0259752,0.00865839
194,17160.8,1.71091,0.94504,0.97712,0,0,0,0,0,0,0,0,0,0,0.49424,0.06696,0.44963,0.49454,0.69279,0.62278,0.64146,0.3985,1.54507,0.829,0.93341,0,0,0,0,0,0,0,0,0,0,0,0,0,0,0.3985,0.0259352,0.00864506,0.0259352,0.00864506,0.0259352,0.00864506,0.0259352,0.00864506
195,17253,1.71074,0.94255,0.98081,0,0,0,0,0,0,0,0,0,0,0.49431,0.06699,0.44976,0.49461,0.69519,0.62343,0.64341,0.39945,1.54281,0.82746,0.93296,0,0,0,0,0,0,0,0,0,0,0,0,0,0,0.39945,0.025895,0.00863167,0.025895,0.00863167,0.025895,0.00863167,0.025895,0.00863167
196,17349.5,1.71355,0.94479,0.98098,0,0,0,0,0,0,0,0,0,0,0.49426,0.06694,0.45039,0.49456,0.693,0.62436,0.64317,0.39953,1.54054,0.82626,0.93246,0,0,0,0,0,0,0,0,0,0,0,0,0,0,0.39953,0.0258547,0.00861823,0.0258547,0.00861823,0.0258547,0.00861823,0.0258547,0.00861823
197,17438.9,1.7139,0.94351,0.97881,0,0,0,0,0,0,0,0,0,0,0.49428,0.06699,0.45026,0.49459,0.69156,0.62581,0.64413,0.39966,1.53873,0.82505,0.93195,0,0,0,0,0,0,0,0,0,0,0,0,0,0,0.39966,0.0258142,0.00860473,0.0258142,0.00860473,0.0258142,0.00860473,0.0258142,0.00860473
198,17528.8,1.70847,0.94497,0.98004,0,0,0,0,0,0,0,0,0,0,0.49427,0.06695,0.45027,0.49456,0.69321,0.62629,0.64504,0.40088,1.53683,0.82356,0.93149,0,0,0,0,0,0,0,0,0,0,0,0,0,0,0.40088,0.0257735,0.00859117,0.0257735,0.00859117,0.0257735,0.00859117,0.0257735,0.00859117
199,17618.4,1.70907,0.94198,0.98048,0,0,0,0,0,0,0,0,0,0,0.49428,0.06693,0.45066,0.49458,0.69319,0.627,0.64491,0.40141,1.53491,0.82229,0.93094,0,0,0,0,0,0,0,0,0,0,0,0,0,0,0.40141,0.0257327,0.00857756,0.0257327,0.00857756,0.0257327,0.00857756,0.0257327,0.00857756
200,17707.7,1.70368,0.95013,0.97711,0,0,0,0,0,0,0,0,0,0,0.49428,0.06693,0.44982,0.49458,0.6983,0.6259,0.64631,0.40152,1.5335,0.82136,0.9306,0,0,0,0,0,0,0,0,0,0,0,0,0,0,0.40152,0.0256917,0.0085639,0.0256917,0.0085639,0.0256917,0.0085639,0.0256917,0.0085639
201,17797.2,1.6946,0.93862,0.97609,0,0,0,0,0,0,0,0,0,0,0.49428,0.06698,0.45039,0.49457,0.69813,0.62727,0.64613,0.40191,1.53162,0.81991,0.93009,0,0,0,0,0,0,0,0,0,0,0,0,0,0,0.40191,0.0256505,0.00855018,0.0256505,0.00855018,0.0256505,0.00855018,0.0256505,0.00855018
202,17886.8,1.6981,0.9429,0.97608,0,0,0,0,0,0,0,0,0,0,0.49423,0.06694,0.45015,0.49453,0.69661,0.62827,0.647,0.40216,1.52986,0.81871,0.92967,0,0,0,0,0,0,0,0,0,0,0,0,0,0,0.40216,0.0256092,0.00853641,0.0256092,0.00853641,0.0256092,0.00853641,0.0256092,0.00853641
203,17976.3,1.70128,0.93627,0.97906,0,0,0,0,0,0,0,0,0,0,0.49428,0.06693,0.44988,0.49459,0.6985,0.62936,0.64763,0.40294,1.52797,0.8176,0.92923,0,0,0,0,0,0,0,0,0,0,0,0,0,0,0.40294,0.0255677,0.00852258,0.0255677,0.00852258,0.0255677,0.00852258,0.0255677,0.00852258
204,18065.6,1.70203,0.93832,0.97788,0,0,0,0,0,0,0,0,0,0,0.49424,0.06691,0.4493,0.49442,0.70129,0.629,0.64892,0.40338,1.52623,0.81689,0.92875,0,0,0,0,0,0,0,0,0,0,0,0,0,0,0.40338,0.0255261,0.0085087,0.0255261,0.0085087,0.0255261,0.0085087,0.0255261,0.0085087
205,18154.7,1.70115,0.93623,0.97747,0,0,0,0,0,0,0,0,0,0,0.49428,0.06698,0.4502,0.49445,0.70332,0.62784,0.64936,0.40358,1.52431,0.81618,0.92828,0,0,0,0,0,0,0,0,0,0,0,0,0,0,0.40358,0.0254843,0.00849477,0.0254843,0.00849477,0.0254843,0.00849477,0.0254843,0.00849477
206,18244.1,1.69324,0.93754,0.97686,0,0,0,0,0,0,0,0,0,0,0.49427,0.06694,0.45023,0.49458,0.70389,0.62861,0.65078,0.40459,1.52278,0.81522,0.92786,0,0,0,0,0,0,0,0,0,0,0,0,0,0,0.40459,0.0254423,0.00848078,0.0254423,0.00848078,0.0254423,0.00848078,0.0254423,0.00848078
207,18333.7,1.69681,0.93266,0.97424,0,0,0,0,0,0,0,0,0,0,0.49425,0.06695,0.44928,0.49444,0.70438,0.6289,0.65147,0.40497,1.52137,0.81395,0.92741,0,0,0,0,0,0,0,0,0,0,0,0,0,0,0.40497,0.0254002,0.00846674,0.0254002,0.00846674,0.0254002,0.00846674,0.0254002,0.00846674
208,18423.2,1.69463,0.93611,0.97302,0,0,0,0,0,0,0,0,0,0,0.49426,0.06696,0.44983,0.49445,0.7043,0.62972,0.6516,0.40593,1.51906,0.81279,0.92695,0,0,0,0,0,0,0,0,0,0,0,0,0,0,0.40593,0.025358,0.00845265,0.025358,0.00845265,0.025358,0.00845265,0.025358,0.00845265
209,18513.5,1.68575,0.92457,0.9742,0,0,0,0,0,0,0,0,0,0,0.49426,0.06693,0.45033,0.49456,0.7058,0.631,0.65395,0.40661,1.51752,0.81186,0.9263,0,0,0,0,0,0,0,0,0,0,0,0,0,0,0.40661,0.0253155,0.00843851,0.0253155,0.00843851,0.0253155,0.00843851,0.0253155,0.00843851
210,18603.7,1.68728,0.93006,0.9725,0,0,0,0,0,0,0,0,0,0,0.49427,0.06695,0.4492,0.49458,0.70677,0.63239,0.65495,0.40692,1.5152,0.81044,0.9259,0,0,0,0,0,0,0,0,0,0,0,0,0,0,0.40692,0.0252729,0.00842431,0.0252729,0.00842431,0.0252729,0.00842431,0.0252729,0.00842431
211,18694.2,1.67776,0.92354,0.97088,0,0,0,0,0,0,0,0,0,0,0.49429,0.06694,0.44998,0.49462,0.70705,0.63185,0.65488,0.40755,1.51349,0.80946,0.92539,0,0,0,0,0,0,0,0,0,0,0,0,0,0,0.40755,0.0252302,0.00841006,0.0252302,0.00841006,0.0252302,0.00841006,0.0252302,0.00841006
212,18783.6,1.69508,0.93256,0.97557,0,0,0,0,0,0,0,0,0,0,0.4943,0.06702,0.4497,0.49461,0.70763,0.63265,0.6559,0.40823,1.51188,0.80865,0.92503,0,0,0,0,0,0,0,0,0,0,0,0,0,0,0.40823,0.0251873,0.00839576,0.0251873,0.00839576,0.0251873,0.00839576,0.0251873,0.00839576
213,18873.5,1.70032,0.93348,0.97295,0,0,0,0,0,0,0,0,0,0,0.49427,0.06696,0.45013,0.49457,0.70746,0.63301,0.65601,0.40855,1.51046,0.80756,0.92462,0,0,0,0,0,0,0,0,0,0,0,0,0,0,0.40855,0.0251442,0.00838141,0.0251442,0.00838141,0.0251442,0.00838141,0.0251442,0.00838141
214,18963.2,1.67946,0.91902,0.96937,0,0,0,0,0,0,0,0,0,0,0.49428,0.06698,0.44978,0.49445,0.70812,0.63366,0.65632,0.4092,1.50916,0.80657,0.92412,0,0,0,0,0,0,0,0,0,0,0,0,0,0,0.4092,0.025101,0.00836701,0.025101,0.00836701,0.025101,0.00836701,0.025101,0.00836701
215,19052.7,1.68545,0.92392,0.9698,0,0,0,0,0,0,0,0,0,0,0.49422,0.06693,0.45009,0.49453,0.70687,0.63391,0.65689,0.41013,1.50711,0.80542,0.92366,0,0,0,0,0,0,0,0,0,0,0,0,0,0,0.41013,0.0250577,0.00835255,0.0250577,0.00835255,0.0250577,0.00835255,0.0250577,0.00835255
216,19142.6,1.69081,0.93031,0.97271,0,0,0,0,0,0,0,0,0,0,0.49425,0.06695,0.45023,0.49457,0.70745,0.63421,0.65697,0.4106,1.5054,0.80377,0.92312,0,0,0,0,0,0,0,0,0,0,0,0,0,0,0.4106,0.0250141,0.00833805,0.0250141,0.00833805,0.0250141,0.00833805,0.0250141,0.00833805
217,19232,1.69097,0.92105,0.97268,0,0,0,0,0,0,0,0,0,0,0.49431,0.06696,0.45043,0.49459,0.70617,0.63483,0.6571,0.4109,1.504,0.80316,0.9227,0,0,0,0,0,0,0,0,0,0,0,0,0,0,0.4109,0.0249705,0.00832349,0.0249705,0.00832349,0.0249705,0.00832349,0.0249705,0.00832349
218,19321.2,1.68474,0.92486,0.97073,0,0,0,0,0,0,0,0,0,0,0.49425,0.06695,0.44984,0.49442,0.70719,0.63509,0.65688,0.41139,1.50191,0.80157,0.92224,0,0,0,0,0,0,0,0,0,0,0,0,0,0,0.41139,0.0249267,0.00830889,0.0249267,0.00830889,0.0249267,0.00830889,0.0249267,0.00830889
219,19410.8,1.68362,0.92997,0.96779,0,0,0,0,0,0,0,0,0,0,0.49425,0.06696,0.44947,0.49443,0.70714,0.6366,0.65779,0.41222,1.49955,0.8,0.9217,0,0,0,0,0,0,0,0,0,0,0,0,0,0,0.41222,0.0248827,0.00829423,0.0248827,0.00829423,0.0248827,0.00829423,0.0248827,0.00829423
220,19500.3,1.67916,0.92309,0.97003,0,0,0,0,0,0,0,0,0,0,0.49423,0.06693,0.44939,0.49453,0.70648,0.63651,0.65819,0.41258,1.49791,0.79913,0.92133,0,0,0,0,0,0,0,0,0,0,0,0,0,0,0.41258,0.0248386,0.00827952,0.0248386,0.00827952,0.0248386,0.00827952,0.0248386,0.00827952
221,19590.1,1.68288,0.91915,0.97154,0,0,0,0,0,0,0,0,0,0,0.4943,0.06695,0.4493,0.4946,0.71045,0.63607,0.65912,0.41292,1.49639,0.79815,0.92091,0,0,0,0,0,0,0,0,0,0,0,0,0,0,0.41292,0.0247943,0.00826477,0.0247943,0.00826477,0.0247943,0.00826477,0.0247943,0.00826477
222,19679.7,1.68303,0.91926,0.97089,0,0,0,0,0,0,0,0,0,0,0.49428,0.06699,0.44995,0.49458,0.7076,0.63687,0.66003,0.4138,1.49457,0.79708,0.92049,0,0,0,0,0,0,0,0,0,0,0,0,0,0,0.4138,0.0247499,0.00824996,0.0247499,0.00824996,0.0247499,0.00824996,0.0247499,0.00824996
223,19769.3,1.68056,0.91731,0.96816,0,0,0,0,0,0,0,0,0,0,0.49425,0.06697,0.4498,0.49455,0.70892,0.63773,0.66066,0.4144,1.49291,0.79581,0.92018,0,0,0,0,0,0,0,0,0,0,0,0,0,0,0.4144,0.0247053,0.00823511,0.0247053,0.00823511,0.0247053,0.00823511,0.0247053,0.00823511
224,19858.7,1.67021,0.91775,0.9666,0,0,0,0,0,0,0,0,0,0,0.49432,0.067,0.44994,0.49461,0.70855,0.6392,0.6615,0.41484,1.49104,0.79441,0.9195,0,0,0,0,0,0,0,0,0,0,0,0,0,0,0.41484,0.0246606,0.0082202,0.0246606,0.0082202,0.0246606,0.0082202,0.0246606,0.0082202
225,19948.1,1.6757,0.91784,0.96743,0,0,0,0,0,0,0,0,0,0,0.49427,0.06698,0.45017,0.49457,0.71075,0.63958,0.66192,0.41539,1.49001,0.79333,0.91914,0,0,0,0,0,0,0,0,0,0,0,0,0,0,0.41539,0.0246157,0.00820525,0.0246157,0.00820525,0.0246157,0.00820525,0.0246157,0.00820525
226,20037.4,1.68189,0.92011,0.96787,0,0,0,0,0,0,0,0,0,0,0.49428,0.06695,0.44941,0.49457,0.70769,0.64152,0.66258,0.41629,1.48815,0.79169,0.91872,0,0,0,0,0,0,0,0,0,0,0,0,0,0,0.41629,0.0245707,0.00819025,0.0245707,0.00819025,0.0245707,0.00819025,0.0245707,0.00819025
227,20126.7,1.67162,0.91255,0.96644,0,0,0,0,0,0,0,0,0,0,0.49428,0.06698,0.44966,0.49446,0.70705,0.64248,0.66315,0.41679,1.48681,0.79065,0.91831,0,0,0,0,0,0,0,0,0,0,0,0,0,0,0.41679,0.0245256,0.0081752,0.0245256,0.0081752,0.0245256,0.0081752,0.0245256,0.0081752
228,20216,1.66009,0.90938,0.96605,0,0,0,0,0,0,0,0,0,0,0.49428,0.06694,0.45037,0.49457,0.70712,0.64318,0.66402,0.41704,1.48528,0.78969,0.91793,0,0,0,0,0,0,0,0,0,0,0,0,0,0,0.41704,0.0244803,0.0081601,0.0244803,0.0081601,0.0244803,0.0081601,0.0244803,0.0081601
229,20304.8,1.66471,0.91128,0.96567,0,0,0,0,0,0,0,0,0,0,0.49424,0.067,0.44941,0.49455,0.70599,0.64305,0.66342,0.41702,1.48425,0.78875,0.91764,0,0,0,0,0,0,0,0,0,0,0,0,0,0,0.41702,0.0244349,0.00814495,0.0244349,0.00814495,0.0244349,0.00814495,0.0244349,0.00814495
230,20393.5,1.66701,0.90814,0.96137,0,0,0,0,0,0,0,0,0,0,0.49428,0.06707,0.44996,0.49446,0.70838,0.64482,0.66422,0.41727,1.48282,0.78775,0.91724,0,0,0,0,0,0,0,0,0,0,0,0,0,0,0.41727,0.0243893,0.00812976,0.0243893,0.00812976,0.0243893,0.00812976,0.0243893,0.00812976
231,20482.6,1.66387,0.90796,0.9625,0,0,0,0,0,0,0,0,0,0,0.49425,0.06697,0.45037,0.49455,0.71088,0.64504,0.66545,0.41834,1.48086,0.78621,0.91688,0,0,0,0,0,0,0,0,0,0,0,0,0,0,0.41834,0.0243435,0.00811452,0.0243435,0.00811452,0.0243435,0.00811452,0.0243435,0.00811452
232,20572.2,1.66425,0.91021,0.96517,0,0,0,0,0,0,0,0,0,0,0.49429,0.067,0.45095,0.49458,0.71273,0.64499,0.66599,0.41864,1.47899,0.78532,0.91651,0,0,0,0,0,0,0,0,0,0,0,0,0,0,0.41864,0.0242977,0.00809923,0.0242977,0.00809923,0.0242977,0.00809923,0.0242977,0.00809923
233,20662.1,1.66466,0.9122,0.96652,0,0,0,0,0,0,0,0,0,0,0.49429,0.06695,0.44961,0.49448,0.71222,0.64582,0.66765,0.41905,1.47672,0.78417,0.91603,0,0,0,0,0,0,0,0,0,0,0,0,0,0,0.41905,0.0242517,0.00808389,0.0242517,0.00808389,0.0242517,0.00808389,0.0242517,0.00808389
234,20751.3,1.6573,0.90432,0.96229,0,0,0,0,0,0,0,0,0,0,0.49427,0.06694,0.44992,0.49457,0.71364,0.64581,0.6683,0.41974,1.47501,0.78309,0.91554,0,0,0,0,0,0,0,0,0,0,0,0,0,0,0.41974,0.0242055,0.00806851,0.0242055,0.00806851,0.0242055,0.00806851,0.0242055,0.00806851
235,20839.9,1.65441,0.90575,0.96318,0,0,0,0,0,0,0,0,0,0,0.49422,0.06694,0.44968,0.49453,0.71497,0.64707,0.66939,0.42042,1.47364,0.78216,0.91514,0,0,0,0,0,0,0,0,0,0,0,0,0,0,0.42042,0.0241592,0.00805308,0.0241592,0.00805308,0.0241592,0.00805308,0.0241592,0.00805308
236,20929.4,1.65735,0.90237,0.96222,0,0,0,0,0,0,0,0,0,0,0.49425,0.06692,0.44902,0.49443,0.71378,0.64698,0.6697,0.42136,1.47217,0.7811,0.9148,0,0,0,0,0,0,0,0,0,0,0,0,0,0,0.42136,0.0241128,0.0080376,0.0241128,0.0080376,0.0241128,0.0080376,0.0241128,0.0080376
237,21018.9,1.6597,0.90453,0.96394,0,0,0,0,0,0,0,0,0,0,0.49421,0.06694,0.44912,0.49452,0.71392,0.64607,0.66959,0.42206,1.46985,0.77955,0.9143,0,0,0,0,0,0,0,0,0,0,0,0,0,0,0.42206,0.0240662,0.00802208,0.0240662,0.00802208,0.0240662,0.00802208,0.0240662,0.00802208
238,21108.5,1.65316,0.9017,0.96147,0,0,0,0,0,0,0,0,0,0,0.49425,0.06697,0.44951,0.49457,0.71531,0.64788,0.67128,0.42271,1.46865,0.77827,0.91394,0,0,0,0,0,0,0,0,0,0,0,0,0,0,0.42271,0.0240195,0.00800651,0.0240195,0.00800651,0.0240195,0.00800651,0.0240195,0.00800651
239,21197.3,1.66007,0.90594,0.96099,0,0,0,0,0,0,0,0,0,0,0.49429,0.06698,0.44901,0.49447,0.71744,0.6478,0.67157,0.42317,1.46675,0.77734,0.91362,0,0,0,0,0,0,0,0,0,0,0,0,0,0,0.42317,0.0239727,0.0079909,0.0239727,0.0079909,0.0239727,0.0079909,0.0239727,0.0079909
240,21286.6,1.65811,0.90462,0.96503,0,0,0,0,0,0,0,0,0,0,0.49434,0.06699,0.4507,0.49452,0.71695,0.64775,0.67182,0.42349,1.4652,0.77623,0.9132,0,0,0,0,0,0,0,0,0,0,0,0,0,0,0.42349,0.0239257,0.00797524,0.0239257,0.00797524,0.0239257,0.00797524,0.0239257,0.00797524
241,21375.5,1.64996,0.89772,0.96444,0,0,0,0,0,0,0,0,0,0,0.49424,0.06697,0.44924,0.49443,0.72204,0.64688,0.67228,0.42403,1.46344,0.77493,0.91298,0,0,0,0,0,0,0,0,0,0,0,0,0,0,0.42403,0.0238786,0.00795954,0.0238786,0.00795954,0.0238786,0.00795954,0.0238786,0.00795954
242,21464.7,1.65259,0.90499,0.96027,0,0,0,0,0,0,0,0,0,0,0.49425,0.06699,0.44967,0.49455,0.72057,0.6481,0.67319,0.4249,1.4625,0.77377,0.91272,0,0,0,0,0,0,0,0,0,0,0,0,0,0,0.4249,0.0238314,0.00794379,0.0238314,0.00794379,0.0238314,0.00794379,0.0238314,0.00794379
243,21553.9,1.65497,0.89739,0.95822,0,0,0,0,0,0,0,0,0,0,0.49423,0.06697,0.45036,0.49453,0.7232,0.64779,0.67334,0.42566,1.46148,0.77284,0.9125,0,0,0,0,0,0,0,0,0,0,0,0,0,0,0.42566,0.023784,0.007928,0.023784,0.007928,0.023784,0.007928,0.023784,0.007928
244,21642.8,1.64648,0.8986,0.96168,0,0,0,0,0,0,0,0,0,0,0.49424,0.06696,0.44981,0.49444,0.72512,0.64689,0.67417,0.42615,1.45985,0.77197,0.91213,0,0,0,0,0,0,0,0,0,0,0,0,0,0,0.42615,0.0237365,0.00791216,0.0237365,0.00791216,0.0237365,0.00791216,0.0237365,0.00791216
245,21732.4,1.64761,0.89403,0.9594,0,0,0,0,0,0,0,0,0,0,0.49425,0.06697,0.449,0.49457,0.72444,0.64876,0.67525,0.42613,1.45859,0.77109,0.91185,0,0,0,0,0,0,0,0,0,0,0,0,0,0,0.42613,0.0236888,0.00789628,0.0236888,0.00789628,0.0236888,0.00789628,0.0236888,0.00789628
246,21822,1.64313,0.89437,0.95885,0,0,0,0,0,0,0,0,0,0,0.49422,0.06693,0.44957,0.49453,0.72375,0.64876,0.67544,0.42724,1.45714,0.77001,0.91156,0,0,0,0,0,0,0,0,0,0,0,0,0,0,0.42724,0.0236411,0.00788035,0.0236411,0.00788035,0.0236411,0.00788035,0.0236411,0.00788035
247,21910.7,1.64388,0.89297,0.96054,0,0,0,0,0,0,0,0,0,0,0.49427,0.06697,0.4499,0.49459,0.7235,0.65094,0.6759,0.42728,1.45572,0.76878,0.91126,0,0,0,0,0,0,0,0,0,0,0,0,0,0,0.42728,0.0235931,0.00786438,0.0235931,0.00786438,0.0235931,0.00786438,0.0235931,0.00786438
248,22000.3,1.64884,0.90006,0.96269,0,0,0,0,0,0,0,0,0,0,0.49431,0.06694,0.44929,0.49463,0.72525,0.65015,0.67619,0.42781,1.45461,0.76779,0.91093,0,0,0,0,0,0,0,0,0,0,0,0,0,0,0.42781,0.0235451,0.00784837,0.0235451,0.00784837,0.0235451,0.00784837,0.0235451,0.00784837
249,22089.4,1.63753,0.88847,0.95607,0,0,0,0,0,0,0,0,0,0,0.49426,0.06697,0.44941,0.49457,0.72787,0.65051,0.67676,0.42852,1.45353,0.76734,0.91052,0,0,0,0,0,0,0,0,0,0,0,0,0,0,0.42852,0.0234969,0.00783231,0.0234969,0.00783231,0.0234969,0.00783231,0.0234969,0.00783231
250,22178.4,1.63537,0.89174,0.9553,0,0,0,0,0,0,0,0,0,0,0.49427,0.06699,0.44923,0.49459,0.72841,0.6498,0.67744,0.42936,1.45217,0.76632,0.91014,0,0,0,0,0,0,0,0,0,0,0,0,0,0,0.42936,0.0234486,0.00781621,0.0234486,0.00781621,0.0234486,0.00781621,0.0234486,0.00781621
251,22267.7,1.63744,0.89779,0.95812,0,0,0,0,0,0,0,0,0,0,0.49422,0.06693,0.44978,0.49452,0.72902,0.6512,0.67782,0.42965,1.45047,0.76493,0.90976,0,0,0,0,0,0,0,0,0,0,0,0,0,0,0.42965,0.0234002,0.00780007,0.0234002,0.00780007,0.0234002,0.00780007,0.0234002,0.00780007
252,22357.5,1.64896,0.89805,0.95974,0,0,0,0,0,0,0,0,0,0,0.49429,0.06695,0.45012,0.49459,0.72967,0.65115,0.67845,0.42965,1.4487,0.76381,0.90935,0,0,0,0,0,0,0,0,0,0,0,0,0,0,0.42965,0.0233517,0.00778389,0.0233517,0.00778389,0.0233517,0.00778389,0.0233517,0.00778389
253,22446.2,1.63667,0.88857,0.95439,0,0,0,0,0,0,0,0,0,0,0.49423,0.06692,0.44955,0.49454,0.73001,0.6517,0.67909,0.43008,1.44751,0.76307,0.90893,0,0,0,0,0,0,0,0,0,0,0,0,0,0,0.43008,0.023303,0.00776766,0.023303,0.00776766,0.023303,0.00776766,0.023303,0.00776766
254,22535.3,1.63011,0.88579,0.95864,0,0,0,0,0,0,0,0,0,0,0.49429,0.06697,0.45004,0.49458,0.72988,0.65378,0.6797,0.4306,1.4464,0.76258,0.90861,0,0,0,0,0,0,0,0,0,0,0,0,0,0,0.4306,0.0232542,0.0077514,0.0232542,0.0077514,0.0232542,0.0077514,0.0232542,0.0077514
255,22624.2,1.63596,0.88419,0.95626,0,0,0,0,0,0,0,0,0,0,0.49422,0.06693,0.44971,0.49454,0.73236,0.65274,0.68065,0.43105,1.44522,0.76153,0.90842,0,0,0,0,0,0,0,0,0,0,0,0,0,0,0.43105,0.0232053,0.00773509,0.0232053,0.00773509,0.0232053,0.00773509,0.0232053,0.00773509
256,22713.4,1.63554,0.88374,0.95204,0,0,0,0,0,0,0,0,0,0,0.49426,0.06694,0.44972,0.49457,0.73097,0.65203,0.68099,0.43181,1.44426,0.76069,0.90808,0,0,0,0,0,0,0,0,0,0,0,0,0,0,0.43181,0.0231562,0.00771873,0.0231562,0.00771873,0.0231562,0.00771873,0.0231562,0.00771873
257,22802.8,1.63221,0.88264,0.95451,0,0,0,0,0,0,0,0,0,0,0.49422,0.06696,0.45029,0.49452,0.73661,0.65281,0.68233,0.43247,1.44305,0.75975,0.90765,0,0,0,0,0,0,0,0,0,0,0,0,0,0,0.43247,0.023107,0.00770234,0.023107,0.00770234,0.023107,0.00770234,0.023107,0.00770234
258,22892.1,1.63194,0.88127,0.95269,0,0,0,0,0,0,0,0,0,0,0.49427,0.067,0.44998,0.49458,0.73869,0.65234,0.68221,0.43305,1.44171,0.75848,0.90729,0,0,0,0,0,0,0,0,0,0,0,0,0,0,0.43305,0.0230577,0.00768591,0.0230577,0.00768591,0.0230577,0.00768591,0.0230577,0.00768591
259,22981.1,1.62306,0.8834,0.95182,0,0,0,0,0,0,0,0,0,0,0.49427,0.06695,0.44977,0.49456,0.73879,0.65199,0.683,0.43278,1.44074,0.7577,0.90701,0,0,0,0,0,0,0,0,0,0,0,0,0,0,0.43278,0.0230083,0.00766944,0.0230083,0.00766944,0.0230083,0.00766944,0.0230083,0.00766944
260,23070.6,1.62257,0.87848,0.95373,0,0,0,0,0,0,0,0,0,0,0.49427,0.06696,0.44981,0.49457,0.74054,0.65056,0.6839,0.43355,1.43929,0.75667,0.90664,0,0,0,0,0,0,0,0,0,0,0,0,0,0,0.43355,0.0229588,0.00765292,0.0229588,0.00765292,0.0229588,0.00765292,0.0229588,0.00765292
261,23159.9,1.63351,0.88657,0.95604,0,0,0,0,0,0,0,0,0,0,0.49429,0.06695,0.45,0.4946,0.73811,0.6527,0.68453,0.43388,1.43826,0.75551,0.90631,0,0,0,0,0,0,0,0,0,0,0,0,0,0,0.43388,0.0229091,0.00763637,0.0229091,0.00763637,0.0229091,0.00763637,0.0229091,0.00763637
262,23249.3,1.62299,0.87944,0.95443,0,0,0,0,0,0,0,0,0,0,0.49426,0.06694,0.44958,0.49457,0.74088,0.65092,0.68433,0.43405,1.43687,0.75476,0.90597,0,0,0,0,0,0,0,0,0,0,0,0,0,0,0.43405,0.0228593,0.00761977,0.0228593,0.00761977,0.0228593,0.00761977,0.0228593,0.00761977
263,23338.3,1.61989,0.8747,0.95167,0,0,0,0,0,0,0,0,0,0,0.49424,0.06692,0.44987,0.49442,0.74018,0.65039,0.68486,0.43437,1.43585,0.75409,0.90571,0,0,0,0,0,0,0,0,0,0,0,0,0,0,0.43437,0.0228094,0.00760314,0.0228094,0.00760314,0.0228094,0.00760314,0.0228094,0.00760314
264,23427.1,1.61135,0.87264,0.94916,0,0,0,0,0,0,0,0,0,0,0.49424,0.06699,0.44959,0.49455,0.73906,0.65114,0.68511,0.43539,1.43442,0.75324,0.90538,0,0,0,0,0,0,0,0,0,0,0,0,0,0,0.43539,0.0227594,0.00758647,0.0227594,0.00758647,0.0227594,0.00758647,0.0227594,0.00758647
265,23516.8,1.62565,0.87939,0.95384,0,0,0,0,0,0,0,0,0,0,0.49426,0.06694,0.45059,0.49456,0.73966,0.65208,0.68666,0.43625,1.43354,0.75214,0.90504,0,0,0,0,0,0,0,0,0,0,0,0,0,0,0.43625,0.0227093,0.00756976,0.0227093,0.00756976,0.0227093,0.00756976,0.0227093,0.00756976
266,23606.4,1.61748,0.87248,0.94996,0,0,0,0,0,0,0,0,0,0,0.49424,0.06693,0.45066,0.49455,0.73906,0.65268,0.68653,0.43654,1.43215,0.75094,0.90459,0,0,0,0,0,0,0,0,0,0,0,0,0,0,0.43654,0.022659,0.007553,0.022659,0.007553,0.022659,0.007553,0.022659,0.007553
267,23695.3,1.6149,0.87729,0.95245,0,0,0,0,0,0,0,0,0,0,0.49425,0.06696,0.44976,0.49444,0.73812,0.65376,0.68683,0.4373,1.43069,0.74969,0.90422,0,0,0,0,0,0,0,0,0,0,0,0,0,0,0.4373,0.0226086,0.00753621,0.0226086,0.00753621,0.0226086,0.00753621,0.0226086,0.00753621
268,23784.3,1.61653,0.87415,0.95167,0,0,0,0,0,0,0,0,0,0,0.4943,0.06697,0.4497,0.49461,0.73885,0.6548,0.68767,0.43739,1.42975,0.749,0.90396,0,0,0,0,0,0,0,0,0,0,0,0,0,0,0.43739,0.0225582,0.00751939,0.0225582,0.00751939,0.0225582,0.00751939,0.0225582,0.00751939
269,23873.4,1.61123,0.86771,0.95121,0,0,0,0,0,0,0,0,0,0,0.49429,0.06695,0.44906,0.49448,0.73952,0.65567,0.68887,0.43843,1.42765,0.74812,0.90354,0,0,0,0,0,0,0,0,0,0,0,0,0,0,0.43843,0.0225076,0.00750252,0.0225076,0.00750252,0.0225076,0.00750252,0.0225076,0.00750252
270,23961.8,1.61533,0.86993,0.95216,0,0,0,0,0,0,0,0,0,0,0.49427,0.06692,0.44957,0.49456,0.73623,0.65686,0.68877,0.4385,1.42632,0.74696,0.90321,0,0,0,0,0,0,0,0,0,0,0,0,0,0,0.4385,0.0224568,0.00748562,0.0224568,0.00748562,0.0224568,0.00748562,0.0224568,0.00748562
271,24050.8,1.61265,0.87,0.95576,0,0,0,0,0,0,0,0,0,0,0.49432,0.06698,0.45013,0.49462,0.73436,0.65714,0.68953,0.43904,1.42458,0.74623,0.9028,0,0,0,0,0,0,0,0,0,0,0,0,0,0,0.43904,0.022406,0.00746868,0.022406,0.00746868,0.022406,0.00746868,0.022406,0.00746868
272,24140.3,1.61966,0.87666,0.95379,0,0,0,0,0,0,0,0,0,0,0.49427,0.06696,0.45008,0.49445,0.73807,0.65754,0.69038,0.44011,1.42275,0.7453,0.9025,0,0,0,0,0,0,0,0,0,0,0,0,0,0,0.44011,0.0223551,0.0074517,0.0223551,0.0074517,0.0223551,0.0074517,0.0223551,0.0074517
273,24229.7,1.61676,0.86987,0.95072,0,0,0,0,0,0,0,0,0,0,0.49429,0.06702,0.44941,0.4946,0.73854,0.65686,0.6902,0.44027,1.42173,0.74455,0.90232,0,0,0,0,0,0,0,0,0,0,0,0,0,0,0.44027,0.022304,0.00743468,0.022304,0.00743468,0.022304,0.00743468,0.022304,0.00743468
274,24319.3,1.61317,0.87539,0.95033,0,0,0,0,0,0,0,0,0,0,0.49425,0.06692,0.45,0.49456,0.73768,0.65773,0.69103,0.44108,1.4203,0.74344,0.90205,0,0,0,0,0,0,0,0,0,0,0,0,0,0,0.44108,0.0222529,0.00741763,0.0222529,0.00741763,0.0222529,0.00741763,0.0222529,0.00741763
275,24408.5,1.60894,0.86782,0.94992,0,0,0,0,0,0,0,0,0,0,0.49428,0.06693,0.44961,0.49459,0.73675,0.65958,0.6915,0.4406,1.42,0.74306,0.90179,0,0,0,0,0,0,0,0,0,0,0,0,0,0,0.4406,0.0222016,0.00740054,0.0222016,0.00740054,0.0222016,0.00740054,0.0222016,0.00740054
276,24497.7,1.59725,0.8648,0.94767,0,0,0,0,0,0,0,0,0,0,0.49424,0.06694,0.45025,0.49453,0.73756,0.66137,0.69219,0.44094,1.41857,0.7423,0.90156,0,0,0,0,0,0,0,0,0,0,0,0,0,0,0.44094,0.0221502,0.00738341,0.0221502,0.00738341,0.0221502,0.00738341,0.0221502,0.00738341
277,24586.8,1.6045,0.86644,0.94728,0,0,0,0,0,0,0,0,0,0,0.49428,0.06697,0.45069,0.49458,0.73884,0.6624,0.69312,0.44204,1.41741,0.74142,0.90122,0,0,0,0,0,0,0,0,0,0,0,0,0,0,0.44204,0.0220988,0.00736625,0.0220988,0.00736625,0.0220988,0.00736625,0.0220988,0.00736625
278,24676.4,1.6132,0.87203,0.9486,0,0,0,0,0,0,0,0,0,0,0.49427,0.06701,0.45011,0.49456,0.738,0.66383,0.69431,0.44236,1.41598,0.74082,0.90105,0,0,0,0,0,0,0,0,0,0,0,0,0,0,0.44236,0.0220472,0.00734906,0.0220472,0.00734906,0.0220472,0.00734906,0.0220472,0.00734906
279,24765.9,1.60704,0.86389,0.95012,0,0,0,0,0,0,0,0,0,0,0.49428,0.06696,0.45009,0.49457,0.73695,0.66367,0.69375,0.44262,1.41505,0.74016,0.9008,0,0,0,0,0,0,0,0,0,0,0,0,0,0,0.44262,0.0219955,0.00733182,0.0219955,0.00733182,0.0219955,0.00733182,0.0219955,0.00733182
280,24855.3,1.61022,0.86777,0.94854,0,0,0,0,0,0,0,0,0,0,0.49423,0.06691,0.45034,0.49453,0.73662,0.66456,0.69475,0.4431,1.41413,0.7393,0.90058,0,0,0,0,0,0,0,0,0,0,0,0,0,0,0.4431,0.0219437,0.00731456,0.0219437,0.00731456,0.0219437,0.00731456,0.0219437,0.00731456
281,24944.7,1.60021,0.86162,0.94528,0,0,0,0,0,0,0,0,0,0,0.49425,0.06696,0.45006,0.49457,0.73685,0.66454,0.69541,0.44371,1.413,0.73844,0.90036,0,0,0,0,0,0,0,0,0,0,0,0,0,0,0.44371,0.0218918,0.00729725,0.0218918,0.00729725,0.0218918,0.00729725,0.0218918,0.00729725
282,25033.4,1.59272,0.85952,0.94643,0,0,0,0,0,0,0,0,0,0,0.49424,0.0669,0.44933,0.49454,0.73834,0.66563,0.69594,0.44405,1.41145,0.73753,0.9001,0,0,0,0,0,0,0,0,0,0,0,0,0,0,0.44405,0.0218397,0.00727992,0.0218397,0.00727992,0.0218397,0.00727992,0.0218397,0.00727992
283,25122.6,1.59653,0.8627,0.94428,0,0,0,0,0,0,0,0,0,0,0.49424,0.06692,0.44977,0.49454,0.73941,0.6649,0.69613,0.44408,1.40997,0.73735,0.89973,0,0,0,0,0,0,0,0,0,0,0,0,0,0,0.44408,0.0217876,0.00726254,0.0217876,0.00726254,0.0217876,0.00726254,0.0217876,0.00726254
284,25211,1.60611,0.86434,0.95142,0,0,0,0,0,0,0,0,0,0,0.4943,0.06698,0.44922,0.4946,0.73907,0.66577,0.69668,0.44491,1.40859,0.7366,0.89955,0,0,0,0,0,0,0,0,0,0,0,0,0,0,0.44491,0.0217354,0.00724514,0.0217354,0.00724514,0.0217354,0.00724514,0.0217354,0.00724514
285,25299.7,1.59825,0.85876,0.95104,0,0,0,0,0,0,0,0,0,0,0.49429,0.06698,0.44969,0.49459,0.74117,0.66606,0.69691,0.44498,1.40738,0.73574,0.89929,0,0,0,0,0,0,0,0,0,0,0,0,0,0,0.44498,0.0216831,0.0072277,0.0216831,0.0072277,0.0216831,0.0072277,0.0216831,0.0072277
286,25388.6,1.5878,0.85724,0.94635,0,0,0,0,0,0,0,0,0,0,0.49423,0.06692,0.44962,0.49454,0.74084,0.66658,0.69764,0.44513,1.40602,0.73487,0.89904,0,0,0,0,0,0,0,0,0,0,0,0,0,0,0.44513,0.0216307,0.00721023,0.0216307,0.00721023,0.0216307,0.00721023,0.0216307,0.00721023
287,25477.6,1.59771,0.85845,0.94406,0,0,0,0,0,0,0,0,0,0,0.49425,0.06697,0.44872,0.49455,0.74177,0.66648,0.69817,0.44608,1.40487,0.73394,0.89881,0,0,0,0,0,0,0,0,0,0,0,0,0,0,0.44608,0.0215782,0.00719272,0.0215782,0.00719272,0.0215782,0.00719272,0.0215782,0.00719272
288,25565.6,1.59781,0.86305,0.94529,0,0,0,0,0,0,0,0,0,0,0.49428,0.06696,0.44934,0.49458,0.74074,0.66758,0.69942,0.44578,1.40411,0.73331,0.89853,0,0,0,0,0,0,0,0,0,0,0,0,0,0,0.44578,0.0215255,0.00717518,0.0215255,0.00717518,0.0215255,0.00717518,0.0215255,0.00717518
289,25653.6,1.58652,0.85267,0.94576,0,0,0,0,0,0,0,0,0,0,0.49429,0.06704,0.44887,0.4946,0.7394,0.66938,0.6994,0.44623,1.40309,0.73237,0.89833,0,0,0,0,0,0,0,0,0,0,0,0,0,0,0.44623,0.0214728,0.00715761,0.0214728,0.00715761,0.0214728,0.00715761,0.0214728,0.00715761
290,25742.4,1.59762,0.85792,0.94081,0,0,0,0,0,0,0,0,0,0,0.49422,0.06696,0.44885,0.49441,0.74006,0.67123,0.70085,0.44669,1.40136,0.73159,0.89799,0,0,0,0,0,0,0,0,0,0,0,0,0,0,0.44669,0.02142,0.00714,0.02142,0.00714,0.02142,0.00714,0.02142,0.00714
291,25830.8,1.58431,0.85384,0.94159,0,0,0,0,0,0,0,0,0,0,0.4943,0.06699,0.44993,0.4946,0.74009,0.67108,0.70105,0.44708,1.40032,0.73085,0.89777,0,0,0,0,0,0,0,0,0,0,0,0,0,0,0.44708,0.0213671,0.00712237,0.0213671,0.00712237,0.0213671,0.00712237,0.0213671,0.00712237
292,25919.3,1.58032,0.8486,0.94069,0,0,0,0,0,0,0,0,0,0,0.49428,0.06695,0.45015,0.49444,0.74307,0.67056,0.70163,0.44732,1.39918,0.72989,0.89749,0,0,0,0,0,0,0,0,0,0,0,0,0,0,0.44732,0.0213141,0.0071047,0.0213141,0.0071047,0.0213141,0.0071047,0.0213141,0.0071047
293,26007.5,1.58147,0.84848,0.94095,0,0,0,0,0,0,0,0,0,0,0.49428,0.06694,0.4498,0.49459,0.74311,0.67039,0.7016,0.44745,1.39781,0.72919,0.89714,0,0,0,0,0,0,0,0,0,0,0,0,0,0,0.44745,0.021261,0.007087,0.021261,0.007087,0.021261,0.007087,0.021261,0.007087
294,26095.8,1.59048,0.85632,0.94125,0,0,0,0,0,0,0,0,0,0,0.49428,0.06696,0.45029,0.49458,0.74315,0.67226,0.70217,0.44791,1.39592,0.7285,0.89686,0,0,0,0,0,0,0,0,0,0,0,0,0,0,0.44791,0.0212078,0.00706926,0.0212078,0.00706926,0.0212078,0.00706926,0.0212078,0.00706926
295,26183.8,1.59045,0.85175,0.94371,0,0,0,0,0,0,0,0,0,0,0.49427,0.06695,0.44892,0.49458,0.74217,0.67197,0.70222,0.44873,1.3944,0.72791,0.89648,0,0,0,0,0,0,0,0,0,0,0,0,0,0,0.44873,0.0211545,0.0070515,0.0211545,0.0070515,0.0211545,0.0070515,0.0211545,0.0070515
296,26272.5,1.57799,0.85012,0.94058,0,0,0,0,0,0,0,0,0,0,0.49429,0.06696,0.45034,0.49459,0.74289,0.67312,0.70333,0.449,1.39367,0.7271,0.89628,0,0,0,0,0,0,0,0,0,0,0,0,0,0,0.449,0.0211011,0.00703371,0.0211011,0.00703371,0.0211011,0.00703371,0.0211011,0.00703371
297,26361,1.58852,0.84966,0.9445,0,0,0,0,0,0,0,0,0,0,0.49427,0.06697,0.44909,0.49458,0.74318,0.67357,0.70451,0.44973,1.39205,0.72622,0.89601,0,0,0,0,0,0,0,0,0,0,0,0,0,0,0.44973,0.0210476,0.00701588,0.0210476,0.00701588,0.0210476,0.00701588,0.0210476,0.00701588
298,26448.8,1.57591,0.84683,0.94107,0,0,0,0,0,0,0,0,0,0,0.4943,0.067,0.44932,0.49461,0.74073,0.67447,0.70441,0.45031,1.39126,0.72545,0.89581,0,0,0,0,0,0,0,0,0,0,0,0,0,0,0.45031,0.0209941,0.00699803,0.0209941,0.00699803,0.0209941,0.00699803,0.0209941,0.00699803
299,26536.9,1.57463,0.84546,0.94036,0,0,0,0,0,0,0,0,0,0,0.49423,0.06692,0.44966,0.49455,0.74075,0.67531,0.70491,0.45076,1.39022,0.72454,0.89564,0,0,0,0,0,0,0,0,0,0,0,0,0,0,0.45076,0.0209404,0.00698014,0.0209404,0.00698014,0.0209404,0.00698014,0.0209404,0.00698014
300,26625.8,1.58089,0.8468,0.93815,0,0,0,0,0,0,0,0,0,0,0.49424,0.06692,0.4497,0.49454,0.7418,0.67597,0.70522,0.45103,1.38864,0.72374,0.89535,0,0,0,0,0,0,0,0,0,0,0,0,0,0,0.45103,0.0208867,0.00696223,0.0208867,0.00696223,0.0208867,0.00696223,0.0208867,0.00696223
301,26714.6,1.58528,0.85168,0.94123,0,0,0,0,0,0,0,0,0,0,0.49424,0.06697,0.44972,0.49454,0.74611,0.67623,0.70609,0.4513,1.38796,0.72323,0.89507,0,0,0,0,0,0,0,0,0,0,0,0,0,0,0.4513,0.0208328,0.00694428,0.0208328,0.00694428,0.0208328,0.00694428,0.0208328,0.00694428
302,26803.4,1.57839,0.84362,0.93778,0,0,0,0,0,0,0,0,0,0,0.4943,0.06696,0.44959,0.49461,0.7433,0.67752,0.70688,0.45202,1.38675,0.72236,0.89486,0,0,0,0,0,0,0,0,0,0,0,0,0,0,0.45202,0.0207789,0.00692631,0.0207789,0.00692631,0.0207789,0.00692631,0.0207789,0.00692631
303,26892.3,1.56845,0.8433,0.93807,0,0,0,0,0,0,0,0,0,0,0.49425,0.06693,0.44967,0.49456,0.74658,0.67655,0.70719,0.45194,1.38583,0.7216,0.89469,0,0,0,0,0,0,0,0,0,0,0,0,0,0,0.45194,0.0207249,0.00690831,0.0207249,0.00690831,0.0207249,0.00690831,0.0207249,0.00690831
304,26981.5,1.57539,0.84402,0.94142,0,0,0,0,0,0,0,0,0,0,0.49427,0.06697,0.44962,0.49459,0.74591,0.67715,0.70734,0.45224,1.38469,0.7205,0.89457,0,0,0,0,0,0,0,0,0,0,0,0,0,0,0.45224,0.0206708,0.00689028,0.0206708,0.00689028,0.0206708,0.00689028,0.0206708,0.00689028
305,27070.3,1.58529,0.85089,0.93959,0,0,0,0,0,0,0,0,0,0,0.49425,0.06696,0.44995,0.49456,0.74599,0.67813,0.7074,0.45246,1.38355,0.7202,0.89435,0,0,0,0,0,0,0,0,0,0,0,0,0,0,0.45246,0.0206166,0.00687222,0.0206166,0.00687222,0.0206166,0.00687222,0.0206166,0.00687222
306,27159.6,1.57384,0.83893,0.93687,0,0,0,0,0,0,0,0,0,0,0.49426,0.06694,0.4495,0.49456,0.74703,0.67915,0.70757,0.45346,1.3822,0.7196,0.8941,0,0,0,0,0,0,0,0,0,0,0,0,0,0,0.45346,0.0205624,0.00685413,0.0205624,0.00685413,0.0205624,0.00685413,0.0205624,0.00685413
307,27248.6,1.56912,0.84519,0.93968,0,0,0,0,0,0,0,0,0,0,0.4943,0.06693,0.44968,0.4946,0.75018,0.67843,0.70831,0.45392,1.381,0.71866,0.89384,0,0,0,0,0,0,0,0,0,0,0,0,0,0,0.45392,0.020508,0.00683601,0.020508,0.00683601,0.020508,0.00683601,0.020508,0.00683601
308,27337.4,1.57552,0.84581,0.93699,0,0,0,0,0,0,0,0,0,0,0.49424,0.06694,0.45005,0.49455,0.74999,0.67894,0.70967,0.45425,1.37995,0.71803,0.89361,0,0,0,0,0,0,0,0,0,0,0,0,0,0,0.45425,0.0204536,0.00681787,0.0204536,0.00681787,0.0204536,0.00681787,0.0204536,0.00681787
309,27426.8,1.56629,0.83825,0.93823,0,0,0,0,0,0,0,0,0,0,0.49423,0.06689,0.44983,0.49453,0.74813,0.67989,0.71012,0.45465,1.37914,0.71755,0.89337,0,0,0,0,0,0,0,0,0,0,0,0,0,0,0.45465,0.0203991,0.0067997,0.0203991,0.0067997,0.0203991,0.0067997,0.0203991,0.0067997
310,27516.3,1.56769,0.84425,0.93908,0,0,0,0,0,0,0,0,0,0,0.49431,0.06695,0.44892,0.4945,0.7521,0.67911,0.71069,0.45458,1.37851,0.71712,0.89314,0,0,0,0,0,0,0,0,0,0,0,0,0,0,0.45458,0.0203445,0.0067815,0.0203445,0.0067815,0.0203445,0.0067815,0.0203445,0.0067815
311,27604.9,1.5604,0.83038,0.93653,0,0,0,0,0,0,0,0,0,0,0.49428,0.06697,0.45088,0.49459,0.75281,0.67847,0.7114,0.4556,1.37745,0.71619,0.89291,0,0,0,0,0,0,0,0,0,0,0,0,0,0,0.4556,0.0202898,0.00676328,0.0202898,0.00676328,0.0202898,0.00676328,0.0202898,0.00676328
312,27694.1,1.56014,0.83389,0.93331,0,0,0,0,0,0,0,0,0,0,0.49429,0.06698,0.44946,0.49459,0.75302,0.67891,0.71177,0.45594,1.37659,0.71548,0.89274,0,0,0,0,0,0,0,0,0,0,0,0,0,0,0.45594,0.0202351,0.00674503,0.0202351,0.00674503,0.0202351,0.00674503,0.0202351,0.00674503
313,27783.9,1.552,0.82975,0.93055,0,0,0,0,0,0,0,0,0,0,0.49425,0.06698,0.45031,0.49456,0.74986,0.68116,0.7117,0.45602,1.37557,0.71512,0.89253,0,0,0,0,0,0,0,0,0,0,0,0,0,0,0.45602,0.0201803,0.00672675,0.0201803,0.00672675,0.0201803,0.00672675,0.0201803,0.00672675
314,27873.2,1.54903,0.82847,0.93548,0,0,0,0,0,0,0,0,0,0,0.49424,0.06695,0.44975,0.49454,0.74722,0.68385,0.71245,0.45656,1.37464,0.71431,0.89227,0,0,0,0,0,0,0,0,0,0,0,0,0,0,0.45656,0.0201254,0.00670845,0.0201254,0.00670845,0.0201254,0.00670845,0.0201254,0.00670845
315,27962.2,1.56006,0.83356,0.93601,0,0,0,0,0,0,0,0,0,0,0.49422,0.06693,0.4498,0.49439,0.74558,0.68506,0.71259,0.45668,1.37389,0.71339,0.89214,0,0,0,0,0,0,0,0,0,0,0,0,0,0,0.45668,0.0200704,0.00669012,0.0200704,0.00669012,0.0200704,0.00669012,0.0200704,0.00669012
316,28051,1.55376,0.83417,0.93601,0,0,0,0,0,0,0,0,0,0,0.49428,0.06698,0.44972,0.49447,0.74624,0.68565,0.71321,0.45697,1.37293,0.71266,0.89205,0,0,0,0,0,0,0,0,0,0,0,0,0,0,0.45697,0.0200153,0.00667177,0.0200153,0.00667177,0.0200153,0.00667177,0.0200153,0.00667177
317,28139.7,1.55832,0.83363,0.93646,0,0,0,0,0,0,0,0,0,0,0.49425,0.06697,0.4492,0.49457,0.74929,0.6854,0.71329,0.45717,1.37177,0.71184,0.89183,0,0,0,0,0,0,0,0,0,0,0,0,0,0,0.45717,0.0199602,0.00665339,0.0199602,0.00665339,0.0199602,0.00665339,0.0199602,0.00665339
318,28228.7,1.55364,0.82955,0.93495,0,0,0,0,0,0,0,0,0,0,0.49422,0.06692,0.44967,0.49452,0.75111,0.68543,0.71428,0.45739,1.37136,0.71104,0.89174,0,0,0,0,0,0,0,0,0,0,0,0,0,0,0.45739,0.019905,0.00663499,0.019905,0.00663499,0.019905,0.00663499,0.019905,0.00663499
319,28317.7,1.55439,0.83259,0.93472,0,0,0,0,0,0,0,0,0,0,0.49426,0.06695,0.45002,0.49457,0.75155,0.68456,0.71474,0.45752,1.37033,0.71131,0.89151,0,0,0,0,0,0,0,0,0,0,0,0,0,0,0.45752,0.0198497,0.00661656,0.0198497,0.00661656,0.0198497,0.00661656,0.0198497,0.00661656
320,28406.6,1.55662,0.83197,0.93541,0,0,0,0,0,0,0,0,0,0,0.49428,0.06701,0.44984,0.49459,0.74798,0.6884,0.71513,0.45853,1.36952,0.71034,0.89139,0,0,0,0,0,0,0,0,0,0,0,0,0,0,0.45853,0.0197943,0.00659811,0.0197943,0.00659811,0.0197943,0.00659811,0.0197943,0.00659811
321,28496.8,1.55908,0.83113,0.93535,0,0,0,0,0,0,0,0,0,0,0.49421,0.06694,0.44937,0.49452,0.75033,0.68743,0.71532,0.45881,1.36822,0.70996,0.89116,0,0,0,0,0,0,0,0,0,0,0,0,0,0,0.45881,0.0197389,0.00657963,0.0197389,0.00657963,0.0197389,0.00657963,0.0197389,0.00657963
322,28587.4,1.54784,0.82336,0.93077,0,0,0,0,0,0,0,0,0,0,0.49425,0.06696,0.44929,0.49455,0.75258,0.68624,0.71502,0.45881,1.36732,0.70924,0.89097,0,0,0,0,0,0,0,0,0,0,0,0,0,0,0.45881,0.0196834,0.00656114,0.0196834,0.00656114,0.0196834,0.00656114,0.0196834,0.00656114
323,28677.7,1.55018,0.82769,0.93275,0,0,0,0,0,0,0,0,0,0,0.49426,0.06692,0.45014,0.49458,0.7533,0.68604,0.71552,0.45935,1.36633,0.70865,0.89066,0,0,0,0,0,0,0,0,0,0,0,0,0,0,0.45935,0.0196278,0.00654261,0.0196278,0.00654261,0.0196278,0.00654261,0.0196278,0.00654261
324,28768.1,1.54571,0.82352,0.93117,0,0,0,0,0,0,0,0,0,0,0.49428,0.067,0.45019,0.49458,0.75482,0.68686,0.71593,0.45989,1.36559,0.70805,0.89043,0,0,0,0,0,0,0,0,0,0,0,0,0,0,0.45989,0.0195722,0.00652407,0.0195722,0.00652407,0.0195722,0.00652407,0.0195722,0.00652407
325,28857.3,1.54274,0.82026,0.93375,0,0,0,0,0,0,0,0,0,0,0.49426,0.06693,0.44991,0.49456,0.75611,0.68567,0.71604,0.46005,1.36474,0.70748,0.89018,0,0,0,0,0,0,0,0,0,0,0,0,0,0,0.46005,0.0195165,0.0065055,0.0195165,0.0065055,0.0195165,0.0065055,0.0195165,0.0065055
326,28946.2,1.53966,0.82379,0.92983,0,0,0,0,0,0,0,0,0,0,0.49429,0.06699,0.44917,0.4946,0.75587,0.68832,0.71653,0.46078,1.36432,0.70686,0.89001,0,0,0,0,0,0,0,0,0,0,0,0,0,0,0.46078,0.0194607,0.00648691,0.0194607,0.00648691,0.0194607,0.00648691,0.0194607,0.00648691
327,29035.5,1.53892,0.82195,0.92993,0,0,0,0,0,0,0,0,0,0,0.49423,0.06693,0.44966,0.49454,0.75876,0.68747,0.71718,0.46111,1.36332,0.70602,0.88982,0,0,0,0,0,0,0,0,0,0,0,0,0,0,0.46111,0.0194049,0.0064683,0.0194049,0.0064683,0.0194049,0.0064683,0.0194049,0.0064683
328,29124.4,1.54268,0.82406,0.93302,0,0,0,0,0,0,0,0,0,0,0.49427,0.06693,0.45011,0.49457,0.75936,0.68732,0.7181,0.46242,1.36249,0.70581,0.88956,0,0,0,0,0,0,0,0,0,0,0,0,0,0,0.46242,0.019349,0.00644966,0.019349,0.00644966,0.019349,0.00644966,0.019349,0.00644966
329,29213.1,1.53654,0.82019,0.93368,0,0,0,0,0,0,0,0,0,0,0.49428,0.06692,0.44942,0.4946,0.76206,0.68555,0.71866,0.46226,1.36186,0.70506,0.88948,0,0,0,0,0,0,0,0,0,0,0,0,0,0,0.46226,0.019293,0.00643101,0.019293,0.00643101,0.019293,0.00643101,0.019293,0.00643101
330,29301.5,1.54629,0.8206,0.93033,0,0,0,0,0,0,0,0,0,0,0.49428,0.06699,0.44892,0.49459,0.76095,0.68599,0.71846,0.46242,1.36109,0.70416,0.88917,0,0,0,0,0,0,0,0,0,0,0,0,0,0,0.46242,0.019237,0.00641233,0.019237,0.00641233,0.019237,0.00641233,0.019237,0.00641233
331,29390.4,1.54371,0.82356,0.93443,0,0,0,0,0,0,0,0,0,0,0.49426,0.06696,0.44983,0.49457,0.76328,0.68644,0.71963,0.46306,1.35991,0.70356,0.88905,0,0,0,0,0,0,0,0,0,0,0,0,0,0,0.46306,0.0191809,0.00639363,0.0191809,0.00639363,0.0191809,0.00639363,0.0191809,0.00639363
332,29479.9,1.54197,0.82195,0.9278,0,0,0,0,0,0,0,0,0,0,0.49427,0.06694,0.45018,0.49458,0.76522,0.68597,0.71976,0.46302,1.3594,0.70314,0.88883,0,0,0,0,0,0,0,0,0,0,0,0,0,0,0.46302,0.0191247,0.00637491,0.0191247,0.00637491,0.0191247,0.00637491,0.0191247,0.00637491
333,29568.9,1.54466,0.81936,0.93162,0,0,0,0,0,0,0,0,0,0,0.49426,0.06695,0.45007,0.49456,0.7658,0.68827,0.7207,0.46327,1.35836,0.70239,0.88862,0,0,0,0,0,0,0,0,0,0,0,0,0,0,0.46327,0.0190685,0.00635617,0.0190685,0.00635617,0.0190685,0.00635617,0.0190685,0.00635617
334,29657.6,1.52573,0.81296,0.9285,0,0,0,0,0,0,0,0,0,0,0.49427,0.06698,0.44929,0.49459,0.76659,0.6866,0.72082,0.46399,1.35728,0.70138,0.88837,0,0,0,0,0,0,0,0,0,0,0,0,0,0,0.46399,0.0190122,0.00633741,0.0190122,0.00633741,0.0190122,0.00633741,0.0190122,0.00633741
335,29746.5,1.53305,0.81685,0.92777,0,0,0,0,0,0,0,0,0,0,0.49424,0.06697,0.44922,0.49456,0.76536,0.68682,0.72078,0.46434,1.3565,0.70055,0.88816,0,0,0,0,0,0,0,0,0,0,0,0,0,0,0.46434,0.0189559,0.00631863,0.0189559,0.00631863,0.0189559,0.00631863,0.0189559,0.00631863
336,29835.8,1.53472,0.81768,0.92825,0,0,0,0,0,0,0,0,0,0,0.49428,0.06691,0.44907,0.49459,0.76527,0.68825,0.7217,0.46518,1.35546,0.69966,0.88797,0,0,0,0,0,0,0,0,0,0,0,0,0,0,0.46518,0.0188995,0.00629983,0.0188995,0.00629983,0.0188995,0.00629983,0.0188995,0.00629983
337,29924.8,1.52786,0.8116,0.92685,0,0,0,0,0,0,0,0,0,0,0.49425,0.067,0.44965,0.49456,0.7667,0.68708,0.72151,0.46513,1.35484,0.69892,0.88783,0,0,0,0,0,0,0,0,0,0,0,0,0,0,0.46513,0.018843,0.00628101,0.018843,0.00628101,0.018843,0.00628101,0.018843,0.00628101
338,30013.7,1.54384,0.81898,0.92948,0,0,0,0,0,0,0,0,0,0,0.49425,0.067,0.4499,0.49456,0.76923,0.68639,0.72194,0.46496,1.3547,0.69855,0.88779,0,0,0,0,0,0,0,0,0,0,0,0,0,0,0.46496,0.0187865,0.00626218,0.0187865,0.00626218,0.0187865,0.00626218,0.0187865,0.00626218
339,30102.2,1.52759,0.81342,0.92797,0,0,0,0,0,0,0,0,0,0,0.49424,0.06695,0.44941,0.49456,0.76549,0.6879,0.72111,0.46543,1.35324,0.69785,0.88761,0,0,0,0,0,0,0,0,0,0,0,0,0,0,0.46543,0.01873,0.00624332,0.01873,0.00624332,0.01873,0.00624332,0.01873,0.00624332
340,30191.8,1.52643,0.81056,0.92963,0,0,0,0,0,0,0,0,0,0,0.49424,0.06695,0.44968,0.49454,0.7667,0.68847,0.72307,0.46617,1.35222,0.69723,0.88747,0,0,0,0,0,0,0,0,0,0,0,0,0,0,0.46617,0.0186733,0.00622445,0.0186733,0.00622445,0.0186733,0.00622445,0.0186733,0.00622445
341,30280.8,1.51843,0.80859,0.92681,0,0,0,0,0,0,0,0,0,0,0.49429,0.06695,0.44994,0.49459,0.76908,0.6882,0.72323,0.46654,1.35123,0.69629,0.88733,0,0,0,0,0,0,0,0,0,0,0,0,0,0,0.46654,0.0186167,0.00620555,0.0186167,0.00620555,0.0186167,0.00620555,0.0186167,0.00620555
342,30370.4,1.53638,0.81505,0.9288,0,0,0,0,0,0,0,0,0,0,0.49425,0.06696,0.4493,0.49456,0.76722,0.69018,0.72348,0.46678,1.35047,0.69549,0.88718,0,0,0,0,0,0,0,0,0,0,0,0,0,0,0.46678,0.0185599,0.00618664,0.0185599,0.00618664,0.0185599,0.00618664,0.0185599,0.00618664
343,30459.6,1.52319,0.80948,0.92752,0,0,0,0,0,0,0,0,0,0,0.49429,0.06697,0.44953,0.49447,0.76655,0.691,0.72399,0.46719,1.34967,0.6948,0.88707,0,0,0,0,0,0,0,0,0,0,0,0,0,0,0.46719,0.0185031,0.00616772,0.0185031,0.00616772,0.0185031,0.00616772,0.0185031,0.00616772
344,30548.8,1.52292,0.81058,0.93,0,0,0,0,0,0,0,0,0,0,0.49424,0.06695,0.44995,0.49455,0.76752,0.69039,0.72481,0.46707,1.3493,0.69427,0.88691,0,0,0,0,0,0,0,0,0,0,0,0,0,0,0.46707,0.0184463,0.00614877,0.0184463,0.00614877,0.0184463,0.00614877,0.0184463,0.00614877
345,30637.8,1.52172,0.80716,0.9275,0,0,0,0,0,0,0,0,0,0,0.49426,0.06696,0.44926,0.49457,0.76959,0.68846,0.7246,0.46722,1.34804,0.69371,0.88674,0,0,0,0,0,0,0,0,0,0,0,0,0,0,0.46722,0.0183894,0.00612981,0.0183894,0.00612981,0.0183894,0.00612981,0.0183894,0.00612981
346,30727.2,1.51818,0.80284,0.9258,0,0,0,0,0,0,0,0,0,0,0.49425,0.06692,0.44974,0.49456,0.7719,0.68925,0.72555,0.4678,1.34688,0.69276,0.88653,0,0,0,0,0,0,0,0,0,0,0,0,0,0,0.4678,0.0183325,0.00611083,0.0183325,0.00611083,0.0183325,0.00611083,0.0183325,0.00611083
347,30816.7,1.52473,0.80977,0.92635,0,0,0,0,0,0,0,0,0,0,0.49425,0.06694,0.44905,0.49457,0.77109,0.68972,0.7257,0.46786,1.34634,0.69206,0.88631,0,0,0,0,0,0,0,0,0,0,0,0,0,0,0.46786,0.0182755,0.00609184,0.0182755,0.00609184,0.0182755,0.00609184,0.0182755,0.00609184
348,30905.2,1.51767,0.80287,0.92414,0,0,0,0,0,0,0,0,0,0,0.49425,0.067,0.44985,0.49444,0.77026,0.68991,0.72559,0.46817,1.34589,0.69157,0.88623,0,0,0,0,0,0,0,0,0,0,0,0,0,0,0.46817,0.0182185,0.00607282,0.0182185,0.00607282,0.0182185,0.00607282,0.0182185,0.00607282
349,30995,1.51872,0.80534,0.92529,0,0,0,0,0,0,0,0,0,0,0.4943,0.06696,0.44937,0.49459,0.77086,0.69109,0.72649,0.46826,1.34501,0.69084,0.8861,0,0,0,0,0,0,0,0,0,0,0,0,0,0,0.46826,0.0181614,0.0060538,0.0181614,0.0060538,0.0181614,0.0060538,0.0181614,0.0060538
350,31084,1.51313,0.8007,0.92597,0,0,0,0,0,0,0,0,0,0,0.49427,0.06693,0.45032,0.49457,0.77131,0.69145,0.72723,0.4689,1.34421,0.69007,0.88585,0,0,0,0,0,0,0,0,0,0,0,0,0,0,0.4689,0.0181043,0.00603475,0.0181043,0.00603475,0.0181043,0.00603475,0.0181043,0.00603475
351,31172.7,1.51699,0.80661,0.92391,0,0,0,0,0,0,0,0,0,0,0.49431,0.06699,0.4497,0.49462,0.77384,0.6904,0.72711,0.4695,1.34368,0.68947,0.88574,0,0,0,0,0,0,0,0,0,0,0,0,0,0,0.4695,0.0180471,0.0060157,0.0180471,0.0060157,0.0180471,0.0060157,0.0180471,0.0060157
352,31261.5,1.51117,0.80176,0.9229,0,0,0,0,0,0,0,0,0,0,0.49424,0.06694,0.44979,0.49455,0.77377,0.69076,0.72774,0.46983,1.34286,0.68861,0.88553,0,0,0,0,0,0,0,0,0,0,0,0,0,0,0.46983,0.0179899,0.00599662,0.0179899,0.00599662,0.0179899,0.00599662,0.0179899,0.00599662
353,31350.6,1.51,0.79789,0.9252,0,0,0,0,0,0,0,0,0,0,0.49425,0.06692,0.44991,0.49455,0.77499,0.69062,0.72826,0.47006,1.34235,0.68818,0.88563,0,0,0,0,0,0,0,0,0,0,0,0,0,0,0.47006,0.0179326,0.00597754,0.0179326,0.00597754,0.0179326,0.00597754,0.0179326,0.00597754
354,31440.1,1.51392,0.80052,0.92356,0,0,0,0,0,0,0,0,0,0,0.49425,0.06696,0.44937,0.49455,0.77188,0.69163,0.72867,0.47104,1.34128,0.68732,0.88512,0,0,0,0,0,0,0,0,0,0,0,0,0,0,0.47104,0.0178753,0.00595844,0.0178753,0.00595844,0.0178753,0.00595844,0.0178753,0.00595844
355,31529.2,1.50737,0.79722,0.92192,0,0,0,0,0,0,0,0,0,0,0.49427,0.06695,0.44939,0.49457,0.774,0.69152,0.72949,0.47091,1.34046,0.68699,0.88497,0,0,0,0,0,0,0,0,0,0,0,0,0,0,0.47091,0.017818,0.00593932,0.017818,0.00593932,0.017818,0.00593932,0.017818,0.00593932
356,31617.7,1.50329,0.79511,0.92138,0,0,0,0,0,0,0,0,0,0,0.49426,0.06693,0.45005,0.49457,0.77625,0.69042,0.73032,0.47207,1.33938,0.68618,0.88487,0,0,0,0,0,0,0,0,0,0,0,0,0,0,0.47207,0.0177606,0.00592019,0.0177606,0.00592019,0.0177606,0.00592019,0.0177606,0.00592019
357,31706.9,1.50366,0.7957,0.92191,0,0,0,0,0,0,0,0,0,0,0.49428,0.06699,0.44997,0.49458,0.77321,0.69174,0.73075,0.47206,1.33885,0.68569,0.88471,0,0,0,0,0,0,0,0,0,0,0,0,0,0,0.47206,0.0177031,0.00590105,0.0177031,0.00590105,0.0177031,0.00590105,0.0177031,0.00590105
358,31795.7,1.51032,0.80215,0.92514,0,0,0,0,0,0,0,0,0,0,0.49425,0.06693,0.44988,0.49455,0.77275,0.69249,0.73037,0.47248,1.33871,0.68501,0.88454,0,0,0,0,0,0,0,0,0,0,0,0,0,0,0.47248,0.0176457,0.00588189,0.0176457,0.00588189,0.0176457,0.00588189,0.0176457,0.00588189
359,31884,1.50948,0.79512,0.92333,0,0,0,0,0,0,0,0,0,0,0.49425,0.06693,0.44995,0.49455,0.77586,0.69195,0.73126,0.47259,1.33767,0.68442,0.88432,0,0,0,0,0,0,0,0,0,0,0,0,0,0,0.47259,0.0175882,0.00586272,0.0175882,0.00586272,0.0175882,0.00586272,0.0175882,0.00586272
360,31972.7,1.50062,0.79314,0.92087,0,0,0,0,0,0,0,0,0,0,0.49429,0.06698,0.44934,0.49459,0.77668,0.691,0.7316,0.47248,1.3361,0.68336,0.88406,0,0,0,0,0,0,0,0,0,0,0,0,0,0,0.47248,0.0175306,0.00584354,0.0175306,0.00584354,0.0175306,0.00584354,0.0175306,0.00584354
361,32062,1.50542,0.79843,0.9245,0,0,0,0,0,0,0,0,0,0,0.4943,0.06696,0.44947,0.49462,0.77707,0.69036,0.7318,0.47296,1.33519,0.68275,0.88391,0,0,0,0,0,0,0,0,0,0,0,0,0,0,0.47296,0.0174731,0.00582435,0.0174731,0.00582435,0.0174731,0.00582435,0.0174731,0.00582435
362,32150.8,1.50531,0.79496,0.92259,0,0,0,0,0,0,0,0,0,0,0.49428,0.06699,0.44987,0.49459,0.77639,0.69247,0.7327,0.47325,1.33404,0.68196,0.88374,0,0,0,0,0,0,0,0,0,0,0,0,0,0,0.47325,0.0174154,0.00580515,0.0174154,0.00580515,0.0174154,0.00580515,0.0174154,0.00580515
363,32240.2,1.49637,0.79298,0.92047,0,0,0,0,0,0,0,0,0,0,0.49426,0.06696,0.45,0.49457,0.77473,0.69304,0.73218,0.47333,1.33366,0.68136,0.88357,0,0,0,0,0,0,0,0,0,0,0,0,0,0,0.47333,0.0173578,0.00578593,0.0173578,0.00578593,0.0173578,0.00578593,0.0173578,0.00578593
364,32329.6,1.5006,0.79654,0.92153,0,0,0,0,0,0,0,0,0,0,0.49429,0.06694,0.45031,0.49459,0.77526,0.69337,0.73311,0.47353,1.33302,0.68086,0.88347,0,0,0,0,0,0,0,0,0,0,0,0,0,0,0.47353,0.0173001,0.0057667,0.0173001,0.0057667,0.0173001,0.0057667,0.0173001,0.0057667
365,32418.9,1.49946,0.79932,0.91956,0,0,0,0,0,0,0,0,0,0,0.49424,0.06691,0.44949,0.49455,0.77568,0.69412,0.73374,0.47399,1.33257,0.68048,0.88338,0,0,0,0,0,0,0,0,0,0,0,0,0,0,0.47399,0.0172424,0.00574746,0.0172424,0.00574746,0.0172424,0.00574746,0.0172424,0.00574746
366,32508.4,1.49673,0.7881,0.91822,0,0,0,0,0,0,0,0,0,0,0.49426,0.06693,0.44961,0.49457,0.77396,0.6949,0.73403,0.47455,1.33187,0.68008,0.88329,0,0,0,0,0,0,0,0,0,0,0,0,0,0,0.47455,0.0171846,0.00572821,0.0171846,0.00572821,0.0171846,0.00572821,0.0171846,0.00572821
367,32598,1.4972,0.78703,0.91823,0,0,0,0,0,0,0,0,0,0,0.49427,0.06702,0.44958,0.49458,0.77249,0.69471,0.73361,0.47457,1.33212,0.67957,0.88319,0,0,0,0,0,0,0,0,0,0,0,0,0,0,0.47457,0.0171269,0.00570895,0.0171269,0.00570895,0.0171269,0.00570895,0.0171269,0.00570895
368,32686.8,1.49126,0.7901,0.91967,0,0,0,0,0,0,0,0,0,0,0.49428,0.06696,0.4497,0.49459,0.7722,0.69547,0.73414,0.4748,1.33199,0.67903,0.88304,0,0,0,0,0,0,0,0,0,0,0,0,0,0,0.4748,0.017069,0.00568968,0.017069,0.00568968,0.017069,0.00568968,0.017069,0.00568968
369,32776.3,1.49625,0.79267,0.92194,0,0,0,0,0,0,0,0,0,0,0.49425,0.06698,0.44929,0.49456,0.7736,0.69585,0.73469,0.4753,1.33098,0.67836,0.88289,0,0,0,0,0,0,0,0,0,0,0,0,0,0,0.4753,0.0170112,0.0056704,0.0170112,0.0056704,0.0170112,0.0056704,0.0170112,0.0056704
370,32865.3,1.48039,0.78631,0.91561,0,0,0,0,0,0,0,0,0,0,0.49426,0.06694,0.44987,0.49456,0.77528,0.69618,0.73497,0.47541,1.33085,0.67778,0.88273,0,0,0,0,0,0,0,0,0,0,0,0,0,0,0.47541,0.0169533,0.00565111,0.0169533,0.00565111,0.0169533,0.00565111,0.0169533,0.00565111
371,32954.1,1.49333,0.78728,0.91798,0,0,0,0,0,0,0,0,0,0,0.49426,0.06698,0.44985,0.49458,0.77544,0.69699,0.73577,0.47577,1.33098,0.67748,0.88284,0,0,0,0,0,0,0,0,0,0,0,0,0,0,0.47577,0.0168954,0.00563181,0.0168954,0.00563181,0.0168954,0.00563181,0.0168954,0.00563181
372,33042.8,1.49786,0.78892,0.91898,0,0,0,0,0,0,0,0,0,0,0.4943,0.06694,0.44984,0.49461,0.77569,0.69819,0.7363,0.4761,1.32993,0.67688,0.88263,0,0,0,0,0,0,0,0,0,0,0,0,0,0,0.4761,0.0168375,0.0056125,0.0168375,0.0056125,0.0168375,0.0056125,0.0168375,0.0056125
373,33131.4,1.48577,0.78463,0.91734,0,0,0,0,0,0,0,0,0,0,0.49423,0.06697,0.44917,0.49441,0.77245,0.69873,0.73581,0.47572,1.32924,0.67637,0.8825,0,0,0,0,0,0,0,0,0,0,0,0,0,0,0.47572,0.0167796,0.00559318,0.0167796,0.00559318,0.0167796,0.00559318,0.0167796,0.00559318
374,33220.1,1.4868,0.78449,0.91834,0,0,0,0,0,0,0,0,0,0,0.49423,0.06694,0.45007,0.49454,0.77178,0.70015,0.73638,0.47663,1.32814,0.67605,0.8823,0,0,0,0,0,0,0,0,0,0,0,0,0,0,0.47663,0.0167216,0.00557386,0.0167216,0.00557386,0.0167216,0.00557386,0.0167216,0.00557386
375,33308.8,1.47986,0.77957,0.91578,0,0,0,0,0,0,0,0,0,0,0.49429,0.06695,0.4497,0.4946,0.77409,0.69965,0.73677,0.47738,1.32692,0.67546,0.88211,0,0,0,0,0,0,0,0,0,0,0,0,0,0,0.47738,0.0166636,0.00555453,0.0166636,0.00555453,0.0166636,0.00555453,0.0166636,0.00555453
376,33397.4,1.48458,0.78196,0.91743,0,0,0,0,0,0,0,0,0,0,0.49427,0.06699,0.44944,0.49458,0.7735,0.70137,0.73727,0.47698,1.32618,0.67486,0.88196,0,0,0,0,0,0,0,0,0,0,0,0,0,0,0.47698,0.0166056,0.00553518,0.0166056,0.00553518,0.0166056,0.00553518,0.0166056,0.00553518
377,33486.1,1.48062,0.77734,0.91495,0,0,0,0,0,0,0,0,0,0,0.49425,0.06701,0.44978,0.49454,0.77416,0.70114,0.73773,0.47705,1.32585,0.67418,0.88186,0,0,0,0,0,0,0,0,0,0,0,0,0,0,0.47705,0.0165475,0.00551584,0.0165475,0.00551584,0.0165475,0.00551584,0.0165475,0.00551584
378,33574.9,1.47993,0.77533,0.91638,0,0,0,0,0,0,0,0,0,0,0.49425,0.06697,0.44877,0.49456,0.7733,0.70245,0.73812,0.47716,1.32522,0.67349,0.88176,0,0,0,0,0,0,0,0,0,0,0,0,0,0,0.47716,0.0164894,0.00549648,0.0164894,0.00549648,0.0164894,0.00549648,0.0164894,0.00549648
379,33663,1.4789,0.77792,0.91845,0,0,0,0,0,0,0,0,0,0,0.49429,0.0669,0.44987,0.49459,0.77483,0.703,0.73887,0.47761,1.32427,0.67294,0.88163,0,0,0,0,0,0,0,0,0,0,0,0,0,0,0.47761,0.0164314,0.00547712,0.0164314,0.00547712,0.0164314,0.00547712,0.0164314,0.00547712
380,33751.5,1.47416,0.76905,0.91445,0,0,0,0,0,0,0,0,0,0,0.49425,0.06695,0.44964,0.49456,0.77623,0.70293,0.73865,0.47773,1.3235,0.672,0.88148,0,0,0,0,0,0,0,0,0,0,0,0,0,0,0.47773,0.0163732,0.00545775,0.0163732,0.00545775,0.0163732,0.00545775,0.0163732,0.00545775
381,33840.2,1.48229,0.77725,0.91497,0,0,0,0,0,0,0,0,0,0,0.49427,0.06697,0.449,0.49445,0.77805,0.70371,0.7395,0.47819,1.32233,0.67117,0.88134,0,0,0,0,0,0,0,0,0,0,0,0,0,0,0.47819,0.0163151,0.00543837,0.0163151,0.00543837,0.0163151,0.00543837,0.0163151,0.00543837
382,33929,1.47483,0.77508,0.91337,0,0,0,0,0,0,0,0,0,0,0.49427,0.06695,0.44937,0.49459,0.77722,0.70297,0.73969,0.47836,1.32136,0.67046,0.88121,0,0,0,0,0,0,0,0,0,0,0,0,0,0,0.47836,0.016257,0.00541899,0.016257,0.00541899,0.016257,0.00541899,0.016257,0.00541899
383,34018,1.46726,0.77046,0.9109,0,0,0,0,0,0,0,0,0,0,0.49426,0.06695,0.44933,0.49456,0.77838,0.70311,0.74036,0.47855,1.32058,0.66975,0.88107,0,0,0,0,0,0,0,0,0,0,0,0,0,0,0.47855,0.0161988,0.0053996,0.0161988,0.0053996,0.0161988,0.0053996,0.0161988,0.0053996
384,34106.8,1.48127,0.77998,0.9132,0,0,0,0,0,0,0,0,0,0,0.49421,0.06697,0.45046,0.49452,0.77949,0.70335,0.7407,0.47895,1.31973,0.66941,0.88094,0,0,0,0,0,0,0,0,0,0,0,0,0,0,0.47895,0.0161406,0.00538021,0.0161406,0.00538021,0.0161406,0.00538021,0.0161406,0.00538021
385,34194.8,1.47979,0.77244,0.91428,0,0,0,0,0,0,0,0,0,0,0.49428,0.067,0.45002,0.4946,0.77808,0.70368,0.74067,0.47955,1.31835,0.66853,0.88069,0,0,0,0,0,0,0,0,0,0,0,0,0,0,0.47955,0.0160824,0.00536081,0.0160824,0.00536081,0.0160824,0.00536081,0.0160824,0.00536081
386,34283.9,1.46918,0.77303,0.91326,0,0,0,0,0,0,0,0,0,0,0.4943,0.06698,0.44978,0.49461,0.7783,0.70583,0.74249,0.47998,1.31731,0.66797,0.88045,0,0,0,0,0,0,0,0,0,0,0,0,0,0,0.47998,0.0160242,0.00534141,0.0160242,0.00534141,0.0160242,0.00534141,0.0160242,0.00534141
387,34372.6,1.46998,0.7742,0.91196,0,0,0,0,0,0,0,0,0,0,0.49424,0.06698,0.45021,0.49456,0.77945,0.70493,0.74247,0.4802,1.31627,0.66737,0.88029,0,0,0,0,0,0,0,0,0,0,0,0,0,0,0.4802,0.015966,0.005322,0.015966,0.005322,0.015966,0.005322,0.015966,0.005322
388,34462.1,1.46792,0.77245,0.91262,0,0,0,0,0,0,0,0,0,0,0.49421,0.06696,0.45025,0.49452,0.78078,0.70523,0.74318,0.4806,1.31578,0.66677,0.88022,0,0,0,0,0,0,0,0,0,0,0,0,0,0,0.4806,0.0159078,0.00530259,0.0159078,0.00530259,0.0159078,0.00530259,0.0159078,0.00530259
389,34551.3,1.457,0.76887,0.9112,0,0,0,0,0,0,0,0,0,0,0.4943,0.06696,0.45024,0.4946,0.78147,0.70676,0.7438,0.48115,1.31473,0.66633,0.87999,0,0,0,0,0,0,0,0,0,0,0,0,0,0,0.48115,0.0158495,0.00528318,0.0158495,0.00528318,0.0158495,0.00528318,0.0158495,0.00528318
390,34640.4,1.48089,0.78177,0.91359,0,0,0,0,0,0,0,0,0,0,0.4943,0.06697,0.44974,0.49462,0.7832,0.70716,0.74485,0.48146,1.31348,0.66594,0.87984,0,0,0,0,0,0,0,0,0,0,0,0,0,0,0.48146,0.0157913,0.00526376,0.0157913,0.00526376,0.0157913,0.00526376,0.0157913,0.00526376
391,34729.3,1.47381,0.77282,0.91181,0,0,0,0,0,0,0,0,0,0,0.49424,0.06697,0.44964,0.49455,0.78171,0.70909,0.74562,0.48226,1.31284,0.66554,0.87969,0,0,0,0,0,0,0,0,0,0,0,0,0,0,0.48226,0.015733,0.00524434,0.015733,0.00524434,0.015733,0.00524434,0.015733,0.00524434
392,34818.4,1.46197,0.76489,0.9116,0,0,0,0,0,0,0,0,0,0,0.49427,0.06696,0.45024,0.49458,0.78294,0.7077,0.74466,0.48216,1.31198,0.6646,0.87969,0,0,0,0,0,0,0,0,0,0,0,0,0,0,0.48216,0.0156747,0.00522491,0.0156747,0.00522491,0.0156747,0.00522491,0.0156747,0.00522491
393,34907.4,1.46775,0.77034,0.91111,0,0,0,0,0,0,0,0,0,0,0.49427,0.067,0.44997,0.49456,0.78262,0.70895,0.7451,0.48244,1.31136,0.66429,0.87954,0,0,0,0,0,0,0,0,0,0,0,0,0,0,0.48244,0.0156164,0.00520548,0.0156164,0.00520548,0.0156164,0.00520548,0.0156164,0.00520548
394,34996.6,1.4648,0.76753,0.91211,0,0,0,0,0,0,0,0,0,0,0.49428,0.06699,0.44983,0.49458,0.78703,0.7075,0.74505,0.48259,1.31014,0.66368,0.87934,0,0,0,0,0,0,0,0,0,0,0,0,0,0,0.48259,0.0155582,0.00518605,0.0155582,0.00518605,0.0155582,0.00518605,0.0155582,0.00518605
395,35085.8,1.46001,0.76475,0.91324,0,0,0,0,0,0,0,0,0,0,0.49429,0.06695,0.44972,0.4946,0.78653,0.70833,0.74557,0.48274,1.30946,0.66308,0.87927,0,0,0,0,0,0,0,0,0,0,0,0,0,0,0.48274,0.0154999,0.00516662,0.0154999,0.00516662,0.0154999,0.00516662,0.0154999,0.00516662
396,35175,1.4537,0.76296,0.91129,0,0,0,0,0,0,0,0,0,0,0.49426,0.06697,0.44972,0.49458,0.78719,0.70771,0.74508,0.4832,1.30857,0.66237,0.8791,0,0,0,0,0,0,0,0,0,0,0,0,0,0,0.4832,0.0154416,0.00514719,0.0154416,0.00514719,0.0154416,0.00514719,0.0154416,0.00514719
397,35264.5,1.45669,0.76402,0.91144,0,0,0,0,0,0,0,0,0,0,0.49427,0.06701,0.44921,0.49457,0.78804,0.70888,0.74594,0.48367,1.30795,0.66199,0.87902,0,0,0,0,0,0,0,0,0,0,0,0,0,0,0.48367,0.0153833,0.00512775,0.0153833,0.00512775,0.0153833,0.00512775,0.0153833,0.00512775
398,35353.7,1.45536,0.76435,0.91301,0,0,0,0,0,0,0,0,0,0,0.49426,0.06696,0.44943,0.49457,0.78828,0.70984,0.74588,0.48332,1.30743,0.66151,0.87895,0,0,0,0,0,0,0,0,0,0,0,0,0,0,0.48332,0.0153249,0.00510831,0.0153249,0.00510831,0.0153249,0.00510831,0.0153249,0.00510831
