epoch,time,train/box_loss,train/cls_loss,train/dfl_loss,metrics/precision(B),metrics/recall(B),metrics/mAP50(B),metrics/mAP50-95(B),val/box_loss,val/cls_loss,val/dfl_loss,lr/pg0,lr/pg1,lr/pg2,lr/pg3,lr/pg4,lr/pg5,lr/pg6,lr/pg7
1,156.991,2.30673,2.31678,1.38989,0.49403,0.43432,0.41535,0.16895,2.23488,2.19164,1.10391,0.00995652,0.00331884,0.00995652,0.00331884,0.00995652,0.00331884,0.00995652,0.00331884
2,352.429,2.18687,1.53253,1.15042,0.37508,0.35322,0.26852,0.09168,2.26414,3.4446,1.20634,0.0199564,0.00665215,0.0199564,0.00665215,0.0199564,0.00665215,0.0199564,0.00665215
3,585.525,2.37031,1.69437,1.21384,0.14237,0.11276,0.05623,0.01697,2.82477,17.9806,1.76484,0.0299561,0.00998535,0.0299561,0.00998535,0.0299561,0.00998535,0.0299561,0.00998535
4,790.289,2.37732,1.70176,1.2563,0.54127,0.25206,0.28044,0.09192,2.38907,2.58492,1.28728,0.029999,0.00999966,0.029999,0.00999966,0.029999,0.00999966,0.029999,0.00999966
5,980.484,2.25142,1.55127,1.20795,0.50962,0.39417,0.35844,0.13608,2.24787,2.17072,1.19839,0.0299982,0.00999939,0.0299982,0.00999939,0.0299982,0.00999939,0.0299982,0.00999939
6,1115.91,2.1716,1.44311,1.17093,0.55847,0.50731,0.50992,0.2083,2.03875,1.608,1.11407,0.0299971,0.00999905,0.0299971,0.00999905,0.0299971,0.00999905,0.0299971,0.00999905
7,1243.4,2.11331,1.37417,1.14762,0.579,0.51044,0.50866,0.21873,2.04772,1.49214,1.11313,0.0299959,0.00999863,0.0299959,0.00999863,0.0299959,0.00999863,0.0299959,0.00999863
8,1408.07,2.08468,1.34349,1.13562,0.62179,0.53551,0.55145,0.23381,2.10431,1.4533,1.10614,0.0299944,0.00999813,0.0299944,0.00999813,0.0299944,0.00999813,0.0299944,0.00999813
9,1551.58,2.04354,1.29319,1.11905,0.61956,0.60132,0.6121,0.26972,1.99221,1.24582,1.07135,0.0299927,0.00999756,0.0299927,0.00999756,0.0299927,0.00999756,0.0299927,0.00999756
10,1689.54,2.01731,1.25786,1.1011,0.68744,0.59354,0.61441,0.27388,1.95569,1.15416,1.06944,0.0299907,0.00999691,0.0299907,0.00999691,0.0299907,0.00999691,0.0299907,0.00999691
11,1819.15,1.96273,1.22111,1.09893,0.6811,0.6087,0.63937,0.28811,1.88285,1.11706,1.05944,0.0299886,0.00999618,0.0299886,0.00999618,0.0299886,0.00999618,0.0299886,0.00999618
12,1955.22,1.97398,1.21466,1.0921,0.67984,0.59837,0.63465,0.2891,1.92563,1.18175,1.05413,0.0299861,0.00999538,0.0299861,0.00999538,0.0299861,0.00999538,0.0299861,0.00999538
13,2096.86,1.9691,1.20394,1.08602,0.69127,0.61405,0.64575,0.28947,1.87148,1.2126,1.04937,0.0299835,0.0099945,0.0299835,0.0099945,0.0299835,0.0099945,0.0299835,0.0099945
14,2231.74,1.93186,1.15837,1.06912,0.67936,0.61503,0.64107,0.29513,1.88535,1.11505,1.04326,0.0299807,0.00999355,0.0299807,0.00999355,0.0299807,0.00999355,0.0299807,0.00999355
15,2363.12,1.91903,1.15387,1.07056,0.69938,0.64985,0.67879,0.31633,1.83502,1.11135,1.03664,0.0299776,0.00999252,0.0299776,0.00999252,0.0299776,0.00999252,0.0299776,0.00999252
16,2499.64,1.9095,1.13365,1.06627,0.67753,0.67196,0.67121,0.31342,1.8253,1.144,1.02978,0.0299742,0.00999141,0.0299742,0.00999141,0.0299742,0.00999141,0.0299742,0.00999141
17,2640.07,1.91558,1.14033,1.05945,0.71122,0.66226,0.6888,0.32377,1.85142,1.05542,1.03641,0.0299707,0.00999023,0.0299707,0.00999023,0.0299707,0.00999023,0.0299707,0.00999023
18,2772.39,1.90284,1.11145,1.05079,0.70731,0.67126,0.69398,0.33272,1.81279,1.00599,1.02596,0.0299669,0.00998897,0.0299669,0.00998897,0.0299669,0.00998897,0.0299669,0.00998897
19,2908.29,1.88211,1.10778,1.04896,0.75643,0.67177,0.72357,0.3485,1.78439,0.98119,1.01263,0.0299629,0.00998764,0.0299629,0.00998764,0.0299629,0.00998764,0.0299629,0.00998764
20,3052.97,1.86436,1.09219,1.04874,0.71665,0.69478,0.71805,0.34625,1.76759,1.00378,1.01116,0.0299587,0.00998623,0.0299587,0.00998623,0.0299587,0.00998623,0.0299587,0.00998623
21,3192.49,1.85102,1.07924,1.03982,0.75701,0.68935,0.72332,0.352,1.77787,0.95661,1.01271,0.0299542,0.00998474,0.0299542,0.00998474,0.0299542,0.00998474,0.0299542,0.00998474
22,3330.19,1.84021,1.0631,1.03892,0.75884,0.69843,0.72743,0.34825,1.74219,0.97308,1.00759,0.0299495,0.00998318,0.0299495,0.00998318,0.0299495,0.00998318,0.0299495,0.00998318
23,3467.71,1.83419,1.05887,1.03788,0.73047,0.70701,0.72802,0.34976,1.76679,0.95326,1.00275,0.0299446,0.00998154,0.0299446,0.00998154,0.0299446,0.00998154,0.0299446,0.00998154
24,3606.39,1.84032,1.04837,1.02905,0.7506,0.70157,0.73831,0.35619,1.77664,0.96847,1.00526,0.0299395,0.00997982,0.0299395,0.00997982,0.0299395,0.00997982,0.0299395,0.00997982
25,3743.01,1.81845,1.03564,1.02717,0.7423,0.71245,0.73234,0.36184,1.75037,0.95102,1.00024,0.0299341,0.00997803,0.0299341,0.00997803,0.0299341,0.00997803,0.0299341,0.00997803
26,3878.5,1.82306,1.03961,1.02953,0.75434,0.70698,0.73399,0.35946,1.74607,0.93116,0.99524,0.0299285,0.00997616,0.0299285,0.00997616,0.0299285,0.00997616,0.0299285,0.00997616
27,4013.87,1.80501,1.02794,1.02105,0.75539,0.6916,0.72633,0.35934,1.72482,0.90676,0.99207,0.0299227,0.00997422,0.0299227,0.00997422,0.0299227,0.00997422,0.0299227,0.00997422
28,4154.31,1.7945,1.02902,1.02376,0.75648,0.71363,0.74303,0.36034,1.76979,0.94682,0.99738,0.0299166,0.0099722,0.0299166,0.0099722,0.0299166,0.0099722,0.0299166,0.0099722
29,4275.52,1.80203,1.02554,1.0231,0.76172,0.71189,0.7428,0.37087,1.73756,0.89857,0.99168,0.0299103,0.00997011,0.0299103,0.00997011,0.0299103,0.00997011,0.0299103,0.00997011
30,4408.91,1.79209,1.01733,1.01619,0.7854,0.74254,0.77797,0.39194,1.68263,0.88202,0.98287,0.0299038,0.00996794,0.0299038,0.00996794,0.0299038,0.00996794,0.0299038,0.00996794
31,4544.35,1.77423,1.00016,1.01506,0.77654,0.74165,0.76924,0.39413,1.67312,0.86507,0.97869,0.0298971,0.00996569,0.0298971,0.00996569,0.0298971,0.00996569,0.0298971,0.00996569
32,4687.7,1.78629,1.00407,1.01368,0.76533,0.72972,0.75967,0.3892,1.68026,0.85797,0.98064,0.0298901,0.00996337,0.0298901,0.00996337,0.0298901,0.00996337,0.0298901,0.00996337
33,4829.05,1.77745,0.99873,1.01839,0.78721,0.74847,0.78336,0.40489,1.65467,0.84673,0.97313,0.0298829,0.00996097,0.0298829,0.00996097,0.0298829,0.00996097,0.0298829,0.00996097
34,4961.78,1.77816,1.00394,1.01148,0.78585,0.7595,0.78019,0.40442,1.65596,0.84554,0.97096,0.0298755,0.00995849,0.0298755,0.00995849,0.0298755,0.00995849,0.0298755,0.00995849
35,5100.11,1.76406,0.98595,1.00583,0.78552,0.75472,0.77761,0.39658,1.68567,0.84637,0.97669,0.0298678,0.00995594,0.0298678,0.00995594,0.0298678,0.00995594,0.0298678,0.00995594
36,5241.73,1.75802,0.98056,1.00362,0.78951,0.75773,0.78731,0.40816,1.65832,0.84487,0.97249,0.02986,0.00995332,0.02986,0.00995332,0.02986,0.00995332,0.02986,0.00995332
37,5381.55,1.75651,0.98662,1.00605,0.80634,0.76916,0.79986,0.42276,1.62357,0.81822,0.9648,0.0298519,0.00995062,0.0298519,0.00995062,0.0298519,0.00995062,0.0298519,0.00995062
38,5516.93,1.75623,0.97678,1.00283,0.79528,0.77501,0.79463,0.41406,1.61947,0.83261,0.96283,0.0298435,0.00994784,0.0298435,0.00994784,0.0298435,0.00994784,0.0298435,0.00994784
39,5654.06,1.72917,0.96143,0.99985,0.80121,0.77901,0.80005,0.42078,1.61949,0.81281,0.96288,0.029835,0.00994499,0.029835,0.00994499,0.029835,0.00994499,0.029835,0.00994499
40,5793.88,1.74051,0.95922,0.99899,0.81479,0.77874,0.80713,0.42792,1.60526,0.80534,0.96018,0.0298262,0.00994206,0.0298262,0.00994206,0.0298262,0.00994206,0.0298262,0.00994206
41,5930.12,1.7341,0.96441,0.99905,0.80901,0.78406,0.8114,0.43165,1.58211,0.79785,0.95586,0.0298172,0.00993906,0.0298172,0.00993906,0.0298172,0.00993906,0.0298172,0.00993906
42,6065.95,1.73635,0.9622,0.99772,0.81366,0.77455,0.80756,0.42928,1.59633,0.80397,0.95901,0.0298079,0.00993598,0.0298079,0.00993598,0.0298079,0.00993598,0.0298079,0.00993598
43,6203.07,1.7452,0.95842,0.99696,0.79904,0.78503,0.80428,0.42902,1.59066,0.80112,0.95679,0.0297985,0.00993282,0.0297985,0.00993282,0.0297985,0.00993282,0.0297985,0.00993282
44,6341.27,1.73589,0.95467,0.99224,0.80754,0.7915,0.81311,0.43413,1.58979,0.79201,0.95639,0.0297888,0.0099296,0.0297888,0.0099296,0.0297888,0.0099296,0.0297888,0.0099296
45,6479.47,1.71968,0.94611,0.99419,0.81478,0.78567,0.816,0.43895,1.58764,0.78629,0.95569,0.0297789,0.00992629,0.0297789,0.00992629,0.0297789,0.00992629,0.0297789,0.00992629
46,6616.88,1.72502,0.94477,0.99429,0.8222,0.79332,0.82112,0.44215,1.57489,0.77565,0.95113,0.0297687,0.00992291,0.0297687,0.00992291,0.0297687,0.00992291,0.0297687,0.00992291
47,6753.53,1.70897,0.93815,0.99066,0.83062,0.79121,0.82227,0.44215,1.57424,0.76771,0.9504,0.0297584,0.00991946,0.0297584,0.00991946,0.0297584,0.00991946,0.0297584,0.00991946
48,6889,1.70964,0.93507,0.99205,0.8333,0.78898,0.82392,0.44415,1.56853,0.7656,0.94989,0.0297478,0.00991593,0.0297478,0.00991593,0.0297478,0.00991593,0.0297478,0.00991593
49,7031.28,1.70488,0.93031,0.98852,0.82501,0.79518,0.82402,0.44403,1.57465,0.76135,0.94953,0.029737,0.00991232,0.029737,0.00991232,0.029737,0.00991232,0.029737,0.00991232
50,7170.56,1.70222,0.92797,0.98774,0.82115,0.79525,0.82232,0.44405,1.56678,0.76076,0.94763,0.0297259,0.00990864,0.0297259,0.00990864,0.0297259,0.00990864,0.0297259,0.00990864
51,7304.85,1.69813,0.92475,0.98967,0.8273,0.79754,0.82408,0.44567,1.56451,0.76069,0.94678,0.0297147,0.00990489,0.0297147,0.00990489,0.0297147,0.00990489,0.0297147,0.00990489
52,7439.38,1.69475,0.9278,0.9824,0.82438,0.80306,0.82665,0.45045,1.55102,0.751,0.94324,0.0297032,0.00990106,0.0297032,0.00990106,0.0297032,0.00990106,0.0297032,0.00990106
53,7572.71,1.69209,0.91818,0.98641,0.82623,0.80614,0.8294,0.4516,1.543,0.74939,0.94215,0.0296915,0.00989715,0.0296915,0.00989715,0.0296915,0.00989715,0.0296915,0.00989715
54,7704.78,1.69574,0.92479,0.9892,0.83665,0.80977,0.83491,0.454,1.54308,0.74584,0.9415,0.0296795,0.00989317,0.0296795,0.00989317,0.0296795,0.00989317,0.0296795,0.00989317
55,7837.57,1.70057,0.92159,0.98374,0.8364,0.81387,0.83648,0.45719,1.54445,0.74359,0.94084,0.0296674,0.00988912,0.0296674,0.00988912,0.0296674,0.00988912,0.0296674,0.00988912
56,7969.77,1.70083,0.91541,0.98464,0.83869,0.81099,0.83652,0.458,1.53988,0.74166,0.93891,0.029655,0.00988499,0.029655,0.00988499,0.029655,0.00988499,0.029655,0.00988499
57,8103.49,1.66559,0.90622,0.97868,0.83543,0.81398,0.83592,0.4594,1.53323,0.73861,0.93759,0.0296424,0.00988079,0.0296424,0.00988079,0.0296424,0.00988079,0.0296424,0.00988079
58,8238.44,1.68022,0.91089,0.98581,0.83592,0.81319,0.83629,0.46019,1.53298,0.73694,0.938,0.0296295,0.00987651,0.0296295,0.00987651,0.0296295,0.00987651,0.0296295,0.00987651
59,8369.96,1.689,0.9089,0.97879,0.8367,0.81511,0.83692,0.46111,1.52828,0.73418,0.93604,0.0296165,0.00987216,0.0296165,0.00987216,0.0296165,0.00987216,0.0296165,0.00987216
60,8504.65,1.68046,0.90594,0.98039,0.83567,0.81347,0.83618,0.46221,1.52199,0.73309,0.93495,0.0296032,0.00986773,0.0296032,0.00986773,0.0296032,0.00986773,0.0296032,0.00986773
61,8639.48,1.66839,0.90654,0.98179,0.83222,0.81453,0.83495,0.46065,1.51983,0.73414,0.93411,0.0295897,0.00986323,0.0295897,0.00986323,0.0295897,0.00986323,0.0295897,0.00986323
62,8770.81,1.67268,0.90117,0.97812,0.83692,0.81729,0.8398,0.46464,1.51298,0.72889,0.93262,0.029576,0.00985866,0.029576,0.00985866,0.029576,0.00985866,0.029576,0.00985866
63,8902.62,1.66441,0.89814,0.97833,0.83972,0.81449,0.83909,0.46665,1.51096,0.72745,0.932,0.029562,0.00985401,0.029562,0.00985401,0.029562,0.00985401,0.029562,0.00985401
64,9036.13,1.66041,0.89385,0.97083,0.83714,0.81892,0.84063,0.46737,1.50785,0.72548,0.93125,0.0295479,0.00984928,0.0295479,0.00984928,0.0295479,0.00984928,0.0295479,0.00984928
65,9172.61,1.65137,0.89068,0.97432,0.83632,0.81965,0.84189,0.46716,1.50839,0.7248,0.93151,0.0295335,0.00984449,0.0295335,0.00984449,0.0295335,0.00984449,0.0295335,0.00984449
66,9302.4,1.66179,0.89821,0.97286,0.83776,0.81851,0.83954,0.46741,1.50768,0.72244,0.93108,0.0295188,0.00983962,0.0295188,0.00983962,0.0295188,0.00983962,0.0295188,0.00983962
67,9436.39,1.66789,0.90011,0.97274,0.83287,0.82186,0.84073,0.46834,1.5063,0.72147,0.93066,0.029504,0.00983467,0.029504,0.00983467,0.029504,0.00983467,0.029504,0.00983467
68,9571.61,1.66852,0.88794,0.97283,0.8382,0.82327,0.84222,0.47004,1.50399,0.71934,0.93036,0.029489,0.00982965,0.029489,0.00982965,0.029489,0.00982965,0.029489,0.00982965
69,9700.03,1.64716,0.88208,0.96743,0.84057,0.82291,0.84343,0.47054,1.50248,0.71817,0.92971,0.0294737,0.00982456,0.0294737,0.00982456,0.0294737,0.00982456,0.0294737,0.00982456
70,9834.8,1.66025,0.88677,0.97228,0.84307,0.82158,0.84418,0.47229,1.50019,0.7157,0.929,0.0294582,0.00981939,0.0294582,0.00981939,0.0294582,0.00981939,0.0294582,0.00981939
71,9967.91,1.64245,0.88529,0.96987,0.84415,0.82079,0.84295,0.47316,1.49905,0.7148,0.92851,0.0294425,0.00981415,0.0294425,0.00981415,0.0294425,0.00981415,0.0294425,0.00981415
72,10102.6,1.64809,0.88119,0.96767,0.84325,0.81995,0.84335,0.47367,1.49863,0.71331,0.92828,0.0294265,0.00980884,0.0294265,0.00980884,0.0294265,0.00980884,0.0294265,0.00980884
73,10232.1,1.64974,0.8834,0.96749,0.84424,0.81855,0.84198,0.47334,1.49752,0.71296,0.92751,0.0294104,0.00980345,0.0294104,0.00980345,0.0294104,0.00980345,0.0294104,0.00980345
74,10367.6,1.64911,0.88326,0.96838,0.84798,0.81933,0.84456,0.47503,1.49671,0.71142,0.92726,0.029394,0.00979799,0.029394,0.00979799,0.029394,0.00979799,0.029394,0.00979799
75,10500.4,1.6491,0.88238,0.9703,0.85132,0.81934,0.84554,0.476,1.49529,0.70981,0.92763,0.0293774,0.00979246,0.0293774,0.00979246,0.0293774,0.00979246,0.0293774,0.00979246
76,10633.6,1.63687,0.87918,0.97547,0.85172,0.82031,0.84555,0.47641,1.49257,0.70886,0.92668,0.0293606,0.00978685,0.0293606,0.00978685,0.0293606,0.00978685,0.0293606,0.00978685
77,10763.6,1.63697,0.86986,0.96647,0.8537,0.81975,0.84593,0.47723,1.48957,0.70738,0.92545,0.0293435,0.00978118,0.0293435,0.00978118,0.0293435,0.00978118,0.0293435,0.00978118
78,10895.9,1.62785,0.86843,0.96811,0.85,0.82239,0.84671,0.47836,1.48794,0.7063,0.92549,0.0293263,0.00977542,0.0293263,0.00977542,0.0293263,0.00977542,0.0293263,0.00977542
79,11029.2,1.62863,0.86569,0.96739,0.84921,0.82328,0.84693,0.47947,1.48563,0.70494,0.92503,0.0293088,0.0097696,0.0293088,0.0097696,0.0293088,0.0097696,0.0293088,0.0097696
80,11159.2,1.63412,0.86608,0.96242,0.8477,0.82329,0.84624,0.47951,1.48392,0.70367,0.92471,0.0292911,0.0097637,0.0292911,0.0097637,0.0292911,0.0097637,0.0292911,0.0097637
81,11294.1,1.60968,0.84978,0.96089,0.84789,0.8237,0.84633,0.48018,1.48249,0.70258,0.92458,0.0292732,0.00975773,0.0292732,0.00975773,0.0292732,0.00975773,0.0292732,0.00975773
82,11426.7,1.6296,0.86252,0.96198,0.84789,0.82521,0.84767,0.48072,1.4819,0.70176,0.92434,0.0292551,0.00975169,0.0292551,0.00975169,0.0292551,0.00975169,0.0292551,0.00975169
83,11564.6,1.62993,0.86663,0.96393,0.84794,0.8249,0.84907,0.48142,1.47974,0.70112,0.92386,0.0292367,0.00974557,0.0292367,0.00974557,0.0292367,0.00974557,0.0292367,0.00974557
84,11693.2,1.63305,0.86328,0.96302,0.84943,0.82509,0.84933,0.48151,1.47788,0.69982,0.92357,0.0292181,0.00973938,0.0292181,0.00973938,0.0292181,0.00973938,0.0292181,0.00973938
85,11826.2,1.6275,0.86025,0.96137,0.85214,0.82366,0.84975,0.48232,1.47739,0.69902,0.92332,0.0291994,0.00973312,0.0291994,0.00973312,0.0291994,0.00973312,0.0291994,0.00973312
86,11966,1.62334,0.85345,0.95776,0.84677,0.82726,0.85007,0.48298,1.47541,0.69773,0.92313,0.0291804,0.00972679,0.0291804,0.00972679,0.0291804,0.00972679,0.0291804,0.00972679
87,12099.3,1.61346,0.85339,0.96087,0.84829,0.82672,0.85091,0.48339,1.47451,0.69734,0.92285,0.0291612,0.00972039,0.0291612,0.00972039,0.0291612,0.00972039,0.0291612,0.00972039
88,12229.9,1.6184,0.85685,0.96224,0.84606,0.82771,0.85039,0.48389,1.47298,0.69639,0.92246,0.0291417,0.00971391,0.0291417,0.00971391,0.0291417,0.00971391,0.0291417,0.00971391
89,12361.9,1.61786,0.85772,0.96457,0.84656,0.82787,0.85089,0.48454,1.47179,0.6952,0.92194,0.0291221,0.00970736,0.0291221,0.00970736,0.0291221,0.00970736,0.0291221,0.00970736
90,12501.2,1.61789,0.85953,0.96188,0.84806,0.82833,0.85201,0.4852,1.47091,0.69466,0.9216,0.0291022,0.00970074,0.0291022,0.00970074,0.0291022,0.00970074,0.0291022,0.00970074
91,12637.1,1.61502,0.85178,0.96117,0.84792,0.82969,0.85205,0.48577,1.46933,0.6941,0.92107,0.0290821,0.00969405,0.0290821,0.00969405,0.0290821,0.00969405,0.0290821,0.00969405
92,12772.3,1.59833,0.85027,0.96302,0.84743,0.83005,0.85255,0.48614,1.46815,0.69316,0.92045,0.0290618,0.00968728,0.0290618,0.00968728,0.0290618,0.00968728,0.0290618,0.00968728
93,12904.3,1.61683,0.84684,0.95802,0.84892,0.82963,0.85396,0.48665,1.46752,0.6925,0.92014,0.0290413,0.00968045,0.0290413,0.00968045,0.0290413,0.00968045,0.0290413,0.00968045
94,13043.9,1.60023,0.84098,0.9573,0.84828,0.82942,0.85326,0.48637,1.46693,0.69208,0.91975,0.0290206,0.00967354,0.0290206,0.00967354,0.0290206,0.00967354,0.0290206,0.00967354
95,13183.6,1.60374,0.84869,0.95982,0.8506,0.82767,0.85355,0.48694,1.46596,0.6916,0.91938,0.0289997,0.00966656,0.0289997,0.00966656,0.0289997,0.00966656,0.0289997,0.00966656
96,13319.3,1.60253,0.83592,0.95264,0.85146,0.82596,0.85349,0.48657,1.46535,0.69118,0.919,0.0289785,0.00965951,0.0289785,0.00965951,0.0289785,0.00965951,0.0289785,0.00965951
97,13447.3,1.61062,0.85038,0.96397,0.85167,0.82542,0.85373,0.4869,1.46423,0.68999,0.91861,0.0289572,0.00965239,0.0289572,0.00965239,0.0289572,0.00965239,0.0289572,0.00965239
98,13583.5,1.6111,0.84953,0.95753,0.85326,0.82623,0.85458,0.4871,1.4633,0.68981,0.91828,0.0289356,0.0096452,0.0289356,0.0096452,0.0289356,0.0096452,0.0289356,0.0096452
99,13724.5,1.59344,0.83629,0.95052,0.85207,0.82587,0.85334,0.48732,1.46264,0.68897,0.91805,0.0289138,0.00963794,0.0289138,0.00963794,0.0289138,0.00963794,0.0289138,0.00963794
100,13860,1.59445,0.83662,0.95577,0.85201,0.82749,0.85484,0.48732,1.46231,0.68808,0.91788,0.0288918,0.00963061,0.0288918,0.00963061,0.0288918,0.00963061,0.0288918,0.00963061
101,13998.8,1.59425,0.81686,0.95928,0.85068,0.82753,0.85446,0.48873,1.46093,0.68738,0.91754,0.0288696,0.0096232,0.0288696,0.0096232,0.0288696,0.0096232,0.0288696,0.0096232
102,14129,1.57167,0.79958,0.95831,0.85126,0.82811,0.85483,0.48945,1.45853,0.68631,0.91705,0.0288472,0.00961573,0.0288472,0.00961573,0.0288472,0.00961573,0.0288472,0.00961573
103,14268.5,1.56344,0.79447,0.95034,0.85451,0.82812,0.8563,0.49047,1.45703,0.68475,0.91672,0.0288246,0.00960819,0.0288246,0.00960819,0.0288246,0.00960819,0.0288246,0.00960819
104,14411.8,1.57227,0.79479,0.95087,0.85442,0.82737,0.85486,0.49077,1.45548,0.68358,0.91635,0.0288017,0.00960057,0.0288017,0.00960057,0.0288017,0.00960057,0.0288017,0.00960057
105,14551.6,1.55755,0.78307,0.94957,0.85522,0.82892,0.85535,0.49132,1.45374,0.68259,0.91607,0.0287787,0.00959289,0.0287787,0.00959289,0.0287787,0.00959289,0.0287787,0.00959289
106,14686.6,1.55061,0.78261,0.94662,0.85457,0.8288,0.85567,0.49254,1.45199,0.68144,0.9157,0.0287554,0.00958513,0.0287554,0.00958513,0.0287554,0.00958513,0.0287554,0.00958513
107,14816.4,1.55026,0.77691,0.94506,0.85622,0.82859,0.85562,0.4934,1.44992,0.68037,0.91529,0.0287319,0.00957731,0.0287319,0.00957731,0.0287319,0.00957731,0.0287319,0.00957731
108,14955.8,1.54371,0.78046,0.94394,0.85701,0.82906,0.85636,0.49456,1.44878,0.67957,0.91497,0.0287082,0.00956941,0.0287082,0.00956941,0.0287082,0.00956941,0.0287082,0.00956941
109,15096.8,1.54454,0.77535,0.94659,0.8567,0.82897,0.85685,0.49555,1.44718,0.67835,0.91486,0.0286843,0.00956145,0.0286843,0.00956145,0.0286843,0.00956145,0.0286843,0.00956145
110,15233.7,1.53429,0.77136,0.94533,0.85524,0.83132,0.85721,0.49608,1.44585,0.67783,0.91455,0.0286602,0.00955341,0.0286602,0.00955341,0.0286602,0.00955341,0.0286602,0.00955341
111,15361.9,1.52562,0.76411,0.93812,0.8556,0.83357,0.85823,0.49682,1.44433,0.67702,0.91439,0.0286359,0.00954531,0.0286359,0.00954531,0.0286359,0.00954531,0.0286359,0.00954531
112,15497.6,1.53105,0.76132,0.93976,0.85698,0.83343,0.85897,0.49783,1.44256,0.67609,0.91418,0.0286114,0.00953714,0.0286114,0.00953714,0.0286114,0.00953714,0.0286114,0.00953714
113,15637.1,1.52445,0.76274,0.93685,0.85914,0.83193,0.85891,0.49757,1.44103,0.67519,0.91381,0.0285867,0.00952889,0.0285867,0.00952889,0.0285867,0.00952889,0.0285867,0.00952889
114,15777.2,1.53037,0.76695,0.94362,0.85872,0.83293,0.85903,0.49846,1.43892,0.67466,0.9134,0.0285617,0.00952058,0.0285617,0.00952058,0.0285617,0.00952058,0.0285617,0.00952058
115,15909.3,1.52088,0.75801,0.94018,0.8577,0.83428,0.85981,0.49949,1.4369,0.67366,0.91304,0.0285366,0.0095122,0.0285366,0.0095122,0.0285366,0.0095122,0.0285366,0.0095122
116,16039.5,1.52177,0.76122,0.93469,0.85935,0.83421,0.85964,0.50021,1.43504,0.67281,0.91277,0.0285113,0.00950375,0.0285113,0.00950375,0.0285113,0.00950375,0.0285113,0.00950375
117,16177.3,1.51745,0.75328,0.93121,0.85689,0.83606,0.86046,0.50138,1.43339,0.67166,0.91246,0.0284857,0.00949524,0.0284857,0.00949524,0.0284857,0.00949524,0.0284857,0.00949524
118,16314.1,1.51301,0.7547,0.9391,0.85896,0.83786,0.86242,0.5022,1.43111,0.6711,0.91211,0.02846,0.00948665,0.02846,0.00948665,0.02846,0.00948665,0.02846,0.00948665
119,16447.2,1.50852,0.7577,0.93398,0.86008,0.83865,0.86355,0.50301,1.42989,0.67031,0.91184,0.028434,0.009478,0.028434,0.009478,0.028434,0.009478,0.028434,0.009478
120,16578.1,1.50048,0.74491,0.93315,0.86236,0.83753,0.86438,0.5037,1.42833,0.66962,0.91163,0.0284078,0.00946927,0.0284078,0.00946927,0.0284078,0.00946927,0.0284078,0.00946927
121,16716.1,1.50246,0.74549,0.93297,0.86298,0.83666,0.86439,0.50423,1.42716,0.66931,0.91126,0.0283814,0.00946048,0.0283814,0.00946048,0.0283814,0.00946048,0.0283814,0.00946048
122,16853.3,1.50367,0.74242,0.9325,0.86379,0.836,0.86433,0.50537,1.42531,0.66871,0.911,0.0283549,0.00945162,0.0283549,0.00945162,0.0283549,0.00945162,0.0283549,0.00945162
123,16985.2,1.50337,0.74675,0.93389,0.86457,0.83691,0.86524,0.50614,1.42441,0.66784,0.91081,0.0283281,0.0094427,0.0283281,0.0094427,0.0283281,0.0094427,0.0283281,0.0094427
124,17118,1.49132,0.74084,0.92795,0.86467,0.8367,0.86646,0.50719,1.42359,0.66703,0.91082,0.0283011,0.0094337,0.0283011,0.0094337,0.0283011,0.0094337,0.0283011,0.0094337
125,17252.1,1.49405,0.7384,0.93218,0.86673,0.83614,0.86701,0.50748,1.4225,0.66616,0.91067,0.0282739,0.00942464,0.0282739,0.00942464,0.0282739,0.00942464,0.0282739,0.00942464
126,17385.9,1.49641,0.73606,0.9312,0.86791,0.83652,0.86745,0.50856,1.42098,0.66541,0.91034,0.0282465,0.00941551,0.0282465,0.00941551,0.0282465,0.00941551,0.0282465,0.00941551
127,17516.9,1.48789,0.73527,0.92921,0.86903,0.83707,0.86767,0.50868,1.41915,0.66492,0.90993,0.0282189,0.00940631,0.0282189,0.00940631,0.0282189,0.00940631,0.0282189,0.00940631
128,17650,1.48981,0.7364,0.92858,0.86964,0.83747,0.86836,0.50922,1.41841,0.66411,0.9097,0.0281911,0.00939705,0.0281911,0.00939705,0.0281911,0.00939705,0.0281911,0.00939705
129,17782.7,1.4778,0.72864,0.92221,0.87114,0.83719,0.86908,0.51007,1.41667,0.66358,0.90917,0.0281632,0.00938772,0.0281632,0.00938772,0.0281632,0.00938772,0.0281632,0.00938772
130,17913.6,1.47527,0.72865,0.92623,0.8721,0.83794,0.86977,0.51053,1.4158,0.66267,0.90901,0.028135,0.00937832,0.028135,0.00937832,0.028135,0.00937832,0.028135,0.00937832
131,18049.6,1.4776,0.73174,0.92435,0.87174,0.83778,0.8695,0.51151,1.41408,0.66193,0.90847,0.0281066,0.00936886,0.0281066,0.00936886,0.0281066,0.00936886,0.0281066,0.00936886
132,18184.6,1.47045,0.72652,0.92449,0.87266,0.83821,0.86994,0.51235,1.41251,0.6608,0.90821,0.028078,0.00935932,0.028078,0.00935932,0.028078,0.00935932,0.028078,0.00935932
133,18314.8,1.4696,0.72329,0.91902,0.87421,0.83912,0.87066,0.51309,1.41019,0.65977,0.9078,0.0280492,0.00934973,0.0280492,0.00934973,0.0280492,0.00934973,0.0280492,0.00934973
134,18444.9,1.46422,0.72474,0.9205,0.87359,0.84003,0.8713,0.51419,1.40867,0.65871,0.90741,0.0280202,0.00934006,0.0280202,0.00934006,0.0280202,0.00934006,0.0280202,0.00934006
135,18584.8,1.46152,0.72,0.92056,0.8726,0.84051,0.87087,0.51357,1.40747,0.65792,0.90713,0.027991,0.00933033,0.027991,0.00933033,0.027991,0.00933033,0.027991,0.00933033
136,18723.8,1.46446,0.71937,0.91818,0.87263,0.8403,0.87101,0.51435,1.40581,0.65678,0.90675,0.0279616,0.00932054,0.0279616,0.00932054,0.0279616,0.00932054,0.0279616,0.00932054
137,18855.6,1.46603,0.72106,0.92081,0.87298,0.84096,0.8712,0.51454,1.40472,0.65573,0.90647,0.027932,0.00931067,0.027932,0.00931067,0.027932,0.00931067,0.027932,0.00931067
138,18984.3,1.45905,0.71206,0.92374,0.8732,0.84211,0.87147,0.51508,1.4033,0.65485,0.90619,0.0279022,0.00930075,0.0279022,0.00930075,0.0279022,0.00930075,0.0279022,0.00930075
139,19120.5,1.45053,0.71109,0.91413,0.87309,0.84175,0.87121,0.51586,1.40211,0.65385,0.90576,0.0278723,0.00929075,0.0278723,0.00929075,0.0278723,0.00929075,0.0278723,0.00929075
140,19261.5,1.45529,0.71038,0.91811,0.8724,0.84363,0.87175,0.51606,1.40022,0.6528,0.9053,0.0278421,0.00928069,0.0278421,0.00928069,0.0278421,0.00928069,0.0278421,0.00928069
141,19392,1.46297,0.71781,0.91818,0.87201,0.84327,0.8717,0.51657,1.39876,0.65216,0.90505,0.0278117,0.00927057,0.0278117,0.00927057,0.0278117,0.00927057,0.0278117,0.00927057
142,19521.2,1.44732,0.70922,0.91562,0.87243,0.84308,0.87228,0.51741,1.39761,0.65098,0.90472,0.0277811,0.00926038,0.0277811,0.00926038,0.0277811,0.00926038,0.0277811,0.00926038
143,19658.2,1.44727,0.70355,0.91668,0.87166,0.84468,0.87271,0.51797,1.3959,0.64989,0.90431,0.0277504,0.00925013,0.0277504,0.00925013,0.0277504,0.00925013,0.0277504,0.00925013
144,19799.2,1.44024,0.70461,0.9153,0.87378,0.84398,0.87261,0.51848,1.39474,0.64905,0.90407,0.0277194,0.00923981,0.0277194,0.00923981,0.0277194,0.00923981,0.0277194,0.00923981
145,19932.5,1.43481,0.70393,0.91317,0.87455,0.84524,0.87329,0.52004,1.39334,0.64816,0.90374,0.0276883,0.00922942,0.0276883,0.00922942,0.0276883,0.00922942,0.0276883,0.00922942
146,20063,1.43686,0.69835,0.9139,0.87456,0.84567,0.87349,0.5199,1.39255,0.6472,0.90345,0.0276569,0.00921898,0.0276569,0.00921898,0.0276569,0.00921898,0.0276569,0.00921898
147,20194.9,1.44347,0.70792,0.91563,0.87378,0.84559,0.87267,0.51995,1.39079,0.64631,0.90303,0.0276254,0.00920846,0.0276254,0.00920846,0.0276254,0.00920846,0.0276254,0.00920846
148,20336.8,1.43293,0.70154,0.91191,0.8751,0.8455,0.87369,0.52014,1.38991,0.64547,0.90266,0.0275937,0.00919789,0.0275937,0.00919789,0.0275937,0.00919789,0.0275937,0.00919789
149,20474.2,1.43359,0.70177,0.91587,0.87655,0.84478,0.874,0.52006,1.38827,0.64431,0.90231,0.0275617,0.00918725,0.0275617,0.00918725,0.0275617,0.00918725,0.0275617,0.00918725
150,20604.6,1.43127,0.70168,0.91007,0.8788,0.84475,0.87497,0.52118,1.38713,0.64346,0.90204,0.0275296,0.00917654,0.0275296,0.00917654,0.0275296,0.00917654,0.0275296,0.00917654
151,20734.7,1.4242,0.69433,0.9109,0.87763,0.84483,0.87451,0.52119,1.38632,0.64231,0.90169,0.0274973,0.00916577,0.0274973,0.00916577,0.0274973,0.00916577,0.0274973,0.00916577
152,20873.4,1.42118,0.6953,0.91022,0.87855,0.84468,0.87549,0.52202,1.38505,0.64143,0.90133,0.0274648,0.00915494,0.0274648,0.00915494,0.0274648,0.00915494,0.0274648,0.00915494
153,21014.3,1.42158,0.69339,0.90902,0.87926,0.84452,0.87529,0.52232,1.38381,0.64019,0.90099,0.0274321,0.00914405,0.0274321,0.00914405,0.0274321,0.00914405,0.0274321,0.00914405
154,21147.1,1.42864,0.69575,0.91061,0.87914,0.84529,0.87552,0.52343,1.38244,0.63896,0.90066,0.0273993,0.00913309,0.0273993,0.00913309,0.0273993,0.00913309,0.0273993,0.00913309
155,21273.3,1.42127,0.69551,0.90998,0.8824,0.84578,0.87658,0.52469,1.38069,0.63777,0.90036,0.0273662,0.00912207,0.0273662,0.00912207,0.0273662,0.00912207,0.0273662,0.00912207
156,21410.1,1.4127,0.69137,0.90676,0.88237,0.84655,0.87717,0.52544,1.37958,0.63725,0.89996,0.027333,0.00911099,0.027333,0.00911099,0.027333,0.00911099,0.027333,0.00911099
157,21552.6,1.40663,0.68847,0.90649,0.88267,0.84756,0.87713,0.52608,1.37819,0.63639,0.89964,0.0272995,0.00909984,0.0272995,0.00909984,0.0272995,0.00909984,0.0272995,0.00909984
158,21686.2,1.41813,0.68942,0.90827,0.88324,0.84805,0.87774,0.527,1.37678,0.63542,0.89924,0.0272659,0.00908863,0.0272659,0.00908863,0.0272659,0.00908863,0.0272659,0.00908863
159,21816.9,1.4074,0.68179,0.90762,0.88111,0.84915,0.87772,0.52686,1.3759,0.63433,0.89895,0.0272321,0.00907736,0.0272321,0.00907736,0.0272321,0.00907736,0.0272321,0.00907736
160,21949.3,1.40941,0.68452,0.90449,0.88018,0.8495,0.87744,0.52719,1.37478,0.63374,0.89876,0.0271981,0.00906603,0.0271981,0.00906603,0.0271981,0.00906603,0.0271981,0.00906603
161,22088.3,1.41409,0.68452,0.90498,0.88237,0.84884,0.87735,0.52767,1.3735,0.63291,0.89844,0.0271639,0.00905463,0.0271639,0.00905463,0.0271639,0.00905463,0.0271639,0.00905463
162,22223.1,1.40923,0.68163,0.90439,0.8814,0.85068,0.87818,0.5282,1.37163,0.6316,0.89799,0.0271295,0.00904318,0.0271295,0.00904318,0.0271295,0.00904318,0.0271295,0.00904318
163,22349.1,1.39637,0.67897,0.90178,0.88089,0.85269,0.87953,0.52848,1.37002,0.6308,0.89724,0.027095,0.00903166,0.027095,0.00903166,0.027095,0.00903166,0.027095,0.00903166
164,22479.6,1.40526,0.68359,0.90178,0.8793,0.85305,0.87998,0.529,1.36875,0.63004,0.89688,0.0270602,0.00902008,0.0270602,0.00902008,0.0270602,0.00902008,0.0270602,0.00902008
165,22619,1.38962,0.67737,0.90081,0.88011,0.85304,0.88006,0.52921,1.36728,0.62895,0.89644,0.0270253,0.00900844,0.0270253,0.00900844,0.0270253,0.00900844,0.0270253,0.00900844
166,22754.4,1.40178,0.67999,0.89985,0.87898,0.85514,0.88076,0.52996,1.36593,0.62801,0.8962,0.0269902,0.00899674,0.0269902,0.00899674,0.0269902,0.00899674,0.0269902,0.00899674
167,22882.1,1.40174,0.68122,0.90458,0.87888,0.85595,0.88081,0.53032,1.36425,0.62698,0.89574,0.0269549,0.00898497,0.0269549,0.00898497,0.0269549,0.00898497,0.0269549,0.00898497
168,23012.7,1.38901,0.67275,0.89933,0.87866,0.85638,0.88131,0.53042,1.36282,0.62603,0.89527,0.0269195,0.00897315,0.0269195,0.00897315,0.0269195,0.00897315,0.0269195,0.00897315
169,23148.6,1.39485,0.67448,0.89866,0.87976,0.85613,0.88163,0.53107,1.36104,0.62475,0.89487,0.0268838,0.00896127,0.0268838,0.00896127,0.0268838,0.00896127,0.0268838,0.00896127
170,23281.5,1.38727,0.67239,0.90217,0.88056,0.85663,0.88214,0.53202,1.35905,0.62403,0.89444,0.026848,0.00894932,0.026848,0.00894932,0.026848,0.00894932,0.026848,0.00894932
171,23410.9,1.39241,0.67576,0.89896,0.88149,0.85649,0.88221,0.53223,1.35781,0.62312,0.894,0.026812,0.00893732,0.026812,0.00893732,0.026812,0.00893732,0.026812,0.00893732
172,23544.3,1.37973,0.67313,0.9007,0.88176,0.85747,0.88277,0.53295,1.35576,0.62188,0.89361,0.0267758,0.00892525,0.0267758,0.00892525,0.0267758,0.00892525,0.0267758,0.00892525
173,23678.9,1.38349,0.66802,0.90142,0.88227,0.85805,0.88355,0.53353,1.35458,0.62058,0.89333,0.0267394,0.00891313,0.0267394,0.00891313,0.0267394,0.00891313,0.0267394,0.00891313
174,23810.8,1.38598,0.67042,0.90105,0.88289,0.85798,0.88327,0.53388,1.35287,0.6195,0.89303,0.0267028,0.00890095,0.0267028,0.00890095,0.0267028,0.00890095,0.0267028,0.00890095
175,23944.3,1.3832,0.66925,0.90172,0.88338,0.85854,0.88346,0.53457,1.35109,0.61865,0.89265,0.0266661,0.0088887,0.0266661,0.0088887,0.0266661,0.0088887,0.0266661,0.0088887
176,24075,1.37873,0.66749,0.89814,0.88582,0.85957,0.88453,0.53542,1.34894,0.61711,0.89208,0.0266292,0.0088764,0.0266292,0.0088764,0.0266292,0.0088764,0.0266292,0.0088764
177,24206.3,1.37612,0.66658,0.89825,0.88589,0.85928,0.88483,0.53617,1.34735,0.61623,0.89178,0.0265921,0.00886404,0.0265921,0.00886404,0.0265921,0.00886404,0.0265921,0.00886404
178,24339.9,1.37506,0.66943,0.8964,0.88624,0.86064,0.88568,0.53652,1.34561,0.61514,0.89141,0.0265549,0.00885162,0.0265549,0.00885162,0.0265549,0.00885162,0.0265549,0.00885162
179,24471.9,1.37408,0.66393,0.89802,0.88761,0.86066,0.88591,0.53754,1.34392,0.61392,0.89092,0.0265174,0.00883914,0.0265174,0.00883914,0.0265174,0.00883914,0.0265174,0.00883914
180,24599.5,1.36861,0.66065,0.89892,0.88871,0.86125,0.88654,0.53835,1.34158,0.61287,0.89047,0.0264798,0.0088266,0.0264798,0.0088266,0.0264798,0.0088266,0.0264798,0.0088266
181,24730.8,1.36553,0.65529,0.89625,0.88867,0.86183,0.88704,0.53914,1.3401,0.61215,0.88999,0.026442,0.00881401,0.026442,0.00881401,0.026442,0.00881401,0.026442,0.00881401
182,24868.3,1.36557,0.65908,0.89391,0.88947,0.86242,0.88765,0.53983,1.33818,0.6108,0.88951,0.0264041,0.00880136,0.0264041,0.00880136,0.0264041,0.00880136,0.0264041,0.00880136
183,25004.6,1.37149,0.66092,0.89479,0.88997,0.86363,0.88809,0.54054,1.33658,0.60968,0.88908,0.0263659,0.00878864,0.0263659,0.00878864,0.0263659,0.00878864,0.0263659,0.00878864
184,25129.6,1.36409,0.65737,0.89335,0.89065,0.86355,0.88842,0.54084,1.33482,0.6087,0.88866,0.0263276,0.00877588,0.0263276,0.00877588,0.0263276,0.00877588,0.0263276,0.00877588
185,25266.3,1.36742,0.6575,0.89372,0.89087,0.86543,0.88949,0.54185,1.33324,0.60781,0.8883,0.0262891,0.00876305,0.0262891,0.00876305,0.0262891,0.00876305,0.0262891,0.00876305
186,25408.3,1.356,0.65384,0.896,0.88994,0.86659,0.88989,0.54307,1.33141,0.60683,0.88773,0.0262505,0.00875017,0.0262505,0.00875017,0.0262505,0.00875017,0.0262505,0.00875017
187,25546.5,1.35462,0.65311,0.89449,0.89185,0.8665,0.89032,0.54418,1.32901,0.60544,0.8873,0.0262117,0.00873723,0.0262117,0.00873723,0.0262117,0.00873723,0.0262117,0.00873723
188,25680.5,1.36076,0.6559,0.89709,0.89184,0.86758,0.89126,0.54445,1.32747,0.60478,0.88676,0.0261727,0.00872423,0.0261727,0.00872423,0.0261727,0.00872423,0.0261727,0.00872423
189,25809.9,1.34926,0.65547,0.89288,0.89126,0.86761,0.89117,0.54472,1.32564,0.60388,0.88637,0.0261335,0.00871117,0.0261335,0.00871117,0.0261335,0.00871117,0.0261335,0.00871117
190,25947.1,1.36187,0.66063,0.89266,0.89203,0.86795,0.89155,0.54544,1.32355,0.60274,0.88601,0.0260942,0.00869806,0.0260942,0.00869806,0.0260942,0.00869806,0.0260942,0.00869806
191,26086.1,1.35937,0.65341,0.89247,0.89139,0.86889,0.8919,0.54576,1.32191,0.60211,0.88542,0.0260547,0.0086849,0.0260547,0.0086849,0.0260547,0.0086849,0.0260547,0.0086849
192,26220.2,1.33894,0.64483,0.88984,0.8927,0.86949,0.89224,0.54693,1.31924,0.60076,0.88477,0.026015,0.00867167,0.026015,0.00867167,0.026015,0.00867167,0.026015,0.00867167
193,26350,1.34786,0.64842,0.88923,0.89252,0.86987,0.89266,0.5473,1.31682,0.59955,0.8842,0.0259752,0.00865839,0.0259752,0.00865839,0.0259752,0.00865839,0.0259752,0.00865839
194,26486.2,1.33779,0.64609,0.89195,0.89302,0.87067,0.89354,0.54833,1.31446,0.59849,0.88362,0.0259352,0.00864506,0.0259352,0.00864506,0.0259352,0.00864506,0.0259352,0.00864506
195,26627.3,1.33919,0.6414,0.8876,0.89254,0.87092,0.89341,0.54904,1.3119,0.59733,0.88303,0.025895,0.00863167,0.025895,0.00863167,0.025895,0.00863167,0.025895,0.00863167
196,26766.5,1.35109,0.65101,0.89049,0.89207,0.87115,0.89364,0.54967,1.31053,0.59615,0.88259,0.0258547,0.00861823,0.0258547,0.00861823,0.0258547,0.00861823,0.0258547,0.00861823
197,26888,1.34101,0.64718,0.89272,0.89222,0.87229,0.89457,0.55017,1.30864,0.59487,0.88213,0.0258142,0.00860473,0.0258142,0.00860473,0.0258142,0.00860473,0.0258142,0.00860473
198,27022.9,1.34148,0.65048,0.89098,0.89232,0.87299,0.89474,0.55061,1.30632,0.59368,0.88161,0.0257735,0.00859117,0.0257735,0.00859117,0.0257735,0.00859117,0.0257735,0.00859117
199,27161.6,1.34028,0.64779,0.88928,0.89132,0.87403,0.89566,0.55156,1.30372,0.59276,0.88111,0.0257327,0.00857756,0.0257327,0.00857756,0.0257327,0.00857756,0.0257327,0.00857756
200,27300.6,1.34247,0.64788,0.89088,0.89286,0.87361,0.89599,0.55264,1.3017,0.59194,0.88066,0.0256917,0.0085639,0.0256917,0.0085639,0.0256917,0.0085639,0.0256917,0.0085639
201,27433.2,1.33347,0.6414,0.88601,0.89418,0.87458,0.89619,0.55369,1.29969,0.59071,0.88018,0.0256505,0.00855018,0.0256505,0.00855018,0.0256505,0.00855018,0.0256505,0.00855018
202,27557.6,1.33582,0.63934,0.88728,0.89546,0.87586,0.8974,0.55407,1.29748,0.58968,0.87975,0.0256092,0.00853641,0.0256092,0.00853641,0.0256092,0.00853641,0.0256092,0.00853641
203,27695.2,1.3362,0.64172,0.88855,0.89634,0.87574,0.89801,0.55504,1.29495,0.58816,0.87926,0.0255677,0.00852258,0.0255677,0.00852258,0.0255677,0.00852258,0.0255677,0.00852258
204,27836.2,1.3283,0.6426,0.89004,0.89603,0.87612,0.89887,0.55599,1.29282,0.58701,0.87881,0.0255261,0.0085087,0.0255261,0.0085087,0.0255261,0.0085087,0.0255261,0.0085087
205,27970.3,1.3272,0.63721,0.88631,0.89584,0.87548,0.89889,0.55645,1.29047,0.58587,0.87848,0.0254843,0.00849477,0.0254843,0.00849477,0.0254843,0.00849477,0.0254843,0.00849477
206,28097.1,1.32683,0.64196,0.8868,0.89736,0.87575,0.89954,0.5571,1.28858,0.58473,0.87797,0.0254423,0.00848078,0.0254423,0.00848078,0.0254423,0.00848078,0.0254423,0.00848078
207,28233.4,1.32939,0.64202,0.88727,0.89853,0.87517,0.89995,0.55791,1.28685,0.58372,0.87757,0.0254002,0.00846674,0.0254002,0.00846674,0.0254002,0.00846674,0.0254002,0.00846674
208,28375.2,1.32475,0.63811,0.88468,0.899,0.87443,0.90003,0.55858,1.28505,0.58242,0.87729,0.025358,0.00845265,0.025358,0.00845265,0.025358,0.00845265,0.025358,0.00845265
209,28509.1,1.32402,0.6358,0.88744,0.90086,0.87499,0.90035,0.55863,1.28297,0.58128,0.87692,0.0253155,0.00843851,0.0253155,0.00843851,0.0253155,0.00843851,0.0253155,0.00843851
210,28639.3,1.32355,0.63592,0.88852,0.90122,0.87585,0.90138,0.55979,1.28124,0.58002,0.87671,0.0252729,0.00842431,0.0252729,0.00842431,0.0252729,0.00842431,0.0252729,0.00842431
211,28771.6,1.31754,0.63607,0.88615,0.90261,0.87564,0.90161,0.56062,1.27876,0.57885,0.87636,0.0252302,0.00841006,0.0252302,0.00841006,0.0252302,0.00841006,0.0252302,0.00841006
212,28910.5,1.32011,0.63563,0.88655,0.90104,0.87607,0.90083,0.56075,1.27688,0.57764,0.87612,0.0251873,0.00839576,0.0251873,0.00839576,0.0251873,0.00839576,0.0251873,0.00839576
213,29049.9,1.31419,0.6305,0.88382,0.90112,0.87653,0.90191,0.56189,1.27463,0.5765,0.87572,0.0251442,0.00838141,0.0251442,0.00838141,0.0251442,0.00838141,0.0251442,0.00838141
214,29180.2,1.3154,0.6319,0.88405,0.90175,0.87694,0.90137,0.56266,1.27251,0.57571,0.87526,0.025101,0.00836701,0.025101,0.00836701,0.025101,0.00836701,0.025101,0.00836701
215,29309.4,1.31191,0.63235,0.88666,0.90334,0.87786,0.90291,0.56341,1.27025,0.57496,0.87471,0.0250577,0.00835255,0.0250577,0.00835255,0.0250577,0.00835255,0.0250577,0.00835255
216,29450.8,1.30585,0.62529,0.8832,0.90426,0.87867,0.90279,0.56391,1.26827,0.57399,0.8737,0.0250141,0.00833805,0.0250141,0.00833805,0.0250141,0.00833805,0.0250141,0.00833805
217,29588.7,1.31659,0.63206,0.88618,0.90512,0.87834,0.90339,0.5646,1.26562,0.57315,0.87292,0.0249705,0.00832349,0.0249705,0.00832349,0.0249705,0.00832349,0.0249705,0.00832349
218,29720.6,1.30926,0.62839,0.88254,0.90524,0.87828,0.90304,0.56448,1.26399,0.57252,0.87253,0.0249267,0.00830889,0.0249267,0.00830889,0.0249267,0.00830889,0.0249267,0.00830889
219,29854.9,1.31164,0.62944,0.88194,0.90541,0.87899,0.90349,0.56502,1.26228,0.57125,0.87216,0.0248827,0.00829423,0.0248827,0.00829423,0.0248827,0.00829423,0.0248827,0.00829423
220,29994.3,1.30626,0.62757,0.88299,0.90664,0.87884,0.90177,0.56525,1.25978,0.57021,0.87157,0.0248386,0.00827952,0.0248386,0.00827952,0.0248386,0.00827952,0.0248386,0.00827952
221,30134,1.30604,0.62778,0.88627,0.9071,0.87875,0.90209,0.56594,1.25744,0.56964,0.87111,0.0247943,0.00826477,0.0247943,0.00826477,0.0247943,0.00826477,0.0247943,0.00826477
222,30267.1,1.30282,0.62683,0.88114,0.90648,0.88027,0.90254,0.56696,1.25555,0.56859,0.87069,0.0247499,0.00824996,0.0247499,0.00824996,0.0247499,0.00824996,0.0247499,0.00824996
223,30400.8,1.30942,0.62763,0.88552,0.90756,0.8806,0.90299,0.56734,1.25412,0.56804,0.87043,0.0247053,0.00823511,0.0247053,0.00823511,0.0247053,0.00823511,0.0247053,0.00823511
224,30537.8,1.30007,0.62601,0.88112,0.90723,0.88113,0.9033,0.56748,1.25242,0.56743,0.8701,0.0246606,0.0082202,0.0246606,0.0082202,0.0246606,0.0082202,0.0246606,0.0082202
225,30678.9,1.29762,0.62526,0.87974,0.90637,0.88125,0.90349,0.56779,1.25109,0.56673,0.86984,0.0246157,0.00820525,0.0246157,0.00820525,0.0246157,0.00820525,0.0246157,0.00820525
226,30818.1,1.30568,0.63104,0.87944,0.90735,0.88201,0.90371,0.56861,1.24839,0.56576,0.86947,0.0245707,0.00819025,0.0245707,0.00819025,0.0245707,0.00819025,0.0245707,0.00819025
227,30952,1.29138,0.62165,0.88328,0.90768,0.88181,0.90424,0.56922,1.2459,0.565,0.86898,0.0245256,0.0081752,0.0245256,0.0081752,0.0245256,0.0081752,0.0245256,0.0081752
228,31086.4,1.2969,0.62023,0.87705,0.90596,0.88397,0.90454,0.56953,1.24388,0.56417,0.86842,0.0244803,0.0081601,0.0244803,0.0081601,0.0244803,0.0081601,0.0244803,0.0081601
229,31229.6,1.28992,0.61708,0.88005,0.90755,0.8839,0.90541,0.57063,1.24183,0.5634,0.86802,0.0244349,0.00814495,0.0244349,0.00814495,0.0244349,0.00814495,0.0244349,0.00814495
230,31371.6,1.29532,0.62378,0.87987,0.90684,0.8849,0.90569,0.57166,1.23983,0.56276,0.86763,0.0243893,0.00812976,0.0243893,0.00812976,0.0243893,0.00812976,0.0243893,0.00812976
231,31504.9,1.29415,0.61717,0.87726,0.90649,0.88483,0.90552,0.57174,1.23836,0.56212,0.86732,0.0243435,0.00811452,0.0243435,0.00811452,0.0243435,0.00811452,0.0243435,0.00811452
232,31642.1,1.2846,0.61538,0.87816,0.90802,0.88376,0.9057,0.57194,1.23689,0.56152,0.86706,0.0242977,0.00809923,0.0242977,0.00809923,0.0242977,0.00809923,0.0242977,0.00809923
233,31780.6,1.28256,0.61483,0.88016,0.90749,0.88347,0.90601,0.57221,1.2351,0.5601,0.86676,0.0242517,0.00808389,0.0242517,0.00808389,0.0242517,0.00808389,0.0242517,0.00808389
234,31921.4,1.28232,0.61494,0.8775,0.90776,0.88418,0.90647,0.57321,1.23305,0.55936,0.86638,0.0242055,0.00806851,0.0242055,0.00806851,0.0242055,0.00806851,0.0242055,0.00806851
235,32060.5,1.2872,0.61755,0.87949,0.9087,0.88437,0.90697,0.57421,1.2315,0.55869,0.8661,0.0241592,0.00805308,0.0241592,0.00805308,0.0241592,0.00805308,0.0241592,0.00805308
236,32200,1.2858,0.61647,0.87722,0.9102,0.88496,0.90765,0.57479,1.22955,0.55783,0.86571,0.0241128,0.0080376,0.0241128,0.0080376,0.0241128,0.0080376,0.0241128,0.0080376
237,32336.7,1.27346,0.61199,0.87882,0.91062,0.88592,0.90843,0.57583,1.22705,0.55665,0.86529,0.0240662,0.00802208,0.0240662,0.00802208,0.0240662,0.00802208,0.0240662,0.00802208
238,32474.5,1.27759,0.61291,0.87727,0.91142,0.88523,0.90882,0.57626,1.22517,0.55576,0.86489,0.0240195,0.00800651,0.0240195,0.00800651,0.0240195,0.00800651,0.0240195,0.00800651
239,32622.2,1.27767,0.61242,0.87719,0.91156,0.88494,0.90852,0.577,1.2239,0.55499,0.8647,0.0239727,0.0079909,0.0239727,0.0079909,0.0239727,0.0079909,0.0239727,0.0079909
240,32766.7,1.28625,0.61281,0.87764,0.91189,0.88489,0.90872,0.57715,1.22286,0.55455,0.86446,0.0239257,0.00797524,0.0239257,0.00797524,0.0239257,0.00797524,0.0239257,0.00797524
241,32914.1,1.27437,0.60919,0.87684,0.91024,0.88554,0.90834,0.57721,1.2225,0.5538,0.86421,0.0238786,0.00795954,0.0238786,0.00795954,0.0238786,0.00795954,0.0238786,0.00795954
242,33054.1,1.27669,0.61466,0.87768,0.91169,0.88624,0.90913,0.57792,1.22106,0.55348,0.864,0.0238314,0.00794379,0.0238314,0.00794379,0.0238314,0.00794379,0.0238314,0.00794379
243,33192.1,1.27682,0.61223,0.87482,0.91092,0.88697,0.90881,0.578,1.21921,0.5528,0.86374,0.023784,0.007928,0.023784,0.007928,0.023784,0.007928,0.023784,0.007928
244,33331.4,1.27259,0.60856,0.87562,0.91109,0.88751,0.9092,0.57886,1.21751,0.55211,0.86342,0.0237365,0.00791216,0.0237365,0.00791216,0.0237365,0.00791216,0.0237365,0.00791216
245,33476.8,1.27298,0.61278,0.87573,0.91243,0.88817,0.90964,0.57976,1.21557,0.55142,0.86311,0.0236888,0.00789628,0.0236888,0.00789628,0.0236888,0.00789628,0.0236888,0.00789628
246,33627.4,1.26612,0.60655,0.8771,0.91342,0.8867,0.90923,0.58001,1.2137,0.55042,0.86269,0.0236411,0.00788035,0.0236411,0.00788035,0.0236411,0.00788035,0.0236411,0.00788035
247,33775.6,1.26325,0.60343,0.87404,0.91365,0.88736,0.90935,0.58044,1.2118,0.54948,0.8624,0.0235931,0.00786438,0.0235931,0.00786438,0.0235931,0.00786438,0.0235931,0.00786438
248,33914.4,1.27376,0.60976,0.87456,0.9133,0.88817,0.90991,0.58115,1.20986,0.54844,0.8621,0.0235451,0.00784837,0.0235451,0.00784837,0.0235451,0.00784837,0.0235451,0.00784837
249,34052.1,1.26151,0.60497,0.87275,0.91355,0.88855,0.91016,0.58135,1.20827,0.54768,0.86185,0.0234969,0.00783231,0.0234969,0.00783231,0.0234969,0.00783231,0.0234969,0.00783231
250,34194.2,1.2603,0.60496,0.87352,0.91419,0.88892,0.91108,0.58174,1.20653,0.54697,0.86152,0.0234486,0.00781621,0.0234486,0.00781621,0.0234486,0.00781621,0.0234486,0.00781621
251,34342.8,1.2568,0.60312,0.87561,0.91336,0.88972,0.91097,0.58224,1.20487,0.54606,0.86122,0.0234002,0.00780007,0.0234002,0.00780007,0.0234002,0.00780007,0.0234002,0.00780007
252,34494.8,1.26038,0.60495,0.87375,0.91419,0.89001,0.912,0.58358,1.20265,0.54534,0.86097,0.0233517,0.00778389,0.0233517,0.00778389,0.0233517,0.00778389,0.0233517,0.00778389
253,34639.8,1.26164,0.60208,0.87478,0.9153,0.89009,0.9121,0.5838,1.20077,0.54454,0.86069,0.023303,0.00776766,0.023303,0.00776766,0.023303,0.00776766,0.023303,0.00776766
254,34777.6,1.26142,0.60244,0.87226,0.91461,0.89096,0.91255,0.58446,1.19902,0.54409,0.86033,0.0232542,0.0077514,0.0232542,0.0077514,0.0232542,0.0077514,0.0232542,0.0077514
255,34911.5,1.25589,0.60371,0.87496,0.91625,0.88848,0.91248,0.58533,1.1975,0.54345,0.86008,0.0232053,0.00773509,0.0232053,0.00773509,0.0232053,0.00773509,0.0232053,0.00773509
256,35054.7,1.2563,0.59885,0.87537,0.91592,0.88869,0.91232,0.58582,1.19544,0.54234,0.85983,0.0231562,0.00771873,0.0231562,0.00771873,0.0231562,0.00771873,0.0231562,0.00771873
257,35205.5,1.24652,0.59707,0.8718,0.91714,0.88896,0.91276,0.58675,1.19375,0.5414,0.85957,0.023107,0.00770234,0.023107,0.00770234,0.023107,0.00770234,0.023107,0.00770234
258,35358.1,1.25154,0.59908,0.87024,0.91737,0.89006,0.91314,0.58719,1.19198,0.54087,0.8593,0.0230577,0.00768591,0.0230577,0.00768591,0.0230577,0.00768591,0.0230577,0.00768591
259,35501.8,1.25702,0.60371,0.8738,0.9182,0.88986,0.91355,0.58759,1.18982,0.54005,0.85897,0.0230083,0.00766944,0.0230083,0.00766944,0.0230083,0.00766944,0.0230083,0.00766944
260,35639.7,1.25638,0.60108,0.87408,0.91804,0.8898,0.913,0.58779,1.18875,0.53922,0.85884,0.0229588,0.00765292,0.0229588,0.00765292,0.0229588,0.00765292,0.0229588,0.00765292
261,35772.6,1.25469,0.60267,0.87144,0.91861,0.89023,0.91311,0.58855,1.18723,0.53841,0.85863,0.0229091,0.00763637,0.0229091,0.00763637,0.0229091,0.00763637,0.0229091,0.00763637
262,35918.6,1.2499,0.59885,0.86956,0.91828,0.89029,0.91342,0.58872,1.18606,0.53787,0.85841,0.0228593,0.00761977,0.0228593,0.00761977,0.0228593,0.00761977,0.0228593,0.00761977
263,36071.7,1.24048,0.59348,0.87123,0.91834,0.89079,0.91373,0.58929,1.18457,0.53732,0.85816,0.0228094,0.00760314,0.0228094,0.00760314,0.0228094,0.00760314,0.0228094,0.00760314
264,36229.9,1.23954,0.5923,0.86845,0.91709,0.89148,0.91365,0.58938,1.18334,0.53666,0.85786,0.0227594,0.00758647,0.0227594,0.00758647,0.0227594,0.00758647,0.0227594,0.00758647
265,36387.7,1.25403,0.5984,0.86952,0.91641,0.89273,0.91442,0.58979,1.18157,0.53573,0.85764,0.0227093,0.00756976,0.0227093,0.00756976,0.0227093,0.00756976,0.0227093,0.00756976
266,36538.8,1.23964,0.59208,0.87029,0.9179,0.89237,0.91513,0.59019,1.17999,0.53498,0.85739,0.022659,0.007553,0.022659,0.007553,0.022659,0.007553,0.022659,0.007553
267,36680.9,1.23846,0.59418,0.86929,0.91817,0.89288,0.91545,0.59061,1.17887,0.53447,0.85716,0.0226086,0.00753621,0.0226086,0.00753621,0.0226086,0.00753621,0.0226086,0.00753621
268,36837.4,1.24213,0.59397,0.86855,0.91718,0.89187,0.91492,0.59124,1.17732,0.5339,0.85691,0.0225582,0.00751939,0.0225582,0.00751939,0.0225582,0.00751939,0.0225582,0.00751939
269,37003.5,1.24335,0.59123,0.86702,0.91773,0.8927,0.91502,0.59171,1.17578,0.53323,0.8567,0.0225076,0.00750252,0.0225076,0.00750252,0.0225076,0.00750252,0.0225076,0.00750252
270,37164.5,1.23615,0.59056,0.86794,0.91719,0.8923,0.91446,0.59203,1.17451,0.53256,0.85645,0.0224568,0.00748562,0.0224568,0.00748562,0.0224568,0.00748562,0.0224568,0.00748562
271,37324,1.23834,0.59014,0.86895,0.91769,0.89251,0.91437,0.59236,1.17334,0.53184,0.85615,0.022406,0.00746868,0.022406,0.00746868,0.022406,0.00746868,0.022406,0.00746868
272,37475.6,1.23961,0.59231,0.86816,0.91791,0.8926,0.91489,0.59262,1.1716,0.53126,0.85574,0.0223551,0.0074517,0.0223551,0.0074517,0.0223551,0.0074517,0.0223551,0.0074517
273,37619.1,1.23815,0.59192,0.8695,0.91733,0.89254,0.9147,0.59333,1.16992,0.53035,0.85557,0.022304,0.00743468,0.022304,0.00743468,0.022304,0.00743468,0.022304,0.00743468
274,37765.5,1.23648,0.5909,0.86696,0.91756,0.89258,0.91432,0.59375,1.16838,0.52966,0.85522,0.0222529,0.00741763,0.0222529,0.00741763,0.0222529,0.00741763,0.0222529,0.00741763
275,37918.7,1.22631,0.58859,0.86841,0.91714,0.89283,0.91494,0.59417,1.16705,0.52909,0.85503,0.0222016,0.00740054,0.0222016,0.00740054,0.0222016,0.00740054,0.0222016,0.00740054
276,38070.3,1.22726,0.58935,0.86653,0.91718,0.8931,0.915,0.59437,1.16575,0.52882,0.85467,0.0221502,0.00738341,0.0221502,0.00738341,0.0221502,0.00738341,0.0221502,0.00738341
277,38215.8,1.23582,0.59557,0.86905,0.91774,0.8931,0.91526,0.59483,1.16386,0.52858,0.85452,0.0220988,0.00736625,0.0220988,0.00736625,0.0220988,0.00736625,0.0220988,0.00736625
278,38339.1,1.2323,0.58912,0.86951,0.91827,0.89328,0.91552,0.59541,1.16256,0.52799,0.8543,0.0220472,0.00734906,0.0220472,0.00734906,0.0220472,0.00734906,0.0220472,0.00734906
279,38479.6,1.23019,0.58828,0.86899,0.91878,0.8949,0.91677,0.596,1.16133,0.52719,0.85411,0.0219955,0.00733182,0.0219955,0.00733182,0.0219955,0.00733182,0.0219955,0.00733182
280,38630.1,1.23006,0.58529,0.86631,0.91879,0.89488,0.91655,0.59635,1.16025,0.5268,0.85395,0.0219437,0.00731456,0.0219437,0.00731456,0.0219437,0.00731456,0.0219437,0.00731456
281,38785.2,1.22463,0.58611,0.86441,0.91875,0.89549,0.91693,0.59663,1.15902,0.52628,0.85374,0.0218918,0.00729725,0.0218918,0.00729725,0.0218918,0.00729725,0.0218918,0.00729725
282,38935,1.22714,0.58562,0.86713,0.91936,0.89593,0.91675,0.59742,1.15767,0.52554,0.85357,0.0218397,0.00727992,0.0218397,0.00727992,0.0218397,0.00727992,0.0218397,0.00727992
283,39074.6,1.22183,0.5848,0.86799,0.9196,0.89619,0.91706,0.59765,1.15637,0.52478,0.85336,0.0217876,0.00726254,0.0217876,0.00726254,0.0217876,0.00726254,0.0217876,0.00726254
284,39207.4,1.2246,0.58331,0.86684,0.91982,0.89607,0.91705,0.5977,1.15531,0.52448,0.85316,0.0217354,0.00724514,0.0217354,0.00724514,0.0217354,0.00724514,0.0217354,0.00724514
285,39347,1.22117,0.58517,0.863,0.91948,0.89643,0.91727,0.59852,1.15365,0.52367,0.853,0.0216831,0.0072277,0.0216831,0.0072277,0.0216831,0.0072277,0.0216831,0.0072277
286,39495,1.22012,0.58276,0.86545,0.91877,0.89643,0.91706,0.59876,1.15232,0.52323,0.85276,0.0216307,0.00721023,0.0216307,0.00721023,0.0216307,0.00721023,0.0216307,0.00721023
287,39644.5,1.2093,0.57759,0.86498,0.91956,0.89688,0.91746,0.59908,1.15117,0.52245,0.85252,0.0215782,0.00719272,0.0215782,0.00719272,0.0215782,0.00719272,0.0215782,0.00719272
288,39785.2,1.21248,0.57968,0.864,0.92096,0.8968,0.91758,0.59924,1.15018,0.52197,0.85254,0.0215255,0.00717518,0.0215255,0.00717518,0.0215255,0.00717518,0.0215255,0.00717518
289,39921.5,1.21206,0.58294,0.8642,0.92056,0.89692,0.91786,0.59998,1.14873,0.52134,0.85236,0.0214728,0.00715761,0.0214728,0.00715761,0.0214728,0.00715761,0.0214728,0.00715761
290,40058.7,1.20888,0.57899,0.86798,0.9204,0.89652,0.91797,0.60009,1.14738,0.52084,0.85223,0.02142,0.00714,0.02142,0.00714,0.02142,0.00714,0.02142,0.00714
291,40205.3,1.21227,0.57717,0.86402,0.92067,0.89637,0.91778,0.60028,1.14603,0.52045,0.85196,0.0213671,0.00712237,0.0213671,0.00712237,0.0213671,0.00712237,0.0213671,0.00712237
292,40349.6,1.21296,0.58325,0.86645,0.92227,0.89557,0.91779,0.60098,1.14481,0.51986,0.85181,0.0213141,0.0071047,0.0213141,0.0071047,0.0213141,0.0071047,0.0213141,0.0071047
293,40487.7,1.20695,0.57791,0.86527,0.92284,0.89581,0.91856,0.60159,1.14365,0.5191,0.85171,0.021261,0.007087,0.021261,0.007087,0.021261,0.007087,0.021261,0.007087
294,40621.9,1.21012,0.57478,0.86302,0.92294,0.89561,0.91825,0.60191,1.14232,0.51881,0.8515,0.0212078,0.00706926,0.0212078,0.00706926,0.0212078,0.00706926,0.0212078,0.00706926
295,40759.4,1.2172,0.57706,0.86241,0.92291,0.89674,0.91851,0.60213,1.14107,0.51838,0.85125,0.0211545,0.0070515,0.0211545,0.0070515,0.0211545,0.0070515,0.0211545,0.0070515
296,40901.3,1.20122,0.57829,0.86502,0.92368,0.89685,0.91924,0.60246,1.13987,0.51765,0.85109,0.0211011,0.00703371,0.0211011,0.00703371,0.0211011,0.00703371,0.0211011,0.00703371
297,41040.6,1.20559,0.57829,0.86288,0.92431,0.89584,0.91899,0.60302,1.13848,0.51729,0.85087,0.0210476,0.00701588,0.0210476,0.00701588,0.0210476,0.00701588,0.0210476,0.00701588
298,41176.3,1.20184,0.57404,0.86014,0.9241,0.89565,0.91895,0.60342,1.1371,0.51703,0.85074,0.0209941,0.00699803,0.0209941,0.00699803,0.0209941,0.00699803,0.0209941,0.00699803
299,41316.1,1.20327,0.57422,0.86581,0.92429,0.89734,0.91934,0.60412,1.13599,0.51654,0.85059,0.0209404,0.00698014,0.0209404,0.00698014,0.0209404,0.00698014,0.0209404,0.00698014
300,41466.2,1.19789,0.56985,0.86197,0.92442,0.89698,0.9196,0.6043,1.13474,0.51587,0.8504,0.0208867,0.00696223,0.0208867,0.00696223,0.0208867,0.00696223,0.0208867,0.00696223
301,41614.3,1.20317,0.57423,0.8614,0.92432,0.89761,0.92018,0.60467,1.1337,0.51527,0.85025,0.0208328,0.00694428,0.0208328,0.00694428,0.0208328,0.00694428,0.0208328,0.00694428
302,41763.6,1.19543,0.57293,0.86358,0.92365,0.8964,0.91924,0.60449,1.13194,0.51484,0.84993,0.0207789,0.00692631,0.0207789,0.00692631,0.0207789,0.00692631,0.0207789,0.00692631
303,41909.7,1.20419,0.57444,0.86373,0.92317,0.89747,0.9197,0.60517,1.13065,0.51447,0.84973,0.0207249,0.00690831,0.0207249,0.00690831,0.0207249,0.00690831,0.0207249,0.00690831
304,42058.2,1.1905,0.5691,0.86189,0.92312,0.89733,0.91947,0.60515,1.12944,0.5139,0.84957,0.0206708,0.00689028,0.0206708,0.00689028,0.0206708,0.00689028,0.0206708,0.00689028
305,42206.4,1.19677,0.56969,0.8631,0.92311,0.897,0.91955,0.60517,1.12842,0.51319,0.84948,0.0206166,0.00687222,0.0206166,0.00687222,0.0206166,0.00687222,0.0206166,0.00687222
306,42353.9,1.19703,0.57232,0.8615,0.92436,0.89548,0.91922,0.60554,1.12784,0.51296,0.84937,0.0205624,0.00685413,0.0205624,0.00685413,0.0205624,0.00685413,0.0205624,0.00685413
307,42501.6,1.19014,0.56921,0.8602,0.92405,0.89638,0.91974,0.60602,1.12686,0.5126,0.84916,0.020508,0.00683601,0.020508,0.00683601,0.020508,0.00683601,0.020508,0.00683601
308,42649.9,1.19004,0.56937,0.8625,0.9239,0.89688,0.91965,0.60625,1.12553,0.5119,0.84901,0.0204536,0.00681787,0.0204536,0.00681787,0.0204536,0.00681787,0.0204536,0.00681787
309,42798,1.19134,0.5678,0.86171,0.92325,0.89828,0.9199,0.60693,1.1244,0.51161,0.84886,0.0203991,0.0067997,0.0203991,0.0067997,0.0203991,0.0067997,0.0203991,0.0067997
310,42944.9,1.19177,0.56602,0.85977,0.92348,0.89844,0.91993,0.60726,1.12317,0.51124,0.8487,0.0203445,0.0067815,0.0203445,0.0067815,0.0203445,0.0067815,0.0203445,0.0067815
311,43088.3,1.18664,0.56453,0.86297,0.92362,0.89927,0.92004,0.60751,1.12179,0.51076,0.84856,0.0202898,0.00676328,0.0202898,0.00676328,0.0202898,0.00676328,0.0202898,0.00676328
312,43235.7,1.18873,0.5657,0.86039,0.92471,0.89804,0.92003,0.60743,1.12082,0.51,0.84835,0.0202351,0.00674503,0.0202351,0.00674503,0.0202351,0.00674503,0.0202351,0.00674503
313,43383.1,1.19295,0.56915,0.85974,0.92345,0.89917,0.91973,0.60767,1.11948,0.50989,0.84817,0.0201803,0.00672675,0.0201803,0.00672675,0.0201803,0.00672675,0.0201803,0.00672675
314,43529.4,1.19611,0.56786,0.86054,0.92556,0.89808,0.92053,0.60817,1.11823,0.50896,0.84812,0.0201254,0.00670845,0.0201254,0.00670845,0.0201254,0.00670845,0.0201254,0.00670845
315,43672.7,1.17539,0.56206,0.85835,0.92442,0.8989,0.92055,0.60864,1.11722,0.50851,0.84806,0.0200704,0.00669012,0.0200704,0.00669012,0.0200704,0.00669012,0.0200704,0.00669012
316,43821.1,1.18565,0.563,0.85937,0.92478,0.89937,0.92093,0.60863,1.11638,0.50799,0.84792,0.0200153,0.00667177,0.0200153,0.00667177,0.0200153,0.00667177,0.0200153,0.00667177
317,43968.9,1.18405,0.56494,0.86188,0.92492,0.89885,0.92042,0.60866,1.11514,0.50772,0.84793,0.0199602,0.00665339,0.0199602,0.00665339,0.0199602,0.00665339,0.0199602,0.00665339
318,44114.6,1.18517,0.56448,0.85752,0.92534,0.89861,0.92026,0.60894,1.11469,0.50718,0.84784,0.019905,0.00663499,0.019905,0.00663499,0.019905,0.00663499,0.019905,0.00663499
319,44260,1.17081,0.56061,0.8567,0.92494,0.899,0.92081,0.60828,1.11359,0.50656,0.84772,0.0198497,0.00661656,0.0198497,0.00661656,0.0198497,0.00661656,0.0198497,0.00661656
320,44411.4,1.18058,0.56411,0.85878,0.92461,0.89935,0.92109,0.60929,1.11227,0.50642,0.84763,0.0197943,0.00659811,0.0197943,0.00659811,0.0197943,0.00659811,0.0197943,0.00659811
321,44559.2,1.17294,0.56032,0.85725,0.92492,0.8988,0.92123,0.60955,1.11127,0.50573,0.84744,0.0197389,0.00657963,0.0197389,0.00657963,0.0197389,0.00657963,0.0197389,0.00657963
322,44708.4,1.17963,0.56486,0.85821,0.9257,0.89867,0.92129,0.60989,1.10996,0.50539,0.84737,0.0196834,0.00656114,0.0196834,0.00656114,0.0196834,0.00656114,0.0196834,0.00656114
323,44852.3,1.18808,0.56659,0.85869,0.92565,0.90065,0.92148,0.60989,1.10866,0.50482,0.84727,0.0196278,0.00654261,0.0196278,0.00654261,0.0196278,0.00654261,0.0196278,0.00654261
324,45000.8,1.17762,0.55814,0.85529,0.92524,0.90029,0.9214,0.61063,1.10769,0.50444,0.8471,0.0195722,0.00652407,0.0195722,0.00652407,0.0195722,0.00652407,0.0195722,0.00652407
325,45149.7,1.17371,0.55777,0.85881,0.92474,0.89924,0.92096,0.61077,1.1066,0.50403,0.847,0.0195165,0.0065055,0.0195165,0.0065055,0.0195165,0.0065055,0.0195165,0.0065055
326,45297.1,1.16874,0.55713,0.85978,0.92532,0.89869,0.92083,0.61113,1.10499,0.50301,0.84684,0.0194607,0.00648691,0.0194607,0.00648691,0.0194607,0.00648691,0.0194607,0.00648691
327,45444,1.17117,0.55809,0.85879,0.92491,0.89904,0.92105,0.61189,1.1032,0.50252,0.84667,0.0194049,0.0064683,0.0194049,0.0064683,0.0194049,0.0064683,0.0194049,0.0064683
328,45593.9,1.16989,0.5581,0.85893,0.92514,0.89937,0.92144,0.61204,1.10254,0.50219,0.84659,0.019349,0.00644966,0.019349,0.00644966,0.019349,0.00644966,0.019349,0.00644966
329,45743.6,1.16712,0.55835,0.85809,0.92396,0.89964,0.92122,0.61171,1.10173,0.50205,0.84656,0.019293,0.00643101,0.019293,0.00643101,0.019293,0.00643101,0.019293,0.00643101
330,45890.4,1.16723,0.55613,0.85637,0.92373,0.90002,0.92128,0.61223,1.1009,0.50165,0.84653,0.019237,0.00641233,0.019237,0.00641233,0.019237,0.00641233,0.019237,0.00641233
331,46035.3,1.16428,0.55411,0.85351,0.9247,0.90052,0.92133,0.61209,1.09953,0.50143,0.84637,0.0191809,0.00639363,0.0191809,0.00639363,0.0191809,0.00639363,0.0191809,0.00639363
332,46184.7,1.15698,0.55305,0.85275,0.92673,0.90026,0.92193,0.61268,1.09855,0.50089,0.84625,0.0191247,0.00637491,0.0191247,0.00637491,0.0191247,0.00637491,0.0191247,0.00637491
333,46336.5,1.15707,0.55277,0.85685,0.92635,0.90013,0.92175,0.61292,1.09742,0.50051,0.84617,0.0190685,0.00635617,0.0190685,0.00635617,0.0190685,0.00635617,0.0190685,0.00635617
334,46484,1.15964,0.55371,0.85798,0.92486,0.90119,0.92162,0.6131,1.09597,0.49964,0.84616,0.0190122,0.00633741,0.0190122,0.00633741,0.0190122,0.00633741,0.0190122,0.00633741
335,46628.5,1.15282,0.55025,0.8557,0.92543,0.90201,0.92236,0.61373,1.09469,0.49918,0.84595,0.0189559,0.00631863,0.0189559,0.00631863,0.0189559,0.00631863,0.0189559,0.00631863
336,46778.7,1.155,0.55071,0.85773,0.92585,0.90239,0.92273,0.61465,1.09413,0.49822,0.84588,0.0188995,0.00629983,0.0188995,0.00629983,0.0188995,0.00629983,0.0188995,0.00629983
337,46926.4,1.15594,0.55142,0.85348,0.92713,0.90255,0.92331,0.61433,1.09317,0.49789,0.84582,0.018843,0.00628101,0.018843,0.00628101,0.018843,0.00628101,0.018843,0.00628101
338,47072.6,1.15842,0.55049,0.85526,0.92746,0.90145,0.92275,0.61516,1.0924,0.4974,0.84583,0.0187865,0.00626218,0.0187865,0.00626218,0.0187865,0.00626218,0.0187865,0.00626218
339,47217,1.15366,0.55043,0.85493,0.92697,0.90159,0.92305,0.61568,1.09178,0.49716,0.84571,0.01873,0.00624332,0.01873,0.00624332,0.01873,0.00624332,0.01873,0.00624332
340,47367,1.15708,0.55297,0.85362,0.92847,0.90165,0.92404,0.61622,1.09074,0.49638,0.84561,0.0186733,0.00622445,0.0186733,0.00622445,0.0186733,0.00622445,0.0186733,0.00622445
341,47516.7,1.15433,0.54712,0.85362,0.92882,0.90162,0.92397,0.61678,1.08916,0.49603,0.84537,0.0186167,0.00620555,0.0186167,0.00620555,0.0186167,0.00620555,0.0186167,0.00620555
342,47663.5,1.15788,0.54909,0.85554,0.92949,0.9025,0.92535,0.61705,1.08844,0.49533,0.84528,0.0185599,0.00618664,0.0185599,0.00618664,0.0185599,0.00618664,0.0185599,0.00618664
343,47808.8,1.15266,0.54967,0.85579,0.92906,0.90123,0.9239,0.61729,1.08738,0.49488,0.8452,0.0185031,0.00616772,0.0185031,0.00616772,0.0185031,0.00616772,0.0185031,0.00616772
344,47957.4,1.15276,0.54812,0.85399,0.9295,0.90145,0.9241,0.61752,1.08602,0.49448,0.84509,0.0184463,0.00614877,0.0184463,0.00614877,0.0184463,0.00614877,0.0184463,0.00614877
345,48104.1,1.1503,0.54775,0.85368,0.92935,0.90171,0.92447,0.61847,1.08465,0.49382,0.84501,0.0183894,0.00612981,0.0183894,0.00612981,0.0183894,0.00612981,0.0183894,0.00612981
346,48249.5,1.14732,0.54631,0.854,0.92976,0.90233,0.92507,0.61851,1.08395,0.49349,0.845,0.0183325,0.00611083,0.0183325,0.00611083,0.0183325,0.00611083,0.0183325,0.00611083
347,48396.3,1.14673,0.54428,0.85497,0.9301,0.90246,0.92492,0.61921,1.08291,0.49288,0.84492,0.0182755,0.00609184,0.0182755,0.00609184,0.0182755,0.00609184,0.0182755,0.00609184
348,48542.9,1.1459,0.54606,0.85308,0.92978,0.9023,0.92451,0.619,1.08175,0.4926,0.84484,0.0182185,0.00607282,0.0182185,0.00607282,0.0182185,0.00607282,0.0182185,0.00607282
349,48689.3,1.14275,0.54071,0.85416,0.93009,0.90257,0.92512,0.61959,1.0807,0.49183,0.84472,0.0181614,0.0060538,0.0181614,0.0060538,0.0181614,0.0060538,0.0181614,0.0060538
350,48827.5,1.14789,0.54622,0.85393,0.93005,0.90236,0.92483,0.61933,1.08045,0.49166,0.84462,0.0181043,0.00603475,0.0181043,0.00603475,0.0181043,0.00603475,0.0181043,0.00603475
351,48965.4,1.14446,0.54437,0.85353,0.92992,0.90279,0.92557,0.61999,1.07951,0.49117,0.8446,0.0180471,0.0060157,0.0180471,0.0060157,0.0180471,0.0060157,0.0180471,0.0060157
352,49114.8,1.14549,0.5484,0.85188,0.92922,0.90303,0.92563,0.62019,1.07845,0.49095,0.8444,0.0179899,0.00599662,0.0179899,0.00599662,0.0179899,0.00599662,0.0179899,0.00599662
353,49261.5,1.13889,0.54471,0.85097,0.92929,0.90296,0.92533,0.62049,1.07742,0.49082,0.84431,0.0179326,0.00597754,0.0179326,0.00597754,0.0179326,0.00597754,0.0179326,0.00597754
354,49400,1.14777,0.551,0.85407,0.92875,0.90405,0.92722,0.62079,1.07649,0.49042,0.8442,0.0178753,0.00595844,0.0178753,0.00595844,0.0178753,0.00595844,0.0178753,0.00595844
355,49546.3,1.14379,0.54393,0.8526,0.92836,0.90424,0.92671,0.6209,1.07497,0.49002,0.84401,0.017818,0.00593932,0.017818,0.00593932,0.017818,0.00593932,0.017818,0.00593932
356,49694.7,1.14677,0.54333,0.85378,0.92866,0.903,0.92623,0.621,1.07431,0.48988,0.84393,0.0177606,0.00592019,0.0177606,0.00592019,0.0177606,0.00592019,0.0177606,0.00592019
357,49833.4,1.13577,0.53989,0.85146,0.92772,0.90215,0.92609,0.62165,1.07304,0.48928,0.84374,0.0177031,0.00590105,0.0177031,0.00590105,0.0177031,0.00590105,0.0177031,0.00590105
358,49976.4,1.1292,0.53777,0.85123,0.92805,0.90297,0.92691,0.62224,1.07195,0.48883,0.84363,0.0176457,0.00588189,0.0176457,0.00588189,0.0176457,0.00588189,0.0176457,0.00588189
359,50124,1.13379,0.53813,0.84971,0.92856,0.90298,0.92694,0.62232,1.07092,0.48814,0.84348,0.0175882,0.00586272,0.0175882,0.00586272,0.0175882,0.00586272,0.0175882,0.00586272
360,50271.3,1.13252,0.53688,0.84989,0.92862,0.90317,0.92667,0.62257,1.06963,0.48769,0.84338,0.0175306,0.00584354,0.0175306,0.00584354,0.0175306,0.00584354,0.0175306,0.00584354
361,50409.4,1.12783,0.53822,0.84984,0.92868,0.90305,0.92649,0.62276,1.06916,0.48759,0.84333,0.0174731,0.00582435,0.0174731,0.00582435,0.0174731,0.00582435,0.0174731,0.00582435
362,50543.8,1.12728,0.53708,0.84849,0.92946,0.90267,0.92692,0.62306,1.06839,0.48703,0.8432,0.0174154,0.00580515,0.0174154,0.00580515,0.0174154,0.00580515,0.0174154,0.00580515
363,50677.1,1.12975,0.53877,0.84935,0.92959,0.90343,0.92757,0.62345,1.0678,0.4871,0.84317,0.0173578,0.00578593,0.0173578,0.00578593,0.0173578,0.00578593,0.0173578,0.00578593
364,50811.8,1.12883,0.53688,0.84947,0.93053,0.90399,0.92774,0.62377,1.06692,0.48663,0.84308,0.0173001,0.0057667,0.0173001,0.0057667,0.0173001,0.0057667,0.0173001,0.0057667
365,50941.4,1.12389,0.53657,0.8493,0.92982,0.90365,0.92735,0.6238,1.0656,0.48615,0.8429,0.0172424,0.00574746,0.0172424,0.00574746,0.0172424,0.00574746,0.0172424,0.00574746
366,51073.1,1.13204,0.53783,0.85083,0.92914,0.90367,0.92676,0.62442,1.06472,0.48575,0.84271,0.0171846,0.00572821,0.0171846,0.00572821,0.0171846,0.00572821,0.0171846,0.00572821
367,51205.8,1.1297,0.53671,0.84894,0.93002,0.90448,0.92738,0.62474,1.06441,0.48526,0.84263,0.0171269,0.00570895,0.0171269,0.00570895,0.0171269,0.00570895,0.0171269,0.00570895
368,51339.8,1.1281,0.5341,0.84884,0.9316,0.90409,0.92851,0.62527,1.06352,0.48473,0.8425,0.017069,0.00568968,0.017069,0.00568968,0.017069,0.00568968,0.017069,0.00568968
369,51469.3,1.12797,0.53674,0.84811,0.93223,0.90464,0.92911,0.62537,1.06254,0.48401,0.84237,0.0170112,0.0056704,0.0170112,0.0056704,0.0170112,0.0056704,0.0170112,0.0056704
370,51602.3,1.1211,0.53284,0.85034,0.93184,0.9036,0.92828,0.62569,1.06202,0.48375,0.84237,0.0169533,0.00565111,0.0169533,0.00565111,0.0169533,0.00565111,0.0169533,0.00565111
371,51738,1.1209,0.53255,0.84873,0.93216,0.90326,0.92779,0.6256,1.06152,0.48377,0.84231,0.0168954,0.00563181,0.0168954,0.00563181,0.0168954,0.00563181,0.0168954,0.00563181
372,51866.6,1.11922,0.53172,0.84839,0.93235,0.90357,0.92788,0.62588,1.06129,0.48298,0.84234,0.0168375,0.0056125,0.0168375,0.0056125,0.0168375,0.0056125,0.0168375,0.0056125
373,52000.4,1.11514,0.53045,0.84974,0.93217,0.90157,0.92706,0.62525,1.06172,0.48253,0.84228,0.0167796,0.00559318,0.0167796,0.00559318,0.0167796,0.00559318,0.0167796,0.00559318
374,52135.3,1.11476,0.53374,0.84894,0.93224,0.90206,0.92758,0.62576,1.06101,0.48202,0.84222,0.0167216,0.00557386,0.0167216,0.00557386,0.0167216,0.00557386,0.0167216,0.00557386
375,52270.1,1.11704,0.53078,0.84812,0.93232,0.9018,0.92739,0.6265,1.06022,0.48133,0.84218,0.0166636,0.00555453,0.0166636,0.00555453,0.0166636,0.00555453,0.0166636,0.00555453
376,52401.9,1.11909,0.532,0.85017,0.93198,0.90258,0.92831,0.62683,1.05993,0.48123,0.84209,0.0166056,0.00553518,0.0166056,0.00553518,0.0166056,0.00553518,0.0166056,0.00553518
377,52535.4,1.11158,0.52996,0.84735,0.9325,0.90237,0.92753,0.62705,1.05993,0.48133,0.84214,0.0165475,0.00551584,0.0165475,0.00551584,0.0165475,0.00551584,0.0165475,0.00551584
378,52674.2,1.11237,0.5283,0.8476,0.93044,0.90243,0.92696,0.62628,1.0604,0.48087,0.84218,0.0164894,0.00549648,0.0164894,0.00549648,0.0164894,0.00549648,0.0164894,0.00549648
379,52812,1.10999,0.52629,0.84758,0.9313,0.90258,0.92746,0.62662,1.06068,0.48079,0.84209,0.0164314,0.00547712,0.0164314,0.00547712,0.0164314,0.00547712,0.0164314,0.00547712
380,52941,1.11063,0.53019,0.84751,0.9317,0.90274,0.92771,0.62701,1.06067,0.48052,0.84202,0.0163732,0.00545775,0.0163732,0.00545775,0.0163732,0.00545775,0.0163732,0.00545775
381,53072.8,1.10892,0.52576,0.84784,0.93288,0.90221,0.92798,0.6274,1.06028,0.47979,0.84201,0.0163151,0.00543837,0.0163151,0.00543837,0.0163151,0.00543837,0.0163151,0.00543837
382,53213.6,1.10489,0.52731,0.84483,0.9329,0.90281,0.92798,0.62731,1.05993,0.47958,0.84197,0.016257,0.00541899,0.016257,0.00541899,0.016257,0.00541899,0.016257,0.00541899
383,53347.8,1.11256,0.52949,0.84852,0.93282,0.90267,0.92778,0.62704,1.06013,0.47968,0.84201,0.0161988,0.0053996,0.0161988,0.0053996,0.0161988,0.0053996,0.0161988,0.0053996
384,53472.7,1.10456,0.52641,0.84621,0.9331,0.90294,0.92869,0.62721,1.05992,0.47931,0.84199,0.0161406,0.00538021,0.0161406,0.00538021,0.0161406,0.00538021,0.0161406,0.00538021
385,53610.2,1.11378,0.52409,0.84743,0.93264,0.90296,0.92873,0.62754,1.05995,0.47882,0.84198,0.0160824,0.00536081,0.0160824,0.00536081,0.0160824,0.00536081,0.0160824,0.00536081
386,53752.6,1.10807,0.52502,0.84662,0.93287,0.90282,0.92857,0.62772,1.05945,0.47861,0.84193,0.0160242,0.00534141,0.0160242,0.00534141,0.0160242,0.00534141,0.0160242,0.00534141
387,53890.1,1.105,0.52503,0.84608,0.93329,0.9036,0.92896,0.62851,1.05894,0.47842,0.84193,0.015966,0.005322,0.015966,0.005322,0.015966,0.005322,0.015966,0.005322
388,54020.6,1.10526,0.52279,0.84391,0.93316,0.90357,0.92922,0.62868,1.05834,0.47839,0.84183,0.0159078,0.00530259,0.0159078,0.00530259,0.0159078,0.00530259,0.0159078,0.00530259
389,54154.7,1.10515,0.52476,0.84562,0.93343,0.904,0.93013,0.62907,1.05752,0.47785,0.84177,0.0158495,0.00528318,0.0158495,0.00528318,0.0158495,0.00528318,0.0158495,0.00528318
390,54296.4,1.10028,0.52281,0.8451,0.93435,0.90387,0.93031,0.62938,1.05671,0.47764,0.84161,0.0157913,0.00526376,0.0157913,0.00526376,0.0157913,0.00526376,0.0157913,0.00526376
391,54433.9,1.10147,0.52693,0.84271,0.93428,0.90429,0.93039,0.62991,1.05588,0.47757,0.84146,0.015733,0.00524434,0.015733,0.00524434,0.015733,0.00524434,0.015733,0.00524434
392,54567.7,1.09666,0.51989,0.8434,0.9349,0.90462,0.93107,0.63023,1.05429,0.47707,0.8413,0.0156747,0.00522491,0.0156747,0.00522491,0.0156747,0.00522491,0.0156747,0.00522491
393,54697.6,1.10005,0.52203,0.8463,0.93484,0.90467,0.93098,0.62998,1.05403,0.47713,0.84116,0.0156164,0.00520548,0.0156164,0.00520548,0.0156164,0.00520548,0.0156164,0.00520548
394,54836.3,1.09762,0.52274,0.8448,0.93561,0.9049,0.93117,0.63056,1.05379,0.477,0.84116,0.0155582,0.00518605,0.0155582,0.00518605,0.0155582,0.00518605,0.0155582,0.00518605
395,54976.4,1.09317,0.51807,0.8449,0.93599,0.90518,0.93154,0.6303,1.05388,0.47686,0.84112,0.0154999,0.00516662,0.0154999,0.00516662,0.0154999,0.00516662,0.0154999,0.00516662
396,55111.9,1.09722,0.52012,0.84206,0.93545,0.90478,0.93128,0.63039,1.05392,0.47674,0.84102,0.0154416,0.00514719,0.0154416,0.00514719,0.0154416,0.00514719,0.0154416,0.00514719
397,55242.4,1.09091,0.51596,0.84288,0.93662,0.90534,0.93154,0.63037,1.05388,0.4767,0.84095,0.0153833,0.00512775,0.0153833,0.00512775,0.0153833,0.00512775,0.0153833,0.00512775
398,55376,1.09289,0.51983,0.84237,0.93586,0.90523,0.93143,0.63126,1.05283,0.47621,0.84083,0.0153249,0.00510831,0.0153249,0.00510831,0.0153249,0.00510831,0.0153249,0.00510831
399,55518.5,1.08671,0.51454,0.84226,0.93678,0.90521,0.93192,0.63177,1.05202,0.47645,0.84079,0.0152666,0.00508888,0.0152666,0.00508888,0.0152666,0.00508888,0.0152666,0.00508888
400,55655.9,1.07957,0.51388,0.84292,0.936,0.90582,0.93176,0.63193,1.05249,0.47617,0.84082,0.0152083,0.00506944,0.0152083,0.00506944,0.0152083,0.00506944,0.0152083,0.00506944
401,55792,1.08339,0.51515,0.84294,0.93618,0.90493,0.93149,0.63177,1.05297,0.47608,0.84084,0.01515,0.00505,0.01515,0.00505,0.01515,0.00505,0.01515,0.00505
402,55921.9,1.08532,0.51301,0.84068,0.93623,0.90536,0.93182,0.63234,1.05225,0.47615,0.84072,0.0150917,0.00503056,0.0150917,0.00503056,0.0150917,0.00503056,0.0150917,0.00503056
403,56060.9,1.08229,0.51411,0.84336,0.93614,0.90507,0.93151,0.63274,1.0521,0.4764,0.84069,0.0150334,0.00501112,0.0150334,0.00501112,0.0150334,0.00501112,0.0150334,0.00501112
404,56200.2,1.08701,0.51594,0.8406,0.93651,0.90613,0.93248,0.63344,1.05143,0.47579,0.84062,0.0149751,0.00499169,0.0149751,0.00499169,0.0149751,0.00499169,0.0149751,0.00499169
405,56333.2,1.08947,0.51475,0.84309,0.93619,0.90635,0.93239,0.634,1.0502,0.47536,0.84053,0.0149167,0.00497225,0.0149167,0.00497225,0.0149167,0.00497225,0.0149167,0.00497225
406,56459.6,1.08089,0.51136,0.84242,0.93745,0.90582,0.93254,0.63418,1.04967,0.47479,0.84038,0.0148584,0.00495281,0.0148584,0.00495281,0.0148584,0.00495281,0.0148584,0.00495281
407,56597,1.07489,0.50928,0.84271,0.93675,0.90626,0.93244,0.63385,1.0503,0.47504,0.84036,0.0148001,0.00493338,0.0148001,0.00493338,0.0148001,0.00493338,0.0148001,0.00493338
408,56736.8,1.07454,0.51202,0.84064,0.93659,0.90709,0.93252,0.63438,1.04994,0.47444,0.84036,0.0147418,0.00491395,0.0147418,0.00491395,0.0147418,0.00491395,0.0147418,0.00491395
409,56873,1.08146,0.51388,0.84081,0.93646,0.9071,0.93274,0.63433,1.05,0.47412,0.84033,0.0146836,0.00489452,0.0146836,0.00489452,0.0146836,0.00489452,0.0146836,0.00489452
410,57003.9,1.07683,0.51043,0.84158,0.93599,0.90734,0.93255,0.63384,1.04967,0.47377,0.84026,0.0146253,0.00487509,0.0146253,0.00487509,0.0146253,0.00487509,0.0146253,0.00487509
411,57139,1.07554,0.51002,0.84224,0.93638,0.90826,0.93296,0.63488,1.04829,0.47351,0.84013,0.014567,0.00485566,0.014567,0.00485566,0.014567,0.00485566,0.014567,0.00485566
412,57280.1,1.07398,0.51065,0.84277,0.93709,0.90879,0.9336,0.63549,1.04688,0.47344,0.83997,0.0145087,0.00483624,0.0145087,0.00483624,0.0145087,0.00483624,0.0145087,0.00483624
413,57418.3,1.07523,0.50996,0.84221,0.93716,0.90837,0.93335,0.63588,1.04684,0.47386,0.83982,0.0144505,0.00481682,0.0144505,0.00481682,0.0144505,0.00481682,0.0144505,0.00481682
414,57554.1,1.0722,0.50948,0.84164,0.93709,0.90796,0.93332,0.63631,1.04642,0.47378,0.83978,0.0143922,0.00479741,0.0143922,0.00479741,0.0143922,0.00479741,0.0143922,0.00479741
415,57683,1.07212,0.50698,0.84233,0.93762,0.90861,0.9337,0.63661,1.04547,0.47354,0.83974,0.014334,0.004778,0.014334,0.004778,0.014334,0.004778,0.014334,0.004778
416,57822.6,1.07169,0.50909,0.84246,0.9381,0.90825,0.93417,0.63642,1.04528,0.47327,0.83968,0.0142758,0.00475859,0.0142758,0.00475859,0.0142758,0.00475859,0.0142758,0.00475859
417,57962.4,1.07194,0.51016,0.83951,0.93796,0.90897,0.93415,0.63649,1.04512,0.47302,0.83965,0.0142176,0.00473919,0.0142176,0.00473919,0.0142176,0.00473919,0.0142176,0.00473919
418,58098.8,1.06932,0.50828,0.83879,0.93795,0.90914,0.9344,0.63699,1.04478,0.47306,0.8396,0.0141594,0.00471979,0.0141594,0.00471979,0.0141594,0.00471979,0.0141594,0.00471979
419,58226.9,1.06559,0.50879,0.83899,0.93757,0.90876,0.93414,0.63638,1.04554,0.47334,0.83955,0.0141012,0.0047004,0.0141012,0.0047004,0.0141012,0.0047004,0.0141012,0.0047004
420,58364.3,1.06947,0.50645,0.84157,0.93773,0.90868,0.93424,0.63662,1.04619,0.47311,0.83956,0.014043,0.00468101,0.014043,0.00468101,0.014043,0.00468101,0.014043,0.00468101
421,58505.3,1.06418,0.50394,0.84143,0.93762,0.90909,0.93437,0.63718,1.04578,0.47332,0.83946,0.0139849,0.00466163,0.0139849,0.00466163,0.0139849,0.00466163,0.0139849,0.00466163
422,58640,1.061,0.50385,0.83945,0.93769,0.90892,0.93435,0.63724,1.04549,0.47315,0.83947,0.0139268,0.00464225,0.0139268,0.00464225,0.0139268,0.00464225,0.0139268,0.00464225
423,58775.2,1.06452,0.50632,0.83956,0.9376,0.90857,0.93438,0.63724,1.0454,0.47285,0.83948,0.0138686,0.00462288,0.0138686,0.00462288,0.0138686,0.00462288,0.0138686,0.00462288
424,58906.3,1.06325,0.50615,0.84004,0.93755,0.90901,0.93467,0.63722,1.04638,0.47271,0.83946,0.0138106,0.00460352,0.0138106,0.00460352,0.0138106,0.00460352,0.0138106,0.00460352
425,59047.4,1.05705,0.50318,0.84115,0.93727,0.90866,0.9345,0.63717,1.04649,0.47256,0.83939,0.0137525,0.00458416,0.0137525,0.00458416,0.0137525,0.00458416,0.0137525,0.00458416
426,59185,1.06351,0.50247,0.84083,0.93745,0.90817,0.93471,0.63735,1.04636,0.47247,0.83939,0.0136944,0.00456482,0.0136944,0.00456482,0.0136944,0.00456482,0.0136944,0.00456482
427,59318,1.05824,0.50341,0.84041,0.93733,0.90886,0.93463,0.6367,1.04725,0.47234,0.83944,0.0136364,0.00454547,0.0136364,0.00454547,0.0136364,0.00454547,0.0136364,0.00454547
428,59448.3,1.05676,0.50003,0.83701,0.93682,0.90844,0.93421,0.63631,1.04798,0.47248,0.83945,0.0135784,0.00452614,0.0135784,0.00452614,0.0135784,0.00452614,0.0135784,0.00452614
429,59587.6,1.05261,0.50009,0.83762,0.93771,0.90843,0.9343,0.63531,1.04961,0.47253,0.83957,0.0135204,0.00450682,0.0135204,0.00450682,0.0135204,0.00450682,0.0135204,0.00450682
430,59729.6,1.05659,0.50093,0.83884,0.93834,0.90861,0.93507,0.63579,1.0486,0.47235,0.83945,0.0134625,0.0044875,0.0134625,0.0044875,0.0134625,0.0044875,0.0134625,0.0044875
431,59866.9,1.04883,0.49714,0.83837,0.93863,0.90925,0.93573,0.63686,1.04694,0.47195,0.83943,0.0134046,0.00446819,0.0134046,0.00446819,0.0134046,0.00446819,0.0134046,0.00446819
432,59998.6,1.04666,0.49907,0.83852,0.93968,0.90944,0.93623,0.63709,1.04668,0.4722,0.83936,0.0133467,0.00444889,0.0133467,0.00444889,0.0133467,0.00444889,0.0133467,0.00444889
433,60131.8,1.05736,0.50244,0.83767,0.94054,0.90789,0.93563,0.63709,1.04596,0.47229,0.83931,0.0132888,0.0044296,0.0132888,0.0044296,0.0132888,0.0044296,0.0132888,0.0044296
434,60273,1.04887,0.49876,0.83776,0.93933,0.90837,0.93577,0.63715,1.04554,0.47206,0.83925,0.013231,0.00441032,0.013231,0.00441032,0.013231,0.00441032,0.013231,0.00441032
435,60412.8,1.05505,0.5011,0.83772,0.93898,0.908,0.93531,0.63727,1.04549,0.47164,0.83912,0.0131731,0.00439105,0.0131731,0.00439105,0.0131731,0.00439105,0.0131731,0.00439105
436,60547.5,1.05067,0.49603,0.83718,0.9392,0.90842,0.93588,0.63782,1.04441,0.47129,0.83898,0.0131154,0.00437179,0.0131154,0.00437179,0.0131154,0.00437179,0.0131154,0.00437179
437,60676.7,1.05113,0.49792,0.8374,0.94019,0.90907,0.93619,0.63817,1.04334,0.47056,0.8389,0.0130576,0.00435254,0.0130576,0.00435254,0.0130576,0.00435254,0.0130576,0.00435254
438,60816.5,1.03811,0.49474,0.83633,0.94034,0.90971,0.93653,0.63837,1.0426,0.47028,0.83882,0.0129999,0.0043333,0.0129999,0.0043333,0.0129999,0.0043333,0.0129999,0.0043333
439,60957,1.03868,0.49253,0.83672,0.94024,0.90988,0.93662,0.63859,1.04205,0.46971,0.8388,0.0129422,0.00431407,0.0129422,0.00431407,0.0129422,0.00431407,0.0129422,0.00431407
440,61094,1.04457,0.49804,0.8366,0.94015,0.9093,0.93644,0.63848,1.04187,0.46947,0.83873,0.0128846,0.00429485,0.0128846,0.00429485,0.0128846,0.00429485,0.0128846,0.00429485
441,61223.1,1.04162,0.50032,0.83697,0.94137,0.90961,0.93666,0.63871,1.0413,0.4684,0.83864,0.0128269,0.00427565,0.0128269,0.00427565,0.0128269,0.00427565,0.0128269,0.00427565
442,61362.1,1.04061,0.49591,0.83604,0.94112,0.90977,0.93676,0.63884,1.04116,0.46851,0.83858,0.0127694,0.00425646,0.0127694,0.00425646,0.0127694,0.00425646,0.0127694,0.00425646
443,61503.2,1.04167,0.49613,0.83525,0.94084,0.90977,0.93703,0.63897,1.04058,0.46835,0.83846,0.0127118,0.00423728,0.0127118,0.00423728,0.0127118,0.00423728,0.0127118,0.00423728
444,61641.4,1.03828,0.49592,0.83597,0.93995,0.90965,0.93709,0.6394,1.04052,0.46846,0.83845,0.0126543,0.00421811,0.0126543,0.00421811,0.0126543,0.00421811,0.0126543,0.00421811
445,61775,1.03436,0.49346,0.83333,0.94029,0.90949,0.93717,0.63988,1.03906,0.46824,0.83837,0.0125969,0.00419895,0.0125969,0.00419895,0.0125969,0.00419895,0.0125969,0.00419895
446,61904.7,1.03762,0.49224,0.83568,0.9399,0.90958,0.93678,0.63997,1.03878,0.46801,0.83839,0.0125394,0.00417981,0.0125394,0.00417981,0.0125394,0.00417981,0.0125394,0.00417981
447,62045.9,1.04053,0.49036,0.83418,0.93968,0.90985,0.93682,0.64004,1.03794,0.46781,0.83847,0.012482,0.00416068,0.012482,0.00416068,0.012482,0.00416068,0.012482,0.00416068
448,62185.8,1.03187,0.49365,0.83363,0.93914,0.90949,0.93683,0.6401,1.03702,0.46748,0.83832,0.0124247,0.00414156,0.0124247,0.00414156,0.0124247,0.00414156,0.0124247,0.00414156
449,62319.7,1.03433,0.48986,0.83555,0.9392,0.90969,0.93697,0.64042,1.03696,0.4671,0.83837,0.0123674,0.00412246,0.0123674,0.00412246,0.0123674,0.00412246,0.0123674,0.00412246
450,62445.8,1.03151,0.49205,0.83714,0.93904,0.90999,0.9372,0.6404,1.03632,0.46707,0.83836,0.0123101,0.00410338,0.0123101,0.00410338,0.0123101,0.00410338,0.0123101,0.00410338
451,62584,1.03507,0.48838,0.83375,0.93914,0.91034,0.93713,0.64049,1.03671,0.46649,0.8383,0.0122529,0.0040843,0.0122529,0.0040843,0.0122529,0.0040843,0.0122529,0.0040843
452,62724.5,1.0255,0.48852,0.83475,0.93957,0.90984,0.93699,0.64057,1.03684,0.46653,0.83824,0.0121957,0.00406525,0.0121957,0.00406525,0.0121957,0.00406525,0.0121957,0.00406525
453,62859.7,1.0366,0.4909,0.83356,0.93946,0.91077,0.93695,0.64095,1.03783,0.46655,0.83825,0.0121386,0.0040462,0.0121386,0.0040462,0.0121386,0.0040462,0.0121386,0.0040462
454,62988.1,1.02088,0.48433,0.83225,0.93918,0.91064,0.93683,0.64026,1.03876,0.46675,0.83818,0.0120815,0.00402718,0.0120815,0.00402718,0.0120815,0.00402718,0.0120815,0.00402718
455,63130.1,1.0226,0.48484,0.83374,0.93935,0.91042,0.93657,0.6404,1.03988,0.4672,0.8382,0.0120245,0.00400816,0.0120245,0.00400816,0.0120245,0.00400816,0.0120245,0.00400816
456,63281.7,1.03092,0.48917,0.83546,0.93999,0.91058,0.93681,0.64023,1.03931,0.4667,0.83825,0.0119675,0.00398917,0.0119675,0.00398917,0.0119675,0.00398917,0.0119675,0.00398917
457,63428.9,1.0263,0.48663,0.83513,0.93964,0.91106,0.93688,0.63998,1.04002,0.4662,0.8382,0.0119106,0.00397019,0.0119106,0.00397019,0.0119106,0.00397019,0.0119106,0.00397019
458,63568.3,1.01856,0.48354,0.8341,0.93976,0.90983,0.93657,0.63943,1.04042,0.46584,0.83822,0.0118537,0.00395123,0.0118537,0.00395123,0.0118537,0.00395123,0.0118537,0.00395123
459,63712.7,1.02042,0.48467,0.83246,0.93891,0.90934,0.93635,0.63941,1.03969,0.46546,0.83821,0.0117969,0.00393228,0.0117969,0.00393228,0.0117969,0.00393228,0.0117969,0.00393228
460,63864.2,1.02113,0.4849,0.83371,0.9391,0.9098,0.93644,0.63993,1.03951,0.46548,0.83816,0.0117401,0.00391336,0.0117401,0.00391336,0.0117401,0.00391336,0.0117401,0.00391336
461,64012.1,1.02126,0.48442,0.83563,0.94013,0.91065,0.93719,0.64057,1.0388,0.46515,0.83808,0.0116833,0.00389445,0.0116833,0.00389445,0.0116833,0.00389445,0.0116833,0.00389445
462,64152.7,1.02045,0.48131,0.83583,0.94014,0.90974,0.93695,0.64036,1.03872,0.46435,0.83802,0.0116267,0.00387555,0.0116267,0.00387555,0.0116267,0.00387555,0.0116267,0.00387555
463,64295.4,1.01893,0.48401,0.83511,0.94016,0.91015,0.93671,0.64045,1.03769,0.46406,0.8381,0.01157,0.00385668,0.01157,0.00385668,0.01157,0.00385668,0.01157,0.00385668
464,64449,1.01343,0.48031,0.83309,0.9397,0.91074,0.93684,0.64069,1.03711,0.46375,0.8381,0.0115135,0.00383782,0.0115135,0.00383782,0.0115135,0.00383782,0.0115135,0.00383782
465,64599.7,1.01524,0.48324,0.83114,0.93985,0.91034,0.93653,0.64076,1.03686,0.46374,0.83803,0.011457,0.00381899,0.011457,0.00381899,0.011457,0.00381899,0.011457,0.00381899
466,64742.2,1.01814,0.47962,0.83295,0.93907,0.91082,0.9365,0.64041,1.03728,0.46352,0.83808,0.0114005,0.00380017,0.0114005,0.00380017,0.0114005,0.00380017,0.0114005,0.00380017
467,64880.9,1.00895,0.48015,0.83391,0.93878,0.91137,0.93672,0.64082,1.03718,0.46346,0.83794,0.0113441,0.00378137,0.0113441,0.00378137,0.0113441,0.00378137,0.0113441,0.00378137
468,65033.6,1.00917,0.4766,0.83047,0.93882,0.91221,0.93683,0.64083,1.03677,0.46327,0.83779,0.0112878,0.00376259,0.0112878,0.00376259,0.0112878,0.00376259,0.0112878,0.00376259
469,65185.6,1.01099,0.4785,0.83364,0.93854,0.91163,0.93704,0.64114,1.03633,0.46313,0.8377,0.0112315,0.00374383,0.0112315,0.00374383,0.0112315,0.00374383,0.0112315,0.00374383
470,65326.6,1.0025,0.47694,0.833,0.93849,0.91099,0.93689,0.64106,1.0362,0.46306,0.83768,0.0111753,0.00372509,0.0111753,0.00372509,0.0111753,0.00372509,0.0111753,0.00372509
471,65466.1,1.0012,0.47479,0.83058,0.93916,0.91069,0.93714,0.64084,1.03612,0.46275,0.83771,0.0111191,0.00370637,0.0111191,0.00370637,0.0111191,0.00370637,0.0111191,0.00370637
472,65616,0.99744,0.47303,0.83427,0.94005,0.91092,0.93753,0.641,1.03611,0.46301,0.83762,0.011063,0.00368767,0.011063,0.00368767,0.011063,0.00368767,0.011063,0.00368767
473,65767,1.00672,0.4752,0.83068,0.93844,0.9111,0.93711,0.64115,1.03488,0.46277,0.83765,0.011007,0.00366899,0.011007,0.00366899,0.011007,0.00366899,0.011007,0.00366899
474,65906.5,1.00301,0.47675,0.83333,0.93976,0.91142,0.93806,0.64178,1.03463,0.4626,0.83756,0.010951,0.00365034,0.010951,0.00365034,0.010951,0.00365034,0.010951,0.00365034
475,66050.9,0.99706,0.47329,0.82924,0.93973,0.91196,0.93783,0.64266,1.03303,0.46192,0.83748,0.0108951,0.0036317,0.0108951,0.0036317,0.0108951,0.0036317,0.0108951,0.0036317
476,66200.4,1.00401,0.47559,0.83134,0.93936,0.91164,0.93763,0.64286,1.03257,0.46222,0.83744,0.0108393,0.00361309,0.0108393,0.00361309,0.0108393,0.00361309,0.0108393,0.00361309
477,66351.4,1.00098,0.47525,0.83196,0.94002,0.91222,0.93851,0.64351,1.03103,0.46131,0.83741,0.0107835,0.0035945,0.0107835,0.0035945,0.0107835,0.0035945,0.0107835,0.0035945
478,66494.1,0.99866,0.47394,0.83016,0.93951,0.91199,0.93804,0.64371,1.03064,0.46064,0.83738,0.0107278,0.00357593,0.0107278,0.00357593,0.0107278,0.00357593,0.0107278,0.00357593
479,66637.7,0.99813,0.47239,0.83122,0.94154,0.91125,0.93878,0.64353,1.03042,0.46023,0.83739,0.0106722,0.00355739,0.0106722,0.00355739,0.0106722,0.00355739,0.0106722,0.00355739
480,66786.1,0.99553,0.4705,0.83058,0.94148,0.91089,0.9381,0.64351,1.03026,0.46032,0.83735,0.0106166,0.00353886,0.0106166,0.00353886,0.0106166,0.00353886,0.0106166,0.00353886
481,66937.4,0.99425,0.47158,0.82945,0.94125,0.9101,0.93806,0.64367,1.03025,0.46013,0.8374,0.0105611,0.00352037,0.0105611,0.00352037,0.0105611,0.00352037,0.0105611,0.00352037
482,67083.9,0.99407,0.46858,0.83062,0.9408,0.91131,0.93791,0.64394,1.03024,0.45986,0.83732,0.0105057,0.00350189,0.0105057,0.00350189,0.0105057,0.00350189,0.0105057,0.00350189
483,67225.8,0.98826,0.47014,0.82742,0.94091,0.91178,0.93913,0.64436,1.02958,0.45961,0.83727,0.0104503,0.00348344,0.0104503,0.00348344,0.0104503,0.00348344,0.0104503,0.00348344
484,67377.1,0.98865,0.46951,0.82825,0.94078,0.91196,0.93916,0.64474,1.02957,0.45968,0.83722,0.010395,0.00346501,0.010395,0.00346501,0.010395,0.00346501,0.010395,0.00346501
485,67530.4,0.98719,0.46912,0.83037,0.94019,0.91134,0.93857,0.64419,1.02999,0.45966,0.83727,0.0103398,0.00344661,0.0103398,0.00344661,0.0103398,0.00344661,0.0103398,0.00344661
486,67678.4,0.993,0.46906,0.82918,0.94012,0.91124,0.93839,0.64463,1.02952,0.45905,0.83726,0.0102847,0.00342823,0.0102847,0.00342823,0.0102847,0.00342823,0.0102847,0.00342823
487,67818.3,0.98926,0.4674,0.82725,0.94099,0.91154,0.93907,0.64471,1.02882,0.45851,0.8372,0.0102296,0.00340988,0.0102296,0.00340988,0.0102296,0.00340988,0.0102296,0.00340988
488,67966,0.98148,0.46685,0.82699,0.93958,0.91036,0.93789,0.64402,1.02904,0.45817,0.83722,0.0101746,0.00339155,0.0101746,0.00339155,0.0101746,0.00339155,0.0101746,0.00339155
489,68119.2,0.98763,0.46578,0.82867,0.9401,0.91066,0.93846,0.64429,1.02847,0.45808,0.83716,0.0101197,0.00337325,0.0101197,0.00337325,0.0101197,0.00337325,0.0101197,0.00337325
490,68271.7,0.98205,0.46453,0.82821,0.93949,0.91149,0.93876,0.64462,1.02802,0.45782,0.8372,0.0100649,0.00335497,0.0100649,0.00335497,0.0100649,0.00335497,0.0100649,0.00335497
491,68414.3,0.98362,0.46562,0.82709,0.94013,0.91158,0.9391,0.64477,1.02778,0.45746,0.83717,0.0100102,0.00333672,0.0100102,0.00333672,0.0100102,0.00333672,0.0100102,0.00333672
492,68560.7,0.98498,0.46665,0.82496,0.94054,0.91241,0.93924,0.64509,1.02684,0.45725,0.83712,0.00995549,0.0033185,0.00995549,0.0033185,0.00995549,0.0033185,0.00995549,0.0033185
493,68714.5,0.97747,0.46439,0.82863,0.94051,0.91155,0.9384,0.64532,1.0261,0.45685,0.8372,0.0099009,0.0033003,0.0099009,0.0033003,0.0099009,0.0033003,0.0099009,0.0033003
494,68869.2,0.97421,0.46318,0.82915,0.94061,0.91179,0.93903,0.64554,1.02581,0.45655,0.8372,0.00984639,0.00328213,0.00984639,0.00328213,0.00984639,0.00328213,0.00984639,0.00328213
495,69011.8,0.98114,0.46578,0.82902,0.94083,0.91186,0.93881,0.64532,1.02527,0.45649,0.83715,0.00979196,0.00326399,0.00979196,0.00326399,0.00979196,0.00326399,0.00979196,0.00326399
496,69156.2,0.97922,0.46247,0.82506,0.94034,0.9115,0.9388,0.64529,1.02494,0.45657,0.83709,0.00973761,0.00324587,0.00973761,0.00324587,0.00973761,0.00324587,0.00973761,0.00324587
497,69308,0.97091,0.45942,0.82669,0.94052,0.91212,0.93957,0.64568,1.02464,0.45624,0.83711,0.00968335,0.00322778,0.00968335,0.00322778,0.00968335,0.00322778,0.00968335,0.00322778
498,69460.4,0.97679,0.46482,0.82816,0.93998,0.91314,0.93901,0.64558,1.02466,0.45604,0.83703,0.00962917,0.00320972,0.00962917,0.00320972,0.00962917,0.00320972,0.00962917,0.00320972
499,69601.6,0.97833,0.46237,0.82626,0.94062,0.91247,0.93902,0.6458,1.02372,0.45684,0.83693,0.00957508,0.00319169,0.00957508,0.00319169,0.00957508,0.00319169,0.00957508,0.00319169
500,69745.8,0.97179,0.45953,0.82543,0.94128,0.91322,0.94004,0.64612,1.02386,0.45664,0.83698,0.00952107,0.00317369,0.00952107,0.00317369,0.00952107,0.00317369,0.00952107,0.00317369
501,69896,0.96967,0.45991,0.82512,0.94066,0.91249,0.9391,0.64607,1.02456,0.45695,0.837,0.00946715,0.00315572,0.00946715,0.00315572,0.00946715,0.00315572,0.00946715,0.00315572
502,70047.3,0.9725,0.46133,0.82604,0.94093,0.91284,0.94004,0.64647,1.02415,0.45646,0.83698,0.00941332,0.00313777,0.00941332,0.00313777,0.00941332,0.00313777,0.00941332,0.00313777
503,70190.8,0.96425,0.45685,0.82718,0.94081,0.91251,0.93916,0.64597,1.02406,0.45673,0.83692,0.00935957,0.00311986,0.00935957,0.00311986,0.00935957,0.00311986,0.00935957,0.00311986
504,70334.6,0.96431,0.45729,0.82769,0.93971,0.91371,0.94006,0.64663,1.02323,0.45623,0.83684,0.00930592,0.00310197,0.00930592,0.00310197,0.00930592,0.00310197,0.00930592,0.00310197
505,70486.4,0.96044,0.45615,0.82575,0.93964,0.91373,0.93992,0.64635,1.02363,0.45606,0.83689,0.00925235,0.00308412,0.00925235,0.00308412,0.00925235,0.00308412,0.00925235,0.00308412
506,70626,0.95794,0.45396,0.82474,0.94013,0.91346,0.94022,0.64661,1.02269,0.45538,0.8368,0.00919888,0.00306629,0.00919888,0.00306629,0.00919888,0.00306629,0.00919888,0.00306629
507,70761.2,0.9586,0.45388,0.82618,0.94016,0.91349,0.94037,0.64665,1.02288,0.45515,0.83676,0.0091455,0.0030485,0.0091455,0.0030485,0.0091455,0.0030485,0.0091455,0.0030485
508,70905.4,0.95932,0.45642,0.82495,0.93998,0.91361,0.94022,0.64683,1.02198,0.45505,0.83668,0.00909221,0.00303074,0.00909221,0.00303074,0.00909221,0.00303074,0.00909221,0.00303074
509,71057.1,0.95395,0.45275,0.82628,0.93973,0.91332,0.93949,0.64655,1.02194,0.45445,0.83669,0.00903901,0.003013,0.00903901,0.003013,0.00903901,0.003013,0.00903901,0.003013
510,71201.2,0.95789,0.45357,0.82486,0.94041,0.91265,0.93932,0.64634,1.0211,0.45392,0.83665,0.00898591,0.0029953,0.00898591,0.0029953,0.00898591,0.0029953,0.00898591,0.0029953
511,71347.6,0.9551,0.452,0.82287,0.94209,0.91303,0.94013,0.64687,1.02112,0.45426,0.83663,0.0089329,0.00297763,0.0089329,0.00297763,0.0089329,0.00297763,0.0089329,0.00297763
512,71492.7,0.96002,0.45397,0.82341,0.9421,0.91342,0.93985,0.6474,1.02082,0.45411,0.83666,0.00887999,0.00296,0.00887999,0.00296,0.00887999,0.00296,0.00887999,0.00296
513,71640.6,0.95977,0.45557,0.82467,0.94247,0.91354,0.9402,0.64715,1.02058,0.45405,0.83658,0.00882718,0.00294239,0.00882718,0.00294239,0.00882718,0.00294239,0.00882718,0.00294239
514,71791.1,0.95175,0.45436,0.82316,0.94248,0.91374,0.94059,0.64723,1.02071,0.45417,0.83665,0.00877446,0.00292482,0.00877446,0.00292482,0.00877446,0.00292482,0.00877446,0.00292482
515,71940.5,0.95186,0.45284,0.82484,0.94207,0.91375,0.94065,0.64727,1.02035,0.45389,0.83663,0.00872184,0.00290728,0.00872184,0.00290728,0.00872184,0.00290728,0.00872184,0.00290728
516,72084.4,0.9577,0.45379,0.82381,0.94174,0.91373,0.94025,0.647,1.02077,0.45428,0.83663,0.00866932,0.00288977,0.00866932,0.00288977,0.00866932,0.00288977,0.00866932,0.00288977
517,72228.3,0.95422,0.45292,0.82549,0.9415,0.9134,0.9401,0.6475,1.02058,0.45403,0.83659,0.0086169,0.0028723,0.0086169,0.0028723,0.0086169,0.0028723,0.0086169,0.0028723
518,72366.7,0.94878,0.44917,0.82417,0.94186,0.91375,0.94052,0.64762,1.02134,0.45439,0.83662,0.00856458,0.00285486,0.00856458,0.00285486,0.00856458,0.00285486,0.00856458,0.00285486
519,72504,0.94368,0.44949,0.82159,0.94227,0.91384,0.94078,0.6478,1.02079,0.45407,0.83668,0.00851237,0.00283746,0.00851237,0.00283746,0.00851237,0.00283746,0.00851237,0.00283746
520,72636.5,0.94405,0.44734,0.8221,0.94265,0.91337,0.94059,0.64821,1.01978,0.45304,0.83669,0.00846025,0.00282008,0.00846025,0.00282008,0.00846025,0.00282008,0.00846025,0.00282008
521,72771.8,0.94496,0.44907,0.82313,0.94163,0.91328,0.93959,0.6479,1.02059,0.45284,0.83678,0.00840824,0.00280275,0.00840824,0.00280275,0.00840824,0.00280275,0.00840824,0.00280275
522,72912.2,0.94053,0.44641,0.82009,0.9429,0.9133,0.94016,0.64864,1.01955,0.45244,0.83677,0.00835633,0.00278544,0.00835633,0.00278544,0.00835633,0.00278544,0.00835633,0.00278544
523,73051,0.9432,0.44899,0.82259,0.94198,0.91332,0.93971,0.64813,1.02066,0.45291,0.83679,0.00830453,0.00276818,0.00830453,0.00276818,0.00830453,0.00276818,0.00830453,0.00276818
524,73183.2,0.93847,0.4449,0.82308,0.94255,0.91396,0.94045,0.64916,1.01964,0.45274,0.83674,0.00825283,0.00275094,0.00825283,0.00275094,0.00825283,0.00275094,0.00825283,0.00275094
525,73318,0.94359,0.44907,0.82157,0.94237,0.91432,0.9406,0.64922,1.01925,0.45241,0.83666,0.00820124,0.00273375,0.00820124,0.00273375,0.00820124,0.00273375,0.00820124,0.00273375
526,73454.6,0.93198,0.44491,0.82175,0.94203,0.91394,0.94068,0.64957,1.01897,0.45217,0.8366,0.00814976,0.00271659,0.00814976,0.00271659,0.00814976,0.00271659,0.00814976,0.00271659
527,73596.5,0.93481,0.44184,0.8227,0.94159,0.91375,0.94051,0.64958,1.01897,0.45226,0.83659,0.00809838,0.00269946,0.00809838,0.00269946,0.00809838,0.00269946,0.00809838,0.00269946
528,73728.5,0.93137,0.44206,0.82012,0.94187,0.91391,0.94038,0.64961,1.01886,0.45204,0.83664,0.00804712,0.00268237,0.00804712,0.00268237,0.00804712,0.00268237,0.00804712,0.00268237
529,73862.7,0.93309,0.44453,0.82337,0.94244,0.91463,0.94136,0.64985,1.01917,0.45254,0.83668,0.00799596,0.00266532,0.00799596,0.00266532,0.00799596,0.00266532,0.00799596,0.00266532
530,74000.1,0.93231,0.44094,0.82056,0.94236,0.91419,0.94067,0.64974,1.01924,0.45256,0.83673,0.00794491,0.0026483,0.00794491,0.0026483,0.00794491,0.0026483,0.00794491,0.0026483
531,74138.8,0.92891,0.44106,0.82078,0.94298,0.91402,0.94082,0.6498,1.01916,0.45264,0.83667,0.00789397,0.00263132,0.00789397,0.00263132,0.00789397,0.00263132,0.00789397,0.00263132
532,74272.7,0.92278,0.43935,0.8195,0.94226,0.91409,0.94085,0.64972,1.01844,0.45209,0.83673,0.00784315,0.00261438,0.00784315,0.00261438,0.00784315,0.00261438,0.00784315,0.00261438
533,74406.1,0.92494,0.43987,0.82141,0.94241,0.91385,0.94029,0.6501,1.01802,0.45158,0.83666,0.00779244,0.00259748,0.00779244,0.00259748,0.00779244,0.00259748,0.00779244,0.00259748
534,74544,0.9248,0.43821,0.82165,0.94303,0.91471,0.94159,0.65007,1.01759,0.45098,0.83666,0.00774184,0.00258061,0.00774184,0.00258061,0.00774184,0.00258061,0.00774184,0.00258061
535,74682.1,0.92332,0.4402,0.81957,0.94264,0.91533,0.9418,0.65018,1.01744,0.451,0.83669,0.00769136,0.00256379,0.00769136,0.00256379,0.00769136,0.00256379,0.00769136,0.00256379
536,74815.3,0.92732,0.43958,0.821,0.94178,0.91436,0.9407,0.64997,1.01778,0.45129,0.83667,0.00764099,0.002547,0.00764099,0.002547,0.00764099,0.002547,0.00764099,0.002547
537,74945.9,0.9157,0.43502,0.82153,0.94225,0.91513,0.94128,0.65036,1.01777,0.45084,0.83673,0.00759073,0.00253024,0.00759073,0.00253024,0.00759073,0.00253024,0.00759073,0.00253024
538,75081.5,0.92091,0.43639,0.82103,0.94274,0.91508,0.94155,0.65027,1.01728,0.45019,0.83675,0.0075406,0.00251353,0.0075406,0.00251353,0.0075406,0.00251353,0.0075406,0.00251353
539,75220.5,0.9226,0.43949,0.82055,0.9435,0.91545,0.94194,0.65083,1.01606,0.4502,0.83662,0.00749058,0.00249686,0.00749058,0.00249686,0.00749058,0.00249686,0.00749058,0.00249686
540,75349.5,0.92143,0.43671,0.82065,0.94287,0.91553,0.94166,0.65142,1.01578,0.45031,0.83658,0.00744068,0.00248023,0.00744068,0.00248023,0.00744068,0.00248023,0.00744068,0.00248023
541,75482,0.91482,0.43557,0.82221,0.94292,0.91564,0.94221,0.65164,1.01496,0.44993,0.83656,0.0073909,0.00246363,0.0073909,0.00246363,0.0073909,0.00246363,0.0073909,0.00246363
542,75620.5,0.91885,0.43887,0.81849,0.9426,0.91565,0.94207,0.6521,1.01484,0.45011,0.83658,0.00734123,0.00244708,0.00734123,0.00244708,0.00734123,0.00244708,0.00734123,0.00244708
543,75754.8,0.91352,0.43223,0.81852,0.9429,0.91555,0.94194,0.65158,1.01529,0.4503,0.8366,0.00729169,0.00243056,0.00729169,0.00243056,0.00729169,0.00243056,0.00729169,0.00243056
544,75884.4,0.90697,0.43096,0.82,0.94303,0.91508,0.94177,0.6516,1.01543,0.45027,0.83653,0.00724227,0.00241409,0.00724227,0.00241409,0.00724227,0.00241409,0.00724227,0.00241409
545,76017.6,0.90891,0.43127,0.81902,0.94357,0.91461,0.94164,0.65212,1.01562,0.45005,0.83653,0.00719297,0.00239766,0.00719297,0.00239766,0.00719297,0.00239766,0.00719297,0.00239766
546,76170.2,0.91393,0.43406,0.81846,0.94327,0.91466,0.94166,0.65222,1.01442,0.44955,0.83653,0.0071438,0.00238127,0.0071438,0.00238127,0.0071438,0.00238127,0.0071438,0.00238127
547,76306.1,0.91505,0.43354,0.82011,0.94325,0.91516,0.94158,0.65248,1.01341,0.4492,0.8365,0.00709474,0.00236491,0.00709474,0.00236491,0.00709474,0.00236491,0.00709474,0.00236491
548,76436.2,0.91383,0.43446,0.82078,0.94272,0.91454,0.94159,0.65279,1.01304,0.44863,0.8365,0.00704581,0.0023486,0.00704581,0.0023486,0.00704581,0.0023486,0.00704581,0.0023486
549,76572.2,0.90029,0.42904,0.81696,0.94396,0.91387,0.94155,0.65319,1.01258,0.44812,0.83649,0.00699701,0.00233234,0.00699701,0.00233234,0.00699701,0.00233234,0.00699701,0.00233234
550,76709.7,0.9042,0.42953,0.81878,0.9433,0.91425,0.9414,0.65292,1.01175,0.44774,0.83645,0.00694833,0.00231611,0.00694833,0.00231611,0.00694833,0.00231611,0.00694833,0.00231611
551,76844.3,0.90718,0.42988,0.81888,0.94299,0.91426,0.94121,0.65327,1.01226,0.44808,0.83646,0.00689978,0.00229993,0.00689978,0.00229993,0.00689978,0.00229993,0.00689978,0.00229993
552,76976,0.90283,0.42723,0.81847,0.94382,0.91504,0.942,0.65374,1.01122,0.44786,0.8364,0.00685136,0.00228379,0.00685136,0.00228379,0.00685136,0.00228379,0.00685136,0.00228379
553,77111.3,0.90959,0.42933,0.81767,0.94352,0.91477,0.94197,0.6541,1.01019,0.4471,0.83636,0.00680306,0.00226769,0.00680306,0.00226769,0.00680306,0.00226769,0.00680306,0.00226769
554,77250.1,0.90097,0.42768,0.81713,0.94424,0.91526,0.94219,0.65424,1.01034,0.44712,0.83638,0.00675489,0.00225163,0.00675489,0.00225163,0.00675489,0.00225163,0.00675489,0.00225163
555,77387.4,0.89939,0.4275,0.81719,0.94404,0.91544,0.94215,0.65442,1.00974,0.44673,0.83645,0.00670686,0.00223562,0.00670686,0.00223562,0.00670686,0.00223562,0.00670686,0.00223562
556,77520.5,0.89675,0.42536,0.81985,0.94345,0.91518,0.94179,0.65449,1.01061,0.44648,0.8364,0.00665895,0.00221965,0.00665895,0.00221965,0.00665895,0.00221965,0.00665895,0.00221965
557,77657.5,0.89037,0.42164,0.81539,0.94394,0.91525,0.94189,0.65479,1.01093,0.44685,0.83637,0.00661117,0.00220372,0.00661117,0.00220372,0.00661117,0.00220372,0.00661117,0.00220372
558,77796.5,0.89225,0.423,0.81774,0.94438,0.91527,0.94205,0.65463,1.01158,0.44666,0.83636,0.00656353,0.00218784,0.00656353,0.00218784,0.00656353,0.00218784,0.00656353,0.00218784
559,77931.6,0.89169,0.42469,0.81503,0.94369,0.91532,0.94196,0.6546,1.0112,0.44659,0.8363,0.00651601,0.002172,0.00651601,0.002172,0.00651601,0.002172,0.00651601,0.002172
560,78067.1,0.89221,0.42574,0.81597,0.94474,0.91446,0.94155,0.65436,1.0108,0.44621,0.83629,0.00646863,0.00215621,0.00646863,0.00215621,0.00646863,0.00215621,0.00646863,0.00215621
561,78205.4,0.89878,0.4254,0.81671,0.9448,0.91487,0.94174,0.65422,1.01137,0.44618,0.83635,0.00642139,0.00214046,0.00642139,0.00214046,0.00642139,0.00214046,0.00642139,0.00214046
562,78344.7,0.88866,0.42165,0.81726,0.94565,0.91495,0.94193,0.65472,1.01047,0.44603,0.83626,0.00637428,0.00212476,0.00637428,0.00212476,0.00637428,0.00212476,0.00637428,0.00212476
563,78486.1,0.88993,0.42169,0.81684,0.94612,0.91557,0.94271,0.65448,1.01087,0.44582,0.83631,0.0063273,0.0021091,0.0063273,0.0021091,0.0063273,0.0021091,0.0063273,0.0021091
564,78620.1,0.88142,0.42081,0.81564,0.94455,0.91596,0.94231,0.65454,1.01036,0.44546,0.83636,0.00628046,0.00209349,0.00628046,0.00209349,0.00628046,0.00209349,0.00628046,0.00209349
565,78754.6,0.8825,0.4196,0.81625,0.94582,0.91516,0.94227,0.65432,1.01115,0.44503,0.83635,0.00623376,0.00207792,0.00623376,0.00207792,0.00623376,0.00207792,0.00623376,0.00207792
566,78895,0.88612,0.42159,0.81585,0.94593,0.91525,0.9422,0.65426,1.01066,0.44496,0.83633,0.00618719,0.0020624,0.00618719,0.0020624,0.00618719,0.0020624,0.00618719,0.0020624
567,79035,0.88743,0.42311,0.81421,0.94513,0.91563,0.94227,0.65444,1.01034,0.44516,0.83631,0.00614077,0.00204692,0.00614077,0.00204692,0.00614077,0.00204692,0.00614077,0.00204692
568,79169.5,0.88799,0.42304,0.81495,0.94615,0.91531,0.94234,0.65435,1.01008,0.44482,0.83626,0.00609448,0.00203149,0.00609448,0.00203149,0.00609448,0.00203149,0.00609448,0.00203149
569,79306.3,0.89118,0.42203,0.81701,0.94632,0.91578,0.9425,0.65424,1.00996,0.44502,0.83619,0.00604833,0.00201611,0.00604833,0.00201611,0.00604833,0.00201611,0.00604833,0.00201611
570,79444.3,0.87547,0.41834,0.81461,0.9457,0.91584,0.94239,0.65405,1.01083,0.44492,0.83618,0.00600232,0.00200077,0.00600232,0.00200077,0.00600232,0.00200077,0.00600232,0.00200077
571,79583.7,0.877,0.41639,0.81436,0.9451,0.91583,0.9423,0.65398,1.01072,0.44412,0.83616,0.00595645,0.00198548,0.00595645,0.00198548,0.00595645,0.00198548,0.00595645,0.00198548
572,79718.8,0.87862,0.41707,0.81549,0.94443,0.91523,0.94232,0.65397,1.01126,0.44434,0.83619,0.00591073,0.00197024,0.00591073,0.00197024,0.00591073,0.00197024,0.00591073,0.00197024
573,79858.2,0.87502,0.41839,0.81504,0.94533,0.91591,0.94306,0.65401,1.01116,0.4439,0.83616,0.00586515,0.00195505,0.00586515,0.00195505,0.00586515,0.00195505,0.00586515,0.00195505
574,79996.9,0.87556,0.41491,0.81415,0.94519,0.9162,0.94268,0.65428,1.01081,0.44366,0.83617,0.00581971,0.0019399,0.00581971,0.0019399,0.00581971,0.0019399,0.00581971,0.0019399
575,80137.8,0.87461,0.41686,0.81629,0.94581,0.91651,0.94324,0.65506,1.00992,0.44333,0.83609,0.00577441,0.0019248,0.00577441,0.0019248,0.00577441,0.0019248,0.00577441,0.0019248
576,80275.7,0.87792,0.41589,0.81439,0.94615,0.91568,0.94276,0.65493,1.00929,0.44329,0.83598,0.00572926,0.00190975,0.00572926,0.00190975,0.00572926,0.00190975,0.00572926,0.00190975
577,80414.5,0.87609,0.41768,0.8132,0.94522,0.91493,0.94186,0.65532,1.00915,0.44299,0.83594,0.00568425,0.00189475,0.00568425,0.00189475,0.00568425,0.00189475,0.00568425,0.00189475
578,80551.6,0.87082,0.4148,0.81518,0.94516,0.91511,0.94235,0.65524,1.00902,0.44289,0.83605,0.00563939,0.0018798,0.00563939,0.0018798,0.00563939,0.0018798,0.00563939,0.0018798
579,80692.5,0.8691,0.41217,0.81131,0.94599,0.91435,0.9424,0.6552,1.00902,0.44279,0.83612,0.00559468,0.00186489,0.00559468,0.00186489,0.00559468,0.00186489,0.00559468,0.00186489
580,80830.5,0.86672,0.41125,0.81424,0.94524,0.91376,0.94134,0.65518,1.00897,0.44252,0.83613,0.00555011,0.00185004,0.00555011,0.00185004,0.00555011,0.00185004,0.00555011,0.00185004
581,80969.5,0.86456,0.41043,0.81223,0.94605,0.91429,0.94237,0.65503,1.00889,0.44241,0.83606,0.0055057,0.00183523,0.0055057,0.00183523,0.0055057,0.00183523,0.0055057,0.00183523
582,81110.2,0.86456,0.4098,0.81167,0.94568,0.91401,0.94245,0.65507,1.0087,0.44181,0.83611,0.00546143,0.00182048,0.00546143,0.00182048,0.00546143,0.00182048,0.00546143,0.00182048
583,81248.2,0.85657,0.40979,0.81314,0.9461,0.91401,0.94257,0.6551,1.00824,0.44175,0.83601,0.00541731,0.00180577,0.00541731,0.00180577,0.00541731,0.00180577,0.00541731,0.00180577
584,81389,0.86469,0.41154,0.8121,0.94693,0.91436,0.94231,0.65528,1.00822,0.44155,0.83599,0.00537334,0.00179111,0.00537334,0.00179111,0.00537334,0.00179111,0.00537334,0.00179111
585,81525.5,0.86326,0.40913,0.81303,0.94672,0.91472,0.94271,0.6551,1.00856,0.44097,0.83608,0.00532952,0.00177651,0.00532952,0.00177651,0.00532952,0.00177651,0.00532952,0.00177651
586,81666,0.85611,0.40771,0.81533,0.94656,0.91444,0.94223,0.65496,1.00896,0.44097,0.83608,0.00528585,0.00176195,0.00528585,0.00176195,0.00528585,0.00176195,0.00528585,0.00176195
587,81802.8,0.86203,0.4089,0.81098,0.94614,0.91482,0.94254,0.65554,1.00901,0.44126,0.83606,0.00524234,0.00174745,0.00524234,0.00174745,0.00524234,0.00174745,0.00524234,0.00174745
588,81946.9,0.85872,0.40783,0.81233,0.94637,0.91523,0.94298,0.65565,1.00917,0.44157,0.83609,0.00519897,0.00173299,0.00519897,0.00173299,0.00519897,0.00173299,0.00519897,0.00173299
589,82088.1,0.85346,0.40948,0.81227,0.9469,0.91536,0.94336,0.65595,1.00878,0.44139,0.8361,0.00515576,0.00171859,0.00515576,0.00171859,0.00515576,0.00171859,0.00515576,0.00171859
590,82226.6,0.85794,0.40697,0.80968,0.94723,0.91472,0.94315,0.65594,1.00915,0.44145,0.83611,0.00511271,0.00170424,0.00511271,0.00170424,0.00511271,0.00170424,0.00511271,0.00170424
591,82367.8,0.84995,0.40414,0.8089,0.94741,0.91591,0.94343,0.65555,1.00945,0.44205,0.83616,0.00506981,0.00168994,0.00506981,0.00168994,0.00506981,0.00168994,0.00506981,0.00168994
592,82507.8,0.8489,0.40447,0.81233,0.94648,0.91588,0.94336,0.65531,1.00977,0.4422,0.83611,0.00502706,0.00167569,0.00502706,0.00167569,0.00502706,0.00167569,0.00502706,0.00167569
593,82650.5,0.84954,0.40358,0.81356,0.94586,0.91534,0.94264,0.65554,1.0103,0.44222,0.83616,0.00498448,0.00166149,0.00498448,0.00166149,0.00498448,0.00166149,0.00498448,0.00166149
594,82791.2,0.85126,0.40413,0.81108,0.94598,0.9152,0.9425,0.65529,1.01043,0.44237,0.83621,0.00494204,0.00164735,0.00494204,0.00164735,0.00494204,0.00164735,0.00494204,0.00164735
595,82932.8,0.85124,0.40561,0.81162,0.94548,0.91458,0.94231,0.65525,1.01102,0.44203,0.83627,0.00489977,0.00163326,0.00489977,0.00163326,0.00489977,0.00163326,0.00489977,0.00163326
596,83074.9,0.85479,0.40756,0.81146,0.94632,0.915,0.94188,0.65511,1.01144,0.44162,0.83628,0.00485765,0.00161922,0.00485765,0.00161922,0.00485765,0.00161922,0.00485765,0.00161922
597,83217.2,0.84679,0.40236,0.81244,0.94631,0.9143,0.94155,0.65427,1.01188,0.44214,0.83632,0.00481569,0.00160523,0.00481569,0.00160523,0.00481569,0.00160523,0.00481569,0.00160523
598,83362,0.84143,0.40347,0.81209,0.94599,0.91426,0.94157,0.655,1.01125,0.4417,0.83632,0.0047739,0.0015913,0.0047739,0.0015913,0.0047739,0.0015913,0.0047739,0.0015913
599,83504.7,0.83877,0.40037,0.81053,0.94571,0.91479,0.94172,0.6546,1.01193,0.4415,0.8363,0.00473226,0.00157742,0.00473226,0.00157742,0.00473226,0.00157742,0.00473226,0.00157742
600,83646.3,0.83999,0.40034,0.80933,0.94588,0.91504,0.94201,0.65459,1.01161,0.44101,0.83633,0.00469078,0.00156359,0.00469078,0.00156359,0.00469078,0.00156359,0.00469078,0.00156359
601,83790.2,0.83966,0.40035,0.81141,0.94627,0.91482,0.94186,0.65452,1.01262,0.44108,0.83637,0.00464946,0.00154982,0.00464946,0.00154982,0.00464946,0.00154982,0.00464946,0.00154982
602,83933.7,0.83807,0.40105,0.81133,0.94584,0.91482,0.94177,0.65453,1.0132,0.44125,0.8364,0.00460831,0.0015361,0.00460831,0.0015361,0.00460831,0.0015361,0.00460831,0.0015361
603,84077.2,0.83539,0.40031,0.80945,0.94585,0.91465,0.94192,0.65455,1.01306,0.44113,0.83643,0.00456732,0.00152244,0.00456732,0.00152244,0.00456732,0.00152244,0.00456732,0.00152244
604,84217.6,0.83327,0.3961,0.80978,0.94563,0.9149,0.9417,0.6548,1.01304,0.44115,0.8364,0.00452649,0.00150883,0.00452649,0.00150883,0.00452649,0.00150883,0.00452649,0.00150883
605,84357.6,0.83913,0.39891,0.80881,0.94574,0.91604,0.94243,0.65559,1.01253,0.44126,0.83635,0.00448582,0.00149527,0.00448582,0.00149527,0.00448582,0.00149527,0.00448582,0.00149527
606,84498.5,0.83112,0.39776,0.80964,0.94666,0.91705,0.94342,0.65556,1.01219,0.44107,0.83631,0.00444532,0.00148177,0.00444532,0.00148177,0.00444532,0.00148177,0.00444532,0.00148177
607,84639.2,0.83694,0.39914,0.80865,0.94631,0.91642,0.94256,0.65601,1.012,0.44086,0.83621,0.00440499,0.00146833,0.00440499,0.00146833,0.00440499,0.00146833,0.00440499,0.00146833
608,84780.9,0.82942,0.39589,0.80907,0.94657,0.9161,0.94256,0.65568,1.01251,0.44076,0.8362,0.00436482,0.00145494,0.00436482,0.00145494,0.00436482,0.00145494,0.00436482,0.00145494
609,84920.2,0.8276,0.39601,0.80813,0.94745,0.91663,0.94308,0.65581,1.01316,0.44083,0.83636,0.00432482,0.00144161,0.00432482,0.00144161,0.00432482,0.00144161,0.00432482,0.00144161
610,85060,0.82726,0.39439,0.80938,0.94665,0.91662,0.94286,0.6556,1.01415,0.44141,0.8364,0.00428498,0.00142833,0.00428498,0.00142833,0.00428498,0.00142833,0.00428498,0.00142833
611,85200,0.83026,0.39576,0.8099,0.94683,0.91661,0.94278,0.65557,1.01463,0.44111,0.83642,0.00424531,0.0014151,0.00424531,0.0014151,0.00424531,0.0014151,0.00424531,0.0014151
612,85342.3,0.82255,0.39498,0.80835,0.94669,0.91673,0.94298,0.65567,1.01425,0.44107,0.8365,0.00420581,0.00140194,0.00420581,0.00140194,0.00420581,0.00140194,0.00420581,0.00140194
613,85485.7,0.82394,0.39267,0.8106,0.94636,0.91661,0.94292,0.65584,1.01436,0.44106,0.83642,0.00416648,0.00138883,0.00416648,0.00138883,0.00416648,0.00138883,0.00416648,0.00138883
614,85624,0.82181,0.39062,0.80995,0.94699,0.91656,0.94266,0.65564,1.01378,0.44061,0.83637,0.00412732,0.00137577,0.00412732,0.00137577,0.00412732,0.00137577,0.00412732,0.00137577
615,85763.3,0.82626,0.39418,0.8089,0.94679,0.91673,0.94282,0.65592,1.01353,0.44061,0.8364,0.00408832,0.00136277,0.00408832,0.00136277,0.00408832,0.00136277,0.00408832,0.00136277
616,85901,0.81935,0.39281,0.80926,0.94812,0.91667,0.94291,0.65582,1.01376,0.44105,0.8364,0.0040495,0.00134983,0.0040495,0.00134983,0.0040495,0.00134983,0.0040495,0.00134983
617,86041.9,0.81509,0.3929,0.80798,0.94773,0.91692,0.94307,0.65599,1.01364,0.44084,0.83642,0.00401085,0.00133695,0.00401085,0.00133695,0.00401085,0.00133695,0.00401085,0.00133695
618,86175,0.82256,0.39304,0.80885,0.94776,0.9168,0.94305,0.65612,1.01352,0.44074,0.83637,0.00397237,0.00132412,0.00397237,0.00132412,0.00397237,0.00132412,0.00397237,0.00132412
619,86316.5,0.81681,0.38917,0.80644,0.94808,0.91675,0.94295,0.65603,1.01362,0.44031,0.83643,0.00393407,0.00131136,0.00393407,0.00131136,0.00393407,0.00131136,0.00393407,0.00131136
620,86459.3,0.82069,0.39363,0.80707,0.94769,0.91656,0.94233,0.65617,1.01329,0.44044,0.83644,0.00389593,0.00129864,0.00389593,0.00129864,0.00389593,0.00129864,0.00389593,0.00129864
621,86600.9,0.81867,0.39055,0.80705,0.94862,0.91708,0.94238,0.65639,1.01241,0.44027,0.83641,0.00385797,0.00128599,0.00385797,0.00128599,0.00385797,0.00128599,0.00385797,0.00128599
622,86746.2,0.81315,0.39047,0.80846,0.94775,0.9171,0.94244,0.65637,1.01237,0.4401,0.8364,0.00382019,0.0012734,0.00382019,0.0012734,0.00382019,0.0012734,0.00382019,0.0012734
623,86886.2,0.8101,0.38971,0.80698,0.94808,0.91742,0.94291,0.65678,1.01187,0.43973,0.83642,0.00378257,0.00126086,0.00378257,0.00126086,0.00378257,0.00126086,0.00378257,0.00126086
624,87034.6,0.80957,0.38941,0.80722,0.94882,0.91735,0.94307,0.65688,1.01207,0.4395,0.8364,0.00374514,0.00124838,0.00374514,0.00124838,0.00374514,0.00124838,0.00374514,0.00124838
625,87175.4,0.80716,0.38569,0.80856,0.94859,0.91787,0.94341,0.65734,1.01202,0.43967,0.8364,0.00370788,0.00123596,0.00370788,0.00123596,0.00370788,0.00123596,0.00370788,0.00123596
626,87313.2,0.8099,0.38473,0.80928,0.9489,0.91759,0.94335,0.65737,1.01134,0.4395,0.83643,0.00367079,0.0012236,0.00367079,0.0012236,0.00367079,0.0012236,0.00367079,0.0012236
627,87451.8,0.8061,0.38617,0.80746,0.94805,0.91767,0.94346,0.65718,1.01121,0.43928,0.83642,0.00363389,0.0012113,0.00363389,0.0012113,0.00363389,0.0012113,0.00363389,0.0012113
628,87589.2,0.80325,0.38402,0.80791,0.94812,0.91777,0.94372,0.65724,1.01125,0.43938,0.83641,0.00359716,0.00119905,0.00359716,0.00119905,0.00359716,0.00119905,0.00359716,0.00119905
629,87728.1,0.79933,0.38531,0.80587,0.94786,0.91744,0.94306,0.65738,1.0113,0.43919,0.83644,0.00356061,0.00118687,0.00356061,0.00118687,0.00356061,0.00118687,0.00356061,0.00118687
630,87866.8,0.80258,0.38577,0.80758,0.94863,0.91793,0.9434,0.6575,1.01137,0.43896,0.83646,0.00352424,0.00117475,0.00352424,0.00117475,0.00352424,0.00117475,0.00352424,0.00117475
631,88005.1,0.79996,0.38256,0.80496,0.94905,0.91839,0.94406,0.65763,1.01178,0.43892,0.8365,0.00348804,0.00116268,0.00348804,0.00116268,0.00348804,0.00116268,0.00348804,0.00116268
632,88141.8,0.80647,0.38462,0.80919,0.94867,0.91784,0.94413,0.65759,1.01133,0.43888,0.83649,0.00345203,0.00115068,0.00345203,0.00115068,0.00345203,0.00115068,0.00345203,0.00115068
633,88286.3,0.80341,0.38349,0.80616,0.94861,0.91777,0.94413,0.65831,1.01109,0.43856,0.83652,0.0034162,0.00113873,0.0034162,0.00113873,0.0034162,0.00113873,0.0034162,0.00113873
634,88425.5,0.79602,0.38137,0.80523,0.94956,0.91884,0.94511,0.65802,1.01142,0.43851,0.83655,0.00338055,0.00112685,0.00338055,0.00112685,0.00338055,0.00112685,0.00338055,0.00112685
635,88561.7,0.7956,0.38198,0.80708,0.94978,0.91829,0.94459,0.65796,1.01081,0.43825,0.83646,0.00334508,0.00111503,0.00334508,0.00111503,0.00334508,0.00111503,0.00334508,0.00111503
636,88698.7,0.79562,0.38083,0.80718,0.95034,0.91886,0.94545,0.65827,1.0101,0.4383,0.83649,0.00330979,0.00110326,0.00330979,0.00110326,0.00330979,0.00110326,0.00330979,0.00110326
637,88837.2,0.79161,0.37987,0.80547,0.95027,0.91849,0.94491,0.65859,1.00964,0.43811,0.8365,0.00327468,0.00109156,0.00327468,0.00109156,0.00327468,0.00109156,0.00327468,0.00109156
638,88976.2,0.7973,0.38236,0.80251,0.95002,0.91843,0.94498,0.65866,1.00912,0.43793,0.83643,0.00323976,0.00107992,0.00323976,0.00107992,0.00323976,0.00107992,0.00323976,0.00107992
639,89111.3,0.78772,0.37819,0.80341,0.95005,0.91859,0.94545,0.6591,1.00868,0.43809,0.83635,0.00320502,0.00106834,0.00320502,0.00106834,0.00320502,0.00106834,0.00320502,0.00106834
640,89245.1,0.79183,0.37748,0.80413,0.94942,0.91814,0.94502,0.65892,1.00816,0.4377,0.83634,0.00317047,0.00105682,0.00317047,0.00105682,0.00317047,0.00105682,0.00317047,0.00105682
641,89382.4,0.79046,0.37768,0.80591,0.9498,0.91887,0.94519,0.65925,1.00841,0.43754,0.83648,0.0031361,0.00104537,0.0031361,0.00104537,0.0031361,0.00104537,0.0031361,0.00104537
642,89521.3,0.78343,0.37535,0.80464,0.94965,0.91867,0.9452,0.65904,1.0082,0.43749,0.83642,0.00310191,0.00103397,0.00310191,0.00103397,0.00310191,0.00103397,0.00310191,0.00103397
643,89654.9,0.78211,0.37834,0.80293,0.9499,0.91919,0.94534,0.65927,1.00897,0.43719,0.83646,0.00306791,0.00102264,0.00306791,0.00102264,0.00306791,0.00102264,0.00306791,0.00102264
644,89789.3,0.78547,0.3785,0.80509,0.94942,0.91875,0.94521,0.65892,1.00846,0.43705,0.8365,0.0030341,0.00101137,0.0030341,0.00101137,0.0030341,0.00101137,0.0030341,0.00101137
645,89924.5,0.78525,0.37627,0.80311,0.94962,0.91858,0.9451,0.65889,1.0085,0.43727,0.83651,0.00300048,0.00100016,0.00300048,0.00100016,0.00300048,0.00100016,0.00300048,0.00100016
646,90059.8,0.77883,0.37577,0.8044,0.94874,0.91863,0.94459,0.65882,1.00862,0.43706,0.83655,0.00296704,0.000989013,0.00296704,0.000989013,0.00296704,0.000989013,0.00296704,0.000989013
647,90194.2,0.78404,0.3761,0.80423,0.94771,0.91852,0.94453,0.65878,1.00851,0.43702,0.83662,0.00293379,0.000977929,0.00293379,0.000977929,0.00293379,0.000977929,0.00293379,0.000977929
648,90328.7,0.77759,0.37358,0.80557,0.94732,0.91846,0.94456,0.65897,1.00882,0.43698,0.83665,0.00290073,0.000966909,0.00290073,0.000966909,0.00290073,0.000966909,0.00290073,0.000966909
649,90463.2,0.77685,0.37341,0.80589,0.94815,0.91867,0.94476,0.65885,1.00886,0.43722,0.83663,0.00286785,0.000955951,0.00286785,0.000955951,0.00286785,0.000955951,0.00286785,0.000955951
650,90598,0.77386,0.37117,0.80317,0.94803,0.91841,0.94458,0.65906,1.00956,0.43758,0.83665,0.00283517,0.000945057,0.00283517,0.000945057,0.00283517,0.000945057,0.00283517,0.000945057
651,90732.9,0.77652,0.37384,0.80357,0.94747,0.91833,0.94456,0.65907,1.00956,0.43734,0.83663,0.00280268,0.000934225,0.00280268,0.000934225,0.00280268,0.000934225,0.00280268,0.000934225
652,90866.6,0.76922,0.36941,0.80401,0.94674,0.91843,0.94458,0.65911,1.00997,0.43764,0.83668,0.00277037,0.000923458,0.00277037,0.000923458,0.00277037,0.000923458,0.00277037,0.000923458
653,91002.8,0.77491,0.37017,0.80477,0.94765,0.91893,0.94534,0.6591,1.01079,0.43779,0.83669,0.00273826,0.000912754,0.00273826,0.000912754,0.00273826,0.000912754,0.00273826,0.000912754
654,91136.6,0.77153,0.37431,0.80483,0.94724,0.91877,0.94563,0.65896,1.01103,0.43749,0.83666,0.00270634,0.000902113,0.00270634,0.000902113,0.00270634,0.000902113,0.00270634,0.000902113
655,91271.3,0.76744,0.36735,0.80438,0.94719,0.91934,0.94558,0.65894,1.01099,0.4381,0.83666,0.00267461,0.000891537,0.00267461,0.000891537,0.00267461,0.000891537,0.00267461,0.000891537
656,91405.8,0.77706,0.3709,0.80238,0.94757,0.9192,0.9457,0.65897,1.01107,0.43768,0.83675,0.00264307,0.000881025,0.00264307,0.000881025,0.00264307,0.000881025,0.00264307,0.000881025
657,91540,0.76922,0.37001,0.80081,0.94961,0.91832,0.94575,0.65932,1.01137,0.43765,0.83685,0.00261173,0.000870577,0.00261173,0.000870577,0.00261173,0.000870577,0.00261173,0.000870577
658,91675.5,0.76599,0.367,0.8024,0.94822,0.91932,0.94602,0.65929,1.01126,0.43765,0.8368,0.00258058,0.000860193,0.00258058,0.000860193,0.00258058,0.000860193,0.00258058,0.000860193
659,91810,0.77207,0.36998,0.80465,0.94927,0.92026,0.94644,0.65913,1.01113,0.43758,0.83681,0.00254962,0.000849874,0.00254962,0.000849874,0.00254962,0.000849874,0.00254962,0.000849874
660,91943.9,0.75966,0.36674,0.80227,0.9487,0.91957,0.94613,0.65937,1.01073,0.43763,0.83679,0.00251886,0.00083962,0.00251886,0.00083962,0.00251886,0.00083962,0.00251886,0.00083962
661,92077.1,0.76633,0.36717,0.80193,0.94842,0.9192,0.94593,0.65901,1.01124,0.43765,0.83685,0.00248829,0.000829431,0.00248829,0.000829431,0.00248829,0.000829431,0.00248829,0.000829431
662,92211.2,0.76551,0.36831,0.80139,0.94897,0.91953,0.94664,0.65901,1.01117,0.43768,0.83685,0.00245792,0.000819307,0.00245792,0.000819307,0.00245792,0.000819307,0.00245792,0.000819307
663,92345,0.76069,0.36546,0.80183,0.94824,0.9192,0.94612,0.6588,1.01109,0.43743,0.83689,0.00242774,0.000809248,0.00242774,0.000809248,0.00242774,0.000809248,0.00242774,0.000809248
664,92479,0.76016,0.36636,0.80157,0.94794,0.91917,0.94586,0.65886,1.01134,0.43738,0.83692,0.00239776,0.000799255,0.00239776,0.000799255,0.00239776,0.000799255,0.00239776,0.000799255
665,92613.5,0.7597,0.36508,0.80166,0.94773,0.91975,0.94625,0.65933,1.01132,0.43779,0.83692,0.00236798,0.000789327,0.00236798,0.000789327,0.00236798,0.000789327,0.00236798,0.000789327
666,92747.5,0.75758,0.36396,0.80225,0.94731,0.91969,0.94597,0.65955,1.01103,0.43771,0.83696,0.00233839,0.000779465,0.00233839,0.000779465,0.00233839,0.000779465,0.00233839,0.000779465
667,92879.1,0.76005,0.36393,0.8017,0.9473,0.91964,0.94613,0.65947,1.01169,0.43783,0.837,0.00230901,0.000769668,0.00230901,0.000769668,0.00230901,0.000769668,0.00230901,0.000769668
668,93009.6,0.75772,0.36487,0.80202,0.94713,0.92014,0.94651,0.65945,1.01174,0.4376,0.83696,0.00227981,0.000759938,0.00227981,0.000759938,0.00227981,0.000759938,0.00227981,0.000759938
669,93141.7,0.75367,0.36308,0.80308,0.94763,0.92046,0.94649,0.65991,1.01131,0.43756,0.83696,0.00225082,0.000750274,0.00225082,0.000750274,0.00225082,0.000750274,0.00225082,0.000750274
670,93276.5,0.75451,0.36198,0.80132,0.94751,0.92022,0.9466,0.65972,1.01196,0.43747,0.83702,0.00222203,0.000740676,0.00222203,0.000740676,0.00222203,0.000740676,0.00222203,0.000740676
671,93411,0.75518,0.36305,0.80011,0.94734,0.91982,0.9464,0.6597,1.01193,0.43734,0.83707,0.00219343,0.000731145,0.00219343,0.000731145,0.00219343,0.000731145,0.00219343,0.000731145
672,93543.3,0.75499,0.36355,0.80218,0.94758,0.9203,0.94702,0.65997,1.0115,0.43747,0.83704,0.00216504,0.00072168,0.00216504,0.00072168,0.00216504,0.00072168,0.00216504,0.00072168
673,93677.4,0.74937,0.36319,0.80021,0.94759,0.92032,0.94694,0.66005,1.01054,0.43725,0.83707,0.00213685,0.000712282,0.00213685,0.000712282,0.00213685,0.000712282,0.00213685,0.000712282
674,93816.6,0.75149,0.36149,0.80029,0.94795,0.91998,0.94697,0.65983,1.01077,0.437,0.83712,0.00210885,0.000702951,0.00210885,0.000702951,0.00210885,0.000702951,0.00210885,0.000702951
675,93953.1,0.74985,0.36042,0.7994,0.94694,0.91921,0.94619,0.65987,1.01084,0.43709,0.83712,0.00208106,0.000693687,0.00208106,0.000693687,0.00208106,0.000693687,0.00208106,0.000693687
676,94085,0.74391,0.35934,0.80245,0.94725,0.91941,0.94634,0.65971,1.01083,0.43706,0.8371,0.00205347,0.00068449,0.00205347,0.00068449,0.00205347,0.00068449,0.00205347,0.00068449
677,94215.6,0.74471,0.3594,0.80225,0.94767,0.91934,0.94631,0.66015,1.01133,0.43692,0.83719,0.00202608,0.00067536,0.00202608,0.00067536,0.00202608,0.00067536,0.00202608,0.00067536
678,94348.9,0.74387,0.35796,0.80029,0.9482,0.91937,0.94622,0.65994,1.01194,0.43766,0.83722,0.00199889,0.000666298,0.00199889,0.000666298,0.00199889,0.000666298,0.00199889,0.000666298
679,94481.6,0.74284,0.35841,0.80106,0.94756,0.91943,0.94599,0.66029,1.01152,0.43732,0.83719,0.00197191,0.000657303,0.00197191,0.000657303,0.00197191,0.000657303,0.00197191,0.000657303
680,94611,0.74882,0.36048,0.80016,0.9471,0.91899,0.94552,0.66015,1.01152,0.43735,0.83717,0.00194513,0.000648377,0.00194513,0.000648377,0.00194513,0.000648377,0.00194513,0.000648377
681,94745,0.73772,0.35633,0.79967,0.94719,0.91918,0.94544,0.66007,1.01103,0.43729,0.83721,0.00191855,0.000639518,0.00191855,0.000639518,0.00191855,0.000639518,0.00191855,0.000639518
682,94881.7,0.74679,0.35857,0.80091,0.94738,0.91932,0.94575,0.65999,1.01117,0.43711,0.83722,0.00189218,0.000630727,0.00189218,0.000630727,0.00189218,0.000630727,0.00189218,0.000630727
683,95013,0.73853,0.35778,0.80129,0.94685,0.91924,0.94555,0.65953,1.01111,0.43719,0.83722,0.00186601,0.000622004,0.00186601,0.000622004,0.00186601,0.000622004,0.00186601,0.000622004
684,95144.8,0.73645,0.35504,0.8019,0.94641,0.91896,0.94537,0.65951,1.01104,0.43739,0.8372,0.00184005,0.00061335,0.00184005,0.00061335,0.00184005,0.00061335,0.00184005,0.00061335
685,95278.6,0.7387,0.35616,0.79878,0.94653,0.91905,0.94552,0.65945,1.01144,0.43752,0.83722,0.00181429,0.000604763,0.00181429,0.000604763,0.00181429,0.000604763,0.00181429,0.000604763
686,95414.7,0.7412,0.35701,0.79812,0.94661,0.91887,0.94569,0.65959,1.01186,0.43727,0.83722,0.00178874,0.000596246,0.00178874,0.000596246,0.00178874,0.000596246,0.00178874,0.000596246
687,95541.1,0.73927,0.35909,0.80147,0.94662,0.91963,0.946,0.65948,1.012,0.43711,0.83723,0.00176339,0.000587797,0.00176339,0.000587797,0.00176339,0.000587797,0.00176339,0.000587797
688,95671,0.73464,0.35714,0.80135,0.94615,0.91921,0.94574,0.65931,1.01197,0.43732,0.83722,0.00173825,0.000579417,0.00173825,0.000579417,0.00173825,0.000579417,0.00173825,0.000579417
689,95805.5,0.73838,0.35398,0.79998,0.94638,0.91895,0.94565,0.65936,1.01222,0.43712,0.83715,0.00171332,0.000571106,0.00171332,0.000571106,0.00171332,0.000571106,0.00171332,0.000571106
690,95940,0.73717,0.35411,0.80057,0.94659,0.91919,0.94589,0.6593,1.01218,0.43717,0.83719,0.00168859,0.000562864,0.00168859,0.000562864,0.00168859,0.000562864,0.00168859,0.000562864
691,96070.4,0.73456,0.35512,0.79831,0.94712,0.9196,0.9463,0.65944,1.01252,0.43739,0.83721,0.00166407,0.000554691,0.00166407,0.000554691,0.00166407,0.000554691,0.00166407,0.000554691
692,96204.3,0.73314,0.35018,0.79873,0.94722,0.9193,0.94637,0.65957,1.01263,0.43705,0.83718,0.00163976,0.000546588,0.00163976,0.000546588,0.00163976,0.000546588,0.00163976,0.000546588
693,96341,0.72791,0.35211,0.7991,0.94672,0.91874,0.94587,0.65937,1.01234,0.43663,0.83722,0.00161566,0.000538554,0.00161566,0.000538554,0.00161566,0.000538554,0.00161566,0.000538554
694,96472.2,0.72955,0.35258,0.80216,0.94623,0.91831,0.94551,0.65911,1.01242,0.43653,0.83724,0.00159177,0.000530589,0.00159177,0.000530589,0.00159177,0.000530589,0.00159177,0.000530589
695,96600.6,0.72752,0.3498,0.79748,0.94596,0.9179,0.94499,0.65899,1.01311,0.4364,0.83728,0.00156808,0.000522695,0.00156808,0.000522695,0.00156808,0.000522695,0.00156808,0.000522695
696,96734.8,0.72333,0.35003,0.79831,0.94664,0.91882,0.94575,0.65898,1.01313,0.43654,0.83724,0.00154461,0.00051487,0.00154461,0.00051487,0.00154461,0.00051487,0.00154461,0.00051487
697,96869.5,0.72066,0.35208,0.79909,0.94682,0.91854,0.94555,0.65893,1.01349,0.43635,0.83728,0.00152134,0.000507115,0.00152134,0.000507115,0.00152134,0.000507115,0.00152134,0.000507115
698,96999,0.7241,0.34967,0.79929,0.94684,0.91849,0.94539,0.65897,1.01281,0.43617,0.83727,0.00149829,0.00049943,0.00149829,0.00049943,0.00149829,0.00049943,0.00149829,0.00049943
699,97131.6,0.72313,0.34883,0.79743,0.94699,0.91866,0.9457,0.6591,1.01275,0.43609,0.8373,0.00147544,0.000491815,0.00147544,0.000491815,0.00147544,0.000491815,0.00147544,0.000491815
700,97269.3,0.72339,0.34841,0.79741,0.94705,0.91849,0.94575,0.65895,1.01211,0.43631,0.83724,0.00145281,0.00048427,0.00145281,0.00048427,0.00145281,0.00048427,0.00145281,0.00048427
701,97402.8,0.71881,0.34763,0.79849,0.9473,0.91844,0.94589,0.65905,1.01252,0.43617,0.83725,0.00143039,0.000476796,0.00143039,0.000476796,0.00143039,0.000476796,0.00143039,0.000476796
702,97508.2,0.7178,0.34808,0.79978,0.94784,0.91919,0.94661,0.65917,1.01242,0.43624,0.83729,0.00140818,0.000469393,0.00140818,0.000469393,0.00140818,0.000469393,0.00140818,0.000469393
703,97640.1,0.72044,0.3486,0.80041,0.94745,0.91851,0.94595,0.65928,1.01269,0.43628,0.8373,0.00138618,0.00046206,0.00138618,0.00046206,0.00138618,0.00046206,0.00138618,0.00046206
704,97782.7,0.72346,0.34898,0.79796,0.94776,0.91887,0.94637,0.65925,1.0121,0.43614,0.83735,0.00136439,0.000454798,0.00136439,0.000454798,0.00136439,0.000454798,0.00136439,0.000454798
705,97916.7,0.71566,0.34522,0.79923,0.94804,0.91848,0.9464,0.65859,1.01252,0.43651,0.83739,0.00134282,0.000447606,0.00134282,0.000447606,0.00134282,0.000447606,0.00134282,0.000447606
706,98046,0.71625,0.34554,0.79873,0.94763,0.91856,0.94593,0.65849,1.01296,0.43603,0.83745,0.00132146,0.000440486,0.00132146,0.000440486,0.00132146,0.000440486,0.00132146,0.000440486
707,98176.6,0.71718,0.34745,0.79617,0.94822,0.91802,0.94595,0.65863,1.01283,0.43618,0.83748,0.00130031,0.000433437,0.00130031,0.000433437,0.00130031,0.000433437,0.00130031,0.000433437
708,98316.6,0.71425,0.34637,0.7971,0.94821,0.91799,0.94558,0.65849,1.01265,0.43619,0.83751,0.00127938,0.000426459,0.00127938,0.000426459,0.00127938,0.000426459,0.00127938,0.000426459
709,98454.1,0.7162,0.34601,0.79863,0.94815,0.91806,0.94529,0.65838,1.01216,0.43617,0.8375,0.00125866,0.000419552,0.00125866,0.000419552,0.00125866,0.000419552,0.00125866,0.000419552
710,98589.8,0.71655,0.34555,0.79724,0.94816,0.9182,0.94573,0.65885,1.01193,0.4359,0.83748,0.00123815,0.000412717,0.00123815,0.000412717,0.00123815,0.000412717,0.00123815,0.000412717
711,98717.7,0.71595,0.34605,0.79817,0.94853,0.91886,0.94572,0.65895,1.01204,0.43584,0.83751,0.00121786,0.000405953,0.00121786,0.000405953,0.00121786,0.000405953,0.00121786,0.000405953
712,98856.2,0.71478,0.34558,0.80041,0.94832,0.91895,0.9457,0.65883,1.01242,0.43581,0.83765,0.00119778,0.000399261,0.00119778,0.000399261,0.00119778,0.000399261,0.00119778,0.000399261
713,98998.5,0.71549,0.34541,0.79929,0.94874,0.91916,0.94549,0.65875,1.012,0.43579,0.83768,0.00117792,0.00039264,0.00117792,0.00039264,0.00117792,0.00039264,0.00117792,0.00039264
714,99130.9,0.71112,0.34594,0.7962,0.94813,0.91916,0.94538,0.65888,1.012,0.43564,0.83767,0.00115827,0.000386092,0.00115827,0.000386092,0.00115827,0.000386092,0.00115827,0.000386092
715,99257.5,0.70729,0.34189,0.79732,0.94843,0.91939,0.94554,0.65879,1.0115,0.43586,0.83769,0.00113884,0.000379615,0.00113884,0.000379615,0.00113884,0.000379615,0.00113884,0.000379615
716,99392.5,0.70915,0.34112,0.79759,0.94792,0.91875,0.94488,0.65891,1.01166,0.43564,0.83769,0.00111963,0.00037321,0.00111963,0.00037321,0.00111963,0.00037321,0.00111963,0.00037321
717,99533.3,0.7092,0.34319,0.79568,0.94794,0.91933,0.9448,0.65875,1.01121,0.4356,0.83772,0.00110063,0.000366877,0.00110063,0.000366877,0.00110063,0.000366877,0.00110063,0.000366877
718,99669.6,0.70504,0.3416,0.79701,0.94797,0.91924,0.94506,0.65894,1.01144,0.43562,0.83779,0.00108185,0.000360617,0.00108185,0.000360617,0.00108185,0.000360617,0.00108185,0.000360617
719,99802.8,0.70136,0.33972,0.79749,0.94852,0.91971,0.94493,0.65916,1.01108,0.43507,0.83779,0.00106329,0.000354429,0.00106329,0.000354429,0.00106329,0.000354429,0.00106329,0.000354429
720,99933.8,0.70697,0.34305,0.79672,0.94828,0.91974,0.94519,0.65941,1.01114,0.4351,0.83777,0.00104494,0.000348313,0.00104494,0.000348313,0.00104494,0.000348313,0.00104494,0.000348313
721,100074,0.70685,0.34409,0.79856,0.94743,0.91941,0.94476,0.65922,1.01129,0.43526,0.83785,0.00102681,0.00034227,0.00102681,0.00034227,0.00102681,0.00034227,0.00102681,0.00034227
722,100213,0.70011,0.34027,0.79601,0.94655,0.92001,0.94465,0.65932,1.01142,0.43504,0.83787,0.0010089,0.0003363,0.0010089,0.0003363,0.0010089,0.0003363,0.0010089,0.0003363
723,100347,0.70728,0.34273,0.79636,0.94709,0.92039,0.94492,0.65936,1.01111,0.43498,0.8379,0.000991206,0.000330402,0.000991206,0.000330402,0.000991206,0.000330402,0.000991206,0.000330402
724,100480,0.70217,0.34006,0.79737,0.94718,0.92072,0.94529,0.65964,1.01109,0.43488,0.83793,0.00097373,0.000324577,0.00097373,0.000324577,0.00097373,0.000324577,0.00097373,0.000324577
725,100623,0.70501,0.33944,0.7961,0.94722,0.92039,0.945,0.6595,1.01053,0.43476,0.83783,0.000956474,0.000318825,0.000956474,0.000318825,0.000956474,0.000318825,0.000956474,0.000318825
726,100765,0.70155,0.33968,0.7974,0.94795,0.921,0.94554,0.65971,1.01025,0.43467,0.83792,0.000939436,0.000313145,0.000939436,0.000313145,0.000939436,0.000313145,0.000939436,0.000313145
727,100905,0.70323,0.33864,0.7969,0.94717,0.92058,0.94502,0.65994,1.00974,0.43467,0.83794,0.000922617,0.000307539,0.000922617,0.000307539,0.000922617,0.000307539,0.000922617,0.000307539
728,101036,0.70204,0.34018,0.7947,0.94746,0.92062,0.94532,0.6599,1.00967,0.43464,0.83799,0.000906018,0.000302006,0.000906018,0.000302006,0.000906018,0.000302006,0.000906018,0.000302006
729,101170,0.6983,0.33979,0.79634,0.94684,0.92091,0.94541,0.66001,1.00971,0.4344,0.83808,0.000889639,0.000296546,0.000889639,0.000296546,0.000889639,0.000296546,0.000889639,0.000296546
730,101310,0.69854,0.3389,0.79418,0.9469,0.92146,0.9454,0.65991,1.00907,0.43428,0.83804,0.000873479,0.00029116,0.000873479,0.00029116,0.000873479,0.00029116,0.000873479,0.00029116
731,101449,0.69902,0.33798,0.79513,0.94812,0.92119,0.94546,0.65955,1.00902,0.43442,0.83805,0.00085754,0.000285847,0.00085754,0.000285847,0.00085754,0.000285847,0.00085754,0.000285847
732,101582,0.69313,0.33537,0.79652,0.94801,0.92024,0.94487,0.65966,1.00894,0.43411,0.83805,0.000841821,0.000280607,0.000841821,0.000280607,0.000841821,0.000280607,0.000841821,0.000280607
733,101712,0.69915,0.33684,0.79736,0.94698,0.92097,0.94524,0.6596,1.00904,0.43404,0.83806,0.000826322,0.000275441,0.000826322,0.000275441,0.000826322,0.000275441,0.000826322,0.000275441
734,101850,0.69412,0.33587,0.79676,0.94755,0.9208,0.94512,0.65965,1.00862,0.43404,0.83811,0.000811045,0.000270348,0.000811045,0.000270348,0.000811045,0.000270348,0.000811045,0.000270348
735,101988,0.69907,0.33801,0.79513,0.94709,0.92078,0.94508,0.65937,1.00866,0.43407,0.83812,0.000795988,0.000265329,0.000795988,0.000265329,0.000795988,0.000265329,0.000795988,0.000265329
736,102122,0.69244,0.33773,0.79715,0.94682,0.92044,0.94482,0.6592,1.00864,0.43414,0.8382,0.000781153,0.000260384,0.000781153,0.000260384,0.000781153,0.000260384,0.000781153,0.000260384
737,102254,0.69419,0.33724,0.79542,0.94729,0.9202,0.94547,0.65906,1.00887,0.43456,0.83816,0.00076654,0.000255513,0.00076654,0.000255513,0.00076654,0.000255513,0.00076654,0.000255513
738,102392,0.69025,0.33553,0.79597,0.94667,0.91987,0.94498,0.65927,1.00887,0.43415,0.83825,0.000752148,0.000250716,0.000752148,0.000250716,0.000752148,0.000250716,0.000752148,0.000250716
739,102531,0.69556,0.33594,0.7968,0.94701,0.9206,0.94537,0.65887,1.00936,0.43436,0.83826,0.000737979,0.000245993,0.000737979,0.000245993,0.000737979,0.000245993,0.000737979,0.000245993
740,102668,0.69565,0.33763,0.7962,0.94632,0.92008,0.94487,0.65898,1.00926,0.43465,0.83834,0.000724032,0.000241344,0.000724032,0.000241344,0.000724032,0.000241344,0.000724032,0.000241344
741,102800,0.68613,0.3328,0.79681,0.94621,0.91966,0.94512,0.65886,1.00909,0.43416,0.83837,0.000710307,0.000236769,0.000710307,0.000236769,0.000710307,0.000236769,0.000710307,0.000236769
742,102937,0.68592,0.33249,0.79486,0.94622,0.92,0.94501,0.65895,1.00884,0.43417,0.83835,0.000696804,0.000232268,0.000696804,0.000232268,0.000696804,0.000232268,0.000696804,0.000232268
743,103079,0.69281,0.33576,0.7957,0.94624,0.9199,0.94523,0.65863,1.00905,0.4346,0.83842,0.000683525,0.000227842,0.000683525,0.000227842,0.000683525,0.000227842,0.000683525,0.000227842
744,103221,0.68951,0.3341,0.79492,0.94582,0.91973,0.94536,0.65902,1.00861,0.43466,0.8384,0.000670469,0.00022349,0.000670469,0.00022349,0.000670469,0.00022349,0.000670469,0.00022349
745,103355,0.68436,0.3322,0.79475,0.94626,0.92005,0.94541,0.65884,1.0085,0.43457,0.83849,0.000657636,0.000219212,0.000657636,0.000219212,0.000657636,0.000219212,0.000657636,0.000219212
746,103487,0.68728,0.33397,0.79431,0.94541,0.92038,0.94548,0.65884,1.0087,0.43491,0.8385,0.000645027,0.000215009,0.000645027,0.000215009,0.000645027,0.000215009,0.000645027,0.000215009
747,103625,0.68792,0.33395,0.79554,0.94612,0.92052,0.9457,0.65905,1.00846,0.43492,0.83851,0.000632641,0.00021088,0.000632641,0.00021088,0.000632641,0.00021088,0.000632641,0.00021088
748,103764,0.68898,0.33426,0.7931,0.94572,0.9202,0.94502,0.65875,1.00873,0.43511,0.83853,0.000620479,0.000206826,0.000620479,0.000206826,0.000620479,0.000206826,0.000620479,0.000206826
749,103896,0.68494,0.33321,0.79462,0.94629,0.92043,0.94561,0.65865,1.00876,0.43505,0.83856,0.000608541,0.000202847,0.000608541,0.000202847,0.000608541,0.000202847,0.000608541,0.000202847
750,104029,0.68177,0.3327,0.79501,0.94557,0.92091,0.94538,0.65874,1.00893,0.43508,0.83855,0.000596828,0.000198943,0.000596828,0.000198943,0.000596828,0.000198943,0.000596828,0.000198943
751,104166,0.68317,0.33052,0.79425,0.94571,0.92047,0.94532,0.65858,1.00901,0.43512,0.83851,0.000585339,0.000195113,0.000585339,0.000195113,0.000585339,0.000195113,0.000585339,0.000195113
752,104306,0.68482,0.33064,0.79528,0.94574,0.92046,0.94511,0.65854,1.00935,0.43506,0.83859,0.000574074,0.000191358,0.000574074,0.000191358,0.000574074,0.000191358,0.000574074,0.000191358
753,104441,0.68336,0.3326,0.79608,0.94557,0.92032,0.94503,0.65823,1.00983,0.4352,0.83861,0.000563034,0.000187678,0.000563034,0.000187678,0.000563034,0.000187678,0.000563034,0.000187678
754,104575,0.68842,0.33304,0.79383,0.94577,0.92046,0.94506,0.65851,1.01004,0.43512,0.8387,0.00055222,0.000184073,0.00055222,0.000184073,0.00055222,0.000184073,0.00055222,0.000184073
755,104712,0.6844,0.3327,0.7954,0.94609,0.9206,0.94504,0.65844,1.01023,0.43532,0.83873,0.00054163,0.000180543,0.00054163,0.000180543,0.00054163,0.000180543,0.00054163,0.000180543
756,104851,0.68544,0.33272,0.7944,0.94613,0.92043,0.94515,0.65813,1.01093,0.43523,0.83879,0.000531265,0.000177088,0.000531265,0.000177088,0.000531265,0.000177088,0.000531265,0.000177088
757,104987,0.68269,0.33082,0.79574,0.94584,0.92033,0.94507,0.65805,1.01169,0.43546,0.83886,0.000521127,0.000173709,0.000521127,0.000173709,0.000521127,0.000173709,0.000521127,0.000173709
758,105122,0.68331,0.33124,0.79435,0.94539,0.92037,0.94504,0.65766,1.01231,0.43561,0.83892,0.000511213,0.000170404,0.000511213,0.000170404,0.000511213,0.000170404,0.000511213,0.000170404
759,105256,0.67827,0.33059,0.79485,0.9459,0.92043,0.94509,0.65818,1.01257,0.43602,0.83895,0.000501526,0.000167175,0.000501526,0.000167175,0.000501526,0.000167175,0.000501526,0.000167175
