epoch,time,train/box_loss,train/cls_loss,train/dfl_loss,train/angle_loss,train/t_rec_loss,train/t_sep_loss,train/reach_match_loss,train/reach_rank_loss,train/task_loss,train/kd_loss,train/s_rec_loss,train/s_sep_loss,train/r_aux_loss,train/u_aux_loss,train/mask_reg_loss,train/recon_task_loss,train/rs_comp_loss,train/r_obb_loss,train/s_repel_loss,train/path_b_loss,train/r_sar_loss,train/dkd_loss,train/proto_cls_loss,train/d_pos_mean,train/d_neg_mean,train/rank_gap_mean,train/r_aux_fg_mean,train/r_aux_bg_mean,train/u_aux_fg_mean,train/u_aux_bg_mean,train/mask_mean,train/mask_std,train/mask_fg_mean,train/mask_bg_mean,metrics/precision(B),metrics/recall(B),metrics/mAP50(B),metrics/mAP50-95(B),val/box_loss,val/cls_loss,val/dfl_loss,val/angle_loss,val/t_rec_loss,val/t_sep_loss,val/reach_match_loss,val/reach_rank_loss,val/task_loss,val/kd_loss,val/s_rec_loss,val/s_sep_loss,val/r_aux_loss,val/u_aux_loss,val/mask_reg_loss,val/recon_task_loss,val/rs_comp_loss,val/r_obb_loss,val/s_repel_loss,val/path_b_loss,val/r_sar_loss,val/dkd_loss,val/proto_cls_loss,val/d_pos_mean,val/d_neg_mean,val/rank_gap_mean,val/r_aux_fg_mean,val/r_aux_bg_mean,val/u_aux_fg_mean,val/u_aux_bg_mean,val/mask_mean,val/mask_std,val/mask_fg_mean,val/mask_bg_mean,phase_stop_fitness,lr/pg0,lr/pg1,lr/pg2,lr/pg3,lr/pg4,lr/pg5,lr/pg6,lr/pg7
1,212.91,2.09928,1.52726,1.13578,0,0,0,0,0,0,1.23025,0.04524,0.00486,0.00042,0,0,0,0,0,0,0,0,0,0,0,0,0,0.55175,0.23997,0,0,0.48405,0.06491,0.47916,0.48405,0.6157,0.55945,0.57037,0.31806,1.88581,1.04518,1.00313,0,0,0,0,0,0,0,0,0,0,0,0,0,0,0,0,0,0,0,0,0,0,0,0,0,0,0,0,0,0,0,0.31806,0.00995652,0.00331884,0.00995652,0.00331884,0.00995652,0.00331884,0.00995652,0.00331884
2,387.163,1.90065,1.19175,1.03921,0,0,0,0,0,0,0.26604,0.02931,0.0023,5e-05,0,0,0,0,0,0,0,0,0,0,0,0,0,0.5222,0.25768,0,0,0.48416,0.06492,0.47866,0.48415,0.60214,0.5511,0.55785,0.29336,1.95801,1.0656,1.02401,0,0,0,0,0,0,0,0,0,0,0,0,0,0,0,0,0,0,0,0,0,0,0,0,0,0,0,0,0,0,0,0.29336,0.0199564,0.00665215,0.0199564,0.00665215,0.0199564,0.00665215,0.0199564,0.00665215
3,550.638,2.02436,1.27371,1.06504,0,0,0,0,0,0,0.21837,0.01621,0.00102,3e-05,0,0,0,0,0,0,0,0,0,0,0,0,0,0.59004,0.28054,0,0,0.48398,0.06485,0.4788,0.48396,0.4966,0.4782,0.46336,0.22362,2.19625,1.38274,1.12298,0,0,0,0,0,0,0,0,0,0,0,0,0,0,0,0,0,0,0,0,0,0,0,0,0,0,0,0,0,0,0,0.22362,0.0299561,0.00998535,0.0299561,0.00998535,0.0299561,0.00998535,0.0299561,0.00998535
4,745.206,2.17395,1.43119,1.1264,0,0,0,0,0,0,0.21481,0.00996,0.00068,0,0,0,0,0,0,0,0,0,0,0,0,0,0,0.5874,0.25435,0,0,0.484,0.06485,0.47979,0.48398,0.48811,0.45662,0.42336,0.19577,2.20335,1.46705,1.10805,0,0,0,0,0,0,0,0,0,0,0,0,0,0,0,0,0,0,0,0,0,0,0,0,0,0,0,0,0,0,0,0.19577,0.029999,0.00999966,0.029999,0.00999966,0.029999,0.00999966,0.029999,0.00999966
5,924.578,2.19605,1.46915,1.12921,0,0,0,0,0,0,0.21072,0.00786,0.00055,0,0,0,0,0,0,0,0,0,0,0,0,0,0,0.59965,0.25142,0,0,0.48404,0.06492,0.47943,0.48402,0.43989,0.4128,0.38864,0.1795,2.30588,1.46605,1.13815,0,0,0,0,0,0,0,0,0,0,0,0,0,0,0,0,0,0,0,0,0,0,0,0,0,0,0,0,0,0,0,0.1795,0.0299982,0.00999939,0.0299982,0.00999939,0.0299982,0.00999939,0.0299982,0.00999939
6,1095.7,2.19726,1.44656,1.1298,0,0,0,0,0,0,0.2049,0.00683,0.00047,0,0,0,0,0,0,0,0,0,0,0,0,0,0,0.62126,0.25151,0,0,0.48408,0.06489,0.47962,0.48406,0.52924,0.44273,0.43902,0.20164,2.20461,1.35648,1.11914,0,0,0,0,0,0,0,0,0,0,0,0,0,0,0,0,0,0,0,0,0,0,0,0,0,0,0,0,0,0,0,0.20164,0.0299971,0.00999905,0.0299971,0.00999905,0.0299971,0.00999905,0.0299971,0.00999905
7,1295.94,2.18478,1.43124,1.12421,0,0,0,0,0,0,0.20626,0.00612,0.00044,2e-05,0,0,0,0,0,0,0,0,0,0,0,0,0,0.66538,0.25032,0,0,0.4841,0.06496,0.47961,0.48407,0.48771,0.41262,0.39746,0.18206,2.3171,1.5195,1.14882,0,0,0,0,0,0,0,0,0,0,0,0,0,0,0,0,0,0,0,0,0,0,0,0,0,0,0,0,0,0,0,0.18206,0.0299959,0.00999863,0.0299959,0.00999863,0.0299959,0.00999863,0.0299959,0.00999863
8,1476.7,2.19203,1.44291,1.12699,0,0,0,0,0,0,0.20291,0.00564,0.00042,5e-05,0,0,0,0,0,0,0,0,0,0,0,0,0,0.76943,0.25902,0,0,0.48394,0.06491,0.47882,0.48391,0.52764,0.46926,0.4719,0.22347,2.14534,1.33422,1.10257,0,0,0,0,0,0,0,0,0,0,0,0,0,0,0,0,0,0,0,0,0,0,0,0,0,0,0,0,0,0,0,0.22347,0.0299944,0.00999813,0.0299944,0.00999813,0.0299944,0.00999813,0.0299944,0.00999813
9,1667.47,2.16867,1.41703,1.12129,0,0,0,0,0,0,0.20111,0.00535,0.0004,0,0,0,0,0,0,0,0,0,0,0,0,0,0,0.72432,0.25746,0,0,0.48413,0.06498,0.47953,0.4841,0.49395,0.429,0.41796,0.20044,2.32073,1.37696,1.13725,0,0,0,0,0,0,0,0,0,0,0,0,0,0,0,0,0,0,0,0,0,0,0,0,0,0,0,0,0,0,0,0.20044,0.0299927,0.00999756,0.0299927,0.00999756,0.0299927,0.00999756,0.0299927,0.00999756
10,1867.48,2.16641,1.41133,1.1123,0,0,0,0,0,0,0.19891,0.00506,0.00037,0,0,0,0,0,0,0,0,0,0,0,0,0,0,0.71549,0.25635,0,0,0.48409,0.06491,0.47937,0.48407,0.52386,0.40628,0.4169,0.20727,2.21973,1.3471,1.1281,0,0,0,0,0,0,0,0,0,0,0,0,0,0,0,0,0,0,0,0,0,0,0,0,0,0,0,0,0,0,0,0.20727,0.0299907,0.00999691,0.0299907,0.00999691,0.0299907,0.00999691,0.0299907,0.00999691
11,2045.24,2.12041,1.38519,1.11414,0,0,0,0,0,0,0.19639,0.00483,0.0003,0,0,0,0,0,0,0,0,0,0,0,0,0,0,0.7742,0.28206,0,0,0.48407,0.06494,0.47908,0.48405,0.49292,0.40511,0.39621,0.18432,2.29333,1.61538,1.14056,0,0,0,0,0,0,0,0,0,0,0,0,0,0,0,0,0,0,0,0,0,0,0,0,0,0,0,0,0,0,0,0.18432,0.0299886,0.00999618,0.0299886,0.00999618,0.0299886,0.00999618,0.0299886,0.00999618
12,2222.64,2.1406,1.38902,1.10876,0,0,0,0,0,0,0.19488,0.00464,0.00025,1e-05,0,0,0,0,0,0,0,0,0,0,0,0,0,0.70952,0.26595,0,0,0.48414,0.06494,0.47756,0.48401,0.48358,0.44176,0.43086,0.20814,2.2546,1.35749,1.12582,0,0,0,0,0,0,0,0,0,0,0,0,0,0,0,0,0,0,0,0,0,0,0,0,0,0,0,0,0,0,0,0.20814,0.0299861,0.00999538,0.0299861,0.00999538,0.0299861,0.00999538,0.0299861,0.00999538
13,2422.77,2.16323,1.40787,1.11389,0,0,0,0,0,0,0.1993,0.00452,0.00028,6e-05,0,0,0,0,0,0,0,0,0,0,0,0,0,0.77534,0.28504,0,0,0.48395,0.06489,0.47932,0.48392,0.49692,0.43748,0.43159,0.221,2.14289,1.35762,1.09634,0,0,0,0,0,0,0,0,0,0,0,0,0,0,0,0,0,0,0,0,0,0,0,0,0,0,0,0,0,0,0,0.221,0.0299835,0.0099945,0.0299835,0.0099945,0.0299835,0.0099945,0.0299835,0.0099945
14,2595.94,2.14017,1.37373,1.10614,0,0,0,0,0,0,0.19473,0.00436,0.0003,0,0,0,0,0,0,0,0,0,0,0,0,0,0,0.90505,0.30028,0,0,0.48419,0.06501,0.47974,0.48417,0.52821,0.43194,0.43985,0.21941,2.17308,1.30221,1.10441,0,0,0,0,0,0,0,0,0,0,0,0,0,0,0,0,0,0,0,0,0,0,0,0,0,0,0,0,0,0,0,0.21941,0.0299807,0.00999355,0.0299807,0.00999355,0.0299807,0.00999355,0.0299807,0.00999355
15,2779.53,2.13024,1.37481,1.10447,0,0,0,0,0,0,0.19513,0.00426,0.00026,0,0,0,0,0,0,0,0,0,0,0,0,0,0,0.79381,0.27888,0,0,0.48399,0.06492,0.47916,0.48397,0.55969,0.48183,0.48307,0.23774,2.11855,1.3144,1.09192,0,0,0,0,0,0,0,0,0,0,0,0,0,0,0,0,0,0,0,0,0,0,0,0,0,0,0,0,0,0,0,0.23774,0.0299776,0.00999252,0.0299776,0.00999252,0.0299776,0.00999252,0.0299776,0.00999252
16,2965.18,2.11464,1.36008,1.09852,0,0,0,0,0,0,0.19347,0.00418,0.00027,2e-05,0,0,0,0,0,0,0,0,0,0,0,0,0,0.77058,0.27597,0,0,0.48405,0.06483,0.47861,0.48405,0.55685,0.49852,0.50673,0.25706,2.03549,1.18482,1.07,0,0,0,0,0,0,0,0,0,0,0,0,0,0,0,0,0,0,0,0,0,0,0,0,0,0,0,0,0,0,0,0.25706,0.0299742,0.00999141,0.0299742,0.00999141,0.0299742,0.00999141,0.0299742,0.00999141
17,3137.21,2.13361,1.37554,1.09968,0,0,0,0,0,0,0.19269,0.0041,0.00022,0,0,0,0,0,0,0,0,0,0,0,0,0,0,0.82981,0.28112,0,0,0.48409,0.06501,0.47939,0.48407,0.58077,0.50474,0.5144,0.26675,2.04429,1.27107,1.05643,0,0,0,0,0,0,0,0,0,0,0,0,0,0,0,0,0,0,0,0,0,0,0,0,0,0,0,0,0,0,0,0.26675,0.0299707,0.00999023,0.0299707,0.00999023,0.0299707,0.00999023,0.0299707,0.00999023
18,3324.93,2.12438,1.3529,1.08913,0,0,0,0,0,0,0.19185,0.00402,0.00025,0,0,0,0,0,0,0,0,0,0,0,0,0,0,0.89472,0.32427,0,0,0.48412,0.06501,0.47904,0.4841,0.53945,0.50658,0.49355,0.24797,2.04819,1.23021,1.07076,0,0,0,0,0,0,0,0,0,0,0,0,0,0,0,0,0,0,0,0,0,0,0,0,0,0,0,0,0,0,0,0.24797,0.0299669,0.00998897,0.0299669,0.00998897,0.0299669,0.00998897,0.0299669,0.00998897
19,3516.76,2.10101,1.34231,1.09423,0,0,0,0,0,0,0.19188,0.00389,0.00021,0,0,0,0,0,0,0,0,0,0,0,0,0,0,0.82754,0.29844,0,0,0.48412,0.06493,0.47925,0.48412,0.54643,0.49906,0.4957,0.25375,2.12827,1.21928,1.08653,0,0,0,0,0,0,0,0,0,0,0,0,0,0,0,0,0,0,0,0,0,0,0,0,0,0,0,0,0,0,0,0.25375,0.0299629,0.00998764,0.0299629,0.00998764,0.0299629,0.00998764,0.0299629,0.00998764
20,3694.1,2.09935,1.33947,1.09618,0,0,0,0,0,0,0.1902,0.00385,0.00023,0,0,0,0,0,0,0,0,0,0,0,0,0,0,0.76936,0.29469,0,0,0.48414,0.06492,0.47912,0.48412,0.50657,0.47493,0.47136,0.23813,2.14235,1.25164,1.09651,0,0,0,0,0,0,0,0,0,0,0,0,0,0,0,0,0,0,0,0,0,0,0,0,0,0,0,0,0,0,0,0.23813,0.0299587,0.00998623,0.0299587,0.00998623,0.0299587,0.00998623,0.0299587,0.00998623
21,3881.14,2.07898,1.32585,1.09018,0,0,0,0,0,0,0.1899,0.00377,0.00022,0,0,0,0,0,0,0,0,0,0,0,0,0,0,0.83213,0.31287,0,0,0.48405,0.06488,0.47898,0.48404,0.59807,0.50195,0.52016,0.27204,2.02086,1.18154,1.06498,0,0,0,0,0,0,0,0,0,0,0,0,0,0,0,0,0,0,0,0,0,0,0,0,0,0,0,0,0,0,0,0.27204,0.0299542,0.00998474,0.0299542,0.00998474,0.0299542,0.00998474,0.0299542,0.00998474
22,4072.34,2.07822,1.31609,1.0872,0,0,0,0,0,0,0.18821,0.00373,0.00022,0,0,0,0,0,0,0,0,0,0,0,0,0,0,0.90633,0.33047,0,0,0.48395,0.06487,0.47829,0.48395,0.55428,0.51787,0.51939,0.26841,2.03674,1.17659,1.05916,0,0,0,0,0,0,0,0,0,0,0,0,0,0,0,0,0,0,0,0,0,0,0,0,0,0,0,0,0,0,0,0.26841,0.0299495,0.00998318,0.0299495,0.00998318,0.0299495,0.00998318,0.0299495,0.00998318
23,4245.06,2.08266,1.32357,1.08713,0,0,0,0,0,0,0.19009,0.00367,0.00021,0,0,0,0,0,0,0,0,0,0,0,0,0,0,0.83184,0.30846,0,0,0.48419,0.06497,0.47908,0.48418,0.57136,0.4917,0.49392,0.25268,2.09175,1.20546,1.07142,0,0,0,0,0,0,0,0,0,0,0,0,0,0,0,0,0,0,0,0,0,0,0,0,0,0,0,0,0,0,0,0.25268,0.0299446,0.00998154,0.0299446,0.00998154,0.0299446,0.00998154,0.0299446,0.00998154
24,4432.39,2.07917,1.31109,1.07902,0,0,0,0,0,0,0.18581,0.00364,0.00019,4e-05,0,0,0,0,0,0,0,0,0,0,0,0,0,0.99375,0.32742,0,0,0.48409,0.06491,0.47893,0.48408,0.62257,0.54016,0.55452,0.29508,1.98728,1.15278,1.04698,0,0,0,0,0,0,0,0,0,0,0,0,0,0,0,0,0,0,0,0,0,0,0,0,0,0,0,0,0,0,0,0.29508,0.0299395,0.00997982,0.0299395,0.00997982,0.0299395,0.00997982,0.0299395,0.00997982
25,4630.47,2.07357,1.30219,1.08202,0,0,0,0,0,0,0.18826,0.00359,0.00032,1e-05,0,0,0,0,0,0,0,0,0,0,0,0,0,0.98986,0.3598,0,0,0.48403,0.06496,0.47935,0.48401,0.61776,0.52601,0.5497,0.28742,2.00169,1.15447,1.05159,0,0,0,0,0,0,0,0,0,0,0,0,0,0,0,0,0,0,0,0,0,0,0,0,0,0,0,0,0,0,0,0.28742,0.0299341,0.00997803,0.0299341,0.00997803,0.0299341,0.00997803,0.0299341,0.00997803
26,4800.44,2.06921,1.3062,1.083,0,0,0,0,0,0,0.18311,0.00352,0.0002,5e-05,0,0,0,0,0,0,0,0,0,0,0,0,0,0.94042,0.33663,0,0,0.4841,0.06493,0.47796,0.4841,0.56768,0.54871,0.54382,0.28533,1.98488,1.14735,1.04668,0,0,0,0,0,0,0,0,0,0,0,0,0,0,0,0,0,0,0,0,0,0,0,0,0,0,0,0,0,0,0,0.28533,0.0299285,0.00997616,0.0299285,0.00997616,0.0299285,0.00997616,0.0299285,0.00997616
27,4984.83,2.05661,1.28842,1.07477,0,0,0,0,0,0,0.18778,0.00349,0.00018,0,0,0,0,0,0,0,0,0,0,0,0,0,0,0.95073,0.33404,0,0,0.48411,0.06494,0.47888,0.48409,0.60521,0.54076,0.55783,0.2955,1.95232,1.11152,1.03888,0,0,0,0,0,0,0,0,0,0,0,0,0,0,0,0,0,0,0,0,0,0,0,0,0,0,0,0,0,0,0,0.2955,0.0299227,0.00997422,0.0299227,0.00997422,0.0299227,0.00997422,0.0299227,0.00997422
28,5174.79,2.049,1.30104,1.07759,0,0,0,0,0,0,0.18427,0.00349,0.00022,3e-05,0,0,0,0,0,0,0,0,0,0,0,0,0,1.01301,0.36726,0,0,0.48403,0.06494,0.4785,0.48401,0.61158,0.54851,0.56238,0.30306,1.91438,1.08927,1.03223,0,0,0,0,0,0,0,0,0,0,0,0,0,0,0,0,0,0,0,0,0,0,0,0,0,0,0,0,0,0,0,0.30306,0.0299166,0.0099722,0.0299166,0.0099722,0.0299166,0.0099722,0.0299166,0.0099722
29,5346.65,2.06286,1.29817,1.081,0,0,0,0,0,0,0.18559,0.00348,0.00016,3e-05,0,0,0,0,0,0,0,0,0,0,0,0,0,1.03556,0.36193,0,0,0.48409,0.06492,0.47895,0.48408,0.59087,0.5301,0.54777,0.29265,1.988,1.11765,1.03728,0,0,0,0,0,0,0,0,0,0,0,0,0,0,0,0,0,0,0,0,0,0,0,0,0,0,0,0,0,0,0,0.29265,0.0299103,0.00997011,0.0299103,0.00997011,0.0299103,0.00997011,0.0299103,0.00997011
30,5528.12,2.06141,1.28942,1.07322,0,0,0,0,0,0,0.18585,0.00342,0.00025,0,0,0,0,0,0,0,0,0,0,0,0,0,0,1.04774,0.36127,0,0,0.48412,0.06496,0.47867,0.48412,0.59734,0.55592,0.56446,0.30522,1.91887,1.08415,1.0257,0,0,0,0,0,0,0,0,0,0,0,0,0,0,0,0,0,0,0,0,0,0,0,0,0,0,0,0,0,0,0,0.30522,0.0299038,0.00996794,0.0299038,0.00996794,0.0299038,0.00996794,0.0299038,0.00996794
31,5718.82,2.03044,1.2688,1.07378,0,0,0,0,0,0,0.18393,0.00338,0.00021,1e-05,0,0,0,0,0,0,0,0,0,0,0,0,0,0.95991,0.34681,0,0,0.48407,0.06499,0.47862,0.48405,0.62828,0.54584,0.56514,0.30501,1.93188,1.08721,1.03339,0,0,0,0,0,0,0,0,0,0,0,0,0,0,0,0,0,0,0,0,0,0,0,0,0,0,0,0,0,0,0,0.30501,0.0298971,0.00996569,0.0298971,0.00996569,0.0298971,0.00996569,0.0298971,0.00996569
32,5889.32,2.04959,1.28396,1.07361,0,0,0,0,0,0,0.18404,0.00335,0.00022,0,0,0,0,0,0,0,0,0,0,0,0,0,0,0.99987,0.3555,0,0,0.48411,0.06501,0.47869,0.4841,0.58817,0.56867,0.57109,0.30896,1.91214,1.07295,1.02324,0,0,0,0,0,0,0,0,0,0,0,0,0,0,0,0,0,0,0,0,0,0,0,0,0,0,0,0,0,0,0,0.30896,0.0298901,0.00996337,0.0298901,0.00996337,0.0298901,0.00996337,0.0298901,0.00996337
33,6070.91,2.02425,1.27147,1.07409,0,0,0,0,0,0,0.18245,0.00334,0.00017,2e-05,0,0,0,0,0,0,0,0,0,0,0,0,0,1.0939,0.40057,0,0,0.48407,0.06496,0.47846,0.48405,0.58885,0.56297,0.56659,0.30622,1.92785,1.07764,1.02767,0,0,0,0,0,0,0,0,0,0,0,0,0,0,0,0,0,0,0,0,0,0,0,0,0,0,0,0,0,0,0,0.30622,0.0298829,0.00996097,0.0298829,0.00996097,0.0298829,0.00996097,0.0298829,0.00996097
34,6262.44,2.04901,1.28052,1.07186,0,0,0,0,0,0,0.1824,0.00328,0.00022,0,0,0,0,0,0,0,0,0,0,0,0,0,0,1.02136,0.36792,0,0,0.48411,0.06499,0.4786,0.4841,0.59843,0.56176,0.57759,0.30477,1.91948,1.06375,1.0273,0,0,0,0,0,0,0,0,0,0,0,0,0,0,0,0,0,0,0,0,0,0,0,0,0,0,0,0,0,0,0,0.30477,0.0298755,0.00995849,0.0298755,0.00995849,0.0298755,0.00995849,0.0298755,0.00995849
35,6430.94,2.03155,1.26619,1.06507,0,0,0,0,0,0,0.1819,0.00327,0.00018,0,0,0,0,0,0,0,0,0,0,0,0,0,0,0.99944,0.36361,0,0,0.48399,0.06487,0.47831,0.48397,0.66538,0.56786,0.59654,0.33065,1.85311,1.02405,1.01352,0,0,0,0,0,0,0,0,0,0,0,0,0,0,0,0,0,0,0,0,0,0,0,0,0,0,0,0,0,0,0,0.33065,0.0298678,0.00995594,0.0298678,0.00995594,0.0298678,0.00995594,0.0298678,0.00995594
36,6617.7,2.02407,1.26153,1.06579,0,0,0,0,0,0,0.18169,0.00324,0.00026,1e-05,0,0,0,0,0,0,0,0,0,0,0,0,0,1.0603,0.38864,0,0,0.484,0.06487,0.47896,0.48398,0.63893,0.56718,0.58791,0.32416,1.88541,1.04135,1.02137,0,0,0,0,0,0,0,0,0,0,0,0,0,0,0,0,0,0,0,0,0,0,0,0,0,0,0,0,0,0,0,0.32416,0.02986,0.00995332,0.02986,0.00995332,0.02986,0.00995332,0.02986,0.00995332
37,6803.95,2.03219,1.27127,1.06886,0,0,0,0,0,0,0.18262,0.00327,0.00017,5e-05,0,0,0,0,0,0,0,0,0,0,0,0,0,1.20304,0.42846,0,0,0.48402,0.06485,0.47855,0.48388,0.62348,0.58522,0.59167,0.32725,1.87365,1.04105,1.0148,0,0,0,0,0,0,0,0,0,0,0,0,0,0,0,0,0,0,0,0,0,0,0,0,0,0,0,0,0,0,0,0.32725,0.0298519,0.00995062,0.0298519,0.00995062,0.0298519,0.00995062,0.0298519,0.00995062
38,6970.22,2.02508,1.26131,1.06698,0,0,0,0,0,0,0.18256,0.00321,0.00017,0,0,0,0,0,0,0,0,0,0,0,0,0,0,1.09297,0.38711,0,0,0.48414,0.06493,0.47835,0.48413,0.64249,0.58306,0.59846,0.33598,1.82871,1.02222,1.00848,0,0,0,0,0,0,0,0,0,0,0,0,0,0,0,0,0,0,0,0,0,0,0,0,0,0,0,0,0,0,0,0.33598,0.0298435,0.00994784,0.0298435,0.00994784,0.0298435,0.00994784,0.0298435,0.00994784
39,7170.37,2.00938,1.25717,1.06576,0,0,0,0,0,0,0.18017,0.00318,0.00016,5e-05,0,0,0,0,0,0,0,0,0,0,0,0,0,1.02115,0.38265,0,0,0.48396,0.06495,0.47855,0.48395,0.6447,0.57934,0.5951,0.32822,1.85887,1.01606,1.01009,0,0,0,0,0,0,0,0,0,0,0,0,0,0,0,0,0,0,0,0,0,0,0,0,0,0,0,0,0,0,0,0.32822,0.029835,0.00994499,0.029835,0.00994499,0.029835,0.00994499,0.029835,0.00994499
40,7343.96,2.00626,1.23872,1.05667,0,0,0,0,0,0,0.18038,0.00318,0.00017,0,0,0,0,0,0,0,0,0,0,0,0,0,0,1.13025,0.39344,0,0,0.48404,0.065,0.47922,0.48401,0.6454,0.57389,0.59167,0.32551,1.84402,1.00897,1.00838,0,0,0,0,0,0,0,0,0,0,0,0,0,0,0,0,0,0,0,0,0,0,0,0,0,0,0,0,0,0,0,0.32551,0.0298262,0.00994206,0.0298262,0.00994206,0.0298262,0.00994206,0.0298262,0.00994206
41,7520.23,2.01,1.24621,1.06496,0,0,0,0,0,0,0.17836,0.00317,0.00018,0,0,0,0,0,0,0,0,0,0,0,0,0,0,0.99904,0.38065,0,0,0.48414,0.06491,0.4787,0.48412,0.6495,0.58044,0.60468,0.33678,1.82342,0.99895,1.00501,0,0,0,0,0,0,0,0,0,0,0,0,0,0,0,0,0,0,0,0,0,0,0,0,0,0,0,0,0,0,0,0.33678,0.0298172,0.00993906,0.0298172,0.00993906,0.0298172,0.00993906,0.0298172,0.00993906
42,7714.85,2.014,1.25345,1.06302,0,0,0,0,0,0,0.18021,0.00318,0.00021,1e-05,0,0,0,0,0,0,0,0,0,0,0,0,0,1.27242,0.44355,0,0,0.484,0.06494,0.47858,0.48399,0.64548,0.5875,0.60663,0.3411,1.81626,0.99976,1.00303,0,0,0,0,0,0,0,0,0,0,0,0,0,0,0,0,0,0,0,0,0,0,0,0,0,0,0,0,0,0,0,0.3411,0.0298079,0.00993598,0.0298079,0.00993598,0.0298079,0.00993598,0.0298079,0.00993598
43,7882.97,2.02364,1.25196,1.06185,0,0,0,0,0,0,0.18157,0.00314,0.00022,0,0,0,0,0,0,0,0,0,0,0,0,0,0,1.18366,0.42049,0,0,0.48408,0.06491,0.47821,0.48407,0.65639,0.58648,0.60822,0.34283,1.79992,0.98453,0.99823,0,0,0,0,0,0,0,0,0,0,0,0,0,0,0,0,0,0,0,0,0,0,0,0,0,0,0,0,0,0,0,0.34283,0.0297985,0.00993282,0.0297985,0.00993282,0.0297985,0.00993282,0.0297985,0.00993282
44,8061.37,2.01327,1.24342,1.05808,0,0,0,0,0,0,0.17884,0.00312,0.00021,0.00012,0,0,0,0,0,0,0,0,0,0,0,0,0,1.08145,0.39146,0,0,0.48401,0.0649,0.47833,0.48398,0.64845,0.58312,0.60009,0.33812,1.81977,0.98494,1.00061,0,0,0,0,0,0,0,0,0,0,0,0,0,0,0,0,0,0,0,0,0,0,0,0,0,0,0,0,0,0,0,0.33812,0.0297888,0.0099296,0.0297888,0.0099296,0.0297888,0.0099296,0.0297888,0.0099296
45,8255.33,2.01391,1.25041,1.06423,0,0,0,0,0,0,0.17979,0.00314,0.00021,0,0,0,0,0,0,0,0,0,0,0,0,0,0,1.10521,0.38958,0,0,0.48408,0.06493,0.4791,0.48406,0.64441,0.59413,0.61139,0.34861,1.78516,0.97334,0.99296,0,0,0,0,0,0,0,0,0,0,0,0,0,0,0,0,0,0,0,0,0,0,0,0,0,0,0,0,0,0,0,0.34861,0.0297789,0.00992629,0.0297789,0.00992629,0.0297789,0.00992629,0.0297789,0.00992629
46,8431.38,2.00652,1.23546,1.0599,0,0,0,0,0,0,0.17992,0.0031,0.00017,1e-05,0,0,0,0,0,0,0,0,0,0,0,0,0,1.11193,0.42175,0,0,0.48406,0.06488,0.47869,0.48404,0.65717,0.5859,0.60788,0.34318,1.78781,0.97239,0.99522,0,0,0,0,0,0,0,0,0,0,0,0,0,0,0,0,0,0,0,0,0,0,0,0,0,0,0,0,0,0,0,0.34318,0.0297687,0.00992291,0.0297687,0.00992291,0.0297687,0.00992291,0.0297687,0.00992291
47,8631.42,1.99446,1.23526,1.0557,0,0,0,0,0,0,0.17762,0.00306,0.00016,0,0,0,0,0,0,0,0,0,0,0,0,0,0,1.05385,0.40021,0,0,0.48411,0.06496,0.47936,0.48409,0.66288,0.58565,0.6079,0.34254,1.78586,0.97046,0.99469,0,0,0,0,0,0,0,0,0,0,0,0,0,0,0,0,0,0,0,0,0,0,0,0,0,0,0,0,0,0,0,0.34254,0.0297584,0.00991946,0.0297584,0.00991946,0.0297584,0.00991946,0.0297584,0.00991946
48,8805.05,2.00333,1.23284,1.0616,0,0,0,0,0,0,0.17678,0.00307,0.00022,0,0,0,0,0,0,0,0,0,0,0,0,0,0,1.07829,0.39769,0,0,0.4841,0.06498,0.47922,0.48409,0.66561,0.59423,0.61613,0.34636,1.7826,0.96316,0.99216,0,0,0,0,0,0,0,0,0,0,0,0,0,0,0,0,0,0,0,0,0,0,0,0,0,0,0,0,0,0,0,0.34636,0.0297478,0.00991593,0.0297478,0.00991593,0.0297478,0.00991593,0.0297478,0.00991593
49,8976.34,1.98528,1.22629,1.05662,0,0,0,0,0,0,0.1765,0.00304,0.00017,6e-05,0,0,0,0,0,0,0,0,0,0,0,0,0,1.0704,0.39902,0,0,0.48411,0.06485,0.4787,0.48409,0.66409,0.59011,0.61376,0.34776,1.78497,0.96436,0.99027,0,0,0,0,0,0,0,0,0,0,0,0,0,0,0,0,0,0,0,0,0,0,0,0,0,0,0,0,0,0,0,0.34776,0.029737,0.00991232,0.029737,0.00991232,0.029737,0.00991232,0.029737,0.00991232
50,9176.14,1.99847,1.23673,1.05653,0,0,0,0,0,0,0.17766,0.00303,0.00022,0,0,0,0,0,0,0,0,0,0,0,0,0,0,1.09624,0.4079,0,0,0.48406,0.06486,0.47877,0.48405,0.67903,0.58947,0.61801,0.35265,1.7675,0.95611,0.9861,0,0,0,0,0,0,0,0,0,0,0,0,0,0,0,0,0,0,0,0,0,0,0,0,0,0,0,0,0,0,0,0.35265,0.0297259,0.00990864,0.0297259,0.00990864,0.0297259,0.00990864,0.0297259,0.00990864
51,9345.22,1.97072,1.21797,1.05474,0,0,0,0,0,0,0.17714,0.00308,0.00025,0,0,0,0,0,0,0,0,0,0,0,0,0,0,1.22341,0.47989,0,0,0.48411,0.06493,0.47813,0.4841,0.67806,0.5882,0.61789,0.35248,1.7653,0.95451,0.98574,0,0,0,0,0,0,0,0,0,0,0,0,0,0,0,0,0,0,0,0,0,0,0,0,0,0,0,0,0,0,0,0.35248,0.0297147,0.00990489,0.0297147,0.00990489,0.0297147,0.00990489,0.0297147,0.00990489
52,9530.21,1.98499,1.22956,1.05063,0,0,0,0,0,0,0.17906,0.00299,0.00016,1e-05,0,0,0,0,0,0,0,0,0,0,0,0,0,1.12398,0.4305,0,0,0.48403,0.06486,0.47809,0.4839,0.67488,0.59743,0.62354,0.3576,1.75972,0.94929,0.98436,0,0,0,0,0,0,0,0,0,0,0,0,0,0,0,0,0,0,0,0,0,0,0,0,0,0,0,0,0,0,0,0.3576,0.0297032,0.00990106,0.0297032,0.00990106,0.0297032,0.00990106,0.0297032,0.00990106
53,9719.09,1.97654,1.213,1.04831,0,0,0,0,0,0,0.17732,0.00298,0.00015,0,0,0,0,0,0,0,0,0,0,0,0,0,0,1.14328,0.41399,0,0,0.4841,0.06488,0.47826,0.4841,0.68088,0.60311,0.62728,0.36047,1.74757,0.94031,0.98263,0,0,0,0,0,0,0,0,0,0,0,0,0,0,0,0,0,0,0,0,0,0,0,0,0,0,0,0,0,0,0,0.36047,0.0296915,0.00989715,0.0296915,0.00989715,0.0296915,0.00989715,0.0296915,0.00989715
54,9894.57,1.9861,1.22133,1.05484,0,0,0,0,0,0,0.17789,0.003,0.00019,0,0,0,0,0,0,0,0,0,0,0,0,0,0,1.14261,0.41354,0,0,0.48411,0.06502,0.47867,0.4841,0.67257,0.6027,0.62594,0.35826,1.75264,0.94522,0.98417,0,0,0,0,0,0,0,0,0,0,0,0,0,0,0,0,0,0,0,0,0,0,0,0,0,0,0,0,0,0,0,0.35826,0.0296795,0.00989317,0.0296795,0.00989317,0.0296795,0.00989317,0.0296795,0.00989317
55,10089.4,1.9923,1.22537,1.04996,0,0,0,0,0,0,0.17401,0.00302,0.00017,2e-05,0,0,0,0,0,0,0,0,0,0,0,0,0,1.21276,0.47372,0,0,0.48404,0.06492,0.47842,0.4839,0.66999,0.60582,0.62644,0.3566,1.75464,0.94288,0.98217,0,0,0,0,0,0,0,0,0,0,0,0,0,0,0,0,0,0,0,0,0,0,0,0,0,0,0,0,0,0,0,0.3566,0.0296674,0.00988912,0.0296674,0.00988912,0.0296674,0.00988912,0.0296674,0.00988912
56,10262.2,1.98617,1.21791,1.05241,0,0,0,0,0,0,0.17704,0.003,0.00021,0,0,0,0,0,0,0,0,0,0,0,0,0,0,1.18626,0.43374,0,0,0.48411,0.0649,0.47833,0.48411,0.66837,0.60977,0.62857,0.3593,1.74504,0.93839,0.98016,0,0,0,0,0,0,0,0,0,0,0,0,0,0,0,0,0,0,0,0,0,0,0,0,0,0,0,0,0,0,0,0.3593,0.029655,0.00988499,0.029655,0.00988499,0.029655,0.00988499,0.029655,0.00988499
57,10429.3,1.95914,1.20313,1.05006,0,0,0,0,0,0,0.17519,0.003,0.00015,4e-05,0,0,0,0,0,0,0,0,0,0,0,0,0,1.16225,0.43287,0,0,0.4841,0.06491,0.47858,0.48408,0.67187,0.60668,0.62816,0.36003,1.74103,0.93687,0.97953,0,0,0,0,0,0,0,0,0,0,0,0,0,0,0,0,0,0,0,0,0,0,0,0,0,0,0,0,0,0,0,0.36003,0.0296424,0.00988079,0.0296424,0.00988079,0.0296424,0.00988079,0.0296424,0.00988079
58,10622.7,1.97329,1.21561,1.05275,0,0,0,0,0,0,0.17731,0.00295,0.00016,0,0,0,0,0,0,0,0,0,0,0,0,0,0,1.15812,0.42604,0,0,0.48409,0.06499,0.47925,0.48406,0.66355,0.60417,0.62557,0.36087,1.73598,0.93516,0.97871,0,0,0,0,0,0,0,0,0,0,0,0,0,0,0,0,0,0,0,0,0,0,0,0,0,0,0,0,0,0,0,0.36087,0.0296295,0.00987651,0.0296295,0.00987651,0.0296295,0.00987651,0.0296295,0.00987651
59,10796.5,1.98393,1.22108,1.04809,0,0,0,0,0,0,0.17534,0.00296,0.00019,0,0,0,0,0,0,0,0,0,0,0,0,0,0,1.14865,0.42463,0,0,0.48404,0.06485,0.4782,0.48403,0.66345,0.60825,0.62844,0.36189,1.73415,0.93111,0.97816,0,0,0,0,0,0,0,0,0,0,0,0,0,0,0,0,0,0,0,0,0,0,0,0,0,0,0,0,0,0,0,0.36189,0.0296165,0.00987216,0.0296165,0.00987216,0.0296165,0.00987216,0.0296165,0.00987216
60,10959.5,1.96467,1.20369,1.0503,0,0,0,0,0,0,0.1742,0.00296,0.00015,1e-05,0,0,0,0,0,0,0,0,0,0,0,0,0,1.10239,0.41932,0,0,0.48404,0.06493,0.4789,0.48402,0.67072,0.60958,0.63065,0.36505,1.72729,0.92818,0.97518,0,0,0,0,0,0,0,0,0,0,0,0,0,0,0,0,0,0,0,0,0,0,0,0,0,0,0,0,0,0,0,0.36505,0.0296032,0.00986773,0.0296032,0.00986773,0.0296032,0.00986773,0.0296032,0.00986773
61,11151.3,1.9525,1.20739,1.05066,0,0,0,0,0,0,0.17482,0.00292,0.00015,0,0,0,0,0,0,0,0,0,0,0,0,0,0,1.13808,0.42561,0,0,0.48403,0.06486,0.47894,0.48402,0.66872,0.61451,0.6322,0.36561,1.72391,0.92504,0.97373,0,0,0,0,0,0,0,0,0,0,0,0,0,0,0,0,0,0,0,0,0,0,0,0,0,0,0,0,0,0,0,0.36561,0.0295897,0.00986323,0.0295897,0.00986323,0.0295897,0.00986323,0.0295897,0.00986323
62,11323.1,1.97372,1.20709,1.04997,0,0,0,0,0,0,0.17678,0.00292,0.00014,4e-05,0,0,0,0,0,0,0,0,0,0,0,0,0,1.13487,0.42957,0,0,0.48403,0.06485,0.47864,0.48401,0.67175,0.61389,0.63218,0.36681,1.71938,0.92037,0.97275,0,0,0,0,0,0,0,0,0,0,0,0,0,0,0,0,0,0,0,0,0,0,0,0,0,0,0,0,0,0,0,0.36681,0.029576,0.00985866,0.029576,0.00985866,0.029576,0.00985866,0.029576,0.00985866
63,11483.5,1.96666,1.20686,1.05085,0,0,0,0,0,0,0.17474,0.0029,0.0002,0,0,0,0,0,0,0,0,0,0,0,0,0,0,1.20059,0.43733,0,0,0.48399,0.06494,0.4786,0.48398,0.66594,0.61316,0.63114,0.36633,1.72069,0.91745,0.97339,0,0,0,0,0,0,0,0,0,0,0,0,0,0,0,0,0,0,0,0,0,0,0,0,0,0,0,0,0,0,0,0.36633,0.029562,0.00985401,0.029562,0.00985401,0.029562,0.00985401,0.029562,0.00985401
64,11663.5,1.96744,1.20767,1.04576,0,0,0,0,0,0,0.17254,0.0029,0.00014,1e-05,0,0,0,0,0,0,0,0,0,0,0,0,0,1.15762,0.44285,0,0,0.48408,0.06497,0.47801,0.48407,0.66518,0.61289,0.63117,0.36713,1.71803,0.91433,0.97291,0,0,0,0,0,0,0,0,0,0,0,0,0,0,0,0,0,0,0,0,0,0,0,0,0,0,0,0,0,0,0,0.36713,0.0295479,0.00984928,0.0295479,0.00984928,0.0295479,0.00984928,0.0295479,0.00984928
65,11846.6,1.95627,1.20188,1.04666,0,0,0,0,0,0,0.17366,0.00291,0.0002,0,0,0,0,0,0,0,0,0,0,0,0,0,0,1.20946,0.44828,0,0,0.48403,0.06492,0.47932,0.48399,0.66548,0.6157,0.63376,0.36852,1.71381,0.91345,0.9726,0,0,0,0,0,0,0,0,0,0,0,0,0,0,0,0,0,0,0,0,0,0,0,0,0,0,0,0,0,0,0,0.36852,0.0295335,0.00984449,0.0295335,0.00984449,0.0295335,0.00984449,0.0295335,0.00984449
66,12011.2,1.96573,1.20607,1.04537,0,0,0,0,0,0,0.17516,0.00294,0.00015,1e-05,0,0,0,0,0,0,0,0,0,0,0,0,0,1.27998,0.49097,0,0,0.48417,0.06494,0.47896,0.48417,0.67215,0.61287,0.63368,0.36867,1.71244,0.91343,0.973,0,0,0,0,0,0,0,0,0,0,0,0,0,0,0,0,0,0,0,0,0,0,0,0,0,0,0,0,0,0,0,0.36867,0.0295188,0.00983962,0.0295188,0.00983962,0.0295188,0.00983962,0.0295188,0.00983962
67,12179.5,1.97304,1.21441,1.04234,0,0,0,0,0,0,0.17672,0.00292,0.00014,0,0,0,0,0,0,0,0,0,0,0,0,0,0,1.26978,0.45807,0,0,0.48401,0.06491,0.47857,0.48399,0.66387,0.61455,0.63369,0.36847,1.71174,0.91432,0.97293,0,0,0,0,0,0,0,0,0,0,0,0,0,0,0,0,0,0,0,0,0,0,0,0,0,0,0,0,0,0,0,0.36847,0.029504,0.00983467,0.029504,0.00983467,0.029504,0.00983467,0.029504,0.00983467
68,12365,1.96784,1.20585,1.04635,0,0,0,0,0,0,0.17475,0.00288,0.00019,0,0,0,0,0,0,0,0,0,0,0,0,0,0,1.13966,0.43464,0,0,0.4841,0.06497,0.47893,0.48408,0.66635,0.61524,0.63574,0.37038,1.70538,0.91149,0.97163,0,0,0,0,0,0,0,0,0,0,0,0,0,0,0,0,0,0,0,0,0,0,0,0,0,0,0,0,0,0,0,0.37038,0.029489,0.00982965,0.029489,0.00982965,0.029489,0.00982965,0.029489,0.00982965
69,12535.4,1.9523,1.19749,1.04269,0,0,0,0,0,0,0.17228,0.00288,0.00016,8e-05,0,0,0,0,0,0,0,0,0,0,0,0,0,1.06505,0.43038,0,0,0.48418,0.06497,0.47826,0.48416,0.67213,0.61289,0.6375,0.37135,1.70215,0.90901,0.97104,0,0,0,0,0,0,0,0,0,0,0,0,0,0,0,0,0,0,0,0,0,0,0,0,0,0,0,0,0,0,0,0.37135,0.0294737,0.00982456,0.0294737,0.00982456,0.0294737,0.00982456,0.0294737,0.00982456
70,12697.5,1.97078,1.2082,1.04913,0,0,0,0,0,0,0.17637,0.00288,0.00016,4e-05,0,0,0,0,0,0,0,0,0,0,0,0,0,1.20702,0.45563,0,0,0.48412,0.06493,0.47895,0.4841,0.67284,0.61498,0.63787,0.37285,1.6986,0.90595,0.97013,0,0,0,0,0,0,0,0,0,0,0,0,0,0,0,0,0,0,0,0,0,0,0,0,0,0,0,0,0,0,0,0.37285,0.0294582,0.00981939,0.0294582,0.00981939,0.0294582,0.00981939,0.0294582,0.00981939
71,12867.5,1.94572,1.19427,1.04449,0,0,0,0,0,0,0.17486,0.00287,0.00015,0,0,0,0,0,0,0,0,0,0,0,0,0,0,1.22235,0.45791,0,0,0.48404,0.0649,0.47806,0.48392,0.66928,0.61676,0.63817,0.37358,1.6974,0.90442,0.9696,0,0,0,0,0,0,0,0,0,0,0,0,0,0,0,0,0,0,0,0,0,0,0,0,0,0,0,0,0,0,0,0.37358,0.0294425,0.00981415,0.0294425,0.00981415,0.0294425,0.00981415,0.0294425,0.00981415
72,13049,1.94643,1.1943,1.0409,0,0,0,0,0,0,0.17332,0.00286,0.00018,0,0,0,0,0,0,0,0,0,0,0,0,0,0,1.13996,0.44701,0,0,0.48404,0.06483,0.4784,0.48403,0.66682,0.6185,0.6395,0.3736,1.69665,0.90344,0.96941,0,0,0,0,0,0,0,0,0,0,0,0,0,0,0,0,0,0,0,0,0,0,0,0,0,0,0,0,0,0,0,0.3736,0.0294265,0.00980884,0.0294265,0.00980884,0.0294265,0.00980884,0.0294265,0.00980884
73,13219.1,1.95483,1.20061,1.04313,0,0,0,0,0,0,0.17247,0.00283,0.00023,0,0,0,0,0,0,0,0,0,0,0,0,0,0,1.21787,0.47672,0,0,0.48409,0.06496,0.47841,0.48407,0.67578,0.61462,0.63976,0.37389,1.69527,0.90248,0.96916,0,0,0,0,0,0,0,0,0,0,0,0,0,0,0,0,0,0,0,0,0,0,0,0,0,0,0,0,0,0,0,0.37389,0.0294104,0.00980345,0.0294104,0.00980345,0.0294104,0.00980345,0.0294104,0.00980345
74,13381.5,1.9645,1.20667,1.04275,0,0,0,0,0,0,0.17347,0.00283,0.00023,0,0,0,0,0,0,0,0,0,0,0,0,0,0,1.16325,0.44621,0,0,0.48408,0.06489,0.47887,0.48407,0.67744,0.61489,0.64082,0.37485,1.69483,0.90142,0.96897,0,0,0,0,0,0,0,0,0,0,0,0,0,0,0,0,0,0,0,0,0,0,0,0,0,0,0,0,0,0,0,0.37485,0.029394,0.00979799,0.029394,0.00979799,0.029394,0.00979799,0.029394,0.00979799
75,13548.2,1.95454,1.19427,1.04534,0,0,0,0,0,0,0.17455,0.00284,0.00012,0,0,0,0,0,0,0,0,0,0,0,0,0,0,1.12571,0.4416,0,0,0.48416,0.06501,0.47841,0.48404,0.68458,0.61206,0.64109,0.37559,1.69303,0.90051,0.96834,0,0,0,0,0,0,0,0,0,0,0,0,0,0,0,0,0,0,0,0,0,0,0,0,0,0,0,0,0,0,0,0.37559,0.0293774,0.00979246,0.0293774,0.00979246,0.0293774,0.00979246,0.0293774,0.00979246
76,13726.5,1.94203,1.19569,1.04876,0,0,0,0,0,0,0.16978,0.00279,0.00017,3e-05,0,0,0,0,0,0,0,0,0,0,0,0,0,1.09508,0.44362,0,0,0.48408,0.06488,0.47881,0.48406,0.68075,0.61403,0.64099,0.37619,1.69136,0.89906,0.96789,0,0,0,0,0,0,0,0,0,0,0,0,0,0,0,0,0,0,0,0,0,0,0,0,0,0,0,0,0,0,0,0.37619,0.0293606,0.00978685,0.0293606,0.00978685,0.0293606,0.00978685,0.0293606,0.00978685
77,13900.2,1.94475,1.18621,1.04248,0,0,0,0,0,0,0.17119,0.00281,0.0002,4e-05,0,0,0,0,0,0,0,0,0,0,0,0,0,1.08518,0.442,0,0,0.48406,0.06499,0.47854,0.48406,0.68448,0.61409,0.64191,0.37608,1.69006,0.89758,0.96751,0,0,0,0,0,0,0,0,0,0,0,0,0,0,0,0,0,0,0,0,0,0,0,0,0,0,0,0,0,0,0,0.37608,0.0293435,0.00978118,0.0293435,0.00978118,0.0293435,0.00978118,0.0293435,0.00978118
78,14064.1,1.9276,1.17648,1.04127,0,0,0,0,0,0,0.17026,0.00281,0.00015,0,0,0,0,0,0,0,0,0,0,0,0,0,0,1.15199,0.44698,0,0,0.48413,0.06495,0.4784,0.48413,0.67989,0.61516,0.64236,0.37656,1.69089,0.89693,0.9674,0,0,0,0,0,0,0,0,0,0,0,0,0,0,0,0,0,0,0,0,0,0,0,0,0,0,0,0,0,0,0,0.37656,0.0293263,0.00977542,0.0293263,0.00977542,0.0293263,0.00977542,0.0293263,0.00977542
79,14224.2,1.93556,1.17973,1.04138,0,0,0,0,0,0,0.1718,0.00285,0.00012,1e-05,0,0,0,0,0,0,0,0,0,0,0,0,0,1.21186,0.47384,0,0,0.48415,0.0649,0.47851,0.48413,0.68288,0.61498,0.64276,0.37707,1.68938,0.89618,0.9671,0,0,0,0,0,0,0,0,0,0,0,0,0,0,0,0,0,0,0,0,0,0,0,0,0,0,0,0,0,0,0,0.37707,0.0293088,0.0097696,0.0293088,0.0097696,0.0293088,0.0097696,0.0293088,0.0097696
80,14400.4,1.95096,1.18843,1.03676,0,0,0,0,0,0,0.17094,0.00281,0.00013,1e-05,0,0,0,0,0,0,0,0,0,0,0,0,0,1.16108,0.44987,0,0,0.4841,0.06496,0.47786,0.48411,0.68394,0.61662,0.6437,0.37822,1.68844,0.89536,0.967,0,0,0,0,0,0,0,0,0,0,0,0,0,0,0,0,0,0,0,0,0,0,0,0,0,0,0,0,0,0,0,0.37822,0.0292911,0.0097637,0.0292911,0.0097637,0.0292911,0.0097637,0.0292911,0.0097637
81,14584,1.91475,1.16257,1.03444,0,0,0,0,0,0,0.17243,0.0028,0.00015,0,0,0,0,0,0,0,0,0,0,0,0,0,0,1.21451,0.44783,0,0,0.48414,0.06498,0.47813,0.48413,0.68314,0.61962,0.64465,0.3789,1.68818,0.89466,0.96677,0,0,0,0,0,0,0,0,0,0,0,0,0,0,0,0,0,0,0,0,0,0,0,0,0,0,0,0,0,0,0,0.3789,0.0292732,0.00975773,0.0292732,0.00975773,0.0292732,0.00975773,0.0292732,0.00975773
82,14749.9,1.94741,1.18582,1.03828,0,0,0,0,0,0,0.17199,0.00279,0.0002,0,0,0,0,0,0,0,0,0,0,0,0,0,0,1.19007,0.47112,0,0,0.48409,0.06494,0.47804,0.48408,0.68126,0.61915,0.64457,0.37945,1.68585,0.89321,0.96623,0,0,0,0,0,0,0,0,0,0,0,0,0,0,0,0,0,0,0,0,0,0,0,0,0,0,0,0,0,0,0,0.37945,0.0292551,0.00975169,0.0292551,0.00975169,0.0292551,0.00975169,0.0292551,0.00975169
83,14921.2,1.94336,1.1883,1.03839,0,0,0,0,0,0,0.16897,0.00278,0.00016,0,0,0,0,0,0,0,0,0,0,0,0,0,0,1.16951,0.46442,0,0,0.48404,0.06493,0.47883,0.48402,0.68212,0.62003,0.64546,0.37959,1.68464,0.8924,0.96588,0,0,0,0,0,0,0,0,0,0,0,0,0,0,0,0,0,0,0,0,0,0,0,0,0,0,0,0,0,0,0,0.37959,0.0292367,0.00974557,0.0292367,0.00974557,0.0292367,0.00974557,0.0292367,0.00974557
84,15107.3,1.92951,1.17815,1.03393,0,0,0,0,0,0,0.17024,0.00279,0.00019,0,0,0,0,0,0,0,0,0,0,0,0,0,0,1.09281,0.4496,0,0,0.48407,0.06488,0.47862,0.48406,0.68258,0.62052,0.64617,0.38015,1.68327,0.89167,0.96551,0,0,0,0,0,0,0,0,0,0,0,0,0,0,0,0,0,0,0,0,0,0,0,0,0,0,0,0,0,0,0,0.38015,0.0292181,0.00973938,0.0292181,0.00973938,0.0292181,0.00973938,0.0292181,0.00973938
85,15279.4,1.94414,1.18118,1.03762,0,0,0,0,0,0,0.17073,0.00277,0.00013,1e-05,0,0,0,0,0,0,0,0,0,0,0,0,0,1.10372,0.45191,0,0,0.48407,0.06493,0.47877,0.48406,0.68316,0.6205,0.64718,0.38077,1.68225,0.89016,0.96517,0,0,0,0,0,0,0,0,0,0,0,0,0,0,0,0,0,0,0,0,0,0,0,0,0,0,0,0,0,0,0,0.38077,0.0291994,0.00973312,0.0291994,0.00973312,0.0291994,0.00973312,0.0291994,0.00973312
86,15444.7,1.93708,1.17461,1.03164,0,0,0,0,0,0,0.16985,0.00278,0.00013,0,0,0,0,0,0,0,0,0,0,0,0,0,0,1.16033,0.46435,0,0,0.4842,0.06494,0.47858,0.48418,0.68437,0.62244,0.64726,0.38102,1.67967,0.88959,0.96466,0,0,0,0,0,0,0,0,0,0,0,0,0,0,0,0,0,0,0,0,0,0,0,0,0,0,0,0,0,0,0,0.38102,0.0291804,0.00972679,0.0291804,0.00972679,0.0291804,0.00972679,0.0291804,0.00972679
87,15629.5,1.92832,1.17108,1.03565,0,0,0,0,0,0,0.1721,0.00279,0.00017,0,0,0,0,0,0,0,0,0,0,0,0,0,0,1.07498,0.45101,0,0,0.4841,0.06493,0.47882,0.48407,0.68698,0.62033,0.64716,0.38176,1.67777,0.88827,0.96419,0,0,0,0,0,0,0,0,0,0,0,0,0,0,0,0,0,0,0,0,0,0,0,0,0,0,0,0,0,0,0,0.38176,0.0291612,0.00972039,0.0291612,0.00972039,0.0291612,0.00972039,0.0291612,0.00972039
88,15809.5,1.93461,1.17872,1.03838,0,0,0,0,0,0,0.17377,0.00276,0.00019,0,0,0,0,0,0,0,0,0,0,0,0,0,0,1.04603,0.44664,0,0,0.484,0.06496,0.47934,0.48398,0.69271,0.61905,0.64767,0.38207,1.67602,0.88707,0.96394,0,0,0,0,0,0,0,0,0,0,0,0,0,0,0,0,0,0,0,0,0,0,0,0,0,0,0,0,0,0,0,0.38207,0.0291417,0.00971391,0.0291417,0.00971391,0.0291417,0.00971391,0.0291417,0.00971391
89,15976.6,1.9321,1.17981,1.03752,0,0,0,0,0,0,0.1735,0.00277,0.00013,0,0,0,0,0,0,0,0,0,0,0,0,0,0,1.08719,0.45465,0,0,0.48401,0.06488,0.47902,0.484,0.69403,0.61979,0.64846,0.38238,1.67544,0.8864,0.96364,0,0,0,0,0,0,0,0,0,0,0,0,0,0,0,0,0,0,0,0,0,0,0,0,0,0,0,0,0,0,0,0.38238,0.0291221,0.00970736,0.0291221,0.00970736,0.0291221,0.00970736,0.0291221,0.00970736
90,16158.9,1.93056,1.16826,1.03775,0,0,0,0,0,0,0.17278,0.00279,0.00021,3e-05,0,0,0,0,0,0,0,0,0,0,0,0,0,1.09823,0.44809,0,0,0.48411,0.06499,0.47866,0.48409,0.69153,0.61833,0.64636,0.3821,1.67495,0.88566,0.96326,0,0,0,0,0,0,0,0,0,0,0,0,0,0,0,0,0,0,0,0,0,0,0,0,0,0,0,0,0,0,0,0.3821,0.0291022,0.00970074,0.0291022,0.00970074,0.0291022,0.00970074,0.0291022,0.00970074
91,16341.9,1.92905,1.1662,1.03525,0,0,0,0,0,0,0.16824,0.0028,0.00015,1e-05,0,0,0,0,0,0,0,0,0,0,0,0,0,1.26686,0.48056,0,0,0.48409,0.06493,0.47809,0.48407,0.68984,0.61791,0.6459,0.38189,1.67457,0.885,0.96299,0,0,0,0,0,0,0,0,0,0,0,0,0,0,0,0,0,0,0,0,0,0,0,0,0,0,0,0,0,0,0,0.38189,0.0290821,0.00969405,0.0290821,0.00969405,0.0290821,0.00969405,0.0290821,0.00969405
92,16504.7,1.90713,1.16546,1.03925,0,0,0,0,0,0,0.17079,0.00277,0.00018,0,0,0,0,0,0,0,0,0,0,0,0,0,0,1.23462,0.46684,0,0,0.48421,0.06498,0.47927,0.48418,0.69025,0.61787,0.64603,0.38254,1.67331,0.88455,0.96281,0,0,0,0,0,0,0,0,0,0,0,0,0,0,0,0,0,0,0,0,0,0,0,0,0,0,0,0,0,0,0,0.38254,0.0290618,0.00968728,0.0290618,0.00968728,0.0290618,0.00968728,0.0290618,0.00968728
93,16688.4,1.9225,1.16285,1.03039,0,0,0,0,0,0,0.16952,0.00277,0.00012,3e-05,0,0,0,0,0,0,0,0,0,0,0,0,0,1.18622,0.458,0,0,0.48416,0.06491,0.47842,0.48416,0.69013,0.62031,0.64651,0.38302,1.672,0.88387,0.96269,0,0,0,0,0,0,0,0,0,0,0,0,0,0,0,0,0,0,0,0,0,0,0,0,0,0,0,0,0,0,0,0.38302,0.0290413,0.00968045,0.0290413,0.00968045,0.0290413,0.00968045,0.0290413,0.00968045
94,16872.7,1.91345,1.16659,1.03426,0,0,0,0,0,0,0.17083,0.00276,0.00013,0,0,0,0,0,0,0,0,0,0,0,0,0,0,1.15343,0.46202,0,0,0.48407,0.06487,0.47851,0.48405,0.68891,0.61989,0.64638,0.38348,1.67051,0.88328,0.96225,0,0,0,0,0,0,0,0,0,0,0,0,0,0,0,0,0,0,0,0,0,0,0,0,0,0,0,0,0,0,0,0.38348,0.0290206,0.00967354,0.0290206,0.00967354,0.0290206,0.00967354,0.0290206,0.00967354
95,17034.6,1.91498,1.16393,1.03339,0,0,0,0,0,0,0.16823,0.00277,0.00021,1e-05,0,0,0,0,0,0,0,0,0,0,0,0,0,1.21903,0.47776,0,0,0.48394,0.06481,0.47854,0.48392,0.6931,0.61934,0.64763,0.38415,1.66963,0.88262,0.96216,0,0,0,0,0,0,0,0,0,0,0,0,0,0,0,0,0,0,0,0,0,0,0,0,0,0,0,0,0,0,0,0.38415,0.0289997,0.00966656,0.0289997,0.00966656,0.0289997,0.00966656,0.0289997,0.00966656
96,17214.8,1.9223,1.1636,1.03011,0,0,0,0,0,0,0.17038,0.00274,0.0002,3e-05,0,0,0,0,0,0,0,0,0,0,0,0,0,1.1306,0.46872,0,0,0.48407,0.06484,0.47895,0.48407,0.69378,0.6203,0.64806,0.38446,1.66767,0.88144,0.96183,0,0,0,0,0,0,0,0,0,0,0,0,0,0,0,0,0,0,0,0,0,0,0,0,0,0,0,0,0,0,0,0.38446,0.0289785,0.00965951,0.0289785,0.00965951,0.0289785,0.00965951,0.0289785,0.00965951
97,17397.8,1.93161,1.17344,1.04018,0,0,0,0,0,0,0.17157,0.00278,0.00012,0,0,0,0,0,0,0,0,0,0,0,0,0,0,1.26633,0.49232,0,0,0.48408,0.06499,0.47894,0.48406,0.6928,0.6207,0.64888,0.38453,1.66628,0.88041,0.96146,0,0,0,0,0,0,0,0,0,0,0,0,0,0,0,0,0,0,0,0,0,0,0,0,0,0,0,0,0,0,0,0.38453,0.0289572,0.00965239,0.0289572,0.00965239,0.0289572,0.00965239,0.0289572,0.00965239
98,17560.3,1.92126,1.16543,1.0306,0,0,0,0,0,0,0.17095,0.00277,0.00014,0,0,0,0,0,0,0,0,0,0,0,0,0,0,1.16789,0.46311,0,0,0.48408,0.06492,0.4791,0.48408,0.69299,0.62182,0.64944,0.38511,1.66542,0.8801,0.96131,0,0,0,0,0,0,0,0,0,0,0,0,0,0,0,0,0,0,0,0,0,0,0,0,0,0,0,0,0,0,0,0.38511,0.0289356,0.0096452,0.0289356,0.0096452,0.0289356,0.0096452,0.0289356,0.0096452
99,17732.7,1.91187,1.15127,1.02604,0,0,0,0,0,0,0.17048,0.00276,0.00011,0,0,0,0,0,0,0,0,0,0,0,0,0,0,1.12594,0.45911,0,0,0.48407,0.0649,0.47862,0.48406,0.69093,0.62304,0.64989,0.38563,1.66458,0.8795,0.96101,0,0,0,0,0,0,0,0,0,0,0,0,0,0,0,0,0,0,0,0,0,0,0,0,0,0,0,0,0,0,0,0.38563,0.0289138,0.00963794,0.0289138,0.00963794,0.0289138,0.00963794,0.0289138,0.00963794
100,17921.4,1.90488,1.15478,1.03027,0,0,0,0,0,0,0.16799,0.00272,0.00014,0,0,0,0,0,0,0,0,0,0,0,0,0,0,1.08477,0.4579,0,0,0.48416,0.06496,0.47807,0.48416,0.69456,0.62309,0.65073,0.38588,1.66282,0.87824,0.96076,0,0,0,0,0,0,0,0,0,0,0,0,0,0,0,0,0,0,0,0,0,0,0,0,0,0,0,0,0,0,0,0.38588,0.0288918,0.00963061,0.0288918,0.00963061,0.0288918,0.00963061,0.0288918,0.00963061
101,18087.5,1.87645,1.08914,1.02689,0,0,0,0,0,0,0.20199,0.00283,0.00049,4e-05,0,0,0,0,0,0,0,0,0,0,0,0,0,1.19754,0.45416,0,0,0.49053,0.07023,0.48885,0.49044,0.69585,0.62291,0.65143,0.38665,1.65969,0.87734,0.96039,0,0,0,0,0,0,0,0,0,0,0,0,0,0,0,0,0,0,0,0,0,0,0,0,0,0,0,0,0,0,0,0.38665,0.0288696,0.0096232,0.0288696,0.0096232,0.0288696,0.0096232,0.0288696,0.0096232
102,18251,1.84648,1.04563,1.02032,0,0,0,0,0,0,0.18839,0.00279,0.00035,1e-05,0,0,0,0,0,0,0,0,0,0,0,0,0,1.4853,0.46783,0,0,0.49047,0.07015,0.48919,0.49026,0.69657,0.62343,0.65276,0.38775,1.6573,0.8759,0.96007,0,0,0,0,0,0,0,0,0,0,0,0,0,0,0,0,0,0,0,0,0,0,0,0,0,0,0,0,0,0,0,0.38775,0.0288472,0.00961573,0.0288472,0.00961573,0.0288472,0.00961573,0.0288472,0.00961573
103,18434.3,1.82544,1.03808,1.01524,0,0,0,0,0,0,0.18881,0.00279,0.00036,5e-05,0,0,0,0,0,0,0,0,0,0,0,0,0,1.39605,0.46902,0,0,0.49043,0.07016,0.49009,0.49034,0.69832,0.62132,0.65295,0.38884,1.65418,0.87411,0.95946,0,0,0,0,0,0,0,0,0,0,0,0,0,0,0,0,0,0,0,0,0,0,0,0,0,0,0,0,0,0,0,0.38884,0.0288246,0.00960819,0.0288246,0.00960819,0.0288246,0.00960819,0.0288246,0.00960819
104,18610.1,1.81511,1.02348,1.00731,0,0,0,0,0,0,0.1845,0.00279,0.00034,3e-05,0,0,0,0,0,0,0,0,0,0,0,0,0,1.43728,0.46211,0,0,0.49044,0.0702,0.49009,0.49036,0.69676,0.62415,0.65474,0.38996,1.65105,0.87291,0.95889,0,0,0,0,0,0,0,0,0,0,0,0,0,0,0,0,0,0,0,0,0,0,0,0,0,0,0,0,0,0,0,0.38996,0.0288017,0.00960057,0.0288017,0.00960057,0.0288017,0.00960057,0.0288017,0.00960057
105,18773.5,1.81044,1.02026,1.00766,0,0,0,0,0,0,0.18407,0.00283,0.00031,6e-05,0,0,0,0,0,0,0,0,0,0,0,0,0,1.27663,0.46165,0,0,0.4904,0.07012,0.48971,0.49031,0.69846,0.62513,0.65531,0.39104,1.64711,0.87093,0.95816,0,0,0,0,0,0,0,0,0,0,0,0,0,0,0,0,0,0,0,0,0,0,0,0,0,0,0,0,0,0,0,0.39104,0.0287787,0.00959289,0.0287787,0.00959289,0.0287787,0.00959289,0.0287787,0.00959289
106,18946,1.79041,1.00298,1.00081,0,0,0,0,0,0,0.18143,0.00281,0.00047,0,0,0,0,0,0,0,0,0,0,0,0,0,0,1.41896,0.45978,0,0,0.49038,0.07011,0.48969,0.49028,0.70047,0.62549,0.65618,0.39221,1.64441,0.86979,0.95745,0,0,0,0,0,0,0,0,0,0,0,0,0,0,0,0,0,0,0,0,0,0,0,0,0,0,0,0,0,0,0,0.39221,0.0287554,0.00958513,0.0287554,0.00958513,0.0287554,0.00958513,0.0287554,0.00958513
107,19130.4,1.79298,1.00261,1.00022,0,0,0,0,0,0,0.18216,0.00275,0.00039,0,0,0,0,0,0,0,0,0,0,0,0,0,0,1.36647,0.4549,0,0,0.49053,0.07023,0.48939,0.49044,0.70134,0.62653,0.65822,0.39305,1.64154,0.86835,0.95688,0,0,0,0,0,0,0,0,0,0,0,0,0,0,0,0,0,0,0,0,0,0,0,0,0,0,0,0,0,0,0,0.39305,0.0287319,0.00957731,0.0287319,0.00957731,0.0287319,0.00957731,0.0287319,0.00957731
108,19296.7,1.79717,1.01207,0.99971,0,0,0,0,0,0,0.17973,0.00277,0.00038,0,0,0,0,0,0,0,0,0,0,0,0,0,0,1.3791,0.4589,0,0,0.49051,0.07014,0.48948,0.49041,0.70393,0.62697,0.65891,0.39446,1.63773,0.86693,0.95625,0,0,0,0,0,0,0,0,0,0,0,0,0,0,0,0,0,0,0,0,0,0,0,0,0,0,0,0,0,0,0,0.39446,0.0287082,0.00956941,0.0287082,0.00956941,0.0287082,0.00956941,0.0287082,0.00956941
109,19462.5,1.77842,0.99974,0.99634,0,0,0,0,0,0,0.17977,0.00279,0.00035,2e-05,0,0,0,0,0,0,0,0,0,0,0,0,0,1.38552,0.45489,0,0,0.49044,0.0702,0.48956,0.49034,0.70587,0.62779,0.65989,0.39521,1.63405,0.86525,0.95544,0,0,0,0,0,0,0,0,0,0,0,0,0,0,0,0,0,0,0,0,0,0,0,0,0,0,0,0,0,0,0,0.39521,0.0286843,0.00956145,0.0286843,0.00956145,0.0286843,0.00956145,0.0286843,0.00956145
110,19640.8,1.76821,0.99557,0.99884,0,0,0,0,0,0,0.17853,0.00278,0.00032,0,0,0,0,0,0,0,0,0,0,0,0,0,0,1.36881,0.45209,0,0,0.49037,0.07012,0.48953,0.49028,0.70508,0.6289,0.66073,0.39627,1.63078,0.86407,0.9548,0,0,0,0,0,0,0,0,0,0,0,0,0,0,0,0,0,0,0,0,0,0,0,0,0,0,0,0,0,0,0,0.39627,0.0286602,0.00955341,0.0286602,0.00955341,0.0286602,0.00955341,0.0286602,0.00955341
111,19820.7,1.77195,0.99419,0.99582,0,0,0,0,0,0,0.17633,0.00276,0.00033,0,0,0,0,0,0,0,0,0,0,0,0,0,0,1.29862,0.45022,0,0,0.4903,0.07007,0.48873,0.49022,0.70617,0.63093,0.66183,0.39736,1.62671,0.86221,0.95401,0,0,0,0,0,0,0,0,0,0,0,0,0,0,0,0,0,0,0,0,0,0,0,0,0,0,0,0,0,0,0,0.39736,0.0286359,0.00954531,0.0286359,0.00954531,0.0286359,0.00954531,0.0286359,0.00954531
112,19987.6,1.76642,0.98199,0.99195,0,0,0,0,0,0,0.1767,0.00274,0.0003,0,0,0,0,0,0,0,0,0,0,0,0,0,0,1.33394,0.4507,0,0,0.49051,0.07024,0.49059,0.49042,0.70582,0.63466,0.66346,0.39837,1.62318,0.86043,0.95339,0,0,0,0,0,0,0,0,0,0,0,0,0,0,0,0,0,0,0,0,0,0,0,0,0,0,0,0,0,0,0,0.39837,0.0286114,0.00953714,0.0286114,0.00953714,0.0286114,0.00953714,0.0286114,0.00953714
113,20160.6,1.75615,0.98389,0.99068,0,0,0,0,0,0,0.17569,0.00272,0.00038,3e-05,0,0,0,0,0,0,0,0,0,0,0,0,0,1.24206,0.45033,0,0,0.49049,0.07021,0.4895,0.49041,0.70772,0.6356,0.66504,0.39937,1.61999,0.85851,0.95269,0,0,0,0,0,0,0,0,0,0,0,0,0,0,0,0,0,0,0,0,0,0,0,0,0,0,0,0,0,0,0,0.39937,0.0285867,0.00952889,0.0285867,0.00952889,0.0285867,0.00952889,0.0285867,0.00952889
114,20344.2,1.76205,0.98313,0.99723,0,0,0,0,0,0,0.17611,0.00273,0.00028,5e-05,0,0,0,0,0,0,0,0,0,0,0,0,0,1.17443,0.44613,0,0,0.49049,0.07013,0.48972,0.49041,0.70679,0.63854,0.6668,0.40028,1.61726,0.85707,0.95214,0,0,0,0,0,0,0,0,0,0,0,0,0,0,0,0,0,0,0,0,0,0,0,0,0,0,0,0,0,0,0,0.40028,0.0285617,0.00952058,0.0285617,0.00952058,0.0285617,0.00952058,0.0285617,0.00952058
115,20514.8,1.74635,0.97057,0.98919,0,0,0,0,0,0,0.17522,0.00275,0.00025,0,0,0,0,0,0,0,0,0,0,0,0,0,0,1.27727,0.45106,0,0,0.49041,0.0701,0.48986,0.49019,0.70722,0.63954,0.66671,0.40097,1.61469,0.85588,0.95149,0,0,0,0,0,0,0,0,0,0,0,0,0,0,0,0,0,0,0,0,0,0,0,0,0,0,0,0,0,0,0,0.40097,0.0285366,0.0095122,0.0285366,0.0095122,0.0285366,0.0095122,0.0285366,0.0095122
116,20679.4,1.75069,0.9764,0.98756,0,0,0,0,0,0,0.1758,0.00274,0.00026,2e-05,0,0,0,0,0,0,0,0,0,0,0,0,0,1.27144,0.45546,0,0,0.49049,0.07018,0.4903,0.49026,0.70891,0.6388,0.66677,0.40177,1.61169,0.8545,0.95083,0,0,0,0,0,0,0,0,0,0,0,0,0,0,0,0,0,0,0,0,0,0,0,0,0,0,0,0,0,0,0,0.40177,0.0285113,0.00950375,0.0285113,0.00950375,0.0285113,0.00950375,0.0285113,0.00950375
117,20862,1.75088,0.97588,0.98408,0,0,0,0,0,0,0.17485,0.00273,0.0003,7e-05,0,0,0,0,0,0,0,0,0,0,0,0,0,1.33951,0.46003,0,0,0.49056,0.07026,0.48996,0.49046,0.70999,0.63961,0.66954,0.40333,1.60896,0.85281,0.95031,0,0,0,0,0,0,0,0,0,0,0,0,0,0,0,0,0,0,0,0,0,0,0,0,0,0,0,0,0,0,0,0.40333,0.0284857,0.00949524,0.0284857,0.00949524,0.0284857,0.00949524,0.0284857,0.00949524
118,21040.8,1.74901,0.97625,0.99406,0,0,0,0,0,0,0.1765,0.00272,0.00037,1e-05,0,0,0,0,0,0,0,0,0,0,0,0,0,1.20324,0.45097,0,0,0.49035,0.07005,0.48986,0.49027,0.70875,0.64175,0.67023,0.40416,1.60619,0.85102,0.94985,0,0,0,0,0,0,0,0,0,0,0,0,0,0,0,0,0,0,0,0,0,0,0,0,0,0,0,0,0,0,0,0.40416,0.02846,0.00948665,0.02846,0.00948665,0.02846,0.00948665,0.02846,0.00948665
119,21203.9,1.74705,0.97976,0.98808,0,0,0,0,0,0,0.17616,0.00274,0.00032,0,0,0,0,0,0,0,0,0,0,0,0,0,0,1.27573,0.45084,0,0,0.49047,0.07012,0.48967,0.49038,0.70887,0.64235,0.67092,0.40482,1.60319,0.84978,0.94916,0,0,0,0,0,0,0,0,0,0,0,0,0,0,0,0,0,0,0,0,0,0,0,0,0,0,0,0,0,0,0,0.40482,0.028434,0.009478,0.028434,0.009478,0.028434,0.009478,0.028434,0.009478
120,21384.7,1.73458,0.9614,0.98577,0,0,0,0,0,0,0.17204,0.00274,0.00028,2e-05,0,0,0,0,0,0,0,0,0,0,0,0,0,1.20245,0.44463,0,0,0.49064,0.07028,0.49025,0.49055,0.71142,0.64206,0.67187,0.4058,1.60001,0.84853,0.94872,0,0,0,0,0,0,0,0,0,0,0,0,0,0,0,0,0,0,0,0,0,0,0,0,0,0,0,0,0,0,0,0.4058,0.0284078,0.00946927,0.0284078,0.00946927,0.0284078,0.00946927,0.0284078,0.00946927
121,21568.6,1.74129,0.96523,0.98773,0,0,0,0,0,0,0.17485,0.00273,0.00032,0,0,0,0,0,0,0,0,0,0,0,0,0,0,1.30716,0.44981,0,0,0.49041,0.07011,0.48992,0.49031,0.71116,0.64237,0.67183,0.40677,1.5977,0.8475,0.94825,0,0,0,0,0,0,0,0,0,0,0,0,0,0,0,0,0,0,0,0,0,0,0,0,0,0,0,0,0,0,0,0.40677,0.0283814,0.00946048,0.0283814,0.00946048,0.0283814,0.00946048,0.0283814,0.00946048
122,21735.2,1.73343,0.95593,0.98393,0,0,0,0,0,0,0.17113,0.00271,0.00035,2e-05,0,0,0,0,0,0,0,0,0,0,0,0,0,1.18012,0.44189,0,0,0.49055,0.07018,0.4897,0.49046,0.71001,0.64457,0.67283,0.40751,1.59511,0.84572,0.94772,0,0,0,0,0,0,0,0,0,0,0,0,0,0,0,0,0,0,0,0,0,0,0,0,0,0,0,0,0,0,0,0.40751,0.0283549,0.00945162,0.0283549,0.00945162,0.0283549,0.00945162,0.0283549,0.00945162
123,21917,1.73515,0.96361,0.98377,0,0,0,0,0,0,0.17401,0.00271,0.00039,0,0,0,0,0,0,0,0,0,0,0,0,0,0,1.32383,0.4457,0,0,0.49036,0.07011,0.48875,0.49028,0.71439,0.64333,0.67379,0.40815,1.59272,0.84484,0.94706,0,0,0,0,0,0,0,0,0,0,0,0,0,0,0,0,0,0,0,0,0,0,0,0,0,0,0,0,0,0,0,0.40815,0.0283281,0.0094427,0.0283281,0.0094427,0.0283281,0.0094427,0.0283281,0.0094427
124,22103,1.71966,0.95074,0.97831,0,0,0,0,0,0,0.16891,0.00269,0.00034,0,0,0,0,0,0,0,0,0,0,0,0,0,0,1.3385,0.44995,0,0,0.49058,0.07029,0.48974,0.49049,0.71486,0.6439,0.67438,0.40898,1.58995,0.84325,0.94648,0,0,0,0,0,0,0,0,0,0,0,0,0,0,0,0,0,0,0,0,0,0,0,0,0,0,0,0,0,0,0,0.40898,0.0283011,0.0094337,0.0283011,0.0094337,0.0283011,0.0094337,0.0283011,0.0094337
125,22267.8,1.7244,0.95416,0.98218,0,0,0,0,0,0,0.17056,0.00273,0.00032,0,0,0,0,0,0,0,0,0,0,0,0,0,0,1.13743,0.43999,0,0,0.49036,0.0701,0.48953,0.49027,0.7197,0.64193,0.67474,0.40932,1.58687,0.84124,0.94569,0,0,0,0,0,0,0,0,0,0,0,0,0,0,0,0,0,0,0,0,0,0,0,0,0,0,0,0,0,0,0,0.40932,0.0282739,0.00942464,0.0282739,0.00942464,0.0282739,0.00942464,0.0282739,0.00942464
126,22450.6,1.72529,0.94898,0.98075,0,0,0,0,0,0,0.1727,0.00271,0.00029,0,0,0,0,0,0,0,0,0,0,0,0,0,0,1.21093,0.43911,0,0,0.49041,0.0701,0.48985,0.49019,0.71441,0.64374,0.6744,0.41022,1.58421,0.83964,0.94495,0,0,0,0,0,0,0,0,0,0,0,0,0,0,0,0,0,0,0,0,0,0,0,0,0,0,0,0,0,0,0,0.41022,0.0282465,0.00941551,0.0282465,0.00941551,0.0282465,0.00941551,0.0282465,0.00941551
127,22633.7,1.71764,0.9497,0.97983,0,0,0,0,0,0,0.1693,0.00272,0.00031,0,0,0,0,0,0,0,0,0,0,0,0,0,0,1.27853,0.44682,0,0,0.49046,0.07019,0.48949,0.49038,0.71429,0.64456,0.67493,0.41096,1.58172,0.83803,0.94436,0,0,0,0,0,0,0,0,0,0,0,0,0,0,0,0,0,0,0,0,0,0,0,0,0,0,0,0,0,0,0,0.41096,0.0282189,0.00940631,0.0282189,0.00940631,0.0282189,0.00940631,0.0282189,0.00940631
128,22795.1,1.7197,0.94818,0.98081,0,0,0,0,0,0,0.17002,0.00271,0.00024,0,0,0,0,0,0,0,0,0,0,0,0,0,0,1.23344,0.44192,0,0,0.49045,0.07018,0.48947,0.49036,0.71571,0.64332,0.67465,0.41175,1.57909,0.83686,0.94365,0,0,0,0,0,0,0,0,0,0,0,0,0,0,0,0,0,0,0,0,0,0,0,0,0,0,0,0,0,0,0,0.41175,0.0281911,0.00939705,0.0281911,0.00939705,0.0281911,0.00939705,0.0281911,0.00939705
129,22981.6,1.71849,0.94136,0.97388,0,0,0,0,0,0,0.16983,0.00271,0.00029,1e-05,0,0,0,0,0,0,0,0,0,0,0,0,0,1.36768,0.4647,0,0,0.49044,0.07017,0.48947,0.49033,0.71645,0.64434,0.67572,0.41219,1.57574,0.83471,0.94289,0,0,0,0,0,0,0,0,0,0,0,0,0,0,0,0,0,0,0,0,0,0,0,0,0,0,0,0,0,0,0,0.41219,0.0281632,0.00938772,0.0281632,0.00938772,0.0281632,0.00938772,0.0281632,0.00938772
130,23162.2,1.70811,0.94675,0.97818,0,0,0,0,0,0,0.16914,0.0027,0.00039,5e-05,0,0,0,0,0,0,0,0,0,0,0,0,0,1.22458,0.45297,0,0,0.49038,0.07009,0.48957,0.4903,0.71782,0.64559,0.67653,0.41288,1.57349,0.8332,0.94239,0,0,0,0,0,0,0,0,0,0,0,0,0,0,0,0,0,0,0,0,0,0,0,0,0,0,0,0,0,0,0,0.41288,0.028135,0.00937832,0.028135,0.00937832,0.028135,0.00937832,0.028135,0.00937832
131,23321.9,1.71985,0.94314,0.97811,0,0,0,0,0,0,0.16843,0.00269,0.00029,1e-05,0,0,0,0,0,0,0,0,0,0,0,0,0,1.17209,0.43914,0,0,0.49053,0.07024,0.48913,0.49043,0.72001,0.64514,0.67763,0.41366,1.57221,0.83202,0.94216,0,0,0,0,0,0,0,0,0,0,0,0,0,0,0,0,0,0,0,0,0,0,0,0,0,0,0,0,0,0,0,0.41366,0.0281066,0.00936886,0.0281066,0.00936886,0.0281066,0.00936886,0.0281066,0.00936886
132,23507.8,1.70874,0.94609,0.97774,0,0,0,0,0,0,0.16974,0.00266,0.00024,0,0,0,0,0,0,0,0,0,0,0,0,0,0,1.24986,0.44222,0,0,0.49045,0.07014,0.48938,0.49036,0.7175,0.64652,0.67801,0.41423,1.57046,0.83023,0.94169,0,0,0,0,0,0,0,0,0,0,0,0,0,0,0,0,0,0,0,0,0,0,0,0,0,0,0,0,0,0,0,0.41423,0.028078,0.00935932,0.028078,0.00935932,0.028078,0.00935932,0.028078,0.00935932
133,23688.2,1.71194,0.93966,0.97344,0,0,0,0,0,0,0.16823,0.00268,0.00024,0,0,0,0,0,0,0,0,0,0,0,0,0,0,1.18389,0.44213,0,0,0.49055,0.07026,0.49045,0.49045,0.71873,0.64758,0.67958,0.41482,1.56767,0.82825,0.9411,0,0,0,0,0,0,0,0,0,0,0,0,0,0,0,0,0,0,0,0,0,0,0,0,0,0,0,0,0,0,0,0.41482,0.0280492,0.00934973,0.0280492,0.00934973,0.0280492,0.00934973,0.0280492,0.00934973
134,23849.3,1.70228,0.9414,0.97328,0,0,0,0,0,0,0.16858,0.00269,0.00029,4e-05,0,0,0,0,0,0,0,0,0,0,0,0,0,1.31885,0.44214,0,0,0.49055,0.07025,0.49038,0.49044,0.71994,0.64799,0.6801,0.41519,1.56496,0.82686,0.94045,0,0,0,0,0,0,0,0,0,0,0,0,0,0,0,0,0,0,0,0,0,0,0,0,0,0,0,0,0,0,0,0.41519,0.0280202,0.00934006,0.0280202,0.00934006,0.0280202,0.00934006,0.0280202,0.00934006
135,24029.2,1.68866,0.9237,0.97155,0,0,0,0,0,0,0.16769,0.00269,0.00024,0,0,0,0,0,0,0,0,0,0,0,0,0,0,1.3115,0.44592,0,0,0.49047,0.07013,0.48921,0.49038,0.72202,0.64767,0.68008,0.41597,1.56241,0.82515,0.93991,0,0,0,0,0,0,0,0,0,0,0,0,0,0,0,0,0,0,0,0,0,0,0,0,0,0,0,0,0,0,0,0.41597,0.027991,0.00933033,0.027991,0.00933033,0.027991,0.00933033,0.027991,0.00933033
136,24215.1,1.6959,0.93491,0.97144,0,0,0,0,0,0,0.16717,0.0027,0.00033,1e-05,0,0,0,0,0,0,0,0,0,0,0,0,0,1.34302,0.46102,0,0,0.49046,0.07026,0.48946,0.49037,0.72155,0.64731,0.67985,0.41664,1.56027,0.82336,0.93939,0,0,0,0,0,0,0,0,0,0,0,0,0,0,0,0,0,0,0,0,0,0,0,0,0,0,0,0,0,0,0,0.41664,0.0279616,0.00932054,0.0279616,0.00932054,0.0279616,0.00932054,0.0279616,0.00932054
137,24378.7,1.69574,0.92662,0.97288,0,0,0,0,0,0,0.16654,0.0027,0.00028,0,0,0,0,0,0,0,0,0,0,0,0,0,0,1.39736,0.49469,0,0,0.4905,0.07018,0.48892,0.49029,0.7181,0.65205,0.6804,0.4177,1.55834,0.82183,0.93886,0,0,0,0,0,0,0,0,0,0,0,0,0,0,0,0,0,0,0,0,0,0,0,0,0,0,0,0,0,0,0,0.4177,0.027932,0.00931067,0.027932,0.00931067,0.027932,0.00931067,0.027932,0.00931067
138,24546.9,1.69375,0.92918,0.9745,0,0,0,0,0,0,0.16697,0.00266,0.00029,0,0,0,0,0,0,0,0,0,0,0,0,0,0,1.21957,0.44665,0,0,0.49045,0.07021,0.48937,0.49036,0.7211,0.64981,0.68094,0.41795,1.55526,0.82035,0.93821,0,0,0,0,0,0,0,0,0,0,0,0,0,0,0,0,0,0,0,0,0,0,0,0,0,0,0,0,0,0,0,0.41795,0.0279022,0.00930075,0.0279022,0.00930075,0.0279022,0.00930075,0.0279022,0.00930075
139,24734.6,1.69296,0.93316,0.9691,0,0,0,0,0,0,0.16714,0.0027,0.0003,4e-05,0,0,0,0,0,0,0,0,0,0,0,0,0,1.27569,0.44892,0,0,0.49041,0.07007,0.48893,0.49033,0.72202,0.65243,0.68243,0.41868,1.55253,0.81926,0.93752,0,0,0,0,0,0,0,0,0,0,0,0,0,0,0,0,0,0,0,0,0,0,0,0,0,0,0,0,0,0,0,0.41868,0.0278723,0.00929075,0.0278723,0.00929075,0.0278723,0.00929075,0.0278723,0.00929075
140,24905.2,1.69408,0.92591,0.97008,0,0,0,0,0,0,0.16457,0.00266,0.0002,0,0,0,0,0,0,0,0,0,0,0,0,0,0,1.30163,0.44453,0,0,0.49044,0.07013,0.48985,0.49034,0.72426,0.65272,0.68298,0.41912,1.55005,0.81716,0.93693,0,0,0,0,0,0,0,0,0,0,0,0,0,0,0,0,0,0,0,0,0,0,0,0,0,0,0,0,0,0,0,0.41912,0.0278421,0.00928069,0.0278421,0.00928069,0.0278421,0.00928069,0.0278421,0.00928069
141,25066.7,1.69776,0.93216,0.96904,0,0,0,0,0,0,0.16878,0.00267,0.00027,0,0,0,0,0,0,0,0,0,0,0,0,0,0,1.28363,0.44145,0,0,0.49061,0.0703,0.49009,0.49051,0.72332,0.65369,0.68382,0.41995,1.54756,0.81564,0.93634,0,0,0,0,0,0,0,0,0,0,0,0,0,0,0,0,0,0,0,0,0,0,0,0,0,0,0,0,0,0,0,0.41995,0.0278117,0.00927057,0.0278117,0.00927057,0.0278117,0.00927057,0.0278117,0.00927057
142,25244.5,1.68812,0.92103,0.97003,0,0,0,0,0,0,0.16567,0.00267,0.00028,0,0,0,0,0,0,0,0,0,0,0,0,0,0,1.29231,0.438,0,0,0.49037,0.07011,0.48948,0.49016,0.72591,0.6525,0.68349,0.4206,1.54468,0.81388,0.93561,0,0,0,0,0,0,0,0,0,0,0,0,0,0,0,0,0,0,0,0,0,0,0,0,0,0,0,0,0,0,0,0.4206,0.0277811,0.00926038,0.0277811,0.00926038,0.0277811,0.00926038,0.0277811,0.00926038
143,25426.9,1.68562,0.91884,0.97248,0,0,0,0,0,0,0.16662,0.00267,0.00031,4e-05,0,0,0,0,0,0,0,0,0,0,0,0,0,1.26551,0.44633,0,0,0.49046,0.07014,0.48901,0.49038,0.7272,0.65265,0.68466,0.4213,1.54156,0.81232,0.93503,0,0,0,0,0,0,0,0,0,0,0,0,0,0,0,0,0,0,0,0,0,0,0,0,0,0,0,0,0,0,0,0.4213,0.0277504,0.00925013,0.0277504,0.00925013,0.0277504,0.00925013,0.0277504,0.00925013
144,25585.1,1.68596,0.92602,0.97008,0,0,0,0,0,0,0.16438,0.00264,0.00028,0,0,0,0,0,0,0,0,0,0,0,0,0,0,1.18141,0.43995,0,0,0.49045,0.07022,0.48913,0.49036,0.7282,0.65478,0.68596,0.42241,1.53899,0.81103,0.9344,0,0,0,0,0,0,0,0,0,0,0,0,0,0,0,0,0,0,0,0,0,0,0,0,0,0,0,0,0,0,0,0.42241,0.0277194,0.00923981,0.0277194,0.00923981,0.0277194,0.00923981,0.0277194,0.00923981
145,25752.2,1.67551,0.91753,0.96855,0,0,0,0,0,0,0.16607,0.00267,0.00029,1e-05,0,0,0,0,0,0,0,0,0,0,0,0,0,1.20091,0.44171,0,0,0.49053,0.07015,0.48936,0.49045,0.72711,0.65494,0.68586,0.42283,1.53664,0.80937,0.93397,0,0,0,0,0,0,0,0,0,0,0,0,0,0,0,0,0,0,0,0,0,0,0,0,0,0,0,0,0,0,0,0.42283,0.0276883,0.00922942,0.0276883,0.00922942,0.0276883,0.00922942,0.0276883,0.00922942
146,25931.8,1.67074,0.91362,0.96556,0,0,0,0,0,0,0.16413,0.00266,0.00027,1e-05,0,0,0,0,0,0,0,0,0,0,0,0,0,1.29396,0.45064,0,0,0.49052,0.07023,0.48936,0.49043,0.72543,0.65618,0.68582,0.42365,1.53472,0.80776,0.93348,0,0,0,0,0,0,0,0,0,0,0,0,0,0,0,0,0,0,0,0,0,0,0,0,0,0,0,0,0,0,0,0.42365,0.0276569,0.00921898,0.0276569,0.00921898,0.0276569,0.00921898,0.0276569,0.00921898
147,26110.1,1.68055,0.92316,0.97019,0,0,0,0,0,0,0.16502,0.00264,0.00032,0,0,0,0,0,0,0,0,0,0,0,0,0,0,1.23006,0.44147,0,0,0.49065,0.07028,0.4903,0.49056,0.72604,0.65755,0.68657,0.42415,1.53223,0.80644,0.93305,0,0,0,0,0,0,0,0,0,0,0,0,0,0,0,0,0,0,0,0,0,0,0,0,0,0,0,0,0,0,0,0.42415,0.0276254,0.00920846,0.0276254,0.00920846,0.0276254,0.00920846,0.0276254,0.00920846
148,26275.3,1.68183,0.92079,0.96808,0,0,0,0,0,0,0.16532,0.00265,0.00029,1e-05,0,0,0,0,0,0,0,0,0,0,0,0,0,1.19586,0.43737,0,0,0.49054,0.07022,0.49009,0.49044,0.72478,0.65806,0.68684,0.42482,1.53001,0.80459,0.93239,0,0,0,0,0,0,0,0,0,0,0,0,0,0,0,0,0,0,0,0,0,0,0,0,0,0,0,0,0,0,0,0.42482,0.0275937,0.00919789,0.0275937,0.00919789,0.0275937,0.00919789,0.0275937,0.00919789
149,26450.7,1.67777,0.91369,0.96847,0,0,0,0,0,0,0.16368,0.00267,0.00034,0,0,0,0,0,0,0,0,0,0,0,0,0,0,1.17609,0.43488,0,0,0.49038,0.07017,0.48927,0.49016,0.72845,0.65561,0.6875,0.42548,1.52777,0.80337,0.93174,0,0,0,0,0,0,0,0,0,0,0,0,0,0,0,0,0,0,0,0,0,0,0,0,0,0,0,0,0,0,0,0.42548,0.0275617,0.00918725,0.0275617,0.00918725,0.0275617,0.00918725,0.0275617,0.00918725
150,26634.4,1.68446,0.91618,0.96748,0,0,0,0,0,0,0.16453,0.00266,0.00026,0,0,0,0,0,0,0,0,0,0,0,0,0,0,1.11915,0.43036,0,0,0.49049,0.07014,0.4894,0.4904,0.72715,0.65647,0.6879,0.42639,1.52542,0.8014,0.93116,0,0,0,0,0,0,0,0,0,0,0,0,0,0,0,0,0,0,0,0,0,0,0,0,0,0,0,0,0,0,0,0.42639,0.0275296,0.00917654,0.0275296,0.00917654,0.0275296,0.00917654,0.0275296,0.00917654
151,26805,1.6619,0.90471,0.96456,0,0,0,0,0,0,0.1643,0.00266,0.00029,2e-05,0,0,0,0,0,0,0,0,0,0,0,0,0,1.36902,0.45323,0,0,0.49042,0.0701,0.48973,0.49031,0.72707,0.65731,0.68885,0.42694,1.52312,0.79972,0.93047,0,0,0,0,0,0,0,0,0,0,0,0,0,0,0,0,0,0,0,0,0,0,0,0,0,0,0,0,0,0,0,0.42694,0.0274973,0.00916577,0.0274973,0.00916577,0.0274973,0.00916577,0.0274973,0.00916577
152,26974,1.66256,0.90873,0.96343,0,0,0,0,0,0,0.16312,0.00266,0.00037,4e-05,0,0,0,0,0,0,0,0,0,0,0,0,0,1.16219,0.44293,0,0,0.49036,0.07019,0.48935,0.49028,0.72547,0.66046,0.68958,0.42695,1.52079,0.79811,0.92994,0,0,0,0,0,0,0,0,0,0,0,0,0,0,0,0,0,0,0,0,0,0,0,0,0,0,0,0,0,0,0,0.42695,0.0274648,0.00915494,0.0274648,0.00915494,0.0274648,0.00915494,0.0274648,0.00915494
153,27155.9,1.67221,0.9078,0.96365,0,0,0,0,0,0,0.16512,0.00265,0.00024,1e-05,0,0,0,0,0,0,0,0,0,0,0,0,0,1.14588,0.43613,0,0,0.49034,0.07012,0.48968,0.49024,0.72751,0.66214,0.69093,0.42781,1.51837,0.79659,0.9292,0,0,0,0,0,0,0,0,0,0,0,0,0,0,0,0,0,0,0,0,0,0,0,0,0,0,0,0,0,0,0,0.42781,0.0274321,0.00914405,0.0274321,0.00914405,0.0274321,0.00914405,0.0274321,0.00914405
154,27331.3,1.6773,0.91794,0.96535,0,0,0,0,0,0,0.16448,0.00264,0.00027,1e-05,0,0,0,0,0,0,0,0,0,0,0,0,0,1.15002,0.43428,0,0,0.49051,0.07022,0.48956,0.49042,0.72581,0.66366,0.69069,0.42855,1.51615,0.79509,0.92862,0,0,0,0,0,0,0,0,0,0,0,0,0,0,0,0,0,0,0,0,0,0,0,0,0,0,0,0,0,0,0,0.42855,0.0273993,0.00913309,0.0273993,0.00913309,0.0273993,0.00913309,0.0273993,0.00913309
155,27498.7,1.67346,0.91059,0.96607,0,0,0,0,0,0,0.16318,0.00264,0.00021,8e-05,0,0,0,0,0,0,0,0,0,0,0,0,0,1.20755,0.43364,0,0,0.49045,0.07019,0.49004,0.49023,0.72835,0.66277,0.69181,0.42926,1.51365,0.79381,0.92802,0,0,0,0,0,0,0,0,0,0,0,0,0,0,0,0,0,0,0,0,0,0,0,0,0,0,0,0,0,0,0,0.42926,0.0273662,0.00912207,0.0273662,0.00912207,0.0273662,0.00912207,0.0273662,0.00912207
156,27678.6,1.66603,0.90721,0.96272,0,0,0,0,0,0,0.16334,0.00263,0.00034,0,0,0,0,0,0,0,0,0,0,0,0,0,0,1.16654,0.42574,0,0,0.49042,0.07011,0.48911,0.49033,0.72851,0.66515,0.69273,0.42997,1.51145,0.7923,0.9275,0,0,0,0,0,0,0,0,0,0,0,0,0,0,0,0,0,0,0,0,0,0,0,0,0,0,0,0,0,0,0,0.42997,0.027333,0.00911099,0.027333,0.00911099,0.027333,0.00911099,0.027333,0.00911099
157,27861.2,1.65995,0.90453,0.96312,0,0,0,0,0,0,0.16382,0.00264,0.00024,1e-05,0,0,0,0,0,0,0,0,0,0,0,0,0,1.19225,0.42679,0,0,0.49042,0.07012,0.48869,0.49034,0.72974,0.66454,0.69329,0.43056,1.50936,0.7909,0.92683,0,0,0,0,0,0,0,0,0,0,0,0,0,0,0,0,0,0,0,0,0,0,0,0,0,0,0,0,0,0,0,0.43056,0.0272995,0.00909984,0.0272995,0.00909984,0.0272995,0.00909984,0.0272995,0.00909984
158,28027.5,1.67101,0.9083,0.96261,0,0,0,0,0,0,0.16357,0.00266,0.00031,0,0,0,0,0,0,0,0,0,0,0,0,0,0,1.3191,0.44194,0,0,0.49035,0.07007,0.4895,0.49026,0.7295,0.66428,0.69462,0.43162,1.50698,0.78938,0.92626,0,0,0,0,0,0,0,0,0,0,0,0,0,0,0,0,0,0,0,0,0,0,0,0,0,0,0,0,0,0,0,0.43162,0.0272659,0.00908863,0.0272659,0.00908863,0.0272659,0.00908863,0.0272659,0.00908863
159,28207.2,1.66265,0.90553,0.96691,0,0,0,0,0,0,0.15985,0.00263,0.00033,4e-05,0,0,0,0,0,0,0,0,0,0,0,0,0,1.30145,0.44177,0,0,0.49043,0.07018,0.4885,0.49034,0.73085,0.66519,0.6946,0.43193,1.50541,0.78808,0.92579,0,0,0,0,0,0,0,0,0,0,0,0,0,0,0,0,0,0,0,0,0,0,0,0,0,0,0,0,0,0,0,0.43193,0.0272321,0.00907736,0.0272321,0.00907736,0.0272321,0.00907736,0.0272321,0.00907736
160,28396.7,1.66499,0.89986,0.96143,0,0,0,0,0,0,0.16402,0.00264,0.00022,1e-05,0,0,0,0,0,0,0,0,0,0,0,0,0,1.20144,0.43481,0,0,0.49054,0.07028,0.48938,0.49046,0.72901,0.66552,0.6947,0.43241,1.50383,0.78694,0.92527,0,0,0,0,0,0,0,0,0,0,0,0,0,0,0,0,0,0,0,0,0,0,0,0,0,0,0,0,0,0,0,0.43241,0.0271981,0.00906603,0.0271981,0.00906603,0.0271981,0.00906603,0.0271981,0.00906603
161,28571.1,1.65801,0.90312,0.95966,0,0,0,0,0,0,0.16356,0.00265,0.00035,1e-05,0,0,0,0,0,0,0,0,0,0,0,0,0,1.21186,0.42996,0,0,0.49039,0.07011,0.48983,0.49029,0.73554,0.66404,0.69572,0.43273,1.50179,0.78551,0.92475,0,0,0,0,0,0,0,0,0,0,0,0,0,0,0,0,0,0,0,0,0,0,0,0,0,0,0,0,0,0,0,0.43273,0.0271639,0.00905463,0.0271639,0.00905463,0.0271639,0.00905463,0.0271639,0.00905463
162,28751,1.65814,0.89436,0.96018,0,0,0,0,0,0,0.1616,0.00264,0.00024,0,0,0,0,0,0,0,0,0,0,0,0,0,0,1.16724,0.43146,0,0,0.49045,0.07023,0.48966,0.49037,0.73759,0.66346,0.69646,0.43402,1.49968,0.78438,0.92415,0,0,0,0,0,0,0,0,0,0,0,0,0,0,0,0,0,0,0,0,0,0,0,0,0,0,0,0,0,0,0,0.43402,0.0271295,0.00904318,0.0271295,0.00904318,0.0271295,0.00904318,0.0271295,0.00904318
163,28937.2,1.65165,0.89264,0.95901,0,0,0,0,0,0,0.16257,0.00263,0.00026,0,0,0,0,0,0,0,0,0,0,0,0,0,0,1.20701,0.43383,0,0,0.49047,0.07019,0.48899,0.49038,0.73429,0.66533,0.6969,0.43463,1.49739,0.78286,0.92361,0,0,0,0,0,0,0,0,0,0,0,0,0,0,0,0,0,0,0,0,0,0,0,0,0,0,0,0,0,0,0,0.43463,0.027095,0.00903166,0.027095,0.00903166,0.027095,0.00903166,0.027095,0.00903166
164,29105.7,1.65704,0.89613,0.95883,0,0,0,0,0,0,0.16154,0.00263,0.00024,0,0,0,0,0,0,0,0,0,0,0,0,0,0,1.14476,0.43236,0,0,0.49052,0.07023,0.49013,0.49042,0.7376,0.66456,0.69692,0.43453,1.49485,0.78131,0.92308,0,0,0,0,0,0,0,0,0,0,0,0,0,0,0,0,0,0,0,0,0,0,0,0,0,0,0,0,0,0,0,0.43453,0.0270602,0.00902008,0.0270602,0.00902008,0.0270602,0.00902008,0.0270602,0.00902008
165,29285,1.64893,0.8937,0.95675,0,0,0,0,0,0,0.16175,0.00262,0.00028,2e-05,0,0,0,0,0,0,0,0,0,0,0,0,0,1.14336,0.43424,0,0,0.49038,0.07009,0.49033,0.49027,0.73933,0.66465,0.69771,0.43531,1.49336,0.7799,0.9226,0,0,0,0,0,0,0,0,0,0,0,0,0,0,0,0,0,0,0,0,0,0,0,0,0,0,0,0,0,0,0,0.43531,0.0270253,0.00900844,0.0270253,0.00900844,0.0270253,0.00900844,0.0270253,0.00900844
166,29472.3,1.65936,0.89911,0.95727,0,0,0,0,0,0,0.16206,0.00261,0.00027,0,0,0,0,0,0,0,0,0,0,0,0,0,0,1.20914,0.43504,0,0,0.49053,0.07021,0.48962,0.49032,0.73954,0.6661,0.69888,0.43604,1.49181,0.7783,0.92197,0,0,0,0,0,0,0,0,0,0,0,0,0,0,0,0,0,0,0,0,0,0,0,0,0,0,0,0,0,0,0,0.43604,0.0269902,0.00899674,0.0269902,0.00899674,0.0269902,0.00899674,0.0269902,0.00899674
167,29643,1.65097,0.8948,0.95943,0,0,0,0,0,0,0.16129,0.00261,0.00021,6e-05,0,0,0,0,0,0,0,0,0,0,0,0,0,1.19642,0.43643,0,0,0.4905,0.07023,0.49007,0.49041,0.7417,0.66514,0.69905,0.43639,1.49015,0.77719,0.92149,0,0,0,0,0,0,0,0,0,0,0,0,0,0,0,0,0,0,0,0,0,0,0,0,0,0,0,0,0,0,0,0.43639,0.0269549,0.00898497,0.0269549,0.00898497,0.0269549,0.00898497,0.0269549,0.00898497
168,29813.5,1.64239,0.88877,0.95527,0,0,0,0,0,0,0.16023,0.00261,0.0003,2e-05,0,0,0,0,0,0,0,0,0,0,0,0,0,1.21076,0.4361,0,0,0.49041,0.07009,0.4899,0.49032,0.74633,0.66449,0.69985,0.43707,1.48743,0.77549,0.92096,0,0,0,0,0,0,0,0,0,0,0,0,0,0,0,0,0,0,0,0,0,0,0,0,0,0,0,0,0,0,0,0.43707,0.0269195,0.00897315,0.0269195,0.00897315,0.0269195,0.00897315,0.0269195,0.00897315
169,29999.3,1.6466,0.89723,0.95766,0,0,0,0,0,0,0.15973,0.00261,0.00032,0,0,0,0,0,0,0,0,0,0,0,0,0,0,1.20058,0.43169,0,0,0.49055,0.07023,0.48984,0.49045,0.74911,0.66483,0.69948,0.4372,1.48499,0.77398,0.9203,0,0,0,0,0,0,0,0,0,0,0,0,0,0,0,0,0,0,0,0,0,0,0,0,0,0,0,0,0,0,0,0.4372,0.0268838,0.00896127,0.0268838,0.00896127,0.0268838,0.00896127,0.0268838,0.00896127
170,30178.9,1.64384,0.88567,0.95969,0,0,0,0,0,0,0.15982,0.00262,0.00027,0,0,0,0,0,0,0,0,0,0,0,0,0,0,1.17203,0.43294,0,0,0.49046,0.07015,0.48978,0.49038,0.74905,0.66484,0.69962,0.43808,1.48277,0.77233,0.91984,0,0,0,0,0,0,0,0,0,0,0,0,0,0,0,0,0,0,0,0,0,0,0,0,0,0,0,0,0,0,0,0.43808,0.026848,0.00894932,0.026848,0.00894932,0.026848,0.00894932,0.026848,0.00894932
171,30347.8,1.64921,0.89179,0.95469,0,0,0,0,0,0,0.16185,0.0026,0.00032,0,0,0,0,0,0,0,0,0,0,0,0,0,0,1.16421,0.43468,0,0,0.49052,0.07022,0.49043,0.49043,0.74831,0.6667,0.70069,0.43933,1.48065,0.77123,0.91932,0,0,0,0,0,0,0,0,0,0,0,0,0,0,0,0,0,0,0,0,0,0,0,0,0,0,0,0,0,0,0,0.43933,0.026812,0.00893732,0.026812,0.00893732,0.026812,0.00893732,0.026812,0.00893732
172,30526,1.64253,0.88605,0.9566,0,0,0,0,0,0,0.16035,0.0026,0.00036,0,0,0,0,0,0,0,0,0,0,0,0,0,0,1.1743,0.43034,0,0,0.49035,0.07008,0.48951,0.49025,0.74899,0.66887,0.70172,0.43916,1.47858,0.77046,0.91884,0,0,0,0,0,0,0,0,0,0,0,0,0,0,0,0,0,0,0,0,0,0,0,0,0,0,0,0,0,0,0,0.43916,0.0267758,0.00892525,0.0267758,0.00892525,0.0267758,0.00892525,0.0267758,0.00892525
173,30711.3,1.6293,0.88158,0.95359,0,0,0,0,0,0,0.15907,0.0026,0.00031,5e-05,0,0,0,0,0,0,0,0,0,0,0,0,0,1.26333,0.43635,0,0,0.49047,0.07019,0.48927,0.49037,0.74972,0.66964,0.70268,0.44,1.47719,0.76932,0.91847,0,0,0,0,0,0,0,0,0,0,0,0,0,0,0,0,0,0,0,0,0,0,0,0,0,0,0,0,0,0,0,0.44,0.0267394,0.00891313,0.0267394,0.00891313,0.0267394,0.00891313,0.0267394,0.00891313
174,30882.8,1.64022,0.88427,0.95614,0,0,0,0,0,0,0.15875,0.00259,0.00023,0,0,0,0,0,0,0,0,0,0,0,0,0,0,1.32439,0.44151,0,0,0.49046,0.07016,0.48946,0.49038,0.75039,0.67078,0.70354,0.44041,1.47499,0.768,0.91795,0,0,0,0,0,0,0,0,0,0,0,0,0,0,0,0,0,0,0,0,0,0,0,0,0,0,0,0,0,0,0,0.44041,0.0267028,0.00890095,0.0267028,0.00890095,0.0267028,0.00890095,0.0267028,0.00890095
175,31051.2,1.63897,0.88528,0.95641,0,0,0,0,0,0,0.15876,0.00259,0.00021,0,0,0,0,0,0,0,0,0,0,0,0,0,0,1.22044,0.43714,0,0,0.49054,0.07026,0.48935,0.49046,0.74934,0.67013,0.70332,0.44117,1.47303,0.76655,0.91757,0,0,0,0,0,0,0,0,0,0,0,0,0,0,0,0,0,0,0,0,0,0,0,0,0,0,0,0,0,0,0,0.44117,0.0266661,0.0088887,0.0266661,0.0088887,0.0266661,0.0088887,0.0266661,0.0088887
176,31231.8,1.6367,0.88906,0.95553,0,0,0,0,0,0,0.15841,0.00258,0.00023,1e-05,0,0,0,0,0,0,0,0,0,0,0,0,0,1.18892,0.43416,0,0,0.49046,0.07018,0.4896,0.49037,0.74691,0.67052,0.70372,0.44127,1.47069,0.76507,0.91724,0,0,0,0,0,0,0,0,0,0,0,0,0,0,0,0,0,0,0,0,0,0,0,0,0,0,0,0,0,0,0,0.44127,0.0266292,0.0088764,0.0266292,0.0088764,0.0266292,0.0088764,0.0266292,0.0088764
177,31418.4,1.6375,0.88558,0.95647,0,0,0,0,0,0,0.16012,0.00258,0.0003,0,0,0,0,0,0,0,0,0,0,0,0,0,0,1.28323,0.43657,0,0,0.49044,0.07017,0.48955,0.49034,0.74802,0.67118,0.70506,0.44182,1.46864,0.7639,0.91672,0,0,0,0,0,0,0,0,0,0,0,0,0,0,0,0,0,0,0,0,0,0,0,0,0,0,0,0,0,0,0,0.44182,0.0265921,0.00886404,0.0265921,0.00886404,0.0265921,0.00886404,0.0265921,0.00886404
178,31592.8,1.63398,0.88176,0.95697,0,0,0,0,0,0,0.15902,0.00258,0.00037,6e-05,0,0,0,0,0,0,0,0,0,0,0,0,0,1.24242,0.4368,0,0,0.49047,0.07008,0.48961,0.49038,0.75015,0.67141,0.70552,0.44222,1.46699,0.76313,0.9164,0,0,0,0,0,0,0,0,0,0,0,0,0,0,0,0,0,0,0,0,0,0,0,0,0,0,0,0,0,0,0,0.44222,0.0265549,0.00885162,0.0265549,0.00885162,0.0265549,0.00885162,0.0265549,0.00885162
179,31763.9,1.62917,0.87772,0.95587,0,0,0,0,0,0,0.16075,0.00258,0.00022,0,0,0,0,0,0,0,0,0,0,0,0,0,0,1.17126,0.43332,0,0,0.49051,0.07014,0.48927,0.49042,0.75037,0.67287,0.70714,0.44351,1.46414,0.7619,0.91597,0,0,0,0,0,0,0,0,0,0,0,0,0,0,0,0,0,0,0,0,0,0,0,0,0,0,0,0,0,0,0,0.44351,0.0265174,0.00883914,0.0265174,0.00883914,0.0265174,0.00883914,0.0265174,0.00883914
180,31941.9,1.61805,0.87478,0.95318,0,0,0,0,0,0,0.16037,0.00259,0.00033,4e-05,0,0,0,0,0,0,0,0,0,0,0,0,0,1.1919,0.4335,0,0,0.49037,0.07011,0.48963,0.49028,0.75242,0.67221,0.70757,0.44374,1.46219,0.76083,0.91575,0,0,0,0,0,0,0,0,0,0,0,0,0,0,0,0,0,0,0,0,0,0,0,0,0,0,0,0,0,0,0,0.44374,0.0264798,0.0088266,0.0264798,0.0088266,0.0264798,0.0088266,0.0264798,0.0088266
181,32119.9,1.62692,0.8757,0.95479,0,0,0,0,0,0,0.15811,0.00259,0.00021,0,0,0,0,0,0,0,0,0,0,0,0,0,0,1.17835,0.43502,0,0,0.4904,0.07011,0.48925,0.49031,0.75323,0.67239,0.7071,0.44392,1.46054,0.75907,0.91535,0,0,0,0,0,0,0,0,0,0,0,0,0,0,0,0,0,0,0,0,0,0,0,0,0,0,0,0,0,0,0,0.44392,0.026442,0.00881401,0.026442,0.00881401,0.026442,0.00881401,0.026442,0.00881401
182,32287.2,1.62978,0.88529,0.9519,0,0,0,0,0,0,0.15888,0.00258,0.00024,2e-05,0,0,0,0,0,0,0,0,0,0,0,0,0,1.11405,0.43354,0,0,0.49058,0.07026,0.48953,0.49049,0.75413,0.67248,0.7076,0.44471,1.45813,0.7578,0.91489,0,0,0,0,0,0,0,0,0,0,0,0,0,0,0,0,0,0,0,0,0,0,0,0,0,0,0,0,0,0,0,0.44471,0.0264041,0.00880136,0.0264041,0.00880136,0.0264041,0.00880136,0.0264041,0.00880136
183,32459.8,1.64068,0.8898,0.95635,0,0,0,0,0,0,0.16011,0.00258,0.00029,0,0,0,0,0,0,0,0,0,0,0,0,0,0,1.2109,0.43821,0,0,0.49036,0.07016,0.48992,0.49027,0.75407,0.6738,0.70827,0.44508,1.4562,0.75713,0.91445,0,0,0,0,0,0,0,0,0,0,0,0,0,0,0,0,0,0,0,0,0,0,0,0,0,0,0,0,0,0,0,0.44508,0.0263659,0.00878864,0.0263659,0.00878864,0.0263659,0.00878864,0.0263659,0.00878864
184,32631.9,1.62685,0.87783,0.95218,0,0,0,0,0,0,0.1599,0.00259,0.00031,0,0,0,0,0,0,0,0,0,0,0,0,0,0,1.06376,0.42616,0,0,0.49035,0.07016,0.48929,0.49026,0.75536,0.6734,0.70887,0.44541,1.45383,0.75558,0.91416,0,0,0,0,0,0,0,0,0,0,0,0,0,0,0,0,0,0,0,0,0,0,0,0,0,0,0,0,0,0,0,0.44541,0.0263276,0.00877588,0.0263276,0.00877588,0.0263276,0.00877588,0.0263276,0.00877588
185,32807.4,1.6187,0.87409,0.94645,0,0,0,0,0,0,0.15836,0.0026,0.00026,4e-05,0,0,0,0,0,0,0,0,0,0,0,0,0,1.23672,0.42955,0,0,0.49055,0.07023,0.48994,0.49045,0.75344,0.67413,0.70967,0.44621,1.45169,0.7548,0.91365,0,0,0,0,0,0,0,0,0,0,0,0,0,0,0,0,0,0,0,0,0,0,0,0,0,0,0,0,0,0,0,0.44621,0.0262891,0.00876305,0.0262891,0.00876305,0.0262891,0.00876305,0.0262891,0.00876305
186,32982,1.6172,0.86856,0.95327,0,0,0,0,0,0,0.15675,0.00259,0.00031,1e-05,0,0,0,0,0,0,0,0,0,0,0,0,0,1.35312,0.44945,0,0,0.49047,0.07016,0.48926,0.49039,0.75057,0.67641,0.71011,0.44697,1.44984,0.75395,0.91334,0,0,0,0,0,0,0,0,0,0,0,0,0,0,0,0,0,0,0,0,0,0,0,0,0,0,0,0,0,0,0,0.44697,0.0262505,0.00875017,0.0262505,0.00875017,0.0262505,0.00875017,0.0262505,0.00875017
187,33148.6,1.62031,0.86651,0.95133,0,0,0,0,0,0,0.15634,0.00257,0.00022,0,0,0,0,0,0,0,0,0,0,0,0,0,0,1.18558,0.43631,0,0,0.49045,0.07009,0.4899,0.49035,0.7509,0.67638,0.71075,0.44722,1.44829,0.75275,0.91303,0,0,0,0,0,0,0,0,0,0,0,0,0,0,0,0,0,0,0,0,0,0,0,0,0,0,0,0,0,0,0,0.44722,0.0262117,0.00873723,0.0262117,0.00873723,0.0262117,0.00873723,0.0262117,0.00873723
188,33320.1,1.62619,0.88123,0.95514,0,0,0,0,0,0,0.15978,0.00257,0.00022,0,0,0,0,0,0,0,0,0,0,0,0,0,0,1.12328,0.43111,0,0,0.49045,0.07017,0.48956,0.49036,0.75522,0.67519,0.71089,0.44765,1.44699,0.75144,0.91284,0,0,0,0,0,0,0,0,0,0,0,0,0,0,0,0,0,0,0,0,0,0,0,0,0,0,0,0,0,0,0,0.44765,0.0261727,0.00872423,0.0261727,0.00872423,0.0261727,0.00872423,0.0261727,0.00872423
189,33491.9,1.62356,0.87794,0.95178,0,0,0,0,0,0,0.15846,0.00258,0.00022,0,0,0,0,0,0,0,0,0,0,0,0,0,0,1.09966,0.43273,0,0,0.49049,0.07014,0.48979,0.49039,0.75351,0.67737,0.71165,0.44826,1.4455,0.75067,0.91232,0,0,0,0,0,0,0,0,0,0,0,0,0,0,0,0,0,0,0,0,0,0,0,0,0,0,0,0,0,0,0,0.44826,0.0261335,0.00871117,0.0261335,0.00871117,0.0261335,0.00871117,0.0261335,0.00871117
190,33665.3,1.6314,0.88366,0.94995,0,0,0,0,0,0,0.15968,0.00255,0.00028,0.00011,0,0,0,0,0,0,0,0,0,0,0,0,0,1.14997,0.43287,0,0,0.4904,0.07009,0.48976,0.49032,0.75255,0.67713,0.71191,0.44869,1.44296,0.74913,0.91199,0,0,0,0,0,0,0,0,0,0,0,0,0,0,0,0,0,0,0,0,0,0,0,0,0,0,0,0,0,0,0,0.44869,0.0260942,0.00869806,0.0260942,0.00869806,0.0260942,0.00869806,0.0260942,0.00869806
191,33838.8,1.62144,0.87061,0.95011,0,0,0,0,0,0,0.15874,0.00257,0.0003,2e-05,0,0,0,0,0,0,0,0,0,0,0,0,0,1.27196,0.44137,0,0,0.49045,0.07013,0.48963,0.49036,0.75441,0.67748,0.7123,0.44907,1.44058,0.74781,0.91163,0,0,0,0,0,0,0,0,0,0,0,0,0,0,0,0,0,0,0,0,0,0,0,0,0,0,0,0,0,0,0,0.44907,0.0260547,0.0086849,0.0260547,0.0086849,0.0260547,0.0086849,0.0260547,0.0086849
192,34005.5,1.60321,0.86281,0.94875,0,0,0,0,0,0,0.15672,0.00257,0.00023,0,0,0,0,0,0,0,0,0,0,0,0,0,0,1.15667,0.42973,0,0,0.49046,0.07009,0.48888,0.49037,0.75296,0.67901,0.71304,0.44977,1.43846,0.74662,0.91115,0,0,0,0,0,0,0,0,0,0,0,0,0,0,0,0,0,0,0,0,0,0,0,0,0,0,0,0,0,0,0,0.44977,0.026015,0.00867167,0.026015,0.00867167,0.026015,0.00867167,0.026015,0.00867167
193,34175.5,1.61953,0.87338,0.94961,0,0,0,0,0,0,0.1567,0.00257,0.00034,0,0,0,0,0,0,0,0,0,0,0,0,0,0,1.13094,0.42291,0,0,0.49064,0.07028,0.48997,0.49054,0.75382,0.67916,0.71411,0.45018,1.43656,0.74539,0.91068,0,0,0,0,0,0,0,0,0,0,0,0,0,0,0,0,0,0,0,0,0,0,0,0,0,0,0,0,0,0,0,0.45018,0.0259752,0.00865839,0.0259752,0.00865839,0.0259752,0.00865839,0.0259752,0.00865839
194,34343.8,1.6086,0.87015,0.94968,0,0,0,0,0,0,0.15912,0.00257,0.0002,2e-05,0,0,0,0,0,0,0,0,0,0,0,0,0,1.16441,0.42458,0,0,0.49049,0.07018,0.49089,0.49038,0.75387,0.68047,0.71416,0.45043,1.4344,0.74413,0.91019,0,0,0,0,0,0,0,0,0,0,0,0,0,0,0,0,0,0,0,0,0,0,0,0,0,0,0,0,0,0,0,0.45043,0.0259352,0.00864506,0.0259352,0.00864506,0.0259352,0.00864506,0.0259352,0.00864506
195,34513.6,1.60783,0.86422,0.94572,0,0,0,0,0,0,0.15626,0.00259,0.00032,0,0,0,0,0,0,0,0,0,0,0,0,0,0,1.20829,0.42504,0,0,0.49055,0.07021,0.48957,0.49045,0.75683,0.67878,0.71394,0.45048,1.43251,0.74292,0.90969,0,0,0,0,0,0,0,0,0,0,0,0,0,0,0,0,0,0,0,0,0,0,0,0,0,0,0,0,0,0,0,0.45048,0.025895,0.00863167,0.025895,0.00863167,0.025895,0.00863167,0.025895,0.00863167
196,34686.4,1.62361,0.87086,0.94925,0,0,0,0,0,0,0.15822,0.00259,0.00022,0.00011,0,0,0,0,0,0,0,0,0,0,0,0,0,1.14563,0.42401,0,0,0.49057,0.07019,0.48991,0.49048,0.75517,0.68156,0.71466,0.45104,1.43069,0.74189,0.90928,0,0,0,0,0,0,0,0,0,0,0,0,0,0,0,0,0,0,0,0,0,0,0,0,0,0,0,0,0,0,0,0.45104,0.0258547,0.00861823,0.0258547,0.00861823,0.0258547,0.00861823,0.0258547,0.00861823
197,34859.3,1.60989,0.86769,0.95159,0,0,0,0,0,0,0.15737,0.0026,0.00036,2e-05,0,0,0,0,0,0,0,0,0,0,0,0,0,1.45858,0.45991,0,0,0.49044,0.07013,0.48976,0.49034,0.75704,0.68061,0.71454,0.45149,1.42896,0.74117,0.90889,0,0,0,0,0,0,0,0,0,0,0,0,0,0,0,0,0,0,0,0,0,0,0,0,0,0,0,0,0,0,0,0.45149,0.0258142,0.00860473,0.0258142,0.00860473,0.0258142,0.00860473,0.0258142,0.00860473
198,35035.9,1.61538,0.86766,0.95009,0,0,0,0,0,0,0.15736,0.00259,0.00029,0,0,0,0,0,0,0,0,0,0,0,0,0,0,1.30928,0.44242,0,0,0.4906,0.07027,0.48985,0.49051,0.75953,0.68163,0.71572,0.45217,1.42715,0.74024,0.90846,0,0,0,0,0,0,0,0,0,0,0,0,0,0,0,0,0,0,0,0,0,0,0,0,0,0,0,0,0,0,0,0.45217,0.0257735,0.00859117,0.0257735,0.00859117,0.0257735,0.00859117,0.0257735,0.00859117
199,35224.8,1.61266,0.87092,0.94807,0,0,0,0,0,0,0.15664,0.00258,0.0002,0,0,0,0,0,0,0,0,0,0,0,0,0,0,1.21138,0.43335,0,0,0.49054,0.07018,0.48975,0.49044,0.76055,0.68165,0.7164,0.45281,1.42567,0.73911,0.90802,0,0,0,0,0,0,0,0,0,0,0,0,0,0,0,0,0,0,0,0,0,0,0,0,0,0,0,0,0,0,0,0.45281,0.0257327,0.00857756,0.0257327,0.00857756,0.0257327,0.00857756,0.0257327,0.00857756
200,35403.1,1.60766,0.86606,0.94663,0,0,0,0,0,0,0.1554,0.00257,0.00025,0,0,0,0,0,0,0,0,0,0,0,0,0,0,1.20916,0.43393,0,0,0.49042,0.07015,0.48956,0.49033,0.76024,0.68195,0.71646,0.45328,1.42365,0.73846,0.90745,0,0,0,0,0,0,0,0,0,0,0,0,0,0,0,0,0,0,0,0,0,0,0,0,0,0,0,0,0,0,0,0.45328,0.0256917,0.0085639,0.0256917,0.0085639,0.0256917,0.0085639,0.0256917,0.0085639
201,35585.1,1.60019,0.85942,0.9451,0,0,0,0,0,0,0.15722,0.00258,0.00028,0,0,0,0,0,0,0,0,0,0,0,0,0,0,1.34061,0.44844,0,0,0.49065,0.07032,0.49014,0.49056,0.75943,0.68221,0.71633,0.45368,1.42252,0.7375,0.90709,0,0,0,0,0,0,0,0,0,0,0,0,0,0,0,0,0,0,0,0,0,0,0,0,0,0,0,0,0,0,0,0.45368,0.0256505,0.00855018,0.0256505,0.00855018,0.0256505,0.00855018,0.0256505,0.00855018
202,35770.7,1.60503,0.85778,0.94354,0,0,0,0,0,0,0.15667,0.00256,0.00024,3e-05,0,0,0,0,0,0,0,0,0,0,0,0,0,1.20073,0.4325,0,0,0.49049,0.07021,0.49025,0.4904,0.7605,0.68192,0.71677,0.45326,1.42075,0.73639,0.90672,0,0,0,0,0,0,0,0,0,0,0,0,0,0,0,0,0,0,0,0,0,0,0,0,0,0,0,0,0,0,0,0.45326,0.0256092,0.00853641,0.0256092,0.00853641,0.0256092,0.00853641,0.0256092,0.00853641
203,35952.6,1.60484,0.86227,0.94638,0,0,0,0,0,0,0.15469,0.00258,0.00022,0,0,0,0,0,0,0,0,0,0,0,0,0,0,1.22504,0.43135,0,0,0.49048,0.07021,0.48927,0.4904,0.76062,0.68277,0.71759,0.45395,1.41896,0.73557,0.90622,0,0,0,0,0,0,0,0,0,0,0,0,0,0,0,0,0,0,0,0,0,0,0,0,0,0,0,0,0,0,0,0.45395,0.0255677,0.00852258,0.0255677,0.00852258,0.0255677,0.00852258,0.0255677,0.00852258
204,36143.8,1.598,0.86496,0.94953,0,0,0,0,0,0,0.15483,0.00258,0.0002,0,0,0,0,0,0,0,0,0,0,0,0,0,0,1.25572,0.43041,0,0,0.49042,0.0701,0.49001,0.4902,0.76385,0.68205,0.71762,0.4539,1.41736,0.73443,0.90587,0,0,0,0,0,0,0,0,0,0,0,0,0,0,0,0,0,0,0,0,0,0,0,0,0,0,0,0,0,0,0,0.4539,0.0255261,0.0085087,0.0255261,0.0085087,0.0255261,0.0085087,0.0255261,0.0085087
205,36328.9,1.60442,0.86021,0.94381,0,0,0,0,0,0,0.1563,0.00257,0.00021,7e-05,0,0,0,0,0,0,0,0,0,0,0,0,0,1.15775,0.4307,0,0,0.49056,0.07029,0.48948,0.49047,0.76463,0.68217,0.71786,0.45414,1.41595,0.73343,0.9055,0,0,0,0,0,0,0,0,0,0,0,0,0,0,0,0,0,0,0,0,0,0,0,0,0,0,0,0,0,0,0,0.45414,0.0254843,0.00849477,0.0254843,0.00849477,0.0254843,0.00849477,0.0254843,0.00849477
206,36502.8,1.60655,0.86495,0.94555,0,0,0,0,0,0,0.15604,0.00257,0.00021,0,0,0,0,0,0,0,0,0,0,0,0,0,0,1.18328,0.43195,0,0,0.49056,0.07025,0.48957,0.49047,0.76262,0.6827,0.71813,0.45456,1.41415,0.73245,0.90518,0,0,0,0,0,0,0,0,0,0,0,0,0,0,0,0,0,0,0,0,0,0,0,0,0,0,0,0,0,0,0,0.45456,0.0254423,0.00848078,0.0254423,0.00848078,0.0254423,0.00848078,0.0254423,0.00848078
207,36677.8,1.60395,0.85552,0.94809,0,0,0,0,0,0,0.15584,0.00255,0.00026,0,0,0,0,0,0,0,0,0,0,0,0,0,0,1.17317,0.4327,0,0,0.49037,0.07009,0.48976,0.49028,0.75674,0.68575,0.71799,0.45465,1.41324,0.73166,0.90509,0,0,0,0,0,0,0,0,0,0,0,0,0,0,0,0,0,0,0,0,0,0,0,0,0,0,0,0,0,0,0,0.45465,0.0254002,0.00846674,0.0254002,0.00846674,0.0254002,0.00846674,0.0254002,0.00846674
208,36851.1,1.59349,0.85453,0.94271,0,0,0,0,0,0,0.15487,0.00254,0.00024,0,0,0,0,0,0,0,0,0,0,0,0,0,0,1.10371,0.43323,0,0,0.49042,0.07016,0.48928,0.49034,0.75641,0.68623,0.71869,0.45533,1.41203,0.73072,0.90478,0,0,0,0,0,0,0,0,0,0,0,0,0,0,0,0,0,0,0,0,0,0,0,0,0,0,0,0,0,0,0,0.45533,0.025358,0.00845265,0.025358,0.00845265,0.025358,0.00845265,0.025358,0.00845265
209,37032,1.60474,0.85703,0.94736,0,0,0,0,0,0,0.15612,0.00255,0.00023,1e-05,0,0,0,0,0,0,0,0,0,0,0,0,0,1.1095,0.43346,0,0,0.49049,0.07021,0.48961,0.49039,0.75745,0.68649,0.71954,0.45589,1.41071,0.72978,0.9045,0,0,0,0,0,0,0,0,0,0,0,0,0,0,0,0,0,0,0,0,0,0,0,0,0,0,0,0,0,0,0,0.45589,0.0253155,0.00843851,0.0253155,0.00843851,0.0253155,0.00843851,0.0253155,0.00843851
210,37205.8,1.6017,0.8616,0.94918,0,0,0,0,0,0,0.15567,0.00255,0.00024,2e-05,0,0,0,0,0,0,0,0,0,0,0,0,0,1.13244,0.43282,0,0,0.49045,0.07013,0.48972,0.49037,0.76025,0.68537,0.71943,0.45616,1.40992,0.72871,0.90426,0,0,0,0,0,0,0,0,0,0,0,0,0,0,0,0,0,0,0,0,0,0,0,0,0,0,0,0,0,0,0,0.45616,0.0252729,0.00842431,0.0252729,0.00842431,0.0252729,0.00842431,0.0252729,0.00842431
211,37382.3,1.59425,0.85553,0.94602,0,0,0,0,0,0,0.15457,0.00254,0.00021,0,0,0,0,0,0,0,0,0,0,0,0,0,0,1.14795,0.43367,0,0,0.49053,0.07027,0.48912,0.49043,0.76103,0.68726,0.72016,0.4567,1.40848,0.72769,0.90399,0,0,0,0,0,0,0,0,0,0,0,0,0,0,0,0,0,0,0,0,0,0,0,0,0,0,0,0,0,0,0,0.4567,0.0252302,0.00841006,0.0252302,0.00841006,0.0252302,0.00841006,0.0252302,0.00841006
212,37551,1.60101,0.85856,0.94863,0,0,0,0,0,0,0.15551,0.00254,0.00023,0,0,0,0,0,0,0,0,0,0,0,0,0,0,1.21722,0.42749,0,0,0.49047,0.07017,0.4896,0.49039,0.75844,0.68787,0.72061,0.45709,1.4077,0.72682,0.90378,0,0,0,0,0,0,0,0,0,0,0,0,0,0,0,0,0,0,0,0,0,0,0,0,0,0,0,0,0,0,0,0.45709,0.0251873,0.00839576,0.0251873,0.00839576,0.0251873,0.00839576,0.0251873,0.00839576
213,37729.5,1.58893,0.84837,0.94532,0,0,0,0,0,0,0.15266,0.00255,0.00026,3e-05,0,0,0,0,0,0,0,0,0,0,0,0,0,1.19274,0.43021,0,0,0.49043,0.07014,0.48898,0.49035,0.75695,0.68778,0.72048,0.45722,1.4069,0.72591,0.90347,0,0,0,0,0,0,0,0,0,0,0,0,0,0,0,0,0,0,0,0,0,0,0,0,0,0,0,0,0,0,0,0.45722,0.0251442,0.00838141,0.0251442,0.00838141,0.0251442,0.00838141,0.0251442,0.00838141
214,37905.1,1.59643,0.852,0.94329,0,0,0,0,0,0,0.15529,0.00255,0.00031,4e-05,0,0,0,0,0,0,0,0,0,0,0,0,0,1.21432,0.43982,0,0,0.49046,0.07013,0.49031,0.49036,0.75849,0.68834,0.72114,0.4572,1.40499,0.72494,0.90317,0,0,0,0,0,0,0,0,0,0,0,0,0,0,0,0,0,0,0,0,0,0,0,0,0,0,0,0,0,0,0,0.4572,0.025101,0.00836701,0.025101,0.00836701,0.025101,0.00836701,0.025101,0.00836701
215,38075.6,1.58655,0.84758,0.94474,0,0,0,0,0,0,0.15364,0.00255,0.00025,0,0,0,0,0,0,0,0,0,0,0,0,0,0,1.22692,0.43589,0,0,0.49035,0.07008,0.48936,0.49026,0.7582,0.6891,0.72109,0.45769,1.4034,0.72398,0.90264,0,0,0,0,0,0,0,0,0,0,0,0,0,0,0,0,0,0,0,0,0,0,0,0,0,0,0,0,0,0,0,0.45769,0.0250577,0.00835255,0.0250577,0.00835255,0.0250577,0.00835255,0.0250577,0.00835255
216,38247.3,1.58535,0.84201,0.94304,0,0,0,0,0,0,0.15413,0.00253,0.00034,0,0,0,0,0,0,0,0,0,0,0,0,0,0,1.23309,0.43462,0,0,0.49045,0.07011,0.48895,0.49036,0.75652,0.68971,0.72135,0.45794,1.40169,0.72291,0.90239,0,0,0,0,0,0,0,0,0,0,0,0,0,0,0,0,0,0,0,0,0,0,0,0,0,0,0,0,0,0,0,0.45794,0.0250141,0.00833805,0.0250141,0.00833805,0.0250141,0.00833805,0.0250141,0.00833805
217,38421.5,1.59316,0.84632,0.94427,0,0,0,0,0,0,0.15485,0.00255,0.00028,0,0,0,0,0,0,0,0,0,0,0,0,0,0,1.16747,0.43155,0,0,0.49043,0.07015,0.49011,0.49032,0.75703,0.68924,0.7217,0.4585,1.40006,0.72183,0.90231,0,0,0,0,0,0,0,0,0,0,0,0,0,0,0,0,0,0,0,0,0,0,0,0,0,0,0,0,0,0,0,0.4585,0.0249705,0.00832349,0.0249705,0.00832349,0.0249705,0.00832349,0.0249705,0.00832349
218,38603.1,1.59631,0.84726,0.94507,0,0,0,0,0,0,0.15552,0.00255,0.00022,0,0,0,0,0,0,0,0,0,0,0,0,0,0,1.17687,0.42998,0,0,0.49046,0.07018,0.4903,0.49037,0.75884,0.68989,0.72298,0.45904,1.39879,0.72099,0.90192,0,0,0,0,0,0,0,0,0,0,0,0,0,0,0,0,0,0,0,0,0,0,0,0,0,0,0,0,0,0,0,0.45904,0.0249267,0.00830889,0.0249267,0.00830889,0.0249267,0.00830889,0.0249267,0.00830889
219,38776.2,1.59177,0.85336,0.94172,0,0,0,0,0,0,0.15305,0.00256,0.00026,1e-05,0,0,0,0,0,0,0,0,0,0,0,0,0,1.1753,0.42794,0,0,0.4905,0.07024,0.48975,0.49041,0.75702,0.69149,0.72315,0.45987,1.39662,0.72031,0.90159,0,0,0,0,0,0,0,0,0,0,0,0,0,0,0,0,0,0,0,0,0,0,0,0,0,0,0,0,0,0,0,0.45987,0.0248827,0.00829423,0.0248827,0.00829423,0.0248827,0.00829423,0.0248827,0.00829423
220,38945.9,1.58369,0.84737,0.94449,0,0,0,0,0,0,0.15319,0.00255,0.00023,1e-05,0,0,0,0,0,0,0,0,0,0,0,0,0,1.17644,0.42692,0,0,0.49034,0.0701,0.48936,0.49025,0.75952,0.68992,0.72355,0.46008,1.39485,0.71919,0.90102,0,0,0,0,0,0,0,0,0,0,0,0,0,0,0,0,0,0,0,0,0,0,0,0,0,0,0,0,0,0,0,0.46008,0.0248386,0.00827952,0.0248386,0.00827952,0.0248386,0.00827952,0.0248386,0.00827952
221,39119.5,1.58061,0.84048,0.94294,0,0,0,0,0,0,0.15537,0.00255,0.00029,0,0,0,0,0,0,0,0,0,0,0,0,0,0,1.16324,0.44006,0,0,0.49041,0.0701,0.48927,0.49031,0.75891,0.69018,0.72412,0.46048,1.39326,0.71798,0.90085,0,0,0,0,0,0,0,0,0,0,0,0,0,0,0,0,0,0,0,0,0,0,0,0,0,0,0,0,0,0,0,0.46048,0.0247943,0.00826477,0.0247943,0.00826477,0.0247943,0.00826477,0.0247943,0.00826477
222,39303.6,1.58073,0.84807,0.93921,0,0,0,0,0,0,0.15465,0.00254,0.00025,1e-05,0,0,0,0,0,0,0,0,0,0,0,0,0,1.16363,0.43357,0,0,0.49032,0.07002,0.49026,0.49022,0.76004,0.69038,0.72418,0.4608,1.39218,0.71727,0.90056,0,0,0,0,0,0,0,0,0,0,0,0,0,0,0,0,0,0,0,0,0,0,0,0,0,0,0,0,0,0,0,0.4608,0.0247499,0.00824996,0.0247499,0.00824996,0.0247499,0.00824996,0.0247499,0.00824996
223,39475.7,1.58093,0.84717,0.94328,0,0,0,0,0,0,0.15284,0.00253,0.00029,3e-05,0,0,0,0,0,0,0,0,0,0,0,0,0,1.12413,0.43322,0,0,0.49056,0.07025,0.4898,0.49047,0.76016,0.6918,0.72538,0.46144,1.39085,0.71673,0.89997,0,0,0,0,0,0,0,0,0,0,0,0,0,0,0,0,0,0,0,0,0,0,0,0,0,0,0,0,0,0,0,0.46144,0.0247053,0.00823511,0.0247053,0.00823511,0.0247053,0.00823511,0.0247053,0.00823511
224,39646.5,1.57857,0.84371,0.94106,0,0,0,0,0,0,0.15519,0.00253,0.00025,1e-05,0,0,0,0,0,0,0,0,0,0,0,0,0,1.22833,0.44041,0,0,0.49033,0.07004,0.48943,0.49023,0.7601,0.69118,0.72508,0.46162,1.38955,0.71583,0.89978,0,0,0,0,0,0,0,0,0,0,0,0,0,0,0,0,0,0,0,0,0,0,0,0,0,0,0,0,0,0,0,0.46162,0.0246606,0.0082202,0.0246606,0.0082202,0.0246606,0.0082202,0.0246606,0.0082202
225,39827.8,1.58296,0.84276,0.93986,0,0,0,0,0,0,0.15281,0.00252,0.00025,0,0,0,0,0,0,0,0,0,0,0,0,0,0,1.14686,0.43051,0,0,0.49053,0.07023,0.48928,0.49043,0.76326,0.69275,0.72626,0.4619,1.38796,0.71552,0.89942,0,0,0,0,0,0,0,0,0,0,0,0,0,0,0,0,0,0,0,0,0,0,0,0,0,0,0,0,0,0,0,0.4619,0.0246157,0.00820525,0.0246157,0.00820525,0.0246157,0.00820525,0.0246157,0.00820525
226,40013.7,1.58149,0.84545,0.93687,0,0,0,0,0,0,0.15225,0.00252,0.00021,2e-05,0,0,0,0,0,0,0,0,0,0,0,0,0,1.13263,0.42781,0,0,0.49043,0.07013,0.48924,0.49034,0.76045,0.6946,0.72723,0.46251,1.38642,0.71389,0.89921,0,0,0,0,0,0,0,0,0,0,0,0,0,0,0,0,0,0,0,0,0,0,0,0,0,0,0,0,0,0,0,0.46251,0.0245707,0.00819025,0.0245707,0.00819025,0.0245707,0.00819025,0.0245707,0.00819025
227,40196.2,1.56854,0.83845,0.93931,0,0,0,0,0,0,0.15258,0.00253,0.00034,0,0,0,0,0,0,0,0,0,0,0,0,0,0,1.12676,0.43248,0,0,0.49027,0.07004,0.48921,0.49019,0.7636,0.69536,0.7276,0.46246,1.38568,0.7132,0.89886,0,0,0,0,0,0,0,0,0,0,0,0,0,0,0,0,0,0,0,0,0,0,0,0,0,0,0,0,0,0,0,0.46246,0.0245256,0.0081752,0.0245256,0.0081752,0.0245256,0.0081752,0.0245256,0.0081752
228,40381.1,1.57636,0.83893,0.93732,0,0,0,0,0,0,0.15227,0.00251,0.00027,0,0,0,0,0,0,0,0,0,0,0,0,0,0,1.1781,0.42913,0,0,0.49058,0.07026,0.48937,0.4905,0.76017,0.69722,0.72767,0.46313,1.3842,0.71233,0.89855,0,0,0,0,0,0,0,0,0,0,0,0,0,0,0,0,0,0,0,0,0,0,0,0,0,0,0,0,0,0,0,0.46313,0.0244803,0.0081601,0.0244803,0.0081601,0.0244803,0.0081601,0.0244803,0.0081601
229,40586,1.57519,0.83829,0.94052,0,0,0,0,0,0,0.15235,0.00251,0.00027,0,0,0,0,0,0,0,0,0,0,0,0,0,0,1.22167,0.4316,0,0,0.49049,0.07021,0.48975,0.4904,0.76211,0.69817,0.72874,0.4639,1.38308,0.71195,0.89825,0,0,0,0,0,0,0,0,0,0,0,0,0,0,0,0,0,0,0,0,0,0,0,0,0,0,0,0,0,0,0,0.4639,0.0244349,0.00814495,0.0244349,0.00814495,0.0244349,0.00814495,0.0244349,0.00814495
230,40772.8,1.57959,0.84406,0.93953,0,0,0,0,0,0,0.1512,0.00252,0.00025,0,0,0,0,0,0,0,0,0,0,0,0,0,0,1.17586,0.4296,0,0,0.49032,0.07006,0.48903,0.49023,0.76576,0.69748,0.72917,0.46479,1.38167,0.71116,0.89794,0,0,0,0,0,0,0,0,0,0,0,0,0,0,0,0,0,0,0,0,0,0,0,0,0,0,0,0,0,0,0,0.46479,0.0243893,0.00812976,0.0243893,0.00812976,0.0243893,0.00812976,0.0243893,0.00812976
231,40955.9,1.57987,0.84471,0.93744,0,0,0,0,0,0,0.15288,0.00252,0.00024,0,0,0,0,0,0,0,0,0,0,0,0,0,0,1.11325,0.42797,0,0,0.49061,0.07022,0.49054,0.49051,0.76541,0.69768,0.72933,0.46476,1.38044,0.71056,0.8978,0,0,0,0,0,0,0,0,0,0,0,0,0,0,0,0,0,0,0,0,0,0,0,0,0,0,0,0,0,0,0,0.46476,0.0243435,0.00811452,0.0243435,0.00811452,0.0243435,0.00811452,0.0243435,0.00811452
232,41168,1.57032,0.83418,0.93801,0,0,0,0,0,0,0.15129,0.00255,0.0003,4e-05,0,0,0,0,0,0,0,0,0,0,0,0,0,1.29625,0.44468,0,0,0.49041,0.07012,0.49021,0.49032,0.76516,0.69901,0.72922,0.46504,1.37945,0.70992,0.89754,0,0,0,0,0,0,0,0,0,0,0,0,0,0,0,0,0,0,0,0,0,0,0,0,0,0,0,0,0,0,0,0.46504,0.0242977,0.00809923,0.0242977,0.00809923,0.0242977,0.00809923,0.0242977,0.00809923
233,41362,1.5655,0.83375,0.93758,0,0,0,0,0,0,0.15291,0.00252,0.00026,3e-05,0,0,0,0,0,0,0,0,0,0,0,0,0,1.15521,0.42841,0,0,0.49038,0.07013,0.48999,0.49028,0.76688,0.69906,0.73024,0.46524,1.37749,0.70881,0.89726,0,0,0,0,0,0,0,0,0,0,0,0,0,0,0,0,0,0,0,0,0,0,0,0,0,0,0,0,0,0,0,0.46524,0.0242517,0.00808389,0.0242517,0.00808389,0.0242517,0.00808389,0.0242517,0.00808389
234,41550.1,1.56941,0.83362,0.93761,0,0,0,0,0,0,0.1519,0.00252,0.00026,2e-05,0,0,0,0,0,0,0,0,0,0,0,0,0,1.19589,0.423,0,0,0.49041,0.07011,0.48997,0.49031,0.76494,0.70007,0.73113,0.46566,1.3769,0.70824,0.89697,0,0,0,0,0,0,0,0,0,0,0,0,0,0,0,0,0,0,0,0,0,0,0,0,0,0,0,0,0,0,0,0.46566,0.0242055,0.00806851,0.0242055,0.00806851,0.0242055,0.00806851,0.0242055,0.00806851
235,41767.6,1.57295,0.83616,0.93693,0,0,0,0,0,0,0.15258,0.00251,0.00035,0,0,0,0,0,0,0,0,0,0,0,0,0,0,1.21308,0.42842,0,0,0.49047,0.07019,0.48981,0.49037,0.76532,0.70082,0.73173,0.4661,1.37507,0.70734,0.89677,0,0,0,0,0,0,0,0,0,0,0,0,0,0,0,0,0,0,0,0,0,0,0,0,0,0,0,0,0,0,0,0.4661,0.0241592,0.00805308,0.0241592,0.00805308,0.0241592,0.00805308,0.0241592,0.00805308
236,41956.1,1.57407,0.83957,0.93584,0,0,0,0,0,0,0.1518,0.0025,0.00026,0,0,0,0,0,0,0,0,0,0,0,0,0,0,1.10835,0.4232,0,0,0.49046,0.07015,0.4898,0.49036,0.76781,0.70061,0.73234,0.46663,1.37435,0.70683,0.8966,0,0,0,0,0,0,0,0,0,0,0,0,0,0,0,0,0,0,0,0,0,0,0,0,0,0,0,0,0,0,0,0.46663,0.0241128,0.0080376,0.0241128,0.0080376,0.0241128,0.0080376,0.0241128,0.0080376
237,42152.7,1.55763,0.82817,0.93561,0,0,0,0,0,0,0.15093,0.0025,0.00019,0,0,0,0,0,0,0,0,0,0,0,0,0,0,1.14103,0.42467,0,0,0.49042,0.07015,0.48904,0.49032,0.76386,0.7012,0.73228,0.46712,1.37288,0.70567,0.89658,0,0,0,0,0,0,0,0,0,0,0,0,0,0,0,0,0,0,0,0,0,0,0,0,0,0,0,0,0,0,0,0.46712,0.0240662,0.00802208,0.0240662,0.00802208,0.0240662,0.00802208,0.0240662,0.00802208
238,42361.1,1.5593,0.82913,0.93615,0,0,0,0,0,0,0.15163,0.00249,0.0003,0,0,0,0,0,0,0,0,0,0,0,0,0,0,1.1744,0.4268,0,0,0.49041,0.07013,0.48927,0.49032,0.76723,0.69981,0.73251,0.46728,1.37147,0.70478,0.89637,0,0,0,0,0,0,0,0,0,0,0,0,0,0,0,0,0,0,0,0,0,0,0,0,0,0,0,0,0,0,0,0.46728,0.0240195,0.00800651,0.0240195,0.00800651,0.0240195,0.00800651,0.0240195,0.00800651
239,42546.1,1.56568,0.83465,0.93667,0,0,0,0,0,0,0.15166,0.00248,0.00031,6e-05,0,0,0,0,0,0,0,0,0,0,0,0,0,1.06319,0.42465,0,0,0.4904,0.07014,0.48979,0.49031,0.76785,0.69928,0.7327,0.46796,1.37065,0.70406,0.89626,0,0,0,0,0,0,0,0,0,0,0,0,0,0,0,0,0,0,0,0,0,0,0,0,0,0,0,0,0,0,0,0.46796,0.0239727,0.0079909,0.0239727,0.0079909,0.0239727,0.0079909,0.0239727,0.0079909
240,42745.4,1.569,0.82843,0.93323,0,0,0,0,0,0,0.15072,0.0025,0.00028,0,0,0,0,0,0,0,0,0,0,0,0,0,0,1.1495,0.42876,0,0,0.49049,0.07019,0.49027,0.4904,0.76968,0.69797,0.73251,0.46778,1.36923,0.70307,0.89601,0,0,0,0,0,0,0,0,0,0,0,0,0,0,0,0,0,0,0,0,0,0,0,0,0,0,0,0,0,0,0,0.46778,0.0239257,0.00797524,0.0239257,0.00797524,0.0239257,0.00797524,0.0239257,0.00797524
241,42951.2,1.56431,0.82596,0.93521,0,0,0,0,0,0,0.15032,0.00248,0.00022,1e-05,0,0,0,0,0,0,0,0,0,0,0,0,0,1.1722,0.4272,0,0,0.49056,0.07026,0.4894,0.49047,0.77185,0.6985,0.7335,0.4685,1.36765,0.70211,0.89579,0,0,0,0,0,0,0,0,0,0,0,0,0,0,0,0,0,0,0,0,0,0,0,0,0,0,0,0,0,0,0,0.4685,0.0238786,0.00795954,0.0238786,0.00795954,0.0238786,0.00795954,0.0238786,0.00795954
242,43137.5,1.56535,0.83123,0.93757,0,0,0,0,0,0,0.15132,0.00249,0.00026,0,0,0,0,0,0,0,0,0,0,0,0,0,0,1.21072,0.44143,0,0,0.4903,0.0701,0.48854,0.49022,0.77411,0.69987,0.7345,0.4691,1.36643,0.70149,0.89559,0,0,0,0,0,0,0,0,0,0,0,0,0,0,0,0,0,0,0,0,0,0,0,0,0,0,0,0,0,0,0,0.4691,0.0238314,0.00794379,0.0238314,0.00794379,0.0238314,0.00794379,0.0238314,0.00794379
243,43336,1.56791,0.83474,0.93502,0,0,0,0,0,0,0.15175,0.00248,0.00024,2e-05,0,0,0,0,0,0,0,0,0,0,0,0,0,1.18216,0.43178,0,0,0.49051,0.07022,0.48952,0.49041,0.77311,0.69966,0.73499,0.46941,1.36571,0.70102,0.89539,0,0,0,0,0,0,0,0,0,0,0,0,0,0,0,0,0,0,0,0,0,0,0,0,0,0,0,0,0,0,0,0.46941,0.023784,0.007928,0.023784,0.007928,0.023784,0.007928,0.023784,0.007928
244,43542.3,1.56416,0.82489,0.93566,0,0,0,0,0,0,0.15117,0.00248,0.00029,1e-05,0,0,0,0,0,0,0,0,0,0,0,0,0,1.46468,0.43393,0,0,0.49038,0.07014,0.49036,0.49028,0.77291,0.70018,0.73489,0.46973,1.36389,0.70039,0.89519,0,0,0,0,0,0,0,0,0,0,0,0,0,0,0,0,0,0,0,0,0,0,0,0,0,0,0,0,0,0,0,0.46973,0.0237365,0.00791216,0.0237365,0.00791216,0.0237365,0.00791216,0.0237365,0.00791216
245,43728.9,1.57146,0.83704,0.93749,0,0,0,0,0,0,0.15152,0.00247,0.00023,0,0,0,0,0,0,0,0,0,0,0,0,0,0,1.32749,0.42842,0,0,0.49042,0.07015,0.49004,0.49032,0.77281,0.70152,0.73525,0.47003,1.36281,0.69932,0.89509,0,0,0,0,0,0,0,0,0,0,0,0,0,0,0,0,0,0,0,0,0,0,0,0,0,0,0,0,0,0,0,0.47003,0.0236888,0.00789628,0.0236888,0.00789628,0.0236888,0.00789628,0.0236888,0.00789628
246,43928.3,1.55757,0.8287,0.93656,0,0,0,0,0,0,0.15025,0.00247,0.00024,1e-05,0,0,0,0,0,0,0,0,0,0,0,0,0,1.12666,0.42888,0,0,0.4903,0.07007,0.48991,0.4902,0.77089,0.70433,0.73625,0.47083,1.36196,0.69879,0.89462,0,0,0,0,0,0,0,0,0,0,0,0,0,0,0,0,0,0,0,0,0,0,0,0,0,0,0,0,0,0,0,0.47083,0.0236411,0.00788035,0.0236411,0.00788035,0.0236411,0.00788035,0.0236411,0.00788035
247,44135.6,1.55826,0.82726,0.93545,0,0,0,0,0,0,0.15105,0.00248,0.00028,0,0,0,0,0,0,0,0,0,0,0,0,0,0,1.12018,0.42631,0,0,0.49046,0.07021,0.49007,0.49035,0.76897,0.70542,0.73637,0.47101,1.36026,0.69791,0.89437,0,0,0,0,0,0,0,0,0,0,0,0,0,0,0,0,0,0,0,0,0,0,0,0,0,0,0,0,0,0,0,0.47101,0.0235931,0.00786438,0.0235931,0.00786438,0.0235931,0.00786438,0.0235931,0.00786438
248,44322.4,1.56644,0.83445,0.93433,0,0,0,0,0,0,0.15079,0.00248,0.00029,1e-05,0,0,0,0,0,0,0,0,0,0,0,0,0,1.25912,0.43269,0,0,0.4906,0.07032,0.49004,0.4905,0.77216,0.70567,0.73782,0.47138,1.35867,0.69649,0.89419,0,0,0,0,0,0,0,0,0,0,0,0,0,0,0,0,0,0,0,0,0,0,0,0,0,0,0,0,0,0,0,0.47138,0.0235451,0.00784837,0.0235451,0.00784837,0.0235451,0.00784837,0.0235451,0.00784837
249,44526.9,1.55937,0.82451,0.93355,0,0,0,0,0,0,0.15156,0.00245,0.00027,1e-05,0,0,0,0,0,0,0,0,0,0,0,0,0,1.18861,0.43129,0,0,0.49043,0.07009,0.48942,0.49022,0.77004,0.70522,0.73682,0.47109,1.35689,0.69595,0.89385,0,0,0,0,0,0,0,0,0,0,0,0,0,0,0,0,0,0,0,0,0,0,0,0,0,0,0,0,0,0,0,0.47109,0.0234969,0.00783231,0.0234969,0.00783231,0.0234969,0.00783231,0.0234969,0.00783231
250,44730.2,1.55133,0.81871,0.93249,0,0,0,0,0,0,0.15016,0.00246,0.00021,0,0,0,0,0,0,0,0,0,0,0,0,0,0,1.22071,0.44048,0,0,0.49033,0.07009,0.49009,0.49023,0.77205,0.70607,0.73749,0.47169,1.35703,0.69555,0.89378,0,0,0,0,0,0,0,0,0,0,0,0,0,0,0,0,0,0,0,0,0,0,0,0,0,0,0,0,0,0,0,0.47169,0.0234486,0.00781621,0.0234486,0.00781621,0.0234486,0.00781621,0.0234486,0.00781621
251,44915.9,1.54521,0.81468,0.93454,0,0,0,0,0,0,0.14983,0.00245,0.00021,0,0,0,0,0,0,0,0,0,0,0,0,0,0,1.23556,0.43984,0,0,0.49044,0.07009,0.48898,0.49036,0.77351,0.70648,0.73813,0.47207,1.35569,0.69462,0.89361,0,0,0,0,0,0,0,0,0,0,0,0,0,0,0,0,0,0,0,0,0,0,0,0,0,0,0,0,0,0,0,0.47207,0.0234002,0.00780007,0.0234002,0.00780007,0.0234002,0.00780007,0.0234002,0.00780007
252,45118.3,1.55399,0.82328,0.93261,0,0,0,0,0,0,0.14995,0.00245,0.00026,0,0,0,0,0,0,0,0,0,0,0,0,0,0,1.19509,0.43803,0,0,0.49046,0.07021,0.49044,0.49036,0.77478,0.70683,0.73827,0.47245,1.3555,0.69396,0.89349,0,0,0,0,0,0,0,0,0,0,0,0,0,0,0,0,0,0,0,0,0,0,0,0,0,0,0,0,0,0,0,0.47245,0.0233517,0.00778389,0.0233517,0.00778389,0.0233517,0.00778389,0.0233517,0.00778389
253,45322,1.55254,0.81968,0.93312,0,0,0,0,0,0,0.14951,0.00246,0.00029,0,0,0,0,0,0,0,0,0,0,0,0,0,0,1.09533,0.42962,0,0,0.49042,0.07019,0.48978,0.49033,0.77271,0.70764,0.73866,0.47279,1.35414,0.69318,0.89311,0,0,0,0,0,0,0,0,0,0,0,0,0,0,0,0,0,0,0,0,0,0,0,0,0,0,0,0,0,0,0,0.47279,0.023303,0.00776766,0.023303,0.00776766,0.023303,0.00776766,0.023303,0.00776766
254,45507.7,1.54849,0.82139,0.9311,0,0,0,0,0,0,0.14941,0.00246,0.00027,0,0,0,0,0,0,0,0,0,0,0,0,0,0,1.10077,0.43256,0,0,0.49048,0.07023,0.49042,0.49038,0.773,0.70784,0.73895,0.47266,1.35305,0.69252,0.89285,0,0,0,0,0,0,0,0,0,0,0,0,0,0,0,0,0,0,0,0,0,0,0,0,0,0,0,0,0,0,0,0.47266,0.0232542,0.0077514,0.0232542,0.0077514,0.0232542,0.0077514,0.0232542,0.0077514
255,45708,1.54705,0.82044,0.93666,0,0,0,0,0,0,0.14943,0.00246,0.00029,0,0,0,0,0,0,0,0,0,0,0,0,0,0,1.09184,0.43069,0,0,0.49042,0.07009,0.48914,0.49033,0.77422,0.70615,0.73899,0.47322,1.35129,0.69182,0.89266,0,0,0,0,0,0,0,0,0,0,0,0,0,0,0,0,0,0,0,0,0,0,0,0,0,0,0,0,0,0,0,0.47322,0.0232053,0.00773509,0.0232053,0.00773509,0.0232053,0.00773509,0.0232053,0.00773509
256,45912.2,1.54332,0.8126,0.93268,0,0,0,0,0,0,0.14837,0.00247,0.00021,2e-05,0,0,0,0,0,0,0,0,0,0,0,0,0,1.30596,0.4368,0,0,0.49047,0.07024,0.48964,0.49026,0.77486,0.70645,0.7394,0.47292,1.35053,0.69113,0.8926,0,0,0,0,0,0,0,0,0,0,0,0,0,0,0,0,0,0,0,0,0,0,0,0,0,0,0,0,0,0,0,0.47292,0.0231562,0.00771873,0.0231562,0.00771873,0.0231562,0.00771873,0.0231562,0.00771873
257,46096.7,1.54617,0.8177,0.93205,0,0,0,0,0,0,0.14869,0.00248,0.00023,0,0,0,0,0,0,0,0,0,0,0,0,0,0,1.3372,0.45443,0,0,0.49042,0.07009,0.48978,0.49032,0.77244,0.70755,0.73936,0.4736,1.35021,0.6901,0.89244,0,0,0,0,0,0,0,0,0,0,0,0,0,0,0,0,0,0,0,0,0,0,0,0,0,0,0,0,0,0,0,0.4736,0.023107,0.00770234,0.023107,0.00770234,0.023107,0.00770234,0.023107,0.00770234
258,46301.7,1.54393,0.81841,0.93206,0,0,0,0,0,0,0.15019,0.00247,0.00025,0,0,0,0,0,0,0,0,0,0,0,0,0,0,1.16083,0.43316,0,0,0.49056,0.07028,0.48931,0.49048,0.77191,0.70754,0.73928,0.47366,1.34901,0.68955,0.89219,0,0,0,0,0,0,0,0,0,0,0,0,0,0,0,0,0,0,0,0,0,0,0,0,0,0,0,0,0,0,0,0.47366,0.0230577,0.00768591,0.0230577,0.00768591,0.0230577,0.00768591,0.0230577,0.00768591
259,46506.7,1.55904,0.82583,0.93435,0,0,0,0,0,0,0.14987,0.00247,0.00029,4e-05,0,0,0,0,0,0,0,0,0,0,0,0,0,1.19366,0.43332,0,0,0.4905,0.0702,0.48979,0.4904,0.77555,0.70612,0.73952,0.47418,1.34861,0.6887,0.89199,0,0,0,0,0,0,0,0,0,0,0,0,0,0,0,0,0,0,0,0,0,0,0,0,0,0,0,0,0,0,0,0.47418,0.0230083,0.00766944,0.0230083,0.00766944,0.0230083,0.00766944,0.0230083,0.00766944
260,46693.4,1.55118,0.825,0.93451,0,0,0,0,0,0,0.14818,0.00247,0.00027,1e-05,0,0,0,0,0,0,0,0,0,0,0,0,0,1.23014,0.43067,0,0,0.4905,0.07021,0.48991,0.49039,0.77506,0.70648,0.73926,0.47435,1.34734,0.68768,0.89174,0,0,0,0,0,0,0,0,0,0,0,0,0,0,0,0,0,0,0,0,0,0,0,0,0,0,0,0,0,0,0,0.47435,0.0229588,0.00765292,0.0229588,0.00765292,0.0229588,0.00765292,0.0229588,0.00765292
261,46905.2,1.54784,0.82225,0.93169,0,0,0,0,0,0,0.14955,0.00246,0.00027,0,0,0,0,0,0,0,0,0,0,0,0,0,0,1.15304,0.42471,0,0,0.49051,0.07027,0.48933,0.49043,0.77143,0.70631,0.73897,0.47437,1.34631,0.68723,0.89158,0,0,0,0,0,0,0,0,0,0,0,0,0,0,0,0,0,0,0,0,0,0,0,0,0,0,0,0,0,0,0,0.47437,0.0229091,0.00763637,0.0229091,0.00763637,0.0229091,0.00763637,0.0229091,0.00763637
262,47101.8,1.5404,0.81202,0.92766,0,0,0,0,0,0,0.14971,0.00245,0.00022,7e-05,0,0,0,0,0,0,0,0,0,0,0,0,0,1.12962,0.42274,0,0,0.49046,0.07016,0.48913,0.49038,0.77086,0.70642,0.73999,0.47513,1.34595,0.68637,0.89135,0,0,0,0,0,0,0,0,0,0,0,0,0,0,0,0,0,0,0,0,0,0,0,0,0,0,0,0,0,0,0,0.47513,0.0228593,0.00761977,0.0228593,0.00761977,0.0228593,0.00761977,0.0228593,0.00761977
263,47290.4,1.5307,0.80942,0.92863,0,0,0,0,0,0,0.14685,0.00246,0.00023,9e-05,0,0,0,0,0,0,0,0,0,0,0,0,0,1.25729,0.43087,0,0,0.49029,0.07008,0.48969,0.49007,0.77279,0.70588,0.7404,0.47567,1.34493,0.68578,0.89112,0,0,0,0,0,0,0,0,0,0,0,0,0,0,0,0,0,0,0,0,0,0,0,0,0,0,0,0,0,0,0,0.47567,0.0228094,0.00760314,0.0228094,0.00760314,0.0228094,0.00760314,0.0228094,0.00760314
264,47504.9,1.53744,0.8076,0.92782,0,0,0,0,0,0,0.14879,0.00244,0.00023,0,0,0,0,0,0,0,0,0,0,0,0,0,0,1.2289,0.44486,0,0,0.49044,0.07012,0.49059,0.49034,0.76889,0.70682,0.74052,0.47575,1.34476,0.68543,0.89102,0,0,0,0,0,0,0,0,0,0,0,0,0,0,0,0,0,0,0,0,0,0,0,0,0,0,0,0,0,0,0,0.47575,0.0227594,0.00758647,0.0227594,0.00758647,0.0227594,0.00758647,0.0227594,0.00758647
265,47682.5,1.5483,0.81702,0.92958,0,0,0,0,0,0,0.14838,0.00245,0.00029,4e-05,0,0,0,0,0,0,0,0,0,0,0,0,0,1.05577,0.4238,0,0,0.49047,0.07017,0.48899,0.49039,0.76916,0.70884,0.74223,0.47574,1.34378,0.68461,0.89082,0,0,0,0,0,0,0,0,0,0,0,0,0,0,0,0,0,0,0,0,0,0,0,0,0,0,0,0,0,0,0,0.47574,0.0227093,0.00756976,0.0227093,0.00756976,0.0227093,0.00756976,0.0227093,0.00756976
266,47882,1.53763,0.81198,0.93198,0,0,0,0,0,0,0.14965,0.00246,0.00029,3e-05,0,0,0,0,0,0,0,0,0,0,0,0,0,1.10186,0.42385,0,0,0.49034,0.07011,0.48966,0.49024,0.77195,0.70805,0.74278,0.47623,1.34344,0.68386,0.89067,0,0,0,0,0,0,0,0,0,0,0,0,0,0,0,0,0,0,0,0,0,0,0,0,0,0,0,0,0,0,0,0.47623,0.022659,0.007553,0.022659,0.007553,0.022659,0.007553,0.022659,0.007553
267,48085.9,1.53226,0.80674,0.9294,0,0,0,0,0,0,0.14909,0.00245,0.00026,0,0,0,0,0,0,0,0,0,0,0,0,0,0,1.15886,0.4212,0,0,0.49039,0.07016,0.49026,0.4903,0.7696,0.7097,0.74238,0.47624,1.34308,0.68346,0.89055,0,0,0,0,0,0,0,0,0,0,0,0,0,0,0,0,0,0,0,0,0,0,0,0,0,0,0,0,0,0,0,0.47624,0.0226086,0.00753621,0.0226086,0.00753621,0.0226086,0.00753621,0.0226086,0.00753621
268,48270,1.5351,0.81236,0.92908,0,0,0,0,0,0,0.14919,0.00244,0.00023,1e-05,0,0,0,0,0,0,0,0,0,0,0,0,0,1.17502,0.42416,0,0,0.49054,0.07024,0.49004,0.49044,0.76942,0.71105,0.74314,0.4764,1.34187,0.68279,0.8904,0,0,0,0,0,0,0,0,0,0,0,0,0,0,0,0,0,0,0,0,0,0,0,0,0,0,0,0,0,0,0,0.4764,0.0225582,0.00751939,0.0225582,0.00751939,0.0225582,0.00751939,0.0225582,0.00751939
269,48477.1,1.54298,0.81219,0.92651,0,0,0,0,0,0,0.14875,0.00246,0.00023,0,0,0,0,0,0,0,0,0,0,0,0,0,0,1.20454,0.4174,0,0,0.49046,0.07022,0.48905,0.49037,0.7714,0.71084,0.74416,0.47655,1.34179,0.6818,0.89031,0,0,0,0,0,0,0,0,0,0,0,0,0,0,0,0,0,0,0,0,0,0,0,0,0,0,0,0,0,0,0,0.47655,0.0225076,0.00750252,0.0225076,0.00750252,0.0225076,0.00750252,0.0225076,0.00750252
270,48671.4,1.5301,0.80645,0.92746,0,0,0,0,0,0,0.14544,0.00245,0.0002,2e-05,0,0,0,0,0,0,0,0,0,0,0,0,0,1.16669,0.41741,0,0,0.49045,0.07014,0.48892,0.49036,0.77258,0.70978,0.74358,0.47697,1.34081,0.68136,0.89005,0,0,0,0,0,0,0,0,0,0,0,0,0,0,0,0,0,0,0,0,0,0,0,0,0,0,0,0,0,0,0,0.47697,0.0224568,0.00748562,0.0224568,0.00748562,0.0224568,0.00748562,0.0224568,0.00748562
271,48860.9,1.5316,0.80585,0.92582,0,0,0,0,0,0,0.1474,0.00245,0.00021,1e-05,0,0,0,0,0,0,0,0,0,0,0,0,0,1.14144,0.41702,0,0,0.49039,0.07009,0.49008,0.49029,0.77308,0.70943,0.74416,0.47703,1.34087,0.68064,0.88991,0,0,0,0,0,0,0,0,0,0,0,0,0,0,0,0,0,0,0,0,0,0,0,0,0,0,0,0,0,0,0,0.47703,0.022406,0.00746868,0.022406,0.00746868,0.022406,0.00746868,0.022406,0.00746868
272,49073.5,1.54579,0.8139,0.92905,0,0,0,0,0,0,0.14778,0.00242,0.00021,0,0,0,0,0,0,0,0,0,0,0,0,0,0,1.24596,0.41998,0,0,0.49049,0.07021,0.4895,0.4904,0.76823,0.71254,0.74348,0.47743,1.34086,0.68029,0.88985,0,0,0,0,0,0,0,0,0,0,0,0,0,0,0,0,0,0,0,0,0,0,0,0,0,0,0,0,0,0,0,0.47743,0.0223551,0.0074517,0.0223551,0.0074517,0.0223551,0.0074517,0.0223551,0.0074517
273,49251.9,1.53063,0.80876,0.929,0,0,0,0,0,0,0.14761,0.00244,0.00025,0,0,0,0,0,0,0,0,0,0,0,0,0,0,1.1396,0.41497,0,0,0.4906,0.07024,0.48934,0.49051,0.76968,0.71168,0.74323,0.47768,1.3408,0.67963,0.88965,0,0,0,0,0,0,0,0,0,0,0,0,0,0,0,0,0,0,0,0,0,0,0,0,0,0,0,0,0,0,0,0.47768,0.022304,0.00743468,0.022304,0.00743468,0.022304,0.00743468,0.022304,0.00743468
274,49413.6,1.53161,0.80965,0.92587,0,0,0,0,0,0,0.14784,0.00244,0.00023,0,0,0,0,0,0,0,0,0,0,0,0,0,0,1.12907,0.41724,0,0,0.49052,0.07016,0.48883,0.49044,0.771,0.71215,0.74422,0.47794,1.3403,0.67967,0.88952,0,0,0,0,0,0,0,0,0,0,0,0,0,0,0,0,0,0,0,0,0,0,0,0,0,0,0,0,0,0,0,0.47794,0.0222529,0.00741763,0.0222529,0.00741763,0.0222529,0.00741763,0.0222529,0.00741763
275,49621.6,1.52784,0.81082,0.92921,0,0,0,0,0,0,0.15005,0.00244,0.00023,0,0,0,0,0,0,0,0,0,0,0,0,0,0,1.11752,0.41701,0,0,0.49026,0.07004,0.48922,0.49018,0.77248,0.7112,0.74344,0.47798,1.33988,0.67888,0.88948,0,0,0,0,0,0,0,0,0,0,0,0,0,0,0,0,0,0,0,0,0,0,0,0,0,0,0,0,0,0,0,0.47798,0.0222016,0.00740054,0.0222016,0.00740054,0.0222016,0.00740054,0.0222016,0.00740054
276,49793.8,1.52942,0.80332,0.92703,0,0,0,0,0,0,0.14777,0.00246,0.00034,0,0,0,0,0,0,0,0,0,0,0,0,0,0,1.13478,0.4172,0,0,0.49032,0.07007,0.48909,0.49023,0.77476,0.71099,0.74375,0.47825,1.33902,0.67877,0.88926,0,0,0,0,0,0,0,0,0,0,0,0,0,0,0,0,0,0,0,0,0,0,0,0,0,0,0,0,0,0,0,0.47825,0.0221502,0.00738341,0.0221502,0.00738341,0.0221502,0.00738341,0.0221502,0.00738341
277,49983.1,1.52978,0.81422,0.93072,0,0,0,0,0,0,0.14893,0.00244,0.00024,5e-05,0,0,0,0,0,0,0,0,0,0,0,0,0,1.08045,0.42035,0,0,0.49047,0.07014,0.48904,0.49039,0.77265,0.71342,0.74512,0.4786,1.33754,0.67756,0.88909,0,0,0,0,0,0,0,0,0,0,0,0,0,0,0,0,0,0,0,0,0,0,0,0,0,0,0,0,0,0,0,0.4786,0.0220988,0.00736625,0.0220988,0.00736625,0.0220988,0.00736625,0.0220988,0.00736625
278,50168.3,1.52243,0.80609,0.92651,0,0,0,0,0,0,0.14539,0.00243,0.00026,0,0,0,0,0,0,0,0,0,0,0,0,0,0,1.14699,0.41912,0,0,0.49042,0.07014,0.49032,0.49032,0.77053,0.71421,0.74491,0.47885,1.33672,0.67714,0.88878,0,0,0,0,0,0,0,0,0,0,0,0,0,0,0,0,0,0,0,0,0,0,0,0,0,0,0,0,0,0,0,0.47885,0.0220472,0.00734906,0.0220472,0.00734906,0.0220472,0.00734906,0.0220472,0.00734906
279,50345.3,1.52042,0.80369,0.92818,0,0,0,0,0,0,0.14602,0.00243,0.00026,0,0,0,0,0,0,0,0,0,0,0,0,0,0,1.07436,0.41809,0,0,0.49041,0.07017,0.48938,0.49032,0.77444,0.71448,0.74594,0.47905,1.33606,0.67637,0.88877,0,0,0,0,0,0,0,0,0,0,0,0,0,0,0,0,0,0,0,0,0,0,0,0,0,0,0,0,0,0,0,0.47905,0.0219955,0.00733182,0.0219955,0.00733182,0.0219955,0.00733182,0.0219955,0.00733182
280,50541.9,1.52384,0.80279,0.92503,0,0,0,0,0,0,0.14718,0.00243,0.00034,2e-05,0,0,0,0,0,0,0,0,0,0,0,0,0,1.13085,0.42199,0,0,0.49049,0.07014,0.4899,0.4904,0.77597,0.71545,0.74654,0.4793,1.33534,0.67578,0.88855,0,0,0,0,0,0,0,0,0,0,0,0,0,0,0,0,0,0,0,0,0,0,0,0,0,0,0,0,0,0,0,0.4793,0.0219437,0.00731456,0.0219437,0.00731456,0.0219437,0.00731456,0.0219437,0.00731456
281,50715,1.51764,0.79962,0.92185,0,0,0,0,0,0,0.14711,0.00242,0.00025,2e-05,0,0,0,0,0,0,0,0,0,0,0,0,0,1.11103,0.41625,0,0,0.49044,0.07015,0.48984,0.49034,0.77766,0.71233,0.74614,0.48028,1.33427,0.67529,0.8883,0,0,0,0,0,0,0,0,0,0,0,0,0,0,0,0,0,0,0,0,0,0,0,0,0,0,0,0,0,0,0,0.48028,0.0218918,0.00729725,0.0218918,0.00729725,0.0218918,0.00729725,0.0218918,0.00729725
282,50901,1.52699,0.80253,0.92641,0,0,0,0,0,0,0.14859,0.00242,0.00023,4e-05,0,0,0,0,0,0,0,0,0,0,0,0,0,1.1363,0.42049,0,0,0.49053,0.07028,0.4897,0.49045,0.77603,0.71493,0.7466,0.48047,1.33384,0.67497,0.88819,0,0,0,0,0,0,0,0,0,0,0,0,0,0,0,0,0,0,0,0,0,0,0,0,0,0,0,0,0,0,0,0.48047,0.0218397,0.00727992,0.0218397,0.00727992,0.0218397,0.00727992,0.0218397,0.00727992
283,51094.2,1.51258,0.7991,0.92457,0,0,0,0,0,0,0.14748,0.00243,0.00023,0,0,0,0,0,0,0,0,0,0,0,0,0,0,1.12513,0.41611,0,0,0.49042,0.07016,0.48977,0.49034,0.7759,0.71462,0.74666,0.48113,1.33239,0.67438,0.88793,0,0,0,0,0,0,0,0,0,0,0,0,0,0,0,0,0,0,0,0,0,0,0,0,0,0,0,0,0,0,0,0.48113,0.0217876,0.00726254,0.0217876,0.00726254,0.0217876,0.00726254,0.0217876,0.00726254
284,51263.5,1.52511,0.80362,0.92402,0,0,0,0,0,0,0.14571,0.00242,0.00024,4e-05,0,0,0,0,0,0,0,0,0,0,0,0,0,1.07889,0.41623,0,0,0.49056,0.07023,0.48955,0.49048,0.77657,0.7168,0.74758,0.48109,1.33092,0.67386,0.88772,0,0,0,0,0,0,0,0,0,0,0,0,0,0,0,0,0,0,0,0,0,0,0,0,0,0,0,0,0,0,0,0.48109,0.0217354,0.00724514,0.0217354,0.00724514,0.0217354,0.00724514,0.0217354,0.00724514
285,51456.4,1.5231,0.79573,0.91993,0,0,0,0,0,0,0.14683,0.00242,0.00019,0,0,0,0,0,0,0,0,0,0,0,0,0,0,1.12298,0.4239,0,0,0.49042,0.0701,0.48974,0.49033,0.77632,0.71602,0.74674,0.48156,1.33001,0.67302,0.88747,0,0,0,0,0,0,0,0,0,0,0,0,0,0,0,0,0,0,0,0,0,0,0,0,0,0,0,0,0,0,0,0.48156,0.0216831,0.0072277,0.0216831,0.0072277,0.0216831,0.0072277,0.0216831,0.0072277
286,51635.9,1.51532,0.80173,0.92264,0,0,0,0,0,0,0.14663,0.00241,0.00032,2e-05,0,0,0,0,0,0,0,0,0,0,0,0,0,1.02537,0.41955,0,0,0.49047,0.07014,0.48915,0.49038,0.77571,0.71661,0.74736,0.48185,1.32894,0.67232,0.88727,0,0,0,0,0,0,0,0,0,0,0,0,0,0,0,0,0,0,0,0,0,0,0,0,0,0,0,0,0,0,0,0.48185,0.0216307,0.00721023,0.0216307,0.00721023,0.0216307,0.00721023,0.0216307,0.00721023
287,51808.3,1.51858,0.79667,0.92485,0,0,0,0,0,0,0.14712,0.00243,0.00023,0,0,0,0,0,0,0,0,0,0,0,0,0,0,1.11305,0.42065,0,0,0.49051,0.07025,0.4899,0.49043,0.77998,0.71606,0.74833,0.48218,1.32846,0.67151,0.88708,0,0,0,0,0,0,0,0,0,0,0,0,0,0,0,0,0,0,0,0,0,0,0,0,0,0,0,0,0,0,0,0.48218,0.0215782,0.00719272,0.0215782,0.00719272,0.0215782,0.00719272,0.0215782,0.00719272
288,51997.8,1.5108,0.79648,0.92141,0,0,0,0,0,0,0.14601,0.00241,0.00031,1e-05,0,0,0,0,0,0,0,0,0,0,0,0,0,1.12588,0.41734,0,0,0.49047,0.07023,0.48946,0.49039,0.78028,0.71681,0.74874,0.48264,1.32719,0.67144,0.88682,0,0,0,0,0,0,0,0,0,0,0,0,0,0,0,0,0,0,0,0,0,0,0,0,0,0,0,0,0,0,0,0.48264,0.0215255,0.00717518,0.0215255,0.00717518,0.0215255,0.00717518,0.0215255,0.00717518
289,52175.8,1.5168,0.80239,0.92308,0,0,0,0,0,0,0.14465,0.00243,0.00033,4e-05,0,0,0,0,0,0,0,0,0,0,0,0,0,1.12764,0.41912,0,0,0.49051,0.07023,0.48868,0.49043,0.7802,0.71849,0.74994,0.48277,1.32677,0.67051,0.88677,0,0,0,0,0,0,0,0,0,0,0,0,0,0,0,0,0,0,0,0,0,0,0,0,0,0,0,0,0,0,0,0.48277,0.0214728,0.00715761,0.0214728,0.00715761,0.0214728,0.00715761,0.0214728,0.00715761
290,52358.2,1.5162,0.79527,0.9287,0,0,0,0,0,0,0.14621,0.00241,0.00023,5e-05,0,0,0,0,0,0,0,0,0,0,0,0,0,1.23039,0.41192,0,0,0.49039,0.07014,0.48859,0.49031,0.78205,0.71662,0.74948,0.48285,1.32598,0.67001,0.88655,0,0,0,0,0,0,0,0,0,0,0,0,0,0,0,0,0,0,0,0,0,0,0,0,0,0,0,0,0,0,0,0.48285,0.02142,0.00714,0.02142,0.00714,0.02142,0.00714,0.02142,0.00714
291,52546.7,1.5157,0.79473,0.9248,0,0,0,0,0,0,0.14627,0.0024,0.00023,1e-05,0,0,0,0,0,0,0,0,0,0,0,0,0,1.19664,0.41334,0,0,0.49052,0.07024,0.4898,0.49043,0.78077,0.71703,0.74931,0.48276,1.3253,0.6691,0.88642,0,0,0,0,0,0,0,0,0,0,0,0,0,0,0,0,0,0,0,0,0,0,0,0,0,0,0,0,0,0,0,0.48276,0.0213671,0.00712237,0.0213671,0.00712237,0.0213671,0.00712237,0.0213671,0.00712237
292,52718.9,1.51102,0.79339,0.92363,0,0,0,0,0,0,0.1447,0.00239,0.00022,0,0,0,0,0,0,0,0,0,0,0,0,0,0,1.17285,0.41186,0,0,0.49051,0.07018,0.48924,0.49042,0.78068,0.71769,0.74949,0.48365,1.32468,0.66858,0.88628,0,0,0,0,0,0,0,0,0,0,0,0,0,0,0,0,0,0,0,0,0,0,0,0,0,0,0,0,0,0,0,0.48365,0.0213141,0.0071047,0.0213141,0.0071047,0.0213141,0.0071047,0.0213141,0.0071047
293,52893.6,1.51541,0.7947,0.92456,0,0,0,0,0,0,0.14665,0.00241,0.00033,0,0,0,0,0,0,0,0,0,0,0,0,0,0,1.27319,0.43724,0,0,0.49049,0.07017,0.48912,0.49039,0.7817,0.71696,0.74905,0.48398,1.3242,0.66802,0.88623,0,0,0,0,0,0,0,0,0,0,0,0,0,0,0,0,0,0,0,0,0,0,0,0,0,0,0,0,0,0,0,0.48398,0.021261,0.007087,0.021261,0.007087,0.021261,0.007087,0.021261,0.007087
294,53078.3,1.51181,0.79344,0.92073,0,0,0,0,0,0,0.1452,0.00241,0.00027,0,0,0,0,0,0,0,0,0,0,0,0,0,0,1.21403,0.42107,0,0,0.49048,0.07018,0.48982,0.49038,0.78286,0.7187,0.75103,0.4842,1.32308,0.66718,0.88605,0,0,0,0,0,0,0,0,0,0,0,0,0,0,0,0,0,0,0,0,0,0,0,0,0,0,0,0,0,0,0,0.4842,0.0212078,0.00706926,0.0212078,0.00706926,0.0212078,0.00706926,0.0212078,0.00706926
295,53253.1,1.51609,0.79711,0.9209,0,0,0,0,0,0,0.14626,0.0024,0.00022,2e-05,0,0,0,0,0,0,0,0,0,0,0,0,0,1.11021,0.41635,0,0,0.49053,0.07023,0.48914,0.49044,0.78333,0.71739,0.75049,0.48483,1.32233,0.66637,0.88587,0,0,0,0,0,0,0,0,0,0,0,0,0,0,0,0,0,0,0,0,0,0,0,0,0,0,0,0,0,0,0,0.48483,0.0211545,0.0070515,0.0211545,0.0070515,0.0211545,0.0070515,0.0211545,0.0070515
296,53421.5,1.50563,0.7912,0.92231,0,0,0,0,0,0,0.14456,0.00241,0.00024,2e-05,0,0,0,0,0,0,0,0,0,0,0,0,0,1.20691,0.42135,0,0,0.49041,0.07017,0.48961,0.49032,0.78159,0.71876,0.75059,0.48499,1.32188,0.66613,0.88571,0,0,0,0,0,0,0,0,0,0,0,0,0,0,0,0,0,0,0,0,0,0,0,0,0,0,0,0,0,0,0,0.48499,0.0211011,0.00703371,0.0211011,0.00703371,0.0211011,0.00703371,0.0211011,0.00703371
297,53604.3,1.50824,0.79214,0.91941,0,0,0,0,0,0,0.14454,0.00239,0.00035,0,0,0,0,0,0,0,0,0,0,0,0,0,0,1.22629,0.42268,0,0,0.49054,0.07025,0.4898,0.49044,0.78217,0.72016,0.75232,0.4854,1.32158,0.66541,0.88569,0,0,0,0,0,0,0,0,0,0,0,0,0,0,0,0,0,0,0,0,0,0,0,0,0,0,0,0,0,0,0,0.4854,0.0210476,0.00701588,0.0210476,0.00701588,0.0210476,0.00701588,0.0210476,0.00701588
298,53784.2,1.50747,0.79262,0.91738,0,0,0,0,0,0,0.1447,0.00239,0.00023,0,0,0,0,0,0,0,0,0,0,0,0,0,0,1.18284,0.4158,0,0,0.49045,0.07022,0.48996,0.49036,0.78289,0.71962,0.752,0.48497,1.32135,0.66493,0.88555,0,0,0,0,0,0,0,0,0,0,0,0,0,0,0,0,0,0,0,0,0,0,0,0,0,0,0,0,0,0,0,0.48497,0.0209941,0.00699803,0.0209941,0.00699803,0.0209941,0.00699803,0.0209941,0.00699803
299,53950.9,1.50045,0.79119,0.92192,0,0,0,0,0,0,0.14729,0.0024,0.00029,7e-05,0,0,0,0,0,0,0,0,0,0,0,0,0,1.06133,0.40925,0,0,0.4905,0.07018,0.49005,0.49039,0.78159,0.71935,0.75155,0.48501,1.32186,0.6641,0.88554,0,0,0,0,0,0,0,0,0,0,0,0,0,0,0,0,0,0,0,0,0,0,0,0,0,0,0,0,0,0,0,0.48501,0.0209404,0.00698014,0.0209404,0.00698014,0.0209404,0.00698014,0.0209404,0.00698014
300,54129.7,1.5021,0.78861,0.92112,0,0,0,0,0,0,0.14458,0.0024,0.0002,0,0,0,0,0,0,0,0,0,0,0,0,0,0,1.1196,0.41022,0,0,0.49066,0.07027,0.48988,0.49056,0.78086,0.72045,0.75166,0.48512,1.32215,0.66374,0.88529,0,0,0,0,0,0,0,0,0,0,0,0,0,0,0,0,0,0,0,0,0,0,0,0,0,0,0,0,0,0,0,0.48512,0.0208867,0.00696223,0.0208867,0.00696223,0.0208867,0.00696223,0.0208867,0.00696223
301,54315.7,1.50204,0.78631,0.91969,0,0,0,0,0,0,0.14472,0.00238,0.00026,0,0,0,0,0,0,0,0,0,0,0,0,0,0,1.12438,0.41051,0,0,0.49046,0.07017,0.48991,0.49036,0.78272,0.72071,0.75267,0.48519,1.32158,0.66316,0.88511,0,0,0,0,0,0,0,0,0,0,0,0,0,0,0,0,0,0,0,0,0,0,0,0,0,0,0,0,0,0,0,0.48519,0.0208328,0.00694428,0.0208328,0.00694428,0.0208328,0.00694428,0.0208328,0.00694428
302,54483.7,1.49616,0.79046,0.92012,0,0,0,0,0,0,0.1439,0.00239,0.00028,4e-05,0,0,0,0,0,0,0,0,0,0,0,0,0,1.13454,0.41441,0,0,0.49027,0.06999,0.48964,0.49018,0.78267,0.72139,0.75279,0.48566,1.32047,0.66295,0.8849,0,0,0,0,0,0,0,0,0,0,0,0,0,0,0,0,0,0,0,0,0,0,0,0,0,0,0,0,0,0,0,0.48566,0.0207789,0.00692631,0.0207789,0.00692631,0.0207789,0.00692631,0.0207789,0.00692631
303,54656.1,1.49732,0.78508,0.91982,0,0,0,0,0,0,0.1444,0.00239,0.00022,1e-05,0,0,0,0,0,0,0,0,0,0,0,0,0,1.14305,0.41802,0,0,0.49034,0.07008,0.48965,0.49012,0.78331,0.72076,0.75298,0.48575,1.3203,0.66277,0.88476,0,0,0,0,0,0,0,0,0,0,0,0,0,0,0,0,0,0,0,0,0,0,0,0,0,0,0,0,0,0,0,0.48575,0.0207249,0.00690831,0.0207249,0.00690831,0.0207249,0.00690831,0.0207249,0.00690831
304,54847.4,1.5001,0.78611,0.91999,0,0,0,0,0,0,0.14309,0.00239,0.00022,2e-05,0,0,0,0,0,0,0,0,0,0,0,0,0,1.07852,0.41331,0,0,0.49038,0.07017,0.48955,0.49029,0.78372,0.72084,0.75317,0.48625,1.31973,0.66134,0.88464,0,0,0,0,0,0,0,0,0,0,0,0,0,0,0,0,0,0,0,0,0,0,0,0,0,0,0,0,0,0,0,0.48625,0.0206708,0.00689028,0.0206708,0.00689028,0.0206708,0.00689028,0.0206708,0.00689028
305,55017.8,1.50603,0.78378,0.92197,0,0,0,0,0,0,0.14338,0.00239,0.00027,0,0,0,0,0,0,0,0,0,0,0,0,0,0,1.10162,0.41949,0,0,0.49059,0.0703,0.49048,0.49049,0.78558,0.72109,0.75381,0.48666,1.31916,0.66115,0.88442,0,0,0,0,0,0,0,0,0,0,0,0,0,0,0,0,0,0,0,0,0,0,0,0,0,0,0,0,0,0,0,0.48666,0.0206166,0.00687222,0.0206166,0.00687222,0.0206166,0.00687222,0.0206166,0.00687222
306,55186.6,1.49671,0.78567,0.91893,0,0,0,0,0,0,0.14442,0.00238,0.00027,0,0,0,0,0,0,0,0,0,0,0,0,0,0,1.19793,0.41265,0,0,0.49041,0.07017,0.48959,0.49031,0.78701,0.72129,0.75465,0.48745,1.3186,0.66038,0.88419,0,0,0,0,0,0,0,0,0,0,0,0,0,0,0,0,0,0,0,0,0,0,0,0,0,0,0,0,0,0,0,0.48745,0.0205624,0.00685413,0.0205624,0.00685413,0.0205624,0.00685413,0.0205624,0.00685413
307,55370.8,1.49644,0.78661,0.91683,0,0,0,0,0,0,0.14456,0.00238,0.0002,6e-05,0,0,0,0,0,0,0,0,0,0,0,0,0,1.13353,0.40959,0,0,0.49045,0.0701,0.48923,0.49036,0.78547,0.72213,0.75493,0.48734,1.31826,0.65998,0.88403,0,0,0,0,0,0,0,0,0,0,0,0,0,0,0,0,0,0,0,0,0,0,0,0,0,0,0,0,0,0,0,0.48734,0.020508,0.00683601,0.020508,0.00683601,0.020508,0.00683601,0.020508,0.00683601
308,55549.8,1.49598,0.7862,0.92004,0,0,0,0,0,0,0.14534,0.00238,0.00025,1e-05,0,0,0,0,0,0,0,0,0,0,0,0,0,1.20522,0.41472,0,0,0.49047,0.07013,0.48961,0.49025,0.78564,0.72402,0.7568,0.48819,1.31729,0.65944,0.88393,0,0,0,0,0,0,0,0,0,0,0,0,0,0,0,0,0,0,0,0,0,0,0,0,0,0,0,0,0,0,0,0.48819,0.0204536,0.00681787,0.0204536,0.00681787,0.0204536,0.00681787,0.0204536,0.00681787
309,55714.6,1.50155,0.78286,0.92047,0,0,0,0,0,0,0.14337,0.00238,0.00019,0,0,0,0,0,0,0,0,0,0,0,0,0,0,1.23823,0.41636,0,0,0.49048,0.07018,0.49041,0.49038,0.78382,0.72349,0.75714,0.48838,1.31703,0.6587,0.88384,0,0,0,0,0,0,0,0,0,0,0,0,0,0,0,0,0,0,0,0,0,0,0,0,0,0,0,0,0,0,0,0.48838,0.0203991,0.0067997,0.0203991,0.0067997,0.0203991,0.0067997,0.0203991,0.0067997
310,55894,1.49686,0.7783,0.91714,0,0,0,0,0,0,0.14274,0.00238,0.0003,0,0,0,0,0,0,0,0,0,0,0,0,0,0,1.12932,0.40918,0,0,0.4904,0.07013,0.48925,0.49031,0.78247,0.72409,0.75715,0.4887,1.31608,0.65855,0.8837,0,0,0,0,0,0,0,0,0,0,0,0,0,0,0,0,0,0,0,0,0,0,0,0,0,0,0,0,0,0,0,0.4887,0.0203445,0.0067815,0.0203445,0.0067815,0.0203445,0.0067815,0.0203445,0.0067815
311,56076.6,1.48872,0.77492,0.92072,0,0,0,0,0,0,0.14146,0.00237,0.00025,0,0,0,0,0,0,0,0,0,0,0,0,0,0,1.14331,0.41153,0,0,0.49034,0.07007,0.4888,0.49025,0.78373,0.72554,0.75747,0.48845,1.31495,0.65775,0.8835,0,0,0,0,0,0,0,0,0,0,0,0,0,0,0,0,0,0,0,0,0,0,0,0,0,0,0,0,0,0,0,0.48845,0.0202898,0.00676328,0.0202898,0.00676328,0.0202898,0.00676328,0.0202898,0.00676328
312,56245.3,1.4911,0.78681,0.91972,0,0,0,0,0,0,0.14207,0.00236,0.00028,7e-05,0,0,0,0,0,0,0,0,0,0,0,0,0,1.13754,0.41389,0,0,0.49043,0.07015,0.48912,0.49034,0.78233,0.72673,0.75752,0.4884,1.31482,0.65741,0.88348,0,0,0,0,0,0,0,0,0,0,0,0,0,0,0,0,0,0,0,0,0,0,0,0,0,0,0,0,0,0,0,0.4884,0.0202351,0.00674503,0.0202351,0.00674503,0.0202351,0.00674503,0.0202351,0.00674503
313,56415.6,1.49084,0.78046,0.91449,0,0,0,0,0,0,0.14291,0.00236,0.0003,1e-05,0,0,0,0,0,0,0,0,0,0,0,0,0,1.10169,0.41361,0,0,0.49053,0.07019,0.48978,0.49043,0.78615,0.72616,0.7581,0.48916,1.31397,0.65702,0.88334,0,0,0,0,0,0,0,0,0,0,0,0,0,0,0,0,0,0,0,0,0,0,0,0,0,0,0,0,0,0,0,0.48916,0.0201803,0.00672675,0.0201803,0.00672675,0.0201803,0.00672675,0.0201803,0.00672675
314,56601.8,1.50225,0.78337,0.91702,0,0,0,0,0,0,0.14337,0.00236,0.00017,0,0,0,0,0,0,0,0,0,0,0,0,0,0,1.17914,0.41837,0,0,0.4905,0.07012,0.49027,0.4904,0.78347,0.72848,0.75819,0.48932,1.31332,0.65624,0.88322,0,0,0,0,0,0,0,0,0,0,0,0,0,0,0,0,0,0,0,0,0,0,0,0,0,0,0,0,0,0,0,0.48932,0.0201254,0.00670845,0.0201254,0.00670845,0.0201254,0.00670845,0.0201254,0.00670845
315,56777,1.48213,0.77481,0.913,0,0,0,0,0,0,0.14272,0.00236,0.00029,1e-05,0,0,0,0,0,0,0,0,0,0,0,0,0,1.17405,0.41366,0,0,0.49052,0.07027,0.49028,0.49041,0.78405,0.72782,0.75857,0.49003,1.31348,0.65619,0.88317,0,0,0,0,0,0,0,0,0,0,0,0,0,0,0,0,0,0,0,0,0,0,0,0,0,0,0,0,0,0,0,0.49003,0.0200704,0.00669012,0.0200704,0.00669012,0.0200704,0.00669012,0.0200704,0.00669012
316,56945.2,1.4905,0.77863,0.91777,0,0,0,0,0,0,0.14215,0.00235,0.00022,0,0,0,0,0,0,0,0,0,0,0,0,0,0,1.07693,0.41047,0,0,0.49047,0.07018,0.48962,0.49037,0.78609,0.72826,0.75987,0.49034,1.31319,0.65582,0.88294,0,0,0,0,0,0,0,0,0,0,0,0,0,0,0,0,0,0,0,0,0,0,0,0,0,0,0,0,0,0,0,0.49034,0.0200153,0.00667177,0.0200153,0.00667177,0.0200153,0.00667177,0.0200153,0.00667177
317,57125.2,1.47939,0.77088,0.91604,0,0,0,0,0,0,0.14175,0.00234,0.00027,3e-05,0,0,0,0,0,0,0,0,0,0,0,0,0,1.03588,0.40544,0,0,0.49048,0.0702,0.4903,0.49037,0.78702,0.72936,0.7611,0.49044,1.31299,0.65545,0.8828,0,0,0,0,0,0,0,0,0,0,0,0,0,0,0,0,0,0,0,0,0,0,0,0,0,0,0,0,0,0,0,0.49044,0.0199602,0.00665339,0.0199602,0.00665339,0.0199602,0.00665339,0.0199602,0.00665339
318,57306.2,1.49268,0.78459,0.91496,0,0,0,0,0,0,0.14352,0.00238,0.00027,3e-05,0,0,0,0,0,0,0,0,0,0,0,0,0,1.14835,0.41028,0,0,0.49049,0.07021,0.48968,0.49041,0.78932,0.72837,0.76172,0.49064,1.31297,0.65473,0.8826,0,0,0,0,0,0,0,0,0,0,0,0,0,0,0,0,0,0,0,0,0,0,0,0,0,0,0,0,0,0,0,0.49064,0.019905,0.00663499,0.019905,0.00663499,0.019905,0.00663499,0.019905,0.00663499
319,57472.7,1.47887,0.77381,0.91456,0,0,0,0,0,0,0.1413,0.00235,0.00024,0,0,0,0,0,0,0,0,0,0,0,0,0,0,1.14927,0.41142,0,0,0.49042,0.07014,0.48923,0.49033,0.78923,0.72787,0.76104,0.49029,1.31229,0.65458,0.88247,0,0,0,0,0,0,0,0,0,0,0,0,0,0,0,0,0,0,0,0,0,0,0,0,0,0,0,0,0,0,0,0.49029,0.0198497,0.00661656,0.0198497,0.00661656,0.0198497,0.00661656,0.0198497,0.00661656
320,57646.9,1.48219,0.77805,0.91459,0,0,0,0,0,0,0.14219,0.00233,0.00028,0,0,0,0,0,0,0,0,0,0,0,0,0,0,1.04047,0.40611,0,0,0.49039,0.07011,0.48975,0.4903,0.79043,0.72802,0.76138,0.49067,1.31209,0.6543,0.88251,0,0,0,0,0,0,0,0,0,0,0,0,0,0,0,0,0,0,0,0,0,0,0,0,0,0,0,0,0,0,0,0.49067,0.0197943,0.00659811,0.0197943,0.00659811,0.0197943,0.00659811,0.0197943,0.00659811
321,57834.3,1.47449,0.76943,0.91432,0,0,0,0,0,0,0.14289,0.00233,0.00024,0,0,0,0,0,0,0,0,0,0,0,0,0,0,1.04505,0.41063,0,0,0.49044,0.07008,0.48911,0.49034,0.78853,0.72827,0.76148,0.49095,1.31143,0.65369,0.88233,0,0,0,0,0,0,0,0,0,0,0,0,0,0,0,0,0,0,0,0,0,0,0,0,0,0,0,0,0,0,0,0.49095,0.0197389,0.00657963,0.0197389,0.00657963,0.0197389,0.00657963,0.0197389,0.00657963
322,58004.5,1.48794,0.77665,0.91481,0,0,0,0,0,0,0.14159,0.00233,0.00028,0,0,0,0,0,0,0,0,0,0,0,0,0,0,1.09144,0.40949,0,0,0.49046,0.07017,0.48955,0.49037,0.79055,0.72715,0.76152,0.49116,1.31197,0.65342,0.88225,0,0,0,0,0,0,0,0,0,0,0,0,0,0,0,0,0,0,0,0,0,0,0,0,0,0,0,0,0,0,0,0.49116,0.0196834,0.00656114,0.0196834,0.00656114,0.0196834,0.00656114,0.0196834,0.00656114
323,58171.9,1.488,0.78382,0.91642,0,0,0,0,0,0,0.14283,0.00234,0.00022,0.00012,0,0,0,0,0,0,0,0,0,0,0,0,0,1.01968,0.40981,0,0,0.49046,0.07009,0.48975,0.49037,0.78924,0.72866,0.76122,0.49195,1.31161,0.65321,0.88239,0,0,0,0,0,0,0,0,0,0,0,0,0,0,0,0,0,0,0,0,0,0,0,0,0,0,0,0,0,0,0,0.49195,0.0196278,0.00654261,0.0196278,0.00654261,0.0196278,0.00654261,0.0196278,0.00654261
324,58354.6,1.48091,0.76977,0.91463,0,0,0,0,0,0,0.14194,0.00234,0.00025,1e-05,0,0,0,0,0,0,0,0,0,0,0,0,0,1.01405,0.40231,0,0,0.49041,0.07022,0.48945,0.49032,0.78831,0.72995,0.76197,0.49151,1.31067,0.65216,0.88202,0,0,0,0,0,0,0,0,0,0,0,0,0,0,0,0,0,0,0,0,0,0,0,0,0,0,0,0,0,0,0,0.49151,0.0195722,0.00652407,0.0195722,0.00652407,0.0195722,0.00652407,0.0195722,0.00652407
325,58534.8,1.47933,0.76983,0.91416,0,0,0,0,0,0,0.14105,0.00235,0.00027,0,0,0,0,0,0,0,0,0,0,0,0,0,0,1.10799,0.41101,0,0,0.49037,0.07012,0.48982,0.49027,0.78988,0.72981,0.76301,0.49205,1.31077,0.65176,0.88223,0,0,0,0,0,0,0,0,0,0,0,0,0,0,0,0,0,0,0,0,0,0,0,0,0,0,0,0,0,0,0,0.49205,0.0195165,0.0065055,0.0195165,0.0065055,0.0195165,0.0065055,0.0195165,0.0065055
326,58701.3,1.47028,0.76714,0.91553,0,0,0,0,0,0,0.14109,0.00235,0.00019,0,0,0,0,0,0,0,0,0,0,0,0,0,0,1.00727,0.40302,0,0,0.49036,0.07018,0.48932,0.49028,0.7904,0.72888,0.76278,0.49291,1.31003,0.65129,0.88213,0,0,0,0,0,0,0,0,0,0,0,0,0,0,0,0,0,0,0,0,0,0,0,0,0,0,0,0,0,0,0,0.49291,0.0194607,0.00648691,0.0194607,0.00648691,0.0194607,0.00648691,0.0194607,0.00648691
327,58878.4,1.47739,0.77005,0.91495,0,0,0,0,0,0,0.14353,0.00234,0.00026,1e-05,0,0,0,0,0,0,0,0,0,0,0,0,0,1.04396,0.40088,0,0,0.49041,0.07011,0.48922,0.49033,0.78958,0.72986,0.76371,0.49329,1.30909,0.65077,0.88195,0,0,0,0,0,0,0,0,0,0,0,0,0,0,0,0,0,0,0,0,0,0,0,0,0,0,0,0,0,0,0,0.49329,0.0194049,0.0064683,0.0194049,0.0064683,0.0194049,0.0064683,0.0194049,0.0064683
328,59063.7,1.4675,0.76947,0.91361,0,0,0,0,0,0,0.14208,0.00233,0.00019,0,0,0,0,0,0,0,0,0,0,0,0,0,0,1.08994,0.40339,0,0,0.49046,0.07017,0.48948,0.49037,0.7884,0.7293,0.76351,0.49352,1.30817,0.65031,0.88175,0,0,0,0,0,0,0,0,0,0,0,0,0,0,0,0,0,0,0,0,0,0,0,0,0,0,0,0,0,0,0,0.49352,0.019349,0.00644966,0.019349,0.00644966,0.019349,0.00644966,0.019349,0.00644966
329,59234.5,1.47093,0.76812,0.91236,0,0,0,0,0,0,0.14122,0.00232,0.00027,1e-05,0,0,0,0,0,0,0,0,0,0,0,0,0,1.10852,0.40744,0,0,0.49056,0.07023,0.48963,0.49047,0.79063,0.73009,0.76483,0.49377,1.30822,0.64982,0.88161,0,0,0,0,0,0,0,0,0,0,0,0,0,0,0,0,0,0,0,0,0,0,0,0,0,0,0,0,0,0,0,0.49377,0.019293,0.00643101,0.019293,0.00643101,0.019293,0.00643101,0.019293,0.00643101
330,59403.3,1.4727,0.76778,0.91136,0,0,0,0,0,0,0.14205,0.00234,0.00018,0,0,0,0,0,0,0,0,0,0,0,0,0,0,1.17935,0.40811,0,0,0.49052,0.07021,0.48962,0.49041,0.78974,0.73013,0.76397,0.49365,1.30839,0.6496,0.88164,0,0,0,0,0,0,0,0,0,0,0,0,0,0,0,0,0,0,0,0,0,0,0,0,0,0,0,0,0,0,0,0.49365,0.019237,0.00641233,0.019237,0.00641233,0.019237,0.00641233,0.019237,0.00641233
331,59585.5,1.46868,0.76468,0.90917,0,0,0,0,0,0,0.14058,0.00236,0.0002,3e-05,0,0,0,0,0,0,0,0,0,0,0,0,0,1.09208,0.40475,0,0,0.49048,0.07022,0.48976,0.49039,0.79189,0.73035,0.76456,0.49359,1.30785,0.6494,0.88145,0,0,0,0,0,0,0,0,0,0,0,0,0,0,0,0,0,0,0,0,0,0,0,0,0,0,0,0,0,0,0,0.49359,0.0191809,0.00639363,0.0191809,0.00639363,0.0191809,0.00639363,0.0191809,0.00639363
332,59764.5,1.46479,0.76089,0.90854,0,0,0,0,0,0,0.14042,0.00233,0.00028,0,0,0,0,0,0,0,0,0,0,0,0,0,0,1.13275,0.40763,0,0,0.49039,0.0701,0.48969,0.4903,0.7923,0.72996,0.76498,0.49367,1.30746,0.64892,0.88127,0,0,0,0,0,0,0,0,0,0,0,0,0,0,0,0,0,0,0,0,0,0,0,0,0,0,0,0,0,0,0,0.49367,0.0191247,0.00637491,0.0191247,0.00637491,0.0191247,0.00637491,0.0191247,0.00637491
333,59932.1,1.46864,0.77273,0.91253,0,0,0,0,0,0,0.14,0.00233,0.0002,7e-05,0,0,0,0,0,0,0,0,0,0,0,0,0,1.05979,0.40181,0,0,0.49043,0.07018,0.48883,0.49034,0.79463,0.72926,0.76528,0.49372,1.30631,0.64837,0.88104,0,0,0,0,0,0,0,0,0,0,0,0,0,0,0,0,0,0,0,0,0,0,0,0,0,0,0,0,0,0,0,0.49372,0.0190685,0.00635617,0.0190685,0.00635617,0.0190685,0.00635617,0.0190685,0.00635617
334,60109.5,1.46323,0.76612,0.91217,0,0,0,0,0,0,0.14065,0.00235,0.00019,0,0,0,0,0,0,0,0,0,0,0,0,0,0,1.25418,0.41784,0,0,0.49052,0.0702,0.48995,0.49041,0.79786,0.72922,0.76624,0.49372,1.30646,0.64769,0.88095,0,0,0,0,0,0,0,0,0,0,0,0,0,0,0,0,0,0,0,0,0,0,0,0,0,0,0,0,0,0,0,0.49372,0.0190122,0.00633741,0.0190122,0.00633741,0.0190122,0.00633741,0.0190122,0.00633741
335,60293.3,1.46178,0.76684,0.91321,0,0,0,0,0,0,0.14156,0.00235,0.00019,1e-05,0,0,0,0,0,0,0,0,0,0,0,0,0,1.20229,0.41218,0,0,0.49035,0.07008,0.48943,0.49014,0.79921,0.72847,0.76674,0.49378,1.30611,0.64666,0.88083,0,0,0,0,0,0,0,0,0,0,0,0,0,0,0,0,0,0,0,0,0,0,0,0,0,0,0,0,0,0,0,0.49378,0.0189559,0.00631863,0.0189559,0.00631863,0.0189559,0.00631863,0.0189559,0.00631863
336,60464.2,1.46298,0.76217,0.91212,0,0,0,0,0,0,0.14165,0.00233,0.00019,0,0,0,0,0,0,0,0,0,0,0,0,0,0,1.19318,0.40718,0,0,0.49042,0.07014,0.49003,0.49031,0.79904,0.72852,0.76681,0.49416,1.30516,0.64617,0.88065,0,0,0,0,0,0,0,0,0,0,0,0,0,0,0,0,0,0,0,0,0,0,0,0,0,0,0,0,0,0,0,0.49416,0.0188995,0.00629983,0.0188995,0.00629983,0.0188995,0.00629983,0.0188995,0.00629983
337,60633,1.46529,0.76431,0.90962,0,0,0,0,0,0,0.13944,0.00232,0.00018,4e-05,0,0,0,0,0,0,0,0,0,0,0,0,0,1.14147,0.40272,0,0,0.49061,0.07024,0.49015,0.49052,0.79967,0.72946,0.76835,0.49471,1.30454,0.64592,0.88031,0,0,0,0,0,0,0,0,0,0,0,0,0,0,0,0,0,0,0,0,0,0,0,0,0,0,0,0,0,0,0,0.49471,0.018843,0.00628101,0.018843,0.00628101,0.018843,0.00628101,0.018843,0.00628101
338,60817.4,1.46522,0.76582,0.91046,0,0,0,0,0,0,0.14131,0.00232,0.00025,1e-05,0,0,0,0,0,0,0,0,0,0,0,0,0,1.16295,0.39862,0,0,0.49056,0.0702,0.49014,0.49045,0.79884,0.72914,0.76822,0.4951,1.30483,0.64542,0.88052,0,0,0,0,0,0,0,0,0,0,0,0,0,0,0,0,0,0,0,0,0,0,0,0,0,0,0,0,0,0,0,0.4951,0.0187865,0.00626218,0.0187865,0.00626218,0.0187865,0.00626218,0.0187865,0.00626218
339,60995,1.46341,0.76012,0.91157,0,0,0,0,0,0,0.13886,0.00232,0.00018,0,0,0,0,0,0,0,0,0,0,0,0,0,0,1.22627,0.40474,0,0,0.49043,0.07015,0.48935,0.49033,0.79665,0.73246,0.76852,0.49521,1.30388,0.6449,0.88035,0,0,0,0,0,0,0,0,0,0,0,0,0,0,0,0,0,0,0,0,0,0,0,0,0,0,0,0,0,0,0,0.49521,0.01873,0.00624332,0.01873,0.00624332,0.01873,0.00624332,0.01873,0.00624332
340,61160.1,1.46492,0.76087,0.90727,0,0,0,0,0,0,0.13911,0.00232,0.00019,1e-05,0,0,0,0,0,0,0,0,0,0,0,0,0,1.14917,0.40447,0,0,0.49053,0.07028,0.49005,0.49044,0.79597,0.73189,0.76846,0.49565,1.30328,0.64441,0.88011,0,0,0,0,0,0,0,0,0,0,0,0,0,0,0,0,0,0,0,0,0,0,0,0,0,0,0,0,0,0,0,0.49565,0.0186733,0.00622445,0.0186733,0.00622445,0.0186733,0.00622445,0.0186733,0.00622445
341,61339.5,1.45868,0.75741,0.90848,0,0,0,0,0,0,0.13919,0.0023,0.00023,1e-05,0,0,0,0,0,0,0,0,0,0,0,0,0,1.24453,0.40779,0,0,0.49053,0.07022,0.48979,0.49043,0.79715,0.73037,0.76878,0.4956,1.30282,0.64385,0.88008,0,0,0,0,0,0,0,0,0,0,0,0,0,0,0,0,0,0,0,0,0,0,0,0,0,0,0,0,0,0,0,0.4956,0.0186167,0.00620555,0.0186167,0.00620555,0.0186167,0.00620555,0.0186167,0.00620555
342,61525.1,1.46014,0.75948,0.9091,0,0,0,0,0,0,0.13921,0.0023,0.00023,0,0,0,0,0,0,0,0,0,0,0,0,0,0,1.15538,0.40348,0,0,0.49047,0.07017,0.48942,0.49036,0.79636,0.73194,0.76855,0.49589,1.30192,0.64347,0.8799,0,0,0,0,0,0,0,0,0,0,0,0,0,0,0,0,0,0,0,0,0,0,0,0,0,0,0,0,0,0,0,0.49589,0.0185599,0.00618664,0.0185599,0.00618664,0.0185599,0.00618664,0.0185599,0.00618664
343,61694.8,1.45896,0.76106,0.91155,0,0,0,0,0,0,0.13941,0.00231,0.00026,7e-05,0,0,0,0,0,0,0,0,0,0,0,0,0,1.0897,0.39564,0,0,0.49041,0.07008,0.48932,0.49019,0.79855,0.73044,0.76794,0.49592,1.30148,0.64303,0.8797,0,0,0,0,0,0,0,0,0,0,0,0,0,0,0,0,0,0,0,0,0,0,0,0,0,0,0,0,0,0,0,0.49592,0.0185031,0.00616772,0.0185031,0.00616772,0.0185031,0.00616772,0.0185031,0.00616772
344,61879,1.46119,0.76111,0.9104,0,0,0,0,0,0,0.13918,0.0023,0.00028,0,0,0,0,0,0,0,0,0,0,0,0,0,0,1.11117,0.39255,0,0,0.49043,0.07032,0.48933,0.49034,0.79564,0.73188,0.76798,0.49572,1.30095,0.6425,0.87962,0,0,0,0,0,0,0,0,0,0,0,0,0,0,0,0,0,0,0,0,0,0,0,0,0,0,0,0,0,0,0,0.49572,0.0184463,0.00614877,0.0184463,0.00614877,0.0184463,0.00614877,0.0184463,0.00614877
345,62081.9,1.4549,0.75693,0.90915,0,0,0,0,0,0,0.13914,0.00229,0.00026,1e-05,0,0,0,0,0,0,0,0,0,0,0,0,0,1.11055,0.39636,0,0,0.49047,0.07019,0.4896,0.49025,0.79623,0.73201,0.76863,0.49646,1.30032,0.64218,0.87934,0,0,0,0,0,0,0,0,0,0,0,0,0,0,0,0,0,0,0,0,0,0,0,0,0,0,0,0,0,0,0,0.49646,0.0183894,0.00612981,0.0183894,0.00612981,0.0183894,0.00612981,0.0183894,0.00612981
346,62265.8,1.45946,0.7598,0.91233,0,0,0,0,0,0,0.14069,0.0023,0.00027,0,0,0,0,0,0,0,0,0,0,0,0,0,0,1.15537,0.40505,0,0,0.49046,0.07013,0.48985,0.49036,0.79754,0.73154,0.76946,0.49661,1.29959,0.64179,0.8793,0,0,0,0,0,0,0,0,0,0,0,0,0,0,0,0,0,0,0,0,0,0,0,0,0,0,0,0,0,0,0,0.49661,0.0183325,0.00611083,0.0183325,0.00611083,0.0183325,0.00611083,0.0183325,0.00611083
347,62456.2,1.45553,0.75439,0.91181,0,0,0,0,0,0,0.13992,0.00229,0.00028,0,0,0,0,0,0,0,0,0,0,0,0,0,0,1.18945,0.40168,0,0,0.49037,0.07012,0.48926,0.49028,0.798,0.73249,0.76949,0.49713,1.29924,0.64089,0.879,0,0,0,0,0,0,0,0,0,0,0,0,0,0,0,0,0,0,0,0,0,0,0,0,0,0,0,0,0,0,0,0.49713,0.0182755,0.00609184,0.0182755,0.00609184,0.0182755,0.00609184,0.0182755,0.00609184
348,62658.9,1.44903,0.75559,0.90815,0,0,0,0,0,0,0.13969,0.00227,0.00031,0,0,0,0,0,0,0,0,0,0,0,0,0,0,1.10999,0.39489,0,0,0.49045,0.07007,0.48962,0.49035,0.80095,0.73378,0.77133,0.49761,1.29848,0.64037,0.87883,0,0,0,0,0,0,0,0,0,0,0,0,0,0,0,0,0,0,0,0,0,0,0,0,0,0,0,0,0,0,0,0.49761,0.0182185,0.00607282,0.0182185,0.00607282,0.0182185,0.00607282,0.0182185,0.00607282
349,62844.1,1.4499,0.75415,0.90973,0,0,0,0,0,0,0.14012,0.00228,0.00028,0,0,0,0,0,0,0,0,0,0,0,0,0,0,1.06357,0.39343,0,0,0.49045,0.07021,0.48985,0.49035,0.8017,0.73282,0.77074,0.49727,1.29774,0.63988,0.87874,0,0,0,0,0,0,0,0,0,0,0,0,0,0,0,0,0,0,0,0,0,0,0,0,0,0,0,0,0,0,0,0.49727,0.0181614,0.0060538,0.0181614,0.0060538,0.0181614,0.0060538,0.0181614,0.0060538
350,63029.5,1.45663,0.75409,0.90958,0,0,0,0,0,0,0.13976,0.00228,0.00026,0,0,0,0,0,0,0,0,0,0,0,0,0,0,1.09748,0.40291,0,0,0.4904,0.07012,0.48961,0.49029,0.80186,0.73251,0.77078,0.49754,1.2972,0.63954,0.87856,0,0,0,0,0,0,0,0,0,0,0,0,0,0,0,0,0,0,0,0,0,0,0,0,0,0,0,0,0,0,0,0.49754,0.0181043,0.00603475,0.0181043,0.00603475,0.0181043,0.00603475,0.0181043,0.00603475
351,63228.5,1.44956,0.74893,0.90682,0,0,0,0,0,0,0.13793,0.00228,0.00027,1e-05,0,0,0,0,0,0,0,0,0,0,0,0,0,1.09919,0.40085,0,0,0.49056,0.0703,0.49014,0.49046,0.80065,0.73424,0.77153,0.49794,1.2968,0.63877,0.87853,0,0,0,0,0,0,0,0,0,0,0,0,0,0,0,0,0,0,0,0,0,0,0,0,0,0,0,0,0,0,0,0.49794,0.0180471,0.0060157,0.0180471,0.0060157,0.0180471,0.0060157,0.0180471,0.0060157
352,63421.7,1.44688,0.75175,0.90426,0,0,0,0,0,0,0.13896,0.00228,0.00023,0,0,0,0,0,0,0,0,0,0,0,0,0,0,1.14072,0.39801,0,0,0.49045,0.07013,0.49001,0.49035,0.80036,0.73419,0.7713,0.49785,1.29636,0.63829,0.87845,0,0,0,0,0,0,0,0,0,0,0,0,0,0,0,0,0,0,0,0,0,0,0,0,0,0,0,0,0,0,0,0.49785,0.0179899,0.00599662,0.0179899,0.00599662,0.0179899,0.00599662,0.0179899,0.00599662
353,63605.8,1.452,0.75331,0.90912,0,0,0,0,0,0,0.14072,0.00228,0.00018,0.0001,0,0,0,0,0,0,0,0,0,0,0,0,0,1.13543,0.38903,0,0,0.49043,0.07017,0.49019,0.49033,0.80218,0.73489,0.77203,0.49857,1.29559,0.63792,0.87823,0,0,0,0,0,0,0,0,0,0,0,0,0,0,0,0,0,0,0,0,0,0,0,0,0,0,0,0,0,0,0,0.49857,0.0179326,0.00597754,0.0179326,0.00597754,0.0179326,0.00597754,0.0179326,0.00597754
354,63802.3,1.44972,0.75489,0.90804,0,0,0,0,0,0,0.14083,0.00227,0.00021,0,0,0,0,0,0,0,0,0,0,0,0,0,0,1.1196,0.38648,0,0,0.49049,0.0702,0.48952,0.49028,0.80326,0.73475,0.77327,0.49892,1.2947,0.63769,0.87812,0,0,0,0,0,0,0,0,0,0,0,0,0,0,0,0,0,0,0,0,0,0,0,0,0,0,0,0,0,0,0,0.49892,0.0178753,0.00595844,0.0178753,0.00595844,0.0178753,0.00595844,0.0178753,0.00595844
355,64000.8,1.44999,0.7515,0.9065,0,0,0,0,0,0,0.13883,0.00227,0.00023,1e-05,0,0,0,0,0,0,0,0,0,0,0,0,0,1.14014,0.39101,0,0,0.49046,0.07018,0.49014,0.49035,0.80376,0.73439,0.77286,0.49948,1.29479,0.6374,0.87801,0,0,0,0,0,0,0,0,0,0,0,0,0,0,0,0,0,0,0,0,0,0,0,0,0,0,0,0,0,0,0,0.49948,0.017818,0.00593932,0.017818,0.00593932,0.017818,0.00593932,0.017818,0.00593932
356,64183.1,1.44638,0.75347,0.90575,0,0,0,0,0,0,0.13796,0.00225,0.00022,0,0,0,0,0,0,0,0,0,0,0,0,0,0,1.16719,0.38927,0,0,0.49052,0.07019,0.48977,0.49044,0.80442,0.73468,0.77377,0.49965,1.29378,0.63674,0.87783,0,0,0,0,0,0,0,0,0,0,0,0,0,0,0,0,0,0,0,0,0,0,0,0,0,0,0,0,0,0,0,0.49965,0.0177606,0.00592019,0.0177606,0.00592019,0.0177606,0.00592019,0.0177606,0.00592019
357,64381.9,1.44332,0.74906,0.90765,0,0,0,0,0,0,0.1385,0.00226,0.00021,0,0,0,0,0,0,0,0,0,0,0,0,0,0,1.11205,0.39026,0,0,0.49048,0.07018,0.48936,0.49039,0.80382,0.73481,0.77466,0.49995,1.293,0.63664,0.8776,0,0,0,0,0,0,0,0,0,0,0,0,0,0,0,0,0,0,0,0,0,0,0,0,0,0,0,0,0,0,0,0.49995,0.0177031,0.00590105,0.0177031,0.00590105,0.0177031,0.00590105,0.0177031,0.00590105
358,64583,1.43595,0.74444,0.90531,0,0,0,0,0,0,0.13808,0.00226,0.0003,0,0,0,0,0,0,0,0,0,0,0,0,0,0,1.09316,0.38958,0,0,0.49048,0.07025,0.48939,0.49038,0.80239,0.73501,0.77453,0.49972,1.29246,0.63621,0.87747,0,0,0,0,0,0,0,0,0,0,0,0,0,0,0,0,0,0,0,0,0,0,0,0,0,0,0,0,0,0,0,0.49972,0.0176457,0.00588189,0.0176457,0.00588189,0.0176457,0.00588189,0.0176457,0.00588189
359,64764.5,1.43863,0.75011,0.90346,0,0,0,0,0,0,0.13535,0.00226,0.00034,0,0,0,0,0,0,0,0,0,0,0,0,0,0,1.18305,0.4005,0,0,0.49049,0.0702,0.48855,0.49041,0.80156,0.73623,0.77472,0.50032,1.29128,0.63518,0.87723,0,0,0,0,0,0,0,0,0,0,0,0,0,0,0,0,0,0,0,0,0,0,0,0,0,0,0,0,0,0,0,0.50032,0.0175882,0.00586272,0.0175882,0.00586272,0.0175882,0.00586272,0.0175882,0.00586272
360,64960.3,1.43596,0.74328,0.90231,0,0,0,0,0,0,0.13912,0.00225,0.00025,0,0,0,0,0,0,0,0,0,0,0,0,0,0,1.14821,0.39706,0,0,0.49042,0.0702,0.4892,0.49035,0.80054,0.73778,0.77434,0.5006,1.29174,0.63485,0.87718,0,0,0,0,0,0,0,0,0,0,0,0,0,0,0,0,0,0,0,0,0,0,0,0,0,0,0,0,0,0,0,0.5006,0.0175306,0.00584354,0.0175306,0.00584354,0.0175306,0.00584354,0.0175306,0.00584354
361,65163.2,1.43477,0.74729,0.9035,0,0,0,0,0,0,0.13801,0.00226,0.00024,0,0,0,0,0,0,0,0,0,0,0,0,0,0,1.11937,0.3918,0,0,0.49049,0.0702,0.48979,0.49039,0.80235,0.7378,0.77471,0.50162,1.29143,0.63454,0.87712,0,0,0,0,0,0,0,0,0,0,0,0,0,0,0,0,0,0,0,0,0,0,0,0,0,0,0,0,0,0,0,0.50162,0.0174731,0.00582435,0.0174731,0.00582435,0.0174731,0.00582435,0.0174731,0.00582435
362,65346.1,1.43994,0.74552,0.90426,0,0,0,0,0,0,0.13697,0.00226,0.00022,0,0,0,0,0,0,0,0,0,0,0,0,0,0,1.11285,0.38677,0,0,0.49046,0.0702,0.48906,0.49037,0.80198,0.73774,0.7747,0.50109,1.29193,0.63457,0.87712,0,0,0,0,0,0,0,0,0,0,0,0,0,0,0,0,0,0,0,0,0,0,0,0,0,0,0,0,0,0,0,0.50109,0.0174154,0.00580515,0.0174154,0.00580515,0.0174154,0.00580515,0.0174154,0.00580515
363,65541.7,1.43447,0.74533,0.90323,0,0,0,0,0,0,0.13791,0.00225,0.00026,0,0,0,0,0,0,0,0,0,0,0,0,0,0,1.08662,0.38428,0,0,0.49052,0.07021,0.48891,0.49043,0.80048,0.73898,0.77537,0.50144,1.2914,0.63426,0.8769,0,0,0,0,0,0,0,0,0,0,0,0,0,0,0,0,0,0,0,0,0,0,0,0,0,0,0,0,0,0,0,0.50144,0.0173578,0.00578593,0.0173578,0.00578593,0.0173578,0.00578593,0.0173578,0.00578593
364,65745.4,1.43626,0.74133,0.90405,0,0,0,0,0,0,0.13765,0.00224,0.00023,2e-05,0,0,0,0,0,0,0,0,0,0,0,0,0,1.18889,0.40365,0,0,0.49063,0.07031,0.48909,0.49054,0.79922,0.73923,0.77474,0.50091,1.291,0.6341,0.87682,0,0,0,0,0,0,0,0,0,0,0,0,0,0,0,0,0,0,0,0,0,0,0,0,0,0,0,0,0,0,0,0.50091,0.0173001,0.0057667,0.0173001,0.0057667,0.0173001,0.0057667,0.0173001,0.0057667
365,65930.8,1.43163,0.74181,0.90553,0,0,0,0,0,0,0.13659,0.00224,0.00021,0,0,0,0,0,0,0,0,0,0,0,0,0,0,1.13809,0.38945,0,0,0.49035,0.07007,0.48943,0.49025,0.80118,0.7399,0.77497,0.50132,1.28965,0.63342,0.8767,0,0,0,0,0,0,0,0,0,0,0,0,0,0,0,0,0,0,0,0,0,0,0,0,0,0,0,0,0,0,0,0.50132,0.0172424,0.00574746,0.0172424,0.00574746,0.0172424,0.00574746,0.0172424,0.00574746
366,66123.5,1.43571,0.74178,0.90452,0,0,0,0,0,0,0.13688,0.00224,0.00023,1e-05,0,0,0,0,0,0,0,0,0,0,0,0,0,1.20234,0.38664,0,0,0.49042,0.07015,0.49017,0.49031,0.8003,0.74011,0.77601,0.50158,1.28876,0.63305,0.87669,0,0,0,0,0,0,0,0,0,0,0,0,0,0,0,0,0,0,0,0,0,0,0,0,0,0,0,0,0,0,0,0.50158,0.0171846,0.00572821,0.0171846,0.00572821,0.0171846,0.00572821,0.0171846,0.00572821
367,66330.2,1.43759,0.74337,0.90306,0,0,0,0,0,0,0.13711,0.00224,0.00024,0,0,0,0,0,0,0,0,0,0,0,0,0,0,1.01914,0.37849,0,0,0.49059,0.07023,0.49021,0.4905,0.80116,0.73924,0.77585,0.50129,1.2883,0.63258,0.87654,0,0,0,0,0,0,0,0,0,0,0,0,0,0,0,0,0,0,0,0,0,0,0,0,0,0,0,0,0,0,0,0.50129,0.0171269,0.00570895,0.0171269,0.00570895,0.0171269,0.00570895,0.0171269,0.00570895
368,66520,1.43631,0.74303,0.90142,0,0,0,0,0,0,0.13695,0.00223,0.00027,4e-05,0,0,0,0,0,0,0,0,0,0,0,0,0,1.16008,0.38474,0,0,0.4905,0.07023,0.49067,0.4904,0.80131,0.73846,0.7757,0.50084,1.28869,0.63215,0.87655,0,0,0,0,0,0,0,0,0,0,0,0,0,0,0,0,0,0,0,0,0,0,0,0,0,0,0,0,0,0,0,0.50084,0.017069,0.00568968,0.017069,0.00568968,0.017069,0.00568968,0.017069,0.00568968
369,66712.7,1.42715,0.73842,0.90028,0,0,0,0,0,0,0.13694,0.00224,0.00024,0,0,0,0,0,0,0,0,0,0,0,0,0,0,1.0616,0.37833,0,0,0.49061,0.07028,0.49006,0.4905,0.80074,0.73868,0.77534,0.50102,1.2885,0.63214,0.87644,0,0,0,0,0,0,0,0,0,0,0,0,0,0,0,0,0,0,0,0,0,0,0,0,0,0,0,0,0,0,0,0.50102,0.0170112,0.0056704,0.0170112,0.0056704,0.0170112,0.0056704,0.0170112,0.0056704
370,66918.5,1.4314,0.74038,0.90539,0,0,0,0,0,0,0.13645,0.00224,0.00022,0,0,0,0,0,0,0,0,0,0,0,0,0,0,1.08447,0.37865,0,0,0.49037,0.07009,0.49027,0.49027,0.80163,0.73943,0.77621,0.50169,1.28792,0.63178,0.87631,0,0,0,0,0,0,0,0,0,0,0,0,0,0,0,0,0,0,0,0,0,0,0,0,0,0,0,0,0,0,0,0.50169,0.0169533,0.00565111,0.0169533,0.00565111,0.0169533,0.00565111,0.0169533,0.00565111
371,67107.8,1.42313,0.73814,0.90197,0,0,0,0,0,0,0.13713,0.00224,0.00022,0,0,0,0,0,0,0,0,0,0,0,0,0,0,1.01704,0.3756,0,0,0.49043,0.07014,0.48954,0.49033,0.80218,0.73901,0.77562,0.50167,1.28762,0.63111,0.87621,0,0,0,0,0,0,0,0,0,0,0,0,0,0,0,0,0,0,0,0,0,0,0,0,0,0,0,0,0,0,0,0.50167,0.0168954,0.00563181,0.0168954,0.00563181,0.0168954,0.00563181,0.0168954,0.00563181
372,67296.3,1.42382,0.73775,0.90303,0,0,0,0,0,0,0.13489,0.00222,0.00028,1e-05,0,0,0,0,0,0,0,0,0,0,0,0,0,1.13485,0.37862,0,0,0.49046,0.07014,0.48838,0.49038,0.80329,0.73835,0.77587,0.50192,1.28651,0.63075,0.8761,0,0,0,0,0,0,0,0,0,0,0,0,0,0,0,0,0,0,0,0,0,0,0,0,0,0,0,0,0,0,0,0.50192,0.0168375,0.0056125,0.0168375,0.0056125,0.0168375,0.0056125,0.0168375,0.0056125
373,67500.1,1.4306,0.73922,0.90509,0,0,0,0,0,0,0.13526,0.00222,0.00025,6e-05,0,0,0,0,0,0,0,0,0,0,0,0,0,1.13965,0.37747,0,0,0.49041,0.07008,0.48896,0.49033,0.80344,0.73818,0.77566,0.5024,1.2861,0.63032,0.87599,0,0,0,0,0,0,0,0,0,0,0,0,0,0,0,0,0,0,0,0,0,0,0,0,0,0,0,0,0,0,0,0.5024,0.0167796,0.00559318,0.0167796,0.00559318,0.0167796,0.00559318,0.0167796,0.00559318
374,67694.6,1.42102,0.73997,0.90125,0,0,0,0,0,0,0.13726,0.00223,0.00021,0,0,0,0,0,0,0,0,0,0,0,0,0,0,1.03284,0.3767,0,0,0.49043,0.07014,0.48965,0.49033,0.80349,0.73889,0.77626,0.50224,1.28598,0.6302,0.87589,0,0,0,0,0,0,0,0,0,0,0,0,0,0,0,0,0,0,0,0,0,0,0,0,0,0,0,0,0,0,0,0.50224,0.0167216,0.00557386,0.0167216,0.00557386,0.0167216,0.00557386,0.0167216,0.00557386
375,67880,1.42611,0.73613,0.90278,0,0,0,0,0,0,0.13702,0.00222,0.00024,1e-05,0,0,0,0,0,0,0,0,0,0,0,0,0,1.03369,0.37722,0,0,0.49045,0.07016,0.48961,0.49037,0.80269,0.73839,0.77655,0.50285,1.28518,0.62977,0.87578,0,0,0,0,0,0,0,0,0,0,0,0,0,0,0,0,0,0,0,0,0,0,0,0,0,0,0,0,0,0,0,0.50285,0.0166636,0.00555453,0.0166636,0.00555453,0.0166636,0.00555453,0.0166636,0.00555453
376,68081.8,1.42498,0.7335,0.90388,0,0,0,0,0,0,0.13434,0.00222,0.00021,0,0,0,0,0,0,0,0,0,0,0,0,0,0,1.14629,0.39205,0,0,0.49038,0.0701,0.4893,0.49028,0.80355,0.73914,0.77703,0.50338,1.28446,0.62949,0.87564,0,0,0,0,0,0,0,0,0,0,0,0,0,0,0,0,0,0,0,0,0,0,0,0,0,0,0,0,0,0,0,0.50338,0.0166056,0.00553518,0.0166056,0.00553518,0.0166056,0.00553518,0.0166056,0.00553518
377,68280.4,1.42423,0.73376,0.90141,0,0,0,0,0,0,0.13558,0.00222,0.0003,0,0,0,0,0,0,0,0,0,0,0,0,0,0,1.09746,0.38851,0,0,0.49061,0.07025,0.48954,0.49051,0.80429,0.73903,0.77725,0.50375,1.28338,0.62904,0.87546,0,0,0,0,0,0,0,0,0,0,0,0,0,0,0,0,0,0,0,0,0,0,0,0,0,0,0,0,0,0,0,0.50375,0.0165475,0.00551584,0.0165475,0.00551584,0.0165475,0.00551584,0.0165475,0.00551584
378,68465.3,1.41475,0.7289,0.90141,0,0,0,0,0,0,0.13785,0.00221,0.00019,6e-05,0,0,0,0,0,0,0,0,0,0,0,0,0,1.04512,0.38141,0,0,0.49036,0.07015,0.4894,0.49014,0.80242,0.73949,0.7773,0.50412,1.28311,0.62899,0.87531,0,0,0,0,0,0,0,0,0,0,0,0,0,0,0,0,0,0,0,0,0,0,0,0,0,0,0,0,0,0,0,0.50412,0.0164894,0.00549648,0.0164894,0.00549648,0.0164894,0.00549648,0.0164894,0.00549648
379,68669.5,1.4241,0.73424,0.90176,0,0,0,0,0,0,0.13619,0.0022,0.00025,0,0,0,0,0,0,0,0,0,0,0,0,0,0,0.9801,0.37949,0,0,0.49051,0.07024,0.48943,0.4903,0.80481,0.73976,0.778,0.50434,1.28236,0.6285,0.8752,0,0,0,0,0,0,0,0,0,0,0,0,0,0,0,0,0,0,0,0,0,0,0,0,0,0,0,0,0,0,0,0.50434,0.0164314,0.00547712,0.0164314,0.00547712,0.0164314,0.00547712,0.0164314,0.00547712
380,68869.3,1.41507,0.73285,0.89978,0,0,0,0,0,0,0.13636,0.00222,0.00023,3e-05,0,0,0,0,0,0,0,0,0,0,0,0,0,1.06232,0.37844,0,0,0.49035,0.07007,0.48956,0.49026,0.805,0.74027,0.77787,0.50421,1.28145,0.62832,0.8751,0,0,0,0,0,0,0,0,0,0,0,0,0,0,0,0,0,0,0,0,0,0,0,0,0,0,0,0,0,0,0,0.50421,0.0163732,0.00545775,0.0163732,0.00545775,0.0163732,0.00545775,0.0163732,0.00545775
381,69054.8,1.42049,0.72981,0.90166,0,0,0,0,0,0,0.13663,0.00221,0.00017,0,0,0,0,0,0,0,0,0,0,0,0,0,0,1.14169,0.38218,0,0,0.49034,0.07009,0.48844,0.49027,0.80746,0.73989,0.77919,0.50477,1.27993,0.62809,0.87495,0,0,0,0,0,0,0,0,0,0,0,0,0,0,0,0,0,0,0,0,0,0,0,0,0,0,0,0,0,0,0,0.50477,0.0163151,0.00543837,0.0163151,0.00543837,0.0163151,0.00543837,0.0163151,0.00543837
382,69252.8,1.41621,0.72986,0.89976,0,0,0,0,0,0,0.13423,0.0022,0.00021,0,0,0,0,0,0,0,0,0,0,0,0,0,0,1.11173,0.37687,0,0,0.49048,0.07022,0.48911,0.49039,0.80523,0.74063,0.77885,0.50457,1.27995,0.62799,0.87487,0,0,0,0,0,0,0,0,0,0,0,0,0,0,0,0,0,0,0,0,0,0,0,0,0,0,0,0,0,0,0,0.50457,0.016257,0.00541899,0.016257,0.00541899,0.016257,0.00541899,0.016257,0.00541899
383,69437.2,1.41549,0.72654,0.90025,0,0,0,0,0,0,0.1359,0.0022,0.00023,1e-05,0,0,0,0,0,0,0,0,0,0,0,0,0,1.11875,0.37569,0,0,0.49055,0.07025,0.49019,0.49046,0.80495,0.74161,0.77946,0.50493,1.27903,0.6274,0.87469,0,0,0,0,0,0,0,0,0,0,0,0,0,0,0,0,0,0,0,0,0,0,0,0,0,0,0,0,0,0,0,0.50493,0.0161988,0.0053996,0.0161988,0.0053996,0.0161988,0.0053996,0.0161988,0.0053996
384,69621.5,1.41409,0.72704,0.89985,0,0,0,0,0,0,0.13523,0.0022,0.00028,2e-05,0,0,0,0,0,0,0,0,0,0,0,0,0,1.0673,0.37442,0,0,0.49051,0.0702,0.48979,0.49041,0.80522,0.74129,0.77991,0.50536,1.27804,0.62676,0.8745,0,0,0,0,0,0,0,0,0,0,0,0,0,0,0,0,0,0,0,0,0,0,0,0,0,0,0,0,0,0,0,0.50536,0.0161406,0.00538021,0.0161406,0.00538021,0.0161406,0.00538021,0.0161406,0.00538021
385,69822.9,1.41196,0.7328,0.89934,0,0,0,0,0,0,0.13493,0.00221,0.00022,2e-05,0,0,0,0,0,0,0,0,0,0,0,0,0,1.07109,0.37555,0,0,0.49046,0.07019,0.49051,0.49036,0.80459,0.74164,0.77973,0.50549,1.27779,0.62671,0.87449,0,0,0,0,0,0,0,0,0,0,0,0,0,0,0,0,0,0,0,0,0,0,0,0,0,0,0,0,0,0,0,0.50549,0.0160824,0.00536081,0.0160824,0.00536081,0.0160824,0.00536081,0.0160824,0.00536081
386,70019.4,1.41534,0.72623,0.9011,0,0,0,0,0,0,0.13569,0.0022,0.00017,1e-05,0,0,0,0,0,0,0,0,0,0,0,0,0,1.15278,0.37308,0,0,0.49042,0.07011,0.48983,0.49033,0.80534,0.74108,0.77999,0.5061,1.27666,0.62664,0.8744,0,0,0,0,0,0,0,0,0,0,0,0,0,0,0,0,0,0,0,0,0,0,0,0,0,0,0,0,0,0,0,0.5061,0.0160242,0.00534141,0.0160242,0.00534141,0.0160242,0.00534141,0.0160242,0.00534141
387,70204.4,1.41042,0.72843,0.89816,0,0,0,0,0,0,0.13621,0.00219,0.00021,0,0,0,0,0,0,0,0,0,0,0,0,0,0,1.08631,0.37257,0,0,0.49065,0.07031,0.49008,0.49055,0.80473,0.74219,0.78088,0.50615,1.27639,0.62625,0.87433,0,0,0,0,0,0,0,0,0,0,0,0,0,0,0,0,0,0,0,0,0,0,0,0,0,0,0,0,0,0,0,0.50615,0.015966,0.005322,0.015966,0.005322,0.015966,0.005322,0.015966,0.005322
388,70397.6,1.41152,0.72583,0.89635,0,0,0,0,0,0,0.13408,0.00219,0.00023,1e-05,0,0,0,0,0,0,0,0,0,0,0,0,0,1.07976,0.37356,0,0,0.4906,0.07027,0.48984,0.49039,0.80691,0.74184,0.78116,0.50622,1.2757,0.62593,0.87429,0,0,0,0,0,0,0,0,0,0,0,0,0,0,0,0,0,0,0,0,0,0,0,0,0,0,0,0,0,0,0,0.50622,0.0159078,0.00530259,0.0159078,0.00530259,0.0159078,0.00530259,0.0159078,0.00530259
389,70598.3,1.41352,0.73393,0.89782,0,0,0,0,0,0,0.1335,0.00217,0.0002,0,0,0,0,0,0,0,0,0,0,0,0,0,0,1.07583,0.37376,0,0,0.49029,0.06997,0.48945,0.49019,0.80699,0.74164,0.78096,0.50632,1.27548,0.62582,0.87412,0,0,0,0,0,0,0,0,0,0,0,0,0,0,0,0,0,0,0,0,0,0,0,0,0,0,0,0,0,0,0,0.50632,0.0158495,0.00528318,0.0158495,0.00528318,0.0158495,0.00528318,0.0158495,0.00528318
390,70784.4,1.40638,0.7252,0.89662,0,0,0,0,0,0,0.13307,0.00217,0.00018,2e-05,0,0,0,0,0,0,0,0,0,0,0,0,0,1.07454,0.37106,0,0,0.49046,0.0702,0.48932,0.49037,0.80568,0.7423,0.78112,0.50629,1.27471,0.62564,0.87396,0,0,0,0,0,0,0,0,0,0,0,0,0,0,0,0,0,0,0,0,0,0,0,0,0,0,0,0,0,0,0,0.50629,0.0157913,0.00526376,0.0157913,0.00526376,0.0157913,0.00526376,0.0157913,0.00526376
391,70967.8,1.4167,0.72552,0.89712,0,0,0,0,0,0,0.13321,0.00217,0.00026,1e-05,0,0,0,0,0,0,0,0,0,0,0,0,0,1.11606,0.37622,0,0,0.49051,0.07018,0.48943,0.49042,0.80518,0.7417,0.78102,0.50697,1.27373,0.62535,0.87392,0,0,0,0,0,0,0,0,0,0,0,0,0,0,0,0,0,0,0,0,0,0,0,0,0,0,0,0,0,0,0,0.50697,0.015733,0.00524434,0.015733,0.00524434,0.015733,0.00524434,0.015733,0.00524434
392,71158.5,1.40039,0.72324,0.89679,0,0,0,0,0,0,0.13463,0.00216,0.00021,2e-05,0,0,0,0,0,0,0,0,0,0,0,0,0,1.06097,0.37221,0,0,0.49051,0.0702,0.48938,0.49041,0.80397,0.74124,0.78014,0.50668,1.27324,0.62511,0.87379,0,0,0,0,0,0,0,0,0,0,0,0,0,0,0,0,0,0,0,0,0,0,0,0,0,0,0,0,0,0,0,0.50668,0.0156747,0.00522491,0.0156747,0.00522491,0.0156747,0.00522491,0.0156747,0.00522491
393,71330.9,1.4101,0.72319,0.89964,0,0,0,0,0,0,0.13468,0.00217,0.00017,0,0,0,0,0,0,0,0,0,0,0,0,0,0,1.09577,0.37219,0,0,0.49052,0.0702,0.48955,0.49042,0.80509,0.74097,0.78121,0.50685,1.2732,0.62511,0.87367,0,0,0,0,0,0,0,0,0,0,0,0,0,0,0,0,0,0,0,0,0,0,0,0,0,0,0,0,0,0,0,0.50685,0.0156164,0.00520548,0.0156164,0.00520548,0.0156164,0.00520548,0.0156164,0.00520548
394,71508.2,1.40796,0.72102,0.89641,0,0,0,0,0,0,0.13373,0.00216,0.00029,0,0,0,0,0,0,0,0,0,0,0,0,0,0,1.00242,0.36527,0,0,0.49046,0.07015,0.48956,0.49037,0.80536,0.74126,0.78067,0.50706,1.27276,0.62499,0.87358,0,0,0,0,0,0,0,0,0,0,0,0,0,0,0,0,0,0,0,0,0,0,0,0,0,0,0,0,0,0,0,0.50706,0.0155582,0.00518605,0.0155582,0.00518605,0.0155582,0.00518605,0.0155582,0.00518605
395,71697.7,1.40208,0.71886,0.89709,0,0,0,0,0,0,0.13321,0.00217,0.00029,4e-05,0,0,0,0,0,0,0,0,0,0,0,0,0,0.98337,0.36617,0,0,0.4905,0.07021,0.48992,0.4904,0.80591,0.74007,0.78053,0.50732,1.27244,0.62422,0.87359,0,0,0,0,0,0,0,0,0,0,0,0,0,0,0,0,0,0,0,0,0,0,0,0,0,0,0,0,0,0,0,0.50732,0.0154999,0.00516662,0.0154999,0.00516662,0.0154999,0.00516662,0.0154999,0.00516662
396,71871.7,1.40263,0.72082,0.89464,0,0,0,0,0,0,0.13435,0.00217,0.0003,0,0,0,0,0,0,0,0,0,0,0,0,0,0,1.06664,0.37477,0,0,0.49052,0.07016,0.48921,0.49043,0.80501,0.74111,0.78077,0.50727,1.27175,0.62418,0.87337,0,0,0,0,0,0,0,0,0,0,0,0,0,0,0,0,0,0,0,0,0,0,0,0,0,0,0,0,0,0,0,0.50727,0.0154416,0.00514719,0.0154416,0.00514719,0.0154416,0.00514719,0.0154416,0.00514719
397,72044.3,1.39619,0.72062,0.89314,0,0,0,0,0,0,0.13145,0.00218,0.00019,0,0,0,0,0,0,0,0,0,0,0,0,0,0,1.01949,0.36699,0,0,0.49034,0.07005,0.48847,0.49028,0.80536,0.74178,0.78088,0.50748,1.27051,0.62376,0.87316,0,0,0,0,0,0,0,0,0,0,0,0,0,0,0,0,0,0,0,0,0,0,0,0,0,0,0,0,0,0,0,0.50748,0.0153833,0.00512775,0.0153833,0.00512775,0.0153833,0.00512775,0.0153833,0.00512775
398,72236.6,1.40166,0.72189,0.89473,0,0,0,0,0,0,0.13272,0.00218,0.00021,0,0,0,0,0,0,0,0,0,0,0,0,0,0,1.0551,0.36681,0,0,0.49041,0.07014,0.48901,0.49035,0.80456,0.74358,0.78109,0.50817,1.27034,0.62339,0.87312,0,0,0,0,0,0,0,0,0,0,0,0,0,0,0,0,0,0,0,0,0,0,0,0,0,0,0,0,0,0,0,0.50817,0.0153249,0.00510831,0.0153249,0.00510831,0.0153249,0.00510831,0.0153249,0.00510831
399,72413.1,1.39512,0.71364,0.89341,0,0,0,0,0,0,0.13328,0.00217,0.00018,0,0,0,0,0,0,0,0,0,0,0,0,0,0,0.98565,0.36207,0,0,0.49049,0.07015,0.48928,0.49029,0.80494,0.7429,0.7811,0.50812,1.26946,0.6232,0.87316,0,0,0,0,0,0,0,0,0,0,0,0,0,0,0,0,0,0,0,0,0,0,0,0,0,0,0,0,0,0,0,0.50812,0.0152666,0.00508888,0.0152666,0.00508888,0.0152666,0.00508888,0.0152666,0.00508888
400,72585.7,1.38886,0.71458,0.89373,0,0,0,0,0,0,0.1325,0.00217,0.0002,2e-05,0,0,0,0,0,0,0,0,0,0,0,0,0,1.0601,0.36426,0,0,0.49046,0.07015,0.48961,0.49036,0.80637,0.74432,0.78243,0.50865,1.26859,0.62284,0.87299,0,0,0,0,0,0,0,0,0,0,0,0,0,0,0,0,0,0,0,0,0,0,0,0,0,0,0,0,0,0,0,0.50865,0.0152083,0.00506944,0.0152083,0.00506944,0.0152083,0.00506944,0.0152083,0.00506944
401,72775.5,1.39173,0.71196,0.89492,0,0,0,0,0,0,0.13155,0.00217,0.00021,1e-05,0,0,0,0,0,0,0,0,0,0,0,0,0,1.09271,0.37163,0,0,0.49045,0.07013,0.48947,0.49023,0.80534,0.74367,0.78174,0.50918,1.26716,0.62244,0.87291,0,0,0,0,0,0,0,0,0,0,0,0,0,0,0,0,0,0,0,0,0,0,0,0,0,0,0,0,0,0,0,0.50918,0.01515,0.00505,0.01515,0.00505,0.01515,0.00505,0.01515,0.00505
402,72954.7,1.39048,0.71288,0.89136,0,0,0,0,0,0,0.13326,0.00216,0.00017,0,0,0,0,0,0,0,0,0,0,0,0,0,0,1.08429,0.36588,0,0,0.49047,0.07021,0.48949,0.49037,0.80688,0.74428,0.78276,0.50969,1.26677,0.62234,0.87277,0,0,0,0,0,0,0,0,0,0,0,0,0,0,0,0,0,0,0,0,0,0,0,0,0,0,0,0,0,0,0,0.50969,0.0150917,0.00503056,0.0150917,0.00503056,0.0150917,0.00503056,0.0150917,0.00503056
403,73125.8,1.38791,0.71555,0.89389,0,0,0,0,0,0,0.13205,0.00217,0.00026,0,0,0,0,0,0,0,0,0,0,0,0,0,0,1.01143,0.35887,0,0,0.49048,0.07014,0.48816,0.49041,0.80666,0.74426,0.7828,0.50924,1.26648,0.62169,0.87266,0,0,0,0,0,0,0,0,0,0,0,0,0,0,0,0,0,0,0,0,0,0,0,0,0,0,0,0,0,0,0,0.50924,0.0150334,0.00501112,0.0150334,0.00501112,0.0150334,0.00501112,0.0150334,0.00501112
404,73315.7,1.39435,0.71581,0.89204,0,0,0,0,0,0,0.13341,0.00215,0.00031,0,0,0,0,0,0,0,0,0,0,0,0,0,0,1.02397,0.35881,0,0,0.4905,0.07017,0.48917,0.49041,0.80637,0.74545,0.78311,0.50923,1.26604,0.62125,0.87256,0,0,0,0,0,0,0,0,0,0,0,0,0,0,0,0,0,0,0,0,0,0,0,0,0,0,0,0,0,0,0,0.50923,0.0149751,0.00499169,0.0149751,0.00499169,0.0149751,0.00499169,0.0149751,0.00499169
405,73494.8,1.40089,0.71929,0.89567,0,0,0,0,0,0,0.13403,0.00216,0.00029,0,0,0,0,0,0,0,0,0,0,0,0,0,0,1.01401,0.36212,0,0,0.49029,0.07004,0.48912,0.49021,0.80798,0.74516,0.78342,0.50973,1.26542,0.62074,0.87235,0,0,0,0,0,0,0,0,0,0,0,0,0,0,0,0,0,0,0,0,0,0,0,0,0,0,0,0,0,0,0,0.50973,0.0149167,0.00497225,0.0149167,0.00497225,0.0149167,0.00497225,0.0149167,0.00497225
406,73663.8,1.38765,0.70869,0.895,0,0,0,0,0,0,0.13202,0.00215,0.00019,0,0,0,0,0,0,0,0,0,0,0,0,0,0,0.99799,0.36027,0,0,0.49044,0.07017,0.48976,0.49035,0.80823,0.74604,0.7834,0.50959,1.26547,0.62018,0.87241,0,0,0,0,0,0,0,0,0,0,0,0,0,0,0,0,0,0,0,0,0,0,0,0,0,0,0,0,0,0,0,0.50959,0.0148584,0.00495281,0.0148584,0.00495281,0.0148584,0.00495281,0.0148584,0.00495281
407,73852.5,1.37926,0.70774,0.89064,0,0,0,0,0,0,0.13134,0.00215,0.00018,0,0,0,0,0,0,0,0,0,0,0,0,0,0,0.96329,0.353,0,0,0.49043,0.07012,0.48904,0.49034,0.8077,0.74543,0.7834,0.51027,1.26405,0.62007,0.87217,0,0,0,0,0,0,0,0,0,0,0,0,0,0,0,0,0,0,0,0,0,0,0,0,0,0,0,0,0,0,0,0.51027,0.0148001,0.00493338,0.0148001,0.00493338,0.0148001,0.00493338,0.0148001,0.00493338
408,74036.8,1.38336,0.70964,0.89346,0,0,0,0,0,0,0.13285,0.00216,0.00024,0,0,0,0,0,0,0,0,0,0,0,0,0,0,1.008,0.3542,0,0,0.49046,0.07018,0.48995,0.49037,0.8078,0.74557,0.78393,0.51045,1.26362,0.6196,0.8721,0,0,0,0,0,0,0,0,0,0,0,0,0,0,0,0,0,0,0,0,0,0,0,0,0,0,0,0,0,0,0,0.51045,0.0147418,0.00491395,0.0147418,0.00491395,0.0147418,0.00491395,0.0147418,0.00491395
409,74209.6,1.38553,0.71148,0.89194,0,0,0,0,0,0,0.13322,0.00215,0.00023,2e-05,0,0,0,0,0,0,0,0,0,0,0,0,0,1.03952,0.35467,0,0,0.49035,0.07006,0.48985,0.49012,0.80746,0.74572,0.78393,0.51055,1.26294,0.61928,0.87207,0,0,0,0,0,0,0,0,0,0,0,0,0,0,0,0,0,0,0,0,0,0,0,0,0,0,0,0,0,0,0,0.51055,0.0146836,0.00489452,0.0146836,0.00489452,0.0146836,0.00489452,0.0146836,0.00489452
410,74400.4,1.38202,0.70889,0.89326,0,0,0,0,0,0,0.1318,0.00214,0.00023,1e-05,0,0,0,0,0,0,0,0,0,0,0,0,0,1.16564,0.36941,0,0,0.49045,0.07021,0.48943,0.49037,0.8086,0.74558,0.78441,0.51064,1.26283,0.61904,0.87209,0,0,0,0,0,0,0,0,0,0,0,0,0,0,0,0,0,0,0,0,0,0,0,0,0,0,0,0,0,0,0,0.51064,0.0146253,0.00487509,0.0146253,0.00487509,0.0146253,0.00487509,0.0146253,0.00487509
411,74577.8,1.37826,0.70755,0.89238,0,0,0,0,0,0,0.13207,0.00214,0.00023,0,0,0,0,0,0,0,0,0,0,0,0,0,0,1.2121,0.36843,0,0,0.49041,0.0702,0.48979,0.49032,0.80872,0.74631,0.78494,0.51066,1.26215,0.61848,0.872,0,0,0,0,0,0,0,0,0,0,0,0,0,0,0,0,0,0,0,0,0,0,0,0,0,0,0,0,0,0,0,0.51066,0.014567,0.00485566,0.014567,0.00485566,0.014567,0.00485566,0.014567,0.00485566
412,74762.3,1.37558,0.70553,0.89277,0,0,0,0,0,0,0.13244,0.00215,0.00027,0,0,0,0,0,0,0,0,0,0,0,0,0,0,1.03628,0.364,0,0,0.49034,0.07008,0.48909,0.49024,0.80914,0.7466,0.78532,0.51083,1.2624,0.6186,0.87188,0,0,0,0,0,0,0,0,0,0,0,0,0,0,0,0,0,0,0,0,0,0,0,0,0,0,0,0,0,0,0,0.51083,0.0145087,0.00483624,0.0145087,0.00483624,0.0145087,0.00483624,0.0145087,0.00483624
413,74953.8,1.37884,0.70343,0.89008,0,0,0,0,0,0,0.13122,0.00213,0.00025,0,0,0,0,0,0,0,0,0,0,0,0,0,0,1.06527,0.35964,0,0,0.49047,0.0702,0.48923,0.49039,0.81014,0.74587,0.78551,0.51042,1.26303,0.6182,0.87186,0,0,0,0,0,0,0,0,0,0,0,0,0,0,0,0,0,0,0,0,0,0,0,0,0,0,0,0,0,0,0,0.51042,0.0144505,0.00481682,0.0144505,0.00481682,0.0144505,0.00481682,0.0144505,0.00481682
414,75132,1.37611,0.70504,0.89114,0,0,0,0,0,0,0.13079,0.00212,0.00022,0,0,0,0,0,0,0,0,0,0,0,0,0,0,1.02683,0.35896,0,0,0.4905,0.07024,0.48943,0.4904,0.81215,0.74642,0.78593,0.51129,1.26235,0.61761,0.87167,0,0,0,0,0,0,0,0,0,0,0,0,0,0,0,0,0,0,0,0,0,0,0,0,0,0,0,0,0,0,0,0.51129,0.0143922,0.00479741,0.0143922,0.00479741,0.0143922,0.00479741,0.0143922,0.00479741
415,75308.5,1.37229,0.70463,0.8895,0,0,0,0,0,0,0.12976,0.00212,0.00021,1e-05,0,0,0,0,0,0,0,0,0,0,0,0,0,1.01743,0.36007,0,0,0.49051,0.07018,0.48939,0.49042,0.81182,0.74652,0.78698,0.51102,1.2611,0.61747,0.8715,0,0,0,0,0,0,0,0,0,0,0,0,0,0,0,0,0,0,0,0,0,0,0,0,0,0,0,0,0,0,0,0.51102,0.014334,0.004778,0.014334,0.004778,0.014334,0.004778,0.014334,0.004778
416,75500.8,1.37703,0.70651,0.89369,0,0,0,0,0,0,0.13297,0.00213,0.0003,0,0,0,0,0,0,0,0,0,0,0,0,0,0,1.04031,0.3582,0,0,0.49046,0.07013,0.49054,0.49036,0.81242,0.74586,0.78585,0.51137,1.26121,0.61722,0.87141,0,0,0,0,0,0,0,0,0,0,0,0,0,0,0,0,0,0,0,0,0,0,0,0,0,0,0,0,0,0,0,0.51137,0.0142758,0.00475859,0.0142758,0.00475859,0.0142758,0.00475859,0.0142758,0.00475859
417,75674.3,1.38323,0.70894,0.89041,0,0,0,0,0,0,0.13228,0.00212,0.00021,0,0,0,0,0,0,0,0,0,0,0,0,0,0,1.03118,0.35465,0,0,0.49048,0.07015,0.49057,0.49038,0.81182,0.74615,0.7859,0.51155,1.2615,0.61707,0.87122,0,0,0,0,0,0,0,0,0,0,0,0,0,0,0,0,0,0,0,0,0,0,0,0,0,0,0,0,0,0,0,0.51155,0.0142176,0.00473919,0.0142176,0.00473919,0.0142176,0.00473919,0.0142176,0.00473919
418,75853.1,1.37352,0.70582,0.88902,0,0,0,0,0,0,0.12902,0.00212,0.00021,1e-05,0,0,0,0,0,0,0,0,0,0,0,0,0,0.96966,0.35813,0,0,0.49051,0.07021,0.48993,0.4904,0.81242,0.74613,0.78655,0.51173,1.26062,0.61666,0.87112,0,0,0,0,0,0,0,0,0,0,0,0,0,0,0,0,0,0,0,0,0,0,0,0,0,0,0,0,0,0,0,0.51173,0.0141594,0.00471979,0.0141594,0.00471979,0.0141594,0.00471979,0.0141594,0.00471979
419,76042.8,1.37614,0.70605,0.88848,0,0,0,0,0,0,0.13044,0.00212,0.0003,1e-05,0,0,0,0,0,0,0,0,0,0,0,0,0,0.99544,0.35445,0,0,0.49049,0.07018,0.48982,0.49038,0.81445,0.74563,0.78653,0.51166,1.26029,0.61664,0.87106,0,0,0,0,0,0,0,0,0,0,0,0,0,0,0,0,0,0,0,0,0,0,0,0,0,0,0,0,0,0,0,0.51166,0.0141012,0.0047004,0.0141012,0.0047004,0.0141012,0.0047004,0.0141012,0.0047004
420,76215.5,1.37291,0.70143,0.88969,0,0,0,0,0,0,0.13299,0.00211,0.00022,0,0,0,0,0,0,0,0,0,0,0,0,0,0,1.06129,0.35918,0,0,0.49035,0.07015,0.48979,0.49025,0.81259,0.74591,0.78694,0.51241,1.25897,0.61596,0.87086,0,0,0,0,0,0,0,0,0,0,0,0,0,0,0,0,0,0,0,0,0,0,0,0,0,0,0,0,0,0,0,0.51241,0.014043,0.00468101,0.014043,0.00468101,0.014043,0.00468101,0.014043,0.00468101
421,76397.9,1.36696,0.70075,0.88967,0,0,0,0,0,0,0.12922,0.0021,0.00024,2e-05,0,0,0,0,0,0,0,0,0,0,0,0,0,1.02818,0.35552,0,0,0.49038,0.07012,0.49043,0.49028,0.8145,0.74516,0.78725,0.51272,1.25786,0.61548,0.87082,0,0,0,0,0,0,0,0,0,0,0,0,0,0,0,0,0,0,0,0,0,0,0,0,0,0,0,0,0,0,0,0.51272,0.0139849,0.00466163,0.0139849,0.00466163,0.0139849,0.00466163,0.0139849,0.00466163
422,76586.4,1.36364,0.69592,0.888,0,0,0,0,0,0,0.13062,0.00209,0.00024,3e-05,0,0,0,0,0,0,0,0,0,0,0,0,0,1.05473,0.35292,0,0,0.49045,0.07015,0.49068,0.49033,0.81395,0.74587,0.78751,0.51257,1.25724,0.61509,0.87069,0,0,0,0,0,0,0,0,0,0,0,0,0,0,0,0,0,0,0,0,0,0,0,0,0,0,0,0,0,0,0,0.51257,0.0139268,0.00464225,0.0139268,0.00464225,0.0139268,0.00464225,0.0139268,0.00464225
423,76761.8,1.3736,0.70561,0.89007,0,0,0,0,0,0,0.13261,0.0021,0.0002,0,0,0,0,0,0,0,0,0,0,0,0,0,0,0.99138,0.34939,0,0,0.49041,0.07014,0.48995,0.49019,0.81725,0.74648,0.78889,0.5131,1.25712,0.61472,0.87065,0,0,0,0,0,0,0,0,0,0,0,0,0,0,0,0,0,0,0,0,0,0,0,0,0,0,0,0,0,0,0,0.5131,0.0138686,0.00462288,0.0138686,0.00462288,0.0138686,0.00462288,0.0138686,0.00462288
424,76946.6,1.36464,0.69524,0.88803,0,0,0,0,0,0,0.12892,0.0021,0.00029,1e-05,0,0,0,0,0,0,0,0,0,0,0,0,0,1.02484,0.35066,0,0,0.49039,0.07005,0.48979,0.49031,0.8166,0.74698,0.7896,0.51328,1.2575,0.61402,0.87071,0,0,0,0,0,0,0,0,0,0,0,0,0,0,0,0,0,0,0,0,0,0,0,0,0,0,0,0,0,0,0,0.51328,0.0138106,0.00460352,0.0138106,0.00460352,0.0138106,0.00460352,0.0138106,0.00460352
425,77134.4,1.36125,0.69763,0.89134,0,0,0,0,0,0,0.1301,0.0021,0.00018,0,0,0,0,0,0,0,0,0,0,0,0,0,0,1.07443,0.3561,0,0,0.49049,0.07021,0.48952,0.49039,0.81844,0.74653,0.78944,0.51327,1.25677,0.6137,0.87063,0,0,0,0,0,0,0,0,0,0,0,0,0,0,0,0,0,0,0,0,0,0,0,0,0,0,0,0,0,0,0,0.51327,0.0137525,0.00458416,0.0137525,0.00458416,0.0137525,0.00458416,0.0137525,0.00458416
426,77307.4,1.35663,0.69475,0.88912,0,0,0,0,0,0,0.1298,0.0021,0.00025,0,0,0,0,0,0,0,0,0,0,0,0,0,0,1.00641,0.34585,0,0,0.49048,0.07022,0.49031,0.49038,0.81967,0.74696,0.7894,0.51363,1.25729,0.61358,0.87053,0,0,0,0,0,0,0,0,0,0,0,0,0,0,0,0,0,0,0,0,0,0,0,0,0,0,0,0,0,0,0,0.51363,0.0136944,0.00456482,0.0136944,0.00456482,0.0136944,0.00456482,0.0136944,0.00456482
427,77480.7,1.36295,0.701,0.88889,0,0,0,0,0,0,0.12892,0.0021,0.00023,4e-05,0,0,0,0,0,0,0,0,0,0,0,0,0,0.93852,0.34572,0,0,0.4904,0.07015,0.48864,0.49031,0.82004,0.7473,0.78961,0.51364,1.25746,0.61384,0.87051,0,0,0,0,0,0,0,0,0,0,0,0,0,0,0,0,0,0,0,0,0,0,0,0,0,0,0,0,0,0,0,0.51364,0.0136364,0.00454547,0.0136364,0.00454547,0.0136364,0.00454547,0.0136364,0.00454547
428,77668.7,1.36077,0.69091,0.88612,0,0,0,0,0,0,0.13035,0.00209,0.00028,0,0,0,0,0,0,0,0,0,0,0,0,0,0,0.96481,0.34454,0,0,0.4905,0.07019,0.48983,0.49041,0.82012,0.74746,0.78969,0.51372,1.25699,0.61328,0.87045,0,0,0,0,0,0,0,0,0,0,0,0,0,0,0,0,0,0,0,0,0,0,0,0,0,0,0,0,0,0,0,0.51372,0.0135784,0.00452614,0.0135784,0.00452614,0.0135784,0.00452614,0.0135784,0.00452614
429,77846.1,1.36113,0.69474,0.88667,0,0,0,0,0,0,0.1308,0.00208,0.0002,0,0,0,0,0,0,0,0,0,0,0,0,0,0,1.04475,0.35048,0,0,0.49057,0.07025,0.48957,0.49049,0.82002,0.74739,0.78988,0.51357,1.25777,0.61296,0.87056,0,0,0,0,0,0,0,0,0,0,0,0,0,0,0,0,0,0,0,0,0,0,0,0,0,0,0,0,0,0,0,0.51357,0.0135204,0.00450682,0.0135204,0.00450682,0.0135204,0.00450682,0.0135204,0.00450682
430,78017.8,1.35666,0.69397,0.8871,0,0,0,0,0,0,0.1307,0.00208,0.00029,2e-05,0,0,0,0,0,0,0,0,0,0,0,0,0,1.01124,0.34553,0,0,0.49046,0.07017,0.49006,0.49038,0.81883,0.74818,0.79002,0.51366,1.257,0.61261,0.87039,0,0,0,0,0,0,0,0,0,0,0,0,0,0,0,0,0,0,0,0,0,0,0,0,0,0,0,0,0,0,0,0.51366,0.0134625,0.0044875,0.0134625,0.0044875,0.0134625,0.0044875,0.0134625,0.0044875
431,78205,1.35023,0.68745,0.88607,0,0,0,0,0,0,0.12851,0.00208,0.00021,1e-05,0,0,0,0,0,0,0,0,0,0,0,0,0,1.12105,0.3507,0,0,0.49045,0.07022,0.48895,0.49035,0.81822,0.74823,0.78984,0.51407,1.25681,0.61226,0.87044,0,0,0,0,0,0,0,0,0,0,0,0,0,0,0,0,0,0,0,0,0,0,0,0,0,0,0,0,0,0,0,0.51407,0.0134046,0.00446819,0.0134046,0.00446819,0.0134046,0.00446819,0.0134046,0.00446819
432,78386.9,1.34809,0.69031,0.8872,0,0,0,0,0,0,0.12899,0.00207,0.00019,3e-05,0,0,0,0,0,0,0,0,0,0,0,0,0,1.14725,0.35091,0,0,0.49049,0.07023,0.48942,0.4904,0.81901,0.74763,0.79028,0.51421,1.25682,0.61138,0.87036,0,0,0,0,0,0,0,0,0,0,0,0,0,0,0,0,0,0,0,0,0,0,0,0,0,0,0,0,0,0,0,0.51421,0.0133467,0.00444889,0.0133467,0.00444889,0.0133467,0.00444889,0.0133467,0.00444889
433,78559.9,1.35496,0.692,0.88551,0,0,0,0,0,0,0.12894,0.00208,0.00025,3e-05,0,0,0,0,0,0,0,0,0,0,0,0,0,1.0756,0.34983,0,0,0.49052,0.07019,0.4897,0.49043,0.81872,0.74806,0.79042,0.51486,1.25604,0.61075,0.87022,0,0,0,0,0,0,0,0,0,0,0,0,0,0,0,0,0,0,0,0,0,0,0,0,0,0,0,0,0,0,0,0.51486,0.0132888,0.0044296,0.0132888,0.0044296,0.0132888,0.0044296,0.0132888,0.0044296
434,78739.3,1.35022,0.68937,0.88698,0,0,0,0,0,0,0.12919,0.00208,0.00025,0,0,0,0,0,0,0,0,0,0,0,0,0,0,1.04609,0.3474,0,0,0.49054,0.07024,0.48932,0.49046,0.81894,0.74848,0.7909,0.51469,1.25571,0.61007,0.8702,0,0,0,0,0,0,0,0,0,0,0,0,0,0,0,0,0,0,0,0,0,0,0,0,0,0,0,0,0,0,0,0.51469,0.013231,0.00441032,0.013231,0.00441032,0.013231,0.00441032,0.013231,0.00441032
435,78923.3,1.35306,0.68941,0.88619,0,0,0,0,0,0,0.12966,0.00207,0.00026,0,0,0,0,0,0,0,0,0,0,0,0,0,0,1.06143,0.34474,0,0,0.49052,0.07024,0.48945,0.49043,0.81842,0.74977,0.79205,0.51505,1.25494,0.60963,0.87015,0,0,0,0,0,0,0,0,0,0,0,0,0,0,0,0,0,0,0,0,0,0,0,0,0,0,0,0,0,0,0,0.51505,0.0131731,0.00439105,0.0131731,0.00439105,0.0131731,0.00439105,0.0131731,0.00439105
436,79103.2,1.35321,0.68453,0.88683,0,0,0,0,0,0,0.12838,0.00208,0.00026,0,0,0,0,0,0,0,0,0,0,0,0,0,0,1.06613,0.34503,0,0,0.49059,0.07027,0.48958,0.49051,0.81782,0.75046,0.79211,0.51533,1.25459,0.60907,0.87012,0,0,0,0,0,0,0,0,0,0,0,0,0,0,0,0,0,0,0,0,0,0,0,0,0,0,0,0,0,0,0,0.51533,0.0131154,0.00437179,0.0131154,0.00437179,0.0131154,0.00437179,0.0131154,0.00437179
437,79277.7,1.35562,0.68891,0.88695,0,0,0,0,0,0,0.12923,0.00207,0.0003,4e-05,0,0,0,0,0,0,0,0,0,0,0,0,0,1.03392,0.34639,0,0,0.4905,0.07025,0.48948,0.4904,0.81941,0.75138,0.79301,0.51594,1.25395,0.60866,0.87004,0,0,0,0,0,0,0,0,0,0,0,0,0,0,0,0,0,0,0,0,0,0,0,0,0,0,0,0,0,0,0,0.51594,0.0130576,0.00435254,0.0130576,0.00435254,0.0130576,0.00435254,0.0130576,0.00435254
438,79464.6,1.34662,0.68517,0.8851,0,0,0,0,0,0,0.12849,0.00207,0.00019,0,0,0,0,0,0,0,0,0,0,0,0,0,0,0.96784,0.34711,0,0,0.49025,0.07001,0.48917,0.49016,0.81766,0.75088,0.79223,0.51601,1.25443,0.60832,0.87002,0,0,0,0,0,0,0,0,0,0,0,0,0,0,0,0,0,0,0,0,0,0,0,0,0,0,0,0,0,0,0,0.51601,0.0129999,0.0043333,0.0129999,0.0043333,0.0129999,0.0043333,0.0129999,0.0043333
439,79640.4,1.34242,0.68316,0.88497,0,0,0,0,0,0,0.12655,0.00208,0.00029,3e-05,0,0,0,0,0,0,0,0,0,0,0,0,0,1.07796,0.3647,0,0,0.49038,0.0701,0.48953,0.4903,0.81652,0.75287,0.79274,0.51558,1.25525,0.6084,0.87008,0,0,0,0,0,0,0,0,0,0,0,0,0,0,0,0,0,0,0,0,0,0,0,0,0,0,0,0,0,0,0,0.51558,0.0129422,0.00431407,0.0129422,0.00431407,0.0129422,0.00431407,0.0129422,0.00431407
440,79813,1.34972,0.68927,0.88321,0,0,0,0,0,0,0.12719,0.00208,0.00027,0,0,0,0,0,0,0,0,0,0,0,0,0,0,1.0391,0.3538,0,0,0.49043,0.07019,0.48937,0.49033,0.817,0.75318,0.79299,0.51593,1.25529,0.6079,0.87,0,0,0,0,0,0,0,0,0,0,0,0,0,0,0,0,0,0,0,0,0,0,0,0,0,0,0,0,0,0,0,0.51593,0.0128846,0.00429485,0.0128846,0.00429485,0.0128846,0.00429485,0.0128846,0.00429485
441,79996.5,1.35534,0.69395,0.88584,0,0,0,0,0,0,0.12808,0.00206,0.00018,4e-05,0,0,0,0,0,0,0,0,0,0,0,0,0,0.97827,0.34718,0,0,0.49045,0.07012,0.4893,0.49037,0.81756,0.75387,0.79288,0.5167,1.25401,0.60729,0.86981,0,0,0,0,0,0,0,0,0,0,0,0,0,0,0,0,0,0,0,0,0,0,0,0,0,0,0,0,0,0,0,0.5167,0.0128269,0.00427565,0.0128269,0.00427565,0.0128269,0.00427565,0.0128269,0.00427565
442,80178.7,1.33673,0.68315,0.88165,0,0,0,0,0,0,0.12732,0.00208,0.00027,0,0,0,0,0,0,0,0,0,0,0,0,0,0,1.03923,0.34617,0,0,0.4904,0.07008,0.48915,0.4903,0.81973,0.75193,0.79256,0.51672,1.25379,0.60703,0.86983,0,0,0,0,0,0,0,0,0,0,0,0,0,0,0,0,0,0,0,0,0,0,0,0,0,0,0,0,0,0,0,0.51672,0.0127694,0.00425646,0.0127694,0.00425646,0.0127694,0.00425646,0.0127694,0.00425646
443,80351.4,1.34757,0.68521,0.883,0,0,0,0,0,0,0.12785,0.00207,0.00019,0,0,0,0,0,0,0,0,0,0,0,0,0,0,1.03509,0.3496,0,0,0.49043,0.07018,0.48909,0.49033,0.81763,0.75376,0.79319,0.51695,1.2541,0.60691,0.86975,0,0,0,0,0,0,0,0,0,0,0,0,0,0,0,0,0,0,0,0,0,0,0,0,0,0,0,0,0,0,0,0.51695,0.0127118,0.00423728,0.0127118,0.00423728,0.0127118,0.00423728,0.0127118,0.00423728
444,80526.9,1.35018,0.68514,0.88538,0,0,0,0,0,0,0.12831,0.00206,0.0003,0,0,0,0,0,0,0,0,0,0,0,0,0,0,1.00362,0.33896,0,0,0.49047,0.07015,0.48893,0.49038,0.81776,0.75242,0.7929,0.51652,1.25468,0.60649,0.86971,0,0,0,0,0,0,0,0,0,0,0,0,0,0,0,0,0,0,0,0,0,0,0,0,0,0,0,0,0,0,0,0.51652,0.0126543,0.00421811,0.0126543,0.00421811,0.0126543,0.00421811,0.0126543,0.00421811
445,80710.5,1.33676,0.6831,0.88089,0,0,0,0,0,0,0.12662,0.00205,0.00017,7e-05,0,0,0,0,0,0,0,0,0,0,0,0,0,0.97593,0.33149,0,0,0.49042,0.07011,0.48893,0.49034,0.81991,0.75292,0.79367,0.51701,1.2541,0.60594,0.86951,0,0,0,0,0,0,0,0,0,0,0,0,0,0,0,0,0,0,0,0,0,0,0,0,0,0,0,0,0,0,0,0.51701,0.0125969,0.00419895,0.0125969,0.00419895,0.0125969,0.00419895,0.0125969,0.00419895
446,80889,1.34916,0.68613,0.88496,0,0,0,0,0,0,0.12784,0.00205,0.00023,0,0,0,0,0,0,0,0,0,0,0,0,0,0,0.94611,0.33273,0,0,0.49047,0.0701,0.48918,0.4904,0.82016,0.75256,0.79362,0.51666,1.25416,0.60553,0.86959,0,0,0,0,0,0,0,0,0,0,0,0,0,0,0,0,0,0,0,0,0,0,0,0,0,0,0,0,0,0,0,0.51666,0.0125394,0.00417981,0.0125394,0.00417981,0.0125394,0.00417981,0.0125394,0.00417981
447,81063.4,1.35521,0.68985,0.88313,0,0,0,0,0,0,0.12732,0.00206,0.00025,3e-05,0,0,0,0,0,0,0,0,0,0,0,0,0,0.91881,0.33724,0,0,0.49043,0.07013,0.48853,0.49036,0.81847,0.75391,0.7935,0.51665,1.25401,0.6056,0.86955,0,0,0,0,0,0,0,0,0,0,0,0,0,0,0,0,0,0,0,0,0,0,0,0,0,0,0,0,0,0,0,0.51665,0.012482,0.00416068,0.012482,0.00416068,0.012482,0.00416068,0.012482,0.00416068
448,81244.2,1.33316,0.67818,0.88087,0,0,0,0,0,0,0.12666,0.00206,0.00021,2e-05,0,0,0,0,0,0,0,0,0,0,0,0,0,0.98309,0.33773,0,0,0.49042,0.07015,0.48856,0.49034,0.81907,0.75408,0.79419,0.51766,1.25284,0.60494,0.86935,0,0,0,0,0,0,0,0,0,0,0,0,0,0,0,0,0,0,0,0,0,0,0,0,0,0,0,0,0,0,0,0.51766,0.0124247,0.00414156,0.0124247,0.00414156,0.0124247,0.00414156,0.0124247,0.00414156
449,81423,1.33994,0.6787,0.88273,0,0,0,0,0,0,0.12674,0.00205,0.00023,0,0,0,0,0,0,0,0,0,0,0,0,0,0,0.97337,0.3426,0,0,0.49036,0.07017,0.49016,0.49027,0.8183,0.75474,0.79407,0.51773,1.25169,0.60413,0.86908,0,0,0,0,0,0,0,0,0,0,0,0,0,0,0,0,0,0,0,0,0,0,0,0,0,0,0,0,0,0,0,0.51773,0.0123674,0.00412246,0.0123674,0.00412246,0.0123674,0.00412246,0.0123674,0.00412246
450,81598.1,1.34447,0.68558,0.88521,0,0,0,0,0,0,0.12697,0.00205,0.00028,2e-05,0,0,0,0,0,0,0,0,0,0,0,0,0,0.94962,0.3342,0,0,0.49045,0.07014,0.48916,0.49036,0.81712,0.75493,0.79431,0.51828,1.25099,0.60397,0.86896,0,0,0,0,0,0,0,0,0,0,0,0,0,0,0,0,0,0,0,0,0,0,0,0,0,0,0,0,0,0,0,0.51828,0.0123101,0.00410338,0.0123101,0.00410338,0.0123101,0.00410338,0.0123101,0.00410338
451,81774.9,1.32803,0.67423,0.87821,0,0,0,0,0,0,0.12638,0.00205,0.00023,1e-05,0,0,0,0,0,0,0,0,0,0,0,0,0,0.94207,0.33088,0,0,0.49046,0.07016,0.48927,0.49038,0.81878,0.75413,0.79404,0.51786,1.25056,0.60351,0.86886,0,0,0,0,0,0,0,0,0,0,0,0,0,0,0,0,0,0,0,0,0,0,0,0,0,0,0,0,0,0,0,0.51786,0.0122529,0.0040843,0.0122529,0.0040843,0.0122529,0.0040843,0.0122529,0.0040843
452,81954.8,1.33336,0.67801,0.88125,0,0,0,0,0,0,0.12766,0.00206,0.00019,0,0,0,0,0,0,0,0,0,0,0,0,0,0,0.94773,0.33102,0,0,0.4905,0.0702,0.48894,0.49042,0.81685,0.75651,0.79535,0.5187,1.24965,0.60296,0.86859,0,0,0,0,0,0,0,0,0,0,0,0,0,0,0,0,0,0,0,0,0,0,0,0,0,0,0,0,0,0,0,0.5187,0.0121957,0.00406525,0.0121957,0.00406525,0.0121957,0.00406525,0.0121957,0.00406525
453,82133.5,1.33724,0.67953,0.87845,0,0,0,0,0,0,0.12765,0.00205,0.00018,1e-05,0,0,0,0,0,0,0,0,0,0,0,0,0,0.93409,0.33089,0,0,0.4905,0.07013,0.48959,0.49041,0.81683,0.75632,0.79435,0.51814,1.24959,0.60271,0.86849,0,0,0,0,0,0,0,0,0,0,0,0,0,0,0,0,0,0,0,0,0,0,0,0,0,0,0,0,0,0,0,0.51814,0.0121386,0.0040462,0.0121386,0.0040462,0.0121386,0.0040462,0.0121386,0.0040462
454,82310.8,1.32459,0.6733,0.87907,0,0,0,0,0,0,0.12494,0.00205,0.00026,0,0,0,0,0,0,0,0,0,0,0,0,0,0,0.99726,0.33534,0,0,0.49048,0.07021,0.48924,0.4904,0.81764,0.75621,0.79475,0.51812,1.24972,0.60237,0.86845,0,0,0,0,0,0,0,0,0,0,0,0,0,0,0,0,0,0,0,0,0,0,0,0,0,0,0,0,0,0,0,0.51812,0.0120815,0.00402718,0.0120815,0.00402718,0.0120815,0.00402718,0.0120815,0.00402718
455,82486.9,1.32426,0.67242,0.87979,0,0,0,0,0,0,0.12614,0.00205,0.00024,1e-05,0,0,0,0,0,0,0,0,0,0,0,0,0,0.99269,0.33964,0,0,0.49039,0.07014,0.49014,0.49029,0.81758,0.75603,0.7951,0.51897,1.2488,0.6018,0.86828,0,0,0,0,0,0,0,0,0,0,0,0,0,0,0,0,0,0,0,0,0,0,0,0,0,0,0,0,0,0,0,0.51897,0.0120245,0.00400816,0.0120245,0.00400816,0.0120245,0.00400816,0.0120245,0.00400816
456,82669.9,1.3282,0.67257,0.88217,0,0,0,0,0,0,0.12614,0.00203,0.0003,3e-05,0,0,0,0,0,0,0,0,0,0,0,0,0,0.92611,0.32985,0,0,0.49046,0.07014,0.48985,0.49036,0.81692,0.75617,0.79499,0.51919,1.24856,0.60117,0.86821,0,0,0,0,0,0,0,0,0,0,0,0,0,0,0,0,0,0,0,0,0,0,0,0,0,0,0,0,0,0,0,0.51919,0.0119675,0.00398917,0.0119675,0.00398917,0.0119675,0.00398917,0.0119675,0.00398917
457,82845.5,1.32188,0.66881,0.88079,0,0,0,0,0,0,0.12632,0.00204,0.00022,2e-05,0,0,0,0,0,0,0,0,0,0,0,0,0,0.93496,0.32657,0,0,0.49049,0.07019,0.48935,0.4904,0.81873,0.75622,0.79512,0.51949,1.24762,0.60056,0.86813,0,0,0,0,0,0,0,0,0,0,0,0,0,0,0,0,0,0,0,0,0,0,0,0,0,0,0,0,0,0,0,0.51949,0.0119106,0.00397019,0.0119106,0.00397019,0.0119106,0.00397019,0.0119106,0.00397019
458,83024.3,1.32006,0.67232,0.8799,0,0,0,0,0,0,0.12716,0.00203,0.00019,0,0,0,0,0,0,0,0,0,0,0,0,0,0,0.91541,0.32918,0,0,0.49034,0.07011,0.49007,0.49025,0.81797,0.75568,0.79496,0.51911,1.24797,0.60035,0.86817,0,0,0,0,0,0,0,0,0,0,0,0,0,0,0,0,0,0,0,0,0,0,0,0,0,0,0,0,0,0,0,0.51911,0.0118537,0.00395123,0.0118537,0.00395123,0.0118537,0.00395123,0.0118537,0.00395123
459,83202.6,1.31848,0.67105,0.87917,0,0,0,0,0,0,0.12616,0.00204,0.00019,0,0,0,0,0,0,0,0,0,0,0,0,0,0,1.01187,0.33727,0,0,0.49044,0.07025,0.48983,0.49036,0.8184,0.75659,0.7952,0.51896,1.24774,0.59966,0.86802,0,0,0,0,0,0,0,0,0,0,0,0,0,0,0,0,0,0,0,0,0,0,0,0,0,0,0,0,0,0,0,0.51896,0.0117969,0.00393228,0.0117969,0.00393228,0.0117969,0.00393228,0.0117969,0.00393228
460,83377.1,1.31936,0.67391,0.87822,0,0,0,0,0,0,0.12517,0.00203,0.00025,3e-05,0,0,0,0,0,0,0,0,0,0,0,0,0,0.91639,0.33747,0,0,0.49045,0.07023,0.49,0.49036,0.81653,0.75823,0.79537,0.51908,1.24738,0.59897,0.86804,0,0,0,0,0,0,0,0,0,0,0,0,0,0,0,0,0,0,0,0,0,0,0,0,0,0,0,0,0,0,0,0.51908,0.0117401,0.00391336,0.0117401,0.00391336,0.0117401,0.00391336,0.0117401,0.00391336
461,83552.8,1.32685,0.67106,0.88371,0,0,0,0,0,0,0.12398,0.00203,0.00027,1e-05,0,0,0,0,0,0,0,0,0,0,0,0,0,0.87234,0.32514,0,0,0.49048,0.07019,0.48911,0.49039,0.81612,0.75913,0.79565,0.51939,1.24711,0.59875,0.86795,0,0,0,0,0,0,0,0,0,0,0,0,0,0,0,0,0,0,0,0,0,0,0,0,0,0,0,0,0,0,0,0.51939,0.0116833,0.00389445,0.0116833,0.00389445,0.0116833,0.00389445,0.0116833,0.00389445
462,83734.1,1.31683,0.67173,0.88159,0,0,0,0,0,0,0.1243,0.00203,0.00018,0,0,0,0,0,0,0,0,0,0,0,0,0,0,0.91027,0.32356,0,0,0.49041,0.07015,0.48917,0.49033,0.819,0.75799,0.79589,0.51985,1.2467,0.59806,0.86778,0,0,0,0,0,0,0,0,0,0,0,0,0,0,0,0,0,0,0,0,0,0,0,0,0,0,0,0,0,0,0,0.51985,0.0116267,0.00387555,0.0116267,0.00387555,0.0116267,0.00387555,0.0116267,0.00387555
463,83912.7,1.31524,0.67234,0.87949,0,0,0,0,0,0,0.12648,0.00203,0.00024,4e-05,0,0,0,0,0,0,0,0,0,0,0,0,0,0.90297,0.32338,0,0,0.49039,0.07012,0.48935,0.49031,0.81934,0.75774,0.79616,0.52001,1.24617,0.59794,0.86768,0,0,0,0,0,0,0,0,0,0,0,0,0,0,0,0,0,0,0,0,0,0,0,0,0,0,0,0,0,0,0,0.52001,0.01157,0.00385668,0.01157,0.00385668,0.01157,0.00385668,0.01157,0.00385668
464,84088.2,1.31932,0.66964,0.87936,0,0,0,0,0,0,0.12545,0.00203,0.0002,0,0,0,0,0,0,0,0,0,0,0,0,0,0,0.94432,0.32587,0,0,0.49032,0.07011,0.48967,0.49022,0.81807,0.75821,0.79559,0.51964,1.24711,0.59743,0.86758,0,0,0,0,0,0,0,0,0,0,0,0,0,0,0,0,0,0,0,0,0,0,0,0,0,0,0,0,0,0,0,0.51964,0.0115135,0.00383782,0.0115135,0.00383782,0.0115135,0.00383782,0.0115135,0.00383782
465,84264.1,1.31822,0.66517,0.8781,0,0,0,0,0,0,0.12464,0.00204,0.00023,0,0,0,0,0,0,0,0,0,0,0,0,0,0,0.88574,0.32309,0,0,0.49043,0.07012,0.48918,0.49034,0.8175,0.75853,0.79634,0.52025,1.24641,0.5974,0.8675,0,0,0,0,0,0,0,0,0,0,0,0,0,0,0,0,0,0,0,0,0,0,0,0,0,0,0,0,0,0,0,0.52025,0.011457,0.00381899,0.011457,0.00381899,0.011457,0.00381899,0.011457,0.00381899
466,84447.2,1.31623,0.66299,0.87769,0,0,0,0,0,0,0.1251,0.00203,0.00017,0,0,0,0,0,0,0,0,0,0,0,0,0,0,0.96007,0.32527,0,0,0.49053,0.07024,0.48926,0.49045,0.81737,0.75869,0.7964,0.52008,1.24712,0.59747,0.86747,0,0,0,0,0,0,0,0,0,0,0,0,0,0,0,0,0,0,0,0,0,0,0,0,0,0,0,0,0,0,0,0.52008,0.0114005,0.00380017,0.0114005,0.00380017,0.0114005,0.00380017,0.0114005,0.00380017
467,84622.2,1.31112,0.66569,0.87922,0,0,0,0,0,0,0.12515,0.00202,0.00022,0,0,0,0,0,0,0,0,0,0,0,0,0,0,1.12877,0.32816,0,0,0.49054,0.07028,0.4897,0.49046,0.8215,0.75961,0.79825,0.52059,1.24641,0.59688,0.86719,0,0,0,0,0,0,0,0,0,0,0,0,0,0,0,0,0,0,0,0,0,0,0,0,0,0,0,0,0,0,0,0.52059,0.0113441,0.00378137,0.0113441,0.00378137,0.0113441,0.00378137,0.0113441,0.00378137
468,84802.4,1.31374,0.66163,0.8759,0,0,0,0,0,0,0.12437,0.00202,0.00018,1e-05,0,0,0,0,0,0,0,0,0,0,0,0,0,1.00878,0.32691,0,0,0.49052,0.07018,0.48919,0.49044,0.82347,0.75736,0.79828,0.52092,1.2461,0.59606,0.86719,0,0,0,0,0,0,0,0,0,0,0,0,0,0,0,0,0,0,0,0,0,0,0,0,0,0,0,0,0,0,0,0.52092,0.0112878,0.00376259,0.0112878,0.00376259,0.0112878,0.00376259,0.0112878,0.00376259
469,84981.5,1.3126,0.66472,0.87903,0,0,0,0,0,0,0.1253,0.00202,0.00023,6e-05,0,0,0,0,0,0,0,0,0,0,0,0,0,0.98357,0.32484,0,0,0.49046,0.07022,0.48942,0.49037,0.82199,0.75936,0.79885,0.52124,1.2443,0.59535,0.86697,0,0,0,0,0,0,0,0,0,0,0,0,0,0,0,0,0,0,0,0,0,0,0,0,0,0,0,0,0,0,0,0.52124,0.0112315,0.00374383,0.0112315,0.00374383,0.0112315,0.00374383,0.0112315,0.00374383
470,85162.4,1.3065,0.6664,0.87759,0,0,0,0,0,0,0.12366,0.002,0.00023,5e-05,0,0,0,0,0,0,0,0,0,0,0,0,0,0.90688,0.32116,0,0,0.4904,0.07013,0.48859,0.49032,0.82415,0.75859,0.79874,0.52132,1.24406,0.59438,0.86695,0,0,0,0,0,0,0,0,0,0,0,0,0,0,0,0,0,0,0,0,0,0,0,0,0,0,0,0,0,0,0,0.52132,0.0111753,0.00372509,0.0111753,0.00372509,0.0111753,0.00372509,0.0111753,0.00372509
471,85335.9,1.30773,0.66462,0.87637,0,0,0,0,0,0,0.12427,0.00201,0.00021,0,0,0,0,0,0,0,0,0,0,0,0,0,0,0.94278,0.32184,0,0,0.49036,0.07004,0.48929,0.49027,0.82536,0.75904,0.79874,0.52148,1.24347,0.59423,0.86679,0,0,0,0,0,0,0,0,0,0,0,0,0,0,0,0,0,0,0,0,0,0,0,0,0,0,0,0,0,0,0,0.52148,0.0111191,0.00370637,0.0111191,0.00370637,0.0111191,0.00370637,0.0111191,0.00370637
472,85510.6,1.29549,0.65575,0.87909,0,0,0,0,0,0,0.125,0.002,0.00025,1e-05,0,0,0,0,0,0,0,0,0,0,0,0,0,0.91977,0.32171,0,0,0.4905,0.07021,0.48929,0.49028,0.82597,0.7594,0.79955,0.521,1.24364,0.59343,0.86674,0,0,0,0,0,0,0,0,0,0,0,0,0,0,0,0,0,0,0,0,0,0,0,0,0,0,0,0,0,0,0,0.521,0.011063,0.00368767,0.011063,0.00368767,0.011063,0.00368767,0.011063,0.00368767
473,85686.2,1.3061,0.66327,0.8745,0,0,0,0,0,0,0.12397,0.002,0.00025,3e-05,0,0,0,0,0,0,0,0,0,0,0,0,0,1.0424,0.32983,0,0,0.49049,0.07012,0.48967,0.4904,0.82626,0.75978,0.79977,0.52186,1.24264,0.59309,0.86654,0,0,0,0,0,0,0,0,0,0,0,0,0,0,0,0,0,0,0,0,0,0,0,0,0,0,0,0,0,0,0,0.52186,0.011007,0.00366899,0.011007,0.00366899,0.011007,0.00366899,0.011007,0.00366899
474,85869.3,1.29948,0.65496,0.87802,0,0,0,0,0,0,0.12306,0.002,0.00018,0,0,0,0,0,0,0,0,0,0,0,0,0,0,0.9824,0.32557,0,0,0.49041,0.07015,0.48902,0.49032,0.82626,0.75968,0.80024,0.52236,1.24191,0.59249,0.8664,0,0,0,0,0,0,0,0,0,0,0,0,0,0,0,0,0,0,0,0,0,0,0,0,0,0,0,0,0,0,0,0.52236,0.010951,0.00365034,0.010951,0.00365034,0.010951,0.00365034,0.010951,0.00365034
475,86045.5,1.30052,0.65673,0.87398,0,0,0,0,0,0,0.12409,0.002,0.00021,0,0,0,0,0,0,0,0,0,0,0,0,0,0,0.93135,0.32355,0,0,0.49043,0.07014,0.48988,0.49033,0.82783,0.75928,0.8,0.52207,1.24186,0.59211,0.86636,0,0,0,0,0,0,0,0,0,0,0,0,0,0,0,0,0,0,0,0,0,0,0,0,0,0,0,0,0,0,0,0.52207,0.0108951,0.0036317,0.0108951,0.0036317,0.0108951,0.0036317,0.0108951,0.0036317
476,86217.2,1.30877,0.6617,0.8773,0,0,0,0,0,0,0.12346,0.00199,0.0002,0,0,0,0,0,0,0,0,0,0,0,0,0,0,0.93819,0.3239,0,0,0.49057,0.07027,0.48898,0.49049,0.82764,0.75924,0.80002,0.52225,1.24135,0.59187,0.8663,0,0,0,0,0,0,0,0,0,0,0,0,0,0,0,0,0,0,0,0,0,0,0,0,0,0,0,0,0,0,0,0.52225,0.0108393,0.00361309,0.0108393,0.00361309,0.0108393,0.00361309,0.0108393,0.00361309
477,86402.6,1.29963,0.65707,0.87764,0,0,0,0,0,0,0.12335,0.002,0.00029,0,0,0,0,0,0,0,0,0,0,0,0,0,0,0.96918,0.31972,0,0,0.49052,0.07019,0.48952,0.49044,0.82777,0.75942,0.80062,0.52269,1.2408,0.59135,0.86621,0,0,0,0,0,0,0,0,0,0,0,0,0,0,0,0,0,0,0,0,0,0,0,0,0,0,0,0,0,0,0,0.52269,0.0107835,0.0035945,0.0107835,0.0035945,0.0107835,0.0035945,0.0107835,0.0035945
478,86581.2,1.2915,0.65807,0.87404,0,0,0,0,0,0,0.12417,0.00199,0.00026,0,0,0,0,0,0,0,0,0,0,0,0,0,0,0.99252,0.31879,0,0,0.49041,0.07018,0.48907,0.49032,0.82988,0.75887,0.80077,0.52271,1.24039,0.59078,0.86604,0,0,0,0,0,0,0,0,0,0,0,0,0,0,0,0,0,0,0,0,0,0,0,0,0,0,0,0,0,0,0,0.52271,0.0107278,0.00357593,0.0107278,0.00357593,0.0107278,0.00357593,0.0107278,0.00357593
479,86751.9,1.29858,0.65814,0.87495,0,0,0,0,0,0,0.12329,0.00198,0.00024,1e-05,0,0,0,0,0,0,0,0,0,0,0,0,0,0.89383,0.32034,0,0,0.49047,0.07021,0.48947,0.49026,0.83174,0.75939,0.80152,0.52272,1.24087,0.59052,0.86611,0,0,0,0,0,0,0,0,0,0,0,0,0,0,0,0,0,0,0,0,0,0,0,0,0,0,0,0,0,0,0,0.52272,0.0106722,0.00355739,0.0106722,0.00355739,0.0106722,0.00355739,0.0106722,0.00355739
480,86932.7,1.29624,0.65313,0.87574,0,0,0,0,0,0,0.12448,0.00201,0.00027,4e-05,0,0,0,0,0,0,0,0,0,0,0,0,0,0.93258,0.32818,0,0,0.49048,0.07016,0.48911,0.4904,0.8313,0.75951,0.80152,0.52302,1.2407,0.59027,0.86606,0,0,0,0,0,0,0,0,0,0,0,0,0,0,0,0,0,0,0,0,0,0,0,0,0,0,0,0,0,0,0,0.52302,0.0106166,0.00353886,0.0106166,0.00353886,0.0106166,0.00353886,0.0106166,0.00353886
481,87120.1,1.29311,0.65601,0.87529,0,0,0,0,0,0,0.12282,0.00199,0.0002,0.0001,0,0,0,0,0,0,0,0,0,0,0,0,0,0.91815,0.32313,0,0,0.49027,0.07002,0.48914,0.49017,0.82989,0.76054,0.80198,0.52342,1.24016,0.58984,0.86607,0,0,0,0,0,0,0,0,0,0,0,0,0,0,0,0,0,0,0,0,0,0,0,0,0,0,0,0,0,0,0,0.52342,0.0105611,0.00352037,0.0105611,0.00352037,0.0105611,0.00352037,0.0105611,0.00352037
482,87288.9,1.29252,0.65112,0.8729,0,0,0,0,0,0,0.12342,0.00199,0.00018,0,0,0,0,0,0,0,0,0,0,0,0,0,0,0.92228,0.32301,0,0,0.49035,0.07008,0.49006,0.49025,0.83012,0.76075,0.80191,0.52334,1.23941,0.58926,0.86594,0,0,0,0,0,0,0,0,0,0,0,0,0,0,0,0,0,0,0,0,0,0,0,0,0,0,0,0,0,0,0,0.52334,0.0105057,0.00350189,0.0105057,0.00350189,0.0105057,0.00350189,0.0105057,0.00350189
483,87463.6,1.29476,0.65547,0.87269,0,0,0,0,0,0,0.12363,0.00198,0.00021,2e-05,0,0,0,0,0,0,0,0,0,0,0,0,0,0.90437,0.32078,0,0,0.49038,0.0701,0.48886,0.49029,0.83282,0.76017,0.80224,0.52364,1.2388,0.58875,0.8658,0,0,0,0,0,0,0,0,0,0,0,0,0,0,0,0,0,0,0,0,0,0,0,0,0,0,0,0,0,0,0,0.52364,0.0104503,0.00348344,0.0104503,0.00348344,0.0104503,0.00348344,0.0104503,0.00348344
484,87655.1,1.29178,0.64958,0.87223,0,0,0,0,0,0,0.12312,0.00197,0.0002,1e-05,0,0,0,0,0,0,0,0,0,0,0,0,0,0.87623,0.31755,0,0,0.49056,0.07024,0.48955,0.49048,0.82763,0.76184,0.80244,0.52395,1.23807,0.58838,0.86569,0,0,0,0,0,0,0,0,0,0,0,0,0,0,0,0,0,0,0,0,0,0,0,0,0,0,0,0,0,0,0,0.52395,0.010395,0.00346501,0.010395,0.00346501,0.010395,0.00346501,0.010395,0.00346501
485,87828.4,1.28297,0.64758,0.87592,0,0,0,0,0,0,0.12231,0.00196,0.00024,3e-05,0,0,0,0,0,0,0,0,0,0,0,0,0,0.91401,0.32003,0,0,0.49038,0.07013,0.48901,0.49029,0.82797,0.76173,0.80246,0.52415,1.23698,0.58771,0.86556,0,0,0,0,0,0,0,0,0,0,0,0,0,0,0,0,0,0,0,0,0,0,0,0,0,0,0,0,0,0,0,0.52415,0.0103398,0.00344661,0.0103398,0.00344661,0.0103398,0.00344661,0.0103398,0.00344661
486,88002.1,1.28347,0.65346,0.87163,0,0,0,0,0,0,0.12162,0.00197,0.00018,6e-05,0,0,0,0,0,0,0,0,0,0,0,0,0,0.90244,0.31704,0,0,0.49056,0.07031,0.48994,0.49047,0.8283,0.76186,0.80268,0.52471,1.23648,0.58694,0.86546,0,0,0,0,0,0,0,0,0,0,0,0,0,0,0,0,0,0,0,0,0,0,0,0,0,0,0,0,0,0,0,0.52471,0.0102847,0.00342823,0.0102847,0.00342823,0.0102847,0.00342823,0.0102847,0.00342823
487,88197.1,1.28752,0.65138,0.86984,0,0,0,0,0,0,0.12331,0.00197,0.0002,0,0,0,0,0,0,0,0,0,0,0,0,0,0,0.88392,0.31953,0,0,0.49054,0.07015,0.48969,0.49045,0.83153,0.76061,0.8021,0.52493,1.23515,0.58656,0.86531,0,0,0,0,0,0,0,0,0,0,0,0,0,0,0,0,0,0,0,0,0,0,0,0,0,0,0,0,0,0,0,0.52493,0.0102296,0.00340988,0.0102296,0.00340988,0.0102296,0.00340988,0.0102296,0.00340988
488,88375.5,1.27734,0.6541,0.86967,0,0,0,0,0,0,0.12228,0.00198,0.00017,4e-05,0,0,0,0,0,0,0,0,0,0,0,0,0,0.97252,0.33556,0,0,0.49047,0.07016,0.48986,0.49037,0.82955,0.76169,0.80193,0.5253,1.23324,0.58571,0.86513,0,0,0,0,0,0,0,0,0,0,0,0,0,0,0,0,0,0,0,0,0,0,0,0,0,0,0,0,0,0,0,0.5253,0.0101746,0.00339155,0.0101746,0.00339155,0.0101746,0.00339155,0.0101746,0.00339155
489,88552.4,1.28049,0.6464,0.87294,0,0,0,0,0,0,0.12174,0.00196,0.00024,0,0,0,0,0,0,0,0,0,0,0,0,0,0,0.97665,0.32865,0,0,0.49045,0.07017,0.48947,0.49036,0.82592,0.76302,0.8021,0.52519,1.23304,0.58553,0.86516,0,0,0,0,0,0,0,0,0,0,0,0,0,0,0,0,0,0,0,0,0,0,0,0,0,0,0,0,0,0,0,0.52519,0.0101197,0.00337325,0.0101197,0.00337325,0.0101197,0.00337325,0.0101197,0.00337325
490,88748,1.2868,0.64468,0.87195,0,0,0,0,0,0,0.1222,0.00195,0.00018,1e-05,0,0,0,0,0,0,0,0,0,0,0,0,0,0.9853,0.3221,0,0,0.49045,0.07014,0.48977,0.49037,0.82568,0.76313,0.80242,0.52567,1.2326,0.58495,0.86508,0,0,0,0,0,0,0,0,0,0,0,0,0,0,0,0,0,0,0,0,0,0,0,0,0,0,0,0,0,0,0,0.52567,0.0100649,0.00335497,0.0100649,0.00335497,0.0100649,0.00335497,0.0100649,0.00335497
491,88918.1,1.27778,0.64662,0.87023,0,0,0,0,0,0,0.12151,0.00195,0.00025,3e-05,0,0,0,0,0,0,0,0,0,0,0,0,0,0.99302,0.32054,0,0,0.49044,0.07016,0.48916,0.49037,0.82619,0.76306,0.80347,0.52555,1.23271,0.58461,0.865,0,0,0,0,0,0,0,0,0,0,0,0,0,0,0,0,0,0,0,0,0,0,0,0,0,0,0,0,0,0,0,0.52555,0.0100102,0.00333672,0.0100102,0.00333672,0.0100102,0.00333672,0.0100102,0.00333672
492,89098.9,1.27919,0.6448,0.86853,0,0,0,0,0,0,0.12183,0.00195,0.00028,1e-05,0,0,0,0,0,0,0,0,0,0,0,0,0,1.04414,0.32388,0,0,0.49051,0.07025,0.48969,0.49043,0.82647,0.76361,0.80356,0.52554,1.2329,0.58469,0.86496,0,0,0,0,0,0,0,0,0,0,0,0,0,0,0,0,0,0,0,0,0,0,0,0,0,0,0,0,0,0,0,0.52554,0.00995549,0.0033185,0.00995549,0.0033185,0.00995549,0.0033185,0.00995549,0.0033185
493,89290.5,1.27693,0.6415,0.87173,0,0,0,0,0,0,0.11947,0.00195,0.00018,0,0,0,0,0,0,0,0,0,0,0,0,0,0,0.98058,0.32511,0,0,0.4904,0.07013,0.48909,0.49031,0.82685,0.76379,0.80357,0.52535,1.23254,0.58424,0.86487,0,0,0,0,0,0,0,0,0,0,0,0,0,0,0,0,0,0,0,0,0,0,0,0,0,0,0,0,0,0,0,0.52535,0.0099009,0.0033003,0.0099009,0.0033003,0.0099009,0.0033003,0.0099009,0.0033003
494,89459.7,1.27285,0.64119,0.87346,0,0,0,0,0,0,0.12045,0.00195,0.00018,0,0,0,0,0,0,0,0,0,0,0,0,0,0,0.95474,0.32458,0,0,0.49047,0.07013,0.48918,0.4904,0.8272,0.76376,0.8033,0.52541,1.23213,0.58374,0.8648,0,0,0,0,0,0,0,0,0,0,0,0,0,0,0,0,0,0,0,0,0,0,0,0,0,0,0,0,0,0,0,0.52541,0.00984639,0.00328213,0.00984639,0.00328213,0.00984639,0.00328213,0.00984639,0.00328213
495,89639.8,1.28091,0.64699,0.87262,0,0,0,0,0,0,0.12209,0.00195,0.00015,0,0,0,0,0,0,0,0,0,0,0,0,0,0,0.95411,0.32279,0,0,0.49045,0.07013,0.48913,0.49037,0.82971,0.7616,0.80381,0.52585,1.23207,0.5835,0.86479,0,0,0,0,0,0,0,0,0,0,0,0,0,0,0,0,0,0,0,0,0,0,0,0,0,0,0,0,0,0,0,0.52585,0.00979196,0.00326399,0.00979196,0.00326399,0.00979196,0.00326399,0.00979196,0.00326399
496,89830.4,1.27208,0.6416,0.86806,0,0,0,0,0,0,0.11883,0.00194,0.00023,3e-05,0,0,0,0,0,0,0,0,0,0,0,0,0,0.91391,0.32149,0,0,0.4905,0.07024,0.4895,0.49041,0.82779,0.76382,0.80461,0.52636,1.23185,0.58312,0.86477,0,0,0,0,0,0,0,0,0,0,0,0,0,0,0,0,0,0,0,0,0,0,0,0,0,0,0,0,0,0,0,0.52636,0.00973761,0.00324587,0.00973761,0.00324587,0.00973761,0.00324587,0.00973761,0.00324587
497,90000.5,1.26804,0.64033,0.8677,0,0,0,0,0,0,0.12116,0.00195,0.00019,0,0,0,0,0,0,0,0,0,0,0,0,0,0,0.96799,0.31911,0,0,0.49049,0.07019,0.48929,0.49041,0.82967,0.7629,0.80465,0.52642,1.2313,0.58278,0.86468,0,0,0,0,0,0,0,0,0,0,0,0,0,0,0,0,0,0,0,0,0,0,0,0,0,0,0,0,0,0,0,0.52642,0.00968335,0.00322778,0.00968335,0.00322778,0.00968335,0.00322778,0.00968335,0.00322778
498,90187.4,1.26968,0.64347,0.86967,0,0,0,0,0,0,0.12058,0.00195,0.00025,2e-05,0,0,0,0,0,0,0,0,0,0,0,0,0,0.91852,0.32049,0,0,0.49046,0.07014,0.48894,0.49037,0.83036,0.76302,0.8054,0.5266,1.2307,0.58268,0.86459,0,0,0,0,0,0,0,0,0,0,0,0,0,0,0,0,0,0,0,0,0,0,0,0,0,0,0,0,0,0,0,0.5266,0.00962917,0.00320972,0.00962917,0.00320972,0.00962917,0.00320972,0.00962917,0.00320972
499,90373.7,1.27023,0.6389,0.86825,0,0,0,0,0,0,0.12005,0.00195,0.00019,1e-05,0,0,0,0,0,0,0,0,0,0,0,0,0,0.88365,0.32022,0,0,0.49036,0.0701,0.48898,0.49029,0.83138,0.76326,0.80519,0.52622,1.23015,0.58223,0.86447,0,0,0,0,0,0,0,0,0,0,0,0,0,0,0,0,0,0,0,0,0,0,0,0,0,0,0,0,0,0,0,0.52622,0.00957508,0.00319169,0.00957508,0.00319169,0.00957508,0.00319169,0.00957508,0.00319169
500,90542.3,1.27037,0.64005,0.86779,0,0,0,0,0,0,0.11913,0.00194,0.00017,0,0,0,0,0,0,0,0,0,0,0,0,0,0,0.93208,0.32441,0,0,0.49046,0.0702,0.48949,0.49025,0.83312,0.76226,0.80496,0.5263,1.23003,0.58202,0.86433,0,0,0,0,0,0,0,0,0,0,0,0,0,0,0,0,0,0,0,0,0,0,0,0,0,0,0,0,0,0,0,0.5263,0.00952107,0.00317369,0.00952107,0.00317369,0.00952107,0.00317369,0.00952107,0.00317369
501,90732.3,1.2728,0.64011,0.86736,0,0,0,0,0,0,0.11895,0.00193,0.00025,1e-05,0,0,0,0,0,0,0,0,0,0,0,0,0,1.02978,0.32255,0,0,0.49058,0.07019,0.49011,0.49049,0.83113,0.76359,0.80503,0.52634,1.23028,0.58194,0.86425,0,0,0,0,0,0,0,0,0,0,0,0,0,0,0,0,0,0,0,0,0,0,0,0,0,0,0,0,0,0,0,0.52634,0.00946715,0.00315572,0.00946715,0.00315572,0.00946715,0.00315572,0.00946715,0.00315572
502,90914.3,1.26657,0.63765,0.86737,0,0,0,0,0,0,0.11922,0.00193,0.0002,0,0,0,0,0,0,0,0,0,0,0,0,0,0,0.92286,0.31797,0,0,0.49058,0.07026,0.48948,0.4905,0.83286,0.76246,0.80534,0.52664,1.23066,0.58151,0.86434,0,0,0,0,0,0,0,0,0,0,0,0,0,0,0,0,0,0,0,0,0,0,0,0,0,0,0,0,0,0,0,0.52664,0.00941332,0.00313777,0.00941332,0.00313777,0.00941332,0.00313777,0.00941332,0.00313777
503,91083.6,1.26203,0.6342,0.86991,0,0,0,0,0,0,0.11968,0.00193,0.00021,1e-05,0,0,0,0,0,0,0,0,0,0,0,0,0,0.93987,0.31773,0,0,0.49039,0.07015,0.4893,0.4903,0.83153,0.76195,0.80469,0.52645,1.23092,0.58122,0.86435,0,0,0,0,0,0,0,0,0,0,0,0,0,0,0,0,0,0,0,0,0,0,0,0,0,0,0,0,0,0,0,0.52645,0.00935957,0.00311986,0.00935957,0.00311986,0.00935957,0.00311986,0.00935957,0.00311986
504,91278.1,1.26735,0.63806,0.87051,0,0,0,0,0,0,0.11988,0.00193,0.0002,0,0,0,0,0,0,0,0,0,0,0,0,0,0,0.96385,0.31692,0,0,0.49044,0.07023,0.48911,0.49035,0.8303,0.76277,0.80519,0.52685,1.23063,0.58123,0.86445,0,0,0,0,0,0,0,0,0,0,0,0,0,0,0,0,0,0,0,0,0,0,0,0,0,0,0,0,0,0,0,0.52685,0.00930592,0.00310197,0.00930592,0.00310197,0.00930592,0.00310197,0.00930592,0.00310197
505,91454.9,1.26049,0.63659,0.8696,0,0,0,0,0,0,0.11985,0.00193,0.00025,0,0,0,0,0,0,0,0,0,0,0,0,0,0,0.92796,0.31732,0,0,0.49046,0.07017,0.48966,0.49037,0.83011,0.76287,0.80512,0.52696,1.23101,0.58112,0.86432,0,0,0,0,0,0,0,0,0,0,0,0,0,0,0,0,0,0,0,0,0,0,0,0,0,0,0,0,0,0,0,0.52696,0.00925235,0.00308412,0.00925235,0.00308412,0.00925235,0.00308412,0.00925235,0.00308412
506,91631.5,1.24877,0.62802,0.86592,0,0,0,0,0,0,0.11866,0.00193,0.00025,0,0,0,0,0,0,0,0,0,0,0,0,0,0,0.90135,0.31404,0,0,0.49039,0.07009,0.48915,0.49033,0.82932,0.76338,0.80552,0.52714,1.23007,0.5807,0.86432,0,0,0,0,0,0,0,0,0,0,0,0,0,0,0,0,0,0,0,0,0,0,0,0,0,0,0,0,0,0,0,0.52714,0.00919888,0.00306629,0.00919888,0.00306629,0.00919888,0.00306629,0.00919888,0.00306629
507,91826.6,1.26337,0.63701,0.86906,0,0,0,0,0,0,0.12169,0.00193,0.00018,4e-05,0,0,0,0,0,0,0,0,0,0,0,0,0,0.88821,0.31407,0,0,0.49041,0.07009,0.48949,0.49031,0.83179,0.76237,0.80651,0.52736,1.22896,0.58032,0.86407,0,0,0,0,0,0,0,0,0,0,0,0,0,0,0,0,0,0,0,0,0,0,0,0,0,0,0,0,0,0,0,0.52736,0.0091455,0.0030485,0.0091455,0.0030485,0.0091455,0.0030485,0.0091455,0.0030485
508,91996.2,1.25636,0.63251,0.86796,0,0,0,0,0,0,0.11939,0.00192,0.00019,1e-05,0,0,0,0,0,0,0,0,0,0,0,0,0,0.90513,0.31146,0,0,0.49047,0.07017,0.48936,0.49039,0.83044,0.76249,0.80576,0.52762,1.2287,0.58008,0.86405,0,0,0,0,0,0,0,0,0,0,0,0,0,0,0,0,0,0,0,0,0,0,0,0,0,0,0,0,0,0,0,0.52762,0.00909221,0.00303074,0.00909221,0.00303074,0.00909221,0.00303074,0.00909221,0.00303074
509,92176.7,1.24638,0.62651,0.86837,0,0,0,0,0,0,0.11932,0.00192,0.0002,0,0,0,0,0,0,0,0,0,0,0,0,0,0,0.88729,0.3086,0,0,0.49037,0.0701,0.4888,0.49014,0.83111,0.76292,0.80673,0.52726,1.22992,0.5795,0.86415,0,0,0,0,0,0,0,0,0,0,0,0,0,0,0,0,0,0,0,0,0,0,0,0,0,0,0,0,0,0,0,0.52726,0.00903901,0.003013,0.00903901,0.003013,0.00903901,0.003013,0.00903901,0.003013
510,92368.5,1.2527,0.62948,0.86552,0,0,0,0,0,0,0.11885,0.00192,0.0002,0,0,0,0,0,0,0,0,0,0,0,0,0,0,0.8695,0.31144,0,0,0.49056,0.07023,0.48967,0.49048,0.83218,0.76251,0.8072,0.52763,1.22923,0.57932,0.86401,0,0,0,0,0,0,0,0,0,0,0,0,0,0,0,0,0,0,0,0,0,0,0,0,0,0,0,0,0,0,0,0.52763,0.00898591,0.0029953,0.00898591,0.0029953,0.00898591,0.0029953,0.00898591,0.0029953
511,92553.6,1.24416,0.62903,0.86322,0,0,0,0,0,0,0.11858,0.00192,0.00017,0,0,0,0,0,0,0,0,0,0,0,0,0,0,0.92371,0.30784,0,0,0.49048,0.07016,0.48927,0.49026,0.83101,0.76311,0.80753,0.52833,1.22915,0.57925,0.86395,0,0,0,0,0,0,0,0,0,0,0,0,0,0,0,0,0,0,0,0,0,0,0,0,0,0,0,0,0,0,0,0.52833,0.0089329,0.00297763,0.0089329,0.00297763,0.0089329,0.00297763,0.0089329,0.00297763
512,92758.5,1.25739,0.63019,0.86429,0,0,0,0,0,0,0.12007,0.00192,0.0002,1e-05,0,0,0,0,0,0,0,0,0,0,0,0,0,0.91401,0.31134,0,0,0.49045,0.07014,0.48942,0.49036,0.8321,0.76218,0.80769,0.52848,1.22816,0.57869,0.86378,0,0,0,0,0,0,0,0,0,0,0,0,0,0,0,0,0,0,0,0,0,0,0,0,0,0,0,0,0,0,0,0.52848,0.00887999,0.00296,0.00887999,0.00296,0.00887999,0.00296,0.00887999,0.00296
513,92931.3,1.25729,0.63454,0.86511,0,0,0,0,0,0,0.11985,0.00193,0.00019,0,0,0,0,0,0,0,0,0,0,0,0,0,0,0.98462,0.31115,0,0,0.49052,0.0702,0.48901,0.49034,0.83391,0.76171,0.80705,0.52858,1.22712,0.57824,0.86362,0,0,0,0,0,0,0,0,0,0,0,0,0,0,0,0,0,0,0,0,0,0,0,0,0,0,0,0,0,0,0,0.52858,0.00882718,0.00294239,0.00882718,0.00294239,0.00882718,0.00294239,0.00882718,0.00294239
514,93118.9,1.24641,0.62692,0.86486,0,0,0,0,0,0,0.11998,0.00192,0.00019,1e-05,0,0,0,0,0,0,0,0,0,0,0,0,0,0.90347,0.30935,0,0,0.49057,0.07022,0.48946,0.49048,0.83404,0.76246,0.80774,0.52914,1.22582,0.5777,0.86348,0,0,0,0,0,0,0,0,0,0,0,0,0,0,0,0,0,0,0,0,0,0,0,0,0,0,0,0,0,0,0,0.52914,0.00877446,0.00292482,0.00877446,0.00292482,0.00877446,0.00292482,0.00877446,0.00292482
515,93304.3,1.24271,0.62467,0.86438,0,0,0,0,0,0,0.11884,0.00191,0.00023,0,0,0,0,0,0,0,0,0,0,0,0,0,0,0.92834,0.31157,0,0,0.49053,0.07028,0.48949,0.49044,0.83042,0.76657,0.8087,0.52985,1.22462,0.57713,0.86333,0,0,0,0,0,0,0,0,0,0,0,0,0,0,0,0,0,0,0,0,0,0,0,0,0,0,0,0,0,0,0,0.52985,0.00872184,0.00290728,0.00872184,0.00290728,0.00872184,0.00290728,0.00872184,0.00290728
516,93476.7,1.24995,0.63004,0.86582,0,0,0,0,0,0,0.11904,0.00191,0.00019,0,0,0,0,0,0,0,0,0,0,0,0,0,0,0.94582,0.30931,0,0,0.49052,0.07022,0.48975,0.49042,0.83334,0.76546,0.80929,0.53025,1.22323,0.57676,0.86323,0,0,0,0,0,0,0,0,0,0,0,0,0,0,0,0,0,0,0,0,0,0,0,0,0,0,0,0,0,0,0,0.53025,0.00866932,0.00288977,0.00866932,0.00288977,0.00866932,0.00288977,0.00866932,0.00288977
517,93672.8,1.24442,0.62415,0.86648,0,0,0,0,0,0,0.11763,0.00191,0.00016,4e-05,0,0,0,0,0,0,0,0,0,0,0,0,0,0.94146,0.31011,0,0,0.49053,0.07022,0.48938,0.49044,0.83724,0.76468,0.80991,0.53034,1.22401,0.57665,0.86326,0,0,0,0,0,0,0,0,0,0,0,0,0,0,0,0,0,0,0,0,0,0,0,0,0,0,0,0,0,0,0,0.53034,0.0086169,0.0028723,0.0086169,0.0028723,0.0086169,0.0028723,0.0086169,0.0028723
518,93849.8,1.2427,0.62515,0.86553,0,0,0,0,0,0,0.11713,0.00191,0.0002,1e-05,0,0,0,0,0,0,0,0,0,0,0,0,0,0.92437,0.31037,0,0,0.49047,0.07026,0.48847,0.49038,0.8346,0.76519,0.80905,0.53082,1.22283,0.57618,0.86311,0,0,0,0,0,0,0,0,0,0,0,0,0,0,0,0,0,0,0,0,0,0,0,0,0,0,0,0,0,0,0,0.53082,0.00856458,0.00285486,0.00856458,0.00285486,0.00856458,0.00285486,0.00856458,0.00285486
519,94027.6,1.24017,0.62671,0.86292,0,0,0,0,0,0,0.11798,0.00191,0.00021,2e-05,0,0,0,0,0,0,0,0,0,0,0,0,0,0.97686,0.31027,0,0,0.49035,0.07008,0.48935,0.49025,0.83549,0.7649,0.80917,0.53154,1.22212,0.57594,0.86295,0,0,0,0,0,0,0,0,0,0,0,0,0,0,0,0,0,0,0,0,0,0,0,0,0,0,0,0,0,0,0,0.53154,0.00851237,0.00283746,0.00851237,0.00283746,0.00851237,0.00283746,0.00851237,0.00283746
520,94219.6,1.24039,0.62127,0.86363,0,0,0,0,0,0,0.11864,0.00191,0.00019,0,0,0,0,0,0,0,0,0,0,0,0,0,0,0.9627,0.30656,0,0,0.49044,0.07014,0.48904,0.49035,0.83704,0.76572,0.8104,0.53166,1.22104,0.57531,0.86287,0,0,0,0,0,0,0,0,0,0,0,0,0,0,0,0,0,0,0,0,0,0,0,0,0,0,0,0,0,0,0,0.53166,0.00846025,0.00282008,0.00846025,0.00282008,0.00846025,0.00282008,0.00846025,0.00282008
521,94389.4,1.23934,0.62368,0.86319,0,0,0,0,0,0,0.1196,0.0019,0.00018,0,0,0,0,0,0,0,0,0,0,0,0,0,0,0.91838,0.30194,0,0,0.49043,0.07015,0.4893,0.49034,0.83611,0.76555,0.80975,0.53228,1.22087,0.57489,0.86288,0,0,0,0,0,0,0,0,0,0,0,0,0,0,0,0,0,0,0,0,0,0,0,0,0,0,0,0,0,0,0,0.53228,0.00840824,0.00280275,0.00840824,0.00280275,0.00840824,0.00280275,0.00840824,0.00280275
522,94579.2,1.24025,0.61844,0.86198,0,0,0,0,0,0,0.11624,0.0019,0.00019,0,0,0,0,0,0,0,0,0,0,0,0,0,0,0.9352,0.30255,0,0,0.49039,0.07014,0.48915,0.49032,0.83909,0.76494,0.80988,0.5321,1.22145,0.57496,0.86295,0,0,0,0,0,0,0,0,0,0,0,0,0,0,0,0,0,0,0,0,0,0,0,0,0,0,0,0,0,0,0,0.5321,0.00835633,0.00278544,0.00835633,0.00278544,0.00835633,0.00278544,0.00835633,0.00278544
523,94767.6,1.23683,0.62288,0.86409,0,0,0,0,0,0,0.11739,0.0019,0.00023,0,0,0,0,0,0,0,0,0,0,0,0,0,0,0.9258,0.30082,0,0,0.49039,0.07014,0.48904,0.49031,0.83894,0.7655,0.81061,0.53203,1.22154,0.57478,0.86302,0,0,0,0,0,0,0,0,0,0,0,0,0,0,0,0,0,0,0,0,0,0,0,0,0,0,0,0,0,0,0,0.53203,0.00830453,0.00276818,0.00830453,0.00276818,0.00830453,0.00276818,0.00830453,0.00276818
524,94941,1.2319,0.6166,0.86362,0,0,0,0,0,0,0.11777,0.00189,0.00024,4e-05,0,0,0,0,0,0,0,0,0,0,0,0,0,0.97303,0.30161,0,0,0.49047,0.07012,0.48903,0.4904,0.83832,0.7661,0.81158,0.53238,1.2207,0.57448,0.86292,0,0,0,0,0,0,0,0,0,0,0,0,0,0,0,0,0,0,0,0,0,0,0,0,0,0,0,0,0,0,0,0.53238,0.00825283,0.00275094,0.00825283,0.00275094,0.00825283,0.00275094,0.00825283,0.00275094
525,95132.6,1.2352,0.62151,0.86209,0,0,0,0,0,0,0.11741,0.00189,0.00022,2e-05,0,0,0,0,0,0,0,0,0,0,0,0,0,0.96217,0.30389,0,0,0.4904,0.07013,0.48912,0.49032,0.8386,0.7661,0.81166,0.53226,1.22097,0.57457,0.86283,0,0,0,0,0,0,0,0,0,0,0,0,0,0,0,0,0,0,0,0,0,0,0,0,0,0,0,0,0,0,0,0.53226,0.00820124,0.00273375,0.00820124,0.00273375,0.00820124,0.00273375,0.00820124,0.00273375
526,95306.2,1.22511,0.61409,0.86246,0,0,0,0,0,0,0.11631,0.00189,0.0002,0,0,0,0,0,0,0,0,0,0,0,0,0,0,0.98868,0.30483,0,0,0.49046,0.07018,0.48935,0.49038,0.83884,0.766,0.81149,0.5326,1.21985,0.57424,0.86262,0,0,0,0,0,0,0,0,0,0,0,0,0,0,0,0,0,0,0,0,0,0,0,0,0,0,0,0,0,0,0,0.5326,0.00814976,0.00271659,0.00814976,0.00271659,0.00814976,0.00271659,0.00814976,0.00271659
527,95483.8,1.22597,0.61421,0.86178,0,0,0,0,0,0,0.11686,0.00188,0.00017,0,0,0,0,0,0,0,0,0,0,0,0,0,0,0.90935,0.29889,0,0,0.49045,0.07017,0.48936,0.49037,0.84029,0.76555,0.81147,0.53272,1.21993,0.57405,0.86251,0,0,0,0,0,0,0,0,0,0,0,0,0,0,0,0,0,0,0,0,0,0,0,0,0,0,0,0,0,0,0,0.53272,0.00809838,0.00269946,0.00809838,0.00269946,0.00809838,0.00269946,0.00809838,0.00269946
528,95675.2,1.22493,0.61484,0.86065,0,0,0,0,0,0,0.11687,0.00189,0.00023,0,0,0,0,0,0,0,0,0,0,0,0,0,0,0.91666,0.29865,0,0,0.49053,0.07018,0.48942,0.49045,0.84044,0.76488,0.81133,0.53239,1.22052,0.57386,0.86256,0,0,0,0,0,0,0,0,0,0,0,0,0,0,0,0,0,0,0,0,0,0,0,0,0,0,0,0,0,0,0,0.53239,0.00804712,0.00268237,0.00804712,0.00268237,0.00804712,0.00268237,0.00804712,0.00268237
529,95847,1.22449,0.61629,0.86345,0,0,0,0,0,0,0.11822,0.00188,0.00018,0,0,0,0,0,0,0,0,0,0,0,0,0,0,0.88947,0.30053,0,0,0.49044,0.07012,0.48942,0.49035,0.84143,0.76535,0.81231,0.53278,1.22003,0.57373,0.86241,0,0,0,0,0,0,0,0,0,0,0,0,0,0,0,0,0,0,0,0,0,0,0,0,0,0,0,0,0,0,0,0.53278,0.00799596,0.00266532,0.00799596,0.00266532,0.00799596,0.00266532,0.00799596,0.00266532
530,96032,1.22516,0.61422,0.86141,0,0,0,0,0,0,0.11664,0.00188,0.00021,0,0,0,0,0,0,0,0,0,0,0,0,0,0,0.91743,0.29839,0,0,0.49044,0.07016,0.48969,0.49036,0.84211,0.76529,0.81248,0.5334,1.2187,0.57319,0.86224,0,0,0,0,0,0,0,0,0,0,0,0,0,0,0,0,0,0,0,0,0,0,0,0,0,0,0,0,0,0,0,0.5334,0.00794491,0.0026483,0.00794491,0.0026483,0.00794491,0.0026483,0.00794491,0.0026483
531,96213.2,1.2209,0.6107,0.86038,0,0,0,0,0,0,0.11612,0.00188,0.00019,1e-05,0,0,0,0,0,0,0,0,0,0,0,0,0,0.91717,0.30256,0,0,0.49071,0.07038,0.48962,0.49051,0.84045,0.76693,0.81325,0.53372,1.2183,0.57291,0.86215,0,0,0,0,0,0,0,0,0,0,0,0,0,0,0,0,0,0,0,0,0,0,0,0,0,0,0,0,0,0,0,0.53372,0.00789397,0.00263132,0.00789397,0.00263132,0.00789397,0.00263132,0.00789397,0.00263132
532,96389.7,1.22105,0.61155,0.85965,0,0,0,0,0,0,0.11676,0.00187,0.00021,3e-05,0,0,0,0,0,0,0,0,0,0,0,0,0,0.90608,0.30112,0,0,0.4906,0.07026,0.4896,0.49051,0.84051,0.76733,0.81347,0.53363,1.2192,0.57333,0.86214,0,0,0,0,0,0,0,0,0,0,0,0,0,0,0,0,0,0,0,0,0,0,0,0,0,0,0,0,0,0,0,0.53363,0.00784315,0.00261438,0.00784315,0.00261438,0.00784315,0.00261438,0.00784315,0.00261438
533,96575.2,1.21599,0.61149,0.86068,0,0,0,0,0,0,0.1167,0.00187,0.00016,1e-05,0,0,0,0,0,0,0,0,0,0,0,0,0,0.89348,0.29725,0,0,0.49036,0.07006,0.4894,0.49015,0.8407,0.76782,0.81377,0.53385,1.21919,0.57284,0.86216,0,0,0,0,0,0,0,0,0,0,0,0,0,0,0,0,0,0,0,0,0,0,0,0,0,0,0,0,0,0,0,0.53385,0.00779244,0.00259748,0.00779244,0.00259748,0.00779244,0.00259748,0.00779244,0.00259748
534,96745.2,1.22312,0.61457,0.86136,0,0,0,0,0,0,0.11597,0.00187,0.00026,1e-05,0,0,0,0,0,0,0,0,0,0,0,0,0,0.949,0.29946,0,0,0.49043,0.07008,0.48961,0.49034,0.84306,0.76775,0.81361,0.53367,1.21869,0.57215,0.86201,0,0,0,0,0,0,0,0,0,0,0,0,0,0,0,0,0,0,0,0,0,0,0,0,0,0,0,0,0,0,0,0.53367,0.00774184,0.00258061,0.00774184,0.00258061,0.00774184,0.00258061,0.00774184,0.00258061
535,96918.1,1.21893,0.61362,0.85883,0,0,0,0,0,0,0.11638,0.00187,0.00017,2e-05,0,0,0,0,0,0,0,0,0,0,0,0,0,0.91136,0.29732,0,0,0.49051,0.07022,0.48948,0.49042,0.84305,0.76756,0.81456,0.53341,1.21964,0.57174,0.86209,0,0,0,0,0,0,0,0,0,0,0,0,0,0,0,0,0,0,0,0,0,0,0,0,0,0,0,0,0,0,0,0.53341,0.00769136,0.00256379,0.00769136,0.00256379,0.00769136,0.00256379,0.00769136,0.00256379
536,97103.5,1.21541,0.60773,0.8605,0,0,0,0,0,0,0.116,0.00186,0.00023,0,0,0,0,0,0,0,0,0,0,0,0,0,0,0.86441,0.29419,0,0,0.49048,0.07015,0.4891,0.49038,0.84203,0.76818,0.81438,0.53363,1.21958,0.57137,0.86205,0,0,0,0,0,0,0,0,0,0,0,0,0,0,0,0,0,0,0,0,0,0,0,0,0,0,0,0,0,0,0,0.53363,0.00764099,0.002547,0.00764099,0.002547,0.00764099,0.002547,0.00764099,0.002547
537,97278.8,1.2116,0.60874,0.86112,0,0,0,0,0,0,0.11534,0.00186,0.00021,0,0,0,0,0,0,0,0,0,0,0,0,0,0,1.03619,0.29969,0,0,0.49035,0.07007,0.48957,0.49026,0.84212,0.76831,0.81459,0.53376,1.21854,0.57089,0.8619,0,0,0,0,0,0,0,0,0,0,0,0,0,0,0,0,0,0,0,0,0,0,0,0,0,0,0,0,0,0,0,0.53376,0.00759073,0.00253024,0.00759073,0.00253024,0.00759073,0.00253024,0.00759073,0.00253024
538,97448.6,1.21479,0.61027,0.86064,0,0,0,0,0,0,0.11568,0.00186,0.00019,0,0,0,0,0,0,0,0,0,0,0,0,0,0,0.99326,0.29673,0,0,0.49043,0.07017,0.48926,0.49035,0.84238,0.76823,0.81489,0.53379,1.21904,0.57058,0.86184,0,0,0,0,0,0,0,0,0,0,0,0,0,0,0,0,0,0,0,0,0,0,0,0,0,0,0,0,0,0,0,0.53379,0.0075406,0.00251353,0.0075406,0.00251353,0.0075406,0.00251353,0.0075406,0.00251353
539,97631.5,1.21096,0.6114,0.85827,0,0,0,0,0,0,0.11433,0.00187,0.00018,8e-05,0,0,0,0,0,0,0,0,0,0,0,0,0,0.97066,0.29697,0,0,0.49049,0.0702,0.48892,0.4904,0.84264,0.76688,0.81423,0.53398,1.21841,0.57023,0.86176,0,0,0,0,0,0,0,0,0,0,0,0,0,0,0,0,0,0,0,0,0,0,0,0,0,0,0,0,0,0,0,0.53398,0.00749058,0.00249686,0.00749058,0.00249686,0.00749058,0.00249686,0.00749058,0.00249686
540,97809.7,1.21256,0.6096,0.85868,0,0,0,0,0,0,0.1154,0.00187,0.00016,0,0,0,0,0,0,0,0,0,0,0,0,0,0,0.98751,0.29755,0,0,0.49043,0.07014,0.48931,0.49033,0.84394,0.76653,0.81413,0.53414,1.21816,0.56989,0.86168,0,0,0,0,0,0,0,0,0,0,0,0,0,0,0,0,0,0,0,0,0,0,0,0,0,0,0,0,0,0,0,0.53414,0.00744068,0.00248023,0.00744068,0.00248023,0.00744068,0.00248023,0.00744068,0.00248023
541,97975.6,1.20591,0.60119,0.86163,0,0,0,0,0,0,0.115,0.00186,0.00019,0,0,0,0,0,0,0,0,0,0,0,0,0,0,0.96314,0.2955,0,0,0.49043,0.07013,0.48894,0.49036,0.84257,0.76777,0.81481,0.53372,1.21764,0.56975,0.86167,0,0,0,0,0,0,0,0,0,0,0,0,0,0,0,0,0,0,0,0,0,0,0,0,0,0,0,0,0,0,0,0.53372,0.0073909,0.00246363,0.0073909,0.00246363,0.0073909,0.00246363,0.0073909,0.00246363
542,98160.7,1.21484,0.60611,0.85867,0,0,0,0,0,0,0.11438,0.00185,0.00016,0,0,0,0,0,0,0,0,0,0,0,0,0,0,0.93085,0.29712,0,0,0.49046,0.07011,0.48895,0.49028,0.84273,0.76744,0.81486,0.53446,1.21723,0.56929,0.86153,0,0,0,0,0,0,0,0,0,0,0,0,0,0,0,0,0,0,0,0,0,0,0,0,0,0,0,0,0,0,0,0.53446,0.00734123,0.00244708,0.00734123,0.00244708,0.00734123,0.00244708,0.00734123,0.00244708
543,98338,1.20689,0.60141,0.8565,0,0,0,0,0,0,0.11447,0.00185,0.00018,5e-05,0,0,0,0,0,0,0,0,0,0,0,0,0,0.93547,0.29418,0,0,0.49057,0.07022,0.48917,0.49048,0.84374,0.76853,0.81505,0.53464,1.21618,0.56902,0.86149,0,0,0,0,0,0,0,0,0,0,0,0,0,0,0,0,0,0,0,0,0,0,0,0,0,0,0,0,0,0,0,0.53464,0.00729169,0.00243056,0.00729169,0.00243056,0.00729169,0.00243056,0.00729169,0.00243056
544,98502.7,1.19653,0.59755,0.85844,0,0,0,0,0,0,0.11489,0.00186,0.00023,0,0,0,0,0,0,0,0,0,0,0,0,0,0,0.95035,0.30117,0,0,0.4903,0.07007,0.48888,0.4902,0.84309,0.76891,0.81543,0.53504,1.21466,0.56813,0.86122,0,0,0,0,0,0,0,0,0,0,0,0,0,0,0,0,0,0,0,0,0,0,0,0,0,0,0,0,0,0,0,0.53504,0.00724227,0.00241409,0.00724227,0.00241409,0.00724227,0.00241409,0.00724227,0.00241409
545,98680.3,1.19825,0.60428,0.85738,0,0,0,0,0,0,0.11459,0.00185,0.00025,0,0,0,0,0,0,0,0,0,0,0,0,0,0,0.98277,0.29926,0,0,0.49042,0.07013,0.48912,0.49034,0.8461,0.76848,0.81627,0.53509,1.21399,0.56765,0.86108,0,0,0,0,0,0,0,0,0,0,0,0,0,0,0,0,0,0,0,0,0,0,0,0,0,0,0,0,0,0,0,0.53509,0.00719297,0.00239766,0.00719297,0.00239766,0.00719297,0.00239766,0.00719297,0.00239766
546,98865.1,1.20577,0.60705,0.85666,0,0,0,0,0,0,0.11465,0.00185,0.00016,0,0,0,0,0,0,0,0,0,0,0,0,0,0,0.97825,0.29784,0,0,0.49047,0.07017,0.4891,0.49038,0.84757,0.76836,0.81653,0.53579,1.21375,0.56736,0.86107,0,0,0,0,0,0,0,0,0,0,0,0,0,0,0,0,0,0,0,0,0,0,0,0,0,0,0,0,0,0,0,0.53579,0.0071438,0.00238127,0.0071438,0.00238127,0.0071438,0.00238127,0.0071438,0.00238127
547,99034.3,1.20392,0.60275,0.85903,0,0,0,0,0,0,0.1163,0.00185,0.00023,0,0,0,0,0,0,0,0,0,0,0,0,0,0,0.92798,0.29653,0,0,0.4905,0.07019,0.48914,0.4904,0.84853,0.76889,0.81751,0.536,1.21289,0.56681,0.86106,0,0,0,0,0,0,0,0,0,0,0,0,0,0,0,0,0,0,0,0,0,0,0,0,0,0,0,0,0,0,0,0.536,0.00709474,0.00236491,0.00709474,0.00236491,0.00709474,0.00236491,0.00709474,0.00236491
548,99211.8,1.19747,0.60121,0.85735,0,0,0,0,0,0,0.11466,0.00186,0.00021,1e-05,0,0,0,0,0,0,0,0,0,0,0,0,0,0.896,0.29808,0,0,0.49042,0.07016,0.48904,0.49033,0.8492,0.76905,0.81738,0.53667,1.21195,0.56637,0.86099,0,0,0,0,0,0,0,0,0,0,0,0,0,0,0,0,0,0,0,0,0,0,0,0,0,0,0,0,0,0,0,0.53667,0.00704581,0.0023486,0.00704581,0.0023486,0.00704581,0.0023486,0.00704581,0.0023486
549,99409,1.1926,0.59637,0.8562,0,0,0,0,0,0,0.11254,0.00185,0.00024,0,0,0,0,0,0,0,0,0,0,0,0,0,0,0.87272,0.29229,0,0,0.49042,0.07012,0.48907,0.49033,0.84564,0.77044,0.8178,0.53697,1.21113,0.56625,0.86076,0,0,0,0,0,0,0,0,0,0,0,0,0,0,0,0,0,0,0,0,0,0,0,0,0,0,0,0,0,0,0,0.53697,0.00699701,0.00233234,0.00699701,0.00233234,0.00699701,0.00233234,0.00699701,0.00233234
550,99581.3,1.20037,0.59961,0.86162,0,0,0,0,0,0,0.11438,0.00185,0.00026,2e-05,0,0,0,0,0,0,0,0,0,0,0,0,0,0.88918,0.29277,0,0,0.49035,0.07009,0.48897,0.49026,0.84626,0.77053,0.81817,0.53698,1.20999,0.56592,0.86052,0,0,0,0,0,0,0,0,0,0,0,0,0,0,0,0,0,0,0,0,0,0,0,0,0,0,0,0,0,0,0,0.53698,0.00694833,0.00231611,0.00694833,0.00231611,0.00694833,0.00231611,0.00694833,0.00231611
551,99754.3,1.19921,0.60011,0.85793,0,0,0,0,0,0,0.11406,0.00183,0.00013,7e-05,0,0,0,0,0,0,0,0,0,0,0,0,0,0.93546,0.29354,0,0,0.49054,0.07016,0.48918,0.49032,0.84747,0.77007,0.81795,0.53733,1.20916,0.56542,0.86049,0,0,0,0,0,0,0,0,0,0,0,0,0,0,0,0,0,0,0,0,0,0,0,0,0,0,0,0,0,0,0,0.53733,0.00689978,0.00229993,0.00689978,0.00229993,0.00689978,0.00229993,0.00689978,0.00229993
552,99950.2,1.19277,0.59465,0.85674,0,0,0,0,0,0,0.11333,0.00184,0.00022,0,0,0,0,0,0,0,0,0,0,0,0,0,0,1.07915,0.29336,0,0,0.4906,0.07026,0.48865,0.49052,0.84868,0.77019,0.81826,0.53743,1.20915,0.56539,0.86045,0,0,0,0,0,0,0,0,0,0,0,0,0,0,0,0,0,0,0,0,0,0,0,0,0,0,0,0,0,0,0,0.53743,0.00685136,0.00228379,0.00685136,0.00228379,0.00685136,0.00228379,0.00685136,0.00228379
553,100124,1.19375,0.59538,0.85428,0,0,0,0,0,0,0.11338,0.00184,0.00016,0,0,0,0,0,0,0,0,0,0,0,0,0,0,0.98187,0.2908,0,0,0.49052,0.07022,0.48921,0.49044,0.85099,0.77051,0.81949,0.53785,1.20981,0.56506,0.86045,0,0,0,0,0,0,0,0,0,0,0,0,0,0,0,0,0,0,0,0,0,0,0,0,0,0,0,0,0,0,0,0.53785,0.00680306,0.00226769,0.00680306,0.00226769,0.00680306,0.00226769,0.00680306,0.00226769
554,100294,1.19079,0.59553,0.85461,0,0,0,0,0,0,0.1138,0.00184,0.00024,1e-05,0,0,0,0,0,0,0,0,0,0,0,0,0,0.9743,0.29442,0,0,0.49042,0.07013,0.48969,0.49034,0.84866,0.77135,0.81994,0.53805,1.20983,0.56458,0.86041,0,0,0,0,0,0,0,0,0,0,0,0,0,0,0,0,0,0,0,0,0,0,0,0,0,0,0,0,0,0,0,0.53805,0.00675489,0.00225163,0.00675489,0.00225163,0.00675489,0.00225163,0.00675489,0.00225163
555,100484,1.18957,0.59639,0.85561,0,0,0,0,0,0,0.11446,0.00184,0.00024,0,0,0,0,0,0,0,0,0,0,0,0,0,0,0.9514,0.29003,0,0,0.49056,0.0702,0.48966,0.49046,0.84891,0.77253,0.82055,0.53812,1.2099,0.5644,0.86042,0,0,0,0,0,0,0,0,0,0,0,0,0,0,0,0,0,0,0,0,0,0,0,0,0,0,0,0,0,0,0,0.53812,0.00670686,0.00223562,0.00670686,0.00223562,0.00670686,0.00223562,0.00670686,0.00223562
556,100662,1.18691,0.59166,0.85697,0,0,0,0,0,0,0.11236,0.00184,0.00016,0,0,0,0,0,0,0,0,0,0,0,0,0,0,0.94681,0.28877,0,0,0.49047,0.07015,0.48939,0.49037,0.8473,0.77242,0.81997,0.53862,1.20872,0.56343,0.86035,0,0,0,0,0,0,0,0,0,0,0,0,0,0,0,0,0,0,0,0,0,0,0,0,0,0,0,0,0,0,0,0.53862,0.00665895,0.00221965,0.00665895,0.00221965,0.00665895,0.00221965,0.00665895,0.00221965
557,100827,1.18257,0.58865,0.85313,0,0,0,0,0,0,0.1128,0.00183,0.00023,0,0,0,0,0,0,0,0,0,0,0,0,0,0,0.92039,0.28662,0,0,0.49048,0.07019,0.48902,0.49039,0.84872,0.77225,0.8204,0.53857,1.20896,0.56345,0.86023,0,0,0,0,0,0,0,0,0,0,0,0,0,0,0,0,0,0,0,0,0,0,0,0,0,0,0,0,0,0,0,0.53857,0.00661117,0.00220372,0.00661117,0.00220372,0.00661117,0.00220372,0.00661117,0.00220372
558,101014,1.18352,0.59049,0.85652,0,0,0,0,0,0,0.11292,0.00183,0.0002,3e-05,0,0,0,0,0,0,0,0,0,0,0,0,0,0.91567,0.28849,0,0,0.49047,0.07016,0.48939,0.49026,0.84812,0.7723,0.82053,0.53876,1.20806,0.56296,0.86017,0,0,0,0,0,0,0,0,0,0,0,0,0,0,0,0,0,0,0,0,0,0,0,0,0,0,0,0,0,0,0,0.53876,0.00656353,0.00218784,0.00656353,0.00218784,0.00656353,0.00218784,0.00656353,0.00218784
559,101198,1.17944,0.59325,0.85337,0,0,0,0,0,0,0.11474,0.00182,0.00024,3e-05,0,0,0,0,0,0,0,0,0,0,0,0,0,0.93775,0.28768,0,0,0.49039,0.07014,0.48957,0.49031,0.84961,0.77147,0.82056,0.53919,1.20647,0.56251,0.86007,0,0,0,0,0,0,0,0,0,0,0,0,0,0,0,0,0,0,0,0,0,0,0,0,0,0,0,0,0,0,0,0.53919,0.00651601,0.002172,0.00651601,0.002172,0.00651601,0.002172,0.00651601,0.002172
560,101366,1.17815,0.5915,0.85255,0,0,0,0,0,0,0.1128,0.00182,0.00021,0,0,0,0,0,0,0,0,0,0,0,0,0,0,0.89607,0.28727,0,0,0.49057,0.07023,0.48913,0.49049,0.85165,0.77194,0.82118,0.5393,1.20646,0.5624,0.85996,0,0,0,0,0,0,0,0,0,0,0,0,0,0,0,0,0,0,0,0,0,0,0,0,0,0,0,0,0,0,0,0.5393,0.00646863,0.00215621,0.00646863,0.00215621,0.00646863,0.00215621,0.00646863,0.00215621
561,101549,1.18783,0.59487,0.85374,0,0,0,0,0,0,0.11374,0.00182,0.00017,0,0,0,0,0,0,0,0,0,0,0,0,0,0,0.83641,0.28664,0,0,0.49055,0.07024,0.49044,0.49046,0.84987,0.7722,0.82072,0.53987,1.20615,0.56202,0.85993,0,0,0,0,0,0,0,0,0,0,0,0,0,0,0,0,0,0,0,0,0,0,0,0,0,0,0,0,0,0,0,0.53987,0.00642139,0.00214046,0.00642139,0.00214046,0.00642139,0.00214046,0.00642139,0.00214046
562,101736,1.17224,0.58279,0.85402,0,0,0,0,0,0,0.11219,0.00182,0.00016,0,0,0,0,0,0,0,0,0,0,0,0,0,0,0.90335,0.28611,0,0,0.49048,0.07019,0.49026,0.49039,0.85224,0.77239,0.82145,0.54001,1.20478,0.56144,0.85975,0,0,0,0,0,0,0,0,0,0,0,0,0,0,0,0,0,0,0,0,0,0,0,0,0,0,0,0,0,0,0,0.54001,0.00637428,0.00212476,0.00637428,0.00212476,0.00637428,0.00212476,0.00637428,0.00212476
563,101902,1.18265,0.59272,0.85469,0,0,0,0,0,0,0.11271,0.00182,0.00017,7e-05,0,0,0,0,0,0,0,0,0,0,0,0,0,0.86899,0.28589,0,0,0.49043,0.07017,0.48935,0.49021,0.85063,0.77251,0.8213,0.54031,1.20385,0.56094,0.85967,0,0,0,0,0,0,0,0,0,0,0,0,0,0,0,0,0,0,0,0,0,0,0,0,0,0,0,0,0,0,0,0.54031,0.0063273,0.0021091,0.0063273,0.0021091,0.0063273,0.0021091,0.0063273,0.0021091
564,102075,1.17159,0.58557,0.85359,0,0,0,0,0,0,0.11233,0.00182,0.00015,1e-05,0,0,0,0,0,0,0,0,0,0,0,0,0,0.84178,0.28408,0,0,0.49038,0.07006,0.48922,0.4903,0.85058,0.77327,0.82242,0.54051,1.20242,0.56058,0.85955,0,0,0,0,0,0,0,0,0,0,0,0,0,0,0,0,0,0,0,0,0,0,0,0,0,0,0,0,0,0,0,0.54051,0.00628046,0.00209349,0.00628046,0.00209349,0.00628046,0.00209349,0.00628046,0.00209349
565,102265,1.17358,0.58378,0.85364,0,0,0,0,0,0,0.11098,0.00181,0.00021,0,0,0,0,0,0,0,0,0,0,0,0,0,0,0.90231,0.29034,0,0,0.49033,0.07011,0.4891,0.49024,0.85216,0.77351,0.82251,0.54092,1.20254,0.56015,0.85945,0,0,0,0,0,0,0,0,0,0,0,0,0,0,0,0,0,0,0,0,0,0,0,0,0,0,0,0,0,0,0,0.54092,0.00623376,0.00207792,0.00623376,0.00207792,0.00623376,0.00207792,0.00623376,0.00207792
566,102442,1.16589,0.58365,0.85069,0,0,0,0,0,0,0.11155,0.00181,0.00024,0,0,0,0,0,0,0,0,0,0,0,0,0,0,0.91618,0.28723,0,0,0.49037,0.0701,0.48921,0.49027,0.85437,0.77246,0.82248,0.54143,1.2016,0.5596,0.85926,0,0,0,0,0,0,0,0,0,0,0,0,0,0,0,0,0,0,0,0,0,0,0,0,0,0,0,0,0,0,0,0.54143,0.00618719,0.0020624,0.00618719,0.0020624,0.00618719,0.0020624,0.00618719,0.0020624
567,102612,1.17637,0.58807,0.85064,0,0,0,0,0,0,0.11194,0.0018,0.0002,2e-05,0,0,0,0,0,0,0,0,0,0,0,0,0,0.90244,0.2853,0,0,0.49047,0.07011,0.48957,0.49039,0.85018,0.77474,0.8229,0.54151,1.20121,0.55898,0.85919,0,0,0,0,0,0,0,0,0,0,0,0,0,0,0,0,0,0,0,0,0,0,0,0,0,0,0,0,0,0,0,0.54151,0.00614077,0.00204692,0.00614077,0.00204692,0.00614077,0.00204692,0.00614077,0.00204692
568,102803,1.16691,0.58305,0.8501,0,0,0,0,0,0,0.10953,0.00181,0.00018,1e-05,0,0,0,0,0,0,0,0,0,0,0,0,0,0.90119,0.28515,0,0,0.49045,0.07012,0.48919,0.49038,0.85104,0.77465,0.82298,0.54192,1.20075,0.55891,0.85906,0,0,0,0,0,0,0,0,0,0,0,0,0,0,0,0,0,0,0,0,0,0,0,0,0,0,0,0,0,0,0,0.54192,0.00609448,0.00203149,0.00609448,0.00203149,0.00609448,0.00203149,0.00609448,0.00203149
569,102980,1.17595,0.58499,0.85116,0,0,0,0,0,0,0.11147,0.0018,0.00021,0,0,0,0,0,0,0,0,0,0,0,0,0,0,0.88506,0.28758,0,0,0.49056,0.07022,0.48983,0.49047,0.85031,0.77522,0.82378,0.54209,1.20043,0.5588,0.85901,0,0,0,0,0,0,0,0,0,0,0,0,0,0,0,0,0,0,0,0,0,0,0,0,0,0,0,0,0,0,0,0.54209,0.00604833,0.00201611,0.00604833,0.00201611,0.00604833,0.00201611,0.00604833,0.00201611
570,103153,1.16712,0.58481,0.85111,0,0,0,0,0,0,0.11033,0.00181,0.0002,0,0,0,0,0,0,0,0,0,0,0,0,0,0,0.97988,0.28815,0,0,0.49045,0.07014,0.4894,0.49037,0.8529,0.77545,0.82411,0.54241,1.19987,0.55814,0.85881,0,0,0,0,0,0,0,0,0,0,0,0,0,0,0,0,0,0,0,0,0,0,0,0,0,0,0,0,0,0,0,0.54241,0.00600232,0.00200077,0.00600232,0.00200077,0.00600232,0.00200077,0.00600232,0.00200077
571,103346,1.16293,0.58102,0.84985,0,0,0,0,0,0,0.11045,0.00179,0.0002,0,0,0,0,0,0,0,0,0,0,0,0,0,0,0.93227,0.28391,0,0,0.49041,0.07012,0.48938,0.49032,0.85115,0.7754,0.82435,0.54287,1.1989,0.55826,0.85847,0,0,0,0,0,0,0,0,0,0,0,0,0,0,0,0,0,0,0,0,0,0,0,0,0,0,0,0,0,0,0,0.54287,0.00595645,0.00198548,0.00595645,0.00198548,0.00595645,0.00198548,0.00595645,0.00198548
572,103525,1.15723,0.57852,0.84971,0,0,0,0,0,0,0.11088,0.0018,0.00015,0,0,0,0,0,0,0,0,0,0,0,0,0,0,0.94199,0.28579,0,0,0.49026,0.07002,0.48954,0.49017,0.84928,0.77586,0.8242,0.54283,1.19866,0.55797,0.85854,0,0,0,0,0,0,0,0,0,0,0,0,0,0,0,0,0,0,0,0,0,0,0,0,0,0,0,0,0,0,0,0.54283,0.00591073,0.00197024,0.00591073,0.00197024,0.00591073,0.00197024,0.00591073,0.00197024
573,103700,1.16819,0.58396,0.85178,0,0,0,0,0,0,0.11042,0.00179,0.00017,0,0,0,0,0,0,0,0,0,0,0,0,0,0,0.9198,0.28338,0,0,0.49038,0.07014,0.48945,0.49029,0.84937,0.77583,0.8243,0.54308,1.19886,0.55749,0.8587,0,0,0,0,0,0,0,0,0,0,0,0,0,0,0,0,0,0,0,0,0,0,0,0,0,0,0,0,0,0,0,0.54308,0.00586515,0.00195505,0.00586515,0.00195505,0.00586515,0.00195505,0.00586515,0.00195505
574,103896,1.16504,0.58096,0.8504,0,0,0,0,0,0,0.1098,0.00179,0.00025,0,0,0,0,0,0,0,0,0,0,0,0,0,0,0.91932,0.28298,0,0,0.4904,0.07012,0.48914,0.49031,0.85131,0.77608,0.82487,0.5435,1.19767,0.55719,0.85852,0,0,0,0,0,0,0,0,0,0,0,0,0,0,0,0,0,0,0,0,0,0,0,0,0,0,0,0,0,0,0,0.5435,0.00581971,0.0019399,0.00581971,0.0019399,0.00581971,0.0019399,0.00581971,0.0019399
575,104059,1.15664,0.57574,0.85023,0,0,0,0,0,0,0.1106,0.00178,0.00019,0,0,0,0,0,0,0,0,0,0,0,0,0,0,0.95018,0.28179,0,0,0.4904,0.07016,0.48956,0.49031,0.85218,0.77552,0.82517,0.54395,1.1971,0.55699,0.85833,0,0,0,0,0,0,0,0,0,0,0,0,0,0,0,0,0,0,0,0,0,0,0,0,0,0,0,0,0,0,0,0.54395,0.00577441,0.0019248,0.00577441,0.0019248,0.00577441,0.0019248,0.00577441,0.0019248
576,104214,1.16238,0.58104,0.84988,0,0,0,0,0,0,0.11128,0.00179,0.00017,4e-05,0,0,0,0,0,0,0,0,0,0,0,0,0,0.99152,0.28383,0,0,0.49059,0.07023,0.48994,0.4905,0.85286,0.77552,0.82539,0.54402,1.19747,0.55674,0.85833,0,0,0,0,0,0,0,0,0,0,0,0,0,0,0,0,0,0,0,0,0,0,0,0,0,0,0,0,0,0,0,0.54402,0.00572926,0.00190975,0.00572926,0.00190975,0.00572926,0.00190975,0.00572926,0.00190975
577,104380,1.16338,0.5773,0.8482,0,0,0,0,0,0,0.1105,0.00179,0.00022,0,0,0,0,0,0,0,0,0,0,0,0,0,0,0.91537,0.28202,0,0,0.49055,0.07018,0.48954,0.49046,0.85407,0.77543,0.82522,0.54399,1.19685,0.55619,0.85826,0,0,0,0,0,0,0,0,0,0,0,0,0,0,0,0,0,0,0,0,0,0,0,0,0,0,0,0,0,0,0,0.54399,0.00568425,0.00189475,0.00568425,0.00189475,0.00568425,0.00189475,0.00568425,0.00189475
578,104534,1.15254,0.57438,0.84942,0,0,0,0,0,0,0.10931,0.00178,0.00018,0,0,0,0,0,0,0,0,0,0,0,0,0,0,0.87108,0.28201,0,0,0.49044,0.07011,0.48967,0.49021,0.84752,0.77788,0.82577,0.54475,1.19504,0.55558,0.85804,0,0,0,0,0,0,0,0,0,0,0,0,0,0,0,0,0,0,0,0,0,0,0,0,0,0,0,0,0,0,0,0.54475,0.00563939,0.0018798,0.00563939,0.0018798,0.00563939,0.0018798,0.00563939,0.0018798
579,104687,1.15843,0.57363,0.84625,0,0,0,0,0,0,0.11028,0.00179,0.00022,3e-05,0,0,0,0,0,0,0,0,0,0,0,0,0,0.85569,0.28241,0,0,0.4905,0.0702,0.48924,0.4904,0.8537,0.77593,0.8261,0.54464,1.19427,0.55469,0.85795,0,0,0,0,0,0,0,0,0,0,0,0,0,0,0,0,0,0,0,0,0,0,0,0,0,0,0,0,0,0,0,0.54464,0.00559468,0.00186489,0.00559468,0.00186489,0.00559468,0.00186489,0.00559468,0.00186489
580,104852,1.15362,0.57527,0.84965,0,0,0,0,0,0,0.10999,0.00178,0.00015,0,0,0,0,0,0,0,0,0,0,0,0,0,0,0.84454,0.28206,0,0,0.49037,0.07011,0.48997,0.49027,0.85518,0.77609,0.82656,0.54518,1.19446,0.55479,0.85788,0,0,0,0,0,0,0,0,0,0,0,0,0,0,0,0,0,0,0,0,0,0,0,0,0,0,0,0,0,0,0,0.54518,0.00555011,0.00185004,0.00555011,0.00185004,0.00555011,0.00185004,0.00555011,0.00185004
581,105004,1.15602,0.57175,0.84715,0,0,0,0,0,0,0.10998,0.00178,0.00021,0,0,0,0,0,0,0,0,0,0,0,0,0,0,0.83433,0.28054,0,0,0.49046,0.07013,0.48931,0.49036,0.85658,0.77533,0.82696,0.54535,1.19366,0.55467,0.85775,0,0,0,0,0,0,0,0,0,0,0,0,0,0,0,0,0,0,0,0,0,0,0,0,0,0,0,0,0,0,0,0.54535,0.0055057,0.00183523,0.0055057,0.00183523,0.0055057,0.00183523,0.0055057,0.00183523
582,105155,1.15191,0.57188,0.84634,0,0,0,0,0,0,0.11015,0.00178,0.00015,0,0,0,0,0,0,0,0,0,0,0,0,0,0,0.84337,0.28096,0,0,0.49044,0.07011,0.48942,0.49036,0.85161,0.77811,0.82647,0.54589,1.19294,0.55433,0.85769,0,0,0,0,0,0,0,0,0,0,0,0,0,0,0,0,0,0,0,0,0,0,0,0,0,0,0,0,0,0,0,0.54589,0.00546143,0.00182048,0.00546143,0.00182048,0.00546143,0.00182048,0.00546143,0.00182048
583,105316,1.1424,0.57013,0.84686,0,0,0,0,0,0,0.10926,0.00177,0.00016,0,0,0,0,0,0,0,0,0,0,0,0,0,0,0.86232,0.2818,0,0,0.49047,0.07018,0.48915,0.4904,0.8557,0.77752,0.82685,0.54614,1.19078,0.55383,0.85735,0,0,0,0,0,0,0,0,0,0,0,0,0,0,0,0,0,0,0,0,0,0,0,0,0,0,0,0,0,0,0,0.54614,0.00541731,0.00180577,0.00541731,0.00180577,0.00541731,0.00180577,0.00541731,0.00180577
584,105471,1.15307,0.57186,0.84646,0,0,0,0,0,0,0.10905,0.00177,0.00015,0,0,0,0,0,0,0,0,0,0,0,0,0,0,0.86327,0.28151,0,0,0.49049,0.0702,0.48922,0.49041,0.85624,0.77499,0.82645,0.54625,1.19068,0.55365,0.85722,0,0,0,0,0,0,0,0,0,0,0,0,0,0,0,0,0,0,0,0,0,0,0,0,0,0,0,0,0,0,0,0.54625,0.00537334,0.00179111,0.00537334,0.00179111,0.00537334,0.00179111,0.00537334,0.00179111
585,105621,1.14768,0.57115,0.84774,0,0,0,0,0,0,0.10861,0.00177,0.00021,2e-05,0,0,0,0,0,0,0,0,0,0,0,0,0,0.83242,0.28048,0,0,0.49054,0.07021,0.48958,0.49044,0.85496,0.7769,0.82688,0.54614,1.19256,0.55349,0.85731,0,0,0,0,0,0,0,0,0,0,0,0,0,0,0,0,0,0,0,0,0,0,0,0,0,0,0,0,0,0,0,0.54614,0.00532952,0.00177651,0.00532952,0.00177651,0.00532952,0.00177651,0.00532952,0.00177651
586,105780,1.14171,0.56917,0.85019,0,0,0,0,0,0,0.10932,0.00177,0.00016,0,0,0,0,0,0,0,0,0,0,0,0,0,0,0.86676,0.28213,0,0,0.49052,0.07019,0.48958,0.49042,0.85521,0.77534,0.8271,0.54631,1.19304,0.55335,0.85733,0,0,0,0,0,0,0,0,0,0,0,0,0,0,0,0,0,0,0,0,0,0,0,0,0,0,0,0,0,0,0,0.54631,0.00528585,0.00176195,0.00528585,0.00176195,0.00528585,0.00176195,0.00528585,0.00176195
587,105939,1.13945,0.56361,0.84429,0,0,0,0,0,0,0.11018,0.00177,0.00016,1e-05,0,0,0,0,0,0,0,0,0,0,0,0,0,0.95377,0.28144,0,0,0.49055,0.07021,0.48932,0.49046,0.8572,0.77487,0.82714,0.54667,1.19305,0.55303,0.85725,0,0,0,0,0,0,0,0,0,0,0,0,0,0,0,0,0,0,0,0,0,0,0,0,0,0,0,0,0,0,0,0.54667,0.00524234,0.00174745,0.00524234,0.00174745,0.00524234,0.00174745,0.00524234,0.00174745
588,106087,1.13645,0.56541,0.84487,0,0,0,0,0,0,0.10669,0.00176,0.00018,0,0,0,0,0,0,0,0,0,0,0,0,0,0,0.96457,0.28252,0,0,0.49056,0.07021,0.48876,0.49048,0.85568,0.77544,0.8274,0.54694,1.1926,0.5528,0.85706,0,0,0,0,0,0,0,0,0,0,0,0,0,0,0,0,0,0,0,0,0,0,0,0,0,0,0,0,0,0,0,0.54694,0.00519897,0.00173299,0.00519897,0.00173299,0.00519897,0.00173299,0.00519897,0.00173299
589,106249,1.1364,0.56491,0.84584,0,0,0,0,0,0,0.10848,0.00177,0.00019,0,0,0,0,0,0,0,0,0,0,0,0,0,0,0.93514,0.28218,0,0,0.49056,0.07024,0.48887,0.4905,0.85689,0.77513,0.82756,0.54709,1.19158,0.55239,0.85696,0,0,0,0,0,0,0,0,0,0,0,0,0,0,0,0,0,0,0,0,0,0,0,0,0,0,0,0,0,0,0,0.54709,0.00515576,0.00171859,0.00515576,0.00171859,0.00515576,0.00171859,0.00515576,0.00171859
590,106408,1.13928,0.56337,0.84323,0,0,0,0,0,0,0.10844,0.00176,0.00017,0,0,0,0,0,0,0,0,0,0,0,0,0,0,0.91558,0.28136,0,0,0.4905,0.07022,0.49011,0.4904,0.85647,0.77602,0.82759,0.54724,1.19106,0.55194,0.85689,0,0,0,0,0,0,0,0,0,0,0,0,0,0,0,0,0,0,0,0,0,0,0,0,0,0,0,0,0,0,0,0.54724,0.00511271,0.00170424,0.00511271,0.00170424,0.00511271,0.00170424,0.00511271,0.00170424
591,106555,1.13799,0.56535,0.84397,0,0,0,0,0,0,0.10768,0.00176,0.00027,0,0,0,0,0,0,0,0,0,0,0,0,0,0,0.88465,0.28066,0,0,0.49044,0.07016,0.48917,0.49036,0.85545,0.7767,0.82783,0.54743,1.19014,0.55167,0.85669,0,0,0,0,0,0,0,0,0,0,0,0,0,0,0,0,0,0,0,0,0,0,0,0,0,0,0,0,0,0,0,0.54743,0.00506981,0.00168994,0.00506981,0.00168994,0.00506981,0.00168994,0.00506981,0.00168994
592,106716,1.13781,0.56876,0.84723,0,0,0,0,0,0,0.10817,0.00175,0.00016,3e-05,0,0,0,0,0,0,0,0,0,0,0,0,0,0.89886,0.28131,0,0,0.49047,0.07014,0.48907,0.49038,0.85463,0.77709,0.82767,0.54808,1.18993,0.5519,0.85666,0,0,0,0,0,0,0,0,0,0,0,0,0,0,0,0,0,0,0,0,0,0,0,0,0,0,0,0,0,0,0,0.54808,0.00502706,0.00167569,0.00502706,0.00167569,0.00502706,0.00167569,0.00502706,0.00167569
593,106875,1.13454,0.56198,0.84773,0,0,0,0,0,0,0.10768,0.00175,0.00024,1e-05,0,0,0,0,0,0,0,0,0,0,0,0,0,0.86491,0.27964,0,0,0.4904,0.07012,0.48953,0.49031,0.85463,0.77798,0.82812,0.54865,1.18964,0.55179,0.85661,0,0,0,0,0,0,0,0,0,0,0,0,0,0,0,0,0,0,0,0,0,0,0,0,0,0,0,0,0,0,0,0.54865,0.00498448,0.00166149,0.00498448,0.00166149,0.00498448,0.00166149,0.00498448,0.00166149
594,107019,1.13245,0.56648,0.84571,0,0,0,0,0,0,0.10802,0.00174,0.00015,0,0,0,0,0,0,0,0,0,0,0,0,0,0,0.85463,0.27752,0,0,0.49046,0.07018,0.48837,0.49025,0.85651,0.77798,0.82834,0.5482,1.18902,0.55116,0.85655,0,0,0,0,0,0,0,0,0,0,0,0,0,0,0,0,0,0,0,0,0,0,0,0,0,0,0,0,0,0,0,0.5482,0.00494204,0.00164735,0.00494204,0.00164735,0.00494204,0.00164735,0.00494204,0.00164735
595,107179,1.13639,0.5661,0.84498,0,0,0,0,0,0,0.10818,0.00175,0.00013,0,0,0,0,0,0,0,0,0,0,0,0,0,0,0.89053,0.27587,0,0,0.49036,0.07014,0.48934,0.49028,0.85604,0.77816,0.8287,0.54863,1.18789,0.55076,0.85642,0,0,0,0,0,0,0,0,0,0,0,0,0,0,0,0,0,0,0,0,0,0,0,0,0,0,0,0,0,0,0,0.54863,0.00489977,0.00163326,0.00489977,0.00163326,0.00489977,0.00163326,0.00489977,0.00163326
596,107338,1.13412,0.56677,0.84352,0,0,0,0,0,0,0.10737,0.00175,0.00015,2e-05,0,0,0,0,0,0,0,0,0,0,0,0,0,0.88782,0.27681,0,0,0.49034,0.0701,0.48947,0.49025,0.86093,0.77667,0.82898,0.54935,1.18649,0.55037,0.85622,0,0,0,0,0,0,0,0,0,0,0,0,0,0,0,0,0,0,0,0,0,0,0,0,0,0,0,0,0,0,0,0.54935,0.00485765,0.00161922,0.00485765,0.00161922,0.00485765,0.00161922,0.00485765,0.00161922
597,107487,1.13029,0.56207,0.84532,0,0,0,0,0,0,0.10769,0.00174,0.00023,0,0,0,0,0,0,0,0,0,0,0,0,0,0,0.91597,0.27669,0,0,0.49052,0.07016,0.48858,0.49043,0.85984,0.77829,0.82937,0.54977,1.18622,0.55009,0.85607,0,0,0,0,0,0,0,0,0,0,0,0,0,0,0,0,0,0,0,0,0,0,0,0,0,0,0,0,0,0,0,0.54977,0.00481569,0.00160523,0.00481569,0.00160523,0.00481569,0.00160523,0.00481569,0.00160523
598,107646,1.12512,0.562,0.84597,0,0,0,0,0,0,0.10785,0.00174,0.00016,0,0,0,0,0,0,0,0,0,0,0,0,0,0,0.89511,0.27497,0,0,0.49038,0.07019,0.48849,0.49018,0.86074,0.77757,0.82949,0.55003,1.18535,0.54943,0.85594,0,0,0,0,0,0,0,0,0,0,0,0,0,0,0,0,0,0,0,0,0,0,0,0,0,0,0,0,0,0,0,0.55003,0.0047739,0.0015913,0.0047739,0.0015913,0.0047739,0.0015913,0.0047739,0.0015913
599,107803,1.12104,0.5587,0.84398,0,0,0,0,0,0,0.10708,0.00174,0.00014,0,0,0,0,0,0,0,0,0,0,0,0,0,0,0.87533,0.275,0,0,0.49041,0.07009,0.48993,0.49033,0.8567,0.77978,0.82984,0.5501,1.18481,0.54912,0.85592,0,0,0,0,0,0,0,0,0,0,0,0,0,0,0,0,0,0,0,0,0,0,0,0,0,0,0,0,0,0,0,0.5501,0.00473226,0.00157742,0.00473226,0.00157742,0.00473226,0.00157742,0.00473226,0.00157742
600,107955,1.11815,0.55854,0.84183,0,0,0,0,0,0,0.10705,0.00174,0.00017,0,0,0,0,0,0,0,0,0,0,0,0,0,0,0.8665,0.27738,0,0,0.49042,0.07014,0.48902,0.49032,0.8576,0.77923,0.83018,0.55033,1.18435,0.54866,0.8559,0,0,0,0,0,0,0,0,0,0,0,0,0,0,0,0,0,0,0,0,0,0,0,0,0,0,0,0,0,0,0,0.55033,0.00469078,0.00156359,0.00469078,0.00156359,0.00469078,0.00156359,0.00469078,0.00156359
601,108116,1.12498,0.55979,0.84546,0,0,0,0,0,0,0.10811,0.00174,0.00018,0,0,0,0,0,0,0,0,0,0,0,0,0,0,0.83737,0.27649,0,0,0.49037,0.07008,0.48907,0.49029,0.85642,0.78022,0.83031,0.55113,1.1842,0.54884,0.85587,0,0,0,0,0,0,0,0,0,0,0,0,0,0,0,0,0,0,0,0,0,0,0,0,0,0,0,0,0,0,0,0.55113,0.00464946,0.00154982,0.00464946,0.00154982,0.00464946,0.00154982,0.00464946,0.00154982
602,108273,1.11925,0.55686,0.84469,0,0,0,0,0,0,0.10725,0.00174,0.00018,5e-05,0,0,0,0,0,0,0,0,0,0,0,0,0,0.87576,0.27381,0,0,0.49048,0.07016,0.48877,0.49027,0.85829,0.77957,0.83092,0.55113,1.18368,0.54837,0.85571,0,0,0,0,0,0,0,0,0,0,0,0,0,0,0,0,0,0,0,0,0,0,0,0,0,0,0,0,0,0,0,0.55113,0.00460831,0.0015361,0.00460831,0.0015361,0.00460831,0.0015361,0.00460831,0.0015361
603,108424,1.11634,0.55408,0.84319,0,0,0,0,0,0,0.10626,0.00173,0.00026,0,0,0,0,0,0,0,0,0,0,0,0,0,0,0.92645,0.27371,0,0,0.49043,0.07015,0.48891,0.49034,0.8552,0.78188,0.83133,0.55155,1.18275,0.54828,0.85568,0,0,0,0,0,0,0,0,0,0,0,0,0,0,0,0,0,0,0,0,0,0,0,0,0,0,0,0,0,0,0,0.55155,0.00456732,0.00152244,0.00456732,0.00152244,0.00456732,0.00152244,0.00456732,0.00152244
604,108573,1.1133,0.55242,0.84263,0,0,0,0,0,0,0.10802,0.00173,0.0002,0,0,0,0,0,0,0,0,0,0,0,0,0,0,0.92385,0.27464,0,0,0.4905,0.07027,0.48931,0.49041,0.85612,0.78283,0.83227,0.55164,1.18311,0.54804,0.85572,0,0,0,0,0,0,0,0,0,0,0,0,0,0,0,0,0,0,0,0,0,0,0,0,0,0,0,0,0,0,0,0.55164,0.00452649,0.00150883,0.00452649,0.00150883,0.00452649,0.00150883,0.00452649,0.00150883
605,108711,1.12134,0.55651,0.84291,0,0,0,0,0,0,0.10706,0.00173,0.00025,2e-05,0,0,0,0,0,0,0,0,0,0,0,0,0,0.91585,0.2735,0,0,0.49041,0.07018,0.48917,0.49032,0.85628,0.78337,0.83244,0.55159,1.18295,0.54786,0.85572,0,0,0,0,0,0,0,0,0,0,0,0,0,0,0,0,0,0,0,0,0,0,0,0,0,0,0,0,0,0,0,0.55159,0.00448582,0.00149527,0.00448582,0.00149527,0.00448582,0.00149527,0.00448582,0.00149527
606,108844,1.10933,0.55034,0.84136,0,0,0,0,0,0,0.10637,0.00173,0.00024,1e-05,0,0,0,0,0,0,0,0,0,0,0,0,0,0.85156,0.27291,0,0,0.49036,0.07009,0.48931,0.49026,0.85536,0.78487,0.83299,0.55207,1.18288,0.54738,0.85564,0,0,0,0,0,0,0,0,0,0,0,0,0,0,0,0,0,0,0,0,0,0,0,0,0,0,0,0,0,0,0,0.55207,0.00444532,0.00148177,0.00444532,0.00148177,0.00444532,0.00148177,0.00444532,0.00148177
607,108977,1.11409,0.55395,0.84222,0,0,0,0,0,0,0.10665,0.00172,0.00022,1e-05,0,0,0,0,0,0,0,0,0,0,0,0,0,0.84949,0.27121,0,0,0.49045,0.07011,0.48897,0.49037,0.85534,0.78518,0.83304,0.5521,1.18275,0.54727,0.85567,0,0,0,0,0,0,0,0,0,0,0,0,0,0,0,0,0,0,0,0,0,0,0,0,0,0,0,0,0,0,0,0.5521,0.00440499,0.00146833,0.00440499,0.00146833,0.00440499,0.00146833,0.00440499,0.00146833
608,109112,1.10965,0.55088,0.84089,0,0,0,0,0,0,0.10574,0.00172,0.00016,0,0,0,0,0,0,0,0,0,0,0,0,0,0,0.86284,0.27079,0,0,0.49044,0.07019,0.48887,0.49037,0.85541,0.78612,0.83343,0.55218,1.18245,0.54672,0.85568,0,0,0,0,0,0,0,0,0,0,0,0,0,0,0,0,0,0,0,0,0,0,0,0,0,0,0,0,0,0,0,0.55218,0.00436482,0.00145494,0.00436482,0.00145494,0.00436482,0.00145494,0.00436482,0.00145494
609,109247,1.10834,0.55175,0.84091,0,0,0,0,0,0,0.10526,0.00172,0.00024,1e-05,0,0,0,0,0,0,0,0,0,0,0,0,0,0.83599,0.26909,0,0,0.49045,0.07016,0.48774,0.49038,0.85729,0.78505,0.83299,0.55201,1.18295,0.54693,0.85558,0,0,0,0,0,0,0,0,0,0,0,0,0,0,0,0,0,0,0,0,0,0,0,0,0,0,0,0,0,0,0,0.55201,0.00432482,0.00144161,0.00432482,0.00144161,0.00432482,0.00144161,0.00432482,0.00144161
610,109381,1.10718,0.54853,0.84125,0,0,0,0,0,0,0.10513,0.00171,0.00024,3e-05,0,0,0,0,0,0,0,0,0,0,0,0,0,0.79076,0.26737,0,0,0.49051,0.07023,0.48791,0.49042,0.8582,0.78575,0.83384,0.5528,1.18222,0.54633,0.85557,0,0,0,0,0,0,0,0,0,0,0,0,0,0,0,0,0,0,0,0,0,0,0,0,0,0,0,0,0,0,0,0.5528,0.00428498,0.00142833,0.00428498,0.00142833,0.00428498,0.00142833,0.00428498,0.00142833
611,109516,1.10795,0.55108,0.84183,0,0,0,0,0,0,0.10441,0.00172,0.00025,3e-05,0,0,0,0,0,0,0,0,0,0,0,0,0,0.77875,0.26807,0,0,0.49038,0.07011,0.48905,0.4903,0.8592,0.78444,0.83404,0.55288,1.18118,0.54605,0.85555,0,0,0,0,0,0,0,0,0,0,0,0,0,0,0,0,0,0,0,0,0,0,0,0,0,0,0,0,0,0,0,0.55288,0.00424531,0.0014151,0.00424531,0.0014151,0.00424531,0.0014151,0.00424531,0.0014151
612,109652,1.10577,0.55197,0.84099,0,0,0,0,0,0,0.10769,0.00172,0.0002,3e-05,0,0,0,0,0,0,0,0,0,0,0,0,0,0.78184,0.26489,0,0,0.4905,0.07027,0.48941,0.49041,0.85853,0.78353,0.83404,0.55349,1.18078,0.5458,0.85557,0,0,0,0,0,0,0,0,0,0,0,0,0,0,0,0,0,0,0,0,0,0,0,0,0,0,0,0,0,0,0,0.55349,0.00420581,0.00140194,0.00420581,0.00140194,0.00420581,0.00140194,0.00420581,0.00140194
613,109786,1.11213,0.55028,0.84385,0,0,0,0,0,0,0.10656,0.00171,0.0002,0,0,0,0,0,0,0,0,0,0,0,0,0,0,0.81461,0.26465,0,0,0.49042,0.07012,0.48935,0.49022,0.85898,0.78435,0.83377,0.55353,1.18037,0.54543,0.85541,0,0,0,0,0,0,0,0,0,0,0,0,0,0,0,0,0,0,0,0,0,0,0,0,0,0,0,0,0,0,0,0.55353,0.00416648,0.00138883,0.00416648,0.00138883,0.00416648,0.00138883,0.00416648,0.00138883
614,109921,1.10759,0.54942,0.84252,0,0,0,0,0,0,0.10646,0.00171,0.00017,0,0,0,0,0,0,0,0,0,0,0,0,0,0,0.78755,0.26289,0,0,0.49053,0.07021,0.48978,0.49043,0.85882,0.78507,0.83398,0.55373,1.18017,0.54516,0.85546,0,0,0,0,0,0,0,0,0,0,0,0,0,0,0,0,0,0,0,0,0,0,0,0,0,0,0,0,0,0,0,0.55373,0.00412732,0.00137577,0.00412732,0.00137577,0.00412732,0.00137577,0.00412732,0.00137577
615,110055,1.10286,0.54907,0.84012,0,0,0,0,0,0,0.10565,0.00171,0.00025,1e-05,0,0,0,0,0,0,0,0,0,0,0,0,0,0.80746,0.26468,0,0,0.49035,0.07009,0.48929,0.49026,0.85765,0.78622,0.83471,0.55401,1.17996,0.54532,0.8554,0,0,0,0,0,0,0,0,0,0,0,0,0,0,0,0,0,0,0,0,0,0,0,0,0,0,0,0,0,0,0,0.55401,0.00408832,0.00136277,0.00408832,0.00136277,0.00408832,0.00136277,0.00408832,0.00136277
616,110190,1.10319,0.5491,0.84054,0,0,0,0,0,0,0.10512,0.0017,0.00028,0,0,0,0,0,0,0,0,0,0,0,0,0,0,0.81667,0.26688,0,0,0.49049,0.0702,0.48894,0.4904,0.85694,0.78687,0.83513,0.55391,1.18041,0.54506,0.85542,0,0,0,0,0,0,0,0,0,0,0,0,0,0,0,0,0,0,0,0,0,0,0,0,0,0,0,0,0,0,0,0.55391,0.0040495,0.00134983,0.0040495,0.00134983,0.0040495,0.00134983,0.0040495,0.00134983
617,110329,1.09806,0.54624,0.83998,0,0,0,0,0,0,0.10427,0.00171,0.00017,0,0,0,0,0,0,0,0,0,0,0,0,0,0,0.81532,0.26414,0,0,0.4904,0.07011,0.48909,0.49031,0.85831,0.78669,0.83578,0.55427,1.18082,0.54475,0.85555,0,0,0,0,0,0,0,0,0,0,0,0,0,0,0,0,0,0,0,0,0,0,0,0,0,0,0,0,0,0,0,0.55427,0.00401085,0.00133695,0.00401085,0.00133695,0.00401085,0.00133695,0.00401085,0.00133695
618,110462,1.1046,0.54768,0.841,0,0,0,0,0,0,0.10523,0.0017,0.00022,0,0,0,0,0,0,0,0,0,0,0,0,0,0,0.85007,0.26452,0,0,0.49047,0.07021,0.48953,0.49039,0.85618,0.78732,0.83529,0.55429,1.18074,0.5447,0.85554,0,0,0,0,0,0,0,0,0,0,0,0,0,0,0,0,0,0,0,0,0,0,0,0,0,0,0,0,0,0,0,0.55429,0.00397237,0.00132412,0.00397237,0.00132412,0.00397237,0.00132412,0.00397237,0.00132412
619,110596,1.09967,0.54476,0.83824,0,0,0,0,0,0,0.1055,0.00171,0.00024,1e-05,0,0,0,0,0,0,0,0,0,0,0,0,0,0.87401,0.26659,0,0,0.49038,0.0701,0.48946,0.49031,0.85775,0.78645,0.83468,0.55439,1.17907,0.54371,0.85532,0,0,0,0,0,0,0,0,0,0,0,0,0,0,0,0,0,0,0,0,0,0,0,0,0,0,0,0,0,0,0,0.55439,0.00393407,0.00131136,0.00393407,0.00131136,0.00393407,0.00131136,0.00393407,0.00131136
620,110734,1.09852,0.54751,0.83869,0,0,0,0,0,0,0.10562,0.0017,0.00014,5e-05,0,0,0,0,0,0,0,0,0,0,0,0,0,0.84212,0.26487,0,0,0.49057,0.07027,0.48976,0.49048,0.85566,0.78758,0.8349,0.55483,1.1786,0.54366,0.8553,0,0,0,0,0,0,0,0,0,0,0,0,0,0,0,0,0,0,0,0,0,0,0,0,0,0,0,0,0,0,0,0.55483,0.00389593,0.00129864,0.00389593,0.00129864,0.00389593,0.00129864,0.00389593,0.00129864
621,110868,1.10032,0.54462,0.83937,0,0,0,0,0,0,0.10398,0.00169,0.00018,0,0,0,0,0,0,0,0,0,0,0,0,0,0,0.83697,0.26543,0,0,0.49047,0.07018,0.48949,0.49038,0.85951,0.78548,0.83496,0.55517,1.17796,0.54349,0.85518,0,0,0,0,0,0,0,0,0,0,0,0,0,0,0,0,0,0,0,0,0,0,0,0,0,0,0,0,0,0,0,0.55517,0.00385797,0.00128599,0.00385797,0.00128599,0.00385797,0.00128599,0.00385797,0.00128599
622,111002,1.09255,0.54256,0.83905,0,0,0,0,0,0,0.10399,0.00169,0.00015,0,0,0,0,0,0,0,0,0,0,0,0,0,0,0.82693,0.26276,0,0,0.49039,0.07009,0.48941,0.49029,0.85628,0.78627,0.8345,0.55525,1.17754,0.54274,0.85515,0,0,0,0,0,0,0,0,0,0,0,0,0,0,0,0,0,0,0,0,0,0,0,0,0,0,0,0,0,0,0,0.55525,0.00382019,0.0012734,0.00382019,0.0012734,0.00382019,0.0012734,0.00382019,0.0012734
623,111138,1.09424,0.54338,0.83841,0,0,0,0,0,0,0.10318,0.00169,0.00018,0,0,0,0,0,0,0,0,0,0,0,0,0,0,0.79403,0.26088,0,0,0.49048,0.07017,0.48907,0.49039,0.85926,0.78591,0.83453,0.55516,1.17697,0.54246,0.85512,0,0,0,0,0,0,0,0,0,0,0,0,0,0,0,0,0,0,0,0,0,0,0,0,0,0,0,0,0,0,0,0.55516,0.00378257,0.00126086,0.00378257,0.00126086,0.00378257,0.00126086,0.00378257,0.00126086
624,111270,1.09063,0.54368,0.83818,0,0,0,0,0,0,0.10505,0.00169,0.00015,0,0,0,0,0,0,0,0,0,0,0,0,0,0,0.83572,0.26267,0,0,0.4905,0.07023,0.48955,0.49041,0.85854,0.7855,0.83418,0.55518,1.17732,0.54242,0.85517,0,0,0,0,0,0,0,0,0,0,0,0,0,0,0,0,0,0,0,0,0,0,0,0,0,0,0,0,0,0,0,0.55518,0.00374514,0.00124838,0.00374514,0.00124838,0.00374514,0.00124838,0.00374514,0.00124838
