epoch,time,train/box_loss,train/cls_loss,train/dfl_loss,train/angle_loss,train/t_rec_loss,train/t_sep_loss,train/reach_match_loss,train/reach_rank_loss,train/task_loss,train/kd_loss,train/s_rec_loss,train/s_sep_loss,train/r_aux_loss,train/u_aux_loss,train/mask_reg_loss,train/recon_task_loss,train/rs_comp_loss,train/r_obb_loss,train/s_repel_loss,train/path_b_loss,train/r_sar_loss,train/dkd_loss,train/proto_cls_loss,train/d_pos_mean,train/d_neg_mean,train/rank_gap_mean,train/r_aux_fg_mean,train/r_aux_bg_mean,train/u_aux_fg_mean,train/u_aux_bg_mean,train/mask_mean,train/mask_std,train/mask_fg_mean,train/mask_bg_mean,metrics/precision(B),metrics/recall(B),metrics/mAP50(B),metrics/mAP50-95(B),val/box_loss,val/cls_loss,val/dfl_loss,val/angle_loss,val/t_rec_loss,val/t_sep_loss,val/reach_match_loss,val/reach_rank_loss,val/task_loss,val/kd_loss,val/s_rec_loss,val/s_sep_loss,val/r_aux_loss,val/u_aux_loss,val/mask_reg_loss,val/recon_task_loss,val/rs_comp_loss,val/r_obb_loss,val/s_repel_loss,val/path_b_loss,val/r_sar_loss,val/dkd_loss,val/proto_cls_loss,val/d_pos_mean,val/d_neg_mean,val/rank_gap_mean,val/r_aux_fg_mean,val/r_aux_bg_mean,val/u_aux_fg_mean,val/u_aux_bg_mean,val/mask_mean,val/mask_std,val/mask_fg_mean,val/mask_bg_mean,phase_stop_fitness,lr/pg0,lr/pg1,lr/pg2,lr/pg3,lr/pg4,lr/pg5,lr/pg6,lr/pg7
1,115.795,1.03156,0.51577,0.83562,0,0,0,0,0,0,3.8149,0.04968,0.00968,0.00048,0,0,0,0,0,0,0,0,0,0,0,0,0,0.57914,0.23515,0,0,0.50028,0.06347,0.4965,0.48781,0.8316,0.76891,0.81028,0.52679,1.22247,0.56006,0.86113,0,0,0,0,0,0,0,0,0,0,0,0,0,0,0,0,0,0,0,0,0,0,0,0,0,0,0,0,0,0,0,0.52679,0.003,0.001,0.003,0.001,0.003,0.001,0.003,0.001
2,214.245,1.08489,0.5358,0.84337,0,0,0,0,0,0,1.5019,0.04464,0.00838,0.00012,0,0,0,0,0,0,0,0,0,0,0,0,0,0.55054,0.23594,0,0,0.50028,0.06349,0.49801,0.4874,0.84115,0.76058,0.80633,0.51544,1.29421,0.59481,0.87537,0,0,0,0,0,0,0,0,0,0,0,0,0,0,0,0,0,0,0,0,0,0,0,0,0,0,0,0,0,0,0,0.51544,0.00299999,0.000999996,0.00299999,0.000999996,0.00299999,0.000999996,0.00299999,0.000999996
3,311.789,1.07217,0.53187,0.84024,0,0,0,0,0,0,1.1076,0.03924,0.00665,0.00022,0,0,0,0,0,0,0,0,0,0,0,0,0,0.53666,0.24486,0,0,0.5003,0.06349,0.49504,0.48556,0.83751,0.77028,0.81206,0.52036,1.25709,0.57719,0.87043,0,0,0,0,0,0,0,0,0,0,0,0,0,0,0,0,0,0,0,0,0,0,0,0,0,0,0,0,0,0,0,0.52036,0.00299995,0.000999985,0.00299995,0.000999985,0.00299995,0.000999985,0.00299995,0.000999985
4,410.459,1.09438,0.54201,0.84587,0,0,0,0,0,0,1.12938,0.03444,0.00529,9e-05,0,0,0,0,0,0,0,0,0,0,0,0,0,0.55212,0.2534,0,0,0.5004,0.06347,0.49483,0.48492,0.83966,0.76819,0.81047,0.52497,1.23242,0.55997,0.86521,0,0,0,0,0,0,0,0,0,0,0,0,0,0,0,0,0,0,0,0,0,0,0,0,0,0,0,0,0,0,0,0.52497,0.0029999,0.000999966,0.0029999,0.000999966,0.0029999,0.000999966,0.0029999,0.000999966
5,510.842,1.08434,0.5373,0.84161,0,0,0,0,0,0,1.17129,0.03053,0.0046,9e-05,0,0,0,0,0,0,0,0,0,0,0,0,0,0.56529,0.264,0,0,0.50019,0.06351,0.49574,0.48568,0.84256,0.77084,0.81217,0.52587,1.20889,0.57001,0.86291,0,0,0,0,0,0,0,0,0,0,0,0,0,0,0,0,0,0,0,0,0,0,0,0,0,0,0,0,0,0,0,0.52587,0.00299982,0.000999939,0.00299982,0.000999939,0.00299982,0.000999939,0.00299982,0.000999939
6,611.806,1.0818,0.53854,0.84361,0,0,0,0,0,0,1.15842,0.02773,0.00378,0.0003,0,0,0,0,0,0,0,0,0,0,0,0,0,0.57558,0.27245,0,0,0.50028,0.06343,0.49335,0.48428,0.84909,0.75456,0.80624,0.51619,1.27016,0.57117,0.871,0,0,0,0,0,0,0,0,0,0,0,0,0,0,0,0,0,0,0,0,0,0,0,0,0,0,0,0,0,0,0,0.51619,0.00299971,0.000999905,0.00299971,0.000999905,0.00299971,0.000999905,0.00299971,0.000999905
7,710.139,1.08977,0.54126,0.84278,0,0,0,0,0,0,1.03945,0.02487,0.00319,7e-05,0,0,0,0,0,0,0,0,0,0,0,0,0,0.59176,0.27587,0,0,0.50024,0.06354,0.49481,0.48478,0.84301,0.77129,0.81479,0.52446,1.23866,0.57113,0.86881,0,0,0,0,0,0,0,0,0,0,0,0,0,0,0,0,0,0,0,0,0,0,0,0,0,0,0,0,0,0,0,0.52446,0.00299959,0.000999863,0.00299959,0.000999863,0.00299959,0.000999863,0.00299959,0.000999863
8,809.383,1.08607,0.53811,0.84367,0,0,0,0,0,0,1.03619,0.02267,0.00265,5e-05,0,0,0,0,0,0,0,0,0,0,0,0,0,0.60946,0.28109,0,0,0.50032,0.06349,0.49748,0.48573,0.83297,0.76002,0.80079,0.51106,1.2508,0.57437,0.86746,0,0,0,0,0,0,0,0,0,0,0,0,0,0,0,0,0,0,0,0,0,0,0,0,0,0,0,0,0,0,0,0.51106,0.00299944,0.000999813,0.00299944,0.000999813,0.00299944,0.000999813,0.00299944,0.000999813
9,912.88,1.08917,0.53981,0.84464,0,0,0,0,0,0,0.94757,0.02112,0.0023,0.00019,0,0,0,0,0,0,0,0,0,0,0,0,0,0.6189,0.28334,0,0,0.50011,0.06339,0.49947,0.48695,0.83076,0.76518,0.80616,0.52031,1.24299,0.56783,0.8661,0,0,0,0,0,0,0,0,0,0,0,0,0,0,0,0,0,0,0,0,0,0,0,0,0,0,0,0,0,0,0,0.52031,0.00299927,0.000999756,0.00299927,0.000999756,0.00299927,0.000999756,0.00299927,0.000999756
10,1010.45,1.09795,0.54533,0.8438,0,0,0,0,0,0,1.12866,0.01905,0.00237,0.0001,0,0,0,0,0,0,0,0,0,0,0,0,0,0.6332,0.28698,0,0,0.50018,0.06343,0.49828,0.48632,0.83838,0.76354,0.80616,0.51334,1.25579,0.57225,0.8699,0,0,0,0,0,0,0,0,0,0,0,0,0,0,0,0,0,0,0,0,0,0,0,0,0,0,0,0,0,0,0,0.51334,0.00299907,0.000999691,0.00299907,0.000999691,0.00299907,0.000999691,0.00299907,0.000999691
11,1105.78,1.08409,0.53534,0.84362,0,0,0,0,0,0,0.91129,0.01772,0.00154,0.0001,0,0,0,0,0,0,0,0,0,0,0,0,0,0.63886,0.28831,0,0,0.50021,0.06341,0.49433,0.48447,0.82364,0.76307,0.80374,0.5121,1.27504,0.57995,0.87492,0,0,0,0,0,0,0,0,0,0,0,0,0,0,0,0,0,0,0,0,0,0,0,0,0,0,0,0,0,0,0,0.5121,0.00299886,0.000999618,0.00299886,0.000999618,0.00299886,0.000999618,0.00299886,0.000999618
12,1203.44,1.09066,0.54372,0.84674,0,0,0,0,0,0,1.0929,0.01582,0.00166,0.00012,0,0,0,0,0,0,0,0,0,0,0,0,0,0.64717,0.2887,0,0,0.50029,0.06343,0.49755,0.48551,0.83509,0.76581,0.80492,0.51441,1.25473,0.57219,0.869,0,0,0,0,0,0,0,0,0,0,0,0,0,0,0,0,0,0,0,0,0,0,0,0,0,0,0,0,0,0,0,0.51441,0.00299861,0.000999538,0.00299861,0.000999538,0.00299861,0.000999538,0.00299861,0.000999538
13,1303.48,1.09442,0.54342,0.84576,0,0,0,0,0,0,0.85492,0.01571,0.00144,9e-05,0,0,0,0,0,0,0,0,0,0,0,0,0,0.65205,0.28537,0,0,0.50029,0.06345,0.49119,0.48295,0.82764,0.76176,0.8037,0.51368,1.26817,0.58189,0.87274,0,0,0,0,0,0,0,0,0,0,0,0,0,0,0,0,0,0,0,0,0,0,0,0,0,0,0,0,0,0,0,0.51368,0.00299835,0.00099945,0.00299835,0.00099945,0.00299835,0.00099945,0.00299835,0.00099945
14,1399.98,1.11028,0.54673,0.8479,0,0,0,0,0,0,0.99698,0.014,0.00152,7e-05,0,0,0,0,0,0,0,0,0,0,0,0,0,0.66015,0.28704,0,0,0.50021,0.06351,0.49303,0.48312,0.80318,0.76943,0.80511,0.5143,1.26133,0.57904,0.87132,0,0,0,0,0,0,0,0,0,0,0,0,0,0,0,0,0,0,0,0,0,0,0,0,0,0,0,0,0,0,0,0.5143,0.00299807,0.000999355,0.00299807,0.000999355,0.00299807,0.000999355,0.00299807,0.000999355
15,1499.54,1.09456,0.54151,0.84481,0,0,0,0,0,0,0.89875,0.01386,0.00135,3e-05,0,0,0,0,0,0,0,0,0,0,0,0,0,0.66068,0.28471,0,0,0.50024,0.0635,0.49667,0.48734,0.835,0.76471,0.80623,0.52091,1.21651,0.56808,0.86164,0,0,0,0,0,0,0,0,0,0,0,0,0,0,0,0,0,0,0,0,0,0,0,0,0,0,0,0,0,0,0,0.52091,0.00299776,0.000999252,0.00299776,0.000999252,0.00299776,0.000999252,0.00299776,0.000999252
16,1596.87,1.09846,0.54333,0.84706,0,0,0,0,0,0,0.85622,0.01258,0.00116,0.00021,0,0,0,0,0,0,0,0,0,0,0,0,0,0.65267,0.28272,0,0,0.5002,0.06351,0.49655,0.48619,0.84154,0.76807,0.8094,0.52093,1.22369,0.56704,0.86366,0,0,0,0,0,0,0,0,0,0,0,0,0,0,0,0,0,0,0,0,0,0,0,0,0,0,0,0,0,0,0,0.52093,0.00299742,0.000999141,0.00299742,0.000999141,0.00299742,0.000999141,0.00299742,0.000999141
17,1692.73,1.09086,0.54083,0.84391,0,0,0,0,0,0,0.81705,0.01221,0.00117,2e-05,0,0,0,0,0,0,0,0,0,0,0,0,0,0.65146,0.28137,0,0,0.50028,0.06346,0.49247,0.48391,0.83073,0.77308,0.80853,0.51953,1.24626,0.56864,0.86693,0,0,0,0,0,0,0,0,0,0,0,0,0,0,0,0,0,0,0,0,0,0,0,0,0,0,0,0,0,0,0,0.51953,0.00299707,0.000999023,0.00299707,0.000999023,0.00299707,0.000999023,0.00299707,0.000999023
18,1838.63,1.0892,0.54366,0.84655,0,0,0,0,0,0,0.80541,0.01139,0.00121,2e-05,0,0,0,0,0,0,0,0,0,0,0,0,0,0.65678,0.28083,0,0,0.50019,0.06345,0.49489,0.48565,0.80483,0.77142,0.79934,0.51372,1.27375,0.57646,0.87266,0,0,0,0,0,0,0,0,0,0,0,0,0,0,0,0,0,0,0,0,0,0,0,0,0,0,0,0,0,0,0,0.51372,0.00299669,0.000998897,0.00299669,0.000998897,0.00299669,0.000998897,0.00299669,0.000998897
19,1936.47,1.09368,0.54084,0.84306,0,0,0,0,0,0,0.78253,0.01043,0.00126,0.00021,0,0,0,0,0,0,0,0,0,0,0,0,0,0.65779,0.27762,0,0,0.50029,0.06349,0.4924,0.48387,0.84327,0.7707,0.80878,0.52092,1.23123,0.56243,0.8653,0,0,0,0,0,0,0,0,0,0,0,0,0,0,0,0,0,0,0,0,0,0,0,0,0,0,0,0,0,0,0,0.52092,0.00299629,0.000998764,0.00299629,0.000998764,0.00299629,0.000998764,0.00299629,0.000998764
20,2034.66,1.09784,0.54493,0.84565,0,0,0,0,0,0,0.76265,0.01048,0.00132,0.00011,0,0,0,0,0,0,0,0,0,0,0,0,0,0.64992,0.2738,0,0,0.50018,0.06339,0.49634,0.48608,0.8291,0.76543,0.80154,0.5182,1.22842,0.56097,0.86572,0,0,0,0,0,0,0,0,0,0,0,0,0,0,0,0,0,0,0,0,0,0,0,0,0,0,0,0,0,0,0,0.5182,0.00299587,0.000998623,0.00299587,0.000998623,0.00299587,0.000998623,0.00299587,0.000998623
21,2131.85,1.09519,0.54316,0.84476,0,0,0,0,0,0,0.697,0.0099,0.00135,0,0,0,0,0,0,0,0,0,0,0,0,0,0,0.64754,0.27135,0,0,0.50026,0.0635,0.49497,0.48471,0.8259,0.77188,0.80942,0.52434,1.23591,0.56428,0.86628,0,0,0,0,0,0,0,0,0,0,0,0,0,0,0,0,0,0,0,0,0,0,0,0,0,0,0,0,0,0,0,0.52434,0.00299542,0.000998474,0.00299542,0.000998474,0.00299542,0.000998474,0.00299542,0.000998474
22,2232.84,1.09796,0.54415,0.84667,0,0,0,0,0,0,0.67605,0.00942,0.00084,1e-05,0,0,0,0,0,0,0,0,0,0,0,0,0,0.64036,0.26952,0,0,0.50009,0.06334,0.4951,0.48502,0.83828,0.76564,0.81326,0.52331,1.25044,0.56723,0.86961,0,0,0,0,0,0,0,0,0,0,0,0,0,0,0,0,0,0,0,0,0,0,0,0,0,0,0,0,0,0,0,0.52331,0.00299495,0.000998318,0.00299495,0.000998318,0.00299495,0.000998318,0.00299495,0.000998318
23,2332.06,1.10214,0.54552,0.84672,0,0,0,0,0,0,0.75729,0.00868,0.00105,0.00013,0,0,0,0,0,0,0,0,0,0,0,0,0,0.64326,0.26957,0,0,0.50032,0.06344,0.49583,0.48579,0.83758,0.76947,0.80643,0.52063,1.24673,0.55946,0.86771,0,0,0,0,0,0,0,0,0,0,0,0,0,0,0,0,0,0,0,0,0,0,0,0,0,0,0,0,0,0,0,0.52063,0.00299446,0.000998154,0.00299446,0.000998154,0.00299446,0.000998154,0.00299446,0.000998154
24,2455.46,1.09244,0.54114,0.84466,0,0,0,0,0,0,0.79456,0.00884,0.00128,0.00012,0,0,0,0,0,0,0,0,0,0,0,0,0,0.63605,0.2673,0,0,0.50022,0.06344,0.49762,0.48564,0.84106,0.77045,0.8142,0.52737,1.21743,0.55372,0.86322,0,0,0,0,0,0,0,0,0,0,0,0,0,0,0,0,0,0,0,0,0,0,0,0,0,0,0,0,0,0,0,0.52737,0.00299395,0.000997982,0.00299395,0.000997982,0.00299395,0.000997982,0.00299395,0.000997982
25,2558.09,1.09478,0.54079,0.84458,0,0,0,0,0,0,0.71421,0.00829,0.00121,0,0,0,0,0,0,0,0,0,0,0,0,0,0,0.62874,0.26129,0,0,0.50022,0.06348,0.49613,0.48588,0.83826,0.76829,0.81051,0.52687,1.21937,0.55682,0.86255,0,0,0,0,0,0,0,0,0,0,0,0,0,0,0,0,0,0,0,0,0,0,0,0,0,0,0,0,0,0,0,0.52687,0.00299341,0.000997803,0.00299341,0.000997803,0.00299341,0.000997803,0.00299341,0.000997803
26,2655.56,1.0999,0.54498,0.84549,0,0,0,0,0,0,0.74961,0.00803,0.0011,8e-05,0,0,0,0,0,0,0,0,0,0,0,0,0,0.62675,0.25722,0,0,0.5002,0.06344,0.49622,0.48727,0.85127,0.77281,0.81716,0.52834,1.22602,0.55982,0.86281,0,0,0,0,0,0,0,0,0,0,0,0,0,0,0,0,0,0,0,0,0,0,0,0,0,0,0,0,0,0,0,0.52834,0.00299285,0.000997616,0.00299285,0.000997616,0.00299285,0.000997616,0.00299285,0.000997616
27,2756,1.09729,0.54243,0.84548,0,0,0,0,0,0,0.68161,0.00765,0.00101,6e-05,0,0,0,0,0,0,0,0,0,0,0,0,0,0.62745,0.25512,0,0,0.5002,0.06347,0.49538,0.48561,0.83465,0.77703,0.8115,0.52277,1.24399,0.56245,0.86683,0,0,0,0,0,0,0,0,0,0,0,0,0,0,0,0,0,0,0,0,0,0,0,0,0,0,0,0,0,0,0,0.52277,0.00299227,0.000997422,0.00299227,0.000997422,0.00299227,0.000997422,0.00299227,0.000997422
28,2852.98,1.08717,0.5395,0.84415,0,0,0,0,0,0,0.61081,0.00743,0.00111,0,0,0,0,0,0,0,0,0,0,0,0,0,0,0.61104,0.25392,0,0,0.50024,0.06349,0.49173,0.48288,0.83702,0.77796,0.81346,0.52649,1.22973,0.55569,0.86509,0,0,0,0,0,0,0,0,0,0,0,0,0,0,0,0,0,0,0,0,0,0,0,0,0,0,0,0,0,0,0,0.52649,0.00299166,0.00099722,0.00299166,0.00099722,0.00299166,0.00099722,0.00299166,0.00099722
29,2954.89,1.08969,0.54158,0.84354,0,0,0,0,0,0,0.65003,0.00708,0.00109,4e-05,0,0,0,0,0,0,0,0,0,0,0,0,0,0.61944,0.25508,0,0,0.50018,0.06347,0.49538,0.48489,0.84584,0.7739,0.81728,0.53072,1.21391,0.55078,0.8629,0,0,0,0,0,0,0,0,0,0,0,0,0,0,0,0,0,0,0,0,0,0,0,0,0,0,0,0,0,0,0,0.53072,0.00299103,0.000997011,0.00299103,0.000997011,0.00299103,0.000997011,0.00299103,0.000997011
30,3053.04,1.10119,0.5438,0.84631,0,0,0,0,0,0,0.78149,0.00712,0.00107,4e-05,0,0,0,0,0,0,0,0,0,0,0,0,0,0.62091,0.25326,0,0,0.50017,0.06344,0.49949,0.48676,0.83306,0.77496,0.81379,0.52728,1.2213,0.55507,0.86278,0,0,0,0,0,0,0,0,0,0,0,0,0,0,0,0,0,0,0,0,0,0,0,0,0,0,0,0,0,0,0,0.52728,0.00299038,0.000996794,0.00299038,0.000996794,0.00299038,0.000996794,0.00299038,0.000996794
31,3151.91,1.10467,0.54637,0.84441,0,0,0,0,0,0,0.64307,0.00699,0.00121,0.00017,0,0,0,0,0,0,0,0,0,0,0,0,0,0.60555,0.25102,0,0,0.50027,0.06348,0.49351,0.48435,0.83226,0.76747,0.80687,0.5275,1.20157,0.55165,0.85923,0,0,0,0,0,0,0,0,0,0,0,0,0,0,0,0,0,0,0,0,0,0,0,0,0,0,0,0,0,0,0,0.5275,0.00298971,0.000996569,0.00298971,0.000996569,0.00298971,0.000996569,0.00298971,0.000996569
32,3250.94,1.09337,0.54024,0.84493,0,0,0,0,0,0,0.65761,0.00679,0.00128,2e-05,0,0,0,0,0,0,0,0,0,0,0,0,0,0.59424,0.25056,0,0,0.50039,0.06357,0.49424,0.48611,0.84793,0.77521,0.81509,0.52912,1.20213,0.54963,0.85935,0,0,0,0,0,0,0,0,0,0,0,0,0,0,0,0,0,0,0,0,0,0,0,0,0,0,0,0,0,0,0,0.52912,0.00298901,0.000996337,0.00298901,0.000996337,0.00298901,0.000996337,0.00298901,0.000996337
33,3350.28,1.0918,0.53945,0.84593,0,0,0,0,0,0,0.57748,0.00666,0.0011,0,0,0,0,0,0,0,0,0,0,0,0,0,0,0.58612,0.24843,0,0,0.50024,0.06348,0.49345,0.48338,0.83755,0.77003,0.81236,0.53281,1.19888,0.54989,0.85981,0,0,0,0,0,0,0,0,0,0,0,0,0,0,0,0,0,0,0,0,0,0,0,0,0,0,0,0,0,0,0,0.53281,0.00298829,0.000996097,0.00298829,0.000996097,0.00298829,0.000996097,0.00298829,0.000996097
34,3448.37,1.10013,0.54546,0.84564,0,0,0,0,0,0,0.62394,0.00629,0.0011,0,0,0,0,0,0,0,0,0,0,0,0,0,0,0.58708,0.25088,0,0,0.50029,0.06347,0.49191,0.48247,0.84873,0.76652,0.8138,0.53487,1.19762,0.54901,0.85891,0,0,0,0,0,0,0,0,0,0,0,0,0,0,0,0,0,0,0,0,0,0,0,0,0,0,0,0,0,0,0,0.53487,0.00298755,0.000995849,0.00298755,0.000995849,0.00298755,0.000995849,0.00298755,0.000995849
35,3544,1.0953,0.54018,0.84505,0,0,0,0,0,0,0.60615,0.0062,0.00109,0,0,0,0,0,0,0,0,0,0,0,0,0,0,0.58927,0.24946,0,0,0.50025,0.06343,0.49483,0.48405,0.84342,0.771,0.81283,0.53223,1.19909,0.5444,0.86005,0,0,0,0,0,0,0,0,0,0,0,0,0,0,0,0,0,0,0,0,0,0,0,0,0,0,0,0,0,0,0,0.53223,0.00298678,0.000995594,0.00298678,0.000995594,0.00298678,0.000995594,0.00298678,0.000995594
36,3639.45,1.09665,0.54087,0.84454,0,0,0,0,0,0,0.63144,0.0062,0.00106,4e-05,0,0,0,0,0,0,0,0,0,0,0,0,0,0.59568,0.24939,0,0,0.50032,0.06343,0.49685,0.48623,0.84049,0.77291,0.81431,0.53372,1.20013,0.54528,0.85932,0,0,0,0,0,0,0,0,0,0,0,0,0,0,0,0,0,0,0,0,0,0,0,0,0,0,0,0,0,0,0,0.53372,0.002986,0.000995332,0.002986,0.000995332,0.002986,0.000995332,0.002986,0.000995332
37,3739.2,1.09816,0.54067,0.84561,0,0,0,0,0,0,0.65161,0.00632,0.00103,0,0,0,0,0,0,0,0,0,0,0,0,0,0,0.59694,0.24594,0,0,0.50019,0.06338,0.49734,0.48542,0.84146,0.77353,0.81731,0.53266,1.1951,0.54296,0.85801,0,0,0,0,0,0,0,0,0,0,0,0,0,0,0,0,0,0,0,0,0,0,0,0,0,0,0,0,0,0,0,0.53266,0.00298519,0.000995062,0.00298519,0.000995062,0.00298519,0.000995062,0.00298519,0.000995062
38,3836.89,1.09578,0.54145,0.84685,0,0,0,0,0,0,0.61815,0.00617,0.00092,0,0,0,0,0,0,0,0,0,0,0,0,0,0,0.58156,0.2449,0,0,0.50019,0.06344,0.49659,0.48681,0.83513,0.77352,0.81225,0.53326,1.20054,0.54831,0.85951,0,0,0,0,0,0,0,0,0,0,0,0,0,0,0,0,0,0,0,0,0,0,0,0,0,0,0,0,0,0,0,0.53326,0.00298435,0.000994784,0.00298435,0.000994784,0.00298435,0.000994784,0.00298435,0.000994784
39,3933.35,1.10194,0.54725,0.84457,0,0,0,0,0,0,0.65673,0.00585,0.0012,3e-05,0,0,0,0,0,0,0,0,0,0,0,0,0,0.58904,0.24411,0,0,0.50021,0.06355,0.4974,0.48566,0.84848,0.77007,0.81675,0.53529,1.19197,0.54238,0.85772,0,0,0,0,0,0,0,0,0,0,0,0,0,0,0,0,0,0,0,0,0,0,0,0,0,0,0,0,0,0,0,0.53529,0.0029835,0.000994499,0.0029835,0.000994499,0.0029835,0.000994499,0.0029835,0.000994499
40,4032.64,1.1024,0.54393,0.84522,0,0,0,0,0,0,0.67146,0.00593,0.0008,0,0,0,0,0,0,0,0,0,0,0,0,0,0,0.57737,0.24096,0,0,0.50045,0.06365,0.49415,0.48525,0.82871,0.77028,0.80982,0.5317,1.19903,0.54469,0.8588,0,0,0,0,0,0,0,0,0,0,0,0,0,0,0,0,0,0,0,0,0,0,0,0,0,0,0,0,0,0,0,0.5317,0.00298262,0.000994206,0.00298262,0.000994206,0.00298262,0.000994206,0.00298262,0.000994206
41,4130.97,1.09971,0.5445,0.84537,0,0,0,0,0,0,0.66642,0.00576,0.00086,2e-05,0,0,0,0,0,0,0,0,0,0,0,0,0,0.58228,0.24542,0,0,0.50031,0.06359,0.49523,0.48582,0.84163,0.77231,0.81487,0.53537,1.19387,0.54339,0.85777,0,0,0,0,0,0,0,0,0,0,0,0,0,0,0,0,0,0,0,0,0,0,0,0,0,0,0,0,0,0,0,0.53537,0.00298172,0.000993906,0.00298172,0.000993906,0.00298172,0.000993906,0.00298172,0.000993906
42,4229.39,1.10299,0.54252,0.84624,0,0,0,0,0,0,0.58492,0.00559,0.00103,0,0,0,0,0,0,0,0,0,0,0,0,0,0,0.59339,0.24374,0,0,0.50027,0.06342,0.49481,0.48477,0.84186,0.77547,0.8144,0.53555,1.19495,0.54426,0.85819,0,0,0,0,0,0,0,0,0,0,0,0,0,0,0,0,0,0,0,0,0,0,0,0,0,0,0,0,0,0,0,0.53555,0.00298079,0.000993598,0.00298079,0.000993598,0.00298079,0.000993598,0.00298079,0.000993598
43,4328.89,1.08655,0.53864,0.84152,0,0,0,0,0,0,0.54511,0.00558,0.00083,0,0,0,0,0,0,0,0,0,0,0,0,0,0,0.58635,0.24118,0,0,0.50036,0.06352,0.48907,0.48089,0.83473,0.77481,0.81529,0.5343,1.19653,0.54199,0.8597,0,0,0,0,0,0,0,0,0,0,0,0,0,0,0,0,0,0,0,0,0,0,0,0,0,0,0,0,0,0,0,0.5343,0.00297985,0.000993282,0.00297985,0.000993282,0.00297985,0.000993282,0.00297985,0.000993282
44,4429.28,1.09771,0.54036,0.84237,0,0,0,0,0,0,0.60274,0.00555,0.00105,4e-05,0,0,0,0,0,0,0,0,0,0,0,0,0,0.58794,0.23899,0,0,0.50018,0.06342,0.49648,0.48539,0.84346,0.7709,0.81336,0.53725,1.18426,0.54072,0.85784,0,0,0,0,0,0,0,0,0,0,0,0,0,0,0,0,0,0,0,0,0,0,0,0,0,0,0,0,0,0,0,0.53725,0.00297888,0.00099296,0.00297888,0.00099296,0.00297888,0.00099296,0.00297888,0.00099296
45,4528.11,1.10442,0.54948,0.84732,0,0,0,0,0,0,0.63658,0.00551,0.001,2e-05,0,0,0,0,0,0,0,0,0,0,0,0,0,0.59964,0.23834,0,0,0.50022,0.06346,0.49612,0.4854,0.85017,0.77245,0.81689,0.53871,1.18768,0.54209,0.85826,0,0,0,0,0,0,0,0,0,0,0,0,0,0,0,0,0,0,0,0,0,0,0,0,0,0,0,0,0,0,0,0.53871,0.00297789,0.000992629,0.00297789,0.000992629,0.00297789,0.000992629,0.00297789,0.000992629
46,4624.53,1.10724,0.54679,0.84597,0,0,0,0,0,0,0.60143,0.00536,0.00097,0,0,0,0,0,0,0,0,0,0,0,0,0,0,0.58593,0.23833,0,0,0.50035,0.06353,0.49708,0.48604,0.85087,0.77328,0.81828,0.54012,1.18682,0.54088,0.85716,0,0,0,0,0,0,0,0,0,0,0,0,0,0,0,0,0,0,0,0,0,0,0,0,0,0,0,0,0,0,0,0.54012,0.00297687,0.000992291,0.00297687,0.000992291,0.00297687,0.000992291,0.00297687,0.000992291
47,4740.8,1.09531,0.54296,0.84339,0,0,0,0,0,0,0.634,0.00532,0.00061,1e-05,0,0,0,0,0,0,0,0,0,0,0,0,0,0.58584,0.23432,0,0,0.50027,0.06352,0.49633,0.48618,0.84334,0.77324,0.81558,0.53957,1.18253,0.54193,0.85682,0,0,0,0,0,0,0,0,0,0,0,0,0,0,0,0,0,0,0,0,0,0,0,0,0,0,0,0,0,0,0,0.53957,0.00297584,0.000991946,0.00297584,0.000991946,0.00297584,0.000991946,0.00297584,0.000991946
48,4841.66,1.09802,0.54471,0.8459,0,0,0,0,0,0,0.64429,0.0053,0.00076,0,0,0,0,0,0,0,0,0,0,0,0,0,0,0.58376,0.24033,0,0,0.50019,0.06338,0.49718,0.48609,0.83586,0.77662,0.81297,0.53769,1.18434,0.54108,0.85732,0,0,0,0,0,0,0,0,0,0,0,0,0,0,0,0,0,0,0,0,0,0,0,0,0,0,0,0,0,0,0,0.53769,0.00297478,0.000991593,0.00297478,0.000991593,0.00297478,0.000991593,0.00297478,0.000991593
49,4937.41,1.1025,0.54588,0.84587,0,0,0,0,0,0,0.61739,0.00523,0.00084,2e-05,0,0,0,0,0,0,0,0,0,0,0,0,0,0.59184,0.23781,0,0,0.50025,0.06349,0.49262,0.48382,0.8387,0.77727,0.81833,0.541,1.17458,0.5379,0.85579,0,0,0,0,0,0,0,0,0,0,0,0,0,0,0,0,0,0,0,0,0,0,0,0,0,0,0,0,0,0,0,0.541,0.0029737,0.000991232,0.0029737,0.000991232,0.0029737,0.000991232,0.0029737,0.000991232
50,5038.78,1.11047,0.54564,0.85029,0,0,0,0,0,0,0.63654,0.00518,0.00085,4e-05,0,0,0,0,0,0,0,0,0,0,0,0,0,0.58943,0.23147,0,0,0.50021,0.06348,0.49724,0.48683,0.84382,0.77533,0.81742,0.5397,1.17964,0.53994,0.85684,0,0,0,0,0,0,0,0,0,0,0,0,0,0,0,0,0,0,0,0,0,0,0,0,0,0,0,0,0,0,0,0.5397,0.00297259,0.000990864,0.00297259,0.000990864,0.00297259,0.000990864,0.00297259,0.000990864
51,5139.91,1.09953,0.5451,0.84466,0,0,0,0,0,0,0.54741,0.00511,0.00086,0,0,0,0,0,0,0,0,0,0,0,0,0,0,0.57838,0.23247,0,0,0.50019,0.06339,0.49275,0.48377,0.84136,0.7761,0.81744,0.54143,1.17358,0.53778,0.85638,0,0,0,0,0,0,0,0,0,0,0,0,0,0,0,0,0,0,0,0,0,0,0,0,0,0,0,0,0,0,0,0.54143,0.00297147,0.000990489,0.00297147,0.000990489,0.00297147,0.000990489,0.00297147,0.000990489
52,5240.96,1.10271,0.54446,0.84481,0,0,0,0,0,0,0.58053,0.00492,0.00101,6e-05,0,0,0,0,0,0,0,0,0,0,0,0,0,0.56385,0.23304,0,0,0.50017,0.06345,0.49324,0.48306,0.83975,0.78023,0.81861,0.54173,1.1732,0.53624,0.85554,0,0,0,0,0,0,0,0,0,0,0,0,0,0,0,0,0,0,0,0,0,0,0,0,0,0,0,0,0,0,0,0.54173,0.00297032,0.000990106,0.00297032,0.000990106,0.00297032,0.000990106,0.00297032,0.000990106
53,5336.76,1.09779,0.54288,0.846,0,0,0,0,0,0,0.58347,0.0049,0.00112,0,0,0,0,0,0,0,0,0,0,0,0,0,0,0.55286,0.23146,0,0,0.50032,0.06353,0.49386,0.48442,0.84165,0.77937,0.81804,0.54337,1.16975,0.53509,0.85491,0,0,0,0,0,0,0,0,0,0,0,0,0,0,0,0,0,0,0,0,0,0,0,0,0,0,0,0,0,0,0,0.54337,0.00296915,0.000989715,0.00296915,0.000989715,0.00296915,0.000989715,0.00296915,0.000989715
54,5434.16,1.10266,0.54522,0.84447,0,0,0,0,0,0,0.53792,0.0049,0.00111,1e-05,0,0,0,0,0,0,0,0,0,0,0,0,0,0.5577,0.23065,0,0,0.50033,0.0635,0.49641,0.48419,0.8409,0.77976,0.81935,0.54295,1.16739,0.5339,0.85458,0,0,0,0,0,0,0,0,0,0,0,0,0,0,0,0,0,0,0,0,0,0,0,0,0,0,0,0,0,0,0,0.54295,0.00296795,0.000989317,0.00296795,0.000989317,0.00296795,0.000989317,0.00296795,0.000989317
55,5531.91,1.0997,0.54609,0.8463,0,0,0,0,0,0,0.51682,0.00491,0.00119,0,0,0,0,0,0,0,0,0,0,0,0,0,0,0.55086,0.23171,0,0,0.50025,0.06349,0.49314,0.48337,0.83778,0.78156,0.81867,0.54198,1.16908,0.53352,0.85519,0,0,0,0,0,0,0,0,0,0,0,0,0,0,0,0,0,0,0,0,0,0,0,0,0,0,0,0,0,0,0,0.54198,0.00296674,0.000988912,0.00296674,0.000988912,0.00296674,0.000988912,0.00296674,0.000988912
56,5636.55,1.09511,0.54387,0.84444,0,0,0,0,0,0,0.55666,0.00476,0.00093,0,0,0,0,0,0,0,0,0,0,0,0,0,0,0.56,0.23309,0,0,0.50022,0.06346,0.49392,0.48401,0.85049,0.77715,0.822,0.54352,1.16729,0.53297,0.85507,0,0,0,0,0,0,0,0,0,0,0,0,0,0,0,0,0,0,0,0,0,0,0,0,0,0,0,0,0,0,0,0.54352,0.0029655,0.000988499,0.0029655,0.000988499,0.0029655,0.000988499,0.0029655,0.000988499
57,5736.53,1.09964,0.54527,0.84659,0,0,0,0,0,0,0.50808,0.00484,0.00103,0,0,0,0,0,0,0,0,0,0,0,0,0,0,0.55305,0.23242,0,0,0.50032,0.06346,0.49701,0.48534,0.85642,0.77436,0.82112,0.54306,1.16841,0.5339,0.85566,0,0,0,0,0,0,0,0,0,0,0,0,0,0,0,0,0,0,0,0,0,0,0,0,0,0,0,0,0,0,0,0.54306,0.00296424,0.000988079,0.00296424,0.000988079,0.00296424,0.000988079,0.00296424,0.000988079
58,5835.15,1.09906,0.54526,0.84656,0,0,0,0,0,0,0.57707,0.00469,0.00124,1e-05,0,0,0,0,0,0,0,0,0,0,0,0,0,0.56848,0.23228,0,0,0.50026,0.06343,0.49492,0.48458,0.85417,0.77683,0.82288,0.54251,1.16965,0.53257,0.85555,0,0,0,0,0,0,0,0,0,0,0,0,0,0,0,0,0,0,0,0,0,0,0,0,0,0,0,0,0,0,0,0.54251,0.00296295,0.000987651,0.00296295,0.000987651,0.00296295,0.000987651,0.00296295,0.000987651
59,5933.6,1.09893,0.54462,0.84343,0,0,0,0,0,0,0.65549,0.00465,0.00119,1e-05,0,0,0,0,0,0,0,0,0,0,0,0,0,0.55213,0.23255,0,0,0.50027,0.06347,0.49399,0.48313,0.85397,0.77678,0.82246,0.54455,1.16766,0.53186,0.85483,0,0,0,0,0,0,0,0,0,0,0,0,0,0,0,0,0,0,0,0,0,0,0,0,0,0,0,0,0,0,0,0.54455,0.00296165,0.000987216,0.00296165,0.000987216,0.00296165,0.000987216,0.00296165,0.000987216
60,6035.65,1.09373,0.54014,0.84521,0,0,0,0,0,0,0.53247,0.00457,0.0007,0,0,0,0,0,0,0,0,0,0,0,0,0,0,0.56286,0.22978,0,0,0.50021,0.06344,0.49542,0.48541,0.85039,0.77489,0.81906,0.54449,1.16479,0.53096,0.85449,0,0,0,0,0,0,0,0,0,0,0,0,0,0,0,0,0,0,0,0,0,0,0,0,0,0,0,0,0,0,0,0.54449,0.00296032,0.000986773,0.00296032,0.000986773,0.00296032,0.000986773,0.00296032,0.000986773
61,6132.85,1.10651,0.54703,0.84795,0,0,0,0,0,0,0.61216,0.00457,0.00102,7e-05,0,0,0,0,0,0,0,0,0,0,0,0,0,0.57138,0.2243,0,0,0.50029,0.06346,0.49792,0.48528,0.85186,0.77669,0.82052,0.54426,1.16496,0.53061,0.85454,0,0,0,0,0,0,0,0,0,0,0,0,0,0,0,0,0,0,0,0,0,0,0,0,0,0,0,0,0,0,0,0.54426,0.00295897,0.000986323,0.00295897,0.000986323,0.00295897,0.000986323,0.00295897,0.000986323
62,6234.59,1.09508,0.54655,0.84516,0,0,0,0,0,0,0.54372,0.00461,0.00095,0,0,0,0,0,0,0,0,0,0,0,0,0,0,0.56766,0.22257,0,0,0.50027,0.06344,0.50018,0.48619,0.85232,0.77599,0.82036,0.54421,1.1661,0.53118,0.855,0,0,0,0,0,0,0,0,0,0,0,0,0,0,0,0,0,0,0,0,0,0,0,0,0,0,0,0,0,0,0,0.54421,0.0029576,0.000985866,0.0029576,0.000985866,0.0029576,0.000985866,0.0029576,0.000985866
63,6331.85,1.09652,0.54524,0.84523,0,0,0,0,0,0,0.59268,0.00448,0.00093,0,0,0,0,0,0,0,0,0,0,0,0,0,0,0.56153,0.22283,0,0,0.50011,0.06337,0.4979,0.4877,0.8546,0.77712,0.82047,0.54421,1.16448,0.53072,0.85456,0,0,0,0,0,0,0,0,0,0,0,0,0,0,0,0,0,0,0,0,0,0,0,0,0,0,0,0,0,0,0,0.54421,0.0029562,0.000985401,0.0029562,0.000985401,0.0029562,0.000985401,0.0029562,0.000985401
64,6431.04,1.1028,0.54486,0.84569,0,0,0,0,0,0,0.56114,0.00447,0.00084,7e-05,0,0,0,0,0,0,0,0,0,0,0,0,0,0.56272,0.22036,0,0,0.50031,0.06349,0.4935,0.48437,0.85486,0.77631,0.82118,0.54502,1.16433,0.53065,0.85473,0,0,0,0,0,0,0,0,0,0,0,0,0,0,0,0,0,0,0,0,0,0,0,0,0,0,0,0,0,0,0,0.54502,0.00295479,0.000984928,0.00295479,0.000984928,0.00295479,0.000984928,0.00295479,0.000984928
65,6531.76,1.09858,0.54538,0.84617,0,0,0,0,0,0,0.49217,0.0044,0.00058,0,0,0,0,0,0,0,0,0,0,0,0,0,0,0.56565,0.21913,0,0,0.50013,0.06342,0.49476,0.48343,0.84964,0.77851,0.82096,0.54452,1.1638,0.53004,0.85475,0,0,0,0,0,0,0,0,0,0,0,0,0,0,0,0,0,0,0,0,0,0,0,0,0,0,0,0,0,0,0,0.54452,0.00295335,0.000984449,0.00295335,0.000984449,0.00295335,0.000984449,0.00295335,0.000984449
66,6630.27,1.10115,0.54588,0.84376,0,0,0,0,0,0,0.51581,0.00439,0.00071,0,0,0,0,0,0,0,0,0,0,0,0,0,0,0.55971,0.21871,0,0,0.50033,0.06357,0.49096,0.48139,0.85486,0.77627,0.82125,0.54427,1.16336,0.52961,0.8546,0,0,0,0,0,0,0,0,0,0,0,0,0,0,0,0,0,0,0,0,0,0,0,0,0,0,0,0,0,0,0,0.54427,0.00295188,0.000983962,0.00295188,0.000983962,0.00295188,0.000983962,0.00295188,0.000983962
67,6728.77,1.10409,0.54793,0.84534,0,0,0,0,0,0,0.52727,0.00428,0.00085,1e-05,0,0,0,0,0,0,0,0,0,0,0,0,0,0.57301,0.21841,0,0,0.50019,0.06342,0.49493,0.48326,0.84558,0.77889,0.81989,0.54425,1.16314,0.5296,0.85448,0,0,0,0,0,0,0,0,0,0,0,0,0,0,0,0,0,0,0,0,0,0,0,0,0,0,0,0,0,0,0,0.54425,0.0029504,0.000983467,0.0029504,0.000983467,0.0029504,0.000983467,0.0029504,0.000983467
68,6824.29,1.1004,0.5457,0.84534,0,0,0,0,0,0,0.56876,0.00439,0.00076,2e-05,0,0,0,0,0,0,0,0,0,0,0,0,0,0.58201,0.21873,0,0,0.50017,0.06345,0.49403,0.48306,0.84266,0.78131,0.82026,0.54413,1.16253,0.52871,0.85436,0,0,0,0,0,0,0,0,0,0,0,0,0,0,0,0,0,0,0,0,0,0,0,0,0,0,0,0,0,0,0,0.54413,0.0029489,0.000982965,0.0029489,0.000982965,0.0029489,0.000982965,0.0029489,0.000982965
69,6922.71,1.10385,0.54526,0.84492,0,0,0,0,0,0,0.543,0.00433,0.00085,0,0,0,0,0,0,0,0,0,0,0,0,0,0,0.58792,0.21762,0,0,0.50008,0.06346,0.49481,0.48322,0.84258,0.78073,0.81996,0.54421,1.16199,0.52855,0.85434,0,0,0,0,0,0,0,0,0,0,0,0,0,0,0,0,0,0,0,0,0,0,0,0,0,0,0,0,0,0,0,0.54421,0.00294737,0.000982456,0.00294737,0.000982456,0.00294737,0.000982456,0.00294737,0.000982456
70,7017.28,1.0926,0.54356,0.84631,0,0,0,0,0,0,0.53447,0.00424,0.00057,1e-05,0,0,0,0,0,0,0,0,0,0,0,0,0,0.58077,0.21699,0,0,0.50026,0.06351,0.49297,0.48365,0.84795,0.77995,0.82185,0.54464,1.16089,0.52856,0.85413,0,0,0,0,0,0,0,0,0,0,0,0,0,0,0,0,0,0,0,0,0,0,0,0,0,0,0,0,0,0,0,0.54464,0.00294582,0.000981939,0.00294582,0.000981939,0.00294582,0.000981939,0.00294582,0.000981939
71,7114.87,1.09301,0.54227,0.84526,0,0,0,0,0,0,0.59954,0.00414,0.0007,0,0,0,0,0,0,0,0,0,0,0,0,0,0,0.58731,0.21618,0,0,0.50028,0.0635,0.49572,0.4848,0.84527,0.78191,0.82236,0.54579,1.15928,0.52791,0.85396,0,0,0,0,0,0,0,0,0,0,0,0,0,0,0,0,0,0,0,0,0,0,0,0,0,0,0,0,0,0,0,0.54579,0.00294425,0.000981415,0.00294425,0.000981415,0.00294425,0.000981415,0.00294425,0.000981415
72,7212.32,1.09617,0.54259,0.84435,0,0,0,0,0,0,0.5487,0.00428,0.00084,0,0,0,0,0,0,0,0,0,0,0,0,0,0,0.59004,0.21684,0,0,0.50032,0.06351,0.4927,0.48322,0.84723,0.78167,0.82183,0.54606,1.15763,0.52784,0.85377,0,0,0,0,0,0,0,0,0,0,0,0,0,0,0,0,0,0,0,0,0,0,0,0,0,0,0,0,0,0,0,0.54606,0.00294265,0.000980884,0.00294265,0.000980884,0.00294265,0.000980884,0.00294265,0.000980884
73,7310.7,1.09849,0.53985,0.84297,0,0,0,0,0,0,0.50835,0.00414,0.00058,0,0,0,0,0,0,0,0,0,0,0,0,0,0,0.58983,0.21543,0,0,0.50035,0.06352,0.4926,0.48324,0.84714,0.78264,0.82238,0.54609,1.15665,0.5275,0.85365,0,0,0,0,0,0,0,0,0,0,0,0,0,0,0,0,0,0,0,0,0,0,0,0,0,0,0,0,0,0,0,0.54609,0.00294104,0.000980345,0.00294104,0.000980345,0.00294104,0.000980345,0.00294104,0.000980345
74,7411.27,1.10214,0.5456,0.84602,0,0,0,0,0,0,0.57749,0.00418,0.00071,0,0,0,0,0,0,0,0,0,0,0,0,0,0,0.59544,0.21597,0,0,0.50023,0.06352,0.49668,0.48472,0.84807,0.78259,0.82278,0.54621,1.15467,0.52667,0.85339,0,0,0,0,0,0,0,0,0,0,0,0,0,0,0,0,0,0,0,0,0,0,0,0,0,0,0,0,0,0,0,0.54621,0.0029394,0.000979799,0.0029394,0.000979799,0.0029394,0.000979799,0.0029394,0.000979799
75,7509.74,1.09385,0.54145,0.84273,0,0,0,0,0,0,0.44995,0.0041,0.00047,0,0,0,0,0,0,0,0,0,0,0,0,0,0,0.58405,0.2173,0,0,0.5002,0.06344,0.49089,0.48241,0.84752,0.78392,0.82331,0.54634,1.15384,0.5265,0.85331,0,0,0,0,0,0,0,0,0,0,0,0,0,0,0,0,0,0,0,0,0,0,0,0,0,0,0,0,0,0,0,0.54634,0.00293774,0.000979246,0.00293774,0.000979246,0.00293774,0.000979246,0.00293774,0.000979246
76,7605.83,1.09214,0.53939,0.8454,0,0,0,0,0,0,0.49973,0.00403,0.00061,9e-05,0,0,0,0,0,0,0,0,0,0,0,0,0,0.59195,0.21608,0,0,0.50031,0.0635,0.49892,0.48695,0.84878,0.78358,0.82355,0.54632,1.15244,0.52613,0.85312,0,0,0,0,0,0,0,0,0,0,0,0,0,0,0,0,0,0,0,0,0,0,0,0,0,0,0,0,0,0,0,0.54632,0.00293606,0.000978685,0.00293606,0.000978685,0.00293606,0.000978685,0.00293606,0.000978685
77,7703.51,1.09633,0.54203,0.84556,0,0,0,0,0,0,0.55067,0.00407,0.00069,3e-05,0,0,0,0,0,0,0,0,0,0,0,0,0,0.59432,0.2198,0,0,0.50034,0.06351,0.49651,0.48628,0.84902,0.78243,0.82309,0.54686,1.15178,0.52619,0.85304,0,0,0,0,0,0,0,0,0,0,0,0,0,0,0,0,0,0,0,0,0,0,0,0,0,0,0,0,0,0,0,0.54686,0.00293435,0.000978118,0.00293435,0.000978118,0.00293435,0.000978118,0.00293435,0.000978118
78,7799.72,1.09345,0.53998,0.84312,0,0,0,0,0,0,0.53021,0.00409,0.00077,7e-05,0,0,0,0,0,0,0,0,0,0,0,0,0,0.59849,0.22008,0,0,0.50003,0.06339,0.49454,0.48456,0.85116,0.78133,0.82402,0.54713,1.15125,0.52548,0.85293,0,0,0,0,0,0,0,0,0,0,0,0,0,0,0,0,0,0,0,0,0,0,0,0,0,0,0,0,0,0,0,0.54713,0.00293263,0.000977542,0.00293263,0.000977542,0.00293263,0.000977542,0.00293263,0.000977542
79,7894.73,1.10617,0.5454,0.84481,0,0,0,0,0,0,0.55281,0.00407,0.00052,8e-05,0,0,0,0,0,0,0,0,0,0,0,0,0,0.60318,0.23724,0,0,0.5003,0.0635,0.49559,0.48646,0.8513,0.78078,0.823,0.54722,1.1509,0.52544,0.85286,0,0,0,0,0,0,0,0,0,0,0,0,0,0,0,0,0,0,0,0,0,0,0,0,0,0,0,0,0,0,0,0.54722,0.00293088,0.00097696,0.00293088,0.00097696,0.00293088,0.00097696,0.00293088,0.00097696
80,7990.53,1.09434,0.53826,0.84445,0,0,0,0,0,0,0.55129,0.00407,0.00063,6e-05,0,0,0,0,0,0,0,0,0,0,0,0,0,0.60742,0.23632,0,0,0.50027,0.06356,0.49521,0.48526,0.85186,0.781,0.82283,0.54742,1.15095,0.5254,0.85288,0,0,0,0,0,0,0,0,0,0,0,0,0,0,0,0,0,0,0,0,0,0,0,0,0,0,0,0,0,0,0,0.54742,0.00292911,0.00097637,0.00292911,0.00097637,0.00292911,0.00097637,0.00292911,0.00097637
81,8090.42,1.09021,0.53954,0.84337,0,0,0,0,0,0,0.48768,0.00398,0.00062,0,0,0,0,0,0,0,0,0,0,0,0,0,0,0.60129,0.23036,0,0,0.5001,0.06342,0.4955,0.4851,0.85268,0.78049,0.82287,0.54785,1.15049,0.52498,0.85271,0,0,0,0,0,0,0,0,0,0,0,0,0,0,0,0,0,0,0,0,0,0,0,0,0,0,0,0,0,0,0,0.54785,0.00292732,0.000975773,0.00292732,0.000975773,0.00292732,0.000975773,0.00292732,0.000975773
82,8191.05,1.09358,0.54365,0.84331,0,0,0,0,0,0,0.44247,0.00384,0.0007,2e-05,0,0,0,0,0,0,0,0,0,0,0,0,0,0.58636,0.21774,0,0,0.50033,0.0635,0.49275,0.48369,0.85365,0.78021,0.82368,0.54839,1.14906,0.52422,0.85258,0,0,0,0,0,0,0,0,0,0,0,0,0,0,0,0,0,0,0,0,0,0,0,0,0,0,0,0,0,0,0,0.54839,0.00292551,0.000975169,0.00292551,0.000975169,0.00292551,0.000975169,0.00292551,0.000975169
83,8289.66,1.09642,0.54392,0.84831,0,0,0,0,0,0,0.47488,0.0038,0.00071,0.00014,0,0,0,0,0,0,0,0,0,0,0,0,0,0.57007,0.20879,0,0,0.50028,0.06353,0.49652,0.48718,0.85309,0.77988,0.82298,0.54798,1.14884,0.52395,0.85247,0,0,0,0,0,0,0,0,0,0,0,0,0,0,0,0,0,0,0,0,0,0,0,0,0,0,0,0,0,0,0,0.54798,0.00292367,0.000974557,0.00292367,0.000974557,0.00292367,0.000974557,0.00292367,0.000974557
84,8388.36,1.09805,0.54408,0.84438,0,0,0,0,0,0,0.46619,0.00386,0.00063,2e-05,0,0,0,0,0,0,0,0,0,0,0,0,0,0.59032,0.22806,0,0,0.50014,0.06347,0.49173,0.48233,0.85301,0.77978,0.8228,0.54799,1.14851,0.52422,0.8525,0,0,0,0,0,0,0,0,0,0,0,0,0,0,0,0,0,0,0,0,0,0,0,0,0,0,0,0,0,0,0,0.54799,0.00292181,0.000973938,0.00292181,0.000973938,0.00292181,0.000973938,0.00292181,0.000973938
85,8486.96,1.09601,0.54153,0.84572,0,0,0,0,0,0,0.47475,0.00397,0.00062,8e-05,0,0,0,0,0,0,0,0,0,0,0,0,0,0.59168,0.22271,0,0,0.50031,0.06352,0.49475,0.48418,0.85483,0.77897,0.8231,0.54794,1.14855,0.52404,0.85242,0,0,0,0,0,0,0,0,0,0,0,0,0,0,0,0,0,0,0,0,0,0,0,0,0,0,0,0,0,0,0,0.54794,0.00291994,0.000973312,0.00291994,0.000973312,0.00291994,0.000973312,0.00291994,0.000973312
86,8583.14,1.0953,0.54365,0.84592,0,0,0,0,0,0,0.55528,0.004,0.00147,0.00011,0,0,0,0,0,0,0,0,0,0,0,0,0,0.59005,0.24651,0,0,0.50031,0.06348,0.50657,0.49348,0.85298,0.77963,0.82265,0.54812,1.1476,0.52343,0.85236,0,0,0,0,0,0,0,0,0,0,0,0,0,0,0,0,0,0,0,0,0,0,0,0,0,0,0,0,0,0,0,0.54812,0.00291804,0.000972679,0.00291804,0.000972679,0.00291804,0.000972679,0.00291804,0.000972679
87,8679.41,1.0967,0.54383,0.84764,0,0,0,0,0,0,0.54566,0.00772,0.00147,8e-05,0,0,0,0,0,0,0,0,0,0,0,0,0,0.58766,0.2352,0,0,0.50013,0.06342,0.50399,0.49214,0.85338,0.77996,0.82316,0.54867,1.14762,0.52365,0.85237,0,0,0,0,0,0,0,0,0,0,0,0,0,0,0,0,0,0,0,0,0,0,0,0,0,0,0,0,0,0,0,0.54867,0.00291612,0.000972039,0.00291612,0.000972039,0.00291612,0.000972039,0.00291612,0.000972039
88,8778.52,1.08875,0.5428,0.84275,0,0,0,0,0,0,0.42285,0.01098,0.00239,4e-05,0,0,0,0,0,0,0,0,0,0,0,0,0,0.6167,0.23989,0,0,0.50029,0.06339,0.50534,0.4951,0.85278,0.78091,0.8233,0.54859,1.1477,0.52328,0.85231,0,0,0,0,0,0,0,0,0,0,0,0,0,0,0,0,0,0,0,0,0,0,0,0,0,0,0,0,0,0,0,0.54859,0.00291417,0.000971391,0.00291417,0.000971391,0.00291417,0.000971391,0.00291417,0.000971391
89,8878.99,1.09838,0.54149,0.84609,0,0,0,0,0,0,0.4867,0.01109,0.0006,0,0,0,0,0,0,0,0,0,0,0,0,0,0,0.6427,0.24083,0,0,0.5002,0.06351,0.49469,0.48496,0.85617,0.77988,0.82359,0.54843,1.1476,0.52325,0.85231,0,0,0,0,0,0,0,0,0,0,0,0,0,0,0,0,0,0,0,0,0,0,0,0,0,0,0,0,0,0,0,0.54843,0.00291221,0.000970736,0.00291221,0.000970736,0.00291221,0.000970736,0.00291221,0.000970736
90,8979.86,1.09744,0.54327,0.84551,0,0,0,0,0,0,0.54432,0.01083,0.00103,0,0,0,0,0,0,0,0,0,0,0,0,0,0,0.63285,0.23033,0,0,0.50018,0.06348,0.49802,0.48685,0.85638,0.77993,0.82344,0.54825,1.14737,0.52301,0.85227,0,0,0,0,0,0,0,0,0,0,0,0,0,0,0,0,0,0,0,0,0,0,0,0,0,0,0,0,0,0,0,0.54825,0.00291022,0.000970074,0.00291022,0.000970074,0.00291022,0.000970074,0.00291022,0.000970074
91,9077.5,1.09077,0.5435,0.84381,0,0,0,0,0,0,0.51619,0.01112,0.00072,7e-05,0,0,0,0,0,0,0,0,0,0,0,0,0,0.62803,0.22003,0,0,0.50013,0.06348,0.49614,0.48584,0.85712,0.77867,0.82415,0.54896,1.14678,0.5223,0.85228,0,0,0,0,0,0,0,0,0,0,0,0,0,0,0,0,0,0,0,0,0,0,0,0,0,0,0,0,0,0,0,0.54896,0.00290821,0.000969405,0.00290821,0.000969405,0.00290821,0.000969405,0.00290821,0.000969405
92,9176.69,1.09896,0.54223,0.84464,0,0,0,0,0,0,0.50203,0.01124,0.00066,0,0,0,0,0,0,0,0,0,0,0,0,0,0,0.61016,0.22606,0,0,0.50036,0.06359,0.49609,0.4858,0.85508,0.7795,0.82321,0.54932,1.14648,0.52244,0.8522,0,0,0,0,0,0,0,0,0,0,0,0,0,0,0,0,0,0,0,0,0,0,0,0,0,0,0,0,0,0,0,0.54932,0.00290618,0.000968728,0.00290618,0.000968728,0.00290618,0.000968728,0.00290618,0.000968728
93,9276.87,1.08775,0.54082,0.84229,0,0,0,0,0,0,0.42814,0.01136,0.0009,0.0001,0,0,0,0,0,0,0,0,0,0,0,0,0,0.61239,0.21685,0,0,0.50018,0.06341,0.493,0.48358,0.85861,0.77716,0.8235,0.54921,1.14688,0.52252,0.85226,0,0,0,0,0,0,0,0,0,0,0,0,0,0,0,0,0,0,0,0,0,0,0,0,0,0,0,0,0,0,0,0.54921,0.00290413,0.000968045,0.00290413,0.000968045,0.00290413,0.000968045,0.00290413,0.000968045
94,9378.81,1.08848,0.53993,0.84268,0,0,0,0,0,0,0.42884,0.01154,0.00078,2e-05,0,0,0,0,0,0,0,0,0,0,0,0,0,0.59583,0.23003,0,0,0.50016,0.06341,0.49324,0.4854,0.85823,0.77677,0.82293,0.5494,1.14696,0.52259,0.85227,0,0,0,0,0,0,0,0,0,0,0,0,0,0,0,0,0,0,0,0,0,0,0,0,0,0,0,0,0,0,0,0.5494,0.00290206,0.000967354,0.00290206,0.000967354,0.00290206,0.000967354,0.00290206,0.000967354
95,9475.17,1.08648,0.53848,0.84179,0,0,0,0,0,0,0.39027,0.00917,0.00098,5e-05,0,0,0,0,0,0,0,0,0,0,0,0,0,0.60091,0.23503,0,0,0.50013,0.06349,0.49493,0.48535,0.85923,0.7767,0.82297,0.54895,1.14679,0.52277,0.8522,0,0,0,0,0,0,0,0,0,0,0,0,0,0,0,0,0,0,0,0,0,0,0,0,0,0,0,0,0,0,0,0.54895,0.00289997,0.000966656,0.00289997,0.000966656,0.00289997,0.000966656,0.00289997,0.000966656
96,9572.67,1.09068,0.54283,0.84238,0,0,0,0,0,0,0.44423,0.00404,0.00088,5e-05,0,0,0,0,0,0,0,0,0,0,0,0,0,0.56274,0.20838,0,0,0.5002,0.06349,0.49136,0.48398,0.85732,0.77801,0.82328,0.54942,1.14594,0.52252,0.85207,0,0,0,0,0,0,0,0,0,0,0,0,0,0,0,0,0,0,0,0,0,0,0,0,0,0,0,0,0,0,0,0.54942,0.00289785,0.000965951,0.00289785,0.000965951,0.00289785,0.000965951,0.00289785,0.000965951
97,9668.4,1.09254,0.54324,0.8446,0,0,0,0,0,0,0.45965,0.00693,0.00126,0.00036,0,0,0,0,0,0,0,0,0,0,0,0,0,0.55005,0.23172,0,0,0.50031,0.06348,0.49783,0.48716,0.8564,0.77729,0.82278,0.54976,1.14559,0.52262,0.85204,0,0,0,0,0,0,0,0,0,0,0,0,0,0,0,0,0,0,0,0,0,0,0,0,0,0,0,0,0,0,0,0.54976,0.00289572,0.000965239,0.00289572,0.000965239,0.00289572,0.000965239,0.00289572,0.000965239
98,9770.44,1.08903,0.5434,0.84411,0,0,0,0,0,0,0.4866,0.01367,0.00128,6e-05,0,0,0,0,0,0,0,0,0,0,0,0,0,0.56665,0.23398,0,0,0.5003,0.06355,0.49438,0.48418,0.85682,0.77719,0.82304,0.54939,1.1454,0.52276,0.85203,0,0,0,0,0,0,0,0,0,0,0,0,0,0,0,0,0,0,0,0,0,0,0,0,0,0,0,0,0,0,0,0.54939,0.00289356,0.00096452,0.00289356,0.00096452,0.00289356,0.00096452,0.00289356,0.00096452
99,9870.19,1.09187,0.5408,0.8437,0,0,0,0,0,0,0.49257,0.01446,0.00077,1e-05,0,0,0,0,0,0,0,0,0,0,0,0,0,0.56928,0.21729,0,0,0.50034,0.06348,0.49462,0.48538,0.85623,0.77661,0.82192,0.5492,1.14571,0.52244,0.85213,0,0,0,0,0,0,0,0,0,0,0,0,0,0,0,0,0,0,0,0,0,0,0,0,0,0,0,0,0,0,0,0.5492,0.00289138,0.000963794,0.00289138,0.000963794,0.00289138,0.000963794,0.00289138,0.000963794
100,9968.12,1.08282,0.53686,0.84433,0,0,0,0,0,0,0.4489,0.01444,0.00094,3e-05,0,0,0,0,0,0,0,0,0,0,0,0,0,0.56175,0.21262,0,0,0.50023,0.06335,0.49341,0.48425,0.85562,0.77694,0.82178,0.54973,1.14547,0.52256,0.85194,0,0,0,0,0,0,0,0,0,0,0,0,0,0,0,0,0,0,0,0,0,0,0,0,0,0,0,0,0,0,0,0.54973,0.00288918,0.000963061,0.00288918,0.000963061,0.00288918,0.000963061,0.00288918,0.000963061
101,10066,1.09001,0.54139,0.84242,0,0,0,0,0,0,0.49312,0.01445,0.00093,2e-05,0,0,0,0,0,0,0,0,0,0,0,0,0,0.56425,0.20929,0,0,0.50015,0.06355,0.4938,0.48374,0.8577,0.77679,0.82224,0.55024,1.14477,0.52257,0.85185,0,0,0,0,0,0,0,0,0,0,0,0,0,0,0,0,0,0,0,0,0,0,0,0,0,0,0,0,0,0,0,0.55024,0.00288696,0.00096232,0.00288696,0.00096232,0.00288696,0.00096232,0.00288696,0.00096232
102,10164.4,1.09727,0.5419,0.84404,0,0,0,0,0,0,0.52337,0.01482,0.00098,0,0,0,0,0,0,0,0,0,0,0,0,0,0,0.56594,0.21278,0,0,0.50032,0.06346,0.49346,0.48419,0.85806,0.77636,0.82171,0.55007,1.14492,0.52278,0.85188,0,0,0,0,0,0,0,0,0,0,0,0,0,0,0,0,0,0,0,0,0,0,0,0,0,0,0,0,0,0,0,0.55007,0.00288472,0.000961573,0.00288472,0.000961573,0.00288472,0.000961573,0.00288472,0.000961573
103,10262.5,1.08839,0.53777,0.84316,0,0,0,0,0,0,0.44568,0.01501,0.00084,7e-05,0,0,0,0,0,0,0,0,0,0,0,0,0,0.57158,0.21469,0,0,0.50041,0.06356,0.49801,0.48704,0.85803,0.77781,0.82256,0.54977,1.14496,0.52252,0.85185,0,0,0,0,0,0,0,0,0,0,0,0,0,0,0,0,0,0,0,0,0,0,0,0,0,0,0,0,0,0,0,0.54977,0.00288246,0.000960819,0.00288246,0.000960819,0.00288246,0.000960819,0.00288246,0.000960819
104,10359.7,1.0931,0.53998,0.84463,0,0,0,0,0,0,0.45543,0.0153,0.00078,0,0,0,0,0,0,0,0,0,0,0,0,0,0,0.57464,0.22663,0,0,0.50031,0.06356,0.5001,0.48698,0.85735,0.77647,0.82216,0.55,1.14549,0.5227,0.85184,0,0,0,0,0,0,0,0,0,0,0,0,0,0,0,0,0,0,0,0,0,0,0,0,0,0,0,0,0,0,0,0.55,0.00288017,0.000960057,0.00288017,0.000960057,0.00288017,0.000960057,0.00288017,0.000960057
105,10458.2,1.08594,0.53969,0.84216,0,0,0,0,0,0,0.40105,0.01497,0.00141,9e-05,0,0,0,0,0,0,0,0,0,0,0,0,0,0.57552,0.22991,0,0,0.50022,0.06346,0.4981,0.48778,0.85833,0.77677,0.82352,0.55003,1.14523,0.52274,0.85184,0,0,0,0,0,0,0,0,0,0,0,0,0,0,0,0,0,0,0,0,0,0,0,0,0,0,0,0,0,0,0,0.55003,0.00287787,0.000959289,0.00287787,0.000959289,0.00287787,0.000959289,0.00287787,0.000959289
106,10557.3,1.08378,0.53565,0.84439,0,0,0,0,0,0,0.42248,0.00478,0.00131,0.00012,0,0,0,0,0,0,0,0,0,0,0,0,0,0.55771,0.22199,0,0,0.5002,0.06348,0.50092,0.48866,0.85795,0.77669,0.82337,0.55034,1.1454,0.52231,0.85193,0,0,0,0,0,0,0,0,0,0,0,0,0,0,0,0,0,0,0,0,0,0,0,0,0,0,0,0,0,0,0,0.55034,0.00287554,0.000958513,0.00287554,0.000958513,0.00287554,0.000958513,0.00287554,0.000958513
107,10654.8,1.08768,0.53581,0.84398,0,0,0,0,0,0,0.4312,0.00395,0.00108,8e-05,0,0,0,0,0,0,0,0,0,0,0,0,0,0.55585,0.21207,0,0,0.50022,0.06346,0.49487,0.48571,0.85751,0.77616,0.82352,0.55038,1.14524,0.5224,0.85181,0,0,0,0,0,0,0,0,0,0,0,0,0,0,0,0,0,0,0,0,0,0,0,0,0,0,0,0,0,0,0,0.55038,0.00287319,0.000957731,0.00287319,0.000957731,0.00287319,0.000957731,0.00287319,0.000957731
108,10753.2,1.09048,0.53994,0.84161,0,0,0,0,0,0,0.4432,0.00812,0.00091,7e-05,0,0,0,0,0,0,0,0,0,0,0,0,0,0.53755,0.20962,0,0,0.50029,0.06352,0.49316,0.48461,0.85778,0.7758,0.82292,0.55036,1.14444,0.52217,0.85168,0,0,0,0,0,0,0,0,0,0,0,0,0,0,0,0,0,0,0,0,0,0,0,0,0,0,0,0,0,0,0,0.55036,0.00287082,0.000956941,0.00287082,0.000956941,0.00287082,0.000956941,0.00287082,0.000956941
109,10849.9,1.0826,0.53702,0.8439,0,0,0,0,0,0,0.45565,0.0111,0.00095,0,0,0,0,0,0,0,0,0,0,0,0,0,0,0.53566,0.19943,0,0,0.50026,0.0634,0.49581,0.4857,0.85798,0.77532,0.82289,0.55113,1.14362,0.5222,0.85157,0,0,0,0,0,0,0,0,0,0,0,0,0,0,0,0,0,0,0,0,0,0,0,0,0,0,0,0,0,0,0,0.55113,0.00286843,0.000956145,0.00286843,0.000956145,0.00286843,0.000956145,0.00286843,0.000956145
110,10948.9,1.08344,0.5364,0.84233,0,0,0,0,0,0,0.44815,0.01113,0.00103,2e-05,0,0,0,0,0,0,0,0,0,0,0,0,0,0.53851,0.20773,0,0,0.50026,0.06345,0.49845,0.48835,0.85967,0.77639,0.82391,0.55122,1.14295,0.52246,0.8515,0,0,0,0,0,0,0,0,0,0,0,0,0,0,0,0,0,0,0,0,0,0,0,0,0,0,0,0,0,0,0,0.55122,0.00286602,0.000955341,0.00286602,0.000955341,0.00286602,0.000955341,0.00286602,0.000955341
111,11042.8,1.09006,0.54229,0.84181,0,0,0,0,0,0,0.47922,0.01147,0.00185,5e-05,0,0,0,0,0,0,0,0,0,0,0,0,0,0.59581,0.21333,0,0,0.50038,0.06351,0.50315,0.49102,0.85916,0.77659,0.82396,0.5509,1.14314,0.52244,0.85148,0,0,0,0,0,0,0,0,0,0,0,0,0,0,0,0,0,0,0,0,0,0,0,0,0,0,0,0,0,0,0,0.5509,0.00286359,0.000954531,0.00286359,0.000954531,0.00286359,0.000954531,0.00286359,0.000954531
112,11142.1,1.08671,0.53778,0.84577,0,0,0,0,0,0,0.40367,0.01189,0.00263,1e-05,0,0,0,0,0,0,0,0,0,0,0,0,0,0.61687,0.22084,0,0,0.50027,0.06353,0.50793,0.49465,0.85731,0.77714,0.82317,0.55102,1.14324,0.52253,0.85159,0,0,0,0,0,0,0,0,0,0,0,0,0,0,0,0,0,0,0,0,0,0,0,0,0,0,0,0,0,0,0,0.55102,0.00286114,0.000953714,0.00286114,0.000953714,0.00286114,0.000953714,0.00286114,0.000953714
113,11242.6,1.08015,0.53601,0.84092,0,0,0,0,0,0,0.44113,0.0161,0.00187,3e-05,0,0,0,0,0,0,0,0,0,0,0,0,0,0.61911,0.23862,0,0,0.50029,0.06351,0.50526,0.49233,0.85857,0.77718,0.82336,0.55145,1.14289,0.52251,0.85147,0,0,0,0,0,0,0,0,0,0,0,0,0,0,0,0,0,0,0,0,0,0,0,0,0,0,0,0,0,0,0,0.55145,0.00285867,0.000952889,0.00285867,0.000952889,0.00285867,0.000952889,0.00285867,0.000952889
114,11341.1,1.08762,0.53704,0.84313,0,0,0,0,0,0,0.42177,0.01849,0.00211,0,0,0,0,0,0,0,0,0,0,0,0,0,0,0.65286,0.23896,0,0,0.50025,0.06348,0.50568,0.49227,0.85956,0.77804,0.82439,0.55179,1.14266,0.52256,0.85144,0,0,0,0,0,0,0,0,0,0,0,0,0,0,0,0,0,0,0,0,0,0,0,0,0,0,0,0,0,0,0,0.55179,0.00285617,0.000952058,0.00285617,0.000952058,0.00285617,0.000952058,0.00285617,0.000952058
115,11440,1.08396,0.53558,0.84295,0,0,0,0,0,0,0.51234,0.0186,0.00141,2e-05,0,0,0,0,0,0,0,0,0,0,0,0,0,0.67741,0.2249,0,0,0.50032,0.06341,0.49634,0.48599,0.85973,0.77838,0.824,0.55179,1.14254,0.52274,0.85147,0,0,0,0,0,0,0,0,0,0,0,0,0,0,0,0,0,0,0,0,0,0,0,0,0,0,0,0,0,0,0,0.55179,0.00285366,0.00095122,0.00285366,0.00095122,0.00285366,0.00095122,0.00285366,0.00095122
116,11536.8,1.08099,0.53711,0.8426,0,0,0,0,0,0,0.46198,0.01862,0.00196,5e-05,0,0,0,0,0,0,0,0,0,0,0,0,0,0.66669,0.22294,0,0,0.50031,0.06345,0.50017,0.49046,0.85986,0.77826,0.82438,0.55171,1.14279,0.52293,0.85145,0,0,0,0,0,0,0,0,0,0,0,0,0,0,0,0,0,0,0,0,0,0,0,0,0,0,0,0,0,0,0,0.55171,0.00285113,0.000950375,0.00285113,0.000950375,0.00285113,0.000950375,0.00285113,0.000950375
117,11637.8,1.07755,0.53225,0.83975,0,0,0,0,0,0,0.30195,0.01893,0.00253,0,0,0,0,0,0,0,0,0,0,0,0,0,0,0.6729,0.22423,0,0,0.5002,0.06343,0.50558,0.49972,0.86052,0.77795,0.82444,0.55213,1.14248,0.52271,0.8515,0,0,0,0,0,0,0,0,0,0,0,0,0,0,0,0,0,0,0,0,0,0,0,0,0,0,0,0,0,0,0,0.55213,0.00284857,0.000949524,0.00284857,0.000949524,0.00284857,0.000949524,0.00284857,0.000949524
118,11735.3,1.07099,0.53277,0.84106,0,0,0,0,0,0,0.30927,0.01902,0.00269,0,0,0,0,0,0,0,0,0,0,0,0,0,0,0.67326,0.22495,0,0,0.50022,0.06344,0.50657,0.49996,0.85955,0.77775,0.8238,0.55174,1.14298,0.52282,0.85146,0,0,0,0,0,0,0,0,0,0,0,0,0,0,0,0,0,0,0,0,0,0,0,0,0,0,0,0,0,0,0,0.55174,0.002846,0.000948665,0.002846,0.000948665,0.002846,0.000948665,0.002846,0.000948665
119,11833.7,1.07951,0.53478,0.84135,0,0,0,0,0,0,0.31336,0.01892,0.00234,0,0,0,0,0,0,0,0,0,0,0,0,0,0,0.64758,0.21338,0,0,0.50025,0.06344,0.5075,0.49999,0.85934,0.7785,0.82384,0.55187,1.14267,0.52258,0.85147,0,0,0,0,0,0,0,0,0,0,0,0,0,0,0,0,0,0,0,0,0,0,0,0,0,0,0,0,0,0,0,0.55187,0.0028434,0.0009478,0.0028434,0.0009478,0.0028434,0.0009478,0.0028434,0.0009478
120,11938,1.07763,0.53488,0.83929,0,0,0,0,0,0,0.30522,0.01914,0.00241,0,0,0,0,0,0,0,0,0,0,0,0,0,0,0.67939,0.22352,0,0,0.50034,0.06349,0.50596,0.5001,0.85984,0.77832,0.82405,0.55191,1.14259,0.52286,0.85147,0,0,0,0,0,0,0,0,0,0,0,0,0,0,0,0,0,0,0,0,0,0,0,0,0,0,0,0,0,0,0,0.55191,0.00284078,0.000946927,0.00284078,0.000946927,0.00284078,0.000946927,0.00284078,0.000946927
121,12043.5,1.07929,0.53371,0.84094,0,0,0,0,0,0,0.28621,0.01676,0.0024,0,0,0,0,0,0,0,0,0,0,0,0,0,0,0.66395,0.22204,0,0,0.50025,0.0635,0.50687,0.49977,0.85823,0.77899,0.82427,0.55211,1.14192,0.52271,0.85148,0,0,0,0,0,0,0,0,0,0,0,0,0,0,0,0,0,0,0,0,0,0,0,0,0,0,0,0,0,0,0,0.55211,0.00283814,0.000946048,0.00283814,0.000946048,0.00283814,0.000946048,0.00283814,0.000946048
122,12139.5,1.07326,0.53384,0.83991,0,0,0,0,0,0,0.30004,0.01266,0.00218,0,0,0,0,0,0,0,0,0,0,0,0,0,0,0.63908,0.21382,0,0,0.50039,0.06355,0.50582,0.50015,0.8597,0.77866,0.82491,0.55214,1.14135,0.52289,0.85149,0,0,0,0,0,0,0,0,0,0,0,0,0,0,0,0,0,0,0,0,0,0,0,0,0,0,0,0,0,0,0,0.55214,0.00283549,0.000945162,0.00283549,0.000945162,0.00283549,0.000945162,0.00283549,0.000945162
123,12238,1.07243,0.53338,0.83992,0,0,0,0,0,0,0.28138,0.01267,0.00206,2e-05,0,0,0,0,0,0,0,0,0,0,0,0,0,0.63839,0.21932,0,0,0.50031,0.06345,0.506,0.50005,0.85741,0.77847,0.82493,0.55217,1.14104,0.52277,0.85144,0,0,0,0,0,0,0,0,0,0,0,0,0,0,0,0,0,0,0,0,0,0,0,0,0,0,0,0,0,0,0,0.55217,0.00283281,0.00094427,0.00283281,0.00094427,0.00283281,0.00094427,0.00283281,0.00094427
124,12338.3,1.0723,0.53329,0.84001,0,0,0,0,0,0,0.27647,0.01291,0.00181,1e-05,0,0,0,0,0,0,0,0,0,0,0,0,0,0.614,0.21358,0,0,0.50034,0.06347,0.50688,0.50009,0.85727,0.77976,0.82559,0.55227,1.14012,0.52235,0.85141,0,0,0,0,0,0,0,0,0,0,0,0,0,0,0,0,0,0,0,0,0,0,0,0,0,0,0,0,0,0,0,0.55227,0.00283011,0.00094337,0.00283011,0.00094337,0.00283011,0.00094337,0.00283011,0.00094337
125,12436.1,1.0635,0.52982,0.83907,0,0,0,0,0,0,0.27218,0.0129,0.00189,0,0,0,0,0,0,0,0,0,0,0,0,0,0,0.61914,0.21862,0,0,0.50028,0.06348,0.5062,0.50004,0.85554,0.77955,0.82515,0.55211,1.1403,0.52225,0.85136,0,0,0,0,0,0,0,0,0,0,0,0,0,0,0,0,0,0,0,0,0,0,0,0,0,0,0,0,0,0,0,0.55211,0.00282739,0.000942464,0.00282739,0.000942464,0.00282739,0.000942464,0.00282739,0.000942464
126,12535,1.06081,0.52721,0.84035,0,0,0,0,0,0,0.30816,0.01286,0.00172,0,0,0,0,0,0,0,0,0,0,0,0,0,0,0.62441,0.22513,0,0,0.50022,0.06341,0.5071,0.49997,0.85617,0.77929,0.8243,0.55153,1.13977,0.52233,0.85141,0,0,0,0,0,0,0,0,0,0,0,0,0,0,0,0,0,0,0,0,0,0,0,0,0,0,0,0,0,0,0,0.55153,0.00282465,0.000941551,0.00282465,0.000941551,0.00282465,0.000941551,0.00282465,0.000941551
127,12634.7,1.06796,0.53147,0.84137,0,0,0,0,0,0,0.2975,0.0129,0.00189,0,0,0,0,0,0,0,0,0,0,0,0,0,0,0.61466,0.23181,0,0,0.50035,0.06345,0.50642,0.49986,0.85433,0.77943,0.82401,0.55125,1.13971,0.52221,0.85132,0,0,0,0,0,0,0,0,0,0,0,0,0,0,0,0,0,0,0,0,0,0,0,0,0,0,0,0,0,0,0,0.55125,0.00282189,0.000940631,0.00282189,0.000940631,0.00282189,0.000940631,0.00282189,0.000940631
128,12733.9,1.06737,0.53252,0.83861,0,0,0,0,0,0,0.26654,0.01327,0.00151,1e-05,0,0,0,0,0,0,0,0,0,0,0,0,0,0.6312,0.23546,0,0,0.5003,0.06351,0.50723,0.50006,0.85682,0.77882,0.82372,0.55183,1.13906,0.52226,0.85121,0,0,0,0,0,0,0,0,0,0,0,0,0,0,0,0,0,0,0,0,0,0,0,0,0,0,0,0,0,0,0,0.55183,0.00281911,0.000939705,0.00281911,0.000939705,0.00281911,0.000939705,0.00281911,0.000939705
129,12832.7,1.06983,0.52782,0.83881,0,0,0,0,0,0,0.27525,0.0134,0.00152,4e-05,0,0,0,0,0,0,0,0,0,0,0,0,0,0.6743,0.25016,0,0,0.50019,0.06341,0.50708,0.49995,0.85448,0.77951,0.82351,0.55176,1.13831,0.5218,0.85121,0,0,0,0,0,0,0,0,0,0,0,0,0,0,0,0,0,0,0,0,0,0,0,0,0,0,0,0,0,0,0,0.55176,0.00281632,0.000938772,0.00281632,0.000938772,0.00281632,0.000938772,0.00281632,0.000938772
130,12929.2,1.07013,0.52977,0.83894,0,0,0,0,0,0,0.28324,0.00726,0.00162,0,0,0,0,0,0,0,0,0,0,0,0,0,0,0.65658,0.23127,0,0,0.50027,0.06346,0.50655,0.49978,0.85561,0.78024,0.8239,0.55207,1.13749,0.52187,0.85113,0,0,0,0,0,0,0,0,0,0,0,0,0,0,0,0,0,0,0,0,0,0,0,0,0,0,0,0,0,0,0,0.55207,0.0028135,0.000937832,0.0028135,0.000937832,0.0028135,0.000937832,0.0028135,0.000937832
131,13028.5,1.06946,0.52944,0.84,0,0,0,0,0,0,0.28829,0.00391,0.00164,0,0,0,0,0,0,0,0,0,0,0,0,0,0,0.60587,0.21689,0,0,0.50015,0.06347,0.50673,0.4999,0.85546,0.7804,0.8241,0.55226,1.13697,0.52171,0.851,0,0,0,0,0,0,0,0,0,0,0,0,0,0,0,0,0,0,0,0,0,0,0,0,0,0,0,0,0,0,0,0.55226,0.00281066,0.000936886,0.00281066,0.000936886,0.00281066,0.000936886,0.00281066,0.000936886
132,13129.1,1.06958,0.53024,0.84237,0,0,0,0,0,0,0.29976,0.00384,0.00152,0,0,0,0,0,0,0,0,0,0,0,0,0,0,0.59908,0.21918,0,0,0.50012,0.0634,0.50649,0.49986,0.85625,0.77978,0.82354,0.55224,1.13681,0.52164,0.85091,0,0,0,0,0,0,0,0,0,0,0,0,0,0,0,0,0,0,0,0,0,0,0,0,0,0,0,0,0,0,0,0.55224,0.0028078,0.000935932,0.0028078,0.000935932,0.0028078,0.000935932,0.0028078,0.000935932
133,13227.5,1.06643,0.53055,0.84102,0,0,0,0,0,0,0.32746,0.0036,0.0018,0,0,0,0,0,0,0,0,0,0,0,0,0,0,0.58523,0.22608,0,0,0.50027,0.06349,0.50685,0.49981,0.85578,0.7797,0.82326,0.55244,1.13666,0.52145,0.85079,0,0,0,0,0,0,0,0,0,0,0,0,0,0,0,0,0,0,0,0,0,0,0,0,0,0,0,0,0,0,0,0.55244,0.00280492,0.000934973,0.00280492,0.000934973,0.00280492,0.000934973,0.00280492,0.000934973
134,13331.7,1.07437,0.53109,0.84301,0,0,0,0,0,0,0.30682,0.00363,0.00161,0,0,0,0,0,0,0,0,0,0,0,0,0,0,0.58913,0.23613,0,0,0.5002,0.06343,0.50803,0.49994,0.85823,0.77875,0.82362,0.55232,1.13625,0.52119,0.85077,0,0,0,0,0,0,0,0,0,0,0,0,0,0,0,0,0,0,0,0,0,0,0,0,0,0,0,0,0,0,0,0.55232,0.00280202,0.000934006,0.00280202,0.000934006,0.00280202,0.000934006,0.00280202,0.000934006
135,13430.9,1.06428,0.52787,0.83999,0,0,0,0,0,0,0.28115,0.00352,0.00188,1e-05,0,0,0,0,0,0,0,0,0,0,0,0,0,0.61682,0.25249,0,0,0.50019,0.06345,0.50825,0.49994,0.85844,0.77844,0.82254,0.55241,1.13561,0.52122,0.8507,0,0,0,0,0,0,0,0,0,0,0,0,0,0,0,0,0,0,0,0,0,0,0,0,0,0,0,0,0,0,0,0.55241,0.0027991,0.000933033,0.0027991,0.000933033,0.0027991,0.000933033,0.0027991,0.000933033
136,13530.7,1.07255,0.53161,0.84132,0,0,0,0,0,0,0.3521,0.00351,0.00174,0,0,0,0,0,0,0,0,0,0,0,0,0,0,0.60436,0.24103,0,0,0.50033,0.06349,0.50664,0.49987,0.85887,0.77906,0.82333,0.55281,1.1349,0.52095,0.85063,0,0,0,0,0,0,0,0,0,0,0,0,0,0,0,0,0,0,0,0,0,0,0,0,0,0,0,0,0,0,0,0.55281,0.00279616,0.000932054,0.00279616,0.000932054,0.00279616,0.000932054,0.00279616,0.000932054
137,13628.3,1.06974,0.52674,0.83966,0,0,0,0,0,0,0.32051,0.00347,0.00179,3e-05,0,0,0,0,0,0,0,0,0,0,0,0,0,0.59492,0.2393,0,0,0.50023,0.06347,0.50758,0.49998,0.85886,0.77927,0.82283,0.55298,1.13429,0.52086,0.85046,0,0,0,0,0,0,0,0,0,0,0,0,0,0,0,0,0,0,0,0,0,0,0,0,0,0,0,0,0,0,0,0.55298,0.0027932,0.000931067,0.0027932,0.000931067,0.0027932,0.000931067,0.0027932,0.000931067
138,13729.5,1.07208,0.53011,0.84015,0,0,0,0,0,0,0.34461,0.00389,0.00188,0,0,0,0,0,0,0,0,0,0,0,0,0,0,0.62142,0.24253,0,0,0.50016,0.06352,0.50723,0.49991,0.85918,0.77927,0.82334,0.5529,1.13354,0.52076,0.85038,0,0,0,0,0,0,0,0,0,0,0,0,0,0,0,0,0,0,0,0,0,0,0,0,0,0,0,0,0,0,0,0.5529,0.00279022,0.000930075,0.00279022,0.000930075,0.00279022,0.000930075,0.00279022,0.000930075
139,13830.1,1.06289,0.52642,0.83873,0,0,0,0,0,0,0.2825,0.00876,0.00217,2e-05,0,0,0,0,0,0,0,0,0,0,0,0,0,0.63634,0.23827,0,0,0.50027,0.06346,0.50752,0.50002,0.85763,0.77966,0.82363,0.55368,1.13328,0.52069,0.85027,0,0,0,0,0,0,0,0,0,0,0,0,0,0,0,0,0,0,0,0,0,0,0,0,0,0,0,0,0,0,0,0.55368,0.00278723,0.000929075,0.00278723,0.000929075,0.00278723,0.000929075,0.00278723,0.000929075
140,13930.7,1.06555,0.52751,0.84061,0,0,0,0,0,0,0.30711,0.01127,0.00231,0,0,0,0,0,0,0,0,0,0,0,0,0,0,0.65532,0.23991,0,0,0.50026,0.06347,0.50973,0.5,0.85735,0.77971,0.82361,0.55297,1.13321,0.52054,0.85028,0,0,0,0,0,0,0,0,0,0,0,0,0,0,0,0,0,0,0,0,0,0,0,0,0,0,0,0,0,0,0,0.55297,0.00278421,0.000928069,0.00278421,0.000928069,0.00278421,0.000928069,0.00278421,0.000928069
141,14028.3,1.07229,0.53117,0.8424,0,0,0,0,0,0,0.34467,0.01125,0.00218,0.00012,0,0,0,0,0,0,0,0,0,0,0,0,0,0.65236,0.24535,0,0,0.50029,0.06342,0.50798,0.50005,0.85761,0.78016,0.82454,0.55378,1.13246,0.52027,0.85026,0,0,0,0,0,0,0,0,0,0,0,0,0,0,0,0,0,0,0,0,0,0,0,0,0,0,0,0,0,0,0,0.55378,0.00278117,0.000927057,0.00278117,0.000927057,0.00278117,0.000927057,0.00278117,0.000927057
142,14130.4,1.06395,0.528,0.84157,0,0,0,0,0,0,0.33768,0.01254,0.00192,0,0,0,0,0,0,0,0,0,0,0,0,0,0,0.66415,0.23539,0,0,0.50024,0.06344,0.50825,0.49974,0.85861,0.77991,0.82448,0.55365,1.13193,0.52041,0.85011,0,0,0,0,0,0,0,0,0,0,0,0,0,0,0,0,0,0,0,0,0,0,0,0,0,0,0,0,0,0,0,0.55365,0.00277811,0.000926038,0.00277811,0.000926038,0.00277811,0.000926038,0.00277811,0.000926038
143,14227.3,1.06753,0.52982,0.84147,0,0,0,0,0,0,0.33033,0.01893,0.00334,1e-05,0,0,0,0,0,0,0,0,0,0,0,0,0,0.66109,0.23414,0,0,0.50025,0.06347,0.5078,0.49976,0.85834,0.77921,0.82412,0.55406,1.13151,0.52031,0.85011,0,0,0,0,0,0,0,0,0,0,0,0,0,0,0,0,0,0,0,0,0,0,0,0,0,0,0,0,0,0,0,0.55406,0.00277504,0.000925013,0.00277504,0.000925013,0.00277504,0.000925013,0.00277504,0.000925013
144,14331.4,1.0681,0.52957,0.84141,0,0,0,0,0,0,0.30739,0.02012,0.00245,5e-05,0,0,0,0,0,0,0,0,0,0,0,0,0,0.67169,0.25025,0,0,0.50014,0.06344,0.50614,0.49944,0.85841,0.7796,0.82427,0.55417,1.13116,0.52049,0.85002,0,0,0,0,0,0,0,0,0,0,0,0,0,0,0,0,0,0,0,0,0,0,0,0,0,0,0,0,0,0,0,0.55417,0.00277194,0.000923981,0.00277194,0.000923981,0.00277194,0.000923981,0.00277194,0.000923981
145,14435.2,1.0695,0.53391,0.8377,0,0,0,0,0,0,0.35527,0.02031,0.0025,2e-05,0,0,0,0,0,0,0,0,0,0,0,0,0,0.6746,0.24093,0,0,0.50011,0.06341,0.50679,0.49965,0.86102,0.77937,0.8243,0.55429,1.13043,0.52026,0.84994,0,0,0,0,0,0,0,0,0,0,0,0,0,0,0,0,0,0,0,0,0,0,0,0,0,0,0,0,0,0,0,0.55429,0.00276883,0.000922942,0.00276883,0.000922942,0.00276883,0.000922942,0.00276883,0.000922942
146,14533.7,1.06357,0.52965,0.84067,0,0,0,0,0,0,0.36848,0.02084,0.00322,0.00015,0,0,0,0,0,0,0,0,0,0,0,0,0,0.66857,0.2289,0,0,0.50031,0.06346,0.50751,0.49985,0.86023,0.77853,0.82399,0.55427,1.13021,0.52015,0.84993,0,0,0,0,0,0,0,0,0,0,0,0,0,0,0,0,0,0,0,0,0,0,0,0,0,0,0,0,0,0,0,0.55427,0.00276569,0.000921898,0.00276569,0.000921898,0.00276569,0.000921898,0.00276569,0.000921898
147,14635.8,1.07616,0.53696,0.83908,0,0,0,0,0,0,0.38375,0.02099,0.00286,1e-05,0,0,0,0,0,0,0,0,0,0,0,0,0,0.72632,0.25623,0,0,0.50025,0.0635,0.50803,0.50001,0.85869,0.77879,0.82385,0.55424,1.12991,0.52028,0.84992,0,0,0,0,0,0,0,0,0,0,0,0,0,0,0,0,0,0,0,0,0,0,0,0,0,0,0,0,0,0,0,0.55424,0.00276254,0.000920846,0.00276254,0.000920846,0.00276254,0.000920846,0.00276254,0.000920846
148,14735.3,1.07108,0.53074,0.84095,0,0,0,0,0,0,0.39095,0.02097,0.00294,0,0,0,0,0,0,0,0,0,0,0,0,0,0,0.6791,0.22347,0,0,0.50014,0.06342,0.50605,0.49967,0.85988,0.77882,0.82424,0.5542,1.12994,0.52028,0.84987,0,0,0,0,0,0,0,0,0,0,0,0,0,0,0,0,0,0,0,0,0,0,0,0,0,0,0,0,0,0,0,0.5542,0.00275937,0.000919789,0.00275937,0.000919789,0.00275937,0.000919789,0.00275937,0.000919789
149,14833.7,1.07261,0.53038,0.8402,0,0,0,0,0,0,0.30458,0.02102,0.00292,0,0,0,0,0,0,0,0,0,0,0,0,0,0,0.68814,0.22053,0,0,0.50023,0.06341,0.50685,0.49998,0.86017,0.77949,0.82453,0.55422,1.12978,0.52041,0.84981,0,0,0,0,0,0,0,0,0,0,0,0,0,0,0,0,0,0,0,0,0,0,0,0,0,0,0,0,0,0,0,0.55422,0.00275617,0.000918725,0.00275617,0.000918725,0.00275617,0.000918725,0.00275617,0.000918725
150,14933.8,1.06537,0.52746,0.83961,0,0,0,0,0,0,0.32863,0.02125,0.00312,0.0001,0,0,0,0,0,0,0,0,0,0,0,0,0,0.70196,0.21597,0,0,0.50026,0.06344,0.50739,0.50001,0.86076,0.77944,0.82473,0.55407,1.12956,0.52075,0.8498,0,0,0,0,0,0,0,0,0,0,0,0,0,0,0,0,0,0,0,0,0,0,0,0,0,0,0,0,0,0,0,0.55407,0.00275296,0.000917654,0.00275296,0.000917654,0.00275296,0.000917654,0.00275296,0.000917654
151,15032,1.06501,0.52638,0.83812,0,0,0,0,0,0,0.29812,0.01465,0.0024,6e-05,0,0,0,0,0,0,0,0,0,0,0,0,0,0.69706,0.20954,0,0,0.5003,0.06348,0.5054,0.50005,0.85926,0.77963,0.82438,0.55412,1.12978,0.52082,0.84989,0,0,0,0,0,0,0,0,0,0,0,0,0,0,0,0,0,0,0,0,0,0,0,0,0,0,0,0,0,0,0,0.55412,0.00274973,0.000916577,0.00274973,0.000916577,0.00274973,0.000916577,0.00274973,0.000916577
152,15130.6,1.06203,0.52552,0.8388,0,0,0,0,0,0,0.30311,0.01248,0.0026,2e-05,0,0,0,0,0,0,0,0,0,0,0,0,0,0.70156,0.21668,0,0,0.50033,0.06351,0.50671,0.49985,0.859,0.7791,0.82469,0.55388,1.12941,0.52089,0.84987,0,0,0,0,0,0,0,0,0,0,0,0,0,0,0,0,0,0,0,0,0,0,0,0,0,0,0,0,0,0,0,0.55388,0.00274648,0.000915494,0.00274648,0.000915494,0.00274648,0.000915494,0.00274648,0.000915494
153,15230.1,1.05966,0.52837,0.84081,0,0,0,0,0,0,0.28882,0.01243,0.00251,0,0,0,0,0,0,0,0,0,0,0,0,0,0,0.67916,0.21346,0,0,0.50019,0.06344,0.50541,0.49995,0.85697,0.77907,0.82401,0.55368,1.12975,0.52097,0.84984,0,0,0,0,0,0,0,0,0,0,0,0,0,0,0,0,0,0,0,0,0,0,0,0,0,0,0,0,0,0,0,0.55368,0.00274321,0.000914405,0.00274321,0.000914405,0.00274321,0.000914405,0.00274321,0.000914405
154,15331.7,1.06173,0.52386,0.83938,0,0,0,0,0,0,0.30679,0.01257,0.00247,0,0,0,0,0,0,0,0,0,0,0,0,0,0,0.65606,0.22266,0,0,0.50005,0.06345,0.50519,0.49933,0.85785,0.77902,0.82394,0.55369,1.1296,0.52104,0.84988,0,0,0,0,0,0,0,0,0,0,0,0,0,0,0,0,0,0,0,0,0,0,0,0,0,0,0,0,0,0,0,0.55369,0.00273993,0.000913309,0.00273993,0.000913309,0.00273993,0.000913309,0.00273993,0.000913309
155,15435.8,1.06366,0.52673,0.83951,0,0,0,0,0,0,0.31002,0.01267,0.00234,0,0,0,0,0,0,0,0,0,0,0,0,0,0,0.64417,0.22176,0,0,0.50035,0.06352,0.50469,0.49968,0.8574,0.77905,0.82397,0.55362,1.1304,0.52114,0.85004,0,0,0,0,0,0,0,0,0,0,0,0,0,0,0,0,0,0,0,0,0,0,0,0,0,0,0,0,0,0,0,0.55362,0.00273662,0.000912207,0.00273662,0.000912207,0.00273662,0.000912207,0.00273662,0.000912207
156,15533.2,1.06198,0.52649,0.84024,0,0,0,0,0,0,0.30339,0.01298,0.00271,8e-05,0,0,0,0,0,0,0,0,0,0,0,0,0,0.63939,0.2109,0,0,0.50014,0.06337,0.50606,0.49967,0.85738,0.7803,0.82469,0.55361,1.13042,0.52117,0.85001,0,0,0,0,0,0,0,0,0,0,0,0,0,0,0,0,0,0,0,0,0,0,0,0,0,0,0,0,0,0,0,0.55361,0.0027333,0.000911099,0.0027333,0.000911099,0.0027333,0.000911099,0.0027333,0.000911099
157,15630.1,1.06226,0.52636,0.84097,0,0,0,0,0,0,0.29173,0.01321,0.00271,1e-05,0,0,0,0,0,0,0,0,0,0,0,0,0,0.66666,0.22119,0,0,0.5002,0.0634,0.50504,0.49948,0.85751,0.78128,0.82494,0.55361,1.13089,0.52137,0.85002,0,0,0,0,0,0,0,0,0,0,0,0,0,0,0,0,0,0,0,0,0,0,0,0,0,0,0,0,0,0,0,0.55361,0.00272995,0.000909984,0.00272995,0.000909984,0.00272995,0.000909984,0.00272995,0.000909984
158,15730,1.0604,0.52525,0.83991,0,0,0,0,0,0,0.29393,0.01297,0.0025,0,0,0,0,0,0,0,0,0,0,0,0,0,0,0.64471,0.21491,0,0,0.50023,0.06344,0.50463,0.49977,0.85656,0.78093,0.8251,0.55383,1.13128,0.52168,0.84993,0,0,0,0,0,0,0,0,0,0,0,0,0,0,0,0,0,0,0,0,0,0,0,0,0,0,0,0,0,0,0,0.55383,0.00272659,0.000908863,0.00272659,0.000908863,0.00272659,0.000908863,0.00272659,0.000908863
159,15829.6,1.07491,0.53227,0.84124,0,0,0,0,0,0,0.31262,0.0122,0.0022,4e-05,0,0,0,0,0,0,0,0,0,0,0,0,0,0.6292,0.22059,0,0,0.50018,0.06343,0.50692,0.49994,0.85728,0.77969,0.82419,0.55376,1.13065,0.52178,0.84995,0,0,0,0,0,0,0,0,0,0,0,0,0,0,0,0,0,0,0,0,0,0,0,0,0,0,0,0,0,0,0,0.55376,0.00272321,0.000907736,0.00272321,0.000907736,0.00272321,0.000907736,0.00272321,0.000907736
160,15926,1.06516,0.52836,0.83941,0,0,0,0,0,0,0.29232,0.00418,0.0019,0,0,0,0,0,0,0,0,0,0,0,0,0,0,0.63087,0.22697,0,0,0.50025,0.06352,0.50523,0.49952,0.85788,0.78057,0.82489,0.55367,1.13079,0.5219,0.84996,0,0,0,0,0,0,0,0,0,0,0,0,0,0,0,0,0,0,0,0,0,0,0,0,0,0,0,0,0,0,0,0.55367,0.00271981,0.000906603,0.00271981,0.000906603,0.00271981,0.000906603,0.00271981,0.000906603
161,16021.7,1.06627,0.52789,0.83869,0,0,0,0,0,0,0.30203,0.0036,0.00238,1e-05,0,0,0,0,0,0,0,0,0,0,0,0,0,0.65399,0.25484,0,0,0.50033,0.0635,0.50567,0.49983,0.85813,0.78009,0.82523,0.55368,1.13029,0.52178,0.84995,0,0,0,0,0,0,0,0,0,0,0,0,0,0,0,0,0,0,0,0,0,0,0,0,0,0,0,0,0,0,0,0.55368,0.00271639,0.000905463,0.00271639,0.000905463,0.00271639,0.000905463,0.00271639,0.000905463
162,16124.1,1.05977,0.52467,0.83859,0,0,0,0,0,0,0.29211,0.00527,0.00205,0,0,0,0,0,0,0,0,0,0,0,0,0,0,0.62497,0.2316,0,0,0.50027,0.06348,0.50673,0.49982,0.85929,0.78041,0.82544,0.55398,1.13,0.5222,0.84992,0,0,0,0,0,0,0,0,0,0,0,0,0,0,0,0,0,0,0,0,0,0,0,0,0,0,0,0,0,0,0,0.55398,0.00271295,0.000904318,0.00271295,0.000904318,0.00271295,0.000904318,0.00271295,0.000904318
163,16224.7,1.06626,0.52531,0.83931,0,0,0,0,0,0,0.26255,0.01286,0.00223,3e-05,0,0,0,0,0,0,0,0,0,0,0,0,0,0.62986,0.23967,0,0,0.50017,0.06336,0.507,0.49992,0.86132,0.77985,0.82537,0.55401,1.13026,0.52246,0.84987,0,0,0,0,0,0,0,0,0,0,0,0,0,0,0,0,0,0,0,0,0,0,0,0,0,0,0,0,0,0,0,0.55401,0.0027095,0.000903166,0.0027095,0.000903166,0.0027095,0.000903166,0.0027095,0.000903166
164,16319.6,1.06643,0.52906,0.83995,0,0,0,0,0,0,0.29467,0.01408,0.00257,0,0,0,0,0,0,0,0,0,0,0,0,0,0,0.62884,0.22739,0,0,0.50022,0.06342,0.50814,0.49951,0.86149,0.77953,0.82567,0.55368,1.13035,0.52263,0.85005,0,0,0,0,0,0,0,0,0,0,0,0,0,0,0,0,0,0,0,0,0,0,0,0,0,0,0,0,0,0,0,0.55368,0.00270602,0.000902008,0.00270602,0.000902008,0.00270602,0.000902008,0.00270602,0.000902008
165,16417.4,1.06551,0.52661,0.84108,0,0,0,0,0,0,0.29385,0.01402,0.00209,0,0,0,0,0,0,0,0,0,0,0,0,0,0,0.62431,0.23624,0,0,0.50032,0.06355,0.50668,0.50008,0.85863,0.77914,0.82504,0.55355,1.13051,0.52254,0.85012,0,0,0,0,0,0,0,0,0,0,0,0,0,0,0,0,0,0,0,0,0,0,0,0,0,0,0,0,0,0,0,0.55355,0.00270253,0.000900844,0.00270253,0.000900844,0.00270253,0.000900844,0.00270253,0.000900844
166,16515.7,1.06058,0.52744,0.83976,0,0,0,0,0,0,0.27988,0.01408,0.00189,0,0,0,0,0,0,0,0,0,0,0,0,0,0,0.6282,0.23867,0,0,0.50037,0.06346,0.50549,0.50013,0.85963,0.7801,0.82594,0.55411,1.12996,0.52219,0.8501,0,0,0,0,0,0,0,0,0,0,0,0,0,0,0,0,0,0,0,0,0,0,0,0,0,0,0,0,0,0,0,0.55411,0.00269902,0.000899674,0.00269902,0.000899674,0.00269902,0.000899674,0.00269902,0.000899674
167,16613.6,1.05731,0.52731,0.8387,0,0,0,0,0,0,0.29281,0.01424,0.00193,0,0,0,0,0,0,0,0,0,0,0,0,0,0,0.62953,0.23103,0,0,0.50019,0.06345,0.50615,0.49995,0.85901,0.77992,0.82612,0.55435,1.1294,0.52224,0.84995,0,0,0,0,0,0,0,0,0,0,0,0,0,0,0,0,0,0,0,0,0,0,0,0,0,0,0,0,0,0,0,0.55435,0.00269549,0.000898497,0.00269549,0.000898497,0.00269549,0.000898497,0.00269549,0.000898497
168,16709.7,1.05562,0.52206,0.83849,0,0,0,0,0,0,0.27116,0.01421,0.00174,0,0,0,0,0,0,0,0,0,0,0,0,0,0,0.61403,0.22913,0,0,0.50012,0.06345,0.50627,0.49986,0.85474,0.78046,0.8257,0.55431,1.12937,0.52229,0.84995,0,0,0,0,0,0,0,0,0,0,0,0,0,0,0,0,0,0,0,0,0,0,0,0,0,0,0,0,0,0,0,0.55431,0.00269195,0.000897315,0.00269195,0.000897315,0.00269195,0.000897315,0.00269195,0.000897315
169,16806.7,1.05631,0.52279,0.83909,0,0,0,0,0,0,0.28529,0.01423,0.00168,0,0,0,0,0,0,0,0,0,0,0,0,0,0,0.63737,0.23278,0,0,0.50012,0.06337,0.50642,0.49986,0.85595,0.78028,0.82617,0.55486,1.12929,0.52217,0.84996,0,0,0,0,0,0,0,0,0,0,0,0,0,0,0,0,0,0,0,0,0,0,0,0,0,0,0,0,0,0,0,0.55486,0.00268838,0.000896127,0.00268838,0.000896127,0.00268838,0.000896127,0.00268838,0.000896127
170,16899.2,1.05434,0.5223,0.83563,0,0,0,0,0,0,0.28761,0.01428,0.00183,0,0,0,0,0,0,0,0,0,0,0,0,0,0,0.64434,0.23714,0,0,0.50022,0.06352,0.50669,0.49974,0.85721,0.7806,0.82672,0.55473,1.12928,0.52166,0.84997,0,0,0,0,0,0,0,0,0,0,0,0,0,0,0,0,0,0,0,0,0,0,0,0,0,0,0,0,0,0,0,0.55473,0.0026848,0.000894932,0.0026848,0.000894932,0.0026848,0.000894932,0.0026848,0.000894932
171,17002.5,1.06063,0.5265,0.83819,0,0,0,0,0,0,0.26456,0.00605,0.00173,0,0,0,0,0,0,0,0,0,0,0,0,0,0,0.64604,0.23265,0,0,0.50017,0.06345,0.5057,0.49992,0.85736,0.78054,0.82668,0.55479,1.12909,0.52165,0.84989,0,0,0,0,0,0,0,0,0,0,0,0,0,0,0,0,0,0,0,0,0,0,0,0,0,0,0,0,0,0,0,0.55479,0.0026812,0.000893732,0.0026812,0.000893732,0.0026812,0.000893732,0.0026812,0.000893732
172,17099.6,1.0572,0.52368,0.83843,0,0,0,0,0,0,0.26868,0.00353,0.00173,0,0,0,0,0,0,0,0,0,0,0,0,0,0,0.62288,0.2269,0,0,0.50023,0.06346,0.50602,0.49997,0.85555,0.78136,0.8268,0.55475,1.12913,0.52185,0.84989,0,0,0,0,0,0,0,0,0,0,0,0,0,0,0,0,0,0,0,0,0,0,0,0,0,0,0,0,0,0,0,0.55475,0.00267758,0.000892525,0.00267758,0.000892525,0.00267758,0.000892525,0.00267758,0.000892525
173,17198.3,1.05418,0.52537,0.83983,0,0,0,0,0,0,0.26437,0.00339,0.0016,0,0,0,0,0,0,0,0,0,0,0,0,0,0,0.60876,0.22538,0,0,0.50011,0.06348,0.50533,0.49987,0.85674,0.78252,0.8271,0.55447,1.12956,0.52195,0.84992,0,0,0,0,0,0,0,0,0,0,0,0,0,0,0,0,0,0,0,0,0,0,0,0,0,0,0,0,0,0,0,0.55447,0.00267394,0.000891313,0.00267394,0.000891313,0.00267394,0.000891313,0.00267394,0.000891313
174,17294.8,1.05122,0.52125,0.83959,0,0,0,0,0,0,0.26936,0.0034,0.00161,0,0,0,0,0,0,0,0,0,0,0,0,0,0,0.59233,0.21857,0,0,0.50017,0.06339,0.50647,0.49993,0.86209,0.77936,0.82673,0.55486,1.12911,0.52163,0.84987,0,0,0,0,0,0,0,0,0,0,0,0,0,0,0,0,0,0,0,0,0,0,0,0,0,0,0,0,0,0,0,0.55486,0.00267028,0.000890095,0.00267028,0.000890095,0.00267028,0.000890095,0.00267028,0.000890095
175,17390.6,1.05113,0.52115,0.83866,0,0,0,0,0,0,0.24413,0.00326,0.0015,0,0,0,0,0,0,0,0,0,0,0,0,0,0,0.58507,0.22051,0,0,0.50019,0.06348,0.50504,0.49995,0.86276,0.77922,0.82691,0.55509,1.12938,0.52139,0.84991,0,0,0,0,0,0,0,0,0,0,0,0,0,0,0,0,0,0,0,0,0,0,0,0,0,0,0,0,0,0,0,0.55509,0.00266661,0.00088887,0.00266661,0.00088887,0.00266661,0.00088887,0.00266661,0.00088887
176,17485.4,1.05565,0.52095,0.83581,0,0,0,0,0,0,0.24473,0.00328,0.00147,0,0,0,0,0,0,0,0,0,0,0,0,0,0,0.57889,0.22768,0,0,0.5003,0.06352,0.5062,0.50005,0.86302,0.77914,0.82698,0.55502,1.12918,0.52119,0.84984,0,0,0,0,0,0,0,0,0,0,0,0,0,0,0,0,0,0,0,0,0,0,0,0,0,0,0,0,0,0,0,0.55502,0.00266292,0.00088764,0.00266292,0.00088764,0.00266292,0.00088764,0.00266292,0.00088764
177,17583.4,1.05379,0.52442,0.83812,0,0,0,0,0,0,0.29009,0.00336,0.00165,0,0,0,0,0,0,0,0,0,0,0,0,0,0,0.56945,0.22924,0,0,0.50022,0.06345,0.50608,0.49997,0.86149,0.7799,0.82674,0.55515,1.12885,0.52087,0.84972,0,0,0,0,0,0,0,0,0,0,0,0,0,0,0,0,0,0,0,0,0,0,0,0,0,0,0,0,0,0,0,0.55515,0.00265921,0.000886404,0.00265921,0.000886404,0.00265921,0.000886404,0.00265921,0.000886404
178,17681.7,1.05484,0.52457,0.83794,0,0,0,0,0,0,0.24787,0.00334,0.00157,0,0,0,0,0,0,0,0,0,0,0,0,0,0,0.56662,0.22349,0,0,0.50025,0.0635,0.50542,0.49999,0.86104,0.78043,0.82789,0.55582,1.12881,0.52052,0.84969,0,0,0,0,0,0,0,0,0,0,0,0,0,0,0,0,0,0,0,0,0,0,0,0,0,0,0,0,0,0,0,0.55582,0.00265549,0.000885162,0.00265549,0.000885162,0.00265549,0.000885162,0.00265549,0.000885162
179,17777.9,1.0575,0.52087,0.83695,0,0,0,0,0,0,0.27638,0.00324,0.00145,0,0,0,0,0,0,0,0,0,0,0,0,0,0,0.56607,0.22936,0,0,0.50001,0.06342,0.50615,0.49952,0.86188,0.78008,0.8275,0.55578,1.12871,0.52017,0.84965,0,0,0,0,0,0,0,0,0,0,0,0,0,0,0,0,0,0,0,0,0,0,0,0,0,0,0,0,0,0,0,0.55578,0.00265174,0.000883914,0.00265174,0.000883914,0.00265174,0.000883914,0.00265174,0.000883914
180,17873.2,1.05216,0.51846,0.83646,0,0,0,0,0,0,0.26565,0.00323,0.00133,0.0001,0,0,0,0,0,0,0,0,0,0,0,0,0,0.55208,0.22711,0,0,0.50018,0.06346,0.50558,0.49993,0.86295,0.78026,0.82858,0.55638,1.1283,0.51995,0.84967,0,0,0,0,0,0,0,0,0,0,0,0,0,0,0,0,0,0,0,0,0,0,0,0,0,0,0,0,0,0,0,0.55638,0.00264798,0.00088266,0.00264798,0.00088266,0.00264798,0.00088266,0.00264798,0.00088266
181,17969.8,1.05833,0.52228,0.84029,0,0,0,0,0,0,0.25551,0.00321,0.00104,0,0,0,0,0,0,0,0,0,0,0,0,0,0,0.56867,0.22886,0,0,0.50036,0.0635,0.50692,0.50011,0.86344,0.78074,0.82881,0.5562,1.12796,0.5198,0.84954,0,0,0,0,0,0,0,0,0,0,0,0,0,0,0,0,0,0,0,0,0,0,0,0,0,0,0,0,0,0,0,0.5562,0.0026442,0.000881401,0.0026442,0.000881401,0.0026442,0.000881401,0.0026442,0.000881401
182,18067,1.04697,0.51956,0.83899,0,0,0,0,0,0,0.27563,0.00323,0.00108,0,0,0,0,0,0,0,0,0,0,0,0,0,0,0.56708,0.23447,0,0,0.50034,0.06355,0.50604,0.50009,0.86242,0.78047,0.82831,0.55623,1.12741,0.5192,0.8495,0,0,0,0,0,0,0,0,0,0,0,0,0,0,0,0,0,0,0,0,0,0,0,0,0,0,0,0,0,0,0,0.55623,0.00264041,0.000880136,0.00264041,0.000880136,0.00264041,0.000880136,0.00264041,0.000880136
183,18166.9,1.05113,0.52206,0.83595,0,0,0,0,0,0,0.23239,0.00318,0.00113,0,0,0,0,0,0,0,0,0,0,0,0,0,0,0.56358,0.23257,0,0,0.50029,0.06351,0.50666,0.50004,0.86511,0.77979,0.82817,0.55615,1.12737,0.51911,0.84945,0,0,0,0,0,0,0,0,0,0,0,0,0,0,0,0,0,0,0,0,0,0,0,0,0,0,0,0,0,0,0,0.55615,0.00263659,0.000878864,0.00263659,0.000878864,0.00263659,0.000878864,0.00263659,0.000878864
184,18263.6,1.05164,0.52242,0.83807,0,0,0,0,0,0,0.26421,0.00323,0.00103,0,0,0,0,0,0,0,0,0,0,0,0,0,0,0.57006,0.23196,0,0,0.50015,0.06338,0.50716,0.4999,0.86317,0.78047,0.82804,0.55622,1.12641,0.5189,0.8493,0,0,0,0,0,0,0,0,0,0,0,0,0,0,0,0,0,0,0,0,0,0,0,0,0,0,0,0,0,0,0,0.55622,0.00263276,0.000877588,0.00263276,0.000877588,0.00263276,0.000877588,0.00263276,0.000877588
185,18362.7,1.05341,0.52117,0.83626,0,0,0,0,0,0,0.25574,0.00315,0.00127,4e-05,0,0,0,0,0,0,0,0,0,0,0,0,0,0.56725,0.23611,0,0,0.50037,0.0635,0.5071,0.50011,0.86511,0.77993,0.8282,0.5568,1.12575,0.51863,0.84926,0,0,0,0,0,0,0,0,0,0,0,0,0,0,0,0,0,0,0,0,0,0,0,0,0,0,0,0,0,0,0,0.5568,0.00262891,0.000876305,0.00262891,0.000876305,0.00262891,0.000876305,0.00262891,0.000876305
186,18460.5,1.0577,0.52186,0.83698,0,0,0,0,0,0,0.25004,0.00325,0.00118,4e-05,0,0,0,0,0,0,0,0,0,0,0,0,0,0.57508,0.23116,0,0,0.50033,0.0635,0.50649,0.49986,0.86313,0.78029,0.82769,0.55687,1.12529,0.51892,0.84916,0,0,0,0,0,0,0,0,0,0,0,0,0,0,0,0,0,0,0,0,0,0,0,0,0,0,0,0,0,0,0,0.55687,0.00262505,0.000875017,0.00262505,0.000875017,0.00262505,0.000875017,0.00262505,0.000875017
187,18556.6,1.04997,0.51943,0.8368,0,0,0,0,0,0,0.27389,0.00312,0.0012,0,0,0,0,0,0,0,0,0,0,0,0,0,0,0.562,0.22416,0,0,0.50024,0.06352,0.50696,0.49999,0.86261,0.78024,0.82773,0.55663,1.12486,0.51871,0.84914,0,0,0,0,0,0,0,0,0,0,0,0,0,0,0,0,0,0,0,0,0,0,0,0,0,0,0,0,0,0,0,0.55663,0.00262117,0.000873723,0.00262117,0.000873723,0.00262117,0.000873723,0.00262117,0.000873723
188,18652.1,1.0485,0.51693,0.83944,0,0,0,0,0,0,0.2621,0.00314,0.00093,2e-05,0,0,0,0,0,0,0,0,0,0,0,0,0,0.55535,0.21849,0,0,0.50013,0.06343,0.50726,0.49987,0.86256,0.78011,0.82811,0.55708,1.1249,0.51883,0.84915,0,0,0,0,0,0,0,0,0,0,0,0,0,0,0,0,0,0,0,0,0,0,0,0,0,0,0,0,0,0,0,0.55708,0.00261727,0.000872423,0.00261727,0.000872423,0.00261727,0.000872423,0.00261727,0.000872423
189,18750.6,1.04027,0.5169,0.83695,0,0,0,0,0,0,0.26516,0.00319,0.00114,0,0,0,0,0,0,0,0,0,0,0,0,0,0,0.56858,0.21841,0,0,0.50035,0.0636,0.50674,0.5001,0.86176,0.78164,0.82841,0.55713,1.12499,0.51864,0.84908,0,0,0,0,0,0,0,0,0,0,0,0,0,0,0,0,0,0,0,0,0,0,0,0,0,0,0,0,0,0,0,0.55713,0.00261335,0.000871117,0.00261335,0.000871117,0.00261335,0.000871117,0.00261335,0.000871117
190,18847.8,1.05452,0.52038,0.83756,0,0,0,0,0,0,0.31609,0.00317,0.00131,1e-05,0,0,0,0,0,0,0,0,0,0,0,0,0,0.58194,0.23021,0,0,0.50036,0.06344,0.507,0.5001,0.86076,0.78249,0.82803,0.55721,1.12492,0.51832,0.84906,0,0,0,0,0,0,0,0,0,0,0,0,0,0,0,0,0,0,0,0,0,0,0,0,0,0,0,0,0,0,0,0.55721,0.00260942,0.000869806,0.00260942,0.000869806,0.00260942,0.000869806,0.00260942,0.000869806
191,18944.7,1.04883,0.52118,0.83716,0,0,0,0,0,0,0.27507,0.00318,0.00089,0,0,0,0,0,0,0,0,0,0,0,0,0,0,0.58591,0.23236,0,0,0.50025,0.06347,0.50851,0.49998,0.86151,0.78213,0.82865,0.55716,1.12465,0.51808,0.84902,0,0,0,0,0,0,0,0,0,0,0,0,0,0,0,0,0,0,0,0,0,0,0,0,0,0,0,0,0,0,0,0.55716,0.00260547,0.00086849,0.00260547,0.00086849,0.00260547,0.00086849,0.00260547,0.00086849
192,19040.9,1.04624,0.51801,0.8363,0,0,0,0,0,0,0.29511,0.00313,0.00101,0,0,0,0,0,0,0,0,0,0,0,0,0,0,0.58555,0.23204,0,0,0.50022,0.06352,0.5079,0.49997,0.86077,0.78163,0.82827,0.55731,1.12449,0.51791,0.84906,0,0,0,0,0,0,0,0,0,0,0,0,0,0,0,0,0,0,0,0,0,0,0,0,0,0,0,0,0,0,0,0.55731,0.0026015,0.000867167,0.0026015,0.000867167,0.0026015,0.000867167,0.0026015,0.000867167
193,19139.2,1.05837,0.52469,0.83854,0,0,0,0,0,0,0.25539,0.00317,0.00119,0,0,0,0,0,0,0,0,0,0,0,0,0,0,0.56711,0.22154,0,0,0.50023,0.06347,0.50617,0.49975,0.86263,0.78086,0.82879,0.55775,1.12346,0.51697,0.84894,0,0,0,0,0,0,0,0,0,0,0,0,0,0,0,0,0,0,0,0,0,0,0,0,0,0,0,0,0,0,0,0.55775,0.00259752,0.000865839,0.00259752,0.000865839,0.00259752,0.000865839,0.00259752,0.000865839
194,19238.2,1.05267,0.52055,0.83567,0,0,0,0,0,0,0.26573,0.00312,0.0012,2e-05,0,0,0,0,0,0,0,0,0,0,0,0,0,0.56885,0.22516,0,0,0.50027,0.06347,0.50629,0.50001,0.86195,0.78177,0.82908,0.55741,1.12343,0.51705,0.84888,0,0,0,0,0,0,0,0,0,0,0,0,0,0,0,0,0,0,0,0,0,0,0,0,0,0,0,0,0,0,0,0.55741,0.00259352,0.000864506,0.00259352,0.000864506,0.00259352,0.000864506,0.00259352,0.000864506
195,19334.9,1.04991,0.51912,0.83634,0,0,0,0,0,0,0.26118,0.00314,0.00123,0,0,0,0,0,0,0,0,0,0,0,0,0,0,0.55817,0.21383,0,0,0.50038,0.06355,0.5071,0.50013,0.86183,0.7824,0.82943,0.55779,1.12387,0.51685,0.84893,0,0,0,0,0,0,0,0,0,0,0,0,0,0,0,0,0,0,0,0,0,0,0,0,0,0,0,0,0,0,0,0.55779,0.0025895,0.000863167,0.0025895,0.000863167,0.0025895,0.000863167,0.0025895,0.000863167
196,19431.5,1.04511,0.51913,0.83676,0,0,0,0,0,0,0.27228,0.00316,0.00122,0,0,0,0,0,0,0,0,0,0,0,0,0,0,0.54676,0.20991,0,0,0.50024,0.06349,0.50698,0.5,0.85911,0.78353,0.8294,0.558,1.12297,0.51652,0.8489,0,0,0,0,0,0,0,0,0,0,0,0,0,0,0,0,0,0,0,0,0,0,0,0,0,0,0,0,0,0,0,0.558,0.00258547,0.000861823,0.00258547,0.000861823,0.00258547,0.000861823,0.00258547,0.000861823
197,19528,1.051,0.52039,0.83601,0,0,0,0,0,0,0.29916,0.00311,0.00133,1e-05,0,0,0,0,0,0,0,0,0,0,0,0,0,0.57029,0.22213,0,0,0.50022,0.06355,0.50774,0.49997,0.86035,0.78327,0.82955,0.55778,1.123,0.51648,0.84886,0,0,0,0,0,0,0,0,0,0,0,0,0,0,0,0,0,0,0,0,0,0,0,0,0,0,0,0,0,0,0,0.55778,0.00258142,0.000860473,0.00258142,0.000860473,0.00258142,0.000860473,0.00258142,0.000860473
198,19624.8,1.051,0.51902,0.83806,0,0,0,0,0,0,0.26014,0.00312,0.0012,0,0,0,0,0,0,0,0,0,0,0,0,0,0,0.56958,0.23113,0,0,0.50022,0.06345,0.50812,0.49996,0.86013,0.7835,0.83018,0.55807,1.12343,0.51651,0.8488,0,0,0,0,0,0,0,0,0,0,0,0,0,0,0,0,0,0,0,0,0,0,0,0,0,0,0,0,0,0,0,0.55807,0.00257735,0.000859117,0.00257735,0.000859117,0.00257735,0.000859117,0.00257735,0.000859117
199,19721.6,1.04827,0.52099,0.83776,0,0,0,0,0,0,0.28101,0.00309,0.0012,0,0,0,0,0,0,0,0,0,0,0,0,0,0,0.55226,0.22781,0,0,0.50025,0.06341,0.5081,0.49999,0.859,0.78317,0.82956,0.55799,1.12357,0.51637,0.84885,0,0,0,0,0,0,0,0,0,0,0,0,0,0,0,0,0,0,0,0,0,0,0,0,0,0,0,0,0,0,0,0.55799,0.00257327,0.000857756,0.00257327,0.000857756,0.00257327,0.000857756,0.00257327,0.000857756
200,19823.9,1.04711,0.52123,0.83811,0,0,0,0,0,0,0.25947,0.00309,0.00105,0,0,0,0,0,0,0,0,0,0,0,0,0,0,0.55366,0.22556,0,0,0.50024,0.06341,0.50732,0.49999,0.86029,0.78277,0.82998,0.55807,1.12338,0.5162,0.84878,0,0,0,0,0,0,0,0,0,0,0,0,0,0,0,0,0,0,0,0,0,0,0,0,0,0,0,0,0,0,0,0.55807,0.00256917,0.00085639,0.00256917,0.00085639,0.00256917,0.00085639,0.00256917,0.00085639
201,19921.6,1.04809,0.51843,0.83696,0,0,0,0,0,0,0.26939,0.00305,0.00111,0,0,0,0,0,0,0,0,0,0,0,0,0,0,0.55475,0.22681,0,0,0.50021,0.06351,0.50775,0.49996,0.85974,0.78365,0.83009,0.55805,1.12394,0.51614,0.84882,0,0,0,0,0,0,0,0,0,0,0,0,0,0,0,0,0,0,0,0,0,0,0,0,0,0,0,0,0,0,0,0.55805,0.00256505,0.000855018,0.00256505,0.000855018,0.00256505,0.000855018,0.00256505,0.000855018
202,20018.3,1.05122,0.51918,0.83752,0,0,0,0,0,0,0.25215,0.00304,0.00108,1e-05,0,0,0,0,0,0,0,0,0,0,0,0,0,0.56984,0.2259,0,0,0.50016,0.06344,0.5084,0.49991,0.86112,0.78299,0.82932,0.5582,1.12425,0.51589,0.84886,0,0,0,0,0,0,0,0,0,0,0,0,0,0,0,0,0,0,0,0,0,0,0,0,0,0,0,0,0,0,0,0.5582,0.00256092,0.000853641,0.00256092,0.000853641,0.00256092,0.000853641,0.00256092,0.000853641
203,20114.5,1.04261,0.51779,0.83714,0,0,0,0,0,0,0.30837,0.00299,0.00115,0,0,0,0,0,0,0,0,0,0,0,0,0,0,0.54198,0.21519,0,0,0.5002,0.06347,0.50786,0.49995,0.86174,0.78301,0.82968,0.5579,1.12408,0.51602,0.84889,0,0,0,0,0,0,0,0,0,0,0,0,0,0,0,0,0,0,0,0,0,0,0,0,0,0,0,0,0,0,0,0.5579,0.00255677,0.000852258,0.00255677,0.000852258,0.00255677,0.000852258,0.00255677,0.000852258
204,20215.8,1.04696,0.51672,0.83898,0,0,0,0,0,0,0.25983,0.00309,0.0011,1e-05,0,0,0,0,0,0,0,0,0,0,0,0,0,0.53724,0.2089,0,0,0.5002,0.06339,0.50778,0.4997,0.86119,0.78311,0.8291,0.55827,1.12405,0.51637,0.84886,0,0,0,0,0,0,0,0,0,0,0,0,0,0,0,0,0,0,0,0,0,0,0,0,0,0,0,0,0,0,0,0.55827,0.00255261,0.00085087,0.00255261,0.00085087,0.00255261,0.00085087,0.00255261,0.00085087
205,20313.4,1.05136,0.51963,0.83909,0,0,0,0,0,0,0.2631,0.00304,0.00126,2e-05,0,0,0,0,0,0,0,0,0,0,0,0,0,0.54116,0.21646,0,0,0.50023,0.06345,0.50884,0.49997,0.85923,0.78231,0.82869,0.55865,1.12423,0.51579,0.84889,0,0,0,0,0,0,0,0,0,0,0,0,0,0,0,0,0,0,0,0,0,0,0,0,0,0,0,0,0,0,0,0.55865,0.00254843,0.000849477,0.00254843,0.000849477,0.00254843,0.000849477,0.00254843,0.000849477
206,20410,1.04909,0.51917,0.83941,0,0,0,0,0,0,0.2958,0.00306,0.00109,0,0,0,0,0,0,0,0,0,0,0,0,0,0,0.55306,0.22381,0,0,0.5002,0.06345,0.50721,0.49994,0.8597,0.78244,0.82849,0.55834,1.1246,0.51591,0.84892,0,0,0,0,0,0,0,0,0,0,0,0,0,0,0,0,0,0,0,0,0,0,0,0,0,0,0,0,0,0,0,0.55834,0.00254423,0.000848078,0.00254423,0.000848078,0.00254423,0.000848078,0.00254423,0.000848078
207,20507.4,1.04803,0.51768,0.83972,0,0,0,0,0,0,0.2737,0.00298,0.00108,0,0,0,0,0,0,0,0,0,0,0,0,0,0,0.55156,0.225,0,0,0.50022,0.06343,0.50663,0.49996,0.86017,0.78321,0.82898,0.55809,1.12438,0.51617,0.84889,0,0,0,0,0,0,0,0,0,0,0,0,0,0,0,0,0,0,0,0,0,0,0,0,0,0,0,0,0,0,0,0.55809,0.00254002,0.000846674,0.00254002,0.000846674,0.00254002,0.000846674,0.00254002,0.000846674
208,20602.6,1.04981,0.51789,0.83677,0,0,0,0,0,0,0.27566,0.00295,0.001,0,0,0,0,0,0,0,0,0,0,0,0,0,0,0.55042,0.22,0,0,0.50022,0.06349,0.50711,0.49974,0.85928,0.78242,0.82876,0.55839,1.12396,0.51608,0.8489,0,0,0,0,0,0,0,0,0,0,0,0,0,0,0,0,0,0,0,0,0,0,0,0,0,0,0,0,0,0,0,0.55839,0.0025358,0.000845265,0.0025358,0.000845265,0.0025358,0.000845265,0.0025358,0.000845265
209,20700.1,1.04156,0.51376,0.83661,0,0,0,0,0,0,0.264,0.00302,0.00121,3e-05,0,0,0,0,0,0,0,0,0,0,0,0,0,0.54192,0.2156,0,0,0.50018,0.06343,0.50893,0.49991,0.85858,0.78216,0.82847,0.55871,1.12358,0.51574,0.84884,0,0,0,0,0,0,0,0,0,0,0,0,0,0,0,0,0,0,0,0,0,0,0,0,0,0,0,0,0,0,0,0.55871,0.00253155,0.000843851,0.00253155,0.000843851,0.00253155,0.000843851,0.00253155,0.000843851
210,20796.9,1.0391,0.51425,0.83613,0,0,0,0,0,0,0.25452,0.00297,0.00123,0,0,0,0,0,0,0,0,0,0,0,0,0,0,0.55857,0.2215,0,0,0.50027,0.06348,0.50731,0.50001,0.85797,0.78251,0.82829,0.55898,1.12363,0.51553,0.84883,0,0,0,0,0,0,0,0,0,0,0,0,0,0,0,0,0,0,0,0,0,0,0,0,0,0,0,0,0,0,0,0.55898,0.00252729,0.000842431,0.00252729,0.000842431,0.00252729,0.000842431,0.00252729,0.000842431
211,20889.7,1.0416,0.51605,0.83752,0,0,0,0,0,0,0.26631,0.00298,0.00094,0,0,0,0,0,0,0,0,0,0,0,0,0,0,0.53817,0.22243,0,0,0.50025,0.06342,0.50767,0.49977,0.85826,0.78239,0.82875,0.55892,1.12331,0.51541,0.84877,0,0,0,0,0,0,0,0,0,0,0,0,0,0,0,0,0,0,0,0,0,0,0,0,0,0,0,0,0,0,0,0.55892,0.00252302,0.000841006,0.00252302,0.000841006,0.00252302,0.000841006,0.00252302,0.000841006
212,20983.7,1.05163,0.52034,0.83781,0,0,0,0,0,0,0.25309,0.00294,0.00083,0,0,0,0,0,0,0,0,0,0,0,0,0,0,0.55333,0.22689,0,0,0.50036,0.06354,0.50764,0.50012,0.8574,0.7826,0.82794,0.55876,1.12311,0.51562,0.84874,0,0,0,0,0,0,0,0,0,0,0,0,0,0,0,0,0,0,0,0,0,0,0,0,0,0,0,0,0,0,0,0.55876,0.00251873,0.000839576,0.00251873,0.000839576,0.00251873,0.000839576,0.00251873,0.000839576
213,21076.5,1.04949,0.51802,0.83557,0,0,0,0,0,0,0.25912,0.0029,0.00103,1e-05,0,0,0,0,0,0,0,0,0,0,0,0,0,0.56072,0.22849,0,0,0.50016,0.06347,0.50641,0.49992,0.8616,0.78071,0.82815,0.55855,1.12288,0.51529,0.84875,0,0,0,0,0,0,0,0,0,0,0,0,0,0,0,0,0,0,0,0,0,0,0,0,0,0,0,0,0,0,0,0.55855,0.00251442,0.000838141,0.00251442,0.000838141,0.00251442,0.000838141,0.00251442,0.000838141
214,21170.7,1.04039,0.5153,0.83725,0,0,0,0,0,0,0.24889,0.00293,0.001,0,0,0,0,0,0,0,0,0,0,0,0,0,0,0.56693,0.2209,0,0,0.50018,0.06345,0.50724,0.49969,0.86257,0.77976,0.82909,0.55879,1.12294,0.51551,0.84868,0,0,0,0,0,0,0,0,0,0,0,0,0,0,0,0,0,0,0,0,0,0,0,0,0,0,0,0,0,0,0,0.55879,0.0025101,0.000836701,0.0025101,0.000836701,0.0025101,0.000836701,0.0025101,0.000836701
215,21269.2,1.04029,0.51562,0.83593,0,0,0,0,0,0,0.24688,0.00291,0.00109,0,0,0,0,0,0,0,0,0,0,0,0,0,0,0.56039,0.22377,0,0,0.50017,0.06343,0.50679,0.49993,0.86159,0.78034,0.8286,0.55869,1.12283,0.51539,0.84869,0,0,0,0,0,0,0,0,0,0,0,0,0,0,0,0,0,0,0,0,0,0,0,0,0,0,0,0,0,0,0,0.55869,0.00250577,0.000835255,0.00250577,0.000835255,0.00250577,0.000835255,0.00250577,0.000835255
216,21367.9,1.05181,0.51869,0.83761,0,0,0,0,0,0,0.26483,0.00291,0.00099,0,0,0,0,0,0,0,0,0,0,0,0,0,0,0.56961,0.22403,0,0,0.50021,0.06345,0.50717,0.49974,0.86322,0.78038,0.82914,0.55857,1.12245,0.5152,0.84857,0,0,0,0,0,0,0,0,0,0,0,0,0,0,0,0,0,0,0,0,0,0,0,0,0,0,0,0,0,0,0,0.55857,0.00250141,0.000833805,0.00250141,0.000833805,0.00250141,0.000833805,0.00250141,0.000833805
217,21464.4,1.04365,0.51386,0.83637,0,0,0,0,0,0,0.26188,0.00287,0.001,1e-05,0,0,0,0,0,0,0,0,0,0,0,0,0,0.56047,0.21795,0,0,0.50025,0.06345,0.50778,0.49999,0.85831,0.78231,0.82832,0.55852,1.1233,0.51562,0.84863,0,0,0,0,0,0,0,0,0,0,0,0,0,0,0,0,0,0,0,0,0,0,0,0,0,0,0,0,0,0,0,0.55852,0.00249705,0.000832349,0.00249705,0.000832349,0.00249705,0.000832349,0.00249705,0.000832349
218,21561.3,1.05193,0.51783,0.83715,0,0,0,0,0,0,0.27989,0.00291,0.00086,0,0,0,0,0,0,0,0,0,0,0,0,0,0,0.55517,0.21029,0,0,0.50027,0.06343,0.50659,0.49979,0.8595,0.78257,0.82892,0.55891,1.123,0.51502,0.84858,0,0,0,0,0,0,0,0,0,0,0,0,0,0,0,0,0,0,0,0,0,0,0,0,0,0,0,0,0,0,0,0.55891,0.00249267,0.000830889,0.00249267,0.000830889,0.00249267,0.000830889,0.00249267,0.000830889
219,21656.1,1.05424,0.5204,0.83672,0,0,0,0,0,0,0.27764,0.00299,0.00093,7e-05,0,0,0,0,0,0,0,0,0,0,0,0,0,0.57355,0.21918,0,0,0.50014,0.06341,0.50723,0.49963,0.86008,0.78293,0.82988,0.55975,1.12283,0.51497,0.84856,0,0,0,0,0,0,0,0,0,0,0,0,0,0,0,0,0,0,0,0,0,0,0,0,0,0,0,0,0,0,0,0.55975,0.00248827,0.000829423,0.00248827,0.000829423,0.00248827,0.000829423,0.00248827,0.000829423
220,21753.7,1.04936,0.51872,0.83756,0,0,0,0,0,0,0.2713,0.00295,0.0009,0,0,0,0,0,0,0,0,0,0,0,0,0,0,0.56679,0.21392,0,0,0.5002,0.06346,0.5072,0.49994,0.86173,0.78324,0.83003,0.55966,1.12226,0.51529,0.84861,0,0,0,0,0,0,0,0,0,0,0,0,0,0,0,0,0,0,0,0,0,0,0,0,0,0,0,0,0,0,0,0.55966,0.00248386,0.000827952,0.00248386,0.000827952,0.00248386,0.000827952,0.00248386,0.000827952
221,21850.8,1.04581,0.51859,0.83741,0,0,0,0,0,0,0.2581,0.00291,0.00096,0,0,0,0,0,0,0,0,0,0,0,0,0,0,0.57413,0.21928,0,0,0.5002,0.06343,0.50722,0.49971,0.86267,0.78427,0.83067,0.5597,1.12237,0.51507,0.84856,0,0,0,0,0,0,0,0,0,0,0,0,0,0,0,0,0,0,0,0,0,0,0,0,0,0,0,0,0,0,0,0.5597,0.00247943,0.000826477,0.00247943,0.000826477,0.00247943,0.000826477,0.00247943,0.000826477
222,21945.1,1.04337,0.51502,0.83715,0,0,0,0,0,0,0.26446,0.00288,0.00087,3e-05,0,0,0,0,0,0,0,0,0,0,0,0,0,0.55922,0.22364,0,0,0.50031,0.06354,0.50645,0.50006,0.86206,0.78419,0.82997,0.55944,1.12238,0.51497,0.84855,0,0,0,0,0,0,0,0,0,0,0,0,0,0,0,0,0,0,0,0,0,0,0,0,0,0,0,0,0,0,0,0.55944,0.00247499,0.000824996,0.00247499,0.000824996,0.00247499,0.000824996,0.00247499,0.000824996
223,22040.5,1.04904,0.5179,0.83732,0,0,0,0,0,0,0.23685,0.00288,0.00098,3e-05,0,0,0,0,0,0,0,0,0,0,0,0,0,0.56126,0.21825,0,0,0.50019,0.0635,0.50667,0.49995,0.86213,0.78314,0.8296,0.55941,1.12273,0.51505,0.84854,0,0,0,0,0,0,0,0,0,0,0,0,0,0,0,0,0,0,0,0,0,0,0,0,0,0,0,0,0,0,0,0.55941,0.00247053,0.000823511,0.00247053,0.000823511,0.00247053,0.000823511,0.00247053,0.000823511
224,22135.2,1.04618,0.52035,0.83684,0,0,0,0,0,0,0.24269,0.00289,0.00127,3e-05,0,0,0,0,0,0,0,0,0,0,0,0,0,0.55675,0.21176,0,0,0.50029,0.06355,0.50796,0.50004,0.86254,0.78363,0.83074,0.55982,1.12261,0.5154,0.84861,0,0,0,0,0,0,0,0,0,0,0,0,0,0,0,0,0,0,0,0,0,0,0,0,0,0,0,0,0,0,0,0.55982,0.00246606,0.00082202,0.00246606,0.00082202,0.00246606,0.00082202,0.00246606,0.00082202
225,22232.8,1.04109,0.51601,0.83438,0,0,0,0,0,0,0.28548,0.00283,0.00096,0,0,0,0,0,0,0,0,0,0,0,0,0,0,0.57213,0.22593,0,0,0.50022,0.06347,0.50726,0.49997,0.86271,0.78356,0.83068,0.55988,1.12234,0.51533,0.84857,0,0,0,0,0,0,0,0,0,0,0,0,0,0,0,0,0,0,0,0,0,0,0,0,0,0,0,0,0,0,0,0.55988,0.00246157,0.000820525,0.00246157,0.000820525,0.00246157,0.000820525,0.00246157,0.000820525
226,22328.6,1.04472,0.51668,0.83622,0,0,0,0,0,0,0.2567,0.00286,0.00127,5e-05,0,0,0,0,0,0,0,0,0,0,0,0,0,0.57474,0.22267,0,0,0.50024,0.06344,0.50729,0.49998,0.86317,0.78503,0.8317,0.56047,1.12149,0.51494,0.84848,0,0,0,0,0,0,0,0,0,0,0,0,0,0,0,0,0,0,0,0,0,0,0,0,0,0,0,0,0,0,0,0.56047,0.00245707,0.000819025,0.00245707,0.000819025,0.00245707,0.000819025,0.00245707,0.000819025
227,22423.3,1.03911,0.51464,0.83395,0,0,0,0,0,0,0.26551,0.00288,0.00146,2e-05,0,0,0,0,0,0,0,0,0,0,0,0,0,0.57441,0.21708,0,0,0.50032,0.06345,0.50954,0.49985,0.86353,0.78554,0.83244,0.56062,1.12095,0.5145,0.84843,0,0,0,0,0,0,0,0,0,0,0,0,0,0,0,0,0,0,0,0,0,0,0,0,0,0,0,0,0,0,0,0.56062,0.00245256,0.00081752,0.00245256,0.00081752,0.00245256,0.00081752,0.00245256,0.00081752
228,22521.6,1.04099,0.51294,0.83464,0,0,0,0,0,0,0.25247,0.0028,0.00191,8e-05,0,0,0,0,0,0,0,0,0,0,0,0,0,0.57327,0.22102,0,0,0.50024,0.06344,0.50828,0.5,0.86634,0.7857,0.83296,0.56089,1.12088,0.51438,0.84833,0,0,0,0,0,0,0,0,0,0,0,0,0,0,0,0,0,0,0,0,0,0,0,0,0,0,0,0,0,0,0,0.56089,0.00244803,0.00081601,0.00244803,0.00081601,0.00244803,0.00081601,0.00244803,0.00081601
229,22617.7,1.04251,0.51576,0.8364,0,0,0,0,0,0,0.28491,0.00284,0.00311,0.00015,0,0,0,0,0,0,0,0,0,0,0,0,0,0.55768,0.20348,0,0,0.50028,0.06352,0.50394,0.49864,0.86534,0.78473,0.83263,0.56084,1.12094,0.51417,0.84823,0,0,0,0,0,0,0,0,0,0,0,0,0,0,0,0,0,0,0,0,0,0,0,0,0,0,0,0,0,0,0,0.56084,0.00244349,0.000814495,0.00244349,0.000814495,0.00244349,0.000814495,0.00244349,0.000814495
230,22713,1.04443,0.51496,0.83299,0,0,0,0,0,0,0.35286,0.00963,0.00229,0,0,0,0,0,0,0,0,0,0,0,0,0,0,0.57578,0.20895,0,0,0.50039,0.06359,0.50577,0.49922,0.86624,0.78408,0.83228,0.56072,1.12103,0.51459,0.84822,0,0,0,0,0,0,0,0,0,0,0,0,0,0,0,0,0,0,0,0,0,0,0,0,0,0,0,0,0,0,0,0.56072,0.00243893,0.000812976,0.00243893,0.000812976,0.00243893,0.000812976,0.00243893,0.000812976
231,22815.6,1.04592,0.51567,0.83499,0,0,0,0,0,0,0.26612,0.01582,0.00172,0,0,0,0,0,0,0,0,0,0,0,0,0,0,0.58964,0.20724,0,0,0.50023,0.06345,0.50614,0.49927,0.86654,0.78358,0.83205,0.56047,1.12127,0.51474,0.84822,0,0,0,0,0,0,0,0,0,0,0,0,0,0,0,0,0,0,0,0,0,0,0,0,0,0,0,0,0,0,0,0.56047,0.00243435,0.000811452,0.00243435,0.000811452,0.00243435,0.000811452,0.00243435,0.000811452
232,22917.2,1.0377,0.51307,0.8357,0,0,0,0,0,0,0.2396,0.01592,0.00098,0,0,0,0,0,0,0,0,0,0,0,0,0,0,0.58474,0.20746,0,0,0.50033,0.0635,0.50599,0.49984,0.86639,0.78357,0.83193,0.56037,1.12091,0.51469,0.84825,0,0,0,0,0,0,0,0,0,0,0,0,0,0,0,0,0,0,0,0,0,0,0,0,0,0,0,0,0,0,0,0.56037,0.00242977,0.000809923,0.00242977,0.000809923,0.00242977,0.000809923,0.00242977,0.000809923
233,23013.4,1.03792,0.51589,0.83521,0,0,0,0,0,0,0.26498,0.01603,0.00096,1e-05,0,0,0,0,0,0,0,0,0,0,0,0,0,0.59048,0.19898,0,0,0.50026,0.06347,0.50713,0.49999,0.86763,0.78386,0.83229,0.5608,1.12139,0.51467,0.84824,0,0,0,0,0,0,0,0,0,0,0,0,0,0,0,0,0,0,0,0,0,0,0,0,0,0,0,0,0,0,0,0.5608,0.00242517,0.000808389,0.00242517,0.000808389,0.00242517,0.000808389,0.00242517,0.000808389
234,23110,1.04554,0.51589,0.83658,0,0,0,0,0,0,0.27271,0.01609,0.00104,0,0,0,0,0,0,0,0,0,0,0,0,0,0,0.58953,0.19194,0,0,0.50024,0.06342,0.50722,0.49998,0.86831,0.78374,0.83246,0.56051,1.12121,0.51443,0.84831,0,0,0,0,0,0,0,0,0,0,0,0,0,0,0,0,0,0,0,0,0,0,0,0,0,0,0,0,0,0,0,0.56051,0.00242055,0.000806851,0.00242055,0.000806851,0.00242055,0.000806851,0.00242055,0.000806851
235,23210.2,1.03642,0.51269,0.83688,0,0,0,0,0,0,0.23822,0.01624,0.0009,0,0,0,0,0,0,0,0,0,0,0,0,0,0,0.57482,0.20138,0,0,0.50033,0.06349,0.50753,0.50008,0.86798,0.7841,0.83241,0.56062,1.12144,0.51453,0.84825,0,0,0,0,0,0,0,0,0,0,0,0,0,0,0,0,0,0,0,0,0,0,0,0,0,0,0,0,0,0,0,0.56062,0.00241592,0.000805308,0.00241592,0.000805308,0.00241592,0.000805308,0.00241592,0.000805308
236,23306.6,1.03653,0.51128,0.8356,0,0,0,0,0,0,0.24029,0.01638,0.00088,0,0,0,0,0,0,0,0,0,0,0,0,0,0,0.58376,0.20123,0,0,0.50013,0.06343,0.50664,0.49963,0.86754,0.78391,0.83192,0.56091,1.12092,0.51465,0.84827,0,0,0,0,0,0,0,0,0,0,0,0,0,0,0,0,0,0,0,0,0,0,0,0,0,0,0,0,0,0,0,0.56091,0.00241128,0.00080376,0.00241128,0.00080376,0.00241128,0.00080376,0.00241128,0.00080376
237,23402.7,1.03803,0.51507,0.83649,0,0,0,0,0,0,0.24301,0.01673,0.00105,2e-05,0,0,0,0,0,0,0,0,0,0,0,0,0,0.58253,0.20915,0,0,0.50011,0.06342,0.50697,0.49987,0.86637,0.78405,0.83224,0.56081,1.12069,0.51475,0.84828,0,0,0,0,0,0,0,0,0,0,0,0,0,0,0,0,0,0,0,0,0,0,0,0,0,0,0,0,0,0,0,0.56081,0.00240662,0.000802208,0.00240662,0.000802208,0.00240662,0.000802208,0.00240662,0.000802208
238,23497.4,1.03686,0.51311,0.83496,0,0,0,0,0,0,0.26139,0.0135,0.00093,0,0,0,0,0,0,0,0,0,0,0,0,0,0,0.5725,0.20245,0,0,0.5002,0.06348,0.50749,0.49968,0.86625,0.78391,0.83237,0.5606,1.12079,0.51455,0.84824,0,0,0,0,0,0,0,0,0,0,0,0,0,0,0,0,0,0,0,0,0,0,0,0,0,0,0,0,0,0,0,0.5606,0.00240195,0.000800651,0.00240195,0.000800651,0.00240195,0.000800651,0.00240195,0.000800651
239,23592.8,1.04039,0.51783,0.83435,0,0,0,0,0,0,0.25776,0.00428,0.00093,0,0,0,0,0,0,0,0,0,0,0,0,0,0,0.54627,0.19972,0,0,0.50025,0.06351,0.50764,0.50001,0.86601,0.78483,0.83238,0.56045,1.12124,0.51434,0.84832,0,0,0,0,0,0,0,0,0,0,0,0,0,0,0,0,0,0,0,0,0,0,0,0,0,0,0,0,0,0,0,0.56045,0.00239727,0.00079909,0.00239727,0.00079909,0.00239727,0.00079909,0.00239727,0.00079909
240,23687.9,1.03831,0.51454,0.83585,0,0,0,0,0,0,0.25873,0.00357,0.0011,1e-05,0,0,0,0,0,0,0,0,0,0,0,0,0,0.546,0.20581,0,0,0.50033,0.06348,0.5085,0.50006,0.86566,0.78441,0.83199,0.56039,1.12203,0.51465,0.84841,0,0,0,0,0,0,0,0,0,0,0,0,0,0,0,0,0,0,0,0,0,0,0,0,0,0,0,0,0,0,0,0.56039,0.00239257,0.000797524,0.00239257,0.000797524,0.00239257,0.000797524,0.00239257,0.000797524
241,23784.6,1.03166,0.50958,0.83589,0,0,0,0,0,0,0.24285,0.00323,0.00094,2e-05,0,0,0,0,0,0,0,0,0,0,0,0,0,0.54511,0.20196,0,0,0.50008,0.06349,0.50787,0.49982,0.86718,0.78553,0.83248,0.56037,1.12234,0.51462,0.84841,0,0,0,0,0,0,0,0,0,0,0,0,0,0,0,0,0,0,0,0,0,0,0,0,0,0,0,0,0,0,0,0.56037,0.00238786,0.000795954,0.00238786,0.000795954,0.00238786,0.000795954,0.00238786,0.000795954
242,23880.8,1.0437,0.51626,0.83559,0,0,0,0,0,0,0.24927,0.00318,0.00121,2e-05,0,0,0,0,0,0,0,0,0,0,0,0,0,0.53918,0.2089,0,0,0.50041,0.06357,0.50793,0.50016,0.86723,0.78551,0.83267,0.56066,1.12219,0.51453,0.84831,0,0,0,0,0,0,0,0,0,0,0,0,0,0,0,0,0,0,0,0,0,0,0,0,0,0,0,0,0,0,0,0.56066,0.00238314,0.000794379,0.00238314,0.000794379,0.00238314,0.000794379,0.00238314,0.000794379
243,23975.8,1.03633,0.51095,0.8335,0,0,0,0,0,0,0.23581,0.003,0.00125,2e-05,0,0,0,0,0,0,0,0,0,0,0,0,0,0.53469,0.2134,0,0,0.50019,0.06343,0.50998,0.49992,0.86617,0.78502,0.83221,0.56083,1.12237,0.51447,0.84831,0,0,0,0,0,0,0,0,0,0,0,0,0,0,0,0,0,0,0,0,0,0,0,0,0,0,0,0,0,0,0,0.56083,0.0023784,0.0007928,0.0023784,0.0007928,0.0023784,0.0007928,0.0023784,0.0007928
244,24075.2,1.03633,0.51177,0.83574,0,0,0,0,0,0,0.25495,0.00301,0.00112,0,0,0,0,0,0,0,0,0,0,0,0,0,0,0.53618,0.22003,0,0,0.50024,0.06349,0.50804,0.49977,0.86779,0.78473,0.83247,0.5608,1.12239,0.51448,0.84828,0,0,0,0,0,0,0,0,0,0,0,0,0,0,0,0,0,0,0,0,0,0,0,0,0,0,0,0,0,0,0,0.5608,0.00237365,0.000791216,0.00237365,0.000791216,0.00237365,0.000791216,0.00237365,0.000791216
245,24172.6,1.0345,0.51006,0.83255,0,0,0,0,0,0,0.23446,0.00296,0.00128,4e-05,0,0,0,0,0,0,0,0,0,0,0,0,0,0.53614,0.21398,0,0,0.50025,0.06351,0.50775,0.49999,0.86663,0.78617,0.83304,0.56149,1.12185,0.51465,0.8482,0,0,0,0,0,0,0,0,0,0,0,0,0,0,0,0,0,0,0,0,0,0,0,0,0,0,0,0,0,0,0,0.56149,0.00236888,0.000789628,0.00236888,0.000789628,0.00236888,0.000789628,0.00236888,0.000789628
246,24269.7,1.03419,0.50971,0.8334,0,0,0,0,0,0,0.24155,0.00295,0.0012,0,0,0,0,0,0,0,0,0,0,0,0,0,0,0.53372,0.21069,0,0,0.50022,0.06351,0.50778,0.49997,0.86913,0.78437,0.83319,0.56137,1.1215,0.51435,0.8482,0,0,0,0,0,0,0,0,0,0,0,0,0,0,0,0,0,0,0,0,0,0,0,0,0,0,0,0,0,0,0,0.56137,0.00236411,0.000788035,0.00236411,0.000788035,0.00236411,0.000788035,0.00236411,0.000788035
247,24367.9,1.02757,0.50705,0.83375,0,0,0,0,0,0,0.24427,0.00293,0.00098,0,0,0,0,0,0,0,0,0,0,0,0,0,0,0.54501,0.21365,0,0,0.50014,0.06342,0.50777,0.49989,0.86538,0.78538,0.83221,0.56123,1.12164,0.51444,0.84816,0,0,0,0,0,0,0,0,0,0,0,0,0,0,0,0,0,0,0,0,0,0,0,0,0,0,0,0,0,0,0,0.56123,0.00235931,0.000786438,0.00235931,0.000786438,0.00235931,0.000786438,0.00235931,0.000786438
248,24466,1.03704,0.51315,0.83742,0,0,0,0,0,0,0.24395,0.00289,0.00095,0,0,0,0,0,0,0,0,0,0,0,0,0,0,0.53286,0.20551,0,0,0.50026,0.06349,0.50755,0.49979,0.86298,0.78557,0.83135,0.56115,1.12116,0.51435,0.84818,0,0,0,0,0,0,0,0,0,0,0,0,0,0,0,0,0,0,0,0,0,0,0,0,0,0,0,0,0,0,0,0.56115,0.00235451,0.000784837,0.00235451,0.000784837,0.00235451,0.000784837,0.00235451,0.000784837
249,24563.7,1.02871,0.51014,0.83422,0,0,0,0,0,0,0.23771,0.00295,0.00093,0,0,0,0,0,0,0,0,0,0,0,0,0,0,0.52969,0.21279,0,0,0.5002,0.06344,0.50698,0.49971,0.86331,0.78557,0.83169,0.56168,1.12075,0.51421,0.84814,0,0,0,0,0,0,0,0,0,0,0,0,0,0,0,0,0,0,0,0,0,0,0,0,0,0,0,0,0,0,0,0.56168,0.00234969,0.000783231,0.00234969,0.000783231,0.00234969,0.000783231,0.00234969,0.000783231
250,24664.2,1.03258,0.5119,0.8355,0,0,0,0,0,0,0.23177,0.00289,0.00093,1e-05,0,0,0,0,0,0,0,0,0,0,0,0,0,0.51699,0.2045,0,0,0.50028,0.0635,0.50697,0.50002,0.86361,0.78583,0.83223,0.56178,1.12018,0.51403,0.8481,0,0,0,0,0,0,0,0,0,0,0,0,0,0,0,0,0,0,0,0,0,0,0,0,0,0,0,0,0,0,0,0.56178,0.00234486,0.000781621,0.00234486,0.000781621,0.00234486,0.000781621,0.00234486,0.000781621
251,24757.6,1.03459,0.5113,0.83465,0,0,0,0,0,0,0.24872,0.00288,0.00125,0,0,0,0,0,0,0,0,0,0,0,0,0,0,0.52662,0.20561,0,0,0.5001,0.06343,0.50813,0.49984,0.86377,0.78568,0.83241,0.56201,1.12045,0.51364,0.84808,0,0,0,0,0,0,0,0,0,0,0,0,0,0,0,0,0,0,0,0,0,0,0,0,0,0,0,0,0,0,0,0.56201,0.00234002,0.000780007,0.00234002,0.000780007,0.00234002,0.000780007,0.00234002,0.000780007
252,24853,1.03485,0.51236,0.83367,0,0,0,0,0,0,0.24033,0.00293,0.00101,0,0,0,0,0,0,0,0,0,0,0,0,0,0,0.52249,0.20478,0,0,0.50026,0.06341,0.50693,0.49976,0.86465,0.78532,0.83212,0.56167,1.12063,0.51373,0.84814,0,0,0,0,0,0,0,0,0,0,0,0,0,0,0,0,0,0,0,0,0,0,0,0,0,0,0,0,0,0,0,0.56167,0.00233517,0.000778389,0.00233517,0.000778389,0.00233517,0.000778389,0.00233517,0.000778389
253,24950.1,1.02944,0.50912,0.8327,0,0,0,0,0,0,0.22671,0.00282,0.0009,1e-05,0,0,0,0,0,0,0,0,0,0,0,0,0,0.53291,0.20799,0,0,0.50014,0.06344,0.50751,0.4999,0.86424,0.78603,0.83236,0.56205,1.12052,0.51364,0.84812,0,0,0,0,0,0,0,0,0,0,0,0,0,0,0,0,0,0,0,0,0,0,0,0,0,0,0,0,0,0,0,0.56205,0.0023303,0.000776766,0.0023303,0.000776766,0.0023303,0.000776766,0.0023303,0.000776766
254,25045.3,1.03385,0.51166,0.83534,0,0,0,0,0,0,0.27083,0.00281,0.00098,0,0,0,0,0,0,0,0,0,0,0,0,0,0,0.54473,0.21083,0,0,0.50029,0.0635,0.50608,0.49981,0.86593,0.78628,0.833,0.56218,1.12061,0.51381,0.8481,0,0,0,0,0,0,0,0,0,0,0,0,0,0,0,0,0,0,0,0,0,0,0,0,0,0,0,0,0,0,0,0.56218,0.00232542,0.00077514,0.00232542,0.00077514,0.00232542,0.00077514,0.00232542,0.00077514
255,25140.1,1.03121,0.50852,0.83427,0,0,0,0,0,0,0.23578,0.00277,0.00092,1e-05,0,0,0,0,0,0,0,0,0,0,0,0,0,0.54924,0.21115,0,0,0.50017,0.06339,0.50646,0.49992,0.86622,0.7859,0.83269,0.56214,1.12068,0.5135,0.84811,0,0,0,0,0,0,0,0,0,0,0,0,0,0,0,0,0,0,0,0,0,0,0,0,0,0,0,0,0,0,0,0.56214,0.00232053,0.000773509,0.00232053,0.000773509,0.00232053,0.000773509,0.00232053,0.000773509
256,25237,1.03671,0.51099,0.83217,0,0,0,0,0,0,0.2294,0.00276,0.00086,0,0,0,0,0,0,0,0,0,0,0,0,0,0,0.5529,0.21649,0,0,0.50023,0.06347,0.50774,0.49997,0.86407,0.78491,0.83173,0.56204,1.12042,0.51331,0.84805,0,0,0,0,0,0,0,0,0,0,0,0,0,0,0,0,0,0,0,0,0,0,0,0,0,0,0,0,0,0,0,0.56204,0.00231562,0.000771873,0.00231562,0.000771873,0.00231562,0.000771873,0.00231562,0.000771873
257,25332.3,1.02995,0.51044,0.83363,0,0,0,0,0,0,0.22833,0.00272,0.00075,0,0,0,0,0,0,0,0,0,0,0,0,0,0,0.55047,0.21094,0,0,0.50015,0.0635,0.50726,0.49989,0.86457,0.78565,0.8322,0.56211,1.12055,0.51344,0.84809,0,0,0,0,0,0,0,0,0,0,0,0,0,0,0,0,0,0,0,0,0,0,0,0,0,0,0,0,0,0,0,0.56211,0.0023107,0.000770234,0.0023107,0.000770234,0.0023107,0.000770234,0.0023107,0.000770234
258,25429.1,1.02964,0.50925,0.8332,0,0,0,0,0,0,0.24979,0.0028,0.00084,0,0,0,0,0,0,0,0,0,0,0,0,0,0,0.54873,0.20798,0,0,0.50034,0.06353,0.50708,0.50009,0.86112,0.78648,0.83265,0.56275,1.12045,0.51317,0.84807,0,0,0,0,0,0,0,0,0,0,0,0,0,0,0,0,0,0,0,0,0,0,0,0,0,0,0,0,0,0,0,0.56275,0.00230577,0.000768591,0.00230577,0.000768591,0.00230577,0.000768591,0.00230577,0.000768591
259,25524.5,1.02975,0.50907,0.83352,0,0,0,0,0,0,0.23765,0.00279,0.00082,0,0,0,0,0,0,0,0,0,0,0,0,0,0,0.54218,0.20377,0,0,0.50023,0.06343,0.50774,0.49998,0.86265,0.78664,0.83277,0.56273,1.12049,0.51348,0.84811,0,0,0,0,0,0,0,0,0,0,0,0,0,0,0,0,0,0,0,0,0,0,0,0,0,0,0,0,0,0,0,0.56273,0.00230083,0.000766944,0.00230083,0.000766944,0.00230083,0.000766944,0.00230083,0.000766944
260,25621.6,1.02623,0.50762,0.83468,0,0,0,0,0,0,0.23155,0.00281,0.00069,3e-05,0,0,0,0,0,0,0,0,0,0,0,0,0,0.54077,0.20787,0,0,0.50025,0.06348,0.50726,0.49999,0.86273,0.78617,0.83244,0.5622,1.12102,0.51338,0.84821,0,0,0,0,0,0,0,0,0,0,0,0,0,0,0,0,0,0,0,0,0,0,0,0,0,0,0,0,0,0,0,0.5622,0.00229588,0.000765292,0.00229588,0.000765292,0.00229588,0.000765292,0.00229588,0.000765292
261,25717.8,1.03075,0.50843,0.83541,0,0,0,0,0,0,0.22699,0.00278,0.00085,0,0,0,0,0,0,0,0,0,0,0,0,0,0,0.54883,0.21147,0,0,0.50027,0.06346,0.50753,0.50001,0.86225,0.78693,0.83316,0.56268,1.12108,0.5132,0.8482,0,0,0,0,0,0,0,0,0,0,0,0,0,0,0,0,0,0,0,0,0,0,0,0,0,0,0,0,0,0,0,0.56268,0.00229091,0.000763637,0.00229091,0.000763637,0.00229091,0.000763637,0.00229091,0.000763637
262,25811.9,1.02939,0.50898,0.8344,0,0,0,0,0,0,0.23857,0.00275,0.00106,0,0,0,0,0,0,0,0,0,0,0,0,0,0,0.54107,0.2112,0,0,0.50032,0.0634,0.50892,0.50006,0.86193,0.78669,0.83289,0.5628,1.12108,0.51326,0.84823,0,0,0,0,0,0,0,0,0,0,0,0,0,0,0,0,0,0,0,0,0,0,0,0,0,0,0,0,0,0,0,0.5628,0.00228593,0.000761977,0.00228593,0.000761977,0.00228593,0.000761977,0.00228593,0.000761977
263,25903.6,1.02733,0.50951,0.83387,0,0,0,0,0,0,0.25294,0.00272,0.00129,1e-05,0,0,0,0,0,0,0,0,0,0,0,0,0,0.53131,0.20489,0,0,0.50012,0.06349,0.50757,0.49962,0.86263,0.78721,0.83388,0.56269,1.12129,0.51336,0.8482,0,0,0,0,0,0,0,0,0,0,0,0,0,0,0,0,0,0,0,0,0,0,0,0,0,0,0,0,0,0,0,0.56269,0.00228094,0.000760314,0.00228094,0.000760314,0.00228094,0.000760314,0.00228094,0.000760314
264,25999.5,1.02565,0.50748,0.83357,0,0,0,0,0,0,0.2381,0.0027,0.00089,0,0,0,0,0,0,0,0,0,0,0,0,0,0,0.54057,0.20711,0,0,0.50023,0.06349,0.5079,0.49973,0.86319,0.78675,0.83408,0.5633,1.12104,0.5133,0.84818,0,0,0,0,0,0,0,0,0,0,0,0,0,0,0,0,0,0,0,0,0,0,0,0,0,0,0,0,0,0,0,0.5633,0.00227594,0.000758647,0.00227594,0.000758647,0.00227594,0.000758647,0.00227594,0.000758647
265,26097.4,1.03203,0.50983,0.83404,0,0,0,0,0,0,0.24809,0.00268,0.00111,0,0,0,0,0,0,0,0,0,0,0,0,0,0,0.54015,0.2073,0,0,0.50019,0.0634,0.50833,0.49994,0.86193,0.78783,0.83425,0.56281,1.12114,0.51323,0.84823,0,0,0,0,0,0,0,0,0,0,0,0,0,0,0,0,0,0,0,0,0,0,0,0,0,0,0,0,0,0,0,0.56281,0.00227093,0.000756976,0.00227093,0.000756976,0.00227093,0.000756976,0.00227093,0.000756976
266,26197.4,1.02391,0.50566,0.83231,0,0,0,0,0,0,0.25286,0.00273,0.00111,0,0,0,0,0,0,0,0,0,0,0,0,0,0,0.53682,0.20783,0,0,0.50027,0.06348,0.50919,0.50001,0.86283,0.78733,0.83421,0.56271,1.12167,0.51329,0.84826,0,0,0,0,0,0,0,0,0,0,0,0,0,0,0,0,0,0,0,0,0,0,0,0,0,0,0,0,0,0,0,0.56271,0.0022659,0.0007553,0.0022659,0.0007553,0.0022659,0.0007553,0.0022659,0.0007553
267,26294.6,1.02364,0.50764,0.83273,0,0,0,0,0,0,0.22659,0.00272,0.00107,7e-05,0,0,0,0,0,0,0,0,0,0,0,0,0,0.54475,0.20472,0,0,0.50022,0.06347,0.508,0.49998,0.86218,0.78853,0.83417,0.56268,1.12216,0.51332,0.84831,0,0,0,0,0,0,0,0,0,0,0,0,0,0,0,0,0,0,0,0,0,0,0,0,0,0,0,0,0,0,0,0.56268,0.00226086,0.000753621,0.00226086,0.000753621,0.00226086,0.000753621,0.00226086,0.000753621
268,26390.6,1.02288,0.50521,0.83182,0,0,0,0,0,0,0.22884,0.00272,0.00126,6e-05,0,0,0,0,0,0,0,0,0,0,0,0,0,0.55871,0.20294,0,0,0.50023,0.06352,0.5084,0.49974,0.86312,0.78796,0.8341,0.56274,1.12259,0.51327,0.84842,0,0,0,0,0,0,0,0,0,0,0,0,0,0,0,0,0,0,0,0,0,0,0,0,0,0,0,0,0,0,0,0.56274,0.00225582,0.000751939,0.00225582,0.000751939,0.00225582,0.000751939,0.00225582,0.000751939
269,26494.1,1.02316,0.50392,0.83333,0,0,0,0,0,0,0.22504,0.00275,0.00072,0,0,0,0,0,0,0,0,0,0,0,0,0,0,0.56242,0.20892,0,0,0.50028,0.06345,0.50787,0.49979,0.86267,0.78831,0.83394,0.56258,1.12298,0.51302,0.84841,0,0,0,0,0,0,0,0,0,0,0,0,0,0,0,0,0,0,0,0,0,0,0,0,0,0,0,0,0,0,0,0.56258,0.00225076,0.000750252,0.00225076,0.000750252,0.00225076,0.000750252,0.00225076,0.000750252
270,26590.8,1.02163,0.50721,0.83397,0,0,0,0,0,0,0.23608,0.00273,0.00068,0,0,0,0,0,0,0,0,0,0,0,0,0,0,0.55128,0.20467,0,0,0.5002,0.06337,0.50752,0.49993,0.86156,0.78839,0.83373,0.56275,1.12294,0.51324,0.84845,0,0,0,0,0,0,0,0,0,0,0,0,0,0,0,0,0,0,0,0,0,0,0,0,0,0,0,0,0,0,0,0.56275,0.00224568,0.000748562,0.00224568,0.000748562,0.00224568,0.000748562,0.00224568,0.000748562
271,26686.7,1.01941,0.50457,0.83339,0,0,0,0,0,0,0.22619,0.00272,0.00069,0,0,0,0,0,0,0,0,0,0,0,0,0,0,0.55337,0.20834,0,0,0.50035,0.06355,0.50719,0.50009,0.86128,0.78799,0.83347,0.56324,1.12272,0.51332,0.8484,0,0,0,0,0,0,0,0,0,0,0,0,0,0,0,0,0,0,0,0,0,0,0,0,0,0,0,0,0,0,0,0.56324,0.0022406,0.000746868,0.0022406,0.000746868,0.0022406,0.000746868,0.0022406,0.000746868
272,26783.1,1.02649,0.50811,0.83392,0,0,0,0,0,0,0.21483,0.00272,0.00074,1e-05,0,0,0,0,0,0,0,0,0,0,0,0,0,0.54308,0.20205,0,0,0.5002,0.06349,0.50572,0.49971,0.86163,0.78746,0.83357,0.56333,1.12219,0.51318,0.84824,0,0,0,0,0,0,0,0,0,0,0,0,0,0,0,0,0,0,0,0,0,0,0,0,0,0,0,0,0,0,0,0.56333,0.00223551,0.00074517,0.00223551,0.00074517,0.00223551,0.00074517,0.00223551,0.00074517
273,26878.1,1.02855,0.50703,0.83413,0,0,0,0,0,0,0.23936,0.00264,0.00072,2e-05,0,0,0,0,0,0,0,0,0,0,0,0,0,0.56331,0.20735,0,0,0.50035,0.0636,0.50761,0.50009,0.86222,0.78721,0.8336,0.56325,1.12241,0.51316,0.84839,0,0,0,0,0,0,0,0,0,0,0,0,0,0,0,0,0,0,0,0,0,0,0,0,0,0,0,0,0,0,0,0.56325,0.0022304,0.000743468,0.0022304,0.000743468,0.0022304,0.000743468,0.0022304,0.000743468
274,26977.4,1.02261,0.50548,0.83217,0,0,0,0,0,0,0.24322,0.00265,0.00086,3e-05,0,0,0,0,0,0,0,0,0,0,0,0,0,0.55184,0.20741,0,0,0.50017,0.06343,0.50697,0.49992,0.86087,0.78784,0.83385,0.56351,1.12292,0.51325,0.84838,0,0,0,0,0,0,0,0,0,0,0,0,0,0,0,0,0,0,0,0,0,0,0,0,0,0,0,0,0,0,0,0.56351,0.00222529,0.000741763,0.00222529,0.000741763,0.00222529,0.000741763,0.00222529,0.000741763
275,27073.4,1.02031,0.50511,0.83283,0,0,0,0,0,0,0.25312,0.00268,0.00105,0.00011,0,0,0,0,0,0,0,0,0,0,0,0,0,0.55501,0.19752,0,0,0.50015,0.0634,0.5081,0.49965,0.86345,0.78634,0.83371,0.5635,1.12319,0.51317,0.84845,0,0,0,0,0,0,0,0,0,0,0,0,0,0,0,0,0,0,0,0,0,0,0,0,0,0,0,0,0,0,0,0.5635,0.00222016,0.000740054,0.00222016,0.000740054,0.00222016,0.000740054,0.00222016,0.000740054
276,27174.2,1.01654,0.50286,0.83371,0,0,0,0,0,0,0.2396,0.00268,0.00092,2e-05,0,0,0,0,0,0,0,0,0,0,0,0,0,0.56213,0.2012,0,0,0.50026,0.06342,0.5084,0.5,0.86434,0.78656,0.8344,0.564,1.12278,0.51315,0.84846,0,0,0,0,0,0,0,0,0,0,0,0,0,0,0,0,0,0,0,0,0,0,0,0,0,0,0,0,0,0,0,0.564,0.00221502,0.000738341,0.00221502,0.000738341,0.00221502,0.000738341,0.00221502,0.000738341
277,27272.4,1.0259,0.50928,0.83341,0,0,0,0,0,0,0.26754,0.00267,0.00155,3e-05,0,0,0,0,0,0,0,0,0,0,0,0,0,0.57234,0.20204,0,0,0.50023,0.06349,0.50935,0.49998,0.86262,0.78732,0.83411,0.56354,1.1222,0.51322,0.84838,0,0,0,0,0,0,0,0,0,0,0,0,0,0,0,0,0,0,0,0,0,0,0,0,0,0,0,0,0,0,0,0.56354,0.00220988,0.000736625,0.00220988,0.000736625,0.00220988,0.000736625,0.00220988,0.000736625
278,27367,1.02777,0.50836,0.83485,0,0,0,0,0,0,0.25957,0.00267,0.00313,2e-05,0,0,0,0,0,0,0,0,0,0,0,0,0,0.56274,0.1937,0,0,0.50039,0.06354,0.50665,0.499,0.86273,0.78739,0.83417,0.56415,1.12209,0.51339,0.8483,0,0,0,0,0,0,0,0,0,0,0,0,0,0,0,0,0,0,0,0,0,0,0,0,0,0,0,0,0,0,0,0.56415,0.00220472,0.000734906,0.00220472,0.000734906,0.00220472,0.000734906,0.00220472,0.000734906
279,27463.1,1.01699,0.50191,0.83401,0,0,0,0,0,0,0.25077,0.0027,0.00127,1e-05,0,0,0,0,0,0,0,0,0,0,0,0,0,0.5499,0.18246,0,0,0.50014,0.06347,0.51104,0.49988,0.8617,0.7877,0.83404,0.56425,1.12222,0.51369,0.84832,0,0,0,0,0,0,0,0,0,0,0,0,0,0,0,0,0,0,0,0,0,0,0,0,0,0,0,0,0,0,0,0.56425,0.00219955,0.000733182,0.00219955,0.000733182,0.00219955,0.000733182,0.00219955,0.000733182
280,27560.1,1.02693,0.50473,0.83405,0,0,0,0,0,0,0.28457,0.00833,0.00116,0,0,0,0,0,0,0,0,0,0,0,0,0,0,0.5697,0.19228,0,0,0.50018,0.06343,0.50847,0.49993,0.86236,0.78722,0.83342,0.5639,1.12232,0.51372,0.84838,0,0,0,0,0,0,0,0,0,0,0,0,0,0,0,0,0,0,0,0,0,0,0,0,0,0,0,0,0,0,0,0.5639,0.00219437,0.000731456,0.00219437,0.000731456,0.00219437,0.000731456,0.00219437,0.000731456
281,27658,1.01887,0.50269,0.83202,0,0,0,0,0,0,0.22337,0.01756,0.00093,1e-05,0,0,0,0,0,0,0,0,0,0,0,0,0,0.59238,0.20066,0,0,0.50026,0.06342,0.50789,0.5,0.86346,0.78667,0.8337,0.5638,1.12214,0.5138,0.84839,0,0,0,0,0,0,0,0,0,0,0,0,0,0,0,0,0,0,0,0,0,0,0,0,0,0,0,0,0,0,0,0.5638,0.00218918,0.000729725,0.00218918,0.000729725,0.00218918,0.000729725,0.00218918,0.000729725
282,27753.8,1.01682,0.5028,0.83306,0,0,0,0,0,0,0.22785,0.01817,0.00081,0,0,0,0,0,0,0,0,0,0,0,0,0,0,0.5801,0.20051,0,0,0.5001,0.06342,0.50652,0.4996,0.86056,0.78732,0.83369,0.56407,1.1219,0.5136,0.84841,0,0,0,0,0,0,0,0,0,0,0,0,0,0,0,0,0,0,0,0,0,0,0,0,0,0,0,0,0,0,0,0.56407,0.00218397,0.000727992,0.00218397,0.000727992,0.00218397,0.000727992,0.00218397,0.000727992
283,27851,1.01866,0.5047,0.83267,0,0,0,0,0,0,0.24453,0.01795,0.00117,1e-05,0,0,0,0,0,0,0,0,0,0,0,0,0,0.57117,0.19432,0,0,0.50025,0.06343,0.50688,0.49979,0.85972,0.78706,0.83346,0.56409,1.12152,0.51343,0.84838,0,0,0,0,0,0,0,0,0,0,0,0,0,0,0,0,0,0,0,0,0,0,0,0,0,0,0,0,0,0,0,0.56409,0.00217876,0.000726254,0.00217876,0.000726254,0.00217876,0.000726254,0.00217876,0.000726254
284,27947.1,1.0222,0.50683,0.8336,0,0,0,0,0,0,0.25128,0.01775,0.00098,2e-05,0,0,0,0,0,0,0,0,0,0,0,0,0,0.60841,0.19974,0,0,0.50033,0.06348,0.5077,0.49988,0.86012,0.78649,0.83294,0.56402,1.12149,0.51347,0.84836,0,0,0,0,0,0,0,0,0,0,0,0,0,0,0,0,0,0,0,0,0,0,0,0,0,0,0,0,0,0,0,0.56402,0.00217354,0.000724514,0.00217354,0.000724514,0.00217354,0.000724514,0.00217354,0.000724514
285,28043.6,1.01649,0.50259,0.8343,0,0,0,0,0,0,0.21675,0.01772,0.00111,0,0,0,0,0,0,0,0,0,0,0,0,0,0,0.66773,0.20487,0,0,0.50015,0.06345,0.50738,0.49989,0.86042,0.78771,0.83375,0.56427,1.12126,0.51331,0.84829,0,0,0,0,0,0,0,0,0,0,0,0,0,0,0,0,0,0,0,0,0,0,0,0,0,0,0,0,0,0,0,0.56427,0.00216831,0.00072277,0.00216831,0.00072277,0.00216831,0.00072277,0.00216831,0.00072277
286,28149.1,1.0219,0.5058,0.83481,0,0,0,0,0,0,0.28177,0.0178,0.00175,4e-05,0,0,0,0,0,0,0,0,0,0,0,0,0,0.6719,0.20158,0,0,0.50022,0.06354,0.50736,0.49996,0.86073,0.78714,0.83384,0.56416,1.12152,0.51324,0.84841,0,0,0,0,0,0,0,0,0,0,0,0,0,0,0,0,0,0,0,0,0,0,0,0,0,0,0,0,0,0,0,0.56416,0.00216307,0.000721023,0.00216307,0.000721023,0.00216307,0.000721023,0.00216307,0.000721023
287,28249.1,1.02126,0.50362,0.83271,0,0,0,0,0,0,0.23518,0.01802,0.0014,0,0,0,0,0,0,0,0,0,0,0,0,0,0,0.69013,0.20777,0,0,0.50024,0.0634,0.50785,0.49998,0.85978,0.78724,0.83348,0.56442,1.12123,0.51318,0.84836,0,0,0,0,0,0,0,0,0,0,0,0,0,0,0,0,0,0,0,0,0,0,0,0,0,0,0,0,0,0,0,0.56442,0.00215782,0.000719272,0.00215782,0.000719272,0.00215782,0.000719272,0.00215782,0.000719272
288,28347,1.02451,0.50854,0.833,0,0,0,0,0,0,0.21409,0.0169,0.00136,0,0,0,0,0,0,0,0,0,0,0,0,0,0,0.70087,0.20897,0,0,0.50026,0.06344,0.50739,0.49979,0.86045,0.78727,0.83382,0.56418,1.12086,0.51291,0.84831,0,0,0,0,0,0,0,0,0,0,0,0,0,0,0,0,0,0,0,0,0,0,0,0,0,0,0,0,0,0,0,0.56418,0.00215255,0.000717518,0.00215255,0.000717518,0.00215255,0.000717518,0.00215255,0.000717518
289,28442.1,1.01524,0.50201,0.8333,0,0,0,0,0,0,0.23033,0.00334,0.00143,1e-05,0,0,0,0,0,0,0,0,0,0,0,0,0,0.63952,0.20464,0,0,0.50046,0.06356,0.50743,0.50021,0.86003,0.78737,0.83431,0.56442,1.12064,0.51284,0.84833,0,0,0,0,0,0,0,0,0,0,0,0,0,0,0,0,0,0,0,0,0,0,0,0,0,0,0,0,0,0,0,0.56442,0.00214728,0.000715761,0.00214728,0.000715761,0.00214728,0.000715761,0.00214728,0.000715761
290,28536.5,1.02372,0.50657,0.83165,0,0,0,0,0,0,0.25244,0.00784,0.00156,0,0,0,0,0,0,0,0,0,0,0,0,0,0,0.59735,0.20049,0,0,0.50028,0.06349,0.50645,0.49981,0.86082,0.78733,0.83399,0.56486,1.12031,0.51278,0.8483,0,0,0,0,0,0,0,0,0,0,0,0,0,0,0,0,0,0,0,0,0,0,0,0,0,0,0,0,0,0,0,0.56486,0.002142,0.000714,0.002142,0.000714,0.002142,0.000714,0.002142,0.000714
291,28631.8,1.01879,0.5034,0.83146,0,0,0,0,0,0,0.23251,0.01819,0.00113,0,0,0,0,0,0,0,0,0,0,0,0,0,0,0.57831,0.20189,0,0,0.50029,0.0635,0.50734,0.50004,0.86121,0.78662,0.83419,0.56435,1.11978,0.51286,0.84819,0,0,0,0,0,0,0,0,0,0,0,0,0,0,0,0,0,0,0,0,0,0,0,0,0,0,0,0,0,0,0,0.56435,0.00213671,0.000712237,0.00213671,0.000712237,0.00213671,0.000712237,0.00213671,0.000712237
292,28726.3,1.0195,0.50355,0.83331,0,0,0,0,0,0,0.24229,0.01906,0.00099,7e-05,0,0,0,0,0,0,0,0,0,0,0,0,0,0.56677,0.19609,0,0,0.50019,0.0634,0.50724,0.49969,0.86176,0.78674,0.83405,0.56476,1.11992,0.51293,0.84822,0,0,0,0,0,0,0,0,0,0,0,0,0,0,0,0,0,0,0,0,0,0,0,0,0,0,0,0,0,0,0,0.56476,0.00213141,0.00071047,0.00213141,0.00071047,0.00213141,0.00071047,0.00213141,0.00071047
293,28822.5,1.01282,0.50286,0.82993,0,0,0,0,0,0,0.22449,0.01904,0.00129,0,0,0,0,0,0,0,0,0,0,0,0,0,0,0.56949,0.19437,0,0,0.50031,0.06345,0.50707,0.4998,0.86248,0.78691,0.83468,0.56502,1.11989,0.51301,0.8482,0,0,0,0,0,0,0,0,0,0,0,0,0,0,0,0,0,0,0,0,0,0,0,0,0,0,0,0,0,0,0,0.56502,0.0021261,0.0007087,0.0021261,0.0007087,0.0021261,0.0007087,0.0021261,0.0007087
294,28917.9,1.01939,0.50427,0.83074,0,0,0,0,0,0,0.24767,0.01957,0.0012,0,0,0,0,0,0,0,0,0,0,0,0,0,0,0.57751,0.19306,0,0,0.50018,0.06348,0.50635,0.49948,0.86314,0.78739,0.83518,0.5652,1.11978,0.51271,0.84828,0,0,0,0,0,0,0,0,0,0,0,0,0,0,0,0,0,0,0,0,0,0,0,0,0,0,0,0,0,0,0,0.5652,0.00212078,0.000706926,0.00212078,0.000706926,0.00212078,0.000706926,0.00212078,0.000706926
295,29013.8,1.01616,0.5008,0.83202,0,0,0,0,0,0,0.22457,0.01942,0.00116,1e-05,0,0,0,0,0,0,0,0,0,0,0,0,0,0.56599,0.19549,0,0,0.50009,0.06341,0.5066,0.49985,0.86201,0.78822,0.83507,0.56487,1.12087,0.5129,0.84841,0,0,0,0,0,0,0,0,0,0,0,0,0,0,0,0,0,0,0,0,0,0,0,0,0,0,0,0,0,0,0,0.56487,0.00211545,0.00070515,0.00211545,0.00070515,0.00211545,0.00070515,0.00211545,0.00070515
296,29111,1.02607,0.50619,0.83424,0,0,0,0,0,0,0.23871,0.01972,0.0014,7e-05,0,0,0,0,0,0,0,0,0,0,0,0,0,0.55451,0.19241,0,0,0.50024,0.06353,0.50694,0.49998,0.86224,0.7879,0.83509,0.56459,1.12158,0.51304,0.84857,0,0,0,0,0,0,0,0,0,0,0,0,0,0,0,0,0,0,0,0,0,0,0,0,0,0,0,0,0,0,0,0.56459,0.00211011,0.000703371,0.00211011,0.000703371,0.00211011,0.000703371,0.00211011,0.000703371
297,29206.9,1.01415,0.50263,0.83304,0,0,0,0,0,0,0.21514,0.01991,0.00128,1e-05,0,0,0,0,0,0,0,0,0,0,0,0,0,0.54626,0.1983,0,0,0.50018,0.06343,0.50717,0.49992,0.86176,0.78784,0.83524,0.56465,1.12093,0.51269,0.84861,0,0,0,0,0,0,0,0,0,0,0,0,0,0,0,0,0,0,0,0,0,0,0,0,0,0,0,0,0,0,0,0.56465,0.00210476,0.000701588,0.00210476,0.000701588,0.00210476,0.000701588,0.00210476,0.000701588
298,29301.5,1.00909,0.50066,0.83238,0,0,0,0,0,0,0.21764,0.0184,0.00141,0,0,0,0,0,0,0,0,0,0,0,0,0,0,0.54839,0.19807,0,0,0.50034,0.06344,0.5068,0.50009,0.86216,0.78628,0.835,0.5642,1.12109,0.51304,0.84867,0,0,0,0,0,0,0,0,0,0,0,0,0,0,0,0,0,0,0,0,0,0,0,0,0,0,0,0,0,0,0,0.5642,0.00209941,0.000699803,0.00209941,0.000699803,0.00209941,0.000699803,0.00209941,0.000699803
299,29397.6,1.01142,0.49967,0.83175,0,0,0,0,0,0,0.21499,0.00324,0.00127,0,0,0,0,0,0,0,0,0,0,0,0,0,0,0.54915,0.18933,0,0,0.5001,0.0634,0.50716,0.49985,0.86226,0.78718,0.83501,0.56464,1.12091,0.51275,0.84861,0,0,0,0,0,0,0,0,0,0,0,0,0,0,0,0,0,0,0,0,0,0,0,0,0,0,0,0,0,0,0,0.56464,0.00209404,0.000698014,0.00209404,0.000698014,0.00209404,0.000698014,0.00209404,0.000698014
300,29493.5,1.01179,0.50304,0.83169,0,0,0,0,0,0,0.22771,0.00266,0.00122,1e-05,0,0,0,0,0,0,0,0,0,0,0,0,0,0.53645,0.19238,0,0,0.50028,0.06344,0.50706,0.50004,0.86173,0.78643,0.83499,0.56465,1.1208,0.5126,0.84864,0,0,0,0,0,0,0,0,0,0,0,0,0,0,0,0,0,0,0,0,0,0,0,0,0,0,0,0,0,0,0,0.56465,0.00208867,0.000696223,0.00208867,0.000696223,0.00208867,0.000696223,0.00208867,0.000696223
301,29590.6,1.01326,0.50306,0.83093,0,0,0,0,0,0,0.21278,0.00264,0.00109,0,0,0,0,0,0,0,0,0,0,0,0,0,0,0.52456,0.19328,0,0,0.50013,0.06343,0.50657,0.49965,0.86178,0.78666,0.83472,0.56397,1.12105,0.51279,0.84869,0,0,0,0,0,0,0,0,0,0,0,0,0,0,0,0,0,0,0,0,0,0,0,0,0,0,0,0,0,0,0,0.56397,0.00208328,0.000694428,0.00208328,0.000694428,0.00208328,0.000694428,0.00208328,0.000694428
302,29686.1,1.01143,0.49866,0.83127,0,0,0,0,0,0,0.2107,0.00259,0.00129,3e-05,0,0,0,0,0,0,0,0,0,0,0,0,0,0.52064,0.18912,0,0,0.50024,0.06353,0.50663,0.49976,0.86358,0.78555,0.83407,0.56413,1.12085,0.51249,0.84861,0,0,0,0,0,0,0,0,0,0,0,0,0,0,0,0,0,0,0,0,0,0,0,0,0,0,0,0,0,0,0,0.56413,0.00207789,0.000692631,0.00207789,0.000692631,0.00207789,0.000692631,0.00207789,0.000692631
303,29781.1,1.01172,0.50116,0.83112,0,0,0,0,0,0,0.20734,0.00259,0.00098,0,0,0,0,0,0,0,0,0,0,0,0,0,0,0.52424,0.19131,0,0,0.50023,0.06347,0.50733,0.49998,0.86389,0.78682,0.83531,0.56411,1.12133,0.513,0.84865,0,0,0,0,0,0,0,0,0,0,0,0,0,0,0,0,0,0,0,0,0,0,0,0,0,0,0,0,0,0,0,0.56411,0.00207249,0.000690831,0.00207249,0.000690831,0.00207249,0.000690831,0.00207249,0.000690831
304,29876.3,1.01344,0.50321,0.8335,0,0,0,0,0,0,0.2109,0.00257,0.00103,2e-05,0,0,0,0,0,0,0,0,0,0,0,0,0,0.53272,0.19947,0,0,0.50015,0.06345,0.50747,0.49991,0.86408,0.78733,0.83619,0.56438,1.12174,0.51303,0.84863,0,0,0,0,0,0,0,0,0,0,0,0,0,0,0,0,0,0,0,0,0,0,0,0,0,0,0,0,0,0,0,0.56438,0.00206708,0.000689028,0.00206708,0.000689028,0.00206708,0.000689028,0.00206708,0.000689028
305,29974.4,1.01959,0.50289,0.8331,0,0,0,0,0,0,0.2151,0.0026,0.00095,0,0,0,0,0,0,0,0,0,0,0,0,0,0,0.53249,0.20701,0,0,0.50023,0.06344,0.50725,0.49998,0.86459,0.78669,0.8359,0.56486,1.12178,0.51308,0.84863,0,0,0,0,0,0,0,0,0,0,0,0,0,0,0,0,0,0,0,0,0,0,0,0,0,0,0,0,0,0,0,0.56486,0.00206166,0.000687222,0.00206166,0.000687222,0.00206166,0.000687222,0.00206166,0.000687222
306,30073.8,1.00944,0.49912,0.83127,0,0,0,0,0,0,0.21254,0.00257,0.00123,0,0,0,0,0,0,0,0,0,0,0,0,0,0,0.52371,0.19663,0,0,0.50018,0.06343,0.50697,0.49992,0.86543,0.78769,0.83656,0.56515,1.1222,0.51312,0.84875,0,0,0,0,0,0,0,0,0,0,0,0,0,0,0,0,0,0,0,0,0,0,0,0,0,0,0,0,0,0,0,0.56515,0.00205624,0.000685413,0.00205624,0.000685413,0.00205624,0.000685413,0.00205624,0.000685413
307,30169.5,1.01544,0.50142,0.83262,0,0,0,0,0,0,0.22221,0.0026,0.00104,0,0,0,0,0,0,0,0,0,0,0,0,0,0,0.51102,0.19398,0,0,0.50027,0.06347,0.50564,0.49978,0.86626,0.78733,0.83615,0.56455,1.12188,0.513,0.84874,0,0,0,0,0,0,0,0,0,0,0,0,0,0,0,0,0,0,0,0,0,0,0,0,0,0,0,0,0,0,0,0.56455,0.0020508,0.000683601,0.0020508,0.000683601,0.0020508,0.000683601,0.0020508,0.000683601
308,30264,1.01551,0.50299,0.8322,0,0,0,0,0,0,0.21272,0.00257,0.00101,0,0,0,0,0,0,0,0,0,0,0,0,0,0,0.50718,0.1842,0,0,0.5003,0.06349,0.50564,0.50006,0.86799,0.78745,0.8365,0.56464,1.12173,0.51302,0.84869,0,0,0,0,0,0,0,0,0,0,0,0,0,0,0,0,0,0,0,0,0,0,0,0,0,0,0,0,0,0,0,0.56464,0.00204536,0.000681787,0.00204536,0.000681787,0.00204536,0.000681787,0.00204536,0.000681787
309,30359.6,1.00707,0.49993,0.83143,0,0,0,0,0,0,0.21467,0.00255,0.00082,0,0,0,0,0,0,0,0,0,0,0,0,0,0,0.5135,0.18551,0,0,0.50017,0.0635,0.50678,0.49991,0.86721,0.78629,0.83601,0.56425,1.12243,0.51327,0.84883,0,0,0,0,0,0,0,0,0,0,0,0,0,0,0,0,0,0,0,0,0,0,0,0,0,0,0,0,0,0,0,0.56425,0.00203991,0.00067997,0.00203991,0.00067997,0.00203991,0.00067997,0.00203991,0.00067997
310,30456.4,1.00676,0.49983,0.83288,0,0,0,0,0,0,0.2173,0.00256,0.00076,0,0,0,0,0,0,0,0,0,0,0,0,0,0,0.50367,0.18561,0,0,0.50025,0.06342,0.50652,0.49974,0.86783,0.78708,0.83606,0.56415,1.1224,0.51316,0.84872,0,0,0,0,0,0,0,0,0,0,0,0,0,0,0,0,0,0,0,0,0,0,0,0,0,0,0,0,0,0,0,0.56415,0.00203445,0.00067815,0.00203445,0.00067815,0.00203445,0.00067815,0.00203445,0.00067815
311,30549.1,1.00281,0.49639,0.83055,0,0,0,0,0,0,0.2168,0.00258,0.00089,1e-05,0,0,0,0,0,0,0,0,0,0,0,0,0,0.51395,0.1915,0,0,0.50032,0.06356,0.50816,0.50007,0.86846,0.78694,0.8366,0.5645,1.12253,0.51332,0.84871,0,0,0,0,0,0,0,0,0,0,0,0,0,0,0,0,0,0,0,0,0,0,0,0,0,0,0,0,0,0,0,0.5645,0.00202898,0.000676328,0.00202898,0.000676328,0.00202898,0.000676328,0.00202898,0.000676328
312,30643.4,1.01051,0.49889,0.83067,0,0,0,0,0,0,0.20547,0.00256,0.00103,0,0,0,0,0,0,0,0,0,0,0,0,0,0,0.50896,0.1909,0,0,0.50021,0.06346,0.50661,0.49996,0.86802,0.78694,0.83629,0.56378,1.12199,0.51304,0.84875,0,0,0,0,0,0,0,0,0,0,0,0,0,0,0,0,0,0,0,0,0,0,0,0,0,0,0,0,0,0,0,0.56378,0.00202351,0.000674503,0.00202351,0.000674503,0.00202351,0.000674503,0.00202351,0.000674503
313,30738.4,1.00911,0.49843,0.8295,0,0,0,0,0,0,0.20923,0.00251,0.00093,0,0,0,0,0,0,0,0,0,0,0,0,0,0,0.50758,0.18814,0,0,0.50029,0.06346,0.50793,0.4998,0.86824,0.78688,0.83653,0.56414,1.12132,0.51322,0.84871,0,0,0,0,0,0,0,0,0,0,0,0,0,0,0,0,0,0,0,0,0,0,0,0,0,0,0,0,0,0,0,0.56414,0.00201803,0.000672675,0.00201803,0.000672675,0.00201803,0.000672675,0.00201803,0.000672675
314,30834.6,0.99999,0.49597,0.83204,0,0,0,0,0,0,0.21964,0.00258,0.00083,0,0,0,0,0,0,0,0,0,0,0,0,0,0,0.51494,0.1916,0,0,0.50016,0.06337,0.50685,0.4999,0.86873,0.78691,0.83676,0.5641,1.12115,0.51339,0.84867,0,0,0,0,0,0,0,0,0,0,0,0,0,0,0,0,0,0,0,0,0,0,0,0,0,0,0,0,0,0,0,0.5641,0.00201254,0.000670845,0.00201254,0.000670845,0.00201254,0.000670845,0.00201254,0.000670845
315,30928.9,1.00273,0.49623,0.83024,0,0,0,0,0,0,0.19953,0.00251,0.00082,0,0,0,0,0,0,0,0,0,0,0,0,0,0,0.51989,0.19811,0,0,0.50014,0.06343,0.5067,0.49965,0.86783,0.78705,0.83669,0.56403,1.12148,0.5135,0.8487,0,0,0,0,0,0,0,0,0,0,0,0,0,0,0,0,0,0,0,0,0,0,0,0,0,0,0,0,0,0,0,0.56403,0.00200704,0.000669012,0.00200704,0.000669012,0.00200704,0.000669012,0.00200704,0.000669012
316,31025.2,1.00216,0.49677,0.83117,0,0,0,0,0,0,0.19635,0.00255,0.00073,1e-05,0,0,0,0,0,0,0,0,0,0,0,0,0,0.5289,0.19795,0,0,0.50021,0.06344,0.50556,0.49997,0.86594,0.78732,0.8362,0.56424,1.12079,0.51337,0.84867,0,0,0,0,0,0,0,0,0,0,0,0,0,0,0,0,0,0,0,0,0,0,0,0,0,0,0,0,0,0,0,0.56424,0.00200153,0.000667177,0.00200153,0.000667177,0.00200153,0.000667177,0.00200153,0.000667177
317,31122.1,1.0106,0.49936,0.83054,0,0,0,0,0,0,0.21384,0.00255,0.0008,0,0,0,0,0,0,0,0,0,0,0,0,0,0,0.54099,0.20039,0,0,0.50028,0.06352,0.50699,0.50003,0.86537,0.78827,0.83563,0.56421,1.12016,0.51322,0.84861,0,0,0,0,0,0,0,0,0,0,0,0,0,0,0,0,0,0,0,0,0,0,0,0,0,0,0,0,0,0,0,0.56421,0.00199602,0.000665339,0.00199602,0.000665339,0.00199602,0.000665339,0.00199602,0.000665339
318,31218.8,1.00671,0.49761,0.83098,0,0,0,0,0,0,0.23144,0.00256,0.00112,1e-05,0,0,0,0,0,0,0,0,0,0,0,0,0,0.53904,0.19468,0,0,0.5002,0.06335,0.50726,0.49996,0.86706,0.78579,0.83552,0.5642,1.12006,0.51292,0.8486,0,0,0,0,0,0,0,0,0,0,0,0,0,0,0,0,0,0,0,0,0,0,0,0,0,0,0,0,0,0,0,0.5642,0.0019905,0.000663499,0.0019905,0.000663499,0.0019905,0.000663499,0.0019905,0.000663499
319,31311.7,1.00772,0.49669,0.83131,0,0,0,0,0,0,0.21532,0.0025,0.00114,4e-05,0,0,0,0,0,0,0,0,0,0,0,0,0,0.53897,0.20179,0,0,0.50024,0.0635,0.50728,0.49975,0.86816,0.78581,0.83564,0.5644,1.11987,0.5127,0.84863,0,0,0,0,0,0,0,0,0,0,0,0,0,0,0,0,0,0,0,0,0,0,0,0,0,0,0,0,0,0,0,0.5644,0.00198497,0.000661656,0.00198497,0.000661656,0.00198497,0.000661656,0.00198497,0.000661656
320,31406.6,1.00318,0.495,0.83013,0,0,0,0,0,0,0.21466,0.00249,0.0009,1e-05,0,0,0,0,0,0,0,0,0,0,0,0,0,0.53725,0.19188,0,0,0.50032,0.06354,0.50755,0.50007,0.86697,0.78655,0.83606,0.56453,1.11996,0.51265,0.84865,0,0,0,0,0,0,0,0,0,0,0,0,0,0,0,0,0,0,0,0,0,0,0,0,0,0,0,0,0,0,0,0.56453,0.00197943,0.000659811,0.00197943,0.000659811,0.00197943,0.000659811,0.00197943,0.000659811
321,31502.8,1.00664,0.49819,0.83086,0,0,0,0,0,0,0.20996,0.00251,0.00072,3e-05,0,0,0,0,0,0,0,0,0,0,0,0,0,0.54161,0.1911,0,0,0.50021,0.06348,0.50673,0.49996,0.86785,0.786,0.83591,0.5648,1.11942,0.51265,0.84865,0,0,0,0,0,0,0,0,0,0,0,0,0,0,0,0,0,0,0,0,0,0,0,0,0,0,0,0,0,0,0,0.5648,0.00197389,0.000657963,0.00197389,0.000657963,0.00197389,0.000657963,0.00197389,0.000657963
322,31595.9,1.00527,0.49515,0.8305,0,0,0,0,0,0,0.21698,0.0025,0.00108,0,0,0,0,0,0,0,0,0,0,0,0,0,0,0.53344,0.18646,0,0,0.50022,0.06343,0.50684,0.49973,0.86774,0.78524,0.83561,0.56499,1.11938,0.51225,0.84862,0,0,0,0,0,0,0,0,0,0,0,0,0,0,0,0,0,0,0,0,0,0,0,0,0,0,0,0,0,0,0,0.56499,0.00196834,0.000656114,0.00196834,0.000656114,0.00196834,0.000656114,0.00196834,0.000656114
323,31691.2,1.00694,0.4992,0.83207,0,0,0,0,0,0,0.22229,0.00249,0.00093,1e-05,0,0,0,0,0,0,0,0,0,0,0,0,0,0.53207,0.1893,0,0,0.50018,0.06352,0.50554,0.49969,0.86724,0.78596,0.83654,0.56471,1.11919,0.51264,0.84865,0,0,0,0,0,0,0,0,0,0,0,0,0,0,0,0,0,0,0,0,0,0,0,0,0,0,0,0,0,0,0,0.56471,0.00196278,0.000654261,0.00196278,0.000654261,0.00196278,0.000654261,0.00196278,0.000654261
324,31786,1.00646,0.49839,0.83069,0,0,0,0,0,0,0.21955,0.00244,0.00139,0,0,0,0,0,0,0,0,0,0,0,0,0,0,0.51951,0.19627,0,0,0.50015,0.06352,0.50651,0.49967,0.86722,0.78626,0.8368,0.5643,1.11868,0.51267,0.84862,0,0,0,0,0,0,0,0,0,0,0,0,0,0,0,0,0,0,0,0,0,0,0,0,0,0,0,0,0,0,0,0.5643,0.00195722,0.000652407,0.00195722,0.000652407,0.00195722,0.000652407,0.00195722,0.000652407
325,31879.5,0.99976,0.49439,0.83236,0,0,0,0,0,0,0.19792,0.00252,0.0009,2e-05,0,0,0,0,0,0,0,0,0,0,0,0,0,0.53608,0.19534,0,0,0.50027,0.06343,0.50649,0.50001,0.86713,0.7859,0.83696,0.565,1.11856,0.51271,0.84866,0,0,0,0,0,0,0,0,0,0,0,0,0,0,0,0,0,0,0,0,0,0,0,0,0,0,0,0,0,0,0,0.565,0.00195165,0.00065055,0.00195165,0.00065055,0.00195165,0.00065055,0.00195165,0.00065055
326,31975.9,1.00191,0.4975,0.83036,0,0,0,0,0,0,0.219,0.00429,0.00134,3e-05,0,0,0,0,0,0,0,0,0,0,0,0,0,0.53413,0.19641,0,0,0.50027,0.06348,0.50686,0.50003,0.86501,0.78723,0.8369,0.56515,1.11839,0.5128,0.84872,0,0,0,0,0,0,0,0,0,0,0,0,0,0,0,0,0,0,0,0,0,0,0,0,0,0,0,0,0,0,0,0.56515,0.00194607,0.000648691,0.00194607,0.000648691,0.00194607,0.000648691,0.00194607,0.000648691
327,32069.5,0.99645,0.49482,0.82937,0,0,0,0,0,0,0.20792,0.01473,0.0011,1e-05,0,0,0,0,0,0,0,0,0,0,0,0,0,0.52289,0.19488,0,0,0.50016,0.06338,0.50751,0.4999,0.86544,0.7867,0.83661,0.56491,1.11866,0.51278,0.84871,0,0,0,0,0,0,0,0,0,0,0,0,0,0,0,0,0,0,0,0,0,0,0,0,0,0,0,0,0,0,0,0.56491,0.00194049,0.00064683,0.00194049,0.00064683,0.00194049,0.00064683,0.00194049,0.00064683
328,32163.6,1.0036,0.49837,0.83035,0,0,0,0,0,0,0.20512,0.0176,0.00125,0,0,0,0,0,0,0,0,0,0,0,0,0,0,0.5594,0.19569,0,0,0.50027,0.06351,0.50602,0.49979,0.86556,0.78824,0.83692,0.56491,1.1188,0.51311,0.84874,0,0,0,0,0,0,0,0,0,0,0,0,0,0,0,0,0,0,0,0,0,0,0,0,0,0,0,0,0,0,0,0.56491,0.0019349,0.000644966,0.0019349,0.000644966,0.0019349,0.000644966,0.0019349,0.000644966
329,32260.7,0.99641,0.49429,0.83163,0,0,0,0,0,0,0.20807,0.01788,0.00084,0,0,0,0,0,0,0,0,0,0,0,0,0,0,0.59516,0.18853,0,0,0.50015,0.06338,0.50781,0.49989,0.86675,0.7867,0.83626,0.56469,1.11912,0.51302,0.84872,0,0,0,0,0,0,0,0,0,0,0,0,0,0,0,0,0,0,0,0,0,0,0,0,0,0,0,0,0,0,0,0.56469,0.0019293,0.000643101,0.0019293,0.000643101,0.0019293,0.000643101,0.0019293,0.000643101
330,32355,1.00341,0.49485,0.8276,0,0,0,0,0,0,0.19975,0.01789,0.00089,8e-05,0,0,0,0,0,0,0,0,0,0,0,0,0,0.60269,0.19013,0,0,0.50035,0.06353,0.5076,0.5001,0.86416,0.78896,0.83634,0.56517,1.11867,0.51302,0.84878,0,0,0,0,0,0,0,0,0,0,0,0,0,0,0,0,0,0,0,0,0,0,0,0,0,0,0,0,0,0,0,0.56517,0.0019237,0.000641233,0.0019237,0.000641233,0.0019237,0.000641233,0.0019237,0.000641233
331,32450.4,0.99946,0.49508,0.83111,0,0,0,0,0,0,0.20089,0.0178,0.00111,0,0,0,0,0,0,0,0,0,0,0,0,0,0,0.58863,0.18796,0,0,0.50024,0.06342,0.50702,0.5,0.86544,0.78839,0.8362,0.56531,1.11841,0.51285,0.84877,0,0,0,0,0,0,0,0,0,0,0,0,0,0,0,0,0,0,0,0,0,0,0,0,0,0,0,0,0,0,0,0.56531,0.00191809,0.000639363,0.00191809,0.000639363,0.00191809,0.000639363,0.00191809,0.000639363
332,32544.2,0.99818,0.49308,0.82829,0,0,0,0,0,0,0.19635,0.01764,0.0011,3e-05,0,0,0,0,0,0,0,0,0,0,0,0,0,0.57564,0.18757,0,0,0.50031,0.06348,0.50637,0.50007,0.86485,0.78853,0.83601,0.56555,1.11804,0.51305,0.84876,0,0,0,0,0,0,0,0,0,0,0,0,0,0,0,0,0,0,0,0,0,0,0,0,0,0,0,0,0,0,0,0.56555,0.00191247,0.000637491,0.00191247,0.000637491,0.00191247,0.000637491,0.00191247,0.000637491
333,32637.4,0.9999,0.49369,0.8294,0,0,0,0,0,0,0.20497,0.01757,0.00141,0,0,0,0,0,0,0,0,0,0,0,0,0,0,0.55994,0.17982,0,0,0.50021,0.06349,0.50744,0.49974,0.86443,0.78953,0.83706,0.56552,1.11798,0.51302,0.84875,0,0,0,0,0,0,0,0,0,0,0,0,0,0,0,0,0,0,0,0,0,0,0,0,0,0,0,0,0,0,0,0.56552,0.00190685,0.000635617,0.00190685,0.000635617,0.00190685,0.000635617,0.00190685,0.000635617
334,32730.6,0.99799,0.49212,0.83005,0,0,0,0,0,0,0.21302,0.01748,0.00152,0,0,0,0,0,0,0,0,0,0,0,0,0,0,0.56559,0.18349,0,0,0.50023,0.06341,0.50683,0.49973,0.86254,0.79107,0.83633,0.56563,1.11801,0.51298,0.84874,0,0,0,0,0,0,0,0,0,0,0,0,0,0,0,0,0,0,0,0,0,0,0,0,0,0,0,0,0,0,0,0.56563,0.00190122,0.000633741,0.00190122,0.000633741,0.00190122,0.000633741,0.00190122,0.000633741
335,32823.6,0.99705,0.49406,0.82901,0,0,0,0,0,0,0.22031,0.00684,0.00128,2e-05,0,0,0,0,0,0,0,0,0,0,0,0,0,0.54751,0.18089,0,0,0.50031,0.06352,0.50762,0.50007,0.86312,0.78959,0.83661,0.56617,1.1177,0.51296,0.84868,0,0,0,0,0,0,0,0,0,0,0,0,0,0,0,0,0,0,0,0,0,0,0,0,0,0,0,0,0,0,0,0.56617,0.00189559,0.000631863,0.00189559,0.000631863,0.00189559,0.000631863,0.00189559,0.000631863
336,32917.7,0.99276,0.49353,0.82933,0,0,0,0,0,0,0.20751,0.00258,0.0011,0,0,0,0,0,0,0,0,0,0,0,0,0,0,0.51693,0.18196,0,0,0.50018,0.06339,0.50614,0.49993,0.86114,0.79161,0.83655,0.56584,1.11752,0.51329,0.84872,0,0,0,0,0,0,0,0,0,0,0,0,0,0,0,0,0,0,0,0,0,0,0,0,0,0,0,0,0,0,0,0.56584,0.00188995,0.000629983,0.00188995,0.000629983,0.00188995,0.000629983,0.00188995,0.000629983
337,33011.4,0.99884,0.49209,0.83001,0,0,0,0,0,0,0.20949,0.0025,0.001,0,0,0,0,0,0,0,0,0,0,0,0,0,0,0.50689,0.18153,0,0,0.50025,0.06348,0.50729,0.50002,0.86079,0.79155,0.83631,0.56592,1.11736,0.51313,0.84868,0,0,0,0,0,0,0,0,0,0,0,0,0,0,0,0,0,0,0,0,0,0,0,0,0,0,0,0,0,0,0,0.56592,0.0018843,0.000628101,0.0018843,0.000628101,0.0018843,0.000628101,0.0018843,0.000628101
338,33105,0.99853,0.49218,0.82867,0,0,0,0,0,0,0.22091,0.00254,0.00106,3e-05,0,0,0,0,0,0,0,0,0,0,0,0,0,0.50034,0.18375,0,0,0.50027,0.06352,0.50645,0.49978,0.85944,0.79189,0.83664,0.56579,1.1181,0.51366,0.84882,0,0,0,0,0,0,0,0,0,0,0,0,0,0,0,0,0,0,0,0,0,0,0,0,0,0,0,0,0,0,0,0.56579,0.00187865,0.000626218,0.00187865,0.000626218,0.00187865,0.000626218,0.00187865,0.000626218
339,33201.1,0.99191,0.49189,0.83043,0,0,0,0,0,0,0.21115,0.00248,0.00116,0,0,0,0,0,0,0,0,0,0,0,0,0,0,0.50102,0.18745,0,0,0.50015,0.06346,0.50681,0.49991,0.8606,0.79095,0.83613,0.5659,1.11809,0.5139,0.84878,0,0,0,0,0,0,0,0,0,0,0,0,0,0,0,0,0,0,0,0,0,0,0,0,0,0,0,0,0,0,0,0.5659,0.001873,0.000624332,0.001873,0.000624332,0.001873,0.000624332,0.001873,0.000624332
340,33294.3,0.99303,0.49207,0.83021,0,0,0,0,0,0,0.19628,0.00251,0.00082,0,0,0,0,0,0,0,0,0,0,0,0,0,0,0.499,0.18585,0,0,0.50024,0.06353,0.50708,0.5,0.85924,0.79229,0.83648,0.56563,1.11753,0.51376,0.84876,0,0,0,0,0,0,0,0,0,0,0,0,0,0,0,0,0,0,0,0,0,0,0,0,0,0,0,0,0,0,0,0.56563,0.00186733,0.000622445,0.00186733,0.000622445,0.00186733,0.000622445,0.00186733,0.000622445
341,33390.3,0.9958,0.49337,0.82929,0,0,0,0,0,0,0.22951,0.00251,0.00089,0,0,0,0,0,0,0,0,0,0,0,0,0,0,0.49686,0.1903,0,0,0.50023,0.06339,0.50727,0.49975,0.85828,0.79293,0.83688,0.56602,1.11758,0.51389,0.84872,0,0,0,0,0,0,0,0,0,0,0,0,0,0,0,0,0,0,0,0,0,0,0,0,0,0,0,0,0,0,0,0.56602,0.00186167,0.000620555,0.00186167,0.000620555,0.00186167,0.000620555,0.00186167,0.000620555
342,33484.9,1.00364,0.49483,0.8293,0,0,0,0,0,0,0.19678,0.00245,0.00094,0,0,0,0,0,0,0,0,0,0,0,0,0,0,0.5059,0.19098,0,0,0.50024,0.06346,0.50644,0.49999,0.85539,0.79382,0.83677,0.56574,1.11848,0.51397,0.8488,0,0,0,0,0,0,0,0,0,0,0,0,0,0,0,0,0,0,0,0,0,0,0,0,0,0,0,0,0,0,0,0.56574,0.00185599,0.000618664,0.00185599,0.000618664,0.00185599,0.000618664,0.00185599,0.000618664
343,33579.4,0.99743,0.49313,0.8306,0,0,0,0,0,0,0.1997,0.00243,0.00097,2e-05,0,0,0,0,0,0,0,0,0,0,0,0,0,0.49926,0.18891,0,0,0.50023,0.06342,0.5063,0.49973,0.85522,0.79375,0.83675,0.56619,1.11875,0.51437,0.84878,0,0,0,0,0,0,0,0,0,0,0,0,0,0,0,0,0,0,0,0,0,0,0,0,0,0,0,0,0,0,0,0.56619,0.00185031,0.000616772,0.00185031,0.000616772,0.00185031,0.000616772,0.00185031,0.000616772
344,33674.8,0.98879,0.48998,0.83117,0,0,0,0,0,0,0.20174,0.00242,0.00082,0,0,0,0,0,0,0,0,0,0,0,0,0,0,0.50185,0.1876,0,0,0.5001,0.06341,0.5069,0.49985,0.85589,0.79366,0.83693,0.56574,1.11935,0.51456,0.84889,0,0,0,0,0,0,0,0,0,0,0,0,0,0,0,0,0,0,0,0,0,0,0,0,0,0,0,0,0,0,0,0.56574,0.00184463,0.000614877,0.00184463,0.000614877,0.00184463,0.000614877,0.00184463,0.000614877
345,33769,0.99242,0.49056,0.8297,0,0,0,0,0,0,0.19293,0.0024,0.00088,1e-05,0,0,0,0,0,0,0,0,0,0,0,0,0,0.4995,0.18356,0,0,0.50033,0.06347,0.50772,0.50008,0.85471,0.79314,0.8367,0.56587,1.11946,0.5149,0.84896,0,0,0,0,0,0,0,0,0,0,0,0,0,0,0,0,0,0,0,0,0,0,0,0,0,0,0,0,0,0,0,0.56587,0.00183894,0.000612981,0.00183894,0.000612981,0.00183894,0.000612981,0.00183894,0.000612981
346,33865.1,0.99091,0.49046,0.82995,0,0,0,0,0,0,0.18463,0.00241,0.00073,0,0,0,0,0,0,0,0,0,0,0,0,0,0,0.49524,0.18074,0,0,0.50019,0.06334,0.50742,0.49994,0.85487,0.79285,0.8365,0.56564,1.11963,0.51474,0.84898,0,0,0,0,0,0,0,0,0,0,0,0,0,0,0,0,0,0,0,0,0,0,0,0,0,0,0,0,0,0,0,0.56564,0.00183325,0.000611083,0.00183325,0.000611083,0.00183325,0.000611083,0.00183325,0.000611083
347,33960.8,0.99848,0.49101,0.8307,0,0,0,0,0,0,0.20213,0.00245,0.00084,0,0,0,0,0,0,0,0,0,0,0,0,0,0,0.50388,0.17908,0,0,0.50036,0.06355,0.50713,0.5001,0.85426,0.79372,0.83657,0.56612,1.11979,0.51461,0.84898,0,0,0,0,0,0,0,0,0,0,0,0,0,0,0,0,0,0,0,0,0,0,0,0,0,0,0,0,0,0,0,0.56612,0.00182755,0.000609184,0.00182755,0.000609184,0.00182755,0.000609184,0.00182755,0.000609184
348,34054.3,0.99487,0.49151,0.8288,0,0,0,0,0,0,0.21865,0.00243,0.00073,0,0,0,0,0,0,0,0,0,0,0,0,0,0,0.50378,0.17704,0,0,0.50025,0.06352,0.50771,0.49975,0.85484,0.79339,0.83711,0.56576,1.11985,0.51449,0.84894,0,0,0,0,0,0,0,0,0,0,0,0,0,0,0,0,0,0,0,0,0,0,0,0,0,0,0,0,0,0,0,0.56576,0.00182185,0.000607282,0.00182185,0.000607282,0.00182185,0.000607282,0.00182185,0.000607282
349,34148.7,0.99094,0.49038,0.82898,0,0,0,0,0,0,0.18198,0.00245,0.00079,0,0,0,0,0,0,0,0,0,0,0,0,0,0,0.50909,0.18151,0,0,0.50028,0.06339,0.50659,0.50004,0.85556,0.79233,0.83672,0.56605,1.11953,0.51435,0.84888,0,0,0,0,0,0,0,0,0,0,0,0,0,0,0,0,0,0,0,0,0,0,0,0,0,0,0,0,0,0,0,0.56605,0.00181614,0.00060538,0.00181614,0.00060538,0.00181614,0.00060538,0.00181614,0.00060538
350,34242,0.98747,0.4895,0.8273,0,0,0,0,0,0,0.19973,0.00244,0.00061,0,0,0,0,0,0,0,0,0,0,0,0,0,0,0.51113,0.18214,0,0,0.50021,0.06349,0.50651,0.49971,0.85572,0.79186,0.83582,0.56559,1.11986,0.51443,0.84888,0,0,0,0,0,0,0,0,0,0,0,0,0,0,0,0,0,0,0,0,0,0,0,0,0,0,0,0,0,0,0,0.56559,0.00181043,0.000603475,0.00181043,0.000603475,0.00181043,0.000603475,0.00181043,0.000603475
351,34336.4,0.98812,0.4928,0.82843,0,0,0,0,0,0,0.20044,0.0024,0.00083,0,0,0,0,0,0,0,0,0,0,0,0,0,0,0.49963,0.18108,0,0,0.50035,0.06349,0.50671,0.50011,0.85585,0.79218,0.83532,0.56537,1.12032,0.51439,0.84896,0,0,0,0,0,0,0,0,0,0,0,0,0,0,0,0,0,0,0,0,0,0,0,0,0,0,0,0,0,0,0,0.56537,0.00180471,0.00060157,0.00180471,0.00060157,0.00180471,0.00060157,0.00180471,0.00060157
352,34431.3,0.99268,0.48986,0.82742,0,0,0,0,0,0,0.20995,0.00244,0.00068,1e-05,0,0,0,0,0,0,0,0,0,0,0,0,0,0.51169,0.18263,0,0,0.50024,0.06352,0.50603,0.49997,0.85607,0.79293,0.83557,0.5654,1.1204,0.51437,0.84898,0,0,0,0,0,0,0,0,0,0,0,0,0,0,0,0,0,0,0,0,0,0,0,0,0,0,0,0,0,0,0,0.5654,0.00179899,0.000599662,0.00179899,0.000599662,0.00179899,0.000599662,0.00179899,0.000599662
353,34526.1,0.99098,0.48843,0.82927,0,0,0,0,0,0,0.1992,0.00247,0.00068,2e-05,0,0,0,0,0,0,0,0,0,0,0,0,0,0.50834,0.182,0,0,0.50025,0.06351,0.50617,0.50001,0.85638,0.7929,0.83576,0.56568,1.11983,0.51411,0.84889,0,0,0,0,0,0,0,0,0,0,0,0,0,0,0,0,0,0,0,0,0,0,0,0,0,0,0,0,0,0,0,0.56568,0.00179326,0.000597754,0.00179326,0.000597754,0.00179326,0.000597754,0.00179326,0.000597754
354,34621.8,0.98557,0.48712,0.82824,0,0,0,0,0,0,0.19456,0.0024,0.00083,1e-05,0,0,0,0,0,0,0,0,0,0,0,0,0,0.53383,0.18765,0,0,0.50026,0.06345,0.50723,0.50001,0.85741,0.79321,0.83626,0.56572,1.11918,0.51408,0.84882,0,0,0,0,0,0,0,0,0,0,0,0,0,0,0,0,0,0,0,0,0,0,0,0,0,0,0,0,0,0,0,0.56572,0.00178753,0.000595844,0.00178753,0.000595844,0.00178753,0.000595844,0.00178753,0.000595844
355,34716.4,0.99058,0.4898,0.82878,0,0,0,0,0,0,0.20555,0.0024,0.00091,0,0,0,0,0,0,0,0,0,0,0,0,0,0,0.53021,0.18609,0,0,0.50021,0.06346,0.50831,0.49997,0.85745,0.79255,0.83558,0.56561,1.11905,0.51369,0.84889,0,0,0,0,0,0,0,0,0,0,0,0,0,0,0,0,0,0,0,0,0,0,0,0,0,0,0,0,0,0,0,0.56561,0.0017818,0.000593932,0.0017818,0.000593932,0.0017818,0.000593932,0.0017818,0.000593932
356,34810.6,0.99094,0.48895,0.82834,0,0,0,0,0,0,0.19086,0.00238,0.00072,0,0,0,0,0,0,0,0,0,0,0,0,0,0,0.52037,0.1844,0,0,0.5002,0.06337,0.50582,0.49972,0.85753,0.79326,0.83583,0.56554,1.11973,0.51398,0.84899,0,0,0,0,0,0,0,0,0,0,0,0,0,0,0,0,0,0,0,0,0,0,0,0,0,0,0,0,0,0,0,0.56554,0.00177606,0.000592019,0.00177606,0.000592019,0.00177606,0.000592019,0.00177606,0.000592019
357,34907.5,0.98194,0.48519,0.82833,0,0,0,0,0,0,0.19229,0.0024,0.00068,2e-05,0,0,0,0,0,0,0,0,0,0,0,0,0,0.52246,0.1848,0,0,0.50022,0.06352,0.50711,0.49995,0.85955,0.79203,0.83557,0.56531,1.12016,0.51408,0.84903,0,0,0,0,0,0,0,0,0,0,0,0,0,0,0,0,0,0,0,0,0,0,0,0,0,0,0,0,0,0,0,0.56531,0.00177031,0.000590105,0.00177031,0.000590105,0.00177031,0.000590105,0.00177031,0.000590105
358,35005.3,0.9872,0.48919,0.82993,0,0,0,0,0,0,0.18879,0.00241,0.0006,1e-05,0,0,0,0,0,0,0,0,0,0,0,0,0,0.52512,0.18056,0,0,0.50015,0.06338,0.50632,0.49988,0.86073,0.79245,0.83633,0.56515,1.12066,0.51413,0.8491,0,0,0,0,0,0,0,0,0,0,0,0,0,0,0,0,0,0,0,0,0,0,0,0,0,0,0,0,0,0,0,0.56515,0.00176457,0.000588189,0.00176457,0.000588189,0.00176457,0.000588189,0.00176457,0.000588189
359,35099.8,0.98922,0.48842,0.82928,0,0,0,0,0,0,0.19879,0.0024,0.00075,2e-05,0,0,0,0,0,0,0,0,0,0,0,0,0,0.52758,0.18624,0,0,0.50019,0.06347,0.50648,0.49971,0.85875,0.79305,0.83655,0.56523,1.12078,0.514,0.84906,0,0,0,0,0,0,0,0,0,0,0,0,0,0,0,0,0,0,0,0,0,0,0,0,0,0,0,0,0,0,0,0.56523,0.00175882,0.000586272,0.00175882,0.000586272,0.00175882,0.000586272,0.00175882,0.000586272
360,35195.3,0.99029,0.48748,0.82858,0,0,0,0,0,0,0.21411,0.00238,0.00066,2e-05,0,0,0,0,0,0,0,0,0,0,0,0,0,0.53345,0.18609,0,0,0.5002,0.0635,0.50594,0.49971,0.86189,0.79192,0.83723,0.56523,1.12151,0.51427,0.84911,0,0,0,0,0,0,0,0,0,0,0,0,0,0,0,0,0,0,0,0,0,0,0,0,0,0,0,0,0,0,0,0.56523,0.00175306,0.000584354,0.00175306,0.000584354,0.00175306,0.000584354,0.00175306,0.000584354
361,35291,0.98713,0.48968,0.82941,0,0,0,0,0,0,0.20278,0.00238,0.00092,3e-05,0,0,0,0,0,0,0,0,0,0,0,0,0,0.54044,0.18184,0,0,0.50026,0.06342,0.50639,0.50001,0.86317,0.79215,0.83737,0.56532,1.12203,0.51429,0.84916,0,0,0,0,0,0,0,0,0,0,0,0,0,0,0,0,0,0,0,0,0,0,0,0,0,0,0,0,0,0,0,0.56532,0.00174731,0.000582435,0.00174731,0.000582435,0.00174731,0.000582435,0.00174731,0.000582435
362,35385.9,0.98464,0.48819,0.82816,0,0,0,0,0,0,0.21185,0.0024,0.00099,0,0,0,0,0,0,0,0,0,0,0,0,0,0,0.53668,0.18495,0,0,0.50035,0.06353,0.50638,0.4999,0.86357,0.79213,0.83746,0.56563,1.12203,0.51421,0.84913,0,0,0,0,0,0,0,0,0,0,0,0,0,0,0,0,0,0,0,0,0,0,0,0,0,0,0,0,0,0,0,0.56563,0.00174154,0.000580515,0.00174154,0.000580515,0.00174154,0.000580515,0.00174154,0.000580515
363,35480.6,0.98635,0.48618,0.82837,0,0,0,0,0,0,0.2187,0.00237,0.00131,7e-05,0,0,0,0,0,0,0,0,0,0,0,0,0,0.53547,0.18596,0,0,0.50021,0.0635,0.50735,0.49997,0.86265,0.79204,0.83676,0.56565,1.12173,0.51461,0.84904,0,0,0,0,0,0,0,0,0,0,0,0,0,0,0,0,0,0,0,0,0,0,0,0,0,0,0,0,0,0,0,0.56565,0.00173578,0.000578593,0.00173578,0.000578593,0.00173578,0.000578593,0.00173578,0.000578593
364,35576.2,0.98963,0.48789,0.82968,0,0,0,0,0,0,0.2024,0.00237,0.00086,1e-05,0,0,0,0,0,0,0,0,0,0,0,0,0,0.53341,0.18455,0,0,0.50023,0.06352,0.50902,0.49997,0.86248,0.79192,0.83686,0.56553,1.12179,0.51465,0.84905,0,0,0,0,0,0,0,0,0,0,0,0,0,0,0,0,0,0,0,0,0,0,0,0,0,0,0,0,0,0,0,0.56553,0.00173001,0.00057667,0.00173001,0.00057667,0.00173001,0.00057667,0.00173001,0.00057667
365,35670.6,0.98722,0.48853,0.82804,0,0,0,0,0,0,0.21704,0.00237,0.00099,0,0,0,0,0,0,0,0,0,0,0,0,0,0,0.53424,0.18509,0,0,0.50018,0.06344,0.50678,0.49969,0.85838,0.79423,0.83707,0.56557,1.12137,0.51445,0.84902,0,0,0,0,0,0,0,0,0,0,0,0,0,0,0,0,0,0,0,0,0,0,0,0,0,0,0,0,0,0,0,0.56557,0.00172424,0.000574746,0.00172424,0.000574746,0.00172424,0.000574746,0.00172424,0.000574746
366,35764.4,0.98525,0.4843,0.82645,0,0,0,0,0,0,0.19397,0.00237,0.00069,3e-05,0,0,0,0,0,0,0,0,0,0,0,0,0,0.52449,0.18283,0,0,0.5002,0.06342,0.50736,0.49996,0.85992,0.79397,0.83763,0.56565,1.1211,0.51468,0.84907,0,0,0,0,0,0,0,0,0,0,0,0,0,0,0,0,0,0,0,0,0,0,0,0,0,0,0,0,0,0,0,0.56565,0.00171846,0.000572821,0.00171846,0.000572821,0.00171846,0.000572821,0.00171846,0.000572821
367,35860.5,0.98301,0.4861,0.8252,0,0,0,0,0,0,0.18236,0.00236,0.00064,1e-05,0,0,0,0,0,0,0,0,0,0,0,0,0,0.52874,0.18759,0,0,0.50048,0.0635,0.50668,0.50023,0.85772,0.79395,0.83659,0.56598,1.12095,0.51487,0.84902,0,0,0,0,0,0,0,0,0,0,0,0,0,0,0,0,0,0,0,0,0,0,0,0,0,0,0,0,0,0,0,0.56598,0.00171269,0.000570895,0.00171269,0.000570895,0.00171269,0.000570895,0.00171269,0.000570895
368,35955.6,0.97982,0.48489,0.82786,0,0,0,0,0,0,0.19606,0.00238,0.0007,0,0,0,0,0,0,0,0,0,0,0,0,0,0,0.52276,0.18621,0,0,0.50031,0.06345,0.50607,0.50006,0.85573,0.79513,0.83659,0.56579,1.12125,0.51477,0.84902,0,0,0,0,0,0,0,0,0,0,0,0,0,0,0,0,0,0,0,0,0,0,0,0,0,0,0,0,0,0,0,0.56579,0.0017069,0.000568968,0.0017069,0.000568968,0.0017069,0.000568968,0.0017069,0.000568968
369,36048.6,0.98059,0.48668,0.8297,0,0,0,0,0,0,0.20645,0.00238,0.00065,1e-05,0,0,0,0,0,0,0,0,0,0,0,0,0,0.51162,0.18258,0,0,0.50027,0.06346,0.50633,0.50002,0.85574,0.79514,0.83684,0.56598,1.12111,0.51483,0.84903,0,0,0,0,0,0,0,0,0,0,0,0,0,0,0,0,0,0,0,0,0,0,0,0,0,0,0,0,0,0,0,0.56598,0.00170112,0.00056704,0.00170112,0.00056704,0.00170112,0.00056704,0.00170112,0.00056704
370,36148.6,0.97574,0.4852,0.82554,0,0,0,0,0,0,0.19086,0.00236,0.0007,0,0,0,0,0,0,0,0,0,0,0,0,0,0,0.50692,0.18272,0,0,0.5002,0.06352,0.50539,0.49995,0.85468,0.79574,0.83658,0.56621,1.12123,0.51443,0.84905,0,0,0,0,0,0,0,0,0,0,0,0,0,0,0,0,0,0,0,0,0,0,0,0,0,0,0,0,0,0,0,0.56621,0.00169533,0.000565111,0.00169533,0.000565111,0.00169533,0.000565111,0.00169533,0.000565111
371,36244.5,0.98495,0.48607,0.82837,0,0,0,0,0,0,0.19322,0.00234,0.00076,2e-05,0,0,0,0,0,0,0,0,0,0,0,0,0,0.51264,0.18924,0,0,0.50025,0.06346,0.50759,0.5,0.85292,0.7963,0.83589,0.56615,1.1216,0.5143,0.84909,0,0,0,0,0,0,0,0,0,0,0,0,0,0,0,0,0,0,0,0,0,0,0,0,0,0,0,0,0,0,0,0.56615,0.00168954,0.000563181,0.00168954,0.000563181,0.00168954,0.000563181,0.00168954,0.000563181
372,36335.2,0.98638,0.48881,0.82787,0,0,0,0,0,0,0.20455,0.00239,0.00063,0,0,0,0,0,0,0,0,0,0,0,0,0,0,0.5127,0.18155,0,0,0.50022,0.06341,0.506,0.49973,0.85185,0.7966,0.83619,0.56626,1.12138,0.51425,0.84903,0,0,0,0,0,0,0,0,0,0,0,0,0,0,0,0,0,0,0,0,0,0,0,0,0,0,0,0,0,0,0,0.56626,0.00168375,0.00056125,0.00168375,0.00056125,0.00168375,0.00056125,0.00168375,0.00056125
373,36435.5,0.98093,0.48426,0.8272,0,0,0,0,0,0,0.19613,0.00236,0.00082,0,0,0,0,0,0,0,0,0,0,0,0,0,0,0.51894,0.18036,0,0,0.50027,0.06347,0.50688,0.49978,0.8552,0.79434,0.83545,0.56613,1.12181,0.51438,0.84909,0,0,0,0,0,0,0,0,0,0,0,0,0,0,0,0,0,0,0,0,0,0,0,0,0,0,0,0,0,0,0,0.56613,0.00167796,0.000559318,0.00167796,0.000559318,0.00167796,0.000559318,0.00167796,0.000559318
374,36530.7,0.98122,0.48499,0.82842,0,0,0,0,0,0,0.20586,0.00234,0.001,2e-05,0,0,0,0,0,0,0,0,0,0,0,0,0,0.50908,0.18182,0,0,0.50026,0.06351,0.50829,0.50003,0.86043,0.79142,0.8357,0.56604,1.12194,0.51468,0.84918,0,0,0,0,0,0,0,0,0,0,0,0,0,0,0,0,0,0,0,0,0,0,0,0,0,0,0,0,0,0,0,0.56604,0.00167216,0.000557386,0.00167216,0.000557386,0.00167216,0.000557386,0.00167216,0.000557386
375,36625.2,0.97748,0.48174,0.82874,0,0,0,0,0,0,0.19163,0.00234,0.0008,0,0,0,0,0,0,0,0,0,0,0,0,0,0,0.50473,0.18087,0,0,0.50026,0.06346,0.50712,0.49999,0.85778,0.79398,0.83564,0.56556,1.12221,0.51467,0.84913,0,0,0,0,0,0,0,0,0,0,0,0,0,0,0,0,0,0,0,0,0,0,0,0,0,0,0,0,0,0,0,0.56556,0.00166636,0.000555453,0.00166636,0.000555453,0.00166636,0.000555453,0.00166636,0.000555453
376,36720,0.9757,0.4835,0.82959,0,0,0,0,0,0,0.2118,0.00235,0.00065,0,0,0,0,0,0,0,0,0,0,0,0,0,0,0.49396,0.18011,0,0,0.50024,0.06349,0.50729,0.49977,0.85463,0.79576,0.83558,0.56543,1.12327,0.51511,0.84922,0,0,0,0,0,0,0,0,0,0,0,0,0,0,0,0,0,0,0,0,0,0,0,0,0,0,0,0,0,0,0,0.56543,0.00166056,0.000553518,0.00166056,0.000553518,0.00166056,0.000553518,0.00166056,0.000553518
377,36812.6,0.97897,0.48429,0.8267,0,0,0,0,0,0,0.20301,0.00232,0.00077,4e-05,0,0,0,0,0,0,0,0,0,0,0,0,0,0.50302,0.18697,0,0,0.50034,0.06346,0.50774,0.49985,0.85322,0.79624,0.83546,0.56525,1.1233,0.5152,0.84926,0,0,0,0,0,0,0,0,0,0,0,0,0,0,0,0,0,0,0,0,0,0,0,0,0,0,0,0,0,0,0,0.56525,0.00165475,0.000551584,0.00165475,0.000551584,0.00165475,0.000551584,0.00165475,0.000551584
378,36906,0.97826,0.48388,0.8277,0,0,0,0,0,0,0.20495,0.00234,0.00084,1e-05,0,0,0,0,0,0,0,0,0,0,0,0,0,0.51298,0.18505,0,0,0.50027,0.06348,0.5087,0.5,0.85378,0.7959,0.83539,0.56551,1.12399,0.51497,0.84934,0,0,0,0,0,0,0,0,0,0,0,0,0,0,0,0,0,0,0,0,0,0,0,0,0,0,0,0,0,0,0,0.56551,0.00164894,0.000549648,0.00164894,0.000549648,0.00164894,0.000549648,0.00164894,0.000549648
379,37000.5,0.97765,0.48156,0.8282,0,0,0,0,0,0,0.20059,0.00233,0.00072,1e-05,0,0,0,0,0,0,0,0,0,0,0,0,0,0.51892,0.18383,0,0,0.50014,0.06339,0.50709,0.49988,0.85422,0.79632,0.83548,0.56585,1.12363,0.51536,0.84938,0,0,0,0,0,0,0,0,0,0,0,0,0,0,0,0,0,0,0,0,0,0,0,0,0,0,0,0,0,0,0,0.56585,0.00164314,0.000547712,0.00164314,0.000547712,0.00164314,0.000547712,0.00164314,0.000547712
380,37094.8,0.97354,0.48132,0.82446,0,0,0,0,0,0,0.19663,0.00234,0.00074,0,0,0,0,0,0,0,0,0,0,0,0,0,0,0.51318,0.18504,0,0,0.50022,0.06344,0.50809,0.49995,0.85633,0.79482,0.83527,0.56577,1.12387,0.51545,0.84937,0,0,0,0,0,0,0,0,0,0,0,0,0,0,0,0,0,0,0,0,0,0,0,0,0,0,0,0,0,0,0,0.56577,0.00163732,0.000545775,0.00163732,0.000545775,0.00163732,0.000545775,0.00163732,0.000545775
381,37191.8,0.98402,0.48568,0.82756,0,0,0,0,0,0,0.20214,0.00231,0.00115,0.00028,0,0,0,0,0,0,0,0,0,0,0,0,0,0.50595,0.18516,0,0,0.5002,0.06349,0.50602,0.49973,0.85713,0.79606,0.83597,0.56579,1.12418,0.51568,0.84937,0,0,0,0,0,0,0,0,0,0,0,0,0,0,0,0,0,0,0,0,0,0,0,0,0,0,0,0,0,0,0,0.56579,0.00163151,0.000543837,0.00163151,0.000543837,0.00163151,0.000543837,0.00163151,0.000543837
382,37285.5,0.97436,0.48313,0.82589,0,0,0,0,0,0,0.17798,0.00233,0.00065,0,0,0,0,0,0,0,0,0,0,0,0,0,0,0.50816,0.17922,0,0,0.50028,0.06345,0.50749,0.50003,0.85469,0.79504,0.8353,0.56572,1.12365,0.51533,0.84931,0,0,0,0,0,0,0,0,0,0,0,0,0,0,0,0,0,0,0,0,0,0,0,0,0,0,0,0,0,0,0,0.56572,0.0016257,0.000541899,0.0016257,0.000541899,0.0016257,0.000541899,0.0016257,0.000541899
383,37380.3,0.97593,0.48316,0.8247,0,0,0,0,0,0,0.19534,0.00235,0.00053,0,0,0,0,0,0,0,0,0,0,0,0,0,0,0.509,0.17844,0,0,0.5002,0.06343,0.50762,0.4997,0.85474,0.79604,0.83582,0.56564,1.12405,0.51536,0.84928,0,0,0,0,0,0,0,0,0,0,0,0,0,0,0,0,0,0,0,0,0,0,0,0,0,0,0,0,0,0,0,0.56564,0.00161988,0.00053996,0.00161988,0.00053996,0.00161988,0.00053996,0.00161988,0.00053996
384,37475.7,0.98077,0.4845,0.82682,0,0,0,0,0,0,0.20036,0.00234,0.0009,0,0,0,0,0,0,0,0,0,0,0,0,0,0,0.52157,0.17953,0,0,0.50032,0.06352,0.50648,0.49981,0.85298,0.79687,0.83606,0.56602,1.12319,0.5151,0.8492,0,0,0,0,0,0,0,0,0,0,0,0,0,0,0,0,0,0,0,0,0,0,0,0,0,0,0,0,0,0,0,0.56602,0.00161406,0.000538021,0.00161406,0.000538021,0.00161406,0.000538021,0.00161406,0.000538021
385,37569.8,0.98256,0.48511,0.82736,0,0,0,0,0,0,0.19658,0.00232,0.00093,4e-05,0,0,0,0,0,0,0,0,0,0,0,0,0,0.53126,0.1852,0,0,0.5004,0.06349,0.50704,0.49991,0.85463,0.7959,0.83615,0.56567,1.12286,0.51495,0.84921,0,0,0,0,0,0,0,0,0,0,0,0,0,0,0,0,0,0,0,0,0,0,0,0,0,0,0,0,0,0,0,0.56567,0.00160824,0.000536081,0.00160824,0.000536081,0.00160824,0.000536081,0.00160824,0.000536081
386,37665.3,0.97111,0.48007,0.82469,0,0,0,0,0,0,0.18394,0.00231,0.00061,0,0,0,0,0,0,0,0,0,0,0,0,0,0,0.53904,0.18566,0,0,0.50036,0.06349,0.50701,0.49986,0.85579,0.79566,0.83597,0.56611,1.12242,0.51551,0.84915,0,0,0,0,0,0,0,0,0,0,0,0,0,0,0,0,0,0,0,0,0,0,0,0,0,0,0,0,0,0,0,0.56611,0.00160242,0.000534141,0.00160242,0.000534141,0.00160242,0.000534141,0.00160242,0.000534141
387,37761.6,0.97695,0.48415,0.82673,0,0,0,0,0,0,0.19126,0.00231,0.00084,9e-05,0,0,0,0,0,0,0,0,0,0,0,0,0,0.53221,0.18211,0,0,0.50032,0.06351,0.50824,0.50006,0.85281,0.79729,0.83633,0.5661,1.12241,0.51561,0.84904,0,0,0,0,0,0,0,0,0,0,0,0,0,0,0,0,0,0,0,0,0,0,0,0,0,0,0,0,0,0,0,0.5661,0.0015966,0.0005322,0.0015966,0.0005322,0.0015966,0.0005322,0.0015966,0.0005322
388,37857.7,0.97575,0.4825,0.82626,0,0,0,0,0,0,0.18463,0.00228,0.00107,1e-05,0,0,0,0,0,0,0,0,0,0,0,0,0,0.5233,0.18247,0,0,0.50027,0.06348,0.50788,0.50002,0.85315,0.79745,0.83626,0.56622,1.12246,0.51579,0.84907,0,0,0,0,0,0,0,0,0,0,0,0,0,0,0,0,0,0,0,0,0,0,0,0,0,0,0,0,0,0,0,0.56622,0.00159078,0.000530259,0.00159078,0.000530259,0.00159078,0.000530259,0.00159078,0.000530259
389,37952.9,0.96946,0.48101,0.82789,0,0,0,0,0,0,0.20899,0.0023,0.0014,0,0,0,0,0,0,0,0,0,0,0,0,0,0,0.53801,0.18807,0,0,0.50026,0.06348,0.50807,0.49977,0.85583,0.79656,0.83607,0.56602,1.12262,0.51575,0.84916,0,0,0,0,0,0,0,0,0,0,0,0,0,0,0,0,0,0,0,0,0,0,0,0,0,0,0,0,0,0,0,0.56602,0.00158495,0.000528318,0.00158495,0.000528318,0.00158495,0.000528318,0.00158495,0.000528318
390,38050.7,0.97698,0.48254,0.8282,0,0,0,0,0,0,0.19347,0.00229,0.00089,4e-05,0,0,0,0,0,0,0,0,0,0,0,0,0,0.52924,0.1851,0,0,0.50031,0.06355,0.50753,0.49984,0.85609,0.79685,0.83644,0.56656,1.12217,0.51616,0.84911,0,0,0,0,0,0,0,0,0,0,0,0,0,0,0,0,0,0,0,0,0,0,0,0,0,0,0,0,0,0,0,0.56656,0.00157913,0.000526376,0.00157913,0.000526376,0.00157913,0.000526376,0.00157913,0.000526376
391,38145,0.97856,0.48233,0.82602,0,0,0,0,0,0,0.17673,0.00231,0.00068,0,0,0,0,0,0,0,0,0,0,0,0,0,0,0.53091,0.18164,0,0,0.50027,0.06357,0.50691,0.50002,0.85712,0.79566,0.83624,0.56623,1.12248,0.51614,0.84901,0,0,0,0,0,0,0,0,0,0,0,0,0,0,0,0,0,0,0,0,0,0,0,0,0,0,0,0,0,0,0,0.56623,0.0015733,0.000524434,0.0015733,0.000524434,0.0015733,0.000524434,0.0015733,0.000524434
392,38237.1,0.97327,0.48146,0.82646,0,0,0,0,0,0,0.18288,0.00227,0.00067,0,0,0,0,0,0,0,0,0,0,0,0,0,0,0.52339,0.18066,0,0,0.50026,0.06349,0.50709,0.50001,0.85672,0.79606,0.8365,0.56611,1.12211,0.5163,0.84905,0,0,0,0,0,0,0,0,0,0,0,0,0,0,0,0,0,0,0,0,0,0,0,0,0,0,0,0,0,0,0,0.56611,0.00156747,0.000522491,0.00156747,0.000522491,0.00156747,0.000522491,0.00156747,0.000522491
393,38333.5,0.96847,0.48014,0.82575,0,0,0,0,0,0,0.19624,0.00228,0.00062,0,0,0,0,0,0,0,0,0,0,0,0,0,0,0.5239,0.18001,0,0,0.50043,0.06358,0.50819,0.50018,0.85649,0.79663,0.8366,0.56598,1.12316,0.51657,0.84916,0,0,0,0,0,0,0,0,0,0,0,0,0,0,0,0,0,0,0,0,0,0,0,0,0,0,0,0,0,0,0,0.56598,0.00156164,0.000520548,0.00156164,0.000520548,0.00156164,0.000520548,0.00156164,0.000520548
394,38430.5,0.97364,0.48018,0.82766,0,0,0,0,0,0,0.1908,0.00227,0.0006,2e-05,0,0,0,0,0,0,0,0,0,0,0,0,0,0.51257,0.17915,0,0,0.50025,0.06343,0.50767,0.49998,0.85554,0.79706,0.83687,0.56615,1.12353,0.51687,0.84918,0,0,0,0,0,0,0,0,0,0,0,0,0,0,0,0,0,0,0,0,0,0,0,0,0,0,0,0,0,0,0,0.56615,0.00155582,0.000518605,0.00155582,0.000518605,0.00155582,0.000518605,0.00155582,0.000518605
395,38528.1,0.97312,0.48269,0.8277,0,0,0,0,0,0,0.19641,0.0023,0.00059,7e-05,0,0,0,0,0,0,0,0,0,0,0,0,0,0.51166,0.17986,0,0,0.50028,0.06349,0.50703,0.50003,0.8574,0.79626,0.83711,0.56609,1.12315,0.51632,0.84915,0,0,0,0,0,0,0,0,0,0,0,0,0,0,0,0,0,0,0,0,0,0,0,0,0,0,0,0,0,0,0,0.56609,0.00154999,0.000516662,0.00154999,0.000516662,0.00154999,0.000516662,0.00154999,0.000516662
396,38622.9,0.96285,0.47926,0.82655,0,0,0,0,0,0,0.18714,0.00231,0.00065,3e-05,0,0,0,0,0,0,0,0,0,0,0,0,0,0.51479,0.18259,0,0,0.50024,0.06345,0.50698,0.49998,0.855,0.79659,0.83677,0.56603,1.12339,0.51625,0.8492,0,0,0,0,0,0,0,0,0,0,0,0,0,0,0,0,0,0,0,0,0,0,0,0,0,0,0,0,0,0,0,0.56603,0.00154416,0.000514719,0.00154416,0.000514719,0.00154416,0.000514719,0.00154416,0.000514719
397,38716.9,0.96506,0.48081,0.82628,0,0,0,0,0,0,0.17902,0.00227,0.00084,3e-05,0,0,0,0,0,0,0,0,0,0,0,0,0,0.51906,0.18492,0,0,0.50039,0.06362,0.50584,0.50016,0.85613,0.7963,0.83703,0.5664,1.12364,0.51623,0.84926,0,0,0,0,0,0,0,0,0,0,0,0,0,0,0,0,0,0,0,0,0,0,0,0,0,0,0,0,0,0,0,0.5664,0.00153833,0.000512775,0.00153833,0.000512775,0.00153833,0.000512775,0.00153833,0.000512775
398,38813.3,0.96574,0.4819,0.82758,0,0,0,0,0,0,0.17363,0.0023,0.00077,2e-05,0,0,0,0,0,0,0,0,0,0,0,0,0,0.51571,0.1842,0,0,0.50031,0.06356,0.50626,0.50006,0.85427,0.7958,0.83698,0.56628,1.12338,0.51616,0.84922,0,0,0,0,0,0,0,0,0,0,0,0,0,0,0,0,0,0,0,0,0,0,0,0,0,0,0,0,0,0,0,0.56628,0.00153249,0.000510831,0.00153249,0.000510831,0.00153249,0.000510831,0.00153249,0.000510831
399,38907.8,0.9627,0.47596,0.82579,0,0,0,0,0,0,0.18185,0.0023,0.0006,1e-05,0,0,0,0,0,0,0,0,0,0,0,0,0,0.53226,0.18438,0,0,0.5003,0.06348,0.50719,0.50005,0.8549,0.79601,0.83683,0.56608,1.12375,0.51652,0.8493,0,0,0,0,0,0,0,0,0,0,0,0,0,0,0,0,0,0,0,0,0,0,0,0,0,0,0,0,0,0,0,0.56608,0.00152666,0.000508888,0.00152666,0.000508888,0.00152666,0.000508888,0.00152666,0.000508888
400,39006.5,0.97171,0.47954,0.82557,0,0,0,0,0,0,0.17621,0.00227,0.00046,0,0,0,0,0,0,0,0,0,0,0,0,0,0,0.53608,0.18175,0,0,0.5002,0.06347,0.50657,0.49968,0.85541,0.79645,0.83723,0.56627,1.12338,0.51619,0.84922,0,0,0,0,0,0,0,0,0,0,0,0,0,0,0,0,0,0,0,0,0,0,0,0,0,0,0,0,0,0,0,0.56627,0.00152083,0.000506944,0.00152083,0.000506944,0.00152083,0.000506944,0.00152083,0.000506944
401,39100.6,0.96364,0.47822,0.82808,0,0,0,0,0,0,0.1979,0.00228,0.00075,0,0,0,0,0,0,0,0,0,0,0,0,0,0,0.53023,0.18001,0,0,0.50026,0.06345,0.50617,0.49978,0.85515,0.7959,0.83734,0.56611,1.12389,0.51669,0.84927,0,0,0,0,0,0,0,0,0,0,0,0,0,0,0,0,0,0,0,0,0,0,0,0,0,0,0,0,0,0,0,0.56611,0.001515,0.000505,0.001515,0.000505,0.001515,0.000505,0.001515,0.000505
402,39198.3,0.96144,0.47547,0.82667,0,0,0,0,0,0,0.16989,0.00226,0.00067,0,0,0,0,0,0,0,0,0,0,0,0,0,0,0.54698,0.1832,0,0,0.5002,0.06345,0.50695,0.49993,0.85236,0.79563,0.83611,0.56596,1.12354,0.51638,0.8492,0,0,0,0,0,0,0,0,0,0,0,0,0,0,0,0,0,0,0,0,0,0,0,0,0,0,0,0,0,0,0,0.56596,0.00150917,0.000503056,0.00150917,0.000503056,0.00150917,0.000503056,0.00150917,0.000503056
403,39295,0.96023,0.47537,0.82624,0,0,0,0,0,0,0.18554,0.0023,0.00064,0,0,0,0,0,0,0,0,0,0,0,0,0,0,0.5353,0.18197,0,0,0.50022,0.06345,0.50567,0.49997,0.85481,0.79554,0.83644,0.56612,1.12392,0.51678,0.8493,0,0,0,0,0,0,0,0,0,0,0,0,0,0,0,0,0,0,0,0,0,0,0,0,0,0,0,0,0,0,0,0.56612,0.00150334,0.000501112,0.00150334,0.000501112,0.00150334,0.000501112,0.00150334,0.000501112
404,39393.4,0.9681,0.47622,0.82769,0,0,0,0,0,0,0.20671,0.00226,0.00061,1e-05,0,0,0,0,0,0,0,0,0,0,0,0,0,0.52331,0.17945,0,0,0.50027,0.06354,0.50753,0.50001,0.85562,0.79493,0.83638,0.56604,1.12396,0.51672,0.84926,0,0,0,0,0,0,0,0,0,0,0,0,0,0,0,0,0,0,0,0,0,0,0,0,0,0,0,0,0,0,0,0.56604,0.00149751,0.000499169,0.00149751,0.000499169,0.00149751,0.000499169,0.00149751,0.000499169
405,39492.9,0.97201,0.47965,0.82511,0,0,0,0,0,0,0.18189,0.00223,0.00061,3e-05,0,0,0,0,0,0,0,0,0,0,0,0,0,0.51425,0.17867,0,0,0.50026,0.06355,0.5063,0.5,0.85739,0.79471,0.83661,0.56613,1.12464,0.51693,0.84923,0,0,0,0,0,0,0,0,0,0,0,0,0,0,0,0,0,0,0,0,0,0,0,0,0,0,0,0,0,0,0,0.56613,0.00149167,0.000497225,0.00149167,0.000497225,0.00149167,0.000497225,0.00149167,0.000497225
406,39588,0.9604,0.47465,0.82583,0,0,0,0,0,0,0.18019,0.00224,0.00067,0,0,0,0,0,0,0,0,0,0,0,0,0,0,0.52901,0.18279,0,0,0.50033,0.06355,0.50678,0.50008,0.85556,0.7947,0.83601,0.56579,1.12452,0.51672,0.84925,0,0,0,0,0,0,0,0,0,0,0,0,0,0,0,0,0,0,0,0,0,0,0,0,0,0,0,0,0,0,0,0.56579,0.00148584,0.000495281,0.00148584,0.000495281,0.00148584,0.000495281,0.00148584,0.000495281
407,39682.6,0.9616,0.47859,0.82523,0,0,0,0,0,0,0.18374,0.00229,0.0008,0,0,0,0,0,0,0,0,0,0,0,0,0,0,0.52283,0.18158,0,0,0.50022,0.06338,0.50691,0.49997,0.85518,0.79561,0.83685,0.56605,1.12469,0.51704,0.84919,0,0,0,0,0,0,0,0,0,0,0,0,0,0,0,0,0,0,0,0,0,0,0,0,0,0,0,0,0,0,0,0.56605,0.00148001,0.000493338,0.00148001,0.000493338,0.00148001,0.000493338,0.00148001,0.000493338
408,39778.9,0.96627,0.4792,0.82461,0,0,0,0,0,0,0.18166,0.00227,0.00062,0,0,0,0,0,0,0,0,0,0,0,0,0,0,0.5107,0.18207,0,0,0.50023,0.0635,0.50667,0.49998,0.85499,0.79583,0.83694,0.56577,1.12478,0.51731,0.84921,0,0,0,0,0,0,0,0,0,0,0,0,0,0,0,0,0,0,0,0,0,0,0,0,0,0,0,0,0,0,0,0.56577,0.00147418,0.000491395,0.00147418,0.000491395,0.00147418,0.000491395,0.00147418,0.000491395
409,39883.7,0.95913,0.47465,0.82513,0,0,0,0,0,0,0.1821,0.0023,0.0007,0,0,0,0,0,0,0,0,0,0,0,0,0,0,0.50649,0.17917,0,0,0.50029,0.06354,0.50624,0.50003,0.85559,0.79465,0.83711,0.5659,1.12451,0.51729,0.84918,0,0,0,0,0,0,0,0,0,0,0,0,0,0,0,0,0,0,0,0,0,0,0,0,0,0,0,0,0,0,0,0.5659,0.00146836,0.000489452,0.00146836,0.000489452,0.00146836,0.000489452,0.00146836,0.000489452
410,39986.8,0.96922,0.4787,0.8257,0,0,0,0,0,0,0.17478,0.0023,0.00069,0,0,0,0,0,0,0,0,0,0,0,0,0,0,0.50263,0.17697,0,0,0.50019,0.06341,0.50607,0.49971,0.8559,0.79448,0.83665,0.56611,1.12408,0.51722,0.84915,0,0,0,0,0,0,0,0,0,0,0,0,0,0,0,0,0,0,0,0,0,0,0,0,0,0,0,0,0,0,0,0.56611,0.00146253,0.000487509,0.00146253,0.000487509,0.00146253,0.000487509,0.00146253,0.000487509
411,40081,0.96222,0.4775,0.8248,0,0,0,0,0,0,0.17617,0.00229,0.00061,0,0,0,0,0,0,0,0,0,0,0,0,0,0,0.51557,0.17878,0,0,0.50018,0.06345,0.50729,0.49972,0.85429,0.79608,0.8369,0.56593,1.12477,0.51743,0.84921,0,0,0,0,0,0,0,0,0,0,0,0,0,0,0,0,0,0,0,0,0,0,0,0,0,0,0,0,0,0,0,0.56593,0.0014567,0.000485566,0.0014567,0.000485566,0.0014567,0.000485566,0.0014567,0.000485566
412,40175.5,0.96285,0.47781,0.82629,0,0,0,0,0,0,0.16729,0.00226,0.00069,2e-05,0,0,0,0,0,0,0,0,0,0,0,0,0,0.51537,0.18028,0,0,0.50025,0.06341,0.50724,0.5,0.85343,0.79574,0.83679,0.566,1.12522,0.51777,0.84926,0,0,0,0,0,0,0,0,0,0,0,0,0,0,0,0,0,0,0,0,0,0,0,0,0,0,0,0,0,0,0,0.566,0.00145087,0.000483624,0.00145087,0.000483624,0.00145087,0.000483624,0.00145087,0.000483624
413,40273,0.96505,0.47888,0.82514,0,0,0,0,0,0,0.17103,0.0023,0.00051,0,0,0,0,0,0,0,0,0,0,0,0,0,0,0.51253,0.17574,0,0,0.50019,0.06342,0.50711,0.49969,0.85386,0.79541,0.83683,0.56593,1.12571,0.51759,0.84939,0,0,0,0,0,0,0,0,0,0,0,0,0,0,0,0,0,0,0,0,0,0,0,0,0,0,0,0,0,0,0,0.56593,0.00144505,0.000481682,0.00144505,0.000481682,0.00144505,0.000481682,0.00144505,0.000481682
414,40371.7,0.95671,0.47418,0.82305,0,0,0,0,0,0,0.17516,0.00227,0.0007,0,0,0,0,0,0,0,0,0,0,0,0,0,0,0.51348,0.17453,0,0,0.50028,0.06349,0.50666,0.50002,0.85466,0.79502,0.83708,0.56585,1.12662,0.51839,0.8496,0,0,0,0,0,0,0,0,0,0,0,0,0,0,0,0,0,0,0,0,0,0,0,0,0,0,0,0,0,0,0,0.56585,0.00143922,0.000479741,0.00143922,0.000479741,0.00143922,0.000479741,0.00143922,0.000479741
415,40466.3,0.95801,0.47475,0.82379,0,0,0,0,0,0,0.16942,0.00226,0.00059,0,0,0,0,0,0,0,0,0,0,0,0,0,0,0.5058,0.17265,0,0,0.50021,0.06348,0.50738,0.49995,0.85427,0.79544,0.83748,0.56586,1.12679,0.51874,0.84961,0,0,0,0,0,0,0,0,0,0,0,0,0,0,0,0,0,0,0,0,0,0,0,0,0,0,0,0,0,0,0,0.56586,0.0014334,0.0004778,0.0014334,0.0004778,0.0014334,0.0004778,0.0014334,0.0004778
416,40563.3,0.95831,0.47593,0.8262,0,0,0,0,0,0,0.18796,0.00226,0.00054,1e-05,0,0,0,0,0,0,0,0,0,0,0,0,0,0.50384,0.17384,0,0,0.5003,0.06343,0.50702,0.50005,0.85669,0.79419,0.83749,0.56597,1.12637,0.51814,0.84951,0,0,0,0,0,0,0,0,0,0,0,0,0,0,0,0,0,0,0,0,0,0,0,0,0,0,0,0,0,0,0,0.56597,0.00142758,0.000475859,0.00142758,0.000475859,0.00142758,0.000475859,0.00142758,0.000475859
417,40657.8,0.95569,0.47383,0.82758,0,0,0,0,0,0,0.19164,0.00226,0.00053,0,0,0,0,0,0,0,0,0,0,0,0,0,0,0.51634,0.17642,0,0,0.50034,0.06347,0.50661,0.50007,0.85723,0.79308,0.8375,0.56622,1.12663,0.51813,0.84955,0,0,0,0,0,0,0,0,0,0,0,0,0,0,0,0,0,0,0,0,0,0,0,0,0,0,0,0,0,0,0,0.56622,0.00142176,0.000473919,0.00142176,0.000473919,0.00142176,0.000473919,0.00142176,0.000473919
418,40754.4,0.95789,0.47263,0.82573,0,0,0,0,0,0,0.18,0.00226,0.00064,4e-05,0,0,0,0,0,0,0,0,0,0,0,0,0,0.51664,0.17335,0,0,0.50019,0.06346,0.5063,0.49993,0.85752,0.79273,0.83776,0.56641,1.1263,0.51836,0.84953,0,0,0,0,0,0,0,0,0,0,0,0,0,0,0,0,0,0,0,0,0,0,0,0,0,0,0,0,0,0,0,0.56641,0.00141594,0.000471979,0.00141594,0.000471979,0.00141594,0.000471979,0.00141594,0.000471979
419,40849.8,0.96091,0.47657,0.82546,0,0,0,0,0,0,0.18542,0.00228,0.00054,1e-05,0,0,0,0,0,0,0,0,0,0,0,0,0,0.51121,0.17133,0,0,0.50018,0.06339,0.50684,0.49992,0.85643,0.79367,0.8386,0.56622,1.12691,0.51858,0.84955,0,0,0,0,0,0,0,0,0,0,0,0,0,0,0,0,0,0,0,0,0,0,0,0,0,0,0,0,0,0,0,0.56622,0.00141012,0.00047004,0.00141012,0.00047004,0.00141012,0.00047004,0.00141012,0.00047004
420,40944.6,0.95634,0.4716,0.82449,0,0,0,0,0,0,0.18719,0.00224,0.00068,2e-05,0,0,0,0,0,0,0,0,0,0,0,0,0,0.51794,0.17719,0,0,0.50032,0.06351,0.50666,0.49983,0.85694,0.79333,0.83819,0.56636,1.12654,0.51828,0.84949,0,0,0,0,0,0,0,0,0,0,0,0,0,0,0,0,0,0,0,0,0,0,0,0,0,0,0,0,0,0,0,0.56636,0.0014043,0.000468101,0.0014043,0.000468101,0.0014043,0.000468101,0.0014043,0.000468101
421,41041.1,0.96324,0.47669,0.82469,0,0,0,0,0,0,0.179,0.00224,0.0005,1e-05,0,0,0,0,0,0,0,0,0,0,0,0,0,0.51585,0.1764,0,0,0.50022,0.0635,0.5078,0.49997,0.85657,0.79436,0.83863,0.56634,1.12684,0.51866,0.84949,0,0,0,0,0,0,0,0,0,0,0,0,0,0,0,0,0,0,0,0,0,0,0,0,0,0,0,0,0,0,0,0.56634,0.00139849,0.000466163,0.00139849,0.000466163,0.00139849,0.000466163,0.00139849,0.000466163
422,41136.3,0.95542,0.4761,0.82392,0,0,0,0,0,0,0.16234,0.00224,0.00078,1e-05,0,0,0,0,0,0,0,0,0,0,0,0,0,0.53298,0.17783,0,0,0.5002,0.06342,0.50653,0.49994,0.85623,0.79312,0.8378,0.56632,1.12661,0.51881,0.84951,0,0,0,0,0,0,0,0,0,0,0,0,0,0,0,0,0,0,0,0,0,0,0,0,0,0,0,0,0,0,0,0.56632,0.00139268,0.000464225,0.00139268,0.000464225,0.00139268,0.000464225,0.00139268,0.000464225
423,41233.2,0.95658,0.47297,0.82511,0,0,0,0,0,0,0.16589,0.00225,0.00069,1e-05,0,0,0,0,0,0,0,0,0,0,0,0,0,0.52297,0.17823,0,0,0.50036,0.06352,0.50577,0.49988,0.85644,0.79331,0.83804,0.5663,1.12675,0.51918,0.84956,0,0,0,0,0,0,0,0,0,0,0,0,0,0,0,0,0,0,0,0,0,0,0,0,0,0,0,0,0,0,0,0.5663,0.00138686,0.000462288,0.00138686,0.000462288,0.00138686,0.000462288,0.00138686,0.000462288
424,41331,0.96016,0.47558,0.82356,0,0,0,0,0,0,0.17855,0.00223,0.00084,0,0,0,0,0,0,0,0,0,0,0,0,0,0,0.51958,0.17648,0,0,0.5002,0.06345,0.50615,0.49972,0.85594,0.79424,0.83798,0.56632,1.12667,0.51877,0.84951,0,0,0,0,0,0,0,0,0,0,0,0,0,0,0,0,0,0,0,0,0,0,0,0,0,0,0,0,0,0,0,0.56632,0.00138106,0.000460352,0.00138106,0.000460352,0.00138106,0.000460352,0.00138106,0.000460352
425,41447.7,0.96108,0.47594,0.82428,0,0,0,0,0,0,0.17565,0.00221,0.00062,1e-05,0,0,0,0,0,0,0,0,0,0,0,0,0,0.51252,0.17868,0,0,0.50037,0.06355,0.50625,0.49989,0.8552,0.79329,0.83711,0.5659,1.12708,0.51857,0.84952,0,0,0,0,0,0,0,0,0,0,0,0,0,0,0,0,0,0,0,0,0,0,0,0,0,0,0,0,0,0,0,0.5659,0.00137525,0.000458416,0.00137525,0.000458416,0.00137525,0.000458416,0.00137525,0.000458416
426,41541.8,0.95927,0.4726,0.82354,0,0,0,0,0,0,0.17,0.0022,0.00057,6e-05,0,0,0,0,0,0,0,0,0,0,0,0,0,0.51113,0.17645,0,0,0.50024,0.06349,0.50723,0.49998,0.8563,0.79386,0.83877,0.56603,1.12698,0.51852,0.84952,0,0,0,0,0,0,0,0,0,0,0,0,0,0,0,0,0,0,0,0,0,0,0,0,0,0,0,0,0,0,0,0.56603,0.00136944,0.000456482,0.00136944,0.000456482,0.00136944,0.000456482,0.00136944,0.000456482
427,41647.6,0.95461,0.4732,0.82428,0,0,0,0,0,0,0.1877,0.0022,0.0006,1e-05,0,0,0,0,0,0,0,0,0,0,0,0,0,0.50342,0.17194,0,0,0.50015,0.06346,0.50629,0.49989,0.85775,0.79376,0.83905,0.5663,1.12679,0.51851,0.84951,0,0,0,0,0,0,0,0,0,0,0,0,0,0,0,0,0,0,0,0,0,0,0,0,0,0,0,0,0,0,0,0.5663,0.00136364,0.000454547,0.00136364,0.000454547,0.00136364,0.000454547,0.00136364,0.000454547
428,41743.2,0.95537,0.47436,0.82221,0,0,0,0,0,0,0.18387,0.00221,0.00057,1e-05,0,0,0,0,0,0,0,0,0,0,0,0,0,0.51112,0.17092,0,0,0.50031,0.06352,0.50705,0.50005,0.85608,0.79423,0.83873,0.56639,1.1266,0.51838,0.84944,0,0,0,0,0,0,0,0,0,0,0,0,0,0,0,0,0,0,0,0,0,0,0,0,0,0,0,0,0,0,0,0.56639,0.00135784,0.000452614,0.00135784,0.000452614,0.00135784,0.000452614,0.00135784,0.000452614
429,41838,0.95235,0.47026,0.82358,0,0,0,0,0,0,0.17543,0.00223,0.00056,1e-05,0,0,0,0,0,0,0,0,0,0,0,0,0,0.50223,0.16687,0,0,0.50022,0.06347,0.50621,0.4997,0.85586,0.79466,0.83842,0.56683,1.12629,0.51851,0.84939,0,0,0,0,0,0,0,0,0,0,0,0,0,0,0,0,0,0,0,0,0,0,0,0,0,0,0,0,0,0,0,0.56683,0.00135204,0.000450682,0.00135204,0.000450682,0.00135204,0.000450682,0.00135204,0.000450682
430,41934,0.94781,0.4694,0.82434,0,0,0,0,0,0,0.16348,0.00223,0.00056,0,0,0,0,0,0,0,0,0,0,0,0,0,0,0.49567,0.16754,0,0,0.50012,0.06344,0.50638,0.49986,0.85655,0.7945,0.83872,0.5669,1.12574,0.51856,0.84932,0,0,0,0,0,0,0,0,0,0,0,0,0,0,0,0,0,0,0,0,0,0,0,0,0,0,0,0,0,0,0,0.5669,0.00134625,0.00044875,0.00134625,0.00044875,0.00134625,0.00044875,0.00134625,0.00044875
431,42028.6,0.95641,0.47212,0.82447,0,0,0,0,0,0,0.17271,0.00219,0.00055,1e-05,0,0,0,0,0,0,0,0,0,0,0,0,0,0.51034,0.17051,0,0,0.50033,0.06357,0.50575,0.49985,0.85728,0.79435,0.83904,0.56724,1.12549,0.51864,0.84928,0,0,0,0,0,0,0,0,0,0,0,0,0,0,0,0,0,0,0,0,0,0,0,0,0,0,0,0,0,0,0,0.56724,0.00134046,0.000446819,0.00134046,0.000446819,0.00134046,0.000446819,0.00134046,0.000446819
432,42124.1,0.9548,0.47075,0.8233,0,0,0,0,0,0,0.16299,0.00219,0.00061,0,0,0,0,0,0,0,0,0,0,0,0,0,0,0.50527,0.17023,0,0,0.50005,0.06344,0.50649,0.49978,0.85664,0.79409,0.83812,0.5671,1.12548,0.51849,0.84931,0,0,0,0,0,0,0,0,0,0,0,0,0,0,0,0,0,0,0,0,0,0,0,0,0,0,0,0,0,0,0,0.5671,0.00133467,0.000444889,0.00133467,0.000444889,0.00133467,0.000444889,0.00133467,0.000444889
433,42219.4,0.94816,0.46856,0.8244,0,0,0,0,0,0,0.16405,0.00222,0.00055,0,0,0,0,0,0,0,0,0,0,0,0,0,0,0.49982,0.16938,0,0,0.50028,0.06347,0.50791,0.50003,0.85748,0.7945,0.83894,0.56731,1.1246,0.51836,0.84919,0,0,0,0,0,0,0,0,0,0,0,0,0,0,0,0,0,0,0,0,0,0,0,0,0,0,0,0,0,0,0,0.56731,0.00132888,0.00044296,0.00132888,0.00044296,0.00132888,0.00044296,0.00132888,0.00044296
434,42315.2,0.95135,0.47064,0.82455,0,0,0,0,0,0,0.169,0.00224,0.00059,3e-05,0,0,0,0,0,0,0,0,0,0,0,0,0,0.49928,0.16983,0,0,0.50023,0.06344,0.50738,0.49997,0.85734,0.7944,0.83857,0.56722,1.12419,0.51819,0.84915,0,0,0,0,0,0,0,0,0,0,0,0,0,0,0,0,0,0,0,0,0,0,0,0,0,0,0,0,0,0,0,0.56722,0.0013231,0.000441032,0.0013231,0.000441032,0.0013231,0.000441032,0.0013231,0.000441032
435,42411.2,0.95333,0.47249,0.82226,0,0,0,0,0,0,0.16436,0.00221,0.00065,0,0,0,0,0,0,0,0,0,0,0,0,0,0,0.51029,0.16769,0,0,0.50018,0.06346,0.5064,0.49992,0.85798,0.79459,0.83859,0.56757,1.12362,0.51794,0.84906,0,0,0,0,0,0,0,0,0,0,0,0,0,0,0,0,0,0,0,0,0,0,0,0,0,0,0,0,0,0,0,0.56757,0.00131731,0.000439105,0.00131731,0.000439105,0.00131731,0.000439105,0.00131731,0.000439105
436,42508.6,0.95378,0.47037,0.82308,0,0,0,0,0,0,0.17064,0.0022,0.00052,0,0,0,0,0,0,0,0,0,0,0,0,0,0,0.51187,0.17304,0,0,0.50027,0.06342,0.50663,0.49978,0.8592,0.79385,0.83859,0.56782,1.12335,0.51759,0.84902,0,0,0,0,0,0,0,0,0,0,0,0,0,0,0,0,0,0,0,0,0,0,0,0,0,0,0,0,0,0,0,0.56782,0.00131154,0.000437179,0.00131154,0.000437179,0.00131154,0.000437179,0.00131154,0.000437179
437,42605.5,0.94641,0.47084,0.82337,0,0,0,0,0,0,0.15778,0.00221,0.00059,0,0,0,0,0,0,0,0,0,0,0,0,0,0,0.51125,0.17528,0,0,0.50016,0.0634,0.5068,0.4999,0.8596,0.79389,0.8382,0.56803,1.12267,0.51783,0.84892,0,0,0,0,0,0,0,0,0,0,0,0,0,0,0,0,0,0,0,0,0,0,0,0,0,0,0,0,0,0,0,0.56803,0.00130576,0.000435254,0.00130576,0.000435254,0.00130576,0.000435254,0.00130576,0.000435254
438,42701.8,0.94602,0.46895,0.82153,0,0,0,0,0,0,0.17135,0.00222,0.00055,0,0,0,0,0,0,0,0,0,0,0,0,0,0,0.50388,0.17206,0,0,0.50034,0.06352,0.50635,0.50007,0.85981,0.79355,0.83823,0.56786,1.12176,0.51755,0.8489,0,0,0,0,0,0,0,0,0,0,0,0,0,0,0,0,0,0,0,0,0,0,0,0,0,0,0,0,0,0,0,0.56786,0.00129999,0.00043333,0.00129999,0.00043333,0.00129999,0.00043333,0.00129999,0.00043333
439,42801.9,0.94646,0.47009,0.82599,0,0,0,0,0,0,0.16778,0.00222,0.00052,0,0,0,0,0,0,0,0,0,0,0,0,0,0,0.5115,0.1765,0,0,0.50022,0.06344,0.50636,0.49997,0.86007,0.79387,0.83919,0.56826,1.12267,0.51819,0.84894,0,0,0,0,0,0,0,0,0,0,0,0,0,0,0,0,0,0,0,0,0,0,0,0,0,0,0,0,0,0,0,0.56826,0.00129422,0.000431407,0.00129422,0.000431407,0.00129422,0.000431407,0.00129422,0.000431407
440,42901.8,0.94984,0.47052,0.82432,0,0,0,0,0,0,0.17096,0.0022,0.0005,0,0,0,0,0,0,0,0,0,0,0,0,0,0,0.51073,0.17612,0,0,0.5003,0.06345,0.5068,0.50005,0.86025,0.79355,0.83904,0.56818,1.12259,0.51829,0.84892,0,0,0,0,0,0,0,0,0,0,0,0,0,0,0,0,0,0,0,0,0,0,0,0,0,0,0,0,0,0,0,0.56818,0.00128846,0.000429485,0.00128846,0.000429485,0.00128846,0.000429485,0.00128846,0.000429485
441,42999.3,0.94308,0.46877,0.82236,0,0,0,0,0,0,0.1634,0.00219,0.00049,0,0,0,0,0,0,0,0,0,0,0,0,0,0,0.51684,0.17552,0,0,0.50024,0.06346,0.50614,0.49998,0.86043,0.79354,0.83909,0.56802,1.12264,0.51853,0.84891,0,0,0,0,0,0,0,0,0,0,0,0,0,0,0,0,0,0,0,0,0,0,0,0,0,0,0,0,0,0,0,0.56802,0.00128269,0.000427565,0.00128269,0.000427565,0.00128269,0.000427565,0.00128269,0.000427565
442,43099.2,0.94075,0.46855,0.8253,0,0,0,0,0,0,0.15785,0.00218,0.00043,2e-05,0,0,0,0,0,0,0,0,0,0,0,0,0,0.51207,0.17439,0,0,0.50024,0.06347,0.50559,0.49976,0.86105,0.7932,0.83895,0.56777,1.123,0.51848,0.84897,0,0,0,0,0,0,0,0,0,0,0,0,0,0,0,0,0,0,0,0,0,0,0,0,0,0,0,0,0,0,0,0.56777,0.00127694,0.000425646,0.00127694,0.000425646,0.00127694,0.000425646,0.00127694,0.000425646
443,43199.4,0.94775,0.46828,0.82315,0,0,0,0,0,0,0.1798,0.00219,0.00044,2e-05,0,0,0,0,0,0,0,0,0,0,0,0,0,0.51343,0.17556,0,0,0.50029,0.06348,0.50595,0.50003,0.86167,0.79339,0.83921,0.56814,1.12243,0.51854,0.84887,0,0,0,0,0,0,0,0,0,0,0,0,0,0,0,0,0,0,0,0,0,0,0,0,0,0,0,0,0,0,0,0.56814,0.00127118,0.000423728,0.00127118,0.000423728,0.00127118,0.000423728,0.00127118,0.000423728
444,43298.3,0.94743,0.46948,0.82566,0,0,0,0,0,0,0.1636,0.00221,0.00043,2e-05,0,0,0,0,0,0,0,0,0,0,0,0,0,0.52157,0.18088,0,0,0.50021,0.06344,0.50712,0.49972,0.86136,0.79312,0.83895,0.56801,1.12227,0.51844,0.84882,0,0,0,0,0,0,0,0,0,0,0,0,0,0,0,0,0,0,0,0,0,0,0,0,0,0,0,0,0,0,0,0.56801,0.00126543,0.000421811,0.00126543,0.000421811,0.00126543,0.000421811,0.00126543,0.000421811
445,43398.4,0.94731,0.46702,0.82341,0,0,0,0,0,0,0.17324,0.00218,0.0005,0,0,0,0,0,0,0,0,0,0,0,0,0,0,0.53942,0.1818,0,0,0.50022,0.06346,0.50597,0.49975,0.86151,0.79314,0.83893,0.5684,1.12218,0.51845,0.84878,0,0,0,0,0,0,0,0,0,0,0,0,0,0,0,0,0,0,0,0,0,0,0,0,0,0,0,0,0,0,0,0.5684,0.00125969,0.000419895,0.00125969,0.000419895,0.00125969,0.000419895,0.00125969,0.000419895
446,43497.7,0.94054,0.46621,0.8246,0,0,0,0,0,0,0.17158,0.00219,0.00056,3e-05,0,0,0,0,0,0,0,0,0,0,0,0,0,0.54012,0.1803,0,0,0.50016,0.06347,0.5081,0.49989,0.86256,0.79217,0.83884,0.56841,1.12161,0.51829,0.84875,0,0,0,0,0,0,0,0,0,0,0,0,0,0,0,0,0,0,0,0,0,0,0,0,0,0,0,0,0,0,0,0.56841,0.00125394,0.000417981,0.00125394,0.000417981,0.00125394,0.000417981,0.00125394,0.000417981
447,43597.7,0.95138,0.47224,0.82419,0,0,0,0,0,0,0.17855,0.00219,0.00054,0,0,0,0,0,0,0,0,0,0,0,0,0,0,0.54488,0.17882,0,0,0.50037,0.06351,0.50746,0.49987,0.86178,0.79286,0.83886,0.56842,1.12166,0.51805,0.84879,0,0,0,0,0,0,0,0,0,0,0,0,0,0,0,0,0,0,0,0,0,0,0,0,0,0,0,0,0,0,0,0.56842,0.0012482,0.000416068,0.0012482,0.000416068,0.0012482,0.000416068,0.0012482,0.000416068
448,43697.7,0.94678,0.46902,0.82322,0,0,0,0,0,0,0.17589,0.0022,0.00038,0,0,0,0,0,0,0,0,0,0,0,0,0,0,0.53851,0.17897,0,0,0.50031,0.06358,0.50748,0.50006,0.86393,0.79272,0.83915,0.56833,1.12141,0.51812,0.84875,0,0,0,0,0,0,0,0,0,0,0,0,0,0,0,0,0,0,0,0,0,0,0,0,0,0,0,0,0,0,0,0.56833,0.00124247,0.000414156,0.00124247,0.000414156,0.00124247,0.000414156,0.00124247,0.000414156
449,43797,0.93621,0.46491,0.82243,0,0,0,0,0,0,0.16813,0.00218,0.00051,2e-05,0,0,0,0,0,0,0,0,0,0,0,0,0,0.53211,0.1774,0,0,0.50029,0.06344,0.50788,0.50002,0.86362,0.79029,0.83761,0.56819,1.1217,0.51842,0.84882,0,0,0,0,0,0,0,0,0,0,0,0,0,0,0,0,0,0,0,0,0,0,0,0,0,0,0,0,0,0,0,0.56819,0.00123674,0.000412246,0.00123674,0.000412246,0.00123674,0.000412246,0.00123674,0.000412246
450,43896.2,0.94428,0.46924,0.82408,0,0,0,0,0,0,0.18163,0.0022,0.00072,3e-05,0,0,0,0,0,0,0,0,0,0,0,0,0,0.53021,0.173,0,0,0.50027,0.06347,0.50837,0.50001,0.8627,0.79172,0.83833,0.56803,1.1216,0.51896,0.84881,0,0,0,0,0,0,0,0,0,0,0,0,0,0,0,0,0,0,0,0,0,0,0,0,0,0,0,0,0,0,0,0.56803,0.00123101,0.000410338,0.00123101,0.000410338,0.00123101,0.000410338,0.00123101,0.000410338
451,43994.4,0.94526,0.47025,0.82253,0,0,0,0,0,0,0.17092,0.00219,0.00049,4e-05,0,0,0,0,0,0,0,0,0,0,0,0,0,0.54164,0.17983,0,0,0.50016,0.06347,0.50723,0.49965,0.86307,0.79166,0.83879,0.56862,1.12139,0.51905,0.84882,0,0,0,0,0,0,0,0,0,0,0,0,0,0,0,0,0,0,0,0,0,0,0,0,0,0,0,0,0,0,0,0.56862,0.00122529,0.00040843,0.00122529,0.00040843,0.00122529,0.00040843,0.00122529,0.00040843
452,44091.5,0.93885,0.4637,0.82269,0,0,0,0,0,0,0.17112,0.00218,0.00078,0,0,0,0,0,0,0,0,0,0,0,0,0,0,0.54267,0.17936,0,0,0.50022,0.06344,0.50763,0.49997,0.86107,0.79266,0.83808,0.56818,1.12188,0.51926,0.84881,0,0,0,0,0,0,0,0,0,0,0,0,0,0,0,0,0,0,0,0,0,0,0,0,0,0,0,0,0,0,0,0.56818,0.00121957,0.000406525,0.00121957,0.000406525,0.00121957,0.000406525,0.00121957,0.000406525
453,44190.7,0.93721,0.4637,0.82162,0,0,0,0,0,0,0.1733,0.00216,0.00069,1e-05,0,0,0,0,0,0,0,0,0,0,0,0,0,0.54653,0.17765,0,0,0.50036,0.06353,0.50772,0.50011,0.86051,0.79311,0.83835,0.56838,1.12228,0.51942,0.84883,0,0,0,0,0,0,0,0,0,0,0,0,0,0,0,0,0,0,0,0,0,0,0,0,0,0,0,0,0,0,0,0.56838,0.00121386,0.00040462,0.00121386,0.00040462,0.00121386,0.00040462,0.00121386,0.00040462
454,44287.2,0.94591,0.46705,0.82167,0,0,0,0,0,0,0.17002,0.00216,0.00052,5e-05,0,0,0,0,0,0,0,0,0,0,0,0,0,0.53569,0.17114,0,0,0.50026,0.06344,0.50665,0.50002,0.86074,0.79322,0.83887,0.56861,1.12241,0.51971,0.84885,0,0,0,0,0,0,0,0,0,0,0,0,0,0,0,0,0,0,0,0,0,0,0,0,0,0,0,0,0,0,0,0.56861,0.00120815,0.000402718,0.00120815,0.000402718,0.00120815,0.000402718,0.00120815,0.000402718
455,44386.2,0.94577,0.46849,0.82213,0,0,0,0,0,0,0.17316,0.00217,0.00049,2e-05,0,0,0,0,0,0,0,0,0,0,0,0,0,0.52787,0.17291,0,0,0.50013,0.06348,0.50689,0.49987,0.8602,0.79266,0.83837,0.5683,1.12252,0.52008,0.84883,0,0,0,0,0,0,0,0,0,0,0,0,0,0,0,0,0,0,0,0,0,0,0,0,0,0,0,0,0,0,0,0.5683,0.00120245,0.000400816,0.00120245,0.000400816,0.00120245,0.000400816,0.00120245,0.000400816
456,44484.6,0.94505,0.46932,0.82313,0,0,0,0,0,0,0.17403,0.00217,0.00053,0,0,0,0,0,0,0,0,0,0,0,0,0,0,0.53356,0.17344,0,0,0.50028,0.06349,0.50639,0.49981,0.85945,0.79311,0.83859,0.56821,1.12293,0.5204,0.84887,0,0,0,0,0,0,0,0,0,0,0,0,0,0,0,0,0,0,0,0,0,0,0,0,0,0,0,0,0,0,0,0.56821,0.00119675,0.000398917,0.00119675,0.000398917,0.00119675,0.000398917,0.00119675,0.000398917
457,44584.5,0.93745,0.46565,0.82157,0,0,0,0,0,0,0.15829,0.00214,0.00054,1e-05,0,0,0,0,0,0,0,0,0,0,0,0,0,0.52951,0.16979,0,0,0.50035,0.06359,0.50647,0.5001,0.85991,0.79337,0.839,0.56887,1.12326,0.52074,0.84884,0,0,0,0,0,0,0,0,0,0,0,0,0,0,0,0,0,0,0,0,0,0,0,0,0,0,0,0,0,0,0,0.56887,0.00119106,0.000397019,0.00119106,0.000397019,0.00119106,0.000397019,0.00119106,0.000397019
458,44679.7,0.93171,0.46577,0.82066,0,0,0,0,0,0,0.17028,0.00215,0.00064,0,0,0,0,0,0,0,0,0,0,0,0,0,0,0.53843,0.17016,0,0,0.50031,0.06358,0.50632,0.50006,0.85895,0.7933,0.83865,0.56876,1.12331,0.52102,0.84887,0,0,0,0,0,0,0,0,0,0,0,0,0,0,0,0,0,0,0,0,0,0,0,0,0,0,0,0,0,0,0,0.56876,0.00118537,0.000395123,0.00118537,0.000395123,0.00118537,0.000395123,0.00118537,0.000395123
459,44776,0.93411,0.46528,0.82253,0,0,0,0,0,0,0.15932,0.00215,0.00055,0,0,0,0,0,0,0,0,0,0,0,0,0,0,0.54091,0.17299,0,0,0.50031,0.06344,0.50656,0.50005,0.85951,0.79289,0.83876,0.56871,1.12331,0.52103,0.84883,0,0,0,0,0,0,0,0,0,0,0,0,0,0,0,0,0,0,0,0,0,0,0,0,0,0,0,0,0,0,0,0.56871,0.00117969,0.000393228,0.00117969,0.000393228,0.00117969,0.000393228,0.00117969,0.000393228
460,44871.3,0.94115,0.46549,0.82288,0,0,0,0,0,0,0.15727,0.00212,0.00066,1e-05,0,0,0,0,0,0,0,0,0,0,0,0,0,0.54535,0.17005,0,0,0.50003,0.06337,0.5069,0.49978,0.85985,0.79318,0.83906,0.56902,1.12333,0.52092,0.84882,0,0,0,0,0,0,0,0,0,0,0,0,0,0,0,0,0,0,0,0,0,0,0,0,0,0,0,0,0,0,0,0.56902,0.00117401,0.000391336,0.00117401,0.000391336,0.00117401,0.000391336,0.00117401,0.000391336
461,44967.5,0.93231,0.46273,0.82263,0,0,0,0,0,0,0.16495,0.00215,0.00059,5e-05,0,0,0,0,0,0,0,0,0,0,0,0,0,0.55331,0.17301,0,0,0.50019,0.06343,0.50747,0.49994,0.85931,0.79246,0.83859,0.56869,1.12403,0.52104,0.84895,0,0,0,0,0,0,0,0,0,0,0,0,0,0,0,0,0,0,0,0,0,0,0,0,0,0,0,0,0,0,0,0.56869,0.00116833,0.000389445,0.00116833,0.000389445,0.00116833,0.000389445,0.00116833,0.000389445
462,45061.3,0.94307,0.47035,0.82288,0,0,0,0,0,0,0.16813,0.00216,0.00049,2e-05,0,0,0,0,0,0,0,0,0,0,0,0,0,0.54539,0.17405,0,0,0.50016,0.06342,0.50737,0.49991,0.8594,0.79232,0.83808,0.56842,1.12494,0.52138,0.84904,0,0,0,0,0,0,0,0,0,0,0,0,0,0,0,0,0,0,0,0,0,0,0,0,0,0,0,0,0,0,0,0.56842,0.00116267,0.000387555,0.00116267,0.000387555,0.00116267,0.000387555,0.00116267,0.000387555
463,45154.4,0.9385,0.46432,0.82223,0,0,0,0,0,0,0.16612,0.00212,0.00087,6e-05,0,0,0,0,0,0,0,0,0,0,0,0,0,0.54343,0.17678,0,0,0.50028,0.06347,0.50779,0.49982,0.85883,0.79237,0.83836,0.56855,1.12503,0.52126,0.8491,0,0,0,0,0,0,0,0,0,0,0,0,0,0,0,0,0,0,0,0,0,0,0,0,0,0,0,0,0,0,0,0.56855,0.001157,0.000385668,0.001157,0.000385668,0.001157,0.000385668,0.001157,0.000385668
464,45249.2,0.93537,0.46335,0.82269,0,0,0,0,0,0,0.18131,0.00213,0.00095,0,0,0,0,0,0,0,0,0,0,0,0,0,0,0.54151,0.17765,0,0,0.50025,0.06345,0.50726,0.49999,0.85937,0.79237,0.8383,0.56858,1.12523,0.52162,0.84909,0,0,0,0,0,0,0,0,0,0,0,0,0,0,0,0,0,0,0,0,0,0,0,0,0,0,0,0,0,0,0,0.56858,0.00115135,0.000383782,0.00115135,0.000383782,0.00115135,0.000383782,0.00115135,0.000383782
465,45343.4,0.93341,0.46472,0.82242,0,0,0,0,0,0,0.1809,0.00215,0.00167,7e-05,0,0,0,0,0,0,0,0,0,0,0,0,0,0.5374,0.17479,0,0,0.50029,0.06345,0.50782,0.49935,0.85811,0.79268,0.83788,0.56866,1.12505,0.52156,0.84906,0,0,0,0,0,0,0,0,0,0,0,0,0,0,0,0,0,0,0,0,0,0,0,0,0,0,0,0,0,0,0,0.56866,0.0011457,0.000381899,0.0011457,0.000381899,0.0011457,0.000381899,0.0011457,0.000381899
466,45440.3,0.93402,0.46346,0.82301,0,0,0,0,0,0,0.17318,0.00215,0.00222,2e-05,0,0,0,0,0,0,0,0,0,0,0,0,0,0.54447,0.17712,0,0,0.50015,0.06335,0.50685,0.49969,0.85981,0.79195,0.83802,0.56852,1.12525,0.52148,0.8491,0,0,0,0,0,0,0,0,0,0,0,0,0,0,0,0,0,0,0,0,0,0,0,0,0,0,0,0,0,0,0,0.56852,0.00114005,0.000380017,0.00114005,0.000380017,0.00114005,0.000380017,0.00114005,0.000380017
467,45536.4,0.9363,0.46558,0.82269,0,0,0,0,0,0,0.18464,0.00316,0.00224,4e-05,0,0,0,0,0,0,0,0,0,0,0,0,0,0.52541,0.16745,0,0,0.50018,0.0634,0.50577,0.499,0.8583,0.79226,0.83696,0.56859,1.125,0.52142,0.84911,0,0,0,0,0,0,0,0,0,0,0,0,0,0,0,0,0,0,0,0,0,0,0,0,0,0,0,0,0,0,0,0.56859,0.00113441,0.000378137,0.00113441,0.000378137,0.00113441,0.000378137,0.00113441,0.000378137
468,45667.4,0.93392,0.46137,0.82171,0,0,0,0,0,0,0.17356,0.01311,0.00208,3e-05,0,0,0,0,0,0,0,0,0,0,0,0,0,0.52645,0.1672,0,0,0.50026,0.06352,0.50691,0.49932,0.85752,0.79255,0.83659,0.56845,1.12516,0.52137,0.84912,0,0,0,0,0,0,0,0,0,0,0,0,0,0,0,0,0,0,0,0,0,0,0,0,0,0,0,0,0,0,0,0.56845,0.00112878,0.000376259,0.00112878,0.000376259,0.00112878,0.000376259,0.00112878,0.000376259
469,45763.8,0.93704,0.46529,0.8214,0,0,0,0,0,0,0.1749,0.01813,0.00151,3e-05,0,0,0,0,0,0,0,0,0,0,0,0,0,0.52781,0.17163,0,0,0.50024,0.06354,0.50909,0.49999,0.85654,0.79265,0.83674,0.56894,1.12458,0.52092,0.84901,0,0,0,0,0,0,0,0,0,0,0,0,0,0,0,0,0,0,0,0,0,0,0,0,0,0,0,0,0,0,0,0.56894,0.00112315,0.000374383,0.00112315,0.000374383,0.00112315,0.000374383,0.00112315,0.000374383
470,45861.8,0.94224,0.46899,0.82306,0,0,0,0,0,0,0.17712,0.01806,0.00127,0,0,0,0,0,0,0,0,0,0,0,0,0,0,0.53303,0.17473,0,0,0.50022,0.06346,0.50834,0.49974,0.85612,0.79238,0.83629,0.5686,1.12438,0.52068,0.84899,0,0,0,0,0,0,0,0,0,0,0,0,0,0,0,0,0,0,0,0,0,0,0,0,0,0,0,0,0,0,0,0.5686,0.00111753,0.000372509,0.00111753,0.000372509,0.00111753,0.000372509,0.00111753,0.000372509
471,45955.9,0.92918,0.462,0.82144,0,0,0,0,0,0,0.17849,0.01802,0.00236,0,0,0,0,0,0,0,0,0,0,0,0,0,0,0.53096,0.17902,0,0,0.50035,0.06359,0.50826,0.50009,0.85622,0.79265,0.8359,0.56907,1.12418,0.52058,0.849,0,0,0,0,0,0,0,0,0,0,0,0,0,0,0,0,0,0,0,0,0,0,0,0,0,0,0,0,0,0,0,0.56907,0.00111191,0.000370637,0.00111191,0.000370637,0.00111191,0.000370637,0.00111191,0.000370637
472,46052,0.93591,0.46523,0.82389,0,0,0,0,0,0,0.20097,0.018,0.00223,8e-05,0,0,0,0,0,0,0,0,0,0,0,0,0,0.51491,0.16185,0,0,0.50026,0.06349,0.50413,0.49792,0.8564,0.79233,0.8368,0.56863,1.12353,0.52058,0.84894,0,0,0,0,0,0,0,0,0,0,0,0,0,0,0,0,0,0,0,0,0,0,0,0,0,0,0,0,0,0,0,0.56863,0.0011063,0.000368767,0.0011063,0.000368767,0.0011063,0.000368767,0.0011063,0.000368767
473,46148.2,0.93045,0.46322,0.82211,0,0,0,0,0,0,0.17851,0.0183,0.00185,4e-05,0,0,0,0,0,0,0,0,0,0,0,0,0,0.55471,0.16966,0,0,0.50027,0.06347,0.50805,0.49976,0.85768,0.79257,0.83689,0.56894,1.1237,0.52108,0.84892,0,0,0,0,0,0,0,0,0,0,0,0,0,0,0,0,0,0,0,0,0,0,0,0,0,0,0,0,0,0,0,0.56894,0.0011007,0.000366899,0.0011007,0.000366899,0.0011007,0.000366899,0.0011007,0.000366899
474,46244.9,0.93565,0.46294,0.82144,0,0,0,0,0,0,0.19829,0.01874,0.00189,0,0,0,0,0,0,0,0,0,0,0,0,0,0,0.62134,0.17127,0,0,0.50016,0.06345,0.50684,0.49922,0.85719,0.79208,0.83669,0.56918,1.12406,0.52126,0.84903,0,0,0,0,0,0,0,0,0,0,0,0,0,0,0,0,0,0,0,0,0,0,0,0,0,0,0,0,0,0,0,0.56918,0.0010951,0.000365034,0.0010951,0.000365034,0.0010951,0.000365034,0.0010951,0.000365034
475,46343,0.93562,0.46495,0.8224,0,0,0,0,0,0,0.18058,0.01877,0.00189,0,0,0,0,0,0,0,0,0,0,0,0,0,0,0.64314,0.1736,0,0,0.50013,0.06344,0.5074,0.49966,0.85637,0.79252,0.83668,0.56916,1.12407,0.52122,0.849,0,0,0,0,0,0,0,0,0,0,0,0,0,0,0,0,0,0,0,0,0,0,0,0,0,0,0,0,0,0,0,0.56916,0.00108951,0.00036317,0.00108951,0.00036317,0.00108951,0.00036317,0.00108951,0.00036317
476,46438.8,0.9275,0.46289,0.82007,0,0,0,0,0,0,0.17383,0.00987,0.00117,0,0,0,0,0,0,0,0,0,0,0,0,0,0,0.58924,0.17869,0,0,0.50027,0.06342,0.50823,0.49978,0.85815,0.7919,0.8366,0.5691,1.12452,0.52166,0.84907,0,0,0,0,0,0,0,0,0,0,0,0,0,0,0,0,0,0,0,0,0,0,0,0,0,0,0,0,0,0,0,0.5691,0.00108393,0.000361309,0.00108393,0.000361309,0.00108393,0.000361309,0.00108393,0.000361309
477,46535.1,0.92861,0.46022,0.82276,0,0,0,0,0,0,0.18204,0.00218,0.00147,3e-05,0,0,0,0,0,0,0,0,0,0,0,0,0,0.52604,0.164,0,0,0.50022,0.06352,0.50914,0.49997,0.85679,0.79291,0.83687,0.56908,1.12447,0.52163,0.84905,0,0,0,0,0,0,0,0,0,0,0,0,0,0,0,0,0,0,0,0,0,0,0,0,0,0,0,0,0,0,0,0.56908,0.00107835,0.00035945,0.00107835,0.00035945,0.00107835,0.00035945,0.00107835,0.00035945
478,46631.5,0.93137,0.46305,0.82135,0,0,0,0,0,0,0.1686,0.00446,0.00256,3e-05,0,0,0,0,0,0,0,0,0,0,0,0,0,0.52936,0.16408,0,0,0.50028,0.06349,0.50566,0.49886,0.85677,0.7929,0.83692,0.56914,1.12442,0.5217,0.84906,0,0,0,0,0,0,0,0,0,0,0,0,0,0,0,0,0,0,0,0,0,0,0,0,0,0,0,0,0,0,0,0.56914,0.00107278,0.000357593,0.00107278,0.000357593,0.00107278,0.000357593,0.00107278,0.000357593
479,46728.8,0.93294,0.46648,0.82342,0,0,0,0,0,0,0.17587,0.01005,0.00209,3e-05,0,0,0,0,0,0,0,0,0,0,0,0,0,0.54974,0.16644,0,0,0.50037,0.06345,0.50635,0.49969,0.85742,0.79257,0.83712,0.56893,1.12426,0.52176,0.84904,0,0,0,0,0,0,0,0,0,0,0,0,0,0,0,0,0,0,0,0,0,0,0,0,0,0,0,0,0,0,0,0.56893,0.00106722,0.000355739,0.00106722,0.000355739,0.00106722,0.000355739,0.00106722,0.000355739
480,46827.5,0.92702,0.46075,0.82262,0,0,0,0,0,0,0.19114,0.0121,0.00178,3e-05,0,0,0,0,0,0,0,0,0,0,0,0,0,0.61782,0.17016,0,0,0.50022,0.06342,0.50829,0.49973,0.85745,0.79225,0.83726,0.56897,1.12486,0.52185,0.84914,0,0,0,0,0,0,0,0,0,0,0,0,0,0,0,0,0,0,0,0,0,0,0,0,0,0,0,0,0,0,0,0.56897,0.00106166,0.000353886,0.00106166,0.000353886,0.00106166,0.000353886,0.00106166,0.000353886
481,46929.7,0.93084,0.4621,0.82102,0,0,0,0,0,0,0.19116,0.01489,0.00259,1e-05,0,0,0,0,0,0,0,0,0,0,0,0,0,0.65678,0.17793,0,0,0.50034,0.06353,0.50732,0.49964,0.85621,0.79217,0.83694,0.56909,1.12465,0.52158,0.84914,0,0,0,0,0,0,0,0,0,0,0,0,0,0,0,0,0,0,0,0,0,0,0,0,0,0,0,0,0,0,0,0.56909,0.00105611,0.000352037,0.00105611,0.000352037,0.00105611,0.000352037,0.00105611,0.000352037
482,47030.4,0.93032,0.46331,0.8204,0,0,0,0,0,0,0.1793,0.02103,0.00228,3e-05,0,0,0,0,0,0,0,0,0,0,0,0,0,0.64977,0.18265,0,0,0.50019,0.06343,0.50471,0.49875,0.85763,0.79231,0.8383,0.56931,1.12584,0.52223,0.84932,0,0,0,0,0,0,0,0,0,0,0,0,0,0,0,0,0,0,0,0,0,0,0,0,0,0,0,0,0,0,0,0.56931,0.00105057,0.000350189,0.00105057,0.000350189,0.00105057,0.000350189,0.00105057,0.000350189
483,47132.4,0.92804,0.46124,0.82049,0,0,0,0,0,0,0.18131,0.02196,0.00208,5e-05,0,0,0,0,0,0,0,0,0,0,0,0,0,0.65737,0.18243,0,0,0.50022,0.06344,0.50603,0.49883,0.85833,0.7923,0.83784,0.56926,1.12579,0.52222,0.84928,0,0,0,0,0,0,0,0,0,0,0,0,0,0,0,0,0,0,0,0,0,0,0,0,0,0,0,0,0,0,0,0.56926,0.00104503,0.000348344,0.00104503,0.000348344,0.00104503,0.000348344,0.00104503,0.000348344
484,47234.7,0.92522,0.46114,0.82087,0,0,0,0,0,0,0.16966,0.02196,0.00223,0,0,0,0,0,0,0,0,0,0,0,0,0,0,0.65719,0.18083,0,0,0.5002,0.06344,0.50548,0.49831,0.85876,0.79286,0.83927,0.56926,1.12575,0.52244,0.8493,0,0,0,0,0,0,0,0,0,0,0,0,0,0,0,0,0,0,0,0,0,0,0,0,0,0,0,0,0,0,0,0.56926,0.0010395,0.000346501,0.0010395,0.000346501,0.0010395,0.000346501,0.0010395,0.000346501
485,47335.9,0.93275,0.46214,0.82103,0,0,0,0,0,0,0.1732,0.02198,0.00143,0,0,0,0,0,0,0,0,0,0,0,0,0,0,0.65067,0.17699,0,0,0.50029,0.06351,0.50813,0.49979,0.85766,0.79281,0.83823,0.56921,1.12615,0.52222,0.84934,0,0,0,0,0,0,0,0,0,0,0,0,0,0,0,0,0,0,0,0,0,0,0,0,0,0,0,0,0,0,0,0.56921,0.00103398,0.000344661,0.00103398,0.000344661,0.00103398,0.000344661,0.00103398,0.000344661
486,47438.7,0.92786,0.46223,0.82037,0,0,0,0,0,0,0.17107,0.02207,0.00129,0,0,0,0,0,0,0,0,0,0,0,0,0,0,0.65012,0.1783,0,0,0.50017,0.06345,0.509,0.49968,0.85804,0.7919,0.83762,0.56907,1.12615,0.5224,0.84931,0,0,0,0,0,0,0,0,0,0,0,0,0,0,0,0,0,0,0,0,0,0,0,0,0,0,0,0,0,0,0,0.56907,0.00102847,0.000342823,0.00102847,0.000342823,0.00102847,0.000342823,0.00102847,0.000342823
487,47538.2,0.92432,0.46162,0.82093,0,0,0,0,0,0,0.17548,0.02195,0.00235,1e-05,0,0,0,0,0,0,0,0,0,0,0,0,0,0.65709,0.1805,0,0,0.50032,0.06347,0.50495,0.4994,0.85795,0.79238,0.83797,0.56928,1.1255,0.5225,0.84927,0,0,0,0,0,0,0,0,0,0,0,0,0,0,0,0,0,0,0,0,0,0,0,0,0,0,0,0,0,0,0,0.56928,0.00102296,0.000340988,0.00102296,0.000340988,0.00102296,0.000340988,0.00102296,0.000340988
488,47636.5,0.93048,0.46255,0.82218,0,0,0,0,0,0,0.17065,0.02182,0.00131,4e-05,0,0,0,0,0,0,0,0,0,0,0,0,0,0.66675,0.18187,0,0,0.50034,0.06356,0.50701,0.49961,0.8581,0.79176,0.83788,0.5694,1.12582,0.52242,0.84931,0,0,0,0,0,0,0,0,0,0,0,0,0,0,0,0,0,0,0,0,0,0,0,0,0,0,0,0,0,0,0,0.5694,0.00101746,0.000339155,0.00101746,0.000339155,0.00101746,0.000339155,0.00101746,0.000339155
489,47734.5,0.92512,0.46061,0.82027,0,0,0,0,0,0,0.16072,0.02182,0.00094,0,0,0,0,0,0,0,0,0,0,0,0,0,0,0.66694,0.18363,0,0,0.50016,0.06345,0.50698,0.4999,0.85807,0.79221,0.83784,0.5696,1.12543,0.52258,0.84919,0,0,0,0,0,0,0,0,0,0,0,0,0,0,0,0,0,0,0,0,0,0,0,0,0,0,0,0,0,0,0,0.5696,0.00101197,0.000337325,0.00101197,0.000337325,0.00101197,0.000337325,0.00101197,0.000337325
490,47833.4,0.92349,0.46031,0.81728,0,0,0,0,0,0,0.155,0.01399,0.00102,0,0,0,0,0,0,0,0,0,0,0,0,0,0,0.66682,0.18127,0,0,0.50041,0.06357,0.50647,0.49994,0.85818,0.79169,0.83817,0.5695,1.12514,0.523,0.84921,0,0,0,0,0,0,0,0,0,0,0,0,0,0,0,0,0,0,0,0,0,0,0,0,0,0,0,0,0,0,0,0.5695,0.00100649,0.000335497,0.00100649,0.000335497,0.00100649,0.000335497,0.00100649,0.000335497
491,47932.4,0.92448,0.45848,0.82047,0,0,0,0,0,0,0.14537,0.01337,0.00087,0,0,0,0,0,0,0,0,0,0,0,0,0,0,0.6351,0.17879,0,0,0.50022,0.06346,0.5075,0.49997,0.85782,0.79178,0.83784,0.56933,1.12458,0.52274,0.84916,0,0,0,0,0,0,0,0,0,0,0,0,0,0,0,0,0,0,0,0,0,0,0,0,0,0,0,0,0,0,0,0.56933,0.00100102,0.000333672,0.00100102,0.000333672,0.00100102,0.000333672,0.00100102,0.000333672
492,48030,0.92161,0.45683,0.82409,0,0,0,0,0,0,0.16366,0.01334,0.00071,0,0,0,0,0,0,0,0,0,0,0,0,0,0,0.59368,0.17799,0,0,0.50014,0.06343,0.50787,0.49988,0.85712,0.79192,0.83769,0.5695,1.12493,0.52236,0.84924,0,0,0,0,0,0,0,0,0,0,0,0,0,0,0,0,0,0,0,0,0,0,0,0,0,0,0,0,0,0,0,0.5695,0.000995549,0.00033185,0.000995549,0.00033185,0.000995549,0.00033185,0.000995549,0.00033185
493,48128.1,0.92744,0.46278,0.81975,0,0,0,0,0,0,0.15316,0.01335,0.00066,0,0,0,0,0,0,0,0,0,0,0,0,0,0,0.59137,0.17653,0,0,0.50023,0.06338,0.50691,0.49976,0.85784,0.79172,0.83777,0.56943,1.12483,0.5223,0.84925,0,0,0,0,0,0,0,0,0,0,0,0,0,0,0,0,0,0,0,0,0,0,0,0,0,0,0,0,0,0,0,0.56943,0.00099009,0.00033003,0.00099009,0.00033003,0.00099009,0.00033003,0.00099009,0.00033003
494,48226.8,0.92256,0.46038,0.81974,0,0,0,0,0,0,0.14918,0.01341,0.00076,0,0,0,0,0,0,0,0,0,0,0,0,0,0,0.59114,0.17317,0,0,0.50031,0.06342,0.50637,0.50006,0.85683,0.79069,0.83677,0.5694,1.1245,0.5223,0.84929,0,0,0,0,0,0,0,0,0,0,0,0,0,0,0,0,0,0,0,0,0,0,0,0,0,0,0,0,0,0,0,0.5694,0.000984639,0.000328213,0.000984639,0.000328213,0.000984639,0.000328213,0.000984639,0.000328213
495,48323.2,0.91996,0.45919,0.82249,0,0,0,0,0,0,0.15344,0.0134,0.00089,0,0,0,0,0,0,0,0,0,0,0,0,0,0,0.57601,0.17121,0,0,0.5003,0.06347,0.50801,0.50006,0.85646,0.79165,0.83688,0.56925,1.12451,0.52242,0.84925,0,0,0,0,0,0,0,0,0,0,0,0,0,0,0,0,0,0,0,0,0,0,0,0,0,0,0,0,0,0,0,0.56925,0.000979196,0.000326399,0.000979196,0.000326399,0.000979196,0.000326399,0.000979196,0.000326399
496,48420.5,0.92442,0.45991,0.82103,0,0,0,0,0,0,0.15086,0.01326,0.00074,0,0,0,0,0,0,0,0,0,0,0,0,0,0,0.56897,0.17171,0,0,0.5002,0.06348,0.50613,0.4997,0.85639,0.79113,0.83686,0.56906,1.12568,0.52285,0.84937,0,0,0,0,0,0,0,0,0,0,0,0,0,0,0,0,0,0,0,0,0,0,0,0,0,0,0,0,0,0,0,0.56906,0.000973761,0.000324587,0.000973761,0.000324587,0.000973761,0.000324587,0.000973761,0.000324587
497,48518.8,0.92679,0.46028,0.81951,0,0,0,0,0,0,0.15062,0.01325,0.00077,0,0,0,0,0,0,0,0,0,0,0,0,0,0,0.57659,0.17605,0,0,0.50014,0.06342,0.50685,0.49989,0.85665,0.79134,0.83679,0.569,1.12612,0.52298,0.84946,0,0,0,0,0,0,0,0,0,0,0,0,0,0,0,0,0,0,0,0,0,0,0,0,0,0,0,0,0,0,0,0.569,0.000968335,0.000322778,0.000968335,0.000322778,0.000968335,0.000322778,0.000968335,0.000322778
498,48619.2,0.9262,0.46053,0.81943,0,0,0,0,0,0,0.14601,0.0108,0.00077,0,0,0,0,0,0,0,0,0,0,0,0,0,0,0.56687,0.17619,0,0,0.50022,0.06346,0.50606,0.49997,0.85727,0.7911,0.83694,0.56884,1.12725,0.52309,0.84953,0,0,0,0,0,0,0,0,0,0,0,0,0,0,0,0,0,0,0,0,0,0,0,0,0,0,0,0,0,0,0,0.56884,0.000962917,0.000320972,0.000962917,0.000320972,0.000962917,0.000320972,0.000962917,0.000320972
499,48717.8,0.91347,0.455,0.82184,0,0,0,0,0,0,0.14933,0.00246,0.00068,1e-05,0,0,0,0,0,0,0,0,0,0,0,0,0,0.52441,0.17161,0,0,0.50016,0.06343,0.50702,0.49991,0.85714,0.79121,0.83699,0.56885,1.1277,0.52343,0.84961,0,0,0,0,0,0,0,0,0,0,0,0,0,0,0,0,0,0,0,0,0,0,0,0,0,0,0,0,0,0,0,0.56885,0.000957508,0.000319169,0.000957508,0.000319169,0.000957508,0.000319169,0.000957508,0.000319169
500,48815.2,0.92309,0.45687,0.81853,0,0,0,0,0,0,0.14309,0.0022,0.0008,0,0,0,0,0,0,0,0,0,0,0,0,0,0,0.52498,0.1701,0,0,0.50031,0.06347,0.50714,0.50007,0.85725,0.7907,0.83672,0.56847,1.128,0.52371,0.8496,0,0,0,0,0,0,0,0,0,0,0,0,0,0,0,0,0,0,0,0,0,0,0,0,0,0,0,0,0,0,0,0.56847,0.000952107,0.000317369,0.000952107,0.000317369,0.000952107,0.000317369,0.000952107,0.000317369
501,48913.9,0.9166,0.45789,0.82233,0,0,0,0,0,0,0.15114,0.00219,0.00068,0,0,0,0,0,0,0,0,0,0,0,0,0,0,0.50869,0.1687,0,0,0.50021,0.06337,0.50731,0.49997,0.85798,0.79077,0.83697,0.56866,1.1277,0.52353,0.84955,0,0,0,0,0,0,0,0,0,0,0,0,0,0,0,0,0,0,0,0,0,0,0,0,0,0,0,0,0,0,0,0.56866,0.000946715,0.000315572,0.000946715,0.000315572,0.000946715,0.000315572,0.000946715,0.000315572
502,49014.4,0.9204,0.45923,0.81911,0,0,0,0,0,0,0.15587,0.00218,0.00063,0,0,0,0,0,0,0,0,0,0,0,0,0,0,0.50849,0.16961,0,0,0.50025,0.06352,0.50735,0.49977,0.85841,0.79074,0.83715,0.56872,1.12813,0.52404,0.84961,0,0,0,0,0,0,0,0,0,0,0,0,0,0,0,0,0,0,0,0,0,0,0,0,0,0,0,0,0,0,0,0.56872,0.000941332,0.000313777,0.000941332,0.000313777,0.000941332,0.000313777,0.000941332,0.000313777
503,49113.2,0.91813,0.45664,0.8221,0,0,0,0,0,0,0.14828,0.00219,0.00065,0,0,0,0,0,0,0,0,0,0,0,0,0,0,0.52251,0.17068,0,0,0.50022,0.06347,0.50707,0.49997,0.85839,0.79082,0.83755,0.56891,1.12753,0.52401,0.8495,0,0,0,0,0,0,0,0,0,0,0,0,0,0,0,0,0,0,0,0,0,0,0,0,0,0,0,0,0,0,0,0.56891,0.000935957,0.000311986,0.000935957,0.000311986,0.000935957,0.000311986,0.000935957,0.000311986
504,49212.7,0.91469,0.45635,0.82181,0,0,0,0,0,0,0.15099,0.00214,0.00074,0,0,0,0,0,0,0,0,0,0,0,0,0,0,0.50393,0.16393,0,0,0.50024,0.06353,0.50672,0.49999,0.85913,0.79108,0.83799,0.56864,1.12715,0.52341,0.84956,0,0,0,0,0,0,0,0,0,0,0,0,0,0,0,0,0,0,0,0,0,0,0,0,0,0,0,0,0,0,0,0.56864,0.000930592,0.000310197,0.000930592,0.000310197,0.000930592,0.000310197,0.000930592,0.000310197
505,49312.1,0.9175,0.45479,0.81907,0,0,0,0,0,0,0.15512,0.00212,0.00063,0,0,0,0,0,0,0,0,0,0,0,0,0,0,0.50886,0.16761,0,0,0.50034,0.06352,0.50708,0.50009,0.85809,0.79265,0.83827,0.56896,1.12728,0.52352,0.84958,0,0,0,0,0,0,0,0,0,0,0,0,0,0,0,0,0,0,0,0,0,0,0,0,0,0,0,0,0,0,0,0.56896,0.000925235,0.000308412,0.000925235,0.000308412,0.000925235,0.000308412,0.000925235,0.000308412
506,49416.7,0.91512,0.4564,0.82176,0,0,0,0,0,0,0.14984,0.00213,0.00057,0,0,0,0,0,0,0,0,0,0,0,0,0,0,0.51291,0.17015,0,0,0.50017,0.06347,0.50661,0.49992,0.85696,0.79207,0.83759,0.56876,1.1276,0.52433,0.84957,0,0,0,0,0,0,0,0,0,0,0,0,0,0,0,0,0,0,0,0,0,0,0,0,0,0,0,0,0,0,0,0.56876,0.000919888,0.000306629,0.000919888,0.000306629,0.000919888,0.000306629,0.000919888,0.000306629
507,49514.2,0.91778,0.45672,0.82185,0,0,0,0,0,0,0.156,0.00212,0.00059,0,0,0,0,0,0,0,0,0,0,0,0,0,0,0.51353,0.1687,0,0,0.50014,0.06345,0.50689,0.49989,0.85753,0.79266,0.83778,0.56877,1.12777,0.52423,0.84961,0,0,0,0,0,0,0,0,0,0,0,0,0,0,0,0,0,0,0,0,0,0,0,0,0,0,0,0,0,0,0,0.56877,0.00091455,0.00030485,0.00091455,0.00030485,0.00091455,0.00030485,0.00091455,0.00030485
508,49612.6,0.91293,0.45482,0.81941,0,0,0,0,0,0,0.14958,0.00211,0.00057,0,0,0,0,0,0,0,0,0,0,0,0,0,0,0.52008,0.16807,0,0,0.50023,0.06342,0.50689,0.49997,0.85728,0.79202,0.83724,0.56851,1.12786,0.52441,0.84958,0,0,0,0,0,0,0,0,0,0,0,0,0,0,0,0,0,0,0,0,0,0,0,0,0,0,0,0,0,0,0,0.56851,0.000909221,0.000303074,0.000909221,0.000303074,0.000909221,0.000303074,0.000909221,0.000303074
509,49710.1,0.91689,0.45474,0.82243,0,0,0,0,0,0,0.15458,0.00214,0.00054,1e-05,0,0,0,0,0,0,0,0,0,0,0,0,0,0.51329,0.16674,0,0,0.50025,0.06349,0.50662,0.49998,0.8572,0.79214,0.83736,0.56873,1.12759,0.52407,0.84955,0,0,0,0,0,0,0,0,0,0,0,0,0,0,0,0,0,0,0,0,0,0,0,0,0,0,0,0,0,0,0,0.56873,0.000903901,0.0003013,0.000903901,0.0003013,0.000903901,0.0003013,0.000903901,0.0003013
510,49810.9,0.92192,0.45803,0.81984,0,0,0,0,0,0,0.14713,0.00213,0.00062,0,0,0,0,0,0,0,0,0,0,0,0,0,0,0.51169,0.16705,0,0,0.50029,0.06355,0.50698,0.50004,0.85741,0.79237,0.83706,0.56851,1.128,0.5243,0.84957,0,0,0,0,0,0,0,0,0,0,0,0,0,0,0,0,0,0,0,0,0,0,0,0,0,0,0,0,0,0,0,0.56851,0.000898591,0.00029953,0.000898591,0.00029953,0.000898591,0.00029953,0.000898591,0.00029953
511,49910.5,0.92127,0.45823,0.82108,0,0,0,0,0,0,0.14647,0.00211,0.00053,0,0,0,0,0,0,0,0,0,0,0,0,0,0,0.50157,0.16792,0,0,0.50033,0.06351,0.5068,0.50007,0.85734,0.79201,0.83742,0.56834,1.12777,0.52433,0.84955,0,0,0,0,0,0,0,0,0,0,0,0,0,0,0,0,0,0,0,0,0,0,0,0,0,0,0,0,0,0,0,0.56834,0.00089329,0.000297763,0.00089329,0.000297763,0.00089329,0.000297763,0.00089329,0.000297763
512,50012.6,0.91179,0.45356,0.82011,0,0,0,0,0,0,0.14091,0.00211,0.00048,0,0,0,0,0,0,0,0,0,0,0,0,0,0,0.50662,0.16763,0,0,0.50028,0.06354,0.50675,0.50003,0.85781,0.79167,0.83688,0.56842,1.12832,0.52456,0.84965,0,0,0,0,0,0,0,0,0,0,0,0,0,0,0,0,0,0,0,0,0,0,0,0,0,0,0,0,0,0,0,0.56842,0.000887999,0.000296,0.000887999,0.000296,0.000887999,0.000296,0.000887999,0.000296
513,50108.7,0.91351,0.45684,0.81983,0,0,0,0,0,0,0.15094,0.0021,0.0006,0,0,0,0,0,0,0,0,0,0,0,0,0,0,0.50083,0.16439,0,0,0.50021,0.06345,0.50731,0.49997,0.85797,0.79063,0.83655,0.56846,1.12782,0.52433,0.84956,0,0,0,0,0,0,0,0,0,0,0,0,0,0,0,0,0,0,0,0,0,0,0,0,0,0,0,0,0,0,0,0.56846,0.000882718,0.000294239,0.000882718,0.000294239,0.000882718,0.000294239,0.000882718,0.000294239
514,50207.7,0.91675,0.45493,0.81892,0,0,0,0,0,0,0.14414,0.00209,0.00064,0,0,0,0,0,0,0,0,0,0,0,0,0,0,0.50008,0.16486,0,0,0.50023,0.06354,0.5075,0.49997,0.85773,0.79092,0.83659,0.56873,1.12769,0.52462,0.84953,0,0,0,0,0,0,0,0,0,0,0,0,0,0,0,0,0,0,0,0,0,0,0,0,0,0,0,0,0,0,0,0.56873,0.000877446,0.000292482,0.000877446,0.000292482,0.000877446,0.000292482,0.000877446,0.000292482
515,50307.3,0.91243,0.45385,0.82023,0,0,0,0,0,0,0.14976,0.00209,0.00067,1e-05,0,0,0,0,0,0,0,0,0,0,0,0,0,0.4907,0.16096,0,0,0.50021,0.06343,0.5074,0.49973,0.85756,0.79049,0.83654,0.56865,1.12771,0.52493,0.84958,0,0,0,0,0,0,0,0,0,0,0,0,0,0,0,0,0,0,0,0,0,0,0,0,0,0,0,0,0,0,0,0.56865,0.000872184,0.000290728,0.000872184,0.000290728,0.000872184,0.000290728,0.000872184,0.000290728
516,50404.1,0.91249,0.45351,0.81799,0,0,0,0,0,0,0.16,0.00207,0.00055,0,0,0,0,0,0,0,0,0,0,0,0,0,0,0.49447,0.16091,0,0,0.50024,0.06351,0.50801,0.49999,0.8572,0.7903,0.83674,0.56871,1.12735,0.52483,0.84953,0,0,0,0,0,0,0,0,0,0,0,0,0,0,0,0,0,0,0,0,0,0,0,0,0,0,0,0,0,0,0,0.56871,0.000866932,0.000288977,0.000866932,0.000288977,0.000866932,0.000288977,0.000866932,0.000288977
517,50502.2,0.91822,0.45497,0.82076,0,0,0,0,0,0,0.13829,0.00207,0.00055,0,0,0,0,0,0,0,0,0,0,0,0,0,0,0.50121,0.16596,0,0,0.50026,0.06343,0.50663,0.50002,0.85746,0.79073,0.83746,0.56881,1.12772,0.52499,0.84953,0,0,0,0,0,0,0,0,0,0,0,0,0,0,0,0,0,0,0,0,0,0,0,0,0,0,0,0,0,0,0,0.56881,0.00086169,0.00028723,0.00086169,0.00028723,0.00086169,0.00028723,0.00086169,0.00028723
518,50603.6,0.91312,0.45545,0.8198,0,0,0,0,0,0,0.15259,0.00207,0.00053,0,0,0,0,0,0,0,0,0,0,0,0,0,0,0.49912,0.16461,0,0,0.50019,0.06345,0.50634,0.49968,0.85787,0.79074,0.83692,0.56876,1.12744,0.52486,0.8495,0,0,0,0,0,0,0,0,0,0,0,0,0,0,0,0,0,0,0,0,0,0,0,0,0,0,0,0,0,0,0,0.56876,0.000856458,0.000285486,0.000856458,0.000285486,0.000856458,0.000285486,0.000856458,0.000285486
519,50702,0.90832,0.45175,0.82036,0,0,0,0,0,0,0.16148,0.00211,0.00051,0,0,0,0,0,0,0,0,0,0,0,0,0,0,0.49591,0.1643,0,0,0.50034,0.06351,0.50628,0.50009,0.85745,0.79046,0.83699,0.56859,1.12751,0.52516,0.84948,0,0,0,0,0,0,0,0,0,0,0,0,0,0,0,0,0,0,0,0,0,0,0,0,0,0,0,0,0,0,0,0.56859,0.000851237,0.000283746,0.000851237,0.000283746,0.000851237,0.000283746,0.000851237,0.000283746
520,50802.6,0.91069,0.45259,0.81728,0,0,0,0,0,0,0.14343,0.00207,0.0005,0,0,0,0,0,0,0,0,0,0,0,0,0,0,0.50338,0.16399,0,0,0.50015,0.06348,0.50621,0.49989,0.85661,0.79105,0.83729,0.5689,1.12762,0.52527,0.84947,0,0,0,0,0,0,0,0,0,0,0,0,0,0,0,0,0,0,0,0,0,0,0,0,0,0,0,0,0,0,0,0.5689,0.000846025,0.000282008,0.000846025,0.000282008,0.000846025,0.000282008,0.000846025,0.000282008
521,50901.2,0.91417,0.45523,0.81861,0,0,0,0,0,0,0.14877,0.00208,0.00057,0,0,0,0,0,0,0,0,0,0,0,0,0,0,0.50972,0.16404,0,0,0.50023,0.0634,0.50551,0.49998,0.85858,0.79006,0.83684,0.56846,1.12785,0.52541,0.84955,0,0,0,0,0,0,0,0,0,0,0,0,0,0,0,0,0,0,0,0,0,0,0,0,0,0,0,0,0,0,0,0.56846,0.000840824,0.000280275,0.000840824,0.000280275,0.000840824,0.000280275,0.000840824,0.000280275
522,50999.2,0.91479,0.45485,0.81914,0,0,0,0,0,0,0.14709,0.00208,0.00056,3e-05,0,0,0,0,0,0,0,0,0,0,0,0,0,0.50909,0.16665,0,0,0.50027,0.06348,0.50708,0.5,0.85744,0.78981,0.83611,0.56828,1.12833,0.52604,0.84958,0,0,0,0,0,0,0,0,0,0,0,0,0,0,0,0,0,0,0,0,0,0,0,0,0,0,0,0,0,0,0,0.56828,0.000835633,0.000278544,0.000835633,0.000278544,0.000835633,0.000278544,0.000835633,0.000278544
523,51097.1,0.90483,0.45143,0.81992,0,0,0,0,0,0,0.14332,0.00208,0.00051,1e-05,0,0,0,0,0,0,0,0,0,0,0,0,0,0.51206,0.16578,0,0,0.50022,0.06344,0.50669,0.49974,0.85823,0.78942,0.83667,0.56885,1.12766,0.52578,0.8495,0,0,0,0,0,0,0,0,0,0,0,0,0,0,0,0,0,0,0,0,0,0,0,0,0,0,0,0,0,0,0,0.56885,0.000830453,0.000276818,0.000830453,0.000276818,0.000830453,0.000276818,0.000830453,0.000276818
524,51192.9,0.91267,0.45451,0.81958,0,0,0,0,0,0,0.14626,0.0021,0.00063,1e-05,0,0,0,0,0,0,0,0,0,0,0,0,0,0.51129,0.16558,0,0,0.50027,0.06347,0.5074,0.50002,0.85774,0.789,0.83556,0.56892,1.12731,0.5258,0.84943,0,0,0,0,0,0,0,0,0,0,0,0,0,0,0,0,0,0,0,0,0,0,0,0,0,0,0,0,0,0,0,0.56892,0.000825283,0.000275094,0.000825283,0.000275094,0.000825283,0.000275094,0.000825283,0.000275094
525,51289.9,0.90551,0.45076,0.8192,0,0,0,0,0,0,0.1441,0.0021,0.00049,0,0,0,0,0,0,0,0,0,0,0,0,0,0,0.50184,0.16287,0,0,0.50009,0.06341,0.50659,0.49958,0.85879,0.7892,0.83643,0.56875,1.12741,0.52581,0.84951,0,0,0,0,0,0,0,0,0,0,0,0,0,0,0,0,0,0,0,0,0,0,0,0,0,0,0,0,0,0,0,0.56875,0.000820124,0.000273375,0.000820124,0.000273375,0.000820124,0.000273375,0.000820124,0.000273375
526,51386.1,0.9048,0.45005,0.81983,0,0,0,0,0,0,0.14707,0.0021,0.00044,0,0,0,0,0,0,0,0,0,0,0,0,0,0,0.51885,0.16463,0,0,0.50023,0.06356,0.50675,0.49999,0.85924,0.78864,0.83655,0.56905,1.12705,0.52563,0.84949,0,0,0,0,0,0,0,0,0,0,0,0,0,0,0,0,0,0,0,0,0,0,0,0,0,0,0,0,0,0,0,0.56905,0.000814976,0.000271659,0.000814976,0.000271659,0.000814976,0.000271659,0.000814976,0.000271659
527,51482.9,0.9133,0.45292,0.81902,0,0,0,0,0,0,0.14711,0.00205,0.00052,0,0,0,0,0,0,0,0,0,0,0,0,0,0,0.52477,0.16506,0,0,0.50031,0.06353,0.50752,0.50004,0.85935,0.78901,0.83649,0.56908,1.12723,0.52558,0.84951,0,0,0,0,0,0,0,0,0,0,0,0,0,0,0,0,0,0,0,0,0,0,0,0,0,0,0,0,0,0,0,0.56908,0.000809838,0.000269946,0.000809838,0.000269946,0.000809838,0.000269946,0.000809838,0.000269946
528,51584.1,0.91339,0.45401,0.81842,0,0,0,0,0,0,0.14704,0.00205,0.00058,0,0,0,0,0,0,0,0,0,0,0,0,0,0,0.51854,0.16706,0,0,0.50033,0.06351,0.50709,0.50008,0.85873,0.78964,0.83724,0.56889,1.12729,0.52554,0.84954,0,0,0,0,0,0,0,0,0,0,0,0,0,0,0,0,0,0,0,0,0,0,0,0,0,0,0,0,0,0,0,0.56889,0.000804712,0.000268237,0.000804712,0.000268237,0.000804712,0.000268237,0.000804712,0.000268237
529,51685.7,0.90618,0.45032,0.8182,0,0,0,0,0,0,0.14901,0.00205,0.00067,0,0,0,0,0,0,0,0,0,0,0,0,0,0,0.51754,0.16717,0,0,0.50033,0.06349,0.50757,0.50008,0.85802,0.78949,0.83693,0.56918,1.12756,0.52597,0.84961,0,0,0,0,0,0,0,0,0,0,0,0,0,0,0,0,0,0,0,0,0,0,0,0,0,0,0,0,0,0,0,0.56918,0.000799596,0.000266532,0.000799596,0.000266532,0.000799596,0.000266532,0.000799596,0.000266532
530,51786.9,0.90906,0.45371,0.81973,0,0,0,0,0,0,0.14934,0.00206,0.00069,1e-05,0,0,0,0,0,0,0,0,0,0,0,0,0,0.50818,0.16494,0,0,0.50034,0.0635,0.50798,0.49985,0.86049,0.78983,0.83778,0.56938,1.12767,0.52568,0.84963,0,0,0,0,0,0,0,0,0,0,0,0,0,0,0,0,0,0,0,0,0,0,0,0,0,0,0,0,0,0,0,0.56938,0.000794491,0.00026483,0.000794491,0.00026483,0.000794491,0.00026483,0.000794491,0.00026483
531,51886.8,0.90762,0.44977,0.81912,0,0,0,0,0,0,0.1447,0.00206,0.00049,0,0,0,0,0,0,0,0,0,0,0,0,0,0,0.51315,0.16861,0,0,0.50038,0.06352,0.50783,0.50014,0.86069,0.78979,0.83793,0.56932,1.12787,0.52601,0.84963,0,0,0,0,0,0,0,0,0,0,0,0,0,0,0,0,0,0,0,0,0,0,0,0,0,0,0,0,0,0,0,0.56932,0.000789397,0.000263132,0.000789397,0.000263132,0.000789397,0.000263132,0.000789397,0.000263132
532,51985.2,0.9087,0.45212,0.81779,0,0,0,0,0,0,0.15081,0.00207,0.00048,0,0,0,0,0,0,0,0,0,0,0,0,0,0,0.52051,0.1655,0,0,0.50023,0.06349,0.50707,0.49971,0.85918,0.79225,0.83818,0.56892,1.12796,0.52587,0.84971,0,0,0,0,0,0,0,0,0,0,0,0,0,0,0,0,0,0,0,0,0,0,0,0,0,0,0,0,0,0,0,0.56892,0.000784315,0.000261438,0.000784315,0.000261438,0.000784315,0.000261438,0.000784315,0.000261438
533,52085.2,0.9045,0.45118,0.81782,0,0,0,0,0,0,0.14498,0.00205,0.00053,2e-05,0,0,0,0,0,0,0,0,0,0,0,0,0,0.52329,0.16636,0,0,0.50035,0.06352,0.50781,0.5001,0.85967,0.79128,0.83756,0.56898,1.12792,0.52597,0.84966,0,0,0,0,0,0,0,0,0,0,0,0,0,0,0,0,0,0,0,0,0,0,0,0,0,0,0,0,0,0,0,0.56898,0.000779244,0.000259748,0.000779244,0.000259748,0.000779244,0.000259748,0.000779244,0.000259748
534,52182.5,0.908,0.45219,0.81891,0,0,0,0,0,0,0.15216,0.00208,0.00053,0,0,0,0,0,0,0,0,0,0,0,0,0,0,0.53108,0.16805,0,0,0.50007,0.0634,0.50719,0.49981,0.86081,0.79018,0.83733,0.56916,1.12808,0.52637,0.84969,0,0,0,0,0,0,0,0,0,0,0,0,0,0,0,0,0,0,0,0,0,0,0,0,0,0,0,0,0,0,0,0.56916,0.000774184,0.000258061,0.000774184,0.000258061,0.000774184,0.000258061,0.000774184,0.000258061
535,52279.7,0.89987,0.44799,0.81688,0,0,0,0,0,0,0.14177,0.00206,0.00058,0,0,0,0,0,0,0,0,0,0,0,0,0,0,0.52023,0.16774,0,0,0.50029,0.06348,0.50687,0.50003,0.86162,0.79011,0.83777,0.5692,1.12791,0.52686,0.84966,0,0,0,0,0,0,0,0,0,0,0,0,0,0,0,0,0,0,0,0,0,0,0,0,0,0,0,0,0,0,0,0.5692,0.000769136,0.000256379,0.000769136,0.000256379,0.000769136,0.000256379,0.000769136,0.000256379
536,52384.1,0.90593,0.45179,0.81882,0,0,0,0,0,0,0.14831,0.00205,0.00046,0,0,0,0,0,0,0,0,0,0,0,0,0,0,0.51441,0.16446,0,0,0.50012,0.06344,0.50788,0.49964,0.86046,0.79037,0.83742,0.56919,1.12796,0.52726,0.8496,0,0,0,0,0,0,0,0,0,0,0,0,0,0,0,0,0,0,0,0,0,0,0,0,0,0,0,0,0,0,0,0.56919,0.000764099,0.0002547,0.000764099,0.0002547,0.000764099,0.0002547,0.000764099,0.0002547
537,52485.1,0.90123,0.44878,0.81893,0,0,0,0,0,0,0.14122,0.00206,0.00049,0,0,0,0,0,0,0,0,0,0,0,0,0,0,0.5225,0.16415,0,0,0.5003,0.06347,0.50664,0.50003,0.86213,0.78941,0.83711,0.56919,1.12872,0.52765,0.84965,0,0,0,0,0,0,0,0,0,0,0,0,0,0,0,0,0,0,0,0,0,0,0,0,0,0,0,0,0,0,0,0.56919,0.000759073,0.000253024,0.000759073,0.000253024,0.000759073,0.000253024,0.000759073,0.000253024
538,52589,0.90883,0.4512,0.82028,0,0,0,0,0,0,0.14443,0.00205,0.00042,1e-05,0,0,0,0,0,0,0,0,0,0,0,0,0,0.51835,0.16521,0,0,0.50026,0.06355,0.50767,0.5,0.8596,0.78936,0.8364,0.5693,1.12871,0.52764,0.84966,0,0,0,0,0,0,0,0,0,0,0,0,0,0,0,0,0,0,0,0,0,0,0,0,0,0,0,0,0,0,0,0.5693,0.00075406,0.000251353,0.00075406,0.000251353,0.00075406,0.000251353,0.00075406,0.000251353
539,52694.1,0.89993,0.44946,0.81955,0,0,0,0,0,0,0.13977,0.00204,0.0005,1e-05,0,0,0,0,0,0,0,0,0,0,0,0,0,0.5168,0.16435,0,0,0.50013,0.06345,0.50737,0.49985,0.86046,0.78952,0.83635,0.56909,1.12925,0.52796,0.84972,0,0,0,0,0,0,0,0,0,0,0,0,0,0,0,0,0,0,0,0,0,0,0,0,0,0,0,0,0,0,0,0.56909,0.000749058,0.000249686,0.000749058,0.000249686,0.000749058,0.000249686,0.000749058,0.000249686
540,52795.7,0.90575,0.45064,0.8203,0,0,0,0,0,0,0.14782,0.00205,0.00052,3e-05,0,0,0,0,0,0,0,0,0,0,0,0,0,0.51529,0.16562,0,0,0.50028,0.06347,0.50742,0.50003,0.8611,0.78998,0.83737,0.5692,1.12861,0.52783,0.8497,0,0,0,0,0,0,0,0,0,0,0,0,0,0,0,0,0,0,0,0,0,0,0,0,0,0,0,0,0,0,0,0.5692,0.000744068,0.000248023,0.000744068,0.000248023,0.000744068,0.000248023,0.000744068,0.000248023
541,52896.5,0.90107,0.44872,0.81971,0,0,0,0,0,0,0.14933,0.00206,0.00051,0,0,0,0,0,0,0,0,0,0,0,0,0,0,0.52357,0.1681,0,0,0.50022,0.06348,0.50768,0.49996,0.8602,0.79043,0.83699,0.56933,1.12802,0.52777,0.84959,0,0,0,0,0,0,0,0,0,0,0,0,0,0,0,0,0,0,0,0,0,0,0,0,0,0,0,0,0,0,0,0.56933,0.00073909,0.000246363,0.00073909,0.000246363,0.00073909,0.000246363,0.00073909,0.000246363
542,52996.1,0.90462,0.45179,0.81928,0,0,0,0,0,0,0.14391,0.00204,0.00046,0,0,0,0,0,0,0,0,0,0,0,0,0,0,0.52057,0.16541,0,0,0.50035,0.0635,0.50762,0.49986,0.86187,0.79031,0.8372,0.56896,1.12819,0.52798,0.84966,0,0,0,0,0,0,0,0,0,0,0,0,0,0,0,0,0,0,0,0,0,0,0,0,0,0,0,0,0,0,0,0.56896,0.000734123,0.000244708,0.000734123,0.000244708,0.000734123,0.000244708,0.000734123,0.000244708
543,53093.8,0.89691,0.44809,0.81708,0,0,0,0,0,0,0.15249,0.00206,0.00049,1e-05,0,0,0,0,0,0,0,0,0,0,0,0,0,0.52008,0.16407,0,0,0.50032,0.06352,0.50795,0.50006,0.86193,0.78946,0.8372,0.56862,1.12797,0.52838,0.84965,0,0,0,0,0,0,0,0,0,0,0,0,0,0,0,0,0,0,0,0,0,0,0,0,0,0,0,0,0,0,0,0.56862,0.000729169,0.000243056,0.000729169,0.000243056,0.000729169,0.000243056,0.000729169,0.000243056
544,53191.8,0.90006,0.44913,0.81781,0,0,0,0,0,0,0.13563,0.00204,0.00067,1e-05,0,0,0,0,0,0,0,0,0,0,0,0,0,0.5155,0.16269,0,0,0.50008,0.06339,0.50701,0.49982,0.86098,0.7902,0.83759,0.56867,1.12826,0.52868,0.84962,0,0,0,0,0,0,0,0,0,0,0,0,0,0,0,0,0,0,0,0,0,0,0,0,0,0,0,0,0,0,0,0.56867,0.000724227,0.000241409,0.000724227,0.000241409,0.000724227,0.000241409,0.000724227,0.000241409
545,53289.7,0.90135,0.44885,0.81898,0,0,0,0,0,0,0.1437,0.00204,0.00044,0,0,0,0,0,0,0,0,0,0,0,0,0,0,0.52005,0.16475,0,0,0.50023,0.06345,0.50659,0.49975,0.86226,0.78918,0.83731,0.56892,1.12801,0.52871,0.84964,0,0,0,0,0,0,0,0,0,0,0,0,0,0,0,0,0,0,0,0,0,0,0,0,0,0,0,0,0,0,0,0.56892,0.000719297,0.000239766,0.000719297,0.000239766,0.000719297,0.000239766,0.000719297,0.000239766
546,53385.3,0.90448,0.44911,0.81935,0,0,0,0,0,0,0.14857,0.00203,0.00044,0,0,0,0,0,0,0,0,0,0,0,0,0,0,0.52215,0.16425,0,0,0.50031,0.06344,0.50775,0.50005,0.86091,0.79031,0.83763,0.56893,1.12826,0.52883,0.84962,0,0,0,0,0,0,0,0,0,0,0,0,0,0,0,0,0,0,0,0,0,0,0,0,0,0,0,0,0,0,0,0.56893,0.00071438,0.000238127,0.00071438,0.000238127,0.00071438,0.000238127,0.00071438,0.000238127
547,53483.8,0.89967,0.44948,0.81868,0,0,0,0,0,0,0.1455,0.00205,0.0005,1e-05,0,0,0,0,0,0,0,0,0,0,0,0,0,0.51619,0.16357,0,0,0.50019,0.06339,0.50733,0.49969,0.86064,0.78946,0.83774,0.56905,1.12783,0.52896,0.84953,0,0,0,0,0,0,0,0,0,0,0,0,0,0,0,0,0,0,0,0,0,0,0,0,0,0,0,0,0,0,0,0.56905,0.000709474,0.000236491,0.000709474,0.000236491,0.000709474,0.000236491,0.000709474,0.000236491
548,53582,0.89569,0.446,0.8183,0,0,0,0,0,0,0.14108,0.00203,0.00044,0,0,0,0,0,0,0,0,0,0,0,0,0,0,0.52087,0.16476,0,0,0.50024,0.06347,0.50757,0.49973,0.86012,0.78923,0.83705,0.56887,1.12767,0.52934,0.84952,0,0,0,0,0,0,0,0,0,0,0,0,0,0,0,0,0,0,0,0,0,0,0,0,0,0,0,0,0,0,0,0.56887,0.000704581,0.00023486,0.000704581,0.00023486,0.000704581,0.00023486,0.000704581,0.00023486
549,53681.6,0.89954,0.44753,0.8185,0,0,0,0,0,0,0.14721,0.00205,0.00047,1e-05,0,0,0,0,0,0,0,0,0,0,0,0,0,0.51651,0.16442,0,0,0.50019,0.06338,0.50693,0.49993,0.86103,0.7891,0.83695,0.56875,1.12778,0.52991,0.84956,0,0,0,0,0,0,0,0,0,0,0,0,0,0,0,0,0,0,0,0,0,0,0,0,0,0,0,0,0,0,0,0.56875,0.000699701,0.000233234,0.000699701,0.000233234,0.000699701,0.000233234,0.000699701,0.000233234
550,53784.4,0.90514,0.44943,0.81945,0,0,0,0,0,0,0.13878,0.00204,0.00067,0,0,0,0,0,0,0,0,0,0,0,0,0,0,0.52096,0.16381,0,0,0.50026,0.06342,0.5072,0.49975,0.86073,0.78892,0.8367,0.56809,1.12835,0.52983,0.84949,0,0,0,0,0,0,0,0,0,0,0,0,0,0,0,0,0,0,0,0,0,0,0,0,0,0,0,0,0,0,0,0.56809,0.000694833,0.000231611,0.000694833,0.000231611,0.000694833,0.000231611,0.000694833,0.000231611
551,53882.6,0.89973,0.44939,0.81736,0,0,0,0,0,0,0.13819,0.00204,0.00057,0,0,0,0,0,0,0,0,0,0,0,0,0,0,0.52126,0.16434,0,0,0.50022,0.06348,0.50728,0.49996,0.86053,0.78914,0.83682,0.56815,1.12869,0.53024,0.84962,0,0,0,0,0,0,0,0,0,0,0,0,0,0,0,0,0,0,0,0,0,0,0,0,0,0,0,0,0,0,0,0.56815,0.000689978,0.000229993,0.000689978,0.000229993,0.000689978,0.000229993,0.000689978,0.000229993
552,53987,0.89828,0.44748,0.81772,0,0,0,0,0,0,0.14014,0.00204,0.00052,0,0,0,0,0,0,0,0,0,0,0,0,0,0,0.5221,0.16493,0,0,0.50016,0.06342,0.50731,0.4999,0.85997,0.78985,0.83694,0.56829,1.12885,0.5303,0.8496,0,0,0,0,0,0,0,0,0,0,0,0,0,0,0,0,0,0,0,0,0,0,0,0,0,0,0,0,0,0,0,0.56829,0.000685136,0.000228379,0.000685136,0.000228379,0.000685136,0.000228379,0.000685136,0.000228379
553,54083.2,0.89913,0.44933,0.81748,0,0,0,0,0,0,0.14028,0.00205,0.0005,3e-05,0,0,0,0,0,0,0,0,0,0,0,0,0,0.52181,0.16835,0,0,0.50022,0.06347,0.50762,0.49998,0.86121,0.78861,0.83676,0.56837,1.12827,0.53061,0.84951,0,0,0,0,0,0,0,0,0,0,0,0,0,0,0,0,0,0,0,0,0,0,0,0,0,0,0,0,0,0,0,0.56837,0.000680306,0.000226769,0.000680306,0.000226769,0.000680306,0.000226769,0.000680306,0.000226769
554,54180.6,0.89684,0.44636,0.81882,0,0,0,0,0,0,0.14871,0.00203,0.00053,0,0,0,0,0,0,0,0,0,0,0,0,0,0,0.52247,0.16722,0,0,0.50011,0.06339,0.5071,0.49961,0.86166,0.78927,0.8369,0.56823,1.12892,0.53085,0.8496,0,0,0,0,0,0,0,0,0,0,0,0,0,0,0,0,0,0,0,0,0,0,0,0,0,0,0,0,0,0,0,0.56823,0.000675489,0.000225163,0.000675489,0.000225163,0.000675489,0.000225163,0.000675489,0.000225163
555,54276.8,0.89625,0.44699,0.81648,0,0,0,0,0,0,0.14119,0.00203,0.00118,2e-05,0,0,0,0,0,0,0,0,0,0,0,0,0,0.5144,0.16658,0,0,0.50027,0.06349,0.50737,0.4998,0.86097,0.79036,0.83717,0.56861,1.12898,0.53036,0.84952,0,0,0,0,0,0,0,0,0,0,0,0,0,0,0,0,0,0,0,0,0,0,0,0,0,0,0,0,0,0,0,0.56861,0.000670686,0.000223562,0.000670686,0.000223562,0.000670686,0.000223562,0.000670686,0.000223562
556,54374.7,0.89612,0.44474,0.81705,0,0,0,0,0,0,0.14931,0.00205,0.00083,2e-05,0,0,0,0,0,0,0,0,0,0,0,0,0,0.52004,0.16481,0,0,0.50032,0.06355,0.50773,0.50006,0.86173,0.7899,0.83722,0.56862,1.129,0.53084,0.84955,0,0,0,0,0,0,0,0,0,0,0,0,0,0,0,0,0,0,0,0,0,0,0,0,0,0,0,0,0,0,0,0.56862,0.000665895,0.000221965,0.000665895,0.000221965,0.000665895,0.000221965,0.000665895,0.000221965
557,54474.4,0.89325,0.447,0.81783,0,0,0,0,0,0,0.13761,0.00202,0.00062,0,0,0,0,0,0,0,0,0,0,0,0,0,0,0.53195,0.16703,0,0,0.50019,0.06338,0.50745,0.49992,0.86301,0.78896,0.83741,0.56841,1.12883,0.53113,0.84952,0,0,0,0,0,0,0,0,0,0,0,0,0,0,0,0,0,0,0,0,0,0,0,0,0,0,0,0,0,0,0,0.56841,0.000661117,0.000220372,0.000661117,0.000220372,0.000661117,0.000220372,0.000661117,0.000220372
558,54576.3,0.89515,0.44671,0.8188,0,0,0,0,0,0,0.1445,0.00203,0.00057,0,0,0,0,0,0,0,0,0,0,0,0,0,0,0.53183,0.16659,0,0,0.50022,0.06339,0.50784,0.49996,0.86292,0.78917,0.83762,0.56872,1.12928,0.53142,0.84956,0,0,0,0,0,0,0,0,0,0,0,0,0,0,0,0,0,0,0,0,0,0,0,0,0,0,0,0,0,0,0,0.56872,0.000656353,0.000218784,0.000656353,0.000218784,0.000656353,0.000218784,0.000656353,0.000218784
559,54674.1,0.89314,0.44527,0.816,0,0,0,0,0,0,0.13828,0.00203,0.00065,0,0,0,0,0,0,0,0,0,0,0,0,0,0,0.52395,0.16733,0,0,0.50015,0.06343,0.50908,0.49988,0.86403,0.78904,0.83763,0.56874,1.12891,0.53141,0.84955,0,0,0,0,0,0,0,0,0,0,0,0,0,0,0,0,0,0,0,0,0,0,0,0,0,0,0,0,0,0,0,0.56874,0.000651601,0.0002172,0.000651601,0.0002172,0.000651601,0.0002172,0.000651601,0.0002172
560,54774.6,0.89491,0.44568,0.81659,0,0,0,0,0,0,0.14435,0.00203,0.00056,0,0,0,0,0,0,0,0,0,0,0,0,0,0,0.52484,0.16492,0,0,0.50016,0.06344,0.50792,0.4999,0.86408,0.78911,0.8377,0.56914,1.1294,0.53149,0.84968,0,0,0,0,0,0,0,0,0,0,0,0,0,0,0,0,0,0,0,0,0,0,0,0,0,0,0,0,0,0,0,0.56914,0.000646863,0.000215621,0.000646863,0.000215621,0.000646863,0.000215621,0.000646863,0.000215621
561,54875.4,0.89509,0.44712,0.81807,0,0,0,0,0,0,0.14343,0.00202,0.00062,0,0,0,0,0,0,0,0,0,0,0,0,0,0,0.51676,0.165,0,0,0.50018,0.06344,0.50854,0.49992,0.86458,0.78921,0.83773,0.56905,1.12956,0.53161,0.84969,0,0,0,0,0,0,0,0,0,0,0,0,0,0,0,0,0,0,0,0,0,0,0,0,0,0,0,0,0,0,0,0.56905,0.000642139,0.000214046,0.000642139,0.000214046,0.000642139,0.000214046,0.000642139,0.000214046
562,54973.1,0.89053,0.44431,0.81706,0,0,0,0,0,0,0.14059,0.00203,0.00043,0,0,0,0,0,0,0,0,0,0,0,0,0,0,0.50911,0.16281,0,0,0.50024,0.06345,0.50675,0.49999,0.86382,0.78946,0.83793,0.56895,1.12954,0.53177,0.84972,0,0,0,0,0,0,0,0,0,0,0,0,0,0,0,0,0,0,0,0,0,0,0,0,0,0,0,0,0,0,0,0.56895,0.000637428,0.000212476,0.000637428,0.000212476,0.000637428,0.000212476,0.000637428,0.000212476
563,55074.4,0.89745,0.44676,0.8176,0,0,0,0,0,0,0.13322,0.00201,0.00049,0,0,0,0,0,0,0,0,0,0,0,0,0,0,0.50684,0.16304,0,0,0.50017,0.06343,0.50635,0.49969,0.86502,0.78976,0.83783,0.56904,1.12925,0.53165,0.84965,0,0,0,0,0,0,0,0,0,0,0,0,0,0,0,0,0,0,0,0,0,0,0,0,0,0,0,0,0,0,0,0.56904,0.00063273,0.00021091,0.00063273,0.00021091,0.00063273,0.00021091,0.00063273,0.00021091
564,55172.1,0.89142,0.44377,0.81876,0,0,0,0,0,0,0.14913,0.00203,0.00068,1e-05,0,0,0,0,0,0,0,0,0,0,0,0,0,0.50064,0.16273,0,0,0.50014,0.06346,0.50738,0.49988,0.86345,0.78944,0.83765,0.56879,1.12962,0.53178,0.84967,0,0,0,0,0,0,0,0,0,0,0,0,0,0,0,0,0,0,0,0,0,0,0,0,0,0,0,0,0,0,0,0.56879,0.000628046,0.000209349,0.000628046,0.000209349,0.000628046,0.000209349,0.000628046,0.000209349
565,55271.2,0.88869,0.443,0.81753,0,0,0,0,0,0,0.13366,0.00203,0.00051,0,0,0,0,0,0,0,0,0,0,0,0,0,0,0.51259,0.16288,0,0,0.5003,0.06352,0.50787,0.50004,0.8641,0.78928,0.83819,0.56879,1.13018,0.53204,0.84985,0,0,0,0,0,0,0,0,0,0,0,0,0,0,0,0,0,0,0,0,0,0,0,0,0,0,0,0,0,0,0,0.56879,0.000623376,0.000207792,0.000623376,0.000207792,0.000623376,0.000207792,0.000623376,0.000207792
566,55368.5,0.89648,0.44717,0.81863,0,0,0,0,0,0,0.14629,0.00203,0.00052,2e-05,0,0,0,0,0,0,0,0,0,0,0,0,0,0.50434,0.16305,0,0,0.50018,0.06348,0.50714,0.49992,0.86292,0.79053,0.83818,0.56889,1.13065,0.53213,0.84988,0,0,0,0,0,0,0,0,0,0,0,0,0,0,0,0,0,0,0,0,0,0,0,0,0,0,0,0,0,0,0,0.56889,0.000618719,0.00020624,0.000618719,0.00020624,0.000618719,0.00020624,0.000618719,0.00020624
567,55466.7,0.88831,0.44401,0.81686,0,0,0,0,0,0,0.13743,0.00203,0.00052,2e-05,0,0,0,0,0,0,0,0,0,0,0,0,0,0.51196,0.16327,0,0,0.50024,0.06341,0.50692,0.49997,0.86082,0.79028,0.83743,0.56896,1.13095,0.53262,0.84991,0,0,0,0,0,0,0,0,0,0,0,0,0,0,0,0,0,0,0,0,0,0,0,0,0,0,0,0,0,0,0,0.56896,0.000614077,0.000204692,0.000614077,0.000204692,0.000614077,0.000204692,0.000614077,0.000204692
568,55567.8,0.88654,0.44252,0.81743,0,0,0,0,0,0,0.14297,0.00202,0.00057,0,0,0,0,0,0,0,0,0,0,0,0,0,0,0.51994,0.16276,0,0,0.50015,0.06337,0.50699,0.49989,0.8623,0.78933,0.83779,0.56895,1.13108,0.53259,0.84989,0,0,0,0,0,0,0,0,0,0,0,0,0,0,0,0,0,0,0,0,0,0,0,0,0,0,0,0,0,0,0,0.56895,0.000609448,0.000203149,0.000609448,0.000203149,0.000609448,0.000203149,0.000609448,0.000203149
569,55666.7,0.8875,0.44192,0.81724,0,0,0,0,0,0,0.13922,0.00202,0.00054,0,0,0,0,0,0,0,0,0,0,0,0,0,0,0.51586,0.16306,0,0,0.50035,0.06355,0.5064,0.49985,0.8626,0.78907,0.83753,0.56872,1.13148,0.53328,0.84995,0,0,0,0,0,0,0,0,0,0,0,0,0,0,0,0,0,0,0,0,0,0,0,0,0,0,0,0,0,0,0,0.56872,0.000604833,0.000201611,0.000604833,0.000201611,0.000604833,0.000201611,0.000604833,0.000201611
570,55763,0.89469,0.44693,0.81801,0,0,0,0,0,0,0.14563,0.00204,0.00049,0,0,0,0,0,0,0,0,0,0,0,0,0,0,0.52402,0.16506,0,0,0.50034,0.06344,0.50726,0.5001,0.86119,0.78939,0.83782,0.5687,1.13161,0.53314,0.84999,0,0,0,0,0,0,0,0,0,0,0,0,0,0,0,0,0,0,0,0,0,0,0,0,0,0,0,0,0,0,0,0.5687,0.000600232,0.000200077,0.000600232,0.000200077,0.000600232,0.000200077,0.000600232,0.000200077
571,55861.6,0.8907,0.44299,0.81794,0,0,0,0,0,0,0.13098,0.00203,0.0004,2e-05,0,0,0,0,0,0,0,0,0,0,0,0,0,0.52356,0.16724,0,0,0.50035,0.06346,0.50678,0.50009,0.8617,0.78841,0.83689,0.56875,1.13181,0.53312,0.85,0,0,0,0,0,0,0,0,0,0,0,0,0,0,0,0,0,0,0,0,0,0,0,0,0,0,0,0,0,0,0,0.56875,0.000595645,0.000198548,0.000595645,0.000198548,0.000595645,0.000198548,0.000595645,0.000198548
572,55958.3,0.88976,0.44211,0.81771,0,0,0,0,0,0,0.1356,0.00201,0.0004,1e-05,0,0,0,0,0,0,0,0,0,0,0,0,0,0.52513,0.16788,0,0,0.50025,0.06342,0.50781,0.49999,0.86212,0.78907,0.83768,0.56863,1.13228,0.53332,0.85006,0,0,0,0,0,0,0,0,0,0,0,0,0,0,0,0,0,0,0,0,0,0,0,0,0,0,0,0,0,0,0,0.56863,0.000591073,0.000197024,0.000591073,0.000197024,0.000591073,0.000197024,0.000591073,0.000197024
573,56053.1,0.88776,0.44381,0.81618,0,0,0,0,0,0,0.13378,0.002,0.00047,0,0,0,0,0,0,0,0,0,0,0,0,0,0,0.5164,0.16515,0,0,0.50024,0.06344,0.50639,0.49975,0.86296,0.788,0.83853,0.56867,1.13264,0.53309,0.85014,0,0,0,0,0,0,0,0,0,0,0,0,0,0,0,0,0,0,0,0,0,0,0,0,0,0,0,0,0,0,0,0.56867,0.000586515,0.000195505,0.000586515,0.000195505,0.000586515,0.000195505,0.000586515,0.000195505
574,56150.9,0.886,0.44443,0.8177,0,0,0,0,0,0,0.13426,0.00202,0.00054,0,0,0,0,0,0,0,0,0,0,0,0,0,0,0.5123,0.16717,0,0,0.50009,0.06339,0.50565,0.49985,0.86368,0.78811,0.83784,0.56852,1.13274,0.53342,0.85017,0,0,0,0,0,0,0,0,0,0,0,0,0,0,0,0,0,0,0,0,0,0,0,0,0,0,0,0,0,0,0,0.56852,0.000581971,0.00019399,0.000581971,0.00019399,0.000581971,0.00019399,0.000581971,0.00019399
575,56248.6,0.89243,0.44552,0.81866,0,0,0,0,0,0,0.14056,0.00202,0.00055,0,0,0,0,0,0,0,0,0,0,0,0,0,0,0.51511,0.16583,0,0,0.5003,0.06355,0.50615,0.49981,0.86273,0.78718,0.83737,0.56842,1.1334,0.53399,0.8502,0,0,0,0,0,0,0,0,0,0,0,0,0,0,0,0,0,0,0,0,0,0,0,0,0,0,0,0,0,0,0,0.56842,0.000577441,0.00019248,0.000577441,0.00019248,0.000577441,0.00019248,0.000577441,0.00019248
576,56347.8,0.89136,0.4437,0.81858,0,0,0,0,0,0,0.13175,0.00203,0.00048,0,0,0,0,0,0,0,0,0,0,0,0,0,0,0.51769,0.16525,0,0,0.50026,0.06342,0.50543,0.49979,0.86053,0.78801,0.83756,0.56833,1.13392,0.53421,0.85026,0,0,0,0,0,0,0,0,0,0,0,0,0,0,0,0,0,0,0,0,0,0,0,0,0,0,0,0,0,0,0,0.56833,0.000572926,0.000190975,0.000572926,0.000190975,0.000572926,0.000190975,0.000572926,0.000190975
577,56448.2,0.88566,0.44115,0.81758,0,0,0,0,0,0,0.13614,0.00202,0.00045,0,0,0,0,0,0,0,0,0,0,0,0,0,0,0.51662,0.1626,0,0,0.50031,0.06352,0.50758,0.50004,0.86196,0.78801,0.83738,0.56836,1.13336,0.53409,0.8502,0,0,0,0,0,0,0,0,0,0,0,0,0,0,0,0,0,0,0,0,0,0,0,0,0,0,0,0,0,0,0,0.56836,0.000568425,0.000189475,0.000568425,0.000189475,0.000568425,0.000189475,0.000568425,0.000189475
578,56546.4,0.88952,0.44518,0.81719,0,0,0,0,0,0,0.15923,0.00203,0.00047,1e-05,0,0,0,0,0,0,0,0,0,0,0,0,0,0.51761,0.16087,0,0,0.50017,0.06346,0.50637,0.4999,0.85993,0.78823,0.83772,0.56855,1.13289,0.53416,0.85018,0,0,0,0,0,0,0,0,0,0,0,0,0,0,0,0,0,0,0,0,0,0,0,0,0,0,0,0,0,0,0,0.56855,0.000563939,0.00018798,0.000563939,0.00018798,0.000563939,0.00018798,0.000563939,0.00018798
579,56646.3,0.89577,0.44665,0.81843,0,0,0,0,0,0,0.14293,0.00202,0.00044,1e-05,0,0,0,0,0,0,0,0,0,0,0,0,0,0.51487,0.16216,0,0,0.50039,0.06355,0.50711,0.50012,0.86204,0.78746,0.83759,0.56851,1.13291,0.53448,0.8502,0,0,0,0,0,0,0,0,0,0,0,0,0,0,0,0,0,0,0,0,0,0,0,0,0,0,0,0,0,0,0,0.56851,0.000559468,0.000186489,0.000559468,0.000186489,0.000559468,0.000186489,0.000559468,0.000186489
580,56744.3,0.88842,0.44469,0.81801,0,0,0,0,0,0,0.13212,0.00201,0.00047,0,0,0,0,0,0,0,0,0,0,0,0,0,0,0.52346,0.16229,0,0,0.50038,0.06358,0.50725,0.50014,0.86178,0.78714,0.83827,0.56853,1.13309,0.53458,0.85027,0,0,0,0,0,0,0,0,0,0,0,0,0,0,0,0,0,0,0,0,0,0,0,0,0,0,0,0,0,0,0,0.56853,0.000555011,0.000185004,0.000555011,0.000185004,0.000555011,0.000185004,0.000555011,0.000185004
581,56840.3,0.88103,0.4413,0.81748,0,0,0,0,0,0,0.13313,0.002,0.00045,0,0,0,0,0,0,0,0,0,0,0,0,0,0,0.51578,0.16036,0,0,0.50025,0.06341,0.50672,0.49998,0.86327,0.78665,0.83777,0.56896,1.13285,0.5347,0.85017,0,0,0,0,0,0,0,0,0,0,0,0,0,0,0,0,0,0,0,0,0,0,0,0,0,0,0,0,0,0,0,0.56896,0.00055057,0.000183523,0.00055057,0.000183523,0.00055057,0.000183523,0.00055057,0.000183523
582,56938.7,0.88799,0.44317,0.81637,0,0,0,0,0,0,0.13118,0.00198,0.00042,1e-05,0,0,0,0,0,0,0,0,0,0,0,0,0,0.51061,0.15773,0,0,0.50012,0.06343,0.5068,0.49961,0.86465,0.78615,0.83809,0.56891,1.13311,0.53461,0.8502,0,0,0,0,0,0,0,0,0,0,0,0,0,0,0,0,0,0,0,0,0,0,0,0,0,0,0,0,0,0,0,0.56891,0.000546143,0.000182048,0.000546143,0.000182048,0.000546143,0.000182048,0.000546143,0.000182048
583,57036.7,0.88107,0.44246,0.81849,0,0,0,0,0,0,0.1326,0.00201,0.0005,2e-05,0,0,0,0,0,0,0,0,0,0,0,0,0,0.51194,0.16076,0,0,0.50022,0.0634,0.50766,0.49995,0.8651,0.78601,0.83785,0.56886,1.13297,0.53459,0.85021,0,0,0,0,0,0,0,0,0,0,0,0,0,0,0,0,0,0,0,0,0,0,0,0,0,0,0,0,0,0,0,0.56886,0.000541731,0.000180577,0.000541731,0.000180577,0.000541731,0.000180577,0.000541731,0.000180577
584,57133.5,0.88991,0.44263,0.81486,0,0,0,0,0,0,0.13102,0.00201,0.00043,2e-05,0,0,0,0,0,0,0,0,0,0,0,0,0,0.52006,0.16161,0,0,0.50028,0.06353,0.50703,0.50003,0.86353,0.78631,0.83749,0.56897,1.1335,0.53436,0.85026,0,0,0,0,0,0,0,0,0,0,0,0,0,0,0,0,0,0,0,0,0,0,0,0,0,0,0,0,0,0,0,0.56897,0.000537334,0.000179111,0.000537334,0.000179111,0.000537334,0.000179111,0.000537334,0.000179111
585,57230.4,0.88128,0.44029,0.81594,0,0,0,0,0,0,0.13895,0.00198,0.00052,0,0,0,0,0,0,0,0,0,0,0,0,0,0,0.51854,0.1599,0,0,0.50036,0.0635,0.50741,0.5001,0.86317,0.78651,0.83839,0.56881,1.13345,0.53445,0.8503,0,0,0,0,0,0,0,0,0,0,0,0,0,0,0,0,0,0,0,0,0,0,0,0,0,0,0,0,0,0,0,0.56881,0.000532952,0.000177651,0.000532952,0.000177651,0.000532952,0.000177651,0.000532952,0.000177651
586,57331.7,0.88493,0.44191,0.81493,0,0,0,0,0,0,0.13959,0.00198,0.00044,0,0,0,0,0,0,0,0,0,0,0,0,0,0,0.51726,0.15974,0,0,0.50039,0.06357,0.50739,0.49989,0.86363,0.78601,0.83811,0.56879,1.1337,0.53462,0.85033,0,0,0,0,0,0,0,0,0,0,0,0,0,0,0,0,0,0,0,0,0,0,0,0,0,0,0,0,0,0,0,0.56879,0.000528585,0.000176195,0.000528585,0.000176195,0.000528585,0.000176195,0.000528585,0.000176195
587,57429.9,0.88221,0.44016,0.81583,0,0,0,0,0,0,0.13575,0.00199,0.00042,0,0,0,0,0,0,0,0,0,0,0,0,0,0,0.51771,0.15904,0,0,0.50017,0.06342,0.50761,0.49968,0.86313,0.7862,0.83784,0.56896,1.13444,0.53509,0.85041,0,0,0,0,0,0,0,0,0,0,0,0,0,0,0,0,0,0,0,0,0,0,0,0,0,0,0,0,0,0,0,0.56896,0.000524234,0.000174745,0.000524234,0.000174745,0.000524234,0.000174745,0.000524234,0.000174745
588,57527.4,0.88558,0.44437,0.81749,0,0,0,0,0,0,0.13623,0.00198,0.0005,2e-05,0,0,0,0,0,0,0,0,0,0,0,0,0,0.51525,0.15864,0,0,0.50029,0.06347,0.50747,0.50004,0.86419,0.78494,0.8371,0.56889,1.13465,0.53522,0.8505,0,0,0,0,0,0,0,0,0,0,0,0,0,0,0,0,0,0,0,0,0,0,0,0,0,0,0,0,0,0,0,0.56889,0.000519897,0.000173299,0.000519897,0.000173299,0.000519897,0.000173299,0.000519897,0.000173299
589,57627.2,0.88501,0.44212,0.81802,0,0,0,0,0,0,0.14285,0.00198,0.00045,0,0,0,0,0,0,0,0,0,0,0,0,0,0,0.52302,0.15999,0,0,0.50019,0.06351,0.50837,0.49993,0.86616,0.78407,0.83763,0.56871,1.13453,0.53528,0.8505,0,0,0,0,0,0,0,0,0,0,0,0,0,0,0,0,0,0,0,0,0,0,0,0,0,0,0,0,0,0,0,0.56871,0.000515576,0.000171859,0.000515576,0.000171859,0.000515576,0.000171859,0.000515576,0.000171859
590,57725.3,0.88353,0.43906,0.8162,0,0,0,0,0,0,0.13789,0.00196,0.00063,0,0,0,0,0,0,0,0,0,0,0,0,0,0,0.52296,0.16046,0,0,0.50034,0.06354,0.50806,0.50008,0.86426,0.78523,0.83726,0.56906,1.13466,0.53556,0.8505,0,0,0,0,0,0,0,0,0,0,0,0,0,0,0,0,0,0,0,0,0,0,0,0,0,0,0,0,0,0,0,0.56906,0.000511271,0.000170424,0.000511271,0.000170424,0.000511271,0.000170424,0.000511271,0.000170424
591,57822.8,0.87654,0.43869,0.81545,0,0,0,0,0,0,0.13385,0.00197,0.00048,0,0,0,0,0,0,0,0,0,0,0,0,0,0,0.52013,0.15931,0,0,0.50013,0.06345,0.50806,0.49986,0.86568,0.78478,0.8379,0.56914,1.13456,0.53541,0.85053,0,0,0,0,0,0,0,0,0,0,0,0,0,0,0,0,0,0,0,0,0,0,0,0,0,0,0,0,0,0,0,0.56914,0.000506981,0.000168994,0.000506981,0.000168994,0.000506981,0.000168994,0.000506981,0.000168994
592,57920.3,0.88032,0.4395,0.81684,0,0,0,0,0,0,0.13193,0.00197,0.00048,1e-05,0,0,0,0,0,0,0,0,0,0,0,0,0,0.51936,0.15713,0,0,0.50026,0.06349,0.50749,0.5,0.86501,0.78438,0.83766,0.56905,1.13464,0.53569,0.85045,0,0,0,0,0,0,0,0,0,0,0,0,0,0,0,0,0,0,0,0,0,0,0,0,0,0,0,0,0,0,0,0.56905,0.000502706,0.000167569,0.000502706,0.000167569,0.000502706,0.000167569,0.000502706,0.000167569
593,58019,0.87977,0.43872,0.81779,0,0,0,0,0,0,0.13915,0.00199,0.00049,1e-05,0,0,0,0,0,0,0,0,0,0,0,0,0,0.51477,0.15956,0,0,0.50027,0.06348,0.50776,0.5,0.86574,0.78492,0.83858,0.5692,1.13422,0.53561,0.85043,0,0,0,0,0,0,0,0,0,0,0,0,0,0,0,0,0,0,0,0,0,0,0,0,0,0,0,0,0,0,0,0.5692,0.000498448,0.000166149,0.000498448,0.000166149,0.000498448,0.000166149,0.000498448,0.000166149
594,58115.4,0.87434,0.43769,0.81572,0,0,0,0,0,0,0.1305,0.00198,0.00044,3e-05,0,0,0,0,0,0,0,0,0,0,0,0,0,0.52269,0.15985,0,0,0.50005,0.06343,0.50773,0.49955,0.86571,0.7847,0.83804,0.56889,1.13473,0.53552,0.8505,0,0,0,0,0,0,0,0,0,0,0,0,0,0,0,0,0,0,0,0,0,0,0,0,0,0,0,0,0,0,0,0.56889,0.000494204,0.000164735,0.000494204,0.000164735,0.000494204,0.000164735,0.000494204,0.000164735
595,58212.6,0.87917,0.43889,0.81634,0,0,0,0,0,0,0.13068,0.002,0.00062,0,0,0,0,0,0,0,0,0,0,0,0,0,0,0.52839,0.16073,0,0,0.50022,0.06348,0.5076,0.49995,0.86472,0.78469,0.83738,0.56892,1.13423,0.53565,0.85042,0,0,0,0,0,0,0,0,0,0,0,0,0,0,0,0,0,0,0,0,0,0,0,0,0,0,0,0,0,0,0,0.56892,0.000489977,0.000163326,0.000489977,0.000163326,0.000489977,0.000163326,0.000489977,0.000163326
596,58311.5,0.87653,0.43734,0.81497,0,0,0,0,0,0,0.13684,0.00198,0.00052,1e-05,0,0,0,0,0,0,0,0,0,0,0,0,0,0.52558,0.15973,0,0,0.50021,0.06349,0.50801,0.49995,0.86533,0.78477,0.83809,0.56896,1.13451,0.53601,0.85041,0,0,0,0,0,0,0,0,0,0,0,0,0,0,0,0,0,0,0,0,0,0,0,0,0,0,0,0,0,0,0,0.56896,0.000485765,0.000161922,0.000485765,0.000161922,0.000485765,0.000161922,0.000485765,0.000161922
597,58409.7,0.88068,0.4393,0.81644,0,0,0,0,0,0,0.14749,0.00199,0.00143,2e-05,0,0,0,0,0,0,0,0,0,0,0,0,0,0.52145,0.15987,0,0,0.50024,0.06351,0.50794,0.50001,0.86379,0.785,0.83755,0.56901,1.13443,0.53635,0.85044,0,0,0,0,0,0,0,0,0,0,0,0,0,0,0,0,0,0,0,0,0,0,0,0,0,0,0,0,0,0,0,0.56901,0.000481569,0.000160523,0.000481569,0.000160523,0.000481569,0.000160523,0.000481569,0.000160523
598,58510.8,0.88046,0.43826,0.81595,0,0,0,0,0,0,0.13603,0.00199,0.00077,0,0,0,0,0,0,0,0,0,0,0,0,0,0,0.52329,0.15894,0,0,0.50023,0.06341,0.50776,0.49998,0.86561,0.78447,0.8387,0.56927,1.13497,0.53658,0.85052,0,0,0,0,0,0,0,0,0,0,0,0,0,0,0,0,0,0,0,0,0,0,0,0,0,0,0,0,0,0,0,0.56927,0.00047739,0.00015913,0.00047739,0.00015913,0.00047739,0.00015913,0.00047739,0.00015913
599,58608.9,0.8806,0.43826,0.81611,0,0,0,0,0,0,0.15762,0.00197,0.00181,0,0,0,0,0,0,0,0,0,0,0,0,0,0,0.51815,0.1589,0,0,0.50019,0.06346,0.50795,0.49971,0.86399,0.78444,0.83822,0.56933,1.13485,0.53669,0.85056,0,0,0,0,0,0,0,0,0,0,0,0,0,0,0,0,0,0,0,0,0,0,0,0,0,0,0,0,0,0,0,0.56933,0.000473226,0.000157742,0.000473226,0.000157742,0.000473226,0.000157742,0.000473226,0.000157742
600,58705.7,0.87571,0.43793,0.81597,0,0,0,0,0,0,0.13348,0.00388,0.00108,2e-05,0,0,0,0,0,0,0,0,0,0,0,0,0,0.51798,0.15919,0,0,0.50028,0.06342,0.50735,0.49958,0.86344,0.78466,0.83814,0.56927,1.13415,0.53631,0.85052,0,0,0,0,0,0,0,0,0,0,0,0,0,0,0,0,0,0,0,0,0,0,0,0,0,0,0,0,0,0,0,0.56927,0.000469078,0.000156359,0.000469078,0.000156359,0.000469078,0.000156359,0.000469078,0.000156359
601,58800.4,0.8775,0.43811,0.81698,0,0,0,0,0,0,0.13623,0.00898,0.00084,2e-05,0,0,0,0,0,0,0,0,0,0,0,0,0,0.5193,0.16212,0,0,0.50025,0.06344,0.5076,0.5,0.86372,0.78485,0.83863,0.56936,1.13441,0.53669,0.85055,0,0,0,0,0,0,0,0,0,0,0,0,0,0,0,0,0,0,0,0,0,0,0,0,0,0,0,0,0,0,0,0.56936,0.000464946,0.000154982,0.000464946,0.000154982,0.000464946,0.000154982,0.000464946,0.000154982
602,58897.8,0.88061,0.43961,0.81598,0,0,0,0,0,0,0.13633,0.00898,0.00109,0,0,0,0,0,0,0,0,0,0,0,0,0,0,0.53378,0.16003,0,0,0.50024,0.06342,0.50835,0.49999,0.86279,0.78451,0.83814,0.56939,1.13451,0.53693,0.8505,0,0,0,0,0,0,0,0,0,0,0,0,0,0,0,0,0,0,0,0,0,0,0,0,0,0,0,0,0,0,0,0.56939,0.000460831,0.00015361,0.000460831,0.00015361,0.000460831,0.00015361,0.000460831,0.00015361
603,58997,0.88466,0.44009,0.81714,0,0,0,0,0,0,0.13208,0.00835,0.00092,4e-05,0,0,0,0,0,0,0,0,0,0,0,0,0,0.56346,0.15565,0,0,0.50027,0.06354,0.5082,0.50003,0.86316,0.78491,0.83856,0.5693,1.13344,0.53653,0.85052,0,0,0,0,0,0,0,0,0,0,0,0,0,0,0,0,0,0,0,0,0,0,0,0,0,0,0,0,0,0,0,0.5693,0.000456732,0.000152244,0.000456732,0.000152244,0.000456732,0.000152244,0.000456732,0.000152244
604,59094.5,0.87604,0.43731,0.8151,0,0,0,0,0,0,0.14016,0.0083,0.00128,1e-05,0,0,0,0,0,0,0,0,0,0,0,0,0,0.56022,0.15486,0,0,0.50036,0.06356,0.50828,0.49988,0.86291,0.7854,0.83819,0.56928,1.13362,0.53647,0.85052,0,0,0,0,0,0,0,0,0,0,0,0,0,0,0,0,0,0,0,0,0,0,0,0,0,0,0,0,0,0,0,0.56928,0.000452649,0.000150883,0.000452649,0.000150883,0.000452649,0.000150883,0.000452649,0.000150883
605,59193,0.87746,0.43898,0.81683,0,0,0,0,0,0,0.1518,0.00836,0.00178,3e-05,0,0,0,0,0,0,0,0,0,0,0,0,0,0.56334,0.15382,0,0,0.50022,0.0634,0.50864,0.49973,0.86366,0.7848,0.83858,0.56966,1.1331,0.5368,0.85047,0,0,0,0,0,0,0,0,0,0,0,0,0,0,0,0,0,0,0,0,0,0,0,0,0,0,0,0,0,0,0,0.56966,0.000448582,0.000149527,0.000448582,0.000149527,0.000448582,0.000149527,0.000448582,0.000149527
606,59294.6,0.8755,0.43597,0.81627,0,0,0,0,0,0,0.13715,0.0091,0.00209,3e-05,0,0,0,0,0,0,0,0,0,0,0,0,0,0.57066,0.15539,0,0,0.50026,0.06344,0.50632,0.4998,0.86289,0.78462,0.83819,0.56961,1.1333,0.5368,0.85046,0,0,0,0,0,0,0,0,0,0,0,0,0,0,0,0,0,0,0,0,0,0,0,0,0,0,0,0,0,0,0,0.56961,0.000444532,0.000148177,0.000444532,0.000148177,0.000444532,0.000148177,0.000444532,0.000148177
607,59404.7,0.87987,0.44009,0.81449,0,0,0,0,0,0,0.14175,0.01005,0.00192,0,0,0,0,0,0,0,0,0,0,0,0,0,0,0.5979,0.156,0,0,0.50025,0.06351,0.50745,0.49954,0.86075,0.78677,0.83838,0.56936,1.13366,0.53654,0.85055,0,0,0,0,0,0,0,0,0,0,0,0,0,0,0,0,0,0,0,0,0,0,0,0,0,0,0,0,0,0,0,0.56936,0.000440499,0.000146833,0.000440499,0.000146833,0.000440499,0.000146833,0.000440499,0.000146833
608,59502.9,0.87822,0.43848,0.81474,0,0,0,0,0,0,0.15364,0.01162,0.00147,1e-05,0,0,0,0,0,0,0,0,0,0,0,0,0,0.59042,0.155,0,0,0.50025,0.06354,0.50853,0.49977,0.8618,0.78576,0.83825,0.56933,1.13356,0.53676,0.85051,0,0,0,0,0,0,0,0,0,0,0,0,0,0,0,0,0,0,0,0,0,0,0,0,0,0,0,0,0,0,0,0.56933,0.000436482,0.000145494,0.000436482,0.000145494,0.000436482,0.000145494,0.000436482,0.000145494
609,59600.8,0.87283,0.43952,0.81466,0,0,0,0,0,0,0.13868,0.01449,0.0026,2e-05,0,0,0,0,0,0,0,0,0,0,0,0,0,0.58425,0.15477,0,0,0.50024,0.0635,0.50531,0.49929,0.86101,0.78433,0.83815,0.5693,1.13366,0.53677,0.85051,0,0,0,0,0,0,0,0,0,0,0,0,0,0,0,0,0,0,0,0,0,0,0,0,0,0,0,0,0,0,0,0.5693,0.000432482,0.000144161,0.000432482,0.000144161,0.000432482,0.000144161,0.000432482,0.000144161
610,59697.4,0.87242,0.4358,0.81618,0,0,0,0,0,0,0.14432,0.01617,0.0024,8e-05,0,0,0,0,0,0,0,0,0,0,0,0,0,0.57766,0.14927,0,0,0.50023,0.06337,0.5043,0.49907,0.86234,0.78577,0.83885,0.56949,1.13365,0.53686,0.85058,0,0,0,0,0,0,0,0,0,0,0,0,0,0,0,0,0,0,0,0,0,0,0,0,0,0,0,0,0,0,0,0.56949,0.000428498,0.000142833,0.000428498,0.000142833,0.000428498,0.000142833,0.000428498,0.000142833
611,59794.5,0.87607,0.43823,0.8144,0,0,0,0,0,0,0.14986,0.01686,0.00275,0.00012,0,0,0,0,0,0,0,0,0,0,0,0,0,0.5785,0.14435,0,0,0.50035,0.06349,0.50107,0.49873,0.86244,0.78469,0.83869,0.56955,1.13392,0.53715,0.85055,0,0,0,0,0,0,0,0,0,0,0,0,0,0,0,0,0,0,0,0,0,0,0,0,0,0,0,0,0,0,0,0.56955,0.000424531,0.00014151,0.000424531,0.00014151,0.000424531,0.00014151,0.000424531,0.00014151
612,59891.4,0.87675,0.43938,0.81599,0,0,0,0,0,0,0.13958,0.01692,0.00239,6e-05,0,0,0,0,0,0,0,0,0,0,0,0,0,0.58299,0.14228,0,0,0.50011,0.06341,0.50414,0.49869,0.86321,0.78444,0.839,0.56941,1.13393,0.53705,0.85053,0,0,0,0,0,0,0,0,0,0,0,0,0,0,0,0,0,0,0,0,0,0,0,0,0,0,0,0,0,0,0,0.56941,0.000420581,0.000140194,0.000420581,0.000140194,0.000420581,0.000140194,0.000420581,0.000140194
613,59987.8,0.87872,0.43918,0.81568,0,0,0,0,0,0,0.14081,0.01695,0.00274,2e-05,0,0,0,0,0,0,0,0,0,0,0,0,0,0.57562,0.13974,0,0,0.50015,0.06346,0.5037,0.49897,0.86274,0.78461,0.83863,0.56946,1.13422,0.53767,0.85056,0,0,0,0,0,0,0,0,0,0,0,0,0,0,0,0,0,0,0,0,0,0,0,0,0,0,0,0,0,0,0,0.56946,0.000416648,0.000138883,0.000416648,0.000138883,0.000416648,0.000138883,0.000416648,0.000138883
614,60085.5,0.87035,0.43644,0.81613,0,0,0,0,0,0,0.13968,0.01701,0.00264,4e-05,0,0,0,0,0,0,0,0,0,0,0,0,0,0.57735,0.14028,0,0,0.5002,0.06348,0.50526,0.49902,0.86263,0.7844,0.83917,0.5698,1.13299,0.53711,0.8504,0,0,0,0,0,0,0,0,0,0,0,0,0,0,0,0,0,0,0,0,0,0,0,0,0,0,0,0,0,0,0,0.5698,0.000412732,0.000137577,0.000412732,0.000137577,0.000412732,0.000137577,0.000412732,0.000137577
615,60181.7,0.87171,0.43842,0.81426,0,0,0,0,0,0,0.13995,0.01708,0.00175,3e-05,0,0,0,0,0,0,0,0,0,0,0,0,0,0.57878,0.13946,0,0,0.5002,0.06344,0.50638,0.49951,0.86228,0.78504,0.83894,0.56967,1.13289,0.5374,0.8504,0,0,0,0,0,0,0,0,0,0,0,0,0,0,0,0,0,0,0,0,0,0,0,0,0,0,0,0,0,0,0,0.56967,0.000408832,0.000136277,0.000408832,0.000136277,0.000408832,0.000136277,0.000408832,0.000136277
616,60278.2,0.87379,0.43963,0.81484,0,0,0,0,0,0,0.1604,0.01719,0.00202,0,0,0,0,0,0,0,0,0,0,0,0,0,0,0.57185,0.14003,0,0,0.50028,0.06348,0.50668,0.49956,0.86398,0.78346,0.83876,0.56968,1.13246,0.53723,0.8503,0,0,0,0,0,0,0,0,0,0,0,0,0,0,0,0,0,0,0,0,0,0,0,0,0,0,0,0,0,0,0,0.56968,0.00040495,0.000134983,0.00040495,0.000134983,0.00040495,0.000134983,0.00040495,0.000134983
617,60376.7,0.87284,0.44146,0.81574,0,0,0,0,0,0,0.14222,0.0173,0.00236,1e-05,0,0,0,0,0,0,0,0,0,0,0,0,0,0.57637,0.14396,0,0,0.50011,0.06337,0.5056,0.49963,0.86308,0.78364,0.83884,0.5694,1.13254,0.53747,0.85031,0,0,0,0,0,0,0,0,0,0,0,0,0,0,0,0,0,0,0,0,0,0,0,0,0,0,0,0,0,0,0,0.5694,0.000401085,0.000133695,0.000401085,0.000133695,0.000401085,0.000133695,0.000401085,0.000133695
618,60473.4,0.87406,0.44073,0.81509,0,0,0,0,0,0,0.14095,0.01739,0.00152,0,0,0,0,0,0,0,0,0,0,0,0,0,0,0.58092,0.1458,0,0,0.50023,0.06348,0.50837,0.49952,0.86333,0.78374,0.83892,0.56938,1.13274,0.5378,0.85033,0,0,0,0,0,0,0,0,0,0,0,0,0,0,0,0,0,0,0,0,0,0,0,0,0,0,0,0,0,0,0,0.56938,0.000397237,0.000132412,0.000397237,0.000132412,0.000397237,0.000132412,0.000397237,0.000132412
619,60574,0.87441,0.43895,0.81499,0,0,0,0,0,0,0.14069,0.01744,0.00146,3e-05,0,0,0,0,0,0,0,0,0,0,0,0,0,0.58033,0.14483,0,0,0.50023,0.06344,0.50815,0.49975,0.86322,0.78369,0.8389,0.56933,1.13284,0.53828,0.85036,0,0,0,0,0,0,0,0,0,0,0,0,0,0,0,0,0,0,0,0,0,0,0,0,0,0,0,0,0,0,0,0.56933,0.000393407,0.000131136,0.000393407,0.000131136,0.000393407,0.000131136,0.000393407,0.000131136
620,60675.9,0.87021,0.4364,0.81442,0,0,0,0,0,0,0.13459,0.01754,0.00196,0,0,0,0,0,0,0,0,0,0,0,0,0,0,0.59268,0.14977,0,0,0.50027,0.06352,0.5075,0.4998,0.86409,0.78317,0.83826,0.56926,1.1334,0.53842,0.85036,0,0,0,0,0,0,0,0,0,0,0,0,0,0,0,0,0,0,0,0,0,0,0,0,0,0,0,0,0,0,0,0.56926,0.000389593,0.000129864,0.000389593,0.000129864,0.000389593,0.000129864,0.000389593,0.000129864
621,60772.1,0.87218,0.43725,0.81452,0,0,0,0,0,0,0.1397,0.01764,0.00231,0,0,0,0,0,0,0,0,0,0,0,0,0,0,0.5932,0.1519,0,0,0.50041,0.06351,0.50666,0.49995,0.86383,0.78273,0.83774,0.56925,1.13378,0.53863,0.85041,0,0,0,0,0,0,0,0,0,0,0,0,0,0,0,0,0,0,0,0,0,0,0,0,0,0,0,0,0,0,0,0.56925,0.000385797,0.000128599,0.000385797,0.000128599,0.000385797,0.000128599,0.000385797,0.000128599
622,60869.7,0.87669,0.43907,0.8145,0,0,0,0,0,0,0.1454,0.01771,0.00226,0,0,0,0,0,0,0,0,0,0,0,0,0,0,0.59387,0.15504,0,0,0.50013,0.06347,0.50664,0.49942,0.86267,0.78262,0.83728,0.56943,1.13367,0.53911,0.85039,0,0,0,0,0,0,0,0,0,0,0,0,0,0,0,0,0,0,0,0,0,0,0,0,0,0,0,0,0,0,0,0.56943,0.000382019,0.00012734,0.000382019,0.00012734,0.000382019,0.00012734,0.000382019,0.00012734
623,60969.2,0.87161,0.43812,0.81406,0,0,0,0,0,0,0.15477,0.01778,0.00249,3e-05,0,0,0,0,0,0,0,0,0,0,0,0,0,0.59863,0.15737,0,0,0.50019,0.06345,0.5053,0.49949,0.86377,0.78288,0.83811,0.56945,1.1339,0.53913,0.85038,0,0,0,0,0,0,0,0,0,0,0,0,0,0,0,0,0,0,0,0,0,0,0,0,0,0,0,0,0,0,0,0.56945,0.000378257,0.000126086,0.000378257,0.000126086,0.000378257,0.000126086,0.000378257,0.000126086
624,61066,0.86923,0.43785,0.8146,0,0,0,0,0,0,0.13681,0.01786,0.00235,0,0,0,0,0,0,0,0,0,0,0,0,0,0,0.60434,0.16355,0,0,0.50016,0.06339,0.50536,0.49968,0.86454,0.78325,0.83858,0.56992,1.13413,0.5393,0.85041,0,0,0,0,0,0,0,0,0,0,0,0,0,0,0,0,0,0,0,0,0,0,0,0,0,0,0,0,0,0,0,0.56992,0.000374514,0.000124838,0.000374514,0.000124838,0.000374514,0.000124838,0.000374514,0.000124838
625,61164.9,0.87332,0.43812,0.81476,0,0,0,0,0,0,0.1389,0.01794,0.00229,0,0,0,0,0,0,0,0,0,0,0,0,0,0,0.60993,0.16491,0,0,0.50019,0.06352,0.50571,0.49926,0.86496,0.78338,0.83871,0.56983,1.13477,0.53979,0.85041,0,0,0,0,0,0,0,0,0,0,0,0,0,0,0,0,0,0,0,0,0,0,0,0,0,0,0,0,0,0,0,0.56983,0.000370788,0.000123596,0.000370788,0.000123596,0.000370788,0.000123596,0.000370788,0.000123596
626,61261.9,0.8689,0.43846,0.81626,0,0,0,0,0,0,0.15156,0.01804,0.00237,3e-05,0,0,0,0,0,0,0,0,0,0,0,0,0,0.61005,0.16277,0,0,0.50029,0.06347,0.50492,0.49912,0.86486,0.78294,0.83803,0.56933,1.13485,0.53996,0.85046,0,0,0,0,0,0,0,0,0,0,0,0,0,0,0,0,0,0,0,0,0,0,0,0,0,0,0,0,0,0,0,0.56933,0.000367079,0.00012236,0.000367079,0.00012236,0.000367079,0.00012236,0.000367079,0.00012236
627,61358.1,0.86961,0.43613,0.81603,0,0,0,0,0,0,0.14119,0.01807,0.00255,7e-05,0,0,0,0,0,0,0,0,0,0,0,0,0,0.59971,0.1556,0,0,0.50041,0.06359,0.50564,0.49903,0.86455,0.78242,0.83781,0.56909,1.13485,0.53984,0.85045,0,0,0,0,0,0,0,0,0,0,0,0,0,0,0,0,0,0,0,0,0,0,0,0,0,0,0,0,0,0,0,0.56909,0.000363389,0.00012113,0.000363389,0.00012113,0.000363389,0.00012113,0.000363389,0.00012113
628,61458.8,0.87428,0.43815,0.81687,0,0,0,0,0,0,0.14417,0.01808,0.00264,2e-05,0,0,0,0,0,0,0,0,0,0,0,0,0,0.59983,0.15464,0,0,0.50035,0.06352,0.50499,0.49965,0.8653,0.78227,0.83726,0.56889,1.13456,0.53997,0.8504,0,0,0,0,0,0,0,0,0,0,0,0,0,0,0,0,0,0,0,0,0,0,0,0,0,0,0,0,0,0,0,0.56889,0.000359716,0.000119905,0.000359716,0.000119905,0.000359716,0.000119905,0.000359716,0.000119905
629,61558.8,0.87154,0.43739,0.81457,0,0,0,0,0,0,0.14605,0.0182,0.00241,0,0,0,0,0,0,0,0,0,0,0,0,0,0,0.60774,0.15385,0,0,0.50021,0.0635,0.50393,0.49765,0.86514,0.78247,0.83778,0.56884,1.13487,0.54022,0.85038,0,0,0,0,0,0,0,0,0,0,0,0,0,0,0,0,0,0,0,0,0,0,0,0,0,0,0,0,0,0,0,0.56884,0.000356061,0.000118687,0.000356061,0.000118687,0.000356061,0.000118687,0.000356061,0.000118687
630,61653.6,0.86973,0.43768,0.8154,0,0,0,0,0,0,0.13542,0.01825,0.00239,1e-05,0,0,0,0,0,0,0,0,0,0,0,0,0,0.61344,0.15046,0,0,0.50009,0.06344,0.50422,0.49869,0.86413,0.78211,0.83691,0.56885,1.13495,0.54044,0.85033,0,0,0,0,0,0,0,0,0,0,0,0,0,0,0,0,0,0,0,0,0,0,0,0,0,0,0,0,0,0,0,0.56885,0.000352424,0.000117475,0.000352424,0.000117475,0.000352424,0.000117475,0.000352424,0.000117475
631,61749.8,0.86243,0.43381,0.81559,0,0,0,0,0,0,0.13737,0.01832,0.00282,0,0,0,0,0,0,0,0,0,0,0,0,0,0,0.60901,0.14856,0,0,0.5002,0.06351,0.50378,0.49859,0.86622,0.78159,0.83696,0.56867,1.1351,0.54049,0.8504,0,0,0,0,0,0,0,0,0,0,0,0,0,0,0,0,0,0,0,0,0,0,0,0,0,0,0,0,0,0,0,0.56867,0.000348804,0.000116268,0.000348804,0.000116268,0.000348804,0.000116268,0.000348804,0.000116268
632,61846.6,0.86608,0.43523,0.8152,0,0,0,0,0,0,0.13462,0.01828,0.00233,0,0,0,0,0,0,0,0,0,0,0,0,0,0,0.6088,0.14782,0,0,0.50023,0.06348,0.5035,0.4986,0.86584,0.78168,0.83701,0.56874,1.13494,0.54048,0.85033,0,0,0,0,0,0,0,0,0,0,0,0,0,0,0,0,0,0,0,0,0,0,0,0,0,0,0,0,0,0,0,0.56874,0.000345203,0.000115068,0.000345203,0.000115068,0.000345203,0.000115068,0.000345203,0.000115068
633,61945,0.87031,0.43812,0.81663,0,0,0,0,0,0,0.13516,0.0184,0.00265,5e-05,0,0,0,0,0,0,0,0,0,0,0,0,0,0.60432,0.14835,0,0,0.50025,0.06347,0.50555,0.49954,0.86628,0.78138,0.837,0.5687,1.13522,0.5408,0.85039,0,0,0,0,0,0,0,0,0,0,0,0,0,0,0,0,0,0,0,0,0,0,0,0,0,0,0,0,0,0,0,0.5687,0.00034162,0.000113873,0.00034162,0.000113873,0.00034162,0.000113873,0.00034162,0.000113873
634,62044.6,0.86613,0.43581,0.81327,0,0,0,0,0,0,0.14354,0.01651,0.00238,0,0,0,0,0,0,0,0,0,0,0,0,0,0,0.60756,0.14943,0,0,0.50028,0.06349,0.50579,0.49936,0.86695,0.78158,0.83699,0.56858,1.13573,0.54081,0.85045,0,0,0,0,0,0,0,0,0,0,0,0,0,0,0,0,0,0,0,0,0,0,0,0,0,0,0,0,0,0,0,0.56858,0.000338055,0.000112685,0.000338055,0.000112685,0.000338055,0.000112685,0.000338055,0.000112685
635,62141.3,0.86456,0.43594,0.81346,0,0,0,0,0,0,0.13805,0.01616,0.00247,0,0,0,0,0,0,0,0,0,0,0,0,0,0,0.60638,0.14931,0,0,0.50018,0.06335,0.50491,0.49877,0.86681,0.78129,0.83688,0.56869,1.1358,0.54081,0.85047,0,0,0,0,0,0,0,0,0,0,0,0,0,0,0,0,0,0,0,0,0,0,0,0,0,0,0,0,0,0,0,0.56869,0.000334508,0.000111503,0.000334508,0.000111503,0.000334508,0.000111503,0.000334508,0.000111503
636,62238.1,0.86194,0.4338,0.81528,0,0,0,0,0,0,0.14128,0.01726,0.00183,0,0,0,0,0,0,0,0,0,0,0,0,0,0,0.59803,0.15179,0,0,0.50019,0.06344,0.50803,0.49995,0.86692,0.78161,0.8372,0.56864,1.13627,0.54115,0.85052,0,0,0,0,0,0,0,0,0,0,0,0,0,0,0,0,0,0,0,0,0,0,0,0,0,0,0,0,0,0,0,0.56864,0.000330979,0.000110326,0.000330979,0.000110326,0.000330979,0.000110326,0.000330979,0.000110326
637,62335.5,0.86584,0.43521,0.81593,0,0,0,0,0,0,0.14465,0.01738,0.00244,2e-05,0,0,0,0,0,0,0,0,0,0,0,0,0,0.60651,0.15392,0,0,0.50027,0.06348,0.50484,0.49932,0.86687,0.78178,0.83693,0.56868,1.13637,0.54147,0.85053,0,0,0,0,0,0,0,0,0,0,0,0,0,0,0,0,0,0,0,0,0,0,0,0,0,0,0,0,0,0,0,0.56868,0.000327468,0.000109156,0.000327468,0.000109156,0.000327468,0.000109156,0.000327468,0.000109156
638,62432.9,0.86765,0.4374,0.8155,0,0,0,0,0,0,0.13603,0.0174,0.00168,0,0,0,0,0,0,0,0,0,0,0,0,0,0,0.60731,0.15477,0,0,0.50024,0.0635,0.50611,0.49977,0.86696,0.7819,0.83661,0.56862,1.13639,0.54148,0.85056,0,0,0,0,0,0,0,0,0,0,0,0,0,0,0,0,0,0,0,0,0,0,0,0,0,0,0,0,0,0,0,0.56862,0.000323976,0.000107992,0.000323976,0.000107992,0.000323976,0.000107992,0.000323976,0.000107992
639,62530.3,0.86116,0.43536,0.81468,0,0,0,0,0,0,0.13834,0.01744,0.00225,0,0,0,0,0,0,0,0,0,0,0,0,0,0,0.60896,0.15578,0,0,0.50011,0.0634,0.50602,0.49914,0.86534,0.78121,0.83645,0.56867,1.1362,0.54171,0.8505,0,0,0,0,0,0,0,0,0,0,0,0,0,0,0,0,0,0,0,0,0,0,0,0,0,0,0,0,0,0,0,0.56867,0.000320502,0.000106834,0.000320502,0.000106834,0.000320502,0.000106834,0.000320502,0.000106834
640,62626.3,0.86784,0.43678,0.81602,0,0,0,0,0,0,0.14006,0.01744,0.00221,3e-05,0,0,0,0,0,0,0,0,0,0,0,0,0,0.60566,0.15408,0,0,0.50018,0.06335,0.50654,0.4997,0.86659,0.7819,0.83677,0.56864,1.13649,0.54179,0.85056,0,0,0,0,0,0,0,0,0,0,0,0,0,0,0,0,0,0,0,0,0,0,0,0,0,0,0,0,0,0,0,0.56864,0.000317047,0.000105682,0.000317047,0.000105682,0.000317047,0.000105682,0.000317047,0.000105682
641,62723.2,0.86432,0.43383,0.81444,0,0,0,0,0,0,0.14079,0.01754,0.00225,0,0,0,0,0,0,0,0,0,0,0,0,0,0,0.60599,0.15138,0,0,0.5002,0.06338,0.5054,0.49928,0.86652,0.78151,0.83737,0.56862,1.13645,0.54189,0.85058,0,0,0,0,0,0,0,0,0,0,0,0,0,0,0,0,0,0,0,0,0,0,0,0,0,0,0,0,0,0,0,0.56862,0.00031361,0.000104537,0.00031361,0.000104537,0.00031361,0.000104537,0.00031361,0.000104537
642,62821.2,0.86534,0.43744,0.81514,0,0,0,0,0,0,0.14181,0.01763,0.00266,0,0,0,0,0,0,0,0,0,0,0,0,0,0,0.6052,0.15299,0,0,0.50021,0.06345,0.50381,0.49952,0.86608,0.78077,0.83631,0.56853,1.13649,0.54188,0.85056,0,0,0,0,0,0,0,0,0,0,0,0,0,0,0,0,0,0,0,0,0,0,0,0,0,0,0,0,0,0,0,0.56853,0.000310191,0.000103397,0.000310191,0.000103397,0.000310191,0.000103397,0.000310191,0.000103397
643,62918.3,0.86534,0.4346,0.81431,0,0,0,0,0,0,0.13686,0.01759,0.0027,3e-05,0,0,0,0,0,0,0,0,0,0,0,0,0,0.60662,0.15095,0,0,0.5004,0.06353,0.50567,0.49971,0.86621,0.78125,0.83664,0.56867,1.13661,0.54225,0.8506,0,0,0,0,0,0,0,0,0,0,0,0,0,0,0,0,0,0,0,0,0,0,0,0,0,0,0,0,0,0,0,0.56867,0.000306791,0.000102264,0.000306791,0.000102264,0.000306791,0.000102264,0.000306791,0.000102264
644,63016.9,0.86052,0.43219,0.81554,0,0,0,0,0,0,0.13744,0.01611,0.00211,2e-05,0,0,0,0,0,0,0,0,0,0,0,0,0,0.6051,0.15145,0,0,0.50029,0.06345,0.5074,0.49933,0.86781,0.7812,0.83712,0.56853,1.1365,0.54201,0.85059,0,0,0,0,0,0,0,0,0,0,0,0,0,0,0,0,0,0,0,0,0,0,0,0,0,0,0,0,0,0,0,0.56853,0.00030341,0.000101137,0.00030341,0.000101137,0.00030341,0.000101137,0.00030341,0.000101137
645,63114.1,0.86485,0.43524,0.8139,0,0,0,0,0,0,0.13783,0.01609,0.00213,0,0,0,0,0,0,0,0,0,0,0,0,0,0,0.60796,0.15354,0,0,0.50014,0.06347,0.50804,0.49966,0.86588,0.78172,0.83708,0.56878,1.13626,0.54204,0.85059,0,0,0,0,0,0,0,0,0,0,0,0,0,0,0,0,0,0,0,0,0,0,0,0,0,0,0,0,0,0,0,0.56878,0.000300048,0.000100016,0.000300048,0.000100016,0.000300048,0.000100016,0.000300048,0.000100016
646,63210.8,0.86289,0.43414,0.81553,0,0,0,0,0,0,0.14308,0.01612,0.00159,0,0,0,0,0,0,0,0,0,0,0,0,0,0,0.61018,0.15655,0,0,0.50024,0.06351,0.50775,0.49975,0.86811,0.78106,0.83667,0.56856,1.13691,0.54236,0.85059,0,0,0,0,0,0,0,0,0,0,0,0,0,0,0,0,0,0,0,0,0,0,0,0,0,0,0,0,0,0,0,0.56856,0.000296704,9.89013e-05,0.000296704,9.89013e-05,0.000296704,9.89013e-05,0.000296704,9.89013e-05
647,63306.2,0.86592,0.43714,0.81573,0,0,0,0,0,0,0.14034,0.01612,0.00209,0,0,0,0,0,0,0,0,0,0,0,0,0,0,0.60775,0.15899,0,0,0.50024,0.06353,0.50699,0.49954,0.86792,0.78131,0.83708,0.56866,1.13712,0.54269,0.85062,0,0,0,0,0,0,0,0,0,0,0,0,0,0,0,0,0,0,0,0,0,0,0,0,0,0,0,0,0,0,0,0.56866,0.000293379,9.77929e-05,0.000293379,9.77929e-05,0.000293379,9.77929e-05,0.000293379,9.77929e-05
648,63403.5,0.86424,0.43541,0.81209,0,0,0,0,0,0,0.12953,0.01606,0.00293,1e-05,0,0,0,0,0,0,0,0,0,0,0,0,0,0.61087,0.15786,0,0,0.50039,0.06342,0.50552,0.49945,0.87019,0.78108,0.83749,0.56894,1.13719,0.54321,0.85059,0,0,0,0,0,0,0,0,0,0,0,0,0,0,0,0,0,0,0,0,0,0,0,0,0,0,0,0,0,0,0,0.56894,0.000290073,9.66909e-05,0.000290073,9.66909e-05,0.000290073,9.66909e-05,0.000290073,9.66909e-05
649,63499.1,0.86551,0.43516,0.81545,0,0,0,0,0,0,0.13787,0.01604,0.00283,2e-05,0,0,0,0,0,0,0,0,0,0,0,0,0,0.60816,0.15923,0,0,0.50037,0.06346,0.50528,0.50014,0.86931,0.78057,0.83714,0.5687,1.13671,0.54322,0.85054,0,0,0,0,0,0,0,0,0,0,0,0,0,0,0,0,0,0,0,0,0,0,0,0,0,0,0,0,0,0,0,0.5687,0.000286785,9.55951e-05,0.000286785,9.55951e-05,0.000286785,9.55951e-05,0.000286785,9.55951e-05
650,63595.8,0.86174,0.43466,0.81437,0,0,0,0,0,0,0.14787,0.01605,0.00216,0,0,0,0,0,0,0,0,0,0,0,0,0,0,0.6089,0.15887,0,0,0.5003,0.06356,0.50578,0.49915,0.87016,0.78038,0.83745,0.5686,1.13681,0.54344,0.85056,0,0,0,0,0,0,0,0,0,0,0,0,0,0,0,0,0,0,0,0,0,0,0,0,0,0,0,0,0,0,0,0.5686,0.000283517,9.45057e-05,0.000283517,9.45057e-05,0.000283517,9.45057e-05,0.000283517,9.45057e-05
651,63694.4,0.86191,0.43205,0.81514,0,0,0,0,0,0,0.13967,0.01605,0.00165,0,0,0,0,0,0,0,0,0,0,0,0,0,0,0.6048,0.15787,0,0,0.50028,0.06346,0.50766,0.49934,0.86825,0.78054,0.83728,0.56878,1.13681,0.54347,0.85053,0,0,0,0,0,0,0,0,0,0,0,0,0,0,0,0,0,0,0,0,0,0,0,0,0,0,0,0,0,0,0,0.56878,0.000280268,9.34225e-05,0.000280268,9.34225e-05,0.000280268,9.34225e-05,0.000280268,9.34225e-05
652,63792,0.85942,0.43238,0.8156,0,0,0,0,0,0,0.13397,0.0143,0.00138,0,0,0,0,0,0,0,0,0,0,0,0,0,0,0.61115,0.16043,0,0,0.50018,0.06335,0.50793,0.4997,0.86862,0.78042,0.83759,0.56872,1.13687,0.54353,0.8506,0,0,0,0,0,0,0,0,0,0,0,0,0,0,0,0,0,0,0,0,0,0,0,0,0,0,0,0,0,0,0,0.56872,0.000277037,9.23458e-05,0.000277037,9.23458e-05,0.000277037,9.23458e-05,0.000277037,9.23458e-05
653,63889.8,0.8615,0.43341,0.8137,0,0,0,0,0,0,0.12834,0.01171,0.00131,0,0,0,0,0,0,0,0,0,0,0,0,0,0,0.60779,0.15955,0,0,0.50009,0.06347,0.50776,0.4996,0.86824,0.78017,0.83739,0.56908,1.13679,0.5439,0.85058,0,0,0,0,0,0,0,0,0,0,0,0,0,0,0,0,0,0,0,0,0,0,0,0,0,0,0,0,0,0,0,0.56908,0.000273826,9.12754e-05,0.000273826,9.12754e-05,0.000273826,9.12754e-05,0.000273826,9.12754e-05
654,63987.1,0.86411,0.43443,0.81497,0,0,0,0,0,0,0.14525,0.01167,0.00192,1e-05,0,0,0,0,0,0,0,0,0,0,0,0,0,0.6008,0.16025,0,0,0.50031,0.06351,0.50723,0.49961,0.86759,0.78043,0.83736,0.56931,1.1362,0.54369,0.85049,0,0,0,0,0,0,0,0,0,0,0,0,0,0,0,0,0,0,0,0,0,0,0,0,0,0,0,0,0,0,0,0.56931,0.000270634,9.02113e-05,0.000270634,9.02113e-05,0.000270634,9.02113e-05,0.000270634,9.02113e-05
655,64082,0.85745,0.43309,0.81423,0,0,0,0,0,0,0.14569,0.01165,0.00189,0,0,0,0,0,0,0,0,0,0,0,0,0,0,0.59787,0.15943,0,0,0.50019,0.06346,0.50751,0.49949,0.86828,0.78049,0.83765,0.56888,1.13635,0.54359,0.85054,0,0,0,0,0,0,0,0,0,0,0,0,0,0,0,0,0,0,0,0,0,0,0,0,0,0,0,0,0,0,0,0.56888,0.000267461,8.91537e-05,0.000267461,8.91537e-05,0.000267461,8.91537e-05,0.000267461,8.91537e-05
656,64180,0.86099,0.43201,0.81476,0,0,0,0,0,0,0.13948,0.01156,0.0022,0,0,0,0,0,0,0,0,0,0,0,0,0,0,0.57619,0.16218,0,0,0.50018,0.06338,0.50734,0.49994,0.86832,0.77992,0.83726,0.56894,1.13699,0.54426,0.85064,0,0,0,0,0,0,0,0,0,0,0,0,0,0,0,0,0,0,0,0,0,0,0,0,0,0,0,0,0,0,0,0.56894,0.000264307,8.81025e-05,0.000264307,8.81025e-05,0.000264307,8.81025e-05,0.000264307,8.81025e-05
657,64280.7,0.86134,0.43241,0.8164,0,0,0,0,0,0,0.14252,0.01152,0.0017,0,0,0,0,0,0,0,0,0,0,0,0,0,0,0.56173,0.16214,0,0,0.50024,0.0634,0.50707,0.5,0.8688,0.78014,0.83779,0.56879,1.13706,0.54448,0.85063,0,0,0,0,0,0,0,0,0,0,0,0,0,0,0,0,0,0,0,0,0,0,0,0,0,0,0,0,0,0,0,0.56879,0.000261173,8.70577e-05,0.000261173,8.70577e-05,0.000261173,8.70577e-05,0.000261173,8.70577e-05
658,64381.4,0.86403,0.434,0.81382,0,0,0,0,0,0,0.13523,0.01153,0.00115,0,0,0,0,0,0,0,0,0,0,0,0,0,0,0.56367,0.16491,0,0,0.50018,0.06343,0.50818,0.49992,0.8682,0.77995,0.83716,0.56865,1.1372,0.54449,0.85065,0,0,0,0,0,0,0,0,0,0,0,0,0,0,0,0,0,0,0,0,0,0,0,0,0,0,0,0,0,0,0,0.56865,0.000258058,8.60193e-05,0.000258058,8.60193e-05,0.000258058,8.60193e-05,0.000258058,8.60193e-05
659,64483.3,0.86012,0.43107,0.81309,0,0,0,0,0,0,0.13236,0.01155,0.00097,0,0,0,0,0,0,0,0,0,0,0,0,0,0,0.57085,0.16844,0,0,0.50019,0.0634,0.50867,0.49971,0.86928,0.77991,0.83736,0.5688,1.13703,0.54441,0.85064,0,0,0,0,0,0,0,0,0,0,0,0,0,0,0,0,0,0,0,0,0,0,0,0,0,0,0,0,0,0,0,0.5688,0.000254962,8.49874e-05,0.000254962,8.49874e-05,0.000254962,8.49874e-05,0.000254962,8.49874e-05
660,64585.1,0.86547,0.43562,0.81389,0,0,0,0,0,0,0.12488,0.01153,0.00162,2e-05,0,0,0,0,0,0,0,0,0,0,0,0,0,0.56975,0.16696,0,0,0.5004,0.06357,0.50796,0.49993,0.87069,0.78013,0.83774,0.56879,1.13689,0.54447,0.85061,0,0,0,0,0,0,0,0,0,0,0,0,0,0,0,0,0,0,0,0,0,0,0,0,0,0,0,0,0,0,0,0.56879,0.000251886,8.3962e-05,0.000251886,8.3962e-05,0.000251886,8.3962e-05,0.000251886,8.3962e-05
661,64682.3,0.86466,0.43639,0.81492,0,0,0,0,0,0,0.13372,0.0055,0.00176,3e-05,0,0,0,0,0,0,0,0,0,0,0,0,0,0.55942,0.17094,0,0,0.50028,0.06353,0.5085,0.50004,0.86782,0.78106,0.83834,0.56846,1.13691,0.54466,0.85057,0,0,0,0,0,0,0,0,0,0,0,0,0,0,0,0,0,0,0,0,0,0,0,0,0,0,0,0,0,0,0,0.56846,0.000248829,8.29431e-05,0.000248829,8.29431e-05,0.000248829,8.29431e-05,0.000248829,8.29431e-05
662,64781.9,0.85739,0.43103,0.81525,0,0,0,0,0,0,0.12151,0.00335,0.00098,0,0,0,0,0,0,0,0,0,0,0,0,0,0,0.54328,0.16825,0,0,0.50018,0.06343,0.50922,0.49992,0.86707,0.78037,0.83719,0.56854,1.13675,0.54479,0.85055,0,0,0,0,0,0,0,0,0,0,0,0,0,0,0,0,0,0,0,0,0,0,0,0,0,0,0,0,0,0,0,0.56854,0.000245792,8.19307e-05,0.000245792,8.19307e-05,0.000245792,8.19307e-05,0.000245792,8.19307e-05
663,64878.3,0.85663,0.43106,0.81376,0,0,0,0,0,0,0.13155,0.00369,0.00072,0,0,0,0,0,0,0,0,0,0,0,0,0,0,0.53403,0.16767,0,0,0.50024,0.06351,0.50783,0.49998,0.86727,0.78007,0.83727,0.5685,1.13711,0.54501,0.85062,0,0,0,0,0,0,0,0,0,0,0,0,0,0,0,0,0,0,0,0,0,0,0,0,0,0,0,0,0,0,0,0.5685,0.000242774,8.09248e-05,0.000242774,8.09248e-05,0.000242774,8.09248e-05,0.000242774,8.09248e-05
664,64980,0.85626,0.43118,0.81312,0,0,0,0,0,0,0.13512,0.00375,0.00076,0,0,0,0,0,0,0,0,0,0,0,0,0,0,0.54134,0.1674,0,0,0.50017,0.06344,0.50893,0.49992,0.86863,0.77972,0.83794,0.56907,1.13681,0.5448,0.85057,0,0,0,0,0,0,0,0,0,0,0,0,0,0,0,0,0,0,0,0,0,0,0,0,0,0,0,0,0,0,0,0.56907,0.000239776,7.99255e-05,0.000239776,7.99255e-05,0.000239776,7.99255e-05,0.000239776,7.99255e-05
665,65078.1,0.86072,0.43363,0.81369,0,0,0,0,0,0,0.13496,0.00384,0.00103,0,0,0,0,0,0,0,0,0,0,0,0,0,0,0.54359,0.16661,0,0,0.50029,0.06348,0.50846,0.49982,0.86919,0.78,0.83792,0.56903,1.13692,0.54534,0.85057,0,0,0,0,0,0,0,0,0,0,0,0,0,0,0,0,0,0,0,0,0,0,0,0,0,0,0,0,0,0,0,0.56903,0.000236798,7.89327e-05,0.000236798,7.89327e-05,0.000236798,7.89327e-05,0.000236798,7.89327e-05
666,65178.5,0.85191,0.43039,0.81496,0,0,0,0,0,0,0.12296,0.00384,0.00128,0,0,0,0,0,0,0,0,0,0,0,0,0,0,0.5431,0.16799,0,0,0.50022,0.06346,0.50763,0.49998,0.86942,0.77994,0.83791,0.56879,1.1372,0.54522,0.85065,0,0,0,0,0,0,0,0,0,0,0,0,0,0,0,0,0,0,0,0,0,0,0,0,0,0,0,0,0,0,0,0.56879,0.000233839,7.79465e-05,0.000233839,7.79465e-05,0.000233839,7.79465e-05,0.000233839,7.79465e-05
667,65277.4,0.85845,0.43141,0.81426,0,0,0,0,0,0,0.1251,0.00383,0.00082,0,0,0,0,0,0,0,0,0,0,0,0,0,0,0.54841,0.16318,0,0,0.50023,0.06346,0.50746,0.49973,0.87021,0.77977,0.83774,0.56903,1.13708,0.54543,0.85061,0,0,0,0,0,0,0,0,0,0,0,0,0,0,0,0,0,0,0,0,0,0,0,0,0,0,0,0,0,0,0,0.56903,0.000230901,7.69668e-05,0.000230901,7.69668e-05,0.000230901,7.69668e-05,0.000230901,7.69668e-05
668,65375.7,0.85368,0.42995,0.81432,0,0,0,0,0,0,0.12981,0.00387,0.00056,0,0,0,0,0,0,0,0,0,0,0,0,0,0,0.5446,0.16136,0,0,0.50022,0.06347,0.50823,0.49974,0.8705,0.77922,0.83746,0.56876,1.137,0.54549,0.85064,0,0,0,0,0,0,0,0,0,0,0,0,0,0,0,0,0,0,0,0,0,0,0,0,0,0,0,0,0,0,0,0.56876,0.000227981,7.59938e-05,0.000227981,7.59938e-05,0.000227981,7.59938e-05,0.000227981,7.59938e-05
669,65473.6,0.85,0.42763,0.81233,0,0,0,0,0,0,0.1205,0.00402,0.00068,0,0,0,0,0,0,0,0,0,0,0,0,0,0,0.54071,0.16093,0,0,0.50014,0.06338,0.50829,0.49965,0.87051,0.78052,0.83832,0.56917,1.13721,0.54588,0.85063,0,0,0,0,0,0,0,0,0,0,0,0,0,0,0,0,0,0,0,0,0,0,0,0,0,0,0,0,0,0,0,0.56917,0.000225082,7.50274e-05,0.000225082,7.50274e-05,0.000225082,7.50274e-05,0.000225082,7.50274e-05
670,65571.8,0.85773,0.43047,0.8159,0,0,0,0,0,0,0.13206,0.00315,0.00081,0,0,0,0,0,0,0,0,0,0,0,0,0,0,0.54177,0.16204,0,0,0.50024,0.06345,0.50736,0.5,0.87047,0.78109,0.83856,0.56909,1.13687,0.54601,0.85054,0,0,0,0,0,0,0,0,0,0,0,0,0,0,0,0,0,0,0,0,0,0,0,0,0,0,0,0,0,0,0,0.56909,0.000222203,7.40676e-05,0.000222203,7.40676e-05,0.000222203,7.40676e-05,0.000222203,7.40676e-05
671,65668.7,0.85531,0.43069,0.81392,0,0,0,0,0,0,0.12673,0.0023,0.00056,0,0,0,0,0,0,0,0,0,0,0,0,0,0,0.53761,0.16045,0,0,0.50021,0.06347,0.50832,0.49995,0.87135,0.78054,0.83877,0.56923,1.13736,0.54601,0.85063,0,0,0,0,0,0,0,0,0,0,0,0,0,0,0,0,0,0,0,0,0,0,0,0,0,0,0,0,0,0,0,0.56923,0.000219343,7.31145e-05,0.000219343,7.31145e-05,0.000219343,7.31145e-05,0.000219343,7.31145e-05
672,65771.4,0.85959,0.4325,0.81318,0,0,0,0,0,0,0.127,0.00217,0.00059,0,0,0,0,0,0,0,0,0,0,0,0,0,0,0.54045,0.15967,0,0,0.50021,0.06345,0.50826,0.4997,0.87006,0.78114,0.83868,0.56945,1.13693,0.54651,0.85062,0,0,0,0,0,0,0,0,0,0,0,0,0,0,0,0,0,0,0,0,0,0,0,0,0,0,0,0,0,0,0,0.56945,0.000216504,7.2168e-05,0.000216504,7.2168e-05,0.000216504,7.2168e-05,0.000216504,7.2168e-05
673,65870.7,0.8609,0.43249,0.81287,0,0,0,0,0,0,0.12754,0.00213,0.00075,0,0,0,0,0,0,0,0,0,0,0,0,0,0,0.53094,0.16014,0,0,0.50016,0.06342,0.50887,0.4999,0.8694,0.7808,0.83786,0.56885,1.13728,0.54623,0.85064,0,0,0,0,0,0,0,0,0,0,0,0,0,0,0,0,0,0,0,0,0,0,0,0,0,0,0,0,0,0,0,0.56885,0.000213685,7.12282e-05,0.000213685,7.12282e-05,0.000213685,7.12282e-05,0.000213685,7.12282e-05
674,65972,0.85912,0.43037,0.81318,0,0,0,0,0,0,0.13025,0.00211,0.00063,0,0,0,0,0,0,0,0,0,0,0,0,0,0,0.52768,0.16004,0,0,0.50024,0.06356,0.50726,0.49999,0.86872,0.78114,0.83796,0.56914,1.13724,0.54627,0.85063,0,0,0,0,0,0,0,0,0,0,0,0,0,0,0,0,0,0,0,0,0,0,0,0,0,0,0,0,0,0,0,0.56914,0.000210885,7.02951e-05,0.000210885,7.02951e-05,0.000210885,7.02951e-05,0.000210885,7.02951e-05
675,66069.8,0.848,0.42854,0.81538,0,0,0,0,0,0,0.12277,0.0021,0.00078,0,0,0,0,0,0,0,0,0,0,0,0,0,0,0.52315,0.15982,0,0,0.50015,0.06346,0.50883,0.49988,0.87064,0.78065,0.83812,0.56892,1.13737,0.54662,0.85064,0,0,0,0,0,0,0,0,0,0,0,0,0,0,0,0,0,0,0,0,0,0,0,0,0,0,0,0,0,0,0,0.56892,0.000208106,6.93687e-05,0.000208106,6.93687e-05,0.000208106,6.93687e-05,0.000208106,6.93687e-05
676,66169.9,0.85346,0.42849,0.8126,0,0,0,0,0,0,0.12533,0.00206,0.00062,1e-05,0,0,0,0,0,0,0,0,0,0,0,0,0,0.52997,0.16148,0,0,0.50037,0.06355,0.50875,0.50011,0.8683,0.781,0.83839,0.56897,1.13735,0.54623,0.85067,0,0,0,0,0,0,0,0,0,0,0,0,0,0,0,0,0,0,0,0,0,0,0,0,0,0,0,0,0,0,0,0.56897,0.000205347,6.8449e-05,0.000205347,6.8449e-05,0.000205347,6.8449e-05,0.000205347,6.8449e-05
677,66268.3,0.86263,0.43397,0.81407,0,0,0,0,0,0,0.12469,0.00205,0.00058,0,0,0,0,0,0,0,0,0,0,0,0,0,0,0.5264,0.16001,0,0,0.50026,0.06357,0.50869,0.49976,0.86751,0.7804,0.83803,0.56889,1.13748,0.54648,0.85067,0,0,0,0,0,0,0,0,0,0,0,0,0,0,0,0,0,0,0,0,0,0,0,0,0,0,0,0,0,0,0,0.56889,0.000202608,6.7536e-05,0.000202608,6.7536e-05,0.000202608,6.7536e-05,0.000202608,6.7536e-05
678,66364.3,0.85148,0.43051,0.8139,0,0,0,0,0,0,0.12475,0.00205,0.00073,0,0,0,0,0,0,0,0,0,0,0,0,0,0,0.52596,0.16117,0,0,0.50031,0.06348,0.5085,0.50006,0.87026,0.77945,0.83799,0.56896,1.13747,0.54687,0.85065,0,0,0,0,0,0,0,0,0,0,0,0,0,0,0,0,0,0,0,0,0,0,0,0,0,0,0,0,0,0,0,0.56896,0.000199889,6.66298e-05,0.000199889,6.66298e-05,0.000199889,6.66298e-05,0.000199889,6.66298e-05
679,66463.1,0.85417,0.43049,0.81243,0,0,0,0,0,0,0.12193,0.00204,0.00068,0,0,0,0,0,0,0,0,0,0,0,0,0,0,0.522,0.16203,0,0,0.50011,0.06337,0.50786,0.49961,0.87004,0.78002,0.83807,0.56908,1.13722,0.54646,0.85065,0,0,0,0,0,0,0,0,0,0,0,0,0,0,0,0,0,0,0,0,0,0,0,0,0,0,0,0,0,0,0,0.56908,0.000197191,6.57303e-05,0.000197191,6.57303e-05,0.000197191,6.57303e-05,0.000197191,6.57303e-05
680,66562,0.85091,0.42699,0.81395,0,0,0,0,0,0,0.12408,0.00204,0.00049,0,0,0,0,0,0,0,0,0,0,0,0,0,0,0.52653,0.16297,0,0,0.50032,0.06353,0.50833,0.50006,0.86997,0.77966,0.83843,0.56927,1.13693,0.54651,0.85063,0,0,0,0,0,0,0,0,0,0,0,0,0,0,0,0,0,0,0,0,0,0,0,0,0,0,0,0,0,0,0,0.56927,0.000194513,6.48377e-05,0.000194513,6.48377e-05,0.000194513,6.48377e-05,0.000194513,6.48377e-05
681,66661.2,0.85578,0.43101,0.81431,0,0,0,0,0,0,0.13665,0.00205,0.00055,0,0,0,0,0,0,0,0,0,0,0,0,0,0,0.52278,0.16223,0,0,0.50025,0.0635,0.5087,0.49975,0.86932,0.78045,0.83822,0.5693,1.13701,0.54659,0.85063,0,0,0,0,0,0,0,0,0,0,0,0,0,0,0,0,0,0,0,0,0,0,0,0,0,0,0,0,0,0,0,0.5693,0.000191855,6.39518e-05,0.000191855,6.39518e-05,0.000191855,6.39518e-05,0.000191855,6.39518e-05
682,66759.7,0.85743,0.43105,0.81367,0,0,0,0,0,0,0.1229,0.00204,0.00076,0,0,0,0,0,0,0,0,0,0,0,0,0,0,0.5213,0.16122,0,0,0.50034,0.06349,0.509,0.50009,0.86976,0.78069,0.83863,0.56917,1.13731,0.54691,0.85063,0,0,0,0,0,0,0,0,0,0,0,0,0,0,0,0,0,0,0,0,0,0,0,0,0,0,0,0,0,0,0,0.56917,0.000189218,6.30727e-05,0.000189218,6.30727e-05,0.000189218,6.30727e-05,0.000189218,6.30727e-05
683,66857.4,0.85655,0.43037,0.81439,0,0,0,0,0,0,0.12624,0.00204,0.00072,0,0,0,0,0,0,0,0,0,0,0,0,0,0,0.51703,0.1599,0,0,0.50031,0.06356,0.50798,0.50005,0.87155,0.78015,0.8386,0.56931,1.13744,0.54711,0.85074,0,0,0,0,0,0,0,0,0,0,0,0,0,0,0,0,0,0,0,0,0,0,0,0,0,0,0,0,0,0,0,0.56931,0.000186601,6.22004e-05,0.000186601,6.22004e-05,0.000186601,6.22004e-05,0.000186601,6.22004e-05
684,66954.4,0.85348,0.42943,0.81406,0,0,0,0,0,0,0.13033,0.00203,0.00062,1e-05,0,0,0,0,0,0,0,0,0,0,0,0,0,0.52074,0.16041,0,0,0.50038,0.06351,0.50856,0.50014,0.87242,0.77979,0.83889,0.56952,1.13702,0.54701,0.85067,0,0,0,0,0,0,0,0,0,0,0,0,0,0,0,0,0,0,0,0,0,0,0,0,0,0,0,0,0,0,0,0.56952,0.000184005,6.1335e-05,0.000184005,6.1335e-05,0.000184005,6.1335e-05,0.000184005,6.1335e-05
685,67052.5,0.85461,0.42743,0.81539,0,0,0,0,0,0,0.1255,0.00203,0.00075,0,0,0,0,0,0,0,0,0,0,0,0,0,0,0.51528,0.16051,0,0,0.50026,0.06349,0.50759,0.49978,0.87254,0.77951,0.83873,0.56932,1.13667,0.54675,0.85066,0,0,0,0,0,0,0,0,0,0,0,0,0,0,0,0,0,0,0,0,0,0,0,0,0,0,0,0,0,0,0,0.56932,0.000181429,6.04763e-05,0.000181429,6.04763e-05,0.000181429,6.04763e-05,0.000181429,6.04763e-05
686,67150.7,0.85883,0.42987,0.81165,0,0,0,0,0,0,0.12457,0.00203,0.00061,1e-05,0,0,0,0,0,0,0,0,0,0,0,0,0,0.51915,0.16114,0,0,0.50022,0.06347,0.50775,0.49996,0.87273,0.77991,0.83897,0.56935,1.13618,0.54629,0.85067,0,0,0,0,0,0,0,0,0,0,0,0,0,0,0,0,0,0,0,0,0,0,0,0,0,0,0,0,0,0,0,0.56935,0.000178874,5.96246e-05,0.000178874,5.96246e-05,0.000178874,5.96246e-05,0.000178874,5.96246e-05
687,67250.9,0.85386,0.42733,0.81559,0,0,0,0,0,0,0.13248,0.00203,0.00066,0,0,0,0,0,0,0,0,0,0,0,0,0,0,0.52127,0.16164,0,0,0.50037,0.0635,0.50923,0.50012,0.87059,0.77999,0.83831,0.56952,1.13646,0.54649,0.85066,0,0,0,0,0,0,0,0,0,0,0,0,0,0,0,0,0,0,0,0,0,0,0,0,0,0,0,0,0,0,0,0.56952,0.000176339,5.87797e-05,0.000176339,5.87797e-05,0.000176339,5.87797e-05,0.000176339,5.87797e-05
688,67352.1,0.8572,0.42986,0.81349,0,0,0,0,0,0,0.14179,0.00201,0.00067,0,0,0,0,0,0,0,0,0,0,0,0,0,0,0.51713,0.16133,0,0,0.50027,0.06357,0.50813,0.49976,0.872,0.77979,0.83839,0.56929,1.13622,0.54623,0.85064,0,0,0,0,0,0,0,0,0,0,0,0,0,0,0,0,0,0,0,0,0,0,0,0,0,0,0,0,0,0,0,0.56929,0.000173825,5.79417e-05,0.000173825,5.79417e-05,0.000173825,5.79417e-05,0.000173825,5.79417e-05
689,67466.5,0.85116,0.42787,0.81344,0,0,0,0,0,0,0.12527,0.00203,0.00051,0,0,0,0,0,0,0,0,0,0,0,0,0,0,0.51677,0.16177,0,0,0.50031,0.0635,0.50824,0.50006,0.87191,0.78032,0.83775,0.56952,1.13606,0.54614,0.85061,0,0,0,0,0,0,0,0,0,0,0,0,0,0,0,0,0,0,0,0,0,0,0,0,0,0,0,0,0,0,0,0.56952,0.000171332,5.71106e-05,0.000171332,5.71106e-05,0.000171332,5.71106e-05,0.000171332,5.71106e-05
690,67578,0.8509,0.42576,0.81215,0,0,0,0,0,0,0.12308,0.00203,0.00055,0,0,0,0,0,0,0,0,0,0,0,0,0,0,0.526,0.16188,0,0,0.50025,0.06348,0.50882,0.49999,0.87201,0.7799,0.8385,0.56928,1.13605,0.54604,0.85064,0,0,0,0,0,0,0,0,0,0,0,0,0,0,0,0,0,0,0,0,0,0,0,0,0,0,0,0,0,0,0,0.56928,0.000168859,5.62864e-05,0.000168859,5.62864e-05,0.000168859,5.62864e-05,0.000168859,5.62864e-05
691,67682.1,0.85582,0.43104,0.81507,0,0,0,0,0,0,0.12955,0.00204,0.00053,0,0,0,0,0,0,0,0,0,0,0,0,0,0,0.51771,0.16156,0,0,0.50027,0.06351,0.50796,0.50002,0.87211,0.77938,0.83846,0.56953,1.13611,0.54622,0.85063,0,0,0,0,0,0,0,0,0,0,0,0,0,0,0,0,0,0,0,0,0,0,0,0,0,0,0,0,0,0,0,0.56953,0.000166407,5.54691e-05,0.000166407,5.54691e-05,0.000166407,5.54691e-05,0.000166407,5.54691e-05
692,67806.1,0.85365,0.42906,0.81638,0,0,0,0,0,0,0.12102,0.00204,0.00051,0,0,0,0,0,0,0,0,0,0,0,0,0,0,0.51749,0.16072,0,0,0.50016,0.06342,0.50709,0.49966,0.87396,0.7797,0.83885,0.56954,1.13605,0.5463,0.85062,0,0,0,0,0,0,0,0,0,0,0,0,0,0,0,0,0,0,0,0,0,0,0,0,0,0,0,0,0,0,0,0.56954,0.000163976,5.46588e-05,0.000163976,5.46588e-05,0.000163976,5.46588e-05,0.000163976,5.46588e-05
693,67905.4,0.85662,0.43017,0.81266,0,0,0,0,0,0,0.12508,0.00202,0.00067,1e-05,0,0,0,0,0,0,0,0,0,0,0,0,0,0.51575,0.16044,0,0,0.50018,0.06334,0.50669,0.49993,0.87282,0.77928,0.83847,0.56985,1.13552,0.54606,0.85053,0,0,0,0,0,0,0,0,0,0,0,0,0,0,0,0,0,0,0,0,0,0,0,0,0,0,0,0,0,0,0,0.56985,0.000161566,5.38554e-05,0.000161566,5.38554e-05,0.000161566,5.38554e-05,0.000161566,5.38554e-05
694,68005.4,0.85236,0.42872,0.81226,0,0,0,0,0,0,0.12402,0.00203,0.00061,0,0,0,0,0,0,0,0,0,0,0,0,0,0,0.51646,0.15993,0,0,0.50018,0.06345,0.50706,0.49993,0.87154,0.77895,0.83743,0.56961,1.13468,0.54591,0.85047,0,0,0,0,0,0,0,0,0,0,0,0,0,0,0,0,0,0,0,0,0,0,0,0,0,0,0,0,0,0,0,0.56961,0.000159177,5.30589e-05,0.000159177,5.30589e-05,0.000159177,5.30589e-05,0.000159177,5.30589e-05
695,68106.6,0.84993,0.4267,0.81463,0,0,0,0,0,0,0.1371,0.00204,0.00039,0,0,0,0,0,0,0,0,0,0,0,0,0,0,0.5181,0.16011,0,0,0.50025,0.06341,0.5074,0.49999,0.87211,0.7796,0.83838,0.57013,1.13396,0.54554,0.85045,0,0,0,0,0,0,0,0,0,0,0,0,0,0,0,0,0,0,0,0,0,0,0,0,0,0,0,0,0,0,0,0.57013,0.000156808,5.22695e-05,0.000156808,5.22695e-05,0.000156808,5.22695e-05,0.000156808,5.22695e-05
696,68205.2,0.84794,0.42699,0.81322,0,0,0,0,0,0,0.13814,0.00202,0.00044,0,0,0,0,0,0,0,0,0,0,0,0,0,0,0.5129,0.15986,0,0,0.50029,0.06346,0.50742,0.50004,0.87195,0.77937,0.83788,0.56993,1.13409,0.5458,0.85048,0,0,0,0,0,0,0,0,0,0,0,0,0,0,0,0,0,0,0,0,0,0,0,0,0,0,0,0,0,0,0,0.56993,0.000154461,5.1487e-05,0.000154461,5.1487e-05,0.000154461,5.1487e-05,0.000154461,5.1487e-05
697,68303,0.84931,0.42863,0.81294,0,0,0,0,0,0,0.12933,0.00202,0.00066,0,0,0,0,0,0,0,0,0,0,0,0,0,0,0.51809,0.1599,0,0,0.50039,0.06346,0.50577,0.50012,0.87239,0.77982,0.83871,0.57001,1.13388,0.54554,0.85042,0,0,0,0,0,0,0,0,0,0,0,0,0,0,0,0,0,0,0,0,0,0,0,0,0,0,0,0,0,0,0,0.57001,0.000152134,5.07115e-05,0.000152134,5.07115e-05,0.000152134,5.07115e-05,0.000152134,5.07115e-05
698,68399.3,0.84646,0.42917,0.8134,0,0,0,0,0,0,0.12259,0.00202,0.00052,0,0,0,0,0,0,0,0,0,0,0,0,0,0,0.5137,0.15838,0,0,0.50025,0.06344,0.50731,0.49976,0.87269,0.78034,0.83876,0.57013,1.1338,0.54509,0.85043,0,0,0,0,0,0,0,0,0,0,0,0,0,0,0,0,0,0,0,0,0,0,0,0,0,0,0,0,0,0,0,0.57013,0.000149829,4.9943e-05,0.000149829,4.9943e-05,0.000149829,4.9943e-05,0.000149829,4.9943e-05
699,68496.7,0.85165,0.42874,0.81413,0,0,0,0,0,0,0.1269,0.00201,0.00053,0,0,0,0,0,0,0,0,0,0,0,0,0,0,0.51236,0.15866,0,0,0.5003,0.0635,0.50729,0.50004,0.87266,0.78026,0.83844,0.56999,1.13395,0.54531,0.8504,0,0,0,0,0,0,0,0,0,0,0,0,0,0,0,0,0,0,0,0,0,0,0,0,0,0,0,0,0,0,0,0.56999,0.000147544,4.91815e-05,0.000147544,4.91815e-05,0.000147544,4.91815e-05,0.000147544,4.91815e-05
700,68591.6,0.85312,0.42876,0.81399,0,0,0,0,0,0,0.12312,0.00202,0.0005,0,0,0,0,0,0,0,0,0,0,0,0,0,0,0.51109,0.15827,0,0,0.50016,0.06338,0.50801,0.49989,0.87199,0.78002,0.83837,0.57008,1.13413,0.54558,0.8504,0,0,0,0,0,0,0,0,0,0,0,0,0,0,0,0,0,0,0,0,0,0,0,0,0,0,0,0,0,0,0,0.57008,0.000145281,4.8427e-05,0.000145281,4.8427e-05,0.000145281,4.8427e-05,0.000145281,4.8427e-05
701,68687.7,0.86116,0.43196,0.81394,0,0,0,0,0,0,0.12198,0.00201,0.00064,2e-05,0,0,0,0,0,0,0,0,0,0,0,0,0,0.51595,0.15882,0,0,0.50028,0.06352,0.50783,0.50003,0.87135,0.77998,0.83831,0.57007,1.13409,0.54554,0.85045,0,0,0,0,0,0,0,0,0,0,0,0,0,0,0,0,0,0,0,0,0,0,0,0,0,0,0,0,0,0,0,0.57007,0.000143039,4.76796e-05,0.000143039,4.76796e-05,0.000143039,4.76796e-05,0.000143039,4.76796e-05
702,68780.9,0.85395,0.42898,0.81458,0,0,0,0,0,0,0.12684,0.00201,0.00049,0,0,0,0,0,0,0,0,0,0,0,0,0,0,0.51371,0.15805,0,0,0.50025,0.06347,0.50812,0.4998,0.87196,0.7798,0.83844,0.57005,1.1343,0.54607,0.8504,0,0,0,0,0,0,0,0,0,0,0,0,0,0,0,0,0,0,0,0,0,0,0,0,0,0,0,0,0,0,0,0.57005,0.000140818,4.69393e-05,0.000140818,4.69393e-05,0.000140818,4.69393e-05,0.000140818,4.69393e-05
703,68876.7,0.85005,0.42617,0.81195,0,0,0,0,0,0,0.12389,0.002,0.00049,0,0,0,0,0,0,0,0,0,0,0,0,0,0,0.51039,0.15787,0,0,0.50034,0.06351,0.50724,0.49984,0.87244,0.78033,0.83886,0.57031,1.13432,0.54594,0.85042,0,0,0,0,0,0,0,0,0,0,0,0,0,0,0,0,0,0,0,0,0,0,0,0,0,0,0,0,0,0,0,0.57031,0.000138618,4.6206e-05,0.000138618,4.6206e-05,0.000138618,4.6206e-05,0.000138618,4.6206e-05
704,68971.8,0.85016,0.42733,0.8126,0,0,0,0,0,0,0.11756,0.002,0.00057,0,0,0,0,0,0,0,0,0,0,0,0,0,0,0.50723,0.15847,0,0,0.50014,0.06341,0.50757,0.49988,0.87259,0.78011,0.83913,0.57051,1.13394,0.54611,0.85043,0,0,0,0,0,0,0,0,0,0,0,0,0,0,0,0,0,0,0,0,0,0,0,0,0,0,0,0,0,0,0,0.57051,0.000136439,4.54798e-05,0.000136439,4.54798e-05,0.000136439,4.54798e-05,0.000136439,4.54798e-05
705,69065.6,0.85105,0.4271,0.81372,0,0,0,0,0,0,0.13003,0.00201,0.00048,0,0,0,0,0,0,0,0,0,0,0,0,0,0,0.50829,0.15869,0,0,0.50006,0.06344,0.50741,0.49956,0.87213,0.77989,0.83896,0.57059,1.13403,0.54603,0.85039,0,0,0,0,0,0,0,0,0,0,0,0,0,0,0,0,0,0,0,0,0,0,0,0,0,0,0,0,0,0,0,0.57059,0.000134282,4.47606e-05,0.000134282,4.47606e-05,0.000134282,4.47606e-05,0.000134282,4.47606e-05
706,69161.8,0.84969,0.42749,0.81289,0,0,0,0,0,0,0.12468,0.002,0.00058,0,0,0,0,0,0,0,0,0,0,0,0,0,0,0.51159,0.15979,0,0,0.50029,0.06352,0.50687,0.50004,0.87211,0.77991,0.83864,0.57074,1.13381,0.5459,0.85036,0,0,0,0,0,0,0,0,0,0,0,0,0,0,0,0,0,0,0,0,0,0,0,0,0,0,0,0,0,0,0,0.57074,0.000132146,4.40486e-05,0.000132146,4.40486e-05,0.000132146,4.40486e-05,0.000132146,4.40486e-05
707,69257,0.85519,0.42966,0.81366,0,0,0,0,0,0,0.1272,0.00199,0.0005,0,0,0,0,0,0,0,0,0,0,0,0,0,0,0.50977,0.15937,0,0,0.50021,0.06346,0.50813,0.49996,0.87128,0.78008,0.83845,0.57057,1.13366,0.54637,0.85038,0,0,0,0,0,0,0,0,0,0,0,0,0,0,0,0,0,0,0,0,0,0,0,0,0,0,0,0,0,0,0,0.57057,0.000130031,4.33437e-05,0.000130031,4.33437e-05,0.000130031,4.33437e-05,0.000130031,4.33437e-05
708,69350.5,0.8447,0.42591,0.81268,0,0,0,0,0,0,0.11987,0.00199,0.00061,0,0,0,0,0,0,0,0,0,0,0,0,0,0,0.50575,0.1593,0,0,0.5002,0.06345,0.50744,0.49994,0.87187,0.77998,0.83913,0.57087,1.13346,0.54596,0.8503,0,0,0,0,0,0,0,0,0,0,0,0,0,0,0,0,0,0,0,0,0,0,0,0,0,0,0,0,0,0,0,0.57087,0.000127938,4.26459e-05,0.000127938,4.26459e-05,0.000127938,4.26459e-05,0.000127938,4.26459e-05
709,69446.3,0.84705,0.42614,0.81122,0,0,0,0,0,0,0.1199,0.002,0.00053,0,0,0,0,0,0,0,0,0,0,0,0,0,0,0.50929,0.15938,0,0,0.50048,0.06363,0.50758,0.50022,0.8722,0.78023,0.83886,0.57045,1.13365,0.54557,0.85033,0,0,0,0,0,0,0,0,0,0,0,0,0,0,0,0,0,0,0,0,0,0,0,0,0,0,0,0,0,0,0,0.57045,0.000125866,4.19552e-05,0.000125866,4.19552e-05,0.000125866,4.19552e-05,0.000125866,4.19552e-05
710,69542.8,0.85438,0.42776,0.81274,0,0,0,0,0,0,0.12453,0.002,0.00058,0,0,0,0,0,0,0,0,0,0,0,0,0,0,0.50731,0.16061,0,0,0.5001,0.06347,0.50781,0.49984,0.87165,0.78007,0.83854,0.57058,1.13362,0.54561,0.85033,0,0,0,0,0,0,0,0,0,0,0,0,0,0,0,0,0,0,0,0,0,0,0,0,0,0,0,0,0,0,0,0.57058,0.000123815,4.12717e-05,0.000123815,4.12717e-05,0.000123815,4.12717e-05,0.000123815,4.12717e-05
711,69637.8,0.84757,0.42742,0.8127,0,0,0,0,0,0,0.12206,0.00199,0.0005,0,0,0,0,0,0,0,0,0,0,0,0,0,0,0.51068,0.16005,0,0,0.50021,0.06351,0.50723,0.49995,0.86943,0.78058,0.83826,0.57058,1.13357,0.54534,0.85042,0,0,0,0,0,0,0,0,0,0,0,0,0,0,0,0,0,0,0,0,0,0,0,0,0,0,0,0,0,0,0,0.57058,0.000121786,4.05953e-05,0.000121786,4.05953e-05,0.000121786,4.05953e-05,0.000121786,4.05953e-05
712,69733.7,0.84742,0.42566,0.81308,0,0,0,0,0,0,0.12391,0.002,0.00075,0,0,0,0,0,0,0,0,0,0,0,0,0,0,0.50939,0.16008,0,0,0.50028,0.06351,0.50761,0.49979,0.87122,0.77979,0.83822,0.57046,1.13325,0.54536,0.85036,0,0,0,0,0,0,0,0,0,0,0,0,0,0,0,0,0,0,0,0,0,0,0,0,0,0,0,0,0,0,0,0.57046,0.000119778,3.99261e-05,0.000119778,3.99261e-05,0.000119778,3.99261e-05,0.000119778,3.99261e-05
713,69829.6,0.8424,0.42501,0.81176,0,0,0,0,0,0,0.12189,0.00199,0.00086,1e-05,0,0,0,0,0,0,0,0,0,0,0,0,0,0.51136,0.15952,0,0,0.50029,0.06346,0.50784,0.50003,0.87052,0.77986,0.83804,0.57072,1.13308,0.54515,0.85035,0,0,0,0,0,0,0,0,0,0,0,0,0,0,0,0,0,0,0,0,0,0,0,0,0,0,0,0,0,0,0,0.57072,0.000117792,3.9264e-05,0.000117792,3.9264e-05,0.000117792,3.9264e-05,0.000117792,3.9264e-05
714,69923.7,0.84504,0.42631,0.81116,0,0,0,0,0,0,0.11968,0.00199,0.00068,0,0,0,0,0,0,0,0,0,0,0,0,0,0,0.50874,0.15985,0,0,0.50032,0.06351,0.50802,0.49983,0.8702,0.78063,0.83828,0.57072,1.1334,0.54555,0.85037,0,0,0,0,0,0,0,0,0,0,0,0,0,0,0,0,0,0,0,0,0,0,0,0,0,0,0,0,0,0,0,0.57072,0.000115827,3.86092e-05,0.000115827,3.86092e-05,0.000115827,3.86092e-05,0.000115827,3.86092e-05
715,70016.1,0.85483,0.42913,0.81321,0,0,0,0,0,0,0.12525,0.00199,0.00066,0,0,0,0,0,0,0,0,0,0,0,0,0,0,0.50928,0.15913,0,0,0.50025,0.06345,0.50806,0.5,0.86988,0.78022,0.83825,0.57069,1.13328,0.5454,0.85042,0,0,0,0,0,0,0,0,0,0,0,0,0,0,0,0,0,0,0,0,0,0,0,0,0,0,0,0,0,0,0,0.57069,0.000113884,3.79615e-05,0.000113884,3.79615e-05,0.000113884,3.79615e-05,0.000113884,3.79615e-05
716,70110.7,0.8439,0.42645,0.81223,0,0,0,0,0,0,0.12429,0.00199,0.00059,0,0,0,0,0,0,0,0,0,0,0,0,0,0,0.50634,0.15837,0,0,0.50012,0.06339,0.50659,0.49987,0.87043,0.77979,0.83814,0.57049,1.13328,0.54537,0.85041,0,0,0,0,0,0,0,0,0,0,0,0,0,0,0,0,0,0,0,0,0,0,0,0,0,0,0,0,0,0,0,0.57049,0.000111963,3.7321e-05,0.000111963,3.7321e-05,0.000111963,3.7321e-05,0.000111963,3.7321e-05
717,70204.3,0.84931,0.4279,0.8112,0,0,0,0,0,0,0.12902,0.00199,0.0006,0,0,0,0,0,0,0,0,0,0,0,0,0,0,0.50721,0.15862,0,0,0.5004,0.06357,0.50707,0.49993,0.8706,0.78015,0.8386,0.57072,1.13334,0.54498,0.85038,0,0,0,0,0,0,0,0,0,0,0,0,0,0,0,0,0,0,0,0,0,0,0,0,0,0,0,0,0,0,0,0.57072,0.000110063,3.66877e-05,0.000110063,3.66877e-05,0.000110063,3.66877e-05,0.000110063,3.66877e-05
718,70298.6,0.84484,0.42515,0.81477,0,0,0,0,0,0,0.11761,0.00201,0.0007,0,0,0,0,0,0,0,0,0,0,0,0,0,0,0.5098,0.15903,0,0,0.50037,0.06355,0.50728,0.50011,0.87152,0.7799,0.83912,0.57086,1.13338,0.54513,0.85042,0,0,0,0,0,0,0,0,0,0,0,0,0,0,0,0,0,0,0,0,0,0,0,0,0,0,0,0,0,0,0,0.57086,0.000108185,3.60617e-05,0.000108185,3.60617e-05,0.000108185,3.60617e-05,0.000108185,3.60617e-05
719,70401.9,0.84741,0.42492,0.81219,0,0,0,0,0,0,0.12886,0.00198,0.00046,0,0,0,0,0,0,0,0,0,0,0,0,0,0,0.50497,0.15825,0,0,0.50036,0.06355,0.50689,0.5001,0.87169,0.77997,0.83887,0.57078,1.13355,0.54545,0.85039,0,0,0,0,0,0,0,0,0,0,0,0,0,0,0,0,0,0,0,0,0,0,0,0,0,0,0,0,0,0,0,0.57078,0.000106329,3.54429e-05,0.000106329,3.54429e-05,0.000106329,3.54429e-05,0.000106329,3.54429e-05
720,70496.8,0.85278,0.42786,0.81346,0,0,0,0,0,0,0.11715,0.00199,0.00045,1e-05,0,0,0,0,0,0,0,0,0,0,0,0,0,0.50791,0.15812,0,0,0.50033,0.06351,0.50764,0.50008,0.86974,0.78014,0.83847,0.57069,1.13364,0.54501,0.85043,0,0,0,0,0,0,0,0,0,0,0,0,0,0,0,0,0,0,0,0,0,0,0,0,0,0,0,0,0,0,0,0.57069,0.000104494,3.48313e-05,0.000104494,3.48313e-05,0.000104494,3.48313e-05,0.000104494,3.48313e-05
721,70591.5,0.84443,0.42372,0.81264,0,0,0,0,0,0,0.12538,0.00198,0.00053,0,0,0,0,0,0,0,0,0,0,0,0,0,0,0.51222,0.15783,0,0,0.50016,0.0634,0.50733,0.49991,0.86984,0.77963,0.83837,0.57056,1.1337,0.54503,0.85045,0,0,0,0,0,0,0,0,0,0,0,0,0,0,0,0,0,0,0,0,0,0,0,0,0,0,0,0,0,0,0,0.57056,0.000102681,3.4227e-05,0.000102681,3.4227e-05,0.000102681,3.4227e-05,0.000102681,3.4227e-05
722,70686.2,0.85117,0.42736,0.8124,0,0,0,0,0,0,0.1254,0.00199,0.00051,0,0,0,0,0,0,0,0,0,0,0,0,0,0,0.51438,0.1584,0,0,0.50024,0.06354,0.50817,0.49998,0.86988,0.78009,0.83877,0.57054,1.13334,0.54476,0.85037,0,0,0,0,0,0,0,0,0,0,0,0,0,0,0,0,0,0,0,0,0,0,0,0,0,0,0,0,0,0,0,0.57054,0.00010089,3.363e-05,0.00010089,3.363e-05,0.00010089,3.363e-05,0.00010089,3.363e-05
723,70780.6,0.85055,0.42748,0.8132,0,0,0,0,0,0,0.12227,0.00198,0.00051,0,0,0,0,0,0,0,0,0,0,0,0,0,0,0.51067,0.15855,0,0,0.50029,0.06345,0.50582,0.49978,0.86966,0.78081,0.83858,0.57063,1.13349,0.54496,0.85042,0,0,0,0,0,0,0,0,0,0,0,0,0,0,0,0,0,0,0,0,0,0,0,0,0,0,0,0,0,0,0,0.57063,9.91206e-05,3.30402e-05,9.91206e-05,3.30402e-05,9.91206e-05,3.30402e-05,9.91206e-05,3.30402e-05
724,70877.2,0.84726,0.42736,0.81479,0,0,0,0,0,0,0.12075,0.00199,0.00051,0,0,0,0,0,0,0,0,0,0,0,0,0,0,0.51249,0.15921,0,0,0.50025,0.06333,0.50637,0.49976,0.86985,0.78054,0.83876,0.57076,1.13375,0.54466,0.85039,0,0,0,0,0,0,0,0,0,0,0,0,0,0,0,0,0,0,0,0,0,0,0,0,0,0,0,0,0,0,0,0.57076,9.7373e-05,3.24577e-05,9.7373e-05,3.24577e-05,9.7373e-05,3.24577e-05,9.7373e-05,3.24577e-05
725,70982,0.84749,0.42498,0.81314,0,0,0,0,0,0,0.12084,0.00198,0.00041,1e-05,0,0,0,0,0,0,0,0,0,0,0,0,0,0.51405,0.1591,0,0,0.50017,0.06348,0.50683,0.49968,0.87075,0.78007,0.83886,0.57091,1.13396,0.54465,0.85041,0,0,0,0,0,0,0,0,0,0,0,0,0,0,0,0,0,0,0,0,0,0,0,0,0,0,0,0,0,0,0,0.57091,9.56474e-05,3.18825e-05,9.56474e-05,3.18825e-05,9.56474e-05,3.18825e-05,9.56474e-05,3.18825e-05
726,71093,0.84745,0.4257,0.81287,0,0,0,0,0,0,0.11767,0.00198,0.00048,0,0,0,0,0,0,0,0,0,0,0,0,0,0,0.51372,0.15902,0,0,0.50024,0.06347,0.50628,0.49973,0.86973,0.78011,0.83871,0.57095,1.13352,0.54459,0.85043,0,0,0,0,0,0,0,0,0,0,0,0,0,0,0,0,0,0,0,0,0,0,0,0,0,0,0,0,0,0,0,0.57095,9.39436e-05,3.13145e-05,9.39436e-05,3.13145e-05,9.39436e-05,3.13145e-05,9.39436e-05,3.13145e-05
727,71205,0.84477,0.42451,0.81237,0,0,0,0,0,0,0.11996,0.00199,0.0007,0,0,0,0,0,0,0,0,0,0,0,0,0,0,0.51198,0.15873,0,0,0.50017,0.06339,0.5069,0.49968,0.87143,0.77986,0.83895,0.57114,1.13333,0.54458,0.85041,0,0,0,0,0,0,0,0,0,0,0,0,0,0,0,0,0,0,0,0,0,0,0,0,0,0,0,0,0,0,0,0.57114,9.22617e-05,3.07539e-05,9.22617e-05,3.07539e-05,9.22617e-05,3.07539e-05,9.22617e-05,3.07539e-05
728,71320.3,0.85202,0.42756,0.81306,0,0,0,0,0,0,0.12151,0.00198,0.00047,0,0,0,0,0,0,0,0,0,0,0,0,0,0,0.51375,0.15884,0,0,0.50022,0.06344,0.50683,0.49996,0.86937,0.7823,0.83902,0.57101,1.13298,0.54457,0.85036,0,0,0,0,0,0,0,0,0,0,0,0,0,0,0,0,0,0,0,0,0,0,0,0,0,0,0,0,0,0,0,0.57101,9.06018e-05,3.02006e-05,9.06018e-05,3.02006e-05,9.06018e-05,3.02006e-05,9.06018e-05,3.02006e-05
729,71427.9,0.84756,0.42734,0.81464,0,0,0,0,0,0,0.11846,0.00198,0.0005,0,0,0,0,0,0,0,0,0,0,0,0,0,0,0.51252,0.15749,0,0,0.50012,0.06341,0.50678,0.49986,0.86997,0.78074,0.83894,0.57092,1.13277,0.5443,0.85038,0,0,0,0,0,0,0,0,0,0,0,0,0,0,0,0,0,0,0,0,0,0,0,0,0,0,0,0,0,0,0,0.57092,8.89639e-05,2.96546e-05,8.89639e-05,2.96546e-05,8.89639e-05,2.96546e-05,8.89639e-05,2.96546e-05
730,71521.3,0.8483,0.42448,0.81351,0,0,0,0,0,0,0.12015,0.00198,0.0004,0,0,0,0,0,0,0,0,0,0,0,0,0,0,0.51174,0.15786,0,0,0.5002,0.06348,0.5077,0.49994,0.86827,0.78237,0.83908,0.57124,1.1326,0.54425,0.85038,0,0,0,0,0,0,0,0,0,0,0,0,0,0,0,0,0,0,0,0,0,0,0,0,0,0,0,0,0,0,0,0.57124,8.73479e-05,2.9116e-05,8.73479e-05,2.9116e-05,8.73479e-05,2.9116e-05,8.73479e-05,2.9116e-05
731,71616.6,0.84779,0.42533,0.81209,0,0,0,0,0,0,0.12674,0.00199,0.00046,0,0,0,0,0,0,0,0,0,0,0,0,0,0,0.51349,0.15731,0,0,0.50029,0.06351,0.50823,0.50002,0.86835,0.78229,0.83897,0.57109,1.1326,0.54432,0.85038,0,0,0,0,0,0,0,0,0,0,0,0,0,0,0,0,0,0,0,0,0,0,0,0,0,0,0,0,0,0,0,0.57109,8.5754e-05,2.85847e-05,8.5754e-05,2.85847e-05,8.5754e-05,2.85847e-05,8.5754e-05,2.85847e-05
732,71726.1,0.84557,0.42604,0.81295,0,0,0,0,0,0,0.12238,0.00199,0.00041,1e-05,0,0,0,0,0,0,0,0,0,0,0,0,0,0.51223,0.15717,0,0,0.50019,0.06338,0.50635,0.49969,0.86993,0.78181,0.83901,0.5712,1.13236,0.54407,0.85036,0,0,0,0,0,0,0,0,0,0,0,0,0,0,0,0,0,0,0,0,0,0,0,0,0,0,0,0,0,0,0,0.5712,8.41821e-05,2.80607e-05,8.41821e-05,2.80607e-05,8.41821e-05,2.80607e-05,8.41821e-05,2.80607e-05
733,71831,0.84978,0.42709,0.81348,0,0,0,0,0,0,0.12736,0.00197,0.00055,0,0,0,0,0,0,0,0,0,0,0,0,0,0,0.51219,0.15762,0,0,0.50031,0.06349,0.50685,0.50006,0.86971,0.78178,0.83872,0.57099,1.13242,0.54402,0.8503,0,0,0,0,0,0,0,0,0,0,0,0,0,0,0,0,0,0,0,0,0,0,0,0,0,0,0,0,0,0,0,0.57099,8.26322e-05,2.75441e-05,8.26322e-05,2.75441e-05,8.26322e-05,2.75441e-05,8.26322e-05,2.75441e-05
734,71925.4,0.84599,0.42614,0.81237,0,0,0,0,0,0,0.12044,0.00197,0.00047,0,0,0,0,0,0,0,0,0,0,0,0,0,0,0.51525,0.15814,0,0,0.50033,0.06354,0.5076,0.50008,0.86998,0.78188,0.83921,0.57109,1.13259,0.54421,0.85034,0,0,0,0,0,0,0,0,0,0,0,0,0,0,0,0,0,0,0,0,0,0,0,0,0,0,0,0,0,0,0,0.57109,8.11045e-05,2.70348e-05,8.11045e-05,2.70348e-05,8.11045e-05,2.70348e-05,8.11045e-05,2.70348e-05
735,72044.2,0.84622,0.42497,0.81383,0,0,0,0,0,0,0.12082,0.00197,0.00051,0,0,0,0,0,0,0,0,0,0,0,0,0,0,0.51147,0.15853,0,0,0.50033,0.0635,0.50725,0.49983,0.87016,0.78145,0.8391,0.57119,1.13264,0.54418,0.8503,0,0,0,0,0,0,0,0,0,0,0,0,0,0,0,0,0,0,0,0,0,0,0,0,0,0,0,0,0,0,0,0.57119,7.95988e-05,2.65329e-05,7.95988e-05,2.65329e-05,7.95988e-05,2.65329e-05,7.95988e-05,2.65329e-05
736,72159.4,0.84738,0.42744,0.81215,0,0,0,0,0,0,0.11926,0.00196,0.00045,0,0,0,0,0,0,0,0,0,0,0,0,0,0,0.51308,0.1582,0,0,0.50023,0.0634,0.50669,0.49974,0.86988,0.78188,0.83912,0.57126,1.13255,0.54406,0.85038,0,0,0,0,0,0,0,0,0,0,0,0,0,0,0,0,0,0,0,0,0,0,0,0,0,0,0,0,0,0,0,0.57126,7.81153e-05,2.60384e-05,7.81153e-05,2.60384e-05,7.81153e-05,2.60384e-05,7.81153e-05,2.60384e-05
737,72278,0.84647,0.42799,0.81226,0,0,0,0,0,0,0.13141,0.00198,0.00046,0,0,0,0,0,0,0,0,0,0,0,0,0,0,0.51665,0.1589,0,0,0.5002,0.06347,0.50787,0.49994,0.87015,0.78174,0.83879,0.5714,1.13246,0.54393,0.85033,0,0,0,0,0,0,0,0,0,0,0,0,0,0,0,0,0,0,0,0,0,0,0,0,0,0,0,0,0,0,0,0.5714,7.6654e-05,2.55513e-05,7.6654e-05,2.55513e-05,7.6654e-05,2.55513e-05,7.6654e-05,2.55513e-05
738,72389.6,0.8457,0.42596,0.81265,0,0,0,0,0,0,0.1278,0.00197,0.00049,0,0,0,0,0,0,0,0,0,0,0,0,0,0,0.51357,0.15854,0,0,0.50025,0.06346,0.50711,0.49998,0.86873,0.78274,0.8392,0.57119,1.13216,0.54386,0.8503,0,0,0,0,0,0,0,0,0,0,0,0,0,0,0,0,0,0,0,0,0,0,0,0,0,0,0,0,0,0,0,0.57119,7.52148e-05,2.50716e-05,7.52148e-05,2.50716e-05,7.52148e-05,2.50716e-05,7.52148e-05,2.50716e-05
739,72486.3,0.8425,0.4247,0.81325,0,0,0,0,0,0,0.12083,0.00199,0.00057,3e-05,0,0,0,0,0,0,0,0,0,0,0,0,0,0.511,0.15809,0,0,0.50037,0.06354,0.50738,0.5001,0.86778,0.78305,0.83843,0.57133,1.13174,0.54348,0.85023,0,0,0,0,0,0,0,0,0,0,0,0,0,0,0,0,0,0,0,0,0,0,0,0,0,0,0,0,0,0,0,0.57133,7.37979e-05,2.45993e-05,7.37979e-05,2.45993e-05,7.37979e-05,2.45993e-05,7.37979e-05,2.45993e-05
740,72582.2,0.8402,0.42276,0.81352,0,0,0,0,0,0,0.12331,0.00198,0.00065,1e-05,0,0,0,0,0,0,0,0,0,0,0,0,0,0.51326,0.1579,0,0,0.50022,0.06345,0.50736,0.49973,0.86925,0.78322,0.83952,0.57153,1.13163,0.54359,0.85023,0,0,0,0,0,0,0,0,0,0,0,0,0,0,0,0,0,0,0,0,0,0,0,0,0,0,0,0,0,0,0,0.57153,7.24032e-05,2.41344e-05,7.24032e-05,2.41344e-05,7.24032e-05,2.41344e-05,7.24032e-05,2.41344e-05
741,72680.5,0.84334,0.42395,0.81388,0,0,0,0,0,0,0.12013,0.00198,0.00069,0,0,0,0,0,0,0,0,0,0,0,0,0,0,0.51681,0.15822,0,0,0.50045,0.06357,0.50748,0.5002,0.86885,0.78269,0.83928,0.57139,1.13165,0.54364,0.85023,0,0,0,0,0,0,0,0,0,0,0,0,0,0,0,0,0,0,0,0,0,0,0,0,0,0,0,0,0,0,0,0.57139,7.10307e-05,2.36769e-05,7.10307e-05,2.36769e-05,7.10307e-05,2.36769e-05,7.10307e-05,2.36769e-05
742,72773.4,0.85277,0.42793,0.81384,0,0,0,0,0,0,0.12791,0.00198,0.00062,0,0,0,0,0,0,0,0,0,0,0,0,0,0,0.5171,0.15849,0,0,0.50034,0.06343,0.5078,0.50009,0.86993,0.78215,0.83924,0.57141,1.13176,0.54333,0.85024,0,0,0,0,0,0,0,0,0,0,0,0,0,0,0,0,0,0,0,0,0,0,0,0,0,0,0,0,0,0,0,0.57141,6.96804e-05,2.32268e-05,6.96804e-05,2.32268e-05,6.96804e-05,2.32268e-05,6.96804e-05,2.32268e-05
743,72868.6,0.84718,0.42603,0.81114,0,0,0,0,0,0,0.12175,0.00198,0.00057,0,0,0,0,0,0,0,0,0,0,0,0,0,0,0.5188,0.15868,0,0,0.50015,0.06351,0.50629,0.4999,0.86896,0.783,0.83935,0.57152,1.13157,0.54283,0.8502,0,0,0,0,0,0,0,0,0,0,0,0,0,0,0,0,0,0,0,0,0,0,0,0,0,0,0,0,0,0,0,0.57152,6.83525e-05,2.27842e-05,6.83525e-05,2.27842e-05,6.83525e-05,2.27842e-05,6.83525e-05,2.27842e-05
744,72967.2,0.85096,0.42761,0.81375,0,0,0,0,0,0,0.1203,0.00197,0.00052,0,0,0,0,0,0,0,0,0,0,0,0,0,0,0.51964,0.15938,0,0,0.50026,0.06351,0.5072,0.50001,0.87089,0.78179,0.83917,0.5715,1.13156,0.54293,0.85022,0,0,0,0,0,0,0,0,0,0,0,0,0,0,0,0,0,0,0,0,0,0,0,0,0,0,0,0,0,0,0,0.5715,6.70469e-05,2.2349e-05,6.70469e-05,2.2349e-05,6.70469e-05,2.2349e-05,6.70469e-05,2.2349e-05
745,73062.8,0.84213,0.42506,0.81272,0,0,0,0,0,0,0.12279,0.00197,0.00048,0,0,0,0,0,0,0,0,0,0,0,0,0,0,0.51506,0.15899,0,0,0.50022,0.06348,0.50723,0.49997,0.86954,0.78283,0.83937,0.57179,1.13119,0.54278,0.85023,0,0,0,0,0,0,0,0,0,0,0,0,0,0,0,0,0,0,0,0,0,0,0,0,0,0,0,0,0,0,0,0.57179,6.57636e-05,2.19212e-05,6.57636e-05,2.19212e-05,6.57636e-05,2.19212e-05,6.57636e-05,2.19212e-05
746,73162.2,0.84585,0.42733,0.81267,0,0,0,0,0,0,0.12817,0.00198,0.00053,0,0,0,0,0,0,0,0,0,0,0,0,0,0,0.51833,0.15885,0,0,0.50022,0.06344,0.50731,0.49998,0.86939,0.78322,0.83939,0.57167,1.13107,0.54282,0.85021,0,0,0,0,0,0,0,0,0,0,0,0,0,0,0,0,0,0,0,0,0,0,0,0,0,0,0,0,0,0,0,0.57167,6.45027e-05,2.15009e-05,6.45027e-05,2.15009e-05,6.45027e-05,2.15009e-05,6.45027e-05,2.15009e-05
747,73256.9,0.84145,0.4241,0.81298,0,0,0,0,0,0,0.12009,0.00199,0.00058,0,0,0,0,0,0,0,0,0,0,0,0,0,0,0.51648,0.15831,0,0,0.50027,0.06347,0.50715,0.49977,0.87102,0.78247,0.83977,0.57167,1.13129,0.54271,0.85019,0,0,0,0,0,0,0,0,0,0,0,0,0,0,0,0,0,0,0,0,0,0,0,0,0,0,0,0,0,0,0,0.57167,6.32641e-05,2.1088e-05,6.32641e-05,2.1088e-05,6.32641e-05,2.1088e-05,6.32641e-05,2.1088e-05
748,73352.1,0.83664,0.42237,0.81233,0,0,0,0,0,0,0.12401,0.00198,0.00045,0,0,0,0,0,0,0,0,0,0,0,0,0,0,0.51932,0.15823,0,0,0.50022,0.06343,0.50798,0.49972,0.87088,0.78227,0.83936,0.57172,1.13112,0.54295,0.85021,0,0,0,0,0,0,0,0,0,0,0,0,0,0,0,0,0,0,0,0,0,0,0,0,0,0,0,0,0,0,0,0.57172,6.20479e-05,2.06826e-05,6.20479e-05,2.06826e-05,6.20479e-05,2.06826e-05,6.20479e-05,2.06826e-05
749,73447.4,0.84645,0.42616,0.81592,0,0,0,0,0,0,0.12081,0.00198,0.00049,0,0,0,0,0,0,0,0,0,0,0,0,0,0,0.51562,0.15869,0,0,0.50026,0.06346,0.50705,0.49977,0.8706,0.78205,0.83926,0.5717,1.13123,0.543,0.8502,0,0,0,0,0,0,0,0,0,0,0,0,0,0,0,0,0,0,0,0,0,0,0,0,0,0,0,0,0,0,0,0.5717,6.08541e-05,2.02847e-05,6.08541e-05,2.02847e-05,6.08541e-05,2.02847e-05,6.08541e-05,2.02847e-05
750,73543.8,0.84718,0.42728,0.81306,0,0,0,0,0,0,0.12659,0.00198,0.00054,0,0,0,0,0,0,0,0,0,0,0,0,0,0,0.52211,0.15959,0,0,0.50014,0.0634,0.5073,0.4999,0.87121,0.78215,0.83928,0.57185,1.13104,0.54287,0.85016,0,0,0,0,0,0,0,0,0,0,0,0,0,0,0,0,0,0,0,0,0,0,0,0,0,0,0,0,0,0,0,0.57185,5.96828e-05,1.98943e-05,5.96828e-05,1.98943e-05,5.96828e-05,1.98943e-05,5.96828e-05,1.98943e-05
751,73638,0.84168,0.42555,0.81315,0,0,0,0,0,0,0.12642,0.00197,0.00054,2e-05,0,0,0,0,0,0,0,0,0,0,0,0,0,0.51941,0.15934,0,0,0.5002,0.06349,0.50744,0.49995,0.87035,0.78183,0.83919,0.57179,1.13098,0.54279,0.8502,0,0,0,0,0,0,0,0,0,0,0,0,0,0,0,0,0,0,0,0,0,0,0,0,0,0,0,0,0,0,0,0.57179,5.85339e-05,1.95113e-05,5.85339e-05,1.95113e-05,5.85339e-05,1.95113e-05,5.85339e-05,1.95113e-05
752,73730.9,0.84584,0.42717,0.8131,0,0,0,0,0,0,0.12425,0.00198,0.00054,0,0,0,0,0,0,0,0,0,0,0,0,0,0,0.51614,0.15933,0,0,0.50019,0.06337,0.50661,0.49969,0.87038,0.78177,0.83926,0.57184,1.13107,0.54303,0.85019,0,0,0,0,0,0,0,0,0,0,0,0,0,0,0,0,0,0,0,0,0,0,0,0,0,0,0,0,0,0,0,0.57184,5.74074e-05,1.91358e-05,5.74074e-05,1.91358e-05,5.74074e-05,1.91358e-05,5.74074e-05,1.91358e-05
753,73826.4,0.84532,0.42624,0.81455,0,0,0,0,0,0,0.12531,0.00198,0.00065,0,0,0,0,0,0,0,0,0,0,0,0,0,0,0.51989,0.15969,0,0,0.50039,0.06355,0.50855,0.50013,0.87063,0.78175,0.83938,0.57182,1.13085,0.54275,0.85016,0,0,0,0,0,0,0,0,0,0,0,0,0,0,0,0,0,0,0,0,0,0,0,0,0,0,0,0,0,0,0,0.57182,5.63034e-05,1.87678e-05,5.63034e-05,1.87678e-05,5.63034e-05,1.87678e-05,5.63034e-05,1.87678e-05
754,73920.7,0.84376,0.42489,0.81441,0,0,0,0,0,0,0.11853,0.00199,0.00049,0,0,0,0,0,0,0,0,0,0,0,0,0,0,0.51579,0.15966,0,0,0.50024,0.06344,0.50679,0.49974,0.87068,0.78156,0.83941,0.5718,1.13086,0.54272,0.85014,0,0,0,0,0,0,0,0,0,0,0,0,0,0,0,0,0,0,0,0,0,0,0,0,0,0,0,0,0,0,0,0.5718,5.5222e-05,1.84073e-05,5.5222e-05,1.84073e-05,5.5222e-05,1.84073e-05,5.5222e-05,1.84073e-05
755,74020.2,0.84355,0.42447,0.81417,0,0,0,0,0,0,0.12668,0.00198,0.00071,0,0,0,0,0,0,0,0,0,0,0,0,0,0,0.51891,0.15966,0,0,0.50025,0.06345,0.50861,0.49999,0.87052,0.78178,0.83942,0.57214,1.13065,0.54258,0.85011,0,0,0,0,0,0,0,0,0,0,0,0,0,0,0,0,0,0,0,0,0,0,0,0,0,0,0,0,0,0,0,0.57214,5.4163e-05,1.80543e-05,5.4163e-05,1.80543e-05,5.4163e-05,1.80543e-05,5.4163e-05,1.80543e-05
756,74115.7,0.84195,0.42393,0.81487,0,0,0,0,0,0,0.1213,0.00198,0.00082,0,0,0,0,0,0,0,0,0,0,0,0,0,0,0.51614,0.15971,0,0,0.50031,0.06346,0.50726,0.50005,0.87141,0.78137,0.83966,0.57183,1.13046,0.54281,0.85013,0,0,0,0,0,0,0,0,0,0,0,0,0,0,0,0,0,0,0,0,0,0,0,0,0,0,0,0,0,0,0,0.57183,5.31265e-05,1.77088e-05,5.31265e-05,1.77088e-05,5.31265e-05,1.77088e-05,5.31265e-05,1.77088e-05
757,74213.5,0.83935,0.42383,0.81378,0,0,0,0,0,0,0.12161,0.00197,0.00056,0,0,0,0,0,0,0,0,0,0,0,0,0,0,0.52063,0.15941,0,0,0.50024,0.06339,0.50781,0.49976,0.87048,0.78171,0.83955,0.57192,1.13066,0.54239,0.85009,0,0,0,0,0,0,0,0,0,0,0,0,0,0,0,0,0,0,0,0,0,0,0,0,0,0,0,0,0,0,0,0.57192,5.21127e-05,1.73709e-05,5.21127e-05,1.73709e-05,5.21127e-05,1.73709e-05,5.21127e-05,1.73709e-05
758,74308.5,0.84367,0.42546,0.81139,0,0,0,0,0,0,0.1182,0.00197,0.00057,0,0,0,0,0,0,0,0,0,0,0,0,0,0,0.52395,0.15975,0,0,0.50031,0.06355,0.50826,0.50006,0.87034,0.78198,0.83927,0.57207,1.13065,0.54236,0.85006,0,0,0,0,0,0,0,0,0,0,0,0,0,0,0,0,0,0,0,0,0,0,0,0,0,0,0,0,0,0,0,0.57207,5.11213e-05,1.70404e-05,5.11213e-05,1.70404e-05,5.11213e-05,1.70404e-05,5.11213e-05,1.70404e-05
759,74404.2,0.84155,0.42299,0.8117,0,0,0,0,0,0,0.11939,0.00197,0.00068,0,0,0,0,0,0,0,0,0,0,0,0,0,0,0.51599,0.1592,0,0,0.5003,0.06353,0.50781,0.50005,0.87015,0.78218,0.83927,0.57195,1.13033,0.54223,0.85005,0,0,0,0,0,0,0,0,0,0,0,0,0,0,0,0,0,0,0,0,0,0,0,0,0,0,0,0,0,0,0,0.57195,5.01526e-05,1.67175e-05,5.01526e-05,1.67175e-05,5.01526e-05,1.67175e-05,5.01526e-05,1.67175e-05
760,74497.9,0.83755,0.42155,0.81241,0,0,0,0,0,0,0.12049,0.00198,0.00062,0,0,0,0,0,0,0,0,0,0,0,0,0,0,0.51799,0.15911,0,0,0.50021,0.06346,0.50764,0.49994,0.86953,0.78258,0.83913,0.572,1.13022,0.54246,0.85006,0,0,0,0,0,0,0,0,0,0,0,0,0,0,0,0,0,0,0,0,0,0,0,0,0,0,0,0,0,0,0,0.572,4.92064e-05,1.64021e-05,4.92064e-05,1.64021e-05,4.92064e-05,1.64021e-05,4.92064e-05,1.64021e-05
761,74594.2,0.83817,0.42187,0.81289,0,0,0,0,0,0,0.12039,0.00198,0.00055,0,0,0,0,0,0,0,0,0,0,0,0,0,0,0.51912,0.15908,0,0,0.50014,0.06347,0.50901,0.49988,0.87001,0.78247,0.83925,0.57204,1.13048,0.54237,0.85013,0,0,0,0,0,0,0,0,0,0,0,0,0,0,0,0,0,0,0,0,0,0,0,0,0,0,0,0,0,0,0,0.57204,4.82828e-05,1.60943e-05,4.82828e-05,1.60943e-05,4.82828e-05,1.60943e-05,4.82828e-05,1.60943e-05
762,74688.7,0.84042,0.426,0.81237,0,0,0,0,0,0,0.11968,0.00198,0.00051,0,0,0,0,0,0,0,0,0,0,0,0,0,0,0.52015,0.15935,0,0,0.50039,0.06356,0.50787,0.50014,0.86896,0.78311,0.83913,0.57209,1.13016,0.54237,0.85006,0,0,0,0,0,0,0,0,0,0,0,0,0,0,0,0,0,0,0,0,0,0,0,0,0,0,0,0,0,0,0,0.57209,4.73819e-05,1.5794e-05,4.73819e-05,1.5794e-05,4.73819e-05,1.5794e-05,4.73819e-05,1.5794e-05
763,74785.9,0.84589,0.42578,0.81417,0,0,0,0,0,0,0.12371,0.00197,0.00054,4e-05,0,0,0,0,0,0,0,0,0,0,0,0,0,0.51724,0.15866,0,0,0.50022,0.06328,0.50724,0.49973,0.87026,0.78174,0.83931,0.57209,1.1301,0.54226,0.85005,0,0,0,0,0,0,0,0,0,0,0,0,0,0,0,0,0,0,0,0,0,0,0,0,0,0,0,0,0,0,0,0.57209,4.65035e-05,1.55012e-05,4.65035e-05,1.55012e-05,4.65035e-05,1.55012e-05,4.65035e-05,1.55012e-05
764,74881.8,0.84306,0.42543,0.81306,0,0,0,0,0,0,0.12744,0.00198,0.00058,0,0,0,0,0,0,0,0,0,0,0,0,0,0,0.52253,0.15905,0,0,0.50019,0.06339,0.50819,0.49993,0.86936,0.78364,0.83952,0.57219,1.13005,0.54233,0.85003,0,0,0,0,0,0,0,0,0,0,0,0,0,0,0,0,0,0,0,0,0,0,0,0,0,0,0,0,0,0,0,0.57219,4.56479e-05,1.5216e-05,4.56479e-05,1.5216e-05,4.56479e-05,1.5216e-05,4.56479e-05,1.5216e-05
765,74976.6,0.84183,0.42158,0.81184,0,0,0,0,0,0,0.11934,0.00197,0.00043,0,0,0,0,0,0,0,0,0,0,0,0,0,0,0.52247,0.15853,0,0,0.50024,0.06349,0.50849,0.49998,0.86976,0.78314,0.83927,0.57218,1.12985,0.54227,0.85008,0,0,0,0,0,0,0,0,0,0,0,0,0,0,0,0,0,0,0,0,0,0,0,0,0,0,0,0,0,0,0,0.57218,4.48149e-05,1.49383e-05,4.48149e-05,1.49383e-05,4.48149e-05,1.49383e-05,4.48149e-05,1.49383e-05
766,75071.5,0.84086,0.42211,0.81374,0,0,0,0,0,0,0.12433,0.00197,0.00057,3e-05,0,0,0,0,0,0,0,0,0,0,0,0,0,0.52115,0.1588,0,0,0.50029,0.06343,0.50798,0.50004,0.86944,0.78302,0.83903,0.57206,1.12979,0.54222,0.85007,0,0,0,0,0,0,0,0,0,0,0,0,0,0,0,0,0,0,0,0,0,0,0,0,0,0,0,0,0,0,0,0.57206,4.40045e-05,1.46682e-05,4.40045e-05,1.46682e-05,4.40045e-05,1.46682e-05,4.40045e-05,1.46682e-05
767,75168.6,0.84227,0.42262,0.81188,0,0,0,0,0,0,0.12181,0.00197,0.00051,0,0,0,0,0,0,0,0,0,0,0,0,0,0,0.5222,0.15879,0,0,0.50024,0.06347,0.50795,0.49974,0.86921,0.7832,0.83901,0.57207,1.12968,0.54186,0.85003,0,0,0,0,0,0,0,0,0,0,0,0,0,0,0,0,0,0,0,0,0,0,0,0,0,0,0,0,0,0,0,0.57207,4.32169e-05,1.44056e-05,4.32169e-05,1.44056e-05,4.32169e-05,1.44056e-05,4.32169e-05,1.44056e-05
768,75262.9,0.8461,0.42707,0.81299,0,0,0,0,0,0,0.12437,0.00197,0.00069,0,0,0,0,0,0,0,0,0,0,0,0,0,0,0.5196,0.15955,0,0,0.5003,0.06347,0.50788,0.50004,0.87037,0.78258,0.83941,0.57203,1.12942,0.54191,0.85005,0,0,0,0,0,0,0,0,0,0,0,0,0,0,0,0,0,0,0,0,0,0,0,0,0,0,0,0,0,0,0,0.57203,4.24519e-05,1.41506e-05,4.24519e-05,1.41506e-05,4.24519e-05,1.41506e-05,4.24519e-05,1.41506e-05
769,75359.9,0.84589,0.425,0.81233,0,0,0,0,0,0,0.12709,0.00196,0.00081,0,0,0,0,0,0,0,0,0,0,0,0,0,0,0.52102,0.15961,0,0,0.50023,0.06344,0.50701,0.49999,0.86976,0.78318,0.83934,0.57194,1.12962,0.54188,0.85007,0,0,0,0,0,0,0,0,0,0,0,0,0,0,0,0,0,0,0,0,0,0,0,0,0,0,0,0,0,0,0,0.57194,4.17097e-05,1.39032e-05,4.17097e-05,1.39032e-05,4.17097e-05,1.39032e-05,4.17097e-05,1.39032e-05
770,75454.4,0.84139,0.42393,0.81248,0,0,0,0,0,0,0.12588,0.00196,0.00057,0,0,0,0,0,0,0,0,0,0,0,0,0,0,0.51987,0.15985,0,0,0.5002,0.06344,0.50802,0.49995,0.86898,0.78299,0.83926,0.57212,1.12964,0.54206,0.85002,0,0,0,0,0,0,0,0,0,0,0,0,0,0,0,0,0,0,0,0,0,0,0,0,0,0,0,0,0,0,0,0.57212,4.09901e-05,1.36634e-05,4.09901e-05,1.36634e-05,4.09901e-05,1.36634e-05,4.09901e-05,1.36634e-05
771,75548.4,0.83856,0.42227,0.81305,0,0,0,0,0,0,0.11772,0.00196,0.00063,1e-05,0,0,0,0,0,0,0,0,0,0,0,0,0,0.51894,0.15967,0,0,0.50014,0.06339,0.50775,0.49967,0.86918,0.7832,0.83934,0.57199,1.12919,0.54181,0.85002,0,0,0,0,0,0,0,0,0,0,0,0,0,0,0,0,0,0,0,0,0,0,0,0,0,0,0,0,0,0,0,0.57199,4.02933e-05,1.34311e-05,4.02933e-05,1.34311e-05,4.02933e-05,1.34311e-05,4.02933e-05,1.34311e-05
772,75642.5,0.84134,0.42322,0.81369,0,0,0,0,0,0,0.12047,0.00196,0.00048,0,0,0,0,0,0,0,0,0,0,0,0,0,0,0.52317,0.15966,0,0,0.50025,0.0635,0.50826,0.49977,0.86938,0.78341,0.83931,0.57232,1.12912,0.54194,0.85,0,0,0,0,0,0,0,0,0,0,0,0,0,0,0,0,0,0,0,0,0,0,0,0,0,0,0,0,0,0,0,0.57232,3.96193e-05,1.32064e-05,3.96193e-05,1.32064e-05,3.96193e-05,1.32064e-05,3.96193e-05,1.32064e-05
773,75735.9,0.83649,0.4217,0.81051,0,0,0,0,0,0,0.11842,0.00196,0.00064,0,0,0,0,0,0,0,0,0,0,0,0,0,0,0.51955,0.15961,0,0,0.5002,0.06345,0.50771,0.49972,0.86977,0.78259,0.83918,0.57201,1.12929,0.54192,0.85003,0,0,0,0,0,0,0,0,0,0,0,0,0,0,0,0,0,0,0,0,0,0,0,0,0,0,0,0,0,0,0,0.57201,3.8968e-05,1.29893e-05,3.8968e-05,1.29893e-05,3.8968e-05,1.29893e-05,3.8968e-05,1.29893e-05
774,75830,0.83982,0.42347,0.81137,0,0,0,0,0,0,0.11601,0.00197,0.00058,2e-05,0,0,0,0,0,0,0,0,0,0,0,0,0,0.52134,0.15943,0,0,0.50019,0.06349,0.50857,0.49994,0.86884,0.78233,0.839,0.57247,1.1292,0.54213,0.85002,0,0,0,0,0,0,0,0,0,0,0,0,0,0,0,0,0,0,0,0,0,0,0,0,0,0,0,0,0,0,0,0.57247,3.83394e-05,1.27798e-05,3.83394e-05,1.27798e-05,3.83394e-05,1.27798e-05,3.83394e-05,1.27798e-05
775,75924.7,0.84079,0.42445,0.81366,0,0,0,0,0,0,0.12315,0.00196,0.00073,1e-05,0,0,0,0,0,0,0,0,0,0,0,0,0,0.52042,0.15925,0,0,0.50028,0.06347,0.50813,0.50003,0.86899,0.7835,0.83938,0.57234,1.12886,0.54192,0.84998,0,0,0,0,0,0,0,0,0,0,0,0,0,0,0,0,0,0,0,0,0,0,0,0,0,0,0,0,0,0,0,0.57234,3.77337e-05,1.25779e-05,3.77337e-05,1.25779e-05,3.77337e-05,1.25779e-05,3.77337e-05,1.25779e-05
776,76019.7,0.84186,0.42539,0.81205,0,0,0,0,0,0,0.12652,0.00196,0.00062,0,0,0,0,0,0,0,0,0,0,0,0,0,0,0.52029,0.15918,0,0,0.50025,0.06349,0.50665,0.49975,0.86977,0.78364,0.83918,0.57202,1.12874,0.54178,0.84998,0,0,0,0,0,0,0,0,0,0,0,0,0,0,0,0,0,0,0,0,0,0,0,0,0,0,0,0,0,0,0,0.57202,3.71507e-05,1.23836e-05,3.71507e-05,1.23836e-05,3.71507e-05,1.23836e-05,3.71507e-05,1.23836e-05
777,76112.3,0.83916,0.42328,0.81178,0,0,0,0,0,0,0.12285,0.00196,0.00057,0,0,0,0,0,0,0,0,0,0,0,0,0,0,0.52179,0.1589,0,0,0.50023,0.0635,0.50832,0.49974,0.86927,0.78305,0.83928,0.5724,1.12861,0.54197,0.8499,0,0,0,0,0,0,0,0,0,0,0,0,0,0,0,0,0,0,0,0,0,0,0,0,0,0,0,0,0,0,0,0.5724,3.65905e-05,1.21968e-05,3.65905e-05,1.21968e-05,3.65905e-05,1.21968e-05,3.65905e-05,1.21968e-05
778,76205.3,0.84504,0.42587,0.81187,0,0,0,0,0,0,0.11846,0.00196,0.00085,0,0,0,0,0,0,0,0,0,0,0,0,0,0,0.52228,0.15909,0,0,0.50014,0.06338,0.50781,0.4999,0.86911,0.78319,0.8395,0.57232,1.12879,0.54171,0.84994,0,0,0,0,0,0,0,0,0,0,0,0,0,0,0,0,0,0,0,0,0,0,0,0,0,0,0,0,0,0,0,0.57232,3.60531e-05,1.20177e-05,3.60531e-05,1.20177e-05,3.60531e-05,1.20177e-05,3.60531e-05,1.20177e-05
779,76300.5,0.84344,0.42374,0.81256,0,0,0,0,0,0,0.12125,0.00196,0.00055,1e-05,0,0,0,0,0,0,0,0,0,0,0,0,0,0.5165,0.15935,0,0,0.50025,0.06347,0.50737,0.50001,0.86882,0.78294,0.83917,0.57222,1.12889,0.54177,0.84991,0,0,0,0,0,0,0,0,0,0,0,0,0,0,0,0,0,0,0,0,0,0,0,0,0,0,0,0,0,0,0,0.57222,3.55385e-05,1.18462e-05,3.55385e-05,1.18462e-05,3.55385e-05,1.18462e-05,3.55385e-05,1.18462e-05
780,76393.6,0.845,0.42372,0.81291,0,0,0,0,0,0,0.12033,0.00196,0.00062,1e-05,0,0,0,0,0,0,0,0,0,0,0,0,0,0.5167,0.15967,0,0,0.50017,0.06345,0.50797,0.49992,0.86911,0.78321,0.83916,0.57254,1.12835,0.54158,0.84988,0,0,0,0,0,0,0,0,0,0,0,0,0,0,0,0,0,0,0,0,0,0,0,0,0,0,0,0,0,0,0,0.57254,3.50467e-05,1.16822e-05,3.50467e-05,1.16822e-05,3.50467e-05,1.16822e-05,3.50467e-05,1.16822e-05
781,76487,0.84782,0.42619,0.81272,0,0,0,0,0,0,0.12383,0.00195,0.00076,0,0,0,0,0,0,0,0,0,0,0,0,0,0,0.52014,0.15961,0,0,0.50031,0.06345,0.50827,0.50006,0.86877,0.78294,0.83892,0.57229,1.12858,0.54174,0.84994,0,0,0,0,0,0,0,0,0,0,0,0,0,0,0,0,0,0,0,0,0,0,0,0,0,0,0,0,0,0,0,0.57229,3.45778e-05,1.15259e-05,3.45778e-05,1.15259e-05,3.45778e-05,1.15259e-05,3.45778e-05,1.15259e-05
782,76579.5,0.83775,0.42316,0.81258,0,0,0,0,0,0,0.11759,0.00196,0.00057,0,0,0,0,0,0,0,0,0,0,0,0,0,0,0.51846,0.15966,0,0,0.50023,0.06341,0.50779,0.49998,0.86971,0.78276,0.83924,0.57241,1.12839,0.54145,0.84995,0,0,0,0,0,0,0,0,0,0,0,0,0,0,0,0,0,0,0,0,0,0,0,0,0,0,0,0,0,0,0,0.57241,3.41316e-05,1.13772e-05,3.41316e-05,1.13772e-05,3.41316e-05,1.13772e-05,3.41316e-05,1.13772e-05
783,76666.5,0.84173,0.42353,0.81117,0,0,0,0,0,0,0.11828,0.00196,0.00079,6e-05,0,0,0,0,0,0,0,0,0,0,0,0,0,0.52215,0.15975,0,0,0.50014,0.0634,0.50763,0.49967,0.86919,0.7834,0.8399,0.5726,1.12819,0.54136,0.84995,0,0,0,0,0,0,0,0,0,0,0,0,0,0,0,0,0,0,0,0,0,0,0,0,0,0,0,0,0,0,0,0.5726,3.37083e-05,1.12361e-05,3.37083e-05,1.12361e-05,3.37083e-05,1.12361e-05,3.37083e-05,1.12361e-05
784,76751.8,0.83719,0.42253,0.81352,0,0,0,0,0,0,0.12396,0.00196,0.00048,0,0,0,0,0,0,0,0,0,0,0,0,0,0,0.52018,0.16,0,0,0.50019,0.06342,0.50778,0.49973,0.87006,0.78392,0.84029,0.57251,1.12826,0.54143,0.84991,0,0,0,0,0,0,0,0,0,0,0,0,0,0,0,0,0,0,0,0,0,0,0,0,0,0,0,0,0,0,0,0.57251,3.33079e-05,1.11026e-05,3.33079e-05,1.11026e-05,3.33079e-05,1.11026e-05,3.33079e-05,1.11026e-05
785,76838.5,0.8349,0.42046,0.81251,0,0,0,0,0,0,0.12005,0.00196,0.00058,0,0,0,0,0,0,0,0,0,0,0,0,0,0,0.52777,0.16005,0,0,0.5002,0.0635,0.50755,0.49994,0.86918,0.78325,0.83947,0.57257,1.12822,0.54136,0.84994,0,0,0,0,0,0,0,0,0,0,0,0,0,0,0,0,0,0,0,0,0,0,0,0,0,0,0,0,0,0,0,0.57257,3.29303e-05,1.09768e-05,3.29303e-05,1.09768e-05,3.29303e-05,1.09768e-05,3.29303e-05,1.09768e-05
786,76924.3,0.84589,0.42469,0.81377,0,0,0,0,0,0,0.12425,0.00198,0.00081,0,0,0,0,0,0,0,0,0,0,0,0,0,0,0.51812,0.15944,0,0,0.50015,0.0634,0.50761,0.49988,0.86989,0.78294,0.83962,0.57239,1.12804,0.54147,0.84985,0,0,0,0,0,0,0,0,0,0,0,0,0,0,0,0,0,0,0,0,0,0,0,0,0,0,0,0,0,0,0,0.57239,3.25756e-05,1.08585e-05,3.25756e-05,1.08585e-05,3.25756e-05,1.08585e-05,3.25756e-05,1.08585e-05
787,77010,0.84199,0.42398,0.81317,0,0,0,0,0,0,0.12788,0.00197,0.00058,0,0,0,0,0,0,0,0,0,0,0,0,0,0,0.51536,0.15945,0,0,0.50028,0.06346,0.50797,0.50003,0.87039,0.78285,0.83975,0.57257,1.12789,0.5412,0.84986,0,0,0,0,0,0,0,0,0,0,0,0,0,0,0,0,0,0,0,0,0,0,0,0,0,0,0,0,0,0,0,0.57257,3.22437e-05,1.07479e-05,3.22437e-05,1.07479e-05,3.22437e-05,1.07479e-05,3.22437e-05,1.07479e-05
788,77096,0.84063,0.42368,0.81206,0,0,0,0,0,0,0.1202,0.00198,0.00062,0,0,0,0,0,0,0,0,0,0,0,0,0,0,0.52143,0.1596,0,0,0.50026,0.0635,0.50764,0.49999,0.87064,0.78223,0.83982,0.57256,1.12807,0.5412,0.84986,0,0,0,0,0,0,0,0,0,0,0,0,0,0,0,0,0,0,0,0,0,0,0,0,0,0,0,0,0,0,0,0.57256,3.19347e-05,1.06449e-05,3.19347e-05,1.06449e-05,3.19347e-05,1.06449e-05,3.19347e-05,1.06449e-05
789,77182.9,0.84565,0.42422,0.81062,0,0,0,0,0,0,0.11889,0.00195,0.00064,3e-05,0,0,0,0,0,0,0,0,0,0,0,0,0,0.5189,0.15926,0,0,0.50014,0.06339,0.50701,0.49989,0.87203,0.7822,0.84,0.57249,1.12808,0.54138,0.84987,0,0,0,0,0,0,0,0,0,0,0,0,0,0,0,0,0,0,0,0,0,0,0,0,0,0,0,0,0,0,0,0.57249,3.16485e-05,1.05495e-05,3.16485e-05,1.05495e-05,3.16485e-05,1.05495e-05,3.16485e-05,1.05495e-05
790,77269.6,0.84307,0.42543,0.81284,0,0,0,0,0,0,0.12844,0.00197,0.00067,0,0,0,0,0,0,0,0,0,0,0,0,0,0,0.52039,0.15994,0,0,0.50017,0.06344,0.50767,0.49991,0.87031,0.78343,0.8399,0.57256,1.12818,0.54151,0.84988,0,0,0,0,0,0,0,0,0,0,0,0,0,0,0,0,0,0,0,0,0,0,0,0,0,0,0,0,0,0,0,0.57256,3.13853e-05,1.04618e-05,3.13853e-05,1.04618e-05,3.13853e-05,1.04618e-05,3.13853e-05,1.04618e-05
791,77356.4,0.84433,0.42546,0.81335,0,0,0,0,0,0,0.12355,0.00197,0.00066,0,0,0,0,0,0,0,0,0,0,0,0,0,0,0.52088,0.15986,0,0,0.50017,0.06331,0.50812,0.49993,0.87186,0.78268,0.84029,0.57273,1.12806,0.54159,0.84988,0,0,0,0,0,0,0,0,0,0,0,0,0,0,0,0,0,0,0,0,0,0,0,0,0,0,0,0,0,0,0,0.57273,3.11449e-05,1.03816e-05,3.11449e-05,1.03816e-05,3.11449e-05,1.03816e-05,3.11449e-05,1.03816e-05
792,77445.2,0.83802,0.42302,0.81286,0,0,0,0,0,0,0.11449,0.00196,0.00068,0,0,0,0,0,0,0,0,0,0,0,0,0,0,0.51954,0.15957,0,0,0.5003,0.06346,0.5078,0.49982,0.87278,0.78158,0.84003,0.57261,1.12807,0.54138,0.84987,0,0,0,0,0,0,0,0,0,0,0,0,0,0,0,0,0,0,0,0,0,0,0,0,0,0,0,0,0,0,0,0.57261,3.09274e-05,1.03091e-05,3.09274e-05,1.03091e-05,3.09274e-05,1.03091e-05,3.09274e-05,1.03091e-05
793,77531.5,0.84277,0.42479,0.81296,0,0,0,0,0,0,0.12558,0.00197,0.00066,0,0,0,0,0,0,0,0,0,0,0,0,0,0,0.52109,0.15985,0,0,0.50025,0.0634,0.50795,0.49999,0.87105,0.78199,0.83984,0.57276,1.12788,0.54161,0.84979,0,0,0,0,0,0,0,0,0,0,0,0,0,0,0,0,0,0,0,0,0,0,0,0,0,0,0,0,0,0,0,0.57276,3.07328e-05,1.02443e-05,3.07328e-05,1.02443e-05,3.07328e-05,1.02443e-05,3.07328e-05,1.02443e-05
794,77617.3,0.84379,0.4261,0.81205,0,0,0,0,0,0,0.1243,0.00196,0.00067,0,0,0,0,0,0,0,0,0,0,0,0,0,0,0.51757,0.1598,0,0,0.50025,0.06344,0.50665,0.49976,0.87239,0.78284,0.84017,0.57263,1.12777,0.54146,0.8498,0,0,0,0,0,0,0,0,0,0,0,0,0,0,0,0,0,0,0,0,0,0,0,0,0,0,0,0,0,0,0,0.57263,3.0561e-05,1.0187e-05,3.0561e-05,1.0187e-05,3.0561e-05,1.0187e-05,3.0561e-05,1.0187e-05
795,77702.8,0.84028,0.42202,0.81212,0,0,0,0,0,0,0.12014,0.00196,0.00065,0,0,0,0,0,0,0,0,0,0,0,0,0,0,0.51878,0.16043,0,0,0.50022,0.06346,0.50811,0.49996,0.87183,0.78218,0.84031,0.57269,1.12803,0.54151,0.84984,0,0,0,0,0,0,0,0,0,0,0,0,0,0,0,0,0,0,0,0,0,0,0,0,0,0,0,0,0,0,0,0.57269,3.04122e-05,1.01374e-05,3.04122e-05,1.01374e-05,3.04122e-05,1.01374e-05,3.04122e-05,1.01374e-05
796,77789,0.84034,0.42426,0.81138,0,0,0,0,0,0,0.11967,0.00197,0.00074,1e-05,0,0,0,0,0,0,0,0,0,0,0,0,0,0.51788,0.16026,0,0,0.50023,0.06347,0.50868,0.49998,0.87095,0.78285,0.84017,0.57236,1.12799,0.54161,0.84985,0,0,0,0,0,0,0,0,0,0,0,0,0,0,0,0,0,0,0,0,0,0,0,0,0,0,0,0,0,0,0,0.57236,3.02862e-05,1.00954e-05,3.02862e-05,1.00954e-05,3.02862e-05,1.00954e-05,3.02862e-05,1.00954e-05
797,77874.9,0.84076,0.42367,0.81257,0,0,0,0,0,0,0.12521,0.00196,0.00059,2e-05,0,0,0,0,0,0,0,0,0,0,0,0,0,0.5181,0.15983,0,0,0.50026,0.06344,0.50741,0.50001,0.87055,0.78279,0.83989,0.57228,1.12805,0.54159,0.84984,0,0,0,0,0,0,0,0,0,0,0,0,0,0,0,0,0,0,0,0,0,0,0,0,0,0,0,0,0,0,0,0.57228,3.01832e-05,1.00611e-05,3.01832e-05,1.00611e-05,3.01832e-05,1.00611e-05,3.01832e-05,1.00611e-05
798,77961.2,0.84461,0.4251,0.81079,0,0,0,0,0,0,0.12491,0.00195,0.00061,0,0,0,0,0,0,0,0,0,0,0,0,0,0,0.52179,0.15945,0,0,0.50029,0.06354,0.50757,0.50004,0.87116,0.78339,0.84031,0.57213,1.12799,0.54143,0.84988,0,0,0,0,0,0,0,0,0,0,0,0,0,0,0,0,0,0,0,0,0,0,0,0,0,0,0,0,0,0,0,0.57213,3.01031e-05,1.00344e-05,3.01031e-05,1.00344e-05,3.01031e-05,1.00344e-05,3.01031e-05,1.00344e-05
799,78047.1,0.84369,0.42545,0.81426,0,0,0,0,0,0,0.13288,0.00196,0.0006,0,0,0,0,0,0,0,0,0,0,0,0,0,0,0.51627,0.15974,0,0,0.5004,0.06351,0.50748,0.49992,0.87144,0.78225,0.84013,0.57225,1.1283,0.54157,0.84987,0,0,0,0,0,0,0,0,0,0,0,0,0,0,0,0,0,0,0,0,0,0,0,0,0,0,0,0,0,0,0,0.57225,3.00458e-05,1.00153e-05,3.00458e-05,1.00153e-05,3.00458e-05,1.00153e-05,3.00458e-05,1.00153e-05
800,78133.2,0.84422,0.42499,0.81335,0,0,0,0,0,0,0.12081,0.00198,0.00061,0,0,0,0,0,0,0,0,0,0,0,0,0,0,0.5181,0.15985,0,0,0.50037,0.06357,0.50767,0.50011,0.87153,0.78233,0.84019,0.57254,1.12812,0.54151,0.84991,0,0,0,0,0,0,0,0,0,0,0,0,0,0,0,0,0,0,0,0,0,0,0,0,0,0,0,0,0,0,0,0.57254,3.00115e-05,1.00038e-05,3.00115e-05,1.00038e-05,3.00115e-05,1.00038e-05,3.00115e-05,1.00038e-05
