epoch,mode,student_box_loss,student_obj_loss,student_cls_loss,teacher_box_loss,teacher_obj_loss,teacher_cls_loss,kd_total_loss,lld_loss,fld_loss,rld_loss,ccl_loss,kd_to_student_det_ratio,atkd_weight,ccl_weight,atkd_loss,weighted_atkd_loss,weighted_ccl_loss,kd_scale,weighted_kd_to_student_det_ratio,cop_valid_candidates,cop_positive_candidates,cop_positive_ratio,cop_class0_count,cop_class1_count,cop_class2_count,neg_candidates_mean,temperature_mean,temperature_min,temperature_max,feature_capture_ok,student_feature_levels,teacher_feature_levels,nan_or_inf_detected
0,paper_full,0.09916993230581284,0.007402564864605665,0.014209035784006119,0.09381616115570068,0.007672755513340235,0.01189703494310379,1.4003064632415771,0.0215630903840065,0.43660756945610046,0.24919246137142181,0.6929425597190857,0.3756692785128529,1.0,1.0,0.7073628325218209,0.7073628325218209,0.6929420944392551,0.0,0.0,799.8257080610022,610.2549019607843,0.7686542709702866,467.86056644880176,115.14814814814815,27.246187363834423,564.9321110877077,3.981267161358935,3.8359868152468812,4.155555914170342,1.0,3.0,3.0,0.0
1,paper_full,0.07737760245800018,0.007419147063046694,0.006402366794645786,0.06531217694282532,0.007136024069041014,0.004131846129894257,1.2067160606384277,0.01689005084335804,0.33617496490478516,0.1601691097021103,0.6934831738471985,0.41623652773485204,1.0,1.0,0.5132339339630276,0.5132339339630276,0.6934822730249309,0.33333333333333326,0.13874551291883902,792.8082788671024,756.3028322440088,0.954912630437895,509.4117647058824,174.37254901960785,72.51851851851852,524.2799710541768,3.2793645058841747,3.100912654062242,3.4759572284673554,1.0,3.0,3.0,0.0
2,paper_full,0.07702139765024185,0.0071891602128744125,0.005870945286005735,0.0646066665649414,0.006861946079879999,0.003898141672834754,1.0413950681686401,0.017494499683380127,0.1859235018491745,0.14437298476696014,0.6936050653457642,0.36479078619568434,1.0,1.0,0.34779102506201254,0.34779102506201254,0.6936044561836974,0.6666666666666665,0.24319386566646217,800.3246187363834,762.5424836601308,0.9527958787443891,508.3834422657952,175.30936819172112,78.84967320261438,527.8939862552552,3.1792833618089262,3.034602398965873,3.3443475387714527,1.0,3.0,3.0,0.0
3,paper_full,0.07794056832790375,0.007280732039362192,0.006504843942821026,0.0677395835518837,0.007127424236387014,0.004358987789601088,1.007208228111267,0.017974138259887695,0.1353476643562317,0.16046778857707977,0.6934189200401306,0.3469822474944046,1.0,1.0,0.31378931050596676,0.31378931050596676,0.6934183051643289,1.0,0.3469822474944046,799.4814814814815,751.4204793028323,0.9409169137315503,499.7538126361656,176.30718954248366,75.359477124183,534.1608713187424,3.173525301719283,3.0088410543720188,3.3681433242390617,1.0,3.0,3.0,0.0
4,paper_full,0.07628461718559265,0.007195591926574707,0.005790160037577152,0.0643823966383934,0.0069296034052968025,0.003936868626624346,1.0033153295516968,0.017247958108782768,0.14639395475387573,0.14639896154403687,0.6932737827301025,0.35478398995981236,1.0,1.0,0.3100408349746193,0.3100408349746193,0.6932735278196065,1.0,0.35478398995981236,804.4270152505446,761.2701525054466,0.9461600389595318,500.7647058823529,179.03485838779957,81.47058823529412,532.5424980878311,3.1001688374413385,2.961778963313383,3.2677625596912856,1.0,3.0,3.0,0.0
5,paper_full,0.07371673732995987,0.007112228311598301,0.0049760169349610806,0.06117730587720871,0.0067800795659422874,0.0032706635538488626,0.9450092315673828,0.016688600182533264,0.10215701162815094,0.13272085785865784,0.693443775177002,0.34748931134967764,1.0,1.0,0.2515660775642769,0.2515660775642769,0.6934433257398003,1.0,0.34748931134967764,801.1546840958606,763.281045751634,0.9536194630806601,500.47712418300654,177.10675381263616,85.69716775599129,533.0559337341707,3.0642450364846288,2.930709664857985,3.2279477431104073,1.0,3.0,3.0,0.0
6,paper_full,0.07272886484861374,0.00714668445289135,0.004678371828049421,0.060335420072078705,0.006743735633790493,0.0031186393462121487,0.935956597328186,0.016335224732756615,0.09744496643543243,0.12863706052303314,0.6935389637947083,0.3503300628111513,1.0,1.0,0.24241708910543155,0.24241708910543155,0.6935385529252179,1.0,0.3503300628111513,806.718954248366,772.5141612200435,0.9579826282545797,506.8169934640523,182.40958605664488,83.2875816993464,531.5370508497317,3.0442724243488186,2.916732173080278,3.2014654939730445,1.0,3.0,3.0,0.0
7,paper_full,0.07189063727855682,0.007006008643656969,0.004404309205710888,0.05892559885978699,0.0066275764256715775,0.0029812667053192854,0.9260058403015137,0.016174713149666786,0.09577157348394394,0.12056582421064377,0.6934930086135864,0.3523399568850698,1.0,1.0,0.23251204452353624,0.23251204452353624,0.6934926687762109,1.0,0.3523399568850698,803.5228758169935,770.9607843137255,0.9599365205402626,514.5381263616558,176.5599128540305,79.86274509803921,526.8467803489668,3.0109534336331105,2.8954225059168532,3.1542517474014513,1.0,3.0,3.0,0.0
8,paper_full,0.07095883041620255,0.006952754221856594,0.004114552401006222,0.05840092524886131,0.006539738737046719,0.0027427615132182837,0.9075273871421814,0.015960361808538437,0.08411192893981934,0.11394207924604416,0.6935137510299683,0.35039370297606476,1.0,1.0,0.21401424874797106,0.21401424874797106,0.6935133000344752,1.0,0.35039370297606476,801.6514161220043,771.7429193899782,0.9634743143206675,511.1263616557734,174.93028322440088,85.68627450980392,527.9844012624038,2.9952205474080604,2.8904509705395998,3.1333757111709364,1.0,3.0,3.0,0.0
9,paper_full,0.06968189775943756,0.006989727262407541,0.003937522880733013,0.05668406933546066,0.0064955600537359715,0.0026374466251581907,0.9096361398696899,0.015726296231150627,0.07889585196971893,0.12141214311122894,0.6936017274856567,0.35769832874435226,1.0,1.0,0.21603411895452243,0.21603411895452243,0.6936012038997575,1.0,0.35769832874435226,801.6732026143791,772.0370370370371,0.9634628625791889,509.8235294117647,177.35294117647058,84.86056644880175,528.3587647814117,3.0038555639761464,2.8846362089019975,3.1540189552930444,1.0,3.0,3.0,0.0
10,paper_full,0.06965063512325287,0.006889049429446459,0.0037749491166323423,0.05668248236179352,0.006334045901894569,0.002595882397145033,0.9029884934425354,0.0156632661819458,0.08223015815019608,0.11166203022003174,0.6934322118759155,0.3569177466410178,1.0,1.0,0.20955534745210655,0.20955534745210655,0.6934324353608691,1.0,0.3569177466410178,796.8605664488017,767.3267973856209,0.9634681608125392,508.359477124183,173.87799564270153,85.08932461873638,524.8827308538433,2.9798713036871685,2.878904518218861,3.1085698563029305,1.0,3.0,3.0,0.0
11,paper_full,0.06818904727697372,0.0068430788815021515,0.0037996808532625437,0.05538473650813103,0.00629763025790453,0.002305378206074238,0.8932806849479675,0.015302496030926704,0.07768487930297852,0.10649597644805908,0.6937972903251648,0.3583818100766159,1.0,1.0,0.19948308565907488,0.19948308565907488,0.6937969776280305,1.0,0.3583818100766159,795.7538126361655,771.4662309368192,0.9698230509715499,506.797385620915,179.10021786492374,85.56862745098039,524.9230359312236,2.967503811019698,2.861932590896008,3.0981630769949855,1.0,3.0,3.0,0.0
12,paper_full,0.06785206496715546,0.0068488456308841705,0.0035262340679764748,0.054592546075582504,0.00630012946203351,0.0023260454181581736,0.9044747352600098,0.015158649533987045,0.08811534196138382,0.10758280754089355,0.693617582321167,0.36503716290386673,1.0,1.0,0.21085668913614256,0.21085668913614256,0.6936173876646038,1.0,0.36503716290386673,804.8387799564271,779.1176470588235,0.9683648695833316,509.8910675381264,179.838779956427,89.38779956427015,529.7178788195508,2.961117238520537,2.864126787206446,3.083571770092501,1.0,3.0,3.0,0.0
13,paper_full,0.06772910803556442,0.006741872988641262,0.003520489437505603,0.05450034514069557,0.006171195302158594,0.0023837110493332148,0.8784395456314087,0.01493436936289072,0.06456451117992401,0.10534884035587311,0.6935911774635315,0.35721476048166195,1.0,1.0,0.1848476989141996,0.1848476989141996,0.6935911008475393,1.0,0.35721476048166195,787.8278867102397,762.2984749455337,0.9680421449861385,504.40305010893246,178.0479302832244,79.8474945533769,513.5232521339699,2.9753827570830036,2.8674659806918474,3.109630278252828,1.0,3.0,3.0,0.0
14,paper_full,0.06765760481357574,0.006863784976303577,0.003382223192602396,0.05455200746655464,0.006291294936090708,0.002345073502510786,0.8786649703979492,0.015027139335870743,0.06626342236995697,0.1038699671626091,0.693505048751831,0.3571888551213383,1.0,1.0,0.1851605026290827,0.1851605026290827,0.6935040870263426,1.0,0.3571888551213383,815.4531590413943,788.8409586056645,0.9677330479251827,509.77995642701524,186.34640522875816,92.71459694989107,537.8442414726308,2.9581513659367116,2.8612224982974315,3.084599751532727,1.0,3.0,3.0,0.0
15,paper_full,0.06711592525243759,0.006825445219874382,0.003330818610265851,0.053947653621435165,0.006203086115419865,0.002249453216791153,0.8751963973045349,0.01485507283359766,0.06522297114133835,0.10149406641721725,0.6936240196228027,0.3585584652255044,1.0,1.0,0.18157212945890322,0.18157212945890322,0.6936238914533378,1.0,0.3585584652255044,802.8932461873638,779.1873638344226,0.9706724309247156,509.6884531590414,179.87581699346404,89.62309368191721,526.1645016472844,2.9405760687161115,2.8514573246824977,3.0508255818310905,1.0,3.0,3.0,0.0
16,paper_full,0.06694617122411728,0.006829861085861921,0.0035123927518725395,0.053730640560388565,0.0061745173297822475,0.002438770141452551,0.8751621246337891,0.014861950650811195,0.06019749864935875,0.10651672631502151,0.6935856938362122,0.35865209246772567,1.0,1.0,0.18157602655082486,0.18157602655082486,0.6935856581253683,1.0,0.35865209246772567,803.4553376906318,778.5076252723312,0.9689386458339663,516.7320261437909,171.34858387799565,90.42701525054466,531.257095636106,2.9683801810985555,2.857682615064068,3.113117622653903,1.0,3.0,3.0,0.0
17,paper_full,0.06651609390974045,0.006750782486051321,0.003355193417519331,0.0527774877846241,0.006064727436751127,0.0021246671676635742,0.8702736496925354,0.014582904987037182,0.06115882098674774,0.10250981152057648,0.6920221447944641,0.357796348712543,1.0,1.0,0.17825141493920926,0.17825141493920926,0.6920217319771096,1.0,0.357796348712543,802.1960784313726,780.1938997821351,0.9730070877946684,508.6296296296296,183.68191721132897,87.88235294117646,523.0468541895382,2.9460337858054633,2.852635622024536,3.06239855627089,1.0,3.0,3.0,0.0
18,paper_full,0.0660623237490654,0.006776465103030205,0.003333279862999916,0.05240829288959503,0.006099330727010965,0.0021372386254370213,0.8713057637214661,0.014809640124440193,0.061949148774147034,0.10082130134105682,0.6937257647514343,0.36388467904788996,1.0,1.0,0.17758001328683368,0.17758001328683368,0.6937253879046388,1.0,0.36388467904788996,796.8801742919389,773.7276688453159,0.9715496380419801,516.6296296296297,178.77124183006535,78.32679738562092,524.3438769238707,2.9356782114323967,2.847731955950037,3.047055501044446,1.0,3.0,3.0,0.0
19,paper_full,0.06592351943254471,0.006721107754856348,0.003269911976531148,0.05263397842645645,0.006091192364692688,0.0022628451697528362,0.8850519061088562,0.01481759175658226,0.07360757142305374,0.10291738063097,0.6937090158462524,0.3699677380731163,1.0,1.0,0.19134240751692413,0.19134240751692413,0.6937089761098226,1.0,0.3699677380731163,797.0566448801743,771.9803921568628,0.9689439597383251,509.1045751633987,181.62091503267973,81.25490196078431,523.0243420569725,2.947067979633938,2.8499636722805715,3.0698273587071037,1.0,3.0,3.0,0.0
20,paper_full,0.06559382379055023,0.0067699928767979145,0.003411468816921115,0.051860447973012924,0.00607736362144351,0.001993634970858693,0.876071035861969,0.01481117494404316,0.06475780159235,0.10271040350198746,0.6937919855117798,0.36591733761602496,1.0,1.0,0.18227931365273356,0.18227931365273356,0.6937917209918203,1.0,0.36591733761602496,810.4291938997821,787.834422657952,0.9728411883185942,510.3355119825708,181.78649237472766,95.7124183006536,533.8765575932522,2.9361820631297326,2.843228065370215,3.0562191991245045,1.0,3.0,3.0,0.0
21,paper_full,0.0646137222647667,0.006708940956741571,0.002805671887472272,0.05131281912326813,0.0060372003354132175,0.0018581313779577613,0.8691040873527527,0.014265555888414383,0.06080736219882965,0.10037757456302643,0.6936532855033875,0.37088015857345397,1.0,1.0,0.17545045613593266,0.17545045613593266,0.6936528050302161,1.0,0.37088015857345397,799.6230936819172,778.0457516339869,0.9733907438189099,508.7037037037037,181.67538126361657,87.66666666666667,523.3751043847443,2.920357295370829,2.8442385555092806,3.0203693754532757,1.0,3.0,3.0,0.0
22,paper_full,0.0648069828748703,0.006629691459238529,0.003156761871650815,0.05185028910636902,0.005981539376080036,0.002141570206731558,0.8572906255722046,0.014528835192322731,0.053388725966215134,0.09555444866418839,0.6938183903694153,0.36406613233821844,1.0,1.0,0.16347178320089975,0.16347178320089975,0.6938181858436734,1.0,0.36406613233821844,796.2854030501089,773.2962962962963,0.9718299502679818,506.5098039215686,178.93246187363835,87.85403050108933,523.4244882089121,2.939088577278819,2.845991848860431,3.060744462189851,1.0,3.0,3.0,0.0
23,paper_full,0.06474039703607559,0.006713453680276871,0.002926608081907034,0.05142882093787193,0.006070076022297144,0.0020617686677724123,0.8668614029884338,0.014384024776518345,0.06161367520689964,0.09724625200033188,0.6936176419258118,0.3691082488347762,1.0,1.0,0.1732439129473337,0.1732439129473337,0.6936167131841572,1.0,0.3691082488347762,803.7472766884532,779.6797385620915,0.9710637747814984,506.681917211329,183.0392156862745,89.95860566448802,528.1481632407194,2.9417463039780496,2.84943021460556,3.0621237614575554,1.0,3.0,3.0,0.0
24,paper_full,0.06475632637739182,0.006616693455725908,0.0028481739573180676,0.05161180719733238,0.005975893698632717,0.001900879549793899,0.8592557311058044,0.014576365239918232,0.05729931965470314,0.09365780651569366,0.6937223672866821,0.3672082598173021,1.0,1.0,0.16553342941344953,0.16553342941344953,0.6937220752369085,1.0,0.3672082598173021,794.1830065359477,772.8932461873638,0.9737909309777928,510.4640522875817,180.67320261437908,81.75599128540306,521.2008138419756,2.9252600815301366,2.840022332268343,3.0340759826901174,1.0,3.0,3.0,0.0
25,paper_full,0.06433791667222977,0.006668522488325834,0.002892265096306801,0.050998762249946594,0.005985389929264784,0.0019156760536134243,0.8605992197990417,0.014285964891314507,0.05928172916173935,0.09332204610109329,0.6937088370323181,0.3681920929152462,1.0,1.0,0.16688965780412968,0.16688965780412968,0.693708494338075,1.0,0.3681920929152462,799.0697167755991,778.9782135076252,0.975149137916044,513.8714596949891,176.68191721132897,88.42483660130719,524.4814955767463,2.915723476015145,2.836147632993644,3.0188740115279984,1.0,3.0,3.0,0.0
26,paper_full,0.06402342021465302,0.006591246463358402,0.0031238754745572805,0.05073457956314087,0.005896785296499729,0.0020141215063631535,0.8581221103668213,0.014024239964783192,0.05535683408379555,0.09512433409690857,0.6936171054840088,0.3688108336691763,1.0,1.0,0.16450540179260936,0.16450540179260936,0.6936164378860158,1.0,0.3688108336691763,788.4444444444445,767.2875816993464,0.9734911646130594,510.5119825708061,176.20479302832243,80.57080610021787,517.2048061927679,2.9286742038976135,2.8353806689933494,3.0544259418329642,1.0,3.0,3.0,0.0
27,paper_full,0.06348837167024612,0.00664514908567071,0.002719771582633257,0.05055190622806549,0.005942790303379297,0.00185781077016145,0.8704757690429688,0.014279834926128387,0.06596411019563675,0.09645025432109833,0.6937817931175232,0.37816955438106925,1.0,1.0,0.17669417783780295,0.17669417783780295,0.6937807063391526,1.0,0.37816955438106925,802.2941176470588,782.2962962962963,0.9755475776757011,511.8322440087146,182.31590413943354,88.14814814814815,529.8863634429466,2.9315076378176155,2.8371954800516432,3.0469509848841914,1.0,3.0,3.0,0.0
28,paper_full,0.0635906383395195,0.006579624023288488,0.0030523743480443954,0.05052059888839722,0.005912548862397671,0.002046498702839017,0.8525500893592834,0.014154568314552307,0.050685301423072815,0.09414926171302795,0.6935603022575378,0.36920333324174737,1.0,1.0,0.15898904561477029,0.15898904561477029,0.6935600296864063,1.0,0.36920333324174737,802.8605664488017,780.9346405228758,0.9729281225810507,505.63834422657953,183.2788671023965,92.01742919389979,529.0947863344014,2.9342618544377013,2.840772110392585,3.054538602662762,1.0,3.0,3.0,0.0
29,paper_full,0.06342620402574539,0.00657725939527154,0.0028773108497262,0.05021172761917114,0.005881226155906916,0.0018476789118722081,0.8492160439491272,0.014178639277815819,0.046509936451911926,0.09487287700176239,0.6936553120613098,0.3694579694785324,1.0,1.0,0.1555613032450863,0.1555613032450863,0.693654152043245,1.0,0.3694579694785324,791.2832244008714,770.5664488017429,0.9746367756958368,502.9106753812636,185.27450980392157,82.38126361655773,519.6699491347104,2.9186041749900205,2.8370440489326425,3.0263397387170063,1.0,3.0,3.0,0.0
30,paper_full,0.06389283388853073,0.006625649519264698,0.002998694544658065,0.050374969840049744,0.005915881600230932,0.002050024224445224,0.8553959131240845,0.014391438104212284,0.05397545546293259,0.09333653002977371,0.6936931610107422,0.3687164071858059,1.0,1.0,0.1617033133904139,0.1617033133904139,0.6936930647862503,1.0,0.3687164071858059,796.562091503268,775.3529411764706,0.9737128427829653,502.8169934640523,183.8954248366013,88.640522875817,519.9052427204606,2.9148279072672194,2.8322773753687707,3.0192855775745864,1.0,3.0,3.0,0.0
31,paper_full,0.06332852691411972,0.006658264901489019,0.0029925506096333265,0.05010885372757912,0.005920518655329943,0.0019121794030070305,0.8490012884140015,0.014044154435396194,0.052107393741607666,0.08921265602111816,0.6936381459236145,0.36853880417372925,1.0,1.0,0.1553640786176933,0.1553640786176933,0.6936373502860143,1.0,0.36853880417372925,800.0174291938998,779.5228758169935,0.9747232778234196,511.69934640522877,182.5359477124183,85.2875816993464,524.5526648959823,2.9156514658127994,2.8330862932475305,3.0213667006274454,1.0,3.0,3.0,0.0
32,paper_full,0.06273697316646576,0.0066651287488639355,0.002761807292699814,0.04949583113193512,0.005885319318622351,0.001872905413620174,0.8434768915176392,0.013746518641710281,0.04740936681628227,0.09019376337528229,0.692127525806427,0.37072549784689945,1.0,1.0,0.15134951402483943,0.15134951402483943,0.6921270403986662,1.0,0.37072549784689945,808.4901960784314,788.6318082788671,0.976164454845882,511.7516339869281,183.1590413943355,93.72113289760348,529.6757573478882,2.912892007100556,2.8349771868429414,3.0144721022878076,1.0,3.0,3.0,0.0
33,paper_full,0.06210419163107872,0.0065387701615691185,0.0025145532563328743,0.04943303018808365,0.00581047497689724,0.001651554019190371,0.842710018157959,0.013705029152333736,0.045678991824388504,0.0896938368678093,0.6936323046684265,0.3755865091851594,1.0,1.0,0.14907771780729814,0.14907771780729814,0.6936320017106133,1.0,0.3755865091851594,795.5163398692811,777.0457516339869,0.9768641011553757,508.921568627451,180.28322440087146,87.84095860566448,521.0101811693645,2.915291662569399,2.833378462490173,3.026647919922872,1.0,3.0,3.0,0.0
34,paper_full,0.06293439865112305,0.006606608629226685,0.002925048116594553,0.05019256845116615,0.0059128194116055965,0.0020027211867272854,0.8581116199493408,0.01400084886699915,0.058441974222660065,0.09203870594501495,0.693630039691925,0.37489440361918447,1.0,1.0,0.1644815012715221,0.1644815012715221,0.6936295758405282,1.0,0.37489440361918447,800.4226579520697,780.0544662309368,0.9746686570105761,510.91503267973854,177.30936819172112,91.83006535947712,526.1238349465763,2.9249737667881583,2.839951646094229,3.0346371036729,1.0,3.0,3.0,0.0
35,paper_full,0.06227964907884598,0.006568341515958309,0.0025786799378693104,0.04917134717106819,0.0058262948878109455,0.00164063461124897,0.8459186553955078,0.013809282332658768,0.0515325665473938,0.08680939674377441,0.6937683820724487,0.37512474089925846,1.0,1.0,0.1521511710287439,0.1521511710287439,0.6937678370600432,1.0,0.37512474089925846,800.9411764705883,783.0,0.978159159398332,513.7145969498911,181.2636165577342,88.02178649237473,523.6568774387467,2.904177217441966,2.8290256254034105,3.0009098956787508,1.0,3.0,3.0,0.0
36,paper_full,0.06236861273646355,0.006523933727294207,0.0026309648528695107,0.04958435893058777,0.005789629183709621,0.001797726028598845,0.8733157515525818,0.01399889588356018,0.07569664716720581,0.08978979289531708,0.6938307285308838,0.387394240868637,1.0,1.0,0.1794852679656222,0.1794852679656222,0.6938296662956022,1.0,0.387394240868637,792.9346405228758,773.9106753812637,0.9761440254637859,507.520697167756,178.3442265795207,88.04575163398692,520.3518659803602,2.903600957658556,2.8239135191591216,3.0055403460085004,1.0,3.0,3.0,0.0
37,paper_full,0.06242400407791138,0.006578464061021805,0.002645159373059869,0.049411751329898834,0.00581466406583786,0.0017079263925552368,0.847147524356842,0.013904087245464325,0.04978925734758377,0.08984547853469849,0.6936089396476746,0.37467533447384055,1.0,1.0,0.15353874880049484,0.15353874880049484,0.693608307890383,1.0,0.37467533447384055,794.7973856209151,776.3507625272331,0.9771998913776767,512.3071895424837,182.1677559912854,81.87581699346406,519.4767741949211,2.9100750204264987,2.8339435233529615,3.0064422871292544,1.0,3.0,3.0,0.0
38,paper_full,0.06246742233633995,0.006567248608916998,0.0026356661692261696,0.049202147871255875,0.0058191027492284775,0.001639071968384087,0.8445890545845032,0.013911937363445759,0.04911962151527405,0.08781255781650543,0.6937451958656311,0.3729451090941502,1.0,1.0,0.15084407463961957,0.15084407463961957,0.6937450125066803,1.0,0.3729451090941502,799.6318082788671,780.8387799564271,0.9770125261793255,512.9063180827886,183.46623093681916,84.46623093681917,525.2498335827929,2.913121904423034,2.8293509748246937,3.0220934555161754,1.0,3.0,3.0,0.0
39,paper_full,0.06172307953238487,0.00656878249719739,0.0025476175360381603,0.04876205697655678,0.005803266540169716,0.001752773066982627,0.8343147039413452,0.013602864928543568,0.042332157492637634,0.08459215611219406,0.6937878727912903,0.37311658977423356,1.0,1.0,0.14052710813634536,0.14052710813634536,0.6937872218150719,1.0,0.37311658977423356,799.3464052287582,780.1372549019608,0.9764305997290815,507.32026143790847,188.22222222222223,84.59477124183006,525.5889752955219,2.9010059766000653,2.8258576226909695,2.9981040180638465,1.0,3.0,3.0,0.0
40,paper_full,0.061734624207019806,0.0064916727133095264,0.002611977979540825,0.04854123294353485,0.005746443290263414,0.0016807526117190719,0.8406156897544861,0.01360272616147995,0.043863389641046524,0.08936357498168945,0.6937848329544067,0.3760734438117034,1.0,1.0,0.14682962350985584,0.14682962350985584,0.6937846718011079,1.0,0.3760734438117034,793.4684095860566,774.0348583877995,0.9761559234312555,509.078431372549,184.1851851851852,80.77124183006536,517.8856348773234,2.9114120983090537,2.8300656046482993,3.0167633785920986,1.0,3.0,3.0,0.0
41,paper_full,0.06188798323273659,0.0064872512593865395,0.00247866939753294,0.04880823567509651,0.0057380045764148235,0.001631439896300435,0.8425814509391785,0.013456984423100948,0.04654904827475548,0.09052757918834686,0.6920473575592041,0.3764156221629228,1.0,1.0,0.15053352302910197,0.15053352302910197,0.6920473263933767,1.0,0.3764156221629228,793.760348583878,776.1808278867103,0.9780266504063125,503.7429193899782,183.15032679738562,89.2875816993464,519.3627585949201,2.9112235767389434,2.8293066139054974,3.0157174679708376,1.0,3.0,3.0,0.0
42,paper_full,0.06135183572769165,0.006451262626796961,0.0025726300664246082,0.048865608870983124,0.0056862253695726395,0.0018199358601123095,0.8372998833656311,0.013266000896692276,0.04499500244855881,0.08558368682861328,0.6934545040130615,0.3765440884498729,1.0,1.0,0.14384456014581234,0.14384456014581234,0.693454561020554,1.0,0.3765440884498729,796.6535947712418,776.8213507625272,0.9759236723786967,505.0087145969499,180.01742919389977,91.79520697167756,524.4876676405697,2.9092603347919606,2.826419932650065,3.0152472005690365,1.0,3.0,3.0,0.0
43,paper_full,0.060949042439460754,0.006531648803502321,0.002471000887453556,0.04834247753024101,0.005727543495595455,0.0017425341065973043,0.8419592976570129,0.01344959158450365,0.04839362949132919,0.0863150879740715,0.6938014030456543,0.381101720343488,1.0,1.0,0.14815819784511927,0.14815819784511927,0.6938009025744104,1.0,0.381101720343488,807.2854030501089,788.7167755991286,0.9770401594804979,508.39433551198255,188.95424836601308,91.3681917211329,529.9488155057487,2.9058132836501844,2.8284088417335793,3.00363436815266,1.0,3.0,3.0,0.0
44,paper_full,0.06112215295433998,0.006539116147905588,0.0027716346085071564,0.048356328159570694,0.005726482719182968,0.0018215562449768186,0.841789722442627,0.013306451961398125,0.043249551206827164,0.09155590087175369,0.6936783790588379,0.3791170562404433,1.0,1.0,0.14811182233113349,0.14811182233113349,0.6936775121294075,1.0,0.3791170562404433,801.0087145969499,781.3246187363834,0.9759352996084433,511.2178649237473,184.6230936819172,85.48366013071896,524.899796163854,2.9173565014774763,2.832102716878089,3.0291067515063648,1.0,3.0,3.0,0.0
45,paper_full,0.06107206642627716,0.006521250586956739,0.002629023976624012,0.048284612596035004,0.005679476540535688,0.001780628226697445,0.8403642177581787,0.013440399430692196,0.0456574410200119,0.08757622539997101,0.6936899423599243,0.37892703091916435,1.0,1.0,0.1466738912145037,0.1466738912145037,0.6936895562932383,1.0,0.37892703091916435,797.9041394335512,779.437908496732,0.9771767552944911,511.1873638344227,183.041394335512,85.20915032679738,522.5468554527931,2.9115822917755394,2.830879846169798,3.0171118364354883,1.0,3.0,3.0,0.0
46,paper_full,0.06101211532950401,0.006485025864094496,0.002599273808300495,0.04876668006181717,0.005758711136877537,0.0018370063044130802,0.8415355086326599,0.013695996254682541,0.045732442289590836,0.08980000764131546,0.6923070549964905,0.37845739988460003,1.0,1.0,0.1492283530939119,0.1492283530939119,0.6923064062278514,1.0,0.37845739988460003,794.8736383442266,776.8082788671024,0.9774135601873026,506.48366013071893,185.11764705882354,85.2069716775599,518.527973083629,2.9003118055838124,2.8254819243561986,2.9970930635539537,1.0,3.0,3.0,0.0
47,paper_full,0.06078973039984703,0.006460279691964388,0.0025317082181572914,0.0482257679104805,0.005686176009476185,0.001606023870408535,0.8441141247749329,0.013352107256650925,0.043755825608968735,0.09338416159152985,0.6936226487159729,0.384131027592553,1.0,1.0,0.15049192314249238,0.15049192314249238,0.6936223373174147,1.0,0.384131027592553,793.8714596949891,776.2483660130719,0.9780547014448665,507.8496732026144,179.91285403050108,88.48583877995642,520.6946409636853,2.909272505047534,2.825589203367046,3.0232319447469607,1.0,3.0,3.0,0.0
48,paper_full,0.06084302440285683,0.006523325573652983,0.0024687156546860933,0.04829125851392746,0.005733492784202099,0.0017860234947875142,0.8338349461555481,0.013032997958362103,0.04038757458329201,0.0868455171585083,0.6935691237449646,0.37858147058871316,1.0,1.0,0.14026600219844992,0.14026600219844992,0.6935684565365444,1.0,0.37858147058871316,805.4444444444445,787.2592592592592,0.9779903901688276,508.520697167756,183.8257080610022,94.9128540305011,529.1902837483192,2.9003704975892775,2.8259489016854946,2.998651765790121,1.0,3.0,3.0,0.0
49,paper_full,0.06043688580393791,0.006526367273181677,0.0024239644408226013,0.04805987700819969,0.005776388570666313,0.00169503060169518,0.836765706539154,0.013326482847332954,0.043570999056100845,0.0861983522772789,0.6936694383621216,0.3820935933158808,1.0,1.0,0.14309576348541608,0.14309576348541608,0.6936688507564187,1.0,0.3820935933158808,802.7320261437909,783.6993464052288,0.9771048354563263,508.42047930283223,186.2004357298475,89.07843137254902,524.6067684397977,2.91211109639253,2.8308845948030226,3.019328005173627,1.0,3.0,3.0,0.0
50,paper_full,0.06027677282691002,0.006487532518804073,0.0023756653536111116,0.04847509413957596,0.0057616024278104305,0.001577787916176021,0.8352888226509094,0.01314771082252264,0.04292662441730499,0.0855516865849495,0.6936635375022888,0.38280611990064317,1.0,1.0,0.141625954548388,0.141625954548388,0.6936630005410553,1.0,0.38280611990064317,803.3267973856209,786.3137254901961,0.9790419995417899,509.2657952069717,183.92374727668846,93.12418300653594,524.9575305016212,2.898411245907054,2.827514422485252,2.9897384711080646,1.0,3.0,3.0,0.0
51,paper_full,0.06085371971130371,0.006470904685556889,0.002706376602873206,0.048072610050439835,0.005700606852769852,0.0017975078662857413,0.8356128334999084,0.0133066326379776,0.04315080866217613,0.08543891459703445,0.6937156915664673,0.3795628798293652,1.0,1.0,0.14189626765082344,0.14189626765082344,0.6937153910759487,1.0,0.3795628798293652,793.1437908496732,775.5359477124183,0.9781432174792033,508.94989106753815,179.50108932461873,87.08496732026144,516.7516474173219,2.907024913883417,2.8288903251972073,3.008166564056297,1.0,3.0,3.0,0.0
52,paper_full,0.0604533888399601,0.006449518259614706,0.0023748744279146194,0.04800973832607269,0.005727640353143215,0.0015999291790649295,0.8474089503288269,0.013107993640005589,0.05318039283156395,0.08739740401506424,0.6937229037284851,0.3884706430965,1.0,1.0,0.15368578458014137,0.15368578458014137,0.6937229021701937,1.0,0.3884706430965,796.9607843137255,778.875816993464,0.9774064200851053,507.0108932461874,182.14814814814815,89.71677559912854,519.4549886333657,2.90372749091753,2.8287617282410333,2.994582412549353,1.0,3.0,3.0,0.0
53,paper_full,0.06020427122712135,0.0064766439609229565,0.0024794787168502808,0.04800724983215332,0.0056889234110713005,0.001842060941271484,0.8358144760131836,0.013106638565659523,0.04161984473466873,0.08745370805263519,0.6936343908309937,0.38404502951761216,1.0,1.0,0.14218009745373444,0.14218009745373444,0.6936343151240048,1.0,0.38404502951761216,796.5228758169935,778.2592592592592,0.9772625077849967,507.69063180827885,183.9455337690632,86.62309368191721,519.1735799951491,2.899862519536403,2.8258925756857547,2.996372851411242,1.0,3.0,3.0,0.0
54,paper_full,0.060266029089689255,0.006381614599376917,0.002318559680134058,0.048239339143037796,0.005648134276270866,0.0015759062953293324,0.8963342308998108,0.013293544761836529,0.10324618220329285,0.08604228496551514,0.6937531232833862,0.41481099837745716,1.0,1.0,0.2025818951541562,0.2025818951541562,0.6937519698880596,1.0,0.41481099837745716,786.9564270152506,769.4553376906318,0.9778135002223434,506.7494553376906,177.7363834422658,84.96949891067538,514.0268825289991,2.892925616183312,2.8238458472399413,2.9838799853730045,1.0,3.0,3.0,0.0
55,paper_full,0.06007000058889389,0.006448972504585981,0.0025261864066123962,0.047822918742895126,0.0057109324261546135,0.0016355258412659168,0.8357239365577698,0.013105625286698341,0.04497767984867096,0.08391429483890533,0.6937264204025269,0.38419778927478915,1.0,1.0,0.1419976216645542,0.1419976216645542,0.6937257972158378,1.0,0.38419778927478915,802.7930283224401,785.6557734204792,0.9790929532413846,516.9542483660131,185.57080610021785,83.13071895424837,524.0188947690078,2.897348326016096,2.820656997186166,2.998374507318135,1.0,3.0,3.0,0.0
56,paper_full,0.059613220393657684,0.0064842589199543,0.002426041755825281,0.04797475039958954,0.0057342820800840855,0.001634502550587058,0.8301635980606079,0.012875505723059177,0.040462397038936615,0.08323928713798523,0.6935854554176331,0.38464778953907536,1.0,1.0,0.13657715640686177,0.13657715640686177,0.6935858323942862,1.0,0.38464778953907536,805.1677559912854,786.5490196078431,0.977328191322022,513.7930283224401,186.82788671023965,85.9281045751634,527.4146839549079,2.9012034271797065,2.8235189738097013,3.001486971487407,1.0,3.0,3.0,0.0
57,paper_full,0.059894949197769165,0.006502954289317131,0.0023638191632926464,0.04738794267177582,0.005712729878723621,0.0015219775959849358,0.8350359201431274,0.013037947937846184,0.04301183670759201,0.08528508245944977,0.6937015056610107,0.3855320747641437,1.0,1.0,0.14133477024328214,0.14133477024328214,0.6937009009141029,1.0,0.3855320747641437,805.3834422657952,788.9389978213508,0.9800187854352447,515.8605664488017,185.0479302832244,88.03050108932462,528.9350184355426,2.8930362195490753,2.8236367842730354,2.9846610378855454,1.0,3.0,3.0,0.0
58,paper_full,0.05971580743789673,0.006491275504231453,0.002503096591681242,0.04754278436303139,0.00571546470746398,0.0017696142895147204,0.829176664352417,0.012999219819903374,0.038988057523965836,0.08352389931678772,0.6936652660369873,0.38252998521644827,1.0,1.0,0.1355111125150537,0.1355111125150537,0.6936652243526933,1.0,0.38252998521644827,800.7211328976035,783.0544662309368,0.977750827850174,514.0065359477125,183.35076252723312,85.69716775599129,527.0011038852932,2.906226384094338,2.821037763603892,3.0211994814197483,1.0,3.0,3.0,0.0
59,paper_full,0.05915945768356323,0.006377173122018576,0.0023468888830393553,0.04724154621362686,0.005631927400827408,0.0016166617861017585,0.8355569839477539,0.012859546579420567,0.04746029153466225,0.08139771968126297,0.6938391923904419,0.3901795038470515,1.0,1.0,0.14171747019218203,0.14171747019218203,0.6938384411641455,1.0,0.3901795038470515,798.6339869281046,781.3071895424837,0.9785910745703291,511.17429193899784,182.08496732026143,88.0479302832244,524.3409725347116,2.8976332585536317,2.82070832210948,2.998475628480932,1.0,3.0,3.0,0.0
60,paper_full,0.05902384966611862,0.006362236104905605,0.002317451173439622,0.047009073197841644,0.005586716812103987,0.0014779323246330023,0.8302378058433533,0.012729142792522907,0.03972439840435982,0.08408142626285553,0.6937017440795898,0.38899399940744206,1.0,1.0,0.13653489067533697,0.13653489067533697,0.6937016874616702,1.0,0.38899399940744206,790.5795206971677,774.2331154684096,0.9794951879603113,512.1416122004357,182.36601307189542,79.72549019607843,516.599506585946,2.893364894364135,2.8192687595591828,2.9933885785229584,1.0,3.0,3.0,0.0
61,paper_full,0.05973022058606148,0.006410907953977585,0.002288965042680502,0.04717542976140976,0.0056439414620399475,0.001502980594523251,0.831169843673706,0.013111835345625877,0.04042058065533638,0.08384604752063751,0.6937918663024902,0.38446042551973547,1.0,1.0,0.13737843279809994,0.13737843279809994,0.693791508544764,1.0,0.38446042551973547,800.5337690631808,783.7058823529412,0.9796377679164289,514.7995642701525,181.61873638344227,87.2875816993464,522.9586204246239,2.8903783713031177,2.8219797720316966,2.9780336418442737,1.0,3.0,3.0,0.0
62,paper_full,0.05873849615454674,0.00637529231607914,0.0022628020960837603,0.04687992483377457,0.005634928587824106,0.0016266166931018233,0.8352662920951843,0.012981393374502659,0.04079863429069519,0.08774884045124054,0.6937372088432312,0.39320367340948065,1.0,1.0,0.1415287968834501,0.1415287968834501,0.6937369531535894,1.0,0.39320367340948065,797.1481481481482,779.5294117647059,0.9781795295885616,509.3376906318083,184.57734204793027,85.61437908496733,521.4960201321604,2.9000277908798915,2.823994103599997,2.999747778595403,1.0,3.0,3.0,0.0
63,paper_full,0.05936753749847412,0.006459166295826435,0.0025000928435474634,0.046662937849760056,0.005619591102004051,0.0015975760761648417,0.8278710842132568,0.012885767966508865,0.03840162977576256,0.08287865668535233,0.6937047839164734,0.3849293635691433,1.0,1.0,0.13416600480578303,0.13416600480578303,0.6937046336712142,1.0,0.3849293635691433,800.4357298474946,782.8801742919389,0.9783312318628721,510.2331154684096,184.0958605664488,88.55119825708061,525.7668998901102,2.900645546404105,2.825334378577006,3.0004115520219656,1.0,3.0,3.0,0.0
64,paper_full,0.05930206924676895,0.006357933394610882,0.0023815403692424297,0.04686342179775238,0.005536617245525122,0.001644947798922658,0.8256366848945618,0.012859007343649864,0.037615466862916946,0.0814286395907402,0.6937339305877686,0.38587924383564454,1.0,1.0,0.13190300796740975,0.13190300796740975,0.6937333905099524,1.0,0.38587924383564454,791.5032679738562,774.4030501089325,0.9790715808459491,506.0718954248366,180.11764705882354,88.21350762527233,516.8039359963278,2.8925973802869875,2.821838358129032,2.983914014301009,1.0,3.0,3.0,0.0
65,paper_full,0.0590611957013607,0.006379013415426016,0.0024265458341687918,0.0473194420337677,0.005578093230724335,0.0015228131087496877,0.8299451470375061,0.012906997464597225,0.04176203906536102,0.08143220096826553,0.6938442587852478,0.3882022462379439,1.0,1.0,0.13610110039090278,0.13610110039090278,0.6938439615411696,1.0,0.3882022462379439,799.4575163398692,782.7843137254902,0.9797591009790109,513.8649237472766,181.0653594771242,87.85403050108933,525.8010310420284,2.8910224063723695,2.8182495487021986,2.983339904959685,1.0,3.0,3.0,0.0
66,paper_full,0.05896420404314995,0.00637300917878747,0.0023556475061923265,0.04665875434875488,0.005558537784963846,0.0015206612879410386,0.8262384533882141,0.012832642532885075,0.03846759349107742,0.08122673630714417,0.6937128305435181,0.3870838429283732,1.0,1.0,0.13252698532701318,0.13252698532701318,0.6937114321068741,1.0,0.3870838429283732,796.9368191721132,779.8300653594771,0.9791889442056518,510.10021786492376,183.9912854030501,85.73856209150327,521.0105446543309,2.8915710272612394,2.82165758801961,2.988251771282786,1.0,3.0,3.0,0.0
67,paper_full,0.05845269188284874,0.006377159617841244,0.00236745597794652,0.046611249446868896,0.005617023445665836,0.0014636011328548193,0.8229717016220093,0.012669638730585575,0.03856101632118225,0.0795254111289978,0.6922159790992737,0.38652209986269087,1.0,1.0,0.1307560056610305,0.1307560056610305,0.6922154853806257,1.0,0.38652209986269087,799.3006535947712,782.9520697167756,0.9799643693025801,511.9368191721133,182.15686274509804,88.85838779956427,521.6877410822185,2.8916035368551616,2.8179170082856886,2.9864527670126857,1.0,3.0,3.0,0.0
68,paper_full,0.058789148926734924,0.006344473920762539,0.0022150634322315454,0.047317635267972946,0.005602230783551931,0.0016121921362355351,0.8242595791816711,0.012739424593746662,0.03732043504714966,0.08051609992980957,0.6936842203140259,0.3877362045976851,1.0,1.0,0.13057590439948122,0.13057590439948122,0.6936833770186813,1.0,0.3877362045976851,800.7407407407408,783.0806100217865,0.9783908370020251,505.5119825708061,184.99782135076254,92.57080610021787,525.2088020008894,2.893923336124628,2.822898663207077,2.9859133213433826,1.0,3.0,3.0,0.0
69,paper_full,0.05863310024142265,0.006369926035404205,0.002217831090092659,0.046207357197999954,0.00554485060274601,0.0013863779604434967,0.8259715437889099,0.012702437117695808,0.03775394335389137,0.08171133697032928,0.693803071975708,0.3913754222180069,1.0,1.0,0.13216772152837325,0.13216772152837325,0.6938035447872802,1.0,0.3913754222180069,796.8322440087146,780.9542483660131,0.9804272821885871,509.94117647058823,185.4880174291939,85.52505446623094,521.9041538612515,2.8905069916336625,2.8177555002158505,2.987923003489675,1.0,3.0,3.0,0.0
70,paper_full,0.05898091942071915,0.006456560455262661,0.002485786797478795,0.046524208039045334,0.005594909656792879,0.0015728730941191316,0.8284950852394104,0.012792699970304966,0.04101503640413284,0.08094318956136703,0.6937441825866699,0.38644229333385144,1.0,1.0,0.13475086502649686,0.13475086502649686,0.6937437412006403,1.0,0.38644229333385144,803.8453159041394,787.1699346405229,0.9795328675756486,509.05882352941177,189.52941176470588,88.58169934640523,530.1158477018602,2.8878859528269385,2.8170842516656016,2.978781073701148,1.0,3.0,3.0,0.0
71,paper_full,0.058238156139850616,0.006405211985111237,0.0021410214249044657,0.046847157180309296,0.005670659709721804,0.0015303997788578272,0.8237226009368896,0.012449788860976696,0.03957267850637436,0.0780453085899353,0.6936546564102173,0.39210052083780045,1.0,1.0,0.130067720570985,0.130067720570985,0.6936542024279991,1.0,0.39210052083780045,814.0174291938998,797.3812636165577,0.9800356638007496,513.5577342047931,188.6013071895425,95.22222222222223,535.070820394944,2.8819098051856544,2.8187825373315083,2.9623629605328596,1.0,3.0,3.0,0.0
72,paper_full,0.058204904198646545,0.00629432313144207,0.0024787536822259426,0.046349529176950455,0.005547989159822464,0.0016655296785756946,0.819833517074585,0.012686899863183498,0.03684516251087189,0.07802163809537888,0.6922799944877625,0.3862203177478578,1.0,1.0,0.12755361562980286,0.12755361562980286,0.6922796081613611,1.0,0.3862203177478578,792.677559912854,775.3093681917211,0.9785000915708938,507.962962962963,183.8235294117647,83.52287581699346,520.0759028017131,2.896390409511159,2.822954825066793,2.985629089517531,1.0,3.0,3.0,0.0
73,paper_full,0.05790656432509422,0.0063629718497395515,0.0022619864903390408,0.04596690461039543,0.00561368465423584,0.0015430882340297103,0.8257759809494019,0.012561285868287086,0.03881495073437691,0.08068149536848068,0.6937192678451538,0.3941322446908307,1.0,1.0,0.13205756420728168,0.13205756420728168,0.6937187459474036,1.0,0.3941322446908307,806.0130718954248,788.4204793028323,0.9785751284735039,506.31590413943354,187.45315904139434,94.65141612200436,529.2374872610719,2.893626633292969,2.819319980596405,2.9919784614463256,1.0,3.0,3.0,0.0
74,paper_full,0.058555252850055695,0.006380757782608271,0.0023255215492099524,0.04643287882208824,0.005561262369155884,0.001593051478266716,0.8260073661804199,0.012598813511431217,0.03964303806424141,0.08013112097978592,0.6936346888542175,0.38908266118668783,1.0,1.0,0.13237287345989598,0.13237287345989598,0.6936339382772092,1.0,0.38908266118668783,802.8191721132897,786.0087145969499,0.9792476874341213,514.8954248366013,182.3681917211329,88.74509803921569,528.1641393590857,2.8875862331431934,2.8182587566458843,2.978477195457176,1.0,3.0,3.0,0.0
75,paper_full,0.05771522969007492,0.006247037556022406,0.0023819529451429844,0.04628696292638779,0.005481229163706303,0.001590266008861363,0.8261532187461853,0.012589232996106148,0.04075762629508972,0.07905052602291107,0.6937562227249146,0.3954190280702379,1.0,1.0,0.13239738625963268,0.13239738625963268,0.6937549841429933,1.0,0.3954190280702379,790.4814814814815,773.9542483660131,0.9795873613933076,506.0522875816994,183.10239651416123,84.7995642701525,518.8580387422982,2.8890741183087716,2.8189715970315703,2.9824317997577143,1.0,3.0,3.0,0.0
76,paper_full,0.057456474751234055,0.0062307207845151424,0.0019748592749238014,0.046072665601968765,0.005446744617074728,0.0012232105946168303,0.8268221020698547,0.012254294939339161,0.044122032821178436,0.07672823965549469,0.6937168836593628,0.3998630191635722,1.0,1.0,0.13310448987681361,0.13310448987681361,0.693716629008582,1.0,0.3998630191635722,791.1830065359477,776.9193899782135,0.9824592006229272,509.05010893246185,183.03267973856208,84.83660130718954,515.383819447104,2.874565088151587,2.814807759390937,2.953065597413672,1.0,3.0,3.0,0.0
77,paper_full,0.05811459943652153,0.006455686409026384,0.0022887273225933313,0.046757396310567856,0.005690549500286579,0.0014270838582888246,0.8271716237068176,0.012651530094444752,0.04082554578781128,0.07997583597898483,0.6937182545661926,0.39119881625268976,1.0,1.0,0.13345280268548101,0.13345280268548101,0.6937180783494106,1.0,0.39119881625268976,817.917211328976,802.0152505446623,0.9807453212795548,515.156862745098,192.31372549019608,94.54466230936819,536.2440234082457,2.8881942129862335,2.820244953263559,2.9751505753053817,1.0,3.0,3.0,0.0
78,paper_full,0.0576942153275013,0.0062712072394788265,0.002115292241796851,0.046834930777549744,0.005542391445487738,0.0014141104184091091,0.8266991376876831,0.012410078197717667,0.04032507911324501,0.08017069846391678,0.6937935948371887,0.39614272747424173,1.0,1.0,0.1329057702149441,0.1329057702149441,0.693792840364452,1.0,0.39614272747424173,789.60348583878,773.5729847494554,0.980300329917988,505.18082788671023,186.16557734204792,82.22657952069717,515.2403918164488,2.882808413640606,2.8185387343363044,2.9667959498943586,1.0,3.0,3.0,0.0
79,paper_full,0.05796991288661957,0.006325992755591869,0.002288348972797394,0.046762917190790176,0.005566527601331472,0.0015121939359232783,0.826261043548584,0.012421702034771442,0.04029924049973488,0.07990977168083191,0.6936302185058594,0.3939667242804384,1.0,1.0,0.13263062238368592,0.13263062238368592,0.6936297398506945,1.0,0.3939667242804384,795.9891067538126,779.4553376906318,0.9794897785417198,509.5511982570806,181.0479302832244,88.85620915032679,517.8947129592397,2.8876197286161203,2.8167321141768644,2.980213103990409,1.0,3.0,3.0,0.0
80,paper_full,0.05753016844391823,0.006284827366471291,0.0022583967074751854,0.04617447778582573,0.005554244387894869,0.0015954666305333376,0.8196354508399963,0.01244443655014038,0.037309352308511734,0.0762212723493576,0.6936600804328918,0.39454696465421607,1.0,1.0,0.12597496017067,0.12597496017067,0.6936594747769806,1.0,0.39454696465421607,799.7037037037037,781.4640522875817,0.977898693073613,508.77342047930284,182.04575163398692,90.64488017429194,523.6463470458984,2.889505424270962,2.822179681595115,2.9803144947376126,1.0,3.0,3.0,0.0
81,paper_full,0.05727546289563179,0.006339386571198702,0.0022049115505069494,0.046023935079574585,0.005549593362957239,0.0014833391178399324,0.8202227354049683,0.012353204190731049,0.038617804646492004,0.07703554630279541,0.6922163367271423,0.3952330672273449,1.0,1.0,0.1280064872407186,0.1280064872407186,0.6922160931142587,1.0,0.3952330672273449,800.7581699346405,783.6644880174292,0.9793085790563689,515.6143790849674,184.47058823529412,83.57952069716775,523.1830204317513,2.8924390069799486,2.820289025379422,2.988076266120462,1.0,3.0,3.0,0.0
82,paper_full,0.05699249356985092,0.0063112410716712475,0.002290899632498622,0.045452192425727844,0.00552817527204752,0.0014670060481876135,0.8240898847579956,0.012276680208742619,0.040301986038684845,0.07770095765590668,0.693809986114502,0.3991600047139561,1.0,1.0,0.13027953801266767,0.13027953801266767,0.6938098931364504,1.0,0.3991600047139561,795.884531590414,779.2440087145969,0.9792492485342625,506.6644880174292,185.7843137254902,86.79520697167756,522.6085842024527,2.89681697255386,2.8191973331966693,3.0040440138648536,1.0,3.0,3.0,0.0
83,paper_full,0.05744032561779022,0.006357057485729456,0.0022098198533058167,0.04614957794547081,0.005592470522969961,0.001621404429897666,0.8202433586120605,0.012341219000518322,0.036334436386823654,0.07782266288995743,0.693744957447052,0.3944629053534506,1.0,1.0,0.12649826216866508,0.12649826216866508,0.6937450735397588,1.0,0.3944629053534506,806.2549019607843,788.7690631808279,0.9783696093724537,513.6013071895425,192.27668845315904,82.89106753812636,526.6042265050552,2.897372019836326,2.818382297466004,3.004820521880339,1.0,3.0,3.0,0.0
84,paper_full,0.057353489100933075,0.0062722391448915005,0.0021425168961286545,0.04603119194507599,0.0055217077024281025,0.001482472405768931,0.8224524259567261,0.012333651073276997,0.039622966200113297,0.07825136184692383,0.6922447085380554,0.39474317356781763,1.0,1.0,0.1302078786855949,0.1302078786855949,0.6922437268144944,1.0,0.39474317356781763,796.4858387799565,779.9956427015251,0.9798072108497324,513.4030501089325,181.03050108932462,85.56209150326798,519.6623235964307,2.892039075136704,2.819341104794172,2.9875278478094693,1.0,3.0,3.0,0.0
85,paper_full,0.05694049596786499,0.006333223078399897,0.0020249541848897934,0.045468851923942566,0.0055207679979503155,0.0012912903912365437,0.819178581237793,0.012237489223480225,0.03755663335323334,0.0756654143333435,0.6937195658683777,0.39998974870232973,1.0,1.0,0.12545944245487517,0.12545944245487517,0.693718581677522,1.0,0.39998974870232973,806.5555555555555,791.9150326797386,0.9822420144928612,506.91938997821353,190.30718954248366,94.6884531590414,528.6205667067717,2.877291219686371,2.8121211928739527,2.967270969565398,1.0,3.0,3.0,0.0
86,paper_full,0.056902021169662476,0.0061629582196474075,0.002209821715950966,0.04591471701860428,0.005437011830508709,0.0014150236966088414,0.8228057622909546,0.012441704049706459,0.03842165321111679,0.07825355976819992,0.6936889290809631,0.39973634520387336,1.0,1.0,0.12911687502414312,0.12911687502414312,0.6936883580970349,1.0,0.39973634520387336,782.2679738562091,766.437908496732,0.9800894130419611,504.322440087146,177.54248366013073,84.57298474945534,510.37256165215655,2.8906170719329567,2.8205127352463135,2.985231437454556,1.0,3.0,3.0,0.0
87,paper_full,0.05713795870542526,0.0063450997695326805,0.002243726048618555,0.04567713662981987,0.005540782120078802,0.0014685289934277534,0.8215228319168091,0.012284365482628345,0.03860389441251755,0.07694645971059799,0.6936879754066467,0.39606513690065454,1.0,1.0,0.12783465422446433,0.12783465422446433,0.6936878194476525,1.0,0.39606513690065454,801.2832244008714,784.8278867102397,0.9800147659653248,511.39869281045753,186.1437908496732,87.28540305010893,524.1648647333283,2.8852261925574743,2.815838206567536,2.974984459887403,1.0,3.0,3.0,0.0
88,paper_full,0.05684296786785126,0.006277129519730806,0.0021569086238741875,0.04617076739668846,0.005581120494753122,0.0013894778676331043,0.8202808499336243,0.012384532950818539,0.03668671473860741,0.0775265246629715,0.6936826705932617,0.39887107886000656,1.0,1.0,0.12659769427347806,0.12659769427347806,0.6936825565782767,1.0,0.39887107886000656,800.479302832244,784.2875816993464,0.9799918157307985,511.9324618736383,184.49891067538127,87.85620915032679,525.4546262786798,2.8900917771075547,2.815546584804593,2.9924334279851976,1.0,3.0,3.0,0.0
89,paper_full,0.056741174310445786,0.006204404402524233,0.0021394568029791117,0.045685071498155594,0.0054495674557983875,0.0014246650971472263,0.8177695870399475,0.01222591195255518,0.039093028753995895,0.07419470697641373,0.6922557353973389,0.3965462349468846,1.0,1.0,0.12551354796246247,0.12551354796246247,0.6922552697279355,1.0,0.3965462349468846,787.1220043572985,771.7668845315904,0.9809767467421795,509.9825708061002,182.9433551198257,78.84095860566448,511.5080015228205,2.879974144995862,2.8176999938773695,2.960835877067383,1.0,3.0,3.0,0.0
90,paper_full,0.05573969706892967,0.006285687908530235,0.0019461993360891938,0.044808924198150635,0.0055299121886491776,0.0012029714416712523,0.8198104500770569,0.011832384392619133,0.04151168465614319,0.074229396879673,0.6922372579574585,0.4041085464632329,1.0,1.0,0.12757338085140799,0.12757338085140799,0.6922370112279921,1.0,0.4041085464632329,802.6535947712418,788.9956427015251,0.983270804845061,515.7058823529412,189.51633986928104,83.77342047930283,522.7734351064645,2.8703933432211284,2.8105179635008435,2.948067460444498,1.0,3.0,3.0,0.0
91,paper_full,0.05676718428730965,0.006288394331932068,0.0022328179329633713,0.04578494653105736,0.005501667503267527,0.0013728732010349631,0.8187296390533447,0.012347276322543621,0.035041529685258865,0.07751572877168655,0.6938254237174988,0.3989301078459796,1.0,1.0,0.1249044402816976,0.1249044402816976,0.6938247993620912,1.0,0.3989301078459796,799.6884531590414,785.0479302832244,0.982131012758368,510.4575163398693,182.85838779956427,91.73202614379085,522.9106901413994,2.8756960336938664,2.8143631289987003,2.955329070683398,1.0,3.0,3.0,0.0
92,paper_full,0.05668193846940994,0.006279330234974623,0.002211119281128049,0.04581953212618828,0.0055382163263857365,0.0013890231493860483,0.8183428049087524,0.012204322032630444,0.03730667755007744,0.07510434091091156,0.6937278509140015,0.39867224010247293,1.0,1.0,0.1246152403470218,0.1246152403470218,0.6937275405543043,1.0,0.39867224010247293,796.5032679738562,780.875816993464,0.9807641189324586,511.760348583878,183.5838779956427,85.53159041394335,519.8471462274689,2.878093635334688,2.812755912996845,2.9620164261404467,1.0,3.0,3.0,0.0
93,paper_full,0.056086599826812744,0.006315653678029776,0.002022000728175044,0.045615747570991516,0.005606328137218952,0.0014078529784455895,0.8175686001777649,0.012115096673369408,0.03488309681415558,0.07679921388626099,0.6937714219093323,0.4027060987123477,1.0,1.0,0.12379739265523705,0.12379739265523705,0.6937709677972566,1.0,0.4027060987123477,810.5642701525054,794.5468409586057,0.9805614248173163,514.7690631808279,191.02832244008715,88.74945533769063,533.6114901540586,2.8859156133822106,2.814472240560195,2.9803007048978785,1.0,3.0,3.0,0.0
94,paper_full,0.05590610206127167,0.0061917672865092754,0.0021844166330993176,0.045461591333150864,0.005451991222798824,0.0014690421521663666,0.8175056576728821,0.011990152299404144,0.03515811264514923,0.07671022415161133,0.6936469674110413,0.40653932036138046,1.0,1.0,0.12385839386183711,0.12385839386183711,0.693646925467032,1.0,0.40653932036138046,797.7712418300654,782.2505446623094,0.9809180404779714,509.479302832244,185.34858387799565,87.42265795206971,520.85404446338,2.8918284788110937,2.8205459143860927,2.984557889905111,1.0,3.0,3.0,0.0
95,paper_full,0.05672384053468704,0.006225253455340862,0.0021053259260952473,0.045467063784599304,0.00547970412299037,0.0012552534462884068,0.8194984197616577,0.012043192982673645,0.038074053823947906,0.07569172978401184,0.6936895847320557,0.39886685692926377,1.0,1.0,0.12580890216598845,0.12580890216598845,0.6936892274937598,1.0,0.39886685692926377,800.437908496732,785.9237472766885,0.9822362952963491,509.48366013071893,184.63616557734204,91.80392156862744,522.2222361845129,2.8838940362784857,2.8111721513577796,2.983237001630995,1.0,3.0,3.0,0.0
96,paper_full,0.05633450299501419,0.006240271031856537,0.002103380626067519,0.045241933315992355,0.0054579866118729115,0.0013907337561249733,0.8173788189888,0.012034592218697071,0.03485378250479698,0.07675876468420029,0.693731963634491,0.40234844013236964,1.0,1.0,0.12364706226618462,0.12364706226618462,0.693731666650128,1.0,0.40234844013236964,793.3289760348584,778.7625272331155,0.9816229033998292,508.98039215686276,183.75381263616558,86.02832244008715,516.103862853871,2.87849313085635,2.8110294560201807,2.9701146892472807,1.0,3.0,3.0,0.0
97,paper_full,0.056672122329473495,0.0062563191168010235,0.002058083191514015,0.045582663267850876,0.00552311260253191,0.0013652731431648135,0.8160896301269531,0.012289229780435562,0.035167623311281204,0.07489779591560364,0.6937351822853088,0.3995613642767364,1.0,1.0,0.12235456026587352,0.12235456026587352,0.6937349923036197,1.0,0.3995613642767364,798.3790849673203,782.9825708061002,0.9808987803203408,511.72331154684093,184.54030501089323,86.71895424836602,521.0842563072321,2.8779027004906816,2.8136203029316755,2.960222118560525,1.0,3.0,3.0,0.0
98,paper_full,0.05662322789430618,0.006297165993601084,0.002267522504553199,0.045814476907253265,0.005566658452153206,0.0015234522288665175,0.8585156798362732,0.012255456298589706,0.07503438740968704,0.0775873139500618,0.6936383247375488,0.41820251052156254,1.0,1.0,0.16487707262594975,0.16487707262594975,0.6936386301626567,1.0,0.41820251052156254,803.3660130718954,786.3594771241831,0.9788287904779783,509.62745098039215,184.0566448801743,92.67538126361656,523.2142465961265,2.886686472072061,2.8163557556459846,2.98142430984896,1.0,3.0,3.0,0.0
99,paper_full,0.05574212223291397,0.006196869537234306,0.002088169800117612,0.04507504031062126,0.005422000307589769,0.001354431384243071,0.8160234689712524,0.011986512690782547,0.03618168458342552,0.0754765048623085,0.6923785209655762,0.40209054196971694,1.0,1.0,0.12364461430407298,0.12364461430407298,0.6923783678634494,1.0,0.40209054196971694,792.2352941176471,776.6535947712418,0.9810339446474126,511.0893246187364,182.01307189542484,83.55119825708061,517.1474356059156,2.88220811149913,2.813459598420752,2.974015496135537,1.0,3.0,3.0,0.0
100,paper_full,0.05566989630460739,0.006297647953033447,0.0019692250061780214,0.04501587525010109,0.005502783693373203,0.0013779718428850174,0.8126115202903748,0.011877295561134815,0.035117026418447495,0.07194311916828156,0.6936744451522827,0.4034916555310127,1.0,1.0,0.11893738735637634,0.11893738735637634,0.6936736724994801,1.0,0.4034916555310127,814.3289760348584,798.2962962962963,0.9809423294747543,515.7516339869281,193.25925925925927,89.28540305010893,533.9422803392597,2.8845207389922964,2.8147336138099885,2.9804816225255495,1.0,3.0,3.0,0.0
101,paper_full,0.055248942226171494,0.0062146419659256935,0.0020395158790051937,0.04483138397336006,0.00545868743211031,0.0013231247430667281,0.8365175724029541,0.011952463537454605,0.057136401534080505,0.0736260637640953,0.693803071975708,0.41963441725130435,1.0,1.0,0.14271490946249765,0.14271490946249765,0.6938022130974497,1.0,0.41963441725130435,801.4618736383442,786.9106753812637,0.9823792825124074,508.3333333333333,186.93246187363835,91.64488017429194,524.8613077134609,2.8754021150094493,2.8106915400178862,2.9645608063616784,1.0,3.0,3.0,0.0
102,paper_full,0.056073304265737534,0.006171069107949734,0.001945345546118915,0.04521925374865532,0.005432272329926491,0.0013221979606896639,0.8152636289596558,0.011997886002063751,0.035903509706258774,0.07520635426044464,0.6921572685241699,0.4007570050445777,1.0,1.0,0.12310767691574326,0.12310767691574326,0.6921562913456254,1.0,0.4007570050445777,791.2004357298475,775.644880174292,0.9809871134995398,513.0958605664488,179.01960784313727,83.52941176470588,515.1408990598193,2.886429403342453,2.815719531771924,2.982603912000303,1.0,3.0,3.0,0.0
103,paper_full,0.055643413215875626,0.006240649614483118,0.0019200424430891871,0.04483615234494209,0.00545349670574069,0.001381479436531663,0.8120472431182861,0.012009824626147747,0.03288227319717407,0.07337208837270737,0.6937829256057739,0.4050442146579684,1.0,1.0,0.11826414986633267,0.11826414986633267,0.6937824444833145,1.0,0.4050442146579684,809.0479302832244,793.4139433551198,0.9809234214535495,515.322440087146,186.53376906318084,91.55773420479302,529.813014610141,2.8851996138204936,2.8136814201579377,2.98096852468769,1.0,3.0,3.0,0.0
104,paper_full,0.05609558895230293,0.0062233321368694305,0.002087094821035862,0.04523863270878792,0.005499222781509161,0.0013851848198100924,0.8142004013061523,0.011976570822298527,0.034089263528585434,0.07448901981115341,0.6936467885971069,0.40160409414690307,1.0,1.0,0.12055476764643114,0.12055476764643114,0.6936458388185189,1.0,0.40160409414690307,798.3943355119826,784.156862745098,0.9824050591841222,523.4705882352941,178.62745098039215,82.05882352941177,520.7934053042875,2.885595548126952,2.811783591127084,2.987435444767439,1.0,3.0,3.0,0.0
105,paper_full,0.0555487684905529,0.0062639666721224785,0.002043145941570401,0.044901907444000244,0.0054931058548390865,0.0013807760551571846,0.8186807632446289,0.011842562817037106,0.0378134585916996,0.07523071765899658,0.6937935948371887,0.4064985298772783,1.0,1.0,0.12488671215271378,0.12488671215271378,0.6937935426344279,1.0,0.4064985298772783,805.4901960784314,790.8583877995643,0.9818379216269417,514.3137254901961,193.45315904139434,83.09150326797386,525.7284099770008,2.880192606018,2.814006459998669,2.9675780204905924,1.0,3.0,3.0,0.0
106,paper_full,0.05557631328701973,0.0062025063671171665,0.0020860920194536448,0.04464345797896385,0.0054483553394675255,0.0013685886515304446,0.8142917156219482,0.01179104670882225,0.0365876629948616,0.07231198251247406,0.6936010122299194,0.40409039808254615,1.0,1.0,0.12069063367472235,0.12069063367472235,0.6936005592865622,1.0,0.40409039808254615,806.3376906318083,791.4858387799565,0.9817187114749987,505.2287581699346,194.12418300653596,92.13289760348584,530.1968193635961,2.8762954133268535,2.8141252714044906,2.959289410535027,1.0,3.0,3.0,0.0
107,paper_full,0.056143224239349365,0.006197662092745304,0.002336622681468725,0.04521533474326134,0.00540565699338913,0.001414849073626101,0.8181052207946777,0.011930358596146107,0.03834477439522743,0.07575932890176773,0.692070722579956,0.39948709104575364,1.0,1.0,0.12603445393327534,0.12603445393327534,0.6920703989747823,1.0,0.39948709104575364,792.8779956427015,778.0784313725491,0.9819347359687716,513.0457516339869,179.5119825708061,85.520697167756,516.5621050001489,2.876957074749184,2.8143174014579757,2.9588412381465137,1.0,3.0,3.0,0.0
108,paper_full,0.055615782737731934,0.0062196142971515656,0.002088390989229083,0.044398922473192215,0.005407288670539856,0.0014284765347838402,0.8151835799217224,0.011953049339354038,0.03603006899356842,0.0735567957162857,0.6936435699462891,0.40376908080510326,1.0,1.0,0.12153993856997791,0.12153993856997791,0.6936431277811138,1.0,0.40376908080510326,799.3442265795208,784.7429193899782,0.981924990995991,501.91938997821353,187.0,95.82352941176471,523.4139577828201,2.883025687764153,2.8131609326614013,2.979748547726467,1.0,3.0,3.0,0.0
109,paper_full,0.05539434403181076,0.006196110043674707,0.001936560496687889,0.044712964445352554,0.005424676928669214,0.0012820324627682567,0.8148908019065857,0.011891458183526993,0.03582397475838661,0.07341223210096359,0.6937623620033264,0.40705167922578867,1.0,1.0,0.12112766374430106,0.12112766374430106,0.6937624223871168,1.0,0.40705167922578867,801.0108932461874,786.2265795206972,0.9816322029142537,507.18518518518516,191.92592592592592,87.11546840958606,525.1619613747191,2.875436655057022,2.8125935826685953,2.9593242840569522,1.0,3.0,3.0,0.0
110,paper_full,0.055479809641838074,0.006155249197036028,0.002003844827413559,0.04452955350279808,0.0053717452101409435,0.00127345509827137,0.8126905560493469,0.01208069920539856,0.03312491253018379,0.07371295243501663,0.6937723159790039,0.4054961102590582,1.0,1.0,0.11891850136009437,0.11891850136009437,0.6937714581396065,1.0,0.4054961102590582,796.8169934640523,782.5054466230937,0.9823363310439701,509.6971677559913,184.47058823529412,88.33769063180829,522.884909636055,2.878291703517141,2.809003408697955,2.971882264338807,1.0,3.0,3.0,0.0
111,paper_full,0.05562872067093849,0.006109828129410744,0.002080837031826377,0.045347459614276886,0.005425961222499609,0.0014544724253937602,0.8133226037025452,0.011946143582463264,0.03470754995942116,0.07300405204296112,0.6936640739440918,0.4039027204570687,1.0,1.0,0.11965771547005327,0.11965771547005327,0.6936640213517582,1.0,0.4039027204570687,786.6949891067538,771.2832244008714,0.9804596372415841,505.94117647058823,179.10675381263616,86.23529411764706,512.3180960196036,2.883628885210989,2.817176931564065,2.968558225756377,1.0,3.0,3.0,0.0
112,paper_full,0.055399999022483826,0.0061690290458500385,0.0020390492863953114,0.04497111588716507,0.005418781191110611,0.0013688993640244007,0.8173033595085144,0.01187847275286913,0.038001205772161484,0.07376153022050858,0.6936620473861694,0.4082992589162066,1.0,1.0,0.12364112621493849,0.12364112621493849,0.6936617502719489,1.0,0.4082992589162066,798.8061002178649,781.8714596949891,0.9792465275726228,506.3856209150327,189.36383442265796,86.12200435729848,525.4411915964031,2.8864199336058176,2.8151633921272095,2.9861529070827175,1.0,3.0,3.0,0.0
113,paper_full,0.05520195886492729,0.006170888897031546,0.0018849100451916456,0.04454023391008377,0.005398788023740053,0.0013083905214443803,0.8143327236175537,0.011813504621386528,0.03486138954758644,0.07403062283992767,0.6936272382736206,0.4093220610504317,1.0,1.0,0.1207054197901864,0.1207054197901864,0.6936272437276404,1.0,0.4093220610504317,801.5664488017429,786.6884531590414,0.981918299398455,510.15904139433553,184.02832244008715,92.50108932461873,523.2244145013149,2.883032533338127,2.8113682197329783,2.978023462565636,1.0,3.0,3.0,0.0
114,paper_full,0.055449653416872025,0.006067361682653427,0.0019700268749147654,0.045051299035549164,0.0053582703694701195,0.001384867005981505,0.813935399055481,0.011959655210375786,0.03507828712463379,0.07324769347906113,0.6936481595039368,0.4069678969113136,1.0,1.0,0.1202856091567374,0.1202856091567374,0.6936479477061686,1.0,0.4069678969113136,788.59477124183,774.636165577342,0.9824001839055608,512.4248366013072,176.9847494553377,85.22657952069717,512.7462017915348,2.8794943351371614,2.8147213168133836,2.9659729533725314,1.0,3.0,3.0,0.0
115,paper_full,0.05460233986377716,0.006099572870880365,0.0020418157801032066,0.04397714510560036,0.005330960266292095,0.0012530421372503042,0.8091292977333069,0.01152689941227436,0.033591821789741516,0.07177308201789856,0.6922377347946167,0.40758626961630157,1.0,1.0,0.11689178353431177,0.11689178353431177,0.6922368576064348,1.0,0.40758626961630157,790.9847494553377,777.2788671023965,0.9833475905146983,507.3137254901961,185.61873638344227,84.34640522875817,514.9088722511574,2.8768160140592287,2.8099416050256467,2.96804260584264,1.0,3.0,3.0,0.0
116,paper_full,0.05484483391046524,0.006095568649470806,0.0020526391454041004,0.0444086492061615,0.005319866817444563,0.0012412017676979303,0.8112422227859497,0.011589374393224716,0.03325926885008812,0.07263343781232834,0.6937596797943115,0.4105516723428157,1.0,1.0,0.11748201046179582,0.11748201046179582,0.6937592777551389,1.0,0.4105516723428157,789.5228758169935,776.4313725490196,0.983553480325718,506.48583877995645,182.57298474945534,87.37254901960785,518.9281189363767,2.8749757633749438,2.8076237115465217,2.9707124617624387,1.0,3.0,3.0,0.0
117,paper_full,0.05498725175857544,0.00620540976524353,0.001966120209544897,0.0446847602725029,0.005512166302651167,0.0014258212177082896,0.8097608685493469,0.011802776716649532,0.03317537531256676,0.07112354785203934,0.6936591267585754,0.4069959060299111,1.0,1.0,0.11610170846606133,0.11610170846606133,0.6936583734545573,1.0,0.4069959060299111,806.5533769063181,791.9019607843137,0.9824216051238748,518.3725490196078,180.22657952069716,93.30283224400871,528.6122148634302,2.8697670196915506,2.8081192793669523,2.9511420965714135,1.0,3.0,3.0,0.0
118,paper_full,0.05534462258219719,0.006177459377795458,0.0019727423787117004,0.044814471155405045,0.005436210427433252,0.001234719529747963,0.8139322400093079,0.01179448887705803,0.036705195903778076,0.0718323364853859,0.6936014890670776,0.4073278011190086,1.0,1.0,0.12033195353736026,0.12033195353736026,0.6936000140144415,1.0,0.4073278011190086,805.5751633986928,791.8387799564271,0.9832631266201441,510.8344226579521,187.53812636165577,93.46623093681917,527.7516485476026,2.8710770175867353,2.811760033397633,2.9502564146627788,1.0,3.0,3.0,0.0
119,paper_full,0.054507967084646225,0.006120156031101942,0.001862489152699709,0.04506821930408478,0.005448256619274616,0.0012461182195693254,0.8103471398353577,0.01161904539912939,0.03304079547524452,0.07347287982702255,0.6922137141227722,0.4094411596039022,1.0,1.0,0.11813273659069294,0.11813273659069294,0.6922135524500429,1.0,0.4094411596039022,797.2788671023965,782.4596949891068,0.981980023704934,504.68409586056646,183.95642701525054,93.81917211328977,522.3435149681075,2.8737460673504667,2.811595547432993,2.9590359731437332,1.0,3.0,3.0,0.0
120,paper_full,0.05455693230032921,0.006102337036281824,0.0018916534027084708,0.04473011940717697,0.005451411474496126,0.0013533597812056541,0.813569962978363,0.0115503566339612,0.0351685956120491,0.073159359395504,0.6936909556388855,0.41303123900573496,1.0,1.0,0.11987824073317004,0.11987824073317004,0.693690651772069,1.0,0.41303123900573496,793.6427015250545,777.7102396514161,0.9804567054924094,509.1459694989107,184.39433551198258,84.16993464052288,518.3268114808858,2.8808123364168057,2.813541732322676,2.9727758415903662,1.0,3.0,3.0,0.0
121,paper_full,0.05439455062150955,0.006103983148932457,0.0020601714495569468,0.04498481750488281,0.00544010242447257,0.0016036088345572352,0.815686821937561,0.011648920364677906,0.03570646047592163,0.07455906271934509,0.6937729120254517,0.414428299613508,1.0,1.0,0.12191434836822657,0.12191434836822657,0.6937722158587836,1.0,0.414428299613508,799.3246187363834,782.8932461873638,0.9798929796533125,515.1851851851852,184.10239651416123,83.60566448801742,524.5475827551616,2.8867094168735745,2.813097103488731,2.9872062782836117,1.0,3.0,3.0,0.0
122,paper_full,0.054814014583826065,0.006105666980147362,0.0020342671778053045,0.04461735114455223,0.005377497524023056,0.001420214306563139,0.8155712485313416,0.011664032004773617,0.03607318922877312,0.07414980977773666,0.6936854720115662,0.4114410523365785,1.0,1.0,0.12188690866714989,0.12188690866714989,0.6936843908170729,1.0,0.4114410523365785,797.1023965141612,782.479302832244,0.981853418364073,510.6623093681917,184.36165577342047,87.45533769063181,518.3845456856787,2.8840405260555624,2.812104657844261,2.9790947219125585,1.0,3.0,3.0,0.0
123,paper_full,0.054613273590803146,0.0061697750352323055,0.0018937366548925638,0.044066864997148514,0.005367801059037447,0.0011934386566281319,0.8176051378250122,0.011634396389126778,0.03711875155568123,0.07513952255249023,0.6937122941017151,0.41497579820794994,1.0,1.0,0.12389266805840993,0.12389266805840993,0.6937116574098342,1.0,0.41497579820794994,795.3115468409586,781.8714596949891,0.9833527073014264,508.63616557734207,181.23747276688454,91.99782135076252,520.1510659344575,2.871707566683069,2.8078869318910153,2.9563903813788053,1.0,3.0,3.0,0.0
124,paper_full,0.05444927141070366,0.0061614783480763435,0.002048409776762128,0.04444853216409683,0.005417066626250744,0.0012834100052714348,0.8100939393043518,0.011580250225961208,0.03360145539045334,0.07124876230955124,0.6936637163162231,0.41032263876825636,1.0,1.0,0.11643034510298232,0.11643034510298232,0.6936634006323638,1.0,0.41032263876825636,809.2570806100218,794.1917211328976,0.9819287232513235,514.8387799564271,188.33769063180827,91.01525054466231,528.7814236643007,2.8713175959576707,2.8105368198652414,2.9532961616848548,1.0,3.0,3.0,0.0
125,paper_full,0.054669566452503204,0.00608024699613452,0.001891842344775796,0.044625043869018555,0.0053873504512012005,0.0012777975061908364,0.8061656951904297,0.011444579809904099,0.03227994218468666,0.068722203373909,0.6937194466590881,0.40869732373160733,1.0,1.0,0.11244660616732631,0.11244660616732631,0.6937185814178067,1.0,0.40869732373160733,790.1481481481482,775.1917211328976,0.9817574512408217,515.1895424836601,179.18300653594773,80.81917211328977,517.1111247409663,2.8809094439404723,2.8147537121326054,2.9698626844451836,1.0,3.0,3.0,0.0
126,paper_full,0.054723165929317474,0.006098679732531309,0.0020686311181634665,0.04455707594752312,0.005379007663577795,0.001403637696057558,0.8090943098068237,0.011530393734574318,0.03348260372877121,0.07052607834339142,0.6935546398162842,0.4078832765420278,1.0,1.0,0.11553895738065113,0.11553895738065113,0.6935546305963936,1.0,0.4078832765420278,793.9302832244009,779.7494553376906,0.9823460644724686,500.9477124183006,185.54248366013073,93.25925925925925,520.6303698969822,2.873561224906273,2.808672855102938,2.95932945810372,1.0,3.0,3.0,0.0
127,paper_full,0.05489947646856308,0.006203349679708481,0.001975914929062128,0.044608816504478455,0.0054398467764258385,0.0012835451634600759,0.8170937895774841,0.011737039312720299,0.03689780458807945,0.07467915117740631,0.6937796473503113,0.4121240545591757,1.0,1.0,0.123313878161715,0.123313878161715,0.6937790750678069,1.0,0.4121240545591757,808.8257080610022,794.1176470588235,0.9822188255930415,513.9302832244009,188.46623093681916,91.72113289760348,530.1085841359655,2.8680951075875942,2.8100925712543896,2.9436131957309697,1.0,3.0,3.0,0.0
128,paper_full,0.0542939156293869,0.006117617711424828,0.002190333791077137,0.04370518773794174,0.005331628490239382,0.0013224771246314049,0.8126955032348633,0.011575380340218544,0.0375199168920517,0.06992530077695847,0.6936755776405334,0.41248973191174026,1.0,1.0,0.11902050592800631,0.11902050592800631,0.6936748893951799,1.0,0.41248973191174026,793.3616557734205,779.3703703703703,0.9827726739159236,508.90849673202615,182.45969498910677,88.00217864923748,515.4509934236281,2.8717697014735935,2.809269870807922,2.955983362945856,1.0,3.0,3.0,0.0
129,paper_full,0.05426649749279022,0.006130654364824295,0.0019871897529810667,0.04373813793063164,0.005408971570432186,0.0012785393046215177,0.8116719722747803,0.011710455641150475,0.03528549522161484,0.0707937479019165,0.6938825845718384,0.413595424238633,1.0,1.0,0.11778961910109374,0.11778961910109374,0.6938820437148765,1.0,0.413595424238633,802.6492374727669,788.9215686274509,0.9831900632075153,513.875816993464,183.5359477124183,91.50980392156863,525.8420626571755,2.8715200398222813,2.8075253532343183,2.9582870687015177,1.0,3.0,3.0,0.0
130,paper_full,0.0539744608104229,0.0060927895829081535,0.0019245155854150653,0.04392237588763237,0.0053411503322422504,0.0012827373575419188,0.8108202219009399,0.011392905376851559,0.0350026898086071,0.07076729834079742,0.693657636642456,0.41502706229297165,1.0,1.0,0.11716284752216734,0.11716284752216734,0.6936568374987002,1.0,0.41502706229297165,798.479302832244,784.1437908496732,0.982178018801173,515.3115468409586,182.08932461873638,86.74291938997821,523.1888302073759,2.878115730867407,2.805879790279081,2.9742035528153896,1.0,3.0,3.0,0.0
131,paper_full,0.0541338175535202,0.0061778598465025425,0.001976767322048545,0.04401908442378044,0.005448685493320227,0.001253522583283484,0.8145435452461243,0.011490578763186932,0.03769400715827942,0.07171086966991425,0.6936487555503845,0.4169320444655574,1.0,1.0,0.12089537642490371,0.12089537642490371,0.6936477869424426,1.0,0.4169320444655574,805.9368191721132,791.281045751634,0.982331992599209,514.0610021786492,189.8082788671024,87.41176470588235,526.5653741707729,2.8802861170051925,2.8097880878739367,2.9754232274680876,1.0,3.0,3.0,0.0
132,paper_full,0.05374418944120407,0.006069682072848082,0.001894356799311936,0.04344043880701065,0.005285016261041164,0.0011936406372115016,0.8055225014686584,0.011311539448797703,0.03348267450928688,0.06849656254053116,0.6922324299812317,0.4130258856256024,1.0,1.0,0.11329065055499149,0.11329065055499149,0.6922318669186178,1.0,0.4130258856256024,791.5533769063181,778.074074074074,0.9833088945914513,508.83006535947715,185.5838779956427,83.66013071895425,515.120201759089,2.8642950941015175,2.806910957386291,2.9431014912840068,1.0,3.0,3.0,0.0
133,paper_full,0.05419866368174553,0.006139638368040323,0.0019624235574156046,0.0440320149064064,0.005387426819652319,0.0012431667419150472,0.8073457479476929,0.011433923617005348,0.033622730523347855,0.06871428340673447,0.693575382232666,0.4114765090490478,1.0,1.0,0.1137708784415831,0.1137708784415831,0.6935744128455783,1.0,0.4114765090490478,807.6122004357298,793.6318082788671,0.9829817627412347,520.4575163398692,181.5359477124183,91.63834422657952,528.5900671466503,2.8684327056984498,2.807513289981418,2.9496924472010995,1.0,3.0,3.0,0.0
134,paper_full,0.05378018692135811,0.005990028381347656,0.0017933188937604427,0.043479468673467636,0.005229183007031679,0.0012302221730351448,0.812131404876709,0.011025392450392246,0.03805730491876602,0.06935705989599228,0.6936922669410706,0.4194091875308999,1.0,1.0,0.11843973533747502,0.11843973533747502,0.6936912854772248,1.0,0.4194091875308999,790.2483660130719,777.2156862745098,0.9837398587964968,507.3747276688453,186.3856209150327,83.45533769063181,514.5926068873188,2.86879989732065,2.804952446931328,2.9607005950412457,1.0,3.0,3.0,0.0
135,paper_full,0.05327719822525978,0.0059888409450650215,0.0018341114046052098,0.04332658648490906,0.005246055778115988,0.0013126804260537028,0.806853711605072,0.011216687969863415,0.03203868493437767,0.06990355998277664,0.693693995475769,0.41928326135627064,1.0,1.0,0.11315886971737564,0.11315886971737564,0.6936936707018767,1.0,0.41928326135627064,792.6405228758169,778.5904139433551,0.9824470288369107,507.87581699346407,181.59477124183007,89.119825708061,515.3947126932912,2.872455544461352,2.8087018512692588,2.95787169471026,1.0,3.0,3.0,0.0
136,paper_full,0.05317982658743858,0.005991315934807062,0.0019072189461439848,0.043783124536275864,0.005278378259390593,0.0013659973628818989,0.8043877482414246,0.011256472207605839,0.030705582350492477,0.06862786412239075,0.6937978863716125,0.4184770508789029,1.0,1.0,0.11058979499314085,0.11058979499314085,0.6937970428165527,1.0,0.4184770508789029,791.3703703703703,777.7233115468409,0.9828529450335121,511.11764705882354,177.9760348583878,88.62962962962963,516.8859990936479,2.8738561357028605,2.8076552285088434,2.964382581980919,1.0,3.0,3.0,0.0
137,paper_full,0.054227717220783234,0.006108244881033897,0.00188738782890141,0.044018350541591644,0.00535870436578989,0.001267493818886578,0.8105564117431641,0.011488464660942554,0.034709107130765915,0.07056178897619247,0.6937967538833618,0.41430337347236335,1.0,1.0,0.1167593041357781,0.1167593041357781,0.6937965198799416,1.0,0.41430337347236335,801.9193899782135,787.3812636165577,0.9819548584267649,514.4749455337691,190.03050108932462,82.87581699346406,523.3133766323913,2.8739227007157404,2.8119690776650423,2.95404194123345,1.0,3.0,3.0,0.0
138,paper_full,0.05334384739398956,0.006000800523906946,0.0019000223837792873,0.043762583285570145,0.0053002494387328625,0.00118519295938313,0.8089444637298584,0.01117087434977293,0.03528605028986931,0.06884999573230743,0.6936371326446533,0.41961351946028747,1.0,1.0,0.11530685772173804,0.11530685772173804,0.6936372066634933,1.0,0.41961351946028747,800.1917211328976,786.4836601307189,0.9834986924612498,511.4640522875817,186.74727668845316,88.2723311546841,521.362758461946,2.868326096233459,2.8050618924866053,2.9556577761448546,1.0,3.0,3.0,0.0
139,paper_full,0.052864160388708115,0.006074726115912199,0.0017167185433208942,0.04296382889151573,0.005330719519406557,0.0011231143726035953,0.8206098675727844,0.011191092431545258,0.0465383343398571,0.06906016170978546,0.6938208341598511,0.4467691319440705,1.0,1.0,0.12678949005723258,0.12678949005723258,0.6938199556730931,1.0,0.4467691319440705,802.3660130718954,789.5119825708061,0.9843477861496065,512.7037037037037,191.6644880174292,85.14379084967321,525.3910815336606,2.861960218882509,2.8027682709538078,2.940931283310867,1.0,3.0,3.0,0.0
140,paper_full,0.053954415023326874,0.006191593129187822,0.002015580888837576,0.04380312189459801,0.0054610962979495525,0.0013441296759992838,0.808464527130127,0.011607491411268711,0.034892622381448746,0.06827615201473236,0.6936888694763184,0.41220977246631463,1.0,1.0,0.11477618914479004,0.11477618914479004,0.6936882468090597,1.0,0.41220977246631463,814.9324618736383,800.4030501089325,0.9827242062572481,522.0588235294117,186.89760348583877,91.44662309368192,533.51127102588,2.864327749655397,2.805521225877317,2.9440281765133727,1.0,3.0,3.0,0.0
141,paper_full,0.053219135850667953,0.006082391366362572,0.0018981609027832747,0.043587762862443924,0.005319362506270409,0.0012197458418086171,0.8072415590286255,0.011054483242332935,0.03576295077800751,0.06677157431840897,0.6936519742012024,0.4186458775290736,1.0,1.0,0.11358897516215809,0.11358897516215809,0.6936516526737504,1.0,0.4186458775290736,802.4662309368192,788.9106753812637,0.9833435563747442,510.69063180827885,187.70152505446623,90.51851851851852,524.7915904059649,2.8633021435706443,2.8068414056482918,2.9397324871653305,1.0,3.0,3.0,0.0
142,paper_full,0.053327713161706924,0.00604691356420517,0.0019381511956453323,0.04339393228292465,0.005275943782180548,0.0012521351454779506,0.8106583952903748,0.011303149163722992,0.035536058247089386,0.07009181380271912,0.693726658821106,0.4200873962544668,1.0,1.0,0.11693097886371716,0.11693097886371716,0.6937266402514671,1.0,0.4200873962544668,800.1546840958606,786.8235294117648,0.983627676156031,512.5599128540305,188.11764705882354,86.14596949891067,523.1681333055683,2.875506384959668,2.8087534338300784,2.9672538273215032,1.0,3.0,3.0,0.0
143,paper_full,0.053350359201431274,0.006089085713028908,0.0020368786063045263,0.04395909979939461,0.005392423830926418,0.0012117188889533281,0.8086429238319397,0.011278734542429447,0.03440400958061218,0.0692291110754013,0.6937310695648193,0.41773375414295655,1.0,1.0,0.11491180557051515,0.11491180557051515,0.693730905554653,1.0,0.41773375414295655,807.884531590414,792.7581699346405,0.9819246714057724,516.9629629629629,184.07407407407408,91.72113289760348,528.6350910793462,2.871824264006937,2.811137075777407,2.9550584552075088,1.0,3.0,3.0,0.0
144,paper_full,0.05310041457414627,0.006045657675713301,0.001964337658137083,0.043857917189598083,0.005366615951061249,0.0011806964175775647,0.8114179968833923,0.011283325962722301,0.03768195956945419,0.06866898387670517,0.6937841176986694,0.42234353341308295,1.0,1.0,0.11763419644310584,0.11763419644310584,0.6937835655440951,1.0,0.42234353341308295,807.7973856209151,794.7385620915032,0.9840690041638613,516.7342047930283,185.36383442265796,92.640522875817,530.9796809443721,2.862142899457146,2.8054973190906,2.937287159215391,1.0,3.0,3.0,0.0
145,paper_full,0.05362005531787872,0.006094923242926598,0.001922978786751628,0.04360663890838623,0.005343238357454538,0.0012792296474799514,0.8128112554550171,0.011379718780517578,0.03941451013088226,0.06984984874725342,0.6921671032905579,0.4157724105844311,1.0,1.0,0.12064402909190566,0.12064402909190566,0.6921668779875978,1.0,0.4157724105844311,804.5490196078431,790.3202614379085,0.9824504089782511,515.3790849673203,187.41176470588235,87.52941176470588,526.7719830947244,2.871820987439623,2.8096303176256567,2.9550722912765535,1.0,3.0,3.0,0.0
146,paper_full,0.05283194035291672,0.006059198174625635,0.0018533566035330296,0.043404508382081985,0.0053444295190274715,0.0012370430631563067,0.8039356470108032,0.011088481172919273,0.03299299627542496,0.06620105355978012,0.6936529874801636,0.42034759396821064,1.0,1.0,0.11028248024597147,0.11028248024597147,0.6936526586806852,1.0,0.42034759396821064,807.1938997821351,793.1111111111111,0.9827553862049199,511.9281045751634,192.96514161220043,88.21786492374727,527.8420616931126,2.8624940474308653,2.8052635982405385,2.941118466828124,1.0,3.0,3.0,0.0
147,paper_full,0.052692703902721405,0.006023372523486614,0.0018693426391109824,0.0428994856774807,0.005277768708765507,0.0012812501518055797,0.8064627051353455,0.010964936576783657,0.03339175507426262,0.06988956779241562,0.6922165155410767,0.42088846514947015,1.0,1.0,0.11424619574627326,0.11424619574627326,0.6922161159691987,1.0,0.42088846514947015,803.3877995642702,789.2135076252723,0.9824602149249846,513.7124183006536,183.07407407407408,92.42701525054466,524.6605081662113,2.867873220921602,2.809529791730162,2.947874894588861,1.0,3.0,3.0,0.0
148,paper_full,0.05342276766896248,0.0060735903680324554,0.0017952565103769302,0.04344965144991875,0.005290329921990633,0.0011784714879468083,0.8075438737869263,0.011335261166095734,0.0342806912958622,0.06825593113899231,0.6936717629432678,0.4190506631252812,1.0,1.0,0.11387176676967825,0.11387176676967825,0.6936714695949181,1.0,0.4190506631252812,804.9738562091503,790.4400871459695,0.9827770366091699,517.5555555555555,181.19389978213508,91.69063180827887,526.2952211334295,2.8608442978661563,2.8085976420924035,2.931996796385655,1.0,3.0,3.0,0.0
149,paper_full,0.05310623720288277,0.006056288257241249,0.001909257611259818,0.04300285130739212,0.0052715083584189415,0.0011778204934671521,0.8163502216339111,0.011185124516487122,0.040896542370319366,0.07057669013738632,0.6936914324760437,0.4268852941740572,1.0,1.0,0.12265830777569274,0.12265830777569274,0.6936909116171543,1.0,0.4268852941740572,800.3398692810457,786.9041394335512,0.9835252530374192,516.6013071895425,186.00435729847496,84.29847494553377,518.8645747564976,2.869574588887832,2.8063835417263387,2.9549873789411225,1.0,3.0,3.0,0.0
150,paper_full,0.052721057087183,0.006058597005903721,0.0018894628155976534,0.04358825460076332,0.005385990720242262,0.0013849763199687004,0.8158093094825745,0.011408589780330658,0.03864745423197746,0.07188666611909866,0.6938661336898804,0.4270352499807063,1.0,1.0,0.12194270592726654,0.12194270592726654,0.6938656463342554,1.0,0.4270352499807063,806.2135076252723,790.1111111111111,0.9801195325631309,512.8736383442266,185.36383442265796,91.87363834422658,528.233856334146,2.876131359008922,2.8051797247660186,2.9741941329440778,1.0,3.0,3.0,0.0
151,paper_full,0.052531927824020386,0.005987843498587608,0.00184911978431046,0.043335918337106705,0.005296295043081045,0.0011588821653276682,0.805899977684021,0.010970941744744778,0.033655937761068344,0.06755813211202621,0.6937146782875061,0.4240719524733641,1.0,1.0,0.112184894679029,0.112184894679029,0.6937142459915094,1.0,0.4240719524733641,802.9128540305011,789.1350762527234,0.9829400408854627,516.2440087145969,184.98910675381265,87.90196078431373,526.032330747783,2.8707743127361622,2.803324162830195,2.9620452482975645,1.0,3.0,3.0,0.0
152,paper_full,0.05260946974158287,0.005934137385338545,0.0018484026659280062,0.042577777057886124,0.0051945787854492664,0.0011875494383275509,0.8029443621635437,0.011046958155930042,0.03330429643392563,0.0648452490568161,0.6937479376792908,0.42205192392168484,1.0,1.0,0.10919648546863485,0.10919648546863485,0.693746901415532,1.0,0.42205192392168484,785.4117647058823,772.3660130718954,0.9837333892260517,509.94117647058823,184.7450980392157,77.6797385620915,508.39979401964507,2.8694222835673746,2.807503021880173,2.9549045375749174,1.0,3.0,3.0,0.0
153,paper_full,0.05256299674510956,0.005960078909993172,0.0018303528195247054,0.043239202350378036,0.005284768994897604,0.0013130289735272527,0.8069945573806763,0.01117735356092453,0.03410765528678894,0.06802256405353546,0.6936866641044617,0.4239741124228974,1.0,1.0,0.11330754068032849,0.11330754068032849,0.6936865084051826,1.0,0.4239741124228974,795.5098039215686,781.4117647058823,0.9825688488690979,509.07625272331154,185.1917211328976,87.14379084967321,519.2708912768395,2.8683693886842083,2.8101545263219765,2.947633005694886,1.0,3.0,3.0,0.0
154,paper_full,0.053293026983737946,0.005957733374089003,0.0018274398753419518,0.043789707124233246,0.0052918619476258755,0.0011814471799880266,0.8093852996826172,0.011231832206249237,0.03611274063587189,0.06840277463197708,0.6936370134353638,0.4213302904873892,1.0,1.0,0.11574727506224626,0.11574727506224626,0.6936367842366753,1.0,0.4213302904873892,796.2941176470588,782.2636165577342,0.983072807442084,514.1263616557734,182.37254901960785,85.76470588235294,518.6703115558832,2.870645016626595,2.8084615710514043,2.9544393418920847,1.0,3.0,3.0,0.0
155,paper_full,0.05218208208680153,0.0060183401219546795,0.0015554383862763643,0.04286111518740654,0.005285805091261864,0.0010388975497335196,0.8078950643539429,0.010880856774747372,0.03703288733959198,0.06630079448223114,0.6936809420585632,0.42963827526387566,1.0,1.0,0.11421454510365436,0.11421454510365436,0.6936812409907904,1.0,0.42963827526387566,802.9607843137255,790.4117647058823,0.9847177064632797,516.9673202614379,188.33115468409585,85.11328976034858,526.4971094734009,2.8620170622349823,2.8027701679138315,2.942437140250777,1.0,3.0,3.0,0.0
156,paper_full,0.051970548927783966,0.006040469743311405,0.0016504308441653848,0.042588312178850174,0.005277648568153381,0.0011090998305007815,0.8058983683586121,0.010951394215226173,0.03470925614237785,0.06650517880916595,0.6937320232391357,0.42965527583311325,1.0,1.0,0.11216575936424447,0.11216575936424447,0.6937316318482875,1.0,0.42965527583311325,809.9368191721132,797.2549019607843,0.9843596285473812,515.0130718954248,187.98910675381265,94.25272331154684,530.913595162186,2.8660509446088005,2.804851741832326,2.953550667025165,1.0,3.0,3.0,0.0
157,paper_full,0.052359435707330704,0.00597683759406209,0.0018440395360812545,0.04326467961072922,0.005264637991786003,0.001285126549191773,0.8123614192008972,0.011187069118022919,0.03669210895895958,0.07068922370672226,0.6937932372093201,0.42947432100123567,1.0,1.0,0.11856834390778946,0.11856834390778946,0.6937926503827629,1.0,0.42947432100123567,798.9455337690632,784.7276688453159,0.9825265379183864,512.8366013071895,180.161220043573,91.72984749455338,522.8435147686462,2.867892881883775,2.8072539222526136,2.949874289414981,1.0,3.0,3.0,0.0
158,paper_full,0.052588120102882385,0.005868862848728895,0.0016558852512389421,0.04332243651151657,0.005215498153120279,0.0011169632198289037,0.8060304522514343,0.011102559976279736,0.033686891198158264,0.06757302582263947,0.6936687231063843,0.4259355216244467,1.0,1.0,0.11236238172825645,0.11236238172825645,0.6936679256507774,1.0,0.4259355216244467,784.4967320261438,772.2178649237472,0.984503398435885,499.96514161220045,182.18300653594773,90.06971677559913,512.2748873841529,2.8628998883149723,2.802728469595151,2.946931861844198,1.0,3.0,3.0,0.0
159,paper_full,0.052491795271635056,0.005839627236127853,0.0017013471806421876,0.04263370856642723,0.005099624395370483,0.0011369622079655528,0.804722249507904,0.010914803482592106,0.033032651990652084,0.06703995168209076,0.6937345862388611,0.4269141532756664,1.0,1.0,0.11098733034658535,0.11098733034658535,0.6937343915822979,1.0,0.4269141532756664,781.3267973856209,768.8126361655774,0.9843974701529539,508.58169934640523,174.0958605664488,86.13507625272331,507.0708192979069,2.860917715205606,2.805810861857628,2.932916093236221,1.0,3.0,3.0,0.0
160,paper_full,0.052455835044384,0.005975952837616205,0.0018869471969082952,0.042659565806388855,0.005233400966972113,0.001215364201925695,0.8067922592163086,0.011061521247029305,0.03499090299010277,0.06700541079044342,0.6937347650527954,0.42597876089850284,1.0,1.0,0.11305768797600191,0.11305768797600191,0.6937344554722439,1.0,0.42597876089850284,797.0043572984749,783.3877995642702,0.9833607408556193,511.53812636165577,183.88671023965142,87.96296296296296,523.9208570825249,2.8583743935836425,2.802085429754652,2.931236082692032,1.0,3.0,3.0,0.0
161,paper_full,0.05203057453036308,0.005957885179668665,0.0017864034743979573,0.04297404736280441,0.005292066372931004,0.0012988700764253736,0.8057684898376465,0.011008583009243011,0.0354638397693634,0.06554078310728073,0.6937554478645325,0.43011137596402554,1.0,1.0,0.11201309902930312,0.11201309902930312,0.693754688587064,1.0,0.43011137596402554,802.2200435729848,788.7864923747277,0.9835551418032864,509.46623093681916,182.11111111111111,97.20915032679738,522.7356715649041,2.865416053073858,2.806566413970814,2.944751091772175,1.0,3.0,3.0,0.0
162,paper_full,0.05241003632545471,0.005990278907120228,0.0018769006710499525,0.04315560311079025,0.005290786270052195,0.0012776004150509834,0.8024696111679077,0.011018546298146248,0.03170008957386017,0.06751348078250885,0.6922376155853271,0.421224974469162,1.0,1.0,0.11023205515476094,0.11023205515476094,0.6922366256807365,1.0,0.421224974469162,797.9847494553377,783.5446623093682,0.9824722979649229,513.5119825708061,184.62091503267973,85.41176470588235,522.1648656641476,2.878397440858396,2.8078517602160087,2.972692057977315,1.0,3.0,3.0,0.0
163,paper_full,0.05166812986135483,0.005923888646066189,0.0016795049887150526,0.04234670475125313,0.005212113261222839,0.0010712869698181748,0.8021997213363647,0.010923786088824272,0.032711442559957504,0.06477294117212296,0.6937918066978455,0.43096156291712345,1.0,1.0,0.10840813046998968,0.10840813046998968,0.6937909154850413,1.0,0.43096156291712345,791.2418300653595,778.9847494553377,0.9850047731931153,516.3006535947712,181.81045751633988,80.87363834422658,519.02361668273,2.8629089103025547,2.8054432167726406,2.9402629399351565,1.0,3.0,3.0,0.0
164,paper_full,0.05196593329310417,0.0059458911418914795,0.0016745486063882709,0.04261934384703636,0.0052578565664589405,0.0010613994672894478,0.808133065700531,0.010784796439111233,0.03647172823548317,0.06722506880760193,0.6936511993408203,0.4305542540576203,1.0,1.0,0.11448152218833728,0.11448152218833728,0.6936507315936951,1.0,0.4305542540576203,800.1002178649237,787.1546840958606,0.9841501234758381,511.7864923747277,186.11546840958604,89.25272331154684,523.8809144263174,2.8617830146631644,2.7986134298486647,2.94871381009586,1.0,3.0,3.0,0.0
165,paper_full,0.051771942526102066,0.005941553972661495,0.0017296341247856617,0.04265674576163292,0.005203165579587221,0.001184352207928896,0.8044130802154541,0.010793627239763737,0.0362694077193737,0.06360229104757309,0.6937478184700012,0.4308053918978228,1.0,1.0,0.11066524078156434,0.11066524078156434,0.6937479571579328,1.0,0.4308053918978228,797.5555555555555,784.9433551198257,0.9844211083818428,511.0958605664488,187.9281045751634,85.9193899782135,518.541045344733,2.8587616185996527,2.802108164186831,2.934746732898787,1.0,3.0,3.0,0.0
166,paper_full,0.05128481611609459,0.005968060344457626,0.0017408200073987246,0.04187575355172157,0.005227944348007441,0.0010718783596530557,0.8031101226806641,0.010686373338103294,0.03373134881258011,0.06481049209833145,0.6938830018043518,0.4316229952706231,1.0,1.0,0.10922809818471439,0.10922809818471439,0.6938820894247566,1.0,0.4316229952706231,802.4662309368192,790.1176470588235,0.9847991733969828,512.7124183006536,196.83006535947712,80.57516339869281,522.8540451947381,2.8614423534709124,2.8043058204235334,2.938446212697912,1.0,3.0,3.0,0.0
167,paper_full,0.051679644733667374,0.005950652062892914,0.0017133360961452127,0.04277292266488075,0.0052468059584498405,0.0011581906583160162,0.8074994087219238,0.010886692441999912,0.035262614488601685,0.0676598772406578,0.6936907172203064,0.4321001150639229,1.0,1.0,0.11380909057029712,0.11380909057029712,0.6936900585824888,1.0,0.4321001150639229,802.7233115468409,789.4204793028323,0.9837855313465627,510.7276688453159,186.63834422657953,92.05446623093682,524.9731434009693,2.864122534109876,2.80595399351681,2.9459020930437743,1.0,3.0,3.0,0.0
168,paper_full,0.05177270621061325,0.005876212380826473,0.0016460655024275184,0.042563796043395996,0.005232347175478935,0.0012769496534019709,0.8059531450271606,0.010813704691827297,0.03471756726503372,0.0668041855096817,0.693617582321167,0.4318297709904465,1.0,1.0,0.11233534801889349,0.11233534801889349,0.6936175940083522,1.0,0.4318297709904465,793.2178649237472,779.5751633986928,0.983174204676387,515.7559912854031,181.93246187363835,81.88671023965142,517.8042984839877,2.868813133966949,2.805272695545537,2.9569356831070643,1.0,3.0,3.0,0.0
169,paper_full,0.05245814099907875,0.0060126446187496185,0.0017308280803263187,0.04276584833860397,0.005265069659799337,0.001240465440787375,0.8194373846054077,0.01119838934391737,0.04835793003439903,0.06609074026346207,0.6937907934188843,0.43195392064798893,1.0,1.0,0.1256469975596939,0.1256469975596939,0.693790103355524,1.0,0.43195392064798893,802.4618736383442,788.8518518518518,0.9827919302674328,517.5468409586057,182.7843137254902,88.520697167756,524.9005222029675,2.8646034467194337,2.806526259399447,2.943038253742625,1.0,3.0,3.0,0.0
170,paper_full,0.05152948573231697,0.005912728141993284,0.001686404226347804,0.042633067816495895,0.005233653821051121,0.001090510399080813,0.8065446019172668,0.011063747107982635,0.03581269457936287,0.06577193737030029,0.6938967108726501,0.4340263799254931,1.0,1.0,0.11264822142673474,0.11264822142673474,0.6938962396193693,1.0,0.4340263799254931,792.6318082788671,780.3006535947712,0.9848596193062861,511.8867102396514,183.17211328976035,85.24183006535948,517.2727077376089,2.8594055045923636,2.803461572443478,2.9349211779035516,1.0,3.0,3.0,0.0
171,paper_full,0.05162934958934784,0.005928832106292248,0.0016759096179157495,0.042816389352083206,0.005246165208518505,0.0011775640305131674,0.8088606595993042,0.010881861671805382,0.03592406585812569,0.06833036243915558,0.693724513053894,0.4341034754169273,1.0,1.0,0.11513619655682371,0.11513619655682371,0.6937239397325288,1.0,0.4341034754169273,802.4270152505446,789.3747276688454,0.983991846147485,516.281045751634,185.35294117647058,87.74074074074075,524.8790991955593,2.866109701023642,2.805992120751109,2.9481480781289227,1.0,3.0,3.0,0.0
172,paper_full,0.051061179488897324,0.005908213555812836,0.001640485366806388,0.04202856495976448,0.005189756862819195,0.0010996446944773197,0.8040268421173096,0.01047425251454115,0.03707611560821533,0.06293343007564545,0.693543016910553,0.43459066040895084,1.0,1.0,0.11048379953552954,0.11048379953552954,0.6935424589123861,1.0,0.43459066040895084,803.7342047930283,791.7037037037037,0.9853895218287171,517.6906318082789,183.45969498910677,90.55337690631808,522.2589100025318,2.8551752037472196,2.8004155605706775,2.927794272603552,1.0,3.0,3.0,0.0
173,paper_full,0.05140424519777298,0.0060157692059874535,0.0017216606065630913,0.042167700827121735,0.005279369652271271,0.0010257139801979065,0.8063830733299255,0.01071519311517477,0.03495652228593826,0.06705678254365921,0.693655252456665,0.4335347693859882,1.0,1.0,0.11272842474362949,0.11272842474362949,0.6936544730512665,1.0,0.4335347693859882,815.4204793028323,802.7712418300654,0.9849398586780649,514.479302832244,191.96296296296296,96.32897603485839,533.4960210131145,2.8514663118682395,2.801254327001135,2.919032928990383,1.0,3.0,3.0,0.0
174,paper_full,0.05151263624429703,0.006009840406477451,0.001758985803462565,0.042383577674627304,0.005288596265017986,0.0011630390072241426,0.8089929819107056,0.010809258557856083,0.037212975323200226,0.06715694814920425,0.6938133239746094,0.4337104772560477,1.0,1.0,0.11517912102355936,0.11517912102355936,0.6938130891920434,1.0,0.4337104772560477,816.3093681917211,802.7363834422658,0.9835225688682345,519.6579520697168,188.25054466230938,94.82788671023965,533.6002328245208,2.870318463684946,2.8064640056593486,2.9590068351728984,1.0,3.0,3.0,0.0
175,paper_full,0.05111875385046005,0.005884818732738495,0.0017659143777564168,0.04234180226922035,0.005226708948612213,0.0011073901550844312,0.8051838278770447,0.010690352879464626,0.035064563155174255,0.06568915396928787,0.6937394738197327,0.4356112115263679,1.0,1.0,0.11144399511463501,0.11144399511463501,0.6937386313035337,1.0,0.4356112115263679,800.1917211328976,787.8366013071895,0.9851087381007508,514.8213507625272,182.88671023965142,90.12854030501089,523.5341465769251,2.860324150077138,2.80136254929769,2.941297899923553,1.0,3.0,3.0,0.0
176,paper_full,0.050954245030879974,0.005811663810163736,0.0017042623367160559,0.0424225851893425,0.005155135877430439,0.0012612446444109082,0.803516149520874,0.010488815605640411,0.03450017422437668,0.06480953842401505,0.693718433380127,0.43671951899081796,1.0,1.0,0.10979848973501742,0.10979848973501742,0.693717341017879,1.0,0.43671951899081796,795.2244008714597,781.5076252723312,0.9835709878816392,511.5882352941176,187.72766884531592,82.1917211328976,519.9419168044279,2.8674873116229356,2.8022648327231146,2.9581830818408976,1.0,3.0,3.0,0.0
177,paper_full,0.051643628627061844,0.005854876711964607,0.001645764335989952,0.04284385219216347,0.005190236959606409,0.0011140541173517704,0.8060075044631958,0.010537276044487953,0.03606581687927246,0.06580749154090881,0.6935972571372986,0.4326704282776203,1.0,1.0,0.11241054474852963,0.11241054474852963,0.6935963865718551,1.0,0.4326704282776203,796.958605664488,784.5098039215686,0.9847000104681585,510.69063180827885,185.1459694989107,88.67320261437908,519.5145379359426,2.8616598649741776,2.8064645063903075,2.938761497634688,1.0,3.0,3.0,0.0
178,paper_full,0.05119866132736206,0.005885225720703602,0.0015783777926117182,0.042569246143102646,0.005200435407459736,0.00109438830986619,0.801582396030426,0.010603774338960648,0.034052908420562744,0.06482815742492676,0.6920978426933289,0.4319385831002836,1.0,1.0,0.1094847508829923,0.1094847508829923,0.6920976812803148,1.0,0.4319385831002836,800.2570806100218,787.8692810457517,0.9849026709916883,512.7734204793028,188.37254901960785,86.72331154684096,518.1870141787726,2.859666682536306,2.8030444812151343,2.9348155984691546,1.0,3.0,3.0,0.0
179,paper_full,0.050924792885780334,0.005812369752675295,0.0017549850745126605,0.04178480803966522,0.005138637963682413,0.0011851396411657333,0.805636465549469,0.010691792704164982,0.035975683480501175,0.06517680734395981,0.6937925219535828,0.43671931355607274,1.0,1.0,0.1118442200708623,0.1118442200708623,0.6937920901770166,1.0,0.43671931355607274,789.1830065359477,775.2745098039215,0.9830268871708709,509.2309368191721,181.74291938997823,84.30065359477125,516.8794619491676,2.8702022868303954,2.802423158242552,2.96470568278776,1.0,3.0,3.0,0.0
180,paper_full,0.05165143683552742,0.005934171844273806,0.001691701472736895,0.042575713247060776,0.005220349412411451,0.0011389636201784015,0.8042421936988831,0.010851512663066387,0.03562459722161293,0.06403104960918427,0.693734884262085,0.4316748815684017,1.0,1.0,0.11050708371991685,0.11050708371991685,0.6937344822229123,1.0,0.4316748815684017,801.5032679738562,789.1742919389978,0.9851526734500848,511.8322440087146,188.98039215686273,88.36165577342048,520.5250683454127,2.855026230053704,2.802702235240562,2.9238649198951805,1.0,3.0,3.0,0.0
181,paper_full,0.05088315159082413,0.005903201177716255,0.001640262664295733,0.0419640988111496,0.005202095024287701,0.0012140837498009205,0.8054352402687073,0.010514730587601662,0.04003353789448738,0.06114380061626434,0.6937428712844849,0.43843128673391407,1.0,1.0,0.1116920089539879,0.1116920089539879,0.6937422771859013,1.0,0.43843128673391407,800.0958605664488,787.4291938997821,0.984506251806748,514.2962962962963,188.28540305010893,84.8474945533769,523.7008137090014,2.864652987918563,2.803155332868655,2.951790171251318,1.0,3.0,3.0,0.0
182,paper_full,0.05122862383723259,0.005827986169606447,0.0017143700970336795,0.04275335744023323,0.00518821133300662,0.0011618899879977107,0.807042121887207,0.010535054840147495,0.04017207399010658,0.06279192119836807,0.6935427188873291,0.4370940371146649,1.0,1.0,0.11349896852876626,0.11349896852876626,0.6935420416798727,1.0,0.4370940371146649,797.1917211328976,784.1372549019608,0.983945862634265,508.7690631808279,183.43790849673204,91.93028322440087,519.0936966773471,2.8609896355464826,2.8023514617762015,2.9448624472732376,1.0,3.0,3.0,0.0
183,paper_full,0.05109681189060211,0.005855614319443703,0.0016797432908788323,0.042438335716724396,0.005255253054201603,0.0011880366364493966,0.8155774474143982,0.010787521488964558,0.04370717704296112,0.06729324162006378,0.6937890648841858,0.44210444432977497,1.0,1.0,0.12178780908710557,0.12178780908710557,0.6937889141194961,1.0,0.44210444432977497,797.5795206971677,784.5010893246188,0.9842620311259601,509.99564270152507,183.2004357298475,91.30501089324619,522.2106166997506,2.85894970332875,2.8025228120143115,2.934055275387234,1.0,3.0,3.0,0.0
184,paper_full,0.050422850996255875,0.005849361885339022,0.001632562605664134,0.04232257604598999,0.005193909164518118,0.001108228345401585,0.8031824231147766,0.010475056245923042,0.03393329679965973,0.06510286033153534,0.6936716437339783,0.44078016949894644,1.0,1.0,0.10951107617849098,0.10951107617849098,0.6936712142948491,1.0,0.44078016949894644,800.4727668845316,787.0239651416122,0.9837384154821063,517.2418300653595,182.43355119825708,87.34858387799564,519.6982706938434,2.8659741224027147,2.804859181634741,2.9479892581116918,1.0,3.0,3.0,0.0
185,paper_full,0.050825443118810654,0.005795274395495653,0.0017036987701430917,0.041470423340797424,0.005085759796202183,0.0011195502011105418,0.8000969290733337,0.010313752107322216,0.03279687091708183,0.06334631890058517,0.6936398148536682,0.43621557717229803,1.0,1.0,0.10645694426851335,0.10645694426851335,0.6936394992996665,1.0,0.43621557717229803,792.875816993464,781.4749455337691,0.9858921579585839,512.7080610021786,180.19825708061003,88.56862745098039,518.6343636273818,2.85704399973219,2.797596879514474,2.9383166516788126,1.0,3.0,3.0,0.0
186,paper_full,0.05046822875738144,0.005861907731741667,0.0015982795739546418,0.04209412261843681,0.0051671965047717094,0.0011433335021138191,0.8178033232688904,0.010547924786806107,0.049205128103494644,0.06434370577335358,0.6937059760093689,0.4469067232281554,1.0,1.0,0.124096745361365,0.124096745361365,0.6937062501387918,1.0,0.4469067232281554,795.3442265795208,782.5969498910675,0.9842985242404795,512.4422657952069,179.359477124183,90.79520697167756,519.7345817083886,2.85830303630538,2.8005548120843557,2.9378187697957023,1.0,3.0,3.0,0.0
187,paper_full,0.05101737380027771,0.005832086782902479,0.0017886449350044131,0.04201870784163475,0.0051557463593780994,0.0011419706279411912,0.8027125597000122,0.01068827509880066,0.03312684968113899,0.06519290804862976,0.6937050819396973,0.4367341891353167,1.0,1.0,0.10900790111236842,0.10900790111236842,0.6937043899284728,1.0,0.4367341891353167,793.6971677559912,780.479302832244,0.9836762176011481,508.52287581699346,186.68627450980392,85.27015250544662,519.5922423385587,2.863247883865257,2.80023163699896,2.9496041554511243,1.0,3.0,3.0,0.0
188,paper_full,0.05026055499911308,0.005823354236781597,0.001781870611011982,0.04171152785420418,0.005118394270539284,0.0011075771180912852,0.7991194725036621,0.010360277257859707,0.03186209499835968,0.06320388615131378,0.6936935186386108,0.438173755776129,1.0,1.0,0.10542622009750804,0.10542622009750804,0.693692963627169,1.0,0.438173755776129,800.7777777777778,788.7690631808279,0.9852262070197381,511.28322440087146,187.7037037037037,89.78213507625273,524.5831664507166,2.856420787591041,2.801279950505508,2.9320037359765414,1.0,3.0,3.0,0.0
189,paper_full,0.05084769427776337,0.005894141271710396,0.0017754334257915616,0.04203091561794281,0.005153939593583345,0.0011765854433178902,0.8022449016571045,0.010715759359300137,0.032443951815366745,0.06533610820770264,0.6937487721443176,0.4367769822835403,1.0,1.0,0.1084957745713476,0.1084957745713476,0.693748338160172,1.0,0.4367769822835403,807.8039215686274,794.3289760348584,0.984207271828093,512.9564270152506,184.76470588235293,96.6078431372549,533.1191136312381,2.854975461959839,2.800883307176478,2.9276601073528945,1.0,3.0,3.0,0.0
190,paper_full,0.05034278333187103,0.00581459142267704,0.0015975917922332883,0.04160500690340996,0.005144866649061441,0.001137496787123382,0.7989844679832458,0.010535171255469322,0.03292407840490341,0.06164100021123886,0.6938843131065369,0.44153171199858837,1.0,1.0,0.1051002493724714,0.1051002493724714,0.6938839178199602,1.0,0.44153171199858837,801.7080610021786,789.4030501089325,0.98487189968733,511.4640522875817,189.54901960784315,88.38997821350763,525.9833123367077,2.8579426445472733,2.800961932325675,2.935553384502469,1.0,3.0,3.0,0.0
191,paper_full,0.050804875791072845,0.0057976157404482365,0.001627718680538237,0.04171149060130119,0.005156209692358971,0.000970998895354569,0.8014960289001465,0.010237608104944229,0.034457527101039886,0.06319787353277206,0.6936032176017761,0.43707836732625444,1.0,1.0,0.1078929108179992,0.1078929108179992,0.6936026897305757,1.0,0.43707836732625444,793.9193899782135,782.2527233115468,0.9855145441255172,512.8540305010894,187.33333333333334,82.06535947712419,515.1045891921765,2.8507929752075594,2.80039582688824,2.9199855831453743,1.0,3.0,3.0,0.0
192,paper_full,0.04995302855968475,0.0057744551450014114,0.001525780069641769,0.041254471987485886,0.005082368850708008,0.0009530718671157956,0.8002743124961853,0.010415242053568363,0.03446337208151817,0.06153352931141853,0.6938623189926147,0.44455311669763137,1.0,1.0,0.10641211071629929,0.10641211071629929,0.693861596854424,1.0,0.44455311669763137,797.4749455337691,785.9782135076252,0.9858250276301836,512.7559912854031,189.08278867102396,84.13943355119825,521.5650112177033,2.851911338585914,2.7971097311422977,2.9300875949444074,1.0,3.0,3.0,0.0
193,paper_full,0.0504603311419487,0.005927857477217913,0.001589972642250359,0.04138525202870369,0.005206298548728228,0.0009620875352993608,0.8002104163169861,0.010411187075078487,0.03370341658592224,0.062368541955947876,0.6937277913093567,0.4389148440885648,1.0,1.0,0.10648303876645165,0.10648303876645165,0.6937275415931652,1.0,0.4389148440885648,819.6078431372549,807.8496732026143,0.9861355145252396,524.1742919389978,191.30718954248366,92.3681917211329,533.8424254938927,2.844579139825825,2.79662818015271,2.9094194425736637,1.0,3.0,3.0,0.0
194,paper_full,0.05006971210241318,0.005785530898720026,0.0016700088744983077,0.041404809802770615,0.005118493922054768,0.0011561966966837645,0.8010854125022888,0.010433096438646317,0.03406152129173279,0.06278224289417267,0.6938087940216064,0.4428204885625112,1.0,1.0,0.10727674131786902,0.10727674131786902,0.6938081484994078,1.0,0.4428204885625112,803.6732026143791,790.7886710239651,0.9842170890376851,514.9694989106754,187.84967320261438,87.96949891067538,523.8249973139212,2.857870149716313,2.8027078700221444,2.933475518278567,1.0,3.0,3.0,0.0
195,paper_full,0.04995837062597275,0.005775501020252705,0.001529189758002758,0.04134060814976692,0.005082445684820414,0.0009862380102276802,0.8052657246589661,0.010186566971242428,0.040477074682712555,0.06087886914610863,0.6937224864959717,0.4468357179938838,1.0,1.0,0.1115424378911005,0.1115424378911005,0.6937222424935152,1.0,0.4468357179938838,793.5925925925926,781.4836601307189,0.985225093252718,514.0631808278868,184.45098039215685,82.96949891067538,518.1205658091959,2.8516137381784277,2.796458080703137,2.9257483814796332,1.0,3.0,3.0,0.0
196,paper_full,0.04988783225417137,0.005748887546360493,0.001535141607746482,0.04136690869927406,0.005098785739392042,0.0010687015019357204,0.7989519834518433,0.010280933231115341,0.03461772948503494,0.06174512580037117,0.6923078894615173,0.4440211685930332,1.0,1.0,0.10664370466908339,0.10664370466908339,0.6923076306552929,1.0,0.4440211685930332,799.5904139433551,787.0021786492375,0.9845305817149492,517.0087145969499,183.8322440087146,86.16122004357298,519.460072502851,2.8625945941035784,2.802659809199813,2.9489838053717854,1.0,3.0,3.0,0.0
197,paper_full,0.04935788735747337,0.005754905287176371,0.0016118467319756746,0.041362691670656204,0.005116562359035015,0.0011201876914128661,0.796911895275116,0.010179783217608929,0.03398817777633667,0.0606619156897068,0.6920825839042664,0.4446814784816667,1.0,1.0,0.10482986455616868,0.10482986455616868,0.6920819569517065,1.0,0.4446814784816667,790.4662309368192,777.5686274509804,0.984091149594397,513.2875816993464,179.9346405228758,84.34640522875817,513.2476535373264,2.8589065791734685,2.7992561471228505,2.93987378056013,1.0,3.0,3.0,0.0
198,paper_full,0.04977940768003464,0.005826472770422697,0.0015920542646199465,0.0414474792778492,0.005184779409319162,0.0009940608870238066,0.801305890083313,0.01015127170830965,0.035234786570072174,0.062235355377197266,0.6936835050582886,0.4472582318164684,1.0,1.0,0.10762132202682931,0.10762132202682931,0.6936835473918707,1.0,0.4472582318164684,804.7690631808279,793.3006535947712,0.9861407499635982,514.1590413943355,191.95642701525054,87.18518518518519,525.6659542574082,2.8592548162589146,2.800560347654721,2.9406122813297513,1.0,3.0,3.0,0.0
199,paper_full,0.05006451904773712,0.00582830561324954,0.0015863057924434543,0.04159972071647644,0.005147273652255535,0.0009956753347069025,0.8028982877731323,0.010252567939460278,0.038343314081430435,0.06060270965099335,0.6937004327774048,0.44463127760585874,1.0,1.0,0.10919859057418142,0.10919859057418142,0.693699665578622,1.0,0.44463127760585874,801.6296296296297,789.3267973856209,0.9851627010522107,513.3529411764706,192.33333333333334,83.640522875817,522.3990701247404,2.852017079043752,2.800318670168941,2.9225529216733115,1.0,3.0,3.0,0.0
200,paper_full,0.05044826865196228,0.005802388768643141,0.0018024707678705454,0.041810840368270874,0.005101426038891077,0.0012328457087278366,0.7988618016242981,0.010395490564405918,0.03479430451989174,0.059943754225969315,0.693727970123291,0.43753718901303856,1.0,1.0,0.10513346397149537,0.10513346397149537,0.6937275114661987,1.0,0.43753718901303856,798.1067538126362,785.3006535947712,0.9843631531166336,507.62745098039215,183.65795206971677,94.01525054466231,522.0286995549087,2.851364358577853,2.801785522037082,2.9147581082803233,1.0,3.0,3.0,0.0
201,paper_full,0.04961857572197914,0.005759367719292641,0.0015698919305577874,0.04131831228733063,0.005110655911266804,0.0010199942626059055,0.8015503287315369,0.009996643289923668,0.03598163649439812,0.061944715678691864,0.693627655506134,0.44851030191824587,1.0,1.0,0.10792291355938174,0.10792291355938174,0.6936269441461251,1.0,0.44851030191824587,793.7755991285403,781.2352941176471,0.9847738937807005,514.0087145969499,184.57734204793027,82.64923747276688,514.4528094522315,2.8563549451059247,2.80021162646009,2.933142376361589,1.0,3.0,3.0,0.0
202,paper_full,0.050225384533405304,0.005808588583022356,0.0016808330547064543,0.04155667498707771,0.005115144420415163,0.0011358215706422925,0.8072405457496643,0.01036709826439619,0.03993595018982887,0.06335677206516266,0.6935795545578003,0.4450913875451015,1.0,1.0,0.11365976719457599,0.11365976719457599,0.6935800369788359,1.0,0.4450913875451015,797.4989106753812,784.8910675381263,0.9849525054621362,514.4008714596949,183.89106753812635,86.59912854030502,519.0145390662233,2.8591289572206717,2.8018796506270864,2.936478496376985,1.0,3.0,3.0,0.0
203,paper_full,0.05013393610715866,0.005854981951415539,0.0016073904698714614,0.041427552700042725,0.005166680086404085,0.0011978920083492994,0.8031488656997681,0.010378353297710419,0.03741157799959183,0.06166873872280121,0.6936904191970825,0.44428564013998495,1.0,1.0,0.10945862060116526,0.10945862060116526,0.6936894011133896,1.0,0.44428564013998495,808.3202614379085,795.3943355119826,0.9844193089945027,520.4270152505446,183.4400871459695,91.5272331154684,528.4520846763727,2.858819996349692,2.8026478752850967,2.9330636078495864,1.0,3.0,3.0,0.0
204,paper_full,0.04929279536008835,0.005820631980895996,0.0015976724680513144,0.04093054309487343,0.005108091048896313,0.001083823386579752,0.8410410284996033,0.010227594524621964,0.07578489184379578,0.06109672039747238,0.6939323544502258,0.47281821822029313,1.0,1.0,0.14710904678130982,0.14710904678130982,0.6939312911760833,1.0,0.47281821822029313,806.4488017429194,794.4814814814815,0.9851800218899126,516.5795206971677,192.30065359477123,85.60130718954248,524.8449666141685,2.856811570186241,2.7988645230503124,2.9373747009077884,1.0,3.0,3.0,0.0
205,paper_full,0.04968060925602913,0.005769295152276754,0.0015796147054061294,0.04097922891378403,0.0050499034114181995,0.0009739400702528656,0.8023411631584167,0.010335724800825119,0.03741554170846939,0.06085953488945961,0.6937294006347656,0.4477141005411127,1.0,1.0,0.10861079295800921,0.10861079295800921,0.6937293494708657,1.0,0.4477141005411127,793.2265795206972,781.7930283224401,0.9858093335533438,510.8976034858388,186.30936819172112,84.58605664488017,521.1477993900739,2.8582400896450535,2.798647410469637,2.9433217682350175,1.0,3.0,3.0,0.0
206,paper_full,0.04975545406341553,0.005789811722934246,0.0014358146581798792,0.04071750491857529,0.005078383255749941,0.0008946427842602134,0.7991448640823364,0.010356279090046883,0.0344911627471447,0.06052982062101364,0.6937674283981323,0.44574689780704857,1.0,1.0,0.10537724972810102,0.10537724972810102,0.6937668729971177,1.0,0.44574689780704857,800.6514161220043,789.7298474945534,0.9867528585355625,516.1786492374728,189.5446623093682,84.00653594771242,521.5726362905731,2.85227518507598,2.798950215050857,2.926410476626394,1.0,3.0,3.0,0.0
207,paper_full,0.04944455623626709,0.0057891421020030975,0.001590861938893795,0.04095175489783287,0.005115786101669073,0.0010432085255160928,0.8063092827796936,0.010313453152775764,0.04073267802596092,0.06157403439283371,0.6936898231506348,0.4509737629906025,1.0,1.0,0.1126201137380922,0.1126201137380922,0.693689728874007,1.0,0.4509737629906025,806.884531590414,795.2244008714597,0.9854775101465097,514.0675381263617,187.87581699346404,93.28104575163398,524.946274834261,2.846395321661091,2.795226210342773,2.9175906269638627,1.0,3.0,3.0,0.0
208,paper_full,0.04930172860622406,0.005769212264567614,0.001531338901259005,0.04103277623653412,0.005120391957461834,0.0009630045387893915,0.802789032459259,0.010311651974916458,0.03631496801972389,0.062362443655729294,0.6938006281852722,0.45054788812832636,1.0,1.0,0.10898899621368753,0.10898899621368753,0.6937996276323571,1.0,0.45054788812832636,807.4074074074074,795.7407407407408,0.9855164669790644,514.4139433551198,188.19607843137254,93.13071895424837,528.9248519265833,2.849986604096323,2.7968991478024483,2.9237131698458803,1.0,3.0,3.0,0.0
209,paper_full,0.04912922903895378,0.00572073832154274,0.0015675912145525217,0.040586166083812714,0.005017479415982962,0.0010816684225574136,0.8027471303939819,0.010112710297107697,0.03964269161224365,0.05910811945796013,0.6938832998275757,0.4525228982267816,1.0,1.0,0.10886346243630307,0.10886346243630307,0.6938831950324813,1.0,0.4525228982267816,794.8257080610022,783.2679738562091,0.9856630949569197,514.6339869281046,182.03485838779957,86.59912854030502,518.8783730234716,2.8514504074271207,2.7959956026804473,2.928696204893989,1.0,3.0,3.0,0.0
210,paper_full,0.04908880963921547,0.005758391693234444,0.0014729410177096725,0.04045090824365616,0.005066216923296452,0.0009914615657180548,0.7988337278366089,0.010150467976927757,0.03424561768770218,0.06062563136219978,0.6938120722770691,0.45150629088509836,1.0,1.0,0.10502167464860904,0.10502167464860904,0.6938114968779819,1.0,0.45150629088509836,793.834422657952,782.9368191721132,0.9866083289623034,511.04357298474946,186.4553376906318,85.43790849673202,516.3827304549206,2.8499648472322616,2.795350156318648,2.926915520936056,1.0,3.0,3.0,0.0
211,paper_full,0.049049537628889084,0.005761333741247654,0.001527400454506278,0.04111189767718315,0.0050507294945418835,0.0009646728867664933,0.7953205108642578,0.010019847191870213,0.03375764563679695,0.057772040367126465,0.6937714219093323,0.44844792189161764,1.0,1.0,0.1015495131185891,0.1015495131185891,0.6937702853954956,1.0,0.44844792189161764,805.0718954248366,794.5337690631808,0.9871558083742681,520.9324618736383,182.041394335512,91.5599128540305,527.5915176291871,2.8464686496585023,2.793243494948011,2.920740728025083,1.0,3.0,3.0,0.0
212,paper_full,0.049044642597436905,0.005732588469982147,0.001482799299992621,0.041020218282938004,0.005027256440371275,0.0009603933431208134,0.7936465740203857,0.010227319784462452,0.03127886727452278,0.05982710421085358,0.6923144459724426,0.44822741992982645,1.0,1.0,0.10133323316870171,0.10133323316870171,0.6923139295287122,1.0,0.44822741992982645,794.0522875816994,782.5446623093682,0.9859527739622387,510.3289760348584,182.13725490196077,90.07843137254902,521.3551340539472,2.854120031161506,2.7988246105335377,2.9295824285685885,1.0,3.0,3.0,0.0
213,paper_full,0.04897618666291237,0.005846952088177204,0.0015259424690157175,0.04056551307439804,0.005076670087873936,0.0009661048534326255,0.7956365942955017,0.00999498926103115,0.03448181971907616,0.057450614869594574,0.6937090754508972,0.44976921597077696,1.0,1.0,0.10192740228927992,0.10192740228927992,0.693708079313141,1.0,0.44976921597077696,815.5228758169935,804.4531590413943,0.9868517443933222,515.3660130718954,193.89760348583877,95.18954248366013,532.3249956849874,2.8457653569240198,2.7966122440263335,2.9141124333691235,1.0,3.0,3.0,0.0
214,paper_full,0.049484413117170334,0.005730976816266775,0.0014829636784270406,0.04107709228992462,0.005011611618101597,0.000962787598837167,0.8006758093833923,0.010263382457196712,0.03608466312289238,0.060499031096696854,0.693827748298645,0.4493920862155283,1.0,1.0,0.10684704404803143,0.10684704404803143,0.693827703887341,1.0,0.4493920862155283,796.2244008714597,785.5294117647059,0.9867775518985227,516.1023965141612,180.89978213507626,88.5272331154684,519.6292805723635,2.8470426514777225,2.7949885132525742,2.9180496902507373,1.0,3.0,3.0,0.0
215,paper_full,0.04892156645655632,0.005740401800721884,0.0015276798512786627,0.040593404322862625,0.0050459448248147964,0.0010274103842675686,0.8003258109092712,0.010235609486699104,0.03471919149160385,0.061598341912031174,0.693772554397583,0.45331653140988487,1.0,1.0,0.10655305814606691,0.10655305814606691,0.6937721670323208,1.0,0.45331653140988487,797.0152505446623,785.6405228758169,0.9860587961015527,509.3747276688453,187.85185185185185,88.41394335511983,520.3210031679772,2.853452897539326,2.7965084000090887,2.932302031381977,1.0,3.0,3.0,0.0
216,paper_full,0.0484025739133358,0.005712246522307396,0.001419939217157662,0.04028899222612381,0.005078608635812998,0.0009388789185322821,0.7913545370101929,0.009913739748299122,0.030330054461956024,0.0589066706597805,0.692204475402832,0.4501757372438518,1.0,1.0,0.09915042613391523,0.09915042613391523,0.692203796377369,1.0,0.4501757372438518,806.5141612200435,795.5882352941177,0.9868652948406418,516.2004357298475,189.60348583877996,89.7843137254902,526.5610175371689,2.8466210521124546,2.795531722195528,2.922002476025251,1.0,3.0,3.0,0.0
217,paper_full,0.048814304172992706,0.005755965132266283,0.0014444873668253422,0.040760450065135956,0.005062710959464312,0.000985788065008819,0.7949959635734558,0.010026399046182632,0.03314470127224922,0.0596172958612442,0.6922076940536499,0.44922571666619876,1.0,1.0,0.10278834736944543,0.10278834736944543,0.6922068259555011,1.0,0.44922571666619876,804.8932461873638,793.4771241830065,0.9861460047003419,514.4248366013072,186.52723311546842,92.52505446623094,525.5196219384021,2.8479676495969684,2.7981032353860362,2.9159204731319983,1.0,3.0,3.0,0.0
218,paper_full,0.048703987151384354,0.005709010176360607,0.001501586171798408,0.04061407223343849,0.0049980636686086655,0.0010038706241175532,0.7965710163116455,0.010014018043875694,0.03356454521417618,0.059145066887140274,0.6938475966453552,0.45229462003396226,1.0,1.0,0.10272358822147311,0.10272358822147311,0.6938465645370401,1.0,0.45229462003396226,795.0806100217865,784.2701525054466,0.9865153033719637,515.1590413943355,184.20479302832243,84.90631808278867,520.0824395472707,2.849622394004938,2.7952985010375646,2.922812027089736,1.0,3.0,3.0,0.0
219,paper_full,0.048627275973558426,0.005692950915545225,0.001398193184286356,0.040489811450242996,0.005025345366448164,0.0009351610788144171,0.7955921292304993,0.009865930303931236,0.032267890870571136,0.059658851474523544,0.6938003301620483,0.45515813917116404,1.0,1.0,0.10179263864662133,0.10179263864662133,0.6937994001218176,1.0,0.45515813917116404,804.9803921568628,793.6514161220043,0.9864657849148908,512.9411764705883,189.400871459695,91.30936819172113,527.0123614807794,2.837228834239486,2.7925134832303247,2.897709175911864,1.0,3.0,3.0,0.0
220,paper_full,0.04796341806650162,0.005792798940092325,0.0013492871075868607,0.03987580165266991,0.005074400454759598,0.0009643405792303383,0.7958714962005615,0.009632721543312073,0.03439303860068321,0.0582311749458313,0.693614661693573,0.4591264479300555,1.0,1.0,0.10225687736811721,0.10225687736811721,0.6936142713415856,1.0,0.4591264479300555,816.5228758169935,805.1023965141612,0.9862859121853936,521.636165577342,188.94989106753812,94.51633986928104,535.367116558266,2.8502837531187435,2.7972376403725483,2.924315706057746,1.0,3.0,3.0,0.0
221,paper_full,0.048761408776044846,0.005690674297511578,0.0013963450910523534,0.04051041230559349,0.005000804550945759,0.0008587611955590546,0.7964407801628113,0.009970885701477528,0.035659387707710266,0.058583635836839676,0.6922269463539124,0.45138541617164946,1.0,1.0,0.10421387959182392,0.10421387959182392,0.6922270682902117,1.0,0.45138541617164946,808.0326797385621,798.1481481481482,0.9881701922384715,514.0588235294117,191.07625272331154,93.01307189542484,526.2734353724129,2.841440737896755,2.7923561456676143,2.9121930059004972,1.0,3.0,3.0,0.0
222,paper_full,0.048444267362356186,0.005656288005411625,0.0014448814326897264,0.03999733179807663,0.004965535830706358,0.0009250860894098878,0.7969869375228882,0.009972212836146355,0.03459443897008896,0.05871026962995529,0.6937100887298584,0.4565288557595937,1.0,1.0,0.1032768537032708,0.1032768537032708,0.6937097742147176,1.0,0.4565288557595937,795.4248366013072,785.0936819172114,0.987450212726742,514.2766884531591,186.520697167756,84.29629629629629,516.2422074461294,2.843249263327106,2.7937453109973918,2.911356941027839,1.0,3.0,3.0,0.0
223,paper_full,0.04816703498363495,0.005669362843036652,0.0014195649418979883,0.03995310887694359,0.005015403963625431,0.000962834048550576,0.7959110736846924,0.009915540926158428,0.03359753265976906,0.0586283840239048,0.6937690377235413,0.4577964022268657,1.0,1.0,0.10214138854790097,0.10214138854790097,0.6937691869299396,1.0,0.4577964022268657,796.6644880174292,785.6753812636166,0.9862748609951499,511.2135076252723,188.38997821350762,86.0718954248366,518.6546983240996,2.845181924844879,2.7971891712778794,2.90998247142451,1.0,3.0,3.0,0.0
224,paper_full,0.04895080253481865,0.0057719093747437,0.0015357686206698418,0.040912505239248276,0.00509001687169075,0.0009882134618237615,0.7951087951660156,0.010246606543660164,0.03439197316765785,0.05811234191060066,0.692358136177063,0.44974657665930023,1.0,1.0,0.10275084123599763,0.10275084123599763,0.6923575462339231,1.0,0.44974657665930023,803.1503267973857,790.8453159041394,0.9853215488349054,519.0043572984749,187.74945533769062,84.09150326797386,524.7480178866251,2.847683087932778,2.796452927953018,2.918847835141849,1.0,3.0,3.0,0.0
225,paper_full,0.04822138324379921,0.005648464895784855,0.0015054465038701892,0.04028525948524475,0.004984063562005758,0.001097851898521185,0.7928372621536255,0.009795586578547955,0.032159190624952316,0.05716367065906525,0.6937189102172852,0.4563542913507532,1.0,1.0,0.09911838569120385,0.09911838569120385,0.6937183806579357,1.0,0.4563542913507532,797.6187363834423,784.8278867102397,0.9842283626665219,512.7799564270152,188.38126361655773,83.66666666666667,518.9125051062091,2.8514651769126944,2.7976373997648816,2.924403261255335,1.0,3.0,3.0,0.0
226,paper_full,0.04807503521442413,0.0056112054735422134,0.0014266206417232752,0.04010913893580437,0.004931920673698187,0.0009741809917613864,0.7939774990081787,0.009840882383286953,0.033433664590120316,0.056943077594041824,0.6937600374221802,0.4573882763681848,1.0,1.0,0.10021759503904511,0.10021759503904511,0.6937595346134992,1.0,0.4573882763681848,792.4313725490196,782.1764705882352,0.987146746238238,511.4335511982571,181.69716775599127,89.04575163398692,519.510907208478,2.8442557543710945,2.794974611735292,2.909799583597121,1.0,3.0,3.0,0.0
227,paper_full,0.04861939698457718,0.00568171963095665,0.0014573408989235759,0.04048283398151398,0.005035309586673975,0.0009364606812596321,0.7968183159828186,0.010064354166388512,0.03372420743107796,0.05927231162786484,0.6937580704689026,0.4553849148464618,1.0,1.0,0.10306078474765769,0.10306078474765769,0.6937575397408347,1.0,0.4553849148464618,806.8649237472766,795.9978213507625,0.9869081447421082,512.8997821350763,186.119825708061,96.97821350762527,527.0849816149876,2.8452975178595983,2.796073183254998,2.912238458662511,1.0,3.0,3.0,0.0
228,paper_full,0.047969382256269455,0.005616021808236837,0.001493972958996892,0.0399322547018528,0.004940457176417112,0.0009887285996228456,0.7960004210472107,0.009766598232090473,0.03488035127520561,0.05771176144480705,0.6936414241790771,0.45915588970277826,1.0,1.0,0.1023586795123574,0.1023586795123574,0.6936410733038044,1.0,0.45915588970277826,792.2418300653595,781.3572984749455,0.9864332969625841,514.8387799564271,184.41830065359477,82.10021786492375,513.395075646361,2.844502960155213,2.7951899618884317,2.9087015330661616,1.0,3.0,3.0,0.0
229,paper_full,0.04771745577454567,0.0056264097802340984,0.001500879880040884,0.03972496837377548,0.0049813115037977695,0.0010434917639940977,0.797680675983429,0.009646969847381115,0.03454851731657982,0.05983081832528114,0.6936535835266113,0.4634285469849904,1.0,1.0,0.1040262984099731,0.1040262984099731,0.6936537544192312,1.0,0.4634285469849904,792.7276688453159,781.0980392156863,0.9856985938428361,509.11764705882354,188.73856209150327,83.24183006535948,517.3972546612775,2.8492198328047276,2.7939562465110894,2.925524678884768,1.0,3.0,3.0,0.0
230,paper_full,0.0477278009057045,0.00558372400701046,0.001427068025805056,0.0395500473678112,0.0049016354605555534,0.0009547217050567269,0.7932276129722595,0.009657121263444424,0.034184567630290985,0.055596206337213516,0.6937894821166992,0.4607220273911304,1.0,1.0,0.09943778048348582,0.09943778048348582,0.6937895845743566,1.0,0.4607220273911304,790.8322440087146,780.3594771241831,0.9871004112472513,516.2374727668845,181.28758169934642,82.83442265795208,515.1241969023395,2.843260908438489,2.7925940744237963,2.9111160634649607,1.0,3.0,3.0,0.0
231,paper_full,0.04789343476295471,0.00558276055380702,0.0013585991691797972,0.03973887488245964,0.004894306417554617,0.0008955656667239964,0.7924842834472656,0.009670091792941093,0.03225122392177582,0.05832993611693382,0.6922337412834167,0.45779164979530573,1.0,1.0,0.10025121627095478,0.10025121627095478,0.6922336825877753,1.0,0.45779164979530573,786.6819172113289,776.0566448801743,0.9869503220076883,506.3289760348584,180.76906318082789,88.95860566448802,516.344240275863,2.8419474313981135,2.7940972988901573,2.9065612832445464,1.0,3.0,3.0,0.0
232,paper_full,0.04735153913497925,0.005579712335020304,0.0014275748981162906,0.03948434814810753,0.004939609207212925,0.000934117881115526,0.7935308814048767,0.009525374509394169,0.03359731659293175,0.056657131761312485,0.6937515139579773,0.4664842785703331,1.0,1.0,0.09977969545099989,0.09977969545099989,0.6937509824507636,1.0,0.4664842785703331,795.4618736383442,785.0174291938998,0.9870061003424244,508.7755991285403,190.35294117647058,85.88888888888889,519.3268106165535,2.841076494561821,2.7926362828231843,2.908636541927562,1.0,3.0,3.0,0.0
233,paper_full,0.047290071845054626,0.005567896645516157,0.0013940122444182634,0.039480309933423996,0.0049158260226249695,0.0008685343200340867,0.7943578958511353,0.009530956856906414,0.03454899787902832,0.056463535875082016,0.6938149929046631,0.46608851574085375,1.0,1.0,0.10054346115565767,0.10054346115565767,0.6938141611666461,1.0,0.46608851574085375,790.4270152505446,780.6252723311546,0.9878126606444915,514.1808278867103,186.32461873638343,80.119825708061,512.3344360218588,2.8403552638159857,2.793754908513919,2.90476378843935,1.0,3.0,3.0,0.0
234,paper_full,0.04726187512278557,0.005608841311186552,0.0014013351174071431,0.039559505879879,0.0049835736863315105,0.000996047048829496,0.7917947173118591,0.009606851264834404,0.033589623868465424,0.054828137159347534,0.6937700510025024,0.4652327084203691,1.0,1.0,0.09802451570698899,0.09802451570698899,0.6937696876608987,1.0,0.4652327084203691,802.6819172113289,791.0980392156863,0.98600148594625,521.1830065359477,185.80392156862746,84.11111111111111,523.9244876105281,2.841158199414189,2.792007916893055,2.9100459982886555,1.0,3.0,3.0,0.0
235,paper_full,0.04736671969294548,0.005561915226280689,0.0013580768136307597,0.03988191485404968,0.00496649369597435,0.0009753209305927157,0.7949921488761902,0.009494577534496784,0.03484158590435982,0.058456841856241226,0.6921993494033813,0.46347530767289125,1.0,1.0,0.10279296129162795,0.10279296129162795,0.6921988502307136,1.0,0.46347530767289125,794.9063180827886,784.0762527233115,0.9866815533641703,512.5686274509804,185.13071895424838,86.37690631808279,518.615482637825,2.8431539265418624,2.792863821411964,2.912973837135664,1.0,3.0,3.0,0.0
236,paper_full,0.0476384200155735,0.005670459009706974,0.0014538646209985018,0.03957769647240639,0.004993757698684931,0.0010365541093051434,0.7957080006599426,0.009746143594384193,0.0334235355257988,0.05878939852118492,0.6937487125396729,0.46255442571536126,1.0,1.0,0.10195899608672834,0.10195899608672834,0.6937484255543461,1.0,0.46255442571536126,805.2570806100218,793.5686274509804,0.9856998358976242,513.8213507625272,194.0087145969499,85.73856209150327,524.5363260904948,2.8463777971163813,2.795508948286634,2.9139569652366224,1.0,3.0,3.0,0.0
237,paper_full,0.047921132296323776,0.005594128277152777,0.0015153761487454176,0.03989306092262268,0.004891831893473864,0.0008777283946983516,0.7915667295455933,0.009616249240934849,0.03263555467128754,0.05551421269774437,0.69380122423172,0.4580142933688652,1.0,1.0,0.09776594967851192,0.09776594967851192,0.6938004330092785,1.0,0.4580142933688652,791.9542483660131,782.0043572984749,0.9874604194042775,520.8910675381263,180.63834422657953,80.47494553376906,515.1605087978388,2.840639603683372,2.7937666429673405,2.9060238389407886,1.0,3.0,3.0,0.0
238,paper_full,0.047077979892492294,0.005554588511586189,0.0013952910667285323,0.039565231651067734,0.0049217757768929005,0.0009010839858092368,0.7908642292022705,0.009499108418822289,0.03229214996099472,0.05527512729167938,0.6937973499298096,0.46692612338689415,1.0,1.0,0.09706635725296921,0.09706635725296921,0.6937975789986405,1.0,0.46692612338689415,796.6514161220043,785.8474945533769,0.986970796000599,511.4640522875817,190.7211328976035,83.66230936819171,518.9499055617256,2.8433826608595507,2.793152806026484,2.9130187455345604,1.0,3.0,3.0,0.0
239,paper_full,0.04741999879479408,0.005625206045806408,0.0014823094243183732,0.03959203511476517,0.004945176653563976,0.0009531666873954237,0.7901061177253723,0.009598138742148876,0.0326242670416832,0.05568705499172211,0.6921972036361694,0.4608610817647188,1.0,1.0,0.09790940439097243,0.09790940439097243,0.6921967726387489,1.0,0.4608610817647188,802.6579520697168,792.3725490196078,0.987435471413459,513.6427015250545,186.91721132897604,91.81263616557735,521.2000860077104,2.8455484058862157,2.7928946703867195,2.9179772624263056,1.0,3.0,3.0,0.0
240,paper_full,0.04740871489048004,0.005585754290223122,0.001292116125114262,0.039774324744939804,0.00494358828291297,0.0008199366857297719,0.7931453585624695,0.009569116868078709,0.032774198800325394,0.05703311040997505,0.6937689781188965,0.4657003599703961,1.0,1.0,0.0993763411291804,0.0993763411291804,0.6937678695244467,1.0,0.4657003599703961,798.7668845315904,788.8779956427015,0.9878387612511622,520.4074074074074,183.55555555555554,84.91503267973856,522.5069130625341,2.841361041162528,2.789223062706409,2.913072839022202,1.0,3.0,3.0,0.0
241,paper_full,0.04702145606279373,0.0055612302385270596,0.0014651922974735498,0.03981079161167145,0.004946489818394184,0.0009654475143179297,0.7920520305633545,0.009382595308125019,0.03419904410839081,0.05471731722354889,0.6937539577484131,0.46499901607405386,1.0,1.0,0.09829888925410823,0.09829888925410823,0.6937532302860601,1.0,0.46499901607405386,791.8823529411765,780.7124183006536,0.9861094833216237,511.35729847494554,184.38126361655773,84.97385620915033,516.63073358141,2.8407466686888716,2.7938409147698895,2.9041326939410372,1.0,3.0,3.0,0.0
242,paper_full,0.047561164945364,0.005641867406666279,0.0014247263316065073,0.039517372846603394,0.004926790948957205,0.0009792791679501534,0.7952028512954712,0.009619967080652714,0.035743191838264465,0.05602576211094856,0.6938145160675049,0.463369113882123,1.0,1.0,0.10138885973910101,0.10138885973910101,0.6938141663609507,1.0,0.463369113882123,804.0348583877995,793.5773420479303,0.987081623598175,511.4531590413943,186.66884531590415,95.45533769063181,524.8554975389136,2.838752265069999,2.7919102224129735,2.900280612226665,1.0,3.0,3.0,0.0
243,paper_full,0.047275520861148834,0.005571783985942602,0.0013933266745880246,0.03939025476574898,0.00488622672855854,0.0007693978841416538,0.793951690196991,0.009716601110994816,0.034544218331575394,0.0558898039162159,0.6938009262084961,0.46639154387195647,1.0,1.0,0.10015055904883186,0.10015055904883186,0.6938010929456724,1.0,0.46639154387195647,795.4923747276688,785.8888888888889,0.9884106719891028,514.9019607843137,185.2483660130719,85.73856209150327,518.8515025951244,2.841359114075538,2.7920859997568566,2.9099430902850916,1.0,3.0,3.0,0.0
244,paper_full,0.046970758587121964,0.0055413576774299145,0.0015455619432032108,0.03912556916475296,0.00489022396504879,0.0009872171794995666,0.7903035879135132,0.009578943252563477,0.03272712975740433,0.054196443408727646,0.6938014030456543,0.4659865455689773,1.0,1.0,0.09650244942839889,0.09650244942839889,0.6938011604716315,1.0,0.4659865455689773,801.4204793028323,790.2636165577342,0.9864337700040251,517.925925925926,181.56209150326796,90.7755991285403,524.0363246277786,2.841570477080501,2.793259532882757,2.9071086533448796,1.0,3.0,3.0,0.0
245,paper_full,0.04706474766135216,0.005561837926506996,0.0013527555856853724,0.03940699249505997,0.004931073170155287,0.0008060414693318307,0.7917457222938538,0.009570233523845673,0.03403765708208084,0.05437259003520012,0.6937646865844727,0.46756908342988923,1.0,1.0,0.09798043933828932,0.09798043933828932,0.6937643842759476,1.0,0.46756908342988923,802.6122004357298,792.8213507625272,0.9879549939811729,510.2069716775599,189.1677559912854,93.44662309368192,523.7244151661858,2.842280080375588,2.791138396543615,2.916696460678167,1.0,3.0,3.0,0.0
246,paper_full,0.04682769626379013,0.005589343141764402,0.001468320726417005,0.039364561438560486,0.004948220681399107,0.0009587612003087997,0.792096734046936,0.009416071698069572,0.03528445586562157,0.0551883764564991,0.6922081112861633,0.4679455922953054,1.0,1.0,0.09988884453322892,0.09988884453322892,0.6922078475453495,1.0,0.4679455922953054,806.9128540305011,795.1503267973857,0.9859384766657165,513.5642701525054,191.28540305010893,90.30065359477125,525.1100363471669,2.8479780917074167,2.8002456174696713,2.9135872133417067,1.0,3.0,3.0,0.0
247,paper_full,0.046757519245147705,0.00552152656018734,0.001321187592111528,0.03924493119120598,0.004869058728218079,0.0008431648602709174,0.7871314883232117,0.009258999489247799,0.031730398535728455,0.052510593086481094,0.6936310529708862,0.4666249380002614,1.0,1.0,0.09349992622931798,0.09349992622931798,0.6936308646773461,1.0,0.4666249380002614,795.7734204793028,786.2244008714597,0.9881876855918377,509.557734204793,185.77124183006535,90.89542483660131,521.7382136991081,2.8392590437579517,2.79278759395375,2.9046125032803074,1.0,3.0,3.0,0.0
248,paper_full,0.04672090709209442,0.005543621256947517,0.0014766210224479437,0.03911328688263893,0.004874199163168669,0.000888472015503794,0.7945805788040161,0.009444975294172764,0.03526885062456131,0.05605074018239975,0.6938160061836243,0.47070506338460255,1.0,1.0,0.10076447554370936,0.10076447554370936,0.693815234050252,1.0,0.47070506338460255,790.6100217864923,780.6405228758169,0.9878374857266757,511.63834422657953,187.119825708061,81.88235294117646,516.0769931236383,2.8378573019779845,2.7903097091417166,2.902033641707144,1.0,3.0,3.0,0.0
249,paper_full,0.04665857553482056,0.005557138007134199,0.0014928686432540417,0.03956357389688492,0.004972423892468214,0.001040527829900384,0.7970055341720581,0.009452037513256073,0.03632909059524536,0.05739195644855499,0.6938327550888062,0.47243523883404037,1.0,1.0,0.10317305331818419,0.10317305331818419,0.6938326480861323,1.0,0.47243523883404037,798.9803921568628,787.6405228758169,0.9862085390291423,514.3093681917211,190.56209150326796,82.76906318082789,522.9560775590618,2.8422142529539554,2.791391275547169,2.9112362809690255,1.0,3.0,3.0,0.0
250,paper_full,0.04668579250574112,0.005510689690709114,0.0013072811998426914,0.03918244689702988,0.004875125829130411,0.0009627729887142777,0.7948275208473206,0.009342656470835209,0.03614608570933342,0.05561909079551697,0.693719744682312,0.47270158738352375,1.0,1.0,0.10110776008701272,0.10110776008701272,0.6937187516611386,1.0,0.47270158738352375,794.1808278867103,783.5969498910675,0.9870603425530723,514.5664488017429,181.880174291939,87.15032679738562,518.2625418602771,2.844214045144374,2.7949971196957923,2.9119524202575353,1.0,3.0,3.0,0.0
251,paper_full,0.0469677560031414,0.005534997209906578,0.001480726059526205,0.03978997841477394,0.004947734996676445,0.0009948520455509424,0.7958765625953674,0.009635812602937222,0.035445429384708405,0.05703806132078171,0.6937572956085205,0.4696006130808579,1.0,1.0,0.10211929222792063,0.10211929222792063,0.6937569439541021,1.0,0.4696006130808579,792.9237472766885,780.7145969498911,0.9849908420549499,505.54030501089323,185.81263616557735,89.36165577342048,519.6528838246995,2.8491574237549226,2.796526734865309,2.924674454337891,1.0,3.0,3.0,0.0
252,paper_full,0.046986982226371765,0.005558339413255453,0.0014388058334589005,0.039597708731889725,0.004973805975168943,0.0009133450803346932,0.801239550113678,0.009588975459337234,0.04119803383946419,0.05815107747912407,0.6923002600669861,0.4733806472101243,1.0,1.0,0.10893806587896576,0.10893806587896576,0.69230040135207,1.0,0.4733806472101243,807.40522875817,797.0152505446623,0.9875769366332985,511.2854030501089,192.27668845315904,93.45315904139433,528.7222382788565,2.8451718006258697,2.7932098332573387,2.917121290381438,1.0,3.0,3.0,0.0
253,paper_full,0.046708252280950546,0.005453064106404781,0.0013239416293799877,0.039400614798069,0.004827060271054506,0.0009727825527079403,0.7902598977088928,0.009385177865624428,0.03421740233898163,0.05292849987745285,0.6937279105186462,0.4706466277829962,1.0,1.0,0.0965309962954916,0.0965309962954916,0.693728361254424,1.0,0.4706466277829962,783.7211328976035,773.7342047930283,0.9874656868770646,511.65795206971677,179.93246187363835,82.14379084967321,511.78178661737047,2.837237312902812,2.791422296972836,2.8995478189588892,1.0,3.0,3.0,0.0
254,paper_full,0.04689215496182442,0.005530982278287411,0.001407089177519083,0.0391567163169384,0.004872329533100128,0.0009223365923389792,0.7919896245002747,0.009625137783586979,0.03368036448955536,0.054706912487745285,0.6939775347709656,0.46831114528485634,1.0,1.0,0.0980123442177679,0.0980123442177679,0.6939770261186919,1.0,0.46831114528485634,795.0762527233115,784.8366013071895,0.9873889312335223,513.7908496732026,184.0479302832244,86.99782135076252,519.1837480665552,2.8385756857254925,2.789809366197108,2.907455300453701,1.0,3.0,3.0,0.0
255,paper_full,0.046650417149066925,0.0054963137954473495,0.0013847015798091888,0.03920526057481766,0.004871471785008907,0.0007786286878399551,0.7914913296699524,0.009413053281605244,0.033940840512514114,0.05436631292104721,0.6937710046768188,0.47101733718302774,1.0,1.0,0.09772012950872803,0.09772012950872803,0.6937710218180239,1.0,0.47101733718302774,790.9324618736383,781.5337690631808,0.9885008176981348,507.4052287581699,189.57080610021785,84.55773420479302,515.4295709481166,2.8323103680330166,2.787552519821134,2.8957458067044195,1.0,3.0,3.0,0.0
256,paper_full,0.046482156962156296,0.0055421446450054646,0.0013042815262451768,0.03889681398868561,0.004888374824076891,0.0008359479834325612,0.7921656966209412,0.009212671779096127,0.03478023409843445,0.054436177015304565,0.6937368512153625,0.47276289186446496,1.0,1.0,0.09842907651966694,0.09842907651966694,0.6937363961942835,1.0,0.47276289186446496,803.5490196078431,793.7559912854031,0.9880438039727562,512.2723311546841,189.35729847494554,92.12636165577342,525.976049734876,2.8411431011291373,2.7930469471385018,2.9069543217262153,1.0,3.0,3.0,0.0
257,paper_full,0.04668698087334633,0.005558914504945278,0.0014311718987300992,0.039152082055807114,0.004928437061607838,0.0009683814714662731,0.7924774289131165,0.009372436441481113,0.03686009719967842,0.05262649804353714,0.6936185956001282,0.4695005229875153,1.0,1.0,0.0988589307630114,0.0988589307630114,0.6936179472210621,1.0,0.4695005229875153,803.9738562091503,792.1023965141612,0.985747727061112,517.7973856209151,188.54248366013073,85.76252723311546,524.9724180267267,2.843113981300969,2.7935603615505245,2.9142042021865677,1.0,3.0,3.0,0.0
258,paper_full,0.046208158135414124,0.005509693641215563,0.0013485044473782182,0.03880283236503601,0.004884245339781046,0.0008862684480845928,0.7925393581390381,0.009270166978240013,0.036230310797691345,0.05483255535364151,0.692206621170044,0.4728324035576226,1.0,1.0,0.1003329964813194,0.1003329964813194,0.6922057924187521,1.0,0.4728324035576226,802.4640522875817,792.2527233115468,0.9877196354529605,513.3747276688454,190.65795206971677,88.22004357298475,524.1136675400412,2.8401605916698514,2.792174958974967,2.905615602443421,1.0,3.0,3.0,0.0
259,paper_full,0.04623221978545189,0.005509329028427601,0.0014186110347509384,0.0387481190264225,0.004875858314335346,0.0008623097091913223,0.7905178070068359,0.009231891483068466,0.03372529149055481,0.053804196417331696,0.6937565803527832,0.4730689964522983,1.0,1.0,0.09676129503220254,0.09676129503220254,0.6937562988214763,1.0,0.4730689964522983,796.7995642701525,786.8082788671024,0.9880761934364742,508.9433551198257,188.91067538126362,88.95424836601308,517.7483797759013,2.8275890433450668,2.7891062365637884,2.881488799009967,1.0,3.0,3.0,0.0
260,paper_full,0.045900002121925354,0.005485794972628355,0.001279601943679154,0.03804682195186615,0.004817237611860037,0.0007957887137308717,0.7899419665336609,0.00911952368915081,0.03354385867714882,0.05356045067310333,0.6937177777290344,0.4771316453392469,1.0,1.0,0.09622376740855329,0.09622376740855329,0.6937171053263097,1.0,0.4771316453392469,800.9389978213508,791.7516339869281,0.9888274416171334,512.8932461873638,188.599128540305,90.25925925925925,522.101321384538,2.832989137936262,2.7882997137788594,2.893730861688751,1.0,3.0,3.0,0.0
261,paper_full,0.04561430215835571,0.005454649683088064,0.0012928046053275466,0.038173869252204895,0.0048204404301941395,0.0008746919920668006,0.794981837272644,0.009257161989808083,0.038116615265607834,0.05382353812456131,0.6937848329544067,0.4856081008911133,1.0,1.0,0.10119724887258866,0.10119724887258866,0.693784325340994,1.0,0.4856081008911133,800.1938997821351,790.5555555555555,0.9883879716440455,517.1002178649237,186.42919389978215,87.02614379084967,520.5352347712632,2.8390283641732075,2.789119372440579,2.9095668138242234,1.0,3.0,3.0,0.0
262,paper_full,0.04685358703136444,0.005518196616321802,0.0015443171141669154,0.038829389959573746,0.004825237672775984,0.0009159850305877626,0.7903088927268982,0.009471546858549118,0.03303876146674156,0.05554378032684326,0.692254900932312,0.4642586643140041,1.0,1.0,0.09805399792224234,0.09805399792224234,0.6922537400052439,1.0,0.4642586643140041,791.0348583877995,779.9084967320262,0.9861702225184229,509.7363834422658,186.92592592592592,83.24618736383442,515.0040082412088,2.840671562161581,2.7923905278083287,2.907676798585713,1.0,3.0,3.0,0.0
263,paper_full,0.0457017756998539,0.005477802362293005,0.0012998426100239158,0.03841324895620346,0.004862721543759108,0.0008781361393630505,0.787166953086853,0.009121157228946686,0.0332583449780941,0.05258810520172119,0.6922006607055664,0.47541160306899377,1.0,1.0,0.09496753159626377,0.09496753159626377,0.6921994882211706,1.0,0.47541160306899377,801.9498910675381,791.3246187363834,0.9872948393065906,518.875816993464,184.26797385620915,88.18082788671023,524.0134491432207,2.8373156295103183,2.791781870108544,2.899507415580334,1.0,3.0,3.0,0.0
264,paper_full,0.045703038573265076,0.005425306502729654,0.001414041849784553,0.03846652805805206,0.00483150128275156,0.0009240655926987529,0.7910626530647278,0.009224249050021172,0.033919937908649445,0.0540456660091877,0.6938726902008057,0.47891079308160767,1.0,1.0,0.09718974995424805,0.09718974995424805,0.6938724445102001,1.0,0.47891079308160767,798.2679738562091,787.8910675381263,0.9872845626107689,516.6579520697168,187.53159041394335,83.70152505446623,520.3064766678156,2.840028199754769,2.792914965573479,2.906757372916394,1.0,3.0,3.0,0.0
265,paper_full,0.045951660722494125,0.005494742188602686,0.0012951437383890152,0.038675639778375626,0.004840840119868517,0.0007955750916153193,0.7951026558876038,0.009148960001766682,0.038159046322107315,0.05389673262834549,0.6938974857330322,0.47967275217467664,1.0,1.0,0.10120467824581401,0.10120467824581401,0.6938975517007001,1.0,0.47967275217467664,804.1895424836601,794.3464052287582,0.9881121329628668,516.363834422658,190.74074074074073,87.24183006535948,525.5849814820134,2.831444779252694,2.7881672938145323,2.890115520793109,1.0,3.0,3.0,0.0
266,paper_full,0.045582786202430725,0.005494931247085333,0.0014118601102381945,0.038260318338871,0.004837482236325741,0.0008394016767852008,0.7964134216308594,0.009285714477300644,0.041018903255462646,0.052272163331508636,0.6938366293907166,0.4844742334226637,1.0,1.0,0.1025766452413239,0.1025766452413239,0.6938361831999552,1.0,0.4844742334226637,804.6165577342048,794.6862745098039,0.9881561223239508,518.3333333333334,188.89760348583877,87.45533769063181,525.7741610624691,2.8328067290237526,2.7887837580346333,2.893111248161798,1.0,3.0,3.0,0.0
267,paper_full,0.04558071121573448,0.005431014578789473,0.0012167600216343999,0.038680411875247955,0.004784809425473213,0.0008822957752272487,0.7929811477661133,0.008990004658699036,0.03957772254943848,0.05076320096850395,0.6936511993408203,0.48282211674844,1.0,1.0,0.09933087123407777,0.09933087123407777,0.6936501820362732,1.0,0.48282211674844,796.1045751633987,786.4488017429194,0.988120627077341,519.1089324618737,182.12636165577342,85.21350762527233,517.2799708879592,2.8402637006930016,2.7948886304119833,2.902366470926987,1.0,3.0,3.0,0.0
268,paper_full,0.0452466681599617,0.005460426677018404,0.0012106774374842644,0.037936627864837646,0.0048254611901938915,0.0008444296545349061,0.7930503487586975,0.009017848409712315,0.03616119921207428,0.05400162190198898,0.6938700079917908,0.48527094695822603,1.0,1.0,0.099180590945716,0.099180590945716,0.6938694511623424,1.0,0.48527094695822603,797.5294117647059,787.322440087146,0.9875158101418876,511.30501089324616,187.44444444444446,88.57298474945534,522.1209285960477,2.8338099502530234,2.7879265502647117,2.8973152803699436,1.0,3.0,3.0,0.0
269,paper_full,0.04528211057186127,0.005407968070358038,0.0012127701193094254,0.03807728737592697,0.004791111219674349,0.0007444280781783164,0.7894977927207947,0.009030360728502274,0.034910593181848526,0.05178854241967201,0.6937685012817383,0.4842098549430407,1.0,1.0,0.09572945745389966,0.09572945745389966,0.6937676678555723,1.0,0.4842098549430407,803.39651416122,794.1394335511983,0.9885572093691383,516.8518518518518,185.8540305010893,91.43355119825708,526.5185332786543,2.832597455168082,2.787596360790444,2.894135413346467,1.0,3.0,3.0,0.0
270,paper_full,0.04594389349222183,0.005465881898999214,0.0014042418915778399,0.03867510333657265,0.004853569902479649,0.0008806520490907133,0.7896879315376282,0.009339997544884682,0.03338543698191643,0.053201086819171906,0.6937603950500488,0.47687164422993045,1.0,1.0,0.09592651910187112,0.09592651910187112,0.6937607281348285,1.0,0.47687164422993045,795.8387799564271,785.7494553376906,0.9877521844400242,509.5468409586057,187.97821350762527,88.2244008714597,519.6114882924198,2.836274023409243,2.7914988184286877,2.8956704690305757,1.0,3.0,3.0,0.0
271,paper_full,0.04537756368517876,0.005442104302346706,0.0012439803685992956,0.03832177817821503,0.004826766904443502,0.000730662140995264,0.7889224886894226,0.009060618467628956,0.034856557846069336,0.05125829949975014,0.6937482953071594,0.48233455536412256,1.0,1.0,0.09517536618318692,0.09517536618318692,0.6937468859624759,1.0,0.48233455536412256,794.677559912854,785.7952069716775,0.9892773108117079,511.67973856209153,186.98257080610023,87.13289760348584,520.5475818243422,2.8245632643273715,2.785691718390305,2.8776611346824494,1.0,3.0,3.0,0.0
272,paper_full,0.045532725751399994,0.005479871295392513,0.0013023505453020334,0.03863679990172386,0.004892717581242323,0.0008557488908991218,0.7876771092414856,0.009096469730138779,0.03330787643790245,0.05157222971320152,0.6937007308006287,0.47967977441993415,1.0,1.0,0.0939765080225234,0.0939765080225234,0.693699739207889,1.0,0.47967977441993415,808.2875816993464,798.9498910675381,0.9885382732810166,516.1699346405229,184.15468409586057,98.62527233115469,528.6376318173211,2.830941323361366,2.790088770955736,2.88588809967041,1.0,3.0,3.0,0.0
273,paper_full,0.04546709731221199,0.00538213225081563,0.001342916046269238,0.03826397657394409,0.004778432194143534,0.0009174950537271798,0.7869386076927185,0.009008169174194336,0.03215624392032623,0.05206962674856186,0.6937047839164734,0.4803398397623324,1.0,1.0,0.09323399742022319,0.09323399742022319,0.6937038543956732,1.0,0.4803398397623324,795.2897603485839,785.3616557734205,0.9877565387552917,511.01960784313724,183.4488017429194,90.89324618736383,520.6459834445795,2.835669590756784,2.788191516934397,2.9028292585302284,1.0,3.0,3.0,0.0
274,paper_full,0.04521765187382698,0.005401759408414364,0.0013839042512699962,0.03819597512483597,0.004787905607372522,0.0009486912749707699,0.7889261841773987,0.009050332941114902,0.034699343144893646,0.05142783746123314,0.693749189376831,0.4833250475605069,1.0,1.0,0.09517745269474641,0.09517745269474641,0.6937482908920005,1.0,0.4833250475605069,796.0239651416122,785.1786492374728,0.9867612653421902,517.4967320261438,181.80392156862746,85.87799564270152,521.6670439809495,2.834819311669709,2.788691025154263,2.898268025425265,1.0,3.0,3.0,0.0
275,paper_full,0.04521454870700836,0.005410769488662481,0.0012540414463728666,0.03850676119327545,0.0047964914701879025,0.0008618052233941853,0.7903860211372375,0.009088185615837574,0.03460872173309326,0.052799832075834274,0.6938885450363159,0.4855326987429642,1.0,1.0,0.09649671338222644,0.09649671338222644,0.6938882738936181,1.0,0.4855326987429642,798.6230936819172,788.7472766884532,0.9877189657635763,512.0021786492375,185.3856209150327,91.359477124183,520.954262527765,2.8371645204382006,2.788250215692458,2.9057785602436605,1.0,3.0,3.0,0.0
276,paper_full,0.04462333396077156,0.005320792552083731,0.001161915366537869,0.03757791966199875,0.0047154612839221954,0.0007708999910391867,0.7874913215637207,0.008808320388197899,0.03379901126027107,0.05106187239289284,0.6938217878341675,0.4919341196811277,1.0,1.0,0.09366919735775274,0.09366919735775274,0.6938213943655974,1.0,0.4919341196811277,792.0065359477125,782.2200435729848,0.9879098926321419,511.3442265795207,191.718954248366,79.15686274509804,515.7015389502698,2.836143426645815,2.7878078604056165,2.905176398021723,1.0,3.0,3.0,0.0
277,paper_full,0.045030608773231506,0.005452110897749662,0.001163338660262525,0.03783303126692772,0.00481856195256114,0.0006837121327407658,0.7928586006164551,0.008995397947728634,0.03737635165452957,0.05263293534517288,0.6938534379005432,0.48935243292571673,1.0,1.0,0.09900464962413108,0.09900464962413108,0.693853373750882,1.0,0.48935243292571673,807.1938997821351,798.6187363834423,0.9898214118954066,518.6949891067538,193.281045751634,86.64270152505446,526.9775021289169,2.8290231077239922,2.786787539525749,2.889151098421716,1.0,3.0,3.0,0.0
278,paper_full,0.04483525827527046,0.005405548494309187,0.0012358365347608924,0.037817809730768204,0.004820702597498894,0.0007976402412168682,0.7907413840293884,0.00891503319144249,0.03916635736823082,0.05041662976145744,0.6922440528869629,0.48604945919612397,1.0,1.0,0.0984979533876469,0.0984979533876469,0.6922429145551195,1.0,0.48604945919612397,808.9520697167756,799.7429193899782,0.9888196530785764,519.4684095860566,189.89106753812635,90.38344226579521,526.432477165671,2.8295530119752574,2.787730943663188,2.887772274952309,1.0,3.0,3.0,0.0
