epoch,time,train/box_loss,train/cls_loss,train/dfl_loss,train/angle_loss,train/t_rec_loss,train/t_sep_loss,train/reach_match_loss,train/reach_rank_loss,train/task_loss,train/kd_loss,train/s_rec_loss,train/s_sep_loss,train/r_aux_loss,train/u_aux_loss,train/mask_reg_loss,train/recon_task_loss,train/rs_comp_loss,train/r_obb_loss,train/s_repel_loss,train/path_b_loss,train/r_sar_loss,train/dkd_loss,train/proto_cls_loss,train/d_pos_mean,train/d_neg_mean,train/rank_gap_mean,train/r_aux_fg_mean,train/r_aux_bg_mean,train/u_aux_fg_mean,train/u_aux_bg_mean,train/mask_mean,train/mask_std,train/mask_fg_mean,train/mask_bg_mean,metrics/precision(B),metrics/recall(B),metrics/mAP50(B),metrics/mAP50-95(B),val/box_loss,val/cls_loss,val/dfl_loss,val/angle_loss,val/t_rec_loss,val/t_sep_loss,val/reach_match_loss,val/reach_rank_loss,val/task_loss,val/kd_loss,val/s_rec_loss,val/s_sep_loss,val/r_aux_loss,val/u_aux_loss,val/mask_reg_loss,val/recon_task_loss,val/rs_comp_loss,val/r_obb_loss,val/s_repel_loss,val/path_b_loss,val/r_sar_loss,val/dkd_loss,val/proto_cls_loss,val/d_pos_mean,val/d_neg_mean,val/rank_gap_mean,val/r_aux_fg_mean,val/r_aux_bg_mean,val/u_aux_fg_mean,val/u_aux_bg_mean,val/mask_mean,val/mask_std,val/mask_fg_mean,val/mask_bg_mean,phase_stop_fitness,lr/pg0,lr/pg1,lr/pg2,lr/pg3,lr/pg4,lr/pg5,lr/pg6,lr/pg7
1,90.3019,0.97794,0.49679,0.82551,0,0,0,0,0,0,1.2736,0.05248,0.00575,0.00062,0,0,0,0,0,0,0,0,0,0,0,0,0,0.6748,0.25335,0,0,0.46677,0.06174,0.41513,0.46742,0.83403,0.7773,0.81664,0.5385,1.22608,0.57046,0.86143,0,0,0,0,0,0,0,0,0,0,0,0,0,0,0,0,0,0,0,0,0,0,0,0,0,0,0,0,0,0,0,0.5385,0.003,0.001,0.003,0.001,0.003,0.001,0.003,0.001
2,179.421,0.99559,0.5022,0.82598,0,0,0,0,0,0,0.32711,0.03994,0.00388,3e-05,0,0,0,0,0,0,0,0,0,0,0,0,0,0.56899,0.26084,0,0,0.46677,0.06181,0.41345,0.46742,0.83818,0.76903,0.81155,0.52596,1.27672,0.57859,0.86677,0,0,0,0,0,0,0,0,0,0,0,0,0,0,0,0,0,0,0,0,0,0,0,0,0,0,0,0,0,0,0,0.52596,0.00299999,0.000999996,0.00299999,0.000999996,0.00299999,0.000999996,0.00299999,0.000999996
3,268.966,1.00036,0.50365,0.82855,0,0,0,0,0,0,0.3015,0.03219,0.0026,1e-05,0,0,0,0,0,0,0,0,0,0,0,0,0,0.55449,0.26977,0,0,0.46672,0.06175,0.41392,0.46742,0.85965,0.77308,0.82464,0.54494,1.22347,0.56568,0.8607,0,0,0,0,0,0,0,0,0,0,0,0,0,0,0,0,0,0,0,0,0,0,0,0,0,0,0,0,0,0,0,0.54494,0.00299995,0.000999985,0.00299995,0.000999985,0.00299995,0.000999985,0.00299995,0.000999985
4,358.055,1.00969,0.50763,0.82819,0,0,0,0,0,0,0.29205,0.02686,0.00192,0,0,0,0,0,0,0,0,0,0,0,0,0,0,0.55702,0.27812,0,0,0.46672,0.06175,0.41342,0.46742,0.8316,0.77009,0.80785,0.53041,1.22762,0.56916,0.86026,0,0,0,0,0,0,0,0,0,0,0,0,0,0,0,0,0,0,0,0,0,0,0,0,0,0,0,0,0,0,0,0.53041,0.0029999,0.000999966,0.0029999,0.000999966,0.0029999,0.000999966,0.0029999,0.000999966
5,447.029,1.00552,0.5057,0.82927,0,0,0,0,0,0,0.26571,0.02293,0.00159,0,0,0,0,0,0,0,0,0,0,0,0,0,0,0.56535,0.28889,0,0,0.46675,0.0618,0.41384,0.46744,0.82919,0.77193,0.81044,0.53114,1.22768,0.56712,0.85887,0,0,0,0,0,0,0,0,0,0,0,0,0,0,0,0,0,0,0,0,0,0,0,0,0,0,0,0,0,0,0,0.53114,0.00299982,0.000999939,0.00299982,0.000999939,0.00299982,0.000999939,0.00299982,0.000999939
6,535.751,1.01484,0.50703,0.82902,0,0,0,0,0,0,0.25381,0.02004,0.00153,0,0,0,0,0,0,0,0,0,0,0,0,0,0,0.57462,0.29586,0,0,0.46679,0.06176,0.41418,0.46749,0.84133,0.77401,0.81438,0.53554,1.22278,0.56684,0.86047,0,0,0,0,0,0,0,0,0,0,0,0,0,0,0,0,0,0,0,0,0,0,0,0,0,0,0,0,0,0,0,0.53554,0.00299971,0.000999905,0.00299971,0.000999905,0.00299971,0.000999905,0.00299971,0.000999905
7,624.307,1.01719,0.50979,0.82947,0,0,0,0,0,0,0.24824,0.01762,0.00139,0,0,0,0,0,0,0,0,0,0,0,0,0,0,0.58188,0.29848,0,0,0.46679,0.06178,0.41356,0.46749,0.84282,0.76906,0.81898,0.53231,1.26306,0.57575,0.86334,0,0,0,0,0,0,0,0,0,0,0,0,0,0,0,0,0,0,0,0,0,0,0,0,0,0,0,0,0,0,0,0.53231,0.00299959,0.000999863,0.00299959,0.000999863,0.00299959,0.000999863,0.00299959,0.000999863
8,713.129,1.01086,0.50678,0.83017,0,0,0,0,0,0,0.24601,0.01592,0.00128,1e-05,0,0,0,0,0,0,0,0,0,0,0,0,0,0.59398,0.29956,0,0,0.46681,0.06173,0.41489,0.4675,0.83039,0.76825,0.80769,0.53019,1.23297,0.56587,0.8579,0,0,0,0,0,0,0,0,0,0,0,0,0,0,0,0,0,0,0,0,0,0,0,0,0,0,0,0,0,0,0,0.53019,0.00299944,0.000999813,0.00299944,0.000999813,0.00299944,0.000999813,0.00299944,0.000999813
9,801.593,1.01855,0.50656,0.82947,0,0,0,0,0,0,0.2445,0.01432,0.00124,0,0,0,0,0,0,0,0,0,0,0,0,0,0,0.60345,0.29926,0,0,0.46681,0.06172,0.41409,0.46751,0.831,0.77082,0.81303,0.5401,1.20855,0.55647,0.85834,0,0,0,0,0,0,0,0,0,0,0,0,0,0,0,0,0,0,0,0,0,0,0,0,0,0,0,0,0,0,0,0.5401,0.00299927,0.000999756,0.00299927,0.000999756,0.00299927,0.000999756,0.00299927,0.000999756
10,890.738,1.0237,0.50936,0.82983,0,0,0,0,0,0,0.23187,0.01314,0.00117,0,0,0,0,0,0,0,0,0,0,0,0,0,0,0.60653,0.29633,0,0,0.46679,0.0618,0.41422,0.46749,0.83806,0.77456,0.81753,0.53985,1.21643,0.56217,0.85594,0,0,0,0,0,0,0,0,0,0,0,0,0,0,0,0,0,0,0,0,0,0,0,0,0,0,0,0,0,0,0,0.53985,0.00299907,0.000999691,0.00299907,0.000999691,0.00299907,0.000999691,0.00299907,0.000999691
11,978.216,1.02039,0.51133,0.83112,0,0,0,0,0,0,0.23387,0.01216,0.00106,0,0,0,0,0,0,0,0,0,0,0,0,0,0,0.61265,0.29338,0,0,0.46677,0.06173,0.41463,0.46746,0.82773,0.76965,0.81248,0.53078,1.25265,0.57598,0.86332,0,0,0,0,0,0,0,0,0,0,0,0,0,0,0,0,0,0,0,0,0,0,0,0,0,0,0,0,0,0,0,0.53078,0.00299886,0.000999618,0.00299886,0.000999618,0.00299886,0.000999618,0.00299886,0.000999618
12,1067.75,1.02045,0.51025,0.82725,0,0,0,0,0,0,0.23214,0.01129,0.00105,0,0,0,0,0,0,0,0,0,0,0,0,0,0,0.61513,0.28876,0,0,0.46685,0.06176,0.41451,0.46754,0.84862,0.77536,0.81997,0.5425,1.20762,0.55691,0.85844,0,0,0,0,0,0,0,0,0,0,0,0,0,0,0,0,0,0,0,0,0,0,0,0,0,0,0,0,0,0,0,0.5425,0.00299861,0.000999538,0.00299861,0.000999538,0.00299861,0.000999538,0.00299861,0.000999538
13,1156.7,1.02148,0.51081,0.82911,0,0,0,0,0,0,0.23565,0.01036,0.00105,1e-05,0,0,0,0,0,0,0,0,0,0,0,0,0,0.62041,0.28694,0,0,0.46673,0.06181,0.41367,0.46743,0.82773,0.76462,0.80717,0.53538,1.20601,0.56051,0.85652,0,0,0,0,0,0,0,0,0,0,0,0,0,0,0,0,0,0,0,0,0,0,0,0,0,0,0,0,0,0,0,0.53538,0.00299835,0.00099945,0.00299835,0.00099945,0.00299835,0.00099945,0.00299835,0.00099945
14,1245.75,1.02191,0.50839,0.82854,0,0,0,0,0,0,0.2249,0.00973,0.00101,0,0,0,0,0,0,0,0,0,0,0,0,0,0,0.6216,0.28416,0,0,0.46671,0.06175,0.41437,0.46742,0.85738,0.77345,0.82022,0.54005,1.22022,0.5637,0.8569,0,0,0,0,0,0,0,0,0,0,0,0,0,0,0,0,0,0,0,0,0,0,0,0,0,0,0,0,0,0,0,0.54005,0.00299807,0.000999355,0.00299807,0.000999355,0.00299807,0.000999355,0.00299807,0.000999355
15,1335.36,1.02097,0.51088,0.82891,0,0,0,0,0,0,0.22468,0.00908,0.00095,0,0,0,0,0,0,0,0,0,0,0,0,0,0,0.62463,0.28281,0,0,0.46676,0.06175,0.4139,0.46746,0.8637,0.77536,0.8223,0.54251,1.20877,0.56233,0.85747,0,0,0,0,0,0,0,0,0,0,0,0,0,0,0,0,0,0,0,0,0,0,0,0,0,0,0,0,0,0,0,0.54251,0.00299776,0.000999252,0.00299776,0.000999252,0.00299776,0.000999252,0.00299776,0.000999252
16,1424.28,1.01715,0.50746,0.82642,0,0,0,0,0,0,0.21717,0.00854,0.00096,0,0,0,0,0,0,0,0,0,0,0,0,0,0,0.62628,0.28043,0,0,0.46685,0.06187,0.41342,0.46755,0.85224,0.77275,0.81522,0.53697,1.21956,0.56124,0.85809,0,0,0,0,0,0,0,0,0,0,0,0,0,0,0,0,0,0,0,0,0,0,0,0,0,0,0,0,0,0,0,0.53697,0.00299742,0.000999141,0.00299742,0.000999141,0.00299742,0.000999141,0.00299742,0.000999141
17,1512.77,1.02838,0.51058,0.82855,0,0,0,0,0,0,0.2144,0.00814,0.00093,0,0,0,0,0,0,0,0,0,0,0,0,0,0,0.62953,0.2769,0,0,0.46679,0.06177,0.41437,0.46749,0.83496,0.76855,0.80837,0.53397,1.22226,0.5636,0.85702,0,0,0,0,0,0,0,0,0,0,0,0,0,0,0,0,0,0,0,0,0,0,0,0,0,0,0,0,0,0,0,0.53397,0.00299707,0.000999023,0.00299707,0.000999023,0.00299707,0.000999023,0.00299707,0.000999023
18,1601.2,1.02506,0.51355,0.829,0,0,0,0,0,0,0.2109,0.00786,0.00086,1e-05,0,0,0,0,0,0,0,0,0,0,0,0,0,0.62223,0.27298,0,0,0.4668,0.06165,0.41426,0.4675,0.83054,0.76916,0.81042,0.5375,1.20596,0.55661,0.85748,0,0,0,0,0,0,0,0,0,0,0,0,0,0,0,0,0,0,0,0,0,0,0,0,0,0,0,0,0,0,0,0.5375,0.00299669,0.000998897,0.00299669,0.000998897,0.00299669,0.000998897,0.00299669,0.000998897
19,1690.73,1.03324,0.51574,0.82918,0,0,0,0,0,0,0.21267,0.00751,0.00086,0,0,0,0,0,0,0,0,0,0,0,0,0,0,0.61979,0.2718,0,0,0.46677,0.06174,0.41405,0.46741,0.83318,0.77247,0.80979,0.53416,1.21164,0.56097,0.85669,0,0,0,0,0,0,0,0,0,0,0,0,0,0,0,0,0,0,0,0,0,0,0,0,0,0,0,0,0,0,0,0.53416,0.00299629,0.000998764,0.00299629,0.000998764,0.00299629,0.000998764,0.00299629,0.000998764
20,1779.79,1.02153,0.51165,0.82952,0,0,0,0,0,0,0.2152,0.00712,0.00092,0,0,0,0,0,0,0,0,0,0,0,0,0,0,0.62071,0.26898,0,0,0.46677,0.0617,0.4142,0.46747,0.83972,0.77573,0.81971,0.54116,1.20936,0.56289,0.85725,0,0,0,0,0,0,0,0,0,0,0,0,0,0,0,0,0,0,0,0,0,0,0,0,0,0,0,0,0,0,0,0.54116,0.00299587,0.000998623,0.00299587,0.000998623,0.00299587,0.000998623,0.00299587,0.000998623
21,1868.67,1.02391,0.50948,0.82871,0,0,0,0,0,0,0.21076,0.00689,0.00086,1e-05,0,0,0,0,0,0,0,0,0,0,0,0,0,0.61815,0.26608,0,0,0.46677,0.06181,0.41367,0.46748,0.84035,0.78211,0.81524,0.54015,1.19918,0.55711,0.85718,0,0,0,0,0,0,0,0,0,0,0,0,0,0,0,0,0,0,0,0,0,0,0,0,0,0,0,0,0,0,0,0.54015,0.00299542,0.000998474,0.00299542,0.000998474,0.00299542,0.000998474,0.00299542,0.000998474
22,1957.62,1.02746,0.51277,0.83013,0,0,0,0,0,0,0.20691,0.00668,0.00092,0,0,0,0,0,0,0,0,0,0,0,0,0,0,0.6186,0.26392,0,0,0.46675,0.06181,0.41312,0.46745,0.84147,0.77211,0.81422,0.5395,1.21221,0.5615,0.85851,0,0,0,0,0,0,0,0,0,0,0,0,0,0,0,0,0,0,0,0,0,0,0,0,0,0,0,0,0,0,0,0.5395,0.00299495,0.000998318,0.00299495,0.000998318,0.00299495,0.000998318,0.00299495,0.000998318
23,2046.35,1.02424,0.50899,0.83034,0,0,0,0,0,0,0.21108,0.00651,0.00079,0,0,0,0,0,0,0,0,0,0,0,0,0,0,0.6131,0.26102,0,0,0.46674,0.06175,0.41401,0.46743,0.84282,0.7736,0.81602,0.54194,1.18853,0.55207,0.85466,0,0,0,0,0,0,0,0,0,0,0,0,0,0,0,0,0,0,0,0,0,0,0,0,0,0,0,0,0,0,0,0.54194,0.00299446,0.000998154,0.00299446,0.000998154,0.00299446,0.000998154,0.00299446,0.000998154
24,2135.99,1.02434,0.51047,0.82962,0,0,0,0,0,0,0.2022,0.00632,0.00083,0,0,0,0,0,0,0,0,0,0,0,0,0,0,0.60975,0.25961,0,0,0.46671,0.0616,0.4146,0.46741,0.83336,0.77661,0.81407,0.53797,1.19655,0.55389,0.85421,0,0,0,0,0,0,0,0,0,0,0,0,0,0,0,0,0,0,0,0,0,0,0,0,0,0,0,0,0,0,0,0.53797,0.00299395,0.000997982,0.00299395,0.000997982,0.00299395,0.000997982,0.00299395,0.000997982
25,2225.41,1.03096,0.51237,0.82933,0,0,0,0,0,0,0.21439,0.00607,0.00076,0,0,0,0,0,0,0,0,0,0,0,0,0,0,0.60324,0.25756,0,0,0.46671,0.0616,0.41354,0.46741,0.85265,0.77944,0.82734,0.54505,1.19846,0.55112,0.8568,0,0,0,0,0,0,0,0,0,0,0,0,0,0,0,0,0,0,0,0,0,0,0,0,0,0,0,0,0,0,0,0.54505,0.00299341,0.000997803,0.00299341,0.000997803,0.00299341,0.000997803,0.00299341,0.000997803
26,2315.03,1.02903,0.51102,0.83251,0,0,0,0,0,0,0.20269,0.00596,0.00074,0,0,0,0,0,0,0,0,0,0,0,0,0,0,0.61364,0.25545,0,0,0.46677,0.06174,0.41413,0.46747,0.85359,0.77631,0.82321,0.54609,1.19421,0.54922,0.8542,0,0,0,0,0,0,0,0,0,0,0,0,0,0,0,0,0,0,0,0,0,0,0,0,0,0,0,0,0,0,0,0.54609,0.00299285,0.000997616,0.00299285,0.000997616,0.00299285,0.000997616,0.00299285,0.000997616
27,2404.41,1.02479,0.51081,0.83025,0,0,0,0,0,0,0.19752,0.00583,0.00073,0,0,0,0,0,0,0,0,0,0,0,0,0,0,0.60535,0.25312,0,0,0.46679,0.06166,0.41375,0.46748,0.84778,0.77591,0.82211,0.53988,1.20106,0.55018,0.85517,0,0,0,0,0,0,0,0,0,0,0,0,0,0,0,0,0,0,0,0,0,0,0,0,0,0,0,0,0,0,0,0.53988,0.00299227,0.000997422,0.00299227,0.000997422,0.00299227,0.000997422,0.00299227,0.000997422
28,2491.65,1.03072,0.51138,0.82919,0,0,0,0,0,0,0.20676,0.00564,0.00076,1e-05,0,0,0,0,0,0,0,0,0,0,0,0,0,0.5966,0.25246,0,0,0.46677,0.06184,0.41378,0.46746,0.86412,0.78019,0.83068,0.54948,1.20066,0.55201,0.85501,0,0,0,0,0,0,0,0,0,0,0,0,0,0,0,0,0,0,0,0,0,0,0,0,0,0,0,0,0,0,0,0.54948,0.00299166,0.00099722,0.00299166,0.00099722,0.00299166,0.00099722,0.00299166,0.00099722
29,2581.07,1.02946,0.51308,0.83022,0,0,0,0,0,0,0.19401,0.00552,0.00076,0,0,0,0,0,0,0,0,0,0,0,0,0,0,0.60017,0.24962,0,0,0.46677,0.06173,0.41304,0.46748,0.85281,0.78475,0.82785,0.5502,1.18925,0.55187,0.85379,0,0,0,0,0,0,0,0,0,0,0,0,0,0,0,0,0,0,0,0,0,0,0,0,0,0,0,0,0,0,0,0.5502,0.00299103,0.000997011,0.00299103,0.000997011,0.00299103,0.000997011,0.00299103,0.000997011
30,2669.55,1.03224,0.51278,0.83341,0,0,0,0,0,0,0.20549,0.0054,0.00077,0,0,0,0,0,0,0,0,0,0,0,0,0,0,0.59017,0.24603,0,0,0.46675,0.06179,0.41419,0.46745,0.85348,0.78188,0.82956,0.54799,1.19109,0.54805,0.85413,0,0,0,0,0,0,0,0,0,0,0,0,0,0,0,0,0,0,0,0,0,0,0,0,0,0,0,0,0,0,0,0.54799,0.00299038,0.000996794,0.00299038,0.000996794,0.00299038,0.000996794,0.00299038,0.000996794
31,2758.33,1.02869,0.51116,0.83183,0,0,0,0,0,0,0.20225,0.00523,0.00073,0,0,0,0,0,0,0,0,0,0,0,0,0,0,0.59146,0.24538,0,0,0.46686,0.06176,0.41447,0.46756,0.84249,0.78171,0.82159,0.54452,1.18627,0.54797,0.85342,0,0,0,0,0,0,0,0,0,0,0,0,0,0,0,0,0,0,0,0,0,0,0,0,0,0,0,0,0,0,0,0.54452,0.00298971,0.000996569,0.00298971,0.000996569,0.00298971,0.000996569,0.00298971,0.000996569
32,2846.77,1.03012,0.51146,0.83162,0,0,0,0,0,0,0.20272,0.00511,0.00078,0,0,0,0,0,0,0,0,0,0,0,0,0,0,0.57634,0.24239,0,0,0.46667,0.06163,0.41318,0.46737,0.85054,0.77942,0.82386,0.54726,1.19049,0.54874,0.85423,0,0,0,0,0,0,0,0,0,0,0,0,0,0,0,0,0,0,0,0,0,0,0,0,0,0,0,0,0,0,0,0.54726,0.00298901,0.000996337,0.00298901,0.000996337,0.00298901,0.000996337,0.00298901,0.000996337
33,2936.23,1.03381,0.51471,0.83204,0,0,0,0,0,0,0.19753,0.00503,0.00064,0,0,0,0,0,0,0,0,0,0,0,0,0,0,0.58633,0.2409,0,0,0.46672,0.06167,0.41344,0.46737,0.85652,0.7798,0.82582,0.55043,1.18521,0.54333,0.85391,0,0,0,0,0,0,0,0,0,0,0,0,0,0,0,0,0,0,0,0,0,0,0,0,0,0,0,0,0,0,0,0.55043,0.00298829,0.000996097,0.00298829,0.000996097,0.00298829,0.000996097,0.00298829,0.000996097
34,3024.03,1.02933,0.51143,0.8316,0,0,0,0,0,0,0.19799,0.00492,0.00066,0,0,0,0,0,0,0,0,0,0,0,0,0,0,0.58014,0.23893,0,0,0.46682,0.06171,0.41397,0.4675,0.8511,0.78532,0.82554,0.54602,1.19402,0.54852,0.85496,0,0,0,0,0,0,0,0,0,0,0,0,0,0,0,0,0,0,0,0,0,0,0,0,0,0,0,0,0,0,0,0.54602,0.00298755,0.000995849,0.00298755,0.000995849,0.00298755,0.000995849,0.00298755,0.000995849
35,3112.88,1.02884,0.51336,0.83157,0,0,0,0,0,0,0.1978,0.00477,0.00066,1e-05,0,0,0,0,0,0,0,0,0,0,0,0,0,0.59035,0.23757,0,0,0.46683,0.06176,0.41403,0.46752,0.85744,0.78323,0.82731,0.54784,1.18217,0.54363,0.85236,0,0,0,0,0,0,0,0,0,0,0,0,0,0,0,0,0,0,0,0,0,0,0,0,0,0,0,0,0,0,0,0.54784,0.00298678,0.000995594,0.00298678,0.000995594,0.00298678,0.000995594,0.00298678,0.000995594
36,3201.48,1.03584,0.51584,0.83189,0,0,0,0,0,0,0.19143,0.00487,0.00071,2e-05,0,0,0,0,0,0,0,0,0,0,0,0,0,0.57912,0.23612,0,0,0.46664,0.06171,0.41339,0.46735,0.85344,0.78598,0.83015,0.55058,1.18031,0.54527,0.85359,0,0,0,0,0,0,0,0,0,0,0,0,0,0,0,0,0,0,0,0,0,0,0,0,0,0,0,0,0,0,0,0.55058,0.002986,0.000995332,0.002986,0.000995332,0.002986,0.000995332,0.002986,0.000995332
37,3290.52,1.03538,0.51432,0.82917,0,0,0,0,0,0,0.18982,0.00474,0.00067,0,0,0,0,0,0,0,0,0,0,0,0,0,0,0.5773,0.23539,0,0,0.46672,0.06166,0.41416,0.46741,0.85324,0.78485,0.82707,0.54987,1.18704,0.54403,0.85309,0,0,0,0,0,0,0,0,0,0,0,0,0,0,0,0,0,0,0,0,0,0,0,0,0,0,0,0,0,0,0,0.54987,0.00298519,0.000995062,0.00298519,0.000995062,0.00298519,0.000995062,0.00298519,0.000995062
38,3378.96,1.04123,0.51815,0.83226,0,0,0,0,0,0,0.19499,0.00468,0.0006,0,0,0,0,0,0,0,0,0,0,0,0,0,0,0.57928,0.2311,0,0,0.46667,0.06167,0.41335,0.46736,0.85638,0.7806,0.82534,0.54975,1.18262,0.54275,0.85352,0,0,0,0,0,0,0,0,0,0,0,0,0,0,0,0,0,0,0,0,0,0,0,0,0,0,0,0,0,0,0,0.54975,0.00298435,0.000994784,0.00298435,0.000994784,0.00298435,0.000994784,0.00298435,0.000994784
39,3467.86,1.03191,0.5117,0.83192,0,0,0,0,0,0,0.18859,0.00463,0.00069,0,0,0,0,0,0,0,0,0,0,0,0,0,0,0.5838,0.23011,0,0,0.46676,0.06169,0.41399,0.46746,0.85411,0.78013,0.82401,0.54728,1.18234,0.5439,0.8545,0,0,0,0,0,0,0,0,0,0,0,0,0,0,0,0,0,0,0,0,0,0,0,0,0,0,0,0,0,0,0,0.54728,0.0029835,0.000994499,0.0029835,0.000994499,0.0029835,0.000994499,0.0029835,0.000994499
40,3556.35,1.03612,0.5142,0.83156,0,0,0,0,0,0,0.19254,0.0045,0.0006,1e-05,0,0,0,0,0,0,0,0,0,0,0,0,0,0.59074,0.2291,0,0,0.46678,0.06175,0.41377,0.46744,0.86474,0.77756,0.82579,0.54995,1.18422,0.54375,0.85332,0,0,0,0,0,0,0,0,0,0,0,0,0,0,0,0,0,0,0,0,0,0,0,0,0,0,0,0,0,0,0,0.54995,0.00298262,0.000994206,0.00298262,0.000994206,0.00298262,0.000994206,0.00298262,0.000994206
41,3645.2,1.03998,0.51578,0.83276,0,0,0,0,0,0,0.19016,0.00444,0.00056,2e-05,0,0,0,0,0,0,0,0,0,0,0,0,0,0.59572,0.22712,0,0,0.46682,0.06173,0.41346,0.46751,0.86297,0.78082,0.82743,0.55154,1.17775,0.54116,0.85299,0,0,0,0,0,0,0,0,0,0,0,0,0,0,0,0,0,0,0,0,0,0,0,0,0,0,0,0,0,0,0,0.55154,0.00298172,0.000993906,0.00298172,0.000993906,0.00298172,0.000993906,0.00298172,0.000993906
42,3734.06,1.03565,0.51619,0.83023,0,0,0,0,0,0,0.18699,0.00435,0.00062,0,0,0,0,0,0,0,0,0,0,0,0,0,0,0.58684,0.2241,0,0,0.46677,0.06172,0.41421,0.46746,0.85876,0.78099,0.82953,0.55412,1.17179,0.53917,0.8518,0,0,0,0,0,0,0,0,0,0,0,0,0,0,0,0,0,0,0,0,0,0,0,0,0,0,0,0,0,0,0,0.55412,0.00298079,0.000993598,0.00298079,0.000993598,0.00298079,0.000993598,0.00298079,0.000993598
43,3823.31,1.04157,0.51501,0.8321,0,0,0,0,0,0,0.19129,0.00431,0.00063,0,0,0,0,0,0,0,0,0,0,0,0,0,0,0.56965,0.22214,0,0,0.46673,0.06169,0.41483,0.46743,0.85199,0.78415,0.82385,0.55056,1.17165,0.53732,0.85116,0,0,0,0,0,0,0,0,0,0,0,0,0,0,0,0,0,0,0,0,0,0,0,0,0,0,0,0,0,0,0,0.55056,0.00297985,0.000993282,0.00297985,0.000993282,0.00297985,0.000993282,0.00297985,0.000993282
44,3912.49,1.04201,0.51449,0.82923,0,0,0,0,0,0,0.18812,0.00429,0.00064,0,0,0,0,0,0,0,0,0,0,0,0,0,0,0.57033,0.22169,0,0,0.4668,0.06179,0.41334,0.4675,0.85638,0.78213,0.82576,0.55207,1.17573,0.53779,0.85189,0,0,0,0,0,0,0,0,0,0,0,0,0,0,0,0,0,0,0,0,0,0,0,0,0,0,0,0,0,0,0,0.55207,0.00297888,0.00099296,0.00297888,0.00099296,0.00297888,0.00099296,0.00297888,0.00099296
45,4001.6,1.04214,0.51523,0.83285,0,0,0,0,0,0,0.19355,0.00416,0.00061,0,0,0,0,0,0,0,0,0,0,0,0,0,0,0.57714,0.22232,0,0,0.46673,0.06175,0.41392,0.46744,0.86743,0.77904,0.82802,0.55128,1.16843,0.53641,0.85113,0,0,0,0,0,0,0,0,0,0,0,0,0,0,0,0,0,0,0,0,0,0,0,0,0,0,0,0,0,0,0,0.55128,0.00297789,0.000992629,0.00297789,0.000992629,0.00297789,0.000992629,0.00297789,0.000992629
46,4090.62,1.03801,0.51669,0.83163,0,0,0,0,0,0,0.18471,0.00411,0.00062,1e-05,0,0,0,0,0,0,0,0,0,0,0,0,0,0.5705,0.21996,0,0,0.46679,0.06173,0.4139,0.4675,0.85016,0.7904,0.82961,0.55174,1.17213,0.53754,0.85195,0,0,0,0,0,0,0,0,0,0,0,0,0,0,0,0,0,0,0,0,0,0,0,0,0,0,0,0,0,0,0,0.55174,0.00297687,0.000992291,0.00297687,0.000992291,0.00297687,0.000992291,0.00297687,0.000992291
47,4179.57,1.04421,0.51882,0.83092,0,0,0,0,0,0,0.18385,0.00408,0.00054,0,0,0,0,0,0,0,0,0,0,0,0,0,0,0.58385,0.21825,0,0,0.46677,0.06173,0.4141,0.46747,0.85789,0.78502,0.82967,0.5514,1.17225,0.53818,0.85161,0,0,0,0,0,0,0,0,0,0,0,0,0,0,0,0,0,0,0,0,0,0,0,0,0,0,0,0,0,0,0,0.5514,0.00297584,0.000991946,0.00297584,0.000991946,0.00297584,0.000991946,0.00297584,0.000991946
48,4269.4,1.03931,0.51755,0.82903,0,0,0,0,0,0,0.18664,0.00409,0.00063,0,0,0,0,0,0,0,0,0,0,0,0,0,0,0.577,0.21584,0,0,0.46684,0.06174,0.41331,0.46754,0.86249,0.77536,0.8264,0.55052,1.16824,0.53835,0.85045,0,0,0,0,0,0,0,0,0,0,0,0,0,0,0,0,0,0,0,0,0,0,0,0,0,0,0,0,0,0,0,0.55052,0.00297478,0.000991593,0.00297478,0.000991593,0.00297478,0.000991593,0.00297478,0.000991593
49,4358.87,1.0409,0.51482,0.83265,0,0,0,0,0,0,0.18692,0.004,0.0006,0,0,0,0,0,0,0,0,0,0,0,0,0,0,0.58453,0.21462,0,0,0.46673,0.06181,0.41329,0.46743,0.85631,0.77999,0.82508,0.55087,1.16818,0.53675,0.85058,0,0,0,0,0,0,0,0,0,0,0,0,0,0,0,0,0,0,0,0,0,0,0,0,0,0,0,0,0,0,0,0.55087,0.0029737,0.000991232,0.0029737,0.000991232,0.0029737,0.000991232,0.0029737,0.000991232
50,4448.1,1.04023,0.5156,0.83378,0,0,0,0,0,0,0.18742,0.00401,0.00056,0,0,0,0,0,0,0,0,0,0,0,0,0,0,0.58615,0.21256,0,0,0.46671,0.06169,0.41466,0.4674,0.8589,0.78163,0.82774,0.55159,1.16482,0.53536,0.85031,0,0,0,0,0,0,0,0,0,0,0,0,0,0,0,0,0,0,0,0,0,0,0,0,0,0,0,0,0,0,0,0.55159,0.00297259,0.000990864,0.00297259,0.000990864,0.00297259,0.000990864,0.00297259,0.000990864
51,4537.45,1.04435,0.51845,0.8339,0,0,0,0,0,0,0.1817,0.00391,0.00051,0,0,0,0,0,0,0,0,0,0,0,0,0,0,0.57702,0.21227,0,0,0.46676,0.06169,0.41392,0.46745,0.86144,0.78033,0.82483,0.5495,1.16387,0.53541,0.8503,0,0,0,0,0,0,0,0,0,0,0,0,0,0,0,0,0,0,0,0,0,0,0,0,0,0,0,0,0,0,0,0.5495,0.00297147,0.000990489,0.00297147,0.000990489,0.00297147,0.000990489,0.00297147,0.000990489
52,4626.32,1.04599,0.51706,0.83223,0,0,0,0,0,0,0.18146,0.0039,0.00054,3e-05,0,0,0,0,0,0,0,0,0,0,0,0,0,0.58055,0.21179,0,0,0.46682,0.06177,0.41412,0.46752,0.85785,0.78081,0.82524,0.55033,1.163,0.53444,0.85029,0,0,0,0,0,0,0,0,0,0,0,0,0,0,0,0,0,0,0,0,0,0,0,0,0,0,0,0,0,0,0,0.55033,0.00297032,0.000990106,0.00297032,0.000990106,0.00297032,0.000990106,0.00297032,0.000990106
53,4715.39,1.03751,0.51509,0.83248,0,0,0,0,0,0,0.1834,0.00386,0.00053,1e-05,0,0,0,0,0,0,0,0,0,0,0,0,0,0.57664,0.20897,0,0,0.46672,0.06169,0.41464,0.4674,0.85661,0.78205,0.82632,0.55134,1.16263,0.53294,0.85017,0,0,0,0,0,0,0,0,0,0,0,0,0,0,0,0,0,0,0,0,0,0,0,0,0,0,0,0,0,0,0,0.55134,0.00296915,0.000989715,0.00296915,0.000989715,0.00296915,0.000989715,0.00296915,0.000989715
54,4804.38,1.03901,0.51529,0.83303,0,0,0,0,0,0,0.18129,0.00381,0.00055,4e-05,0,0,0,0,0,0,0,0,0,0,0,0,0,0.57492,0.20864,0,0,0.46679,0.0617,0.41373,0.46749,0.86015,0.78298,0.82747,0.55187,1.16145,0.53298,0.8502,0,0,0,0,0,0,0,0,0,0,0,0,0,0,0,0,0,0,0,0,0,0,0,0,0,0,0,0,0,0,0,0.55187,0.00296795,0.000989317,0.00296795,0.000989317,0.00296795,0.000989317,0.00296795,0.000989317
55,4893.15,1.04388,0.51826,0.83192,0,0,0,0,0,0,0.17573,0.00378,0.00051,1e-05,0,0,0,0,0,0,0,0,0,0,0,0,0,0.59421,0.20643,0,0,0.46678,0.06182,0.41363,0.46743,0.85353,0.78422,0.8277,0.55165,1.16156,0.53252,0.85011,0,0,0,0,0,0,0,0,0,0,0,0,0,0,0,0,0,0,0,0,0,0,0,0,0,0,0,0,0,0,0,0.55165,0.00296674,0.000988912,0.00296674,0.000988912,0.00296674,0.000988912,0.00296674,0.000988912
56,4981.66,1.03723,0.51537,0.83195,0,0,0,0,0,0,0.17482,0.00373,0.00056,0,0,0,0,0,0,0,0,0,0,0,0,0,0,0.59321,0.2059,0,0,0.4668,0.06183,0.4141,0.46751,0.85392,0.78413,0.82868,0.55324,1.15905,0.53192,0.85,0,0,0,0,0,0,0,0,0,0,0,0,0,0,0,0,0,0,0,0,0,0,0,0,0,0,0,0,0,0,0,0.55324,0.0029655,0.000988499,0.0029655,0.000988499,0.0029655,0.000988499,0.0029655,0.000988499
57,5068.46,1.03516,0.51334,0.83242,0,0,0,0,0,0,0.17561,0.00376,0.00061,0,0,0,0,0,0,0,0,0,0,0,0,0,0,0.59134,0.20519,0,0,0.4668,0.06173,0.41377,0.46749,0.85866,0.78353,0.82822,0.55249,1.15797,0.53171,0.84994,0,0,0,0,0,0,0,0,0,0,0,0,0,0,0,0,0,0,0,0,0,0,0,0,0,0,0,0,0,0,0,0.55249,0.00296424,0.000988079,0.00296424,0.000988079,0.00296424,0.000988079,0.00296424,0.000988079
58,5157.11,1.03425,0.51411,0.83354,0,0,0,0,0,0,0.17992,0.00377,0.00055,0,0,0,0,0,0,0,0,0,0,0,0,0,0,0.58742,0.204,0,0,0.46674,0.06171,0.41311,0.46744,0.85787,0.78603,0.82947,0.55392,1.15471,0.53125,0.85001,0,0,0,0,0,0,0,0,0,0,0,0,0,0,0,0,0,0,0,0,0,0,0,0,0,0,0,0,0,0,0,0.55392,0.00296295,0.000987651,0.00296295,0.000987651,0.00296295,0.000987651,0.00296295,0.000987651
59,5245.54,1.0419,0.51275,0.83213,0,0,0,0,0,0,0.17489,0.00366,0.00054,5e-05,0,0,0,0,0,0,0,0,0,0,0,0,0,0.58677,0.20143,0,0,0.46673,0.06183,0.41332,0.46743,0.85466,0.78466,0.82825,0.55421,1.15288,0.53036,0.84972,0,0,0,0,0,0,0,0,0,0,0,0,0,0,0,0,0,0,0,0,0,0,0,0,0,0,0,0,0,0,0,0.55421,0.00296165,0.000987216,0.00296165,0.000987216,0.00296165,0.000987216,0.00296165,0.000987216
60,5333.88,1.04049,0.51483,0.83299,0,0,0,0,0,0,0.17563,0.00363,0.00048,1e-05,0,0,0,0,0,0,0,0,0,0,0,0,0,0.57762,0.19965,0,0,0.46687,0.06173,0.4138,0.46756,0.86343,0.78148,0.82935,0.55479,1.15185,0.5297,0.84975,0,0,0,0,0,0,0,0,0,0,0,0,0,0,0,0,0,0,0,0,0,0,0,0,0,0,0,0,0,0,0,0.55479,0.00296032,0.000986773,0.00296032,0.000986773,0.00296032,0.000986773,0.00296032,0.000986773
61,5422.9,1.04559,0.51649,0.83194,0,0,0,0,0,0,0.18186,0.00365,0.00047,2e-05,0,0,0,0,0,0,0,0,0,0,0,0,0,0.57199,0.19954,0,0,0.46675,0.06177,0.4138,0.46745,0.85781,0.78331,0.8293,0.55572,1.15171,0.5293,0.84976,0,0,0,0,0,0,0,0,0,0,0,0,0,0,0,0,0,0,0,0,0,0,0,0,0,0,0,0,0,0,0,0.55572,0.00295897,0.000986323,0.00295897,0.000986323,0.00295897,0.000986323,0.00295897,0.000986323
62,5511.83,1.03981,0.51851,0.83181,0,0,0,0,0,0,0.18026,0.00364,0.00055,0,0,0,0,0,0,0,0,0,0,0,0,0,0,0.57326,0.1988,0,0,0.46681,0.06178,0.41344,0.46752,0.86108,0.78245,0.82983,0.55623,1.14991,0.52894,0.84952,0,0,0,0,0,0,0,0,0,0,0,0,0,0,0,0,0,0,0,0,0,0,0,0,0,0,0,0,0,0,0,0.55623,0.0029576,0.000985866,0.0029576,0.000985866,0.0029576,0.000985866,0.0029576,0.000985866
63,5599.62,1.03834,0.51634,0.83127,0,0,0,0,0,0,0.17503,0.00352,0.00043,2e-05,0,0,0,0,0,0,0,0,0,0,0,0,0,0.57358,0.19827,0,0,0.46678,0.06183,0.41294,0.46749,0.8604,0.78117,0.8279,0.55636,1.14939,0.52911,0.84947,0,0,0,0,0,0,0,0,0,0,0,0,0,0,0,0,0,0,0,0,0,0,0,0,0,0,0,0,0,0,0,0.55636,0.0029562,0.000985401,0.0029562,0.000985401,0.0029562,0.000985401,0.0029562,0.000985401
64,5688.22,1.03623,0.51455,0.83156,0,0,0,0,0,0,0.17777,0.00353,0.00047,2e-05,0,0,0,0,0,0,0,0,0,0,0,0,0,0.57882,0.19869,0,0,0.4667,0.06176,0.41343,0.4674,0.86414,0.7832,0.82933,0.55722,1.14759,0.52892,0.84894,0,0,0,0,0,0,0,0,0,0,0,0,0,0,0,0,0,0,0,0,0,0,0,0,0,0,0,0,0,0,0,0.55722,0.00295479,0.000984928,0.00295479,0.000984928,0.00295479,0.000984928,0.00295479,0.000984928
65,5776.92,1.03468,0.51241,0.83178,0,0,0,0,0,0,0.17693,0.00347,0.00055,1e-05,0,0,0,0,0,0,0,0,0,0,0,0,0,0.56824,0.1964,0,0,0.46663,0.06166,0.41394,0.46733,0.86302,0.78369,0.83018,0.55751,1.14808,0.5292,0.849,0,0,0,0,0,0,0,0,0,0,0,0,0,0,0,0,0,0,0,0,0,0,0,0,0,0,0,0,0,0,0,0.55751,0.00295335,0.000984449,0.00295335,0.000984449,0.00295335,0.000984449,0.00295335,0.000984449
66,5865.82,1.04782,0.51696,0.8336,0,0,0,0,0,0,0.17773,0.00344,0.00043,0,0,0,0,0,0,0,0,0,0,0,0,0,0,0.57327,0.19674,0,0,0.46677,0.06176,0.4141,0.46747,0.8603,0.78481,0.82954,0.55779,1.14721,0.52857,0.84894,0,0,0,0,0,0,0,0,0,0,0,0,0,0,0,0,0,0,0,0,0,0,0,0,0,0,0,0,0,0,0,0.55779,0.00295188,0.000983962,0.00295188,0.000983962,0.00295188,0.000983962,0.00295188,0.000983962
67,5954.31,1.03513,0.51529,0.83423,0,0,0,0,0,0,0.16931,0.00342,0.00046,0,0,0,0,0,0,0,0,0,0,0,0,0,0,0.58512,0.19623,0,0,0.4668,0.06168,0.41361,0.4675,0.86301,0.78385,0.83126,0.55822,1.14739,0.52861,0.84888,0,0,0,0,0,0,0,0,0,0,0,0,0,0,0,0,0,0,0,0,0,0,0,0,0,0,0,0,0,0,0,0.55822,0.0029504,0.000983467,0.0029504,0.000983467,0.0029504,0.000983467,0.0029504,0.000983467
68,6042.94,1.032,0.51174,0.83298,0,0,0,0,0,0,0.17348,0.00336,0.00052,2e-05,0,0,0,0,0,0,0,0,0,0,0,0,0,0.57612,0.19589,0,0,0.46681,0.06171,0.41387,0.46752,0.86364,0.78177,0.82968,0.55779,1.14747,0.52887,0.84876,0,0,0,0,0,0,0,0,0,0,0,0,0,0,0,0,0,0,0,0,0,0,0,0,0,0,0,0,0,0,0,0.55779,0.0029489,0.000982965,0.0029489,0.000982965,0.0029489,0.000982965,0.0029489,0.000982965
69,6129.84,1.03528,0.51249,0.83211,0,0,0,0,0,0,0.17305,0.00337,0.00047,2e-05,0,0,0,0,0,0,0,0,0,0,0,0,0,0.57236,0.19457,0,0,0.46672,0.06165,0.41363,0.46743,0.86169,0.78155,0.82944,0.55804,1.14667,0.52775,0.84884,0,0,0,0,0,0,0,0,0,0,0,0,0,0,0,0,0,0,0,0,0,0,0,0,0,0,0,0,0,0,0,0.55804,0.00294737,0.000982456,0.00294737,0.000982456,0.00294737,0.000982456,0.00294737,0.000982456
70,6219,1.04239,0.51714,0.83069,0,0,0,0,0,0,0.1727,0.00334,0.00045,0,0,0,0,0,0,0,0,0,0,0,0,0,0,0.58215,0.19415,0,0,0.4668,0.06177,0.41376,0.46751,0.85953,0.78399,0.82978,0.55796,1.14634,0.52738,0.84874,0,0,0,0,0,0,0,0,0,0,0,0,0,0,0,0,0,0,0,0,0,0,0,0,0,0,0,0,0,0,0,0.55796,0.00294582,0.000981939,0.00294582,0.000981939,0.00294582,0.000981939,0.00294582,0.000981939
71,6307.83,1.04271,0.51525,0.83196,0,0,0,0,0,0,0.16925,0.00335,0.00046,0,0,0,0,0,0,0,0,0,0,0,0,0,0,0.57296,0.19268,0,0,0.46673,0.06182,0.41343,0.46745,0.85948,0.78564,0.83082,0.55836,1.14518,0.52691,0.84852,0,0,0,0,0,0,0,0,0,0,0,0,0,0,0,0,0,0,0,0,0,0,0,0,0,0,0,0,0,0,0,0.55836,0.00294425,0.000981415,0.00294425,0.000981415,0.00294425,0.000981415,0.00294425,0.000981415
72,6396.46,1.03767,0.51346,0.83097,0,0,0,0,0,0,0.17308,0.00335,0.00044,0,0,0,0,0,0,0,0,0,0,0,0,0,0,0.56981,0.19128,0,0,0.46682,0.06172,0.41311,0.46752,0.86319,0.7829,0.82962,0.5588,1.14422,0.5266,0.84843,0,0,0,0,0,0,0,0,0,0,0,0,0,0,0,0,0,0,0,0,0,0,0,0,0,0,0,0,0,0,0,0.5588,0.00294265,0.000980884,0.00294265,0.000980884,0.00294265,0.000980884,0.00294265,0.000980884
73,6484.88,1.04326,0.51541,0.83083,0,0,0,0,0,0,0.17373,0.00331,0.00048,1e-05,0,0,0,0,0,0,0,0,0,0,0,0,0,0.5628,0.19101,0,0,0.46684,0.0618,0.41337,0.46754,0.86791,0.78258,0.83132,0.55884,1.14346,0.52653,0.84837,0,0,0,0,0,0,0,0,0,0,0,0,0,0,0,0,0,0,0,0,0,0,0,0,0,0,0,0,0,0,0,0.55884,0.00294104,0.000980345,0.00294104,0.000980345,0.00294104,0.000980345,0.00294104,0.000980345
74,6573.4,1.03977,0.51355,0.83156,0,0,0,0,0,0,0.17173,0.00329,0.00051,1e-05,0,0,0,0,0,0,0,0,0,0,0,0,0,0.57188,0.1934,0,0,0.46679,0.0618,0.41354,0.46748,0.86623,0.78305,0.83155,0.55888,1.14261,0.52591,0.84816,0,0,0,0,0,0,0,0,0,0,0,0,0,0,0,0,0,0,0,0,0,0,0,0,0,0,0,0,0,0,0,0.55888,0.0029394,0.000979799,0.0029394,0.000979799,0.0029394,0.000979799,0.0029394,0.000979799
75,6660.75,1.03864,0.51486,0.83188,0,0,0,0,0,0,0.16546,0.00326,0.00043,1e-05,0,0,0,0,0,0,0,0,0,0,0,0,0,0.58557,0.19191,0,0,0.46679,0.06172,0.41338,0.46749,0.86522,0.78399,0.83207,0.5596,1.14215,0.52577,0.84817,0,0,0,0,0,0,0,0,0,0,0,0,0,0,0,0,0,0,0,0,0,0,0,0,0,0,0,0,0,0,0,0.5596,0.00293774,0.000979246,0.00293774,0.000979246,0.00293774,0.000979246,0.00293774,0.000979246
76,6748.91,1.03397,0.51218,0.83218,0,0,0,0,0,0,0.16987,0.00326,0.00044,0,0,0,0,0,0,0,0,0,0,0,0,0,0,0.59227,0.19056,0,0,0.46676,0.06165,0.41327,0.46747,0.86673,0.78322,0.83177,0.55944,1.14206,0.52563,0.84809,0,0,0,0,0,0,0,0,0,0,0,0,0,0,0,0,0,0,0,0,0,0,0,0,0,0,0,0,0,0,0,0.55944,0.00293606,0.000978685,0.00293606,0.000978685,0.00293606,0.000978685,0.00293606,0.000978685
77,6837.81,1.04126,0.51285,0.82932,0,0,0,0,0,0,0.17298,0.00319,0.00042,0,0,0,0,0,0,0,0,0,0,0,0,0,0,0.58342,0.18888,0,0,0.4668,0.06179,0.41339,0.46746,0.86875,0.78428,0.83326,0.55973,1.14155,0.52502,0.848,0,0,0,0,0,0,0,0,0,0,0,0,0,0,0,0,0,0,0,0,0,0,0,0,0,0,0,0,0,0,0,0.55973,0.00293435,0.000978118,0.00293435,0.000978118,0.00293435,0.000978118,0.00293435,0.000978118
78,6926.2,1.03795,0.51307,0.83296,0,0,0,0,0,0,0.17556,0.00322,0.00041,0,0,0,0,0,0,0,0,0,0,0,0,0,0,0.57816,0.18855,0,0,0.46677,0.06181,0.41387,0.46747,0.8672,0.78516,0.83387,0.56014,1.14095,0.52495,0.84799,0,0,0,0,0,0,0,0,0,0,0,0,0,0,0,0,0,0,0,0,0,0,0,0,0,0,0,0,0,0,0,0.56014,0.00293263,0.000977542,0.00293263,0.000977542,0.00293263,0.000977542,0.00293263,0.000977542
79,7014.64,1.03934,0.51768,0.83246,0,0,0,0,0,0,0.16861,0.00322,0.00048,0,0,0,0,0,0,0,0,0,0,0,0,0,0,0.57627,0.18782,0,0,0.46673,0.06174,0.41308,0.46744,0.86823,0.78615,0.83414,0.55999,1.1403,0.52435,0.84786,0,0,0,0,0,0,0,0,0,0,0,0,0,0,0,0,0,0,0,0,0,0,0,0,0,0,0,0,0,0,0,0.55999,0.00293088,0.00097696,0.00293088,0.00097696,0.00293088,0.00097696,0.00293088,0.00097696
80,7103.43,1.03938,0.51345,0.8332,0,0,0,0,0,0,0.16943,0.00319,0.00043,1e-05,0,0,0,0,0,0,0,0,0,0,0,0,0,0.583,0.18835,0,0,0.46677,0.06178,0.41316,0.46747,0.86744,0.7868,0.8341,0.5601,1.14059,0.5242,0.84785,0,0,0,0,0,0,0,0,0,0,0,0,0,0,0,0,0,0,0,0,0,0,0,0,0,0,0,0,0,0,0,0.5601,0.00292911,0.00097637,0.00292911,0.00097637,0.00292911,0.00097637,0.00292911,0.00097637
81,7192.61,1.03508,0.51328,0.83145,0,0,0,0,0,0,0.17232,0.00313,0.00041,0,0,0,0,0,0,0,0,0,0,0,0,0,0,0.58353,0.18659,0,0,0.4667,0.06172,0.41327,0.4674,0.8686,0.78719,0.83401,0.55996,1.13981,0.52398,0.84783,0,0,0,0,0,0,0,0,0,0,0,0,0,0,0,0,0,0,0,0,0,0,0,0,0,0,0,0,0,0,0,0.55996,0.00292732,0.000975773,0.00292732,0.000975773,0.00292732,0.000975773,0.00292732,0.000975773
82,7281.27,1.04082,0.51425,0.83273,0,0,0,0,0,0,0.17237,0.00316,0.00044,1e-05,0,0,0,0,0,0,0,0,0,0,0,0,0,0.5745,0.18719,0,0,0.46683,0.06182,0.41338,0.46753,0.86835,0.78715,0.83441,0.56041,1.13974,0.52388,0.84772,0,0,0,0,0,0,0,0,0,0,0,0,0,0,0,0,0,0,0,0,0,0,0,0,0,0,0,0,0,0,0,0.56041,0.00292551,0.000975169,0.00292551,0.000975169,0.00292551,0.000975169,0.00292551,0.000975169
83,7370.43,1.03833,0.51377,0.83195,0,0,0,0,0,0,0.16983,0.00316,0.00041,0,0,0,0,0,0,0,0,0,0,0,0,0,0,0.58267,0.18729,0,0,0.46678,0.06173,0.41391,0.46748,0.86664,0.78793,0.83403,0.56056,1.13954,0.52367,0.84773,0,0,0,0,0,0,0,0,0,0,0,0,0,0,0,0,0,0,0,0,0,0,0,0,0,0,0,0,0,0,0,0.56056,0.00292367,0.000974557,0.00292367,0.000974557,0.00292367,0.000974557,0.00292367,0.000974557
84,7459.62,1.03602,0.51553,0.82914,0,0,0,0,0,0,0.16679,0.00319,0.00044,0,0,0,0,0,0,0,0,0,0,0,0,0,0,0.56876,0.18873,0,0,0.46679,0.06179,0.41363,0.4675,0.86742,0.78812,0.83421,0.56114,1.13952,0.52352,0.84763,0,0,0,0,0,0,0,0,0,0,0,0,0,0,0,0,0,0,0,0,0,0,0,0,0,0,0,0,0,0,0,0.56114,0.00292181,0.000973938,0.00292181,0.000973938,0.00292181,0.000973938,0.00292181,0.000973938
85,7548.64,1.03721,0.51281,0.83167,0,0,0,0,0,0,0.16941,0.00312,0.00047,0,0,0,0,0,0,0,0,0,0,0,0,0,0,0.56538,0.18733,0,0,0.46666,0.06172,0.41327,0.46737,0.8676,0.7878,0.83478,0.5614,1.13882,0.52335,0.84747,0,0,0,0,0,0,0,0,0,0,0,0,0,0,0,0,0,0,0,0,0,0,0,0,0,0,0,0,0,0,0,0.5614,0.00291994,0.000973312,0.00291994,0.000973312,0.00291994,0.000973312,0.00291994,0.000973312
86,7637.61,1.03431,0.51203,0.83299,0,0,0,0,0,0,0.16888,0.0031,0.00039,0,0,0,0,0,0,0,0,0,0,0,0,0,0,0.56479,0.18399,0,0,0.46679,0.06176,0.41389,0.46743,0.86914,0.78772,0.83542,0.56148,1.13807,0.52322,0.84739,0,0,0,0,0,0,0,0,0,0,0,0,0,0,0,0,0,0,0,0,0,0,0,0,0,0,0,0,0,0,0,0.56148,0.00291804,0.000972679,0.00291804,0.000972679,0.00291804,0.000972679,0.00291804,0.000972679
87,7726.19,1.03419,0.51245,0.83227,0,0,0,0,0,0,0.16757,0.00312,0.00048,1e-05,0,0,0,0,0,0,0,0,0,0,0,0,0,0.57001,0.18371,0,0,0.46675,0.06182,0.41371,0.46745,0.86898,0.78666,0.83494,0.56128,1.13826,0.52319,0.84742,0,0,0,0,0,0,0,0,0,0,0,0,0,0,0,0,0,0,0,0,0,0,0,0,0,0,0,0,0,0,0,0.56128,0.00291612,0.000972039,0.00291612,0.000972039,0.00291612,0.000972039,0.00291612,0.000972039
88,7814.85,1.03404,0.51254,0.83318,0,0,0,0,0,0,0.16964,0.00308,0.00042,0,0,0,0,0,0,0,0,0,0,0,0,0,0,0.55967,0.18208,0,0,0.46675,0.06175,0.41357,0.46746,0.86958,0.7875,0.83588,0.56155,1.13839,0.52321,0.84737,0,0,0,0,0,0,0,0,0,0,0,0,0,0,0,0,0,0,0,0,0,0,0,0,0,0,0,0,0,0,0,0.56155,0.00291417,0.000971391,0.00291417,0.000971391,0.00291417,0.000971391,0.00291417,0.000971391
89,7902.93,1.04016,0.51561,0.83237,0,0,0,0,0,0,0.16902,0.00306,0.00044,4e-05,0,0,0,0,0,0,0,0,0,0,0,0,0,0.55244,0.18247,0,0,0.46675,0.06181,0.41446,0.46745,0.87045,0.78703,0.83591,0.56169,1.13741,0.52302,0.84726,0,0,0,0,0,0,0,0,0,0,0,0,0,0,0,0,0,0,0,0,0,0,0,0,0,0,0,0,0,0,0,0.56169,0.00291221,0.000970736,0.00291221,0.000970736,0.00291221,0.000970736,0.00291221,0.000970736
90,7991.99,1.03888,0.51302,0.83228,0,0,0,0,0,0,0.16655,0.00305,0.00048,3e-05,0,0,0,0,0,0,0,0,0,0,0,0,0,0.55244,0.18352,0,0,0.46682,0.06176,0.41397,0.46751,0.86912,0.78698,0.83565,0.56179,1.13725,0.52278,0.84727,0,0,0,0,0,0,0,0,0,0,0,0,0,0,0,0,0,0,0,0,0,0,0,0,0,0,0,0,0,0,0,0.56179,0.00291022,0.000970074,0.00291022,0.000970074,0.00291022,0.000970074,0.00291022,0.000970074
91,8080.79,1.04104,0.51428,0.83062,0,0,0,0,0,0,0.16262,0.00303,0.00045,0,0,0,0,0,0,0,0,0,0,0,0,0,0,0.56467,0.18269,0,0,0.46674,0.06177,0.41292,0.46745,0.87108,0.78675,0.83647,0.56184,1.13719,0.52266,0.84718,0,0,0,0,0,0,0,0,0,0,0,0,0,0,0,0,0,0,0,0,0,0,0,0,0,0,0,0,0,0,0,0.56184,0.00290821,0.000969405,0.00290821,0.000969405,0.00290821,0.000969405,0.00290821,0.000969405
92,8169.69,1.0311,0.51012,0.83063,0,0,0,0,0,0,0.16558,0.00301,0.00043,5e-05,0,0,0,0,0,0,0,0,0,0,0,0,0,0.55078,0.18021,0,0,0.46682,0.06182,0.41357,0.46753,0.87126,0.78658,0.83652,0.5619,1.13717,0.52276,0.84713,0,0,0,0,0,0,0,0,0,0,0,0,0,0,0,0,0,0,0,0,0,0,0,0,0,0,0,0,0,0,0,0.5619,0.00290618,0.000968728,0.00290618,0.000968728,0.00290618,0.000968728,0.00290618,0.000968728
93,8258.57,1.0327,0.51238,0.8309,0,0,0,0,0,0,0.16711,0.00299,0.00039,0,0,0,0,0,0,0,0,0,0,0,0,0,0,0.54781,0.17982,0,0,0.46675,0.0617,0.41338,0.46746,0.87059,0.78603,0.83598,0.56231,1.13737,0.52255,0.84714,0,0,0,0,0,0,0,0,0,0,0,0,0,0,0,0,0,0,0,0,0,0,0,0,0,0,0,0,0,0,0,0.56231,0.00290413,0.000968045,0.00290413,0.000968045,0.00290413,0.000968045,0.00290413,0.000968045
94,8346.92,1.03525,0.51088,0.83252,0,0,0,0,0,0,0.16692,0.00301,0.00042,4e-05,0,0,0,0,0,0,0,0,0,0,0,0,0,0.56821,0.18227,0,0,0.46668,0.06176,0.41291,0.46737,0.87078,0.78583,0.83581,0.56238,1.13669,0.52214,0.84704,0,0,0,0,0,0,0,0,0,0,0,0,0,0,0,0,0,0,0,0,0,0,0,0,0,0,0,0,0,0,0,0.56238,0.00290206,0.000967354,0.00290206,0.000967354,0.00290206,0.000967354,0.00290206,0.000967354
95,8435.95,1.0317,0.51073,0.83116,0,0,0,0,0,0,0.1662,0.003,0.00043,1e-05,0,0,0,0,0,0,0,0,0,0,0,0,0,0.55551,0.18179,0,0,0.4668,0.06178,0.4136,0.4675,0.86791,0.78669,0.83619,0.56265,1.1365,0.52202,0.84695,0,0,0,0,0,0,0,0,0,0,0,0,0,0,0,0,0,0,0,0,0,0,0,0,0,0,0,0,0,0,0,0.56265,0.00289997,0.000966656,0.00289997,0.000966656,0.00289997,0.000966656,0.00289997,0.000966656
96,8523.13,1.0371,0.5133,0.83021,0,0,0,0,0,0,0.1685,0.00295,0.00036,0,0,0,0,0,0,0,0,0,0,0,0,0,0,0.5626,0.18175,0,0,0.46678,0.06176,0.41424,0.46749,0.86924,0.78658,0.83642,0.56267,1.13657,0.5219,0.84697,0,0,0,0,0,0,0,0,0,0,0,0,0,0,0,0,0,0,0,0,0,0,0,0,0,0,0,0,0,0,0,0.56267,0.00289785,0.000965951,0.00289785,0.000965951,0.00289785,0.000965951,0.00289785,0.000965951
97,8611.55,1.03322,0.5124,0.83121,0,0,0,0,0,0,0.16225,0.00294,0.00041,0,0,0,0,0,0,0,0,0,0,0,0,0,0,0.55603,0.18065,0,0,0.46676,0.06176,0.4131,0.46746,0.86815,0.7868,0.83633,0.56223,1.13673,0.52193,0.84694,0,0,0,0,0,0,0,0,0,0,0,0,0,0,0,0,0,0,0,0,0,0,0,0,0,0,0,0,0,0,0,0.56223,0.00289572,0.000965239,0.00289572,0.000965239,0.00289572,0.000965239,0.00289572,0.000965239
98,8700.51,1.0297,0.50804,0.82998,0,0,0,0,0,0,0.16659,0.00295,0.00036,0,0,0,0,0,0,0,0,0,0,0,0,0,0,0.55385,0.1786,0,0,0.46676,0.06176,0.41363,0.46747,0.87132,0.78657,0.83677,0.56246,1.13647,0.52173,0.84687,0,0,0,0,0,0,0,0,0,0,0,0,0,0,0,0,0,0,0,0,0,0,0,0,0,0,0,0,0,0,0,0.56246,0.00289356,0.00096452,0.00289356,0.00096452,0.00289356,0.00096452,0.00289356,0.00096452
99,8789.49,1.03875,0.51467,0.83231,0,0,0,0,0,0,0.16418,0.00298,0.00039,2e-05,0,0,0,0,0,0,0,0,0,0,0,0,0,0.56469,0.18098,0,0,0.46679,0.06169,0.41289,0.46748,0.87093,0.78675,0.83638,0.5623,1.13679,0.52165,0.84691,0,0,0,0,0,0,0,0,0,0,0,0,0,0,0,0,0,0,0,0,0,0,0,0,0,0,0,0,0,0,0,0.5623,0.00289138,0.000963794,0.00289138,0.000963794,0.00289138,0.000963794,0.00289138,0.000963794
100,8878.33,1.02983,0.51238,0.83353,0,0,0,0,0,0,0.16139,0.00295,0.00036,0,0,0,0,0,0,0,0,0,0,0,0,0,0,0.56031,0.17816,0,0,0.46673,0.06167,0.41402,0.46742,0.86853,0.78772,0.83688,0.5624,1.13716,0.52173,0.84684,0,0,0,0,0,0,0,0,0,0,0,0,0,0,0,0,0,0,0,0,0,0,0,0,0,0,0,0,0,0,0,0.5624,0.00288918,0.000963061,0.00288918,0.000963061,0.00288918,0.000963061,0.00288918,0.000963061
101,8967.94,1.03788,0.51159,0.83147,0,0,0,0,0,0,0.16337,0.00286,0.00034,0,0,0,0,0,0,0,0,0,0,0,0,0,0,0.5592,0.17785,0,0,0.4668,0.06175,0.41366,0.46751,0.87007,0.78731,0.83626,0.56252,1.13738,0.52134,0.8469,0,0,0,0,0,0,0,0,0,0,0,0,0,0,0,0,0,0,0,0,0,0,0,0,0,0,0,0,0,0,0,0.56252,0.00288696,0.00096232,0.00288696,0.00096232,0.00288696,0.00096232,0.00288696,0.00096232
102,9056.88,1.02988,0.50924,0.83128,0,0,0,0,0,0,0.16345,0.0029,0.00039,0,0,0,0,0,0,0,0,0,0,0,0,0,0,0.55905,0.17702,0,0,0.46677,0.06172,0.41398,0.46747,0.87031,0.78756,0.8366,0.56228,1.1375,0.52155,0.84685,0,0,0,0,0,0,0,0,0,0,0,0,0,0,0,0,0,0,0,0,0,0,0,0,0,0,0,0,0,0,0,0.56228,0.00288472,0.000961573,0.00288472,0.000961573,0.00288472,0.000961573,0.00288472,0.000961573
103,9146.24,1.02933,0.50954,0.83081,0,0,0,0,0,0,0.16181,0.0029,0.00033,1e-05,0,0,0,0,0,0,0,0,0,0,0,0,0,0.55423,0.17774,0,0,0.46677,0.06177,0.41315,0.46747,0.86948,0.78705,0.83565,0.56252,1.13776,0.52148,0.84688,0,0,0,0,0,0,0,0,0,0,0,0,0,0,0,0,0,0,0,0,0,0,0,0,0,0,0,0,0,0,0,0.56252,0.00288246,0.000960819,0.00288246,0.000960819,0.00288246,0.000960819,0.00288246,0.000960819
104,9233.37,1.03789,0.51139,0.82964,0,0,0,0,0,0,0.16756,0.00289,0.00034,0,0,0,0,0,0,0,0,0,0,0,0,0,0,0.56839,0.17999,0,0,0.46684,0.06177,0.4134,0.46755,0.87085,0.78713,0.8357,0.56288,1.13766,0.52134,0.84686,0,0,0,0,0,0,0,0,0,0,0,0,0,0,0,0,0,0,0,0,0,0,0,0,0,0,0,0,0,0,0,0.56288,0.00288017,0.000960057,0.00288017,0.000960057,0.00288017,0.000960057,0.00288017,0.000960057
105,9321.92,1.03152,0.51185,0.82991,0,0,0,0,0,0,0.16216,0.00285,0.00035,0,0,0,0,0,0,0,0,0,0,0,0,0,0,0.57643,0.17697,0,0,0.46684,0.06184,0.41365,0.46749,0.87123,0.78728,0.8365,0.56318,1.13645,0.52136,0.84674,0,0,0,0,0,0,0,0,0,0,0,0,0,0,0,0,0,0,0,0,0,0,0,0,0,0,0,0,0,0,0,0.56318,0.00287787,0.000959289,0.00287787,0.000959289,0.00287787,0.000959289,0.00287787,0.000959289
106,9410.81,1.0281,0.50981,0.8326,0,0,0,0,0,0,0.16164,0.00284,0.00039,2e-05,0,0,0,0,0,0,0,0,0,0,0,0,0,0.55823,0.17545,0,0,0.46671,0.06168,0.41346,0.46741,0.87034,0.78784,0.83698,0.56329,1.13539,0.52081,0.84665,0,0,0,0,0,0,0,0,0,0,0,0,0,0,0,0,0,0,0,0,0,0,0,0,0,0,0,0,0,0,0,0.56329,0.00287554,0.000958513,0.00287554,0.000958513,0.00287554,0.000958513,0.00287554,0.000958513
107,9499.93,1.03691,0.51142,0.82994,0,0,0,0,0,0,0.16053,0.00283,0.00037,0,0,0,0,0,0,0,0,0,0,0,0,0,0,0.56734,0.17661,0,0,0.46675,0.06179,0.41376,0.46746,0.86933,0.78836,0.83671,0.56315,1.13543,0.52088,0.8466,0,0,0,0,0,0,0,0,0,0,0,0,0,0,0,0,0,0,0,0,0,0,0,0,0,0,0,0,0,0,0,0.56315,0.00287319,0.000957731,0.00287319,0.000957731,0.00287319,0.000957731,0.00287319,0.000957731
108,9588.61,1.03439,0.51223,0.83221,0,0,0,0,0,0,0.16262,0.00286,0.00034,0,0,0,0,0,0,0,0,0,0,0,0,0,0,0.56634,0.17687,0,0,0.46676,0.06181,0.41384,0.46741,0.86897,0.78884,0.83739,0.56378,1.13459,0.52083,0.84648,0,0,0,0,0,0,0,0,0,0,0,0,0,0,0,0,0,0,0,0,0,0,0,0,0,0,0,0,0,0,0,0.56378,0.00287082,0.000956941,0.00287082,0.000956941,0.00287082,0.000956941,0.00287082,0.000956941
109,9677.11,1.03649,0.51164,0.8323,0,0,0,0,0,0,0.16628,0.00283,0.00044,1e-05,0,0,0,0,0,0,0,0,0,0,0,0,0,0.5747,0.17741,0,0,0.46683,0.06177,0.41419,0.46753,0.86951,0.78887,0.83729,0.56381,1.13365,0.52096,0.84637,0,0,0,0,0,0,0,0,0,0,0,0,0,0,0,0,0,0,0,0,0,0,0,0,0,0,0,0,0,0,0,0.56381,0.00286843,0.000956145,0.00286843,0.000956145,0.00286843,0.000956145,0.00286843,0.000956145
110,9766.35,1.03543,0.51191,0.83054,0,0,0,0,0,0,0.16228,0.00284,0.00036,0,0,0,0,0,0,0,0,0,0,0,0,0,0,0.56669,0.17704,0,0,0.46686,0.06184,0.41338,0.46757,0.86895,0.78938,0.83723,0.5639,1.13293,0.52079,0.84633,0,0,0,0,0,0,0,0,0,0,0,0,0,0,0,0,0,0,0,0,0,0,0,0,0,0,0,0,0,0,0,0.5639,0.00286602,0.000955341,0.00286602,0.000955341,0.00286602,0.000955341,0.00286602,0.000955341
111,9854.88,1.0324,0.50969,0.83081,0,0,0,0,0,0,0.15995,0.00288,0.00041,4e-05,0,0,0,0,0,0,0,0,0,0,0,0,0,0.56005,0.17551,0,0,0.46674,0.06179,0.41373,0.46745,0.8681,0.78927,0.83747,0.56412,1.13235,0.52093,0.84632,0,0,0,0,0,0,0,0,0,0,0,0,0,0,0,0,0,0,0,0,0,0,0,0,0,0,0,0,0,0,0,0.56412,0.00286359,0.000954531,0.00286359,0.000954531,0.00286359,0.000954531,0.00286359,0.000954531
112,9942.4,1.03171,0.51311,0.83,0,0,0,0,0,0,0.16426,0.00285,0.00037,2e-05,0,0,0,0,0,0,0,0,0,0,0,0,0,0.55191,0.17724,0,0,0.46688,0.06183,0.41396,0.46758,0.86764,0.78894,0.83784,0.56454,1.13264,0.5209,0.84636,0,0,0,0,0,0,0,0,0,0,0,0,0,0,0,0,0,0,0,0,0,0,0,0,0,0,0,0,0,0,0,0.56454,0.00286114,0.000953714,0.00286114,0.000953714,0.00286114,0.000953714,0.00286114,0.000953714
113,10031,1.03364,0.5098,0.8307,0,0,0,0,0,0,0.15922,0.00284,0.00034,0,0,0,0,0,0,0,0,0,0,0,0,0,0,0.56771,0.1774,0,0,0.46687,0.06183,0.41389,0.46758,0.86905,0.78878,0.83805,0.56456,1.13282,0.52141,0.84641,0,0,0,0,0,0,0,0,0,0,0,0,0,0,0,0,0,0,0,0,0,0,0,0,0,0,0,0,0,0,0,0.56456,0.00285867,0.000952889,0.00285867,0.000952889,0.00285867,0.000952889,0.00285867,0.000952889
114,10119.8,1.02572,0.50862,0.82735,0,0,0,0,0,0,0.16184,0.00284,0.00038,0,0,0,0,0,0,0,0,0,0,0,0,0,0,0.55971,0.17591,0,0,0.46678,0.06178,0.41365,0.46749,0.86709,0.78863,0.83766,0.56458,1.1331,0.52099,0.84648,0,0,0,0,0,0,0,0,0,0,0,0,0,0,0,0,0,0,0,0,0,0,0,0,0,0,0,0,0,0,0,0.56458,0.00285617,0.000952058,0.00285617,0.000952058,0.00285617,0.000952058,0.00285617,0.000952058
115,10208.8,1.03073,0.50955,0.83185,0,0,0,0,0,0,0.16168,0.00281,0.00038,0,0,0,0,0,0,0,0,0,0,0,0,0,0,0.54819,0.17458,0,0,0.46682,0.06177,0.41358,0.46752,0.86422,0.78962,0.83758,0.56464,1.13343,0.52112,0.84642,0,0,0,0,0,0,0,0,0,0,0,0,0,0,0,0,0,0,0,0,0,0,0,0,0,0,0,0,0,0,0,0.56464,0.00285366,0.00095122,0.00285366,0.00095122,0.00285366,0.00095122,0.00285366,0.00095122
116,10297.5,1.02778,0.50739,0.83148,0,0,0,0,0,0,0.16112,0.00278,0.00035,3e-05,0,0,0,0,0,0,0,0,0,0,0,0,0,0.55896,0.17604,0,0,0.46671,0.06173,0.4138,0.46742,0.86775,0.78862,0.83796,0.56484,1.13367,0.52087,0.84645,0,0,0,0,0,0,0,0,0,0,0,0,0,0,0,0,0,0,0,0,0,0,0,0,0,0,0,0,0,0,0,0.56484,0.00285113,0.000950375,0.00285113,0.000950375,0.00285113,0.000950375,0.00285113,0.000950375
117,10386.2,1.02959,0.5116,0.83222,0,0,0,0,0,0,0.15891,0.00279,0.00033,1e-05,0,0,0,0,0,0,0,0,0,0,0,0,0,0.57546,0.1792,0,0,0.46679,0.06171,0.41405,0.46749,0.86762,0.78922,0.83806,0.56534,1.13319,0.52073,0.84633,0,0,0,0,0,0,0,0,0,0,0,0,0,0,0,0,0,0,0,0,0,0,0,0,0,0,0,0,0,0,0,0.56534,0.00284857,0.000949524,0.00284857,0.000949524,0.00284857,0.000949524,0.00284857,0.000949524
118,10474.6,1.02596,0.50653,0.83074,0,0,0,0,0,0,0.16392,0.00277,0.00035,0,0,0,0,0,0,0,0,0,0,0,0,0,0,0.55935,0.17756,0,0,0.46674,0.06173,0.41396,0.46744,0.86781,0.78981,0.83844,0.56542,1.13261,0.52019,0.84629,0,0,0,0,0,0,0,0,0,0,0,0,0,0,0,0,0,0,0,0,0,0,0,0,0,0,0,0,0,0,0,0.56542,0.002846,0.000948665,0.002846,0.000948665,0.002846,0.000948665,0.002846,0.000948665
119,10563.3,1.02413,0.50924,0.82995,0,0,0,0,0,0,0.15827,0.00278,0.00034,0,0,0,0,0,0,0,0,0,0,0,0,0,0,0.56919,0.17548,0,0,0.46675,0.06176,0.41403,0.46746,0.86746,0.78949,0.83842,0.56566,1.13309,0.52029,0.84623,0,0,0,0,0,0,0,0,0,0,0,0,0,0,0,0,0,0,0,0,0,0,0,0,0,0,0,0,0,0,0,0.56566,0.0028434,0.0009478,0.0028434,0.0009478,0.0028434,0.0009478,0.0028434,0.0009478
120,10652,1.03076,0.51003,0.82995,0,0,0,0,0,0,0.15671,0.00274,0.00035,1e-05,0,0,0,0,0,0,0,0,0,0,0,0,0,0.56895,0.17723,0,0,0.46679,0.0617,0.41342,0.46749,0.86685,0.78926,0.83829,0.56535,1.13315,0.52048,0.84629,0,0,0,0,0,0,0,0,0,0,0,0,0,0,0,0,0,0,0,0,0,0,0,0,0,0,0,0,0,0,0,0.56535,0.00284078,0.000946927,0.00284078,0.000946927,0.00284078,0.000946927,0.00284078,0.000946927
121,10739.3,1.03489,0.5115,0.83067,0,0,0,0,0,0,0.16348,0.00277,0.00033,0,0,0,0,0,0,0,0,0,0,0,0,0,0,0.57084,0.17546,0,0,0.46676,0.06175,0.41416,0.46745,0.86709,0.78968,0.83879,0.56525,1.13273,0.52013,0.84619,0,0,0,0,0,0,0,0,0,0,0,0,0,0,0,0,0,0,0,0,0,0,0,0,0,0,0,0,0,0,0,0.56525,0.00283814,0.000946048,0.00283814,0.000946048,0.00283814,0.000946048,0.00283814,0.000946048
122,10828,1.02457,0.50829,0.83197,0,0,0,0,0,0,0.1599,0.00276,0.00038,0,0,0,0,0,0,0,0,0,0,0,0,0,0,0.57466,0.17566,0,0,0.46676,0.06172,0.4132,0.46747,0.8635,0.78996,0.83814,0.56533,1.1324,0.52025,0.84618,0,0,0,0,0,0,0,0,0,0,0,0,0,0,0,0,0,0,0,0,0,0,0,0,0,0,0,0,0,0,0,0.56533,0.00283549,0.000945162,0.00283549,0.000945162,0.00283549,0.000945162,0.00283549,0.000945162
123,10916.6,1.03097,0.50923,0.83049,0,0,0,0,0,0,0.15998,0.00273,0.00035,0,0,0,0,0,0,0,0,0,0,0,0,0,0,0.57613,0.17965,0,0,0.46675,0.06172,0.4136,0.46746,0.86338,0.79061,0.83871,0.56518,1.13221,0.52013,0.84616,0,0,0,0,0,0,0,0,0,0,0,0,0,0,0,0,0,0,0,0,0,0,0,0,0,0,0,0,0,0,0,0.56518,0.00283281,0.00094427,0.00283281,0.00094427,0.00283281,0.00094427,0.00283281,0.00094427
124,11005.4,1.03521,0.5107,0.83052,0,0,0,0,0,0,0.15921,0.00275,0.00031,0,0,0,0,0,0,0,0,0,0,0,0,0,0,0.57403,0.17444,0,0,0.46681,0.06172,0.4137,0.46751,0.8634,0.79021,0.83846,0.56548,1.13192,0.51985,0.84614,0,0,0,0,0,0,0,0,0,0,0,0,0,0,0,0,0,0,0,0,0,0,0,0,0,0,0,0,0,0,0,0.56548,0.00283011,0.00094337,0.00283011,0.00094337,0.00283011,0.00094337,0.00283011,0.00094337
125,11094.2,1.03207,0.50846,0.83034,0,0,0,0,0,0,0.15785,0.00274,0.00034,2e-05,0,0,0,0,0,0,0,0,0,0,0,0,0,0.55457,0.17608,0,0,0.46675,0.06176,0.41364,0.46745,0.8619,0.79162,0.83818,0.56565,1.13211,0.51992,0.84609,0,0,0,0,0,0,0,0,0,0,0,0,0,0,0,0,0,0,0,0,0,0,0,0,0,0,0,0,0,0,0,0.56565,0.00282739,0.000942464,0.00282739,0.000942464,0.00282739,0.000942464,0.00282739,0.000942464
126,11182.9,1.02979,0.50935,0.83315,0,0,0,0,0,0,0.15875,0.00274,0.00032,0,0,0,0,0,0,0,0,0,0,0,0,0,0,0.55729,0.17406,0,0,0.46669,0.06171,0.41419,0.4674,0.86219,0.79232,0.83833,0.56554,1.13194,0.5202,0.84608,0,0,0,0,0,0,0,0,0,0,0,0,0,0,0,0,0,0,0,0,0,0,0,0,0,0,0,0,0,0,0,0.56554,0.00282465,0.000941551,0.00282465,0.000941551,0.00282465,0.000941551,0.00282465,0.000941551
127,11271.4,1.02842,0.51073,0.83122,0,0,0,0,0,0,0.15456,0.00269,0.0003,0,0,0,0,0,0,0,0,0,0,0,0,0,0,0.57284,0.17442,0,0,0.46676,0.06171,0.41414,0.46745,0.86261,0.79281,0.83901,0.56571,1.13205,0.52039,0.84615,0,0,0,0,0,0,0,0,0,0,0,0,0,0,0,0,0,0,0,0,0,0,0,0,0,0,0,0,0,0,0,0.56571,0.00282189,0.000940631,0.00282189,0.000940631,0.00282189,0.000940631,0.00282189,0.000940631
128,11360.2,1.03222,0.50835,0.83136,0,0,0,0,0,0,0.16311,0.00271,0.00039,1e-05,0,0,0,0,0,0,0,0,0,0,0,0,0,0.56149,0.1746,0,0,0.46683,0.06176,0.41348,0.46753,0.8619,0.79206,0.83857,0.56626,1.13182,0.52025,0.84615,0,0,0,0,0,0,0,0,0,0,0,0,0,0,0,0,0,0,0,0,0,0,0,0,0,0,0,0,0,0,0,0.56626,0.00281911,0.000939705,0.00281911,0.000939705,0.00281911,0.000939705,0.00281911,0.000939705
129,11449.1,1.02909,0.50843,0.83188,0,0,0,0,0,0,0.15693,0.00273,0.00037,0,0,0,0,0,0,0,0,0,0,0,0,0,0,0.56253,0.17451,0,0,0.46668,0.06168,0.41351,0.46739,0.86245,0.79093,0.83773,0.5663,1.13166,0.52023,0.84614,0,0,0,0,0,0,0,0,0,0,0,0,0,0,0,0,0,0,0,0,0,0,0,0,0,0,0,0,0,0,0,0.5663,0.00281632,0.000938772,0.00281632,0.000938772,0.00281632,0.000938772,0.00281632,0.000938772
130,11536.3,1.02708,0.50733,0.83045,0,0,0,0,0,0,0.15734,0.00269,0.00032,1e-05,0,0,0,0,0,0,0,0,0,0,0,0,0,0.54883,0.17548,0,0,0.46673,0.06173,0.41295,0.46743,0.86223,0.79305,0.83869,0.56658,1.13114,0.5199,0.84604,0,0,0,0,0,0,0,0,0,0,0,0,0,0,0,0,0,0,0,0,0,0,0,0,0,0,0,0,0,0,0,0.56658,0.0028135,0.000937832,0.0028135,0.000937832,0.0028135,0.000937832,0.0028135,0.000937832
131,11625.1,1.02263,0.50735,0.83216,0,0,0,0,0,0,0.15942,0.00271,0.00033,7e-05,0,0,0,0,0,0,0,0,0,0,0,0,0,0.58024,0.17421,0,0,0.46669,0.06167,0.41373,0.46741,0.86072,0.79334,0.83862,0.56647,1.13081,0.52,0.84601,0,0,0,0,0,0,0,0,0,0,0,0,0,0,0,0,0,0,0,0,0,0,0,0,0,0,0,0,0,0,0,0.56647,0.00281066,0.000936886,0.00281066,0.000936886,0.00281066,0.000936886,0.00281066,0.000936886
132,11713.6,1.02857,0.50804,0.8294,0,0,0,0,0,0,0.15469,0.0027,0.00031,0,0,0,0,0,0,0,0,0,0,0,0,0,0,0.56493,0.17076,0,0,0.46681,0.06172,0.41437,0.46748,0.86044,0.7932,0.83785,0.56622,1.13061,0.51991,0.84597,0,0,0,0,0,0,0,0,0,0,0,0,0,0,0,0,0,0,0,0,0,0,0,0,0,0,0,0,0,0,0,0.56622,0.0028078,0.000935932,0.0028078,0.000935932,0.0028078,0.000935932,0.0028078,0.000935932
133,11802.1,1.02321,0.50524,0.83074,0,0,0,0,0,0,0.15891,0.00272,0.00038,0,0,0,0,0,0,0,0,0,0,0,0,0,0,0.55644,0.17098,0,0,0.46678,0.06173,0.41341,0.46748,0.8615,0.79392,0.83901,0.56629,1.1306,0.51987,0.84594,0,0,0,0,0,0,0,0,0,0,0,0,0,0,0,0,0,0,0,0,0,0,0,0,0,0,0,0,0,0,0,0.56629,0.00280492,0.000934973,0.00280492,0.000934973,0.00280492,0.000934973,0.00280492,0.000934973
134,11890.7,1.02876,0.50869,0.83095,0,0,0,0,0,0,0.15733,0.00268,0.00029,0,0,0,0,0,0,0,0,0,0,0,0,0,0,0.56157,0.17035,0,0,0.46684,0.06176,0.41362,0.4675,0.86191,0.79325,0.83872,0.56621,1.13052,0.51968,0.84596,0,0,0,0,0,0,0,0,0,0,0,0,0,0,0,0,0,0,0,0,0,0,0,0,0,0,0,0,0,0,0,0.56621,0.00280202,0.000934006,0.00280202,0.000934006,0.00280202,0.000934006,0.00280202,0.000934006
135,11979.8,1.0305,0.50832,0.83058,0,0,0,0,0,0,0.15244,0.00268,0.00034,0,0,0,0,0,0,0,0,0,0,0,0,0,0,0.56277,0.17142,0,0,0.46684,0.06186,0.4135,0.46754,0.86272,0.79424,0.83886,0.56642,1.12971,0.51947,0.84593,0,0,0,0,0,0,0,0,0,0,0,0,0,0,0,0,0,0,0,0,0,0,0,0,0,0,0,0,0,0,0,0.56642,0.0027991,0.000933033,0.0027991,0.000933033,0.0027991,0.000933033,0.0027991,0.000933033
136,12068.9,1.02904,0.50916,0.82849,0,0,0,0,0,0,0.15373,0.00269,0.0003,0,0,0,0,0,0,0,0,0,0,0,0,0,0,0.56206,0.17039,0,0,0.46667,0.06171,0.41294,0.46733,0.86329,0.79498,0.83871,0.5665,1.12977,0.51961,0.84584,0,0,0,0,0,0,0,0,0,0,0,0,0,0,0,0,0,0,0,0,0,0,0,0,0,0,0,0,0,0,0,0.5665,0.00279616,0.000932054,0.00279616,0.000932054,0.00279616,0.000932054,0.00279616,0.000932054
137,12157.5,1.03007,0.50849,0.83084,0,0,0,0,0,0,0.15489,0.00269,0.00038,1e-05,0,0,0,0,0,0,0,0,0,0,0,0,0,0.56534,0.1718,0,0,0.4667,0.06176,0.41398,0.46741,0.85996,0.79722,0.83921,0.56658,1.12881,0.51948,0.84583,0,0,0,0,0,0,0,0,0,0,0,0,0,0,0,0,0,0,0,0,0,0,0,0,0,0,0,0,0,0,0,0.56658,0.0027932,0.000931067,0.0027932,0.000931067,0.0027932,0.000931067,0.0027932,0.000931067
138,12246.3,1.03185,0.51032,0.83228,0,0,0,0,0,0,0.15399,0.00266,0.00031,1e-05,0,0,0,0,0,0,0,0,0,0,0,0,0,0.55905,0.17285,0,0,0.46677,0.06164,0.41359,0.46747,0.86095,0.79596,0.83912,0.5669,1.12838,0.51968,0.84578,0,0,0,0,0,0,0,0,0,0,0,0,0,0,0,0,0,0,0,0,0,0,0,0,0,0,0,0,0,0,0,0.5669,0.00279022,0.000930075,0.00279022,0.000930075,0.00279022,0.000930075,0.00279022,0.000930075
139,12334.1,1.03167,0.50577,0.83085,0,0,0,0,0,0,0.1555,0.00266,0.00039,0,0,0,0,0,0,0,0,0,0,0,0,0,0,0.55331,0.17101,0,0,0.46685,0.06181,0.41389,0.46755,0.86269,0.79715,0.83985,0.56711,1.12812,0.51957,0.84572,0,0,0,0,0,0,0,0,0,0,0,0,0,0,0,0,0,0,0,0,0,0,0,0,0,0,0,0,0,0,0,0.56711,0.00278723,0.000929075,0.00278723,0.000929075,0.00278723,0.000929075,0.00278723,0.000929075
140,12423,1.02485,0.50823,0.83185,0,0,0,0,0,0,0.15338,0.00265,0.00033,1e-05,0,0,0,0,0,0,0,0,0,0,0,0,0,0.54682,0.17113,0,0,0.46681,0.06179,0.41396,0.46751,0.86141,0.79696,0.83946,0.56719,1.12799,0.51969,0.84574,0,0,0,0,0,0,0,0,0,0,0,0,0,0,0,0,0,0,0,0,0,0,0,0,0,0,0,0,0,0,0,0.56719,0.00278421,0.000928069,0.00278421,0.000928069,0.00278421,0.000928069,0.00278421,0.000928069
141,12512.3,1.02602,0.50763,0.83084,0,0,0,0,0,0,0.15794,0.00264,0.0003,4e-05,0,0,0,0,0,0,0,0,0,0,0,0,0,0.5503,0.16923,0,0,0.46674,0.0617,0.41405,0.46744,0.8626,0.79728,0.83974,0.56705,1.12777,0.51977,0.84577,0,0,0,0,0,0,0,0,0,0,0,0,0,0,0,0,0,0,0,0,0,0,0,0,0,0,0,0,0,0,0,0.56705,0.00278117,0.000927057,0.00278117,0.000927057,0.00278117,0.000927057,0.00278117,0.000927057
142,12601.4,1.02108,0.50693,0.83104,0,0,0,0,0,0,0.15312,0.00265,0.00029,4e-05,0,0,0,0,0,0,0,0,0,0,0,0,0,0.55969,0.1695,0,0,0.46676,0.0617,0.41354,0.46746,0.86193,0.79722,0.83945,0.56751,1.12702,0.51978,0.84572,0,0,0,0,0,0,0,0,0,0,0,0,0,0,0,0,0,0,0,0,0,0,0,0,0,0,0,0,0,0,0,0.56751,0.00277811,0.000926038,0.00277811,0.000926038,0.00277811,0.000926038,0.00277811,0.000926038
143,12690.4,1.02441,0.50526,0.83266,0,0,0,0,0,0,0.15488,0.00267,0.0003,2e-05,0,0,0,0,0,0,0,0,0,0,0,0,0,0.57066,0.17145,0,0,0.46674,0.06177,0.41322,0.46744,0.8628,0.7966,0.83963,0.56746,1.12654,0.51942,0.84574,0,0,0,0,0,0,0,0,0,0,0,0,0,0,0,0,0,0,0,0,0,0,0,0,0,0,0,0,0,0,0,0.56746,0.00277504,0.000925013,0.00277504,0.000925013,0.00277504,0.000925013,0.00277504,0.000925013
144,12779.2,1.02284,0.50662,0.83063,0,0,0,0,0,0,0.15746,0.00261,0.00032,0,0,0,0,0,0,0,0,0,0,0,0,0,0,0.56094,0.17393,0,0,0.46669,0.06176,0.41304,0.4674,0.86241,0.79707,0.84019,0.56753,1.12632,0.51881,0.84569,0,0,0,0,0,0,0,0,0,0,0,0,0,0,0,0,0,0,0,0,0,0,0,0,0,0,0,0,0,0,0,0.56753,0.00277194,0.000923981,0.00277194,0.000923981,0.00277194,0.000923981,0.00277194,0.000923981
145,12868.5,1.02093,0.50589,0.82986,0,0,0,0,0,0,0.1518,0.00262,0.00037,0,0,0,0,0,0,0,0,0,0,0,0,0,0,0.56752,0.17241,0,0,0.4667,0.06162,0.41315,0.4674,0.86179,0.7971,0.84,0.56761,1.12586,0.51879,0.8456,0,0,0,0,0,0,0,0,0,0,0,0,0,0,0,0,0,0,0,0,0,0,0,0,0,0,0,0,0,0,0,0.56761,0.00276883,0.000922942,0.00276883,0.000922942,0.00276883,0.000922942,0.00276883,0.000922942
146,12957.2,1.03122,0.51152,0.82867,0,0,0,0,0,0,0.15368,0.00263,0.00029,1e-05,0,0,0,0,0,0,0,0,0,0,0,0,0,0.55228,0.17075,0,0,0.46683,0.06175,0.4139,0.46753,0.86145,0.79753,0.84021,0.56734,1.12607,0.51843,0.84566,0,0,0,0,0,0,0,0,0,0,0,0,0,0,0,0,0,0,0,0,0,0,0,0,0,0,0,0,0,0,0,0.56734,0.00276569,0.000921898,0.00276569,0.000921898,0.00276569,0.000921898,0.00276569,0.000921898
147,13046,1.02578,0.5072,0.82843,0,0,0,0,0,0,0.15995,0.00262,0.00033,0,0,0,0,0,0,0,0,0,0,0,0,0,0,0.55753,0.16806,0,0,0.46684,0.06175,0.41399,0.46754,0.86115,0.7974,0.84029,0.56756,1.12578,0.51843,0.84558,0,0,0,0,0,0,0,0,0,0,0,0,0,0,0,0,0,0,0,0,0,0,0,0,0,0,0,0,0,0,0,0.56756,0.00276254,0.000920846,0.00276254,0.000920846,0.00276254,0.000920846,0.00276254,0.000920846
148,13134.8,1.02015,0.50526,0.8295,0,0,0,0,0,0,0.15512,0.0026,0.00032,0,0,0,0,0,0,0,0,0,0,0,0,0,0,0.54457,0.16987,0,0,0.46678,0.06175,0.41444,0.46747,0.86179,0.79701,0.84066,0.56747,1.12605,0.51856,0.84568,0,0,0,0,0,0,0,0,0,0,0,0,0,0,0,0,0,0,0,0,0,0,0,0,0,0,0,0,0,0,0,0.56747,0.00275937,0.000919789,0.00275937,0.000919789,0.00275937,0.000919789,0.00275937,0.000919789
149,13223.5,1.02068,0.50577,0.82995,0,0,0,0,0,0,0.15112,0.0026,0.00029,1e-05,0,0,0,0,0,0,0,0,0,0,0,0,0,0.5429,0.17078,0,0,0.46676,0.06173,0.41418,0.46746,0.86198,0.79686,0.84071,0.56741,1.1262,0.51849,0.84568,0,0,0,0,0,0,0,0,0,0,0,0,0,0,0,0,0,0,0,0,0,0,0,0,0,0,0,0,0,0,0,0.56741,0.00275617,0.000918725,0.00275617,0.000918725,0.00275617,0.000918725,0.00275617,0.000918725
150,13312.2,1.02822,0.50732,0.83264,0,0,0,0,0,0,0.15487,0.00259,0.0003,3e-05,0,0,0,0,0,0,0,0,0,0,0,0,0,0.56711,0.17871,0,0,0.46672,0.06171,0.41296,0.46743,0.86261,0.79677,0.84105,0.56737,1.12608,0.51824,0.84564,0,0,0,0,0,0,0,0,0,0,0,0,0,0,0,0,0,0,0,0,0,0,0,0,0,0,0,0,0,0,0,0.56737,0.00275296,0.000917654,0.00275296,0.000917654,0.00275296,0.000917654,0.00275296,0.000917654
151,13401.2,1.02388,0.50503,0.83008,0,0,0,0,0,0,0.15313,0.00258,0.00031,0,0,0,0,0,0,0,0,0,0,0,0,0,0,0.58961,0.16859,0,0,0.46672,0.06179,0.41395,0.46742,0.86096,0.79631,0.84077,0.56739,1.1254,0.51786,0.84555,0,0,0,0,0,0,0,0,0,0,0,0,0,0,0,0,0,0,0,0,0,0,0,0,0,0,0,0,0,0,0,0.56739,0.00274973,0.000916577,0.00274973,0.000916577,0.00274973,0.000916577,0.00274973,0.000916577
152,13489.9,1.02748,0.50734,0.8305,0,0,0,0,0,0,0.14991,0.00258,0.00029,1e-05,0,0,0,0,0,0,0,0,0,0,0,0,0,0.57525,0.17041,0,0,0.46682,0.0618,0.41401,0.46747,0.86165,0.79612,0.84031,0.5674,1.12574,0.51767,0.84557,0,0,0,0,0,0,0,0,0,0,0,0,0,0,0,0,0,0,0,0,0,0,0,0,0,0,0,0,0,0,0,0.5674,0.00274648,0.000915494,0.00274648,0.000915494,0.00274648,0.000915494,0.00274648,0.000915494
153,13578.8,1.02523,0.50598,0.82884,0,0,0,0,0,0,0.15018,0.00255,0.00029,0,0,0,0,0,0,0,0,0,0,0,0,0,0,0.57189,0.17126,0,0,0.46682,0.06188,0.41376,0.46752,0.86136,0.79576,0.84003,0.56747,1.12515,0.51746,0.8456,0,0,0,0,0,0,0,0,0,0,0,0,0,0,0,0,0,0,0,0,0,0,0,0,0,0,0,0,0,0,0,0.56747,0.00274321,0.000914405,0.00274321,0.000914405,0.00274321,0.000914405,0.00274321,0.000914405
154,13667.4,1.02479,0.50631,0.82976,0,0,0,0,0,0,0.15229,0.00256,0.00031,4e-05,0,0,0,0,0,0,0,0,0,0,0,0,0,0.57269,0.1706,0,0,0.46681,0.06175,0.41427,0.46751,0.8609,0.79589,0.84016,0.56754,1.12503,0.51746,0.84562,0,0,0,0,0,0,0,0,0,0,0,0,0,0,0,0,0,0,0,0,0,0,0,0,0,0,0,0,0,0,0,0.56754,0.00273993,0.000913309,0.00273993,0.000913309,0.00273993,0.000913309,0.00273993,0.000913309
155,13756.6,1.02148,0.50356,0.82971,0,0,0,0,0,0,0.15482,0.00255,0.00026,0,0,0,0,0,0,0,0,0,0,0,0,0,0,0.56181,0.16943,0,0,0.46676,0.0617,0.41343,0.46746,0.86104,0.79662,0.84057,0.56776,1.12404,0.51694,0.84551,0,0,0,0,0,0,0,0,0,0,0,0,0,0,0,0,0,0,0,0,0,0,0,0,0,0,0,0,0,0,0,0.56776,0.00273662,0.000912207,0.00273662,0.000912207,0.00273662,0.000912207,0.00273662,0.000912207
156,13844.3,1.02625,0.5086,0.82949,0,0,0,0,0,0,0.15334,0.00259,0.0003,0,0,0,0,0,0,0,0,0,0,0,0,0,0,0.5605,0.16949,0,0,0.46672,0.06174,0.41339,0.46743,0.8601,0.79631,0.84058,0.56813,1.12317,0.51674,0.84544,0,0,0,0,0,0,0,0,0,0,0,0,0,0,0,0,0,0,0,0,0,0,0,0,0,0,0,0,0,0,0,0.56813,0.0027333,0.000911099,0.0027333,0.000911099,0.0027333,0.000911099,0.0027333,0.000911099
157,13932.9,1.02591,0.50593,0.83036,0,0,0,0,0,0,0.15408,0.00258,0.00036,0,0,0,0,0,0,0,0,0,0,0,0,0,0,0.57003,0.17218,0,0,0.46678,0.06181,0.41265,0.46748,0.8615,0.7966,0.84069,0.56841,1.12218,0.51613,0.84532,0,0,0,0,0,0,0,0,0,0,0,0,0,0,0,0,0,0,0,0,0,0,0,0,0,0,0,0,0,0,0,0.56841,0.00272995,0.000909984,0.00272995,0.000909984,0.00272995,0.000909984,0.00272995,0.000909984
158,14021.6,1.02139,0.50411,0.83104,0,0,0,0,0,0,0.15101,0.00255,0.00028,6e-05,0,0,0,0,0,0,0,0,0,0,0,0,0,0.59028,0.17107,0,0,0.46676,0.06183,0.41347,0.46742,0.86013,0.79847,0.8412,0.56895,1.12195,0.51602,0.8453,0,0,0,0,0,0,0,0,0,0,0,0,0,0,0,0,0,0,0,0,0,0,0,0,0,0,0,0,0,0,0,0.56895,0.00272659,0.000908863,0.00272659,0.000908863,0.00272659,0.000908863,0.00272659,0.000908863
159,14110.5,1.0173,0.50452,0.82922,0,0,0,0,0,0,0.15439,0.00255,0.00036,0,0,0,0,0,0,0,0,0,0,0,0,0,0,0.59167,0.17043,0,0,0.46674,0.06179,0.41398,0.46744,0.85794,0.80003,0.84102,0.56854,1.12211,0.51577,0.8454,0,0,0,0,0,0,0,0,0,0,0,0,0,0,0,0,0,0,0,0,0,0,0,0,0,0,0,0,0,0,0,0.56854,0.00272321,0.000907736,0.00272321,0.000907736,0.00272321,0.000907736,0.00272321,0.000907736
160,14199.8,1.02642,0.50756,0.82915,0,0,0,0,0,0,0.15223,0.00251,0.0003,1e-05,0,0,0,0,0,0,0,0,0,0,0,0,0,0.58175,0.16775,0,0,0.46686,0.06181,0.41361,0.46756,0.85945,0.79925,0.84142,0.56873,1.1212,0.51589,0.84529,0,0,0,0,0,0,0,0,0,0,0,0,0,0,0,0,0,0,0,0,0,0,0,0,0,0,0,0,0,0,0,0.56873,0.00271981,0.000906603,0.00271981,0.000906603,0.00271981,0.000906603,0.00271981,0.000906603
161,14288.5,1.02132,0.50621,0.83007,0,0,0,0,0,0,0.15491,0.0025,0.00035,1e-05,0,0,0,0,0,0,0,0,0,0,0,0,0,0.58074,0.1645,0,0,0.46682,0.06187,0.41326,0.46752,0.85934,0.79951,0.84139,0.56836,1.1213,0.51573,0.84538,0,0,0,0,0,0,0,0,0,0,0,0,0,0,0,0,0,0,0,0,0,0,0,0,0,0,0,0,0,0,0,0.56836,0.00271639,0.000905463,0.00271639,0.000905463,0.00271639,0.000905463,0.00271639,0.000905463
162,14376.9,1.02378,0.50711,0.82998,0,0,0,0,0,0,0.15141,0.00252,0.00036,1e-05,0,0,0,0,0,0,0,0,0,0,0,0,0,0.59144,0.16976,0,0,0.46681,0.06177,0.41472,0.46751,0.85798,0.79969,0.84096,0.56893,1.12053,0.51594,0.8452,0,0,0,0,0,0,0,0,0,0,0,0,0,0,0,0,0,0,0,0,0,0,0,0,0,0,0,0,0,0,0,0.56893,0.00271295,0.000904318,0.00271295,0.000904318,0.00271295,0.000904318,0.00271295,0.000904318
163,14465.8,1.02026,0.50394,0.83074,0,0,0,0,0,0,0.15064,0.00252,0.0003,0,0,0,0,0,0,0,0,0,0,0,0,0,0,0.59089,0.16998,0,0,0.46683,0.06173,0.41374,0.46753,0.85896,0.79915,0.84081,0.56877,1.12024,0.51577,0.84513,0,0,0,0,0,0,0,0,0,0,0,0,0,0,0,0,0,0,0,0,0,0,0,0,0,0,0,0,0,0,0,0.56877,0.0027095,0.000903166,0.0027095,0.000903166,0.0027095,0.000903166,0.0027095,0.000903166
164,14554.7,1.01732,0.50441,0.83166,0,0,0,0,0,0,0.15497,0.00256,0.00029,1e-05,0,0,0,0,0,0,0,0,0,0,0,0,0,0.57474,0.16975,0,0,0.46667,0.0617,0.41349,0.46738,0.8585,0.80027,0.84101,0.5689,1.1195,0.51542,0.84509,0,0,0,0,0,0,0,0,0,0,0,0,0,0,0,0,0,0,0,0,0,0,0,0,0,0,0,0,0,0,0,0.5689,0.00270602,0.000902008,0.00270602,0.000902008,0.00270602,0.000902008,0.00270602,0.000902008
165,14643.6,1.02175,0.50596,0.82871,0,0,0,0,0,0,0.15104,0.00255,0.00031,0,0,0,0,0,0,0,0,0,0,0,0,0,0,0.5736,0.16939,0,0,0.46678,0.06174,0.41339,0.46748,0.86037,0.7991,0.84111,0.56898,1.11987,0.51555,0.84509,0,0,0,0,0,0,0,0,0,0,0,0,0,0,0,0,0,0,0,0,0,0,0,0,0,0,0,0,0,0,0,0.56898,0.00270253,0.000900844,0.00270253,0.000900844,0.00270253,0.000900844,0.00270253,0.000900844
166,14731.4,1.02189,0.5059,0.83059,0,0,0,0,0,0,0.15178,0.00253,0.00031,0,0,0,0,0,0,0,0,0,0,0,0,0,0,0.58957,0.17162,0,0,0.46685,0.06183,0.41307,0.46755,0.8599,0.7989,0.8409,0.56897,1.11981,0.51565,0.84513,0,0,0,0,0,0,0,0,0,0,0,0,0,0,0,0,0,0,0,0,0,0,0,0,0,0,0,0,0,0,0,0.56897,0.00269902,0.000899674,0.00269902,0.000899674,0.00269902,0.000899674,0.00269902,0.000899674
167,14820,1.01962,0.50533,0.82937,0,0,0,0,0,0,0.15429,0.00251,0.0003,1e-05,0,0,0,0,0,0,0,0,0,0,0,0,0,0.56637,0.1692,0,0,0.46677,0.06179,0.41352,0.46747,0.85914,0.79965,0.84144,0.56907,1.12005,0.51544,0.84517,0,0,0,0,0,0,0,0,0,0,0,0,0,0,0,0,0,0,0,0,0,0,0,0,0,0,0,0,0,0,0,0.56907,0.00269549,0.000898497,0.00269549,0.000898497,0.00269549,0.000898497,0.00269549,0.000898497
168,14908.9,1.02138,0.50585,0.82936,0,0,0,0,0,0,0.15417,0.0025,0.00029,0,0,0,0,0,0,0,0,0,0,0,0,0,0,0.55965,0.16715,0,0,0.4667,0.06173,0.4143,0.4674,0.8587,0.79899,0.84139,0.56875,1.12042,0.5157,0.84522,0,0,0,0,0,0,0,0,0,0,0,0,0,0,0,0,0,0,0,0,0,0,0,0,0,0,0,0,0,0,0,0.56875,0.00269195,0.000897315,0.00269195,0.000897315,0.00269195,0.000897315,0.00269195,0.000897315
169,14997.6,1.02354,0.50555,0.82868,0,0,0,0,0,0,0.15065,0.00247,0.00036,0,0,0,0,0,0,0,0,0,0,0,0,0,0,0.55486,0.16391,0,0,0.46678,0.06164,0.41357,0.46747,0.85986,0.79862,0.84134,0.56904,1.12065,0.51547,0.8452,0,0,0,0,0,0,0,0,0,0,0,0,0,0,0,0,0,0,0,0,0,0,0,0,0,0,0,0,0,0,0,0.56904,0.00268838,0.000896127,0.00268838,0.000896127,0.00268838,0.000896127,0.00268838,0.000896127
170,15086.3,1.02139,0.5047,0.83018,0,0,0,0,0,0,0.14969,0.00249,0.00035,2e-05,0,0,0,0,0,0,0,0,0,0,0,0,0,0.55977,0.16411,0,0,0.46672,0.06173,0.41368,0.46743,0.85532,0.80097,0.8412,0.56923,1.1194,0.51517,0.84506,0,0,0,0,0,0,0,0,0,0,0,0,0,0,0,0,0,0,0,0,0,0,0,0,0,0,0,0,0,0,0,0.56923,0.0026848,0.000894932,0.0026848,0.000894932,0.0026848,0.000894932,0.0026848,0.000894932
171,15175.3,1.02343,0.50719,0.82768,0,0,0,0,0,0,0.15448,0.0025,0.00029,1e-05,0,0,0,0,0,0,0,0,0,0,0,0,0,0.57491,0.16933,0,0,0.46673,0.0618,0.41371,0.46743,0.85784,0.79997,0.84185,0.56954,1.11959,0.5153,0.84509,0,0,0,0,0,0,0,0,0,0,0,0,0,0,0,0,0,0,0,0,0,0,0,0,0,0,0,0,0,0,0,0.56954,0.0026812,0.000893732,0.0026812,0.000893732,0.0026812,0.000893732,0.0026812,0.000893732
172,15263.6,1.02008,0.50546,0.82909,0,0,0,0,0,0,0.14712,0.00248,0.00028,0,0,0,0,0,0,0,0,0,0,0,0,0,0,0.57365,0.16306,0,0,0.46679,0.06174,0.41411,0.46749,0.85693,0.80053,0.8419,0.56935,1.11956,0.51514,0.84501,0,0,0,0,0,0,0,0,0,0,0,0,0,0,0,0,0,0,0,0,0,0,0,0,0,0,0,0,0,0,0,0.56935,0.00267758,0.000892525,0.00267758,0.000892525,0.00267758,0.000892525,0.00267758,0.000892525
173,15352.2,1.01314,0.50231,0.82907,0,0,0,0,0,0,0.14978,0.00248,0.00034,0,0,0,0,0,0,0,0,0,0,0,0,0,0,0.55853,0.16181,0,0,0.46679,0.06175,0.41306,0.46748,0.85928,0.79957,0.8424,0.56955,1.11889,0.51519,0.84495,0,0,0,0,0,0,0,0,0,0,0,0,0,0,0,0,0,0,0,0,0,0,0,0,0,0,0,0,0,0,0,0.56955,0.00267394,0.000891313,0.00267394,0.000891313,0.00267394,0.000891313,0.00267394,0.000891313
174,15440,1.01484,0.4995,0.82964,0,0,0,0,0,0,0.15175,0.00249,0.00027,1e-05,0,0,0,0,0,0,0,0,0,0,0,0,0,0.5744,0.16426,0,0,0.46676,0.06173,0.41452,0.46745,0.85953,0.79824,0.84223,0.56945,1.11903,0.51535,0.84499,0,0,0,0,0,0,0,0,0,0,0,0,0,0,0,0,0,0,0,0,0,0,0,0,0,0,0,0,0,0,0,0.56945,0.00267028,0.000890095,0.00267028,0.000890095,0.00267028,0.000890095,0.00267028,0.000890095
175,15528.4,1.01321,0.50324,0.82707,0,0,0,0,0,0,0.14847,0.00248,0.00029,0,0,0,0,0,0,0,0,0,0,0,0,0,0,0.57823,0.16438,0,0,0.46671,0.06165,0.41405,0.46741,0.85799,0.79894,0.84246,0.56989,1.11826,0.51517,0.84495,0,0,0,0,0,0,0,0,0,0,0,0,0,0,0,0,0,0,0,0,0,0,0,0,0,0,0,0,0,0,0,0.56989,0.00266661,0.00088887,0.00266661,0.00088887,0.00266661,0.00088887,0.00266661,0.00088887
176,15617.1,1.02385,0.50532,0.83201,0,0,0,0,0,0,0.15076,0.00246,0.00029,0,0,0,0,0,0,0,0,0,0,0,0,0,0,0.57987,0.16374,0,0,0.46671,0.06177,0.41358,0.46742,0.85847,0.79864,0.84256,0.57002,1.1177,0.5148,0.84488,0,0,0,0,0,0,0,0,0,0,0,0,0,0,0,0,0,0,0,0,0,0,0,0,0,0,0,0,0,0,0,0.57002,0.00266292,0.00088764,0.00266292,0.00088764,0.00266292,0.00088764,0.00266292,0.00088764
177,15705.8,1.01445,0.50295,0.83003,0,0,0,0,0,0,0.15003,0.00248,0.0003,2e-05,0,0,0,0,0,0,0,0,0,0,0,0,0,0.57554,0.166,0,0,0.46671,0.06174,0.41439,0.46742,0.8602,0.7985,0.84294,0.57047,1.11795,0.51487,0.84493,0,0,0,0,0,0,0,0,0,0,0,0,0,0,0,0,0,0,0,0,0,0,0,0,0,0,0,0,0,0,0,0.57047,0.00265921,0.000886404,0.00265921,0.000886404,0.00265921,0.000886404,0.00265921,0.000886404
178,15795.1,1.01964,0.50427,0.82842,0,0,0,0,0,0,0.14909,0.00242,0.00028,0,0,0,0,0,0,0,0,0,0,0,0,0,0,0.57157,0.16353,0,0,0.46687,0.06178,0.41448,0.46756,0.85912,0.79857,0.84262,0.57039,1.11778,0.5147,0.84492,0,0,0,0,0,0,0,0,0,0,0,0,0,0,0,0,0,0,0,0,0,0,0,0,0,0,0,0,0,0,0,0.57039,0.00265549,0.000885162,0.00265549,0.000885162,0.00265549,0.000885162,0.00265549,0.000885162
179,15883.8,1.01469,0.50342,0.82945,0,0,0,0,0,0,0.14863,0.00243,0.00032,0,0,0,0,0,0,0,0,0,0,0,0,0,0,0.57808,0.16524,0,0,0.46671,0.06175,0.41346,0.46741,0.85962,0.79922,0.84298,0.57059,1.11768,0.51469,0.8449,0,0,0,0,0,0,0,0,0,0,0,0,0,0,0,0,0,0,0,0,0,0,0,0,0,0,0,0,0,0,0,0.57059,0.00265174,0.000883914,0.00265174,0.000883914,0.00265174,0.000883914,0.00265174,0.000883914
180,15972.7,1.02401,0.50541,0.83026,0,0,0,0,0,0,0.14966,0.00247,0.00027,0,0,0,0,0,0,0,0,0,0,0,0,0,0,0.57352,0.16478,0,0,0.46668,0.06176,0.41429,0.46738,0.86076,0.80004,0.84388,0.57085,1.11701,0.51454,0.84497,0,0,0,0,0,0,0,0,0,0,0,0,0,0,0,0,0,0,0,0,0,0,0,0,0,0,0,0,0,0,0,0.57085,0.00264798,0.00088266,0.00264798,0.00088266,0.00264798,0.00088266,0.00264798,0.00088266
181,16061,1.02013,0.50528,0.83066,0,0,0,0,0,0,0.14908,0.00245,0.00029,1e-05,0,0,0,0,0,0,0,0,0,0,0,0,0,0.56889,0.17031,0,0,0.46684,0.06183,0.41293,0.4675,0.86041,0.79976,0.84338,0.57087,1.1165,0.51461,0.84476,0,0,0,0,0,0,0,0,0,0,0,0,0,0,0,0,0,0,0,0,0,0,0,0,0,0,0,0,0,0,0,0.57087,0.0026442,0.000881401,0.0026442,0.000881401,0.0026442,0.000881401,0.0026442,0.000881401
182,16148.8,1.01895,0.502,0.82814,0,0,0,0,0,0,0.15113,0.00245,0.00027,0,0,0,0,0,0,0,0,0,0,0,0,0,0,0.5762,0.16896,0,0,0.46685,0.06176,0.41385,0.46749,0.85966,0.80002,0.84323,0.5708,1.11694,0.51478,0.84483,0,0,0,0,0,0,0,0,0,0,0,0,0,0,0,0,0,0,0,0,0,0,0,0,0,0,0,0,0,0,0,0.5708,0.00264041,0.000880136,0.00264041,0.000880136,0.00264041,0.000880136,0.00264041,0.000880136
183,16237,1.01742,0.50107,0.82994,0,0,0,0,0,0,0.14724,0.00246,0.00033,0,0,0,0,0,0,0,0,0,0,0,0,0,0,0.56997,0.17037,0,0,0.46678,0.06179,0.41379,0.46748,0.8591,0.80036,0.84304,0.57082,1.11725,0.51481,0.84491,0,0,0,0,0,0,0,0,0,0,0,0,0,0,0,0,0,0,0,0,0,0,0,0,0,0,0,0,0,0,0,0.57082,0.00263659,0.000878864,0.00263659,0.000878864,0.00263659,0.000878864,0.00263659,0.000878864
184,16325.8,1.02304,0.50564,0.82935,0,0,0,0,0,0,0.15034,0.00245,0.00033,2e-05,0,0,0,0,0,0,0,0,0,0,0,0,0,0.55696,0.16431,0,0,0.46678,0.06177,0.41372,0.46742,0.85829,0.80036,0.84303,0.57049,1.11765,0.51503,0.84498,0,0,0,0,0,0,0,0,0,0,0,0,0,0,0,0,0,0,0,0,0,0,0,0,0,0,0,0,0,0,0,0.57049,0.00263276,0.000877588,0.00263276,0.000877588,0.00263276,0.000877588,0.00263276,0.000877588
185,16414.2,1.01911,0.50553,0.82834,0,0,0,0,0,0,0.14624,0.00244,0.0003,0,0,0,0,0,0,0,0,0,0,0,0,0,0,0.58053,0.1629,0,0,0.46677,0.06179,0.41375,0.46748,0.85876,0.79996,0.84285,0.57051,1.11739,0.51496,0.84493,0,0,0,0,0,0,0,0,0,0,0,0,0,0,0,0,0,0,0,0,0,0,0,0,0,0,0,0,0,0,0,0.57051,0.00262891,0.000876305,0.00262891,0.000876305,0.00262891,0.000876305,0.00262891,0.000876305
186,16503.2,1.02037,0.50685,0.83071,0,0,0,0,0,0,0.14772,0.00244,0.00033,0,0,0,0,0,0,0,0,0,0,0,0,0,0,0.56306,0.16458,0,0,0.46678,0.06175,0.41322,0.46749,0.85964,0.80031,0.84311,0.57082,1.11646,0.51462,0.84485,0,0,0,0,0,0,0,0,0,0,0,0,0,0,0,0,0,0,0,0,0,0,0,0,0,0,0,0,0,0,0,0.57082,0.00262505,0.000875017,0.00262505,0.000875017,0.00262505,0.000875017,0.00262505,0.000875017
187,16593.2,1.02039,0.50407,0.82781,0,0,0,0,0,0,0.15024,0.00243,0.00029,1e-05,0,0,0,0,0,0,0,0,0,0,0,0,0,0.55123,0.16064,0,0,0.46674,0.06167,0.41407,0.46745,0.85955,0.80028,0.8437,0.5713,1.1165,0.51459,0.84487,0,0,0,0,0,0,0,0,0,0,0,0,0,0,0,0,0,0,0,0,0,0,0,0,0,0,0,0,0,0,0,0.5713,0.00262117,0.000873723,0.00262117,0.000873723,0.00262117,0.000873723,0.00262117,0.000873723
188,16682.2,1.01372,0.50023,0.82936,0,0,0,0,0,0,0.14803,0.00243,0.0003,0,0,0,0,0,0,0,0,0,0,0,0,0,0,0.58314,0.16352,0,0,0.46676,0.06166,0.41384,0.46747,0.8601,0.80078,0.84417,0.57124,1.11625,0.51464,0.84483,0,0,0,0,0,0,0,0,0,0,0,0,0,0,0,0,0,0,0,0,0,0,0,0,0,0,0,0,0,0,0,0.57124,0.00261727,0.000872423,0.00261727,0.000872423,0.00261727,0.000872423,0.00261727,0.000872423
189,16770.5,1.02112,0.50578,0.82752,0,0,0,0,0,0,0.1444,0.00243,0.00033,1e-05,0,0,0,0,0,0,0,0,0,0,0,0,0,0.57695,0.16665,0,0,0.4668,0.06174,0.41339,0.4675,0.86166,0.8011,0.84459,0.57142,1.11664,0.51465,0.84481,0,0,0,0,0,0,0,0,0,0,0,0,0,0,0,0,0,0,0,0,0,0,0,0,0,0,0,0,0,0,0,0.57142,0.00261335,0.000871117,0.00261335,0.000871117,0.00261335,0.000871117,0.00261335,0.000871117
190,16859,1.01091,0.50034,0.82932,0,0,0,0,0,0,0.14806,0.00245,0.00033,2e-05,0,0,0,0,0,0,0,0,0,0,0,0,0,0.58088,0.16392,0,0,0.46675,0.06178,0.41311,0.46746,0.86139,0.80029,0.8443,0.57135,1.11653,0.51477,0.84481,0,0,0,0,0,0,0,0,0,0,0,0,0,0,0,0,0,0,0,0,0,0,0,0,0,0,0,0,0,0,0,0.57135,0.00260942,0.000869806,0.00260942,0.000869806,0.00260942,0.000869806,0.00260942,0.000869806
191,16947.5,1.01853,0.50149,0.82954,0,0,0,0,0,0,0.14506,0.00245,0.00027,1e-05,0,0,0,0,0,0,0,0,0,0,0,0,0,0.56816,0.16356,0,0,0.46677,0.06167,0.41324,0.46748,0.86326,0.79867,0.84372,0.57077,1.11693,0.51493,0.84485,0,0,0,0,0,0,0,0,0,0,0,0,0,0,0,0,0,0,0,0,0,0,0,0,0,0,0,0,0,0,0,0.57077,0.00260547,0.00086849,0.00260547,0.00086849,0.00260547,0.00086849,0.00260547,0.00086849
192,17037.4,1.01545,0.50106,0.82924,0,0,0,0,0,0,0.14877,0.00245,0.00032,0,0,0,0,0,0,0,0,0,0,0,0,0,0,0.56797,0.16305,0,0,0.46683,0.06174,0.41427,0.4675,0.86516,0.79879,0.84456,0.57118,1.11661,0.5148,0.8448,0,0,0,0,0,0,0,0,0,0,0,0,0,0,0,0,0,0,0,0,0,0,0,0,0,0,0,0,0,0,0,0.57118,0.0026015,0.000867167,0.0026015,0.000867167,0.0026015,0.000867167,0.0026015,0.000867167
193,17126.8,1.01245,0.50006,0.82686,0,0,0,0,0,0,0.147,0.00247,0.00029,3e-05,0,0,0,0,0,0,0,0,0,0,0,0,0,0.5694,0.16584,0,0,0.46676,0.06173,0.41432,0.46746,0.8627,0.79995,0.84437,0.57157,1.11612,0.51499,0.84469,0,0,0,0,0,0,0,0,0,0,0,0,0,0,0,0,0,0,0,0,0,0,0,0,0,0,0,0,0,0,0,0.57157,0.00259752,0.000865839,0.00259752,0.000865839,0.00259752,0.000865839,0.00259752,0.000865839
194,17215.2,1.01708,0.5047,0.82818,0,0,0,0,0,0,0.1489,0.00241,0.00029,0,0,0,0,0,0,0,0,0,0,0,0,0,0,0.58026,0.16199,0,0,0.46678,0.06179,0.41362,0.46744,0.86369,0.8001,0.84505,0.57174,1.11624,0.51507,0.84473,0,0,0,0,0,0,0,0,0,0,0,0,0,0,0,0,0,0,0,0,0,0,0,0,0,0,0,0,0,0,0,0.57174,0.00259352,0.000864506,0.00259352,0.000864506,0.00259352,0.000864506,0.00259352,0.000864506
195,17305,1.01369,0.50028,0.82889,0,0,0,0,0,0,0.1474,0.00242,0.00027,0,0,0,0,0,0,0,0,0,0,0,0,0,0,0.57759,0.16932,0,0,0.46674,0.06175,0.41378,0.46745,0.86186,0.79988,0.84497,0.57189,1.1162,0.51517,0.84474,0,0,0,0,0,0,0,0,0,0,0,0,0,0,0,0,0,0,0,0,0,0,0,0,0,0,0,0,0,0,0,0.57189,0.0025895,0.000863167,0.0025895,0.000863167,0.0025895,0.000863167,0.0025895,0.000863167
196,17393.8,1.00798,0.49779,0.82763,0,0,0,0,0,0,0.14794,0.00241,0.00026,1e-05,0,0,0,0,0,0,0,0,0,0,0,0,0,0.57371,0.16314,0,0,0.46682,0.06176,0.4138,0.46752,0.864,0.79983,0.84511,0.57183,1.11633,0.5152,0.84469,0,0,0,0,0,0,0,0,0,0,0,0,0,0,0,0,0,0,0,0,0,0,0,0,0,0,0,0,0,0,0,0.57183,0.00258547,0.000861823,0.00258547,0.000861823,0.00258547,0.000861823,0.00258547,0.000861823
197,17482.2,1.01503,0.50152,0.82695,0,0,0,0,0,0,0.14746,0.00242,0.00036,0,0,0,0,0,0,0,0,0,0,0,0,0,0,0.56426,0.16068,0,0,0.46674,0.06169,0.41395,0.46745,0.86424,0.79929,0.8451,0.57189,1.11571,0.51522,0.84467,0,0,0,0,0,0,0,0,0,0,0,0,0,0,0,0,0,0,0,0,0,0,0,0,0,0,0,0,0,0,0,0.57189,0.00258142,0.000860473,0.00258142,0.000860473,0.00258142,0.000860473,0.00258142,0.000860473
198,17571.4,1.02616,0.50383,0.82789,0,0,0,0,0,0,0.14631,0.00239,0.00035,0,0,0,0,0,0,0,0,0,0,0,0,0,0,0.56901,0.16093,0,0,0.46684,0.0618,0.41285,0.46754,0.86276,0.79946,0.84483,0.57201,1.11612,0.51534,0.84469,0,0,0,0,0,0,0,0,0,0,0,0,0,0,0,0,0,0,0,0,0,0,0,0,0,0,0,0,0,0,0,0.57201,0.00257735,0.000859117,0.00257735,0.000859117,0.00257735,0.000859117,0.00257735,0.000859117
199,17658.5,1.01727,0.50378,0.82674,0,0,0,0,0,0,0.14461,0.00241,0.00026,0,0,0,0,0,0,0,0,0,0,0,0,0,0,0.56844,0.16143,0,0,0.46676,0.06172,0.41319,0.46747,0.8631,0.80152,0.84633,0.57229,1.11579,0.51536,0.84467,0,0,0,0,0,0,0,0,0,0,0,0,0,0,0,0,0,0,0,0,0,0,0,0,0,0,0,0,0,0,0,0.57229,0.00257327,0.000857756,0.00257327,0.000857756,0.00257327,0.000857756,0.00257327,0.000857756
200,17746.7,1.01485,0.50249,0.82734,0,0,0,0,0,0,0.14576,0.0024,0.00033,0,0,0,0,0,0,0,0,0,0,0,0,0,0,0.56327,0.16254,0,0,0.46679,0.06183,0.41307,0.46749,0.86316,0.80124,0.8462,0.57249,1.11584,0.51535,0.84476,0,0,0,0,0,0,0,0,0,0,0,0,0,0,0,0,0,0,0,0,0,0,0,0,0,0,0,0,0,0,0,0.57249,0.00256917,0.00085639,0.00256917,0.00085639,0.00256917,0.00085639,0.00256917,0.00085639
201,17835.8,1.01156,0.49983,0.82986,0,0,0,0,0,0,0.14546,0.00239,0.0003,0,0,0,0,0,0,0,0,0,0,0,0,0,0,0.5632,0.15688,0,0,0.46674,0.06176,0.41286,0.46746,0.86353,0.80085,0.84644,0.57239,1.11552,0.51523,0.84467,0,0,0,0,0,0,0,0,0,0,0,0,0,0,0,0,0,0,0,0,0,0,0,0,0,0,0,0,0,0,0,0.57239,0.00256505,0.000855018,0.00256505,0.000855018,0.00256505,0.000855018,0.00256505,0.000855018
202,17925,1.01191,0.49886,0.82667,0,0,0,0,0,0,0.14245,0.00242,0.00035,0,0,0,0,0,0,0,0,0,0,0,0,0,0,0.55691,0.15944,0,0,0.46689,0.06185,0.41311,0.4676,0.86452,0.80059,0.84651,0.57251,1.11527,0.5148,0.84467,0,0,0,0,0,0,0,0,0,0,0,0,0,0,0,0,0,0,0,0,0,0,0,0,0,0,0,0,0,0,0,0.57251,0.00256092,0.000853641,0.00256092,0.000853641,0.00256092,0.000853641,0.00256092,0.000853641
203,18013.8,1.02038,0.50186,0.82893,0,0,0,0,0,0,0.14696,0.00238,0.0003,1e-05,0,0,0,0,0,0,0,0,0,0,0,0,0,0.5483,0.16202,0,0,0.46679,0.0618,0.41363,0.46749,0.86566,0.79987,0.84663,0.57249,1.11522,0.515,0.84463,0,0,0,0,0,0,0,0,0,0,0,0,0,0,0,0,0,0,0,0,0,0,0,0,0,0,0,0,0,0,0,0.57249,0.00255677,0.000852258,0.00255677,0.000852258,0.00255677,0.000852258,0.00255677,0.000852258
204,18102.7,1.00714,0.49936,0.82646,0,0,0,0,0,0,0.14705,0.00242,0.00027,2e-05,0,0,0,0,0,0,0,0,0,0,0,0,0,0.56724,0.16377,0,0,0.4668,0.06174,0.41341,0.4675,0.86565,0.80078,0.84691,0.57257,1.11551,0.51538,0.84465,0,0,0,0,0,0,0,0,0,0,0,0,0,0,0,0,0,0,0,0,0,0,0,0,0,0,0,0,0,0,0,0.57257,0.00255261,0.00085087,0.00255261,0.00085087,0.00255261,0.00085087,0.00255261,0.00085087
205,18191.4,1.01474,0.49948,0.82808,0,0,0,0,0,0,0.14542,0.00243,0.00028,0,0,0,0,0,0,0,0,0,0,0,0,0,0,0.57763,0.1638,0,0,0.46684,0.0617,0.41314,0.46754,0.86621,0.8013,0.84643,0.57261,1.11548,0.51534,0.84463,0,0,0,0,0,0,0,0,0,0,0,0,0,0,0,0,0,0,0,0,0,0,0,0,0,0,0,0,0,0,0,0.57261,0.00254843,0.000849477,0.00254843,0.000849477,0.00254843,0.000849477,0.00254843,0.000849477
206,18280.5,1.0109,0.49819,0.82925,0,0,0,0,0,0,0.14472,0.00244,0.00029,0,0,0,0,0,0,0,0,0,0,0,0,0,0,0.57502,0.16403,0,0,0.46677,0.06178,0.41313,0.46747,0.86519,0.80187,0.84676,0.57275,1.11537,0.51506,0.84469,0,0,0,0,0,0,0,0,0,0,0,0,0,0,0,0,0,0,0,0,0,0,0,0,0,0,0,0,0,0,0,0.57275,0.00254423,0.000848078,0.00254423,0.000848078,0.00254423,0.000848078,0.00254423,0.000848078
207,18369.5,1.01245,0.49942,0.82712,0,0,0,0,0,0,0.14856,0.00239,0.00031,0,0,0,0,0,0,0,0,0,0,0,0,0,0,0.59083,0.16483,0,0,0.4668,0.06182,0.41365,0.46751,0.86479,0.80241,0.84692,0.57277,1.11481,0.51504,0.84461,0,0,0,0,0,0,0,0,0,0,0,0,0,0,0,0,0,0,0,0,0,0,0,0,0,0,0,0,0,0,0,0.57277,0.00254002,0.000846674,0.00254002,0.000846674,0.00254002,0.000846674,0.00254002,0.000846674
208,18458.2,1.00523,0.49805,0.82694,0,0,0,0,0,0,0.14607,0.0024,0.00025,0,0,0,0,0,0,0,0,0,0,0,0,0,0,0.58299,0.16403,0,0,0.4668,0.06175,0.41332,0.46744,0.86379,0.80258,0.84687,0.57294,1.11512,0.51505,0.84456,0,0,0,0,0,0,0,0,0,0,0,0,0,0,0,0,0,0,0,0,0,0,0,0,0,0,0,0,0,0,0,0.57294,0.0025358,0.000845265,0.0025358,0.000845265,0.0025358,0.000845265,0.0025358,0.000845265
209,18546.6,1.00682,0.49941,0.82838,0,0,0,0,0,0,0.14416,0.00241,0.00028,4e-05,0,0,0,0,0,0,0,0,0,0,0,0,0,0.57521,0.16491,0,0,0.46674,0.06177,0.41341,0.46745,0.86436,0.80266,0.84692,0.57311,1.11467,0.51488,0.84453,0,0,0,0,0,0,0,0,0,0,0,0,0,0,0,0,0,0,0,0,0,0,0,0,0,0,0,0,0,0,0,0.57311,0.00253155,0.000843851,0.00253155,0.000843851,0.00253155,0.000843851,0.00253155,0.000843851
210,18635.8,1.00922,0.49894,0.8291,0,0,0,0,0,0,0.14425,0.0024,0.0003,1e-05,0,0,0,0,0,0,0,0,0,0,0,0,0,0.56933,0.15997,0,0,0.46675,0.06173,0.41409,0.46745,0.86413,0.80294,0.84706,0.57305,1.11484,0.51463,0.84459,0,0,0,0,0,0,0,0,0,0,0,0,0,0,0,0,0,0,0,0,0,0,0,0,0,0,0,0,0,0,0,0.57305,0.00252729,0.000842431,0.00252729,0.000842431,0.00252729,0.000842431,0.00252729,0.000842431
211,18724.4,1.00807,0.49872,0.82832,0,0,0,0,0,0,0.14379,0.00238,0.00025,0,0,0,0,0,0,0,0,0,0,0,0,0,0,0.56899,0.15951,0,0,0.46671,0.0617,0.41407,0.46742,0.8637,0.80322,0.84711,0.57313,1.11486,0.51464,0.84466,0,0,0,0,0,0,0,0,0,0,0,0,0,0,0,0,0,0,0,0,0,0,0,0,0,0,0,0,0,0,0,0.57313,0.00252302,0.000841006,0.00252302,0.000841006,0.00252302,0.000841006,0.00252302,0.000841006
212,18813.1,1.00774,0.49887,0.82764,0,0,0,0,0,0,0.14732,0.00238,0.0003,2e-05,0,0,0,0,0,0,0,0,0,0,0,0,0,0.57648,0.1635,0,0,0.46673,0.06178,0.4149,0.46742,0.86349,0.80447,0.8474,0.57283,1.11464,0.5149,0.84462,0,0,0,0,0,0,0,0,0,0,0,0,0,0,0,0,0,0,0,0,0,0,0,0,0,0,0,0,0,0,0,0.57283,0.00251873,0.000839576,0.00251873,0.000839576,0.00251873,0.000839576,0.00251873,0.000839576
213,18901.5,1.00711,0.49637,0.82818,0,0,0,0,0,0,0.14767,0.00234,0.00032,0,0,0,0,0,0,0,0,0,0,0,0,0,0,0.56741,0.15895,0,0,0.46677,0.06179,0.41406,0.46747,0.86456,0.80414,0.84747,0.57299,1.11415,0.51483,0.84464,0,0,0,0,0,0,0,0,0,0,0,0,0,0,0,0,0,0,0,0,0,0,0,0,0,0,0,0,0,0,0,0.57299,0.00251442,0.000838141,0.00251442,0.000838141,0.00251442,0.000838141,0.00251442,0.000838141
214,18990.4,1.00648,0.49781,0.83011,0,0,0,0,0,0,0.14618,0.00237,0.00027,0,0,0,0,0,0,0,0,0,0,0,0,0,0,0.56056,0.15942,0,0,0.46683,0.06175,0.41372,0.46754,0.86398,0.80371,0.84771,0.57292,1.11383,0.51485,0.84457,0,0,0,0,0,0,0,0,0,0,0,0,0,0,0,0,0,0,0,0,0,0,0,0,0,0,0,0,0,0,0,0.57292,0.0025101,0.000836701,0.0025101,0.000836701,0.0025101,0.000836701,0.0025101,0.000836701
215,19080,1.01089,0.4996,0.82889,0,0,0,0,0,0,0.14405,0.00235,0.00036,0,0,0,0,0,0,0,0,0,0,0,0,0,0,0.57834,0.1604,0,0,0.46676,0.06175,0.41366,0.46745,0.86463,0.80388,0.84828,0.57309,1.11415,0.51471,0.8446,0,0,0,0,0,0,0,0,0,0,0,0,0,0,0,0,0,0,0,0,0,0,0,0,0,0,0,0,0,0,0,0.57309,0.00250577,0.000835255,0.00250577,0.000835255,0.00250577,0.000835255,0.00250577,0.000835255
216,19169.1,1.008,0.49829,0.82823,0,0,0,0,0,0,0.14668,0.00234,0.00028,4e-05,0,0,0,0,0,0,0,0,0,0,0,0,0,0.56958,0.16074,0,0,0.46678,0.06167,0.41364,0.46748,0.86402,0.8038,0.84771,0.57299,1.11426,0.51487,0.84459,0,0,0,0,0,0,0,0,0,0,0,0,0,0,0,0,0,0,0,0,0,0,0,0,0,0,0,0,0,0,0,0.57299,0.00250141,0.000833805,0.00250141,0.000833805,0.00250141,0.000833805,0.00250141,0.000833805
217,19258.5,1.00814,0.49664,0.82764,0,0,0,0,0,0,0.14924,0.00233,0.00028,2e-05,0,0,0,0,0,0,0,0,0,0,0,0,0,0.58588,0.16038,0,0,0.46673,0.06175,0.41389,0.46742,0.86345,0.80377,0.84752,0.57291,1.11387,0.51456,0.84455,0,0,0,0,0,0,0,0,0,0,0,0,0,0,0,0,0,0,0,0,0,0,0,0,0,0,0,0,0,0,0,0.57291,0.00249705,0.000832349,0.00249705,0.000832349,0.00249705,0.000832349,0.00249705,0.000832349
218,19345.9,1.00027,0.49569,0.82961,0,0,0,0,0,0,0.14864,0.00235,0.00034,1e-05,0,0,0,0,0,0,0,0,0,0,0,0,0,0.57423,0.16263,0,0,0.46677,0.06169,0.41314,0.46746,0.86215,0.80496,0.84788,0.57305,1.11435,0.51446,0.84472,0,0,0,0,0,0,0,0,0,0,0,0,0,0,0,0,0,0,0,0,0,0,0,0,0,0,0,0,0,0,0,0.57305,0.00249267,0.000830889,0.00249267,0.000830889,0.00249267,0.000830889,0.00249267,0.000830889
219,19435.3,1.01218,0.49961,0.82821,0,0,0,0,0,0,0.14892,0.00236,0.00028,0,0,0,0,0,0,0,0,0,0,0,0,0,0,0.58585,0.16096,0,0,0.4668,0.06179,0.41407,0.4675,0.86097,0.80406,0.84722,0.57323,1.11492,0.51504,0.84476,0,0,0,0,0,0,0,0,0,0,0,0,0,0,0,0,0,0,0,0,0,0,0,0,0,0,0,0,0,0,0,0.57323,0.00248827,0.000829423,0.00248827,0.000829423,0.00248827,0.000829423,0.00248827,0.000829423
220,19524.4,1.00624,0.49564,0.82766,0,0,0,0,0,0,0.14579,0.00235,0.00033,1e-05,0,0,0,0,0,0,0,0,0,0,0,0,0,0.57485,0.16199,0,0,0.46673,0.06166,0.41321,0.46744,0.86524,0.80286,0.84816,0.57317,1.11463,0.515,0.84465,0,0,0,0,0,0,0,0,0,0,0,0,0,0,0,0,0,0,0,0,0,0,0,0,0,0,0,0,0,0,0,0.57317,0.00248386,0.000827952,0.00248386,0.000827952,0.00248386,0.000827952,0.00248386,0.000827952
221,19613,1.00237,0.49865,0.82755,0,0,0,0,0,0,0.1463,0.00234,0.00035,0,0,0,0,0,0,0,0,0,0,0,0,0,0,0.58431,0.15925,0,0,0.46672,0.06171,0.41425,0.46742,0.86357,0.80334,0.84778,0.57305,1.11495,0.51497,0.84473,0,0,0,0,0,0,0,0,0,0,0,0,0,0,0,0,0,0,0,0,0,0,0,0,0,0,0,0,0,0,0,0.57305,0.00247943,0.000826477,0.00247943,0.000826477,0.00247943,0.000826477,0.00247943,0.000826477
222,19702.3,1.0067,0.49629,0.82614,0,0,0,0,0,0,0.14333,0.00233,0.00032,1e-05,0,0,0,0,0,0,0,0,0,0,0,0,0,0.57332,0.16077,0,0,0.46679,0.06172,0.41402,0.46749,0.86599,0.80128,0.84727,0.57308,1.1146,0.51492,0.8447,0,0,0,0,0,0,0,0,0,0,0,0,0,0,0,0,0,0,0,0,0,0,0,0,0,0,0,0,0,0,0,0.57308,0.00247499,0.000824996,0.00247499,0.000824996,0.00247499,0.000824996,0.00247499,0.000824996
223,19791.3,1.00788,0.4965,0.82998,0,0,0,0,0,0,0.1449,0.00234,0.00035,1e-05,0,0,0,0,0,0,0,0,0,0,0,0,0,0.57663,0.16445,0,0,0.46677,0.06175,0.41353,0.46747,0.86679,0.80116,0.84704,0.57292,1.11484,0.51499,0.84479,0,0,0,0,0,0,0,0,0,0,0,0,0,0,0,0,0,0,0,0,0,0,0,0,0,0,0,0,0,0,0,0.57292,0.00247053,0.000823511,0.00247053,0.000823511,0.00247053,0.000823511,0.00247053,0.000823511
224,19880.2,1.00165,0.49559,0.82494,0,0,0,0,0,0,0.14799,0.00234,0.00027,0,0,0,0,0,0,0,0,0,0,0,0,0,0,0.56886,0.16,0,0,0.46678,0.06184,0.41376,0.46749,0.86172,0.80454,0.84756,0.57275,1.11454,0.51531,0.84476,0,0,0,0,0,0,0,0,0,0,0,0,0,0,0,0,0,0,0,0,0,0,0,0,0,0,0,0,0,0,0,0.57275,0.00246606,0.00082202,0.00246606,0.00082202,0.00246606,0.00082202,0.00246606,0.00082202
225,19969.1,1.00676,0.49535,0.82734,0,0,0,0,0,0,0.14374,0.00234,0.00029,0,0,0,0,0,0,0,0,0,0,0,0,0,0,0.58007,0.16021,0,0,0.46678,0.06176,0.41358,0.46749,0.86714,0.80132,0.84744,0.57335,1.11452,0.51521,0.84478,0,0,0,0,0,0,0,0,0,0,0,0,0,0,0,0,0,0,0,0,0,0,0,0,0,0,0,0,0,0,0,0.57335,0.00246157,0.000820525,0.00246157,0.000820525,0.00246157,0.000820525,0.00246157,0.000820525
226,20058.2,1.00812,0.49783,0.82786,0,0,0,0,0,0,0.14122,0.00235,0.00025,0,0,0,0,0,0,0,0,0,0,0,0,0,0,0.57264,0.15814,0,0,0.46675,0.06179,0.41373,0.46745,0.8654,0.8018,0.84757,0.57333,1.11544,0.51516,0.84486,0,0,0,0,0,0,0,0,0,0,0,0,0,0,0,0,0,0,0,0,0,0,0,0,0,0,0,0,0,0,0,0.57333,0.00245707,0.000819025,0.00245707,0.000819025,0.00245707,0.000819025,0.00245707,0.000819025
227,20146.3,1.00324,0.49527,0.82621,0,0,0,0,0,0,0.13956,0.00235,0.00027,0,0,0,0,0,0,0,0,0,0,0,0,0,0,0.5787,0.15941,0,0,0.46684,0.06183,0.41385,0.46754,0.86564,0.80188,0.84726,0.57302,1.11541,0.5153,0.84487,0,0,0,0,0,0,0,0,0,0,0,0,0,0,0,0,0,0,0,0,0,0,0,0,0,0,0,0,0,0,0,0.57302,0.00245256,0.00081752,0.00245256,0.00081752,0.00245256,0.00081752,0.00245256,0.00081752
228,20235.9,1.00711,0.49532,0.82512,0,0,0,0,0,0,0.14247,0.00233,0.00031,1e-05,0,0,0,0,0,0,0,0,0,0,0,0,0,0.56216,0.15807,0,0,0.46677,0.06179,0.41392,0.46747,0.86446,0.80191,0.84735,0.57304,1.1159,0.51531,0.84494,0,0,0,0,0,0,0,0,0,0,0,0,0,0,0,0,0,0,0,0,0,0,0,0,0,0,0,0,0,0,0,0.57304,0.00244803,0.00081601,0.00244803,0.00081601,0.00244803,0.00081601,0.00244803,0.00081601
229,20324.6,1.00116,0.49514,0.82894,0,0,0,0,0,0,0.14106,0.0023,0.00026,3e-05,0,0,0,0,0,0,0,0,0,0,0,0,0,0.58255,0.17097,0,0,0.46677,0.06168,0.41352,0.4674,0.86588,0.80095,0.84712,0.57266,1.11634,0.51562,0.84494,0,0,0,0,0,0,0,0,0,0,0,0,0,0,0,0,0,0,0,0,0,0,0,0,0,0,0,0,0,0,0,0.57266,0.00244349,0.000814495,0.00244349,0.000814495,0.00244349,0.000814495,0.00244349,0.000814495
230,20413.1,1.00826,0.49602,0.82782,0,0,0,0,0,0,0.14237,0.0023,0.00032,0,0,0,0,0,0,0,0,0,0,0,0,0,0,0.59419,0.16914,0,0,0.46683,0.06174,0.41366,0.46753,0.86497,0.80047,0.84622,0.57253,1.11682,0.51567,0.84504,0,0,0,0,0,0,0,0,0,0,0,0,0,0,0,0,0,0,0,0,0,0,0,0,0,0,0,0,0,0,0,0.57253,0.00243893,0.000812976,0.00243893,0.000812976,0.00243893,0.000812976,0.00243893,0.000812976
231,20502.6,0.99706,0.49317,0.82624,0,0,0,0,0,0,0.14244,0.00234,0.00025,0,0,0,0,0,0,0,0,0,0,0,0,0,0,0.6153,0.16811,0,0,0.46671,0.06175,0.41478,0.4674,0.86534,0.80069,0.84663,0.57273,1.11689,0.51577,0.84505,0,0,0,0,0,0,0,0,0,0,0,0,0,0,0,0,0,0,0,0,0,0,0,0,0,0,0,0,0,0,0,0.57273,0.00243435,0.000811452,0.00243435,0.000811452,0.00243435,0.000811452,0.00243435,0.000811452
232,20591.5,1.00903,0.4992,0.82762,0,0,0,0,0,0,0.14857,0.00232,0.00033,1e-05,0,0,0,0,0,0,0,0,0,0,0,0,0,0.5985,0.16387,0,0,0.46679,0.06168,0.4143,0.46749,0.86499,0.80139,0.8473,0.57282,1.11684,0.51584,0.84503,0,0,0,0,0,0,0,0,0,0,0,0,0,0,0,0,0,0,0,0,0,0,0,0,0,0,0,0,0,0,0,0.57282,0.00242977,0.000809923,0.00242977,0.000809923,0.00242977,0.000809923,0.00242977,0.000809923
233,20681.2,0.99715,0.49125,0.82638,0,0,0,0,0,0,0.14462,0.00229,0.00028,0,0,0,0,0,0,0,0,0,0,0,0,0,0,0.58206,0.16087,0,0,0.46673,0.06173,0.41444,0.46743,0.8622,0.80223,0.84633,0.57251,1.11717,0.51599,0.8451,0,0,0,0,0,0,0,0,0,0,0,0,0,0,0,0,0,0,0,0,0,0,0,0,0,0,0,0,0,0,0,0.57251,0.00242517,0.000808389,0.00242517,0.000808389,0.00242517,0.000808389,0.00242517,0.000808389
234,20770.3,1.0031,0.49486,0.82758,0,0,0,0,0,0,0.14411,0.00231,0.00028,0,0,0,0,0,0,0,0,0,0,0,0,0,0,0.58389,0.16248,0,0,0.46676,0.06173,0.41374,0.46745,0.86564,0.80089,0.84647,0.57212,1.11705,0.51585,0.84509,0,0,0,0,0,0,0,0,0,0,0,0,0,0,0,0,0,0,0,0,0,0,0,0,0,0,0,0,0,0,0,0.57212,0.00242055,0.000806851,0.00242055,0.000806851,0.00242055,0.000806851,0.00242055,0.000806851
235,20859.1,1.00683,0.49869,0.82923,0,0,0,0,0,0,0.14448,0.00234,0.00028,1e-05,0,0,0,0,0,0,0,0,0,0,0,0,0,0.57444,0.15857,0,0,0.46674,0.06182,0.41416,0.46743,0.86486,0.80206,0.84596,0.5723,1.11779,0.51605,0.84517,0,0,0,0,0,0,0,0,0,0,0,0,0,0,0,0,0,0,0,0,0,0,0,0,0,0,0,0,0,0,0,0.5723,0.00241592,0.000805308,0.00241592,0.000805308,0.00241592,0.000805308,0.00241592,0.000805308
236,20947.1,1.00985,0.49905,0.83016,0,0,0,0,0,0,0.14188,0.0023,0.00031,0,0,0,0,0,0,0,0,0,0,0,0,0,0,0.58428,0.16123,0,0,0.46675,0.06169,0.41468,0.46745,0.86551,0.80196,0.84641,0.57239,1.11759,0.51594,0.84519,0,0,0,0,0,0,0,0,0,0,0,0,0,0,0,0,0,0,0,0,0,0,0,0,0,0,0,0,0,0,0,0.57239,0.00241128,0.00080376,0.00241128,0.00080376,0.00241128,0.00080376,0.00241128,0.00080376
237,21035.7,0.99971,0.49325,0.8276,0,0,0,0,0,0,0.14536,0.00232,0.0003,1e-05,0,0,0,0,0,0,0,0,0,0,0,0,0,0.55844,0.15648,0,0,0.46678,0.06168,0.41319,0.46749,0.86684,0.80116,0.84685,0.57249,1.11739,0.51558,0.84509,0,0,0,0,0,0,0,0,0,0,0,0,0,0,0,0,0,0,0,0,0,0,0,0,0,0,0,0,0,0,0,0.57249,0.00240662,0.000802208,0.00240662,0.000802208,0.00240662,0.000802208,0.00240662,0.000802208
238,21124.3,0.99746,0.49594,0.82674,0,0,0,0,0,0,0.14227,0.0023,0.0003,0,0,0,0,0,0,0,0,0,0,0,0,0,0,0.57289,0.15538,0,0,0.46679,0.06175,0.41327,0.46749,0.86604,0.80164,0.84568,0.5726,1.11747,0.51547,0.84519,0,0,0,0,0,0,0,0,0,0,0,0,0,0,0,0,0,0,0,0,0,0,0,0,0,0,0,0,0,0,0,0.5726,0.00240195,0.000800651,0.00240195,0.000800651,0.00240195,0.000800651,0.00240195,0.000800651
239,21212.9,1.00076,0.49491,0.82593,0,0,0,0,0,0,0.13849,0.00232,0.00026,0,0,0,0,0,0,0,0,0,0,0,0,0,0,0.57744,0.16182,0,0,0.46673,0.06176,0.41277,0.46744,0.86714,0.80109,0.84643,0.5725,1.11767,0.51539,0.84507,0,0,0,0,0,0,0,0,0,0,0,0,0,0,0,0,0,0,0,0,0,0,0,0,0,0,0,0,0,0,0,0.5725,0.00239727,0.00079909,0.00239727,0.00079909,0.00239727,0.00079909,0.00239727,0.00079909
240,21301.5,1.00239,0.49643,0.82674,0,0,0,0,0,0,0.14504,0.00233,0.00031,2e-05,0,0,0,0,0,0,0,0,0,0,0,0,0,0.58692,0.16148,0,0,0.46677,0.06177,0.41424,0.46747,0.86614,0.80084,0.84634,0.57252,1.11761,0.51563,0.84504,0,0,0,0,0,0,0,0,0,0,0,0,0,0,0,0,0,0,0,0,0,0,0,0,0,0,0,0,0,0,0,0.57252,0.00239257,0.000797524,0.00239257,0.000797524,0.00239257,0.000797524,0.00239257,0.000797524
241,21390.2,1.00468,0.49578,0.82867,0,0,0,0,0,0,0.14477,0.00231,0.00026,0,0,0,0,0,0,0,0,0,0,0,0,0,0,0.56024,0.15913,0,0,0.46676,0.06181,0.41382,0.46745,0.86862,0.80036,0.84638,0.57253,1.11797,0.51581,0.84508,0,0,0,0,0,0,0,0,0,0,0,0,0,0,0,0,0,0,0,0,0,0,0,0,0,0,0,0,0,0,0,0.57253,0.00238786,0.000795954,0.00238786,0.000795954,0.00238786,0.000795954,0.00238786,0.000795954
242,21479.1,0.9944,0.49186,0.82769,0,0,0,0,0,0,0.14519,0.0023,0.0003,3e-05,0,0,0,0,0,0,0,0,0,0,0,0,0,0.55713,0.15522,0,0,0.46678,0.06165,0.41385,0.46749,0.86745,0.80012,0.84554,0.57228,1.11708,0.51552,0.84501,0,0,0,0,0,0,0,0,0,0,0,0,0,0,0,0,0,0,0,0,0,0,0,0,0,0,0,0,0,0,0,0.57228,0.00238314,0.000794379,0.00238314,0.000794379,0.00238314,0.000794379,0.00238314,0.000794379
243,21567.6,0.99741,0.49445,0.82626,0,0,0,0,0,0,0.14182,0.00229,0.00032,0,0,0,0,0,0,0,0,0,0,0,0,0,0,0.56266,0.15711,0,0,0.46679,0.06172,0.41346,0.46749,0.86768,0.80024,0.84631,0.57246,1.11639,0.51534,0.84494,0,0,0,0,0,0,0,0,0,0,0,0,0,0,0,0,0,0,0,0,0,0,0,0,0,0,0,0,0,0,0,0.57246,0.0023784,0.0007928,0.0023784,0.0007928,0.0023784,0.0007928,0.0023784,0.0007928
244,21656.2,1.00207,0.49398,0.82622,0,0,0,0,0,0,0.14192,0.0023,0.00027,2e-05,0,0,0,0,0,0,0,0,0,0,0,0,0,0.55391,0.16005,0,0,0.46678,0.06178,0.41369,0.46744,0.86404,0.8015,0.84586,0.5728,1.11656,0.51522,0.84491,0,0,0,0,0,0,0,0,0,0,0,0,0,0,0,0,0,0,0,0,0,0,0,0,0,0,0,0,0,0,0,0.5728,0.00237365,0.000791216,0.00237365,0.000791216,0.00237365,0.000791216,0.00237365,0.000791216
245,21744,1.00187,0.49413,0.82553,0,0,0,0,0,0,0.14263,0.00228,0.00029,0,0,0,0,0,0,0,0,0,0,0,0,0,0,0.56403,0.15753,0,0,0.46675,0.06176,0.41361,0.46745,0.86315,0.80266,0.84628,0.57277,1.11595,0.51506,0.84488,0,0,0,0,0,0,0,0,0,0,0,0,0,0,0,0,0,0,0,0,0,0,0,0,0,0,0,0,0,0,0,0.57277,0.00236888,0.000789628,0.00236888,0.000789628,0.00236888,0.000789628,0.00236888,0.000789628
246,21832.3,1.00053,0.49387,0.82816,0,0,0,0,0,0,0.14038,0.00232,0.00027,0,0,0,0,0,0,0,0,0,0,0,0,0,0,0.57052,0.15284,0,0,0.46678,0.06178,0.41361,0.46748,0.86208,0.80231,0.84602,0.57266,1.11551,0.51523,0.84486,0,0,0,0,0,0,0,0,0,0,0,0,0,0,0,0,0,0,0,0,0,0,0,0,0,0,0,0,0,0,0,0.57266,0.00236411,0.000788035,0.00236411,0.000788035,0.00236411,0.000788035,0.00236411,0.000788035
247,21921,0.99292,0.49355,0.82696,0,0,0,0,0,0,0.14134,0.0023,0.00026,0,0,0,0,0,0,0,0,0,0,0,0,0,0,0.57038,0.15611,0,0,0.46669,0.06174,0.41358,0.4674,0.86401,0.80206,0.84685,0.5731,1.11545,0.5152,0.84487,0,0,0,0,0,0,0,0,0,0,0,0,0,0,0,0,0,0,0,0,0,0,0,0,0,0,0,0,0,0,0,0.5731,0.00235931,0.000786438,0.00235931,0.000786438,0.00235931,0.000786438,0.00235931,0.000786438
248,22010.4,1.00131,0.49466,0.82703,0,0,0,0,0,0,0.14031,0.00226,0.0003,0,0,0,0,0,0,0,0,0,0,0,0,0,0,0.57543,0.15246,0,0,0.4667,0.06174,0.4138,0.4674,0.86149,0.80524,0.84733,0.57346,1.11569,0.51518,0.8449,0,0,0,0,0,0,0,0,0,0,0,0,0,0,0,0,0,0,0,0,0,0,0,0,0,0,0,0,0,0,0,0.57346,0.00235451,0.000784837,0.00235451,0.000784837,0.00235451,0.000784837,0.00235451,0.000784837
249,22098.9,1.00029,0.49397,0.82892,0,0,0,0,0,0,0.14366,0.00226,0.00032,0,0,0,0,0,0,0,0,0,0,0,0,0,0,0.58383,0.15548,0,0,0.46671,0.06177,0.41275,0.46743,0.85956,0.80524,0.84714,0.57375,1.11529,0.51519,0.84486,0,0,0,0,0,0,0,0,0,0,0,0,0,0,0,0,0,0,0,0,0,0,0,0,0,0,0,0,0,0,0,0.57375,0.00234969,0.000783231,0.00234969,0.000783231,0.00234969,0.000783231,0.00234969,0.000783231
250,22187.4,1.00276,0.49467,0.82532,0,0,0,0,0,0,0.14155,0.00226,0.00034,1e-05,0,0,0,0,0,0,0,0,0,0,0,0,0,0.57794,0.15625,0,0,0.46686,0.06185,0.41469,0.46755,0.86027,0.80599,0.84781,0.57386,1.11545,0.51531,0.84491,0,0,0,0,0,0,0,0,0,0,0,0,0,0,0,0,0,0,0,0,0,0,0,0,0,0,0,0,0,0,0,0.57386,0.00234486,0.000781621,0.00234486,0.000781621,0.00234486,0.000781621,0.00234486,0.000781621
251,22276.9,0.9908,0.49095,0.82617,0,0,0,0,0,0,0.14364,0.00229,0.00034,1e-05,0,0,0,0,0,0,0,0,0,0,0,0,0,0.55959,0.15776,0,0,0.46674,0.06169,0.41384,0.46743,0.85977,0.80559,0.84706,0.57404,1.11504,0.51523,0.84487,0,0,0,0,0,0,0,0,0,0,0,0,0,0,0,0,0,0,0,0,0,0,0,0,0,0,0,0,0,0,0,0.57404,0.00234002,0.000780007,0.00234002,0.000780007,0.00234002,0.000780007,0.00234002,0.000780007
252,22366.9,1.00245,0.49443,0.82631,0,0,0,0,0,0,0.14369,0.0023,0.00027,0,0,0,0,0,0,0,0,0,0,0,0,0,0,0.56582,0.15529,0,0,0.46677,0.06173,0.41358,0.46748,0.86029,0.80476,0.84676,0.57401,1.11533,0.51529,0.84488,0,0,0,0,0,0,0,0,0,0,0,0,0,0,0,0,0,0,0,0,0,0,0,0,0,0,0,0,0,0,0,0.57401,0.00233517,0.000778389,0.00233517,0.000778389,0.00233517,0.000778389,0.00233517,0.000778389
253,22456.6,0.99552,0.49218,0.8256,0,0,0,0,0,0,0.13779,0.00229,0.00028,0,0,0,0,0,0,0,0,0,0,0,0,0,0,0.55956,0.15764,0,0,0.46674,0.06186,0.41432,0.46743,0.86086,0.80508,0.8473,0.57417,1.11588,0.51528,0.84497,0,0,0,0,0,0,0,0,0,0,0,0,0,0,0,0,0,0,0,0,0,0,0,0,0,0,0,0,0,0,0,0.57417,0.0023303,0.000776766,0.0023303,0.000776766,0.0023303,0.000776766,0.0023303,0.000776766
254,22547,0.99707,0.49343,0.82599,0,0,0,0,0,0,0.14274,0.00226,0.00026,0,0,0,0,0,0,0,0,0,0,0,0,0,0,0.56724,0.15799,0,0,0.4668,0.06175,0.41352,0.4675,0.86056,0.80477,0.84753,0.57374,1.11702,0.51546,0.84504,0,0,0,0,0,0,0,0,0,0,0,0,0,0,0,0,0,0,0,0,0,0,0,0,0,0,0,0,0,0,0,0.57374,0.00232542,0.00077514,0.00232542,0.00077514,0.00232542,0.00077514,0.00232542,0.00077514
255,22635.7,0.99388,0.49309,0.82638,0,0,0,0,0,0,0.139,0.0023,0.00026,3e-05,0,0,0,0,0,0,0,0,0,0,0,0,0,0.56859,0.16192,0,0,0.4667,0.06176,0.41393,0.4674,0.86263,0.80413,0.84775,0.57341,1.11715,0.51537,0.84512,0,0,0,0,0,0,0,0,0,0,0,0,0,0,0,0,0,0,0,0,0,0,0,0,0,0,0,0,0,0,0,0.57341,0.00232053,0.000773509,0.00232053,0.000773509,0.00232053,0.000773509,0.00232053,0.000773509
256,22725.5,0.99511,0.49274,0.8259,0,0,0,0,0,0,0.13869,0.00227,0.00033,0,0,0,0,0,0,0,0,0,0,0,0,0,0,0.55566,0.15437,0,0,0.46677,0.06175,0.41341,0.46747,0.86189,0.80465,0.84682,0.57339,1.11771,0.51538,0.84517,0,0,0,0,0,0,0,0,0,0,0,0,0,0,0,0,0,0,0,0,0,0,0,0,0,0,0,0,0,0,0,0.57339,0.00231562,0.000771873,0.00231562,0.000771873,0.00231562,0.000771873,0.00231562,0.000771873
257,22815.2,1.00081,0.49462,0.8283,0,0,0,0,0,0,0.13786,0.00225,0.0003,0,0,0,0,0,0,0,0,0,0,0,0,0,0,0.58309,0.15348,0,0,0.46679,0.06176,0.41406,0.46749,0.8649,0.80203,0.84719,0.57319,1.11849,0.51583,0.84528,0,0,0,0,0,0,0,0,0,0,0,0,0,0,0,0,0,0,0,0,0,0,0,0,0,0,0,0,0,0,0,0.57319,0.0023107,0.000770234,0.0023107,0.000770234,0.0023107,0.000770234,0.0023107,0.000770234
258,22905.5,0.99188,0.49024,0.82661,0,0,0,0,0,0,0.14122,0.00226,0.00031,0,0,0,0,0,0,0,0,0,0,0,0,0,0,0.58854,0.15683,0,0,0.46674,0.06178,0.41465,0.46744,0.86191,0.80423,0.84688,0.57275,1.11926,0.51547,0.84541,0,0,0,0,0,0,0,0,0,0,0,0,0,0,0,0,0,0,0,0,0,0,0,0,0,0,0,0,0,0,0,0.57275,0.00230577,0.000768591,0.00230577,0.000768591,0.00230577,0.000768591,0.00230577,0.000768591
259,22994.8,0.99127,0.49064,0.82535,0,0,0,0,0,0,0.1386,0.00225,0.00027,6e-05,0,0,0,0,0,0,0,0,0,0,0,0,0,0.57854,0.15649,0,0,0.46674,0.06169,0.41331,0.4674,0.86405,0.80351,0.84758,0.57281,1.11886,0.51551,0.84543,0,0,0,0,0,0,0,0,0,0,0,0,0,0,0,0,0,0,0,0,0,0,0,0,0,0,0,0,0,0,0,0.57281,0.00230083,0.000766944,0.00230083,0.000766944,0.00230083,0.000766944,0.00230083,0.000766944
260,23085.3,0.99523,0.49263,0.82695,0,0,0,0,0,0,0.14177,0.0022,0.00029,0,0,0,0,0,0,0,0,0,0,0,0,0,0,0.58693,0.15845,0,0,0.46676,0.06172,0.41374,0.46746,0.86578,0.80364,0.84888,0.5735,1.11927,0.51557,0.84551,0,0,0,0,0,0,0,0,0,0,0,0,0,0,0,0,0,0,0,0,0,0,0,0,0,0,0,0,0,0,0,0.5735,0.00229588,0.000765292,0.00229588,0.000765292,0.00229588,0.000765292,0.00229588,0.000765292
261,23174.8,0.99369,0.49017,0.8255,0,0,0,0,0,0,0.13847,0.00222,0.00027,0,0,0,0,0,0,0,0,0,0,0,0,0,0,0.58455,0.15275,0,0,0.46682,0.06181,0.41449,0.46751,0.86622,0.8026,0.84722,0.57331,1.11965,0.51577,0.84557,0,0,0,0,0,0,0,0,0,0,0,0,0,0,0,0,0,0,0,0,0,0,0,0,0,0,0,0,0,0,0,0.57331,0.00229091,0.000763637,0.00229091,0.000763637,0.00229091,0.000763637,0.00229091,0.000763637
262,23264.3,0.99821,0.49243,0.82667,0,0,0,0,0,0,0.1394,0.00225,0.00031,0,0,0,0,0,0,0,0,0,0,0,0,0,0,0.56904,0.15291,0,0,0.46682,0.06174,0.41441,0.46752,0.86304,0.80558,0.84833,0.57331,1.11943,0.51585,0.84562,0,0,0,0,0,0,0,0,0,0,0,0,0,0,0,0,0,0,0,0,0,0,0,0,0,0,0,0,0,0,0,0.57331,0.00228593,0.000761977,0.00228593,0.000761977,0.00228593,0.000761977,0.00228593,0.000761977
263,23352.1,0.9921,0.48937,0.82713,0,0,0,0,0,0,0.13861,0.00223,0.00027,0,0,0,0,0,0,0,0,0,0,0,0,0,0,0.57353,0.15289,0,0,0.46679,0.06172,0.41412,0.4675,0.86402,0.80603,0.84928,0.57345,1.11962,0.51585,0.84559,0,0,0,0,0,0,0,0,0,0,0,0,0,0,0,0,0,0,0,0,0,0,0,0,0,0,0,0,0,0,0,0.57345,0.00228094,0.000760314,0.00228094,0.000760314,0.00228094,0.000760314,0.00228094,0.000760314
264,23440.8,0.9911,0.49092,0.82483,0,0,0,0,0,0,0.13919,0.00223,0.00032,0,0,0,0,0,0,0,0,0,0,0,0,0,0,0.57245,0.1548,0,0,0.46677,0.0617,0.41419,0.46746,0.86299,0.80592,0.84916,0.5738,1.11891,0.51578,0.84553,0,0,0,0,0,0,0,0,0,0,0,0,0,0,0,0,0,0,0,0,0,0,0,0,0,0,0,0,0,0,0,0.5738,0.00227594,0.000758647,0.00227594,0.000758647,0.00227594,0.000758647,0.00227594,0.000758647
265,23530.8,0.9901,0.48933,0.82679,0,0,0,0,0,0,0.13437,0.00225,0.0003,0,0,0,0,0,0,0,0,0,0,0,0,0,0,0.56659,0.15727,0,0,0.46677,0.06173,0.41325,0.46743,0.86325,0.80609,0.84912,0.57373,1.1184,0.51565,0.84544,0,0,0,0,0,0,0,0,0,0,0,0,0,0,0,0,0,0,0,0,0,0,0,0,0,0,0,0,0,0,0,0.57373,0.00227093,0.000756976,0.00227093,0.000756976,0.00227093,0.000756976,0.00227093,0.000756976
266,23620.4,0.99094,0.49,0.82599,0,0,0,0,0,0,0.14446,0.00221,0.00025,0,0,0,0,0,0,0,0,0,0,0,0,0,0,0.54485,0.15841,0,0,0.46682,0.06184,0.41382,0.46752,0.86316,0.80669,0.84892,0.57354,1.11873,0.51601,0.84549,0,0,0,0,0,0,0,0,0,0,0,0,0,0,0,0,0,0,0,0,0,0,0,0,0,0,0,0,0,0,0,0.57354,0.0022659,0.0007553,0.0022659,0.0007553,0.0022659,0.0007553,0.0022659,0.0007553
267,23710.7,0.99613,0.49244,0.82549,0,0,0,0,0,0,0.13736,0.00225,0.00036,0,0,0,0,0,0,0,0,0,0,0,0,0,0,0.5867,0.15616,0,0,0.46687,0.06175,0.41428,0.46756,0.86333,0.80718,0.84916,0.57382,1.1183,0.51581,0.84539,0,0,0,0,0,0,0,0,0,0,0,0,0,0,0,0,0,0,0,0,0,0,0,0,0,0,0,0,0,0,0,0.57382,0.00226086,0.000753621,0.00226086,0.000753621,0.00226086,0.000753621,0.00226086,0.000753621
268,23799.9,0.98672,0.48754,0.82527,0,0,0,0,0,0,0.14174,0.00224,0.00025,0,0,0,0,0,0,0,0,0,0,0,0,0,0,0.59567,0.15521,0,0,0.46676,0.06172,0.41388,0.46742,0.8632,0.80693,0.84916,0.57409,1.11788,0.51587,0.84536,0,0,0,0,0,0,0,0,0,0,0,0,0,0,0,0,0,0,0,0,0,0,0,0,0,0,0,0,0,0,0,0.57409,0.00225582,0.000751939,0.00225582,0.000751939,0.00225582,0.000751939,0.00225582,0.000751939
269,23888.9,0.98601,0.48649,0.82599,0,0,0,0,0,0,0.1376,0.00221,0.00023,0,0,0,0,0,0,0,0,0,0,0,0,0,0,0.58619,0.15257,0,0,0.46679,0.0617,0.4143,0.46744,0.8624,0.80734,0.84898,0.57401,1.11786,0.51593,0.8454,0,0,0,0,0,0,0,0,0,0,0,0,0,0,0,0,0,0,0,0,0,0,0,0,0,0,0,0,0,0,0,0.57401,0.00225076,0.000750252,0.00225076,0.000750252,0.00225076,0.000750252,0.00225076,0.000750252
270,23977.9,0.99309,0.48912,0.82467,0,0,0,0,0,0,0.14006,0.00223,0.00034,0,0,0,0,0,0,0,0,0,0,0,0,0,0,0.59004,0.15296,0,0,0.46677,0.06176,0.41398,0.46748,0.86363,0.80781,0.85,0.57405,1.11797,0.51605,0.8455,0,0,0,0,0,0,0,0,0,0,0,0,0,0,0,0,0,0,0,0,0,0,0,0,0,0,0,0,0,0,0,0.57405,0.00224568,0.000748562,0.00224568,0.000748562,0.00224568,0.000748562,0.00224568,0.000748562
271,24065.3,0.99145,0.48829,0.82655,0,0,0,0,0,0,0.13717,0.00224,0.00032,0,0,0,0,0,0,0,0,0,0,0,0,0,0,0.58113,0.15299,0,0,0.46683,0.06178,0.41341,0.46753,0.8644,0.80753,0.84968,0.57413,1.11845,0.51633,0.84553,0,0,0,0,0,0,0,0,0,0,0,0,0,0,0,0,0,0,0,0,0,0,0,0,0,0,0,0,0,0,0,0.57413,0.0022406,0.000746868,0.0022406,0.000746868,0.0022406,0.000746868,0.0022406,0.000746868
272,24154.3,0.99211,0.49162,0.82457,0,0,0,0,0,0,0.13951,0.00221,0.00031,2e-05,0,0,0,0,0,0,0,0,0,0,0,0,0,0.56181,0.15097,0,0,0.46677,0.06175,0.41394,0.46747,0.86457,0.80696,0.84922,0.57383,1.11827,0.51649,0.84545,0,0,0,0,0,0,0,0,0,0,0,0,0,0,0,0,0,0,0,0,0,0,0,0,0,0,0,0,0,0,0,0.57383,0.00223551,0.00074517,0.00223551,0.00074517,0.00223551,0.00074517,0.00223551,0.00074517
273,24243.5,0.9895,0.49026,0.82547,0,0,0,0,0,0,0.13548,0.00222,0.00028,0,0,0,0,0,0,0,0,0,0,0,0,0,0,0.55413,0.14766,0,0,0.46673,0.06174,0.41261,0.46739,0.86495,0.8064,0.84843,0.57374,1.11826,0.51622,0.84549,0,0,0,0,0,0,0,0,0,0,0,0,0,0,0,0,0,0,0,0,0,0,0,0,0,0,0,0,0,0,0,0.57374,0.0022304,0.000743468,0.0022304,0.000743468,0.0022304,0.000743468,0.0022304,0.000743468
274,24332.9,0.98626,0.48898,0.8249,0,0,0,0,0,0,0.13835,0.00223,0.00035,0,0,0,0,0,0,0,0,0,0,0,0,0,0,0.56952,0.15168,0,0,0.46682,0.06177,0.41387,0.46753,0.86507,0.80684,0.84869,0.57371,1.11833,0.51621,0.8455,0,0,0,0,0,0,0,0,0,0,0,0,0,0,0,0,0,0,0,0,0,0,0,0,0,0,0,0,0,0,0,0.57371,0.00222529,0.000741763,0.00222529,0.000741763,0.00222529,0.000741763,0.00222529,0.000741763
275,24423.3,0.99014,0.48801,0.82411,0,0,0,0,0,0,0.13837,0.00224,0.00026,0,0,0,0,0,0,0,0,0,0,0,0,0,0,0.56824,0.15178,0,0,0.46686,0.06181,0.4135,0.46752,0.86438,0.80756,0.84895,0.57387,1.11805,0.51602,0.8454,0,0,0,0,0,0,0,0,0,0,0,0,0,0,0,0,0,0,0,0,0,0,0,0,0,0,0,0,0,0,0,0.57387,0.00222016,0.000740054,0.00222016,0.000740054,0.00222016,0.000740054,0.00222016,0.000740054
276,24512.9,0.98782,0.4899,0.82766,0,0,0,0,0,0,0.13792,0.00225,0.00033,0,0,0,0,0,0,0,0,0,0,0,0,0,0,0.54435,0.15066,0,0,0.46664,0.06167,0.41388,0.46734,0.86502,0.807,0.84923,0.57392,1.11728,0.51599,0.84543,0,0,0,0,0,0,0,0,0,0,0,0,0,0,0,0,0,0,0,0,0,0,0,0,0,0,0,0,0,0,0,0.57392,0.00221502,0.000738341,0.00221502,0.000738341,0.00221502,0.000738341,0.00221502,0.000738341
277,24602,0.98748,0.48891,0.82508,0,0,0,0,0,0,0.13904,0.00225,0.00027,0,0,0,0,0,0,0,0,0,0,0,0,0,0,0.55621,0.15204,0,0,0.46681,0.06174,0.41429,0.46751,0.86403,0.80767,0.84824,0.57381,1.11643,0.5159,0.84529,0,0,0,0,0,0,0,0,0,0,0,0,0,0,0,0,0,0,0,0,0,0,0,0,0,0,0,0,0,0,0,0.57381,0.00220988,0.000736625,0.00220988,0.000736625,0.00220988,0.000736625,0.00220988,0.000736625
278,24691.2,0.98552,0.48958,0.82544,0,0,0,0,0,0,0.13565,0.00224,0.00033,0,0,0,0,0,0,0,0,0,0,0,0,0,0,0.54813,0.14988,0,0,0.4667,0.06168,0.41379,0.46741,0.86371,0.80755,0.84868,0.57391,1.11645,0.51601,0.84535,0,0,0,0,0,0,0,0,0,0,0,0,0,0,0,0,0,0,0,0,0,0,0,0,0,0,0,0,0,0,0,0.57391,0.00220472,0.000734906,0.00220472,0.000734906,0.00220472,0.000734906,0.00220472,0.000734906
279,24779.4,0.98719,0.48835,0.82719,0,0,0,0,0,0,0.13545,0.00222,0.00026,0,0,0,0,0,0,0,0,0,0,0,0,0,0,0.55156,0.15217,0,0,0.46675,0.06179,0.41346,0.46746,0.86359,0.8076,0.84895,0.57407,1.11635,0.51581,0.84532,0,0,0,0,0,0,0,0,0,0,0,0,0,0,0,0,0,0,0,0,0,0,0,0,0,0,0,0,0,0,0,0.57407,0.00219955,0.000733182,0.00219955,0.000733182,0.00219955,0.000733182,0.00219955,0.000733182
280,24868.8,0.99,0.4878,0.82569,0,0,0,0,0,0,0.13728,0.00222,0.00028,0,0,0,0,0,0,0,0,0,0,0,0,0,0,0.55065,0.15362,0,0,0.46682,0.06181,0.41418,0.46752,0.86413,0.80743,0.84828,0.57389,1.11567,0.51586,0.84521,0,0,0,0,0,0,0,0,0,0,0,0,0,0,0,0,0,0,0,0,0,0,0,0,0,0,0,0,0,0,0,0.57389,0.00219437,0.000731456,0.00219437,0.000731456,0.00219437,0.000731456,0.00219437,0.000731456
281,24958.6,0.98774,0.48817,0.82627,0,0,0,0,0,0,0.13644,0.00223,0.00026,2e-05,0,0,0,0,0,0,0,0,0,0,0,0,0,0.54358,0.15508,0,0,0.46676,0.06172,0.41399,0.46746,0.86305,0.80736,0.84841,0.57427,1.11573,0.51577,0.84522,0,0,0,0,0,0,0,0,0,0,0,0,0,0,0,0,0,0,0,0,0,0,0,0,0,0,0,0,0,0,0,0.57427,0.00218918,0.000729725,0.00218918,0.000729725,0.00218918,0.000729725,0.00218918,0.000729725
282,25048.5,0.98435,0.48527,0.82662,0,0,0,0,0,0,0.1336,0.00221,0.00026,0,0,0,0,0,0,0,0,0,0,0,0,0,0,0.55999,0.15299,0,0,0.46679,0.0618,0.41405,0.46745,0.8648,0.80705,0.84846,0.57435,1.11568,0.51578,0.8453,0,0,0,0,0,0,0,0,0,0,0,0,0,0,0,0,0,0,0,0,0,0,0,0,0,0,0,0,0,0,0,0.57435,0.00218397,0.000727992,0.00218397,0.000727992,0.00218397,0.000727992,0.00218397,0.000727992
283,25138,0.9859,0.48588,0.82493,0,0,0,0,0,0,0.14018,0.0022,0.00026,4e-05,0,0,0,0,0,0,0,0,0,0,0,0,0,0.55631,0.15527,0,0,0.46667,0.06171,0.41367,0.46737,0.86565,0.80752,0.84928,0.57448,1.11632,0.5159,0.8454,0,0,0,0,0,0,0,0,0,0,0,0,0,0,0,0,0,0,0,0,0,0,0,0,0,0,0,0,0,0,0,0.57448,0.00217876,0.000726254,0.00217876,0.000726254,0.00217876,0.000726254,0.00217876,0.000726254
284,25227,0.98038,0.48384,0.82619,0,0,0,0,0,0,0.13992,0.00221,0.00024,1e-05,0,0,0,0,0,0,0,0,0,0,0,0,0,0.56268,0.15389,0,0,0.46676,0.06171,0.41409,0.46746,0.86632,0.80729,0.84855,0.57437,1.11661,0.51585,0.84544,0,0,0,0,0,0,0,0,0,0,0,0,0,0,0,0,0,0,0,0,0,0,0,0,0,0,0,0,0,0,0,0.57437,0.00217354,0.000724514,0.00217354,0.000724514,0.00217354,0.000724514,0.00217354,0.000724514
285,25317,0.98235,0.48604,0.82464,0,0,0,0,0,0,0.13853,0.00219,0.00026,1e-05,0,0,0,0,0,0,0,0,0,0,0,0,0,0.55327,0.14888,0,0,0.46668,0.06163,0.41402,0.46738,0.86599,0.80707,0.84892,0.57431,1.11745,0.51584,0.84556,0,0,0,0,0,0,0,0,0,0,0,0,0,0,0,0,0,0,0,0,0,0,0,0,0,0,0,0,0,0,0,0.57431,0.00216831,0.00072277,0.00216831,0.00072277,0.00216831,0.00072277,0.00216831,0.00072277
286,25406.8,0.98416,0.4865,0.82482,0,0,0,0,0,0,0.13737,0.0022,0.00031,0,0,0,0,0,0,0,0,0,0,0,0,0,0,0.53669,0.1498,0,0,0.46673,0.06165,0.41352,0.46743,0.86471,0.80743,0.84886,0.57441,1.1176,0.5161,0.84557,0,0,0,0,0,0,0,0,0,0,0,0,0,0,0,0,0,0,0,0,0,0,0,0,0,0,0,0,0,0,0,0.57441,0.00216307,0.000721023,0.00216307,0.000721023,0.00216307,0.000721023,0.00216307,0.000721023
287,25494.3,0.98439,0.48619,0.82565,0,0,0,0,0,0,0.1379,0.0022,0.00025,0,0,0,0,0,0,0,0,0,0,0,0,0,0,0.55039,0.14991,0,0,0.46679,0.06173,0.41446,0.46749,0.86605,0.80755,0.84945,0.57439,1.11792,0.51629,0.8456,0,0,0,0,0,0,0,0,0,0,0,0,0,0,0,0,0,0,0,0,0,0,0,0,0,0,0,0,0,0,0,0.57439,0.00215782,0.000719272,0.00215782,0.000719272,0.00215782,0.000719272,0.00215782,0.000719272
288,25583.7,0.98312,0.48619,0.8246,0,0,0,0,0,0,0.13944,0.00217,0.00033,0,0,0,0,0,0,0,0,0,0,0,0,0,0,0.54793,0.15282,0,0,0.46677,0.06179,0.41256,0.46748,0.86682,0.80755,0.84996,0.57454,1.1185,0.51645,0.84561,0,0,0,0,0,0,0,0,0,0,0,0,0,0,0,0,0,0,0,0,0,0,0,0,0,0,0,0,0,0,0,0.57454,0.00215255,0.000717518,0.00215255,0.000717518,0.00215255,0.000717518,0.00215255,0.000717518
289,25672.8,0.98513,0.48556,0.82438,0,0,0,0,0,0,0.14087,0.00218,0.00024,0,0,0,0,0,0,0,0,0,0,0,0,0,0,0.54759,0.15266,0,0,0.46678,0.06176,0.4134,0.46748,0.86852,0.80703,0.8506,0.57435,1.11894,0.51676,0.84575,0,0,0,0,0,0,0,0,0,0,0,0,0,0,0,0,0,0,0,0,0,0,0,0,0,0,0,0,0,0,0,0.57435,0.00214728,0.000715761,0.00214728,0.000715761,0.00214728,0.000715761,0.00214728,0.000715761
290,25762.2,0.98617,0.48832,0.82519,0,0,0,0,0,0,0.13905,0.00219,0.00027,2e-05,0,0,0,0,0,0,0,0,0,0,0,0,0,0.56008,0.15155,0,0,0.46681,0.06178,0.41323,0.46751,0.86755,0.80776,0.8498,0.57429,1.11888,0.51659,0.84582,0,0,0,0,0,0,0,0,0,0,0,0,0,0,0,0,0,0,0,0,0,0,0,0,0,0,0,0,0,0,0,0.57429,0.002142,0.000714,0.002142,0.000714,0.002142,0.000714,0.002142,0.000714
291,25851.4,0.98008,0.48496,0.82425,0,0,0,0,0,0,0.1342,0.00219,0.00025,1e-05,0,0,0,0,0,0,0,0,0,0,0,0,0,0.57484,0.15057,0,0,0.46665,0.06166,0.41387,0.46734,0.86617,0.80777,0.84977,0.57433,1.11881,0.51694,0.84578,0,0,0,0,0,0,0,0,0,0,0,0,0,0,0,0,0,0,0,0,0,0,0,0,0,0,0,0,0,0,0,0.57433,0.00213671,0.000712237,0.00213671,0.000712237,0.00213671,0.000712237,0.00213671,0.000712237
292,25942.2,0.98435,0.4856,0.82489,0,0,0,0,0,0,0.13998,0.00219,0.00029,0,0,0,0,0,0,0,0,0,0,0,0,0,0,0.56948,0.15313,0,0,0.46676,0.06164,0.41397,0.46746,0.86632,0.8071,0.84971,0.5742,1.11869,0.51687,0.84569,0,0,0,0,0,0,0,0,0,0,0,0,0,0,0,0,0,0,0,0,0,0,0,0,0,0,0,0,0,0,0,0.5742,0.00213141,0.00071047,0.00213141,0.00071047,0.00213141,0.00071047,0.00213141,0.00071047
293,26031.9,0.98138,0.48429,0.82521,0,0,0,0,0,0,0.1355,0.00218,0.00026,0,0,0,0,0,0,0,0,0,0,0,0,0,0,0.56927,0.15806,0,0,0.46672,0.06179,0.41275,0.46741,0.86592,0.807,0.85027,0.57432,1.11829,0.51687,0.84561,0,0,0,0,0,0,0,0,0,0,0,0,0,0,0,0,0,0,0,0,0,0,0,0,0,0,0,0,0,0,0,0.57432,0.0021261,0.0007087,0.0021261,0.0007087,0.0021261,0.0007087,0.0021261,0.0007087
294,26121.2,0.98743,0.48623,0.82539,0,0,0,0,0,0,0.13427,0.00219,0.00024,0,0,0,0,0,0,0,0,0,0,0,0,0,0,0.56368,0.15105,0,0,0.46679,0.06178,0.41343,0.46745,0.8658,0.80602,0.84956,0.5744,1.1186,0.51696,0.84574,0,0,0,0,0,0,0,0,0,0,0,0,0,0,0,0,0,0,0,0,0,0,0,0,0,0,0,0,0,0,0,0.5744,0.00212078,0.000706926,0.00212078,0.000706926,0.00212078,0.000706926,0.00212078,0.000706926
295,26210.7,0.98374,0.48506,0.82598,0,0,0,0,0,0,0.13363,0.00221,0.00034,0,0,0,0,0,0,0,0,0,0,0,0,0,0,0.55815,0.14931,0,0,0.4667,0.06177,0.41404,0.4674,0.86673,0.80588,0.85065,0.57445,1.11894,0.51701,0.84585,0,0,0,0,0,0,0,0,0,0,0,0,0,0,0,0,0,0,0,0,0,0,0,0,0,0,0,0,0,0,0,0.57445,0.00211545,0.00070515,0.00211545,0.00070515,0.00211545,0.00070515,0.00211545,0.00070515
296,26301,0.98249,0.48592,0.82421,0,0,0,0,0,0,0.13787,0.0022,0.00031,2e-05,0,0,0,0,0,0,0,0,0,0,0,0,0,0.55405,0.15125,0,0,0.46673,0.06168,0.41454,0.46743,0.86636,0.80628,0.85085,0.57485,1.11922,0.51716,0.84584,0,0,0,0,0,0,0,0,0,0,0,0,0,0,0,0,0,0,0,0,0,0,0,0,0,0,0,0,0,0,0,0.57485,0.00211011,0.000703371,0.00211011,0.000703371,0.00211011,0.000703371,0.00211011,0.000703371
297,26391.5,0.98048,0.48291,0.82475,0,0,0,0,0,0,0.1382,0.0022,0.00024,2e-05,0,0,0,0,0,0,0,0,0,0,0,0,0,0.55674,0.15154,0,0,0.46681,0.06179,0.41311,0.46751,0.86725,0.80613,0.85062,0.57464,1.11981,0.51703,0.84588,0,0,0,0,0,0,0,0,0,0,0,0,0,0,0,0,0,0,0,0,0,0,0,0,0,0,0,0,0,0,0,0.57464,0.00210476,0.000701588,0.00210476,0.000701588,0.00210476,0.000701588,0.00210476,0.000701588
298,26484.3,0.97901,0.48446,0.82351,0,0,0,0,0,0,0.13714,0.00219,0.00026,0,0,0,0,0,0,0,0,0,0,0,0,0,0,0.56748,0.14942,0,0,0.46669,0.06172,0.41382,0.46741,0.86581,0.8054,0.85028,0.57501,1.11981,0.51693,0.84588,0,0,0,0,0,0,0,0,0,0,0,0,0,0,0,0,0,0,0,0,0,0,0,0,0,0,0,0,0,0,0,0.57501,0.00209941,0.000699803,0.00209941,0.000699803,0.00209941,0.000699803,0.00209941,0.000699803
299,26573.6,0.98426,0.48791,0.82278,0,0,0,0,0,0,0.13708,0.00221,0.00029,2e-05,0,0,0,0,0,0,0,0,0,0,0,0,0,0.57437,0.15734,0,0,0.46667,0.0617,0.4127,0.46739,0.86694,0.80534,0.85051,0.57513,1.11929,0.51681,0.84588,0,0,0,0,0,0,0,0,0,0,0,0,0,0,0,0,0,0,0,0,0,0,0,0,0,0,0,0,0,0,0,0.57513,0.00209404,0.000698014,0.00209404,0.000698014,0.00209404,0.000698014,0.00209404,0.000698014
300,26662.8,0.98204,0.48501,0.8219,0,0,0,0,0,0,0.13691,0.00217,0.00026,2e-05,0,0,0,0,0,0,0,0,0,0,0,0,0,0.58529,0.15087,0,0,0.46679,0.06194,0.41401,0.46749,0.86707,0.80514,0.85028,0.57543,1.11828,0.51677,0.84576,0,0,0,0,0,0,0,0,0,0,0,0,0,0,0,0,0,0,0,0,0,0,0,0,0,0,0,0,0,0,0,0.57543,0.00208867,0.000696223,0.00208867,0.000696223,0.00208867,0.000696223,0.00208867,0.000696223
301,26751.8,0.98463,0.4838,0.82392,0,0,0,0,0,0,0.13604,0.00219,0.00026,2e-05,0,0,0,0,0,0,0,0,0,0,0,0,0,0.5843,0.1542,0,0,0.46679,0.06183,0.41359,0.46749,0.86677,0.80531,0.85023,0.57542,1.11758,0.51679,0.84566,0,0,0,0,0,0,0,0,0,0,0,0,0,0,0,0,0,0,0,0,0,0,0,0,0,0,0,0,0,0,0,0.57542,0.00208328,0.000694428,0.00208328,0.000694428,0.00208328,0.000694428,0.00208328,0.000694428
302,26842.4,0.9814,0.48415,0.82369,0,0,0,0,0,0,0.13712,0.0022,0.00024,0,0,0,0,0,0,0,0,0,0,0,0,0,0,0.57679,0.15048,0,0,0.46679,0.06175,0.41344,0.4675,0.86716,0.80558,0.85067,0.57551,1.11727,0.51687,0.84562,0,0,0,0,0,0,0,0,0,0,0,0,0,0,0,0,0,0,0,0,0,0,0,0,0,0,0,0,0,0,0,0.57551,0.00207789,0.000692631,0.00207789,0.000692631,0.00207789,0.000692631,0.00207789,0.000692631
303,26932.9,0.9811,0.48248,0.82319,0,0,0,0,0,0,0.13766,0.0022,0.00024,0,0,0,0,0,0,0,0,0,0,0,0,0,0,0.57407,0.15068,0,0,0.4668,0.06183,0.41334,0.46744,0.86748,0.80544,0.85084,0.57572,1.1173,0.51702,0.84557,0,0,0,0,0,0,0,0,0,0,0,0,0,0,0,0,0,0,0,0,0,0,0,0,0,0,0,0,0,0,0,0.57572,0.00207249,0.000690831,0.00207249,0.000690831,0.00207249,0.000690831,0.00207249,0.000690831
304,27022.3,0.98003,0.48474,0.82432,0,0,0,0,0,0,0.13646,0.00219,0.00025,1e-05,0,0,0,0,0,0,0,0,0,0,0,0,0,0.56724,0.15226,0,0,0.46687,0.06174,0.41407,0.46757,0.8674,0.80536,0.85059,0.57587,1.11732,0.51682,0.84563,0,0,0,0,0,0,0,0,0,0,0,0,0,0,0,0,0,0,0,0,0,0,0,0,0,0,0,0,0,0,0,0.57587,0.00206708,0.000689028,0.00206708,0.000689028,0.00206708,0.000689028,0.00206708,0.000689028
305,27111.9,0.97618,0.48761,0.82372,0,0,0,0,0,0,0.13375,0.00217,0.00033,0,0,0,0,0,0,0,0,0,0,0,0,0,0,0.56003,0.15142,0,0,0.46686,0.0618,0.41433,0.46756,0.86786,0.80427,0.85048,0.57526,1.11804,0.51683,0.84574,0,0,0,0,0,0,0,0,0,0,0,0,0,0,0,0,0,0,0,0,0,0,0,0,0,0,0,0,0,0,0,0.57526,0.00206166,0.000687222,0.00206166,0.000687222,0.00206166,0.000687222,0.00206166,0.000687222
306,27202.3,0.97848,0.48488,0.82471,0,0,0,0,0,0,0.13143,0.00218,0.00027,3e-05,0,0,0,0,0,0,0,0,0,0,0,0,0,0.55749,0.15376,0,0,0.46671,0.06168,0.41366,0.46742,0.86718,0.80493,0.85021,0.57541,1.11759,0.51719,0.84573,0,0,0,0,0,0,0,0,0,0,0,0,0,0,0,0,0,0,0,0,0,0,0,0,0,0,0,0,0,0,0,0.57541,0.00205624,0.000685413,0.00205624,0.000685413,0.00205624,0.000685413,0.00205624,0.000685413
307,27292.2,0.96751,0.47867,0.82266,0,0,0,0,0,0,0.13686,0.00217,0.00025,0,0,0,0,0,0,0,0,0,0,0,0,0,0,0.53764,0.14896,0,0,0.46669,0.06167,0.41422,0.46739,0.86734,0.8056,0.8507,0.57503,1.1185,0.51702,0.84581,0,0,0,0,0,0,0,0,0,0,0,0,0,0,0,0,0,0,0,0,0,0,0,0,0,0,0,0,0,0,0,0.57503,0.0020508,0.000683601,0.0020508,0.000683601,0.0020508,0.000683601,0.0020508,0.000683601
308,27381.6,0.98006,0.48391,0.82336,0,0,0,0,0,0,0.13523,0.00216,0.00023,0,0,0,0,0,0,0,0,0,0,0,0,0,0,0.56188,0.15096,0,0,0.4668,0.06171,0.41294,0.4675,0.86765,0.80536,0.85081,0.57505,1.11799,0.51696,0.84583,0,0,0,0,0,0,0,0,0,0,0,0,0,0,0,0,0,0,0,0,0,0,0,0,0,0,0,0,0,0,0,0.57505,0.00204536,0.000681787,0.00204536,0.000681787,0.00204536,0.000681787,0.00204536,0.000681787
309,27470.9,0.97505,0.48486,0.82486,0,0,0,0,0,0,0.136,0.00216,0.00027,1e-05,0,0,0,0,0,0,0,0,0,0,0,0,0,0.58161,0.15381,0,0,0.46677,0.0617,0.41331,0.46747,0.86788,0.80584,0.85142,0.57523,1.11833,0.51738,0.84584,0,0,0,0,0,0,0,0,0,0,0,0,0,0,0,0,0,0,0,0,0,0,0,0,0,0,0,0,0,0,0,0.57523,0.00203991,0.00067997,0.00203991,0.00067997,0.00203991,0.00067997,0.00203991,0.00067997
310,27560.3,0.97849,0.48071,0.82576,0,0,0,0,0,0,0.13356,0.00217,0.00031,0,0,0,0,0,0,0,0,0,0,0,0,0,0,0.56334,0.15487,0,0,0.46667,0.06176,0.41331,0.46737,0.86667,0.80524,0.85069,0.57507,1.11825,0.51707,0.84587,0,0,0,0,0,0,0,0,0,0,0,0,0,0,0,0,0,0,0,0,0,0,0,0,0,0,0,0,0,0,0,0.57507,0.00203445,0.00067815,0.00203445,0.00067815,0.00203445,0.00067815,0.00203445,0.00067815
311,27649.1,0.97451,0.48169,0.8256,0,0,0,0,0,0,0.137,0.00216,0.00026,0,0,0,0,0,0,0,0,0,0,0,0,0,0,0.56872,0.15073,0,0,0.46674,0.06165,0.41374,0.46743,0.86703,0.80514,0.85056,0.57442,1.11895,0.51725,0.84595,0,0,0,0,0,0,0,0,0,0,0,0,0,0,0,0,0,0,0,0,0,0,0,0,0,0,0,0,0,0,0,0.57442,0.00202898,0.000676328,0.00202898,0.000676328,0.00202898,0.000676328,0.00202898,0.000676328
312,27738.6,0.98082,0.4829,0.82614,0,0,0,0,0,0,0.1354,0.00215,0.00032,1e-05,0,0,0,0,0,0,0,0,0,0,0,0,0,0.56105,0.1516,0,0,0.46678,0.06184,0.41444,0.46748,0.86692,0.80535,0.85033,0.57449,1.1199,0.51743,0.84603,0,0,0,0,0,0,0,0,0,0,0,0,0,0,0,0,0,0,0,0,0,0,0,0,0,0,0,0,0,0,0,0.57449,0.00202351,0.000674503,0.00202351,0.000674503,0.00202351,0.000674503,0.00202351,0.000674503
313,27827.4,0.97776,0.4819,0.8231,0,0,0,0,0,0,0.13208,0.00214,0.00026,1e-05,0,0,0,0,0,0,0,0,0,0,0,0,0,0.54472,0.14917,0,0,0.46677,0.06169,0.41441,0.46747,0.86624,0.80535,0.85083,0.57452,1.11999,0.51733,0.84596,0,0,0,0,0,0,0,0,0,0,0,0,0,0,0,0,0,0,0,0,0,0,0,0,0,0,0,0,0,0,0,0.57452,0.00201803,0.000672675,0.00201803,0.000672675,0.00201803,0.000672675,0.00201803,0.000672675
314,27916.1,0.9756,0.48033,0.82296,0,0,0,0,0,0,0.13206,0.00215,0.00025,1e-05,0,0,0,0,0,0,0,0,0,0,0,0,0,0.55792,0.14659,0,0,0.46674,0.0617,0.41383,0.46745,0.86655,0.80511,0.85124,0.57441,1.12045,0.5174,0.84597,0,0,0,0,0,0,0,0,0,0,0,0,0,0,0,0,0,0,0,0,0,0,0,0,0,0,0,0,0,0,0,0.57441,0.00201254,0.000670845,0.00201254,0.000670845,0.00201254,0.000670845,0.00201254,0.000670845
315,28005.6,0.97382,0.48053,0.82261,0,0,0,0,0,0,0.13474,0.00215,0.00032,0,0,0,0,0,0,0,0,0,0,0,0,0,0,0.5791,0.1509,0,0,0.46676,0.06177,0.41411,0.46746,0.86497,0.80586,0.85142,0.574,1.1196,0.51738,0.84591,0,0,0,0,0,0,0,0,0,0,0,0,0,0,0,0,0,0,0,0,0,0,0,0,0,0,0,0,0,0,0,0.574,0.00200704,0.000669012,0.00200704,0.000669012,0.00200704,0.000669012,0.00200704,0.000669012
316,28095.3,0.97833,0.48186,0.82287,0,0,0,0,0,0,0.1297,0.00214,0.00034,0,0,0,0,0,0,0,0,0,0,0,0,0,0,0.57219,0.15093,0,0,0.46678,0.06173,0.41367,0.46748,0.86476,0.80581,0.85096,0.5739,1.12018,0.51766,0.84592,0,0,0,0,0,0,0,0,0,0,0,0,0,0,0,0,0,0,0,0,0,0,0,0,0,0,0,0,0,0,0,0.5739,0.00200153,0.000667177,0.00200153,0.000667177,0.00200153,0.000667177,0.00200153,0.000667177
317,28184.7,0.97536,0.48248,0.82411,0,0,0,0,0,0,0.13681,0.00213,0.00031,0,0,0,0,0,0,0,0,0,0,0,0,0,0,0.57267,0.14723,0,0,0.46672,0.06173,0.41227,0.46743,0.86478,0.8067,0.85173,0.57417,1.12091,0.51758,0.84603,0,0,0,0,0,0,0,0,0,0,0,0,0,0,0,0,0,0,0,0,0,0,0,0,0,0,0,0,0,0,0,0.57417,0.00199602,0.000665339,0.00199602,0.000665339,0.00199602,0.000665339,0.00199602,0.000665339
318,28274.5,0.97359,0.48105,0.82268,0,0,0,0,0,0,0.13716,0.00214,0.00026,5e-05,0,0,0,0,0,0,0,0,0,0,0,0,0,0.56706,0.1488,0,0,0.46674,0.06173,0.41361,0.46744,0.86476,0.80643,0.85168,0.57389,1.12091,0.51774,0.84596,0,0,0,0,0,0,0,0,0,0,0,0,0,0,0,0,0,0,0,0,0,0,0,0,0,0,0,0,0,0,0,0.57389,0.0019905,0.000663499,0.0019905,0.000663499,0.0019905,0.000663499,0.0019905,0.000663499
319,28363.9,0.97681,0.48274,0.82313,0,0,0,0,0,0,0.13292,0.00213,0.00024,1e-05,0,0,0,0,0,0,0,0,0,0,0,0,0,0.57169,0.14975,0,0,0.46677,0.06167,0.41416,0.46746,0.86399,0.80727,0.85136,0.57382,1.12133,0.51764,0.84607,0,0,0,0,0,0,0,0,0,0,0,0,0,0,0,0,0,0,0,0,0,0,0,0,0,0,0,0,0,0,0,0.57382,0.00198497,0.000661656,0.00198497,0.000661656,0.00198497,0.000661656,0.00198497,0.000661656
320,28451.3,0.96982,0.48029,0.82262,0,0,0,0,0,0,0.13369,0.00215,0.00025,0,0,0,0,0,0,0,0,0,0,0,0,0,0,0.58796,0.15075,0,0,0.46676,0.06177,0.41392,0.46741,0.86468,0.80749,0.85233,0.57388,1.12168,0.51775,0.84608,0,0,0,0,0,0,0,0,0,0,0,0,0,0,0,0,0,0,0,0,0,0,0,0,0,0,0,0,0,0,0,0.57388,0.00197943,0.000659811,0.00197943,0.000659811,0.00197943,0.000659811,0.00197943,0.000659811
321,28539.8,0.97155,0.48037,0.82242,0,0,0,0,0,0,0.12956,0.00215,0.00033,0,0,0,0,0,0,0,0,0,0,0,0,0,0,0.58094,0.15596,0,0,0.46671,0.06172,0.41364,0.46743,0.86506,0.80795,0.85255,0.57392,1.12193,0.51772,0.84609,0,0,0,0,0,0,0,0,0,0,0,0,0,0,0,0,0,0,0,0,0,0,0,0,0,0,0,0,0,0,0,0.57392,0.00197389,0.000657963,0.00197389,0.000657963,0.00197389,0.000657963,0.00197389,0.000657963
322,28630.2,0.97173,0.48162,0.8248,0,0,0,0,0,0,0.13064,0.00217,0.00031,0,0,0,0,0,0,0,0,0,0,0,0,0,0,0.56901,0.15237,0,0,0.46674,0.0617,0.41366,0.46744,0.86571,0.80802,0.85251,0.57392,1.12187,0.51776,0.84607,0,0,0,0,0,0,0,0,0,0,0,0,0,0,0,0,0,0,0,0,0,0,0,0,0,0,0,0,0,0,0,0.57392,0.00196834,0.000656114,0.00196834,0.000656114,0.00196834,0.000656114,0.00196834,0.000656114
323,28720.6,0.97198,0.47998,0.82393,0,0,0,0,0,0,0.13198,0.00216,0.00025,0,0,0,0,0,0,0,0,0,0,0,0,0,0,0.56129,0.15037,0,0,0.46679,0.06173,0.413,0.46751,0.86712,0.80562,0.85248,0.57335,1.12232,0.51768,0.84615,0,0,0,0,0,0,0,0,0,0,0,0,0,0,0,0,0,0,0,0,0,0,0,0,0,0,0,0,0,0,0,0.57335,0.00196278,0.000654261,0.00196278,0.000654261,0.00196278,0.000654261,0.00196278,0.000654261
324,28809.8,0.97194,0.4805,0.8216,0,0,0,0,0,0,0.13201,0.00213,0.0003,0,0,0,0,0,0,0,0,0,0,0,0,0,0,0.55688,0.14807,0,0,0.46681,0.06177,0.41313,0.46752,0.86577,0.80707,0.85276,0.57374,1.12268,0.51762,0.8461,0,0,0,0,0,0,0,0,0,0,0,0,0,0,0,0,0,0,0,0,0,0,0,0,0,0,0,0,0,0,0,0.57374,0.00195722,0.000652407,0.00195722,0.000652407,0.00195722,0.000652407,0.00195722,0.000652407
325,28899.4,0.97477,0.48153,0.82233,0,0,0,0,0,0,0.13209,0.00213,0.00028,0,0,0,0,0,0,0,0,0,0,0,0,0,0,0.55755,0.14881,0,0,0.46679,0.06187,0.41295,0.46749,0.86443,0.80714,0.85266,0.57371,1.12206,0.51776,0.84613,0,0,0,0,0,0,0,0,0,0,0,0,0,0,0,0,0,0,0,0,0,0,0,0,0,0,0,0,0,0,0,0.57371,0.00195165,0.00065055,0.00195165,0.00065055,0.00195165,0.00065055,0.00195165,0.00065055
326,28988.6,0.96704,0.47862,0.82304,0,0,0,0,0,0,0.13331,0.0021,0.00025,0,0,0,0,0,0,0,0,0,0,0,0,0,0,0.56379,0.14635,0,0,0.46678,0.06172,0.41434,0.46748,0.86362,0.80739,0.85281,0.57386,1.12228,0.51808,0.84613,0,0,0,0,0,0,0,0,0,0,0,0,0,0,0,0,0,0,0,0,0,0,0,0,0,0,0,0,0,0,0,0.57386,0.00194607,0.000648691,0.00194607,0.000648691,0.00194607,0.000648691,0.00194607,0.000648691
327,29078.7,0.97432,0.48287,0.81998,0,0,0,0,0,0,0.13546,0.00213,0.00027,0,0,0,0,0,0,0,0,0,0,0,0,0,0,0.56195,0.14809,0,0,0.46669,0.06177,0.41346,0.4674,0.86549,0.80679,0.85249,0.57395,1.12252,0.51822,0.84617,0,0,0,0,0,0,0,0,0,0,0,0,0,0,0,0,0,0,0,0,0,0,0,0,0,0,0,0,0,0,0,0.57395,0.00194049,0.00064683,0.00194049,0.00064683,0.00194049,0.00064683,0.00194049,0.00064683
328,29167.7,0.96632,0.47637,0.82299,0,0,0,0,0,0,0.13408,0.00212,0.00031,2e-05,0,0,0,0,0,0,0,0,0,0,0,0,0,0.55455,0.14635,0,0,0.46675,0.06183,0.4134,0.46746,0.86705,0.80583,0.8531,0.57405,1.12278,0.51833,0.84615,0,0,0,0,0,0,0,0,0,0,0,0,0,0,0,0,0,0,0,0,0,0,0,0,0,0,0,0,0,0,0,0.57405,0.0019349,0.000644966,0.0019349,0.000644966,0.0019349,0.000644966,0.0019349,0.000644966
329,29256.9,0.96425,0.47803,0.82048,0,0,0,0,0,0,0.13091,0.00214,0.00033,1e-05,0,0,0,0,0,0,0,0,0,0,0,0,0,0.55257,0.151,0,0,0.46675,0.06173,0.41332,0.46746,0.86687,0.80511,0.85268,0.57433,1.12226,0.51844,0.8461,0,0,0,0,0,0,0,0,0,0,0,0,0,0,0,0,0,0,0,0,0,0,0,0,0,0,0,0,0,0,0,0.57433,0.0019293,0.000643101,0.0019293,0.000643101,0.0019293,0.000643101,0.0019293,0.000643101
330,29346.5,0.96904,0.47957,0.82249,0,0,0,0,0,0,0.13334,0.00213,0.00025,0,0,0,0,0,0,0,0,0,0,0,0,0,0,0.55471,0.15669,0,0,0.46673,0.06172,0.41391,0.46743,0.86375,0.80744,0.85261,0.57397,1.12291,0.5185,0.84621,0,0,0,0,0,0,0,0,0,0,0,0,0,0,0,0,0,0,0,0,0,0,0,0,0,0,0,0,0,0,0,0.57397,0.0019237,0.000641233,0.0019237,0.000641233,0.0019237,0.000641233,0.0019237,0.000641233
331,29435.7,0.96405,0.47906,0.82349,0,0,0,0,0,0,0.1309,0.00211,0.00032,0,0,0,0,0,0,0,0,0,0,0,0,0,0,0.55091,0.15151,0,0,0.46673,0.0617,0.41304,0.46744,0.86541,0.8063,0.85308,0.57368,1.12267,0.51846,0.84613,0,0,0,0,0,0,0,0,0,0,0,0,0,0,0,0,0,0,0,0,0,0,0,0,0,0,0,0,0,0,0,0.57368,0.00191809,0.000639363,0.00191809,0.000639363,0.00191809,0.000639363,0.00191809,0.000639363
332,29525.6,0.96876,0.47816,0.82318,0,0,0,0,0,0,0.12981,0.00213,0.00026,0,0,0,0,0,0,0,0,0,0,0,0,0,0,0.56441,0.14795,0,0,0.46676,0.06166,0.41386,0.46746,0.86538,0.80681,0.85318,0.57401,1.122,0.51845,0.8461,0,0,0,0,0,0,0,0,0,0,0,0,0,0,0,0,0,0,0,0,0,0,0,0,0,0,0,0,0,0,0,0.57401,0.00191247,0.000637491,0.00191247,0.000637491,0.00191247,0.000637491,0.00191247,0.000637491
333,29614.7,0.96507,0.47931,0.82094,0,0,0,0,0,0,0.13438,0.00214,0.00031,0,0,0,0,0,0,0,0,0,0,0,0,0,0,0.58776,0.15053,0,0,0.46671,0.06164,0.41364,0.46742,0.86305,0.80903,0.85298,0.57422,1.12163,0.51849,0.84603,0,0,0,0,0,0,0,0,0,0,0,0,0,0,0,0,0,0,0,0,0,0,0,0,0,0,0,0,0,0,0,0.57422,0.00190685,0.000635617,0.00190685,0.000635617,0.00190685,0.000635617,0.00190685,0.000635617
334,29703.9,0.97062,0.47865,0.82376,0,0,0,0,0,0,0.13171,0.00213,0.00032,0,0,0,0,0,0,0,0,0,0,0,0,0,0,0.57373,0.14662,0,0,0.46677,0.0618,0.41353,0.46747,0.86301,0.80871,0.8529,0.57465,1.12138,0.5186,0.84602,0,0,0,0,0,0,0,0,0,0,0,0,0,0,0,0,0,0,0,0,0,0,0,0,0,0,0,0,0,0,0,0.57465,0.00190122,0.000633741,0.00190122,0.000633741,0.00190122,0.000633741,0.00190122,0.000633741
335,29793.1,0.96963,0.47736,0.82349,0,0,0,0,0,0,0.13347,0.00211,0.0003,1e-05,0,0,0,0,0,0,0,0,0,0,0,0,0,0.57817,0.14632,0,0,0.46669,0.06179,0.41332,0.4674,0.86194,0.81018,0.85261,0.5743,1.12154,0.51829,0.84601,0,0,0,0,0,0,0,0,0,0,0,0,0,0,0,0,0,0,0,0,0,0,0,0,0,0,0,0,0,0,0,0.5743,0.00189559,0.000631863,0.00189559,0.000631863,0.00189559,0.000631863,0.00189559,0.000631863
336,29881.6,0.96406,0.47643,0.82304,0,0,0,0,0,0,0.13032,0.0021,0.00025,0,0,0,0,0,0,0,0,0,0,0,0,0,0,0.56931,0.1443,0,0,0.4667,0.06166,0.41384,0.46735,0.86216,0.80985,0.85252,0.57448,1.12194,0.51857,0.84602,0,0,0,0,0,0,0,0,0,0,0,0,0,0,0,0,0,0,0,0,0,0,0,0,0,0,0,0,0,0,0,0.57448,0.00188995,0.000629983,0.00188995,0.000629983,0.00188995,0.000629983,0.00188995,0.000629983
337,29970.9,0.96393,0.4781,0.82139,0,0,0,0,0,0,0.13296,0.00211,0.0003,0,0,0,0,0,0,0,0,0,0,0,0,0,0,0.56508,0.14504,0,0,0.4668,0.06181,0.41328,0.4675,0.86122,0.80983,0.85221,0.57466,1.1217,0.51858,0.84604,0,0,0,0,0,0,0,0,0,0,0,0,0,0,0,0,0,0,0,0,0,0,0,0,0,0,0,0,0,0,0,0.57466,0.0018843,0.000628101,0.0018843,0.000628101,0.0018843,0.000628101,0.0018843,0.000628101
338,30060.9,0.96746,0.47921,0.82267,0,0,0,0,0,0,0.13287,0.00211,0.00025,0,0,0,0,0,0,0,0,0,0,0,0,0,0,0.56411,0.1471,0,0,0.46675,0.06171,0.4146,0.46744,0.86374,0.80882,0.85274,0.57487,1.12143,0.51828,0.84597,0,0,0,0,0,0,0,0,0,0,0,0,0,0,0,0,0,0,0,0,0,0,0,0,0,0,0,0,0,0,0,0.57487,0.00187865,0.000626218,0.00187865,0.000626218,0.00187865,0.000626218,0.00187865,0.000626218
339,30150.8,0.95811,0.47605,0.82269,0,0,0,0,0,0,0.13447,0.00213,0.00024,2e-05,0,0,0,0,0,0,0,0,0,0,0,0,0,0.56082,0.14728,0,0,0.46678,0.06179,0.41368,0.46748,0.865,0.80775,0.85291,0.57511,1.12186,0.51825,0.84606,0,0,0,0,0,0,0,0,0,0,0,0,0,0,0,0,0,0,0,0,0,0,0,0,0,0,0,0,0,0,0,0.57511,0.001873,0.000624332,0.001873,0.000624332,0.001873,0.000624332,0.001873,0.000624332
340,30239.9,0.95838,0.47462,0.82197,0,0,0,0,0,0,0.13396,0.0021,0.00028,1e-05,0,0,0,0,0,0,0,0,0,0,0,0,0,0.55859,0.14592,0,0,0.46672,0.06179,0.41408,0.46742,0.86471,0.80777,0.85297,0.57486,1.12218,0.51831,0.84615,0,0,0,0,0,0,0,0,0,0,0,0,0,0,0,0,0,0,0,0,0,0,0,0,0,0,0,0,0,0,0,0.57486,0.00186733,0.000622445,0.00186733,0.000622445,0.00186733,0.000622445,0.00186733,0.000622445
341,30329.9,0.96581,0.47759,0.82288,0,0,0,0,0,0,0.13394,0.00211,0.00024,0,0,0,0,0,0,0,0,0,0,0,0,0,0,0.56754,0.14549,0,0,0.46674,0.06169,0.41383,0.46744,0.86461,0.80787,0.85245,0.57467,1.12294,0.51839,0.84622,0,0,0,0,0,0,0,0,0,0,0,0,0,0,0,0,0,0,0,0,0,0,0,0,0,0,0,0,0,0,0,0.57467,0.00186167,0.000620555,0.00186167,0.000620555,0.00186167,0.000620555,0.00186167,0.000620555
342,30419.2,0.9595,0.47726,0.82146,0,0,0,0,0,0,0.13359,0.00212,0.00032,0,0,0,0,0,0,0,0,0,0,0,0,0,0,0.57427,0.14881,0,0,0.46679,0.0618,0.41399,0.4675,0.86549,0.80704,0.85239,0.5745,1.12308,0.51868,0.84634,0,0,0,0,0,0,0,0,0,0,0,0,0,0,0,0,0,0,0,0,0,0,0,0,0,0,0,0,0,0,0,0.5745,0.00185599,0.000618664,0.00185599,0.000618664,0.00185599,0.000618664,0.00185599,0.000618664
343,30507.4,0.96425,0.47444,0.82213,0,0,0,0,0,0,0.12903,0.0021,0.00022,0,0,0,0,0,0,0,0,0,0,0,0,0,0,0.55699,0.14872,0,0,0.46682,0.06182,0.41381,0.46752,0.86601,0.80628,0.85253,0.57456,1.12358,0.51858,0.84637,0,0,0,0,0,0,0,0,0,0,0,0,0,0,0,0,0,0,0,0,0,0,0,0,0,0,0,0,0,0,0,0.57456,0.00185031,0.000616772,0.00185031,0.000616772,0.00185031,0.000616772,0.00185031,0.000616772
344,30596.8,0.96805,0.47637,0.82417,0,0,0,0,0,0,0.13353,0.00212,0.00023,1e-05,0,0,0,0,0,0,0,0,0,0,0,0,0,0.57036,0.14995,0,0,0.46677,0.06173,0.41353,0.46744,0.8641,0.80843,0.853,0.57481,1.12362,0.51859,0.84633,0,0,0,0,0,0,0,0,0,0,0,0,0,0,0,0,0,0,0,0,0,0,0,0,0,0,0,0,0,0,0,0.57481,0.00184463,0.000614877,0.00184463,0.000614877,0.00184463,0.000614877,0.00184463,0.000614877
345,30686.7,0.96584,0.47764,0.82304,0,0,0,0,0,0,0.12962,0.0021,0.00027,0,0,0,0,0,0,0,0,0,0,0,0,0,0,0.56914,0.14878,0,0,0.46684,0.06183,0.41332,0.46756,0.86383,0.80841,0.85279,0.57464,1.12412,0.51892,0.84642,0,0,0,0,0,0,0,0,0,0,0,0,0,0,0,0,0,0,0,0,0,0,0,0,0,0,0,0,0,0,0,0.57464,0.00183894,0.000612981,0.00183894,0.000612981,0.00183894,0.000612981,0.00183894,0.000612981
346,30776.9,0.96614,0.47788,0.82483,0,0,0,0,0,0,0.13277,0.0021,0.00033,1e-05,0,0,0,0,0,0,0,0,0,0,0,0,0,0.55656,0.15073,0,0,0.46673,0.06163,0.41442,0.46743,0.86341,0.80897,0.8524,0.57459,1.12423,0.51873,0.84645,0,0,0,0,0,0,0,0,0,0,0,0,0,0,0,0,0,0,0,0,0,0,0,0,0,0,0,0,0,0,0,0.57459,0.00183325,0.000611083,0.00183325,0.000611083,0.00183325,0.000611083,0.00183325,0.000611083
347,30866.4,0.96051,0.47359,0.82483,0,0,0,0,0,0,0.13107,0.00211,0.00024,0,0,0,0,0,0,0,0,0,0,0,0,0,0,0.58507,0.14985,0,0,0.46679,0.06178,0.41411,0.46749,0.86317,0.80928,0.85189,0.57441,1.12419,0.51899,0.84641,0,0,0,0,0,0,0,0,0,0,0,0,0,0,0,0,0,0,0,0,0,0,0,0,0,0,0,0,0,0,0,0.57441,0.00182755,0.000609184,0.00182755,0.000609184,0.00182755,0.000609184,0.00182755,0.000609184
348,30956,0.96662,0.47594,0.82033,0,0,0,0,0,0,0.12914,0.00211,0.00031,0,0,0,0,0,0,0,0,0,0,0,0,0,0,0.56271,0.14906,0,0,0.46679,0.06175,0.41339,0.4675,0.86699,0.80628,0.85153,0.57427,1.12438,0.51911,0.84642,0,0,0,0,0,0,0,0,0,0,0,0,0,0,0,0,0,0,0,0,0,0,0,0,0,0,0,0,0,0,0,0.57427,0.00182185,0.000607282,0.00182185,0.000607282,0.00182185,0.000607282,0.00182185,0.000607282
349,31046,0.96187,0.47452,0.82337,0,0,0,0,0,0,0.12843,0.00211,0.00024,0,0,0,0,0,0,0,0,0,0,0,0,0,0,0.5549,0.14776,0,0,0.46675,0.06169,0.41335,0.46746,0.86545,0.8066,0.85143,0.57396,1.12487,0.51893,0.84655,0,0,0,0,0,0,0,0,0,0,0,0,0,0,0,0,0,0,0,0,0,0,0,0,0,0,0,0,0,0,0,0.57396,0.00181614,0.00060538,0.00181614,0.00060538,0.00181614,0.00060538,0.00181614,0.00060538
350,31134.8,0.9626,0.47371,0.82248,0,0,0,0,0,0,0.13046,0.0021,0.00031,0,0,0,0,0,0,0,0,0,0,0,0,0,0,0.56291,0.14798,0,0,0.46679,0.06179,0.41324,0.4675,0.86585,0.80653,0.85167,0.57396,1.12467,0.51908,0.84651,0,0,0,0,0,0,0,0,0,0,0,0,0,0,0,0,0,0,0,0,0,0,0,0,0,0,0,0,0,0,0,0.57396,0.00181043,0.000603475,0.00181043,0.000603475,0.00181043,0.000603475,0.00181043,0.000603475
351,31223.5,0.95329,0.47374,0.82012,0,0,0,0,0,0,0.13246,0.00212,0.00035,0,0,0,0,0,0,0,0,0,0,0,0,0,0,0.53993,0.15018,0,0,0.46682,0.06177,0.41345,0.46753,0.86607,0.80715,0.85202,0.574,1.12459,0.51936,0.84652,0,0,0,0,0,0,0,0,0,0,0,0,0,0,0,0,0,0,0,0,0,0,0,0,0,0,0,0,0,0,0,0.574,0.00180471,0.00060157,0.00180471,0.00060157,0.00180471,0.00060157,0.00180471,0.00060157
352,31312.6,0.95515,0.47189,0.82093,0,0,0,0,0,0,0.13022,0.00211,0.00025,0,0,0,0,0,0,0,0,0,0,0,0,0,0,0.54918,0.14255,0,0,0.46678,0.06173,0.41322,0.46749,0.86617,0.80768,0.85217,0.57389,1.12499,0.51905,0.84651,0,0,0,0,0,0,0,0,0,0,0,0,0,0,0,0,0,0,0,0,0,0,0,0,0,0,0,0,0,0,0,0.57389,0.00179899,0.000599662,0.00179899,0.000599662,0.00179899,0.000599662,0.00179899,0.000599662
353,31402.5,0.96179,0.47501,0.82212,0,0,0,0,0,0,0.12942,0.0021,0.00024,3e-05,0,0,0,0,0,0,0,0,0,0,0,0,0,0.55574,0.14516,0,0,0.46683,0.06187,0.41306,0.46754,0.86503,0.80746,0.85219,0.574,1.12439,0.51941,0.8465,0,0,0,0,0,0,0,0,0,0,0,0,0,0,0,0,0,0,0,0,0,0,0,0,0,0,0,0,0,0,0,0.574,0.00179326,0.000597754,0.00179326,0.000597754,0.00179326,0.000597754,0.00179326,0.000597754
354,31491.8,0.96158,0.47634,0.82169,0,0,0,0,0,0,0.13097,0.00209,0.00026,0,0,0,0,0,0,0,0,0,0,0,0,0,0,0.55899,0.14796,0,0,0.46679,0.0617,0.41393,0.46749,0.8666,0.80695,0.85239,0.57431,1.12419,0.51966,0.84651,0,0,0,0,0,0,0,0,0,0,0,0,0,0,0,0,0,0,0,0,0,0,0,0,0,0,0,0,0,0,0,0.57431,0.00178753,0.000595844,0.00178753,0.000595844,0.00178753,0.000595844,0.00178753,0.000595844
355,31582.3,0.95947,0.47399,0.82236,0,0,0,0,0,0,0.1314,0.00207,0.00024,0,0,0,0,0,0,0,0,0,0,0,0,0,0,0.54618,0.14799,0,0,0.46675,0.06173,0.41347,0.46746,0.86636,0.8069,0.85256,0.57421,1.12415,0.51954,0.8465,0,0,0,0,0,0,0,0,0,0,0,0,0,0,0,0,0,0,0,0,0,0,0,0,0,0,0,0,0,0,0,0.57421,0.0017818,0.000593932,0.0017818,0.000593932,0.0017818,0.000593932,0.0017818,0.000593932
356,31672.4,0.95847,0.47555,0.82315,0,0,0,0,0,0,0.12996,0.00209,0.0003,2e-05,0,0,0,0,0,0,0,0,0,0,0,0,0,0.55356,0.1444,0,0,0.46673,0.06171,0.41372,0.46743,0.86717,0.80812,0.85305,0.57398,1.12446,0.51921,0.84651,0,0,0,0,0,0,0,0,0,0,0,0,0,0,0,0,0,0,0,0,0,0,0,0,0,0,0,0,0,0,0,0.57398,0.00177606,0.000592019,0.00177606,0.000592019,0.00177606,0.000592019,0.00177606,0.000592019
357,31761.4,0.95641,0.47275,0.82215,0,0,0,0,0,0,0.12731,0.0021,0.00023,1e-05,0,0,0,0,0,0,0,0,0,0,0,0,0,0.56371,0.14363,0,0,0.46685,0.06173,0.41401,0.4675,0.86824,0.80689,0.85268,0.57443,1.12547,0.51886,0.84669,0,0,0,0,0,0,0,0,0,0,0,0,0,0,0,0,0,0,0,0,0,0,0,0,0,0,0,0,0,0,0,0.57443,0.00177031,0.000590105,0.00177031,0.000590105,0.00177031,0.000590105,0.00177031,0.000590105
358,31849.5,0.96224,0.47724,0.821,0,0,0,0,0,0,0.12724,0.00209,0.00025,3e-05,0,0,0,0,0,0,0,0,0,0,0,0,0,0.57269,0.14531,0,0,0.46682,0.0618,0.4144,0.46753,0.86851,0.80716,0.8532,0.57425,1.12589,0.51933,0.84671,0,0,0,0,0,0,0,0,0,0,0,0,0,0,0,0,0,0,0,0,0,0,0,0,0,0,0,0,0,0,0,0.57425,0.00176457,0.000588189,0.00176457,0.000588189,0.00176457,0.000588189,0.00176457,0.000588189
359,31938.9,0.9534,0.47194,0.82239,0,0,0,0,0,0,0.13521,0.00209,0.00024,1e-05,0,0,0,0,0,0,0,0,0,0,0,0,0,0.55912,0.14874,0,0,0.46669,0.06167,0.41381,0.4674,0.87003,0.80756,0.85352,0.57409,1.12601,0.5193,0.84678,0,0,0,0,0,0,0,0,0,0,0,0,0,0,0,0,0,0,0,0,0,0,0,0,0,0,0,0,0,0,0,0.57409,0.00175882,0.000586272,0.00175882,0.000586272,0.00175882,0.000586272,0.00175882,0.000586272
360,32027.9,0.95844,0.47166,0.82192,0,0,0,0,0,0,0.1347,0.00211,0.00023,0,0,0,0,0,0,0,0,0,0,0,0,0,0,0.56477,0.14704,0,0,0.4667,0.06168,0.41343,0.46741,0.86883,0.80642,0.85242,0.57415,1.12628,0.51925,0.84674,0,0,0,0,0,0,0,0,0,0,0,0,0,0,0,0,0,0,0,0,0,0,0,0,0,0,0,0,0,0,0,0.57415,0.00175306,0.000584354,0.00175306,0.000584354,0.00175306,0.000584354,0.00175306,0.000584354
361,32116.9,0.95664,0.47138,0.822,0,0,0,0,0,0,0.13196,0.00209,0.00032,0,0,0,0,0,0,0,0,0,0,0,0,0,0,0.56649,0.1455,0,0,0.46681,0.06177,0.41412,0.46751,0.8697,0.80674,0.85297,0.57439,1.12553,0.51938,0.84664,0,0,0,0,0,0,0,0,0,0,0,0,0,0,0,0,0,0,0,0,0,0,0,0,0,0,0,0,0,0,0,0.57439,0.00174731,0.000582435,0.00174731,0.000582435,0.00174731,0.000582435,0.00174731,0.000582435
362,32206.2,0.95581,0.47305,0.82294,0,0,0,0,0,0,0.13021,0.00209,0.00027,2e-05,0,0,0,0,0,0,0,0,0,0,0,0,0,0.54238,0.14495,0,0,0.46675,0.06176,0.4135,0.46746,0.86897,0.80689,0.85285,0.57439,1.126,0.5194,0.84679,0,0,0,0,0,0,0,0,0,0,0,0,0,0,0,0,0,0,0,0,0,0,0,0,0,0,0,0,0,0,0,0.57439,0.00174154,0.000580515,0.00174154,0.000580515,0.00174154,0.000580515,0.00174154,0.000580515
363,32295.1,0.95683,0.47261,0.82374,0,0,0,0,0,0,0.1297,0.00211,0.00024,4e-05,0,0,0,0,0,0,0,0,0,0,0,0,0,0.54698,0.1451,0,0,0.46669,0.06177,0.41334,0.46741,0.86922,0.80682,0.85318,0.57439,1.12639,0.51942,0.84683,0,0,0,0,0,0,0,0,0,0,0,0,0,0,0,0,0,0,0,0,0,0,0,0,0,0,0,0,0,0,0,0.57439,0.00173578,0.000578593,0.00173578,0.000578593,0.00173578,0.000578593,0.00173578,0.000578593
364,32384.5,0.95176,0.4714,0.82067,0,0,0,0,0,0,0.13249,0.00208,0.00026,0,0,0,0,0,0,0,0,0,0,0,0,0,0,0.57168,0.15214,0,0,0.46675,0.06173,0.41348,0.46746,0.86875,0.80766,0.85324,0.57445,1.12632,0.51943,0.84686,0,0,0,0,0,0,0,0,0,0,0,0,0,0,0,0,0,0,0,0,0,0,0,0,0,0,0,0,0,0,0,0.57445,0.00173001,0.00057667,0.00173001,0.00057667,0.00173001,0.00057667,0.00173001,0.00057667
365,32474.5,0.94873,0.47077,0.8222,0,0,0,0,0,0,0.12906,0.00208,0.00027,0,0,0,0,0,0,0,0,0,0,0,0,0,0,0.56445,0.14666,0,0,0.46671,0.06167,0.41385,0.46741,0.86884,0.80762,0.85348,0.57469,1.12674,0.51921,0.84691,0,0,0,0,0,0,0,0,0,0,0,0,0,0,0,0,0,0,0,0,0,0,0,0,0,0,0,0,0,0,0,0.57469,0.00172424,0.000574746,0.00172424,0.000574746,0.00172424,0.000574746,0.00172424,0.000574746
366,32563.5,0.95574,0.47136,0.82116,0,0,0,0,0,0,0.12679,0.00208,0.00024,0,0,0,0,0,0,0,0,0,0,0,0,0,0,0.55521,0.144,0,0,0.46677,0.06178,0.41342,0.46749,0.86874,0.80773,0.85365,0.57432,1.12659,0.51921,0.84688,0,0,0,0,0,0,0,0,0,0,0,0,0,0,0,0,0,0,0,0,0,0,0,0,0,0,0,0,0,0,0,0.57432,0.00171846,0.000572821,0.00171846,0.000572821,0.00171846,0.000572821,0.00171846,0.000572821
367,32652.9,0.95353,0.46879,0.82082,0,0,0,0,0,0,0.12795,0.00209,0.00026,2e-05,0,0,0,0,0,0,0,0,0,0,0,0,0,0.5522,0.14482,0,0,0.46677,0.06178,0.41359,0.46748,0.86914,0.80781,0.8537,0.57435,1.12618,0.51903,0.8468,0,0,0,0,0,0,0,0,0,0,0,0,0,0,0,0,0,0,0,0,0,0,0,0,0,0,0,0,0,0,0,0.57435,0.00171269,0.000570895,0.00171269,0.000570895,0.00171269,0.000570895,0.00171269,0.000570895
368,32742.6,0.95094,0.47046,0.82252,0,0,0,0,0,0,0.12999,0.00206,0.00023,0,0,0,0,0,0,0,0,0,0,0,0,0,0,0.56389,0.14406,0,0,0.4667,0.0617,0.41385,0.46741,0.8689,0.80771,0.85378,0.57399,1.12697,0.51915,0.84686,0,0,0,0,0,0,0,0,0,0,0,0,0,0,0,0,0,0,0,0,0,0,0,0,0,0,0,0,0,0,0,0.57399,0.0017069,0.000568968,0.0017069,0.000568968,0.0017069,0.000568968,0.0017069,0.000568968
369,32832.6,0.95023,0.46963,0.81904,0,0,0,0,0,0,0.12913,0.00206,0.00024,0,0,0,0,0,0,0,0,0,0,0,0,0,0,0.56189,0.14493,0,0,0.46674,0.06173,0.41371,0.46745,0.8693,0.80742,0.85421,0.57407,1.12719,0.51928,0.84691,0,0,0,0,0,0,0,0,0,0,0,0,0,0,0,0,0,0,0,0,0,0,0,0,0,0,0,0,0,0,0,0.57407,0.00170112,0.00056704,0.00170112,0.00056704,0.00170112,0.00056704,0.00170112,0.00056704
370,32922.6,0.9531,0.47041,0.82137,0,0,0,0,0,0,0.12795,0.00206,0.00026,1e-05,0,0,0,0,0,0,0,0,0,0,0,0,0,0.55533,0.14474,0,0,0.46674,0.06176,0.41321,0.46745,0.8713,0.80684,0.85397,0.57432,1.12649,0.51917,0.84687,0,0,0,0,0,0,0,0,0,0,0,0,0,0,0,0,0,0,0,0,0,0,0,0,0,0,0,0,0,0,0,0.57432,0.00169533,0.000565111,0.00169533,0.000565111,0.00169533,0.000565111,0.00169533,0.000565111
371,33012.8,0.94861,0.47026,0.8214,0,0,0,0,0,0,0.12993,0.00206,0.00031,0,0,0,0,0,0,0,0,0,0,0,0,0,0,0.56985,0.14609,0,0,0.46669,0.06174,0.41303,0.46738,0.87114,0.80666,0.8542,0.57416,1.1268,0.51921,0.84689,0,0,0,0,0,0,0,0,0,0,0,0,0,0,0,0,0,0,0,0,0,0,0,0,0,0,0,0,0,0,0,0.57416,0.00168954,0.000563181,0.00168954,0.000563181,0.00168954,0.000563181,0.00168954,0.000563181
372,33102.3,0.95656,0.47281,0.82219,0,0,0,0,0,0,0.12583,0.00206,0.00027,0,0,0,0,0,0,0,0,0,0,0,0,0,0,0.55138,0.14553,0,0,0.46672,0.06173,0.41397,0.46743,0.87159,0.80608,0.85375,0.57398,1.12724,0.51957,0.84694,0,0,0,0,0,0,0,0,0,0,0,0,0,0,0,0,0,0,0,0,0,0,0,0,0,0,0,0,0,0,0,0.57398,0.00168375,0.00056125,0.00168375,0.00056125,0.00168375,0.00056125,0.00168375,0.00056125
373,33190.7,0.95149,0.47096,0.81992,0,0,0,0,0,0,0.12697,0.00207,0.00021,0,0,0,0,0,0,0,0,0,0,0,0,0,0,0.55064,0.14231,0,0,0.46683,0.06185,0.414,0.46748,0.87146,0.80574,0.85315,0.57405,1.12773,0.51948,0.847,0,0,0,0,0,0,0,0,0,0,0,0,0,0,0,0,0,0,0,0,0,0,0,0,0,0,0,0,0,0,0,0.57405,0.00167796,0.000559318,0.00167796,0.000559318,0.00167796,0.000559318,0.00167796,0.000559318
374,33280.6,0.94941,0.46971,0.81933,0,0,0,0,0,0,0.1259,0.00205,0.00023,0,0,0,0,0,0,0,0,0,0,0,0,0,0,0.55427,0.14621,0,0,0.46672,0.06175,0.41326,0.46738,0.87134,0.80513,0.85296,0.57404,1.12784,0.51969,0.84696,0,0,0,0,0,0,0,0,0,0,0,0,0,0,0,0,0,0,0,0,0,0,0,0,0,0,0,0,0,0,0,0.57404,0.00167216,0.000557386,0.00167216,0.000557386,0.00167216,0.000557386,0.00167216,0.000557386
375,33369.5,0.95107,0.4682,0.82039,0,0,0,0,0,0,0.12861,0.00206,0.00028,1e-05,0,0,0,0,0,0,0,0,0,0,0,0,0,0.54144,0.1455,0,0,0.46684,0.06179,0.41314,0.46756,0.87287,0.80513,0.85332,0.57391,1.12769,0.51961,0.84694,0,0,0,0,0,0,0,0,0,0,0,0,0,0,0,0,0,0,0,0,0,0,0,0,0,0,0,0,0,0,0,0.57391,0.00166636,0.000555453,0.00166636,0.000555453,0.00166636,0.000555453,0.00166636,0.000555453
376,33459.8,0.95288,0.4712,0.81997,0,0,0,0,0,0,0.12764,0.00206,0.00027,3e-05,0,0,0,0,0,0,0,0,0,0,0,0,0,0.53447,0.1414,0,0,0.4668,0.06177,0.41449,0.4675,0.87231,0.80417,0.85279,0.57431,1.12759,0.51966,0.8469,0,0,0,0,0,0,0,0,0,0,0,0,0,0,0,0,0,0,0,0,0,0,0,0,0,0,0,0,0,0,0,0.57431,0.00166056,0.000553518,0.00166056,0.000553518,0.00166056,0.000553518,0.00166056,0.000553518
377,33548.7,0.94698,0.46932,0.821,0,0,0,0,0,0,0.12835,0.00208,0.00025,0,0,0,0,0,0,0,0,0,0,0,0,0,0,0.56903,0.14437,0,0,0.46671,0.06174,0.41368,0.46742,0.87369,0.80432,0.85308,0.57427,1.12722,0.51993,0.84688,0,0,0,0,0,0,0,0,0,0,0,0,0,0,0,0,0,0,0,0,0,0,0,0,0,0,0,0,0,0,0,0.57427,0.00165475,0.000551584,0.00165475,0.000551584,0.00165475,0.000551584,0.00165475,0.000551584
378,33638.5,0.94579,0.4697,0.82036,0,0,0,0,0,0,0.12518,0.00206,0.00032,0,0,0,0,0,0,0,0,0,0,0,0,0,0,0.57611,0.14541,0,0,0.46681,0.06176,0.41318,0.46752,0.87467,0.80363,0.85313,0.57472,1.12738,0.51986,0.84689,0,0,0,0,0,0,0,0,0,0,0,0,0,0,0,0,0,0,0,0,0,0,0,0,0,0,0,0,0,0,0,0.57472,0.00164894,0.000549648,0.00164894,0.000549648,0.00164894,0.000549648,0.00164894,0.000549648
379,33729,0.94633,0.46796,0.82065,0,0,0,0,0,0,0.13373,0.00205,0.00029,0,0,0,0,0,0,0,0,0,0,0,0,0,0,0.58098,0.14693,0,0,0.46679,0.06177,0.41369,0.4675,0.87455,0.80364,0.85268,0.57399,1.12697,0.5199,0.84685,0,0,0,0,0,0,0,0,0,0,0,0,0,0,0,0,0,0,0,0,0,0,0,0,0,0,0,0,0,0,0,0.57399,0.00164314,0.000547712,0.00164314,0.000547712,0.00164314,0.000547712,0.00164314,0.000547712
380,33819.6,0.94788,0.46878,0.82154,0,0,0,0,0,0,0.13051,0.00208,0.00029,0,0,0,0,0,0,0,0,0,0,0,0,0,0,0.56568,0.14615,0,0,0.46679,0.0618,0.41367,0.4675,0.87462,0.8044,0.85367,0.57456,1.12704,0.51968,0.84684,0,0,0,0,0,0,0,0,0,0,0,0,0,0,0,0,0,0,0,0,0,0,0,0,0,0,0,0,0,0,0,0.57456,0.00163732,0.000545775,0.00163732,0.000545775,0.00163732,0.000545775,0.00163732,0.000545775
381,33909,0.9517,0.46896,0.82213,0,0,0,0,0,0,0.12713,0.00205,0.00025,1e-05,0,0,0,0,0,0,0,0,0,0,0,0,0,0.53966,0.14366,0,0,0.46672,0.06174,0.41373,0.46742,0.87458,0.80485,0.85407,0.57473,1.12721,0.5196,0.84685,0,0,0,0,0,0,0,0,0,0,0,0,0,0,0,0,0,0,0,0,0,0,0,0,0,0,0,0,0,0,0,0.57473,0.00163151,0.000543837,0.00163151,0.000543837,0.00163151,0.000543837,0.00163151,0.000543837
382,33999.1,0.94308,0.46623,0.8196,0,0,0,0,0,0,0.12615,0.00208,0.00026,0,0,0,0,0,0,0,0,0,0,0,0,0,0,0.55998,0.14233,0,0,0.46681,0.06174,0.41436,0.46751,0.87465,0.80546,0.85446,0.57484,1.12667,0.51949,0.84682,0,0,0,0,0,0,0,0,0,0,0,0,0,0,0,0,0,0,0,0,0,0,0,0,0,0,0,0,0,0,0,0.57484,0.0016257,0.000541899,0.0016257,0.000541899,0.0016257,0.000541899,0.0016257,0.000541899
383,34088.9,0.95035,0.47041,0.82073,0,0,0,0,0,0,0.12828,0.00207,0.00023,0,0,0,0,0,0,0,0,0,0,0,0,0,0,0.55917,0.14289,0,0,0.4668,0.06175,0.4126,0.46745,0.87507,0.80448,0.85433,0.57465,1.12643,0.51944,0.84682,0,0,0,0,0,0,0,0,0,0,0,0,0,0,0,0,0,0,0,0,0,0,0,0,0,0,0,0,0,0,0,0.57465,0.00161988,0.00053996,0.00161988,0.00053996,0.00161988,0.00053996,0.00161988,0.00053996
384,34178.2,0.94668,0.46863,0.81836,0,0,0,0,0,0,0.13186,0.00208,0.00023,0,0,0,0,0,0,0,0,0,0,0,0,0,0,0.571,0.14525,0,0,0.46675,0.0617,0.41374,0.46745,0.87575,0.80416,0.85387,0.57457,1.1272,0.51957,0.84693,0,0,0,0,0,0,0,0,0,0,0,0,0,0,0,0,0,0,0,0,0,0,0,0,0,0,0,0,0,0,0,0.57457,0.00161406,0.000538021,0.00161406,0.000538021,0.00161406,0.000538021,0.00161406,0.000538021
385,34265.5,0.94575,0.46712,0.82051,0,0,0,0,0,0,0.1273,0.00205,0.00024,0,0,0,0,0,0,0,0,0,0,0,0,0,0,0.56562,0.14428,0,0,0.46672,0.06172,0.41314,0.46737,0.87656,0.8038,0.85396,0.57479,1.12705,0.51989,0.84689,0,0,0,0,0,0,0,0,0,0,0,0,0,0,0,0,0,0,0,0,0,0,0,0,0,0,0,0,0,0,0,0.57479,0.00160824,0.000536081,0.00160824,0.000536081,0.00160824,0.000536081,0.00160824,0.000536081
386,34354.8,0.94223,0.46485,0.81851,0,0,0,0,0,0,0.12587,0.00204,0.00031,0,0,0,0,0,0,0,0,0,0,0,0,0,0,0.57109,0.1456,0,0,0.46672,0.06164,0.41403,0.46741,0.87657,0.80344,0.85427,0.57479,1.12735,0.52004,0.84693,0,0,0,0,0,0,0,0,0,0,0,0,0,0,0,0,0,0,0,0,0,0,0,0,0,0,0,0,0,0,0,0.57479,0.00160242,0.000534141,0.00160242,0.000534141,0.00160242,0.000534141,0.00160242,0.000534141
387,34443.8,0.95044,0.46998,0.81928,0,0,0,0,0,0,0.12803,0.00203,0.00029,0,0,0,0,0,0,0,0,0,0,0,0,0,0,0.57447,0.14408,0,0,0.4668,0.06177,0.41414,0.46751,0.87609,0.8032,0.85331,0.57463,1.12735,0.51986,0.84688,0,0,0,0,0,0,0,0,0,0,0,0,0,0,0,0,0,0,0,0,0,0,0,0,0,0,0,0,0,0,0,0.57463,0.0015966,0.0005322,0.0015966,0.0005322,0.0015966,0.0005322,0.0015966,0.0005322
388,34533.3,0.94977,0.4685,0.82088,0,0,0,0,0,0,0.12799,0.00204,0.00025,0,0,0,0,0,0,0,0,0,0,0,0,0,0,0.56271,0.14487,0,0,0.46681,0.06169,0.41368,0.46751,0.87634,0.80331,0.85364,0.57499,1.12734,0.51962,0.84684,0,0,0,0,0,0,0,0,0,0,0,0,0,0,0,0,0,0,0,0,0,0,0,0,0,0,0,0,0,0,0,0.57499,0.00159078,0.000530259,0.00159078,0.000530259,0.00159078,0.000530259,0.00159078,0.000530259
389,34622.3,0.95136,0.46748,0.82011,0,0,0,0,0,0,0.12568,0.00204,0.00021,1e-05,0,0,0,0,0,0,0,0,0,0,0,0,0,0.56983,0.1455,0,0,0.46684,0.0618,0.41346,0.46754,0.87684,0.80403,0.85412,0.57505,1.12755,0.5195,0.84697,0,0,0,0,0,0,0,0,0,0,0,0,0,0,0,0,0,0,0,0,0,0,0,0,0,0,0,0,0,0,0,0.57505,0.00158495,0.000528318,0.00158495,0.000528318,0.00158495,0.000528318,0.00158495,0.000528318
390,34711.8,0.94236,0.46677,0.82093,0,0,0,0,0,0,0.12995,0.00205,0.00024,3e-05,0,0,0,0,0,0,0,0,0,0,0,0,0,0.57049,0.14466,0,0,0.4667,0.06175,0.41375,0.46741,0.87602,0.80467,0.85399,0.57509,1.12725,0.51947,0.84696,0,0,0,0,0,0,0,0,0,0,0,0,0,0,0,0,0,0,0,0,0,0,0,0,0,0,0,0,0,0,0,0.57509,0.00157913,0.000526376,0.00157913,0.000526376,0.00157913,0.000526376,0.00157913,0.000526376
391,34800.9,0.94562,0.466,0.82213,0,0,0,0,0,0,0.12873,0.00202,0.00032,1e-05,0,0,0,0,0,0,0,0,0,0,0,0,0,0.57727,0.14606,0,0,0.46676,0.06168,0.41383,0.46746,0.87618,0.80405,0.85417,0.57554,1.12719,0.5196,0.84695,0,0,0,0,0,0,0,0,0,0,0,0,0,0,0,0,0,0,0,0,0,0,0,0,0,0,0,0,0,0,0,0.57554,0.0015733,0.000524434,0.0015733,0.000524434,0.0015733,0.000524434,0.0015733,0.000524434
392,34890.5,0.9414,0.46599,0.81889,0,0,0,0,0,0,0.12515,0.00205,0.00026,0,0,0,0,0,0,0,0,0,0,0,0,0,0,0.56361,0.14444,0,0,0.46688,0.06176,0.41396,0.46759,0.87724,0.80456,0.85435,0.57558,1.12719,0.51967,0.84698,0,0,0,0,0,0,0,0,0,0,0,0,0,0,0,0,0,0,0,0,0,0,0,0,0,0,0,0,0,0,0,0.57558,0.00156747,0.000522491,0.00156747,0.000522491,0.00156747,0.000522491,0.00156747,0.000522491
393,34980,0.93982,0.46443,0.81848,0,0,0,0,0,0,0.12532,0.00204,0.00027,1e-05,0,0,0,0,0,0,0,0,0,0,0,0,0,0.54884,0.14277,0,0,0.46678,0.06182,0.41438,0.46748,0.87753,0.80352,0.85402,0.57552,1.12739,0.51981,0.84691,0,0,0,0,0,0,0,0,0,0,0,0,0,0,0,0,0,0,0,0,0,0,0,0,0,0,0,0,0,0,0,0.57552,0.00156164,0.000520548,0.00156164,0.000520548,0.00156164,0.000520548,0.00156164,0.000520548
394,35070.2,0.93617,0.46537,0.8187,0,0,0,0,0,0,0.12395,0.00204,0.00032,0,0,0,0,0,0,0,0,0,0,0,0,0,0,0.57294,0.14403,0,0,0.4668,0.06176,0.41352,0.46751,0.87645,0.80287,0.85361,0.57559,1.12735,0.51991,0.84699,0,0,0,0,0,0,0,0,0,0,0,0,0,0,0,0,0,0,0,0,0,0,0,0,0,0,0,0,0,0,0,0.57559,0.00155582,0.000518605,0.00155582,0.000518605,0.00155582,0.000518605,0.00155582,0.000518605
395,35159,0.93958,0.46502,0.8187,0,0,0,0,0,0,0.12416,0.00203,0.00026,0,0,0,0,0,0,0,0,0,0,0,0,0,0,0.5689,0.14456,0,0,0.46684,0.0618,0.41399,0.46755,0.87647,0.80405,0.85425,0.57558,1.12701,0.5195,0.84695,0,0,0,0,0,0,0,0,0,0,0,0,0,0,0,0,0,0,0,0,0,0,0,0,0,0,0,0,0,0,0,0.57558,0.00154999,0.000516662,0.00154999,0.000516662,0.00154999,0.000516662,0.00154999,0.000516662
396,35248.3,0.9439,0.46682,0.82072,0,0,0,0,0,0,0.12762,0.00205,0.00032,0,0,0,0,0,0,0,0,0,0,0,0,0,0,0.56734,0.14445,0,0,0.46675,0.06177,0.41406,0.46746,0.87713,0.80453,0.85526,0.57588,1.12675,0.51965,0.84696,0,0,0,0,0,0,0,0,0,0,0,0,0,0,0,0,0,0,0,0,0,0,0,0,0,0,0,0,0,0,0,0.57588,0.00154416,0.000514719,0.00154416,0.000514719,0.00154416,0.000514719,0.00154416,0.000514719
397,35337,0.94089,0.4648,0.82045,0,0,0,0,0,0,0.12294,0.00204,0.00031,1e-05,0,0,0,0,0,0,0,0,0,0,0,0,0,0.56446,0.14397,0,0,0.46674,0.06166,0.41387,0.46744,0.87599,0.80368,0.8541,0.5755,1.12692,0.5193,0.847,0,0,0,0,0,0,0,0,0,0,0,0,0,0,0,0,0,0,0,0,0,0,0,0,0,0,0,0,0,0,0,0.5755,0.00153833,0.000512775,0.00153833,0.000512775,0.00153833,0.000512775,0.00153833,0.000512775
398,35426,0.947,0.46653,0.81965,0,0,0,0,0,0,0.12512,0.00204,0.00025,0,0,0,0,0,0,0,0,0,0,0,0,0,0,0.54671,0.14791,0,0,0.46676,0.06174,0.41377,0.46747,0.87655,0.80433,0.85458,0.57591,1.1266,0.51942,0.84705,0,0,0,0,0,0,0,0,0,0,0,0,0,0,0,0,0,0,0,0,0,0,0,0,0,0,0,0,0,0,0,0.57591,0.00153249,0.000510831,0.00153249,0.000510831,0.00153249,0.000510831,0.00153249,0.000510831
399,35515.8,0.93479,0.46301,0.82072,0,0,0,0,0,0,0.12581,0.00205,0.00023,0,0,0,0,0,0,0,0,0,0,0,0,0,0,0.56656,0.145,0,0,0.46672,0.06168,0.41433,0.46743,0.87622,0.80424,0.85431,0.57614,1.12594,0.51937,0.84689,0,0,0,0,0,0,0,0,0,0,0,0,0,0,0,0,0,0,0,0,0,0,0,0,0,0,0,0,0,0,0,0.57614,0.00152666,0.000508888,0.00152666,0.000508888,0.00152666,0.000508888,0.00152666,0.000508888
400,35605.5,0.94058,0.46665,0.81906,0,0,0,0,0,0,0.12765,0.00204,0.00022,0,0,0,0,0,0,0,0,0,0,0,0,0,0,0.56921,0.14797,0,0,0.4667,0.06171,0.41288,0.46735,0.8764,0.80495,0.85492,0.57615,1.12636,0.51933,0.84689,0,0,0,0,0,0,0,0,0,0,0,0,0,0,0,0,0,0,0,0,0,0,0,0,0,0,0,0,0,0,0,0.57615,0.00152083,0.000506944,0.00152083,0.000506944,0.00152083,0.000506944,0.00152083,0.000506944
401,35695.6,0.93757,0.46346,0.81857,0,0,0,0,0,0,0.12496,0.00201,0.00031,0,0,0,0,0,0,0,0,0,0,0,0,0,0,0.56807,0.14471,0,0,0.46671,0.06171,0.4138,0.46742,0.87557,0.80449,0.85442,0.57568,1.12652,0.51963,0.84695,0,0,0,0,0,0,0,0,0,0,0,0,0,0,0,0,0,0,0,0,0,0,0,0,0,0,0,0,0,0,0,0.57568,0.001515,0.000505,0.001515,0.000505,0.001515,0.000505,0.001515,0.000505
402,35785.7,0.93803,0.46541,0.81958,0,0,0,0,0,0,0.1247,0.00203,0.00033,0,0,0,0,0,0,0,0,0,0,0,0,0,0,0.5594,0.14394,0,0,0.46675,0.06167,0.41367,0.46745,0.87577,0.80482,0.85508,0.57581,1.12707,0.51945,0.84701,0,0,0,0,0,0,0,0,0,0,0,0,0,0,0,0,0,0,0,0,0,0,0,0,0,0,0,0,0,0,0,0.57581,0.00150917,0.000503056,0.00150917,0.000503056,0.00150917,0.000503056,0.00150917,0.000503056
403,35875.2,0.93248,0.46049,0.81838,0,0,0,0,0,0,0.12473,0.00204,0.00026,1e-05,0,0,0,0,0,0,0,0,0,0,0,0,0,0.54506,0.14272,0,0,0.46677,0.0617,0.41352,0.4674,0.87676,0.80383,0.85463,0.57588,1.12725,0.51937,0.84697,0,0,0,0,0,0,0,0,0,0,0,0,0,0,0,0,0,0,0,0,0,0,0,0,0,0,0,0,0,0,0,0.57588,0.00150334,0.000501112,0.00150334,0.000501112,0.00150334,0.000501112,0.00150334,0.000501112
404,35964.4,0.93251,0.4624,0.81841,0,0,0,0,0,0,0.12796,0.00204,0.00031,0,0,0,0,0,0,0,0,0,0,0,0,0,0,0.57992,0.14343,0,0,0.46676,0.06173,0.41478,0.46746,0.87849,0.80303,0.85486,0.57594,1.12659,0.51915,0.84697,0,0,0,0,0,0,0,0,0,0,0,0,0,0,0,0,0,0,0,0,0,0,0,0,0,0,0,0,0,0,0,0.57594,0.00149751,0.000499169,0.00149751,0.000499169,0.00149751,0.000499169,0.00149751,0.000499169
405,36053.9,0.94232,0.46432,0.81921,0,0,0,0,0,0,0.12775,0.00202,0.00025,0,0,0,0,0,0,0,0,0,0,0,0,0,0,0.56196,0.13994,0,0,0.46685,0.06189,0.41382,0.46756,0.87705,0.80413,0.85493,0.57589,1.1267,0.51897,0.84691,0,0,0,0,0,0,0,0,0,0,0,0,0,0,0,0,0,0,0,0,0,0,0,0,0,0,0,0,0,0,0,0.57589,0.00149167,0.000497225,0.00149167,0.000497225,0.00149167,0.000497225,0.00149167,0.000497225
406,36144.4,0.93083,0.46089,0.81805,0,0,0,0,0,0,0.12381,0.00203,0.00031,0,0,0,0,0,0,0,0,0,0,0,0,0,0,0.55401,0.14056,0,0,0.4668,0.06175,0.4142,0.46749,0.87666,0.80394,0.85504,0.57597,1.12617,0.51895,0.84684,0,0,0,0,0,0,0,0,0,0,0,0,0,0,0,0,0,0,0,0,0,0,0,0,0,0,0,0,0,0,0,0.57597,0.00148584,0.000495281,0.00148584,0.000495281,0.00148584,0.000495281,0.00148584,0.000495281
407,36232.5,0.92907,0.46046,0.8193,0,0,0,0,0,0,0.1237,0.00203,0.00023,0,0,0,0,0,0,0,0,0,0,0,0,0,0,0.55092,0.14284,0,0,0.46672,0.06169,0.41411,0.46743,0.87714,0.80412,0.85541,0.57598,1.12591,0.51872,0.84683,0,0,0,0,0,0,0,0,0,0,0,0,0,0,0,0,0,0,0,0,0,0,0,0,0,0,0,0,0,0,0,0.57598,0.00148001,0.000493338,0.00148001,0.000493338,0.00148001,0.000493338,0.00148001,0.000493338
408,36321.5,0.92763,0.4594,0.81975,0,0,0,0,0,0,0.1275,0.00204,0.00028,3e-05,0,0,0,0,0,0,0,0,0,0,0,0,0,0.5435,0.14361,0,0,0.46675,0.06168,0.41385,0.46745,0.87825,0.80376,0.85509,0.57578,1.12585,0.51892,0.84683,0,0,0,0,0,0,0,0,0,0,0,0,0,0,0,0,0,0,0,0,0,0,0,0,0,0,0,0,0,0,0,0.57578,0.00147418,0.000491395,0.00147418,0.000491395,0.00147418,0.000491395,0.00147418,0.000491395
409,36410.8,0.9376,0.46289,0.81919,0,0,0,0,0,0,0.1259,0.00202,0.00025,0,0,0,0,0,0,0,0,0,0,0,0,0,0,0.54539,0.14116,0,0,0.46679,0.06178,0.41335,0.46749,0.8782,0.80384,0.85467,0.5757,1.12646,0.51914,0.84697,0,0,0,0,0,0,0,0,0,0,0,0,0,0,0,0,0,0,0,0,0,0,0,0,0,0,0,0,0,0,0,0.5757,0.00146836,0.000489452,0.00146836,0.000489452,0.00146836,0.000489452,0.00146836,0.000489452
410,36500.7,0.9374,0.46287,0.81847,0,0,0,0,0,0,0.12457,0.00202,0.00026,0,0,0,0,0,0,0,0,0,0,0,0,0,0,0.55455,0.14271,0,0,0.46678,0.06176,0.41423,0.46748,0.87852,0.80363,0.85491,0.5756,1.12658,0.51931,0.84694,0,0,0,0,0,0,0,0,0,0,0,0,0,0,0,0,0,0,0,0,0,0,0,0,0,0,0,0,0,0,0,0.5756,0.00146253,0.000487509,0.00146253,0.000487509,0.00146253,0.000487509,0.00146253,0.000487509
411,36590.1,0.93636,0.4635,0.81795,0,0,0,0,0,0,0.12228,0.00203,0.00026,1e-05,0,0,0,0,0,0,0,0,0,0,0,0,0,0.53572,0.1427,0,0,0.46676,0.06178,0.41378,0.46747,0.87862,0.80364,0.85523,0.57569,1.12667,0.51911,0.84696,0,0,0,0,0,0,0,0,0,0,0,0,0,0,0,0,0,0,0,0,0,0,0,0,0,0,0,0,0,0,0,0.57569,0.0014567,0.000485566,0.0014567,0.000485566,0.0014567,0.000485566,0.0014567,0.000485566
412,36679.9,0.92752,0.46137,0.81568,0,0,0,0,0,0,0.12459,0.00202,0.00034,0,0,0,0,0,0,0,0,0,0,0,0,0,0,0.53527,0.13943,0,0,0.46665,0.06172,0.414,0.46734,0.87889,0.80262,0.85486,0.57568,1.12651,0.51911,0.84694,0,0,0,0,0,0,0,0,0,0,0,0,0,0,0,0,0,0,0,0,0,0,0,0,0,0,0,0,0,0,0,0.57568,0.00145087,0.000483624,0.00145087,0.000483624,0.00145087,0.000483624,0.00145087,0.000483624
413,36768.2,0.92674,0.46106,0.81925,0,0,0,0,0,0,0.1244,0.00204,0.00028,1e-05,0,0,0,0,0,0,0,0,0,0,0,0,0,0.55598,0.14025,0,0,0.46674,0.06171,0.41321,0.46745,0.87982,0.80297,0.85524,0.5757,1.12669,0.5191,0.84696,0,0,0,0,0,0,0,0,0,0,0,0,0,0,0,0,0,0,0,0,0,0,0,0,0,0,0,0,0,0,0,0.5757,0.00144505,0.000481682,0.00144505,0.000481682,0.00144505,0.000481682,0.00144505,0.000481682
414,36858.1,0.93444,0.46389,0.82073,0,0,0,0,0,0,0.12636,0.00202,0.00022,0,0,0,0,0,0,0,0,0,0,0,0,0,0,0.55315,0.13817,0,0,0.46673,0.06175,0.4135,0.46737,0.87917,0.80355,0.85555,0.57576,1.12655,0.51911,0.84696,0,0,0,0,0,0,0,0,0,0,0,0,0,0,0,0,0,0,0,0,0,0,0,0,0,0,0,0,0,0,0,0.57576,0.00143922,0.000479741,0.00143922,0.000479741,0.00143922,0.000479741,0.00143922,0.000479741
415,36948,0.93346,0.46082,0.81852,0,0,0,0,0,0,0.12347,0.00201,0.00023,0,0,0,0,0,0,0,0,0,0,0,0,0,0,0.56152,0.14306,0,0,0.46679,0.06171,0.4132,0.4675,0.87926,0.80343,0.85575,0.57584,1.12684,0.51946,0.84692,0,0,0,0,0,0,0,0,0,0,0,0,0,0,0,0,0,0,0,0,0,0,0,0,0,0,0,0,0,0,0,0.57584,0.0014334,0.0004778,0.0014334,0.0004778,0.0014334,0.0004778,0.0014334,0.0004778
416,37038.3,0.93269,0.46244,0.81785,0,0,0,0,0,0,0.12394,0.00202,0.00024,0,0,0,0,0,0,0,0,0,0,0,0,0,0,0.56829,0.14224,0,0,0.46681,0.06173,0.41305,0.46752,0.87781,0.80377,0.85586,0.57598,1.12695,0.51912,0.84695,0,0,0,0,0,0,0,0,0,0,0,0,0,0,0,0,0,0,0,0,0,0,0,0,0,0,0,0,0,0,0,0.57598,0.00142758,0.000475859,0.00142758,0.000475859,0.00142758,0.000475859,0.00142758,0.000475859
417,37128.5,0.93321,0.4623,0.81765,0,0,0,0,0,0,0.12286,0.00204,0.00032,0,0,0,0,0,0,0,0,0,0,0,0,0,0,0.55422,0.14437,0,0,0.46674,0.06177,0.41339,0.46745,0.8795,0.80322,0.85574,0.57583,1.12655,0.51908,0.84685,0,0,0,0,0,0,0,0,0,0,0,0,0,0,0,0,0,0,0,0,0,0,0,0,0,0,0,0,0,0,0,0.57583,0.00142176,0.000473919,0.00142176,0.000473919,0.00142176,0.000473919,0.00142176,0.000473919
418,37218.5,0.93311,0.46103,0.8184,0,0,0,0,0,0,0.12225,0.00202,0.00027,0,0,0,0,0,0,0,0,0,0,0,0,0,0,0.5532,0.14484,0,0,0.46672,0.06177,0.41359,0.46742,0.87934,0.80323,0.85512,0.57586,1.12671,0.51903,0.84689,0,0,0,0,0,0,0,0,0,0,0,0,0,0,0,0,0,0,0,0,0,0,0,0,0,0,0,0,0,0,0,0.57586,0.00141594,0.000471979,0.00141594,0.000471979,0.00141594,0.000471979,0.00141594,0.000471979
419,37307.8,0.93066,0.46342,0.81973,0,0,0,0,0,0,0.12457,0.00201,0.00022,0,0,0,0,0,0,0,0,0,0,0,0,0,0,0.55625,0.14252,0,0,0.4667,0.06165,0.41342,0.4674,0.879,0.80293,0.85482,0.57584,1.12707,0.51899,0.84687,0,0,0,0,0,0,0,0,0,0,0,0,0,0,0,0,0,0,0,0,0,0,0,0,0,0,0,0,0,0,0,0.57584,0.00141012,0.00047004,0.00141012,0.00047004,0.00141012,0.00047004,0.00141012,0.00047004
420,37397.2,0.92659,0.45809,0.81814,0,0,0,0,0,0,0.12197,0.00201,0.0003,0,0,0,0,0,0,0,0,0,0,0,0,0,0,0.55487,0.14137,0,0,0.46675,0.0617,0.4128,0.46746,0.87957,0.80265,0.85492,0.57592,1.12703,0.51874,0.84682,0,0,0,0,0,0,0,0,0,0,0,0,0,0,0,0,0,0,0,0,0,0,0,0,0,0,0,0,0,0,0,0.57592,0.0014043,0.000468101,0.0014043,0.000468101,0.0014043,0.000468101,0.0014043,0.000468101
421,37486.6,0.93342,0.46108,0.81829,0,0,0,0,0,0,0.12685,0.00201,0.0003,4e-05,0,0,0,0,0,0,0,0,0,0,0,0,0,0.55326,0.14679,0,0,0.46684,0.06177,0.41431,0.46755,0.88125,0.8021,0.8548,0.5758,1.12757,0.5192,0.84695,0,0,0,0,0,0,0,0,0,0,0,0,0,0,0,0,0,0,0,0,0,0,0,0,0,0,0,0,0,0,0,0.5758,0.00139849,0.000466163,0.00139849,0.000466163,0.00139849,0.000466163,0.00139849,0.000466163
422,37575.6,0.92908,0.46042,0.8197,0,0,0,0,0,0,0.12635,0.00201,0.00026,0,0,0,0,0,0,0,0,0,0,0,0,0,0,0.55512,0.13854,0,0,0.46675,0.06173,0.41406,0.46746,0.87823,0.80305,0.85514,0.57613,1.12817,0.51968,0.84694,0,0,0,0,0,0,0,0,0,0,0,0,0,0,0,0,0,0,0,0,0,0,0,0,0,0,0,0,0,0,0,0.57613,0.00139268,0.000464225,0.00139268,0.000464225,0.00139268,0.000464225,0.00139268,0.000464225
423,37664.9,0.92868,0.46042,0.81914,0,0,0,0,0,0,0.12408,0.002,0.00023,0,0,0,0,0,0,0,0,0,0,0,0,0,0,0.5534,0.14002,0,0,0.46674,0.06166,0.41334,0.46745,0.8784,0.80327,0.85474,0.57599,1.1286,0.51987,0.84698,0,0,0,0,0,0,0,0,0,0,0,0,0,0,0,0,0,0,0,0,0,0,0,0,0,0,0,0,0,0,0,0.57599,0.00138686,0.000462288,0.00138686,0.000462288,0.00138686,0.000462288,0.00138686,0.000462288
424,37752.5,0.92562,0.45931,0.81865,0,0,0,0,0,0,0.125,0.00201,0.00028,0,0,0,0,0,0,0,0,0,0,0,0,0,0,0.56066,0.13924,0,0,0.46672,0.06174,0.41394,0.46743,0.88026,0.80269,0.85476,0.57573,1.1282,0.51964,0.84696,0,0,0,0,0,0,0,0,0,0,0,0,0,0,0,0,0,0,0,0,0,0,0,0,0,0,0,0,0,0,0,0.57573,0.00138106,0.000460352,0.00138106,0.000460352,0.00138106,0.000460352,0.00138106,0.000460352
425,37843,0.92966,0.46235,0.81677,0,0,0,0,0,0,0.12081,0.00201,0.00025,0,0,0,0,0,0,0,0,0,0,0,0,0,0,0.55286,0.13916,0,0,0.46677,0.06183,0.41445,0.46746,0.87911,0.80333,0.85486,0.57583,1.12843,0.51983,0.84698,0,0,0,0,0,0,0,0,0,0,0,0,0,0,0,0,0,0,0,0,0,0,0,0,0,0,0,0,0,0,0,0.57583,0.00137525,0.000458416,0.00137525,0.000458416,0.00137525,0.000458416,0.00137525,0.000458416
426,37933.5,0.93191,0.46021,0.81831,0,0,0,0,0,0,0.12452,0.00199,0.00025,0,0,0,0,0,0,0,0,0,0,0,0,0,0,0.5393,0.13767,0,0,0.46679,0.06176,0.41432,0.46749,0.87739,0.80481,0.85499,0.57577,1.1283,0.51986,0.84691,0,0,0,0,0,0,0,0,0,0,0,0,0,0,0,0,0,0,0,0,0,0,0,0,0,0,0,0,0,0,0,0.57577,0.00136944,0.000456482,0.00136944,0.000456482,0.00136944,0.000456482,0.00136944,0.000456482
427,38023.4,0.92481,0.46079,0.81812,0,0,0,0,0,0,0.12489,0.00199,0.00031,0,0,0,0,0,0,0,0,0,0,0,0,0,0,0.54451,0.13963,0,0,0.46678,0.06177,0.41334,0.46749,0.87681,0.80471,0.85477,0.57583,1.12844,0.52014,0.84695,0,0,0,0,0,0,0,0,0,0,0,0,0,0,0,0,0,0,0,0,0,0,0,0,0,0,0,0,0,0,0,0.57583,0.00136364,0.000454547,0.00136364,0.000454547,0.00136364,0.000454547,0.00136364,0.000454547
428,38113.1,0.92334,0.45786,0.81906,0,0,0,0,0,0,0.12532,0.00201,0.00023,0,0,0,0,0,0,0,0,0,0,0,0,0,0,0.56023,0.14257,0,0,0.46665,0.06158,0.41326,0.46731,0.87568,0.80391,0.85398,0.57577,1.12906,0.52011,0.84701,0,0,0,0,0,0,0,0,0,0,0,0,0,0,0,0,0,0,0,0,0,0,0,0,0,0,0,0,0,0,0,0.57577,0.00135784,0.000452614,0.00135784,0.000452614,0.00135784,0.000452614,0.00135784,0.000452614
429,38202.7,0.92706,0.45824,0.81719,0,0,0,0,0,0,0.12086,0.002,0.00031,0,0,0,0,0,0,0,0,0,0,0,0,0,0,0.54662,0.13964,0,0,0.46682,0.06184,0.41289,0.46752,0.87678,0.80307,0.85391,0.5755,1.12913,0.52028,0.84707,0,0,0,0,0,0,0,0,0,0,0,0,0,0,0,0,0,0,0,0,0,0,0,0,0,0,0,0,0,0,0,0.5755,0.00135204,0.000450682,0.00135204,0.000450682,0.00135204,0.000450682,0.00135204,0.000450682
430,38292.5,0.93032,0.46078,0.818,0,0,0,0,0,0,0.12241,0.00199,0.0002,1e-05,0,0,0,0,0,0,0,0,0,0,0,0,0,0.56681,0.1393,0,0,0.46674,0.06175,0.4136,0.46744,0.87828,0.80257,0.85433,0.57561,1.12987,0.52051,0.84718,0,0,0,0,0,0,0,0,0,0,0,0,0,0,0,0,0,0,0,0,0,0,0,0,0,0,0,0,0,0,0,0.57561,0.00134625,0.00044875,0.00134625,0.00044875,0.00134625,0.00044875,0.00134625,0.00044875
431,38382,0.92207,0.45901,0.81677,0,0,0,0,0,0,0.12501,0.00198,0.00024,0,0,0,0,0,0,0,0,0,0,0,0,0,0,0.56475,0.13818,0,0,0.46679,0.06184,0.41383,0.46745,0.8771,0.80284,0.85431,0.57547,1.13037,0.52054,0.84722,0,0,0,0,0,0,0,0,0,0,0,0,0,0,0,0,0,0,0,0,0,0,0,0,0,0,0,0,0,0,0,0.57547,0.00134046,0.000446819,0.00134046,0.000446819,0.00134046,0.000446819,0.00134046,0.000446819
432,38472.1,0.92326,0.45876,0.81812,0,0,0,0,0,0,0.12252,0.00198,0.00026,0,0,0,0,0,0,0,0,0,0,0,0,0,0,0.5608,0.13825,0,0,0.4667,0.06176,0.41378,0.46741,0.87747,0.80303,0.8548,0.57567,1.131,0.52039,0.8473,0,0,0,0,0,0,0,0,0,0,0,0,0,0,0,0,0,0,0,0,0,0,0,0,0,0,0,0,0,0,0,0.57567,0.00133467,0.000444889,0.00133467,0.000444889,0.00133467,0.000444889,0.00133467,0.000444889
433,38561.7,0.92566,0.45821,0.81854,0,0,0,0,0,0,0.12049,0.00197,0.00021,0,0,0,0,0,0,0,0,0,0,0,0,0,0,0.54774,0.13529,0,0,0.46677,0.06172,0.41281,0.46744,0.87601,0.80511,0.85413,0.57546,1.13072,0.52016,0.84729,0,0,0,0,0,0,0,0,0,0,0,0,0,0,0,0,0,0,0,0,0,0,0,0,0,0,0,0,0,0,0,0.57546,0.00132888,0.00044296,0.00132888,0.00044296,0.00132888,0.00044296,0.00132888,0.00044296
434,38651.7,0.9292,0.45925,0.81793,0,0,0,0,0,0,0.12318,0.00198,0.00024,0,0,0,0,0,0,0,0,0,0,0,0,0,0,0.54907,0.1389,0,0,0.46672,0.06172,0.41397,0.46743,0.87619,0.80333,0.8539,0.57548,1.13137,0.52017,0.84734,0,0,0,0,0,0,0,0,0,0,0,0,0,0,0,0,0,0,0,0,0,0,0,0,0,0,0,0,0,0,0,0.57548,0.0013231,0.000441032,0.0013231,0.000441032,0.0013231,0.000441032,0.0013231,0.000441032
435,38740.4,0.92476,0.46027,0.81671,0,0,0,0,0,0,0.12232,0.00199,0.00031,0,0,0,0,0,0,0,0,0,0,0,0,0,0,0.55129,0.13946,0,0,0.46677,0.06172,0.41424,0.46747,0.87724,0.80227,0.85343,0.57515,1.1323,0.52038,0.84741,0,0,0,0,0,0,0,0,0,0,0,0,0,0,0,0,0,0,0,0,0,0,0,0,0,0,0,0,0,0,0,0.57515,0.00131731,0.000439105,0.00131731,0.000439105,0.00131731,0.000439105,0.00131731,0.000439105
436,38830.7,0.92119,0.45641,0.81822,0,0,0,0,0,0,0.1235,0.00198,0.00026,1e-05,0,0,0,0,0,0,0,0,0,0,0,0,0,0.57045,0.13981,0,0,0.46676,0.06183,0.41401,0.46748,0.87588,0.80346,0.85392,0.57512,1.13309,0.52039,0.84748,0,0,0,0,0,0,0,0,0,0,0,0,0,0,0,0,0,0,0,0,0,0,0,0,0,0,0,0,0,0,0,0.57512,0.00131154,0.000437179,0.00131154,0.000437179,0.00131154,0.000437179,0.00131154,0.000437179
437,38920.4,0.92355,0.45942,0.81868,0,0,0,0,0,0,0.12535,0.00198,0.0003,3e-05,0,0,0,0,0,0,0,0,0,0,0,0,0,0.56318,0.13766,0,0,0.46677,0.06174,0.41385,0.46748,0.87573,0.80336,0.85374,0.57506,1.13365,0.5205,0.84753,0,0,0,0,0,0,0,0,0,0,0,0,0,0,0,0,0,0,0,0,0,0,0,0,0,0,0,0,0,0,0,0.57506,0.00130576,0.000435254,0.00130576,0.000435254,0.00130576,0.000435254,0.00130576,0.000435254
438,39009.7,0.92232,0.45631,0.81971,0,0,0,0,0,0,0.12078,0.00199,0.00024,0,0,0,0,0,0,0,0,0,0,0,0,0,0,0.56746,0.1386,0,0,0.46683,0.06176,0.41375,0.46754,0.87601,0.80247,0.85395,0.57492,1.13375,0.52013,0.84763,0,0,0,0,0,0,0,0,0,0,0,0,0,0,0,0,0,0,0,0,0,0,0,0,0,0,0,0,0,0,0,0.57492,0.00129999,0.00043333,0.00129999,0.00043333,0.00129999,0.00043333,0.00129999,0.00043333
439,39099,0.91579,0.45591,0.81842,0,0,0,0,0,0,0.1217,0.00199,0.00026,0,0,0,0,0,0,0,0,0,0,0,0,0,0,0.5602,0.13724,0,0,0.46671,0.06166,0.41345,0.46742,0.87769,0.80194,0.85461,0.57498,1.13459,0.52052,0.84781,0,0,0,0,0,0,0,0,0,0,0,0,0,0,0,0,0,0,0,0,0,0,0,0,0,0,0,0,0,0,0,0.57498,0.00129422,0.000431407,0.00129422,0.000431407,0.00129422,0.000431407,0.00129422,0.000431407
440,39188.6,0.92057,0.45649,0.81797,0,0,0,0,0,0,0.12662,0.00198,0.00029,1e-05,0,0,0,0,0,0,0,0,0,0,0,0,0,0.5508,0.13896,0,0,0.4668,0.06177,0.41384,0.4675,0.87644,0.80119,0.85334,0.57527,1.13458,0.52068,0.8478,0,0,0,0,0,0,0,0,0,0,0,0,0,0,0,0,0,0,0,0,0,0,0,0,0,0,0,0,0,0,0,0.57527,0.00128846,0.000429485,0.00128846,0.000429485,0.00128846,0.000429485,0.00128846,0.000429485
441,39277.8,0.9218,0.45438,0.81562,0,0,0,0,0,0,0.12048,0.00198,0.00024,0,0,0,0,0,0,0,0,0,0,0,0,0,0,0.55929,0.13967,0,0,0.46677,0.06172,0.41378,0.46743,0.87671,0.80102,0.8531,0.57465,1.13542,0.52064,0.84788,0,0,0,0,0,0,0,0,0,0,0,0,0,0,0,0,0,0,0,0,0,0,0,0,0,0,0,0,0,0,0,0.57465,0.00128269,0.000427565,0.00128269,0.000427565,0.00128269,0.000427565,0.00128269,0.000427565
442,39367.5,0.91822,0.45569,0.81765,0,0,0,0,0,0,0.11977,0.00197,0.00029,0,0,0,0,0,0,0,0,0,0,0,0,0,0,0.54598,0.137,0,0,0.46676,0.06175,0.41432,0.46746,0.8772,0.80062,0.85334,0.57473,1.13543,0.5208,0.84791,0,0,0,0,0,0,0,0,0,0,0,0,0,0,0,0,0,0,0,0,0,0,0,0,0,0,0,0,0,0,0,0.57473,0.00127694,0.000425646,0.00127694,0.000425646,0.00127694,0.000425646,0.00127694,0.000425646
443,39457.1,0.91864,0.45581,0.81611,0,0,0,0,0,0,0.12039,0.00197,0.00022,2e-05,0,0,0,0,0,0,0,0,0,0,0,0,0,0.5609,0.13962,0,0,0.4667,0.06172,0.41436,0.46739,0.87648,0.80137,0.85303,0.57454,1.13576,0.52058,0.84795,0,0,0,0,0,0,0,0,0,0,0,0,0,0,0,0,0,0,0,0,0,0,0,0,0,0,0,0,0,0,0,0.57454,0.00127118,0.000423728,0.00127118,0.000423728,0.00127118,0.000423728,0.00127118,0.000423728
444,39548.6,0.92143,0.45515,0.81569,0,0,0,0,0,0,0.12079,0.00199,0.00025,0,0,0,0,0,0,0,0,0,0,0,0,0,0,0.53955,0.13534,0,0,0.46687,0.06171,0.41433,0.46757,0.87585,0.80155,0.85349,0.57491,1.13529,0.52094,0.84793,0,0,0,0,0,0,0,0,0,0,0,0,0,0,0,0,0,0,0,0,0,0,0,0,0,0,0,0,0,0,0,0.57491,0.00126543,0.000421811,0.00126543,0.000421811,0.00126543,0.000421811,0.00126543,0.000421811
445,39642.1,0.92067,0.45727,0.81771,0,0,0,0,0,0,0.12086,0.00198,0.00027,0,0,0,0,0,0,0,0,0,0,0,0,0,0,0.53835,0.13663,0,0,0.46685,0.06181,0.41418,0.46755,0.87556,0.80161,0.85343,0.575,1.1352,0.52089,0.84792,0,0,0,0,0,0,0,0,0,0,0,0,0,0,0,0,0,0,0,0,0,0,0,0,0,0,0,0,0,0,0,0.575,0.00125969,0.000419895,0.00125969,0.000419895,0.00125969,0.000419895,0.00125969,0.000419895
446,39731.4,0.9174,0.45542,0.8174,0,0,0,0,0,0,0.12373,0.00199,0.00031,1e-05,0,0,0,0,0,0,0,0,0,0,0,0,0,0.55718,0.13952,0,0,0.46677,0.06167,0.4142,0.46748,0.87578,0.8015,0.85345,0.57499,1.13544,0.5209,0.84791,0,0,0,0,0,0,0,0,0,0,0,0,0,0,0,0,0,0,0,0,0,0,0,0,0,0,0,0,0,0,0,0.57499,0.00125394,0.000417981,0.00125394,0.000417981,0.00125394,0.000417981,0.00125394,0.000417981
447,39821.5,0.91998,0.45584,0.81615,0,0,0,0,0,0,0.11806,0.00198,0.00026,2e-05,0,0,0,0,0,0,0,0,0,0,0,0,0,0.55433,0.13803,0,0,0.46678,0.06175,0.41401,0.46749,0.87627,0.80171,0.85388,0.57506,1.13588,0.52121,0.84796,0,0,0,0,0,0,0,0,0,0,0,0,0,0,0,0,0,0,0,0,0,0,0,0,0,0,0,0,0,0,0,0.57506,0.0012482,0.000416068,0.0012482,0.000416068,0.0012482,0.000416068,0.0012482,0.000416068
448,39917.6,0.91971,0.45679,0.81817,0,0,0,0,0,0,0.12381,0.002,0.00021,0,0,0,0,0,0,0,0,0,0,0,0,0,0,0.55004,0.13936,0,0,0.4668,0.06177,0.41435,0.4675,0.87593,0.80187,0.85346,0.57471,1.13566,0.52094,0.84799,0,0,0,0,0,0,0,0,0,0,0,0,0,0,0,0,0,0,0,0,0,0,0,0,0,0,0,0,0,0,0,0.57471,0.00124247,0.000414156,0.00124247,0.000414156,0.00124247,0.000414156,0.00124247,0.000414156
449,40013.5,0.91605,0.45432,0.81772,0,0,0,0,0,0,0.12109,0.00198,0.00025,0,0,0,0,0,0,0,0,0,0,0,0,0,0,0.54638,0.14683,0,0,0.46681,0.06176,0.41371,0.46752,0.87572,0.80148,0.85299,0.57471,1.13558,0.52111,0.84797,0,0,0,0,0,0,0,0,0,0,0,0,0,0,0,0,0,0,0,0,0,0,0,0,0,0,0,0,0,0,0,0.57471,0.00123674,0.000412246,0.00123674,0.000412246,0.00123674,0.000412246,0.00123674,0.000412246
450,40109.9,0.92283,0.4568,0.81426,0,0,0,0,0,0,0.1201,0.00198,0.0002,0,0,0,0,0,0,0,0,0,0,0,0,0,0,0.54975,0.13959,0,0,0.4668,0.06167,0.41381,0.46751,0.87649,0.80112,0.85308,0.57482,1.13593,0.52114,0.84803,0,0,0,0,0,0,0,0,0,0,0,0,0,0,0,0,0,0,0,0,0,0,0,0,0,0,0,0,0,0,0,0.57482,0.00123101,0.000410338,0.00123101,0.000410338,0.00123101,0.000410338,0.00123101,0.000410338
451,40206.9,0.9171,0.45461,0.81388,0,0,0,0,0,0,0.12099,0.00198,0.00028,0,0,0,0,0,0,0,0,0,0,0,0,0,0,0.55798,0.13918,0,0,0.46676,0.06181,0.41372,0.46747,0.87589,0.80168,0.853,0.57482,1.13618,0.52099,0.84802,0,0,0,0,0,0,0,0,0,0,0,0,0,0,0,0,0,0,0,0,0,0,0,0,0,0,0,0,0,0,0,0.57482,0.00122529,0.00040843,0.00122529,0.00040843,0.00122529,0.00040843,0.00122529,0.00040843
452,40305.1,0.91202,0.4535,0.81622,0,0,0,0,0,0,0.11976,0.002,0.00029,0,0,0,0,0,0,0,0,0,0,0,0,0,0,0.54635,0.14073,0,0,0.46672,0.06167,0.41361,0.46744,0.87685,0.8013,0.85342,0.57428,1.13625,0.52115,0.84807,0,0,0,0,0,0,0,0,0,0,0,0,0,0,0,0,0,0,0,0,0,0,0,0,0,0,0,0,0,0,0,0.57428,0.00121957,0.000406525,0.00121957,0.000406525,0.00121957,0.000406525,0.00121957,0.000406525
453,40401.9,0.91562,0.45137,0.81769,0,0,0,0,0,0,0.12141,0.00198,0.00021,0,0,0,0,0,0,0,0,0,0,0,0,0,0,0.54852,0.14341,0,0,0.46676,0.06175,0.41394,0.46747,0.87696,0.8013,0.85319,0.57475,1.13642,0.52134,0.84807,0,0,0,0,0,0,0,0,0,0,0,0,0,0,0,0,0,0,0,0,0,0,0,0,0,0,0,0,0,0,0,0.57475,0.00121386,0.00040462,0.00121386,0.00040462,0.00121386,0.00040462,0.00121386,0.00040462
454,40499.3,0.91899,0.45509,0.81619,0,0,0,0,0,0,0.12485,0.00196,0.00026,1e-05,0,0,0,0,0,0,0,0,0,0,0,0,0,0.53358,0.13683,0,0,0.46679,0.06178,0.41384,0.46749,0.87718,0.80017,0.85271,0.57436,1.13706,0.5218,0.84816,0,0,0,0,0,0,0,0,0,0,0,0,0,0,0,0,0,0,0,0,0,0,0,0,0,0,0,0,0,0,0,0.57436,0.00120815,0.000402718,0.00120815,0.000402718,0.00120815,0.000402718,0.00120815,0.000402718
455,40594.6,0.9087,0.45132,0.81703,0,0,0,0,0,0,0.12175,0.00196,0.00031,0,0,0,0,0,0,0,0,0,0,0,0,0,0,0.53975,0.13808,0,0,0.46677,0.06172,0.41321,0.46748,0.87748,0.80038,0.85295,0.57439,1.13737,0.52153,0.8482,0,0,0,0,0,0,0,0,0,0,0,0,0,0,0,0,0,0,0,0,0,0,0,0,0,0,0,0,0,0,0,0.57439,0.00120245,0.000400816,0.00120245,0.000400816,0.00120245,0.000400816,0.00120245,0.000400816
456,40692.1,0.91651,0.45499,0.81795,0,0,0,0,0,0,0.12204,0.00196,0.00023,0,0,0,0,0,0,0,0,0,0,0,0,0,0,0.5497,0.13981,0,0,0.46677,0.0617,0.41471,0.46747,0.87859,0.80073,0.85317,0.57469,1.13794,0.52196,0.84823,0,0,0,0,0,0,0,0,0,0,0,0,0,0,0,0,0,0,0,0,0,0,0,0,0,0,0,0,0,0,0,0.57469,0.00119675,0.000398917,0.00119675,0.000398917,0.00119675,0.000398917,0.00119675,0.000398917
457,40789.4,0.92269,0.45713,0.81678,0,0,0,0,0,0,0.12061,0.00196,0.00022,0,0,0,0,0,0,0,0,0,0,0,0,0,0,0.54107,0.13669,0,0,0.46672,0.06169,0.41277,0.46742,0.87853,0.80079,0.85329,0.57438,1.13822,0.52225,0.84823,0,0,0,0,0,0,0,0,0,0,0,0,0,0,0,0,0,0,0,0,0,0,0,0,0,0,0,0,0,0,0,0.57438,0.00119106,0.000397019,0.00119106,0.000397019,0.00119106,0.000397019,0.00119106,0.000397019
458,40886.2,0.91373,0.45256,0.81538,0,0,0,0,0,0,0.1191,0.00196,0.00023,1e-05,0,0,0,0,0,0,0,0,0,0,0,0,0,0.5394,0.1413,0,0,0.46675,0.0618,0.41371,0.4674,0.87893,0.80048,0.85298,0.57435,1.13848,0.52215,0.84826,0,0,0,0,0,0,0,0,0,0,0,0,0,0,0,0,0,0,0,0,0,0,0,0,0,0,0,0,0,0,0,0.57435,0.00118537,0.000395123,0.00118537,0.000395123,0.00118537,0.000395123,0.00118537,0.000395123
459,40984.6,0.9123,0.45169,0.81656,0,0,0,0,0,0,0.12068,0.00195,0.00021,0,0,0,0,0,0,0,0,0,0,0,0,0,0,0.54512,0.1406,0,0,0.46677,0.06182,0.41294,0.46749,0.87873,0.79998,0.85284,0.57444,1.13901,0.52244,0.84834,0,0,0,0,0,0,0,0,0,0,0,0,0,0,0,0,0,0,0,0,0,0,0,0,0,0,0,0,0,0,0,0.57444,0.00117969,0.000393228,0.00117969,0.000393228,0.00117969,0.000393228,0.00117969,0.000393228
460,41079.8,0.91192,0.45126,0.81521,0,0,0,0,0,0,0.12512,0.00196,0.00022,0,0,0,0,0,0,0,0,0,0,0,0,0,0,0.55427,0.14053,0,0,0.46674,0.06171,0.41409,0.46744,0.87697,0.80061,0.85336,0.57403,1.13973,0.52283,0.84838,0,0,0,0,0,0,0,0,0,0,0,0,0,0,0,0,0,0,0,0,0,0,0,0,0,0,0,0,0,0,0,0.57403,0.00117401,0.000391336,0.00117401,0.000391336,0.00117401,0.000391336,0.00117401,0.000391336
461,41175.9,0.91348,0.45272,0.81696,0,0,0,0,0,0,0.11982,0.00196,0.00027,2e-05,0,0,0,0,0,0,0,0,0,0,0,0,0,0.55445,0.14358,0,0,0.46683,0.06181,0.41407,0.46753,0.87784,0.79958,0.85264,0.57402,1.13969,0.52236,0.84838,0,0,0,0,0,0,0,0,0,0,0,0,0,0,0,0,0,0,0,0,0,0,0,0,0,0,0,0,0,0,0,0.57402,0.00116833,0.000389445,0.00116833,0.000389445,0.00116833,0.000389445,0.00116833,0.000389445
462,41273.2,0.91818,0.45583,0.81315,0,0,0,0,0,0,0.12286,0.00196,0.00023,1e-05,0,0,0,0,0,0,0,0,0,0,0,0,0,0.54797,0.13859,0,0,0.46681,0.06179,0.41361,0.46751,0.87925,0.79939,0.85257,0.57394,1.13949,0.52276,0.84831,0,0,0,0,0,0,0,0,0,0,0,0,0,0,0,0,0,0,0,0,0,0,0,0,0,0,0,0,0,0,0,0.57394,0.00116267,0.000387555,0.00116267,0.000387555,0.00116267,0.000387555,0.00116267,0.000387555
463,41370.6,0.91287,0.45263,0.81721,0,0,0,0,0,0,0.11663,0.00195,0.00032,0,0,0,0,0,0,0,0,0,0,0,0,0,0,0.5726,0.14185,0,0,0.46673,0.06169,0.41371,0.46744,0.87998,0.80038,0.85379,0.57425,1.13911,0.52276,0.84827,0,0,0,0,0,0,0,0,0,0,0,0,0,0,0,0,0,0,0,0,0,0,0,0,0,0,0,0,0,0,0,0.57425,0.001157,0.000385668,0.001157,0.000385668,0.001157,0.000385668,0.001157,0.000385668
464,41466.9,0.91054,0.45161,0.81706,0,0,0,0,0,0,0.12557,0.00195,0.00029,0,0,0,0,0,0,0,0,0,0,0,0,0,0,0.57743,0.1399,0,0,0.46673,0.06169,0.41405,0.46744,0.87684,0.80192,0.85384,0.5744,1.13856,0.52256,0.84825,0,0,0,0,0,0,0,0,0,0,0,0,0,0,0,0,0,0,0,0,0,0,0,0,0,0,0,0,0,0,0,0.5744,0.00115135,0.000383782,0.00115135,0.000383782,0.00115135,0.000383782,0.00115135,0.000383782
465,41560.5,0.91047,0.4512,0.81665,0,0,0,0,0,0,0.1193,0.00195,0.00023,0,0,0,0,0,0,0,0,0,0,0,0,0,0,0.57188,0.14041,0,0,0.46678,0.06171,0.41358,0.46749,0.88185,0.79899,0.85385,0.57396,1.1392,0.52249,0.84836,0,0,0,0,0,0,0,0,0,0,0,0,0,0,0,0,0,0,0,0,0,0,0,0,0,0,0,0,0,0,0,0.57396,0.0011457,0.000381899,0.0011457,0.000381899,0.0011457,0.000381899,0.0011457,0.000381899
466,41657.5,0.90944,0.4517,0.81762,0,0,0,0,0,0,0.11817,0.00195,0.00021,0,0,0,0,0,0,0,0,0,0,0,0,0,0,0.55811,0.13915,0,0,0.46674,0.06176,0.41404,0.46744,0.88187,0.79825,0.85337,0.57389,1.13924,0.52248,0.84839,0,0,0,0,0,0,0,0,0,0,0,0,0,0,0,0,0,0,0,0,0,0,0,0,0,0,0,0,0,0,0,0.57389,0.00114005,0.000380017,0.00114005,0.000380017,0.00114005,0.000380017,0.00114005,0.000380017
467,41757.7,0.91045,0.45264,0.81565,0,0,0,0,0,0,0.11985,0.00196,0.00028,0,0,0,0,0,0,0,0,0,0,0,0,0,0,0.54879,0.13939,0,0,0.46677,0.06176,0.41394,0.46748,0.881,0.79837,0.85367,0.57397,1.14029,0.52294,0.84844,0,0,0,0,0,0,0,0,0,0,0,0,0,0,0,0,0,0,0,0,0,0,0,0,0,0,0,0,0,0,0,0.57397,0.00113441,0.000378137,0.00113441,0.000378137,0.00113441,0.000378137,0.00113441,0.000378137
468,41911.6,0.9105,0.45161,0.81576,0,0,0,0,0,0,0.11926,0.00195,0.00024,0,0,0,0,0,0,0,0,0,0,0,0,0,0,0.56016,0.13903,0,0,0.46681,0.06178,0.41345,0.46752,0.88122,0.79883,0.85384,0.57439,1.14034,0.52291,0.84848,0,0,0,0,0,0,0,0,0,0,0,0,0,0,0,0,0,0,0,0,0,0,0,0,0,0,0,0,0,0,0,0.57439,0.00112878,0.000376259,0.00112878,0.000376259,0.00112878,0.000376259,0.00112878,0.000376259
469,42046.1,0.90459,0.45039,0.81544,0,0,0,0,0,0,0.12087,0.00194,0.00028,0,0,0,0,0,0,0,0,0,0,0,0,0,0,0.56609,0.14182,0,0,0.46677,0.06174,0.41375,0.46748,0.88165,0.79859,0.85345,0.57406,1.14047,0.52289,0.8485,0,0,0,0,0,0,0,0,0,0,0,0,0,0,0,0,0,0,0,0,0,0,0,0,0,0,0,0,0,0,0,0.57406,0.00112315,0.000374383,0.00112315,0.000374383,0.00112315,0.000374383,0.00112315,0.000374383
470,42187.9,0.90826,0.45082,0.81379,0,0,0,0,0,0,0.11594,0.00194,0.00023,0,0,0,0,0,0,0,0,0,0,0,0,0,0,0.54932,0.13938,0,0,0.46676,0.06168,0.41369,0.46747,0.88291,0.79866,0.85339,0.57396,1.1407,0.5227,0.84849,0,0,0,0,0,0,0,0,0,0,0,0,0,0,0,0,0,0,0,0,0,0,0,0,0,0,0,0,0,0,0,0.57396,0.00111753,0.000372509,0.00111753,0.000372509,0.00111753,0.000372509,0.00111753,0.000372509
471,42325.9,0.91391,0.45083,0.81613,0,0,0,0,0,0,0.116,0.00193,0.00025,0,0,0,0,0,0,0,0,0,0,0,0,0,0,0.53682,0.13784,0,0,0.46678,0.06176,0.4139,0.46749,0.88137,0.79865,0.85329,0.57384,1.14069,0.52295,0.84854,0,0,0,0,0,0,0,0,0,0,0,0,0,0,0,0,0,0,0,0,0,0,0,0,0,0,0,0,0,0,0,0.57384,0.00111191,0.000370637,0.00111191,0.000370637,0.00111191,0.000370637,0.00111191,0.000370637
472,42463.5,0.91001,0.44926,0.81467,0,0,0,0,0,0,0.11771,0.00194,0.00027,4e-05,0,0,0,0,0,0,0,0,0,0,0,0,0,0.54327,0.13679,0,0,0.46676,0.06175,0.41347,0.46747,0.88283,0.79866,0.85386,0.57406,1.14112,0.5229,0.84854,0,0,0,0,0,0,0,0,0,0,0,0,0,0,0,0,0,0,0,0,0,0,0,0,0,0,0,0,0,0,0,0.57406,0.0011063,0.000368767,0.0011063,0.000368767,0.0011063,0.000368767,0.0011063,0.000368767
473,42608.7,0.90454,0.44782,0.81602,0,0,0,0,0,0,0.11927,0.00194,0.00022,0,0,0,0,0,0,0,0,0,0,0,0,0,0,0.54775,0.13943,0,0,0.46681,0.06178,0.41337,0.46751,0.88285,0.79836,0.85401,0.57449,1.14073,0.52311,0.8485,0,0,0,0,0,0,0,0,0,0,0,0,0,0,0,0,0,0,0,0,0,0,0,0,0,0,0,0,0,0,0,0.57449,0.0011007,0.000366899,0.0011007,0.000366899,0.0011007,0.000366899,0.0011007,0.000366899
474,42742.7,0.90607,0.45014,0.81497,0,0,0,0,0,0,0.1209,0.00196,0.00031,0,0,0,0,0,0,0,0,0,0,0,0,0,0,0.53996,0.13872,0,0,0.46671,0.06164,0.41398,0.46742,0.8821,0.79891,0.85396,0.5747,1.14025,0.523,0.84838,0,0,0,0,0,0,0,0,0,0,0,0,0,0,0,0,0,0,0,0,0,0,0,0,0,0,0,0,0,0,0,0.5747,0.0010951,0.000365034,0.0010951,0.000365034,0.0010951,0.000365034,0.0010951,0.000365034
475,42885.4,0.9002,0.44923,0.81449,0,0,0,0,0,0,0.11932,0.00194,0.00027,0,0,0,0,0,0,0,0,0,0,0,0,0,0,0.53468,0.13847,0,0,0.46671,0.06172,0.41303,0.46742,0.88218,0.79911,0.8541,0.57448,1.14026,0.523,0.8484,0,0,0,0,0,0,0,0,0,0,0,0,0,0,0,0,0,0,0,0,0,0,0,0,0,0,0,0,0,0,0,0.57448,0.00108951,0.00036317,0.00108951,0.00036317,0.00108951,0.00036317,0.00108951,0.00036317
476,43028.6,0.90764,0.45158,0.81622,0,0,0,0,0,0,0.11679,0.00193,0.00024,0,0,0,0,0,0,0,0,0,0,0,0,0,0,0.54496,0.13769,0,0,0.46667,0.06168,0.41394,0.46737,0.88239,0.79712,0.85354,0.57439,1.13979,0.52303,0.84835,0,0,0,0,0,0,0,0,0,0,0,0,0,0,0,0,0,0,0,0,0,0,0,0,0,0,0,0,0,0,0,0.57439,0.00108393,0.000361309,0.00108393,0.000361309,0.00108393,0.000361309,0.00108393,0.000361309
477,43165.3,0.90637,0.44996,0.8149,0,0,0,0,0,0,0.11945,0.00193,0.00027,0,0,0,0,0,0,0,0,0,0,0,0,0,0,0.54496,0.13965,0,0,0.4668,0.06182,0.4136,0.46751,0.88202,0.79885,0.85473,0.57515,1.13994,0.52315,0.84835,0,0,0,0,0,0,0,0,0,0,0,0,0,0,0,0,0,0,0,0,0,0,0,0,0,0,0,0,0,0,0,0.57515,0.00107835,0.00035945,0.00107835,0.00035945,0.00107835,0.00035945,0.00107835,0.00035945
478,43310.1,0.90964,0.45117,0.81596,0,0,0,0,0,0,0.12262,0.00195,0.00023,0,0,0,0,0,0,0,0,0,0,0,0,0,0,0.5398,0.14285,0,0,0.46675,0.06169,0.41343,0.46747,0.88134,0.79819,0.8539,0.57475,1.14025,0.52345,0.84844,0,0,0,0,0,0,0,0,0,0,0,0,0,0,0,0,0,0,0,0,0,0,0,0,0,0,0,0,0,0,0,0.57475,0.00107278,0.000357593,0.00107278,0.000357593,0.00107278,0.000357593,0.00107278,0.000357593
479,43452,0.90351,0.449,0.81707,0,0,0,0,0,0,0.11789,0.00195,0.00021,0,0,0,0,0,0,0,0,0,0,0,0,0,0,0.55335,0.13826,0,0,0.46677,0.06172,0.41291,0.46748,0.88349,0.79707,0.85364,0.57466,1.14039,0.52371,0.84841,0,0,0,0,0,0,0,0,0,0,0,0,0,0,0,0,0,0,0,0,0,0,0,0,0,0,0,0,0,0,0,0.57466,0.00106722,0.000355739,0.00106722,0.000355739,0.00106722,0.000355739,0.00106722,0.000355739
480,43589.9,0.89802,0.44563,0.81383,0,0,0,0,0,0,0.12264,0.00194,0.00024,0,0,0,0,0,0,0,0,0,0,0,0,0,0,0.54711,0.13884,0,0,0.46668,0.06166,0.41346,0.4674,0.8828,0.79715,0.85364,0.57497,1.14019,0.52366,0.84834,0,0,0,0,0,0,0,0,0,0,0,0,0,0,0,0,0,0,0,0,0,0,0,0,0,0,0,0,0,0,0,0.57497,0.00106166,0.000353886,0.00106166,0.000353886,0.00106166,0.000353886,0.00106166,0.000353886
481,43730.1,0.9047,0.44902,0.81594,0,0,0,0,0,0,0.11977,0.00195,0.00024,0,0,0,0,0,0,0,0,0,0,0,0,0,0,0.54554,0.13968,0,0,0.46678,0.06176,0.41382,0.46748,0.88101,0.7989,0.85391,0.5746,1.14092,0.52432,0.84835,0,0,0,0,0,0,0,0,0,0,0,0,0,0,0,0,0,0,0,0,0,0,0,0,0,0,0,0,0,0,0,0.5746,0.00105611,0.000352037,0.00105611,0.000352037,0.00105611,0.000352037,0.00105611,0.000352037
482,43867.5,0.89659,0.44831,0.81416,0,0,0,0,0,0,0.12091,0.00196,0.00026,0,0,0,0,0,0,0,0,0,0,0,0,0,0,0.54378,0.1357,0,0,0.46666,0.06168,0.41359,0.46737,0.88027,0.79823,0.85341,0.5744,1.1407,0.52404,0.84836,0,0,0,0,0,0,0,0,0,0,0,0,0,0,0,0,0,0,0,0,0,0,0,0,0,0,0,0,0,0,0,0.5744,0.00105057,0.000350189,0.00105057,0.000350189,0.00105057,0.000350189,0.00105057,0.000350189
483,44002.5,0.90439,0.44929,0.81375,0,0,0,0,0,0,0.12001,0.00193,0.00022,1e-05,0,0,0,0,0,0,0,0,0,0,0,0,0,0.53629,0.14095,0,0,0.46671,0.06171,0.41278,0.46743,0.88287,0.79671,0.85338,0.5744,1.14116,0.52427,0.84839,0,0,0,0,0,0,0,0,0,0,0,0,0,0,0,0,0,0,0,0,0,0,0,0,0,0,0,0,0,0,0,0.5744,0.00104503,0.000348344,0.00104503,0.000348344,0.00104503,0.000348344,0.00104503,0.000348344
484,44143.8,0.90228,0.44881,0.81655,0,0,0,0,0,0,0.11761,0.00194,0.00028,0,0,0,0,0,0,0,0,0,0,0,0,0,0,0.55136,0.14807,0,0,0.46675,0.06173,0.41348,0.46745,0.88285,0.79645,0.85334,0.57492,1.14098,0.5243,0.84831,0,0,0,0,0,0,0,0,0,0,0,0,0,0,0,0,0,0,0,0,0,0,0,0,0,0,0,0,0,0,0,0.57492,0.0010395,0.000346501,0.0010395,0.000346501,0.0010395,0.000346501,0.0010395,0.000346501
485,44275.9,0.9069,0.4493,0.81495,0,0,0,0,0,0,0.12132,0.00193,0.00025,1e-05,0,0,0,0,0,0,0,0,0,0,0,0,0,0.54643,0.1418,0,0,0.46676,0.06168,0.41424,0.46747,0.88288,0.79619,0.85352,0.57497,1.14186,0.52475,0.84846,0,0,0,0,0,0,0,0,0,0,0,0,0,0,0,0,0,0,0,0,0,0,0,0,0,0,0,0,0,0,0,0.57497,0.00103398,0.000344661,0.00103398,0.000344661,0.00103398,0.000344661,0.00103398,0.000344661
486,44410.9,0.90157,0.44659,0.81714,0,0,0,0,0,0,0.11663,0.00194,0.00028,0,0,0,0,0,0,0,0,0,0,0,0,0,0,0.55592,0.14199,0,0,0.46674,0.06171,0.41446,0.46744,0.88279,0.79617,0.85329,0.57508,1.14233,0.52491,0.84854,0,0,0,0,0,0,0,0,0,0,0,0,0,0,0,0,0,0,0,0,0,0,0,0,0,0,0,0,0,0,0,0.57508,0.00102847,0.000342823,0.00102847,0.000342823,0.00102847,0.000342823,0.00102847,0.000342823
487,44549.9,0.89652,0.44415,0.81584,0,0,0,0,0,0,0.11855,0.00194,0.00022,0,0,0,0,0,0,0,0,0,0,0,0,0,0,0.55109,0.1403,0,0,0.46678,0.06173,0.41356,0.46743,0.88286,0.79615,0.85321,0.57458,1.1431,0.52531,0.84861,0,0,0,0,0,0,0,0,0,0,0,0,0,0,0,0,0,0,0,0,0,0,0,0,0,0,0,0,0,0,0,0.57458,0.00102296,0.000340988,0.00102296,0.000340988,0.00102296,0.000340988,0.00102296,0.000340988
488,44684.4,0.89944,0.44795,0.81434,0,0,0,0,0,0,0.12049,0.00192,0.00021,0,0,0,0,0,0,0,0,0,0,0,0,0,0,0.54584,0.1419,0,0,0.46682,0.0618,0.41274,0.46754,0.88415,0.79648,0.85366,0.57472,1.14343,0.52559,0.84864,0,0,0,0,0,0,0,0,0,0,0,0,0,0,0,0,0,0,0,0,0,0,0,0,0,0,0,0,0,0,0,0.57472,0.00101746,0.000339155,0.00101746,0.000339155,0.00101746,0.000339155,0.00101746,0.000339155
489,44819.7,0.8937,0.44579,0.8144,0,0,0,0,0,0,0.1184,0.00193,0.0003,0,0,0,0,0,0,0,0,0,0,0,0,0,0,0.54673,0.14042,0,0,0.46674,0.06167,0.4131,0.46745,0.88349,0.797,0.85399,0.5744,1.14386,0.52543,0.84868,0,0,0,0,0,0,0,0,0,0,0,0,0,0,0,0,0,0,0,0,0,0,0,0,0,0,0,0,0,0,0,0.5744,0.00101197,0.000337325,0.00101197,0.000337325,0.00101197,0.000337325,0.00101197,0.000337325
490,44957,0.89573,0.44803,0.81453,0,0,0,0,0,0,0.11978,0.00194,0.00025,2e-05,0,0,0,0,0,0,0,0,0,0,0,0,0,0.54431,0.14336,0,0,0.46676,0.0617,0.41374,0.46746,0.88292,0.79637,0.85359,0.57434,1.14408,0.52571,0.84871,0,0,0,0,0,0,0,0,0,0,0,0,0,0,0,0,0,0,0,0,0,0,0,0,0,0,0,0,0,0,0,0.57434,0.00100649,0.000335497,0.00100649,0.000335497,0.00100649,0.000335497,0.00100649,0.000335497
491,45092.4,0.90592,0.44893,0.81494,0,0,0,0,0,0,0.11778,0.00193,0.00028,3e-05,0,0,0,0,0,0,0,0,0,0,0,0,0,0.52338,0.1359,0,0,0.46677,0.06167,0.41384,0.46747,0.87953,0.79746,0.85363,0.57429,1.14411,0.52556,0.84872,0,0,0,0,0,0,0,0,0,0,0,0,0,0,0,0,0,0,0,0,0,0,0,0,0,0,0,0,0,0,0,0.57429,0.00100102,0.000333672,0.00100102,0.000333672,0.00100102,0.000333672,0.00100102,0.000333672
492,45226.9,0.89524,0.44438,0.81747,0,0,0,0,0,0,0.11739,0.00194,0.00027,0,0,0,0,0,0,0,0,0,0,0,0,0,0,0.53885,0.13753,0,0,0.46676,0.06178,0.41487,0.46747,0.88322,0.79668,0.85365,0.57446,1.14464,0.52583,0.84872,0,0,0,0,0,0,0,0,0,0,0,0,0,0,0,0,0,0,0,0,0,0,0,0,0,0,0,0,0,0,0,0.57446,0.000995549,0.00033185,0.000995549,0.00033185,0.000995549,0.00033185,0.000995549,0.00033185
493,45361.1,0.89958,0.44723,0.81595,0,0,0,0,0,0,0.11619,0.00193,0.00022,0,0,0,0,0,0,0,0,0,0,0,0,0,0,0.53589,0.13813,0,0,0.4667,0.06171,0.41423,0.4674,0.88412,0.79709,0.85471,0.5745,1.14501,0.526,0.84877,0,0,0,0,0,0,0,0,0,0,0,0,0,0,0,0,0,0,0,0,0,0,0,0,0,0,0,0,0,0,0,0.5745,0.00099009,0.00033003,0.00099009,0.00033003,0.00099009,0.00033003,0.00099009,0.00033003
494,45492.9,0.89999,0.44555,0.81313,0,0,0,0,0,0,0.12011,0.00193,0.00021,0,0,0,0,0,0,0,0,0,0,0,0,0,0,0.5475,0.13644,0,0,0.46681,0.06177,0.41388,0.46751,0.88157,0.79745,0.85436,0.57435,1.14573,0.52632,0.84876,0,0,0,0,0,0,0,0,0,0,0,0,0,0,0,0,0,0,0,0,0,0,0,0,0,0,0,0,0,0,0,0.57435,0.000984639,0.000328213,0.000984639,0.000328213,0.000984639,0.000328213,0.000984639,0.000328213
495,45633.3,0.89905,0.44797,0.81324,0,0,0,0,0,0,0.12022,0.00194,0.00028,0,0,0,0,0,0,0,0,0,0,0,0,0,0,0.54175,0.13709,0,0,0.46676,0.06185,0.41357,0.46746,0.88271,0.79633,0.85353,0.57378,1.1463,0.52653,0.84888,0,0,0,0,0,0,0,0,0,0,0,0,0,0,0,0,0,0,0,0,0,0,0,0,0,0,0,0,0,0,0,0.57378,0.000979196,0.000326399,0.000979196,0.000326399,0.000979196,0.000326399,0.000979196,0.000326399
496,45771.1,0.89274,0.44476,0.81511,0,0,0,0,0,0,0.11683,0.00194,0.00031,0,0,0,0,0,0,0,0,0,0,0,0,0,0,0.53521,0.13467,0,0,0.46667,0.06162,0.41426,0.46737,0.8811,0.7971,0.85366,0.57429,1.1464,0.52658,0.84891,0,0,0,0,0,0,0,0,0,0,0,0,0,0,0,0,0,0,0,0,0,0,0,0,0,0,0,0,0,0,0,0.57429,0.000973761,0.000324587,0.000973761,0.000324587,0.000973761,0.000324587,0.000973761,0.000324587
497,45907.9,0.89385,0.44333,0.81414,0,0,0,0,0,0,0.11661,0.00194,0.0003,2e-05,0,0,0,0,0,0,0,0,0,0,0,0,0,0.52356,0.13556,0,0,0.46682,0.06177,0.41257,0.46752,0.8828,0.7962,0.85385,0.57388,1.14624,0.52648,0.84891,0,0,0,0,0,0,0,0,0,0,0,0,0,0,0,0,0,0,0,0,0,0,0,0,0,0,0,0,0,0,0,0.57388,0.000968335,0.000322778,0.000968335,0.000322778,0.000968335,0.000322778,0.000968335,0.000322778
498,46042.9,0.89405,0.44217,0.81433,0,0,0,0,0,0,0.11596,0.00193,0.0003,1e-05,0,0,0,0,0,0,0,0,0,0,0,0,0,0.52894,0.13587,0,0,0.46678,0.06174,0.41404,0.46748,0.88261,0.79583,0.85298,0.57395,1.14574,0.5266,0.84886,0,0,0,0,0,0,0,0,0,0,0,0,0,0,0,0,0,0,0,0,0,0,0,0,0,0,0,0,0,0,0,0.57395,0.000962917,0.000320972,0.000962917,0.000320972,0.000962917,0.000320972,0.000962917,0.000320972
499,46184.4,0.89933,0.44561,0.81452,0,0,0,0,0,0,0.11896,0.00192,0.00031,0,0,0,0,0,0,0,0,0,0,0,0,0,0,0.52563,0.13472,0,0,0.46689,0.06182,0.41363,0.46759,0.88173,0.79613,0.85343,0.57389,1.14628,0.52727,0.84899,0,0,0,0,0,0,0,0,0,0,0,0,0,0,0,0,0,0,0,0,0,0,0,0,0,0,0,0,0,0,0,0.57389,0.000957508,0.000319169,0.000957508,0.000319169,0.000957508,0.000319169,0.000957508,0.000319169
500,46317.2,0.89002,0.44239,0.81567,0,0,0,0,0,0,0.11981,0.00191,0.0003,0,0,0,0,0,0,0,0,0,0,0,0,0,0,0.52862,0.13681,0,0,0.46671,0.06168,0.41307,0.46743,0.88063,0.79659,0.85333,0.5739,1.14619,0.52727,0.84895,0,0,0,0,0,0,0,0,0,0,0,0,0,0,0,0,0,0,0,0,0,0,0,0,0,0,0,0,0,0,0,0.5739,0.000952107,0.000317369,0.000952107,0.000317369,0.000952107,0.000317369,0.000952107,0.000317369
501,46455.7,0.90044,0.44575,0.81501,0,0,0,0,0,0,0.11925,0.00193,0.00027,4e-05,0,0,0,0,0,0,0,0,0,0,0,0,0,0.54954,0.13688,0,0,0.4668,0.06177,0.4141,0.46751,0.88096,0.79564,0.85293,0.57415,1.14647,0.52743,0.84894,0,0,0,0,0,0,0,0,0,0,0,0,0,0,0,0,0,0,0,0,0,0,0,0,0,0,0,0,0,0,0,0.57415,0.000946715,0.000315572,0.000946715,0.000315572,0.000946715,0.000315572,0.000946715,0.000315572
502,46591.2,0.8948,0.44458,0.81611,0,0,0,0,0,0,0.11858,0.00194,0.00021,0,0,0,0,0,0,0,0,0,0,0,0,0,0,0.56079,0.13793,0,0,0.46677,0.06175,0.41438,0.46746,0.88214,0.79477,0.85256,0.57406,1.14655,0.52733,0.84896,0,0,0,0,0,0,0,0,0,0,0,0,0,0,0,0,0,0,0,0,0,0,0,0,0,0,0,0,0,0,0,0.57406,0.000941332,0.000313777,0.000941332,0.000313777,0.000941332,0.000313777,0.000941332,0.000313777
503,46728.6,0.88563,0.44318,0.81444,0,0,0,0,0,0,0.11736,0.00194,0.00021,0,0,0,0,0,0,0,0,0,0,0,0,0,0,0.55003,0.13828,0,0,0.46669,0.06172,0.41326,0.4674,0.87998,0.795,0.85141,0.5737,1.14669,0.52737,0.84902,0,0,0,0,0,0,0,0,0,0,0,0,0,0,0,0,0,0,0,0,0,0,0,0,0,0,0,0,0,0,0,0.5737,0.000935957,0.000311986,0.000935957,0.000311986,0.000935957,0.000311986,0.000935957,0.000311986
504,46862.8,0.89317,0.44563,0.8136,0,0,0,0,0,0,0.11515,0.00193,0.00024,0,0,0,0,0,0,0,0,0,0,0,0,0,0,0.54335,0.13688,0,0,0.46669,0.06165,0.41374,0.46739,0.87955,0.79485,0.852,0.5733,1.14779,0.52791,0.8491,0,0,0,0,0,0,0,0,0,0,0,0,0,0,0,0,0,0,0,0,0,0,0,0,0,0,0,0,0,0,0,0.5733,0.000930592,0.000310197,0.000930592,0.000310197,0.000930592,0.000310197,0.000930592,0.000310197
505,47001.5,0.89202,0.44211,0.81513,0,0,0,0,0,0,0.11783,0.00193,0.00025,0,0,0,0,0,0,0,0,0,0,0,0,0,0,0.54905,0.13698,0,0,0.4667,0.06174,0.41339,0.46741,0.87999,0.79537,0.85237,0.5733,1.14764,0.5284,0.84905,0,0,0,0,0,0,0,0,0,0,0,0,0,0,0,0,0,0,0,0,0,0,0,0,0,0,0,0,0,0,0,0.5733,0.000925235,0.000308412,0.000925235,0.000308412,0.000925235,0.000308412,0.000925235,0.000308412
506,47136,0.89333,0.44341,0.81336,0,0,0,0,0,0,0.11805,0.00193,0.0003,0,0,0,0,0,0,0,0,0,0,0,0,0,0,0.54777,0.13574,0,0,0.4668,0.06175,0.41403,0.4675,0.88193,0.79546,0.85254,0.57326,1.14827,0.52888,0.8491,0,0,0,0,0,0,0,0,0,0,0,0,0,0,0,0,0,0,0,0,0,0,0,0,0,0,0,0,0,0,0,0.57326,0.000919888,0.000306629,0.000919888,0.000306629,0.000919888,0.000306629,0.000919888,0.000306629
507,47272.8,0.88715,0.44316,0.81281,0,0,0,0,0,0,0.11649,0.00193,0.00029,0,0,0,0,0,0,0,0,0,0,0,0,0,0,0.53041,0.13744,0,0,0.46674,0.06177,0.41312,0.46745,0.8821,0.79519,0.85294,0.57303,1.14863,0.52905,0.84917,0,0,0,0,0,0,0,0,0,0,0,0,0,0,0,0,0,0,0,0,0,0,0,0,0,0,0,0,0,0,0,0.57303,0.00091455,0.00030485,0.00091455,0.00030485,0.00091455,0.00030485,0.00091455,0.00030485
508,47410.8,0.89352,0.44356,0.81279,0,0,0,0,0,0,0.11723,0.00192,0.00028,0,0,0,0,0,0,0,0,0,0,0,0,0,0,0.52501,0.13414,0,0,0.46683,0.06177,0.4125,0.46755,0.88286,0.7952,0.8532,0.57302,1.14801,0.52862,0.84913,0,0,0,0,0,0,0,0,0,0,0,0,0,0,0,0,0,0,0,0,0,0,0,0,0,0,0,0,0,0,0,0.57302,0.000909221,0.000303074,0.000909221,0.000303074,0.000909221,0.000303074,0.000909221,0.000303074
509,47542,0.89078,0.44324,0.8164,0,0,0,0,0,0,0.11709,0.00194,0.0002,1e-05,0,0,0,0,0,0,0,0,0,0,0,0,0,0.54124,0.13487,0,0,0.46676,0.06165,0.41391,0.46746,0.88182,0.79511,0.85294,0.57296,1.14804,0.52865,0.84915,0,0,0,0,0,0,0,0,0,0,0,0,0,0,0,0,0,0,0,0,0,0,0,0,0,0,0,0,0,0,0,0.57296,0.000903901,0.0003013,0.000903901,0.0003013,0.000903901,0.0003013,0.000903901,0.0003013
510,47685,0.88953,0.4429,0.8133,0,0,0,0,0,0,0.12116,0.00192,0.00021,5e-05,0,0,0,0,0,0,0,0,0,0,0,0,0,0.54031,0.13374,0,0,0.46679,0.06178,0.41318,0.4675,0.8825,0.79501,0.85327,0.5735,1.14735,0.52858,0.84906,0,0,0,0,0,0,0,0,0,0,0,0,0,0,0,0,0,0,0,0,0,0,0,0,0,0,0,0,0,0,0,0.5735,0.000898591,0.00029953,0.000898591,0.00029953,0.000898591,0.00029953,0.000898591,0.00029953
511,47818.3,0.89286,0.44355,0.81461,0,0,0,0,0,0,0.11734,0.0019,0.00025,0,0,0,0,0,0,0,0,0,0,0,0,0,0,0.55679,0.13307,0,0,0.46674,0.0617,0.41448,0.46745,0.88081,0.79525,0.85258,0.57384,1.14724,0.52893,0.84906,0,0,0,0,0,0,0,0,0,0,0,0,0,0,0,0,0,0,0,0,0,0,0,0,0,0,0,0,0,0,0,0.57384,0.00089329,0.000297763,0.00089329,0.000297763,0.00089329,0.000297763,0.00089329,0.000297763
512,47956.4,0.88916,0.44329,0.81431,0,0,0,0,0,0,0.11671,0.00191,0.00027,0,0,0,0,0,0,0,0,0,0,0,0,0,0,0.55428,0.13378,0,0,0.46681,0.06172,0.41496,0.46751,0.87962,0.79616,0.85301,0.57361,1.14734,0.52933,0.84902,0,0,0,0,0,0,0,0,0,0,0,0,0,0,0,0,0,0,0,0,0,0,0,0,0,0,0,0,0,0,0,0.57361,0.000887999,0.000296,0.000887999,0.000296,0.000887999,0.000296,0.000887999,0.000296
513,48103.9,0.89356,0.44477,0.81366,0,0,0,0,0,0,0.11464,0.00191,0.00021,0,0,0,0,0,0,0,0,0,0,0,0,0,0,0.54226,0.13338,0,0,0.4667,0.06167,0.4136,0.4674,0.88082,0.79537,0.8533,0.57372,1.14659,0.5296,0.84893,0,0,0,0,0,0,0,0,0,0,0,0,0,0,0,0,0,0,0,0,0,0,0,0,0,0,0,0,0,0,0,0.57372,0.000882718,0.000294239,0.000882718,0.000294239,0.000882718,0.000294239,0.000882718,0.000294239
514,48241.2,0.89728,0.44641,0.81237,0,0,0,0,0,0,0.1169,0.00191,0.00023,0,0,0,0,0,0,0,0,0,0,0,0,0,0,0.53803,0.13427,0,0,0.4669,0.06187,0.41457,0.46759,0.88167,0.79606,0.85377,0.57332,1.14668,0.5298,0.84898,0,0,0,0,0,0,0,0,0,0,0,0,0,0,0,0,0,0,0,0,0,0,0,0,0,0,0,0,0,0,0,0.57332,0.000877446,0.000292482,0.000877446,0.000292482,0.000877446,0.000292482,0.000877446,0.000292482
515,48378.3,0.88469,0.44113,0.81481,0,0,0,0,0,0,0.11543,0.00191,0.00028,2e-05,0,0,0,0,0,0,0,0,0,0,0,0,0,0.5322,0.13442,0,0,0.46673,0.06174,0.41367,0.46744,0.88127,0.79578,0.85335,0.57385,1.14693,0.53018,0.84904,0,0,0,0,0,0,0,0,0,0,0,0,0,0,0,0,0,0,0,0,0,0,0,0,0,0,0,0,0,0,0,0.57385,0.000872184,0.000290728,0.000872184,0.000290728,0.000872184,0.000290728,0.000872184,0.000290728
516,48520.6,0.88891,0.44197,0.81376,0,0,0,0,0,0,0.11395,0.00193,0.00023,1e-05,0,0,0,0,0,0,0,0,0,0,0,0,0,0.54673,0.1355,0,0,0.46677,0.06171,0.41354,0.46748,0.88221,0.79554,0.85396,0.57334,1.14672,0.52996,0.84903,0,0,0,0,0,0,0,0,0,0,0,0,0,0,0,0,0,0,0,0,0,0,0,0,0,0,0,0,0,0,0,0.57334,0.000866932,0.000288977,0.000866932,0.000288977,0.000866932,0.000288977,0.000866932,0.000288977
517,48664.5,0.88633,0.44124,0.81354,0,0,0,0,0,0,0.11486,0.00191,0.00022,0,0,0,0,0,0,0,0,0,0,0,0,0,0,0.54633,0.13409,0,0,0.46676,0.06175,0.41351,0.46747,0.88132,0.79613,0.85368,0.57319,1.1471,0.53022,0.84909,0,0,0,0,0,0,0,0,0,0,0,0,0,0,0,0,0,0,0,0,0,0,0,0,0,0,0,0,0,0,0,0.57319,0.00086169,0.00028723,0.00086169,0.00028723,0.00086169,0.00028723,0.00086169,0.00028723
518,48802.2,0.8891,0.44134,0.8154,0,0,0,0,0,0,0.11782,0.00191,0.00028,2e-05,0,0,0,0,0,0,0,0,0,0,0,0,0,0.54875,0.13707,0,0,0.46674,0.06171,0.41394,0.46744,0.88106,0.79512,0.85345,0.57285,1.147,0.5305,0.84913,0,0,0,0,0,0,0,0,0,0,0,0,0,0,0,0,0,0,0,0,0,0,0,0,0,0,0,0,0,0,0,0.57285,0.000856458,0.000285486,0.000856458,0.000285486,0.000856458,0.000285486,0.000856458,0.000285486
519,48944.6,0.88075,0.4395,0.8144,0,0,0,0,0,0,0.11394,0.00191,0.00022,0,0,0,0,0,0,0,0,0,0,0,0,0,0,0.54371,0.13825,0,0,0.46674,0.06172,0.41336,0.46744,0.87934,0.79637,0.85335,0.5733,1.14745,0.53076,0.8492,0,0,0,0,0,0,0,0,0,0,0,0,0,0,0,0,0,0,0,0,0,0,0,0,0,0,0,0,0,0,0,0.5733,0.000851237,0.000283746,0.000851237,0.000283746,0.000851237,0.000283746,0.000851237,0.000283746
520,49079.2,0.88218,0.44003,0.81415,0,0,0,0,0,0,0.11524,0.0019,0.00023,0,0,0,0,0,0,0,0,0,0,0,0,0,0,0.55928,0.1379,0,0,0.46673,0.0617,0.4139,0.46745,0.87982,0.79593,0.85326,0.57303,1.14772,0.53092,0.84922,0,0,0,0,0,0,0,0,0,0,0,0,0,0,0,0,0,0,0,0,0,0,0,0,0,0,0,0,0,0,0,0.57303,0.000846025,0.000282008,0.000846025,0.000282008,0.000846025,0.000282008,0.000846025,0.000282008
521,49222.3,0.88842,0.44045,0.81413,0,0,0,0,0,0,0.11446,0.00191,0.0003,0,0,0,0,0,0,0,0,0,0,0,0,0,0,0.54292,0.13613,0,0,0.46677,0.06172,0.41387,0.46746,0.87955,0.79641,0.85326,0.57361,1.14759,0.53099,0.84918,0,0,0,0,0,0,0,0,0,0,0,0,0,0,0,0,0,0,0,0,0,0,0,0,0,0,0,0,0,0,0,0.57361,0.000840824,0.000280275,0.000840824,0.000280275,0.000840824,0.000280275,0.000840824,0.000280275
522,49364.6,0.88275,0.43844,0.81325,0,0,0,0,0,0,0.11613,0.0019,0.00024,1e-05,0,0,0,0,0,0,0,0,0,0,0,0,0,0.5248,0.13367,0,0,0.46676,0.06172,0.41375,0.46747,0.87885,0.79685,0.85397,0.5739,1.14821,0.53108,0.84925,0,0,0,0,0,0,0,0,0,0,0,0,0,0,0,0,0,0,0,0,0,0,0,0,0,0,0,0,0,0,0,0.5739,0.000835633,0.000278544,0.000835633,0.000278544,0.000835633,0.000278544,0.000835633,0.000278544
523,49499.8,0.88693,0.44217,0.81234,0,0,0,0,0,0,0.11734,0.0019,0.0003,0,0,0,0,0,0,0,0,0,0,0,0,0,0,0.54156,0.13299,0,0,0.46685,0.06176,0.41428,0.46755,0.88046,0.79584,0.85362,0.57366,1.14779,0.53109,0.84921,0,0,0,0,0,0,0,0,0,0,0,0,0,0,0,0,0,0,0,0,0,0,0,0,0,0,0,0,0,0,0,0.57366,0.000830453,0.000276818,0.000830453,0.000276818,0.000830453,0.000276818,0.000830453,0.000276818
524,49641.3,0.88309,0.44069,0.81156,0,0,0,0,0,0,0.11439,0.0019,0.00025,3e-05,0,0,0,0,0,0,0,0,0,0,0,0,0,0.5471,0.13488,0,0,0.46688,0.06181,0.4138,0.46758,0.87979,0.79542,0.85303,0.57394,1.14794,0.53141,0.8492,0,0,0,0,0,0,0,0,0,0,0,0,0,0,0,0,0,0,0,0,0,0,0,0,0,0,0,0,0,0,0,0.57394,0.000825283,0.000275094,0.000825283,0.000275094,0.000825283,0.000275094,0.000825283,0.000275094
525,49784.1,0.8831,0.44086,0.81408,0,0,0,0,0,0,0.11458,0.00189,0.00024,0,0,0,0,0,0,0,0,0,0,0,0,0,0,0.53079,0.13398,0,0,0.46673,0.06183,0.41326,0.46743,0.87749,0.79523,0.85279,0.5736,1.14842,0.5315,0.84924,0,0,0,0,0,0,0,0,0,0,0,0,0,0,0,0,0,0,0,0,0,0,0,0,0,0,0,0,0,0,0,0.5736,0.000820124,0.000273375,0.000820124,0.000273375,0.000820124,0.000273375,0.000820124,0.000273375
526,49916.3,0.88562,0.4405,0.81301,0,0,0,0,0,0,0.11336,0.00192,0.00024,0,0,0,0,0,0,0,0,0,0,0,0,0,0,0.52333,0.1336,0,0,0.46677,0.06178,0.41367,0.46747,0.87708,0.79651,0.85295,0.57364,1.14842,0.53176,0.84926,0,0,0,0,0,0,0,0,0,0,0,0,0,0,0,0,0,0,0,0,0,0,0,0,0,0,0,0,0,0,0,0.57364,0.000814976,0.000271659,0.000814976,0.000271659,0.000814976,0.000271659,0.000814976,0.000271659
527,50055,0.87861,0.43876,0.81215,0,0,0,0,0,0,0.11782,0.0019,0.00023,0,0,0,0,0,0,0,0,0,0,0,0,0,0,0.53229,0.13569,0,0,0.46682,0.06174,0.41342,0.46753,0.87989,0.79599,0.85393,0.57378,1.14856,0.53174,0.8493,0,0,0,0,0,0,0,0,0,0,0,0,0,0,0,0,0,0,0,0,0,0,0,0,0,0,0,0,0,0,0,0.57378,0.000809838,0.000269946,0.000809838,0.000269946,0.000809838,0.000269946,0.000809838,0.000269946
528,50193.5,0.88177,0.44019,0.81217,0,0,0,0,0,0,0.1165,0.0019,0.00029,0,0,0,0,0,0,0,0,0,0,0,0,0,0,0.5359,0.13462,0,0,0.46673,0.06171,0.41429,0.46743,0.87864,0.79724,0.85339,0.57387,1.14784,0.53164,0.84924,0,0,0,0,0,0,0,0,0,0,0,0,0,0,0,0,0,0,0,0,0,0,0,0,0,0,0,0,0,0,0,0.57387,0.000804712,0.000268237,0.000804712,0.000268237,0.000804712,0.000268237,0.000804712,0.000268237
529,50330.2,0.87985,0.44094,0.8123,0,0,0,0,0,0,0.1154,0.00192,0.00022,5e-05,0,0,0,0,0,0,0,0,0,0,0,0,0,0.52448,0.13461,0,0,0.46676,0.06174,0.4137,0.46747,0.87784,0.79855,0.85377,0.57386,1.14812,0.53199,0.84932,0,0,0,0,0,0,0,0,0,0,0,0,0,0,0,0,0,0,0,0,0,0,0,0,0,0,0,0,0,0,0,0.57386,0.000799596,0.000266532,0.000799596,0.000266532,0.000799596,0.000266532,0.000799596,0.000266532
530,50468.4,0.8878,0.44121,0.81354,0,0,0,0,0,0,0.115,0.00189,0.00028,1e-05,0,0,0,0,0,0,0,0,0,0,0,0,0,0.53106,0.1366,0,0,0.46677,0.06178,0.41344,0.46748,0.87789,0.79737,0.8537,0.57393,1.14816,0.53184,0.84929,0,0,0,0,0,0,0,0,0,0,0,0,0,0,0,0,0,0,0,0,0,0,0,0,0,0,0,0,0,0,0,0.57393,0.000794491,0.00026483,0.000794491,0.00026483,0.000794491,0.00026483,0.000794491,0.00026483
531,50605,0.88053,0.43891,0.81202,0,0,0,0,0,0,0.11592,0.00191,0.00025,0,0,0,0,0,0,0,0,0,0,0,0,0,0,0.53009,0.13439,0,0,0.46678,0.06174,0.41404,0.46748,0.87834,0.79723,0.85377,0.57422,1.14797,0.53237,0.84918,0,0,0,0,0,0,0,0,0,0,0,0,0,0,0,0,0,0,0,0,0,0,0,0,0,0,0,0,0,0,0,0.57422,0.000789397,0.000263132,0.000789397,0.000263132,0.000789397,0.000263132,0.000789397,0.000263132
532,50741.5,0.88245,0.44026,0.81279,0,0,0,0,0,0,0.11552,0.00189,0.00022,0,0,0,0,0,0,0,0,0,0,0,0,0,0,0.52967,0.13153,0,0,0.46678,0.06173,0.41429,0.46748,0.87823,0.79758,0.85365,0.5741,1.14744,0.53209,0.84914,0,0,0,0,0,0,0,0,0,0,0,0,0,0,0,0,0,0,0,0,0,0,0,0,0,0,0,0,0,0,0,0.5741,0.000784315,0.000261438,0.000784315,0.000261438,0.000784315,0.000261438,0.000784315,0.000261438
533,50880.1,0.88357,0.43985,0.81175,0,0,0,0,0,0,0.11779,0.00188,0.00024,0,0,0,0,0,0,0,0,0,0,0,0,0,0,0.53122,0.132,0,0,0.46683,0.06186,0.41349,0.46753,0.87883,0.79689,0.85343,0.57407,1.14731,0.53212,0.84921,0,0,0,0,0,0,0,0,0,0,0,0,0,0,0,0,0,0,0,0,0,0,0,0,0,0,0,0,0,0,0,0.57407,0.000779244,0.000259748,0.000779244,0.000259748,0.000779244,0.000259748,0.000779244,0.000259748
534,51012.9,0.8819,0.44,0.81225,0,0,0,0,0,0,0.11611,0.00189,0.00023,3e-05,0,0,0,0,0,0,0,0,0,0,0,0,0,0.53156,0.13223,0,0,0.46681,0.06177,0.41404,0.46751,0.87765,0.79682,0.85308,0.57414,1.14779,0.5324,0.84924,0,0,0,0,0,0,0,0,0,0,0,0,0,0,0,0,0,0,0,0,0,0,0,0,0,0,0,0,0,0,0,0.57414,0.000774184,0.000258061,0.000774184,0.000258061,0.000774184,0.000258061,0.000774184,0.000258061
535,51150.4,0.87934,0.43895,0.81218,0,0,0,0,0,0,0.1141,0.00187,0.00025,1e-05,0,0,0,0,0,0,0,0,0,0,0,0,0,0.5426,0.13628,0,0,0.46677,0.06182,0.4131,0.46748,0.8788,0.79613,0.85295,0.5741,1.14785,0.53291,0.84925,0,0,0,0,0,0,0,0,0,0,0,0,0,0,0,0,0,0,0,0,0,0,0,0,0,0,0,0,0,0,0,0.5741,0.000769136,0.000256379,0.000769136,0.000256379,0.000769136,0.000256379,0.000769136,0.000256379
536,51294.5,0.87799,0.43638,0.81158,0,0,0,0,0,0,0.11422,0.00186,0.0003,1e-05,0,0,0,0,0,0,0,0,0,0,0,0,0,0.53254,0.13222,0,0,0.46679,0.06179,0.41353,0.46751,0.87888,0.79616,0.85303,0.57403,1.14867,0.53324,0.84939,0,0,0,0,0,0,0,0,0,0,0,0,0,0,0,0,0,0,0,0,0,0,0,0,0,0,0,0,0,0,0,0.57403,0.000764099,0.0002547,0.000764099,0.0002547,0.000764099,0.0002547,0.000764099,0.0002547
537,51424.3,0.87686,0.43784,0.81363,0,0,0,0,0,0,0.11512,0.00186,0.00023,0,0,0,0,0,0,0,0,0,0,0,0,0,0,0.53818,0.13188,0,0,0.4667,0.06172,0.41246,0.46741,0.87721,0.7969,0.85293,0.57413,1.1494,0.53408,0.84945,0,0,0,0,0,0,0,0,0,0,0,0,0,0,0,0,0,0,0,0,0,0,0,0,0,0,0,0,0,0,0,0.57413,0.000759073,0.000253024,0.000759073,0.000253024,0.000759073,0.000253024,0.000759073,0.000253024
538,51563.4,0.87714,0.43681,0.81453,0,0,0,0,0,0,0.116,0.00189,0.00024,0,0,0,0,0,0,0,0,0,0,0,0,0,0,0.53277,0.13279,0,0,0.4667,0.06165,0.41449,0.46741,0.87856,0.79552,0.85282,0.57372,1.14998,0.53439,0.84945,0,0,0,0,0,0,0,0,0,0,0,0,0,0,0,0,0,0,0,0,0,0,0,0,0,0,0,0,0,0,0,0.57372,0.00075406,0.000251353,0.00075406,0.000251353,0.00075406,0.000251353,0.00075406,0.000251353
539,51698.2,0.88392,0.43918,0.81193,0,0,0,0,0,0,0.11284,0.00188,0.00023,0,0,0,0,0,0,0,0,0,0,0,0,0,0,0.52691,0.13149,0,0,0.46677,0.06183,0.41357,0.46748,0.88018,0.79432,0.85248,0.57362,1.15007,0.53437,0.84947,0,0,0,0,0,0,0,0,0,0,0,0,0,0,0,0,0,0,0,0,0,0,0,0,0,0,0,0,0,0,0,0.57362,0.000749058,0.000249686,0.000749058,0.000249686,0.000749058,0.000249686,0.000749058,0.000249686
540,51834.6,0.87424,0.4377,0.81278,0,0,0,0,0,0,0.1125,0.00189,0.00026,0,0,0,0,0,0,0,0,0,0,0,0,0,0,0.53309,0.13333,0,0,0.4668,0.06173,0.41297,0.46752,0.88026,0.79375,0.85254,0.57336,1.15128,0.53454,0.84965,0,0,0,0,0,0,0,0,0,0,0,0,0,0,0,0,0,0,0,0,0,0,0,0,0,0,0,0,0,0,0,0.57336,0.000744068,0.000248023,0.000744068,0.000248023,0.000744068,0.000248023,0.000744068,0.000248023
541,51973.4,0.88419,0.44035,0.81363,0,0,0,0,0,0,0.11167,0.00187,0.00029,0,0,0,0,0,0,0,0,0,0,0,0,0,0,0.52792,0.13479,0,0,0.46669,0.06174,0.41351,0.4674,0.88021,0.79448,0.85281,0.57371,1.15143,0.5345,0.84964,0,0,0,0,0,0,0,0,0,0,0,0,0,0,0,0,0,0,0,0,0,0,0,0,0,0,0,0,0,0,0,0.57371,0.00073909,0.000246363,0.00073909,0.000246363,0.00073909,0.000246363,0.00073909,0.000246363
542,52102.1,0.87739,0.43832,0.81239,0,0,0,0,0,0,0.11311,0.00188,0.00028,0,0,0,0,0,0,0,0,0,0,0,0,0,0,0.52569,0.13396,0,0,0.4668,0.06176,0.41356,0.46752,0.87918,0.79528,0.85283,0.57321,1.15195,0.53472,0.84972,0,0,0,0,0,0,0,0,0,0,0,0,0,0,0,0,0,0,0,0,0,0,0,0,0,0,0,0,0,0,0,0.57321,0.000734123,0.000244708,0.000734123,0.000244708,0.000734123,0.000244708,0.000734123,0.000244708
543,52240.3,0.87504,0.43572,0.81251,0,0,0,0,0,0,0.11491,0.00188,0.00023,0,0,0,0,0,0,0,0,0,0,0,0,0,0,0.5302,0.13279,0,0,0.4668,0.06175,0.41313,0.46751,0.87889,0.79494,0.85281,0.57322,1.15275,0.53519,0.84975,0,0,0,0,0,0,0,0,0,0,0,0,0,0,0,0,0,0,0,0,0,0,0,0,0,0,0,0,0,0,0,0.57322,0.000729169,0.000243056,0.000729169,0.000243056,0.000729169,0.000243056,0.000729169,0.000243056
544,52378.9,0.87326,0.4353,0.81053,0,0,0,0,0,0,0.1138,0.00189,0.00021,0,0,0,0,0,0,0,0,0,0,0,0,0,0,0.52723,0.13439,0,0,0.46683,0.06179,0.41329,0.46754,0.87898,0.79493,0.85248,0.57319,1.15323,0.53478,0.84979,0,0,0,0,0,0,0,0,0,0,0,0,0,0,0,0,0,0,0,0,0,0,0,0,0,0,0,0,0,0,0,0.57319,0.000724227,0.000241409,0.000724227,0.000241409,0.000724227,0.000241409,0.000724227,0.000241409
545,52512.5,0.87806,0.43667,0.81295,0,0,0,0,0,0,0.11303,0.00188,0.0002,5e-05,0,0,0,0,0,0,0,0,0,0,0,0,0,0.52729,0.13639,0,0,0.4668,0.0618,0.41325,0.46751,0.87891,0.79501,0.85229,0.57317,1.15353,0.53518,0.84985,0,0,0,0,0,0,0,0,0,0,0,0,0,0,0,0,0,0,0,0,0,0,0,0,0,0,0,0,0,0,0,0.57317,0.000719297,0.000239766,0.000719297,0.000239766,0.000719297,0.000239766,0.000719297,0.000239766
546,52644.6,0.87557,0.43686,0.81374,0,0,0,0,0,0,0.11544,0.00187,0.00029,0,0,0,0,0,0,0,0,0,0,0,0,0,0,0.52003,0.13762,0,0,0.46671,0.06169,0.4136,0.46742,0.87846,0.7949,0.85249,0.57284,1.15369,0.53532,0.84978,0,0,0,0,0,0,0,0,0,0,0,0,0,0,0,0,0,0,0,0,0,0,0,0,0,0,0,0,0,0,0,0.57284,0.00071438,0.000238127,0.00071438,0.000238127,0.00071438,0.000238127,0.00071438,0.000238127
547,52779.5,0.87068,0.4354,0.81251,0,0,0,0,0,0,0.11205,0.00187,0.00023,0,0,0,0,0,0,0,0,0,0,0,0,0,0,0.52553,0.13377,0,0,0.46671,0.06174,0.41373,0.46743,0.87847,0.79471,0.85197,0.57258,1.1541,0.53564,0.8498,0,0,0,0,0,0,0,0,0,0,0,0,0,0,0,0,0,0,0,0,0,0,0,0,0,0,0,0,0,0,0,0.57258,0.000709474,0.000236491,0.000709474,0.000236491,0.000709474,0.000236491,0.000709474,0.000236491
548,52910.5,0.87188,0.43628,0.81349,0,0,0,0,0,0,0.11281,0.0019,0.0002,0,0,0,0,0,0,0,0,0,0,0,0,0,0,0.53004,0.1358,0,0,0.46676,0.06172,0.41374,0.46742,0.87752,0.79492,0.85231,0.57324,1.15312,0.53547,0.84971,0,0,0,0,0,0,0,0,0,0,0,0,0,0,0,0,0,0,0,0,0,0,0,0,0,0,0,0,0,0,0,0.57324,0.000704581,0.00023486,0.000704581,0.00023486,0.000704581,0.00023486,0.000704581,0.00023486
549,53023.9,0.87266,0.4343,0.81198,0,0,0,0,0,0,0.11262,0.00189,0.00028,4e-05,0,0,0,0,0,0,0,0,0,0,0,0,0,0.51857,0.1336,0,0,0.46675,0.06168,0.41411,0.46746,0.87845,0.79499,0.85277,0.57335,1.15274,0.5352,0.84968,0,0,0,0,0,0,0,0,0,0,0,0,0,0,0,0,0,0,0,0,0,0,0,0,0,0,0,0,0,0,0,0.57335,0.000699701,0.000233234,0.000699701,0.000233234,0.000699701,0.000233234,0.000699701,0.000233234
550,53130.8,0.87082,0.43473,0.81266,0,0,0,0,0,0,0.11579,0.00188,0.00023,1e-05,0,0,0,0,0,0,0,0,0,0,0,0,0,0.5126,0.13052,0,0,0.46675,0.06176,0.41288,0.46747,0.8785,0.79513,0.85304,0.57314,1.15309,0.53551,0.8497,0,0,0,0,0,0,0,0,0,0,0,0,0,0,0,0,0,0,0,0,0,0,0,0,0,0,0,0,0,0,0,0.57314,0.000694833,0.000231611,0.000694833,0.000231611,0.000694833,0.000231611,0.000694833,0.000231611
551,53235.2,0.86936,0.43497,0.81109,0,0,0,0,0,0,0.11232,0.00187,0.00021,0,0,0,0,0,0,0,0,0,0,0,0,0,0,0.51944,0.12929,0,0,0.46678,0.06175,0.41379,0.46749,0.87903,0.79539,0.85314,0.57389,1.15219,0.53545,0.84961,0,0,0,0,0,0,0,0,0,0,0,0,0,0,0,0,0,0,0,0,0,0,0,0,0,0,0,0,0,0,0,0.57389,0.000689978,0.000229993,0.000689978,0.000229993,0.000689978,0.000229993,0.000689978,0.000229993
552,53339.3,0.87162,0.43336,0.81204,0,0,0,0,0,0,0.11275,0.00188,0.00021,0,0,0,0,0,0,0,0,0,0,0,0,0,0,0.52616,0.13046,0,0,0.46674,0.06164,0.41358,0.46745,0.87951,0.79456,0.85349,0.57385,1.1511,0.5354,0.8495,0,0,0,0,0,0,0,0,0,0,0,0,0,0,0,0,0,0,0,0,0,0,0,0,0,0,0,0,0,0,0,0.57385,0.000685136,0.000228379,0.000685136,0.000228379,0.000685136,0.000228379,0.000685136,0.000228379
553,53444.2,0.87458,0.43673,0.8131,0,0,0,0,0,0,0.11196,0.00189,0.00022,0,0,0,0,0,0,0,0,0,0,0,0,0,0,0.53169,0.133,0,0,0.46673,0.06173,0.41326,0.46743,0.87934,0.79457,0.85299,0.57409,1.15086,0.53536,0.84944,0,0,0,0,0,0,0,0,0,0,0,0,0,0,0,0,0,0,0,0,0,0,0,0,0,0,0,0,0,0,0,0.57409,0.000680306,0.000226769,0.000680306,0.000226769,0.000680306,0.000226769,0.000680306,0.000226769
554,53552.4,0.87175,0.43527,0.81177,0,0,0,0,0,0,0.11145,0.00187,0.00024,2e-05,0,0,0,0,0,0,0,0,0,0,0,0,0,0.52363,0.13334,0,0,0.4668,0.06177,0.41345,0.46751,0.87851,0.79455,0.85299,0.574,1.15189,0.53588,0.84958,0,0,0,0,0,0,0,0,0,0,0,0,0,0,0,0,0,0,0,0,0,0,0,0,0,0,0,0,0,0,0,0.574,0.000675489,0.000225163,0.000675489,0.000225163,0.000675489,0.000225163,0.000675489,0.000225163
555,53660.3,0.87058,0.4352,0.81392,0,0,0,0,0,0,0.11032,0.00188,0.00022,1e-05,0,0,0,0,0,0,0,0,0,0,0,0,0,0.53386,0.13533,0,0,0.46679,0.06173,0.4139,0.4675,0.87849,0.79565,0.85357,0.57386,1.15264,0.5361,0.84962,0,0,0,0,0,0,0,0,0,0,0,0,0,0,0,0,0,0,0,0,0,0,0,0,0,0,0,0,0,0,0,0.57386,0.000670686,0.000223562,0.000670686,0.000223562,0.000670686,0.000223562,0.000670686,0.000223562
556,53765.1,0.87053,0.43337,0.813,0,0,0,0,0,0,0.11087,0.00189,0.00023,0,0,0,0,0,0,0,0,0,0,0,0,0,0,0.5345,0.13108,0,0,0.4667,0.06165,0.4136,0.46742,0.87904,0.79518,0.85328,0.57394,1.15215,0.53595,0.84961,0,0,0,0,0,0,0,0,0,0,0,0,0,0,0,0,0,0,0,0,0,0,0,0,0,0,0,0,0,0,0,0.57394,0.000665895,0.000221965,0.000665895,0.000221965,0.000665895,0.000221965,0.000665895,0.000221965
557,53870.5,0.87166,0.4351,0.8107,0,0,0,0,0,0,0.11416,0.00189,0.00022,0,0,0,0,0,0,0,0,0,0,0,0,0,0,0.52432,0.13005,0,0,0.46675,0.06175,0.41288,0.46739,0.8802,0.79487,0.85369,0.57404,1.15168,0.53599,0.84957,0,0,0,0,0,0,0,0,0,0,0,0,0,0,0,0,0,0,0,0,0,0,0,0,0,0,0,0,0,0,0,0.57404,0.000661117,0.000220372,0.000661117,0.000220372,0.000661117,0.000220372,0.000661117,0.000220372
558,54198.2,0.86874,0.43581,0.81304,0,0,0,0,0,0,0.11313,0.00188,0.0003,0,0,0,0,0,0,0,0,0,0,0,0,0,0,0.52355,0.12961,0,0,0.46673,0.06172,0.41423,0.46744,0.88072,0.79534,0.8535,0.57387,1.15165,0.53616,0.84963,0,0,0,0,0,0,0,0,0,0,0,0,0,0,0,0,0,0,0,0,0,0,0,0,0,0,0,0,0,0,0,0.57387,0.000656353,0.000218784,0.000656353,0.000218784,0.000656353,0.000218784,0.000656353,0.000218784
559,54354.4,0.87237,0.4361,0.81242,0,0,0,0,0,0,0.11157,0.00188,0.00021,0,0,0,0,0,0,0,0,0,0,0,0,0,0,0.52278,0.12953,0,0,0.46678,0.06181,0.4137,0.46749,0.88122,0.79447,0.85305,0.57351,1.1521,0.53677,0.8496,0,0,0,0,0,0,0,0,0,0,0,0,0,0,0,0,0,0,0,0,0,0,0,0,0,0,0,0,0,0,0,0.57351,0.000651601,0.0002172,0.000651601,0.0002172,0.000651601,0.0002172,0.000651601,0.0002172
560,54516.7,0.87341,0.43684,0.81076,0,0,0,0,0,0,0.10883,0.00188,0.00023,0,0,0,0,0,0,0,0,0,0,0,0,0,0,0.53145,0.13023,0,0,0.46674,0.06176,0.41349,0.46744,0.88075,0.79403,0.8525,0.57349,1.1516,0.53687,0.84953,0,0,0,0,0,0,0,0,0,0,0,0,0,0,0,0,0,0,0,0,0,0,0,0,0,0,0,0,0,0,0,0.57349,0.000646863,0.000215621,0.000646863,0.000215621,0.000646863,0.000215621,0.000646863,0.000215621
561,54668.2,0.86683,0.43358,0.81262,0,0,0,0,0,0,0.11312,0.00187,0.00024,0,0,0,0,0,0,0,0,0,0,0,0,0,0,0.53747,0.13095,0,0,0.46678,0.06162,0.41412,0.46748,0.88043,0.79403,0.85317,0.57371,1.1519,0.53675,0.84959,0,0,0,0,0,0,0,0,0,0,0,0,0,0,0,0,0,0,0,0,0,0,0,0,0,0,0,0,0,0,0,0.57371,0.000642139,0.000214046,0.000642139,0.000214046,0.000642139,0.000214046,0.000642139,0.000214046
562,54814.1,0.87204,0.43442,0.81237,0,0,0,0,0,0,0.11413,0.00185,0.0002,0,0,0,0,0,0,0,0,0,0,0,0,0,0,0.53121,0.13168,0,0,0.46689,0.06175,0.41358,0.46754,0.88135,0.79279,0.85305,0.57356,1.15263,0.5375,0.84976,0,0,0,0,0,0,0,0,0,0,0,0,0,0,0,0,0,0,0,0,0,0,0,0,0,0,0,0,0,0,0,0.57356,0.000637428,0.000212476,0.000637428,0.000212476,0.000637428,0.000212476,0.000637428,0.000212476
563,54974.1,0.86626,0.43279,0.81179,0,0,0,0,0,0,0.11314,0.00188,0.00023,0,0,0,0,0,0,0,0,0,0,0,0,0,0,0.52545,0.13069,0,0,0.46684,0.06181,0.41323,0.46755,0.88112,0.79374,0.85335,0.57296,1.15233,0.53752,0.84979,0,0,0,0,0,0,0,0,0,0,0,0,0,0,0,0,0,0,0,0,0,0,0,0,0,0,0,0,0,0,0,0.57296,0.00063273,0.00021091,0.00063273,0.00021091,0.00063273,0.00021091,0.00063273,0.00021091
564,55129.4,0.86371,0.43177,0.81294,0,0,0,0,0,0,0.1151,0.00185,0.00027,2e-05,0,0,0,0,0,0,0,0,0,0,0,0,0,0.51632,0.13228,0,0,0.4667,0.06169,0.41335,0.46742,0.87998,0.79354,0.85336,0.57347,1.15192,0.53762,0.84975,0,0,0,0,0,0,0,0,0,0,0,0,0,0,0,0,0,0,0,0,0,0,0,0,0,0,0,0,0,0,0,0.57347,0.000628046,0.000209349,0.000628046,0.000209349,0.000628046,0.000209349,0.000628046,0.000209349
565,55273.3,0.87127,0.43483,0.81189,0,0,0,0,0,0,0.11377,0.00187,0.00027,0,0,0,0,0,0,0,0,0,0,0,0,0,0,0.52996,0.13039,0,0,0.46677,0.06176,0.4138,0.46748,0.88291,0.79282,0.85324,0.57343,1.1527,0.53801,0.84979,0,0,0,0,0,0,0,0,0,0,0,0,0,0,0,0,0,0,0,0,0,0,0,0,0,0,0,0,0,0,0,0.57343,0.000623376,0.000207792,0.000623376,0.000207792,0.000623376,0.000207792,0.000623376,0.000207792
566,55438.3,0.86462,0.43301,0.81092,0,0,0,0,0,0,0.11239,0.00186,0.00029,0,0,0,0,0,0,0,0,0,0,0,0,0,0,0.5324,0.13022,0,0,0.46679,0.06175,0.4146,0.4675,0.88037,0.79319,0.85297,0.57331,1.15324,0.53788,0.84981,0,0,0,0,0,0,0,0,0,0,0,0,0,0,0,0,0,0,0,0,0,0,0,0,0,0,0,0,0,0,0,0.57331,0.000618719,0.00020624,0.000618719,0.00020624,0.000618719,0.00020624,0.000618719,0.00020624
567,55586.1,0.86449,0.432,0.81216,0,0,0,0,0,0,0.11363,0.00187,0.00026,0,0,0,0,0,0,0,0,0,0,0,0,0,0,0.531,0.12948,0,0,0.46674,0.06172,0.41359,0.46746,0.88196,0.79315,0.85359,0.57314,1.15314,0.53801,0.84985,0,0,0,0,0,0,0,0,0,0,0,0,0,0,0,0,0,0,0,0,0,0,0,0,0,0,0,0,0,0,0,0.57314,0.000614077,0.000204692,0.000614077,0.000204692,0.000614077,0.000204692,0.000614077,0.000204692
568,55729.1,0.85953,0.42899,0.81172,0,0,0,0,0,0,0.11107,0.00186,0.0002,0,0,0,0,0,0,0,0,0,0,0,0,0,0,0.51487,0.13132,0,0,0.46671,0.06166,0.41373,0.46742,0.88434,0.79128,0.8535,0.57344,1.15277,0.53789,0.84987,0,0,0,0,0,0,0,0,0,0,0,0,0,0,0,0,0,0,0,0,0,0,0,0,0,0,0,0,0,0,0,0.57344,0.000609448,0.000203149,0.000609448,0.000203149,0.000609448,0.000203149,0.000609448,0.000203149
569,55884.5,0.86505,0.43302,0.8114,0,0,0,0,0,0,0.11365,0.00187,0.00028,4e-05,0,0,0,0,0,0,0,0,0,0,0,0,0,0.52372,0.12909,0,0,0.46676,0.06171,0.41408,0.46747,0.88379,0.79232,0.85335,0.57341,1.15246,0.5378,0.84978,0,0,0,0,0,0,0,0,0,0,0,0,0,0,0,0,0,0,0,0,0,0,0,0,0,0,0,0,0,0,0,0.57341,0.000604833,0.000201611,0.000604833,0.000201611,0.000604833,0.000201611,0.000604833,0.000201611
570,56030.1,0.86733,0.43304,0.81076,0,0,0,0,0,0,0.113,0.00186,0.00023,0,0,0,0,0,0,0,0,0,0,0,0,0,0,0.52373,0.12968,0,0,0.46673,0.06178,0.41377,0.46743,0.88365,0.79214,0.85309,0.57309,1.1526,0.53847,0.84976,0,0,0,0,0,0,0,0,0,0,0,0,0,0,0,0,0,0,0,0,0,0,0,0,0,0,0,0,0,0,0,0.57309,0.000600232,0.000200077,0.000600232,0.000200077,0.000600232,0.000200077,0.000600232,0.000200077
571,56174.3,0.8641,0.43269,0.81081,0,0,0,0,0,0,0.11371,0.00187,0.00029,0,0,0,0,0,0,0,0,0,0,0,0,0,0,0.52217,0.13007,0,0,0.46673,0.06164,0.41431,0.46743,0.883,0.79196,0.85284,0.57339,1.15222,0.53853,0.84972,0,0,0,0,0,0,0,0,0,0,0,0,0,0,0,0,0,0,0,0,0,0,0,0,0,0,0,0,0,0,0,0.57339,0.000595645,0.000198548,0.000595645,0.000198548,0.000595645,0.000198548,0.000595645,0.000198548
572,56331.1,0.8677,0.4323,0.81011,0,0,0,0,0,0,0.11333,0.00185,0.00021,0,0,0,0,0,0,0,0,0,0,0,0,0,0,0.52148,0.12955,0,0,0.46676,0.0618,0.41286,0.46748,0.88199,0.79291,0.85295,0.57366,1.15143,0.53839,0.84961,0,0,0,0,0,0,0,0,0,0,0,0,0,0,0,0,0,0,0,0,0,0,0,0,0,0,0,0,0,0,0,0.57366,0.000591073,0.000197024,0.000591073,0.000197024,0.000591073,0.000197024,0.000591073,0.000197024
573,56474.4,0.86421,0.4331,0.81137,0,0,0,0,0,0,0.11473,0.00185,0.00028,0,0,0,0,0,0,0,0,0,0,0,0,0,0,0.5268,0.13042,0,0,0.46675,0.06174,0.41447,0.46746,0.88188,0.79331,0.85306,0.57337,1.15152,0.53867,0.84965,0,0,0,0,0,0,0,0,0,0,0,0,0,0,0,0,0,0,0,0,0,0,0,0,0,0,0,0,0,0,0,0.57337,0.000586515,0.000195505,0.000586515,0.000195505,0.000586515,0.000195505,0.000586515,0.000195505
574,56618,0.85933,0.43109,0.81094,0,0,0,0,0,0,0.11035,0.00185,0.00023,0,0,0,0,0,0,0,0,0,0,0,0,0,0,0.53417,0.13173,0,0,0.4667,0.06174,0.41429,0.46741,0.88259,0.79351,0.85337,0.57315,1.15136,0.539,0.84964,0,0,0,0,0,0,0,0,0,0,0,0,0,0,0,0,0,0,0,0,0,0,0,0,0,0,0,0,0,0,0,0.57315,0.000581971,0.00019399,0.000581971,0.00019399,0.000581971,0.00019399,0.000581971,0.00019399
575,56774.3,0.86152,0.43005,0.81161,0,0,0,0,0,0,0.11406,0.00186,0.0002,0,0,0,0,0,0,0,0,0,0,0,0,0,0,0.52621,0.13254,0,0,0.46678,0.06173,0.4131,0.46748,0.88196,0.79333,0.85294,0.5732,1.15149,0.53916,0.84961,0,0,0,0,0,0,0,0,0,0,0,0,0,0,0,0,0,0,0,0,0,0,0,0,0,0,0,0,0,0,0,0.5732,0.000577441,0.00019248,0.000577441,0.00019248,0.000577441,0.00019248,0.000577441,0.00019248
576,56919.3,0.86252,0.43104,0.81107,0,0,0,0,0,0,0.11033,0.00186,0.00027,0,0,0,0,0,0,0,0,0,0,0,0,0,0,0.51749,0.13182,0,0,0.46676,0.06178,0.41341,0.46747,0.88048,0.79391,0.8529,0.5731,1.15131,0.5395,0.84953,0,0,0,0,0,0,0,0,0,0,0,0,0,0,0,0,0,0,0,0,0,0,0,0,0,0,0,0,0,0,0,0.5731,0.000572926,0.000190975,0.000572926,0.000190975,0.000572926,0.000190975,0.000572926,0.000190975
577,57068.5,0.86433,0.4327,0.81199,0,0,0,0,0,0,0.10992,0.00186,0.0002,1e-05,0,0,0,0,0,0,0,0,0,0,0,0,0,0.52337,0.13102,0,0,0.46678,0.06178,0.41371,0.46745,0.88058,0.79408,0.85287,0.57308,1.15141,0.53953,0.84955,0,0,0,0,0,0,0,0,0,0,0,0,0,0,0,0,0,0,0,0,0,0,0,0,0,0,0,0,0,0,0,0.57308,0.000568425,0.000189475,0.000568425,0.000189475,0.000568425,0.000189475,0.000568425,0.000189475
578,57218.9,0.86677,0.43117,0.81257,0,0,0,0,0,0,0.10986,0.00186,0.0003,0,0,0,0,0,0,0,0,0,0,0,0,0,0,0.51719,0.13135,0,0,0.46675,0.06166,0.41405,0.46744,0.87868,0.79403,0.85229,0.57335,1.15154,0.53927,0.84962,0,0,0,0,0,0,0,0,0,0,0,0,0,0,0,0,0,0,0,0,0,0,0,0,0,0,0,0,0,0,0,0.57335,0.000563939,0.00018798,0.000563939,0.00018798,0.000563939,0.00018798,0.000563939,0.00018798
579,57361.2,0.8647,0.43071,0.81165,0,0,0,0,0,0,0.11275,0.00186,0.00019,0,0,0,0,0,0,0,0,0,0,0,0,0,0,0.51696,0.1303,0,0,0.46679,0.06171,0.41297,0.4675,0.87967,0.79343,0.8521,0.5734,1.15175,0.53937,0.84961,0,0,0,0,0,0,0,0,0,0,0,0,0,0,0,0,0,0,0,0,0,0,0,0,0,0,0,0,0,0,0,0.5734,0.000559468,0.000186489,0.000559468,0.000186489,0.000559468,0.000186489,0.000559468,0.000186489
580,57515.8,0.8594,0.4297,0.80918,0,0,0,0,0,0,0.1107,0.00185,0.00021,0,0,0,0,0,0,0,0,0,0,0,0,0,0,0.51723,0.13066,0,0,0.46676,0.06178,0.41406,0.4674,0.87929,0.79439,0.85239,0.57342,1.15096,0.53923,0.84958,0,0,0,0,0,0,0,0,0,0,0,0,0,0,0,0,0,0,0,0,0,0,0,0,0,0,0,0,0,0,0,0.57342,0.000555011,0.000185004,0.000555011,0.000185004,0.000555011,0.000185004,0.000555011,0.000185004
581,57653.2,0.85961,0.43057,0.81161,0,0,0,0,0,0,0.11103,0.00185,0.00024,0,0,0,0,0,0,0,0,0,0,0,0,0,0,0.51224,0.12973,0,0,0.46674,0.06181,0.41387,0.46746,0.87793,0.7949,0.85256,0.57301,1.1511,0.53927,0.84956,0,0,0,0,0,0,0,0,0,0,0,0,0,0,0,0,0,0,0,0,0,0,0,0,0,0,0,0,0,0,0,0.57301,0.00055057,0.000183523,0.00055057,0.000183523,0.00055057,0.000183523,0.00055057,0.000183523
582,57804.2,0.85761,0.42973,0.81054,0,0,0,0,0,0,0.11034,0.00186,0.00019,1e-05,0,0,0,0,0,0,0,0,0,0,0,0,0,0.50911,0.12902,0,0,0.46671,0.06167,0.41382,0.46742,0.87714,0.79513,0.85249,0.57306,1.15142,0.53956,0.84952,0,0,0,0,0,0,0,0,0,0,0,0,0,0,0,0,0,0,0,0,0,0,0,0,0,0,0,0,0,0,0,0.57306,0.000546143,0.000182048,0.000546143,0.000182048,0.000546143,0.000182048,0.000546143,0.000182048
583,57951.2,0.86212,0.43011,0.81255,0,0,0,0,0,0,0.11157,0.00187,0.00025,1e-05,0,0,0,0,0,0,0,0,0,0,0,0,0,0.52652,0.13094,0,0,0.46679,0.06165,0.41407,0.4675,0.87696,0.7944,0.85238,0.57294,1.15163,0.53958,0.84957,0,0,0,0,0,0,0,0,0,0,0,0,0,0,0,0,0,0,0,0,0,0,0,0,0,0,0,0,0,0,0,0.57294,0.000541731,0.000180577,0.000541731,0.000180577,0.000541731,0.000180577,0.000541731,0.000180577
584,58098.7,0.8637,0.43237,0.81156,0,0,0,0,0,0,0.10997,0.00185,0.0002,0,0,0,0,0,0,0,0,0,0,0,0,0,0,0.51865,0.12924,0,0,0.46674,0.06175,0.41334,0.46745,0.87683,0.79467,0.85209,0.57264,1.15147,0.53979,0.84949,0,0,0,0,0,0,0,0,0,0,0,0,0,0,0,0,0,0,0,0,0,0,0,0,0,0,0,0,0,0,0,0.57264,0.000537334,0.000179111,0.000537334,0.000179111,0.000537334,0.000179111,0.000537334,0.000179111
585,58238.8,0.86184,0.42976,0.81012,0,0,0,0,0,0,0.1114,0.00185,0.00024,1e-05,0,0,0,0,0,0,0,0,0,0,0,0,0,0.52222,0.12892,0,0,0.4668,0.06171,0.41365,0.4675,0.87644,0.79523,0.85238,0.57287,1.15097,0.54,0.84946,0,0,0,0,0,0,0,0,0,0,0,0,0,0,0,0,0,0,0,0,0,0,0,0,0,0,0,0,0,0,0,0.57287,0.000532952,0.000177651,0.000532952,0.000177651,0.000532952,0.000177651,0.000532952,0.000177651
586,58388.1,0.85853,0.43043,0.81229,0,0,0,0,0,0,0.11109,0.00185,0.00031,0,0,0,0,0,0,0,0,0,0,0,0,0,0,0.5281,0.12968,0,0,0.4667,0.06171,0.41364,0.46741,0.87367,0.79636,0.8525,0.57296,1.15106,0.53983,0.84945,0,0,0,0,0,0,0,0,0,0,0,0,0,0,0,0,0,0,0,0,0,0,0,0,0,0,0,0,0,0,0,0.57296,0.000528585,0.000176195,0.000528585,0.000176195,0.000528585,0.000176195,0.000528585,0.000176195
587,58538.8,0.8572,0.43134,0.81023,0,0,0,0,0,0,0.10973,0.00185,0.00021,0,0,0,0,0,0,0,0,0,0,0,0,0,0,0.52797,0.12884,0,0,0.46685,0.06179,0.4138,0.46756,0.87648,0.79418,0.85217,0.57278,1.15077,0.53995,0.84942,0,0,0,0,0,0,0,0,0,0,0,0,0,0,0,0,0,0,0,0,0,0,0,0,0,0,0,0,0,0,0,0.57278,0.000524234,0.000174745,0.000524234,0.000174745,0.000524234,0.000174745,0.000524234,0.000174745
588,58684.8,0.85769,0.42878,0.81072,0,0,0,0,0,0,0.10947,0.00185,0.00027,0,0,0,0,0,0,0,0,0,0,0,0,0,0,0.5194,0.12834,0,0,0.46673,0.06166,0.41328,0.46744,0.87368,0.79549,0.85195,0.57284,1.15093,0.54009,0.8495,0,0,0,0,0,0,0,0,0,0,0,0,0,0,0,0,0,0,0,0,0,0,0,0,0,0,0,0,0,0,0,0.57284,0.000519897,0.000173299,0.000519897,0.000173299,0.000519897,0.000173299,0.000519897,0.000173299
589,58837.2,0.85943,0.42799,0.80989,0,0,0,0,0,0,0.11138,0.00183,0.00022,0,0,0,0,0,0,0,0,0,0,0,0,0,0,0.51621,0.12881,0,0,0.46684,0.0618,0.41325,0.46751,0.87478,0.79545,0.85256,0.57313,1.15072,0.54014,0.84943,0,0,0,0,0,0,0,0,0,0,0,0,0,0,0,0,0,0,0,0,0,0,0,0,0,0,0,0,0,0,0,0.57313,0.000515576,0.000171859,0.000515576,0.000171859,0.000515576,0.000171859,0.000515576,0.000171859
590,58976.2,0.85712,0.42828,0.81096,0,0,0,0,0,0,0.11146,0.00184,0.00027,1e-05,0,0,0,0,0,0,0,0,0,0,0,0,0,0.51614,0.12865,0,0,0.46668,0.06167,0.41398,0.46737,0.87593,0.79528,0.85276,0.57333,1.14983,0.53957,0.84945,0,0,0,0,0,0,0,0,0,0,0,0,0,0,0,0,0,0,0,0,0,0,0,0,0,0,0,0,0,0,0,0.57333,0.000511271,0.000170424,0.000511271,0.000170424,0.000511271,0.000170424,0.000511271,0.000170424
591,59129.2,0.85142,0.42765,0.81027,0,0,0,0,0,0,0.11217,0.00185,0.00023,0,0,0,0,0,0,0,0,0,0,0,0,0,0,0.52714,0.13023,0,0,0.46671,0.06165,0.41371,0.46742,0.8779,0.79443,0.85313,0.57374,1.14971,0.53973,0.84943,0,0,0,0,0,0,0,0,0,0,0,0,0,0,0,0,0,0,0,0,0,0,0,0,0,0,0,0,0,0,0,0.57374,0.000506981,0.000168994,0.000506981,0.000168994,0.000506981,0.000168994,0.000506981,0.000168994
592,59273.4,0.8537,0.42866,0.80921,0,0,0,0,0,0,0.11092,0.00184,0.00021,0,0,0,0,0,0,0,0,0,0,0,0,0,0,0.51999,0.12904,0,0,0.46679,0.06177,0.41386,0.4675,0.87403,0.79746,0.85305,0.57373,1.14981,0.54003,0.84946,0,0,0,0,0,0,0,0,0,0,0,0,0,0,0,0,0,0,0,0,0,0,0,0,0,0,0,0,0,0,0,0.57373,0.000502706,0.000167569,0.000502706,0.000167569,0.000502706,0.000167569,0.000502706,0.000167569
593,59419.8,0.85803,0.42891,0.81161,0,0,0,0,0,0,0.11002,0.00184,0.00024,1e-05,0,0,0,0,0,0,0,0,0,0,0,0,0,0.51329,0.12923,0,0,0.46681,0.06182,0.41259,0.46753,0.87463,0.79785,0.85359,0.57382,1.14963,0.54037,0.84938,0,0,0,0,0,0,0,0,0,0,0,0,0,0,0,0,0,0,0,0,0,0,0,0,0,0,0,0,0,0,0,0.57382,0.000498448,0.000166149,0.000498448,0.000166149,0.000498448,0.000166149,0.000498448,0.000166149
594,59566.1,0.86051,0.42788,0.81038,0,0,0,0,0,0,0.11073,0.00183,0.00029,3e-05,0,0,0,0,0,0,0,0,0,0,0,0,0,0.52055,0.12924,0,0,0.46676,0.0618,0.41388,0.46747,0.8741,0.7978,0.85337,0.57388,1.14904,0.54014,0.84942,0,0,0,0,0,0,0,0,0,0,0,0,0,0,0,0,0,0,0,0,0,0,0,0,0,0,0,0,0,0,0,0.57388,0.000494204,0.000164735,0.000494204,0.000164735,0.000494204,0.000164735,0.000494204,0.000164735
595,59715.4,0.85615,0.42828,0.81014,0,0,0,0,0,0,0.10958,0.00184,0.00021,0,0,0,0,0,0,0,0,0,0,0,0,0,0,0.52401,0.13158,0,0,0.46674,0.06171,0.41381,0.46745,0.87512,0.79694,0.85316,0.57376,1.14887,0.54016,0.84939,0,0,0,0,0,0,0,0,0,0,0,0,0,0,0,0,0,0,0,0,0,0,0,0,0,0,0,0,0,0,0,0.57376,0.000489977,0.000163326,0.000489977,0.000163326,0.000489977,0.000163326,0.000489977,0.000163326
596,59861.7,0.85435,0.42815,0.81017,0,0,0,0,0,0,0.10827,0.00185,0.00022,0,0,0,0,0,0,0,0,0,0,0,0,0,0,0.52376,0.12956,0,0,0.46674,0.06176,0.41347,0.46746,0.87313,0.79798,0.85337,0.57369,1.14941,0.54032,0.84943,0,0,0,0,0,0,0,0,0,0,0,0,0,0,0,0,0,0,0,0,0,0,0,0,0,0,0,0,0,0,0,0.57369,0.000485765,0.000161922,0.000485765,0.000161922,0.000485765,0.000161922,0.000485765,0.000161922
597,60008.1,0.85312,0.4267,0.81102,0,0,0,0,0,0,0.11241,0.00183,0.00028,0,0,0,0,0,0,0,0,0,0,0,0,0,0,0.51402,0.12884,0,0,0.46676,0.06174,0.413,0.46746,0.87471,0.79731,0.85321,0.57364,1.14961,0.54035,0.84944,0,0,0,0,0,0,0,0,0,0,0,0,0,0,0,0,0,0,0,0,0,0,0,0,0,0,0,0,0,0,0,0.57364,0.000481569,0.000160523,0.000481569,0.000160523,0.000481569,0.000160523,0.000481569,0.000160523
598,60157.3,0.85596,0.42756,0.81143,0,0,0,0,0,0,0.11013,0.00183,0.00023,0,0,0,0,0,0,0,0,0,0,0,0,0,0,0.52182,0.12905,0,0,0.46677,0.06172,0.41365,0.46748,0.87331,0.79806,0.85303,0.57376,1.14977,0.54036,0.84946,0,0,0,0,0,0,0,0,0,0,0,0,0,0,0,0,0,0,0,0,0,0,0,0,0,0,0,0,0,0,0,0.57376,0.00047739,0.00015913,0.00047739,0.00015913,0.00047739,0.00015913,0.00047739,0.00015913
599,60300.2,0.85497,0.42656,0.81129,0,0,0,0,0,0,0.11056,0.00184,0.00023,1e-05,0,0,0,0,0,0,0,0,0,0,0,0,0,0.51801,0.13078,0,0,0.46676,0.06174,0.4136,0.46747,0.8735,0.79703,0.85262,0.57354,1.15031,0.54093,0.84954,0,0,0,0,0,0,0,0,0,0,0,0,0,0,0,0,0,0,0,0,0,0,0,0,0,0,0,0,0,0,0,0.57354,0.000473226,0.000157742,0.000473226,0.000157742,0.000473226,0.000157742,0.000473226,0.000157742
600,60458.1,0.85124,0.42594,0.8122,0,0,0,0,0,0,0.10981,0.00184,0.00028,1e-05,0,0,0,0,0,0,0,0,0,0,0,0,0,0.53187,0.12992,0,0,0.46674,0.06171,0.41366,0.46744,0.87383,0.79663,0.85294,0.57349,1.15046,0.54108,0.84953,0,0,0,0,0,0,0,0,0,0,0,0,0,0,0,0,0,0,0,0,0,0,0,0,0,0,0,0,0,0,0,0.57349,0.000469078,0.000156359,0.000469078,0.000156359,0.000469078,0.000156359,0.000469078,0.000156359
601,60601.5,0.85107,0.42609,0.8122,0,0,0,0,0,0,0.10782,0.00184,0.00024,0,0,0,0,0,0,0,0,0,0,0,0,0,0,0.52848,0.12879,0,0,0.46671,0.06172,0.41359,0.46742,0.87697,0.79473,0.85246,0.57363,1.15029,0.54098,0.84953,0,0,0,0,0,0,0,0,0,0,0,0,0,0,0,0,0,0,0,0,0,0,0,0,0,0,0,0,0,0,0,0.57363,0.000464946,0.000154982,0.000464946,0.000154982,0.000464946,0.000154982,0.000464946,0.000154982
602,60749.8,0.85175,0.42458,0.80933,0,0,0,0,0,0,0.11054,0.00183,0.00021,0,0,0,0,0,0,0,0,0,0,0,0,0,0,0.52997,0.13017,0,0,0.4668,0.06175,0.41351,0.46751,0.87355,0.7967,0.85266,0.5732,1.15106,0.54159,0.84962,0,0,0,0,0,0,0,0,0,0,0,0,0,0,0,0,0,0,0,0,0,0,0,0,0,0,0,0,0,0,0,0.5732,0.000460831,0.00015361,0.000460831,0.00015361,0.000460831,0.00015361,0.000460831,0.00015361
603,60897.1,0.85233,0.42575,0.81099,0,0,0,0,0,0,0.1119,0.00183,0.00023,0,0,0,0,0,0,0,0,0,0,0,0,0,0,0.53019,0.1299,0,0,0.46677,0.06175,0.41403,0.46748,0.87362,0.79588,0.85223,0.57322,1.15075,0.54113,0.84961,0,0,0,0,0,0,0,0,0,0,0,0,0,0,0,0,0,0,0,0,0,0,0,0,0,0,0,0,0,0,0,0.57322,0.000456732,0.000152244,0.000456732,0.000152244,0.000456732,0.000152244,0.000456732,0.000152244
604,61038.2,0.854,0.42707,0.81039,0,0,0,0,0,0,0.11062,0.00184,0.00021,0,0,0,0,0,0,0,0,0,0,0,0,0,0,0.53482,0.12958,0,0,0.46683,0.06172,0.41322,0.46754,0.87472,0.79734,0.85277,0.57366,1.15037,0.54123,0.84961,0,0,0,0,0,0,0,0,0,0,0,0,0,0,0,0,0,0,0,0,0,0,0,0,0,0,0,0,0,0,0,0.57366,0.000452649,0.000150883,0.000452649,0.000150883,0.000452649,0.000150883,0.000452649,0.000150883
605,61192.7,0.85764,0.42866,0.80753,0,0,0,0,0,0,0.10758,0.00183,0.00022,0,0,0,0,0,0,0,0,0,0,0,0,0,0,0.53481,0.12954,0,0,0.46687,0.06186,0.41369,0.46758,0.8746,0.79658,0.85264,0.57341,1.15078,0.54115,0.84968,0,0,0,0,0,0,0,0,0,0,0,0,0,0,0,0,0,0,0,0,0,0,0,0,0,0,0,0,0,0,0,0.57341,0.000448582,0.000149527,0.000448582,0.000149527,0.000448582,0.000149527,0.000448582,0.000149527
606,61331.4,0.84766,0.42436,0.81132,0,0,0,0,0,0,0.10771,0.00183,0.00021,0,0,0,0,0,0,0,0,0,0,0,0,0,0,0.52769,0.12889,0,0,0.46675,0.06176,0.41367,0.46746,0.87412,0.79774,0.8533,0.57339,1.15091,0.54144,0.84973,0,0,0,0,0,0,0,0,0,0,0,0,0,0,0,0,0,0,0,0,0,0,0,0,0,0,0,0,0,0,0,0.57339,0.000444532,0.000148177,0.000444532,0.000148177,0.000444532,0.000148177,0.000444532,0.000148177
607,61477.4,0.85029,0.42601,0.81203,0,0,0,0,0,0,0.11049,0.00183,0.00024,0,0,0,0,0,0,0,0,0,0,0,0,0,0,0.52279,0.12773,0,0,0.46671,0.06169,0.41369,0.46742,0.8735,0.7983,0.85329,0.57339,1.15164,0.54138,0.8498,0,0,0,0,0,0,0,0,0,0,0,0,0,0,0,0,0,0,0,0,0,0,0,0,0,0,0,0,0,0,0,0.57339,0.000440499,0.000146833,0.000440499,0.000146833,0.000440499,0.000146833,0.000440499,0.000146833
608,61621.9,0.84783,0.42715,0.81004,0,0,0,0,0,0,0.11115,0.00185,0.0003,0,0,0,0,0,0,0,0,0,0,0,0,0,0,0.52593,0.12884,0,0,0.4667,0.06169,0.41348,0.4674,0.87314,0.79858,0.85318,0.573,1.15193,0.54142,0.84987,0,0,0,0,0,0,0,0,0,0,0,0,0,0,0,0,0,0,0,0,0,0,0,0,0,0,0,0,0,0,0,0.573,0.000436482,0.000145494,0.000436482,0.000145494,0.000436482,0.000145494,0.000436482,0.000145494
609,61768.9,0.85231,0.42694,0.80866,0,0,0,0,0,0,0.11148,0.00183,0.00022,0,0,0,0,0,0,0,0,0,0,0,0,0,0,0.52494,0.12822,0,0,0.46678,0.06176,0.41354,0.46748,0.8733,0.79771,0.85301,0.57301,1.15286,0.54171,0.84996,0,0,0,0,0,0,0,0,0,0,0,0,0,0,0,0,0,0,0,0,0,0,0,0,0,0,0,0,0,0,0,0.57301,0.000432482,0.000144161,0.000432482,0.000144161,0.000432482,0.000144161,0.000432482,0.000144161
610,61916.8,0.84835,0.42489,0.8112,0,0,0,0,0,0,0.1086,0.00185,0.00023,0,0,0,0,0,0,0,0,0,0,0,0,0,0,0.51996,0.12847,0,0,0.46671,0.06173,0.41431,0.46741,0.87286,0.7979,0.85321,0.57321,1.15332,0.54215,0.85006,0,0,0,0,0,0,0,0,0,0,0,0,0,0,0,0,0,0,0,0,0,0,0,0,0,0,0,0,0,0,0,0.57321,0.000428498,0.000142833,0.000428498,0.000142833,0.000428498,0.000142833,0.000428498,0.000142833
611,62057.8,0.8464,0.42493,0.80956,0,0,0,0,0,0,0.10674,0.00183,0.00029,0,0,0,0,0,0,0,0,0,0,0,0,0,0,0.51618,0.12918,0,0,0.46679,0.0618,0.41418,0.46749,0.87256,0.79747,0.85335,0.57335,1.15355,0.54219,0.85008,0,0,0,0,0,0,0,0,0,0,0,0,0,0,0,0,0,0,0,0,0,0,0,0,0,0,0,0,0,0,0,0.57335,0.000424531,0.00014151,0.000424531,0.00014151,0.000424531,0.00014151,0.000424531,0.00014151
612,62202.3,0.85567,0.42607,0.81048,0,0,0,0,0,0,0.10978,0.00183,0.00022,0,0,0,0,0,0,0,0,0,0,0,0,0,0,0.51691,0.12906,0,0,0.46688,0.0618,0.41292,0.46759,0.87465,0.79645,0.853,0.57298,1.15334,0.54225,0.85007,0,0,0,0,0,0,0,0,0,0,0,0,0,0,0,0,0,0,0,0,0,0,0,0,0,0,0,0,0,0,0,0.57298,0.000420581,0.000140194,0.000420581,0.000140194,0.000420581,0.000140194,0.000420581,0.000140194
613,62355.3,0.85134,0.4249,0.81101,0,0,0,0,0,0,0.10976,0.00183,0.00023,2e-05,0,0,0,0,0,0,0,0,0,0,0,0,0,0.51768,0.12946,0,0,0.46673,0.06182,0.41403,0.46744,0.875,0.79625,0.85333,0.573,1.15318,0.54253,0.85012,0,0,0,0,0,0,0,0,0,0,0,0,0,0,0,0,0,0,0,0,0,0,0,0,0,0,0,0,0,0,0,0.573,0.000416648,0.000138883,0.000416648,0.000138883,0.000416648,0.000138883,0.000416648,0.000138883
614,62502.9,0.84693,0.4236,0.81032,0,0,0,0,0,0,0.1101,0.00182,0.00028,0,0,0,0,0,0,0,0,0,0,0,0,0,0,0.52154,0.13078,0,0,0.4668,0.06176,0.41368,0.46751,0.87615,0.79673,0.85417,0.57296,1.15356,0.54291,0.8502,0,0,0,0,0,0,0,0,0,0,0,0,0,0,0,0,0,0,0,0,0,0,0,0,0,0,0,0,0,0,0,0.57296,0.000412732,0.000137577,0.000412732,0.000137577,0.000412732,0.000137577,0.000412732,0.000137577
615,62648.3,0.85083,0.4267,0.81023,0,0,0,0,0,0,0.10916,0.00183,0.00023,1e-05,0,0,0,0,0,0,0,0,0,0,0,0,0,0.52254,0.12891,0,0,0.46674,0.06165,0.41435,0.46743,0.87427,0.79588,0.85276,0.57286,1.1526,0.54276,0.85012,0,0,0,0,0,0,0,0,0,0,0,0,0,0,0,0,0,0,0,0,0,0,0,0,0,0,0,0,0,0,0,0.57286,0.000408832,0.000136277,0.000408832,0.000136277,0.000408832,0.000136277,0.000408832,0.000136277
616,62795.2,0.85184,0.42602,0.80828,0,0,0,0,0,0,0.10996,0.00182,0.0002,0,0,0,0,0,0,0,0,0,0,0,0,0,0,0.52369,0.12846,0,0,0.46684,0.06181,0.41429,0.46754,0.87505,0.796,0.85308,0.57297,1.15286,0.54263,0.85013,0,0,0,0,0,0,0,0,0,0,0,0,0,0,0,0,0,0,0,0,0,0,0,0,0,0,0,0,0,0,0,0.57297,0.00040495,0.000134983,0.00040495,0.000134983,0.00040495,0.000134983,0.00040495,0.000134983
617,62935.9,0.85341,0.42545,0.81016,0,0,0,0,0,0,0.11141,0.00183,0.00021,0,0,0,0,0,0,0,0,0,0,0,0,0,0,0.53066,0.12928,0,0,0.46687,0.06176,0.41398,0.46757,0.87487,0.79508,0.85305,0.57268,1.15303,0.54281,0.85013,0,0,0,0,0,0,0,0,0,0,0,0,0,0,0,0,0,0,0,0,0,0,0,0,0,0,0,0,0,0,0,0.57268,0.000401085,0.000133695,0.000401085,0.000133695,0.000401085,0.000133695,0.000401085,0.000133695
618,63087.5,0.85238,0.42646,0.80803,0,0,0,0,0,0,0.11179,0.00184,0.00027,0,0,0,0,0,0,0,0,0,0,0,0,0,0,0.52181,0.12963,0,0,0.46676,0.06175,0.41353,0.46747,0.87366,0.79571,0.85272,0.57259,1.15285,0.54337,0.85004,0,0,0,0,0,0,0,0,0,0,0,0,0,0,0,0,0,0,0,0,0,0,0,0,0,0,0,0,0,0,0,0.57259,0.000397237,0.000132412,0.000397237,0.000132412,0.000397237,0.000132412,0.000397237,0.000132412
619,63233.9,0.85042,0.42584,0.81056,0,0,0,0,0,0,0.11173,0.00183,0.00029,0,0,0,0,0,0,0,0,0,0,0,0,0,0,0.52257,0.12911,0,0,0.46678,0.06184,0.41393,0.46748,0.87439,0.7959,0.85285,0.57287,1.1523,0.54302,0.85,0,0,0,0,0,0,0,0,0,0,0,0,0,0,0,0,0,0,0,0,0,0,0,0,0,0,0,0,0,0,0,0.57287,0.000393407,0.000131136,0.000393407,0.000131136,0.000393407,0.000131136,0.000393407,0.000131136
620,63373.2,0.84781,0.42488,0.81092,0,0,0,0,0,0,0.10982,0.00184,0.00021,0,0,0,0,0,0,0,0,0,0,0,0,0,0,0.52956,0.12992,0,0,0.46675,0.06181,0.41353,0.46746,0.87261,0.79526,0.85252,0.5729,1.15248,0.5431,0.84996,0,0,0,0,0,0,0,0,0,0,0,0,0,0,0,0,0,0,0,0,0,0,0,0,0,0,0,0,0,0,0,0.5729,0.000389593,0.000129864,0.000389593,0.000129864,0.000389593,0.000129864,0.000389593,0.000129864
621,63531.2,0.85181,0.42567,0.81037,0,0,0,0,0,0,0.10977,0.00183,0.00019,0,0,0,0,0,0,0,0,0,0,0,0,0,0,0.52265,0.13026,0,0,0.46676,0.06173,0.41361,0.46748,0.87269,0.79738,0.85283,0.57251,1.15266,0.54318,0.85002,0,0,0,0,0,0,0,0,0,0,0,0,0,0,0,0,0,0,0,0,0,0,0,0,0,0,0,0,0,0,0,0.57251,0.000385797,0.000128599,0.000385797,0.000128599,0.000385797,0.000128599,0.000385797,0.000128599
622,63671,0.84582,0.42309,0.81039,0,0,0,0,0,0,0.11164,0.00183,0.00021,0,0,0,0,0,0,0,0,0,0,0,0,0,0,0.52425,0.12974,0,0,0.46676,0.06171,0.41352,0.46747,0.87448,0.79669,0.85332,0.57284,1.15206,0.54291,0.85,0,0,0,0,0,0,0,0,0,0,0,0,0,0,0,0,0,0,0,0,0,0,0,0,0,0,0,0,0,0,0,0.57284,0.000382019,0.00012734,0.000382019,0.00012734,0.000382019,0.00012734,0.000382019,0.00012734
623,63829,0.84823,0.42494,0.80819,0,0,0,0,0,0,0.10705,0.00183,0.00025,0,0,0,0,0,0,0,0,0,0,0,0,0,0,0.52716,0.12996,0,0,0.46681,0.06176,0.41409,0.46752,0.87269,0.79596,0.85296,0.573,1.15223,0.54285,0.84997,0,0,0,0,0,0,0,0,0,0,0,0,0,0,0,0,0,0,0,0,0,0,0,0,0,0,0,0,0,0,0,0.573,0.000378257,0.000126086,0.000378257,0.000126086,0.000378257,0.000126086,0.000378257,0.000126086
624,63974.2,0.84412,0.42435,0.80757,0,0,0,0,0,0,0.10857,0.00184,0.00025,0,0,0,0,0,0,0,0,0,0,0,0,0,0,0.51951,0.12783,0,0,0.46672,0.06179,0.41355,0.46743,0.87351,0.7955,0.85318,0.57333,1.15124,0.54293,0.84992,0,0,0,0,0,0,0,0,0,0,0,0,0,0,0,0,0,0,0,0,0,0,0,0,0,0,0,0,0,0,0,0.57333,0.000374514,0.000124838,0.000374514,0.000124838,0.000374514,0.000124838,0.000374514,0.000124838
625,64117,0.84649,0.42438,0.80909,0,0,0,0,0,0,0.1109,0.00184,0.00023,5e-05,0,0,0,0,0,0,0,0,0,0,0,0,0,0.51552,0.1275,0,0,0.46674,0.06172,0.41338,0.46746,0.87292,0.79637,0.8532,0.57305,1.15142,0.54339,0.84991,0,0,0,0,0,0,0,0,0,0,0,0,0,0,0,0,0,0,0,0,0,0,0,0,0,0,0,0,0,0,0,0.57305,0.000370788,0.000123596,0.000370788,0.000123596,0.000370788,0.000123596,0.000370788,0.000123596
626,64272.5,0.84497,0.42376,0.80913,0,0,0,0,0,0,0.10791,0.00184,0.00019,0,0,0,0,0,0,0,0,0,0,0,0,0,0,0.5295,0.1273,0,0,0.46671,0.06169,0.41402,0.46741,0.87307,0.79496,0.85325,0.57328,1.1514,0.54332,0.84989,0,0,0,0,0,0,0,0,0,0,0,0,0,0,0,0,0,0,0,0,0,0,0,0,0,0,0,0,0,0,0,0.57328,0.000367079,0.00012236,0.000367079,0.00012236,0.000367079,0.00012236,0.000367079,0.00012236
627,64414.1,0.84191,0.42256,0.80819,0,0,0,0,0,0,0.10713,0.00181,0.00023,0,0,0,0,0,0,0,0,0,0,0,0,0,0,0.53463,0.13024,0,0,0.46679,0.06173,0.41399,0.4675,0.87486,0.79421,0.8533,0.57346,1.15091,0.54331,0.84983,0,0,0,0,0,0,0,0,0,0,0,0,0,0,0,0,0,0,0,0,0,0,0,0,0,0,0,0,0,0,0,0.57346,0.000363389,0.00012113,0.000363389,0.00012113,0.000363389,0.00012113,0.000363389,0.00012113
628,64568.7,0.84494,0.42501,0.81038,0,0,0,0,0,0,0.10916,0.00183,0.0002,1e-05,0,0,0,0,0,0,0,0,0,0,0,0,0,0.52909,0.13085,0,0,0.46674,0.06164,0.41397,0.46744,0.87579,0.79445,0.85356,0.57373,1.1508,0.5433,0.84979,0,0,0,0,0,0,0,0,0,0,0,0,0,0,0,0,0,0,0,0,0,0,0,0,0,0,0,0,0,0,0,0.57373,0.000359716,0.000119905,0.000359716,0.000119905,0.000359716,0.000119905,0.000359716,0.000119905
629,64710.2,0.84493,0.42271,0.81203,0,0,0,0,0,0,0.10769,0.00183,0.00027,0,0,0,0,0,0,0,0,0,0,0,0,0,0,0.5259,0.12731,0,0,0.46683,0.06174,0.41359,0.46754,0.87667,0.79503,0.85396,0.57379,1.15098,0.54326,0.8498,0,0,0,0,0,0,0,0,0,0,0,0,0,0,0,0,0,0,0,0,0,0,0,0,0,0,0,0,0,0,0,0.57379,0.000356061,0.000118687,0.000356061,0.000118687,0.000356061,0.000118687,0.000356061,0.000118687
630,64860.9,0.8442,0.42482,0.8101,0,0,0,0,0,0,0.11135,0.00184,0.00027,0,0,0,0,0,0,0,0,0,0,0,0,0,0,0.52195,0.12802,0,0,0.46668,0.0617,0.41432,0.46739,0.87488,0.79478,0.85329,0.57339,1.15131,0.54347,0.84981,0,0,0,0,0,0,0,0,0,0,0,0,0,0,0,0,0,0,0,0,0,0,0,0,0,0,0,0,0,0,0,0.57339,0.000352424,0.000117475,0.000352424,0.000117475,0.000352424,0.000117475,0.000352424,0.000117475
631,65008.2,0.84262,0.42394,0.80879,0,0,0,0,0,0,0.10534,0.00183,0.00023,1e-05,0,0,0,0,0,0,0,0,0,0,0,0,0,0.52598,0.1277,0,0,0.46674,0.06175,0.41379,0.46744,0.8719,0.79599,0.8531,0.57361,1.15111,0.54351,0.8498,0,0,0,0,0,0,0,0,0,0,0,0,0,0,0,0,0,0,0,0,0,0,0,0,0,0,0,0,0,0,0,0.57361,0.000348804,0.000116268,0.000348804,0.000116268,0.000348804,0.000116268,0.000348804,0.000116268
632,65155,0.84581,0.42404,0.80803,0,0,0,0,0,0,0.10892,0.00182,0.00021,1e-05,0,0,0,0,0,0,0,0,0,0,0,0,0,0.52947,0.12752,0,0,0.46679,0.0618,0.41455,0.46749,0.87291,0.79464,0.85322,0.5737,1.15087,0.54381,0.84969,0,0,0,0,0,0,0,0,0,0,0,0,0,0,0,0,0,0,0,0,0,0,0,0,0,0,0,0,0,0,0,0.5737,0.000345203,0.000115068,0.000345203,0.000115068,0.000345203,0.000115068,0.000345203,0.000115068
633,65301.6,0.84176,0.4217,0.80976,0,0,0,0,0,0,0.11186,0.00182,0.00024,1e-05,0,0,0,0,0,0,0,0,0,0,0,0,0,0.52857,0.12726,0,0,0.46677,0.06173,0.41334,0.46749,0.87396,0.79511,0.85343,0.57345,1.1516,0.54383,0.84979,0,0,0,0,0,0,0,0,0,0,0,0,0,0,0,0,0,0,0,0,0,0,0,0,0,0,0,0,0,0,0,0.57345,0.00034162,0.000113873,0.00034162,0.000113873,0.00034162,0.000113873,0.00034162,0.000113873
634,65445.6,0.83982,0.42245,0.80822,0,0,0,0,0,0,0.11107,0.00182,0.00025,0,0,0,0,0,0,0,0,0,0,0,0,0,0,0.53524,0.12809,0,0,0.46672,0.06169,0.41404,0.46742,0.87426,0.79451,0.85321,0.5733,1.15189,0.5439,0.84985,0,0,0,0,0,0,0,0,0,0,0,0,0,0,0,0,0,0,0,0,0,0,0,0,0,0,0,0,0,0,0,0.5733,0.000338055,0.000112685,0.000338055,0.000112685,0.000338055,0.000112685,0.000338055,0.000112685
635,65596.8,0.84272,0.42264,0.80826,0,0,0,0,0,0,0.11281,0.00181,0.00022,0,0,0,0,0,0,0,0,0,0,0,0,0,0,0.53098,0.12827,0,0,0.4668,0.06179,0.41304,0.46751,0.8745,0.7952,0.85339,0.57284,1.15254,0.54415,0.84998,0,0,0,0,0,0,0,0,0,0,0,0,0,0,0,0,0,0,0,0,0,0,0,0,0,0,0,0,0,0,0,0.57284,0.000334508,0.000111503,0.000334508,0.000111503,0.000334508,0.000111503,0.000334508,0.000111503
636,65741.7,0.84411,0.42249,0.81033,0,0,0,0,0,0,0.10904,0.00181,0.00021,0,0,0,0,0,0,0,0,0,0,0,0,0,0,0.52578,0.1271,0,0,0.46673,0.06175,0.41389,0.46744,0.87338,0.79472,0.85316,0.57327,1.15176,0.5438,0.84987,0,0,0,0,0,0,0,0,0,0,0,0,0,0,0,0,0,0,0,0,0,0,0,0,0,0,0,0,0,0,0,0.57327,0.000330979,0.000110326,0.000330979,0.000110326,0.000330979,0.000110326,0.000330979,0.000110326
637,65892.1,0.84399,0.42268,0.8082,0,0,0,0,0,0,0.10923,0.00182,0.00027,1e-05,0,0,0,0,0,0,0,0,0,0,0,0,0,0.51881,0.12587,0,0,0.46683,0.06173,0.41309,0.46754,0.87235,0.79487,0.85291,0.57316,1.15147,0.54361,0.84986,0,0,0,0,0,0,0,0,0,0,0,0,0,0,0,0,0,0,0,0,0,0,0,0,0,0,0,0,0,0,0,0.57316,0.000327468,0.000109156,0.000327468,0.000109156,0.000327468,0.000109156,0.000327468,0.000109156
638,66037.1,0.83937,0.4244,0.80828,0,0,0,0,0,0,0.10766,0.00183,0.00021,0,0,0,0,0,0,0,0,0,0,0,0,0,0,0.51947,0.12623,0,0,0.46673,0.06167,0.41409,0.46739,0.87265,0.79483,0.85279,0.57338,1.1517,0.54334,0.84989,0,0,0,0,0,0,0,0,0,0,0,0,0,0,0,0,0,0,0,0,0,0,0,0,0,0,0,0,0,0,0,0.57338,0.000323976,0.000107992,0.000323976,0.000107992,0.000323976,0.000107992,0.000323976,0.000107992
639,66184.3,0.83877,0.42191,0.80908,0,0,0,0,0,0,0.10829,0.00181,0.00019,0,0,0,0,0,0,0,0,0,0,0,0,0,0,0.51993,0.12688,0,0,0.46676,0.06168,0.41438,0.46746,0.87367,0.79452,0.85327,0.57325,1.15176,0.54354,0.8499,0,0,0,0,0,0,0,0,0,0,0,0,0,0,0,0,0,0,0,0,0,0,0,0,0,0,0,0,0,0,0,0.57325,0.000320502,0.000106834,0.000320502,0.000106834,0.000320502,0.000106834,0.000320502,0.000106834
640,66332.8,0.84374,0.42316,0.80726,0,0,0,0,0,0,0.11046,0.0018,0.0002,0,0,0,0,0,0,0,0,0,0,0,0,0,0,0.52369,0.12708,0,0,0.4668,0.06177,0.41397,0.4675,0.87457,0.79452,0.85325,0.57274,1.15208,0.54386,0.84987,0,0,0,0,0,0,0,0,0,0,0,0,0,0,0,0,0,0,0,0,0,0,0,0,0,0,0,0,0,0,0,0.57274,0.000317047,0.000105682,0.000317047,0.000105682,0.000317047,0.000105682,0.000317047,0.000105682
641,66475.9,0.84468,0.42245,0.81019,0,0,0,0,0,0,0.10813,0.00181,0.00022,0,0,0,0,0,0,0,0,0,0,0,0,0,0,0.52782,0.12778,0,0,0.46683,0.06175,0.41413,0.46755,0.87257,0.79512,0.85337,0.57307,1.1525,0.54353,0.84994,0,0,0,0,0,0,0,0,0,0,0,0,0,0,0,0,0,0,0,0,0,0,0,0,0,0,0,0,0,0,0,0.57307,0.00031361,0.000104537,0.00031361,0.000104537,0.00031361,0.000104537,0.00031361,0.000104537
642,66626.6,0.83772,0.42068,0.80832,0,0,0,0,0,0,0.10949,0.00181,0.00022,3e-05,0,0,0,0,0,0,0,0,0,0,0,0,0,0.53073,0.12797,0,0,0.46673,0.06173,0.41349,0.46744,0.87367,0.79472,0.85355,0.5728,1.15246,0.54321,0.84994,0,0,0,0,0,0,0,0,0,0,0,0,0,0,0,0,0,0,0,0,0,0,0,0,0,0,0,0,0,0,0,0.5728,0.000310191,0.000103397,0.000310191,0.000103397,0.000310191,0.000103397,0.000310191,0.000103397
643,66771.4,0.84337,0.42275,0.80842,0,0,0,0,0,0,0.10778,0.00182,0.00026,0,0,0,0,0,0,0,0,0,0,0,0,0,0,0.52414,0.12945,0,0,0.46677,0.06179,0.41415,0.46748,0.87303,0.7944,0.85322,0.57316,1.1536,0.54401,0.85007,0,0,0,0,0,0,0,0,0,0,0,0,0,0,0,0,0,0,0,0,0,0,0,0,0,0,0,0,0,0,0,0.57316,0.000306791,0.000102264,0.000306791,0.000102264,0.000306791,0.000102264,0.000306791,0.000102264
644,66914.4,0.83984,0.42313,0.80946,0,0,0,0,0,0,0.10946,0.00182,0.00024,0,0,0,0,0,0,0,0,0,0,0,0,0,0,0.53332,0.13009,0,0,0.46675,0.06166,0.41466,0.46746,0.87542,0.79366,0.85365,0.57305,1.15389,0.54424,0.85014,0,0,0,0,0,0,0,0,0,0,0,0,0,0,0,0,0,0,0,0,0,0,0,0,0,0,0,0,0,0,0,0.57305,0.00030341,0.000101137,0.00030341,0.000101137,0.00030341,0.000101137,0.00030341,0.000101137
645,67064.9,0.84527,0.42477,0.80879,0,0,0,0,0,0,0.10921,0.00181,0.0002,0,0,0,0,0,0,0,0,0,0,0,0,0,0,0.52187,0.12873,0,0,0.46672,0.06177,0.414,0.46743,0.87444,0.79377,0.85329,0.57279,1.15498,0.54485,0.85023,0,0,0,0,0,0,0,0,0,0,0,0,0,0,0,0,0,0,0,0,0,0,0,0,0,0,0,0,0,0,0,0.57279,0.000300048,0.000100016,0.000300048,0.000100016,0.000300048,0.000100016,0.000300048,0.000100016
646,67211.9,0.83646,0.42065,0.80971,0,0,0,0,0,0,0.10779,0.00181,0.00021,0,0,0,0,0,0,0,0,0,0,0,0,0,0,0.51722,0.1291,0,0,0.46672,0.06164,0.41305,0.46743,0.87296,0.79536,0.85368,0.57286,1.15437,0.54463,0.85015,0,0,0,0,0,0,0,0,0,0,0,0,0,0,0,0,0,0,0,0,0,0,0,0,0,0,0,0,0,0,0,0.57286,0.000296704,9.89013e-05,0.000296704,9.89013e-05,0.000296704,9.89013e-05,0.000296704,9.89013e-05
647,67371.2,0.83368,0.42112,0.81053,0,0,0,0,0,0,0.10412,0.00181,0.00025,0,0,0,0,0,0,0,0,0,0,0,0,0,0,0.51705,0.13084,0,0,0.46671,0.06172,0.41401,0.46742,0.87399,0.79384,0.85334,0.57287,1.15458,0.54481,0.85012,0,0,0,0,0,0,0,0,0,0,0,0,0,0,0,0,0,0,0,0,0,0,0,0,0,0,0,0,0,0,0,0.57287,0.000293379,9.77929e-05,0.000293379,9.77929e-05,0.000293379,9.77929e-05,0.000293379,9.77929e-05
648,67516.3,0.83785,0.42074,0.81017,0,0,0,0,0,0,0.10458,0.0018,0.00021,0,0,0,0,0,0,0,0,0,0,0,0,0,0,0.51626,0.13004,0,0,0.46671,0.06163,0.41381,0.46742,0.87362,0.79382,0.85303,0.57286,1.1546,0.54492,0.85015,0,0,0,0,0,0,0,0,0,0,0,0,0,0,0,0,0,0,0,0,0,0,0,0,0,0,0,0,0,0,0,0.57286,0.000290073,9.66909e-05,0.000290073,9.66909e-05,0.000290073,9.66909e-05,0.000290073,9.66909e-05
649,67670.3,0.83378,0.41953,0.80856,0,0,0,0,0,0,0.10791,0.00181,0.00026,0,0,0,0,0,0,0,0,0,0,0,0,0,0,0.52311,0.12769,0,0,0.46672,0.0617,0.41382,0.46742,0.87488,0.79342,0.85308,0.57277,1.1547,0.54474,0.85026,0,0,0,0,0,0,0,0,0,0,0,0,0,0,0,0,0,0,0,0,0,0,0,0,0,0,0,0,0,0,0,0.57277,0.000286785,9.55951e-05,0.000286785,9.55951e-05,0.000286785,9.55951e-05,0.000286785,9.55951e-05
650,67812.4,0.83493,0.42076,0.8086,0,0,0,0,0,0,0.10836,0.00181,0.00022,0,0,0,0,0,0,0,0,0,0,0,0,0,0,0.52496,0.12921,0,0,0.46679,0.06171,0.41336,0.46751,0.87451,0.79405,0.85297,0.57268,1.15497,0.54495,0.85024,0,0,0,0,0,0,0,0,0,0,0,0,0,0,0,0,0,0,0,0,0,0,0,0,0,0,0,0,0,0,0,0.57268,0.000283517,9.45057e-05,0.000283517,9.45057e-05,0.000283517,9.45057e-05,0.000283517,9.45057e-05
651,67969.4,0.83457,0.42063,0.80901,0,0,0,0,0,0,0.10833,0.00181,0.00027,2e-05,0,0,0,0,0,0,0,0,0,0,0,0,0,0.52091,0.12847,0,0,0.46669,0.06169,0.4128,0.4674,0.87461,0.79339,0.853,0.57264,1.15499,0.54487,0.85028,0,0,0,0,0,0,0,0,0,0,0,0,0,0,0,0,0,0,0,0,0,0,0,0,0,0,0,0,0,0,0,0.57264,0.000280268,9.34225e-05,0.000280268,9.34225e-05,0.000280268,9.34225e-05,0.000280268,9.34225e-05
652,68112.9,0.83341,0.42079,0.80829,0,0,0,0,0,0,0.11045,0.00181,0.00022,0,0,0,0,0,0,0,0,0,0,0,0,0,0,0.52105,0.12765,0,0,0.46675,0.06177,0.41339,0.46742,0.87493,0.79362,0.85314,0.57271,1.15531,0.54499,0.85028,0,0,0,0,0,0,0,0,0,0,0,0,0,0,0,0,0,0,0,0,0,0,0,0,0,0,0,0,0,0,0,0.57271,0.000277037,9.23458e-05,0.000277037,9.23458e-05,0.000277037,9.23458e-05,0.000277037,9.23458e-05
653,68263.9,0.83494,0.41964,0.80965,0,0,0,0,0,0,0.10871,0.00181,0.00022,0,0,0,0,0,0,0,0,0,0,0,0,0,0,0.51678,0.12859,0,0,0.46675,0.06163,0.41373,0.46746,0.87487,0.79336,0.85215,0.57246,1.15543,0.54507,0.85033,0,0,0,0,0,0,0,0,0,0,0,0,0,0,0,0,0,0,0,0,0,0,0,0,0,0,0,0,0,0,0,0.57246,0.000273826,9.12754e-05,0.000273826,9.12754e-05,0.000273826,9.12754e-05,0.000273826,9.12754e-05
654,68417.2,0.83601,0.4195,0.8079,0,0,0,0,0,0,0.1057,0.00179,0.00027,0,0,0,0,0,0,0,0,0,0,0,0,0,0,0.51952,0.12737,0,0,0.46685,0.06181,0.41358,0.46756,0.87438,0.79398,0.85279,0.5726,1.15547,0.5453,0.85035,0,0,0,0,0,0,0,0,0,0,0,0,0,0,0,0,0,0,0,0,0,0,0,0,0,0,0,0,0,0,0,0.5726,0.000270634,9.02113e-05,0.000270634,9.02113e-05,0.000270634,9.02113e-05,0.000270634,9.02113e-05
655,68555.7,0.83555,0.42064,0.81002,0,0,0,0,0,0,0.10413,0.00181,0.00024,1e-05,0,0,0,0,0,0,0,0,0,0,0,0,0,0.52641,0.12739,0,0,0.46669,0.06174,0.41301,0.46741,0.87546,0.79329,0.85284,0.57284,1.15514,0.5453,0.85037,0,0,0,0,0,0,0,0,0,0,0,0,0,0,0,0,0,0,0,0,0,0,0,0,0,0,0,0,0,0,0,0.57284,0.000267461,8.91537e-05,0.000267461,8.91537e-05,0.000267461,8.91537e-05,0.000267461,8.91537e-05
656,68719.3,0.83931,0.42263,0.80816,0,0,0,0,0,0,0.10867,0.0018,0.00021,0,0,0,0,0,0,0,0,0,0,0,0,0,0,0.51545,0.12766,0,0,0.46677,0.0618,0.41352,0.46748,0.87492,0.79349,0.85277,0.5733,1.15501,0.54501,0.85035,0,0,0,0,0,0,0,0,0,0,0,0,0,0,0,0,0,0,0,0,0,0,0,0,0,0,0,0,0,0,0,0.5733,0.000264307,8.81025e-05,0.000264307,8.81025e-05,0.000264307,8.81025e-05,0.000264307,8.81025e-05
657,68860.5,0.84047,0.42184,0.81013,0,0,0,0,0,0,0.10617,0.00181,0.0002,0,0,0,0,0,0,0,0,0,0,0,0,0,0,0.51809,0.12812,0,0,0.46686,0.06178,0.41371,0.46756,0.87505,0.79356,0.85259,0.57234,1.15536,0.54516,0.85038,0,0,0,0,0,0,0,0,0,0,0,0,0,0,0,0,0,0,0,0,0,0,0,0,0,0,0,0,0,0,0,0.57234,0.000261173,8.70577e-05,0.000261173,8.70577e-05,0.000261173,8.70577e-05,0.000261173,8.70577e-05
658,69013.4,0.83935,0.4216,0.80998,0,0,0,0,0,0,0.10656,0.00181,0.00029,0,0,0,0,0,0,0,0,0,0,0,0,0,0,0.51978,0.12902,0,0,0.46683,0.06176,0.4135,0.46754,0.87459,0.79375,0.8529,0.57246,1.15529,0.5457,0.85038,0,0,0,0,0,0,0,0,0,0,0,0,0,0,0,0,0,0,0,0,0,0,0,0,0,0,0,0,0,0,0,0.57246,0.000258058,8.60193e-05,0.000258058,8.60193e-05,0.000258058,8.60193e-05,0.000258058,8.60193e-05
659,69167.7,0.83827,0.42018,0.80865,0,0,0,0,0,0,0.10749,0.00181,0.00022,0,0,0,0,0,0,0,0,0,0,0,0,0,0,0.51615,0.1275,0,0,0.46684,0.06184,0.41396,0.46754,0.87539,0.79354,0.8532,0.57239,1.15566,0.54584,0.85043,0,0,0,0,0,0,0,0,0,0,0,0,0,0,0,0,0,0,0,0,0,0,0,0,0,0,0,0,0,0,0,0.57239,0.000254962,8.49874e-05,0.000254962,8.49874e-05,0.000254962,8.49874e-05,0.000254962,8.49874e-05
660,69306.2,0.83547,0.42118,0.80942,0,0,0,0,0,0,0.1064,0.00181,0.00023,0,0,0,0,0,0,0,0,0,0,0,0,0,0,0.52108,0.12755,0,0,0.46668,0.06171,0.41369,0.46739,0.87492,0.79325,0.85281,0.57235,1.15597,0.54582,0.85044,0,0,0,0,0,0,0,0,0,0,0,0,0,0,0,0,0,0,0,0,0,0,0,0,0,0,0,0,0,0,0,0.57235,0.000251886,8.3962e-05,0.000251886,8.3962e-05,0.000251886,8.3962e-05,0.000251886,8.3962e-05
661,69467.8,0.83331,0.41933,0.80866,0,0,0,0,0,0,0.10804,0.00181,0.00019,0,0,0,0,0,0,0,0,0,0,0,0,0,0,0.51376,0.12781,0,0,0.46681,0.06175,0.41378,0.46752,0.8744,0.79399,0.85367,0.5724,1.15643,0.54596,0.85046,0,0,0,0,0,0,0,0,0,0,0,0,0,0,0,0,0,0,0,0,0,0,0,0,0,0,0,0,0,0,0,0.5724,0.000248829,8.29431e-05,0.000248829,8.29431e-05,0.000248829,8.29431e-05,0.000248829,8.29431e-05
662,69605.6,0.83752,0.41911,0.80851,0,0,0,0,0,0,0.10608,0.00181,0.00029,0,0,0,0,0,0,0,0,0,0,0,0,0,0,0.51404,0.12773,0,0,0.46678,0.06169,0.41335,0.46749,0.87469,0.79366,0.85348,0.57251,1.15646,0.54619,0.85048,0,0,0,0,0,0,0,0,0,0,0,0,0,0,0,0,0,0,0,0,0,0,0,0,0,0,0,0,0,0,0,0.57251,0.000245792,8.19307e-05,0.000245792,8.19307e-05,0.000245792,8.19307e-05,0.000245792,8.19307e-05
663,69761.4,0.83106,0.41805,0.80736,0,0,0,0,0,0,0.10843,0.00181,0.00021,0,0,0,0,0,0,0,0,0,0,0,0,0,0,0.51978,0.12784,0,0,0.46669,0.06171,0.41362,0.46741,0.87469,0.7932,0.85314,0.57236,1.15668,0.54657,0.85046,0,0,0,0,0,0,0,0,0,0,0,0,0,0,0,0,0,0,0,0,0,0,0,0,0,0,0,0,0,0,0,0.57236,0.000242774,8.09248e-05,0.000242774,8.09248e-05,0.000242774,8.09248e-05,0.000242774,8.09248e-05
664,69914.7,0.83998,0.42116,0.81011,0,0,0,0,0,0,0.10648,0.00182,0.0002,0,0,0,0,0,0,0,0,0,0,0,0,0,0,0.51775,0.12772,0,0,0.46676,0.06177,0.41324,0.46747,0.87382,0.79353,0.8529,0.57234,1.15652,0.5465,0.8505,0,0,0,0,0,0,0,0,0,0,0,0,0,0,0,0,0,0,0,0,0,0,0,0,0,0,0,0,0,0,0,0.57234,0.000239776,7.99255e-05,0.000239776,7.99255e-05,0.000239776,7.99255e-05,0.000239776,7.99255e-05
665,70049.6,0.834,0.41933,0.80853,0,0,0,0,0,0,0.10802,0.00182,0.00025,0,0,0,0,0,0,0,0,0,0,0,0,0,0,0.51306,0.12789,0,0,0.46668,0.06169,0.41374,0.46739,0.87319,0.79404,0.85276,0.57201,1.1569,0.54646,0.85055,0,0,0,0,0,0,0,0,0,0,0,0,0,0,0,0,0,0,0,0,0,0,0,0,0,0,0,0,0,0,0,0.57201,0.000236798,7.89327e-05,0.000236798,7.89327e-05,0.000236798,7.89327e-05,0.000236798,7.89327e-05
666,70212.2,0.83185,0.41886,0.80842,0,0,0,0,0,0,0.10598,0.00181,0.0002,0,0,0,0,0,0,0,0,0,0,0,0,0,0,0.52977,0.12834,0,0,0.46675,0.06174,0.41311,0.46747,0.87394,0.79425,0.85303,0.57204,1.15677,0.54653,0.85051,0,0,0,0,0,0,0,0,0,0,0,0,0,0,0,0,0,0,0,0,0,0,0,0,0,0,0,0,0,0,0,0.57204,0.000233839,7.79465e-05,0.000233839,7.79465e-05,0.000233839,7.79465e-05,0.000233839,7.79465e-05
667,70350.6,0.83373,0.41945,0.80947,0,0,0,0,0,0,0.11024,0.00181,0.00024,3e-05,0,0,0,0,0,0,0,0,0,0,0,0,0,0.51655,0.12839,0,0,0.46672,0.06168,0.41471,0.46742,0.87508,0.79334,0.85307,0.57193,1.15694,0.54623,0.85053,0,0,0,0,0,0,0,0,0,0,0,0,0,0,0,0,0,0,0,0,0,0,0,0,0,0,0,0,0,0,0,0.57193,0.000230901,7.69668e-05,0.000230901,7.69668e-05,0.000230901,7.69668e-05,0.000230901,7.69668e-05
668,70501,0.83107,0.41846,0.80868,0,0,0,0,0,0,0.10883,0.00181,0.00026,0,0,0,0,0,0,0,0,0,0,0,0,0,0,0.51913,0.12781,0,0,0.46676,0.06164,0.41405,0.46747,0.87357,0.79449,0.85301,0.572,1.1571,0.54635,0.85058,0,0,0,0,0,0,0,0,0,0,0,0,0,0,0,0,0,0,0,0,0,0,0,0,0,0,0,0,0,0,0,0.572,0.000227981,7.59938e-05,0.000227981,7.59938e-05,0.000227981,7.59938e-05,0.000227981,7.59938e-05
669,70648.8,0.83245,0.41677,0.80763,0,0,0,0,0,0,0.10733,0.0018,0.00021,1e-05,0,0,0,0,0,0,0,0,0,0,0,0,0,0.52301,0.12794,0,0,0.46683,0.0618,0.41432,0.46754,0.87378,0.79454,0.85326,0.5723,1.15712,0.54637,0.85049,0,0,0,0,0,0,0,0,0,0,0,0,0,0,0,0,0,0,0,0,0,0,0,0,0,0,0,0,0,0,0,0.5723,0.000225082,7.50274e-05,0.000225082,7.50274e-05,0.000225082,7.50274e-05,0.000225082,7.50274e-05
670,70793.3,0.83695,0.42034,0.8088,0,0,0,0,0,0,0.10896,0.0018,0.00021,3e-05,0,0,0,0,0,0,0,0,0,0,0,0,0,0.5164,0.1275,0,0,0.46667,0.06167,0.41391,0.46737,0.87322,0.7938,0.85277,0.57165,1.15757,0.54704,0.85048,0,0,0,0,0,0,0,0,0,0,0,0,0,0,0,0,0,0,0,0,0,0,0,0,0,0,0,0,0,0,0,0.57165,0.000222203,7.40676e-05,0.000222203,7.40676e-05,0.000222203,7.40676e-05,0.000222203,7.40676e-05
671,70945.6,0.83633,0.41956,0.80898,0,0,0,0,0,0,0.10736,0.00181,0.00022,0,0,0,0,0,0,0,0,0,0,0,0,0,0,0.514,0.1282,0,0,0.46681,0.06174,0.41378,0.46753,0.8725,0.79443,0.85287,0.57186,1.15739,0.54652,0.85042,0,0,0,0,0,0,0,0,0,0,0,0,0,0,0,0,0,0,0,0,0,0,0,0,0,0,0,0,0,0,0,0.57186,0.000219343,7.31145e-05,0.000219343,7.31145e-05,0.000219343,7.31145e-05,0.000219343,7.31145e-05
672,71089.3,0.8311,0.41797,0.8089,0,0,0,0,0,0,0.10285,0.00181,0.0002,0,0,0,0,0,0,0,0,0,0,0,0,0,0,0.5142,0.12706,0,0,0.46676,0.06178,0.41358,0.46742,0.87199,0.79422,0.85272,0.57187,1.15722,0.54676,0.85041,0,0,0,0,0,0,0,0,0,0,0,0,0,0,0,0,0,0,0,0,0,0,0,0,0,0,0,0,0,0,0,0.57187,0.000216504,7.2168e-05,0.000216504,7.2168e-05,0.000216504,7.2168e-05,0.000216504,7.2168e-05
673,71234.6,0.82886,0.41803,0.80894,0,0,0,0,0,0,0.10479,0.0018,0.00022,0,0,0,0,0,0,0,0,0,0,0,0,0,0,0.51507,0.12658,0,0,0.46674,0.06179,0.41307,0.46745,0.87267,0.79378,0.85245,0.57167,1.15712,0.54673,0.85039,0,0,0,0,0,0,0,0,0,0,0,0,0,0,0,0,0,0,0,0,0,0,0,0,0,0,0,0,0,0,0,0.57167,0.000213685,7.12282e-05,0.000213685,7.12282e-05,0.000213685,7.12282e-05,0.000213685,7.12282e-05
674,71386.9,0.83541,0.41987,0.80914,0,0,0,0,0,0,0.10627,0.00179,0.00026,0,0,0,0,0,0,0,0,0,0,0,0,0,0,0.5131,0.12665,0,0,0.46679,0.06183,0.41377,0.46751,0.87176,0.79316,0.85217,0.57183,1.15712,0.54674,0.8504,0,0,0,0,0,0,0,0,0,0,0,0,0,0,0,0,0,0,0,0,0,0,0,0,0,0,0,0,0,0,0,0.57183,0.000210885,7.02951e-05,0.000210885,7.02951e-05,0.000210885,7.02951e-05,0.000210885,7.02951e-05
675,71536.9,0.83326,0.41858,0.80841,0,0,0,0,0,0,0.10459,0.0018,0.00027,0,0,0,0,0,0,0,0,0,0,0,0,0,0,0.51491,0.12703,0,0,0.46675,0.06175,0.41328,0.46745,0.87231,0.79297,0.85221,0.57178,1.15696,0.54669,0.85035,0,0,0,0,0,0,0,0,0,0,0,0,0,0,0,0,0,0,0,0,0,0,0,0,0,0,0,0,0,0,0,0.57178,0.000208106,6.93687e-05,0.000208106,6.93687e-05,0.000208106,6.93687e-05,0.000208106,6.93687e-05
676,71681.2,0.83188,0.41945,0.8072,0,0,0,0,0,0,0.10722,0.0018,0.00022,0,0,0,0,0,0,0,0,0,0,0,0,0,0,0.51893,0.12698,0,0,0.46683,0.06177,0.4138,0.46754,0.87097,0.79362,0.85191,0.57186,1.15675,0.5467,0.85033,0,0,0,0,0,0,0,0,0,0,0,0,0,0,0,0,0,0,0,0,0,0,0,0,0,0,0,0,0,0,0,0.57186,0.000205347,6.8449e-05,0.000205347,6.8449e-05,0.000205347,6.8449e-05,0.000205347,6.8449e-05
677,71838.3,0.83123,0.4188,0.8095,0,0,0,0,0,0,0.10627,0.0018,0.0002,0,0,0,0,0,0,0,0,0,0,0,0,0,0,0.51579,0.12707,0,0,0.46678,0.06174,0.4135,0.46745,0.87207,0.79338,0.85206,0.57202,1.15687,0.54671,0.85035,0,0,0,0,0,0,0,0,0,0,0,0,0,0,0,0,0,0,0,0,0,0,0,0,0,0,0,0,0,0,0,0.57202,0.000202608,6.7536e-05,0.000202608,6.7536e-05,0.000202608,6.7536e-05,0.000202608,6.7536e-05
678,71978.3,0.83564,0.42113,0.80824,0,0,0,0,0,0,0.10792,0.00179,0.00028,0,0,0,0,0,0,0,0,0,0,0,0,0,0,0.52306,0.12692,0,0,0.46676,0.06171,0.41383,0.46746,0.87134,0.79413,0.85169,0.57182,1.15683,0.54696,0.85034,0,0,0,0,0,0,0,0,0,0,0,0,0,0,0,0,0,0,0,0,0,0,0,0,0,0,0,0,0,0,0,0.57182,0.000199889,6.66298e-05,0.000199889,6.66298e-05,0.000199889,6.66298e-05,0.000199889,6.66298e-05
679,72134.3,0.82843,0.41865,0.80822,0,0,0,0,0,0,0.10548,0.00181,0.00019,0,0,0,0,0,0,0,0,0,0,0,0,0,0,0.51572,0.12713,0,0,0.46675,0.06176,0.41334,0.46741,0.87142,0.79408,0.8514,0.57189,1.15688,0.54699,0.85041,0,0,0,0,0,0,0,0,0,0,0,0,0,0,0,0,0,0,0,0,0,0,0,0,0,0,0,0,0,0,0,0.57189,0.000197191,6.57303e-05,0.000197191,6.57303e-05,0.000197191,6.57303e-05,0.000197191,6.57303e-05
680,72284.6,0.83086,0.41872,0.80803,0,0,0,0,0,0,0.10696,0.0018,0.00023,0,0,0,0,0,0,0,0,0,0,0,0,0,0,0.51618,0.12704,0,0,0.4668,0.06174,0.41461,0.46751,0.87152,0.79364,0.85202,0.57242,1.15669,0.54705,0.8503,0,0,0,0,0,0,0,0,0,0,0,0,0,0,0,0,0,0,0,0,0,0,0,0,0,0,0,0,0,0,0,0.57242,0.000194513,6.48377e-05,0.000194513,6.48377e-05,0.000194513,6.48377e-05,0.000194513,6.48377e-05
681,72421.2,0.82801,0.41728,0.80851,0,0,0,0,0,0,0.10786,0.00181,0.00022,0,0,0,0,0,0,0,0,0,0,0,0,0,0,0.51089,0.12731,0,0,0.46673,0.06168,0.41362,0.46744,0.87167,0.79386,0.85158,0.57229,1.15604,0.54727,0.85027,0,0,0,0,0,0,0,0,0,0,0,0,0,0,0,0,0,0,0,0,0,0,0,0,0,0,0,0,0,0,0,0.57229,0.000191855,6.39518e-05,0.000191855,6.39518e-05,0.000191855,6.39518e-05,0.000191855,6.39518e-05
682,72578.7,0.82813,0.41812,0.80624,0,0,0,0,0,0,0.10639,0.0018,0.00024,0,0,0,0,0,0,0,0,0,0,0,0,0,0,0.51325,0.12651,0,0,0.4668,0.06179,0.41373,0.4675,0.8713,0.79398,0.85163,0.57226,1.15571,0.54723,0.85023,0,0,0,0,0,0,0,0,0,0,0,0,0,0,0,0,0,0,0,0,0,0,0,0,0,0,0,0,0,0,0,0.57226,0.000189218,6.30727e-05,0.000189218,6.30727e-05,0.000189218,6.30727e-05,0.000189218,6.30727e-05
683,72716.2,0.82883,0.41765,0.80839,0,0,0,0,0,0,0.1075,0.0018,0.00024,0,0,0,0,0,0,0,0,0,0,0,0,0,0,0.50738,0.1273,0,0,0.46665,0.06169,0.41335,0.46735,0.87163,0.79412,0.85159,0.57212,1.15598,0.54702,0.85021,0,0,0,0,0,0,0,0,0,0,0,0,0,0,0,0,0,0,0,0,0,0,0,0,0,0,0,0,0,0,0,0.57212,0.000186601,6.22004e-05,0.000186601,6.22004e-05,0.000186601,6.22004e-05,0.000186601,6.22004e-05
684,72868.4,0.8249,0.41577,0.80716,0,0,0,0,0,0,0.10298,0.0018,0.00026,0,0,0,0,0,0,0,0,0,0,0,0,0,0,0.51441,0.12742,0,0,0.46671,0.06172,0.41282,0.46743,0.87151,0.79405,0.85155,0.57215,1.15588,0.5471,0.85025,0,0,0,0,0,0,0,0,0,0,0,0,0,0,0,0,0,0,0,0,0,0,0,0,0,0,0,0,0,0,0,0.57215,0.000184005,6.1335e-05,0.000184005,6.1335e-05,0.000184005,6.1335e-05,0.000184005,6.1335e-05
685,73020.1,0.82975,0.41804,0.80664,0,0,0,0,0,0,0.10537,0.0018,0.00019,1e-05,0,0,0,0,0,0,0,0,0,0,0,0,0,0.51323,0.12759,0,0,0.46679,0.06176,0.41286,0.46751,0.8721,0.7943,0.85201,0.57227,1.15542,0.54723,0.85021,0,0,0,0,0,0,0,0,0,0,0,0,0,0,0,0,0,0,0,0,0,0,0,0,0,0,0,0,0,0,0,0.57227,0.000181429,6.04763e-05,0.000181429,6.04763e-05,0.000181429,6.04763e-05,0.000181429,6.04763e-05
686,73158.7,0.82505,0.41705,0.80743,0,0,0,0,0,0,0.1041,0.00181,0.00028,0,0,0,0,0,0,0,0,0,0,0,0,0,0,0.51411,0.12758,0,0,0.46679,0.06174,0.41303,0.46751,0.87084,0.79365,0.85176,0.57243,1.15533,0.54722,0.85021,0,0,0,0,0,0,0,0,0,0,0,0,0,0,0,0,0,0,0,0,0,0,0,0,0,0,0,0,0,0,0,0.57243,0.000178874,5.96246e-05,0.000178874,5.96246e-05,0.000178874,5.96246e-05,0.000178874,5.96246e-05
687,73315.9,0.8269,0.41615,0.81062,0,0,0,0,0,0,0.10624,0.00181,0.0002,9e-05,0,0,0,0,0,0,0,0,0,0,0,0,0,0.51265,0.12795,0,0,0.46675,0.06172,0.41414,0.46741,0.87162,0.79378,0.85218,0.57246,1.15529,0.5468,0.85023,0,0,0,0,0,0,0,0,0,0,0,0,0,0,0,0,0,0,0,0,0,0,0,0,0,0,0,0,0,0,0,0.57246,0.000176339,5.87797e-05,0.000176339,5.87797e-05,0.000176339,5.87797e-05,0.000176339,5.87797e-05
688,73464.3,0.83039,0.41813,0.80815,0,0,0,0,0,0,0.10743,0.0018,0.00029,0,0,0,0,0,0,0,0,0,0,0,0,0,0,0.52097,0.12732,0,0,0.46674,0.06173,0.41368,0.46745,0.87166,0.79374,0.85157,0.57236,1.15508,0.54676,0.85017,0,0,0,0,0,0,0,0,0,0,0,0,0,0,0,0,0,0,0,0,0,0,0,0,0,0,0,0,0,0,0,0.57236,0.000173825,5.79417e-05,0.000173825,5.79417e-05,0.000173825,5.79417e-05,0.000173825,5.79417e-05
689,73608.3,0.82852,0.41569,0.80824,0,0,0,0,0,0,0.10692,0.00179,0.00022,0,0,0,0,0,0,0,0,0,0,0,0,0,0,0.53126,0.12803,0,0,0.46688,0.06183,0.41334,0.46759,0.87056,0.79379,0.85186,0.57246,1.15529,0.54673,0.8502,0,0,0,0,0,0,0,0,0,0,0,0,0,0,0,0,0,0,0,0,0,0,0,0,0,0,0,0,0,0,0,0.57246,0.000171332,5.71106e-05,0.000171332,5.71106e-05,0.000171332,5.71106e-05,0.000171332,5.71106e-05
690,73762.4,0.82893,0.41757,0.80696,0,0,0,0,0,0,0.1059,0.00179,0.00027,0,0,0,0,0,0,0,0,0,0,0,0,0,0,0.52295,0.12776,0,0,0.46679,0.06173,0.41364,0.46751,0.87021,0.79442,0.85188,0.57233,1.15484,0.54694,0.85018,0,0,0,0,0,0,0,0,0,0,0,0,0,0,0,0,0,0,0,0,0,0,0,0,0,0,0,0,0,0,0,0.57233,0.000168859,5.62864e-05,0.000168859,5.62864e-05,0.000168859,5.62864e-05,0.000168859,5.62864e-05
691,73910.8,0.82574,0.41694,0.8087,0,0,0,0,0,0,0.10555,0.0018,0.00026,0,0,0,0,0,0,0,0,0,0,0,0,0,0,0.52624,0.12793,0,0,0.46678,0.06178,0.41423,0.46748,0.87056,0.79428,0.85217,0.57274,1.1546,0.54706,0.85017,0,0,0,0,0,0,0,0,0,0,0,0,0,0,0,0,0,0,0,0,0,0,0,0,0,0,0,0,0,0,0,0.57274,0.000166407,5.54691e-05,0.000166407,5.54691e-05,0.000166407,5.54691e-05,0.000166407,5.54691e-05
692,74056.9,0.82766,0.41767,0.80947,0,0,0,0,0,0,0.10533,0.0018,0.00018,0,0,0,0,0,0,0,0,0,0,0,0,0,0,0.52263,0.12771,0,0,0.46677,0.0618,0.41335,0.46743,0.87052,0.79348,0.85151,0.5725,1.1549,0.54719,0.85018,0,0,0,0,0,0,0,0,0,0,0,0,0,0,0,0,0,0,0,0,0,0,0,0,0,0,0,0,0,0,0,0.5725,0.000163976,5.46588e-05,0.000163976,5.46588e-05,0.000163976,5.46588e-05,0.000163976,5.46588e-05
693,74210.7,0.83362,0.41941,0.80714,0,0,0,0,0,0,0.10377,0.0018,0.00025,0,0,0,0,0,0,0,0,0,0,0,0,0,0,0.52536,0.12749,0,0,0.46678,0.06174,0.41391,0.46749,0.87108,0.79436,0.85224,0.57264,1.15467,0.54743,0.85016,0,0,0,0,0,0,0,0,0,0,0,0,0,0,0,0,0,0,0,0,0,0,0,0,0,0,0,0,0,0,0,0.57264,0.000161566,5.38554e-05,0.000161566,5.38554e-05,0.000161566,5.38554e-05,0.000161566,5.38554e-05
694,74350.3,0.82933,0.41648,0.80768,0,0,0,0,0,0,0.10725,0.0018,0.00029,0,0,0,0,0,0,0,0,0,0,0,0,0,0,0.5243,0.12812,0,0,0.46679,0.06181,0.41394,0.46749,0.87066,0.79431,0.85194,0.57242,1.15445,0.54757,0.85009,0,0,0,0,0,0,0,0,0,0,0,0,0,0,0,0,0,0,0,0,0,0,0,0,0,0,0,0,0,0,0,0.57242,0.000159177,5.30589e-05,0.000159177,5.30589e-05,0.000159177,5.30589e-05,0.000159177,5.30589e-05
695,74507.1,0.82744,0.41659,0.80993,0,0,0,0,0,0,0.10475,0.0018,0.00022,0,0,0,0,0,0,0,0,0,0,0,0,0,0,0.51346,0.12714,0,0,0.4668,0.06166,0.41411,0.4675,0.8694,0.79449,0.8515,0.57238,1.15432,0.54752,0.85011,0,0,0,0,0,0,0,0,0,0,0,0,0,0,0,0,0,0,0,0,0,0,0,0,0,0,0,0,0,0,0,0.57238,0.000156808,5.22695e-05,0.000156808,5.22695e-05,0.000156808,5.22695e-05,0.000156808,5.22695e-05
696,74658.1,0.83318,0.41831,0.80617,0,0,0,0,0,0,0.1057,0.00179,0.00023,0,0,0,0,0,0,0,0,0,0,0,0,0,0,0.51458,0.12711,0,0,0.46683,0.06189,0.41442,0.46752,0.87085,0.79408,0.85134,0.57243,1.15419,0.54733,0.85011,0,0,0,0,0,0,0,0,0,0,0,0,0,0,0,0,0,0,0,0,0,0,0,0,0,0,0,0,0,0,0,0.57243,0.000154461,5.1487e-05,0.000154461,5.1487e-05,0.000154461,5.1487e-05,0.000154461,5.1487e-05
697,74795.4,0.82603,0.41637,0.80767,0,0,0,0,0,0,0.10604,0.00179,0.00028,0,0,0,0,0,0,0,0,0,0,0,0,0,0,0.51682,0.12685,0,0,0.46681,0.0618,0.4136,0.46753,0.86981,0.79388,0.85082,0.57244,1.15439,0.54722,0.85018,0,0,0,0,0,0,0,0,0,0,0,0,0,0,0,0,0,0,0,0,0,0,0,0,0,0,0,0,0,0,0,0.57244,0.000152134,5.07115e-05,0.000152134,5.07115e-05,0.000152134,5.07115e-05,0.000152134,5.07115e-05
698,74956.3,0.82595,0.41541,0.80683,0,0,0,0,0,0,0.10334,0.0018,0.00028,0,0,0,0,0,0,0,0,0,0,0,0,0,0,0.5116,0.12603,0,0,0.46686,0.06173,0.41341,0.46758,0.86982,0.79421,0.85148,0.57246,1.15451,0.54716,0.85015,0,0,0,0,0,0,0,0,0,0,0,0,0,0,0,0,0,0,0,0,0,0,0,0,0,0,0,0,0,0,0,0.57246,0.000149829,4.9943e-05,0.000149829,4.9943e-05,0.000149829,4.9943e-05,0.000149829,4.9943e-05
699,75095.7,0.82909,0.41712,0.80762,0,0,0,0,0,0,0.10504,0.0018,0.00024,0,0,0,0,0,0,0,0,0,0,0,0,0,0,0.5111,0.12636,0,0,0.46674,0.06172,0.41394,0.46745,0.86878,0.79444,0.8517,0.57267,1.15397,0.54706,0.85008,0,0,0,0,0,0,0,0,0,0,0,0,0,0,0,0,0,0,0,0,0,0,0,0,0,0,0,0,0,0,0,0.57267,0.000147544,4.91815e-05,0.000147544,4.91815e-05,0.000147544,4.91815e-05,0.000147544,4.91815e-05
700,75247.7,0.82742,0.41735,0.80815,0,0,0,0,0,0,0.10754,0.0018,0.0002,0,0,0,0,0,0,0,0,0,0,0,0,0,0,0.51319,0.12693,0,0,0.46671,0.06179,0.41362,0.46742,0.86894,0.79481,0.85192,0.57282,1.15381,0.547,0.85007,0,0,0,0,0,0,0,0,0,0,0,0,0,0,0,0,0,0,0,0,0,0,0,0,0,0,0,0,0,0,0,0.57282,0.000145281,4.8427e-05,0.000145281,4.8427e-05,0.000145281,4.8427e-05,0.000145281,4.8427e-05
701,75395.3,0.8272,0.41791,0.80834,0,0,0,0,0,0,0.10616,0.0018,0.00022,0,0,0,0,0,0,0,0,0,0,0,0,0,0,0.51094,0.12708,0,0,0.46672,0.06162,0.41395,0.46742,0.86878,0.79483,0.85139,0.5724,1.15377,0.54705,0.85006,0,0,0,0,0,0,0,0,0,0,0,0,0,0,0,0,0,0,0,0,0,0,0,0,0,0,0,0,0,0,0,0.5724,0.000143039,4.76796e-05,0.000143039,4.76796e-05,0.000143039,4.76796e-05,0.000143039,4.76796e-05
702,75537.5,0.82732,0.41681,0.80769,0,0,0,0,0,0,0.10302,0.0018,0.00019,0,0,0,0,0,0,0,0,0,0,0,0,0,0,0.51314,0.12697,0,0,0.46674,0.06172,0.41302,0.46746,0.86857,0.79479,0.85238,0.57231,1.15398,0.54721,0.85002,0,0,0,0,0,0,0,0,0,0,0,0,0,0,0,0,0,0,0,0,0,0,0,0,0,0,0,0,0,0,0,0.57231,0.000140818,4.69393e-05,0.000140818,4.69393e-05,0.000140818,4.69393e-05,0.000140818,4.69393e-05
703,75684.8,0.82597,0.4151,0.80709,0,0,0,0,0,0,0.10719,0.0018,0.00025,0,0,0,0,0,0,0,0,0,0,0,0,0,0,0.5077,0.12689,0,0,0.46673,0.06168,0.41348,0.46745,0.86896,0.79476,0.85236,0.57234,1.15421,0.54728,0.85004,0,0,0,0,0,0,0,0,0,0,0,0,0,0,0,0,0,0,0,0,0,0,0,0,0,0,0,0,0,0,0,0.57234,0.000138618,4.6206e-05,0.000138618,4.6206e-05,0.000138618,4.6206e-05,0.000138618,4.6206e-05
704,75827.6,0.82664,0.41587,0.80819,0,0,0,0,0,0,0.10559,0.00179,0.00024,2e-05,0,0,0,0,0,0,0,0,0,0,0,0,0,0.50617,0.12666,0,0,0.46677,0.06175,0.41333,0.46742,0.86868,0.79465,0.85258,0.57242,1.15429,0.54745,0.85003,0,0,0,0,0,0,0,0,0,0,0,0,0,0,0,0,0,0,0,0,0,0,0,0,0,0,0,0,0,0,0,0.57242,0.000136439,4.54798e-05,0.000136439,4.54798e-05,0.000136439,4.54798e-05,0.000136439,4.54798e-05
705,75961.3,0.81885,0.4136,0.80918,0,0,0,0,0,0,0.10422,0.0018,0.00023,5e-05,0,0,0,0,0,0,0,0,0,0,0,0,0,0.51137,0.12693,0,0,0.46676,0.06178,0.4133,0.46748,0.86869,0.79464,0.85212,0.57224,1.1541,0.54747,0.85004,0,0,0,0,0,0,0,0,0,0,0,0,0,0,0,0,0,0,0,0,0,0,0,0,0,0,0,0,0,0,0,0.57224,0.000134282,4.47606e-05,0.000134282,4.47606e-05,0.000134282,4.47606e-05,0.000134282,4.47606e-05
706,76104.7,0.82725,0.41625,0.80728,0,0,0,0,0,0,0.10524,0.0018,0.00021,0,0,0,0,0,0,0,0,0,0,0,0,0,0,0.51012,0.12731,0,0,0.4667,0.06167,0.4136,0.46741,0.86966,0.79491,0.8525,0.5725,1.15387,0.54756,0.84995,0,0,0,0,0,0,0,0,0,0,0,0,0,0,0,0,0,0,0,0,0,0,0,0,0,0,0,0,0,0,0,0.5725,0.000132146,4.40486e-05,0.000132146,4.40486e-05,0.000132146,4.40486e-05,0.000132146,4.40486e-05
707,76247.7,0.8235,0.41487,0.80688,0,0,0,0,0,0,0.10425,0.0018,0.00023,0,0,0,0,0,0,0,0,0,0,0,0,0,0,0.51851,0.12891,0,0,0.46671,0.06174,0.41337,0.46742,0.87003,0.79457,0.85148,0.57241,1.15408,0.54732,0.84998,0,0,0,0,0,0,0,0,0,0,0,0,0,0,0,0,0,0,0,0,0,0,0,0,0,0,0,0,0,0,0,0.57241,0.000130031,4.33437e-05,0.000130031,4.33437e-05,0.000130031,4.33437e-05,0.000130031,4.33437e-05
708,76376.6,0.8272,0.41688,0.80779,0,0,0,0,0,0,0.10798,0.00181,0.0002,0,0,0,0,0,0,0,0,0,0,0,0,0,0,0.50931,0.12852,0,0,0.46676,0.06169,0.41388,0.46746,0.86886,0.79427,0.8518,0.57245,1.15408,0.54757,0.84999,0,0,0,0,0,0,0,0,0,0,0,0,0,0,0,0,0,0,0,0,0,0,0,0,0,0,0,0,0,0,0,0.57245,0.000127938,4.26459e-05,0.000127938,4.26459e-05,0.000127938,4.26459e-05,0.000127938,4.26459e-05
709,76522.9,0.82314,0.41558,0.80967,0,0,0,0,0,0,0.10843,0.0018,0.00021,0,0,0,0,0,0,0,0,0,0,0,0,0,0,0.51355,0.128,0,0,0.46674,0.06173,0.41318,0.46745,0.8696,0.79431,0.85207,0.5726,1.15362,0.54756,0.84997,0,0,0,0,0,0,0,0,0,0,0,0,0,0,0,0,0,0,0,0,0,0,0,0,0,0,0,0,0,0,0,0.5726,0.000125866,4.19552e-05,0.000125866,4.19552e-05,0.000125866,4.19552e-05,0.000125866,4.19552e-05
710,76656.2,0.82234,0.41473,0.80885,0,0,0,0,0,0,0.10409,0.0018,0.00021,0,0,0,0,0,0,0,0,0,0,0,0,0,0,0.5109,0.12739,0,0,0.46671,0.0617,0.41426,0.46742,0.86892,0.79488,0.85263,0.57248,1.15398,0.54737,0.85,0,0,0,0,0,0,0,0,0,0,0,0,0,0,0,0,0,0,0,0,0,0,0,0,0,0,0,0,0,0,0,0.57248,0.000123815,4.12717e-05,0.000123815,4.12717e-05,0.000123815,4.12717e-05,0.000123815,4.12717e-05
711,76797.1,0.82154,0.4138,0.80616,0,0,0,0,0,0,0.10648,0.0018,0.00027,0,0,0,0,0,0,0,0,0,0,0,0,0,0,0.51081,0.12805,0,0,0.46676,0.06185,0.41433,0.46746,0.8694,0.79449,0.85224,0.57242,1.15399,0.54746,0.85001,0,0,0,0,0,0,0,0,0,0,0,0,0,0,0,0,0,0,0,0,0,0,0,0,0,0,0,0,0,0,0,0.57242,0.000121786,4.05953e-05,0.000121786,4.05953e-05,0.000121786,4.05953e-05,0.000121786,4.05953e-05
712,76938.8,0.82645,0.41569,0.80963,0,0,0,0,0,0,0.1041,0.0018,0.00021,1e-05,0,0,0,0,0,0,0,0,0,0,0,0,0,0.50705,0.12745,0,0,0.46666,0.06167,0.41305,0.46737,0.86916,0.79488,0.85236,0.57236,1.1536,0.54723,0.84994,0,0,0,0,0,0,0,0,0,0,0,0,0,0,0,0,0,0,0,0,0,0,0,0,0,0,0,0,0,0,0,0.57236,0.000119778,3.99261e-05,0.000119778,3.99261e-05,0.000119778,3.99261e-05,0.000119778,3.99261e-05
713,77067,0.82793,0.41778,0.8082,0,0,0,0,0,0,0.10271,0.00179,0.00027,1e-05,0,0,0,0,0,0,0,0,0,0,0,0,0,0.50706,0.12691,0,0,0.46675,0.06169,0.41356,0.46746,0.86924,0.79459,0.85266,0.57278,1.15346,0.54749,0.84994,0,0,0,0,0,0,0,0,0,0,0,0,0,0,0,0,0,0,0,0,0,0,0,0,0,0,0,0,0,0,0,0.57278,0.000117792,3.9264e-05,0.000117792,3.9264e-05,0.000117792,3.9264e-05,0.000117792,3.9264e-05
714,77214.5,0.81933,0.41401,0.80786,0,0,0,0,0,0,0.10597,0.00179,0.00022,0,0,0,0,0,0,0,0,0,0,0,0,0,0,0.51041,0.12681,0,0,0.46675,0.06173,0.41409,0.46747,0.86919,0.79505,0.85279,0.57289,1.15344,0.54751,0.84989,0,0,0,0,0,0,0,0,0,0,0,0,0,0,0,0,0,0,0,0,0,0,0,0,0,0,0,0,0,0,0,0.57289,0.000115827,3.86092e-05,0.000115827,3.86092e-05,0.000115827,3.86092e-05,0.000115827,3.86092e-05
715,77353.3,0.82481,0.41672,0.80652,0,0,0,0,0,0,0.10647,0.00179,0.00025,0,0,0,0,0,0,0,0,0,0,0,0,0,0,0.51035,0.12712,0,0,0.46676,0.06174,0.4136,0.46746,0.86954,0.79495,0.85269,0.57271,1.15348,0.54751,0.84993,0,0,0,0,0,0,0,0,0,0,0,0,0,0,0,0,0,0,0,0,0,0,0,0,0,0,0,0,0,0,0,0.57271,0.000113884,3.79615e-05,0.000113884,3.79615e-05,0.000113884,3.79615e-05,0.000113884,3.79615e-05
716,77486.1,0.82571,0.41513,0.80736,0,0,0,0,0,0,0.1062,0.00179,0.00024,0,0,0,0,0,0,0,0,0,0,0,0,0,0,0.51449,0.12765,0,0,0.46683,0.06176,0.41297,0.46755,0.86861,0.79479,0.85226,0.57244,1.15375,0.54742,0.84998,0,0,0,0,0,0,0,0,0,0,0,0,0,0,0,0,0,0,0,0,0,0,0,0,0,0,0,0,0,0,0,0.57244,0.000111963,3.7321e-05,0.000111963,3.7321e-05,0.000111963,3.7321e-05,0.000111963,3.7321e-05
717,77626.1,0.82143,0.4148,0.80747,0,0,0,0,0,0,0.10227,0.00179,0.00021,0,0,0,0,0,0,0,0,0,0,0,0,0,0,0.50915,0.12694,0,0,0.46688,0.06174,0.41331,0.4676,0.86914,0.79493,0.8524,0.57264,1.15357,0.54765,0.8499,0,0,0,0,0,0,0,0,0,0,0,0,0,0,0,0,0,0,0,0,0,0,0,0,0,0,0,0,0,0,0,0.57264,0.000110063,3.66877e-05,0.000110063,3.66877e-05,0.000110063,3.66877e-05,0.000110063,3.66877e-05
718,77768,0.82669,0.41712,0.80729,0,0,0,0,0,0,0.10459,0.0018,0.00027,0,0,0,0,0,0,0,0,0,0,0,0,0,0,0.51419,0.12731,0,0,0.46674,0.06172,0.41354,0.46745,0.86935,0.79483,0.8523,0.57255,1.15391,0.54744,0.84994,0,0,0,0,0,0,0,0,0,0,0,0,0,0,0,0,0,0,0,0,0,0,0,0,0,0,0,0,0,0,0,0.57255,0.000108185,3.60617e-05,0.000108185,3.60617e-05,0.000108185,3.60617e-05,0.000108185,3.60617e-05
719,77899.5,0.82548,0.4148,0.80762,0,0,0,0,0,0,0.10636,0.0018,0.00019,0,0,0,0,0,0,0,0,0,0,0,0,0,0,0.51204,0.12767,0,0,0.46673,0.0617,0.4136,0.46745,0.868,0.79479,0.8523,0.57258,1.15393,0.54746,0.84997,0,0,0,0,0,0,0,0,0,0,0,0,0,0,0,0,0,0,0,0,0,0,0,0,0,0,0,0,0,0,0,0.57258,0.000106329,3.54429e-05,0.000106329,3.54429e-05,0.000106329,3.54429e-05,0.000106329,3.54429e-05
720,78028.3,0.82271,0.41298,0.80675,0,0,0,0,0,0,0.10463,0.00179,0.00027,1e-05,0,0,0,0,0,0,0,0,0,0,0,0,0,0.51993,0.12751,0,0,0.46676,0.06176,0.414,0.46746,0.86913,0.7946,0.85271,0.57246,1.1536,0.54739,0.84997,0,0,0,0,0,0,0,0,0,0,0,0,0,0,0,0,0,0,0,0,0,0,0,0,0,0,0,0,0,0,0,0.57246,0.000104494,3.48313e-05,0.000104494,3.48313e-05,0.000104494,3.48313e-05,0.000104494,3.48313e-05
721,78159.9,0.81896,0.41445,0.80572,0,0,0,0,0,0,0.1057,0.0018,0.0002,0,0,0,0,0,0,0,0,0,0,0,0,0,0,0.51291,0.12722,0,0,0.46674,0.06174,0.41414,0.46746,0.86893,0.79505,0.85269,0.57218,1.15351,0.54715,0.84996,0,0,0,0,0,0,0,0,0,0,0,0,0,0,0,0,0,0,0,0,0,0,0,0,0,0,0,0,0,0,0,0.57218,0.000102681,3.4227e-05,0.000102681,3.4227e-05,0.000102681,3.4227e-05,0.000102681,3.4227e-05
722,78281.5,0.82302,0.41632,0.80778,0,0,0,0,0,0,0.10581,0.00179,0.00022,0,0,0,0,0,0,0,0,0,0,0,0,0,0,0.5117,0.12697,0,0,0.4668,0.06181,0.41348,0.4675,0.86868,0.79472,0.85228,0.57216,1.15383,0.54713,0.84999,0,0,0,0,0,0,0,0,0,0,0,0,0,0,0,0,0,0,0,0,0,0,0,0,0,0,0,0,0,0,0,0.57216,0.00010089,3.363e-05,0.00010089,3.363e-05,0.00010089,3.363e-05,0.00010089,3.363e-05
723,78400.1,0.82094,0.41322,0.80788,0,0,0,0,0,0,0.10381,0.00179,0.0002,1e-05,0,0,0,0,0,0,0,0,0,0,0,0,0,0.51273,0.127,0,0,0.46675,0.06178,0.41366,0.46746,0.86937,0.79519,0.85293,0.57236,1.15357,0.54727,0.85002,0,0,0,0,0,0,0,0,0,0,0,0,0,0,0,0,0,0,0,0,0,0,0,0,0,0,0,0,0,0,0,0.57236,9.91206e-05,3.30402e-05,9.91206e-05,3.30402e-05,9.91206e-05,3.30402e-05,9.91206e-05,3.30402e-05
724,78512.8,0.82045,0.41381,0.80715,0,0,0,0,0,0,0.10573,0.00178,0.00026,0,0,0,0,0,0,0,0,0,0,0,0,0,0,0.5158,0.12685,0,0,0.46672,0.06165,0.41407,0.46742,0.86939,0.79472,0.85277,0.5723,1.15352,0.54716,0.85,0,0,0,0,0,0,0,0,0,0,0,0,0,0,0,0,0,0,0,0,0,0,0,0,0,0,0,0,0,0,0,0.5723,9.7373e-05,3.24577e-05,9.7373e-05,3.24577e-05,9.7373e-05,3.24577e-05,9.7373e-05,3.24577e-05
725,78613.3,0.82438,0.41364,0.80646,0,0,0,0,0,0,0.10453,0.00178,0.0002,0,0,0,0,0,0,0,0,0,0,0,0,0,0,0.51093,0.12719,0,0,0.46676,0.06165,0.41314,0.46747,0.8694,0.79467,0.8526,0.57264,1.15367,0.5473,0.84999,0,0,0,0,0,0,0,0,0,0,0,0,0,0,0,0,0,0,0,0,0,0,0,0,0,0,0,0,0,0,0,0.57264,9.56474e-05,3.18825e-05,9.56474e-05,3.18825e-05,9.56474e-05,3.18825e-05,9.56474e-05,3.18825e-05
726,78719.8,0.82331,0.41572,0.80618,0,0,0,0,0,0,0.10223,0.00179,0.00028,0,0,0,0,0,0,0,0,0,0,0,0,0,0,0.51445,0.12728,0,0,0.46678,0.06179,0.41287,0.4675,0.86914,0.79486,0.85235,0.57244,1.15329,0.54704,0.84989,0,0,0,0,0,0,0,0,0,0,0,0,0,0,0,0,0,0,0,0,0,0,0,0,0,0,0,0,0,0,0,0.57244,9.39436e-05,3.13145e-05,9.39436e-05,3.13145e-05,9.39436e-05,3.13145e-05,9.39436e-05,3.13145e-05
727,78825,0.8197,0.41451,0.80857,0,0,0,0,0,0,0.10553,0.0018,0.00023,1e-05,0,0,0,0,0,0,0,0,0,0,0,0,0,0.5211,0.12708,0,0,0.46674,0.06173,0.41364,0.46745,0.86908,0.79425,0.85182,0.5723,1.15334,0.54694,0.84993,0,0,0,0,0,0,0,0,0,0,0,0,0,0,0,0,0,0,0,0,0,0,0,0,0,0,0,0,0,0,0,0.5723,9.22617e-05,3.07539e-05,9.22617e-05,3.07539e-05,9.22617e-05,3.07539e-05,9.22617e-05,3.07539e-05
728,78930.8,0.82255,0.41484,0.80703,0,0,0,0,0,0,0.10375,0.00178,0.0002,0,0,0,0,0,0,0,0,0,0,0,0,0,0,0.51888,0.1274,0,0,0.46681,0.06172,0.41358,0.46752,0.8698,0.79457,0.85253,0.57275,1.15345,0.5467,0.84999,0,0,0,0,0,0,0,0,0,0,0,0,0,0,0,0,0,0,0,0,0,0,0,0,0,0,0,0,0,0,0,0.57275,9.06018e-05,3.02006e-05,9.06018e-05,3.02006e-05,9.06018e-05,3.02006e-05,9.06018e-05,3.02006e-05
729,79030.1,0.82369,0.41409,0.80738,0,0,0,0,0,0,0.10781,0.00179,0.0002,0,0,0,0,0,0,0,0,0,0,0,0,0,0,0.5155,0.12755,0,0,0.46679,0.06172,0.41371,0.46749,0.86993,0.7943,0.85227,0.57251,1.15417,0.547,0.85003,0,0,0,0,0,0,0,0,0,0,0,0,0,0,0,0,0,0,0,0,0,0,0,0,0,0,0,0,0,0,0,0.57251,8.89639e-05,2.96546e-05,8.89639e-05,2.96546e-05,8.89639e-05,2.96546e-05,8.89639e-05,2.96546e-05
730,79135.7,0.81366,0.41093,0.80781,0,0,0,0,0,0,0.10587,0.00179,0.00029,0,0,0,0,0,0,0,0,0,0,0,0,0,0,0.5206,0.12692,0,0,0.46679,0.06173,0.41404,0.4675,0.86873,0.79509,0.85221,0.57255,1.15466,0.54714,0.85007,0,0,0,0,0,0,0,0,0,0,0,0,0,0,0,0,0,0,0,0,0,0,0,0,0,0,0,0,0,0,0,0.57255,8.73479e-05,2.9116e-05,8.73479e-05,2.9116e-05,8.73479e-05,2.9116e-05,8.73479e-05,2.9116e-05
731,79240.2,0.82176,0.41434,0.80854,0,0,0,0,0,0,0.10476,0.00179,0.00019,0,0,0,0,0,0,0,0,0,0,0,0,0,0,0.51185,0.12618,0,0,0.46677,0.06175,0.4136,0.46742,0.8683,0.79485,0.85198,0.57273,1.15404,0.54687,0.85005,0,0,0,0,0,0,0,0,0,0,0,0,0,0,0,0,0,0,0,0,0,0,0,0,0,0,0,0,0,0,0,0.57273,8.5754e-05,2.85847e-05,8.5754e-05,2.85847e-05,8.5754e-05,2.85847e-05,8.5754e-05,2.85847e-05
732,79344.9,0.82451,0.41524,0.80859,0,0,0,0,0,0,0.10604,0.00179,0.00023,0,0,0,0,0,0,0,0,0,0,0,0,0,0,0.50904,0.12639,0,0,0.46678,0.06172,0.41387,0.46749,0.86862,0.79472,0.85194,0.57265,1.1541,0.54702,0.85002,0,0,0,0,0,0,0,0,0,0,0,0,0,0,0,0,0,0,0,0,0,0,0,0,0,0,0,0,0,0,0,0.57265,8.41821e-05,2.80607e-05,8.41821e-05,2.80607e-05,8.41821e-05,2.80607e-05,8.41821e-05,2.80607e-05
733,79444.3,0.81816,0.41298,0.8061,0,0,0,0,0,0,0.10467,0.00179,0.0002,0,0,0,0,0,0,0,0,0,0,0,0,0,0,0.51621,0.12625,0,0,0.46672,0.06179,0.41354,0.46742,0.87021,0.79376,0.85171,0.57258,1.15397,0.54694,0.85,0,0,0,0,0,0,0,0,0,0,0,0,0,0,0,0,0,0,0,0,0,0,0,0,0,0,0,0,0,0,0,0.57258,8.26322e-05,2.75441e-05,8.26322e-05,2.75441e-05,8.26322e-05,2.75441e-05,8.26322e-05,2.75441e-05
734,79550.4,0.81616,0.41206,0.80694,0,0,0,0,0,0,0.10557,0.00179,0.00021,0,0,0,0,0,0,0,0,0,0,0,0,0,0,0.51254,0.12601,0,0,0.46677,0.06176,0.41318,0.46742,0.87003,0.79419,0.85205,0.57276,1.15377,0.5468,0.84998,0,0,0,0,0,0,0,0,0,0,0,0,0,0,0,0,0,0,0,0,0,0,0,0,0,0,0,0,0,0,0,0.57276,8.11045e-05,2.70348e-05,8.11045e-05,2.70348e-05,8.11045e-05,2.70348e-05,8.11045e-05,2.70348e-05
735,79654.9,0.81582,0.41324,0.8081,0,0,0,0,0,0,0.10598,0.00179,0.00021,0,0,0,0,0,0,0,0,0,0,0,0,0,0,0.51606,0.1264,0,0,0.46677,0.06175,0.41383,0.46748,0.87032,0.79419,0.8522,0.57285,1.1537,0.54672,0.85003,0,0,0,0,0,0,0,0,0,0,0,0,0,0,0,0,0,0,0,0,0,0,0,0,0,0,0,0,0,0,0,0.57285,7.95988e-05,2.65329e-05,7.95988e-05,2.65329e-05,7.95988e-05,2.65329e-05,7.95988e-05,2.65329e-05
736,79760,0.82237,0.41252,0.80802,0,0,0,0,0,0,0.1037,0.00179,0.00022,0,0,0,0,0,0,0,0,0,0,0,0,0,0,0.50554,0.12624,0,0,0.46669,0.06173,0.41446,0.46738,0.87037,0.79378,0.85194,0.57268,1.15349,0.54649,0.84996,0,0,0,0,0,0,0,0,0,0,0,0,0,0,0,0,0,0,0,0,0,0,0,0,0,0,0,0,0,0,0,0.57268,7.81153e-05,2.60384e-05,7.81153e-05,2.60384e-05,7.81153e-05,2.60384e-05,7.81153e-05,2.60384e-05
737,79859.3,0.82001,0.4131,0.80812,0,0,0,0,0,0,0.10466,0.00179,0.00027,0,0,0,0,0,0,0,0,0,0,0,0,0,0,0.50765,0.12646,0,0,0.46685,0.06175,0.41323,0.46757,0.87116,0.79341,0.85201,0.57296,1.15315,0.54626,0.8499,0,0,0,0,0,0,0,0,0,0,0,0,0,0,0,0,0,0,0,0,0,0,0,0,0,0,0,0,0,0,0,0.57296,7.6654e-05,2.55513e-05,7.6654e-05,2.55513e-05,7.6654e-05,2.55513e-05,7.6654e-05,2.55513e-05
738,79965,0.81786,0.41295,0.80707,0,0,0,0,0,0,0.10313,0.00179,0.00023,0,0,0,0,0,0,0,0,0,0,0,0,0,0,0.51064,0.12659,0,0,0.46677,0.06173,0.41327,0.46748,0.8705,0.79366,0.85199,0.57295,1.1531,0.54627,0.84986,0,0,0,0,0,0,0,0,0,0,0,0,0,0,0,0,0,0,0,0,0,0,0,0,0,0,0,0,0,0,0,0.57295,7.52148e-05,2.50716e-05,7.52148e-05,2.50716e-05,7.52148e-05,2.50716e-05,7.52148e-05,2.50716e-05
739,80070.3,0.82294,0.41408,0.80751,0,0,0,0,0,0,0.10605,0.0018,0.00022,4e-05,0,0,0,0,0,0,0,0,0,0,0,0,0,0.50648,0.12619,0,0,0.46672,0.06176,0.41414,0.46743,0.86998,0.79368,0.85182,0.57293,1.15286,0.54648,0.84982,0,0,0,0,0,0,0,0,0,0,0,0,0,0,0,0,0,0,0,0,0,0,0,0,0,0,0,0,0,0,0,0.57293,7.37979e-05,2.45993e-05,7.37979e-05,2.45993e-05,7.37979e-05,2.45993e-05,7.37979e-05,2.45993e-05
740,80175,0.82108,0.4141,0.80787,0,0,0,0,0,0,0.10306,0.0018,0.00027,0,0,0,0,0,0,0,0,0,0,0,0,0,0,0.51012,0.12624,0,0,0.46676,0.06173,0.41408,0.46747,0.87094,0.7933,0.85225,0.57303,1.15258,0.54616,0.84979,0,0,0,0,0,0,0,0,0,0,0,0,0,0,0,0,0,0,0,0,0,0,0,0,0,0,0,0,0,0,0,0.57303,7.24032e-05,2.41344e-05,7.24032e-05,2.41344e-05,7.24032e-05,2.41344e-05,7.24032e-05,2.41344e-05
741,80274.5,0.81995,0.41376,0.80623,0,0,0,0,0,0,0.1065,0.00179,0.00026,0,0,0,0,0,0,0,0,0,0,0,0,0,0,0.50437,0.1266,0,0,0.46679,0.06182,0.41371,0.46749,0.86985,0.79378,0.852,0.57321,1.15173,0.54604,0.84967,0,0,0,0,0,0,0,0,0,0,0,0,0,0,0,0,0,0,0,0,0,0,0,0,0,0,0,0,0,0,0,0.57321,7.10307e-05,2.36769e-05,7.10307e-05,2.36769e-05,7.10307e-05,2.36769e-05,7.10307e-05,2.36769e-05
742,80380.2,0.82122,0.41285,0.80628,0,0,0,0,0,0,0.10419,0.0018,0.00025,1e-05,0,0,0,0,0,0,0,0,0,0,0,0,0,0.50807,0.12698,0,0,0.46671,0.06176,0.41357,0.46741,0.87046,0.79345,0.85194,0.57301,1.15193,0.54619,0.84969,0,0,0,0,0,0,0,0,0,0,0,0,0,0,0,0,0,0,0,0,0,0,0,0,0,0,0,0,0,0,0,0.57301,6.96804e-05,2.32268e-05,6.96804e-05,2.32268e-05,6.96804e-05,2.32268e-05,6.96804e-05,2.32268e-05
743,80485.6,0.81517,0.41187,0.80648,0,0,0,0,0,0,0.10519,0.00179,0.00028,0,0,0,0,0,0,0,0,0,0,0,0,0,0,0.50626,0.12665,0,0,0.46679,0.06185,0.41326,0.46749,0.8699,0.7935,0.85212,0.57315,1.15186,0.5461,0.84967,0,0,0,0,0,0,0,0,0,0,0,0,0,0,0,0,0,0,0,0,0,0,0,0,0,0,0,0,0,0,0,0.57315,6.83525e-05,2.27842e-05,6.83525e-05,2.27842e-05,6.83525e-05,2.27842e-05,6.83525e-05,2.27842e-05
744,80590.4,0.82167,0.41453,0.80878,0,0,0,0,0,0,0.10754,0.00179,0.0002,0,0,0,0,0,0,0,0,0,0,0,0,0,0,0.50825,0.12608,0,0,0.46677,0.06177,0.41377,0.46747,0.86958,0.79372,0.852,0.57317,1.15179,0.54601,0.84968,0,0,0,0,0,0,0,0,0,0,0,0,0,0,0,0,0,0,0,0,0,0,0,0,0,0,0,0,0,0,0,0.57317,6.70469e-05,2.2349e-05,6.70469e-05,2.2349e-05,6.70469e-05,2.2349e-05,6.70469e-05,2.2349e-05
745,80689.9,0.8182,0.41277,0.8073,0,0,0,0,0,0,0.10386,0.00179,0.0002,0,0,0,0,0,0,0,0,0,0,0,0,0,0,0.50615,0.12509,0,0,0.4668,0.06169,0.41401,0.4675,0.87005,0.79419,0.85212,0.57334,1.15187,0.54599,0.84967,0,0,0,0,0,0,0,0,0,0,0,0,0,0,0,0,0,0,0,0,0,0,0,0,0,0,0,0,0,0,0,0.57334,6.57636e-05,2.19212e-05,6.57636e-05,2.19212e-05,6.57636e-05,2.19212e-05,6.57636e-05,2.19212e-05
746,80796.2,0.81886,0.41403,0.8069,0,0,0,0,0,0,0.10615,0.00179,0.00023,0,0,0,0,0,0,0,0,0,0,0,0,0,0,0.50515,0.12506,0,0,0.46676,0.06175,0.41393,0.46747,0.87155,0.79393,0.85226,0.57331,1.15185,0.54577,0.84969,0,0,0,0,0,0,0,0,0,0,0,0,0,0,0,0,0,0,0,0,0,0,0,0,0,0,0,0,0,0,0,0.57331,6.45027e-05,2.15009e-05,6.45027e-05,2.15009e-05,6.45027e-05,2.15009e-05,6.45027e-05,2.15009e-05
747,80901.3,0.82193,0.41537,0.80761,0,0,0,0,0,0,0.10297,0.00179,0.00025,0,0,0,0,0,0,0,0,0,0,0,0,0,0,0.50828,0.1249,0,0,0.46674,0.06169,0.41429,0.46745,0.87133,0.7938,0.85235,0.57323,1.15152,0.54573,0.84969,0,0,0,0,0,0,0,0,0,0,0,0,0,0,0,0,0,0,0,0,0,0,0,0,0,0,0,0,0,0,0,0.57323,6.32641e-05,2.1088e-05,6.32641e-05,2.1088e-05,6.32641e-05,2.1088e-05,6.32641e-05,2.1088e-05
748,81006,0.82226,0.41571,0.8078,0,0,0,0,0,0,0.10382,0.00179,0.00023,2e-05,0,0,0,0,0,0,0,0,0,0,0,0,0,0.50632,0.12508,0,0,0.46678,0.06175,0.41368,0.46748,0.87104,0.79436,0.8523,0.57333,1.15157,0.54566,0.84971,0,0,0,0,0,0,0,0,0,0,0,0,0,0,0,0,0,0,0,0,0,0,0,0,0,0,0,0,0,0,0,0.57333,6.20479e-05,2.06826e-05,6.20479e-05,2.06826e-05,6.20479e-05,2.06826e-05,6.20479e-05,2.06826e-05
749,81105.1,0.81779,0.41387,0.80839,0,0,0,0,0,0,0.10522,0.00179,0.0002,0,0,0,0,0,0,0,0,0,0,0,0,0,0,0.50835,0.12495,0,0,0.46671,0.06176,0.41235,0.46743,0.87148,0.79363,0.85256,0.57323,1.15186,0.54571,0.84971,0,0,0,0,0,0,0,0,0,0,0,0,0,0,0,0,0,0,0,0,0,0,0,0,0,0,0,0,0,0,0,0.57323,6.08541e-05,2.02847e-05,6.08541e-05,2.02847e-05,6.08541e-05,2.02847e-05,6.08541e-05,2.02847e-05
750,81211.2,0.82241,0.41401,0.80736,0,0,0,0,0,0,0.10754,0.00179,0.0002,0,0,0,0,0,0,0,0,0,0,0,0,0,0,0.51152,0.12517,0,0,0.46678,0.06169,0.41417,0.46749,0.87266,0.793,0.85225,0.57331,1.1518,0.54564,0.84971,0,0,0,0,0,0,0,0,0,0,0,0,0,0,0,0,0,0,0,0,0,0,0,0,0,0,0,0,0,0,0,0.57331,5.96828e-05,1.98943e-05,5.96828e-05,1.98943e-05,5.96828e-05,1.98943e-05,5.96828e-05,1.98943e-05
751,81315.6,0.81777,0.4135,0.806,0,0,0,0,0,0,0.10656,0.00179,0.0002,0,0,0,0,0,0,0,0,0,0,0,0,0,0,0.51196,0.12495,0,0,0.46675,0.06172,0.4147,0.46746,0.86974,0.79528,0.85213,0.57332,1.15202,0.54585,0.84974,0,0,0,0,0,0,0,0,0,0,0,0,0,0,0,0,0,0,0,0,0,0,0,0,0,0,0,0,0,0,0,0.57332,5.85339e-05,1.95113e-05,5.85339e-05,1.95113e-05,5.85339e-05,1.95113e-05,5.85339e-05,1.95113e-05
752,81420.8,0.81641,0.41181,0.80819,0,0,0,0,0,0,0.1045,0.00178,0.00019,0,0,0,0,0,0,0,0,0,0,0,0,0,0,0.50924,0.12502,0,0,0.46678,0.06182,0.41339,0.4675,0.87214,0.79356,0.85199,0.5732,1.15199,0.54589,0.84971,0,0,0,0,0,0,0,0,0,0,0,0,0,0,0,0,0,0,0,0,0,0,0,0,0,0,0,0,0,0,0,0.5732,5.74074e-05,1.91358e-05,5.74074e-05,1.91358e-05,5.74074e-05,1.91358e-05,5.74074e-05,1.91358e-05
753,81519.5,0.81532,0.41214,0.80887,0,0,0,0,0,0,0.10566,0.00179,0.00026,0,0,0,0,0,0,0,0,0,0,0,0,0,0,0.50804,0.12502,0,0,0.46675,0.06169,0.41392,0.46746,0.87235,0.79204,0.85192,0.5731,1.15218,0.54596,0.84975,0,0,0,0,0,0,0,0,0,0,0,0,0,0,0,0,0,0,0,0,0,0,0,0,0,0,0,0,0,0,0,0.5731,5.63034e-05,1.87678e-05,5.63034e-05,1.87678e-05,5.63034e-05,1.87678e-05,5.63034e-05,1.87678e-05
754,81625.5,0.81589,0.41284,0.80471,0,0,0,0,0,0,0.10652,0.00179,0.00028,0,0,0,0,0,0,0,0,0,0,0,0,0,0,0.50614,0.12516,0,0,0.46683,0.06178,0.41367,0.46754,0.87267,0.79217,0.85184,0.57312,1.15245,0.54612,0.8498,0,0,0,0,0,0,0,0,0,0,0,0,0,0,0,0,0,0,0,0,0,0,0,0,0,0,0,0,0,0,0,0.57312,5.5222e-05,1.84073e-05,5.5222e-05,1.84073e-05,5.5222e-05,1.84073e-05,5.5222e-05,1.84073e-05
755,81730.3,0.8167,0.41201,0.80598,0,0,0,0,0,0,0.10423,0.0018,0.00019,2e-05,0,0,0,0,0,0,0,0,0,0,0,0,0,0.50874,0.1254,0,0,0.46669,0.06176,0.41357,0.46737,0.8721,0.79312,0.85203,0.57313,1.15235,0.54599,0.84979,0,0,0,0,0,0,0,0,0,0,0,0,0,0,0,0,0,0,0,0,0,0,0,0,0,0,0,0,0,0,0,0.57313,5.4163e-05,1.80543e-05,5.4163e-05,1.80543e-05,5.4163e-05,1.80543e-05,5.4163e-05,1.80543e-05
756,81834.8,0.81855,0.41433,0.80574,0,0,0,0,0,0,0.10444,0.00179,0.00021,0,0,0,0,0,0,0,0,0,0,0,0,0,0,0.50926,0.12559,0,0,0.46677,0.06182,0.41346,0.46748,0.87223,0.79246,0.85176,0.57293,1.15249,0.54598,0.8498,0,0,0,0,0,0,0,0,0,0,0,0,0,0,0,0,0,0,0,0,0,0,0,0,0,0,0,0,0,0,0,0.57293,5.31265e-05,1.77088e-05,5.31265e-05,1.77088e-05,5.31265e-05,1.77088e-05,5.31265e-05,1.77088e-05
757,81934.6,0.82069,0.41497,0.80675,0,0,0,0,0,0,0.10492,0.00179,0.00022,0,0,0,0,0,0,0,0,0,0,0,0,0,0,0.50667,0.12548,0,0,0.46675,0.06174,0.41328,0.46747,0.87264,0.79301,0.85196,0.57293,1.15291,0.54623,0.84985,0,0,0,0,0,0,0,0,0,0,0,0,0,0,0,0,0,0,0,0,0,0,0,0,0,0,0,0,0,0,0,0.57293,5.21127e-05,1.73709e-05,5.21127e-05,1.73709e-05,5.21127e-05,1.73709e-05,5.21127e-05,1.73709e-05
758,82039.4,0.82071,0.41409,0.80868,0,0,0,0,0,0,0.10572,0.00178,0.00027,3e-05,0,0,0,0,0,0,0,0,0,0,0,0,0,0.50814,0.12546,0,0,0.46683,0.06172,0.41339,0.46755,0.87182,0.79331,0.85175,0.57298,1.15273,0.54647,0.84982,0,0,0,0,0,0,0,0,0,0,0,0,0,0,0,0,0,0,0,0,0,0,0,0,0,0,0,0,0,0,0,0.57298,5.11213e-05,1.70404e-05,5.11213e-05,1.70404e-05,5.11213e-05,1.70404e-05,5.11213e-05,1.70404e-05
759,82144.3,0.81953,0.41325,0.80668,0,0,0,0,0,0,0.10321,0.00178,0.0002,0,0,0,0,0,0,0,0,0,0,0,0,0,0,0.50937,0.12541,0,0,0.46681,0.06178,0.41352,0.46751,0.87207,0.79317,0.85199,0.57304,1.15279,0.5465,0.84985,0,0,0,0,0,0,0,0,0,0,0,0,0,0,0,0,0,0,0,0,0,0,0,0,0,0,0,0,0,0,0,0.57304,5.01526e-05,1.67175e-05,5.01526e-05,1.67175e-05,5.01526e-05,1.67175e-05,5.01526e-05,1.67175e-05
760,82248.7,0.81569,0.41358,0.80648,0,0,0,0,0,0,0.10471,0.00178,0.00028,2e-05,0,0,0,0,0,0,0,0,0,0,0,0,0,0.50834,0.12534,0,0,0.46672,0.06165,0.41329,0.46744,0.87199,0.7929,0.85197,0.573,1.15279,0.54642,0.84983,0,0,0,0,0,0,0,0,0,0,0,0,0,0,0,0,0,0,0,0,0,0,0,0,0,0,0,0,0,0,0,0.573,4.92064e-05,1.64021e-05,4.92064e-05,1.64021e-05,4.92064e-05,1.64021e-05,4.92064e-05,1.64021e-05
761,82349.9,0.81364,0.41212,0.80796,0,0,0,0,0,0,0.10717,0.00179,0.00027,1e-05,0,0,0,0,0,0,0,0,0,0,0,0,0,0.50886,0.12585,0,0,0.4667,0.06169,0.41407,0.4674,0.8726,0.79192,0.85158,0.57268,1.1527,0.54644,0.84985,0,0,0,0,0,0,0,0,0,0,0,0,0,0,0,0,0,0,0,0,0,0,0,0,0,0,0,0,0,0,0,0.57268,4.82828e-05,1.60943e-05,4.82828e-05,1.60943e-05,4.82828e-05,1.60943e-05,4.82828e-05,1.60943e-05
762,82453,0.81568,0.41238,0.80758,0,0,0,0,0,0,0.10333,0.00179,0.00028,0,0,0,0,0,0,0,0,0,0,0,0,0,0,0.511,0.12581,0,0,0.46682,0.06178,0.41428,0.46753,0.87202,0.79321,0.85197,0.57283,1.15273,0.54629,0.84989,0,0,0,0,0,0,0,0,0,0,0,0,0,0,0,0,0,0,0,0,0,0,0,0,0,0,0,0,0,0,0,0.57283,4.73819e-05,1.5794e-05,4.73819e-05,1.5794e-05,4.73819e-05,1.5794e-05,4.73819e-05,1.5794e-05
763,82558.3,0.81397,0.41336,0.80684,0,0,0,0,0,0,0.10325,0.00179,0.0002,1e-05,0,0,0,0,0,0,0,0,0,0,0,0,0,0.51179,0.12575,0,0,0.46677,0.06176,0.4138,0.4674,0.87238,0.79257,0.85191,0.57277,1.1528,0.54635,0.84988,0,0,0,0,0,0,0,0,0,0,0,0,0,0,0,0,0,0,0,0,0,0,0,0,0,0,0,0,0,0,0,0.57277,4.65035e-05,1.55012e-05,4.65035e-05,1.55012e-05,4.65035e-05,1.55012e-05,4.65035e-05,1.55012e-05
764,82662.9,0.81815,0.41313,0.80753,0,0,0,0,0,0,0.10377,0.00178,0.0003,1e-05,0,0,0,0,0,0,0,0,0,0,0,0,0,0.50755,0.12577,0,0,0.46677,0.06172,0.41422,0.46748,0.87248,0.79307,0.85201,0.57265,1.15231,0.54613,0.84981,0,0,0,0,0,0,0,0,0,0,0,0,0,0,0,0,0,0,0,0,0,0,0,0,0,0,0,0,0,0,0,0.57265,4.56479e-05,1.5216e-05,4.56479e-05,1.5216e-05,4.56479e-05,1.5216e-05,4.56479e-05,1.5216e-05
765,82764.9,0.81593,0.41225,0.80725,0,0,0,0,0,0,0.10642,0.00179,0.00019,0,0,0,0,0,0,0,0,0,0,0,0,0,0,0.51668,0.12604,0,0,0.46678,0.06173,0.41397,0.46749,0.87161,0.79368,0.85154,0.57284,1.1519,0.54617,0.84975,0,0,0,0,0,0,0,0,0,0,0,0,0,0,0,0,0,0,0,0,0,0,0,0,0,0,0,0,0,0,0,0.57284,4.48149e-05,1.49383e-05,4.48149e-05,1.49383e-05,4.48149e-05,1.49383e-05,4.48149e-05,1.49383e-05
766,82865.7,0.82447,0.41525,0.80757,0,0,0,0,0,0,0.10404,0.00179,0.0002,0,0,0,0,0,0,0,0,0,0,0,0,0,0,0.51361,0.12634,0,0,0.46678,0.06185,0.4139,0.46749,0.87064,0.79302,0.85134,0.57288,1.15187,0.54607,0.84977,0,0,0,0,0,0,0,0,0,0,0,0,0,0,0,0,0,0,0,0,0,0,0,0,0,0,0,0,0,0,0,0.57288,4.40045e-05,1.46682e-05,4.40045e-05,1.46682e-05,4.40045e-05,1.46682e-05,4.40045e-05,1.46682e-05
767,82970.4,0.8133,0.41267,0.80833,0,0,0,0,0,0,0.1045,0.0018,0.00021,0,0,0,0,0,0,0,0,0,0,0,0,0,0,0.51468,0.1265,0,0,0.46678,0.06174,0.41353,0.46748,0.87226,0.79322,0.85173,0.57285,1.1519,0.54609,0.84975,0,0,0,0,0,0,0,0,0,0,0,0,0,0,0,0,0,0,0,0,0,0,0,0,0,0,0,0,0,0,0,0.57285,4.32169e-05,1.44056e-05,4.32169e-05,1.44056e-05,4.32169e-05,1.44056e-05,4.32169e-05,1.44056e-05
768,83075.6,0.81878,0.41274,0.80879,0,0,0,0,0,0,0.10406,0.00179,0.00025,0,0,0,0,0,0,0,0,0,0,0,0,0,0,0.51416,0.12614,0,0,0.46675,0.06172,0.41369,0.46745,0.87224,0.7929,0.85185,0.57284,1.15163,0.54585,0.84971,0,0,0,0,0,0,0,0,0,0,0,0,0,0,0,0,0,0,0,0,0,0,0,0,0,0,0,0,0,0,0,0.57284,4.24519e-05,1.41506e-05,4.24519e-05,1.41506e-05,4.24519e-05,1.41506e-05,4.24519e-05,1.41506e-05
769,83177.2,0.82146,0.4143,0.80758,0,0,0,0,0,0,0.10399,0.00179,0.00027,0,0,0,0,0,0,0,0,0,0,0,0,0,0,0.51421,0.12625,0,0,0.46684,0.06174,0.41349,0.46755,0.87221,0.79327,0.85182,0.57301,1.15168,0.54592,0.84977,0,0,0,0,0,0,0,0,0,0,0,0,0,0,0,0,0,0,0,0,0,0,0,0,0,0,0,0,0,0,0,0.57301,4.17097e-05,1.39032e-05,4.17097e-05,1.39032e-05,4.17097e-05,1.39032e-05,4.17097e-05,1.39032e-05
770,83278.2,0.81924,0.41244,0.80771,0,0,0,0,0,0,0.10308,0.00178,0.00023,0,0,0,0,0,0,0,0,0,0,0,0,0,0,0.51616,0.12595,0,0,0.4668,0.06183,0.41348,0.46751,0.87244,0.79312,0.85189,0.57292,1.15158,0.54585,0.84975,0,0,0,0,0,0,0,0,0,0,0,0,0,0,0,0,0,0,0,0,0,0,0,0,0,0,0,0,0,0,0,0.57292,4.09901e-05,1.36634e-05,4.09901e-05,1.36634e-05,4.09901e-05,1.36634e-05,4.09901e-05,1.36634e-05
771,83383.2,0.81559,0.41293,0.80623,0,0,0,0,0,0,0.10204,0.00178,0.0003,0,0,0,0,0,0,0,0,0,0,0,0,0,0,0.51052,0.12592,0,0,0.46677,0.0618,0.41336,0.46747,0.87239,0.79236,0.85199,0.57297,1.15148,0.54565,0.84975,0,0,0,0,0,0,0,0,0,0,0,0,0,0,0,0,0,0,0,0,0,0,0,0,0,0,0,0,0,0,0,0.57297,4.02933e-05,1.34311e-05,4.02933e-05,1.34311e-05,4.02933e-05,1.34311e-05,4.02933e-05,1.34311e-05
772,83487.5,0.81788,0.41246,0.80627,0,0,0,0,0,0,0.10332,0.00179,0.0002,2e-05,0,0,0,0,0,0,0,0,0,0,0,0,0,0.50803,0.12609,0,0,0.46685,0.06179,0.41358,0.46755,0.87274,0.79238,0.85182,0.57315,1.15141,0.54574,0.84974,0,0,0,0,0,0,0,0,0,0,0,0,0,0,0,0,0,0,0,0,0,0,0,0,0,0,0,0,0,0,0,0.57315,3.96193e-05,1.32064e-05,3.96193e-05,1.32064e-05,3.96193e-05,1.32064e-05,3.96193e-05,1.32064e-05
773,83589.7,0.81781,0.4129,0.8053,0,0,0,0,0,0,0.10847,0.00179,0.00021,0,0,0,0,0,0,0,0,0,0,0,0,0,0,0.51062,0.12597,0,0,0.46676,0.06172,0.41405,0.46747,0.87247,0.79274,0.85212,0.57336,1.15203,0.54599,0.84979,0,0,0,0,0,0,0,0,0,0,0,0,0,0,0,0,0,0,0,0,0,0,0,0,0,0,0,0,0,0,0,0.57336,3.8968e-05,1.29893e-05,3.8968e-05,1.29893e-05,3.8968e-05,1.29893e-05,3.8968e-05,1.29893e-05
774,83689,0.81303,0.41241,0.80686,0,0,0,0,0,0,0.10481,0.00179,0.0002,4e-05,0,0,0,0,0,0,0,0,0,0,0,0,0,0.50895,0.12579,0,0,0.46664,0.06163,0.41309,0.4673,0.87195,0.7934,0.85153,0.57306,1.1518,0.54619,0.84979,0,0,0,0,0,0,0,0,0,0,0,0,0,0,0,0,0,0,0,0,0,0,0,0,0,0,0,0,0,0,0,0.57306,3.83394e-05,1.27798e-05,3.83394e-05,1.27798e-05,3.83394e-05,1.27798e-05,3.83394e-05,1.27798e-05
775,83794.1,0.81858,0.41352,0.80721,0,0,0,0,0,0,0.10418,0.00179,0.00023,0,0,0,0,0,0,0,0,0,0,0,0,0,0,0.51082,0.12592,0,0,0.46674,0.06178,0.41366,0.46739,0.8721,0.79315,0.85164,0.57314,1.15159,0.546,0.84972,0,0,0,0,0,0,0,0,0,0,0,0,0,0,0,0,0,0,0,0,0,0,0,0,0,0,0,0,0,0,0,0.57314,3.77337e-05,1.25779e-05,3.77337e-05,1.25779e-05,3.77337e-05,1.25779e-05,3.77337e-05,1.25779e-05
776,83897.1,0.81967,0.4152,0.80744,0,0,0,0,0,0,0.10493,0.00178,0.00028,0,0,0,0,0,0,0,0,0,0,0,0,0,0,0.51459,0.12591,0,0,0.46668,0.0617,0.41334,0.46739,0.87312,0.79246,0.85192,0.5731,1.15178,0.54602,0.84977,0,0,0,0,0,0,0,0,0,0,0,0,0,0,0,0,0,0,0,0,0,0,0,0,0,0,0,0,0,0,0,0.5731,3.71507e-05,1.23836e-05,3.71507e-05,1.23836e-05,3.71507e-05,1.23836e-05,3.71507e-05,1.23836e-05
777,84000.1,0.81422,0.41151,0.80592,0,0,0,0,0,0,0.10425,0.00179,0.00022,0,0,0,0,0,0,0,0,0,0,0,0,0,0,0.51382,0.12595,0,0,0.46674,0.06175,0.41424,0.46745,0.87245,0.79247,0.85144,0.57324,1.15139,0.54594,0.84968,0,0,0,0,0,0,0,0,0,0,0,0,0,0,0,0,0,0,0,0,0,0,0,0,0,0,0,0,0,0,0,0.57324,3.65905e-05,1.21968e-05,3.65905e-05,1.21968e-05,3.65905e-05,1.21968e-05,3.65905e-05,1.21968e-05
778,84101.9,0.81448,0.41117,0.81022,0,0,0,0,0,0,0.10324,0.00179,0.00024,4e-05,0,0,0,0,0,0,0,0,0,0,0,0,0,0.50901,0.12595,0,0,0.46671,0.06165,0.41345,0.46741,0.872,0.79281,0.85108,0.57308,1.15143,0.54567,0.84966,0,0,0,0,0,0,0,0,0,0,0,0,0,0,0,0,0,0,0,0,0,0,0,0,0,0,0,0,0,0,0,0.57308,3.60531e-05,1.20177e-05,3.60531e-05,1.20177e-05,3.60531e-05,1.20177e-05,3.60531e-05,1.20177e-05
779,84204.5,0.81952,0.41319,0.80661,0,0,0,0,0,0,0.10467,0.00178,0.00027,1e-05,0,0,0,0,0,0,0,0,0,0,0,0,0,0.50997,0.12579,0,0,0.46682,0.0618,0.41346,0.46752,0.87329,0.79249,0.85146,0.57316,1.1513,0.54585,0.84966,0,0,0,0,0,0,0,0,0,0,0,0,0,0,0,0,0,0,0,0,0,0,0,0,0,0,0,0,0,0,0,0.57316,3.55385e-05,1.18462e-05,3.55385e-05,1.18462e-05,3.55385e-05,1.18462e-05,3.55385e-05,1.18462e-05
780,84307.2,0.81209,0.4119,0.80565,0,0,0,0,0,0,0.10347,0.00178,0.00025,0,0,0,0,0,0,0,0,0,0,0,0,0,0,0.51272,0.12565,0,0,0.46667,0.0617,0.41374,0.46737,0.87296,0.79212,0.85146,0.57296,1.15147,0.54564,0.84965,0,0,0,0,0,0,0,0,0,0,0,0,0,0,0,0,0,0,0,0,0,0,0,0,0,0,0,0,0,0,0,0.57296,3.50467e-05,1.16822e-05,3.50467e-05,1.16822e-05,3.50467e-05,1.16822e-05,3.50467e-05,1.16822e-05
781,84411.8,0.81854,0.41314,0.80602,0,0,0,0,0,0,0.10593,0.00178,0.0002,0,0,0,0,0,0,0,0,0,0,0,0,0,0,0.50953,0.12568,0,0,0.46683,0.0618,0.41431,0.46753,0.87342,0.79287,0.85181,0.57295,1.15136,0.54566,0.84967,0,0,0,0,0,0,0,0,0,0,0,0,0,0,0,0,0,0,0,0,0,0,0,0,0,0,0,0,0,0,0,0.57295,3.45778e-05,1.15259e-05,3.45778e-05,1.15259e-05,3.45778e-05,1.15259e-05,3.45778e-05,1.15259e-05
782,84516.4,0.81573,0.41262,0.8088,0,0,0,0,0,0,0.10286,0.00178,0.00024,1e-05,0,0,0,0,0,0,0,0,0,0,0,0,0,0.51079,0.12572,0,0,0.46676,0.06178,0.41394,0.46747,0.87368,0.79174,0.8516,0.573,1.15131,0.54564,0.84967,0,0,0,0,0,0,0,0,0,0,0,0,0,0,0,0,0,0,0,0,0,0,0,0,0,0,0,0,0,0,0,0.573,3.41316e-05,1.13772e-05,3.41316e-05,1.13772e-05,3.41316e-05,1.13772e-05,3.41316e-05,1.13772e-05
783,84616.9,0.82133,0.41463,0.80703,0,0,0,0,0,0,0.10536,0.00178,0.00028,0,0,0,0,0,0,0,0,0,0,0,0,0,0,0.51206,0.126,0,0,0.46678,0.06181,0.41398,0.46748,0.87373,0.79159,0.85165,0.57311,1.15105,0.54565,0.84964,0,0,0,0,0,0,0,0,0,0,0,0,0,0,0,0,0,0,0,0,0,0,0,0,0,0,0,0,0,0,0,0.57311,3.37083e-05,1.12361e-05,3.37083e-05,1.12361e-05,3.37083e-05,1.12361e-05,3.37083e-05,1.12361e-05
784,84720,0.81473,0.41208,0.80684,0,0,0,0,0,0,0.10502,0.00179,0.00026,0,0,0,0,0,0,0,0,0,0,0,0,0,0,0.50742,0.12612,0,0,0.46667,0.06172,0.41284,0.46739,0.87311,0.79263,0.85187,0.57315,1.15138,0.54577,0.84968,0,0,0,0,0,0,0,0,0,0,0,0,0,0,0,0,0,0,0,0,0,0,0,0,0,0,0,0,0,0,0,0.57315,3.33079e-05,1.11026e-05,3.33079e-05,1.11026e-05,3.33079e-05,1.11026e-05,3.33079e-05,1.11026e-05
785,84827.7,0.81928,0.41403,0.80797,0,0,0,0,0,0,0.10484,0.00178,0.00026,0,0,0,0,0,0,0,0,0,0,0,0,0,0,0.51308,0.12593,0,0,0.4668,0.06177,0.41364,0.46752,0.87312,0.79288,0.85182,0.57323,1.15148,0.54573,0.84969,0,0,0,0,0,0,0,0,0,0,0,0,0,0,0,0,0,0,0,0,0,0,0,0,0,0,0,0,0,0,0,0.57323,3.29303e-05,1.09768e-05,3.29303e-05,1.09768e-05,3.29303e-05,1.09768e-05,3.29303e-05,1.09768e-05
786,84934.2,0.81847,0.41236,0.8081,0,0,0,0,0,0,0.10406,0.00178,0.00021,0,0,0,0,0,0,0,0,0,0,0,0,0,0,0.51265,0.12586,0,0,0.46681,0.06177,0.41332,0.46752,0.87375,0.79292,0.85214,0.57327,1.1515,0.54557,0.84968,0,0,0,0,0,0,0,0,0,0,0,0,0,0,0,0,0,0,0,0,0,0,0,0,0,0,0,0,0,0,0,0.57327,3.25756e-05,1.08585e-05,3.25756e-05,1.08585e-05,3.25756e-05,1.08585e-05,3.25756e-05,1.08585e-05
787,85036.5,0.81594,0.41228,0.80565,0,0,0,0,0,0,0.10522,0.00178,0.00028,0,0,0,0,0,0,0,0,0,0,0,0,0,0,0.50997,0.12574,0,0,0.4668,0.0618,0.41438,0.46751,0.87388,0.79309,0.85218,0.57326,1.15126,0.5455,0.84967,0,0,0,0,0,0,0,0,0,0,0,0,0,0,0,0,0,0,0,0,0,0,0,0,0,0,0,0,0,0,0,0.57326,3.22437e-05,1.07479e-05,3.22437e-05,1.07479e-05,3.22437e-05,1.07479e-05,3.22437e-05,1.07479e-05
788,85140.5,0.81583,0.41097,0.80534,0,0,0,0,0,0,0.10348,0.00178,0.00021,0,0,0,0,0,0,0,0,0,0,0,0,0,0,0.51181,0.12581,0,0,0.46673,0.06173,0.41329,0.46743,0.87382,0.7937,0.85213,0.57333,1.15099,0.54557,0.84964,0,0,0,0,0,0,0,0,0,0,0,0,0,0,0,0,0,0,0,0,0,0,0,0,0,0,0,0,0,0,0,0.57333,3.19347e-05,1.06449e-05,3.19347e-05,1.06449e-05,3.19347e-05,1.06449e-05,3.19347e-05,1.06449e-05
789,85246.2,0.81447,0.41128,0.8065,0,0,0,0,0,0,0.10847,0.00178,0.00021,0,0,0,0,0,0,0,0,0,0,0,0,0,0,0.50341,0.1259,0,0,0.46679,0.06176,0.41443,0.46749,0.87398,0.79329,0.85223,0.57333,1.15093,0.54523,0.8496,0,0,0,0,0,0,0,0,0,0,0,0,0,0,0,0,0,0,0,0,0,0,0,0,0,0,0,0,0,0,0,0.57333,3.16485e-05,1.05495e-05,3.16485e-05,1.05495e-05,3.16485e-05,1.05495e-05,3.16485e-05,1.05495e-05
790,85352.4,0.8141,0.41241,0.80522,0,0,0,0,0,0,0.10445,0.00178,0.00021,2e-05,0,0,0,0,0,0,0,0,0,0,0,0,0,0.50674,0.12611,0,0,0.46684,0.06177,0.41372,0.46754,0.87358,0.79315,0.85213,0.5731,1.15105,0.54559,0.84965,0,0,0,0,0,0,0,0,0,0,0,0,0,0,0,0,0,0,0,0,0,0,0,0,0,0,0,0,0,0,0,0.5731,3.13853e-05,1.04618e-05,3.13853e-05,1.04618e-05,3.13853e-05,1.04618e-05,3.13853e-05,1.04618e-05
791,85458.1,0.81674,0.41383,0.80725,0,0,0,0,0,0,0.10592,0.00178,0.00022,0,0,0,0,0,0,0,0,0,0,0,0,0,0,0.50814,0.12617,0,0,0.46672,0.06166,0.41328,0.46743,0.8734,0.79302,0.85203,0.57328,1.1511,0.54538,0.8496,0,0,0,0,0,0,0,0,0,0,0,0,0,0,0,0,0,0,0,0,0,0,0,0,0,0,0,0,0,0,0,0.57328,3.11449e-05,1.03816e-05,3.11449e-05,1.03816e-05,3.11449e-05,1.03816e-05,3.11449e-05,1.03816e-05
792,85558.5,0.81514,0.41156,0.80856,0,0,0,0,0,0,0.10268,0.00179,0.00022,1e-05,0,0,0,0,0,0,0,0,0,0,0,0,0,0.50823,0.12626,0,0,0.46678,0.06175,0.41322,0.46749,0.87344,0.79411,0.85238,0.57332,1.15119,0.54529,0.84963,0,0,0,0,0,0,0,0,0,0,0,0,0,0,0,0,0,0,0,0,0,0,0,0,0,0,0,0,0,0,0,0.57332,3.09274e-05,1.03091e-05,3.09274e-05,1.03091e-05,3.09274e-05,1.03091e-05,3.09274e-05,1.03091e-05
793,85663.8,0.81266,0.41204,0.80693,0,0,0,0,0,0,0.10312,0.00178,0.00022,4e-05,0,0,0,0,0,0,0,0,0,0,0,0,0,0.51017,0.12619,0,0,0.4668,0.0617,0.41338,0.46752,0.87356,0.7931,0.85186,0.57326,1.15055,0.54514,0.84958,0,0,0,0,0,0,0,0,0,0,0,0,0,0,0,0,0,0,0,0,0,0,0,0,0,0,0,0,0,0,0,0.57326,3.07328e-05,1.02443e-05,3.07328e-05,1.02443e-05,3.07328e-05,1.02443e-05,3.07328e-05,1.02443e-05
794,85769.3,0.81777,0.41193,0.80781,0,0,0,0,0,0,0.10024,0.00178,0.00026,0,0,0,0,0,0,0,0,0,0,0,0,0,0,0.51584,0.12644,0,0,0.46678,0.06176,0.41366,0.46748,0.87304,0.79359,0.85174,0.57314,1.15058,0.54527,0.84956,0,0,0,0,0,0,0,0,0,0,0,0,0,0,0,0,0,0,0,0,0,0,0,0,0,0,0,0,0,0,0,0.57314,3.0561e-05,1.0187e-05,3.0561e-05,1.0187e-05,3.0561e-05,1.0187e-05,3.0561e-05,1.0187e-05
795,85875,0.80889,0.40984,0.80649,0,0,0,0,0,0,0.10273,0.00178,0.00025,0,0,0,0,0,0,0,0,0,0,0,0,0,0,0.51211,0.12639,0,0,0.46685,0.06179,0.41415,0.46756,0.8739,0.79418,0.85206,0.57332,1.15034,0.54497,0.84956,0,0,0,0,0,0,0,0,0,0,0,0,0,0,0,0,0,0,0,0,0,0,0,0,0,0,0,0,0,0,0,0.57332,3.04122e-05,1.01374e-05,3.04122e-05,1.01374e-05,3.04122e-05,1.01374e-05,3.04122e-05,1.01374e-05
796,85977.4,0.81786,0.41176,0.8064,0,0,0,0,0,0,0.10412,0.00178,0.00019,0,0,0,0,0,0,0,0,0,0,0,0,0,0,0.5057,0.12654,0,0,0.46689,0.06183,0.41322,0.46761,0.87162,0.79422,0.85178,0.57328,1.15052,0.54517,0.84956,0,0,0,0,0,0,0,0,0,0,0,0,0,0,0,0,0,0,0,0,0,0,0,0,0,0,0,0,0,0,0,0.57328,3.02862e-05,1.00954e-05,3.02862e-05,1.00954e-05,3.02862e-05,1.00954e-05,3.02862e-05,1.00954e-05
797,86078.8,0.81258,0.41101,0.80841,0,0,0,0,0,0,0.10413,0.00179,0.00022,0,0,0,0,0,0,0,0,0,0,0,0,0,0,0.51339,0.12645,0,0,0.46675,0.06163,0.41383,0.46745,0.87383,0.79385,0.85217,0.57302,1.15027,0.54507,0.84954,0,0,0,0,0,0,0,0,0,0,0,0,0,0,0,0,0,0,0,0,0,0,0,0,0,0,0,0,0,0,0,0.57302,3.01832e-05,1.00611e-05,3.01832e-05,1.00611e-05,3.01832e-05,1.00611e-05,3.01832e-05,1.00611e-05
798,86185.7,0.81679,0.41207,0.80676,0,0,0,0,0,0,0.10418,0.00178,0.00027,0,0,0,0,0,0,0,0,0,0,0,0,0,0,0.51144,0.12644,0,0,0.46675,0.0617,0.41385,0.46746,0.87083,0.79457,0.852,0.57318,1.15054,0.54512,0.84959,0,0,0,0,0,0,0,0,0,0,0,0,0,0,0,0,0,0,0,0,0,0,0,0,0,0,0,0,0,0,0,0.57318,3.01031e-05,1.00344e-05,3.01031e-05,1.00344e-05,3.01031e-05,1.00344e-05,3.01031e-05,1.00344e-05
799,86292.2,0.81194,0.41021,0.80831,0,0,0,0,0,0,0.10462,0.00179,0.0002,0,0,0,0,0,0,0,0,0,0,0,0,0,0,0.51027,0.12636,0,0,0.46676,0.06174,0.41369,0.46742,0.87183,0.79452,0.85169,0.57318,1.15039,0.54514,0.8496,0,0,0,0,0,0,0,0,0,0,0,0,0,0,0,0,0,0,0,0,0,0,0,0,0,0,0,0,0,0,0,0.57318,3.00458e-05,1.00153e-05,3.00458e-05,1.00153e-05,3.00458e-05,1.00153e-05,3.00458e-05,1.00153e-05
800,86398.8,0.81771,0.41217,0.80689,0,0,0,0,0,0,0.10444,0.00178,0.0002,2e-05,0,0,0,0,0,0,0,0,0,0,0,0,0,0.51242,0.12626,0,0,0.46684,0.06171,0.41341,0.4675,0.8733,0.79364,0.85155,0.57295,1.15056,0.54501,0.84959,0,0,0,0,0,0,0,0,0,0,0,0,0,0,0,0,0,0,0,0,0,0,0,0,0,0,0,0,0,0,0,0.57295,3.00115e-05,1.00038e-05,3.00115e-05,1.00038e-05,3.00115e-05,1.00038e-05,3.00115e-05,1.00038e-05
