run_id,method,source_server,validity,protocol_id,mosaic,epochs_planned,schedule_class,role,claim_usable,model_size,seed,phase,rows,best_ap,best_epoch,last_ap,last_epoch,best_ap50,last_ap50,canonical_path,results_path,diagnostics_path,git_commit
ladd_hbb_ogsod11n_formal_nomosaic_yolo11m_cap2_s0_a2mu1e3_b_e800_b32_s0_gpu4,ladd,ladd90,candidate_or_unknown,formal_nomosaic_800,0,800,full_800,mainline_candidate,yes,m,0,b,121,0.59796,1,0.52361,121,0.90668,0.82754,ladd/results/converged_mainline_ladd_20260613/source/no_mosaic_90/m_cap2/ladd_hbb_ogsod11n_formal_nomosaic_yolo11m_cap2_s0_a2mu1e3_b_e800_b32_s0_gpu4,ladd/results/converged_mainline_ladd_20260613/source/no_mosaic_90/m_cap2/ladd_hbb_ogsod11n_formal_nomosaic_yolo11m_cap2_s0_a2mu1e3_b_e800_b32_s0_gpu4/results.csv,,
ladd_hbb_ogsod11n_formal_nomosaic_yolo11n_cap2_s0_a2mu1e3_b_e800_b64_s0_gpu6,ladd,ladd90,candidate_or_unknown,formal_nomosaic_800,0,800,full_800,mainline_candidate,yes,n,0,b,800,0.57662,725,0.57504,800,0.85073,0.84855,ladd/results/converged_mainline_ladd_20260613/source/no_mosaic_90/n_cap2/ladd_hbb_ogsod11n_formal_nomosaic_yolo11n_cap2_s0_a2mu1e3_b_e800_b64_s0_gpu6,ladd/results/converged_mainline_ladd_20260613/source/no_mosaic_90/n_cap2/ladd_hbb_ogsod11n_formal_nomosaic_yolo11n_cap2_s0_a2mu1e3_b_e800_b64_s0_gpu6/results.csv,,
ladd_hbb_ogsod11n_formal_nomosaic_yolo11n_cap2_s0_b800sched_N0_yoloinit_detonly_20260614_autodl_b_e800_b64_s0_gpu0,ladd,autodl,candidate_or_unknown,formal_nomosaic_800,0,800,full_800,mainline_candidate,yes,n,0,b,354,0.45868,354,0.45868,354,0.71101,0.71101,ladd/results/autodl_shutdown_sync_20260614/evidence_raw/autodl/runs_public/ogsod/hbb/formal_nomosaic_20260528/ladd/yolo11n/cap2/ladd_hbb_ogsod11n_formal_nomosaic_yolo11n_cap2_s0_b800sched_N0_yoloinit_detonly_20260614_autodl_b_e800_b64_s0_gpu0,ladd/results/autodl_shutdown_sync_20260614/evidence_raw/autodl/runs_public/ogsod/hbb/formal_nomosaic_20260528/ladd/yolo11n/cap2/ladd_hbb_ogsod11n_formal_nomosaic_yolo11n_cap2_s0_b800sched_N0_yoloinit_detonly_20260614_autodl_b_e800_b64_s0_gpu0/results.csv,ladd/results/autodl_shutdown_sync_20260614/evidence_raw/autodl/runs_public/ogsod/hbb/formal_nomosaic_20260528/ladd/yolo11n/cap2/ladd_hbb_ogsod11n_formal_nomosaic_yolo11n_cap2_s0_b800sched_N0_yoloinit_detonly_20260614_autodl_b_e800_b64_s0_gpu0/ladd_diagnostics.csv,
ladd_hbb_ogsod11n_formal_nomosaic_yolo11n_cap2_s0_b800sched_N0_yoloinit_detonly_20260614_autodl_b_e800_b64_s0_gpu0,ladd,autodl,candidate_or_unknown,formal_nomosaic_800,0,800,full_800,mainline_candidate,yes,n,0,b,332,0.45155,332,0.45155,332,0.70449,0.70449,ladd/results/b800_restart_20260614/evidence_raw/autodl/runs_public/ogsod/hbb/formal_nomosaic_20260528/ladd/yolo11n/cap2/ladd_hbb_ogsod11n_formal_nomosaic_yolo11n_cap2_s0_b800sched_N0_yoloinit_detonly_20260614_autodl_b_e800_b64_s0_gpu0,ladd/results/b800_restart_20260614/evidence_raw/autodl/runs_public/ogsod/hbb/formal_nomosaic_20260528/ladd/yolo11n/cap2/ladd_hbb_ogsod11n_formal_nomosaic_yolo11n_cap2_s0_b800sched_N0_yoloinit_detonly_20260614_autodl_b_e800_b64_s0_gpu0/results.csv,ladd/results/b800_restart_20260614/evidence_raw/autodl/runs_public/ogsod/hbb/formal_nomosaic_20260528/ladd/yolo11n/cap2/ladd_hbb_ogsod11n_formal_nomosaic_yolo11n_cap2_s0_b800sched_N0_yoloinit_detonly_20260614_autodl_b_e800_b64_s0_gpu0/ladd_diagnostics.csv,
ladd_hbb_ogsod11n_formal_nomosaic_yolo11n_cap2_s0_b800sched_N0_yoloinit_detonly_20260614_autodl_b_e800_b64_s0_gpu0,ladd,autodl,candidate_or_unknown,formal_nomosaic_800,0,800,full_800,mainline_candidate,yes,n,0,b,354,0.45868,354,0.45868,354,0.71101,0.71101,remote_backups/autodl_20260614_critical/formal_nomosaic_20260528/ladd/yolo11n/cap2/ladd_hbb_ogsod11n_formal_nomosaic_yolo11n_cap2_s0_b800sched_N0_yoloinit_detonly_20260614_autodl_b_e800_b64_s0_gpu0,remote_backups/autodl_20260614_critical/formal_nomosaic_20260528/ladd/yolo11n/cap2/ladd_hbb_ogsod11n_formal_nomosaic_yolo11n_cap2_s0_b800sched_N0_yoloinit_detonly_20260614_autodl_b_e800_b64_s0_gpu0/results.csv,remote_backups/autodl_20260614_critical/formal_nomosaic_20260528/ladd/yolo11n/cap2/ladd_hbb_ogsod11n_formal_nomosaic_yolo11n_cap2_s0_b800sched_N0_yoloinit_detonly_20260614_autodl_b_e800_b64_s0_gpu0/ladd_diagnostics.csv,
ladd_hbb_ogsod11n_formal_nomosaic_yolo11n_cap2_s0_b800sched_N1_basebest_continue_20260614_autodl_b_e800_b64_s0_gpu0,ladd,autodl,candidate_or_unknown,formal_nomosaic_800,0,800,full_800,mainline_candidate,yes,n,0,b,353,0.57583,343,0.5754,353,0.84785,0.84749,ladd/results/autodl_shutdown_sync_20260614/evidence_raw/autodl/runs_public/ogsod/hbb/formal_nomosaic_20260528/ladd/yolo11n/cap2/ladd_hbb_ogsod11n_formal_nomosaic_yolo11n_cap2_s0_b800sched_N1_basebest_continue_20260614_autodl_b_e800_b64_s0_gpu0,ladd/results/autodl_shutdown_sync_20260614/evidence_raw/autodl/runs_public/ogsod/hbb/formal_nomosaic_20260528/ladd/yolo11n/cap2/ladd_hbb_ogsod11n_formal_nomosaic_yolo11n_cap2_s0_b800sched_N1_basebest_continue_20260614_autodl_b_e800_b64_s0_gpu0/results.csv,ladd/results/autodl_shutdown_sync_20260614/evidence_raw/autodl/runs_public/ogsod/hbb/formal_nomosaic_20260528/ladd/yolo11n/cap2/ladd_hbb_ogsod11n_formal_nomosaic_yolo11n_cap2_s0_b800sched_N1_basebest_continue_20260614_autodl_b_e800_b64_s0_gpu0/ladd_diagnostics.csv,
ladd_hbb_ogsod11n_formal_nomosaic_yolo11n_cap2_s0_b800sched_N1_basebest_continue_20260614_autodl_b_e800_b64_s0_gpu0,ladd,autodl,candidate_or_unknown,formal_nomosaic_800,0,800,full_800,mainline_candidate,yes,n,0,b,332,0.57521,324,0.57494,332,0.84704,0.8463,ladd/results/b800_restart_20260614/evidence_raw/autodl/runs_public/ogsod/hbb/formal_nomosaic_20260528/ladd/yolo11n/cap2/ladd_hbb_ogsod11n_formal_nomosaic_yolo11n_cap2_s0_b800sched_N1_basebest_continue_20260614_autodl_b_e800_b64_s0_gpu0,ladd/results/b800_restart_20260614/evidence_raw/autodl/runs_public/ogsod/hbb/formal_nomosaic_20260528/ladd/yolo11n/cap2/ladd_hbb_ogsod11n_formal_nomosaic_yolo11n_cap2_s0_b800sched_N1_basebest_continue_20260614_autodl_b_e800_b64_s0_gpu0/results.csv,ladd/results/b800_restart_20260614/evidence_raw/autodl/runs_public/ogsod/hbb/formal_nomosaic_20260528/ladd/yolo11n/cap2/ladd_hbb_ogsod11n_formal_nomosaic_yolo11n_cap2_s0_b800sched_N1_basebest_continue_20260614_autodl_b_e800_b64_s0_gpu0/ladd_diagnostics.csv,
ladd_hbb_ogsod11n_formal_nomosaic_yolo11n_cap2_s0_b800sched_N1_basebest_continue_20260614_autodl_b_e800_b64_s0_gpu0,ladd,autodl,candidate_or_unknown,formal_nomosaic_800,0,800,full_800,mainline_candidate,yes,n,0,b,353,0.57583,343,0.5754,353,0.84785,0.84749,remote_backups/autodl_20260614_critical/formal_nomosaic_20260528/ladd/yolo11n/cap2/ladd_hbb_ogsod11n_formal_nomosaic_yolo11n_cap2_s0_b800sched_N1_basebest_continue_20260614_autodl_b_e800_b64_s0_gpu0,remote_backups/autodl_20260614_critical/formal_nomosaic_20260528/ladd/yolo11n/cap2/ladd_hbb_ogsod11n_formal_nomosaic_yolo11n_cap2_s0_b800sched_N1_basebest_continue_20260614_autodl_b_e800_b64_s0_gpu0/results.csv,remote_backups/autodl_20260614_critical/formal_nomosaic_20260528/ladd/yolo11n/cap2/ladd_hbb_ogsod11n_formal_nomosaic_yolo11n_cap2_s0_b800sched_N1_basebest_continue_20260614_autodl_b_e800_b64_s0_gpu0/ladd_diagnostics.csv,
ladd_hbb_ogsod11n_formal_nomosaic_yolo11n_cap2_s0_b800sched_N1_baselast_continue_20260614_autodl_b_e800_b64_s0_gpu0,ladd,autodl,candidate_or_unknown,formal_nomosaic_800,0,800,full_800,mainline_candidate,yes,n,0,b,360,0.57737,355,0.57695,360,0.84938,0.84858,ladd/results/autodl_shutdown_sync_20260614/evidence_raw/autodl/runs_public/ogsod/hbb/formal_nomosaic_20260528/ladd/yolo11n/cap2/ladd_hbb_ogsod11n_formal_nomosaic_yolo11n_cap2_s0_b800sched_N1_baselast_continue_20260614_autodl_b_e800_b64_s0_gpu0,ladd/results/autodl_shutdown_sync_20260614/evidence_raw/autodl/runs_public/ogsod/hbb/formal_nomosaic_20260528/ladd/yolo11n/cap2/ladd_hbb_ogsod11n_formal_nomosaic_yolo11n_cap2_s0_b800sched_N1_baselast_continue_20260614_autodl_b_e800_b64_s0_gpu0/results.csv,ladd/results/autodl_shutdown_sync_20260614/evidence_raw/autodl/runs_public/ogsod/hbb/formal_nomosaic_20260528/ladd/yolo11n/cap2/ladd_hbb_ogsod11n_formal_nomosaic_yolo11n_cap2_s0_b800sched_N1_baselast_continue_20260614_autodl_b_e800_b64_s0_gpu0/ladd_diagnostics.csv,
ladd_hbb_ogsod11n_formal_nomosaic_yolo11n_cap2_s0_b800sched_N1_baselast_continue_20260614_autodl_b_e800_b64_s0_gpu0,ladd,autodl,candidate_or_unknown,formal_nomosaic_800,0,800,full_800,mainline_candidate,yes,n,0,b,338,0.57687,337,0.57661,338,0.84907,0.84834,ladd/results/b800_restart_20260614/evidence_raw/autodl/runs_public/ogsod/hbb/formal_nomosaic_20260528/ladd/yolo11n/cap2/ladd_hbb_ogsod11n_formal_nomosaic_yolo11n_cap2_s0_b800sched_N1_baselast_continue_20260614_autodl_b_e800_b64_s0_gpu0,ladd/results/b800_restart_20260614/evidence_raw/autodl/runs_public/ogsod/hbb/formal_nomosaic_20260528/ladd/yolo11n/cap2/ladd_hbb_ogsod11n_formal_nomosaic_yolo11n_cap2_s0_b800sched_N1_baselast_continue_20260614_autodl_b_e800_b64_s0_gpu0/results.csv,ladd/results/b800_restart_20260614/evidence_raw/autodl/runs_public/ogsod/hbb/formal_nomosaic_20260528/ladd/yolo11n/cap2/ladd_hbb_ogsod11n_formal_nomosaic_yolo11n_cap2_s0_b800sched_N1_baselast_continue_20260614_autodl_b_e800_b64_s0_gpu0/ladd_diagnostics.csv,
ladd_hbb_ogsod11n_formal_nomosaic_yolo11n_cap2_s0_b800sched_N1_baselast_continue_20260614_autodl_b_e800_b64_s0_gpu0,ladd,autodl,candidate_or_unknown,formal_nomosaic_800,0,800,full_800,mainline_candidate,yes,n,0,b,360,0.57737,355,0.57695,360,0.84938,0.84858,remote_backups/autodl_20260614_critical/formal_nomosaic_20260528/ladd/yolo11n/cap2/ladd_hbb_ogsod11n_formal_nomosaic_yolo11n_cap2_s0_b800sched_N1_baselast_continue_20260614_autodl_b_e800_b64_s0_gpu0,remote_backups/autodl_20260614_critical/formal_nomosaic_20260528/ladd/yolo11n/cap2/ladd_hbb_ogsod11n_formal_nomosaic_yolo11n_cap2_s0_b800sched_N1_baselast_continue_20260614_autodl_b_e800_b64_s0_gpu0/results.csv,remote_backups/autodl_20260614_critical/formal_nomosaic_20260528/ladd/yolo11n/cap2/ladd_hbb_ogsod11n_formal_nomosaic_yolo11n_cap2_s0_b800sched_N1_baselast_continue_20260614_autodl_b_e800_b64_s0_gpu0/ladd_diagnostics.csv,
ladd_hbb_ogsod11n_formal_nomosaic_yolo11n_cap2_s0_b800sched_N2_a2best_continue_20260614_cfgfix_b_e800_b64_s0_gpu1,ladd,ladd4090,candidate_or_unknown,formal_nomosaic_800,0,800,full_800,mainline_candidate,yes,n,0,b,229,0.55681,214,0.54271,229,0.82807,0.80329,ladd/results/b800_restart_20260614/evidence_raw/ladd4090/runs_public/ogsod/hbb/formal_nomosaic_20260528/ladd/yolo11n/cap2/ladd_hbb_ogsod11n_formal_nomosaic_yolo11n_cap2_s0_b800sched_N2_a2best_continue_20260614_cfgfix_b_e800_b64_s0_gpu1,ladd/results/b800_restart_20260614/evidence_raw/ladd4090/runs_public/ogsod/hbb/formal_nomosaic_20260528/ladd/yolo11n/cap2/ladd_hbb_ogsod11n_formal_nomosaic_yolo11n_cap2_s0_b800sched_N2_a2best_continue_20260614_cfgfix_b_e800_b64_s0_gpu1/results.csv,ladd/results/b800_restart_20260614/evidence_raw/ladd4090/runs_public/ogsod/hbb/formal_nomosaic_20260528/ladd/yolo11n/cap2/ladd_hbb_ogsod11n_formal_nomosaic_yolo11n_cap2_s0_b800sched_N2_a2best_continue_20260614_cfgfix_b_e800_b64_s0_gpu1/ladd_diagnostics.csv,
ladd_hbb_ogsod11n_formal_nomosaic_yolo11n_cap2_s0_b800sched_N2_a2best_continue_20260614_cfgfix_b_e800_b64_s0_gpu1,ladd,ladd4090,diagnostic,formal_nomosaic_800,0,800,full_800,diagnostic,partial,n,0,b,229,0.55681,214,0.54271,229,0.82807,0.80329,ladd/results/ladd4090_shutdown_sync_20260614/evidence_raw/ladd4090/repo_root_snapshot/runs_public/ogsod/hbb/formal_nomosaic_20260528/ladd/yolo11n/cap2/ladd_hbb_ogsod11n_formal_nomosaic_yolo11n_cap2_s0_b800sched_N2_a2best_continue_20260614_cfgfix_b_e800_b64_s0_gpu1,ladd/results/ladd4090_shutdown_sync_20260614/evidence_raw/ladd4090/repo_root_snapshot/runs_public/ogsod/hbb/formal_nomosaic_20260528/ladd/yolo11n/cap2/ladd_hbb_ogsod11n_formal_nomosaic_yolo11n_cap2_s0_b800sched_N2_a2best_continue_20260614_cfgfix_b_e800_b64_s0_gpu1/results.csv,ladd/results/ladd4090_shutdown_sync_20260614/evidence_raw/ladd4090/repo_root_snapshot/runs_public/ogsod/hbb/formal_nomosaic_20260528/ladd/yolo11n/cap2/ladd_hbb_ogsod11n_formal_nomosaic_yolo11n_cap2_s0_b800sched_N2_a2best_continue_20260614_cfgfix_b_e800_b64_s0_gpu1/ladd_diagnostics.csv,
ladd_hbb_ogsod11n_formal_nomosaic_yolo11n_cap2_s0_b800sched_N2_a2last_continue_20260614_cfgfix_b_e800_b64_s0_gpu1,ladd,ladd4090,candidate_or_unknown,formal_nomosaic_800,0,800,full_800,mainline_candidate,yes,n,0,b,319,0.56073,271,0.4629,319,0.83483,0.66225,ladd/results/b800_restart_20260614/evidence_raw/ladd4090/runs_public/ogsod/hbb/formal_nomosaic_20260528/ladd/yolo11n/cap2/ladd_hbb_ogsod11n_formal_nomosaic_yolo11n_cap2_s0_b800sched_N2_a2last_continue_20260614_cfgfix_b_e800_b64_s0_gpu1,ladd/results/b800_restart_20260614/evidence_raw/ladd4090/runs_public/ogsod/hbb/formal_nomosaic_20260528/ladd/yolo11n/cap2/ladd_hbb_ogsod11n_formal_nomosaic_yolo11n_cap2_s0_b800sched_N2_a2last_continue_20260614_cfgfix_b_e800_b64_s0_gpu1/results.csv,ladd/results/b800_restart_20260614/evidence_raw/ladd4090/runs_public/ogsod/hbb/formal_nomosaic_20260528/ladd/yolo11n/cap2/ladd_hbb_ogsod11n_formal_nomosaic_yolo11n_cap2_s0_b800sched_N2_a2last_continue_20260614_cfgfix_b_e800_b64_s0_gpu1/ladd_diagnostics.csv,
ladd_hbb_ogsod11n_formal_nomosaic_yolo11n_cap2_s0_b800sched_N2_a2last_continue_20260614_cfgfix_b_e800_b64_s0_gpu1,ladd,ladd4090,diagnostic,formal_nomosaic_800,0,800,full_800,diagnostic,partial,n,0,b,319,0.56073,271,0.4629,319,0.83483,0.66225,ladd/results/ladd4090_shutdown_sync_20260614/evidence_raw/ladd4090/repo_root_snapshot/runs_public/ogsod/hbb/formal_nomosaic_20260528/ladd/yolo11n/cap2/ladd_hbb_ogsod11n_formal_nomosaic_yolo11n_cap2_s0_b800sched_N2_a2last_continue_20260614_cfgfix_b_e800_b64_s0_gpu1,ladd/results/ladd4090_shutdown_sync_20260614/evidence_raw/ladd4090/repo_root_snapshot/runs_public/ogsod/hbb/formal_nomosaic_20260528/ladd/yolo11n/cap2/ladd_hbb_ogsod11n_formal_nomosaic_yolo11n_cap2_s0_b800sched_N2_a2last_continue_20260614_cfgfix_b_e800_b64_s0_gpu1/results.csv,ladd/results/ladd4090_shutdown_sync_20260614/evidence_raw/ladd4090/repo_root_snapshot/runs_public/ogsod/hbb/formal_nomosaic_20260528/ladd/yolo11n/cap2/ladd_hbb_ogsod11n_formal_nomosaic_yolo11n_cap2_s0_b800sched_N2_a2last_continue_20260614_cfgfix_b_e800_b64_s0_gpu1/ladd_diagnostics.csv,
ladd_hbb_ogsod11n_formal_nomosaic_yolo11n_cap2_s0_b800sched_N3_yoloinit_a2last_decomp_20260614_cfgfix_retry2_b_e800_b64_s0_gpu1,ladd,ladd4090,candidate_or_unknown,formal_nomosaic_800,0,800,full_800,mainline_candidate,yes,n,0,b,525,0.48742,525,0.48742,525,0.75423,0.75328,ladd/results/b800_restart_20260614/evidence_raw/ladd4090/runs_public/ogsod/hbb/formal_nomosaic_20260528/ladd/yolo11n/cap2/ladd_hbb_ogsod11n_formal_nomosaic_yolo11n_cap2_s0_b800sched_N3_yoloinit_a2last_decomp_20260614_cfgfix_retry2_b_e800_b64_s0_gpu1,ladd/results/b800_restart_20260614/evidence_raw/ladd4090/runs_public/ogsod/hbb/formal_nomosaic_20260528/ladd/yolo11n/cap2/ladd_hbb_ogsod11n_formal_nomosaic_yolo11n_cap2_s0_b800sched_N3_yoloinit_a2last_decomp_20260614_cfgfix_retry2_b_e800_b64_s0_gpu1/results.csv,ladd/results/b800_restart_20260614/evidence_raw/ladd4090/runs_public/ogsod/hbb/formal_nomosaic_20260528/ladd/yolo11n/cap2/ladd_hbb_ogsod11n_formal_nomosaic_yolo11n_cap2_s0_b800sched_N3_yoloinit_a2last_decomp_20260614_cfgfix_retry2_b_e800_b64_s0_gpu1/ladd_diagnostics.csv,
ladd_hbb_ogsod11n_formal_nomosaic_yolo11n_cap2_s0_b800sched_N3_yoloinit_a2last_decomp_20260614_cfgfix_retry2_b_e800_b64_s0_gpu1,ladd,ladd4090,diagnostic,formal_nomosaic_800,0,800,full_800,diagnostic,partial,n,0,b,655,0.49415,617,0.49375,655,0.76392,0.76359,ladd/results/ladd4090_shutdown_sync_20260614/evidence_raw/ladd4090/repo_root_snapshot/runs_public/ogsod/hbb/formal_nomosaic_20260528/ladd/yolo11n/cap2/ladd_hbb_ogsod11n_formal_nomosaic_yolo11n_cap2_s0_b800sched_N3_yoloinit_a2last_decomp_20260614_cfgfix_retry2_b_e800_b64_s0_gpu1,ladd/results/ladd4090_shutdown_sync_20260614/evidence_raw/ladd4090/repo_root_snapshot/runs_public/ogsod/hbb/formal_nomosaic_20260528/ladd/yolo11n/cap2/ladd_hbb_ogsod11n_formal_nomosaic_yolo11n_cap2_s0_b800sched_N3_yoloinit_a2last_decomp_20260614_cfgfix_retry2_b_e800_b64_s0_gpu1/results.csv,ladd/results/ladd4090_shutdown_sync_20260614/evidence_raw/ladd4090/repo_root_snapshot/runs_public/ogsod/hbb/formal_nomosaic_20260528/ladd/yolo11n/cap2/ladd_hbb_ogsod11n_formal_nomosaic_yolo11n_cap2_s0_b800sched_N3_yoloinit_a2last_decomp_20260614_cfgfix_retry2_b_e800_b64_s0_gpu1/ladd_diagnostics.csv,
ladd_hbb_ogsod11n_formal_nomosaic_yolo11n_cap2_s0_b800sched_N4_yoloinit_a2last_decomp_kdwarmup_20260614_cfgfix_b_e800_b64_s0_gpu1,ladd,ladd4090,candidate_or_unknown,formal_nomosaic_800,0,800,full_800,mainline_candidate,yes,n,0,b,512,0.4618,512,0.4618,512,0.73049,0.73049,ladd/results/b800_restart_20260614/evidence_raw/ladd4090/runs_public/ogsod/hbb/formal_nomosaic_20260528/ladd/yolo11n/cap2/ladd_hbb_ogsod11n_formal_nomosaic_yolo11n_cap2_s0_b800sched_N4_yoloinit_a2last_decomp_kdwarmup_20260614_cfgfix_b_e800_b64_s0_gpu1,ladd/results/b800_restart_20260614/evidence_raw/ladd4090/runs_public/ogsod/hbb/formal_nomosaic_20260528/ladd/yolo11n/cap2/ladd_hbb_ogsod11n_formal_nomosaic_yolo11n_cap2_s0_b800sched_N4_yoloinit_a2last_decomp_kdwarmup_20260614_cfgfix_b_e800_b64_s0_gpu1/results.csv,ladd/results/b800_restart_20260614/evidence_raw/ladd4090/runs_public/ogsod/hbb/formal_nomosaic_20260528/ladd/yolo11n/cap2/ladd_hbb_ogsod11n_formal_nomosaic_yolo11n_cap2_s0_b800sched_N4_yoloinit_a2last_decomp_kdwarmup_20260614_cfgfix_b_e800_b64_s0_gpu1/ladd_diagnostics.csv,
ladd_hbb_ogsod11n_formal_nomosaic_yolo11n_cap2_s0_b800sched_N4_yoloinit_a2last_decomp_kdwarmup_20260614_cfgfix_b_e800_b64_s0_gpu1,ladd,ladd4090,diagnostic,formal_nomosaic_800,0,800,full_800,diagnostic,partial,n,0,b,637,0.47584,637,0.47584,637,0.74459,0.74459,ladd/results/ladd4090_shutdown_sync_20260614/evidence_raw/ladd4090/repo_root_snapshot/runs_public/ogsod/hbb/formal_nomosaic_20260528/ladd/yolo11n/cap2/ladd_hbb_ogsod11n_formal_nomosaic_yolo11n_cap2_s0_b800sched_N4_yoloinit_a2last_decomp_kdwarmup_20260614_cfgfix_b_e800_b64_s0_gpu1,ladd/results/ladd4090_shutdown_sync_20260614/evidence_raw/ladd4090/repo_root_snapshot/runs_public/ogsod/hbb/formal_nomosaic_20260528/ladd/yolo11n/cap2/ladd_hbb_ogsod11n_formal_nomosaic_yolo11n_cap2_s0_b800sched_N4_yoloinit_a2last_decomp_kdwarmup_20260614_cfgfix_b_e800_b64_s0_gpu1/results.csv,ladd/results/ladd4090_shutdown_sync_20260614/evidence_raw/ladd4090/repo_root_snapshot/runs_public/ogsod/hbb/formal_nomosaic_20260528/ladd/yolo11n/cap2/ladd_hbb_ogsod11n_formal_nomosaic_yolo11n_cap2_s0_b800sched_N4_yoloinit_a2last_decomp_kdwarmup_20260614_cfgfix_b_e800_b64_s0_gpu1/ladd_diagnostics.csv,
ladd_hbb_ogsod11n_formal_nomosaic_yolo11n_cap2_s0_bnfreeze1e3_90_gpu7_b_e800_b64_s0_gpu7,ladd,ladd90,candidate_or_unknown,formal_nomosaic_800,0,800,full_800,mainline_candidate,yes,n,0,b,800,0.57276,793,0.57254,800,0.84031,0.84019,ladd/results/converged_mainline_ladd_20260613/source/no_mosaic_90/n_cap2/ladd_hbb_ogsod11n_formal_nomosaic_yolo11n_cap2_s0_bnfreeze1e3_90_gpu7_b_e800_b64_s0_gpu7,ladd/results/converged_mainline_ladd_20260613/source/no_mosaic_90/n_cap2/ladd_hbb_ogsod11n_formal_nomosaic_yolo11n_cap2_s0_bnfreeze1e3_90_gpu7_b_e800_b64_s0_gpu7/results.csv,,
ladd_hbb_ogsod11n_formal_nomosaic_yolo11n_original_s0_a2mu1e3_b_e800_b64_s0_gpu4,ladd,ladd90,candidate_or_unknown,formal_nomosaic_800,0,800,full_800,mainline_candidate,yes,n,0,b,800,0.57821,730,0.57517,800,0.85139,0.85059,ladd/results/converged_mainline_ladd_20260613/source/no_mosaic_90/n_original/ladd_hbb_ogsod11n_formal_nomosaic_yolo11n_original_s0_a2mu1e3_b_e800_b64_s0_gpu4,ladd/results/converged_mainline_ladd_20260613/source/no_mosaic_90/n_original/ladd_hbb_ogsod11n_formal_nomosaic_yolo11n_original_s0_a2mu1e3_b_e800_b64_s0_gpu4/results.csv,,
run_files,ladd,ladd4090,candidate_or_unknown,formal_nomosaic_800,0,800,full_800,mainline_candidate,yes,n,0,,229,0.55681,214,0.54271,229,0.82807,0.80329,ladd/results/b800_restart_20260614/evidence/ladd4090/N2_a2best_continue_B800sched/run_files,ladd/results/b800_restart_20260614/evidence/ladd4090/N2_a2best_continue_B800sched/run_files/results.csv,ladd/results/b800_restart_20260614/evidence/ladd4090/N2_a2best_continue_B800sched/run_files/ladd_diagnostics.csv,
run_files,ladd,ladd4090,candidate_or_unknown,formal_nomosaic_800,0,800,full_800,mainline_candidate,yes,n,0,,319,0.56073,271,0.4629,319,0.83483,0.66225,ladd/results/b800_restart_20260614/evidence/ladd4090/N2_a2last_continue_B800sched/run_files,ladd/results/b800_restart_20260614/evidence/ladd4090/N2_a2last_continue_B800sched/run_files/results.csv,ladd/results/b800_restart_20260614/evidence/ladd4090/N2_a2last_continue_B800sched/run_files/ladd_diagnostics.csv,
ladd_hbb_ogsod11n_formal_nomosaic_yolo11n_cap2_s123_a2mu1e3_b_e800_b64_s123_gpu5,ladd,ladd90,candidate_or_unknown,formal_nomosaic_800,0,800,full_800,mainline_candidate,yes,n,123,b,483,0.52182,1,0,483,0.80464,0,ladd/results/converged_mainline_ladd_20260613/source/no_mosaic_90/n_cap2/ladd_hbb_ogsod11n_formal_nomosaic_yolo11n_cap2_s123_a2mu1e3_b_e800_b64_s123_gpu5,ladd/results/converged_mainline_ladd_20260613/source/no_mosaic_90/n_cap2/ladd_hbb_ogsod11n_formal_nomosaic_yolo11n_cap2_s123_a2mu1e3_b_e800_b64_s123_gpu5/results.csv,,
ladd_hbb_ogsod11n_formal_nomosaic_yolo11n_cap2_s123_a2mu1e3_bstable1e3_b_e800_b64_s123_gpu2,ladd,ladd90,candidate_or_unknown,formal_nomosaic_800,0,800,full_800,mainline_candidate,yes,n,123,b,800,0.56161,165,0.52875,800,0.84154,0.82075,ladd/results/converged_mainline_ladd_20260613/source/no_mosaic_90/n_cap2/ladd_hbb_ogsod11n_formal_nomosaic_yolo11n_cap2_s123_a2mu1e3_bstable1e3_b_e800_b64_s123_gpu2,ladd/results/converged_mainline_ladd_20260613/source/no_mosaic_90/n_cap2/ladd_hbb_ogsod11n_formal_nomosaic_yolo11n_cap2_s123_a2mu1e3_bstable1e3_b_e800_b64_s123_gpu2/results.csv,,
ladd_hbb_ogsod11n_formal_nomosaic_yolo11n_cap2_s123_bnfreeze1e3_90_gpu7_b_e800_b64_s123_gpu7,ladd,ladd90,candidate_or_unknown,formal_nomosaic_800,0,800,full_800,mainline_candidate,yes,n,123,b,800,0.57269,779,0.57219,800,0.84441,0.84018,ladd/results/converged_mainline_ladd_20260613/source/no_mosaic_90/n_cap2/ladd_hbb_ogsod11n_formal_nomosaic_yolo11n_cap2_s123_bnfreeze1e3_90_gpu7_b_e800_b64_s123_gpu7,ladd/results/converged_mainline_ladd_20260613/source/no_mosaic_90/n_cap2/ladd_hbb_ogsod11n_formal_nomosaic_yolo11n_cap2_s123_bnfreeze1e3_90_gpu7_b_e800_b64_s123_gpu7/results.csv,,
ladd_hbb_ogsod11n_formal_nomosaic_yolo11n_cap2_s42_a2mu1e3_b_e800_b64_s42_gpu4,ladd,ladd90,candidate_or_unknown,formal_nomosaic_800,0,800,full_800,mainline_candidate,yes,n,42,b,800,0.5742,735,0.57293,800,0.8529,0.85216,ladd/results/converged_mainline_ladd_20260613/source/no_mosaic_90/n_cap2/ladd_hbb_ogsod11n_formal_nomosaic_yolo11n_cap2_s42_a2mu1e3_b_e800_b64_s42_gpu4,ladd/results/converged_mainline_ladd_20260613/source/no_mosaic_90/n_cap2/ladd_hbb_ogsod11n_formal_nomosaic_yolo11n_cap2_s42_a2mu1e3_b_e800_b64_s42_gpu4/results.csv,,
ladd_hbb_ogsod11n_formal_nomosaic_yolo11n_cap2_s42_bnfreeze1e3_public4090dual_final_v2_b_e800_b64_s42_gpu0,ladd,ladd4090,candidate_or_unknown,formal_nomosaic_800,0,800,full_800,mainline_candidate,yes,n,42,b,800,0.57615,400,0.57295,800,0.85586,0.85155,ladd/results/converged_mainline_ladd_20260613/source/no_mosaic_4090dual/n_cap2/ladd_hbb_ogsod11n_formal_nomosaic_yolo11n_cap2_s42_bnfreeze1e3_public4090dual_final_v2_b_e800_b64_s42_gpu0,ladd/results/converged_mainline_ladd_20260613/source/no_mosaic_4090dual/n_cap2/ladd_hbb_ogsod11n_formal_nomosaic_yolo11n_cap2_s42_bnfreeze1e3_public4090dual_final_v2_b_e800_b64_s42_gpu0/results.csv,,
ladd_hbb_ogsod11n_formal_nomosaic_yolo11n_cap2_s42_bnfreeze1e3_public4090dual_final_v2_b_e800_b64_s42_gpu0,ladd,ladd4090,diagnostic,formal_nomosaic_800,0,800,full_800,diagnostic,partial,n,42,b,800,0.57615,400,0.57295,800,0.85586,0.85155,ladd/results/ladd4090_shutdown_sync_20260614/evidence_raw/ladd4090/repo_root_snapshot/runs_public/ogsod/hbb/formal_nomosaic_20260528/ladd/yolo11n/cap2/ladd_hbb_ogsod11n_formal_nomosaic_yolo11n_cap2_s42_bnfreeze1e3_public4090dual_final_v2_b_e800_b64_s42_gpu0,ladd/results/ladd4090_shutdown_sync_20260614/evidence_raw/ladd4090/repo_root_snapshot/runs_public/ogsod/hbb/formal_nomosaic_20260528/ladd/yolo11n/cap2/ladd_hbb_ogsod11n_formal_nomosaic_yolo11n_cap2_s42_bnfreeze1e3_public4090dual_final_v2_b_e800_b64_s42_gpu0/results.csv,,
ladd_hbb_ogsod11n_formal_nomosaic_yolo11n_cap2_s42_bnfreeze1e3_public4090dual_final_v2_b_e800_b64_s42_gpu0,ladd,ladd4090,candidate_or_unknown,formal_nomosaic_800,0,800,full_800,mainline_candidate,yes,n,42,b,800,0.57615,400,0.57295,800,0.85586,0.85155,ladd/results/ladd_curve_analysis_20260612/source/runs_public_ladd/yolo11n/cap2/ladd_hbb_ogsod11n_formal_nomosaic_yolo11n_cap2_s42_bnfreeze1e3_public4090dual_final_v2_b_e800_b64_s42_gpu0,ladd/results/ladd_curve_analysis_20260612/source/runs_public_ladd/yolo11n/cap2/ladd_hbb_ogsod11n_formal_nomosaic_yolo11n_cap2_s42_bnfreeze1e3_public4090dual_final_v2_b_e800_b64_s42_gpu0/results.csv,,
ladd_hbb_ogsod11n_formal_nomosaic_yolo11n_cap2_s42_bnfreeze1e3_public4090dual_final_v2_b_e800_b64_s42_gpu0,ladd,ladd4090,candidate_or_unknown,formal_nomosaic_800,0,800,full_800,mainline_candidate,yes,n,42,b,800,0.57615,400,0.57295,800,0.85586,0.85155,ladd/results/mainline_stability_20260609/remote_4090dual/runs_public/ogsod/hbb/formal_nomosaic_20260528/ladd/yolo11n/cap2/ladd_hbb_ogsod11n_formal_nomosaic_yolo11n_cap2_s42_bnfreeze1e3_public4090dual_final_v2_b_e800_b64_s42_gpu0,ladd/results/mainline_stability_20260609/remote_4090dual/runs_public/ogsod/hbb/formal_nomosaic_20260528/ladd/yolo11n/cap2/ladd_hbb_ogsod11n_formal_nomosaic_yolo11n_cap2_s42_bnfreeze1e3_public4090dual_final_v2_b_e800_b64_s42_gpu0/results.csv,,
ladd_hbb_ogsod11n_formal_nomosaic_yolo11s_cap2_s0_a2mu1e3_b_e800_b64_s0_gpu5,ladd,ladd90,candidate_or_unknown,formal_nomosaic_800,0,800,full_800,mainline_candidate,yes,s,0,b,608,0.63551,605,0.63527,608,0.91614,0.91614,ladd/results/converged_mainline_ladd_20260613/source/no_mosaic_90/s_cap2/ladd_hbb_ogsod11n_formal_nomosaic_yolo11s_cap2_s0_a2mu1e3_b_e800_b64_s0_gpu5,ladd/results/converged_mainline_ladd_20260613/source/no_mosaic_90/s_cap2/ladd_hbb_ogsod11n_formal_nomosaic_yolo11s_cap2_s0_a2mu1e3_b_e800_b64_s0_gpu5/results.csv,,
ladd_hbb_ogsod11n_formal_nomosaic_yolo11s_cap2_s0_bnfreeze1e3_public4090dual_final_v2_b_e800_b64_s0_gpu1,ladd,ladd4090,candidate_or_unknown,formal_nomosaic_800,0,800,full_800,mainline_candidate,yes,s,0,b,800,0.63388,263,0.61759,800,0.91848,0.89676,ladd/results/converged_mainline_ladd_20260613/source/no_mosaic_4090dual/s_cap2/ladd_hbb_ogsod11n_formal_nomosaic_yolo11s_cap2_s0_bnfreeze1e3_public4090dual_final_v2_b_e800_b64_s0_gpu1,ladd/results/converged_mainline_ladd_20260613/source/no_mosaic_4090dual/s_cap2/ladd_hbb_ogsod11n_formal_nomosaic_yolo11s_cap2_s0_bnfreeze1e3_public4090dual_final_v2_b_e800_b64_s0_gpu1/results.csv,,
ladd_hbb_ogsod11n_formal_nomosaic_yolo11s_cap2_s0_bnfreeze1e3_public4090dual_final_v2_b_e800_b64_s0_gpu1,ladd,ladd4090,diagnostic,formal_nomosaic_800,0,800,full_800,diagnostic,partial,s,0,b,800,0.63388,263,0.61759,800,0.91848,0.89676,ladd/results/ladd4090_shutdown_sync_20260614/evidence_raw/ladd4090/repo_root_snapshot/runs_public/ogsod/hbb/formal_nomosaic_20260528/ladd/yolo11s/cap2/ladd_hbb_ogsod11n_formal_nomosaic_yolo11s_cap2_s0_bnfreeze1e3_public4090dual_final_v2_b_e800_b64_s0_gpu1,ladd/results/ladd4090_shutdown_sync_20260614/evidence_raw/ladd4090/repo_root_snapshot/runs_public/ogsod/hbb/formal_nomosaic_20260528/ladd/yolo11s/cap2/ladd_hbb_ogsod11n_formal_nomosaic_yolo11s_cap2_s0_bnfreeze1e3_public4090dual_final_v2_b_e800_b64_s0_gpu1/results.csv,,
ladd_hbb_ogsod11n_formal_nomosaic_yolo11s_cap2_s0_bnfreeze1e3_public4090dual_final_v2_b_e800_b64_s0_gpu1,ladd,ladd4090,candidate_or_unknown,formal_nomosaic_800,0,800,full_800,mainline_candidate,yes,s,0,b,800,0.63388,263,0.61759,800,0.91848,0.89676,ladd/results/ladd_curve_analysis_20260612/source/runs_public_ladd/yolo11s/cap2/ladd_hbb_ogsod11n_formal_nomosaic_yolo11s_cap2_s0_bnfreeze1e3_public4090dual_final_v2_b_e800_b64_s0_gpu1,ladd/results/ladd_curve_analysis_20260612/source/runs_public_ladd/yolo11s/cap2/ladd_hbb_ogsod11n_formal_nomosaic_yolo11s_cap2_s0_bnfreeze1e3_public4090dual_final_v2_b_e800_b64_s0_gpu1/results.csv,,
ladd_hbb_ogsod11n_formal_nomosaic_yolo11s_cap2_s0_bnfreeze1e3_public4090dual_final_v2_b_e800_b64_s0_gpu1,ladd,ladd4090,candidate_or_unknown,formal_nomosaic_800,0,800,full_800,mainline_candidate,yes,s,0,b,800,0.63388,263,0.61759,800,0.91848,0.89676,ladd/results/mainline_stability_20260609/remote_4090dual/runs_public/ogsod/hbb/formal_nomosaic_20260528/ladd/yolo11s/cap2/ladd_hbb_ogsod11n_formal_nomosaic_yolo11s_cap2_s0_bnfreeze1e3_public4090dual_final_v2_b_e800_b64_s0_gpu1,ladd/results/mainline_stability_20260609/remote_4090dual/runs_public/ogsod/hbb/formal_nomosaic_20260528/ladd/yolo11s/cap2/ladd_hbb_ogsod11n_formal_nomosaic_yolo11s_cap2_s0_bnfreeze1e3_public4090dual_final_v2_b_e800_b64_s0_gpu1/results.csv,,
a2,ladd,ladd4090,candidate_or_unknown,formal_nomosaic_compressed,0,50,compressed,diagnostic,partial,m,0,a2,50,0.64521,4,0.63892,50,0.93518,0.93027,ladd/results/a2_damage_20260612/runs/m_a2_detonly/a2,ladd/results/a2_damage_20260612/runs/m_a2_detonly/a2/results.csv,ladd/results/a2_damage_20260612/runs/m_a2_detonly/a2/ladd_diagnostics.csv,6523ba98fea7d619a98442a11ba84dc55c99b638
ladd_hbb_ogsod11m_formal_nomosaic_yolo11m_cap2_s0_diag_a2damage_m_s0_a2detonly_b1_retry1_a2_e50_b32_s0_gpu1,ladd,ladd4090,diagnostic,formal_nomosaic_compressed,0,50,compressed,diagnostic,partial,m,0,b1,50,0.64521,4,0.63892,50,0.93518,0.93027,ladd/results/ladd4090_shutdown_sync_20260614/evidence_raw/ladd4090/repo_root_snapshot/runs_public/ogsod/hbb/formal_nomosaic_20260528/ladd/yolo11m/cap2/ladd_hbb_ogsod11m_formal_nomosaic_yolo11m_cap2_s0_diag_a2damage_m_s0_a2detonly_b1_retry1_a2_e50_b32_s0_gpu1,ladd/results/ladd4090_shutdown_sync_20260614/evidence_raw/ladd4090/repo_root_snapshot/runs_public/ogsod/hbb/formal_nomosaic_20260528/ladd/yolo11m/cap2/ladd_hbb_ogsod11m_formal_nomosaic_yolo11m_cap2_s0_diag_a2damage_m_s0_a2detonly_b1_retry1_a2_e50_b32_s0_gpu1/results.csv,ladd/results/ladd4090_shutdown_sync_20260614/evidence_raw/ladd4090/repo_root_snapshot/runs_public/ogsod/hbb/formal_nomosaic_20260528/ladd/yolo11m/cap2/ladd_hbb_ogsod11m_formal_nomosaic_yolo11m_cap2_s0_diag_a2damage_m_s0_a2detonly_b1_retry1_a2_e50_b32_s0_gpu1/ladd_diagnostics.csv,
ladd_hbb_ogsod11m_formal_nomosaic_yolo11m_cap2_s0_diag_a2damage_m_s0_a2detonly_b1_retry1_a2_e50_b32_s0_gpu1,ladd,ladd4090,diagnostic,formal_nomosaic_compressed,0,50,compressed,diagnostic,partial,m,0,b1,50,0.64521,4,0.63892,50,0.93518,0.93027,ladd/results/ladd_curve_analysis_20260612/source/runs_public_ladd/yolo11m/cap2/ladd_hbb_ogsod11m_formal_nomosaic_yolo11m_cap2_s0_diag_a2damage_m_s0_a2detonly_b1_retry1_a2_e50_b32_s0_gpu1,ladd/results/ladd_curve_analysis_20260612/source/runs_public_ladd/yolo11m/cap2/ladd_hbb_ogsod11m_formal_nomosaic_yolo11m_cap2_s0_diag_a2damage_m_s0_a2detonly_b1_retry1_a2_e50_b32_s0_gpu1/results.csv,ladd/results/ladd_curve_analysis_20260612/source/runs_public_ladd/yolo11m/cap2/ladd_hbb_ogsod11m_formal_nomosaic_yolo11m_cap2_s0_diag_a2damage_m_s0_a2detonly_b1_retry1_a2_e50_b32_s0_gpu1/ladd_diagnostics.csv,
ladd_hbb_ogsod11m_formal_nomosaic_yolo11m_cap2_s0_diag_a2damage_m_s0_a2lr3e4_b1_retry2_a2_e50_b32_s0_gpu1,ladd,ladd4090,diagnostic,formal_nomosaic_compressed,0,50,compressed,diagnostic,partial,m,0,b1,40,0.64707,4,0.64123,40,0.93528,0.93041,ladd/results/ladd4090_shutdown_sync_20260614/evidence_raw/ladd4090/repo_root_snapshot/runs_public/ogsod/hbb/formal_nomosaic_20260528/ladd/yolo11m/cap2/ladd_hbb_ogsod11m_formal_nomosaic_yolo11m_cap2_s0_diag_a2damage_m_s0_a2lr3e4_b1_retry2_a2_e50_b32_s0_gpu1,ladd/results/ladd4090_shutdown_sync_20260614/evidence_raw/ladd4090/repo_root_snapshot/runs_public/ogsod/hbb/formal_nomosaic_20260528/ladd/yolo11m/cap2/ladd_hbb_ogsod11m_formal_nomosaic_yolo11m_cap2_s0_diag_a2damage_m_s0_a2lr3e4_b1_retry2_a2_e50_b32_s0_gpu1/results.csv,ladd/results/ladd4090_shutdown_sync_20260614/evidence_raw/ladd4090/repo_root_snapshot/runs_public/ogsod/hbb/formal_nomosaic_20260528/ladd/yolo11m/cap2/ladd_hbb_ogsod11m_formal_nomosaic_yolo11m_cap2_s0_diag_a2damage_m_s0_a2lr3e4_b1_retry2_a2_e50_b32_s0_gpu1/ladd_diagnostics.csv,
ladd_hbb_ogsod11m_formal_nomosaic_yolo11m_cap2_s0_diag_a2damage_m_s0_a2lr3e4_b1_retry2_a2_e50_b32_s0_gpu1,ladd,ladd4090,diagnostic,formal_nomosaic_compressed,0,50,compressed,diagnostic,partial,m,0,b1,40,0.64707,4,0.64123,40,0.93528,0.93041,ladd/results/ladd_curve_analysis_20260612/source/runs_public_ladd/yolo11m/cap2/ladd_hbb_ogsod11m_formal_nomosaic_yolo11m_cap2_s0_diag_a2damage_m_s0_a2lr3e4_b1_retry2_a2_e50_b32_s0_gpu1,ladd/results/ladd_curve_analysis_20260612/source/runs_public_ladd/yolo11m/cap2/ladd_hbb_ogsod11m_formal_nomosaic_yolo11m_cap2_s0_diag_a2damage_m_s0_a2lr3e4_b1_retry2_a2_e50_b32_s0_gpu1/results.csv,ladd/results/ladd_curve_analysis_20260612/source/runs_public_ladd/yolo11m/cap2/ladd_hbb_ogsod11m_formal_nomosaic_yolo11m_cap2_s0_diag_a2damage_m_s0_a2lr3e4_b1_retry2_a2_e50_b32_s0_gpu1/ladd_diagnostics.csv,
ladd_hbb_ogsod11m_formal_nomosaic_yolo11m_cap2_s0_diag_a2damage_m_s0_a2lr3e4_b1_retry3_a2_e50_b32_s0_gpu1,ladd,ladd4090,diagnostic,formal_nomosaic_compressed,0,50,compressed,diagnostic,partial,m,0,b1,50,0.64611,8,0.63911,50,0.93681,0.92969,ladd/results/ladd4090_shutdown_sync_20260614/evidence_raw/ladd4090/repo_root_snapshot/runs_public/ogsod/hbb/formal_nomosaic_20260528/ladd/yolo11m/cap2/ladd_hbb_ogsod11m_formal_nomosaic_yolo11m_cap2_s0_diag_a2damage_m_s0_a2lr3e4_b1_retry3_a2_e50_b32_s0_gpu1,ladd/results/ladd4090_shutdown_sync_20260614/evidence_raw/ladd4090/repo_root_snapshot/runs_public/ogsod/hbb/formal_nomosaic_20260528/ladd/yolo11m/cap2/ladd_hbb_ogsod11m_formal_nomosaic_yolo11m_cap2_s0_diag_a2damage_m_s0_a2lr3e4_b1_retry3_a2_e50_b32_s0_gpu1/results.csv,ladd/results/ladd4090_shutdown_sync_20260614/evidence_raw/ladd4090/repo_root_snapshot/runs_public/ogsod/hbb/formal_nomosaic_20260528/ladd/yolo11m/cap2/ladd_hbb_ogsod11m_formal_nomosaic_yolo11m_cap2_s0_diag_a2damage_m_s0_a2lr3e4_b1_retry3_a2_e50_b32_s0_gpu1/ladd_diagnostics.csv,
ladd_hbb_ogsod11m_formal_nomosaic_yolo11m_cap2_s0_diag_a2damage_m_s0_a2lr3e4_b1_retry3_a2_e50_b32_s0_gpu1,ladd,ladd4090,diagnostic,formal_nomosaic_compressed,0,50,compressed,diagnostic,partial,m,0,b1,50,0.64611,8,0.63911,50,0.93681,0.92969,ladd/results/ladd_curve_analysis_20260612/source/runs_public_ladd/yolo11m/cap2/ladd_hbb_ogsod11m_formal_nomosaic_yolo11m_cap2_s0_diag_a2damage_m_s0_a2lr3e4_b1_retry3_a2_e50_b32_s0_gpu1,ladd/results/ladd_curve_analysis_20260612/source/runs_public_ladd/yolo11m/cap2/ladd_hbb_ogsod11m_formal_nomosaic_yolo11m_cap2_s0_diag_a2damage_m_s0_a2lr3e4_b1_retry3_a2_e50_b32_s0_gpu1/results.csv,ladd/results/ladd_curve_analysis_20260612/source/runs_public_ladd/yolo11m/cap2/ladd_hbb_ogsod11m_formal_nomosaic_yolo11m_cap2_s0_diag_a2damage_m_s0_a2lr3e4_b1_retry3_a2_e50_b32_s0_gpu1/ladd_diagnostics.csv,
m_A2_detonly_A2,ladd,ladd4090,candidate_or_unknown,formal_nomosaic_compressed,0,50,compressed,diagnostic,partial,m,0,a2,50,0.64521,4,0.63892,50,0.93518,0.93027,ladd/results/a2_damage_20260612/final_evidence/runs/m_A2_detonly_A2,ladd/results/a2_damage_20260612/final_evidence/runs/m_A2_detonly_A2/results.csv,ladd/results/a2_damage_20260612/final_evidence/runs/m_A2_detonly_A2/ladd_diagnostics.csv,
m_A2_lr3e4_full50_retry3_B1_A2,ladd,ladd4090,candidate_or_unknown,formal_nomosaic_compressed,0,50,compressed,diagnostic,partial,m,0,a2,50,0.64611,8,0.63911,50,0.93681,0.92969,ladd/results/a2_selection_20260612/current_evidence/runs/m_A2_lr3e4_full50_retry3_B1_A2,ladd/results/a2_selection_20260612/current_evidence/runs/m_A2_lr3e4_full50_retry3_B1_A2/results.csv,ladd/results/a2_selection_20260612/current_evidence/runs/m_A2_lr3e4_full50_retry3_B1_A2/ladd_diagnostics.csv,665cdb4871d9a5620befc46d93d693765779d60b
m_A2_lr3e4_retry2_A2_incomplete,ladd,ladd4090,candidate_or_unknown,formal_nomosaic_compressed,0,50,compressed,diagnostic,partial,m,0,a2,40,0.64707,4,0.64123,40,0.93528,0.93041,ladd/results/a2_damage_20260612/final_evidence/runs/m_A2_lr3e4_retry2_A2_incomplete,ladd/results/a2_damage_20260612/final_evidence/runs/m_A2_lr3e4_retry2_A2_incomplete/results.csv,ladd/results/a2_damage_20260612/final_evidence/runs/m_A2_lr3e4_retry2_A2_incomplete/ladd_diagnostics.csv,
h1_n_b100,ladd,ladd4090,diagnostic,formal_nomosaic_compressed,0,100,compressed,diagnostic,partial,n,0,,100,0.55872,100,0.55872,100,0.8274,0.8271,docs/experiments/ladd_h1_diag_20260610_artifacts/h1_n_b100,docs/experiments/ladd_h1_diag_20260610_artifacts/h1_n_b100/results.csv,,unknown
ladd_hbb_ogsod11n_formal_nomosaic_yolo11n_cap2_s0_a2mu1e3_a2_e50_b64_s0_gpu6,ladd,ladd90,candidate_or_unknown,formal_nomosaic_compressed,0,50,compressed,diagnostic,partial,n,0,a2,50,0.56273,49,0.562,50,0.83152,0.83094,ladd/results/converged_mainline_ladd_20260613/source/no_mosaic_90/n_cap2/ladd_hbb_ogsod11n_formal_nomosaic_yolo11n_cap2_s0_a2mu1e3_a2_e50_b64_s0_gpu6,ladd/results/converged_mainline_ladd_20260613/source/no_mosaic_90/n_cap2/ladd_hbb_ogsod11n_formal_nomosaic_yolo11n_cap2_s0_a2mu1e3_a2_e50_b64_s0_gpu6/results.csv,,
ladd_hbb_ogsod11n_formal_nomosaic_yolo11n_cap2_s0_bentrance_N1_basecontinue_b100_after67b_b_e100_b64_s0_gpu0,ladd,ladd4090,diagnostic,formal_nomosaic_compressed,0,100,compressed,diagnostic,partial,n,0,b,100,0.56615,99,0.56594,100,0.83229,0.83174,ladd/results/ladd4090_shutdown_sync_20260614/evidence_raw/ladd4090/repo_root_snapshot/runs_public/ogsod/hbb/formal_nomosaic_20260528/ladd/yolo11n/cap2/ladd_hbb_ogsod11n_formal_nomosaic_yolo11n_cap2_s0_bentrance_N1_basecontinue_b100_after67b_b_e100_b64_s0_gpu0,ladd/results/ladd4090_shutdown_sync_20260614/evidence_raw/ladd4090/repo_root_snapshot/runs_public/ogsod/hbb/formal_nomosaic_20260528/ladd/yolo11n/cap2/ladd_hbb_ogsod11n_formal_nomosaic_yolo11n_cap2_s0_bentrance_N1_basecontinue_b100_after67b_b_e100_b64_s0_gpu0/results.csv,ladd/results/ladd4090_shutdown_sync_20260614/evidence_raw/ladd4090/repo_root_snapshot/runs_public/ogsod/hbb/formal_nomosaic_20260528/ladd/yolo11n/cap2/ladd_hbb_ogsod11n_formal_nomosaic_yolo11n_cap2_s0_bentrance_N1_basecontinue_b100_after67b_b_e100_b64_s0_gpu0/ladd_diagnostics.csv,
ladd_hbb_ogsod11n_formal_nomosaic_yolo11n_cap2_s0_bentrance_N2_a2best_continue_b100_after67b_b_e100_b64_s0_gpu1,ladd,ladd4090,diagnostic,formal_nomosaic_compressed,0,100,compressed,diagnostic,partial,n,0,b,100,0.55872,100,0.55872,100,0.8274,0.8271,ladd/results/ladd4090_shutdown_sync_20260614/evidence_raw/ladd4090/repo_root_snapshot/runs_public/ogsod/hbb/formal_nomosaic_20260528/ladd/yolo11n/cap2/ladd_hbb_ogsod11n_formal_nomosaic_yolo11n_cap2_s0_bentrance_N2_a2best_continue_b100_after67b_b_e100_b64_s0_gpu1,ladd/results/ladd4090_shutdown_sync_20260614/evidence_raw/ladd4090/repo_root_snapshot/runs_public/ogsod/hbb/formal_nomosaic_20260528/ladd/yolo11n/cap2/ladd_hbb_ogsod11n_formal_nomosaic_yolo11n_cap2_s0_bentrance_N2_a2best_continue_b100_after67b_b_e100_b64_s0_gpu1/results.csv,ladd/results/ladd4090_shutdown_sync_20260614/evidence_raw/ladd4090/repo_root_snapshot/runs_public/ogsod/hbb/formal_nomosaic_20260528/ladd/yolo11n/cap2/ladd_hbb_ogsod11n_formal_nomosaic_yolo11n_cap2_s0_bentrance_N2_a2best_continue_b100_after67b_b_e100_b64_s0_gpu1/ladd_diagnostics.csv,
ladd_hbb_ogsod11n_formal_nomosaic_yolo11n_cap2_s0_bentrance_N2_a2last_continue_b100_after67b_b_e100_b64_s0_gpu1,ladd,ladd4090,diagnostic,formal_nomosaic_compressed,0,100,compressed,diagnostic,partial,n,0,b,6,0.52624,1,0.51888,6,0.81277,0.80726,ladd/results/ladd4090_shutdown_sync_20260614/evidence_raw/ladd4090/repo_root_snapshot/runs_public/ogsod/hbb/formal_nomosaic_20260528/ladd/yolo11n/cap2/ladd_hbb_ogsod11n_formal_nomosaic_yolo11n_cap2_s0_bentrance_N2_a2last_continue_b100_after67b_b_e100_b64_s0_gpu1,ladd/results/ladd4090_shutdown_sync_20260614/evidence_raw/ladd4090/repo_root_snapshot/runs_public/ogsod/hbb/formal_nomosaic_20260528/ladd/yolo11n/cap2/ladd_hbb_ogsod11n_formal_nomosaic_yolo11n_cap2_s0_bentrance_N2_a2last_continue_b100_after67b_b_e100_b64_s0_gpu1/results.csv,ladd/results/ladd4090_shutdown_sync_20260614/evidence_raw/ladd4090/repo_root_snapshot/runs_public/ogsod/hbb/formal_nomosaic_20260528/ladd/yolo11n/cap2/ladd_hbb_ogsod11n_formal_nomosaic_yolo11n_cap2_s0_bentrance_N2_a2last_continue_b100_after67b_b_e100_b64_s0_gpu1/ladd_diagnostics.csv,
ladd_hbb_ogsod11n_formal_nomosaic_yolo11n_cap2_s0_bentrance_N3_base_a2last_decomp_b100_after67b_b_e100_b64_s0_gpu0,ladd,ladd4090,diagnostic,formal_nomosaic_compressed,0,100,compressed,diagnostic,partial,n,0,b,100,0.55722,100,0.55722,100,0.82545,0.82435,ladd/results/ladd4090_shutdown_sync_20260614/evidence_raw/ladd4090/repo_root_snapshot/runs_public/ogsod/hbb/formal_nomosaic_20260528/ladd/yolo11n/cap2/ladd_hbb_ogsod11n_formal_nomosaic_yolo11n_cap2_s0_bentrance_N3_base_a2last_decomp_b100_after67b_b_e100_b64_s0_gpu0,ladd/results/ladd4090_shutdown_sync_20260614/evidence_raw/ladd4090/repo_root_snapshot/runs_public/ogsod/hbb/formal_nomosaic_20260528/ladd/yolo11n/cap2/ladd_hbb_ogsod11n_formal_nomosaic_yolo11n_cap2_s0_bentrance_N3_base_a2last_decomp_b100_after67b_b_e100_b64_s0_gpu0/results.csv,ladd/results/ladd4090_shutdown_sync_20260614/evidence_raw/ladd4090/repo_root_snapshot/runs_public/ogsod/hbb/formal_nomosaic_20260528/ladd/yolo11n/cap2/ladd_hbb_ogsod11n_formal_nomosaic_yolo11n_cap2_s0_bentrance_N3_base_a2last_decomp_b100_after67b_b_e100_b64_s0_gpu0/ladd_diagnostics.csv,
ladd_hbb_ogsod11n_formal_nomosaic_yolo11n_cap2_s0_bentrance_N4_base_a2last_kdramp_b120_after67b_b_e120_b64_s0_gpu1,ladd,ladd4090,diagnostic,formal_nomosaic_compressed,0,120,compressed,diagnostic,partial,n,0,b,120,0.56379,113,0.56311,120,0.83298,0.83064,ladd/results/ladd4090_shutdown_sync_20260614/evidence_raw/ladd4090/repo_root_snapshot/runs_public/ogsod/hbb/formal_nomosaic_20260528/ladd/yolo11n/cap2/ladd_hbb_ogsod11n_formal_nomosaic_yolo11n_cap2_s0_bentrance_N4_base_a2last_kdramp_b120_after67b_b_e120_b64_s0_gpu1,ladd/results/ladd4090_shutdown_sync_20260614/evidence_raw/ladd4090/repo_root_snapshot/runs_public/ogsod/hbb/formal_nomosaic_20260528/ladd/yolo11n/cap2/ladd_hbb_ogsod11n_formal_nomosaic_yolo11n_cap2_s0_bentrance_N4_base_a2last_kdramp_b120_after67b_b_e120_b64_s0_gpu1/results.csv,ladd/results/ladd4090_shutdown_sync_20260614/evidence_raw/ladd4090/repo_root_snapshot/runs_public/ogsod/hbb/formal_nomosaic_20260528/ladd/yolo11n/cap2/ladd_hbb_ogsod11n_formal_nomosaic_yolo11n_cap2_s0_bentrance_N4_base_a2last_kdramp_b120_after67b_b_e120_b64_s0_gpu1/ladd_diagnostics.csv,
ladd_hbb_ogsod11n_formal_nomosaic_yolo11n_cap2_s0_fix_n_s0_a2lr3e4_short13_bweakKD0p25_b200_b_e200_b64_s0_gpu1,ladd,ladd4090,diagnostic,formal_nomosaic_compressed,0,200,compressed,diagnostic,partial,n,0,b,200,0.56476,197,0.56419,200,0.83406,0.83295,ladd/results/ladd4090_shutdown_sync_20260614/evidence_raw/ladd4090/repo_root_snapshot/runs_public/ogsod/hbb/formal_nomosaic_20260528/ladd/yolo11n/cap2/ladd_hbb_ogsod11n_formal_nomosaic_yolo11n_cap2_s0_fix_n_s0_a2lr3e4_short13_bweakKD0p25_b200_b_e200_b64_s0_gpu1,ladd/results/ladd4090_shutdown_sync_20260614/evidence_raw/ladd4090/repo_root_snapshot/runs_public/ogsod/hbb/formal_nomosaic_20260528/ladd/yolo11n/cap2/ladd_hbb_ogsod11n_formal_nomosaic_yolo11n_cap2_s0_fix_n_s0_a2lr3e4_short13_bweakKD0p25_b200_b_e200_b64_s0_gpu1/results.csv,ladd/results/ladd4090_shutdown_sync_20260614/evidence_raw/ladd4090/repo_root_snapshot/runs_public/ogsod/hbb/formal_nomosaic_20260528/ladd/yolo11n/cap2/ladd_hbb_ogsod11n_formal_nomosaic_yolo11n_cap2_s0_fix_n_s0_a2lr3e4_short13_bweakKD0p25_b200_b_e200_b64_s0_gpu1/ladd_diagnostics.csv,
ladd_hbb_ogsod11n_formal_nomosaic_yolo11n_cap2_s0_fix_n_s0_a2lr3e4_short13_bweakKD0p25_b200_b_e200_b64_s0_gpu1,ladd,ladd4090,candidate_or_unknown,formal_nomosaic_compressed,0,200,compressed,diagnostic,partial,n,0,b,32,0.54283,26,0.54039,32,0.82301,0.82108,ladd/results/ladd_curve_analysis_20260612/source/runs_public_ladd/yolo11n/cap2/ladd_hbb_ogsod11n_formal_nomosaic_yolo11n_cap2_s0_fix_n_s0_a2lr3e4_short13_bweakKD0p25_b200_b_e200_b64_s0_gpu1,ladd/results/ladd_curve_analysis_20260612/source/runs_public_ladd/yolo11n/cap2/ladd_hbb_ogsod11n_formal_nomosaic_yolo11n_cap2_s0_fix_n_s0_a2lr3e4_short13_bweakKD0p25_b200_b_e200_b64_s0_gpu1/results.csv,ladd/results/ladd_curve_analysis_20260612/source/runs_public_ladd/yolo11n/cap2/ladd_hbb_ogsod11n_formal_nomosaic_yolo11n_cap2_s0_fix_n_s0_a2lr3e4_short13_bweakKD0p25_b200_b_e200_b64_s0_gpu1/ladd_diagnostics.csv,
ladd_hbb_ogsod11n_formal_nomosaic_yolo11n_cap2_s0_fix_n_s0_a2lr3e4_short13_bweakKD0p25_b200_b_e200_b64_s0_gpu1,ladd,ladd4090,candidate_or_unknown,formal_nomosaic_compressed,0,200,compressed,diagnostic,partial,n,0,b,200,0.56476,197,0.56419,200,0.83406,0.83295,ladd/results/repair_experiments_20260613/evidence/main_4090/runs/n_weakkd0p25_b200/unknown/ladd_hbb_ogsod11n_formal_nomosaic_yolo11n_cap2_s0_fix_n_s0_a2lr3e4_short13_bweakKD0p25_b200_b_e200_b64_s0_gpu1,ladd/results/repair_experiments_20260613/evidence/main_4090/runs/n_weakkd0p25_b200/unknown/ladd_hbb_ogsod11n_formal_nomosaic_yolo11n_cap2_s0_fix_n_s0_a2lr3e4_short13_bweakKD0p25_b200_b_e200_b64_s0_gpu1/results.csv,ladd/results/repair_experiments_20260613/evidence/main_4090/runs/n_weakkd0p25_b200/unknown/ladd_hbb_ogsod11n_formal_nomosaic_yolo11n_cap2_s0_fix_n_s0_a2lr3e4_short13_bweakKD0p25_b200_b_e200_b64_s0_gpu1/ladd_diagnostics.csv,
ladd_hbb_ogsod11n_formal_nomosaic_yolo11n_original_s0_a2mu1e3_a2_e50_b64_s0_gpu4,ladd,ladd90,candidate_or_unknown,formal_nomosaic_compressed,0,50,compressed,diagnostic,partial,n,0,a2,50,0.56291,49,0.56217,50,0.83114,0.831,ladd/results/converged_mainline_ladd_20260613/source/no_mosaic_90/n_original/ladd_hbb_ogsod11n_formal_nomosaic_yolo11n_original_s0_a2mu1e3_a2_e50_b64_s0_gpu4,ladd/results/converged_mainline_ladd_20260613/source/no_mosaic_90/n_original/ladd_hbb_ogsod11n_formal_nomosaic_yolo11n_original_s0_a2mu1e3_a2_e50_b64_s0_gpu4/results.csv,,
run_files,ladd,ladd4090,candidate_or_unknown,formal_nomosaic_compressed,0,100,compressed,diagnostic,partial,n,0,,100,0.56615,99,0.56594,100,0.83229,0.83174,ladd/results/b_entrance_20260613/evidence/ladd4090/N1_basecontinue_b100/run_files,ladd/results/b_entrance_20260613/evidence/ladd4090/N1_basecontinue_b100/run_files/results.csv,ladd/results/b_entrance_20260613/evidence/ladd4090/N1_basecontinue_b100/run_files/ladd_diagnostics.csv,
run_files,ladd,ladd4090,candidate_or_unknown,formal_nomosaic_compressed,0,100,compressed,diagnostic,partial,n,0,,100,0.55872,100,0.55872,100,0.8274,0.8271,ladd/results/b_entrance_20260613/evidence/ladd4090/N2_a2best_continue_b100/run_files,ladd/results/b_entrance_20260613/evidence/ladd4090/N2_a2best_continue_b100/run_files/results.csv,ladd/results/b_entrance_20260613/evidence/ladd4090/N2_a2best_continue_b100/run_files/ladd_diagnostics.csv,
run_files,ladd,ladd4090,candidate_or_unknown,formal_nomosaic_compressed,0,100,compressed,diagnostic,partial,n,0,,100,0.55722,100,0.55722,100,0.82545,0.82435,ladd/results/b_entrance_20260613/evidence/ladd4090/N3_base_a2last_decomp_b100/run_files,ladd/results/b_entrance_20260613/evidence/ladd4090/N3_base_a2last_decomp_b100/run_files/results.csv,ladd/results/b_entrance_20260613/evidence/ladd4090/N3_base_a2last_decomp_b100/run_files/ladd_diagnostics.csv,
run_files,ladd,ladd4090,candidate_or_unknown,formal_nomosaic_compressed,0,120,compressed,diagnostic,partial,n,0,,120,0.56379,113,0.56311,120,0.83298,0.83064,ladd/results/b_entrance_20260613/evidence/ladd4090/N4_base_a2last_kdramp_b120/run_files,ladd/results/b_entrance_20260613/evidence/ladd4090/N4_base_a2last_kdramp_b120/run_files/results.csv,ladd/results/b_entrance_20260613/evidence/ladd4090/N4_base_a2last_kdramp_b120/run_files/ladd_diagnostics.csv,
ladd_hbb_ogsod11n_formal_nomosaic_yolo11n_cap2_s123_a2mu1e3_a2_e50_b64_s123_gpu5,ladd,ladd90,candidate_or_unknown,formal_nomosaic_compressed,0,50,compressed,diagnostic,partial,n,123,a2,50,0.56574,50,0.56574,50,0.83681,0.8359,ladd/results/converged_mainline_ladd_20260613/source/no_mosaic_90/n_cap2/ladd_hbb_ogsod11n_formal_nomosaic_yolo11n_cap2_s123_a2mu1e3_a2_e50_b64_s123_gpu5,ladd/results/converged_mainline_ladd_20260613/source/no_mosaic_90/n_cap2/ladd_hbb_ogsod11n_formal_nomosaic_yolo11n_cap2_s123_a2mu1e3_a2_e50_b64_s123_gpu5/results.csv,,
ladd_hbb_ogsod11n_formal_nomosaic_yolo11n_cap2_s42_a2mu1e3_a2_e50_b64_s42_gpu4,ladd,ladd90,candidate_or_unknown,formal_nomosaic_compressed,0,50,compressed,diagnostic,partial,n,42,a2,50,0.56198,44,0.56141,50,0.83629,0.83314,ladd/results/converged_mainline_ladd_20260613/source/no_mosaic_90/n_cap2/ladd_hbb_ogsod11n_formal_nomosaic_yolo11n_cap2_s42_a2mu1e3_a2_e50_b64_s42_gpu4,ladd/results/converged_mainline_ladd_20260613/source/no_mosaic_90/n_cap2/ladd_hbb_ogsod11n_formal_nomosaic_yolo11n_cap2_s42_a2mu1e3_a2_e50_b64_s42_gpu4/results.csv,,
ladd_hbb_ogsod11n_formal_nomosaic_yolo11n_cap2_s42_bnfreeze1e3_public4090dual_final_v2_a2_e50_b64_s42_gpu0,ladd,ladd4090,candidate_or_unknown,formal_nomosaic_compressed,0,50,compressed,diagnostic,partial,n,42,a2,50,0.56401,42,0.56127,50,0.83845,0.83403,ladd/results/converged_mainline_ladd_20260613/source/no_mosaic_4090dual/n_cap2/ladd_hbb_ogsod11n_formal_nomosaic_yolo11n_cap2_s42_bnfreeze1e3_public4090dual_final_v2_a2_e50_b64_s42_gpu0,ladd/results/converged_mainline_ladd_20260613/source/no_mosaic_4090dual/n_cap2/ladd_hbb_ogsod11n_formal_nomosaic_yolo11n_cap2_s42_bnfreeze1e3_public4090dual_final_v2_a2_e50_b64_s42_gpu0/results.csv,,
ladd_hbb_ogsod11n_formal_nomosaic_yolo11n_cap2_s42_bnfreeze1e3_public4090dual_final_v2_a2_e50_b64_s42_gpu0,ladd,ladd4090,diagnostic,formal_nomosaic_compressed,0,50,compressed,diagnostic,partial,n,42,a2,50,0.56401,42,0.56127,50,0.83845,0.83403,ladd/results/ladd4090_shutdown_sync_20260614/evidence_raw/ladd4090/repo_root_snapshot/runs_public/ogsod/hbb/formal_nomosaic_20260528/ladd/yolo11n/cap2/ladd_hbb_ogsod11n_formal_nomosaic_yolo11n_cap2_s42_bnfreeze1e3_public4090dual_final_v2_a2_e50_b64_s42_gpu0,ladd/results/ladd4090_shutdown_sync_20260614/evidence_raw/ladd4090/repo_root_snapshot/runs_public/ogsod/hbb/formal_nomosaic_20260528/ladd/yolo11n/cap2/ladd_hbb_ogsod11n_formal_nomosaic_yolo11n_cap2_s42_bnfreeze1e3_public4090dual_final_v2_a2_e50_b64_s42_gpu0/results.csv,,
ladd_hbb_ogsod11n_formal_nomosaic_yolo11n_cap2_s42_bnfreeze1e3_public4090dual_final_v2_a2_e50_b64_s42_gpu0,ladd,ladd4090,candidate_or_unknown,formal_nomosaic_compressed,0,50,compressed,diagnostic,partial,n,42,a2,50,0.56401,42,0.56127,50,0.83845,0.83403,ladd/results/ladd_curve_analysis_20260612/source/runs_public_ladd/yolo11n/cap2/ladd_hbb_ogsod11n_formal_nomosaic_yolo11n_cap2_s42_bnfreeze1e3_public4090dual_final_v2_a2_e50_b64_s42_gpu0,ladd/results/ladd_curve_analysis_20260612/source/runs_public_ladd/yolo11n/cap2/ladd_hbb_ogsod11n_formal_nomosaic_yolo11n_cap2_s42_bnfreeze1e3_public4090dual_final_v2_a2_e50_b64_s42_gpu0/results.csv,,
ladd_hbb_ogsod11n_formal_nomosaic_yolo11n_cap2_s42_bnfreeze1e3_public4090dual_final_v2_a2_e50_b64_s42_gpu0,ladd,ladd4090,candidate_or_unknown,formal_nomosaic_compressed,0,50,compressed,diagnostic,partial,n,42,a2,50,0.56401,42,0.56127,50,0.83845,0.83403,ladd/results/mainline_stability_20260609/remote_4090dual/runs_public/ogsod/hbb/formal_nomosaic_20260528/ladd/yolo11n/cap2/ladd_hbb_ogsod11n_formal_nomosaic_yolo11n_cap2_s42_bnfreeze1e3_public4090dual_final_v2_a2_e50_b64_s42_gpu0,ladd/results/mainline_stability_20260609/remote_4090dual/runs_public/ogsod/hbb/formal_nomosaic_20260528/ladd/yolo11n/cap2/ladd_hbb_ogsod11n_formal_nomosaic_yolo11n_cap2_s42_bnfreeze1e3_public4090dual_final_v2_a2_e50_b64_s42_gpu0/results.csv,,
a2,ladd,ladd4090,candidate_or_unknown,formal_nomosaic_compressed,0,50,compressed,diagnostic,partial,s,0,a2,50,0.62795,13,0.62222,50,0.91516,0.90696,ladd/results/a2_damage_20260612/runs/s_a2_detonly/a2,ladd/results/a2_damage_20260612/runs/s_a2_detonly/a2/results.csv,ladd/results/a2_damage_20260612/runs/s_a2_detonly/a2/ladd_diagnostics.csv,6523ba98fea7d619a98442a11ba84dc55c99b638
a2,ladd,ladd4090,candidate_or_unknown,formal_nomosaic_compressed,0,50,compressed,diagnostic,partial,s,0,a2,50,0.63309,13,0.62443,50,0.91333,0.9085,ladd/results/a2_damage_20260612/runs/s_a2_lr3e4/a2,ladd/results/a2_damage_20260612/runs/s_a2_lr3e4/a2/results.csv,ladd/results/a2_damage_20260612/runs/s_a2_lr3e4/a2/ladd_diagnostics.csv,6523ba98fea7d619a98442a11ba84dc55c99b638
b_snapshot292,ladd,ladd4090,diagnostic,formal_nomosaic_compressed,0,400,compressed,diagnostic,partial,s,0,b,292,0.63025,226,0.62594,292,0.91577,0.9095,ladd/results/a2_damage_20260612/runs/s_b_detonly_r2/b_snapshot292,ladd/results/a2_damage_20260612/runs/s_b_detonly_r2/b_snapshot292/results.csv,ladd/results/a2_damage_20260612/runs/s_b_detonly_r2/b_snapshot292/ladd_diagnostics.csv,6523ba98fea7d619a98442a11ba84dc55c99b638
h1_s_b400,ladd,ladd4090,diagnostic,formal_nomosaic_compressed,0,400,compressed,diagnostic,partial,s,0,,400,0.63127,216,0.62036,400,0.9175,0.9033,docs/experiments/ladd_h1_diag_20260610_artifacts/h1_s_b400,docs/experiments/ladd_h1_diag_20260610_artifacts/h1_s_b400/results.csv,docs/experiments/ladd_h1_diag_20260610_artifacts/h1_s_b400/ladd_diagnostics.csv,unknown
ladd_hbb_ogsod11n_formal_nomosaic_yolo11s_cap2_s0_bnfreeze1e3_public4090dual_final_v2_a2_e50_b64_s0_gpu1,ladd,ladd4090,diagnostic,formal_nomosaic_compressed,0,50,compressed,diagnostic,partial,s,0,a2,50,0.62664,12,0.62349,50,0.91372,0.90959,ladd/results/ladd4090_shutdown_sync_20260614/evidence_raw/ladd4090/repo_root_snapshot/runs_public/ogsod/hbb/formal_nomosaic_20260528/ladd/yolo11s/cap2/ladd_hbb_ogsod11n_formal_nomosaic_yolo11s_cap2_s0_bnfreeze1e3_public4090dual_final_v2_a2_e50_b64_s0_gpu1,ladd/results/ladd4090_shutdown_sync_20260614/evidence_raw/ladd4090/repo_root_snapshot/runs_public/ogsod/hbb/formal_nomosaic_20260528/ladd/yolo11s/cap2/ladd_hbb_ogsod11n_formal_nomosaic_yolo11s_cap2_s0_bnfreeze1e3_public4090dual_final_v2_a2_e50_b64_s0_gpu1/results.csv,,
ladd_hbb_ogsod11n_formal_nomosaic_yolo11s_cap2_s0_bnfreeze1e3_public4090dual_final_v2_a2_e50_b64_s0_gpu1,ladd,ladd4090,candidate_or_unknown,formal_nomosaic_compressed,0,50,compressed,diagnostic,partial,s,0,a2,50,0.62664,12,0.62349,50,0.91372,0.90959,ladd/results/ladd_curve_analysis_20260612/source/runs_public_ladd/yolo11s/cap2/ladd_hbb_ogsod11n_formal_nomosaic_yolo11s_cap2_s0_bnfreeze1e3_public4090dual_final_v2_a2_e50_b64_s0_gpu1,ladd/results/ladd_curve_analysis_20260612/source/runs_public_ladd/yolo11s/cap2/ladd_hbb_ogsod11n_formal_nomosaic_yolo11s_cap2_s0_bnfreeze1e3_public4090dual_final_v2_a2_e50_b64_s0_gpu1/results.csv,,
ladd_hbb_ogsod11n_formal_nomosaic_yolo11s_cap2_s0_bnfreeze1e3_public4090dual_final_v2_a2_e50_b64_s0_gpu1,ladd,ladd4090,candidate_or_unknown,formal_nomosaic_compressed,0,50,compressed,diagnostic,partial,s,0,a2,50,0.62664,12,0.62349,50,0.91372,0.90959,ladd/results/mainline_stability_20260609/remote_4090dual/runs_public/ogsod/hbb/formal_nomosaic_20260528/ladd/yolo11s/cap2/ladd_hbb_ogsod11n_formal_nomosaic_yolo11s_cap2_s0_bnfreeze1e3_public4090dual_final_v2_a2_e50_b64_s0_gpu1,ladd/results/mainline_stability_20260609/remote_4090dual/runs_public/ogsod/hbb/formal_nomosaic_20260528/ladd/yolo11s/cap2/ladd_hbb_ogsod11n_formal_nomosaic_yolo11s_cap2_s0_bnfreeze1e3_public4090dual_final_v2_a2_e50_b64_s0_gpu1/results.csv,,
ladd_hbb_ogsod11s_formal_nomosaic_yolo11s_cap2_s0_bentrance_S1_basecontinue_b100_autodl_after67b_b_e100_b64_s0_gpu0,ladd,autodl,candidate_or_unknown,formal_nomosaic_compressed,0,100,compressed,diagnostic,partial,s,0,b,100,0.62493,62,0.62238,100,0.91243,0.90843,ladd/results/autodl_shutdown_sync_20260614/evidence_raw/autodl/runs_public/ogsod/hbb/formal_nomosaic_20260528/ladd/yolo11s/cap2/ladd_hbb_ogsod11s_formal_nomosaic_yolo11s_cap2_s0_bentrance_S1_basecontinue_b100_autodl_after67b_b_e100_b64_s0_gpu0,ladd/results/autodl_shutdown_sync_20260614/evidence_raw/autodl/runs_public/ogsod/hbb/formal_nomosaic_20260528/ladd/yolo11s/cap2/ladd_hbb_ogsod11s_formal_nomosaic_yolo11s_cap2_s0_bentrance_S1_basecontinue_b100_autodl_after67b_b_e100_b64_s0_gpu0/results.csv,ladd/results/autodl_shutdown_sync_20260614/evidence_raw/autodl/runs_public/ogsod/hbb/formal_nomosaic_20260528/ladd/yolo11s/cap2/ladd_hbb_ogsod11s_formal_nomosaic_yolo11s_cap2_s0_bentrance_S1_basecontinue_b100_autodl_after67b_b_e100_b64_s0_gpu0/ladd_diagnostics.csv,
ladd_hbb_ogsod11s_formal_nomosaic_yolo11s_cap2_s0_bentrance_S1_basecontinue_b100_autodl_after67b_b_e100_b64_s0_gpu0,ladd,autodl,candidate_or_unknown,formal_nomosaic_compressed,0,100,compressed,diagnostic,partial,s,0,b,100,0.62493,62,0.62238,100,0.91243,0.90843,remote_backups/autodl_20260614_critical/formal_nomosaic_20260528/ladd/yolo11s/cap2/ladd_hbb_ogsod11s_formal_nomosaic_yolo11s_cap2_s0_bentrance_S1_basecontinue_b100_autodl_after67b_b_e100_b64_s0_gpu0,remote_backups/autodl_20260614_critical/formal_nomosaic_20260528/ladd/yolo11s/cap2/ladd_hbb_ogsod11s_formal_nomosaic_yolo11s_cap2_s0_bentrance_S1_basecontinue_b100_autodl_after67b_b_e100_b64_s0_gpu0/results.csv,remote_backups/autodl_20260614_critical/formal_nomosaic_20260528/ladd/yolo11s/cap2/ladd_hbb_ogsod11s_formal_nomosaic_yolo11s_cap2_s0_bentrance_S1_basecontinue_b100_autodl_after67b_b_e100_b64_s0_gpu0/ladd_diagnostics.csv,
ladd_hbb_ogsod11s_formal_nomosaic_yolo11s_cap2_s0_bentrance_S2_a2best_continue_b100_after67b_b_e100_b64_s0_gpu1,ladd,ladd4090,diagnostic,formal_nomosaic_compressed,0,100,compressed,diagnostic,partial,s,0,b,23,0.61945,23,0.61945,23,0.9112,0.9112,ladd/results/ladd4090_shutdown_sync_20260614/evidence_raw/ladd4090/repo_root_snapshot/runs_public/ogsod/hbb/formal_nomosaic_20260528/ladd/yolo11s/cap2/ladd_hbb_ogsod11s_formal_nomosaic_yolo11s_cap2_s0_bentrance_S2_a2best_continue_b100_after67b_b_e100_b64_s0_gpu1,ladd/results/ladd4090_shutdown_sync_20260614/evidence_raw/ladd4090/repo_root_snapshot/runs_public/ogsod/hbb/formal_nomosaic_20260528/ladd/yolo11s/cap2/ladd_hbb_ogsod11s_formal_nomosaic_yolo11s_cap2_s0_bentrance_S2_a2best_continue_b100_after67b_b_e100_b64_s0_gpu1/results.csv,ladd/results/ladd4090_shutdown_sync_20260614/evidence_raw/ladd4090/repo_root_snapshot/runs_public/ogsod/hbb/formal_nomosaic_20260528/ladd/yolo11s/cap2/ladd_hbb_ogsod11s_formal_nomosaic_yolo11s_cap2_s0_bentrance_S2_a2best_continue_b100_after67b_b_e100_b64_s0_gpu1/ladd_diagnostics.csv,
ladd_hbb_ogsod11s_formal_nomosaic_yolo11s_cap2_s0_bentrance_S2_a2best_continue_b100_after67b_retry2_b64_after_oom_b_e100_b64_s0_gpu1,ladd,ladd4090,diagnostic,formal_nomosaic_compressed,0,100,compressed,diagnostic,partial,s,0,b,100,0.62599,54,0.62174,100,0.91234,0.9077,ladd/results/ladd4090_shutdown_sync_20260614/evidence_raw/ladd4090/repo_root_snapshot/runs_public/ogsod/hbb/formal_nomosaic_20260528/ladd/yolo11s/cap2/ladd_hbb_ogsod11s_formal_nomosaic_yolo11s_cap2_s0_bentrance_S2_a2best_continue_b100_after67b_retry2_b64_after_oom_b_e100_b64_s0_gpu1,ladd/results/ladd4090_shutdown_sync_20260614/evidence_raw/ladd4090/repo_root_snapshot/runs_public/ogsod/hbb/formal_nomosaic_20260528/ladd/yolo11s/cap2/ladd_hbb_ogsod11s_formal_nomosaic_yolo11s_cap2_s0_bentrance_S2_a2best_continue_b100_after67b_retry2_b64_after_oom_b_e100_b64_s0_gpu1/results.csv,ladd/results/ladd4090_shutdown_sync_20260614/evidence_raw/ladd4090/repo_root_snapshot/runs_public/ogsod/hbb/formal_nomosaic_20260528/ladd/yolo11s/cap2/ladd_hbb_ogsod11s_formal_nomosaic_yolo11s_cap2_s0_bentrance_S2_a2best_continue_b100_after67b_retry2_b64_after_oom_b_e100_b64_s0_gpu1/ladd_diagnostics.csv,
ladd_hbb_ogsod11s_formal_nomosaic_yolo11s_cap2_s0_bentrance_S3_base_a2last_decomp_b100_after67b_b_e100_b64_s0_gpu0,ladd,ladd4090,diagnostic,formal_nomosaic_compressed,0,100,compressed,diagnostic,partial,s,0,b,100,0.62553,65,0.62262,100,0.91269,0.90919,ladd/results/ladd4090_shutdown_sync_20260614/evidence_raw/ladd4090/repo_root_snapshot/runs_public/ogsod/hbb/formal_nomosaic_20260528/ladd/yolo11s/cap2/ladd_hbb_ogsod11s_formal_nomosaic_yolo11s_cap2_s0_bentrance_S3_base_a2last_decomp_b100_after67b_b_e100_b64_s0_gpu0,ladd/results/ladd4090_shutdown_sync_20260614/evidence_raw/ladd4090/repo_root_snapshot/runs_public/ogsod/hbb/formal_nomosaic_20260528/ladd/yolo11s/cap2/ladd_hbb_ogsod11s_formal_nomosaic_yolo11s_cap2_s0_bentrance_S3_base_a2last_decomp_b100_after67b_b_e100_b64_s0_gpu0/results.csv,ladd/results/ladd4090_shutdown_sync_20260614/evidence_raw/ladd4090/repo_root_snapshot/runs_public/ogsod/hbb/formal_nomosaic_20260528/ladd/yolo11s/cap2/ladd_hbb_ogsod11s_formal_nomosaic_yolo11s_cap2_s0_bentrance_S3_base_a2last_decomp_b100_after67b_b_e100_b64_s0_gpu0/ladd_diagnostics.csv,
ladd_hbb_ogsod11s_formal_nomosaic_yolo11s_cap2_s0_bentrance_S4_base_a2last_kdramp_b120_after67b_b_e120_b64_s0_gpu1,ladd,ladd4090,diagnostic,formal_nomosaic_compressed,0,120,compressed,diagnostic,partial,s,0,b,24,0.62103,22,0.61618,24,0.90655,0.90322,ladd/results/ladd4090_shutdown_sync_20260614/evidence_raw/ladd4090/repo_root_snapshot/runs_public/ogsod/hbb/formal_nomosaic_20260528/ladd/yolo11s/cap2/ladd_hbb_ogsod11s_formal_nomosaic_yolo11s_cap2_s0_bentrance_S4_base_a2last_kdramp_b120_after67b_b_e120_b64_s0_gpu1,ladd/results/ladd4090_shutdown_sync_20260614/evidence_raw/ladd4090/repo_root_snapshot/runs_public/ogsod/hbb/formal_nomosaic_20260528/ladd/yolo11s/cap2/ladd_hbb_ogsod11s_formal_nomosaic_yolo11s_cap2_s0_bentrance_S4_base_a2last_kdramp_b120_after67b_b_e120_b64_s0_gpu1/results.csv,ladd/results/ladd4090_shutdown_sync_20260614/evidence_raw/ladd4090/repo_root_snapshot/runs_public/ogsod/hbb/formal_nomosaic_20260528/ladd/yolo11s/cap2/ladd_hbb_ogsod11s_formal_nomosaic_yolo11s_cap2_s0_bentrance_S4_base_a2last_kdramp_b120_after67b_b_e120_b64_s0_gpu1/ladd_diagnostics.csv,
ladd_hbb_ogsod11s_formal_nomosaic_yolo11s_cap2_s0_bentrance_S4_base_a2last_kdramp_b120_after67b_retry_strict_b64_b_e120_b64_s0_gpu0,ladd,ladd4090,diagnostic,formal_nomosaic_compressed,0,120,compressed,diagnostic,partial,s,0,b,120,0.62521,62,0.62111,120,0.9115,0.90806,ladd/results/ladd4090_shutdown_sync_20260614/evidence_raw/ladd4090/repo_root_snapshot/runs_public/ogsod/hbb/formal_nomosaic_20260528/ladd/yolo11s/cap2/ladd_hbb_ogsod11s_formal_nomosaic_yolo11s_cap2_s0_bentrance_S4_base_a2last_kdramp_b120_after67b_retry_strict_b64_b_e120_b64_s0_gpu0,ladd/results/ladd4090_shutdown_sync_20260614/evidence_raw/ladd4090/repo_root_snapshot/runs_public/ogsod/hbb/formal_nomosaic_20260528/ladd/yolo11s/cap2/ladd_hbb_ogsod11s_formal_nomosaic_yolo11s_cap2_s0_bentrance_S4_base_a2last_kdramp_b120_after67b_retry_strict_b64_b_e120_b64_s0_gpu0/results.csv,ladd/results/ladd4090_shutdown_sync_20260614/evidence_raw/ladd4090/repo_root_snapshot/runs_public/ogsod/hbb/formal_nomosaic_20260528/ladd/yolo11s/cap2/ladd_hbb_ogsod11s_formal_nomosaic_yolo11s_cap2_s0_bentrance_S4_base_a2last_kdramp_b120_after67b_retry_strict_b64_b_e120_b64_s0_gpu0/ladd_diagnostics.csv,
ladd_hbb_ogsod11s_formal_nomosaic_yolo11s_cap2_s0_diag_a2damage_s_s0_a2detonly_b1_retry1_a2_e50_b64_s0_gpu0,ladd,ladd4090,diagnostic,formal_nomosaic_compressed,0,50,compressed,diagnostic,partial,s,0,b1,50,0.62795,13,0.62222,50,0.91516,0.90696,ladd/results/ladd4090_shutdown_sync_20260614/evidence_raw/ladd4090/repo_root_snapshot/runs_public/ogsod/hbb/formal_nomosaic_20260528/ladd/yolo11s/cap2/ladd_hbb_ogsod11s_formal_nomosaic_yolo11s_cap2_s0_diag_a2damage_s_s0_a2detonly_b1_retry1_a2_e50_b64_s0_gpu0,ladd/results/ladd4090_shutdown_sync_20260614/evidence_raw/ladd4090/repo_root_snapshot/runs_public/ogsod/hbb/formal_nomosaic_20260528/ladd/yolo11s/cap2/ladd_hbb_ogsod11s_formal_nomosaic_yolo11s_cap2_s0_diag_a2damage_s_s0_a2detonly_b1_retry1_a2_e50_b64_s0_gpu0/results.csv,ladd/results/ladd4090_shutdown_sync_20260614/evidence_raw/ladd4090/repo_root_snapshot/runs_public/ogsod/hbb/formal_nomosaic_20260528/ladd/yolo11s/cap2/ladd_hbb_ogsod11s_formal_nomosaic_yolo11s_cap2_s0_diag_a2damage_s_s0_a2detonly_b1_retry1_a2_e50_b64_s0_gpu0/ladd_diagnostics.csv,
ladd_hbb_ogsod11s_formal_nomosaic_yolo11s_cap2_s0_diag_a2damage_s_s0_a2detonly_b1_retry1_a2_e50_b64_s0_gpu0,ladd,ladd4090,diagnostic,formal_nomosaic_compressed,0,50,compressed,diagnostic,partial,s,0,b1,50,0.62795,13,0.62222,50,0.91516,0.90696,ladd/results/ladd_curve_analysis_20260612/source/runs_public_ladd/yolo11s/cap2/ladd_hbb_ogsod11s_formal_nomosaic_yolo11s_cap2_s0_diag_a2damage_s_s0_a2detonly_b1_retry1_a2_e50_b64_s0_gpu0,ladd/results/ladd_curve_analysis_20260612/source/runs_public_ladd/yolo11s/cap2/ladd_hbb_ogsod11s_formal_nomosaic_yolo11s_cap2_s0_diag_a2damage_s_s0_a2detonly_b1_retry1_a2_e50_b64_s0_gpu0/results.csv,ladd/results/ladd_curve_analysis_20260612/source/runs_public_ladd/yolo11s/cap2/ladd_hbb_ogsod11s_formal_nomosaic_yolo11s_cap2_s0_diag_a2damage_s_s0_a2detonly_b1_retry1_a2_e50_b64_s0_gpu0/ladd_diagnostics.csv,
ladd_hbb_ogsod11s_formal_nomosaic_yolo11s_cap2_s0_diag_a2damage_s_s0_a2lr3e4_b1_a2_e50_b64_s0_gpu1,ladd,ladd4090,diagnostic,formal_nomosaic_compressed,0,50,compressed,diagnostic,partial,s,0,b1,50,0.63309,13,0.62443,50,0.91333,0.9085,ladd/results/ladd4090_shutdown_sync_20260614/evidence_raw/ladd4090/repo_root_snapshot/runs_public/ogsod/hbb/formal_nomosaic_20260528/ladd/yolo11s/cap2/ladd_hbb_ogsod11s_formal_nomosaic_yolo11s_cap2_s0_diag_a2damage_s_s0_a2lr3e4_b1_a2_e50_b64_s0_gpu1,ladd/results/ladd4090_shutdown_sync_20260614/evidence_raw/ladd4090/repo_root_snapshot/runs_public/ogsod/hbb/formal_nomosaic_20260528/ladd/yolo11s/cap2/ladd_hbb_ogsod11s_formal_nomosaic_yolo11s_cap2_s0_diag_a2damage_s_s0_a2lr3e4_b1_a2_e50_b64_s0_gpu1/results.csv,ladd/results/ladd4090_shutdown_sync_20260614/evidence_raw/ladd4090/repo_root_snapshot/runs_public/ogsod/hbb/formal_nomosaic_20260528/ladd/yolo11s/cap2/ladd_hbb_ogsod11s_formal_nomosaic_yolo11s_cap2_s0_diag_a2damage_s_s0_a2lr3e4_b1_a2_e50_b64_s0_gpu1/ladd_diagnostics.csv,
ladd_hbb_ogsod11s_formal_nomosaic_yolo11s_cap2_s0_diag_a2damage_s_s0_a2lr3e4_b1_a2_e50_b64_s0_gpu1,ladd,ladd4090,diagnostic,formal_nomosaic_compressed,0,50,compressed,diagnostic,partial,s,0,b1,50,0.63309,13,0.62443,50,0.91333,0.9085,ladd/results/ladd_curve_analysis_20260612/source/runs_public_ladd/yolo11s/cap2/ladd_hbb_ogsod11s_formal_nomosaic_yolo11s_cap2_s0_diag_a2damage_s_s0_a2lr3e4_b1_a2_e50_b64_s0_gpu1,ladd/results/ladd_curve_analysis_20260612/source/runs_public_ladd/yolo11s/cap2/ladd_hbb_ogsod11s_formal_nomosaic_yolo11s_cap2_s0_diag_a2damage_s_s0_a2lr3e4_b1_a2_e50_b64_s0_gpu1/results.csv,ladd/results/ladd_curve_analysis_20260612/source/runs_public_ladd/yolo11s/cap2/ladd_hbb_ogsod11s_formal_nomosaic_yolo11s_cap2_s0_diag_a2damage_s_s0_a2lr3e4_b1_a2_e50_b64_s0_gpu1/ladd_diagnostics.csv,
ladd_hbb_ogsod11s_formal_nomosaic_yolo11s_cap2_s0_diag_a2select_s_s0_a2lr3e4_short13_bdetonly200_b_e200_b64_s0_gpu0,ladd,ladd4090,diagnostic,formal_nomosaic_compressed,0,200,compressed,diagnostic,partial,s,0,b,200,0.62436,84,0.6188,200,0.91411,0.90797,ladd/results/ladd4090_shutdown_sync_20260614/evidence_raw/ladd4090/repo_root_snapshot/runs_public/ogsod/hbb/formal_nomosaic_20260528/ladd/yolo11s/cap2/ladd_hbb_ogsod11s_formal_nomosaic_yolo11s_cap2_s0_diag_a2select_s_s0_a2lr3e4_short13_bdetonly200_b_e200_b64_s0_gpu0,ladd/results/ladd4090_shutdown_sync_20260614/evidence_raw/ladd4090/repo_root_snapshot/runs_public/ogsod/hbb/formal_nomosaic_20260528/ladd/yolo11s/cap2/ladd_hbb_ogsod11s_formal_nomosaic_yolo11s_cap2_s0_diag_a2select_s_s0_a2lr3e4_short13_bdetonly200_b_e200_b64_s0_gpu0/results.csv,ladd/results/ladd4090_shutdown_sync_20260614/evidence_raw/ladd4090/repo_root_snapshot/runs_public/ogsod/hbb/formal_nomosaic_20260528/ladd/yolo11s/cap2/ladd_hbb_ogsod11s_formal_nomosaic_yolo11s_cap2_s0_diag_a2select_s_s0_a2lr3e4_short13_bdetonly200_b_e200_b64_s0_gpu0/ladd_diagnostics.csv,
ladd_hbb_ogsod11s_formal_nomosaic_yolo11s_cap2_s0_diag_a2select_s_s0_a2lr3e4_short13_bdetonly200_b_e200_b64_s0_gpu0,ladd,ladd4090,diagnostic,formal_nomosaic_compressed,0,200,compressed,diagnostic,partial,s,0,b,200,0.62436,84,0.6188,200,0.91411,0.90797,ladd/results/ladd_curve_analysis_20260612/source/runs_public_ladd/yolo11s/cap2/ladd_hbb_ogsod11s_formal_nomosaic_yolo11s_cap2_s0_diag_a2select_s_s0_a2lr3e4_short13_bdetonly200_b_e200_b64_s0_gpu0,ladd/results/ladd_curve_analysis_20260612/source/runs_public_ladd/yolo11s/cap2/ladd_hbb_ogsod11s_formal_nomosaic_yolo11s_cap2_s0_diag_a2select_s_s0_a2lr3e4_short13_bdetonly200_b_e200_b64_s0_gpu0/results.csv,ladd/results/ladd_curve_analysis_20260612/source/runs_public_ladd/yolo11s/cap2/ladd_hbb_ogsod11s_formal_nomosaic_yolo11s_cap2_s0_diag_a2select_s_s0_a2lr3e4_short13_bdetonly200_b_e200_b64_s0_gpu0/ladd_diagnostics.csv,
ladd_hbb_ogsod11s_formal_nomosaic_yolo11s_cap2_s0_diag_capkd_s_s0_alphaKD0p25_b400_a2_e50_b64_s0_gpu1,ladd,ladd4090,diagnostic,formal_nomosaic_compressed,0,50,compressed,diagnostic,partial,s,0,a2,50,0.62771,29,0.62532,50,0.91333,0.9099,ladd/results/ladd4090_shutdown_sync_20260614/evidence_raw/ladd4090/repo_root_snapshot/runs_public/ogsod/hbb/formal_nomosaic_20260528/ladd/yolo11s/cap2/ladd_hbb_ogsod11s_formal_nomosaic_yolo11s_cap2_s0_diag_capkd_s_s0_alphaKD0p25_b400_a2_e50_b64_s0_gpu1,ladd/results/ladd4090_shutdown_sync_20260614/evidence_raw/ladd4090/repo_root_snapshot/runs_public/ogsod/hbb/formal_nomosaic_20260528/ladd/yolo11s/cap2/ladd_hbb_ogsod11s_formal_nomosaic_yolo11s_cap2_s0_diag_capkd_s_s0_alphaKD0p25_b400_a2_e50_b64_s0_gpu1/results.csv,ladd/results/ladd4090_shutdown_sync_20260614/evidence_raw/ladd4090/repo_root_snapshot/runs_public/ogsod/hbb/formal_nomosaic_20260528/ladd/yolo11s/cap2/ladd_hbb_ogsod11s_formal_nomosaic_yolo11s_cap2_s0_diag_capkd_s_s0_alphaKD0p25_b400_a2_e50_b64_s0_gpu1/ladd_diagnostics.csv,
ladd_hbb_ogsod11s_formal_nomosaic_yolo11s_cap2_s0_diag_capkd_s_s0_alphaKD0p25_b400_a2_e50_b64_s0_gpu1,ladd,ladd4090,diagnostic,formal_nomosaic_compressed,0,50,compressed,diagnostic,partial,s,0,a2,50,0.62771,29,0.62532,50,0.91333,0.9099,ladd/results/ladd_curve_analysis_20260612/source/runs_public_ladd/yolo11s/cap2/ladd_hbb_ogsod11s_formal_nomosaic_yolo11s_cap2_s0_diag_capkd_s_s0_alphaKD0p25_b400_a2_e50_b64_s0_gpu1,ladd/results/ladd_curve_analysis_20260612/source/runs_public_ladd/yolo11s/cap2/ladd_hbb_ogsod11s_formal_nomosaic_yolo11s_cap2_s0_diag_capkd_s_s0_alphaKD0p25_b400_a2_e50_b64_s0_gpu1/results.csv,ladd/results/ladd_curve_analysis_20260612/source/runs_public_ladd/yolo11s/cap2/ladd_hbb_ogsod11s_formal_nomosaic_yolo11s_cap2_s0_diag_capkd_s_s0_alphaKD0p25_b400_a2_e50_b64_s0_gpu1/ladd_diagnostics.csv,
ladd_hbb_ogsod11s_formal_nomosaic_yolo11s_cap2_s0_diag_capkd_s_s0_alphaKD0p25_b400_b_e400_b64_s0_gpu1,ladd,ladd4090,diagnostic,formal_nomosaic_compressed,0,400,compressed,diagnostic,partial,s,0,b,402,0.63027,199,0.61719,400,0.91631,0.90508,ladd/results/ladd4090_shutdown_sync_20260614/evidence_raw/ladd4090/repo_root_snapshot/runs_public/ogsod/hbb/formal_nomosaic_20260528/ladd/yolo11s/cap2/ladd_hbb_ogsod11s_formal_nomosaic_yolo11s_cap2_s0_diag_capkd_s_s0_alphaKD0p25_b400_b_e400_b64_s0_gpu1,ladd/results/ladd4090_shutdown_sync_20260614/evidence_raw/ladd4090/repo_root_snapshot/runs_public/ogsod/hbb/formal_nomosaic_20260528/ladd/yolo11s/cap2/ladd_hbb_ogsod11s_formal_nomosaic_yolo11s_cap2_s0_diag_capkd_s_s0_alphaKD0p25_b400_b_e400_b64_s0_gpu1/results.csv,ladd/results/ladd4090_shutdown_sync_20260614/evidence_raw/ladd4090/repo_root_snapshot/runs_public/ogsod/hbb/formal_nomosaic_20260528/ladd/yolo11s/cap2/ladd_hbb_ogsod11s_formal_nomosaic_yolo11s_cap2_s0_diag_capkd_s_s0_alphaKD0p25_b400_b_e400_b64_s0_gpu1/ladd_diagnostics.csv,
ladd_hbb_ogsod11s_formal_nomosaic_yolo11s_cap2_s0_diag_capkd_s_s0_alphaKD0p25_b400_b_e400_b64_s0_gpu1,ladd,ladd4090,diagnostic,formal_nomosaic_compressed,0,400,compressed,diagnostic,partial,s,0,b,402,0.63027,199,0.61719,400,0.91631,0.90508,ladd/results/ladd_curve_analysis_20260612/source/runs_public_ladd/yolo11s/cap2/ladd_hbb_ogsod11s_formal_nomosaic_yolo11s_cap2_s0_diag_capkd_s_s0_alphaKD0p25_b400_b_e400_b64_s0_gpu1,ladd/results/ladd_curve_analysis_20260612/source/runs_public_ladd/yolo11s/cap2/ladd_hbb_ogsod11s_formal_nomosaic_yolo11s_cap2_s0_diag_capkd_s_s0_alphaKD0p25_b400_b_e400_b64_s0_gpu1/results.csv,ladd/results/ladd_curve_analysis_20260612/source/runs_public_ladd/yolo11s/cap2/ladd_hbb_ogsod11s_formal_nomosaic_yolo11s_cap2_s0_diag_capkd_s_s0_alphaKD0p25_b400_b_e400_b64_s0_gpu1/ladd_diagnostics.csv,
ladd_hbb_ogsod11s_formal_nomosaic_yolo11s_cap2_s0_diag_capkd_s_s0_alphaKD0p5_b400_a2_e50_b64_s0_gpu0,ladd,ladd4090,diagnostic,formal_nomosaic_compressed,0,50,compressed,diagnostic,partial,s,0,a2,50,0.624,50,0.624,50,0.91063,0.90944,ladd/results/ladd4090_shutdown_sync_20260614/evidence_raw/ladd4090/repo_root_snapshot/runs_public/ogsod/hbb/formal_nomosaic_20260528/ladd/yolo11s/cap2/ladd_hbb_ogsod11s_formal_nomosaic_yolo11s_cap2_s0_diag_capkd_s_s0_alphaKD0p5_b400_a2_e50_b64_s0_gpu0,ladd/results/ladd4090_shutdown_sync_20260614/evidence_raw/ladd4090/repo_root_snapshot/runs_public/ogsod/hbb/formal_nomosaic_20260528/ladd/yolo11s/cap2/ladd_hbb_ogsod11s_formal_nomosaic_yolo11s_cap2_s0_diag_capkd_s_s0_alphaKD0p5_b400_a2_e50_b64_s0_gpu0/results.csv,ladd/results/ladd4090_shutdown_sync_20260614/evidence_raw/ladd4090/repo_root_snapshot/runs_public/ogsod/hbb/formal_nomosaic_20260528/ladd/yolo11s/cap2/ladd_hbb_ogsod11s_formal_nomosaic_yolo11s_cap2_s0_diag_capkd_s_s0_alphaKD0p5_b400_a2_e50_b64_s0_gpu0/ladd_diagnostics.csv,
ladd_hbb_ogsod11s_formal_nomosaic_yolo11s_cap2_s0_diag_capkd_s_s0_alphaKD0p5_b400_a2_e50_b64_s0_gpu0,ladd,ladd4090,diagnostic,formal_nomosaic_compressed,0,50,compressed,diagnostic,partial,s,0,a2,50,0.624,50,0.624,50,0.91063,0.90944,ladd/results/ladd_curve_analysis_20260612/source/runs_public_ladd/yolo11s/cap2/ladd_hbb_ogsod11s_formal_nomosaic_yolo11s_cap2_s0_diag_capkd_s_s0_alphaKD0p5_b400_a2_e50_b64_s0_gpu0,ladd/results/ladd_curve_analysis_20260612/source/runs_public_ladd/yolo11s/cap2/ladd_hbb_ogsod11s_formal_nomosaic_yolo11s_cap2_s0_diag_capkd_s_s0_alphaKD0p5_b400_a2_e50_b64_s0_gpu0/results.csv,ladd/results/ladd_curve_analysis_20260612/source/runs_public_ladd/yolo11s/cap2/ladd_hbb_ogsod11s_formal_nomosaic_yolo11s_cap2_s0_diag_capkd_s_s0_alphaKD0p5_b400_a2_e50_b64_s0_gpu0/ladd_diagnostics.csv,
ladd_hbb_ogsod11s_formal_nomosaic_yolo11s_cap2_s0_diag_capkd_s_s0_alphaKD0p5_b400_b_e400_b64_s0_gpu0,ladd,ladd4090,diagnostic,formal_nomosaic_compressed,0,400,compressed,diagnostic,partial,s,0,b,402,0.63074,218,0.61802,400,0.91539,0.90525,ladd/results/ladd4090_shutdown_sync_20260614/evidence_raw/ladd4090/repo_root_snapshot/runs_public/ogsod/hbb/formal_nomosaic_20260528/ladd/yolo11s/cap2/ladd_hbb_ogsod11s_formal_nomosaic_yolo11s_cap2_s0_diag_capkd_s_s0_alphaKD0p5_b400_b_e400_b64_s0_gpu0,ladd/results/ladd4090_shutdown_sync_20260614/evidence_raw/ladd4090/repo_root_snapshot/runs_public/ogsod/hbb/formal_nomosaic_20260528/ladd/yolo11s/cap2/ladd_hbb_ogsod11s_formal_nomosaic_yolo11s_cap2_s0_diag_capkd_s_s0_alphaKD0p5_b400_b_e400_b64_s0_gpu0/results.csv,ladd/results/ladd4090_shutdown_sync_20260614/evidence_raw/ladd4090/repo_root_snapshot/runs_public/ogsod/hbb/formal_nomosaic_20260528/ladd/yolo11s/cap2/ladd_hbb_ogsod11s_formal_nomosaic_yolo11s_cap2_s0_diag_capkd_s_s0_alphaKD0p5_b400_b_e400_b64_s0_gpu0/ladd_diagnostics.csv,
ladd_hbb_ogsod11s_formal_nomosaic_yolo11s_cap2_s0_diag_capkd_s_s0_alphaKD0p5_b400_b_e400_b64_s0_gpu0,ladd,ladd4090,diagnostic,formal_nomosaic_compressed,0,400,compressed,diagnostic,partial,s,0,b,402,0.63074,218,0.61802,400,0.91539,0.90525,ladd/results/ladd_curve_analysis_20260612/source/runs_public_ladd/yolo11s/cap2/ladd_hbb_ogsod11s_formal_nomosaic_yolo11s_cap2_s0_diag_capkd_s_s0_alphaKD0p5_b400_b_e400_b64_s0_gpu0,ladd/results/ladd_curve_analysis_20260612/source/runs_public_ladd/yolo11s/cap2/ladd_hbb_ogsod11s_formal_nomosaic_yolo11s_cap2_s0_diag_capkd_s_s0_alphaKD0p5_b400_b_e400_b64_s0_gpu0/results.csv,ladd/results/ladd_curve_analysis_20260612/source/runs_public_ladd/yolo11s/cap2/ladd_hbb_ogsod11s_formal_nomosaic_yolo11s_cap2_s0_diag_capkd_s_s0_alphaKD0p5_b400_b_e400_b64_s0_gpu0/ladd_diagnostics.csv,
ladd_hbb_ogsod11s_formal_nomosaic_yolo11s_cap2_s0_diag_capkd_s_s0_bdetonly_b400_a2_e50_b64_s0_gpu1,ladd,ladd4090,diagnostic,formal_nomosaic_compressed,0,50,compressed,diagnostic,partial,s,0,a2,1,0.61677,1,0.61677,1,0.90375,0.90375,ladd/results/ladd4090_shutdown_sync_20260614/evidence_raw/ladd4090/repo_root_snapshot/runs_public/ogsod/hbb/formal_nomosaic_20260528/ladd/yolo11s/cap2/ladd_hbb_ogsod11s_formal_nomosaic_yolo11s_cap2_s0_diag_capkd_s_s0_bdetonly_b400_a2_e50_b64_s0_gpu1,ladd/results/ladd4090_shutdown_sync_20260614/evidence_raw/ladd4090/repo_root_snapshot/runs_public/ogsod/hbb/formal_nomosaic_20260528/ladd/yolo11s/cap2/ladd_hbb_ogsod11s_formal_nomosaic_yolo11s_cap2_s0_diag_capkd_s_s0_bdetonly_b400_a2_e50_b64_s0_gpu1/results.csv,ladd/results/ladd4090_shutdown_sync_20260614/evidence_raw/ladd4090/repo_root_snapshot/runs_public/ogsod/hbb/formal_nomosaic_20260528/ladd/yolo11s/cap2/ladd_hbb_ogsod11s_formal_nomosaic_yolo11s_cap2_s0_diag_capkd_s_s0_bdetonly_b400_a2_e50_b64_s0_gpu1/ladd_diagnostics.csv,
ladd_hbb_ogsod11s_formal_nomosaic_yolo11s_cap2_s0_diag_capkd_s_s0_bdetonly_b400_a2_e50_b64_s0_gpu1,ladd,ladd4090,diagnostic,formal_nomosaic_compressed,0,50,compressed,diagnostic,partial,s,0,a2,1,0.61677,1,0.61677,1,0.90375,0.90375,ladd/results/ladd_curve_analysis_20260612/source/runs_public_ladd/yolo11s/cap2/ladd_hbb_ogsod11s_formal_nomosaic_yolo11s_cap2_s0_diag_capkd_s_s0_bdetonly_b400_a2_e50_b64_s0_gpu1,ladd/results/ladd_curve_analysis_20260612/source/runs_public_ladd/yolo11s/cap2/ladd_hbb_ogsod11s_formal_nomosaic_yolo11s_cap2_s0_diag_capkd_s_s0_bdetonly_b400_a2_e50_b64_s0_gpu1/results.csv,ladd/results/ladd_curve_analysis_20260612/source/runs_public_ladd/yolo11s/cap2/ladd_hbb_ogsod11s_formal_nomosaic_yolo11s_cap2_s0_diag_capkd_s_s0_bdetonly_b400_a2_e50_b64_s0_gpu1/ladd_diagnostics.csv,
ladd_hbb_ogsod11s_formal_nomosaic_yolo11s_cap2_s0_diag_capkd_s_s0_bdetonly_b400_r2_a2_e50_b64_s0_gpu0,ladd,ladd4090,diagnostic,formal_nomosaic_compressed,0,50,compressed,diagnostic,partial,s,0,a2,50,0.624,50,0.624,50,0.91063,0.90944,ladd/results/ladd4090_shutdown_sync_20260614/evidence_raw/ladd4090/repo_root_snapshot/runs_public/ogsod/hbb/formal_nomosaic_20260528/ladd/yolo11s/cap2/ladd_hbb_ogsod11s_formal_nomosaic_yolo11s_cap2_s0_diag_capkd_s_s0_bdetonly_b400_r2_a2_e50_b64_s0_gpu0,ladd/results/ladd4090_shutdown_sync_20260614/evidence_raw/ladd4090/repo_root_snapshot/runs_public/ogsod/hbb/formal_nomosaic_20260528/ladd/yolo11s/cap2/ladd_hbb_ogsod11s_formal_nomosaic_yolo11s_cap2_s0_diag_capkd_s_s0_bdetonly_b400_r2_a2_e50_b64_s0_gpu0/results.csv,ladd/results/ladd4090_shutdown_sync_20260614/evidence_raw/ladd4090/repo_root_snapshot/runs_public/ogsod/hbb/formal_nomosaic_20260528/ladd/yolo11s/cap2/ladd_hbb_ogsod11s_formal_nomosaic_yolo11s_cap2_s0_diag_capkd_s_s0_bdetonly_b400_r2_a2_e50_b64_s0_gpu0/ladd_diagnostics.csv,
ladd_hbb_ogsod11s_formal_nomosaic_yolo11s_cap2_s0_diag_capkd_s_s0_bdetonly_b400_r2_a2_e50_b64_s0_gpu0,ladd,ladd4090,diagnostic,formal_nomosaic_compressed,0,50,compressed,diagnostic,partial,s,0,a2,50,0.624,50,0.624,50,0.91063,0.90944,ladd/results/ladd_curve_analysis_20260612/source/runs_public_ladd/yolo11s/cap2/ladd_hbb_ogsod11s_formal_nomosaic_yolo11s_cap2_s0_diag_capkd_s_s0_bdetonly_b400_r2_a2_e50_b64_s0_gpu0,ladd/results/ladd_curve_analysis_20260612/source/runs_public_ladd/yolo11s/cap2/ladd_hbb_ogsod11s_formal_nomosaic_yolo11s_cap2_s0_diag_capkd_s_s0_bdetonly_b400_r2_a2_e50_b64_s0_gpu0/results.csv,ladd/results/ladd_curve_analysis_20260612/source/runs_public_ladd/yolo11s/cap2/ladd_hbb_ogsod11s_formal_nomosaic_yolo11s_cap2_s0_diag_capkd_s_s0_bdetonly_b400_r2_a2_e50_b64_s0_gpu0/ladd_diagnostics.csv,
ladd_hbb_ogsod11s_formal_nomosaic_yolo11s_cap2_s0_diag_capkd_s_s0_bdetonly_b400_r2_b_e400_b64_s0_gpu0,ladd,ladd4090,diagnostic,formal_nomosaic_compressed,0,400,compressed,diagnostic,partial,s,0,b,400,0.63025,226,0.61923,400,0.91577,0.90115,ladd/results/ladd4090_shutdown_sync_20260614/evidence_raw/ladd4090/repo_root_snapshot/runs_public/ogsod/hbb/formal_nomosaic_20260528/ladd/yolo11s/cap2/ladd_hbb_ogsod11s_formal_nomosaic_yolo11s_cap2_s0_diag_capkd_s_s0_bdetonly_b400_r2_b_e400_b64_s0_gpu0,ladd/results/ladd4090_shutdown_sync_20260614/evidence_raw/ladd4090/repo_root_snapshot/runs_public/ogsod/hbb/formal_nomosaic_20260528/ladd/yolo11s/cap2/ladd_hbb_ogsod11s_formal_nomosaic_yolo11s_cap2_s0_diag_capkd_s_s0_bdetonly_b400_r2_b_e400_b64_s0_gpu0/results.csv,ladd/results/ladd4090_shutdown_sync_20260614/evidence_raw/ladd4090/repo_root_snapshot/runs_public/ogsod/hbb/formal_nomosaic_20260528/ladd/yolo11s/cap2/ladd_hbb_ogsod11s_formal_nomosaic_yolo11s_cap2_s0_diag_capkd_s_s0_bdetonly_b400_r2_b_e400_b64_s0_gpu0/ladd_diagnostics.csv,
ladd_hbb_ogsod11s_formal_nomosaic_yolo11s_cap2_s0_diag_capkd_s_s0_bdetonly_b400_r2_b_e400_b64_s0_gpu0,ladd,ladd4090,diagnostic,formal_nomosaic_compressed,0,400,compressed,diagnostic,partial,s,0,b,400,0.63025,226,0.61923,400,0.91577,0.90115,ladd/results/ladd_curve_analysis_20260612/source/runs_public_ladd/yolo11s/cap2/ladd_hbb_ogsod11s_formal_nomosaic_yolo11s_cap2_s0_diag_capkd_s_s0_bdetonly_b400_r2_b_e400_b64_s0_gpu0,ladd/results/ladd_curve_analysis_20260612/source/runs_public_ladd/yolo11s/cap2/ladd_hbb_ogsod11s_formal_nomosaic_yolo11s_cap2_s0_diag_capkd_s_s0_bdetonly_b400_r2_b_e400_b64_s0_gpu0/results.csv,ladd/results/ladd_curve_analysis_20260612/source/runs_public_ladd/yolo11s/cap2/ladd_hbb_ogsod11s_formal_nomosaic_yolo11s_cap2_s0_diag_capkd_s_s0_bdetonly_b400_r2_b_e400_b64_s0_gpu0/ladd_diagnostics.csv,
ladd_hbb_ogsod11s_formal_nomosaic_yolo11s_cap2_s0_diag_h1_s_s0_b400_datafix_a2_e50_b64_s0_gpu0,ladd,ladd4090,diagnostic,formal_nomosaic_compressed,0,50,compressed,diagnostic,partial,s,0,a2,50,0.624,50,0.624,50,0.91063,0.90944,ladd/results/ladd4090_shutdown_sync_20260614/evidence_raw/ladd4090/repo_root_snapshot/runs_public/ogsod/hbb/formal_nomosaic_20260528/ladd/yolo11s/cap2/ladd_hbb_ogsod11s_formal_nomosaic_yolo11s_cap2_s0_diag_h1_s_s0_b400_datafix_a2_e50_b64_s0_gpu0,ladd/results/ladd4090_shutdown_sync_20260614/evidence_raw/ladd4090/repo_root_snapshot/runs_public/ogsod/hbb/formal_nomosaic_20260528/ladd/yolo11s/cap2/ladd_hbb_ogsod11s_formal_nomosaic_yolo11s_cap2_s0_diag_h1_s_s0_b400_datafix_a2_e50_b64_s0_gpu0/results.csv,ladd/results/ladd4090_shutdown_sync_20260614/evidence_raw/ladd4090/repo_root_snapshot/runs_public/ogsod/hbb/formal_nomosaic_20260528/ladd/yolo11s/cap2/ladd_hbb_ogsod11s_formal_nomosaic_yolo11s_cap2_s0_diag_h1_s_s0_b400_datafix_a2_e50_b64_s0_gpu0/ladd_diagnostics.csv,
ladd_hbb_ogsod11s_formal_nomosaic_yolo11s_cap2_s0_diag_h1_s_s0_b400_datafix_a2_e50_b64_s0_gpu0,ladd,ladd4090,diagnostic,formal_nomosaic_compressed,0,50,compressed,diagnostic,partial,s,0,a2,50,0.624,50,0.624,50,0.91063,0.90944,ladd/results/ladd_curve_analysis_20260612/source/runs_public_ladd/yolo11s/cap2/ladd_hbb_ogsod11s_formal_nomosaic_yolo11s_cap2_s0_diag_h1_s_s0_b400_datafix_a2_e50_b64_s0_gpu0,ladd/results/ladd_curve_analysis_20260612/source/runs_public_ladd/yolo11s/cap2/ladd_hbb_ogsod11s_formal_nomosaic_yolo11s_cap2_s0_diag_h1_s_s0_b400_datafix_a2_e50_b64_s0_gpu0/results.csv,ladd/results/ladd_curve_analysis_20260612/source/runs_public_ladd/yolo11s/cap2/ladd_hbb_ogsod11s_formal_nomosaic_yolo11s_cap2_s0_diag_h1_s_s0_b400_datafix_a2_e50_b64_s0_gpu0/ladd_diagnostics.csv,
ladd_hbb_ogsod11s_formal_nomosaic_yolo11s_cap2_s0_diag_h1_s_s0_b400_datafix_b_e400_b64_s0_gpu0,ladd,ladd4090,diagnostic,formal_nomosaic_compressed,0,400,compressed,diagnostic,partial,s,0,b,400,0.63127,216,0.62036,400,0.9175,0.9033,ladd/results/ladd4090_shutdown_sync_20260614/evidence_raw/ladd4090/repo_root_snapshot/runs_public/ogsod/hbb/formal_nomosaic_20260528/ladd/yolo11s/cap2/ladd_hbb_ogsod11s_formal_nomosaic_yolo11s_cap2_s0_diag_h1_s_s0_b400_datafix_b_e400_b64_s0_gpu0,ladd/results/ladd4090_shutdown_sync_20260614/evidence_raw/ladd4090/repo_root_snapshot/runs_public/ogsod/hbb/formal_nomosaic_20260528/ladd/yolo11s/cap2/ladd_hbb_ogsod11s_formal_nomosaic_yolo11s_cap2_s0_diag_h1_s_s0_b400_datafix_b_e400_b64_s0_gpu0/results.csv,ladd/results/ladd4090_shutdown_sync_20260614/evidence_raw/ladd4090/repo_root_snapshot/runs_public/ogsod/hbb/formal_nomosaic_20260528/ladd/yolo11s/cap2/ladd_hbb_ogsod11s_formal_nomosaic_yolo11s_cap2_s0_diag_h1_s_s0_b400_datafix_b_e400_b64_s0_gpu0/ladd_diagnostics.csv,
ladd_hbb_ogsod11s_formal_nomosaic_yolo11s_cap2_s0_diag_h1_s_s0_b400_datafix_b_e400_b64_s0_gpu0,ladd,ladd4090,diagnostic,formal_nomosaic_compressed,0,400,compressed,diagnostic,partial,s,0,b,400,0.63127,216,0.62036,400,0.9175,0.9033,ladd/results/ladd_curve_analysis_20260612/source/runs_public_ladd/yolo11s/cap2/ladd_hbb_ogsod11s_formal_nomosaic_yolo11s_cap2_s0_diag_h1_s_s0_b400_datafix_b_e400_b64_s0_gpu0,ladd/results/ladd_curve_analysis_20260612/source/runs_public_ladd/yolo11s/cap2/ladd_hbb_ogsod11s_formal_nomosaic_yolo11s_cap2_s0_diag_h1_s_s0_b400_datafix_b_e400_b64_s0_gpu0/results.csv,ladd/results/ladd_curve_analysis_20260612/source/runs_public_ladd/yolo11s/cap2/ladd_hbb_ogsod11s_formal_nomosaic_yolo11s_cap2_s0_diag_h1_s_s0_b400_datafix_b_e400_b64_s0_gpu0/ladd_diagnostics.csv,
ladd_hbb_ogsod11s_formal_nomosaic_yolo11s_cap2_s0_fix_s_s0_a2lr3e4_short13_bdetonly_lr1e4_b120_b_e120_b64_s0_gpu1,ladd,ladd4090,diagnostic,formal_nomosaic_compressed,0,120,compressed,diagnostic,partial,s,0,b,120,0.63125,13,0.62556,120,0.9138,0.90853,ladd/results/ladd4090_shutdown_sync_20260614/evidence_raw/ladd4090/repo_root_snapshot/runs_public/ogsod/hbb/formal_nomosaic_20260528/ladd/yolo11s/cap2/ladd_hbb_ogsod11s_formal_nomosaic_yolo11s_cap2_s0_fix_s_s0_a2lr3e4_short13_bdetonly_lr1e4_b120_b_e120_b64_s0_gpu1,ladd/results/ladd4090_shutdown_sync_20260614/evidence_raw/ladd4090/repo_root_snapshot/runs_public/ogsod/hbb/formal_nomosaic_20260528/ladd/yolo11s/cap2/ladd_hbb_ogsod11s_formal_nomosaic_yolo11s_cap2_s0_fix_s_s0_a2lr3e4_short13_bdetonly_lr1e4_b120_b_e120_b64_s0_gpu1/results.csv,ladd/results/ladd4090_shutdown_sync_20260614/evidence_raw/ladd4090/repo_root_snapshot/runs_public/ogsod/hbb/formal_nomosaic_20260528/ladd/yolo11s/cap2/ladd_hbb_ogsod11s_formal_nomosaic_yolo11s_cap2_s0_fix_s_s0_a2lr3e4_short13_bdetonly_lr1e4_b120_b_e120_b64_s0_gpu1/ladd_diagnostics.csv,
ladd_hbb_ogsod11s_formal_nomosaic_yolo11s_cap2_s0_fix_s_s0_a2lr3e4_short13_bdetonly_lr1e4_b120_b_e120_b64_s0_gpu1,ladd,ladd4090,candidate_or_unknown,formal_nomosaic_compressed,0,120,compressed,diagnostic,partial,s,0,b,33,0.63125,13,0.62291,33,0.9138,0.9083,ladd/results/ladd_curve_analysis_20260612/source/runs_public_ladd/yolo11s/cap2/ladd_hbb_ogsod11s_formal_nomosaic_yolo11s_cap2_s0_fix_s_s0_a2lr3e4_short13_bdetonly_lr1e4_b120_b_e120_b64_s0_gpu1,ladd/results/ladd_curve_analysis_20260612/source/runs_public_ladd/yolo11s/cap2/ladd_hbb_ogsod11s_formal_nomosaic_yolo11s_cap2_s0_fix_s_s0_a2lr3e4_short13_bdetonly_lr1e4_b120_b_e120_b64_s0_gpu1/results.csv,ladd/results/ladd_curve_analysis_20260612/source/runs_public_ladd/yolo11s/cap2/ladd_hbb_ogsod11s_formal_nomosaic_yolo11s_cap2_s0_fix_s_s0_a2lr3e4_short13_bdetonly_lr1e4_b120_b_e120_b64_s0_gpu1/ladd_diagnostics.csv,
ladd_hbb_ogsod11s_formal_nomosaic_yolo11s_cap2_s0_fix_s_s0_a2lr3e4_short13_bdetonly_lr1e4_b120_b_e120_b64_s0_gpu1,ladd,ladd4090,candidate_or_unknown,formal_nomosaic_compressed,0,120,compressed,diagnostic,partial,s,0,b,120,0.63125,13,0.62556,120,0.9138,0.90853,ladd/results/repair_experiments_20260613/evidence/main_4090/runs/s_detonly_lr1e4_b120/unknown/ladd_hbb_ogsod11s_formal_nomosaic_yolo11s_cap2_s0_fix_s_s0_a2lr3e4_short13_bdetonly_lr1e4_b120_b_e120_b64_s0_gpu1,ladd/results/repair_experiments_20260613/evidence/main_4090/runs/s_detonly_lr1e4_b120/unknown/ladd_hbb_ogsod11s_formal_nomosaic_yolo11s_cap2_s0_fix_s_s0_a2lr3e4_short13_bdetonly_lr1e4_b120_b_e120_b64_s0_gpu1/results.csv,ladd/results/repair_experiments_20260613/evidence/main_4090/runs/s_detonly_lr1e4_b120/unknown/ladd_hbb_ogsod11s_formal_nomosaic_yolo11s_cap2_s0_fix_s_s0_a2lr3e4_short13_bdetonly_lr1e4_b120_b_e120_b64_s0_gpu1/ladd_diagnostics.csv,
ladd_hbb_ogsod11s_formal_nomosaic_yolo11s_cap2_s0_fix_s_s0_a2lr3e4_short13_bweakKD0p1_b120_b32retry2_b_e120_b32_s0_gpu0,ladd,ladd4090,diagnostic,formal_nomosaic_compressed,0,120,compressed,diagnostic,partial,s,0,b,120,0.62827,10,0.62267,120,0.91194,0.90749,ladd/results/ladd4090_shutdown_sync_20260614/evidence_raw/ladd4090/repo_root_snapshot/runs_public/ogsod/hbb/formal_nomosaic_20260528/ladd/yolo11s/cap2/ladd_hbb_ogsod11s_formal_nomosaic_yolo11s_cap2_s0_fix_s_s0_a2lr3e4_short13_bweakKD0p1_b120_b32retry2_b_e120_b32_s0_gpu0,ladd/results/ladd4090_shutdown_sync_20260614/evidence_raw/ladd4090/repo_root_snapshot/runs_public/ogsod/hbb/formal_nomosaic_20260528/ladd/yolo11s/cap2/ladd_hbb_ogsod11s_formal_nomosaic_yolo11s_cap2_s0_fix_s_s0_a2lr3e4_short13_bweakKD0p1_b120_b32retry2_b_e120_b32_s0_gpu0/results.csv,ladd/results/ladd4090_shutdown_sync_20260614/evidence_raw/ladd4090/repo_root_snapshot/runs_public/ogsod/hbb/formal_nomosaic_20260528/ladd/yolo11s/cap2/ladd_hbb_ogsod11s_formal_nomosaic_yolo11s_cap2_s0_fix_s_s0_a2lr3e4_short13_bweakKD0p1_b120_b32retry2_b_e120_b32_s0_gpu0/ladd_diagnostics.csv,
ladd_hbb_ogsod11s_formal_nomosaic_yolo11s_cap2_s0_fix_s_s0_a2lr3e4_short13_bweakKD0p1_b120_b32retry2_b_e120_b32_s0_gpu0,ladd,ladd4090,candidate_or_unknown,formal_nomosaic_compressed,0,120,compressed,diagnostic,partial,s,0,b,120,0.62827,10,0.62267,120,0.91194,0.90749,ladd/results/repair_experiments_20260613/evidence/main_4090/runs/s_weakkd0p1_b120_b32retry2/unknown/ladd_hbb_ogsod11s_formal_nomosaic_yolo11s_cap2_s0_fix_s_s0_a2lr3e4_short13_bweakKD0p1_b120_b32retry2_b_e120_b32_s0_gpu0,ladd/results/repair_experiments_20260613/evidence/main_4090/runs/s_weakkd0p1_b120_b32retry2/unknown/ladd_hbb_ogsod11s_formal_nomosaic_yolo11s_cap2_s0_fix_s_s0_a2lr3e4_short13_bweakKD0p1_b120_b32retry2_b_e120_b32_s0_gpu0/results.csv,ladd/results/repair_experiments_20260613/evidence/main_4090/runs/s_weakkd0p1_b120_b32retry2/unknown/ladd_hbb_ogsod11s_formal_nomosaic_yolo11s_cap2_s0_fix_s_s0_a2lr3e4_short13_bweakKD0p1_b120_b32retry2_b_e120_b32_s0_gpu0/ladd_diagnostics.csv,
run_files,ladd,autodl,candidate_or_unknown,formal_nomosaic_compressed,0,100,compressed,diagnostic,partial,s,0,,100,0.62493,62,0.62238,100,0.91243,0.90843,ladd/results/b_entrance_20260613/evidence/autodl/S1_basecontinue_b100_autodl/run_files,ladd/results/b_entrance_20260613/evidence/autodl/S1_basecontinue_b100_autodl/run_files/results.csv,ladd/results/b_entrance_20260613/evidence/autodl/S1_basecontinue_b100_autodl/run_files/ladd_diagnostics.csv,
run_files,ladd,ladd4090,candidate_or_unknown,formal_nomosaic_compressed,0,100,compressed,diagnostic,partial,s,0,,100,0.62599,54,0.62174,100,0.91234,0.9077,ladd/results/b_entrance_20260613/evidence/ladd4090/S2_a2best_continue_b100_retry2_running/run_files,ladd/results/b_entrance_20260613/evidence/ladd4090/S2_a2best_continue_b100_retry2_running/run_files/results.csv,ladd/results/b_entrance_20260613/evidence/ladd4090/S2_a2best_continue_b100_retry2_running/run_files/ladd_diagnostics.csv,
run_files,ladd,ladd4090,candidate_or_unknown,formal_nomosaic_compressed,0,100,compressed,diagnostic,partial,s,0,,100,0.62553,65,0.62262,100,0.91269,0.90919,ladd/results/b_entrance_20260613/evidence/ladd4090/S3_base_a2last_decomp_b100/run_files,ladd/results/b_entrance_20260613/evidence/ladd4090/S3_base_a2last_decomp_b100/run_files/results.csv,ladd/results/b_entrance_20260613/evidence/ladd4090/S3_base_a2last_decomp_b100/run_files/ladd_diagnostics.csv,
run_files,ladd,ladd4090,candidate_or_unknown,formal_nomosaic_compressed,0,120,compressed,diagnostic,partial,s,0,,114,0.62521,62,0.62106,114,0.9115,0.90835,ladd/results/b_entrance_20260613/evidence/ladd4090/S4_base_a2last_kdramp_b120_retry_strict_b64_running/run_files,ladd/results/b_entrance_20260613/evidence/ladd4090/S4_base_a2last_kdramp_b120_retry_strict_b64_running/run_files/results.csv,ladd/results/b_entrance_20260613/evidence/ladd4090/S4_base_a2last_kdramp_b120_retry_strict_b64_running/run_files/ladd_diagnostics.csv,
s_A2_detonly_A2,ladd,ladd4090,candidate_or_unknown,formal_nomosaic_compressed,0,50,compressed,diagnostic,partial,s,0,a2,50,0.62795,13,0.62222,50,0.91516,0.90696,ladd/results/a2_damage_20260612/final_evidence/runs/s_A2_detonly_A2,ladd/results/a2_damage_20260612/final_evidence/runs/s_A2_detonly_A2/results.csv,ladd/results/a2_damage_20260612/final_evidence/runs/s_A2_detonly_A2/ladd_diagnostics.csv,
s_A2_lr3e4_A2,ladd,ladd4090,candidate_or_unknown,formal_nomosaic_compressed,0,50,compressed,diagnostic,partial,s,0,a2,50,0.63309,13,0.62443,50,0.91333,0.9085,ladd/results/a2_damage_20260612/final_evidence/runs/s_A2_lr3e4_A2,ladd/results/a2_damage_20260612/final_evidence/runs/s_A2_lr3e4_A2/results.csv,ladd/results/a2_damage_20260612/final_evidence/runs/s_A2_lr3e4_A2/ladd_diagnostics.csv,
s_A2_lr3e4_short13_Bdet200_B200,ladd,ladd4090,candidate_or_unknown,formal_nomosaic_compressed,0,200,compressed,diagnostic,partial,s,0,a2,117,0.62436,84,0.62326,117,0.91293,0.91223,ladd/results/a2_selection_20260612/current_evidence/runs/s_A2_lr3e4_short13_Bdet200_B200,ladd/results/a2_selection_20260612/current_evidence/runs/s_A2_lr3e4_short13_Bdet200_B200/results.csv,ladd/results/a2_selection_20260612/current_evidence/runs/s_A2_lr3e4_short13_Bdet200_B200/ladd_diagnostics.csv,665cdb4871d9a5620befc46d93d693765779d60b
s_B_detonly_r2_A2,ladd,ladd4090,candidate_or_unknown,formal_nomosaic_compressed,0,50,compressed,diagnostic,partial,s,0,b,50,0.624,50,0.624,50,0.91063,0.90944,ladd/results/a2_damage_20260612/final_evidence/runs/s_B_detonly_r2_A2,ladd/results/a2_damage_20260612/final_evidence/runs/s_B_detonly_r2_A2/results.csv,ladd/results/a2_damage_20260612/final_evidence/runs/s_B_detonly_r2_A2/ladd_diagnostics.csv,
s_B_detonly_r2_B400,ladd,ladd4090,candidate_or_unknown,formal_nomosaic_compressed,0,400,compressed,diagnostic,partial,s,0,b,400,0.63025,226,0.61923,400,0.91577,0.90115,ladd/results/a2_damage_20260612/final_evidence/runs/s_B_detonly_r2_B400,ladd/results/a2_damage_20260612/final_evidence/runs/s_B_detonly_r2_B400/results.csv,ladd/results/a2_damage_20260612/final_evidence/runs/s_B_detonly_r2_B400/ladd_diagnostics.csv,
s_alphaKD0p25_A2,ladd,ladd4090,candidate_or_unknown,formal_nomosaic_compressed,0,50,compressed,diagnostic,partial,s,0,a2,50,0.62771,29,0.62532,50,0.91333,0.9099,ladd/results/a2_damage_20260612/final_evidence/runs/s_alphaKD0p25_A2,ladd/results/a2_damage_20260612/final_evidence/runs/s_alphaKD0p25_A2/results.csv,ladd/results/a2_damage_20260612/final_evidence/runs/s_alphaKD0p25_A2/ladd_diagnostics.csv,
s_alphaKD0p25_B400,ladd,ladd4090,candidate_or_unknown,formal_nomosaic_compressed,0,400,compressed,diagnostic,partial,s,0,,402,0.63027,199,0.61719,400,0.91631,0.90508,ladd/results/a2_damage_20260612/final_evidence/runs/s_alphaKD0p25_B400,ladd/results/a2_damage_20260612/final_evidence/runs/s_alphaKD0p25_B400/results.csv,ladd/results/a2_damage_20260612/final_evidence/runs/s_alphaKD0p25_B400/ladd_diagnostics.csv,
s_alphaKD0p5_A2,ladd,ladd4090,candidate_or_unknown,formal_nomosaic_compressed,0,50,compressed,diagnostic,partial,s,0,a2,50,0.624,50,0.624,50,0.91063,0.90944,ladd/results/a2_damage_20260612/final_evidence/runs/s_alphaKD0p5_A2,ladd/results/a2_damage_20260612/final_evidence/runs/s_alphaKD0p5_A2/results.csv,ladd/results/a2_damage_20260612/final_evidence/runs/s_alphaKD0p5_A2/ladd_diagnostics.csv,
s_alphaKD0p5_B400,ladd,ladd4090,candidate_or_unknown,formal_nomosaic_compressed,0,400,compressed,diagnostic,partial,s,0,,402,0.63074,218,0.61802,400,0.91539,0.90525,ladd/results/a2_damage_20260612/final_evidence/runs/s_alphaKD0p5_B400,ladd/results/a2_damage_20260612/final_evidence/runs/s_alphaKD0p5_B400/results.csv,ladd/results/a2_damage_20260612/final_evidence/runs/s_alphaKD0p5_B400/ladd_diagnostics.csv,
run_files,ld,ladd4090,diagnostic,formal_nomosaic_compressed,0,100,compressed,diagnostic,partial,s,0,,23,0.61945,23,0.61945,23,0.9112,0.9112,ladd/results/b_entrance_20260613/evidence/ladd4090/S2_a2best_continue_b100_oom_old/run_files,ladd/results/b_entrance_20260613/evidence/ladd4090/S2_a2best_continue_b100_oom_old/run_files/results.csv,ladd/results/b_entrance_20260613/evidence/ladd4090/S2_a2best_continue_b100_oom_old/run_files/ladd_diagnostics.csv,
run_files,ld,ladd4090,diagnostic,formal_nomosaic_compressed,0,120,compressed,diagnostic,partial,s,0,,24,0.62103,22,0.61618,24,0.90655,0.90322,ladd/results/b_entrance_20260613/evidence/ladd4090/S4_base_a2last_kdramp_b120_autobatch_old/run_files,ladd/results/b_entrance_20260613/evidence/ladd4090/S4_base_a2last_kdramp_b120_autobatch_old/run_files/results.csv,ladd/results/b_entrance_20260613/evidence/ladd4090/S4_base_a2last_kdramp_b120_autobatch_old/run_files/ladd_diagnostics.csv,
ladd_hbb_ogsod11n_ladd800r2_cap2_s0_a2_e50_b64_s0_gpu4,ladd,ladd90,candidate_or_unknown,historical_mosaic_mainline,1,50,compressed,diagnostic,partial,,0,a2,50,0.42623,1,0.40143,50,0.70354,0.66188,ladd/results/converged_mainline_ladd_20260613/source/mosaic90/ladd_b_runs/ladd_hbb_ogsod11n_ladd800r2_cap2_s0_a2_e50_b64_s0_gpu4,ladd/results/converged_mainline_ladd_20260613/source/mosaic90/ladd_b_runs/ladd_hbb_ogsod11n_ladd800r2_cap2_s0_a2_e50_b64_s0_gpu4/results.csv,,
ladd_hbb_ogsod11n_ladd800r2_cap2_s0_b_e800_b64_s0_gpu4,ladd,ladd90,candidate_or_unknown,historical_mosaic_mainline,1,800,full_800,diagnostic,partial,,0,b,800,0.56841,798,0.56792,800,0.84962,0.84888,docs/experiments/ladd_mosaic90_20260528_artifacts/ladd_b_runs/ladd_hbb_ogsod11n_ladd800r2_cap2_s0_b_e800_b64_s0_gpu4,docs/experiments/ladd_mosaic90_20260528_artifacts/ladd_b_runs/ladd_hbb_ogsod11n_ladd800r2_cap2_s0_b_e800_b64_s0_gpu4/results.csv,,
ladd_hbb_ogsod11n_ladd800r2_cap2_s0_b_e800_b64_s0_gpu4,ladd,ladd90,candidate_or_unknown,historical_mosaic_mainline,1,800,full_800,diagnostic,partial,,0,b,800,0.56841,798,0.56792,800,0.84962,0.84888,ladd/results/converged_mainline_ladd_20260613/source/mosaic90/ladd_b_runs/ladd_hbb_ogsod11n_ladd800r2_cap2_s0_b_e800_b64_s0_gpu4,ladd/results/converged_mainline_ladd_20260613/source/mosaic90/ladd_b_runs/ladd_hbb_ogsod11n_ladd800r2_cap2_s0_b_e800_b64_s0_gpu4/results.csv,,
ladd_hbb_ogsod11n_ladd800r2_legacy_s0_a2_e50_b64_s0_gpu2,ladd,ladd90,candidate_or_unknown,historical_mosaic_mainline,1,50,compressed,diagnostic,partial,,0,a2,50,0.42413,1,0.4022,50,0.69685,0.66123,ladd/results/converged_mainline_ladd_20260613/source/mosaic90/ladd_b_runs/ladd_hbb_ogsod11n_ladd800r2_legacy_s0_a2_e50_b64_s0_gpu2,ladd/results/converged_mainline_ladd_20260613/source/mosaic90/ladd_b_runs/ladd_hbb_ogsod11n_ladd800r2_legacy_s0_a2_e50_b64_s0_gpu2/results.csv,,
ladd_hbb_ogsod11n_ladd800r2_legacy_s0_b_e800_b64_s0_gpu2,ladd,ladd90,candidate_or_unknown,historical_mosaic_mainline,1,800,full_800,diagnostic,partial,,0,b,755,0.56678,746,0.56638,755,0.84372,0.84234,docs/experiments/ladd_mosaic90_20260528_artifacts/ladd_b_runs/ladd_hbb_ogsod11n_ladd800r2_legacy_s0_b_e800_b64_s0_gpu2,docs/experiments/ladd_mosaic90_20260528_artifacts/ladd_b_runs/ladd_hbb_ogsod11n_ladd800r2_legacy_s0_b_e800_b64_s0_gpu2/results.csv,,
ladd_hbb_ogsod11n_ladd800r2_legacy_s0_b_e800_b64_s0_gpu2,ladd,ladd90,candidate_or_unknown,historical_mosaic_mainline,1,800,full_800,diagnostic,partial,,0,b,755,0.56678,746,0.56638,755,0.84372,0.84234,ladd/results/converged_mainline_ladd_20260613/source/mosaic90/ladd_b_runs/ladd_hbb_ogsod11n_ladd800r2_legacy_s0_b_e800_b64_s0_gpu2,ladd/results/converged_mainline_ladd_20260613/source/mosaic90/ladd_b_runs/ladd_hbb_ogsod11n_ladd800r2_legacy_s0_b_e800_b64_s0_gpu2/results.csv,,
ladd_hbb_ogsod11n_ladd800r2_cap2_s123_a2_e50_b64_s123_gpu5,ladd,ladd90,candidate_or_unknown,historical_mosaic_mainline,1,50,compressed,diagnostic,partial,,123,a2,50,0.42489,1,0.40238,50,0.72462,0.66509,ladd/results/converged_mainline_ladd_20260613/source/mosaic90/ladd_b_runs/ladd_hbb_ogsod11n_ladd800r2_cap2_s123_a2_e50_b64_s123_gpu5,ladd/results/converged_mainline_ladd_20260613/source/mosaic90/ladd_b_runs/ladd_hbb_ogsod11n_ladd800r2_cap2_s123_a2_e50_b64_s123_gpu5/results.csv,,
ladd_hbb_ogsod11n_ladd800r2_cap2_s123_b_e800_b64_s123_gpu5,ladd,ladd90,candidate_or_unknown,historical_mosaic_mainline,1,800,full_800,diagnostic,partial,,123,b,800,0.56163,800,0.56163,800,0.83626,0.83592,docs/experiments/ladd_mosaic90_20260528_artifacts/ladd_b_runs/ladd_hbb_ogsod11n_ladd800r2_cap2_s123_b_e800_b64_s123_gpu5,docs/experiments/ladd_mosaic90_20260528_artifacts/ladd_b_runs/ladd_hbb_ogsod11n_ladd800r2_cap2_s123_b_e800_b64_s123_gpu5/results.csv,,
ladd_hbb_ogsod11n_ladd800r2_cap2_s123_b_e800_b64_s123_gpu5,ladd,ladd90,candidate_or_unknown,historical_mosaic_mainline,1,800,full_800,diagnostic,partial,,123,b,800,0.56163,800,0.56163,800,0.83626,0.83592,ladd/results/converged_mainline_ladd_20260613/source/mosaic90/ladd_b_runs/ladd_hbb_ogsod11n_ladd800r2_cap2_s123_b_e800_b64_s123_gpu5,ladd/results/converged_mainline_ladd_20260613/source/mosaic90/ladd_b_runs/ladd_hbb_ogsod11n_ladd800r2_cap2_s123_b_e800_b64_s123_gpu5/results.csv,,
ladd_hbb_ogsod11n_ladd800r2_legacy_s123_a2_e50_b64_s123_gpu3,ladd,ladd90,candidate_or_unknown,historical_mosaic_mainline,1,50,compressed,diagnostic,partial,,123,a2,50,0.42186,1,0.39727,50,0.71492,0.6558,ladd/results/converged_mainline_ladd_20260613/source/mosaic90/ladd_b_runs/ladd_hbb_ogsod11n_ladd800r2_legacy_s123_a2_e50_b64_s123_gpu3,ladd/results/converged_mainline_ladd_20260613/source/mosaic90/ladd_b_runs/ladd_hbb_ogsod11n_ladd800r2_legacy_s123_a2_e50_b64_s123_gpu3/results.csv,,
ladd_hbb_ogsod11n_ladd800r2_legacy_s123_b_e800_b64_s123_gpu3,ladd,ladd90,candidate_or_unknown,historical_mosaic_mainline,1,800,full_800,diagnostic,partial,,123,b,800,0.56526,770,0.5622,800,0.84404,0.84117,docs/experiments/ladd_mosaic90_20260528_artifacts/ladd_b_runs/ladd_hbb_ogsod11n_ladd800r2_legacy_s123_b_e800_b64_s123_gpu3,docs/experiments/ladd_mosaic90_20260528_artifacts/ladd_b_runs/ladd_hbb_ogsod11n_ladd800r2_legacy_s123_b_e800_b64_s123_gpu3/results.csv,,
ladd_hbb_ogsod11n_ladd800r2_legacy_s123_b_e800_b64_s123_gpu3,ladd,ladd90,candidate_or_unknown,historical_mosaic_mainline,1,800,full_800,diagnostic,partial,,123,b,800,0.56526,770,0.5622,800,0.84404,0.84117,ladd/results/converged_mainline_ladd_20260613/source/mosaic90/ladd_b_runs/ladd_hbb_ogsod11n_ladd800r2_legacy_s123_b_e800_b64_s123_gpu3,ladd/results/converged_mainline_ladd_20260613/source/mosaic90/ladd_b_runs/ladd_hbb_ogsod11n_ladd800r2_legacy_s123_b_e800_b64_s123_gpu3/results.csv,,
ladd_hbb_ogsod11n_ladd800r2_cap2_s42_a2_e50_b64_s42_gpu3,ladd,ladd90,candidate_or_unknown,historical_mosaic_mainline,1,50,compressed,diagnostic,partial,,42,a2,50,0.40313,50,0.40313,50,0.66203,0.66203,ladd/results/converged_mainline_ladd_20260613/source/mosaic90/ladd_b_runs/ladd_hbb_ogsod11n_ladd800r2_cap2_s42_a2_e50_b64_s42_gpu3,ladd/results/converged_mainline_ladd_20260613/source/mosaic90/ladd_b_runs/ladd_hbb_ogsod11n_ladd800r2_cap2_s42_a2_e50_b64_s42_gpu3/results.csv,,
ladd_hbb_ogsod11n_ladd800r2_cap2_s42_b_e800_b64_s42_gpu3,ladd,ladd90,candidate_or_unknown,historical_mosaic_mainline,1,800,full_800,diagnostic,partial,,42,b,800,0.56799,750,0.56044,800,0.84864,0.84345,docs/experiments/ladd_mosaic90_20260528_artifacts/ladd_b_runs/ladd_hbb_ogsod11n_ladd800r2_cap2_s42_b_e800_b64_s42_gpu3,docs/experiments/ladd_mosaic90_20260528_artifacts/ladd_b_runs/ladd_hbb_ogsod11n_ladd800r2_cap2_s42_b_e800_b64_s42_gpu3/results.csv,,
ladd_hbb_ogsod11n_ladd800r2_cap2_s42_b_e800_b64_s42_gpu3,ladd,ladd90,candidate_or_unknown,historical_mosaic_mainline,1,800,full_800,diagnostic,partial,,42,b,800,0.56799,750,0.56044,800,0.84864,0.84345,ladd/results/converged_mainline_ladd_20260613/source/mosaic90/ladd_b_runs/ladd_hbb_ogsod11n_ladd800r2_cap2_s42_b_e800_b64_s42_gpu3,ladd/results/converged_mainline_ladd_20260613/source/mosaic90/ladd_b_runs/ladd_hbb_ogsod11n_ladd800r2_cap2_s42_b_e800_b64_s42_gpu3/results.csv,,
ladd_hbb_ogsod11n_ladd800r2_legacy_s42_a2_e50_b64_s42_gpu5,ladd,ladd90,candidate_or_unknown,historical_mosaic_mainline,1,50,compressed,diagnostic,partial,,42,a2,50,0.40232,50,0.40232,50,0.65873,0.65873,ladd/results/converged_mainline_ladd_20260613/source/mosaic90/ladd_b_runs/ladd_hbb_ogsod11n_ladd800r2_legacy_s42_a2_e50_b64_s42_gpu5,ladd/results/converged_mainline_ladd_20260613/source/mosaic90/ladd_b_runs/ladd_hbb_ogsod11n_ladd800r2_legacy_s42_a2_e50_b64_s42_gpu5/results.csv,,
ladd_hbb_ogsod11n_ladd800r2_legacy_s42_b_e800_b64_s42_gpu5,ladd,ladd90,candidate_or_unknown,historical_mosaic_mainline,1,800,full_800,diagnostic,partial,,42,b,800,0.56688,763,0.5592,800,0.8458,0.83904,docs/experiments/ladd_mosaic90_20260528_artifacts/ladd_b_runs/ladd_hbb_ogsod11n_ladd800r2_legacy_s42_b_e800_b64_s42_gpu5,docs/experiments/ladd_mosaic90_20260528_artifacts/ladd_b_runs/ladd_hbb_ogsod11n_ladd800r2_legacy_s42_b_e800_b64_s42_gpu5/results.csv,,
ladd_hbb_ogsod11n_ladd800r2_legacy_s42_b_e800_b64_s42_gpu5,ladd,ladd90,candidate_or_unknown,historical_mosaic_mainline,1,800,full_800,diagnostic,partial,,42,b,800,0.56688,763,0.5592,800,0.8458,0.83904,ladd/results/converged_mainline_ladd_20260613/source/mosaic90/ladd_b_runs/ladd_hbb_ogsod11n_ladd800r2_legacy_s42_b_e800_b64_s42_gpu5,ladd/results/converged_mainline_ladd_20260613/source/mosaic90/ladd_b_runs/ladd_hbb_ogsod11n_ladd800r2_legacy_s42_b_e800_b64_s42_gpu5/results.csv,,
a1,ladd,ladd4090,candidate_or_unknown,smoke_probe_partial,0,10,smoke_probe_partial,diagnostic,partial,m,0,a1,10,0.65533,1,0.65533,10,0.93512,0.93512,ladd/results/a2_damage_20260612/runs/m_a2_detonly/a1,ladd/results/a2_damage_20260612/runs/m_a2_detonly/a1/results.csv,ladd/results/a2_damage_20260612/runs/m_a2_detonly/a1/ladd_diagnostics.csv,6523ba98fea7d619a98442a11ba84dc55c99b638
b1,ladd,ladd4090,candidate_or_unknown,smoke_probe_partial,0,1,smoke_probe_partial,diagnostic,partial,m,0,b1,1,0.62422,1,0.62422,1,0.92121,0.92121,ladd/results/a2_damage_20260612/runs/m_a2_detonly/b1,ladd/results/a2_damage_20260612/runs/m_a2_detonly/b1/results.csv,ladd/results/a2_damage_20260612/runs/m_a2_detonly/b1/ladd_diagnostics.csv,6523ba98fea7d619a98442a11ba84dc55c99b638
ladd_hbb_ogsod11m_formal_nomosaic_yolo11m_cap2_s0_diag_a2damage_m_s0_a2detonly_b1_retry1_a1_e10_b32_s0_gpu1,ladd,ladd4090,diagnostic,smoke_probe_partial,0,10,smoke_probe_partial,diagnostic,partial,m,0,b1,10,0.65533,1,0.65533,10,0.93512,0.93512,ladd/results/ladd4090_shutdown_sync_20260614/evidence_raw/ladd4090/repo_root_snapshot/runs_public/ogsod/hbb/formal_nomosaic_20260528/ladd/yolo11m/cap2/ladd_hbb_ogsod11m_formal_nomosaic_yolo11m_cap2_s0_diag_a2damage_m_s0_a2detonly_b1_retry1_a1_e10_b32_s0_gpu1,ladd/results/ladd4090_shutdown_sync_20260614/evidence_raw/ladd4090/repo_root_snapshot/runs_public/ogsod/hbb/formal_nomosaic_20260528/ladd/yolo11m/cap2/ladd_hbb_ogsod11m_formal_nomosaic_yolo11m_cap2_s0_diag_a2damage_m_s0_a2detonly_b1_retry1_a1_e10_b32_s0_gpu1/results.csv,ladd/results/ladd4090_shutdown_sync_20260614/evidence_raw/ladd4090/repo_root_snapshot/runs_public/ogsod/hbb/formal_nomosaic_20260528/ladd/yolo11m/cap2/ladd_hbb_ogsod11m_formal_nomosaic_yolo11m_cap2_s0_diag_a2damage_m_s0_a2detonly_b1_retry1_a1_e10_b32_s0_gpu1/ladd_diagnostics.csv,
ladd_hbb_ogsod11m_formal_nomosaic_yolo11m_cap2_s0_diag_a2damage_m_s0_a2detonly_b1_retry1_a1_e10_b32_s0_gpu1,ladd,ladd4090,diagnostic,smoke_probe_partial,0,10,smoke_probe_partial,diagnostic,partial,m,0,b1,10,0.65533,1,0.65533,10,0.93512,0.93512,ladd/results/ladd_curve_analysis_20260612/source/runs_public_ladd/yolo11m/cap2/ladd_hbb_ogsod11m_formal_nomosaic_yolo11m_cap2_s0_diag_a2damage_m_s0_a2detonly_b1_retry1_a1_e10_b32_s0_gpu1,ladd/results/ladd_curve_analysis_20260612/source/runs_public_ladd/yolo11m/cap2/ladd_hbb_ogsod11m_formal_nomosaic_yolo11m_cap2_s0_diag_a2damage_m_s0_a2detonly_b1_retry1_a1_e10_b32_s0_gpu1/results.csv,ladd/results/ladd_curve_analysis_20260612/source/runs_public_ladd/yolo11m/cap2/ladd_hbb_ogsod11m_formal_nomosaic_yolo11m_cap2_s0_diag_a2damage_m_s0_a2detonly_b1_retry1_a1_e10_b32_s0_gpu1/ladd_diagnostics.csv,
ladd_hbb_ogsod11m_formal_nomosaic_yolo11m_cap2_s0_diag_a2damage_m_s0_a2detonly_b1_retry1_b_e1_b32_s0_gpu1,ladd,ladd4090,diagnostic,smoke_probe_partial,0,1,smoke_probe_partial,diagnostic,partial,m,0,b1,1,0.62422,1,0.62422,1,0.92121,0.92121,ladd/results/ladd4090_shutdown_sync_20260614/evidence_raw/ladd4090/repo_root_snapshot/runs_public/ogsod/hbb/formal_nomosaic_20260528/ladd/yolo11m/cap2/ladd_hbb_ogsod11m_formal_nomosaic_yolo11m_cap2_s0_diag_a2damage_m_s0_a2detonly_b1_retry1_b_e1_b32_s0_gpu1,ladd/results/ladd4090_shutdown_sync_20260614/evidence_raw/ladd4090/repo_root_snapshot/runs_public/ogsod/hbb/formal_nomosaic_20260528/ladd/yolo11m/cap2/ladd_hbb_ogsod11m_formal_nomosaic_yolo11m_cap2_s0_diag_a2damage_m_s0_a2detonly_b1_retry1_b_e1_b32_s0_gpu1/results.csv,ladd/results/ladd4090_shutdown_sync_20260614/evidence_raw/ladd4090/repo_root_snapshot/runs_public/ogsod/hbb/formal_nomosaic_20260528/ladd/yolo11m/cap2/ladd_hbb_ogsod11m_formal_nomosaic_yolo11m_cap2_s0_diag_a2damage_m_s0_a2detonly_b1_retry1_b_e1_b32_s0_gpu1/ladd_diagnostics.csv,
ladd_hbb_ogsod11m_formal_nomosaic_yolo11m_cap2_s0_diag_a2damage_m_s0_a2detonly_b1_retry1_b_e1_b32_s0_gpu1,ladd,ladd4090,diagnostic,smoke_probe_partial,0,1,smoke_probe_partial,diagnostic,partial,m,0,b1,1,0.62422,1,0.62422,1,0.92121,0.92121,ladd/results/ladd_curve_analysis_20260612/source/runs_public_ladd/yolo11m/cap2/ladd_hbb_ogsod11m_formal_nomosaic_yolo11m_cap2_s0_diag_a2damage_m_s0_a2detonly_b1_retry1_b_e1_b32_s0_gpu1,ladd/results/ladd_curve_analysis_20260612/source/runs_public_ladd/yolo11m/cap2/ladd_hbb_ogsod11m_formal_nomosaic_yolo11m_cap2_s0_diag_a2damage_m_s0_a2detonly_b1_retry1_b_e1_b32_s0_gpu1/results.csv,ladd/results/ladd_curve_analysis_20260612/source/runs_public_ladd/yolo11m/cap2/ladd_hbb_ogsod11m_formal_nomosaic_yolo11m_cap2_s0_diag_a2damage_m_s0_a2detonly_b1_retry1_b_e1_b32_s0_gpu1/ladd_diagnostics.csv,
ladd_hbb_ogsod11m_formal_nomosaic_yolo11m_cap2_s0_diag_a2damage_m_s0_a2lr3e4_b1_retry2_a1_e10_b32_s0_gpu1,ladd,ladd4090,diagnostic,smoke_probe_partial,0,10,smoke_probe_partial,diagnostic,partial,m,0,b1,10,0.65533,1,0.65533,10,0.93512,0.93512,ladd/results/ladd4090_shutdown_sync_20260614/evidence_raw/ladd4090/repo_root_snapshot/runs_public/ogsod/hbb/formal_nomosaic_20260528/ladd/yolo11m/cap2/ladd_hbb_ogsod11m_formal_nomosaic_yolo11m_cap2_s0_diag_a2damage_m_s0_a2lr3e4_b1_retry2_a1_e10_b32_s0_gpu1,ladd/results/ladd4090_shutdown_sync_20260614/evidence_raw/ladd4090/repo_root_snapshot/runs_public/ogsod/hbb/formal_nomosaic_20260528/ladd/yolo11m/cap2/ladd_hbb_ogsod11m_formal_nomosaic_yolo11m_cap2_s0_diag_a2damage_m_s0_a2lr3e4_b1_retry2_a1_e10_b32_s0_gpu1/results.csv,ladd/results/ladd4090_shutdown_sync_20260614/evidence_raw/ladd4090/repo_root_snapshot/runs_public/ogsod/hbb/formal_nomosaic_20260528/ladd/yolo11m/cap2/ladd_hbb_ogsod11m_formal_nomosaic_yolo11m_cap2_s0_diag_a2damage_m_s0_a2lr3e4_b1_retry2_a1_e10_b32_s0_gpu1/ladd_diagnostics.csv,
ladd_hbb_ogsod11m_formal_nomosaic_yolo11m_cap2_s0_diag_a2damage_m_s0_a2lr3e4_b1_retry2_a1_e10_b32_s0_gpu1,ladd,ladd4090,diagnostic,smoke_probe_partial,0,10,smoke_probe_partial,diagnostic,partial,m,0,b1,10,0.65533,1,0.65533,10,0.93512,0.93512,ladd/results/ladd_curve_analysis_20260612/source/runs_public_ladd/yolo11m/cap2/ladd_hbb_ogsod11m_formal_nomosaic_yolo11m_cap2_s0_diag_a2damage_m_s0_a2lr3e4_b1_retry2_a1_e10_b32_s0_gpu1,ladd/results/ladd_curve_analysis_20260612/source/runs_public_ladd/yolo11m/cap2/ladd_hbb_ogsod11m_formal_nomosaic_yolo11m_cap2_s0_diag_a2damage_m_s0_a2lr3e4_b1_retry2_a1_e10_b32_s0_gpu1/results.csv,ladd/results/ladd_curve_analysis_20260612/source/runs_public_ladd/yolo11m/cap2/ladd_hbb_ogsod11m_formal_nomosaic_yolo11m_cap2_s0_diag_a2damage_m_s0_a2lr3e4_b1_retry2_a1_e10_b32_s0_gpu1/ladd_diagnostics.csv,
ladd_hbb_ogsod11m_formal_nomosaic_yolo11m_cap2_s0_diag_a2damage_m_s0_a2lr3e4_b1_retry3_a1_e10_b32_s0_gpu1,ladd,ladd4090,diagnostic,smoke_probe_partial,0,10,smoke_probe_partial,diagnostic,partial,m,0,b1,10,0.65533,1,0.65533,10,0.93512,0.93512,ladd/results/ladd4090_shutdown_sync_20260614/evidence_raw/ladd4090/repo_root_snapshot/runs_public/ogsod/hbb/formal_nomosaic_20260528/ladd/yolo11m/cap2/ladd_hbb_ogsod11m_formal_nomosaic_yolo11m_cap2_s0_diag_a2damage_m_s0_a2lr3e4_b1_retry3_a1_e10_b32_s0_gpu1,ladd/results/ladd4090_shutdown_sync_20260614/evidence_raw/ladd4090/repo_root_snapshot/runs_public/ogsod/hbb/formal_nomosaic_20260528/ladd/yolo11m/cap2/ladd_hbb_ogsod11m_formal_nomosaic_yolo11m_cap2_s0_diag_a2damage_m_s0_a2lr3e4_b1_retry3_a1_e10_b32_s0_gpu1/results.csv,ladd/results/ladd4090_shutdown_sync_20260614/evidence_raw/ladd4090/repo_root_snapshot/runs_public/ogsod/hbb/formal_nomosaic_20260528/ladd/yolo11m/cap2/ladd_hbb_ogsod11m_formal_nomosaic_yolo11m_cap2_s0_diag_a2damage_m_s0_a2lr3e4_b1_retry3_a1_e10_b32_s0_gpu1/ladd_diagnostics.csv,
ladd_hbb_ogsod11m_formal_nomosaic_yolo11m_cap2_s0_diag_a2damage_m_s0_a2lr3e4_b1_retry3_a1_e10_b32_s0_gpu1,ladd,ladd4090,diagnostic,smoke_probe_partial,0,10,smoke_probe_partial,diagnostic,partial,m,0,b1,10,0.65533,1,0.65533,10,0.93512,0.93512,ladd/results/ladd_curve_analysis_20260612/source/runs_public_ladd/yolo11m/cap2/ladd_hbb_ogsod11m_formal_nomosaic_yolo11m_cap2_s0_diag_a2damage_m_s0_a2lr3e4_b1_retry3_a1_e10_b32_s0_gpu1,ladd/results/ladd_curve_analysis_20260612/source/runs_public_ladd/yolo11m/cap2/ladd_hbb_ogsod11m_formal_nomosaic_yolo11m_cap2_s0_diag_a2damage_m_s0_a2lr3e4_b1_retry3_a1_e10_b32_s0_gpu1/results.csv,ladd/results/ladd_curve_analysis_20260612/source/runs_public_ladd/yolo11m/cap2/ladd_hbb_ogsod11m_formal_nomosaic_yolo11m_cap2_s0_diag_a2damage_m_s0_a2lr3e4_b1_retry3_a1_e10_b32_s0_gpu1/ladd_diagnostics.csv,
ladd_hbb_ogsod11m_formal_nomosaic_yolo11m_cap2_s0_diag_a2damage_m_s0_a2lr3e4_b1_retry3_b_e1_b32_s0_gpu1,ladd,ladd4090,diagnostic,smoke_probe_partial,0,1,smoke_probe_partial,diagnostic,partial,m,0,b1,1,0.62682,1,0.62682,1,0.92249,0.92249,ladd/results/ladd4090_shutdown_sync_20260614/evidence_raw/ladd4090/repo_root_snapshot/runs_public/ogsod/hbb/formal_nomosaic_20260528/ladd/yolo11m/cap2/ladd_hbb_ogsod11m_formal_nomosaic_yolo11m_cap2_s0_diag_a2damage_m_s0_a2lr3e4_b1_retry3_b_e1_b32_s0_gpu1,ladd/results/ladd4090_shutdown_sync_20260614/evidence_raw/ladd4090/repo_root_snapshot/runs_public/ogsod/hbb/formal_nomosaic_20260528/ladd/yolo11m/cap2/ladd_hbb_ogsod11m_formal_nomosaic_yolo11m_cap2_s0_diag_a2damage_m_s0_a2lr3e4_b1_retry3_b_e1_b32_s0_gpu1/results.csv,ladd/results/ladd4090_shutdown_sync_20260614/evidence_raw/ladd4090/repo_root_snapshot/runs_public/ogsod/hbb/formal_nomosaic_20260528/ladd/yolo11m/cap2/ladd_hbb_ogsod11m_formal_nomosaic_yolo11m_cap2_s0_diag_a2damage_m_s0_a2lr3e4_b1_retry3_b_e1_b32_s0_gpu1/ladd_diagnostics.csv,
ladd_hbb_ogsod11m_formal_nomosaic_yolo11m_cap2_s0_diag_a2damage_m_s0_a2lr3e4_b1_retry3_b_e1_b32_s0_gpu1,ladd,ladd4090,diagnostic,smoke_probe_partial,0,1,smoke_probe_partial,diagnostic,partial,m,0,b1,1,0.62682,1,0.62682,1,0.92249,0.92249,ladd/results/ladd_curve_analysis_20260612/source/runs_public_ladd/yolo11m/cap2/ladd_hbb_ogsod11m_formal_nomosaic_yolo11m_cap2_s0_diag_a2damage_m_s0_a2lr3e4_b1_retry3_b_e1_b32_s0_gpu1,ladd/results/ladd_curve_analysis_20260612/source/runs_public_ladd/yolo11m/cap2/ladd_hbb_ogsod11m_formal_nomosaic_yolo11m_cap2_s0_diag_a2damage_m_s0_a2lr3e4_b1_retry3_b_e1_b32_s0_gpu1/results.csv,ladd/results/ladd_curve_analysis_20260612/source/runs_public_ladd/yolo11m/cap2/ladd_hbb_ogsod11m_formal_nomosaic_yolo11m_cap2_s0_diag_a2damage_m_s0_a2lr3e4_b1_retry3_b_e1_b32_s0_gpu1/ladd_diagnostics.csv,
ladd_hbb_ogsod11m_formal_nomosaic_yolo11m_cap2_s0_diag_a2select_m_s0_a2lr3e4_short10_b1_a1_e10_b32_s0_gpu1,ladd,ladd4090,diagnostic,smoke_probe_partial,0,10,smoke_probe_partial,diagnostic,partial,m,0,b1,10,0.65533,1,0.65533,10,0.93512,0.93512,ladd/results/ladd4090_shutdown_sync_20260614/evidence_raw/ladd4090/repo_root_snapshot/runs_public/ogsod/hbb/formal_nomosaic_20260528/ladd/yolo11m/cap2/ladd_hbb_ogsod11m_formal_nomosaic_yolo11m_cap2_s0_diag_a2select_m_s0_a2lr3e4_short10_b1_a1_e10_b32_s0_gpu1,ladd/results/ladd4090_shutdown_sync_20260614/evidence_raw/ladd4090/repo_root_snapshot/runs_public/ogsod/hbb/formal_nomosaic_20260528/ladd/yolo11m/cap2/ladd_hbb_ogsod11m_formal_nomosaic_yolo11m_cap2_s0_diag_a2select_m_s0_a2lr3e4_short10_b1_a1_e10_b32_s0_gpu1/results.csv,ladd/results/ladd4090_shutdown_sync_20260614/evidence_raw/ladd4090/repo_root_snapshot/runs_public/ogsod/hbb/formal_nomosaic_20260528/ladd/yolo11m/cap2/ladd_hbb_ogsod11m_formal_nomosaic_yolo11m_cap2_s0_diag_a2select_m_s0_a2lr3e4_short10_b1_a1_e10_b32_s0_gpu1/ladd_diagnostics.csv,
ladd_hbb_ogsod11m_formal_nomosaic_yolo11m_cap2_s0_diag_a2select_m_s0_a2lr3e4_short10_b1_a1_e10_b32_s0_gpu1,ladd,ladd4090,diagnostic,smoke_probe_partial,0,10,smoke_probe_partial,diagnostic,partial,m,0,b1,10,0.65533,1,0.65533,10,0.93512,0.93512,ladd/results/ladd_curve_analysis_20260612/source/runs_public_ladd/yolo11m/cap2/ladd_hbb_ogsod11m_formal_nomosaic_yolo11m_cap2_s0_diag_a2select_m_s0_a2lr3e4_short10_b1_a1_e10_b32_s0_gpu1,ladd/results/ladd_curve_analysis_20260612/source/runs_public_ladd/yolo11m/cap2/ladd_hbb_ogsod11m_formal_nomosaic_yolo11m_cap2_s0_diag_a2select_m_s0_a2lr3e4_short10_b1_a1_e10_b32_s0_gpu1/results.csv,ladd/results/ladd_curve_analysis_20260612/source/runs_public_ladd/yolo11m/cap2/ladd_hbb_ogsod11m_formal_nomosaic_yolo11m_cap2_s0_diag_a2select_m_s0_a2lr3e4_short10_b1_a1_e10_b32_s0_gpu1/ladd_diagnostics.csv,
ladd_hbb_ogsod11m_formal_nomosaic_yolo11m_cap2_s0_diag_a2select_m_s0_a2lr3e4_short10_b1_a2_e10_b32_s0_gpu1,ladd,ladd4090,diagnostic,smoke_probe_partial,0,10,smoke_probe_partial,diagnostic,partial,m,0,b1,10,0.64929,4,0.6399,10,0.93507,0.93081,ladd/results/ladd4090_shutdown_sync_20260614/evidence_raw/ladd4090/repo_root_snapshot/runs_public/ogsod/hbb/formal_nomosaic_20260528/ladd/yolo11m/cap2/ladd_hbb_ogsod11m_formal_nomosaic_yolo11m_cap2_s0_diag_a2select_m_s0_a2lr3e4_short10_b1_a2_e10_b32_s0_gpu1,ladd/results/ladd4090_shutdown_sync_20260614/evidence_raw/ladd4090/repo_root_snapshot/runs_public/ogsod/hbb/formal_nomosaic_20260528/ladd/yolo11m/cap2/ladd_hbb_ogsod11m_formal_nomosaic_yolo11m_cap2_s0_diag_a2select_m_s0_a2lr3e4_short10_b1_a2_e10_b32_s0_gpu1/results.csv,ladd/results/ladd4090_shutdown_sync_20260614/evidence_raw/ladd4090/repo_root_snapshot/runs_public/ogsod/hbb/formal_nomosaic_20260528/ladd/yolo11m/cap2/ladd_hbb_ogsod11m_formal_nomosaic_yolo11m_cap2_s0_diag_a2select_m_s0_a2lr3e4_short10_b1_a2_e10_b32_s0_gpu1/ladd_diagnostics.csv,
ladd_hbb_ogsod11m_formal_nomosaic_yolo11m_cap2_s0_diag_a2select_m_s0_a2lr3e4_short10_b1_a2_e10_b32_s0_gpu1,ladd,ladd4090,diagnostic,smoke_probe_partial,0,10,smoke_probe_partial,diagnostic,partial,m,0,b1,10,0.64929,4,0.6399,10,0.93507,0.93081,ladd/results/ladd_curve_analysis_20260612/source/runs_public_ladd/yolo11m/cap2/ladd_hbb_ogsod11m_formal_nomosaic_yolo11m_cap2_s0_diag_a2select_m_s0_a2lr3e4_short10_b1_a2_e10_b32_s0_gpu1,ladd/results/ladd_curve_analysis_20260612/source/runs_public_ladd/yolo11m/cap2/ladd_hbb_ogsod11m_formal_nomosaic_yolo11m_cap2_s0_diag_a2select_m_s0_a2lr3e4_short10_b1_a2_e10_b32_s0_gpu1/results.csv,ladd/results/ladd_curve_analysis_20260612/source/runs_public_ladd/yolo11m/cap2/ladd_hbb_ogsod11m_formal_nomosaic_yolo11m_cap2_s0_diag_a2select_m_s0_a2lr3e4_short10_b1_a2_e10_b32_s0_gpu1/ladd_diagnostics.csv,
ladd_hbb_ogsod11m_formal_nomosaic_yolo11m_cap2_s0_diag_a2select_m_s0_a2lr3e4_short10_b1_b_e1_b32_s0_gpu1,ladd,ladd4090,diagnostic,smoke_probe_partial,0,1,smoke_probe_partial,diagnostic,partial,m,0,b1,1,0.62898,1,0.62898,1,0.92404,0.92404,ladd/results/ladd4090_shutdown_sync_20260614/evidence_raw/ladd4090/repo_root_snapshot/runs_public/ogsod/hbb/formal_nomosaic_20260528/ladd/yolo11m/cap2/ladd_hbb_ogsod11m_formal_nomosaic_yolo11m_cap2_s0_diag_a2select_m_s0_a2lr3e4_short10_b1_b_e1_b32_s0_gpu1,ladd/results/ladd4090_shutdown_sync_20260614/evidence_raw/ladd4090/repo_root_snapshot/runs_public/ogsod/hbb/formal_nomosaic_20260528/ladd/yolo11m/cap2/ladd_hbb_ogsod11m_formal_nomosaic_yolo11m_cap2_s0_diag_a2select_m_s0_a2lr3e4_short10_b1_b_e1_b32_s0_gpu1/results.csv,ladd/results/ladd4090_shutdown_sync_20260614/evidence_raw/ladd4090/repo_root_snapshot/runs_public/ogsod/hbb/formal_nomosaic_20260528/ladd/yolo11m/cap2/ladd_hbb_ogsod11m_formal_nomosaic_yolo11m_cap2_s0_diag_a2select_m_s0_a2lr3e4_short10_b1_b_e1_b32_s0_gpu1/ladd_diagnostics.csv,
ladd_hbb_ogsod11m_formal_nomosaic_yolo11m_cap2_s0_diag_a2select_m_s0_a2lr3e4_short10_b1_b_e1_b32_s0_gpu1,ladd,ladd4090,diagnostic,smoke_probe_partial,0,1,smoke_probe_partial,diagnostic,partial,m,0,b1,1,0.62898,1,0.62898,1,0.92404,0.92404,ladd/results/ladd_curve_analysis_20260612/source/runs_public_ladd/yolo11m/cap2/ladd_hbb_ogsod11m_formal_nomosaic_yolo11m_cap2_s0_diag_a2select_m_s0_a2lr3e4_short10_b1_b_e1_b32_s0_gpu1,ladd/results/ladd_curve_analysis_20260612/source/runs_public_ladd/yolo11m/cap2/ladd_hbb_ogsod11m_formal_nomosaic_yolo11m_cap2_s0_diag_a2select_m_s0_a2lr3e4_short10_b1_b_e1_b32_s0_gpu1/results.csv,ladd/results/ladd_curve_analysis_20260612/source/runs_public_ladd/yolo11m/cap2/ladd_hbb_ogsod11m_formal_nomosaic_yolo11m_cap2_s0_diag_a2select_m_s0_a2lr3e4_short10_b1_b_e1_b32_s0_gpu1/ladd_diagnostics.csv,
ladd_hbb_ogsod11m_formal_nomosaic_yolo11m_cap2_s0_diag_a2select_m_s0_a2short10_b1_a1_e10_b32_s0_gpu0,ladd,ladd4090,diagnostic,smoke_probe_partial,0,10,smoke_probe_partial,diagnostic,partial,m,0,b1,10,0.65533,1,0.65533,10,0.93512,0.93512,ladd/results/ladd4090_shutdown_sync_20260614/evidence_raw/ladd4090/repo_root_snapshot/runs_public/ogsod/hbb/formal_nomosaic_20260528/ladd/yolo11m/cap2/ladd_hbb_ogsod11m_formal_nomosaic_yolo11m_cap2_s0_diag_a2select_m_s0_a2short10_b1_a1_e10_b32_s0_gpu0,ladd/results/ladd4090_shutdown_sync_20260614/evidence_raw/ladd4090/repo_root_snapshot/runs_public/ogsod/hbb/formal_nomosaic_20260528/ladd/yolo11m/cap2/ladd_hbb_ogsod11m_formal_nomosaic_yolo11m_cap2_s0_diag_a2select_m_s0_a2short10_b1_a1_e10_b32_s0_gpu0/results.csv,ladd/results/ladd4090_shutdown_sync_20260614/evidence_raw/ladd4090/repo_root_snapshot/runs_public/ogsod/hbb/formal_nomosaic_20260528/ladd/yolo11m/cap2/ladd_hbb_ogsod11m_formal_nomosaic_yolo11m_cap2_s0_diag_a2select_m_s0_a2short10_b1_a1_e10_b32_s0_gpu0/ladd_diagnostics.csv,
ladd_hbb_ogsod11m_formal_nomosaic_yolo11m_cap2_s0_diag_a2select_m_s0_a2short10_b1_a1_e10_b32_s0_gpu0,ladd,ladd4090,diagnostic,smoke_probe_partial,0,10,smoke_probe_partial,diagnostic,partial,m,0,b1,10,0.65533,1,0.65533,10,0.93512,0.93512,ladd/results/ladd_curve_analysis_20260612/source/runs_public_ladd/yolo11m/cap2/ladd_hbb_ogsod11m_formal_nomosaic_yolo11m_cap2_s0_diag_a2select_m_s0_a2short10_b1_a1_e10_b32_s0_gpu0,ladd/results/ladd_curve_analysis_20260612/source/runs_public_ladd/yolo11m/cap2/ladd_hbb_ogsod11m_formal_nomosaic_yolo11m_cap2_s0_diag_a2select_m_s0_a2short10_b1_a1_e10_b32_s0_gpu0/results.csv,ladd/results/ladd_curve_analysis_20260612/source/runs_public_ladd/yolo11m/cap2/ladd_hbb_ogsod11m_formal_nomosaic_yolo11m_cap2_s0_diag_a2select_m_s0_a2short10_b1_a1_e10_b32_s0_gpu0/ladd_diagnostics.csv,
ladd_hbb_ogsod11m_formal_nomosaic_yolo11m_cap2_s0_diag_a2select_m_s0_a2short10_b1_a2_e10_b32_s0_gpu0,ladd,ladd4090,diagnostic,smoke_probe_partial,0,10,smoke_probe_partial,diagnostic,partial,m,0,b1,10,0.64411,4,0.64276,10,0.93244,0.93202,ladd/results/ladd4090_shutdown_sync_20260614/evidence_raw/ladd4090/repo_root_snapshot/runs_public/ogsod/hbb/formal_nomosaic_20260528/ladd/yolo11m/cap2/ladd_hbb_ogsod11m_formal_nomosaic_yolo11m_cap2_s0_diag_a2select_m_s0_a2short10_b1_a2_e10_b32_s0_gpu0,ladd/results/ladd4090_shutdown_sync_20260614/evidence_raw/ladd4090/repo_root_snapshot/runs_public/ogsod/hbb/formal_nomosaic_20260528/ladd/yolo11m/cap2/ladd_hbb_ogsod11m_formal_nomosaic_yolo11m_cap2_s0_diag_a2select_m_s0_a2short10_b1_a2_e10_b32_s0_gpu0/results.csv,ladd/results/ladd4090_shutdown_sync_20260614/evidence_raw/ladd4090/repo_root_snapshot/runs_public/ogsod/hbb/formal_nomosaic_20260528/ladd/yolo11m/cap2/ladd_hbb_ogsod11m_formal_nomosaic_yolo11m_cap2_s0_diag_a2select_m_s0_a2short10_b1_a2_e10_b32_s0_gpu0/ladd_diagnostics.csv,
ladd_hbb_ogsod11m_formal_nomosaic_yolo11m_cap2_s0_diag_a2select_m_s0_a2short10_b1_a2_e10_b32_s0_gpu0,ladd,ladd4090,diagnostic,smoke_probe_partial,0,10,smoke_probe_partial,diagnostic,partial,m,0,b1,10,0.64411,4,0.64276,10,0.93244,0.93202,ladd/results/ladd_curve_analysis_20260612/source/runs_public_ladd/yolo11m/cap2/ladd_hbb_ogsod11m_formal_nomosaic_yolo11m_cap2_s0_diag_a2select_m_s0_a2short10_b1_a2_e10_b32_s0_gpu0,ladd/results/ladd_curve_analysis_20260612/source/runs_public_ladd/yolo11m/cap2/ladd_hbb_ogsod11m_formal_nomosaic_yolo11m_cap2_s0_diag_a2select_m_s0_a2short10_b1_a2_e10_b32_s0_gpu0/results.csv,ladd/results/ladd_curve_analysis_20260612/source/runs_public_ladd/yolo11m/cap2/ladd_hbb_ogsod11m_formal_nomosaic_yolo11m_cap2_s0_diag_a2select_m_s0_a2short10_b1_a2_e10_b32_s0_gpu0/ladd_diagnostics.csv,
ladd_hbb_ogsod11m_formal_nomosaic_yolo11m_cap2_s0_diag_a2select_m_s0_a2short10_b1_b_e1_b32_s0_gpu0,ladd,ladd4090,diagnostic,smoke_probe_partial,0,1,smoke_probe_partial,diagnostic,partial,m,0,b1,1,0.62642,1,0.62642,1,0.92234,0.92234,ladd/results/ladd4090_shutdown_sync_20260614/evidence_raw/ladd4090/repo_root_snapshot/runs_public/ogsod/hbb/formal_nomosaic_20260528/ladd/yolo11m/cap2/ladd_hbb_ogsod11m_formal_nomosaic_yolo11m_cap2_s0_diag_a2select_m_s0_a2short10_b1_b_e1_b32_s0_gpu0,ladd/results/ladd4090_shutdown_sync_20260614/evidence_raw/ladd4090/repo_root_snapshot/runs_public/ogsod/hbb/formal_nomosaic_20260528/ladd/yolo11m/cap2/ladd_hbb_ogsod11m_formal_nomosaic_yolo11m_cap2_s0_diag_a2select_m_s0_a2short10_b1_b_e1_b32_s0_gpu0/results.csv,ladd/results/ladd4090_shutdown_sync_20260614/evidence_raw/ladd4090/repo_root_snapshot/runs_public/ogsod/hbb/formal_nomosaic_20260528/ladd/yolo11m/cap2/ladd_hbb_ogsod11m_formal_nomosaic_yolo11m_cap2_s0_diag_a2select_m_s0_a2short10_b1_b_e1_b32_s0_gpu0/ladd_diagnostics.csv,
ladd_hbb_ogsod11m_formal_nomosaic_yolo11m_cap2_s0_diag_a2select_m_s0_a2short10_b1_b_e1_b32_s0_gpu0,ladd,ladd4090,diagnostic,smoke_probe_partial,0,1,smoke_probe_partial,diagnostic,partial,m,0,b1,1,0.62642,1,0.62642,1,0.92234,0.92234,ladd/results/ladd_curve_analysis_20260612/source/runs_public_ladd/yolo11m/cap2/ladd_hbb_ogsod11m_formal_nomosaic_yolo11m_cap2_s0_diag_a2select_m_s0_a2short10_b1_b_e1_b32_s0_gpu0,ladd/results/ladd_curve_analysis_20260612/source/runs_public_ladd/yolo11m/cap2/ladd_hbb_ogsod11m_formal_nomosaic_yolo11m_cap2_s0_diag_a2select_m_s0_a2short10_b1_b_e1_b32_s0_gpu0/results.csv,ladd/results/ladd_curve_analysis_20260612/source/runs_public_ladd/yolo11m/cap2/ladd_hbb_ogsod11m_formal_nomosaic_yolo11m_cap2_s0_diag_a2select_m_s0_a2short10_b1_b_e1_b32_s0_gpu0/ladd_diagnostics.csv,
ladd_hbb_ogsod11m_formal_nomosaic_yolo11m_cap2_s0_diag_capkd_m_s0_a2probe_b1_retry1_a1_e10_b32_s0_gpu1,ladd,ladd4090,diagnostic,smoke_probe_partial,0,10,smoke_probe_partial,diagnostic,partial,m,0,b1,10,0.65533,1,0.65533,10,0.93512,0.93512,ladd/results/ladd4090_shutdown_sync_20260614/evidence_raw/ladd4090/repo_root_snapshot/runs_public/ogsod/hbb/formal_nomosaic_20260528/ladd/yolo11m/cap2/ladd_hbb_ogsod11m_formal_nomosaic_yolo11m_cap2_s0_diag_capkd_m_s0_a2probe_b1_retry1_a1_e10_b32_s0_gpu1,ladd/results/ladd4090_shutdown_sync_20260614/evidence_raw/ladd4090/repo_root_snapshot/runs_public/ogsod/hbb/formal_nomosaic_20260528/ladd/yolo11m/cap2/ladd_hbb_ogsod11m_formal_nomosaic_yolo11m_cap2_s0_diag_capkd_m_s0_a2probe_b1_retry1_a1_e10_b32_s0_gpu1/results.csv,ladd/results/ladd4090_shutdown_sync_20260614/evidence_raw/ladd4090/repo_root_snapshot/runs_public/ogsod/hbb/formal_nomosaic_20260528/ladd/yolo11m/cap2/ladd_hbb_ogsod11m_formal_nomosaic_yolo11m_cap2_s0_diag_capkd_m_s0_a2probe_b1_retry1_a1_e10_b32_s0_gpu1/ladd_diagnostics.csv,
ladd_hbb_ogsod11m_formal_nomosaic_yolo11m_cap2_s0_diag_capkd_m_s0_a2probe_b1_retry1_a1_e10_b32_s0_gpu1,ladd,ladd4090,diagnostic,smoke_probe_partial,0,10,smoke_probe_partial,diagnostic,partial,m,0,b1,10,0.65533,1,0.65533,10,0.93512,0.93512,ladd/results/ladd_curve_analysis_20260612/source/runs_public_ladd/yolo11m/cap2/ladd_hbb_ogsod11m_formal_nomosaic_yolo11m_cap2_s0_diag_capkd_m_s0_a2probe_b1_retry1_a1_e10_b32_s0_gpu1,ladd/results/ladd_curve_analysis_20260612/source/runs_public_ladd/yolo11m/cap2/ladd_hbb_ogsod11m_formal_nomosaic_yolo11m_cap2_s0_diag_capkd_m_s0_a2probe_b1_retry1_a1_e10_b32_s0_gpu1/results.csv,ladd/results/ladd_curve_analysis_20260612/source/runs_public_ladd/yolo11m/cap2/ladd_hbb_ogsod11m_formal_nomosaic_yolo11m_cap2_s0_diag_capkd_m_s0_a2probe_b1_retry1_a1_e10_b32_s0_gpu1/ladd_diagnostics.csv,
ladd_hbb_ogsod11m_formal_nomosaic_yolo11m_cap2_s0_diag_capkd_m_s0_a2probe_b1_retry1_a2_e50_b32_s0_gpu1,ladd,ladd4090,diagnostic,smoke_probe_partial,0,50,smoke_probe_partial,diagnostic,partial,m,0,b1,50,0.65026,10,0.63725,50,0.93408,0.93039,ladd/results/ladd4090_shutdown_sync_20260614/evidence_raw/ladd4090/repo_root_snapshot/runs_public/ogsod/hbb/formal_nomosaic_20260528/ladd/yolo11m/cap2/ladd_hbb_ogsod11m_formal_nomosaic_yolo11m_cap2_s0_diag_capkd_m_s0_a2probe_b1_retry1_a2_e50_b32_s0_gpu1,ladd/results/ladd4090_shutdown_sync_20260614/evidence_raw/ladd4090/repo_root_snapshot/runs_public/ogsod/hbb/formal_nomosaic_20260528/ladd/yolo11m/cap2/ladd_hbb_ogsod11m_formal_nomosaic_yolo11m_cap2_s0_diag_capkd_m_s0_a2probe_b1_retry1_a2_e50_b32_s0_gpu1/results.csv,ladd/results/ladd4090_shutdown_sync_20260614/evidence_raw/ladd4090/repo_root_snapshot/runs_public/ogsod/hbb/formal_nomosaic_20260528/ladd/yolo11m/cap2/ladd_hbb_ogsod11m_formal_nomosaic_yolo11m_cap2_s0_diag_capkd_m_s0_a2probe_b1_retry1_a2_e50_b32_s0_gpu1/ladd_diagnostics.csv,
ladd_hbb_ogsod11m_formal_nomosaic_yolo11m_cap2_s0_diag_capkd_m_s0_a2probe_b1_retry1_a2_e50_b32_s0_gpu1,ladd,ladd4090,diagnostic,smoke_probe_partial,0,50,smoke_probe_partial,diagnostic,partial,m,0,b1,50,0.65026,10,0.63725,50,0.93408,0.93039,ladd/results/ladd_curve_analysis_20260612/source/runs_public_ladd/yolo11m/cap2/ladd_hbb_ogsod11m_formal_nomosaic_yolo11m_cap2_s0_diag_capkd_m_s0_a2probe_b1_retry1_a2_e50_b32_s0_gpu1,ladd/results/ladd_curve_analysis_20260612/source/runs_public_ladd/yolo11m/cap2/ladd_hbb_ogsod11m_formal_nomosaic_yolo11m_cap2_s0_diag_capkd_m_s0_a2probe_b1_retry1_a2_e50_b32_s0_gpu1/results.csv,ladd/results/ladd_curve_analysis_20260612/source/runs_public_ladd/yolo11m/cap2/ladd_hbb_ogsod11m_formal_nomosaic_yolo11m_cap2_s0_diag_capkd_m_s0_a2probe_b1_retry1_a2_e50_b32_s0_gpu1/ladd_diagnostics.csv,
ladd_hbb_ogsod11m_formal_nomosaic_yolo11m_cap2_s0_diag_capkd_m_s0_a2probe_b1_retry1_b_e1_b32_s0_gpu1,ladd,ladd4090,diagnostic,smoke_probe_partial,0,1,smoke_probe_partial,diagnostic,partial,m,0,b1,1,0.62528,1,0.62528,1,0.92249,0.92249,ladd/results/ladd4090_shutdown_sync_20260614/evidence_raw/ladd4090/repo_root_snapshot/runs_public/ogsod/hbb/formal_nomosaic_20260528/ladd/yolo11m/cap2/ladd_hbb_ogsod11m_formal_nomosaic_yolo11m_cap2_s0_diag_capkd_m_s0_a2probe_b1_retry1_b_e1_b32_s0_gpu1,ladd/results/ladd4090_shutdown_sync_20260614/evidence_raw/ladd4090/repo_root_snapshot/runs_public/ogsod/hbb/formal_nomosaic_20260528/ladd/yolo11m/cap2/ladd_hbb_ogsod11m_formal_nomosaic_yolo11m_cap2_s0_diag_capkd_m_s0_a2probe_b1_retry1_b_e1_b32_s0_gpu1/results.csv,ladd/results/ladd4090_shutdown_sync_20260614/evidence_raw/ladd4090/repo_root_snapshot/runs_public/ogsod/hbb/formal_nomosaic_20260528/ladd/yolo11m/cap2/ladd_hbb_ogsod11m_formal_nomosaic_yolo11m_cap2_s0_diag_capkd_m_s0_a2probe_b1_retry1_b_e1_b32_s0_gpu1/ladd_diagnostics.csv,
ladd_hbb_ogsod11m_formal_nomosaic_yolo11m_cap2_s0_diag_capkd_m_s0_a2probe_b1_retry1_b_e1_b32_s0_gpu1,ladd,ladd4090,diagnostic,smoke_probe_partial,0,1,smoke_probe_partial,diagnostic,partial,m,0,b1,1,0.62528,1,0.62528,1,0.92249,0.92249,ladd/results/ladd_curve_analysis_20260612/source/runs_public_ladd/yolo11m/cap2/ladd_hbb_ogsod11m_formal_nomosaic_yolo11m_cap2_s0_diag_capkd_m_s0_a2probe_b1_retry1_b_e1_b32_s0_gpu1,ladd/results/ladd_curve_analysis_20260612/source/runs_public_ladd/yolo11m/cap2/ladd_hbb_ogsod11m_formal_nomosaic_yolo11m_cap2_s0_diag_capkd_m_s0_a2probe_b1_retry1_b_e1_b32_s0_gpu1/results.csv,ladd/results/ladd_curve_analysis_20260612/source/runs_public_ladd/yolo11m/cap2/ladd_hbb_ogsod11m_formal_nomosaic_yolo11m_cap2_s0_diag_capkd_m_s0_a2probe_b1_retry1_b_e1_b32_s0_gpu1/ladd_diagnostics.csv,
ladd_hbb_ogsod11m_formal_nomosaic_yolo11m_cap2_s0_fix_m_s0_a2lr1e4_short5_b1_a1_e10_b32_s0_gpu1,ladd,ladd4090,diagnostic,smoke_probe_partial,0,10,smoke_probe_partial,diagnostic,partial,m,0,b1,10,0.65533,1,0.65533,10,0.93512,0.93512,ladd/results/ladd4090_shutdown_sync_20260614/evidence_raw/ladd4090/repo_root_snapshot/runs_public/ogsod/hbb/formal_nomosaic_20260528/ladd/yolo11m/cap2/ladd_hbb_ogsod11m_formal_nomosaic_yolo11m_cap2_s0_fix_m_s0_a2lr1e4_short5_b1_a1_e10_b32_s0_gpu1,ladd/results/ladd4090_shutdown_sync_20260614/evidence_raw/ladd4090/repo_root_snapshot/runs_public/ogsod/hbb/formal_nomosaic_20260528/ladd/yolo11m/cap2/ladd_hbb_ogsod11m_formal_nomosaic_yolo11m_cap2_s0_fix_m_s0_a2lr1e4_short5_b1_a1_e10_b32_s0_gpu1/results.csv,ladd/results/ladd4090_shutdown_sync_20260614/evidence_raw/ladd4090/repo_root_snapshot/runs_public/ogsod/hbb/formal_nomosaic_20260528/ladd/yolo11m/cap2/ladd_hbb_ogsod11m_formal_nomosaic_yolo11m_cap2_s0_fix_m_s0_a2lr1e4_short5_b1_a1_e10_b32_s0_gpu1/ladd_diagnostics.csv,
ladd_hbb_ogsod11m_formal_nomosaic_yolo11m_cap2_s0_fix_m_s0_a2lr1e4_short5_b1_a1_e10_b32_s0_gpu1,ladd,ladd4090,candidate_or_unknown,smoke_probe_partial,0,10,smoke_probe_partial,diagnostic,partial,m,0,b1,10,0.65533,1,0.65533,10,0.93512,0.93512,ladd/results/ladd_curve_analysis_20260612/source/runs_public_ladd/yolo11m/cap2/ladd_hbb_ogsod11m_formal_nomosaic_yolo11m_cap2_s0_fix_m_s0_a2lr1e4_short5_b1_a1_e10_b32_s0_gpu1,ladd/results/ladd_curve_analysis_20260612/source/runs_public_ladd/yolo11m/cap2/ladd_hbb_ogsod11m_formal_nomosaic_yolo11m_cap2_s0_fix_m_s0_a2lr1e4_short5_b1_a1_e10_b32_s0_gpu1/results.csv,ladd/results/ladd_curve_analysis_20260612/source/runs_public_ladd/yolo11m/cap2/ladd_hbb_ogsod11m_formal_nomosaic_yolo11m_cap2_s0_fix_m_s0_a2lr1e4_short5_b1_a1_e10_b32_s0_gpu1/ladd_diagnostics.csv,
ladd_hbb_ogsod11m_formal_nomosaic_yolo11m_cap2_s0_fix_m_s0_a2lr1e4_short5_b1_a1_e10_b32_s0_gpu1,ladd,ladd4090,candidate_or_unknown,smoke_probe_partial,0,10,smoke_probe_partial,diagnostic,partial,m,0,b1,10,0.65533,1,0.65533,10,0.93512,0.93512,ladd/results/repair_experiments_20260613/evidence/main_4090/runs/m_lr1e4_short5_b1/unknown/ladd_hbb_ogsod11m_formal_nomosaic_yolo11m_cap2_s0_fix_m_s0_a2lr1e4_short5_b1_a1_e10_b32_s0_gpu1,ladd/results/repair_experiments_20260613/evidence/main_4090/runs/m_lr1e4_short5_b1/unknown/ladd_hbb_ogsod11m_formal_nomosaic_yolo11m_cap2_s0_fix_m_s0_a2lr1e4_short5_b1_a1_e10_b32_s0_gpu1/results.csv,ladd/results/repair_experiments_20260613/evidence/main_4090/runs/m_lr1e4_short5_b1/unknown/ladd_hbb_ogsod11m_formal_nomosaic_yolo11m_cap2_s0_fix_m_s0_a2lr1e4_short5_b1_a1_e10_b32_s0_gpu1/ladd_diagnostics.csv,
ladd_hbb_ogsod11m_formal_nomosaic_yolo11m_cap2_s0_fix_m_s0_a2lr1e4_short5_b1_a2_e5_b32_s0_gpu1,ladd,ladd4090,diagnostic,smoke_probe_partial,0,5,smoke_probe_partial,diagnostic,partial,m,0,b1,5,0.64735,2,0.64416,5,0.9349,0.93203,ladd/results/ladd4090_shutdown_sync_20260614/evidence_raw/ladd4090/repo_root_snapshot/runs_public/ogsod/hbb/formal_nomosaic_20260528/ladd/yolo11m/cap2/ladd_hbb_ogsod11m_formal_nomosaic_yolo11m_cap2_s0_fix_m_s0_a2lr1e4_short5_b1_a2_e5_b32_s0_gpu1,ladd/results/ladd4090_shutdown_sync_20260614/evidence_raw/ladd4090/repo_root_snapshot/runs_public/ogsod/hbb/formal_nomosaic_20260528/ladd/yolo11m/cap2/ladd_hbb_ogsod11m_formal_nomosaic_yolo11m_cap2_s0_fix_m_s0_a2lr1e4_short5_b1_a2_e5_b32_s0_gpu1/results.csv,ladd/results/ladd4090_shutdown_sync_20260614/evidence_raw/ladd4090/repo_root_snapshot/runs_public/ogsod/hbb/formal_nomosaic_20260528/ladd/yolo11m/cap2/ladd_hbb_ogsod11m_formal_nomosaic_yolo11m_cap2_s0_fix_m_s0_a2lr1e4_short5_b1_a2_e5_b32_s0_gpu1/ladd_diagnostics.csv,
ladd_hbb_ogsod11m_formal_nomosaic_yolo11m_cap2_s0_fix_m_s0_a2lr1e4_short5_b1_a2_e5_b32_s0_gpu1,ladd,ladd4090,candidate_or_unknown,smoke_probe_partial,0,5,smoke_probe_partial,diagnostic,partial,m,0,b1,5,0.64735,2,0.64416,5,0.9349,0.93203,ladd/results/ladd_curve_analysis_20260612/source/runs_public_ladd/yolo11m/cap2/ladd_hbb_ogsod11m_formal_nomosaic_yolo11m_cap2_s0_fix_m_s0_a2lr1e4_short5_b1_a2_e5_b32_s0_gpu1,ladd/results/ladd_curve_analysis_20260612/source/runs_public_ladd/yolo11m/cap2/ladd_hbb_ogsod11m_formal_nomosaic_yolo11m_cap2_s0_fix_m_s0_a2lr1e4_short5_b1_a2_e5_b32_s0_gpu1/results.csv,ladd/results/ladd_curve_analysis_20260612/source/runs_public_ladd/yolo11m/cap2/ladd_hbb_ogsod11m_formal_nomosaic_yolo11m_cap2_s0_fix_m_s0_a2lr1e4_short5_b1_a2_e5_b32_s0_gpu1/ladd_diagnostics.csv,
ladd_hbb_ogsod11m_formal_nomosaic_yolo11m_cap2_s0_fix_m_s0_a2lr1e4_short5_b1_a2_e5_b32_s0_gpu1,ladd,ladd4090,candidate_or_unknown,smoke_probe_partial,0,5,smoke_probe_partial,diagnostic,partial,m,0,b1,5,0.64735,2,0.64416,5,0.9349,0.93203,ladd/results/repair_experiments_20260613/evidence/main_4090/runs/m_lr1e4_short5_b1/unknown/ladd_hbb_ogsod11m_formal_nomosaic_yolo11m_cap2_s0_fix_m_s0_a2lr1e4_short5_b1_a2_e5_b32_s0_gpu1,ladd/results/repair_experiments_20260613/evidence/main_4090/runs/m_lr1e4_short5_b1/unknown/ladd_hbb_ogsod11m_formal_nomosaic_yolo11m_cap2_s0_fix_m_s0_a2lr1e4_short5_b1_a2_e5_b32_s0_gpu1/results.csv,ladd/results/repair_experiments_20260613/evidence/main_4090/runs/m_lr1e4_short5_b1/unknown/ladd_hbb_ogsod11m_formal_nomosaic_yolo11m_cap2_s0_fix_m_s0_a2lr1e4_short5_b1_a2_e5_b32_s0_gpu1/ladd_diagnostics.csv,
ladd_hbb_ogsod11m_formal_nomosaic_yolo11m_cap2_s0_fix_m_s0_a2lr1e4_short5_b1_b_e1_b32_s0_gpu1,ladd,ladd4090,diagnostic,smoke_probe_partial,0,1,smoke_probe_partial,diagnostic,partial,m,0,b1,1,0.6283,1,0.6283,1,0.92163,0.92163,ladd/results/ladd4090_shutdown_sync_20260614/evidence_raw/ladd4090/repo_root_snapshot/runs_public/ogsod/hbb/formal_nomosaic_20260528/ladd/yolo11m/cap2/ladd_hbb_ogsod11m_formal_nomosaic_yolo11m_cap2_s0_fix_m_s0_a2lr1e4_short5_b1_b_e1_b32_s0_gpu1,ladd/results/ladd4090_shutdown_sync_20260614/evidence_raw/ladd4090/repo_root_snapshot/runs_public/ogsod/hbb/formal_nomosaic_20260528/ladd/yolo11m/cap2/ladd_hbb_ogsod11m_formal_nomosaic_yolo11m_cap2_s0_fix_m_s0_a2lr1e4_short5_b1_b_e1_b32_s0_gpu1/results.csv,ladd/results/ladd4090_shutdown_sync_20260614/evidence_raw/ladd4090/repo_root_snapshot/runs_public/ogsod/hbb/formal_nomosaic_20260528/ladd/yolo11m/cap2/ladd_hbb_ogsod11m_formal_nomosaic_yolo11m_cap2_s0_fix_m_s0_a2lr1e4_short5_b1_b_e1_b32_s0_gpu1/ladd_diagnostics.csv,
ladd_hbb_ogsod11m_formal_nomosaic_yolo11m_cap2_s0_fix_m_s0_a2lr1e4_short5_b1_b_e1_b32_s0_gpu1,ladd,ladd4090,candidate_or_unknown,smoke_probe_partial,0,1,smoke_probe_partial,diagnostic,partial,m,0,b1,1,0.6283,1,0.6283,1,0.92163,0.92163,ladd/results/ladd_curve_analysis_20260612/source/runs_public_ladd/yolo11m/cap2/ladd_hbb_ogsod11m_formal_nomosaic_yolo11m_cap2_s0_fix_m_s0_a2lr1e4_short5_b1_b_e1_b32_s0_gpu1,ladd/results/ladd_curve_analysis_20260612/source/runs_public_ladd/yolo11m/cap2/ladd_hbb_ogsod11m_formal_nomosaic_yolo11m_cap2_s0_fix_m_s0_a2lr1e4_short5_b1_b_e1_b32_s0_gpu1/results.csv,ladd/results/ladd_curve_analysis_20260612/source/runs_public_ladd/yolo11m/cap2/ladd_hbb_ogsod11m_formal_nomosaic_yolo11m_cap2_s0_fix_m_s0_a2lr1e4_short5_b1_b_e1_b32_s0_gpu1/ladd_diagnostics.csv,
ladd_hbb_ogsod11m_formal_nomosaic_yolo11m_cap2_s0_fix_m_s0_a2lr1e4_short5_b1_b_e1_b32_s0_gpu1,ladd,ladd4090,candidate_or_unknown,smoke_probe_partial,0,1,smoke_probe_partial,diagnostic,partial,m,0,b1,1,0.6283,1,0.6283,1,0.92163,0.92163,ladd/results/repair_experiments_20260613/evidence/main_4090/runs/m_lr1e4_short5_b1/unknown/ladd_hbb_ogsod11m_formal_nomosaic_yolo11m_cap2_s0_fix_m_s0_a2lr1e4_short5_b1_b_e1_b32_s0_gpu1,ladd/results/repair_experiments_20260613/evidence/main_4090/runs/m_lr1e4_short5_b1/unknown/ladd_hbb_ogsod11m_formal_nomosaic_yolo11m_cap2_s0_fix_m_s0_a2lr1e4_short5_b1_b_e1_b32_s0_gpu1/results.csv,ladd/results/repair_experiments_20260613/evidence/main_4090/runs/m_lr1e4_short5_b1/unknown/ladd_hbb_ogsod11m_formal_nomosaic_yolo11m_cap2_s0_fix_m_s0_a2lr1e4_short5_b1_b_e1_b32_s0_gpu1/ladd_diagnostics.csv,
ladd_hbb_ogsod11m_formal_nomosaic_yolo11m_cap2_s0_fix_m_s0_a2lr3e4_short4_b1_a1_e10_b32_s0_gpu1,ladd,ladd4090,diagnostic,smoke_probe_partial,0,10,smoke_probe_partial,diagnostic,partial,m,0,b1,10,0.65533,1,0.65533,10,0.93512,0.93512,ladd/results/ladd4090_shutdown_sync_20260614/evidence_raw/ladd4090/repo_root_snapshot/runs_public/ogsod/hbb/formal_nomosaic_20260528/ladd/yolo11m/cap2/ladd_hbb_ogsod11m_formal_nomosaic_yolo11m_cap2_s0_fix_m_s0_a2lr3e4_short4_b1_a1_e10_b32_s0_gpu1,ladd/results/ladd4090_shutdown_sync_20260614/evidence_raw/ladd4090/repo_root_snapshot/runs_public/ogsod/hbb/formal_nomosaic_20260528/ladd/yolo11m/cap2/ladd_hbb_ogsod11m_formal_nomosaic_yolo11m_cap2_s0_fix_m_s0_a2lr3e4_short4_b1_a1_e10_b32_s0_gpu1/results.csv,ladd/results/ladd4090_shutdown_sync_20260614/evidence_raw/ladd4090/repo_root_snapshot/runs_public/ogsod/hbb/formal_nomosaic_20260528/ladd/yolo11m/cap2/ladd_hbb_ogsod11m_formal_nomosaic_yolo11m_cap2_s0_fix_m_s0_a2lr3e4_short4_b1_a1_e10_b32_s0_gpu1/ladd_diagnostics.csv,
ladd_hbb_ogsod11m_formal_nomosaic_yolo11m_cap2_s0_fix_m_s0_a2lr3e4_short4_b1_a1_e10_b32_s0_gpu1,ladd,ladd4090,candidate_or_unknown,smoke_probe_partial,0,10,smoke_probe_partial,diagnostic,partial,m,0,b1,10,0.65533,1,0.65533,10,0.93512,0.93512,ladd/results/ladd_curve_analysis_20260612/source/runs_public_ladd/yolo11m/cap2/ladd_hbb_ogsod11m_formal_nomosaic_yolo11m_cap2_s0_fix_m_s0_a2lr3e4_short4_b1_a1_e10_b32_s0_gpu1,ladd/results/ladd_curve_analysis_20260612/source/runs_public_ladd/yolo11m/cap2/ladd_hbb_ogsod11m_formal_nomosaic_yolo11m_cap2_s0_fix_m_s0_a2lr3e4_short4_b1_a1_e10_b32_s0_gpu1/results.csv,ladd/results/ladd_curve_analysis_20260612/source/runs_public_ladd/yolo11m/cap2/ladd_hbb_ogsod11m_formal_nomosaic_yolo11m_cap2_s0_fix_m_s0_a2lr3e4_short4_b1_a1_e10_b32_s0_gpu1/ladd_diagnostics.csv,
ladd_hbb_ogsod11m_formal_nomosaic_yolo11m_cap2_s0_fix_m_s0_a2lr3e4_short4_b1_a1_e10_b32_s0_gpu1,ladd,ladd4090,candidate_or_unknown,smoke_probe_partial,0,10,smoke_probe_partial,diagnostic,partial,m,0,b1,10,0.65533,1,0.65533,10,0.93512,0.93512,ladd/results/repair_experiments_20260613/evidence/main_4090/runs/m_lr3e4_short4_b1/unknown/ladd_hbb_ogsod11m_formal_nomosaic_yolo11m_cap2_s0_fix_m_s0_a2lr3e4_short4_b1_a1_e10_b32_s0_gpu1,ladd/results/repair_experiments_20260613/evidence/main_4090/runs/m_lr3e4_short4_b1/unknown/ladd_hbb_ogsod11m_formal_nomosaic_yolo11m_cap2_s0_fix_m_s0_a2lr3e4_short4_b1_a1_e10_b32_s0_gpu1/results.csv,ladd/results/repair_experiments_20260613/evidence/main_4090/runs/m_lr3e4_short4_b1/unknown/ladd_hbb_ogsod11m_formal_nomosaic_yolo11m_cap2_s0_fix_m_s0_a2lr3e4_short4_b1_a1_e10_b32_s0_gpu1/ladd_diagnostics.csv,
ladd_hbb_ogsod11m_formal_nomosaic_yolo11m_cap2_s0_fix_m_s0_a2lr3e4_short4_b1_a2_e4_b32_s0_gpu1,ladd,ladd4090,diagnostic,smoke_probe_partial,0,4,smoke_probe_partial,diagnostic,partial,m,0,b1,4,0.64325,4,0.64325,4,0.93389,0.93126,ladd/results/ladd4090_shutdown_sync_20260614/evidence_raw/ladd4090/repo_root_snapshot/runs_public/ogsod/hbb/formal_nomosaic_20260528/ladd/yolo11m/cap2/ladd_hbb_ogsod11m_formal_nomosaic_yolo11m_cap2_s0_fix_m_s0_a2lr3e4_short4_b1_a2_e4_b32_s0_gpu1,ladd/results/ladd4090_shutdown_sync_20260614/evidence_raw/ladd4090/repo_root_snapshot/runs_public/ogsod/hbb/formal_nomosaic_20260528/ladd/yolo11m/cap2/ladd_hbb_ogsod11m_formal_nomosaic_yolo11m_cap2_s0_fix_m_s0_a2lr3e4_short4_b1_a2_e4_b32_s0_gpu1/results.csv,ladd/results/ladd4090_shutdown_sync_20260614/evidence_raw/ladd4090/repo_root_snapshot/runs_public/ogsod/hbb/formal_nomosaic_20260528/ladd/yolo11m/cap2/ladd_hbb_ogsod11m_formal_nomosaic_yolo11m_cap2_s0_fix_m_s0_a2lr3e4_short4_b1_a2_e4_b32_s0_gpu1/ladd_diagnostics.csv,
ladd_hbb_ogsod11m_formal_nomosaic_yolo11m_cap2_s0_fix_m_s0_a2lr3e4_short4_b1_a2_e4_b32_s0_gpu1,ladd,ladd4090,candidate_or_unknown,smoke_probe_partial,0,4,smoke_probe_partial,diagnostic,partial,m,0,b1,4,0.64325,4,0.64325,4,0.93389,0.93126,ladd/results/ladd_curve_analysis_20260612/source/runs_public_ladd/yolo11m/cap2/ladd_hbb_ogsod11m_formal_nomosaic_yolo11m_cap2_s0_fix_m_s0_a2lr3e4_short4_b1_a2_e4_b32_s0_gpu1,ladd/results/ladd_curve_analysis_20260612/source/runs_public_ladd/yolo11m/cap2/ladd_hbb_ogsod11m_formal_nomosaic_yolo11m_cap2_s0_fix_m_s0_a2lr3e4_short4_b1_a2_e4_b32_s0_gpu1/results.csv,ladd/results/ladd_curve_analysis_20260612/source/runs_public_ladd/yolo11m/cap2/ladd_hbb_ogsod11m_formal_nomosaic_yolo11m_cap2_s0_fix_m_s0_a2lr3e4_short4_b1_a2_e4_b32_s0_gpu1/ladd_diagnostics.csv,
ladd_hbb_ogsod11m_formal_nomosaic_yolo11m_cap2_s0_fix_m_s0_a2lr3e4_short4_b1_a2_e4_b32_s0_gpu1,ladd,ladd4090,candidate_or_unknown,smoke_probe_partial,0,4,smoke_probe_partial,diagnostic,partial,m,0,b1,4,0.64325,4,0.64325,4,0.93389,0.93126,ladd/results/repair_experiments_20260613/evidence/main_4090/runs/m_lr3e4_short4_b1/unknown/ladd_hbb_ogsod11m_formal_nomosaic_yolo11m_cap2_s0_fix_m_s0_a2lr3e4_short4_b1_a2_e4_b32_s0_gpu1,ladd/results/repair_experiments_20260613/evidence/main_4090/runs/m_lr3e4_short4_b1/unknown/ladd_hbb_ogsod11m_formal_nomosaic_yolo11m_cap2_s0_fix_m_s0_a2lr3e4_short4_b1_a2_e4_b32_s0_gpu1/results.csv,ladd/results/repair_experiments_20260613/evidence/main_4090/runs/m_lr3e4_short4_b1/unknown/ladd_hbb_ogsod11m_formal_nomosaic_yolo11m_cap2_s0_fix_m_s0_a2lr3e4_short4_b1_a2_e4_b32_s0_gpu1/ladd_diagnostics.csv,
ladd_hbb_ogsod11m_formal_nomosaic_yolo11m_cap2_s0_fix_m_s0_a2lr3e4_short4_b1_autodl_retry1_a1_e10_b32_s0_gpu0,ladd,autodl,candidate_or_unknown,smoke_probe_partial,0,10,smoke_probe_partial,diagnostic,partial,m,0,b1,10,0.65533,1,0.65533,10,0.93508,0.93508,ladd/results/autodl_shutdown_sync_20260614/evidence_raw/autodl/runs_public/ogsod/hbb/formal_nomosaic_20260528/ladd/yolo11m/cap2/ladd_hbb_ogsod11m_formal_nomosaic_yolo11m_cap2_s0_fix_m_s0_a2lr3e4_short4_b1_autodl_retry1_a1_e10_b32_s0_gpu0,ladd/results/autodl_shutdown_sync_20260614/evidence_raw/autodl/runs_public/ogsod/hbb/formal_nomosaic_20260528/ladd/yolo11m/cap2/ladd_hbb_ogsod11m_formal_nomosaic_yolo11m_cap2_s0_fix_m_s0_a2lr3e4_short4_b1_autodl_retry1_a1_e10_b32_s0_gpu0/results.csv,ladd/results/autodl_shutdown_sync_20260614/evidence_raw/autodl/runs_public/ogsod/hbb/formal_nomosaic_20260528/ladd/yolo11m/cap2/ladd_hbb_ogsod11m_formal_nomosaic_yolo11m_cap2_s0_fix_m_s0_a2lr3e4_short4_b1_autodl_retry1_a1_e10_b32_s0_gpu0/ladd_diagnostics.csv,
ladd_hbb_ogsod11m_formal_nomosaic_yolo11m_cap2_s0_fix_m_s0_a2lr3e4_short4_b1_autodl_retry1_a1_e10_b32_s0_gpu0,ladd,autodl,candidate_or_unknown,smoke_probe_partial,0,10,smoke_probe_partial,diagnostic,partial,m,0,b1,10,0.65533,1,0.65533,10,0.93508,0.93508,ladd/results/repair_experiments_20260613/evidence/autodl/runs/autodl_m_short4_duplicate/unknown/ladd_hbb_ogsod11m_formal_nomosaic_yolo11m_cap2_s0_fix_m_s0_a2lr3e4_short4_b1_autodl_retry1_a1_e10_b32_s0_gpu0,ladd/results/repair_experiments_20260613/evidence/autodl/runs/autodl_m_short4_duplicate/unknown/ladd_hbb_ogsod11m_formal_nomosaic_yolo11m_cap2_s0_fix_m_s0_a2lr3e4_short4_b1_autodl_retry1_a1_e10_b32_s0_gpu0/results.csv,ladd/results/repair_experiments_20260613/evidence/autodl/runs/autodl_m_short4_duplicate/unknown/ladd_hbb_ogsod11m_formal_nomosaic_yolo11m_cap2_s0_fix_m_s0_a2lr3e4_short4_b1_autodl_retry1_a1_e10_b32_s0_gpu0/ladd_diagnostics.csv,
ladd_hbb_ogsod11m_formal_nomosaic_yolo11m_cap2_s0_fix_m_s0_a2lr3e4_short4_b1_autodl_retry1_a1_e10_b32_s0_gpu0,ladd,autodl,candidate_or_unknown,smoke_probe_partial,0,10,smoke_probe_partial,diagnostic,partial,m,0,b1,10,0.65533,1,0.65533,10,0.93508,0.93508,remote_backups/autodl_20260614_critical/formal_nomosaic_20260528/ladd/yolo11m/cap2/ladd_hbb_ogsod11m_formal_nomosaic_yolo11m_cap2_s0_fix_m_s0_a2lr3e4_short4_b1_autodl_retry1_a1_e10_b32_s0_gpu0,remote_backups/autodl_20260614_critical/formal_nomosaic_20260528/ladd/yolo11m/cap2/ladd_hbb_ogsod11m_formal_nomosaic_yolo11m_cap2_s0_fix_m_s0_a2lr3e4_short4_b1_autodl_retry1_a1_e10_b32_s0_gpu0/results.csv,remote_backups/autodl_20260614_critical/formal_nomosaic_20260528/ladd/yolo11m/cap2/ladd_hbb_ogsod11m_formal_nomosaic_yolo11m_cap2_s0_fix_m_s0_a2lr3e4_short4_b1_autodl_retry1_a1_e10_b32_s0_gpu0/ladd_diagnostics.csv,
ladd_hbb_ogsod11m_formal_nomosaic_yolo11m_cap2_s0_fix_m_s0_a2lr3e4_short4_b1_autodl_retry1_a2_e4_b32_s0_gpu0,ladd,autodl,candidate_or_unknown,smoke_probe_partial,0,4,smoke_probe_partial,diagnostic,partial,m,0,b1,4,0.64189,4,0.64189,4,0.93335,0.93209,ladd/results/autodl_shutdown_sync_20260614/evidence_raw/autodl/runs_public/ogsod/hbb/formal_nomosaic_20260528/ladd/yolo11m/cap2/ladd_hbb_ogsod11m_formal_nomosaic_yolo11m_cap2_s0_fix_m_s0_a2lr3e4_short4_b1_autodl_retry1_a2_e4_b32_s0_gpu0,ladd/results/autodl_shutdown_sync_20260614/evidence_raw/autodl/runs_public/ogsod/hbb/formal_nomosaic_20260528/ladd/yolo11m/cap2/ladd_hbb_ogsod11m_formal_nomosaic_yolo11m_cap2_s0_fix_m_s0_a2lr3e4_short4_b1_autodl_retry1_a2_e4_b32_s0_gpu0/results.csv,ladd/results/autodl_shutdown_sync_20260614/evidence_raw/autodl/runs_public/ogsod/hbb/formal_nomosaic_20260528/ladd/yolo11m/cap2/ladd_hbb_ogsod11m_formal_nomosaic_yolo11m_cap2_s0_fix_m_s0_a2lr3e4_short4_b1_autodl_retry1_a2_e4_b32_s0_gpu0/ladd_diagnostics.csv,
ladd_hbb_ogsod11m_formal_nomosaic_yolo11m_cap2_s0_fix_m_s0_a2lr3e4_short4_b1_autodl_retry1_a2_e4_b32_s0_gpu0,ladd,autodl,candidate_or_unknown,smoke_probe_partial,0,4,smoke_probe_partial,diagnostic,partial,m,0,b1,4,0.64189,4,0.64189,4,0.93335,0.93209,ladd/results/repair_experiments_20260613/evidence/autodl/runs/autodl_m_short4_duplicate/unknown/ladd_hbb_ogsod11m_formal_nomosaic_yolo11m_cap2_s0_fix_m_s0_a2lr3e4_short4_b1_autodl_retry1_a2_e4_b32_s0_gpu0,ladd/results/repair_experiments_20260613/evidence/autodl/runs/autodl_m_short4_duplicate/unknown/ladd_hbb_ogsod11m_formal_nomosaic_yolo11m_cap2_s0_fix_m_s0_a2lr3e4_short4_b1_autodl_retry1_a2_e4_b32_s0_gpu0/results.csv,ladd/results/repair_experiments_20260613/evidence/autodl/runs/autodl_m_short4_duplicate/unknown/ladd_hbb_ogsod11m_formal_nomosaic_yolo11m_cap2_s0_fix_m_s0_a2lr3e4_short4_b1_autodl_retry1_a2_e4_b32_s0_gpu0/ladd_diagnostics.csv,
ladd_hbb_ogsod11m_formal_nomosaic_yolo11m_cap2_s0_fix_m_s0_a2lr3e4_short4_b1_autodl_retry1_a2_e4_b32_s0_gpu0,ladd,autodl,candidate_or_unknown,smoke_probe_partial,0,4,smoke_probe_partial,diagnostic,partial,m,0,b1,4,0.64189,4,0.64189,4,0.93335,0.93209,remote_backups/autodl_20260614_critical/formal_nomosaic_20260528/ladd/yolo11m/cap2/ladd_hbb_ogsod11m_formal_nomosaic_yolo11m_cap2_s0_fix_m_s0_a2lr3e4_short4_b1_autodl_retry1_a2_e4_b32_s0_gpu0,remote_backups/autodl_20260614_critical/formal_nomosaic_20260528/ladd/yolo11m/cap2/ladd_hbb_ogsod11m_formal_nomosaic_yolo11m_cap2_s0_fix_m_s0_a2lr3e4_short4_b1_autodl_retry1_a2_e4_b32_s0_gpu0/results.csv,remote_backups/autodl_20260614_critical/formal_nomosaic_20260528/ladd/yolo11m/cap2/ladd_hbb_ogsod11m_formal_nomosaic_yolo11m_cap2_s0_fix_m_s0_a2lr3e4_short4_b1_autodl_retry1_a2_e4_b32_s0_gpu0/ladd_diagnostics.csv,
ladd_hbb_ogsod11m_formal_nomosaic_yolo11m_cap2_s0_fix_m_s0_a2lr3e4_short4_b1_autodl_retry1_b_e1_b32_s0_gpu0,ladd,autodl,candidate_or_unknown,smoke_probe_partial,0,1,smoke_probe_partial,diagnostic,partial,m,0,b1,1,0.62713,1,0.62713,1,0.92281,0.92281,ladd/results/autodl_shutdown_sync_20260614/evidence_raw/autodl/runs_public/ogsod/hbb/formal_nomosaic_20260528/ladd/yolo11m/cap2/ladd_hbb_ogsod11m_formal_nomosaic_yolo11m_cap2_s0_fix_m_s0_a2lr3e4_short4_b1_autodl_retry1_b_e1_b32_s0_gpu0,ladd/results/autodl_shutdown_sync_20260614/evidence_raw/autodl/runs_public/ogsod/hbb/formal_nomosaic_20260528/ladd/yolo11m/cap2/ladd_hbb_ogsod11m_formal_nomosaic_yolo11m_cap2_s0_fix_m_s0_a2lr3e4_short4_b1_autodl_retry1_b_e1_b32_s0_gpu0/results.csv,ladd/results/autodl_shutdown_sync_20260614/evidence_raw/autodl/runs_public/ogsod/hbb/formal_nomosaic_20260528/ladd/yolo11m/cap2/ladd_hbb_ogsod11m_formal_nomosaic_yolo11m_cap2_s0_fix_m_s0_a2lr3e4_short4_b1_autodl_retry1_b_e1_b32_s0_gpu0/ladd_diagnostics.csv,
ladd_hbb_ogsod11m_formal_nomosaic_yolo11m_cap2_s0_fix_m_s0_a2lr3e4_short4_b1_autodl_retry1_b_e1_b32_s0_gpu0,ladd,autodl,candidate_or_unknown,smoke_probe_partial,0,1,smoke_probe_partial,diagnostic,partial,m,0,b1,1,0.62713,1,0.62713,1,0.92281,0.92281,ladd/results/repair_experiments_20260613/evidence/autodl/runs/autodl_m_short4_duplicate/unknown/ladd_hbb_ogsod11m_formal_nomosaic_yolo11m_cap2_s0_fix_m_s0_a2lr3e4_short4_b1_autodl_retry1_b_e1_b32_s0_gpu0,ladd/results/repair_experiments_20260613/evidence/autodl/runs/autodl_m_short4_duplicate/unknown/ladd_hbb_ogsod11m_formal_nomosaic_yolo11m_cap2_s0_fix_m_s0_a2lr3e4_short4_b1_autodl_retry1_b_e1_b32_s0_gpu0/results.csv,ladd/results/repair_experiments_20260613/evidence/autodl/runs/autodl_m_short4_duplicate/unknown/ladd_hbb_ogsod11m_formal_nomosaic_yolo11m_cap2_s0_fix_m_s0_a2lr3e4_short4_b1_autodl_retry1_b_e1_b32_s0_gpu0/ladd_diagnostics.csv,
ladd_hbb_ogsod11m_formal_nomosaic_yolo11m_cap2_s0_fix_m_s0_a2lr3e4_short4_b1_autodl_retry1_b_e1_b32_s0_gpu0,ladd,autodl,candidate_or_unknown,smoke_probe_partial,0,1,smoke_probe_partial,diagnostic,partial,m,0,b1,1,0.62713,1,0.62713,1,0.92281,0.92281,remote_backups/autodl_20260614_critical/formal_nomosaic_20260528/ladd/yolo11m/cap2/ladd_hbb_ogsod11m_formal_nomosaic_yolo11m_cap2_s0_fix_m_s0_a2lr3e4_short4_b1_autodl_retry1_b_e1_b32_s0_gpu0,remote_backups/autodl_20260614_critical/formal_nomosaic_20260528/ladd/yolo11m/cap2/ladd_hbb_ogsod11m_formal_nomosaic_yolo11m_cap2_s0_fix_m_s0_a2lr3e4_short4_b1_autodl_retry1_b_e1_b32_s0_gpu0/results.csv,remote_backups/autodl_20260614_critical/formal_nomosaic_20260528/ladd/yolo11m/cap2/ladd_hbb_ogsod11m_formal_nomosaic_yolo11m_cap2_s0_fix_m_s0_a2lr3e4_short4_b1_autodl_retry1_b_e1_b32_s0_gpu0/ladd_diagnostics.csv,
ladd_hbb_ogsod11m_formal_nomosaic_yolo11m_cap2_s0_fix_m_s0_a2lr3e4_short4_b1_b_e1_b32_s0_gpu1,ladd,ladd4090,diagnostic,smoke_probe_partial,0,1,smoke_probe_partial,diagnostic,partial,m,0,b1,1,0.62839,1,0.62839,1,0.92321,0.92321,ladd/results/ladd4090_shutdown_sync_20260614/evidence_raw/ladd4090/repo_root_snapshot/runs_public/ogsod/hbb/formal_nomosaic_20260528/ladd/yolo11m/cap2/ladd_hbb_ogsod11m_formal_nomosaic_yolo11m_cap2_s0_fix_m_s0_a2lr3e4_short4_b1_b_e1_b32_s0_gpu1,ladd/results/ladd4090_shutdown_sync_20260614/evidence_raw/ladd4090/repo_root_snapshot/runs_public/ogsod/hbb/formal_nomosaic_20260528/ladd/yolo11m/cap2/ladd_hbb_ogsod11m_formal_nomosaic_yolo11m_cap2_s0_fix_m_s0_a2lr3e4_short4_b1_b_e1_b32_s0_gpu1/results.csv,ladd/results/ladd4090_shutdown_sync_20260614/evidence_raw/ladd4090/repo_root_snapshot/runs_public/ogsod/hbb/formal_nomosaic_20260528/ladd/yolo11m/cap2/ladd_hbb_ogsod11m_formal_nomosaic_yolo11m_cap2_s0_fix_m_s0_a2lr3e4_short4_b1_b_e1_b32_s0_gpu1/ladd_diagnostics.csv,
ladd_hbb_ogsod11m_formal_nomosaic_yolo11m_cap2_s0_fix_m_s0_a2lr3e4_short4_b1_b_e1_b32_s0_gpu1,ladd,ladd4090,candidate_or_unknown,smoke_probe_partial,0,1,smoke_probe_partial,diagnostic,partial,m,0,b1,1,0.62839,1,0.62839,1,0.92321,0.92321,ladd/results/ladd_curve_analysis_20260612/source/runs_public_ladd/yolo11m/cap2/ladd_hbb_ogsod11m_formal_nomosaic_yolo11m_cap2_s0_fix_m_s0_a2lr3e4_short4_b1_b_e1_b32_s0_gpu1,ladd/results/ladd_curve_analysis_20260612/source/runs_public_ladd/yolo11m/cap2/ladd_hbb_ogsod11m_formal_nomosaic_yolo11m_cap2_s0_fix_m_s0_a2lr3e4_short4_b1_b_e1_b32_s0_gpu1/results.csv,ladd/results/ladd_curve_analysis_20260612/source/runs_public_ladd/yolo11m/cap2/ladd_hbb_ogsod11m_formal_nomosaic_yolo11m_cap2_s0_fix_m_s0_a2lr3e4_short4_b1_b_e1_b32_s0_gpu1/ladd_diagnostics.csv,
ladd_hbb_ogsod11m_formal_nomosaic_yolo11m_cap2_s0_fix_m_s0_a2lr3e4_short4_b1_b_e1_b32_s0_gpu1,ladd,ladd4090,candidate_or_unknown,smoke_probe_partial,0,1,smoke_probe_partial,diagnostic,partial,m,0,b1,1,0.62839,1,0.62839,1,0.92321,0.92321,ladd/results/repair_experiments_20260613/evidence/main_4090/runs/m_lr3e4_short4_b1/unknown/ladd_hbb_ogsod11m_formal_nomosaic_yolo11m_cap2_s0_fix_m_s0_a2lr3e4_short4_b1_b_e1_b32_s0_gpu1,ladd/results/repair_experiments_20260613/evidence/main_4090/runs/m_lr3e4_short4_b1/unknown/ladd_hbb_ogsod11m_formal_nomosaic_yolo11m_cap2_s0_fix_m_s0_a2lr3e4_short4_b1_b_e1_b32_s0_gpu1/results.csv,ladd/results/repair_experiments_20260613/evidence/main_4090/runs/m_lr3e4_short4_b1/unknown/ladd_hbb_ogsod11m_formal_nomosaic_yolo11m_cap2_s0_fix_m_s0_a2lr3e4_short4_b1_b_e1_b32_s0_gpu1/ladd_diagnostics.csv,
ladd_hbb_ogsod11m_formal_nomosaic_yolo11m_cap2_s0_fix_m_s0_a2lr3e4_short4_freezeBN_b1_autodl_retry1_a1_e10_b32_s0_gpu0,ladd,autodl,candidate_or_unknown,smoke_probe_partial,0,10,smoke_probe_partial,diagnostic,partial,m,0,b1,10,0.65533,1,0.65533,10,0.93508,0.93508,ladd/results/autodl_shutdown_sync_20260614/evidence_raw/autodl/runs_public/ogsod/hbb/formal_nomosaic_20260528/ladd/yolo11m/cap2/ladd_hbb_ogsod11m_formal_nomosaic_yolo11m_cap2_s0_fix_m_s0_a2lr3e4_short4_freezeBN_b1_autodl_retry1_a1_e10_b32_s0_gpu0,ladd/results/autodl_shutdown_sync_20260614/evidence_raw/autodl/runs_public/ogsod/hbb/formal_nomosaic_20260528/ladd/yolo11m/cap2/ladd_hbb_ogsod11m_formal_nomosaic_yolo11m_cap2_s0_fix_m_s0_a2lr3e4_short4_freezeBN_b1_autodl_retry1_a1_e10_b32_s0_gpu0/results.csv,ladd/results/autodl_shutdown_sync_20260614/evidence_raw/autodl/runs_public/ogsod/hbb/formal_nomosaic_20260528/ladd/yolo11m/cap2/ladd_hbb_ogsod11m_formal_nomosaic_yolo11m_cap2_s0_fix_m_s0_a2lr3e4_short4_freezeBN_b1_autodl_retry1_a1_e10_b32_s0_gpu0/ladd_diagnostics.csv,
ladd_hbb_ogsod11m_formal_nomosaic_yolo11m_cap2_s0_fix_m_s0_a2lr3e4_short4_freezeBN_b1_autodl_retry1_a1_e10_b32_s0_gpu0,ladd,autodl,candidate_or_unknown,smoke_probe_partial,0,10,smoke_probe_partial,diagnostic,partial,m,0,b1,10,0.65533,1,0.65533,10,0.93508,0.93508,ladd/results/repair_experiments_20260613/evidence/autodl/runs/autodl_m_short4_freezebn/unknown/ladd_hbb_ogsod11m_formal_nomosaic_yolo11m_cap2_s0_fix_m_s0_a2lr3e4_short4_freezeBN_b1_autodl_retry1_a1_e10_b32_s0_gpu0,ladd/results/repair_experiments_20260613/evidence/autodl/runs/autodl_m_short4_freezebn/unknown/ladd_hbb_ogsod11m_formal_nomosaic_yolo11m_cap2_s0_fix_m_s0_a2lr3e4_short4_freezeBN_b1_autodl_retry1_a1_e10_b32_s0_gpu0/results.csv,ladd/results/repair_experiments_20260613/evidence/autodl/runs/autodl_m_short4_freezebn/unknown/ladd_hbb_ogsod11m_formal_nomosaic_yolo11m_cap2_s0_fix_m_s0_a2lr3e4_short4_freezeBN_b1_autodl_retry1_a1_e10_b32_s0_gpu0/ladd_diagnostics.csv,
ladd_hbb_ogsod11m_formal_nomosaic_yolo11m_cap2_s0_fix_m_s0_a2lr3e4_short4_freezeBN_b1_autodl_retry1_a1_e10_b32_s0_gpu0,ladd,autodl,candidate_or_unknown,smoke_probe_partial,0,10,smoke_probe_partial,diagnostic,partial,m,0,b1,10,0.65533,1,0.65533,10,0.93508,0.93508,remote_backups/autodl_20260614_critical/formal_nomosaic_20260528/ladd/yolo11m/cap2/ladd_hbb_ogsod11m_formal_nomosaic_yolo11m_cap2_s0_fix_m_s0_a2lr3e4_short4_freezeBN_b1_autodl_retry1_a1_e10_b32_s0_gpu0,remote_backups/autodl_20260614_critical/formal_nomosaic_20260528/ladd/yolo11m/cap2/ladd_hbb_ogsod11m_formal_nomosaic_yolo11m_cap2_s0_fix_m_s0_a2lr3e4_short4_freezeBN_b1_autodl_retry1_a1_e10_b32_s0_gpu0/results.csv,remote_backups/autodl_20260614_critical/formal_nomosaic_20260528/ladd/yolo11m/cap2/ladd_hbb_ogsod11m_formal_nomosaic_yolo11m_cap2_s0_fix_m_s0_a2lr3e4_short4_freezeBN_b1_autodl_retry1_a1_e10_b32_s0_gpu0/ladd_diagnostics.csv,
ladd_hbb_ogsod11m_formal_nomosaic_yolo11m_cap2_s0_fix_m_s0_a2lr3e4_short4_freezeBN_b1_autodl_retry1_a2_e4_b32_s0_gpu0,ladd,autodl,candidate_or_unknown,smoke_probe_partial,0,4,smoke_probe_partial,diagnostic,partial,m,0,b1,4,0.64189,4,0.64189,4,0.93335,0.93209,ladd/results/autodl_shutdown_sync_20260614/evidence_raw/autodl/runs_public/ogsod/hbb/formal_nomosaic_20260528/ladd/yolo11m/cap2/ladd_hbb_ogsod11m_formal_nomosaic_yolo11m_cap2_s0_fix_m_s0_a2lr3e4_short4_freezeBN_b1_autodl_retry1_a2_e4_b32_s0_gpu0,ladd/results/autodl_shutdown_sync_20260614/evidence_raw/autodl/runs_public/ogsod/hbb/formal_nomosaic_20260528/ladd/yolo11m/cap2/ladd_hbb_ogsod11m_formal_nomosaic_yolo11m_cap2_s0_fix_m_s0_a2lr3e4_short4_freezeBN_b1_autodl_retry1_a2_e4_b32_s0_gpu0/results.csv,ladd/results/autodl_shutdown_sync_20260614/evidence_raw/autodl/runs_public/ogsod/hbb/formal_nomosaic_20260528/ladd/yolo11m/cap2/ladd_hbb_ogsod11m_formal_nomosaic_yolo11m_cap2_s0_fix_m_s0_a2lr3e4_short4_freezeBN_b1_autodl_retry1_a2_e4_b32_s0_gpu0/ladd_diagnostics.csv,
ladd_hbb_ogsod11m_formal_nomosaic_yolo11m_cap2_s0_fix_m_s0_a2lr3e4_short4_freezeBN_b1_autodl_retry1_a2_e4_b32_s0_gpu0,ladd,autodl,candidate_or_unknown,smoke_probe_partial,0,4,smoke_probe_partial,diagnostic,partial,m,0,b1,4,0.64189,4,0.64189,4,0.93335,0.93209,ladd/results/repair_experiments_20260613/evidence/autodl/runs/autodl_m_short4_freezebn/unknown/ladd_hbb_ogsod11m_formal_nomosaic_yolo11m_cap2_s0_fix_m_s0_a2lr3e4_short4_freezeBN_b1_autodl_retry1_a2_e4_b32_s0_gpu0,ladd/results/repair_experiments_20260613/evidence/autodl/runs/autodl_m_short4_freezebn/unknown/ladd_hbb_ogsod11m_formal_nomosaic_yolo11m_cap2_s0_fix_m_s0_a2lr3e4_short4_freezeBN_b1_autodl_retry1_a2_e4_b32_s0_gpu0/results.csv,ladd/results/repair_experiments_20260613/evidence/autodl/runs/autodl_m_short4_freezebn/unknown/ladd_hbb_ogsod11m_formal_nomosaic_yolo11m_cap2_s0_fix_m_s0_a2lr3e4_short4_freezeBN_b1_autodl_retry1_a2_e4_b32_s0_gpu0/ladd_diagnostics.csv,
ladd_hbb_ogsod11m_formal_nomosaic_yolo11m_cap2_s0_fix_m_s0_a2lr3e4_short4_freezeBN_b1_autodl_retry1_a2_e4_b32_s0_gpu0,ladd,autodl,candidate_or_unknown,smoke_probe_partial,0,4,smoke_probe_partial,diagnostic,partial,m,0,b1,4,0.64189,4,0.64189,4,0.93335,0.93209,remote_backups/autodl_20260614_critical/formal_nomosaic_20260528/ladd/yolo11m/cap2/ladd_hbb_ogsod11m_formal_nomosaic_yolo11m_cap2_s0_fix_m_s0_a2lr3e4_short4_freezeBN_b1_autodl_retry1_a2_e4_b32_s0_gpu0,remote_backups/autodl_20260614_critical/formal_nomosaic_20260528/ladd/yolo11m/cap2/ladd_hbb_ogsod11m_formal_nomosaic_yolo11m_cap2_s0_fix_m_s0_a2lr3e4_short4_freezeBN_b1_autodl_retry1_a2_e4_b32_s0_gpu0/results.csv,remote_backups/autodl_20260614_critical/formal_nomosaic_20260528/ladd/yolo11m/cap2/ladd_hbb_ogsod11m_formal_nomosaic_yolo11m_cap2_s0_fix_m_s0_a2lr3e4_short4_freezeBN_b1_autodl_retry1_a2_e4_b32_s0_gpu0/ladd_diagnostics.csv,
ladd_hbb_ogsod11m_formal_nomosaic_yolo11m_cap2_s0_fix_m_s0_a2lr3e4_short4_freezeBN_b1_autodl_retry1_b_e1_b32_s0_gpu0,ladd,autodl,candidate_or_unknown,smoke_probe_partial,0,1,smoke_probe_partial,diagnostic,partial,m,0,b1,1,0.62713,1,0.62713,1,0.92281,0.92281,ladd/results/autodl_shutdown_sync_20260614/evidence_raw/autodl/runs_public/ogsod/hbb/formal_nomosaic_20260528/ladd/yolo11m/cap2/ladd_hbb_ogsod11m_formal_nomosaic_yolo11m_cap2_s0_fix_m_s0_a2lr3e4_short4_freezeBN_b1_autodl_retry1_b_e1_b32_s0_gpu0,ladd/results/autodl_shutdown_sync_20260614/evidence_raw/autodl/runs_public/ogsod/hbb/formal_nomosaic_20260528/ladd/yolo11m/cap2/ladd_hbb_ogsod11m_formal_nomosaic_yolo11m_cap2_s0_fix_m_s0_a2lr3e4_short4_freezeBN_b1_autodl_retry1_b_e1_b32_s0_gpu0/results.csv,ladd/results/autodl_shutdown_sync_20260614/evidence_raw/autodl/runs_public/ogsod/hbb/formal_nomosaic_20260528/ladd/yolo11m/cap2/ladd_hbb_ogsod11m_formal_nomosaic_yolo11m_cap2_s0_fix_m_s0_a2lr3e4_short4_freezeBN_b1_autodl_retry1_b_e1_b32_s0_gpu0/ladd_diagnostics.csv,
ladd_hbb_ogsod11m_formal_nomosaic_yolo11m_cap2_s0_fix_m_s0_a2lr3e4_short4_freezeBN_b1_autodl_retry1_b_e1_b32_s0_gpu0,ladd,autodl,candidate_or_unknown,smoke_probe_partial,0,1,smoke_probe_partial,diagnostic,partial,m,0,b1,1,0.62713,1,0.62713,1,0.92281,0.92281,ladd/results/repair_experiments_20260613/evidence/autodl/runs/autodl_m_short4_freezebn/unknown/ladd_hbb_ogsod11m_formal_nomosaic_yolo11m_cap2_s0_fix_m_s0_a2lr3e4_short4_freezeBN_b1_autodl_retry1_b_e1_b32_s0_gpu0,ladd/results/repair_experiments_20260613/evidence/autodl/runs/autodl_m_short4_freezebn/unknown/ladd_hbb_ogsod11m_formal_nomosaic_yolo11m_cap2_s0_fix_m_s0_a2lr3e4_short4_freezeBN_b1_autodl_retry1_b_e1_b32_s0_gpu0/results.csv,ladd/results/repair_experiments_20260613/evidence/autodl/runs/autodl_m_short4_freezebn/unknown/ladd_hbb_ogsod11m_formal_nomosaic_yolo11m_cap2_s0_fix_m_s0_a2lr3e4_short4_freezeBN_b1_autodl_retry1_b_e1_b32_s0_gpu0/ladd_diagnostics.csv,
ladd_hbb_ogsod11m_formal_nomosaic_yolo11m_cap2_s0_fix_m_s0_a2lr3e4_short4_freezeBN_b1_autodl_retry1_b_e1_b32_s0_gpu0,ladd,autodl,candidate_or_unknown,smoke_probe_partial,0,1,smoke_probe_partial,diagnostic,partial,m,0,b1,1,0.62713,1,0.62713,1,0.92281,0.92281,remote_backups/autodl_20260614_critical/formal_nomosaic_20260528/ladd/yolo11m/cap2/ladd_hbb_ogsod11m_formal_nomosaic_yolo11m_cap2_s0_fix_m_s0_a2lr3e4_short4_freezeBN_b1_autodl_retry1_b_e1_b32_s0_gpu0,remote_backups/autodl_20260614_critical/formal_nomosaic_20260528/ladd/yolo11m/cap2/ladd_hbb_ogsod11m_formal_nomosaic_yolo11m_cap2_s0_fix_m_s0_a2lr3e4_short4_freezeBN_b1_autodl_retry1_b_e1_b32_s0_gpu0/results.csv,remote_backups/autodl_20260614_critical/formal_nomosaic_20260528/ladd/yolo11m/cap2/ladd_hbb_ogsod11m_formal_nomosaic_yolo11m_cap2_s0_fix_m_s0_a2lr3e4_short4_freezeBN_b1_autodl_retry1_b_e1_b32_s0_gpu0/ladd_diagnostics.csv,
m_A2_detonly_A1,ladd,ladd4090,candidate_or_unknown,smoke_probe_partial,0,10,smoke_probe_partial,diagnostic,partial,m,0,a2,10,0.65533,1,0.65533,10,0.93512,0.93512,ladd/results/a2_damage_20260612/final_evidence/runs/m_A2_detonly_A1,ladd/results/a2_damage_20260612/final_evidence/runs/m_A2_detonly_A1/results.csv,ladd/results/a2_damage_20260612/final_evidence/runs/m_A2_detonly_A1/ladd_diagnostics.csv,
m_A2_detonly_B1,ladd,ladd4090,candidate_or_unknown,smoke_probe_partial,0,1,smoke_probe_partial,diagnostic,partial,m,0,a2,1,0.62422,1,0.62422,1,0.92121,0.92121,ladd/results/a2_damage_20260612/final_evidence/runs/m_A2_detonly_B1,ladd/results/a2_damage_20260612/final_evidence/runs/m_A2_detonly_B1/results.csv,ladd/results/a2_damage_20260612/final_evidence/runs/m_A2_detonly_B1/ladd_diagnostics.csv,
m_A2_lr3e4_full50_retry3_B1_A1,ladd,ladd4090,candidate_or_unknown,smoke_probe_partial,0,10,smoke_probe_partial,diagnostic,partial,m,0,a2,10,0.65533,1,0.65533,10,0.93512,0.93512,ladd/results/a2_selection_20260612/current_evidence/runs/m_A2_lr3e4_full50_retry3_B1_A1,ladd/results/a2_selection_20260612/current_evidence/runs/m_A2_lr3e4_full50_retry3_B1_A1/results.csv,ladd/results/a2_selection_20260612/current_evidence/runs/m_A2_lr3e4_full50_retry3_B1_A1/ladd_diagnostics.csv,665cdb4871d9a5620befc46d93d693765779d60b
m_A2_lr3e4_full50_retry3_B1_B1,ladd,ladd4090,candidate_or_unknown,smoke_probe_partial,0,1,smoke_probe_partial,diagnostic,partial,m,0,a2,1,0.62682,1,0.62682,1,0.92249,0.92249,ladd/results/a2_selection_20260612/current_evidence/runs/m_A2_lr3e4_full50_retry3_B1_B1,ladd/results/a2_selection_20260612/current_evidence/runs/m_A2_lr3e4_full50_retry3_B1_B1/results.csv,ladd/results/a2_selection_20260612/current_evidence/runs/m_A2_lr3e4_full50_retry3_B1_B1/ladd_diagnostics.csv,665cdb4871d9a5620befc46d93d693765779d60b
m_A2_lr3e4_retry2_A1,ladd,ladd4090,candidate_or_unknown,smoke_probe_partial,0,10,smoke_probe_partial,diagnostic,partial,m,0,a2,10,0.65533,1,0.65533,10,0.93512,0.93512,ladd/results/a2_damage_20260612/final_evidence/runs/m_A2_lr3e4_retry2_A1,ladd/results/a2_damage_20260612/final_evidence/runs/m_A2_lr3e4_retry2_A1/results.csv,ladd/results/a2_damage_20260612/final_evidence/runs/m_A2_lr3e4_retry2_A1/ladd_diagnostics.csv,
m_A2_lr3e4_short10_B1_A1,ladd,ladd4090,candidate_or_unknown,smoke_probe_partial,0,10,smoke_probe_partial,diagnostic,partial,m,0,a2,10,0.65533,1,0.65533,10,0.93512,0.93512,ladd/results/a2_selection_20260612/current_evidence/runs/m_A2_lr3e4_short10_B1_A1,ladd/results/a2_selection_20260612/current_evidence/runs/m_A2_lr3e4_short10_B1_A1/results.csv,ladd/results/a2_selection_20260612/current_evidence/runs/m_A2_lr3e4_short10_B1_A1/ladd_diagnostics.csv,665cdb4871d9a5620befc46d93d693765779d60b
m_A2_lr3e4_short10_B1_A2,ladd,ladd4090,candidate_or_unknown,smoke_probe_partial,0,10,smoke_probe_partial,diagnostic,partial,m,0,a2,10,0.64929,4,0.6399,10,0.93507,0.93081,ladd/results/a2_selection_20260612/current_evidence/runs/m_A2_lr3e4_short10_B1_A2,ladd/results/a2_selection_20260612/current_evidence/runs/m_A2_lr3e4_short10_B1_A2/results.csv,ladd/results/a2_selection_20260612/current_evidence/runs/m_A2_lr3e4_short10_B1_A2/ladd_diagnostics.csv,665cdb4871d9a5620befc46d93d693765779d60b
m_A2_lr3e4_short10_B1_B1,ladd,ladd4090,candidate_or_unknown,smoke_probe_partial,0,1,smoke_probe_partial,diagnostic,partial,m,0,a2,1,0.62898,1,0.62898,1,0.92404,0.92404,ladd/results/a2_selection_20260612/current_evidence/runs/m_A2_lr3e4_short10_B1_B1,ladd/results/a2_selection_20260612/current_evidence/runs/m_A2_lr3e4_short10_B1_B1/results.csv,ladd/results/a2_selection_20260612/current_evidence/runs/m_A2_lr3e4_short10_B1_B1/ladd_diagnostics.csv,665cdb4871d9a5620befc46d93d693765779d60b
m_A2_short10_B1_A1,ladd,ladd4090,candidate_or_unknown,smoke_probe_partial,0,10,smoke_probe_partial,diagnostic,partial,m,0,a2,10,0.65533,1,0.65533,10,0.93512,0.93512,ladd/results/a2_selection_20260612/current_evidence/runs/m_A2_short10_B1_A1,ladd/results/a2_selection_20260612/current_evidence/runs/m_A2_short10_B1_A1/results.csv,ladd/results/a2_selection_20260612/current_evidence/runs/m_A2_short10_B1_A1/ladd_diagnostics.csv,665cdb4871d9a5620befc46d93d693765779d60b
m_A2_short10_B1_A2,ladd,ladd4090,candidate_or_unknown,smoke_probe_partial,0,10,smoke_probe_partial,diagnostic,partial,m,0,a2,10,0.64411,4,0.64276,10,0.93244,0.93202,ladd/results/a2_selection_20260612/current_evidence/runs/m_A2_short10_B1_A2,ladd/results/a2_selection_20260612/current_evidence/runs/m_A2_short10_B1_A2/results.csv,ladd/results/a2_selection_20260612/current_evidence/runs/m_A2_short10_B1_A2/ladd_diagnostics.csv,665cdb4871d9a5620befc46d93d693765779d60b
m_A2_short10_B1_B1,ladd,ladd4090,candidate_or_unknown,smoke_probe_partial,0,1,smoke_probe_partial,diagnostic,partial,m,0,a2,1,0.62642,1,0.62642,1,0.92234,0.92234,ladd/results/a2_selection_20260612/current_evidence/runs/m_A2_short10_B1_B1,ladd/results/a2_selection_20260612/current_evidence/runs/m_A2_short10_B1_B1/results.csv,ladd/results/a2_selection_20260612/current_evidence/runs/m_A2_short10_B1_B1/ladd_diagnostics.csv,665cdb4871d9a5620befc46d93d693765779d60b
ladd_hbb_ogsod11n_formal_nomosaic_yolo11n_cap2_s0_a2mu1e3_a1_e10_b64_s0_gpu6,ladd,ladd90,candidate_or_unknown,smoke_probe_partial,0,10,smoke_probe_partial,diagnostic,partial,n,0,a1,10,0.55654,1,0.55654,10,0.82461,0.82461,ladd/results/converged_mainline_ladd_20260613/source/no_mosaic_90/n_cap2/ladd_hbb_ogsod11n_formal_nomosaic_yolo11n_cap2_s0_a2mu1e3_a1_e10_b64_s0_gpu6,ladd/results/converged_mainline_ladd_20260613/source/no_mosaic_90/n_cap2/ladd_hbb_ogsod11n_formal_nomosaic_yolo11n_cap2_s0_a2mu1e3_a1_e10_b64_s0_gpu6/results.csv,,
ladd_hbb_ogsod11n_formal_nomosaic_yolo11n_cap2_s0_bentrance_N0_splitload_clean_smoke_b5_after62c2fda_b_e5_b16_s0_gpu0,ladd,ladd4090,diagnostic,smoke_probe_partial,0,5,smoke_probe_partial,diagnostic,partial,n,0,b,5,0.549,5,0.549,5,0.82007,0.82007,ladd/results/ladd4090_shutdown_sync_20260614/evidence_raw/ladd4090/repo_root_snapshot/runs_public/ogsod/hbb/formal_nomosaic_20260528/ladd/yolo11n/cap2/ladd_hbb_ogsod11n_formal_nomosaic_yolo11n_cap2_s0_bentrance_N0_splitload_clean_smoke_b5_after62c2fda_b_e5_b16_s0_gpu0,ladd/results/ladd4090_shutdown_sync_20260614/evidence_raw/ladd4090/repo_root_snapshot/runs_public/ogsod/hbb/formal_nomosaic_20260528/ladd/yolo11n/cap2/ladd_hbb_ogsod11n_formal_nomosaic_yolo11n_cap2_s0_bentrance_N0_splitload_clean_smoke_b5_after62c2fda_b_e5_b16_s0_gpu0/results.csv,ladd/results/ladd4090_shutdown_sync_20260614/evidence_raw/ladd4090/repo_root_snapshot/runs_public/ogsod/hbb/formal_nomosaic_20260528/ladd/yolo11n/cap2/ladd_hbb_ogsod11n_formal_nomosaic_yolo11n_cap2_s0_bentrance_N0_splitload_clean_smoke_b5_after62c2fda_b_e5_b16_s0_gpu0/ladd_diagnostics.csv,
ladd_hbb_ogsod11n_formal_nomosaic_yolo11n_cap2_s0_diag_h1_n_s0_b100_smoke_a1_e10_b64_s0_gpu0,ladd,ladd4090,diagnostic,smoke_probe_partial,0,10,smoke_probe_partial,diagnostic,partial,n,0,a1,10,0.55593,1,0.55593,10,0.82405,0.82405,ladd/results/ladd4090_shutdown_sync_20260614/evidence_raw/ladd4090/repo_root_snapshot/runs_public/ogsod/hbb/formal_nomosaic_20260528/ladd/yolo11n/cap2/ladd_hbb_ogsod11n_formal_nomosaic_yolo11n_cap2_s0_diag_h1_n_s0_b100_smoke_a1_e10_b64_s0_gpu0,ladd/results/ladd4090_shutdown_sync_20260614/evidence_raw/ladd4090/repo_root_snapshot/runs_public/ogsod/hbb/formal_nomosaic_20260528/ladd/yolo11n/cap2/ladd_hbb_ogsod11n_formal_nomosaic_yolo11n_cap2_s0_diag_h1_n_s0_b100_smoke_a1_e10_b64_s0_gpu0/results.csv,ladd/results/ladd4090_shutdown_sync_20260614/evidence_raw/ladd4090/repo_root_snapshot/runs_public/ogsod/hbb/formal_nomosaic_20260528/ladd/yolo11n/cap2/ladd_hbb_ogsod11n_formal_nomosaic_yolo11n_cap2_s0_diag_h1_n_s0_b100_smoke_a1_e10_b64_s0_gpu0/ladd_diagnostics.csv,
ladd_hbb_ogsod11n_formal_nomosaic_yolo11n_cap2_s0_diag_h1_n_s0_b100_smoke_a1_e10_b64_s0_gpu0,ladd,ladd4090,diagnostic,smoke_probe_partial,0,10,smoke_probe_partial,diagnostic,partial,n,0,a1,10,0.55593,1,0.55593,10,0.82405,0.82405,ladd/results/ladd_curve_analysis_20260612/source/runs_public_ladd/yolo11n/cap2/ladd_hbb_ogsod11n_formal_nomosaic_yolo11n_cap2_s0_diag_h1_n_s0_b100_smoke_a1_e10_b64_s0_gpu0,ladd/results/ladd_curve_analysis_20260612/source/runs_public_ladd/yolo11n/cap2/ladd_hbb_ogsod11n_formal_nomosaic_yolo11n_cap2_s0_diag_h1_n_s0_b100_smoke_a1_e10_b64_s0_gpu0/results.csv,ladd/results/ladd_curve_analysis_20260612/source/runs_public_ladd/yolo11n/cap2/ladd_hbb_ogsod11n_formal_nomosaic_yolo11n_cap2_s0_diag_h1_n_s0_b100_smoke_a1_e10_b64_s0_gpu0/ladd_diagnostics.csv,
ladd_hbb_ogsod11n_formal_nomosaic_yolo11n_cap2_s0_diag_h1_n_s0_b100_smoke_a2_e50_b64_s0_gpu0,ladd,ladd4090,diagnostic,smoke_probe_partial,0,50,smoke_probe_partial,diagnostic,partial,n,0,a2,50,0.56136,49,0.56098,50,0.8316,0.8316,ladd/results/ladd4090_shutdown_sync_20260614/evidence_raw/ladd4090/repo_root_snapshot/runs_public/ogsod/hbb/formal_nomosaic_20260528/ladd/yolo11n/cap2/ladd_hbb_ogsod11n_formal_nomosaic_yolo11n_cap2_s0_diag_h1_n_s0_b100_smoke_a2_e50_b64_s0_gpu0,ladd/results/ladd4090_shutdown_sync_20260614/evidence_raw/ladd4090/repo_root_snapshot/runs_public/ogsod/hbb/formal_nomosaic_20260528/ladd/yolo11n/cap2/ladd_hbb_ogsod11n_formal_nomosaic_yolo11n_cap2_s0_diag_h1_n_s0_b100_smoke_a2_e50_b64_s0_gpu0/results.csv,ladd/results/ladd4090_shutdown_sync_20260614/evidence_raw/ladd4090/repo_root_snapshot/runs_public/ogsod/hbb/formal_nomosaic_20260528/ladd/yolo11n/cap2/ladd_hbb_ogsod11n_formal_nomosaic_yolo11n_cap2_s0_diag_h1_n_s0_b100_smoke_a2_e50_b64_s0_gpu0/ladd_diagnostics.csv,
ladd_hbb_ogsod11n_formal_nomosaic_yolo11n_cap2_s0_diag_h1_n_s0_b100_smoke_a2_e50_b64_s0_gpu0,ladd,ladd4090,diagnostic,smoke_probe_partial,0,50,smoke_probe_partial,diagnostic,partial,n,0,a2,50,0.56136,49,0.56098,50,0.8316,0.8316,ladd/results/ladd_curve_analysis_20260612/source/runs_public_ladd/yolo11n/cap2/ladd_hbb_ogsod11n_formal_nomosaic_yolo11n_cap2_s0_diag_h1_n_s0_b100_smoke_a2_e50_b64_s0_gpu0,ladd/results/ladd_curve_analysis_20260612/source/runs_public_ladd/yolo11n/cap2/ladd_hbb_ogsod11n_formal_nomosaic_yolo11n_cap2_s0_diag_h1_n_s0_b100_smoke_a2_e50_b64_s0_gpu0/results.csv,ladd/results/ladd_curve_analysis_20260612/source/runs_public_ladd/yolo11n/cap2/ladd_hbb_ogsod11n_formal_nomosaic_yolo11n_cap2_s0_diag_h1_n_s0_b100_smoke_a2_e50_b64_s0_gpu0/ladd_diagnostics.csv,
ladd_hbb_ogsod11n_formal_nomosaic_yolo11n_cap2_s0_diag_h1_n_s0_b100_smoke_b_e100_b64_s0_gpu0,ladd,ladd4090,diagnostic,smoke_probe_partial,0,100,smoke_probe_partial,diagnostic,partial,n,0,b,100,0.55872,100,0.55872,100,0.8274,0.8271,ladd/results/ladd4090_shutdown_sync_20260614/evidence_raw/ladd4090/repo_root_snapshot/runs_public/ogsod/hbb/formal_nomosaic_20260528/ladd/yolo11n/cap2/ladd_hbb_ogsod11n_formal_nomosaic_yolo11n_cap2_s0_diag_h1_n_s0_b100_smoke_b_e100_b64_s0_gpu0,ladd/results/ladd4090_shutdown_sync_20260614/evidence_raw/ladd4090/repo_root_snapshot/runs_public/ogsod/hbb/formal_nomosaic_20260528/ladd/yolo11n/cap2/ladd_hbb_ogsod11n_formal_nomosaic_yolo11n_cap2_s0_diag_h1_n_s0_b100_smoke_b_e100_b64_s0_gpu0/results.csv,ladd/results/ladd4090_shutdown_sync_20260614/evidence_raw/ladd4090/repo_root_snapshot/runs_public/ogsod/hbb/formal_nomosaic_20260528/ladd/yolo11n/cap2/ladd_hbb_ogsod11n_formal_nomosaic_yolo11n_cap2_s0_diag_h1_n_s0_b100_smoke_b_e100_b64_s0_gpu0/ladd_diagnostics.csv,
ladd_hbb_ogsod11n_formal_nomosaic_yolo11n_cap2_s0_diag_h1_n_s0_b100_smoke_b_e100_b64_s0_gpu0,ladd,ladd4090,diagnostic,smoke_probe_partial,0,100,smoke_probe_partial,diagnostic,partial,n,0,b,100,0.55872,100,0.55872,100,0.8274,0.8271,ladd/results/ladd_curve_analysis_20260612/source/runs_public_ladd/yolo11n/cap2/ladd_hbb_ogsod11n_formal_nomosaic_yolo11n_cap2_s0_diag_h1_n_s0_b100_smoke_b_e100_b64_s0_gpu0,ladd/results/ladd_curve_analysis_20260612/source/runs_public_ladd/yolo11n/cap2/ladd_hbb_ogsod11n_formal_nomosaic_yolo11n_cap2_s0_diag_h1_n_s0_b100_smoke_b_e100_b64_s0_gpu0/results.csv,ladd/results/ladd_curve_analysis_20260612/source/runs_public_ladd/yolo11n/cap2/ladd_hbb_ogsod11n_formal_nomosaic_yolo11n_cap2_s0_diag_h1_n_s0_b100_smoke_b_e100_b64_s0_gpu0/ladd_diagnostics.csv,
ladd_hbb_ogsod11n_formal_nomosaic_yolo11n_cap2_s0_fix_n_s0_a2lr3e4_short13_bweakKD0p25_b200_a1_e10_b64_s0_gpu1,ladd,ladd4090,diagnostic,smoke_probe_partial,0,10,smoke_probe_partial,diagnostic,partial,n,0,a1,10,0.55593,1,0.55593,10,0.82405,0.82405,ladd/results/ladd4090_shutdown_sync_20260614/evidence_raw/ladd4090/repo_root_snapshot/runs_public/ogsod/hbb/formal_nomosaic_20260528/ladd/yolo11n/cap2/ladd_hbb_ogsod11n_formal_nomosaic_yolo11n_cap2_s0_fix_n_s0_a2lr3e4_short13_bweakKD0p25_b200_a1_e10_b64_s0_gpu1,ladd/results/ladd4090_shutdown_sync_20260614/evidence_raw/ladd4090/repo_root_snapshot/runs_public/ogsod/hbb/formal_nomosaic_20260528/ladd/yolo11n/cap2/ladd_hbb_ogsod11n_formal_nomosaic_yolo11n_cap2_s0_fix_n_s0_a2lr3e4_short13_bweakKD0p25_b200_a1_e10_b64_s0_gpu1/results.csv,ladd/results/ladd4090_shutdown_sync_20260614/evidence_raw/ladd4090/repo_root_snapshot/runs_public/ogsod/hbb/formal_nomosaic_20260528/ladd/yolo11n/cap2/ladd_hbb_ogsod11n_formal_nomosaic_yolo11n_cap2_s0_fix_n_s0_a2lr3e4_short13_bweakKD0p25_b200_a1_e10_b64_s0_gpu1/ladd_diagnostics.csv,
ladd_hbb_ogsod11n_formal_nomosaic_yolo11n_cap2_s0_fix_n_s0_a2lr3e4_short13_bweakKD0p25_b200_a1_e10_b64_s0_gpu1,ladd,ladd4090,candidate_or_unknown,smoke_probe_partial,0,10,smoke_probe_partial,diagnostic,partial,n,0,a1,10,0.55593,1,0.55593,10,0.82405,0.82405,ladd/results/ladd_curve_analysis_20260612/source/runs_public_ladd/yolo11n/cap2/ladd_hbb_ogsod11n_formal_nomosaic_yolo11n_cap2_s0_fix_n_s0_a2lr3e4_short13_bweakKD0p25_b200_a1_e10_b64_s0_gpu1,ladd/results/ladd_curve_analysis_20260612/source/runs_public_ladd/yolo11n/cap2/ladd_hbb_ogsod11n_formal_nomosaic_yolo11n_cap2_s0_fix_n_s0_a2lr3e4_short13_bweakKD0p25_b200_a1_e10_b64_s0_gpu1/results.csv,ladd/results/ladd_curve_analysis_20260612/source/runs_public_ladd/yolo11n/cap2/ladd_hbb_ogsod11n_formal_nomosaic_yolo11n_cap2_s0_fix_n_s0_a2lr3e4_short13_bweakKD0p25_b200_a1_e10_b64_s0_gpu1/ladd_diagnostics.csv,
ladd_hbb_ogsod11n_formal_nomosaic_yolo11n_cap2_s0_fix_n_s0_a2lr3e4_short13_bweakKD0p25_b200_a1_e10_b64_s0_gpu1,ladd,ladd4090,candidate_or_unknown,smoke_probe_partial,0,10,smoke_probe_partial,diagnostic,partial,n,0,a1,10,0.55593,1,0.55593,10,0.82405,0.82405,ladd/results/repair_experiments_20260613/evidence/main_4090/runs/n_weakkd0p25_b200/unknown/ladd_hbb_ogsod11n_formal_nomosaic_yolo11n_cap2_s0_fix_n_s0_a2lr3e4_short13_bweakKD0p25_b200_a1_e10_b64_s0_gpu1,ladd/results/repair_experiments_20260613/evidence/main_4090/runs/n_weakkd0p25_b200/unknown/ladd_hbb_ogsod11n_formal_nomosaic_yolo11n_cap2_s0_fix_n_s0_a2lr3e4_short13_bweakKD0p25_b200_a1_e10_b64_s0_gpu1/results.csv,ladd/results/repair_experiments_20260613/evidence/main_4090/runs/n_weakkd0p25_b200/unknown/ladd_hbb_ogsod11n_formal_nomosaic_yolo11n_cap2_s0_fix_n_s0_a2lr3e4_short13_bweakKD0p25_b200_a1_e10_b64_s0_gpu1/ladd_diagnostics.csv,
ladd_hbb_ogsod11n_formal_nomosaic_yolo11n_cap2_s0_fix_n_s0_a2lr3e4_short13_bweakKD0p25_b200_a2_e13_b64_s0_gpu1,ladd,ladd4090,diagnostic,smoke_probe_partial,0,13,smoke_probe_partial,diagnostic,partial,n,0,a2,13,0.56217,13,0.56217,13,0.83074,0.82849,ladd/results/ladd4090_shutdown_sync_20260614/evidence_raw/ladd4090/repo_root_snapshot/runs_public/ogsod/hbb/formal_nomosaic_20260528/ladd/yolo11n/cap2/ladd_hbb_ogsod11n_formal_nomosaic_yolo11n_cap2_s0_fix_n_s0_a2lr3e4_short13_bweakKD0p25_b200_a2_e13_b64_s0_gpu1,ladd/results/ladd4090_shutdown_sync_20260614/evidence_raw/ladd4090/repo_root_snapshot/runs_public/ogsod/hbb/formal_nomosaic_20260528/ladd/yolo11n/cap2/ladd_hbb_ogsod11n_formal_nomosaic_yolo11n_cap2_s0_fix_n_s0_a2lr3e4_short13_bweakKD0p25_b200_a2_e13_b64_s0_gpu1/results.csv,ladd/results/ladd4090_shutdown_sync_20260614/evidence_raw/ladd4090/repo_root_snapshot/runs_public/ogsod/hbb/formal_nomosaic_20260528/ladd/yolo11n/cap2/ladd_hbb_ogsod11n_formal_nomosaic_yolo11n_cap2_s0_fix_n_s0_a2lr3e4_short13_bweakKD0p25_b200_a2_e13_b64_s0_gpu1/ladd_diagnostics.csv,
ladd_hbb_ogsod11n_formal_nomosaic_yolo11n_cap2_s0_fix_n_s0_a2lr3e4_short13_bweakKD0p25_b200_a2_e13_b64_s0_gpu1,ladd,ladd4090,candidate_or_unknown,smoke_probe_partial,0,13,smoke_probe_partial,diagnostic,partial,n,0,a2,13,0.56217,13,0.56217,13,0.83074,0.82849,ladd/results/ladd_curve_analysis_20260612/source/runs_public_ladd/yolo11n/cap2/ladd_hbb_ogsod11n_formal_nomosaic_yolo11n_cap2_s0_fix_n_s0_a2lr3e4_short13_bweakKD0p25_b200_a2_e13_b64_s0_gpu1,ladd/results/ladd_curve_analysis_20260612/source/runs_public_ladd/yolo11n/cap2/ladd_hbb_ogsod11n_formal_nomosaic_yolo11n_cap2_s0_fix_n_s0_a2lr3e4_short13_bweakKD0p25_b200_a2_e13_b64_s0_gpu1/results.csv,ladd/results/ladd_curve_analysis_20260612/source/runs_public_ladd/yolo11n/cap2/ladd_hbb_ogsod11n_formal_nomosaic_yolo11n_cap2_s0_fix_n_s0_a2lr3e4_short13_bweakKD0p25_b200_a2_e13_b64_s0_gpu1/ladd_diagnostics.csv,
ladd_hbb_ogsod11n_formal_nomosaic_yolo11n_cap2_s0_fix_n_s0_a2lr3e4_short13_bweakKD0p25_b200_a2_e13_b64_s0_gpu1,ladd,ladd4090,candidate_or_unknown,smoke_probe_partial,0,13,smoke_probe_partial,diagnostic,partial,n,0,a2,13,0.56217,13,0.56217,13,0.83074,0.82849,ladd/results/repair_experiments_20260613/evidence/main_4090/runs/n_weakkd0p25_b200/unknown/ladd_hbb_ogsod11n_formal_nomosaic_yolo11n_cap2_s0_fix_n_s0_a2lr3e4_short13_bweakKD0p25_b200_a2_e13_b64_s0_gpu1,ladd/results/repair_experiments_20260613/evidence/main_4090/runs/n_weakkd0p25_b200/unknown/ladd_hbb_ogsod11n_formal_nomosaic_yolo11n_cap2_s0_fix_n_s0_a2lr3e4_short13_bweakKD0p25_b200_a2_e13_b64_s0_gpu1/results.csv,ladd/results/repair_experiments_20260613/evidence/main_4090/runs/n_weakkd0p25_b200/unknown/ladd_hbb_ogsod11n_formal_nomosaic_yolo11n_cap2_s0_fix_n_s0_a2lr3e4_short13_bweakKD0p25_b200_a2_e13_b64_s0_gpu1/ladd_diagnostics.csv,
ladd_hbb_ogsod11n_formal_nomosaic_yolo11n_original_s0_a2mu1e3_a1_e10_b64_s0_gpu4,ladd,ladd90,candidate_or_unknown,smoke_probe_partial,0,10,smoke_probe_partial,diagnostic,partial,n,0,a1,10,0.55654,1,0.55654,10,0.82461,0.82461,ladd/results/converged_mainline_ladd_20260613/source/no_mosaic_90/n_original/ladd_hbb_ogsod11n_formal_nomosaic_yolo11n_original_s0_a2mu1e3_a1_e10_b64_s0_gpu4,ladd/results/converged_mainline_ladd_20260613/source/no_mosaic_90/n_original/ladd_hbb_ogsod11n_formal_nomosaic_yolo11n_original_s0_a2mu1e3_a1_e10_b64_s0_gpu4/results.csv,,
ladd_hbb_ogsod11n_ladd800r2_cap2_s0_a1_e10_b64_s0_gpu4,ladd,ladd90,candidate_or_unknown,smoke_probe_partial,1,10,smoke_probe_partial,diagnostic,partial,n,0,a1,10,0.54091,1,0.54091,10,0.81816,0.81816,ladd/results/converged_mainline_ladd_20260613/source/mosaic90/ladd_b_runs/ladd_hbb_ogsod11n_ladd800r2_cap2_s0_a1_e10_b64_s0_gpu4,ladd/results/converged_mainline_ladd_20260613/source/mosaic90/ladd_b_runs/ladd_hbb_ogsod11n_ladd800r2_cap2_s0_a1_e10_b64_s0_gpu4/results.csv,,
ladd_hbb_ogsod11n_ladd800r2_legacy_s0_a1_e10_b64_s0_gpu2,ladd,ladd90,candidate_or_unknown,smoke_probe_partial,1,10,smoke_probe_partial,diagnostic,partial,n,0,a1,10,0.54091,1,0.54091,10,0.81816,0.81816,ladd/results/converged_mainline_ladd_20260613/source/mosaic90/ladd_b_runs/ladd_hbb_ogsod11n_ladd800r2_legacy_s0_a1_e10_b64_s0_gpu2,ladd/results/converged_mainline_ladd_20260613/source/mosaic90/ladd_b_runs/ladd_hbb_ogsod11n_ladd800r2_legacy_s0_a1_e10_b64_s0_gpu2/results.csv,,
ladd_hbb_ogsod11n_formal_nomosaic_yolo11n_cap2_s123_a2mu1e3_a1_e10_b64_s123_gpu5,ladd,ladd90,candidate_or_unknown,smoke_probe_partial,0,10,smoke_probe_partial,diagnostic,partial,n,123,a1,10,0.56128,1,0.56128,10,0.83184,0.83184,ladd/results/converged_mainline_ladd_20260613/source/no_mosaic_90/n_cap2/ladd_hbb_ogsod11n_formal_nomosaic_yolo11n_cap2_s123_a2mu1e3_a1_e10_b64_s123_gpu5,ladd/results/converged_mainline_ladd_20260613/source/no_mosaic_90/n_cap2/ladd_hbb_ogsod11n_formal_nomosaic_yolo11n_cap2_s123_a2mu1e3_a1_e10_b64_s123_gpu5/results.csv,,
ladd_hbb_ogsod11n_ladd800r2_cap2_s123_a1_e10_b64_s123_gpu5,ladd,ladd90,candidate_or_unknown,smoke_probe_partial,1,10,smoke_probe_partial,diagnostic,partial,n,123,a1,10,0.54091,1,0.54091,10,0.81816,0.81816,ladd/results/converged_mainline_ladd_20260613/source/mosaic90/ladd_b_runs/ladd_hbb_ogsod11n_ladd800r2_cap2_s123_a1_e10_b64_s123_gpu5,ladd/results/converged_mainline_ladd_20260613/source/mosaic90/ladd_b_runs/ladd_hbb_ogsod11n_ladd800r2_cap2_s123_a1_e10_b64_s123_gpu5/results.csv,,
ladd_hbb_ogsod11n_ladd800r2_legacy_s123_a1_e10_b64_s123_gpu3,ladd,ladd90,candidate_or_unknown,smoke_probe_partial,1,10,smoke_probe_partial,diagnostic,partial,n,123,a1,10,0.54091,1,0.54091,10,0.81816,0.81816,ladd/results/converged_mainline_ladd_20260613/source/mosaic90/ladd_b_runs/ladd_hbb_ogsod11n_ladd800r2_legacy_s123_a1_e10_b64_s123_gpu3,ladd/results/converged_mainline_ladd_20260613/source/mosaic90/ladd_b_runs/ladd_hbb_ogsod11n_ladd800r2_legacy_s123_a1_e10_b64_s123_gpu3/results.csv,,
ladd_hbb_ogsod11n_formal_nomosaic_yolo11n_cap2_s42_a2mu1e3_a1_e10_b64_s42_gpu4,ladd,ladd90,candidate_or_unknown,smoke_probe_partial,0,10,smoke_probe_partial,diagnostic,partial,n,42,a1,10,0.55794,1,0.55794,10,0.83207,0.83207,ladd/results/converged_mainline_ladd_20260613/source/no_mosaic_90/n_cap2/ladd_hbb_ogsod11n_formal_nomosaic_yolo11n_cap2_s42_a2mu1e3_a1_e10_b64_s42_gpu4,ladd/results/converged_mainline_ladd_20260613/source/no_mosaic_90/n_cap2/ladd_hbb_ogsod11n_formal_nomosaic_yolo11n_cap2_s42_a2mu1e3_a1_e10_b64_s42_gpu4/results.csv,,
ladd_hbb_ogsod11n_formal_nomosaic_yolo11n_cap2_s42_bnfreeze1e3_public4090dual_final_v2_a1_e10_b64_s42_gpu0,ladd,ladd4090,candidate_or_unknown,smoke_probe_partial,0,10,smoke_probe_partial,diagnostic,partial,n,42,a1,10,0.55795,1,0.55795,10,0.83158,0.83158,ladd/results/converged_mainline_ladd_20260613/source/no_mosaic_4090dual/n_cap2/ladd_hbb_ogsod11n_formal_nomosaic_yolo11n_cap2_s42_bnfreeze1e3_public4090dual_final_v2_a1_e10_b64_s42_gpu0,ladd/results/converged_mainline_ladd_20260613/source/no_mosaic_4090dual/n_cap2/ladd_hbb_ogsod11n_formal_nomosaic_yolo11n_cap2_s42_bnfreeze1e3_public4090dual_final_v2_a1_e10_b64_s42_gpu0/results.csv,,
ladd_hbb_ogsod11n_formal_nomosaic_yolo11n_cap2_s42_bnfreeze1e3_public4090dual_final_v2_a1_e10_b64_s42_gpu0,ladd,ladd4090,diagnostic,smoke_probe_partial,0,10,smoke_probe_partial,diagnostic,partial,n,42,a1,10,0.55795,1,0.55795,10,0.83158,0.83158,ladd/results/ladd4090_shutdown_sync_20260614/evidence_raw/ladd4090/repo_root_snapshot/runs_public/ogsod/hbb/formal_nomosaic_20260528/ladd/yolo11n/cap2/ladd_hbb_ogsod11n_formal_nomosaic_yolo11n_cap2_s42_bnfreeze1e3_public4090dual_final_v2_a1_e10_b64_s42_gpu0,ladd/results/ladd4090_shutdown_sync_20260614/evidence_raw/ladd4090/repo_root_snapshot/runs_public/ogsod/hbb/formal_nomosaic_20260528/ladd/yolo11n/cap2/ladd_hbb_ogsod11n_formal_nomosaic_yolo11n_cap2_s42_bnfreeze1e3_public4090dual_final_v2_a1_e10_b64_s42_gpu0/results.csv,,
ladd_hbb_ogsod11n_formal_nomosaic_yolo11n_cap2_s42_bnfreeze1e3_public4090dual_final_v2_a1_e10_b64_s42_gpu0,ladd,ladd4090,candidate_or_unknown,smoke_probe_partial,0,10,smoke_probe_partial,diagnostic,partial,n,42,a1,10,0.55795,1,0.55795,10,0.83158,0.83158,ladd/results/ladd_curve_analysis_20260612/source/runs_public_ladd/yolo11n/cap2/ladd_hbb_ogsod11n_formal_nomosaic_yolo11n_cap2_s42_bnfreeze1e3_public4090dual_final_v2_a1_e10_b64_s42_gpu0,ladd/results/ladd_curve_analysis_20260612/source/runs_public_ladd/yolo11n/cap2/ladd_hbb_ogsod11n_formal_nomosaic_yolo11n_cap2_s42_bnfreeze1e3_public4090dual_final_v2_a1_e10_b64_s42_gpu0/results.csv,,
ladd_hbb_ogsod11n_formal_nomosaic_yolo11n_cap2_s42_bnfreeze1e3_public4090dual_final_v2_a1_e10_b64_s42_gpu0,ladd,ladd4090,candidate_or_unknown,smoke_probe_partial,0,10,smoke_probe_partial,diagnostic,partial,n,42,a1,10,0.55795,1,0.55795,10,0.83158,0.83158,ladd/results/mainline_stability_20260609/remote_4090dual/runs_public/ogsod/hbb/formal_nomosaic_20260528/ladd/yolo11n/cap2/ladd_hbb_ogsod11n_formal_nomosaic_yolo11n_cap2_s42_bnfreeze1e3_public4090dual_final_v2_a1_e10_b64_s42_gpu0,ladd/results/mainline_stability_20260609/remote_4090dual/runs_public/ogsod/hbb/formal_nomosaic_20260528/ladd/yolo11n/cap2/ladd_hbb_ogsod11n_formal_nomosaic_yolo11n_cap2_s42_bnfreeze1e3_public4090dual_final_v2_a1_e10_b64_s42_gpu0/results.csv,,
ladd_hbb_ogsod11n_formal_nomosaic_yolo11n_cap2_s42_bnfreeze1e3_public4090dual_final_v2_a1_e10_b64_s42_gpu02,ladd,ladd4090,diagnostic,smoke_probe_partial,0,10,smoke_probe_partial,diagnostic,partial,n,42,a1,10,0.55795,1,0.55795,10,0.83158,0.83158,ladd/results/ladd4090_shutdown_sync_20260614/evidence_raw/ladd4090/repo_root_snapshot/runs_public/ogsod/hbb/formal_nomosaic_20260528/ladd/yolo11n/cap2/ladd_hbb_ogsod11n_formal_nomosaic_yolo11n_cap2_s42_bnfreeze1e3_public4090dual_final_v2_a1_e10_b64_s42_gpu02,ladd/results/ladd4090_shutdown_sync_20260614/evidence_raw/ladd4090/repo_root_snapshot/runs_public/ogsod/hbb/formal_nomosaic_20260528/ladd/yolo11n/cap2/ladd_hbb_ogsod11n_formal_nomosaic_yolo11n_cap2_s42_bnfreeze1e3_public4090dual_final_v2_a1_e10_b64_s42_gpu02/results.csv,,
ladd_hbb_ogsod11n_formal_nomosaic_yolo11n_cap2_s42_bnfreeze1e3_public4090dual_final_v2_a1_e10_b64_s42_gpu02,ladd,ladd4090,candidate_or_unknown,smoke_probe_partial,0,10,smoke_probe_partial,diagnostic,partial,n,42,a1,10,0.55795,1,0.55795,10,0.83158,0.83158,ladd/results/ladd_curve_analysis_20260612/source/runs_public_ladd/yolo11n/cap2/ladd_hbb_ogsod11n_formal_nomosaic_yolo11n_cap2_s42_bnfreeze1e3_public4090dual_final_v2_a1_e10_b64_s42_gpu02,ladd/results/ladd_curve_analysis_20260612/source/runs_public_ladd/yolo11n/cap2/ladd_hbb_ogsod11n_formal_nomosaic_yolo11n_cap2_s42_bnfreeze1e3_public4090dual_final_v2_a1_e10_b64_s42_gpu02/results.csv,,
ladd_hbb_ogsod11n_ladd800r2_cap2_s42_a1_e10_b64_s42_gpu3,ladd,ladd90,candidate_or_unknown,smoke_probe_partial,1,10,smoke_probe_partial,diagnostic,partial,n,42,a1,10,0.54091,1,0.54091,10,0.81816,0.81816,ladd/results/converged_mainline_ladd_20260613/source/mosaic90/ladd_b_runs/ladd_hbb_ogsod11n_ladd800r2_cap2_s42_a1_e10_b64_s42_gpu3,ladd/results/converged_mainline_ladd_20260613/source/mosaic90/ladd_b_runs/ladd_hbb_ogsod11n_ladd800r2_cap2_s42_a1_e10_b64_s42_gpu3/results.csv,,
ladd_hbb_ogsod11n_ladd800r2_legacy_s42_a1_e10_b64_s42_gpu5,ladd,ladd90,candidate_or_unknown,smoke_probe_partial,1,10,smoke_probe_partial,diagnostic,partial,n,42,a1,10,0.54091,1,0.54091,10,0.81816,0.81816,ladd/results/converged_mainline_ladd_20260613/source/mosaic90/ladd_b_runs/ladd_hbb_ogsod11n_ladd800r2_legacy_s42_a1_e10_b64_s42_gpu5,ladd/results/converged_mainline_ladd_20260613/source/mosaic90/ladd_b_runs/ladd_hbb_ogsod11n_ladd800r2_legacy_s42_a1_e10_b64_s42_gpu5/results.csv,,
a1,ladd,ladd4090,candidate_or_unknown,smoke_probe_partial,0,10,smoke_probe_partial,diagnostic,partial,s,0,a1,10,0.62878,1,0.62878,10,0.9096,0.9096,ladd/results/a2_damage_20260612/runs/s_a2_detonly/a1,ladd/results/a2_damage_20260612/runs/s_a2_detonly/a1/results.csv,ladd/results/a2_damage_20260612/runs/s_a2_detonly/a1/ladd_diagnostics.csv,6523ba98fea7d619a98442a11ba84dc55c99b638
a1,ladd,ladd4090,candidate_or_unknown,smoke_probe_partial,0,10,smoke_probe_partial,diagnostic,partial,s,0,a1,10,0.62878,1,0.62878,10,0.9096,0.9096,ladd/results/a2_damage_20260612/runs/s_a2_lr3e4/a1,ladd/results/a2_damage_20260612/runs/s_a2_lr3e4/a1/results.csv,ladd/results/a2_damage_20260612/runs/s_a2_lr3e4/a1/ladd_diagnostics.csv,6523ba98fea7d619a98442a11ba84dc55c99b638
b1,ladd,ladd4090,candidate_or_unknown,smoke_probe_partial,0,1,smoke_probe_partial,diagnostic,partial,s,0,b1,1,0.6024,1,0.6024,1,0.90009,0.90009,ladd/results/a2_damage_20260612/runs/s_a2_detonly/b1,ladd/results/a2_damage_20260612/runs/s_a2_detonly/b1/results.csv,ladd/results/a2_damage_20260612/runs/s_a2_detonly/b1/ladd_diagnostics.csv,6523ba98fea7d619a98442a11ba84dc55c99b638
b1,ladd,ladd4090,candidate_or_unknown,smoke_probe_partial,0,1,smoke_probe_partial,diagnostic,partial,s,0,b1,1,0.60436,1,0.60436,1,0.90075,0.90075,ladd/results/a2_damage_20260612/runs/s_a2_lr3e4/b1,ladd/results/a2_damage_20260612/runs/s_a2_lr3e4/b1/results.csv,ladd/results/a2_damage_20260612/runs/s_a2_lr3e4/b1/ladd_diagnostics.csv,6523ba98fea7d619a98442a11ba84dc55c99b638
ladd_hbb_ogsod11n_formal_nomosaic_yolo11s_cap2_s0_bnfreeze1e3_public4090dual_final_v2_a1_e10_b64_s0_gpu1,ladd,ladd4090,diagnostic,smoke_probe_partial,0,10,smoke_probe_partial,diagnostic,partial,s,0,a1,10,0.62878,1,0.62878,10,0.9096,0.9096,ladd/results/ladd4090_shutdown_sync_20260614/evidence_raw/ladd4090/repo_root_snapshot/runs_public/ogsod/hbb/formal_nomosaic_20260528/ladd/yolo11s/cap2/ladd_hbb_ogsod11n_formal_nomosaic_yolo11s_cap2_s0_bnfreeze1e3_public4090dual_final_v2_a1_e10_b64_s0_gpu1,ladd/results/ladd4090_shutdown_sync_20260614/evidence_raw/ladd4090/repo_root_snapshot/runs_public/ogsod/hbb/formal_nomosaic_20260528/ladd/yolo11s/cap2/ladd_hbb_ogsod11n_formal_nomosaic_yolo11s_cap2_s0_bnfreeze1e3_public4090dual_final_v2_a1_e10_b64_s0_gpu1/results.csv,,
ladd_hbb_ogsod11n_formal_nomosaic_yolo11s_cap2_s0_bnfreeze1e3_public4090dual_final_v2_a1_e10_b64_s0_gpu1,ladd,ladd4090,candidate_or_unknown,smoke_probe_partial,0,10,smoke_probe_partial,diagnostic,partial,s,0,a1,10,0.62878,1,0.62878,10,0.9096,0.9096,ladd/results/ladd_curve_analysis_20260612/source/runs_public_ladd/yolo11s/cap2/ladd_hbb_ogsod11n_formal_nomosaic_yolo11s_cap2_s0_bnfreeze1e3_public4090dual_final_v2_a1_e10_b64_s0_gpu1,ladd/results/ladd_curve_analysis_20260612/source/runs_public_ladd/yolo11s/cap2/ladd_hbb_ogsod11n_formal_nomosaic_yolo11s_cap2_s0_bnfreeze1e3_public4090dual_final_v2_a1_e10_b64_s0_gpu1/results.csv,,
ladd_hbb_ogsod11n_formal_nomosaic_yolo11s_cap2_s0_bnfreeze1e3_public4090dual_final_v2_a1_e10_b64_s0_gpu1,ladd,ladd4090,candidate_or_unknown,smoke_probe_partial,0,10,smoke_probe_partial,diagnostic,partial,s,0,a1,10,0.62878,1,0.62878,10,0.9096,0.9096,ladd/results/mainline_stability_20260609/remote_4090dual/runs_public/ogsod/hbb/formal_nomosaic_20260528/ladd/yolo11s/cap2/ladd_hbb_ogsod11n_formal_nomosaic_yolo11s_cap2_s0_bnfreeze1e3_public4090dual_final_v2_a1_e10_b64_s0_gpu1,ladd/results/mainline_stability_20260609/remote_4090dual/runs_public/ogsod/hbb/formal_nomosaic_20260528/ladd/yolo11s/cap2/ladd_hbb_ogsod11n_formal_nomosaic_yolo11s_cap2_s0_bnfreeze1e3_public4090dual_final_v2_a1_e10_b64_s0_gpu1/results.csv,,
ladd_hbb_ogsod11n_formal_nomosaic_yolo11s_cap2_s0_bnfreeze1e3_public4090dual_final_v2_a1_e10_b64_s0_gpu12,ladd,ladd4090,diagnostic,smoke_probe_partial,0,10,smoke_probe_partial,diagnostic,partial,s,0,a1,10,0.62878,1,0.62878,10,0.9096,0.9096,ladd/results/ladd4090_shutdown_sync_20260614/evidence_raw/ladd4090/repo_root_snapshot/runs_public/ogsod/hbb/formal_nomosaic_20260528/ladd/yolo11s/cap2/ladd_hbb_ogsod11n_formal_nomosaic_yolo11s_cap2_s0_bnfreeze1e3_public4090dual_final_v2_a1_e10_b64_s0_gpu12,ladd/results/ladd4090_shutdown_sync_20260614/evidence_raw/ladd4090/repo_root_snapshot/runs_public/ogsod/hbb/formal_nomosaic_20260528/ladd/yolo11s/cap2/ladd_hbb_ogsod11n_formal_nomosaic_yolo11s_cap2_s0_bnfreeze1e3_public4090dual_final_v2_a1_e10_b64_s0_gpu12/results.csv,,
ladd_hbb_ogsod11n_formal_nomosaic_yolo11s_cap2_s0_bnfreeze1e3_public4090dual_final_v2_a1_e10_b64_s0_gpu12,ladd,ladd4090,candidate_or_unknown,smoke_probe_partial,0,10,smoke_probe_partial,diagnostic,partial,s,0,a1,10,0.62878,1,0.62878,10,0.9096,0.9096,ladd/results/ladd_curve_analysis_20260612/source/runs_public_ladd/yolo11s/cap2/ladd_hbb_ogsod11n_formal_nomosaic_yolo11s_cap2_s0_bnfreeze1e3_public4090dual_final_v2_a1_e10_b64_s0_gpu12,ladd/results/ladd_curve_analysis_20260612/source/runs_public_ladd/yolo11s/cap2/ladd_hbb_ogsod11n_formal_nomosaic_yolo11s_cap2_s0_bnfreeze1e3_public4090dual_final_v2_a1_e10_b64_s0_gpu12/results.csv,,
ladd_hbb_ogsod11s_formal_nomosaic_yolo11s_cap2_s0_bentrance_S0_splitload_clean_smoke_b5_after62c2fda_b_e5_b16_s0_gpu1,ladd,ladd4090,diagnostic,smoke_probe_partial,0,5,smoke_probe_partial,diagnostic,partial,s,0,b,5,0.62425,4,0.62329,5,0.90693,0.90693,ladd/results/ladd4090_shutdown_sync_20260614/evidence_raw/ladd4090/repo_root_snapshot/runs_public/ogsod/hbb/formal_nomosaic_20260528/ladd/yolo11s/cap2/ladd_hbb_ogsod11s_formal_nomosaic_yolo11s_cap2_s0_bentrance_S0_splitload_clean_smoke_b5_after62c2fda_b_e5_b16_s0_gpu1,ladd/results/ladd4090_shutdown_sync_20260614/evidence_raw/ladd4090/repo_root_snapshot/runs_public/ogsod/hbb/formal_nomosaic_20260528/ladd/yolo11s/cap2/ladd_hbb_ogsod11s_formal_nomosaic_yolo11s_cap2_s0_bentrance_S0_splitload_clean_smoke_b5_after62c2fda_b_e5_b16_s0_gpu1/results.csv,ladd/results/ladd4090_shutdown_sync_20260614/evidence_raw/ladd4090/repo_root_snapshot/runs_public/ogsod/hbb/formal_nomosaic_20260528/ladd/yolo11s/cap2/ladd_hbb_ogsod11s_formal_nomosaic_yolo11s_cap2_s0_bentrance_S0_splitload_clean_smoke_b5_after62c2fda_b_e5_b16_s0_gpu1/ladd_diagnostics.csv,
ladd_hbb_ogsod11s_formal_nomosaic_yolo11s_cap2_s0_diag_a2damage_s_s0_a2detonly_b1_retry1_a1_e10_b64_s0_gpu0,ladd,ladd4090,diagnostic,smoke_probe_partial,0,10,smoke_probe_partial,diagnostic,partial,s,0,b1,10,0.62878,1,0.62878,10,0.9096,0.9096,ladd/results/ladd4090_shutdown_sync_20260614/evidence_raw/ladd4090/repo_root_snapshot/runs_public/ogsod/hbb/formal_nomosaic_20260528/ladd/yolo11s/cap2/ladd_hbb_ogsod11s_formal_nomosaic_yolo11s_cap2_s0_diag_a2damage_s_s0_a2detonly_b1_retry1_a1_e10_b64_s0_gpu0,ladd/results/ladd4090_shutdown_sync_20260614/evidence_raw/ladd4090/repo_root_snapshot/runs_public/ogsod/hbb/formal_nomosaic_20260528/ladd/yolo11s/cap2/ladd_hbb_ogsod11s_formal_nomosaic_yolo11s_cap2_s0_diag_a2damage_s_s0_a2detonly_b1_retry1_a1_e10_b64_s0_gpu0/results.csv,ladd/results/ladd4090_shutdown_sync_20260614/evidence_raw/ladd4090/repo_root_snapshot/runs_public/ogsod/hbb/formal_nomosaic_20260528/ladd/yolo11s/cap2/ladd_hbb_ogsod11s_formal_nomosaic_yolo11s_cap2_s0_diag_a2damage_s_s0_a2detonly_b1_retry1_a1_e10_b64_s0_gpu0/ladd_diagnostics.csv,
ladd_hbb_ogsod11s_formal_nomosaic_yolo11s_cap2_s0_diag_a2damage_s_s0_a2detonly_b1_retry1_a1_e10_b64_s0_gpu0,ladd,ladd4090,diagnostic,smoke_probe_partial,0,10,smoke_probe_partial,diagnostic,partial,s,0,b1,10,0.62878,1,0.62878,10,0.9096,0.9096,ladd/results/ladd_curve_analysis_20260612/source/runs_public_ladd/yolo11s/cap2/ladd_hbb_ogsod11s_formal_nomosaic_yolo11s_cap2_s0_diag_a2damage_s_s0_a2detonly_b1_retry1_a1_e10_b64_s0_gpu0,ladd/results/ladd_curve_analysis_20260612/source/runs_public_ladd/yolo11s/cap2/ladd_hbb_ogsod11s_formal_nomosaic_yolo11s_cap2_s0_diag_a2damage_s_s0_a2detonly_b1_retry1_a1_e10_b64_s0_gpu0/results.csv,ladd/results/ladd_curve_analysis_20260612/source/runs_public_ladd/yolo11s/cap2/ladd_hbb_ogsod11s_formal_nomosaic_yolo11s_cap2_s0_diag_a2damage_s_s0_a2detonly_b1_retry1_a1_e10_b64_s0_gpu0/ladd_diagnostics.csv,
ladd_hbb_ogsod11s_formal_nomosaic_yolo11s_cap2_s0_diag_a2damage_s_s0_a2detonly_b1_retry1_b_e1_b64_s0_gpu0,ladd,ladd4090,diagnostic,smoke_probe_partial,0,1,smoke_probe_partial,diagnostic,partial,s,0,b1,1,0.6024,1,0.6024,1,0.90009,0.90009,ladd/results/ladd4090_shutdown_sync_20260614/evidence_raw/ladd4090/repo_root_snapshot/runs_public/ogsod/hbb/formal_nomosaic_20260528/ladd/yolo11s/cap2/ladd_hbb_ogsod11s_formal_nomosaic_yolo11s_cap2_s0_diag_a2damage_s_s0_a2detonly_b1_retry1_b_e1_b64_s0_gpu0,ladd/results/ladd4090_shutdown_sync_20260614/evidence_raw/ladd4090/repo_root_snapshot/runs_public/ogsod/hbb/formal_nomosaic_20260528/ladd/yolo11s/cap2/ladd_hbb_ogsod11s_formal_nomosaic_yolo11s_cap2_s0_diag_a2damage_s_s0_a2detonly_b1_retry1_b_e1_b64_s0_gpu0/results.csv,ladd/results/ladd4090_shutdown_sync_20260614/evidence_raw/ladd4090/repo_root_snapshot/runs_public/ogsod/hbb/formal_nomosaic_20260528/ladd/yolo11s/cap2/ladd_hbb_ogsod11s_formal_nomosaic_yolo11s_cap2_s0_diag_a2damage_s_s0_a2detonly_b1_retry1_b_e1_b64_s0_gpu0/ladd_diagnostics.csv,
ladd_hbb_ogsod11s_formal_nomosaic_yolo11s_cap2_s0_diag_a2damage_s_s0_a2detonly_b1_retry1_b_e1_b64_s0_gpu0,ladd,ladd4090,diagnostic,smoke_probe_partial,0,1,smoke_probe_partial,diagnostic,partial,s,0,b1,1,0.6024,1,0.6024,1,0.90009,0.90009,ladd/results/ladd_curve_analysis_20260612/source/runs_public_ladd/yolo11s/cap2/ladd_hbb_ogsod11s_formal_nomosaic_yolo11s_cap2_s0_diag_a2damage_s_s0_a2detonly_b1_retry1_b_e1_b64_s0_gpu0,ladd/results/ladd_curve_analysis_20260612/source/runs_public_ladd/yolo11s/cap2/ladd_hbb_ogsod11s_formal_nomosaic_yolo11s_cap2_s0_diag_a2damage_s_s0_a2detonly_b1_retry1_b_e1_b64_s0_gpu0/results.csv,ladd/results/ladd_curve_analysis_20260612/source/runs_public_ladd/yolo11s/cap2/ladd_hbb_ogsod11s_formal_nomosaic_yolo11s_cap2_s0_diag_a2damage_s_s0_a2detonly_b1_retry1_b_e1_b64_s0_gpu0/ladd_diagnostics.csv,
ladd_hbb_ogsod11s_formal_nomosaic_yolo11s_cap2_s0_diag_a2damage_s_s0_a2lr3e4_b1_a1_e10_b64_s0_gpu1,ladd,ladd4090,diagnostic,smoke_probe_partial,0,10,smoke_probe_partial,diagnostic,partial,s,0,b1,10,0.62878,1,0.62878,10,0.9096,0.9096,ladd/results/ladd4090_shutdown_sync_20260614/evidence_raw/ladd4090/repo_root_snapshot/runs_public/ogsod/hbb/formal_nomosaic_20260528/ladd/yolo11s/cap2/ladd_hbb_ogsod11s_formal_nomosaic_yolo11s_cap2_s0_diag_a2damage_s_s0_a2lr3e4_b1_a1_e10_b64_s0_gpu1,ladd/results/ladd4090_shutdown_sync_20260614/evidence_raw/ladd4090/repo_root_snapshot/runs_public/ogsod/hbb/formal_nomosaic_20260528/ladd/yolo11s/cap2/ladd_hbb_ogsod11s_formal_nomosaic_yolo11s_cap2_s0_diag_a2damage_s_s0_a2lr3e4_b1_a1_e10_b64_s0_gpu1/results.csv,ladd/results/ladd4090_shutdown_sync_20260614/evidence_raw/ladd4090/repo_root_snapshot/runs_public/ogsod/hbb/formal_nomosaic_20260528/ladd/yolo11s/cap2/ladd_hbb_ogsod11s_formal_nomosaic_yolo11s_cap2_s0_diag_a2damage_s_s0_a2lr3e4_b1_a1_e10_b64_s0_gpu1/ladd_diagnostics.csv,
ladd_hbb_ogsod11s_formal_nomosaic_yolo11s_cap2_s0_diag_a2damage_s_s0_a2lr3e4_b1_a1_e10_b64_s0_gpu1,ladd,ladd4090,diagnostic,smoke_probe_partial,0,10,smoke_probe_partial,diagnostic,partial,s,0,b1,10,0.62878,1,0.62878,10,0.9096,0.9096,ladd/results/ladd_curve_analysis_20260612/source/runs_public_ladd/yolo11s/cap2/ladd_hbb_ogsod11s_formal_nomosaic_yolo11s_cap2_s0_diag_a2damage_s_s0_a2lr3e4_b1_a1_e10_b64_s0_gpu1,ladd/results/ladd_curve_analysis_20260612/source/runs_public_ladd/yolo11s/cap2/ladd_hbb_ogsod11s_formal_nomosaic_yolo11s_cap2_s0_diag_a2damage_s_s0_a2lr3e4_b1_a1_e10_b64_s0_gpu1/results.csv,ladd/results/ladd_curve_analysis_20260612/source/runs_public_ladd/yolo11s/cap2/ladd_hbb_ogsod11s_formal_nomosaic_yolo11s_cap2_s0_diag_a2damage_s_s0_a2lr3e4_b1_a1_e10_b64_s0_gpu1/ladd_diagnostics.csv,
ladd_hbb_ogsod11s_formal_nomosaic_yolo11s_cap2_s0_diag_a2damage_s_s0_a2lr3e4_b1_b_e1_b64_s0_gpu1,ladd,ladd4090,diagnostic,smoke_probe_partial,0,1,smoke_probe_partial,diagnostic,partial,s,0,b1,1,0.60436,1,0.60436,1,0.90075,0.90075,ladd/results/ladd4090_shutdown_sync_20260614/evidence_raw/ladd4090/repo_root_snapshot/runs_public/ogsod/hbb/formal_nomosaic_20260528/ladd/yolo11s/cap2/ladd_hbb_ogsod11s_formal_nomosaic_yolo11s_cap2_s0_diag_a2damage_s_s0_a2lr3e4_b1_b_e1_b64_s0_gpu1,ladd/results/ladd4090_shutdown_sync_20260614/evidence_raw/ladd4090/repo_root_snapshot/runs_public/ogsod/hbb/formal_nomosaic_20260528/ladd/yolo11s/cap2/ladd_hbb_ogsod11s_formal_nomosaic_yolo11s_cap2_s0_diag_a2damage_s_s0_a2lr3e4_b1_b_e1_b64_s0_gpu1/results.csv,ladd/results/ladd4090_shutdown_sync_20260614/evidence_raw/ladd4090/repo_root_snapshot/runs_public/ogsod/hbb/formal_nomosaic_20260528/ladd/yolo11s/cap2/ladd_hbb_ogsod11s_formal_nomosaic_yolo11s_cap2_s0_diag_a2damage_s_s0_a2lr3e4_b1_b_e1_b64_s0_gpu1/ladd_diagnostics.csv,
ladd_hbb_ogsod11s_formal_nomosaic_yolo11s_cap2_s0_diag_a2damage_s_s0_a2lr3e4_b1_b_e1_b64_s0_gpu1,ladd,ladd4090,diagnostic,smoke_probe_partial,0,1,smoke_probe_partial,diagnostic,partial,s,0,b1,1,0.60436,1,0.60436,1,0.90075,0.90075,ladd/results/ladd_curve_analysis_20260612/source/runs_public_ladd/yolo11s/cap2/ladd_hbb_ogsod11s_formal_nomosaic_yolo11s_cap2_s0_diag_a2damage_s_s0_a2lr3e4_b1_b_e1_b64_s0_gpu1,ladd/results/ladd_curve_analysis_20260612/source/runs_public_ladd/yolo11s/cap2/ladd_hbb_ogsod11s_formal_nomosaic_yolo11s_cap2_s0_diag_a2damage_s_s0_a2lr3e4_b1_b_e1_b64_s0_gpu1/results.csv,ladd/results/ladd_curve_analysis_20260612/source/runs_public_ladd/yolo11s/cap2/ladd_hbb_ogsod11s_formal_nomosaic_yolo11s_cap2_s0_diag_a2damage_s_s0_a2lr3e4_b1_b_e1_b64_s0_gpu1/ladd_diagnostics.csv,
ladd_hbb_ogsod11s_formal_nomosaic_yolo11s_cap2_s0_diag_a2damage_s_s0_a2lr3e4_short15_b1_a1_e10_b64_s0_gpu1,ladd,ladd4090,diagnostic,smoke_probe_partial,0,10,smoke_probe_partial,diagnostic,partial,s,0,b1,10,0.62878,1,0.62878,10,0.9096,0.9096,ladd/results/ladd4090_shutdown_sync_20260614/evidence_raw/ladd4090/repo_root_snapshot/runs_public/ogsod/hbb/formal_nomosaic_20260528/ladd/yolo11s/cap2/ladd_hbb_ogsod11s_formal_nomosaic_yolo11s_cap2_s0_diag_a2damage_s_s0_a2lr3e4_short15_b1_a1_e10_b64_s0_gpu1,ladd/results/ladd4090_shutdown_sync_20260614/evidence_raw/ladd4090/repo_root_snapshot/runs_public/ogsod/hbb/formal_nomosaic_20260528/ladd/yolo11s/cap2/ladd_hbb_ogsod11s_formal_nomosaic_yolo11s_cap2_s0_diag_a2damage_s_s0_a2lr3e4_short15_b1_a1_e10_b64_s0_gpu1/results.csv,ladd/results/ladd4090_shutdown_sync_20260614/evidence_raw/ladd4090/repo_root_snapshot/runs_public/ogsod/hbb/formal_nomosaic_20260528/ladd/yolo11s/cap2/ladd_hbb_ogsod11s_formal_nomosaic_yolo11s_cap2_s0_diag_a2damage_s_s0_a2lr3e4_short15_b1_a1_e10_b64_s0_gpu1/ladd_diagnostics.csv,
ladd_hbb_ogsod11s_formal_nomosaic_yolo11s_cap2_s0_diag_a2damage_s_s0_a2lr3e4_short15_b1_a1_e10_b64_s0_gpu1,ladd,ladd4090,diagnostic,smoke_probe_partial,0,10,smoke_probe_partial,diagnostic,partial,s,0,b1,10,0.62878,1,0.62878,10,0.9096,0.9096,ladd/results/ladd_curve_analysis_20260612/source/runs_public_ladd/yolo11s/cap2/ladd_hbb_ogsod11s_formal_nomosaic_yolo11s_cap2_s0_diag_a2damage_s_s0_a2lr3e4_short15_b1_a1_e10_b64_s0_gpu1,ladd/results/ladd_curve_analysis_20260612/source/runs_public_ladd/yolo11s/cap2/ladd_hbb_ogsod11s_formal_nomosaic_yolo11s_cap2_s0_diag_a2damage_s_s0_a2lr3e4_short15_b1_a1_e10_b64_s0_gpu1/results.csv,ladd/results/ladd_curve_analysis_20260612/source/runs_public_ladd/yolo11s/cap2/ladd_hbb_ogsod11s_formal_nomosaic_yolo11s_cap2_s0_diag_a2damage_s_s0_a2lr3e4_short15_b1_a1_e10_b64_s0_gpu1/ladd_diagnostics.csv,
ladd_hbb_ogsod11s_formal_nomosaic_yolo11s_cap2_s0_diag_a2damage_s_s0_a2lr3e4_short15_b1_a2_e15_b64_s0_gpu1,ladd,ladd4090,diagnostic,smoke_probe_partial,0,15,smoke_probe_partial,diagnostic,partial,s,0,b1,15,0.63159,13,0.62383,15,0.9128,0.90903,ladd/results/ladd4090_shutdown_sync_20260614/evidence_raw/ladd4090/repo_root_snapshot/runs_public/ogsod/hbb/formal_nomosaic_20260528/ladd/yolo11s/cap2/ladd_hbb_ogsod11s_formal_nomosaic_yolo11s_cap2_s0_diag_a2damage_s_s0_a2lr3e4_short15_b1_a2_e15_b64_s0_gpu1,ladd/results/ladd4090_shutdown_sync_20260614/evidence_raw/ladd4090/repo_root_snapshot/runs_public/ogsod/hbb/formal_nomosaic_20260528/ladd/yolo11s/cap2/ladd_hbb_ogsod11s_formal_nomosaic_yolo11s_cap2_s0_diag_a2damage_s_s0_a2lr3e4_short15_b1_a2_e15_b64_s0_gpu1/results.csv,ladd/results/ladd4090_shutdown_sync_20260614/evidence_raw/ladd4090/repo_root_snapshot/runs_public/ogsod/hbb/formal_nomosaic_20260528/ladd/yolo11s/cap2/ladd_hbb_ogsod11s_formal_nomosaic_yolo11s_cap2_s0_diag_a2damage_s_s0_a2lr3e4_short15_b1_a2_e15_b64_s0_gpu1/ladd_diagnostics.csv,
ladd_hbb_ogsod11s_formal_nomosaic_yolo11s_cap2_s0_diag_a2damage_s_s0_a2lr3e4_short15_b1_a2_e15_b64_s0_gpu1,ladd,ladd4090,diagnostic,smoke_probe_partial,0,15,smoke_probe_partial,diagnostic,partial,s,0,b1,15,0.63159,13,0.62383,15,0.9128,0.90903,ladd/results/ladd_curve_analysis_20260612/source/runs_public_ladd/yolo11s/cap2/ladd_hbb_ogsod11s_formal_nomosaic_yolo11s_cap2_s0_diag_a2damage_s_s0_a2lr3e4_short15_b1_a2_e15_b64_s0_gpu1,ladd/results/ladd_curve_analysis_20260612/source/runs_public_ladd/yolo11s/cap2/ladd_hbb_ogsod11s_formal_nomosaic_yolo11s_cap2_s0_diag_a2damage_s_s0_a2lr3e4_short15_b1_a2_e15_b64_s0_gpu1/results.csv,ladd/results/ladd_curve_analysis_20260612/source/runs_public_ladd/yolo11s/cap2/ladd_hbb_ogsod11s_formal_nomosaic_yolo11s_cap2_s0_diag_a2damage_s_s0_a2lr3e4_short15_b1_a2_e15_b64_s0_gpu1/ladd_diagnostics.csv,
ladd_hbb_ogsod11s_formal_nomosaic_yolo11s_cap2_s0_diag_a2damage_s_s0_a2lr3e4_short15_b1_b_e1_b64_s0_gpu1,ladd,ladd4090,diagnostic,smoke_probe_partial,0,1,smoke_probe_partial,diagnostic,partial,s,0,b1,1,0.60193,1,0.60193,1,0.89818,0.89818,ladd/results/ladd4090_shutdown_sync_20260614/evidence_raw/ladd4090/repo_root_snapshot/runs_public/ogsod/hbb/formal_nomosaic_20260528/ladd/yolo11s/cap2/ladd_hbb_ogsod11s_formal_nomosaic_yolo11s_cap2_s0_diag_a2damage_s_s0_a2lr3e4_short15_b1_b_e1_b64_s0_gpu1,ladd/results/ladd4090_shutdown_sync_20260614/evidence_raw/ladd4090/repo_root_snapshot/runs_public/ogsod/hbb/formal_nomosaic_20260528/ladd/yolo11s/cap2/ladd_hbb_ogsod11s_formal_nomosaic_yolo11s_cap2_s0_diag_a2damage_s_s0_a2lr3e4_short15_b1_b_e1_b64_s0_gpu1/results.csv,ladd/results/ladd4090_shutdown_sync_20260614/evidence_raw/ladd4090/repo_root_snapshot/runs_public/ogsod/hbb/formal_nomosaic_20260528/ladd/yolo11s/cap2/ladd_hbb_ogsod11s_formal_nomosaic_yolo11s_cap2_s0_diag_a2damage_s_s0_a2lr3e4_short15_b1_b_e1_b64_s0_gpu1/ladd_diagnostics.csv,
ladd_hbb_ogsod11s_formal_nomosaic_yolo11s_cap2_s0_diag_a2damage_s_s0_a2lr3e4_short15_b1_b_e1_b64_s0_gpu1,ladd,ladd4090,diagnostic,smoke_probe_partial,0,1,smoke_probe_partial,diagnostic,partial,s,0,b1,1,0.60193,1,0.60193,1,0.89818,0.89818,ladd/results/ladd_curve_analysis_20260612/source/runs_public_ladd/yolo11s/cap2/ladd_hbb_ogsod11s_formal_nomosaic_yolo11s_cap2_s0_diag_a2damage_s_s0_a2lr3e4_short15_b1_b_e1_b64_s0_gpu1,ladd/results/ladd_curve_analysis_20260612/source/runs_public_ladd/yolo11s/cap2/ladd_hbb_ogsod11s_formal_nomosaic_yolo11s_cap2_s0_diag_a2damage_s_s0_a2lr3e4_short15_b1_b_e1_b64_s0_gpu1/results.csv,ladd/results/ladd_curve_analysis_20260612/source/runs_public_ladd/yolo11s/cap2/ladd_hbb_ogsod11s_formal_nomosaic_yolo11s_cap2_s0_diag_a2damage_s_s0_a2lr3e4_short15_b1_b_e1_b64_s0_gpu1/ladd_diagnostics.csv,
ladd_hbb_ogsod11s_formal_nomosaic_yolo11s_cap2_s0_diag_a2damage_s_s0_a2short15_b1_a1_e10_b64_s0_gpu1,ladd,ladd4090,diagnostic,smoke_probe_partial,0,10,smoke_probe_partial,diagnostic,partial,s,0,b1,10,0.62878,1,0.62878,10,0.9096,0.9096,ladd/results/ladd4090_shutdown_sync_20260614/evidence_raw/ladd4090/repo_root_snapshot/runs_public/ogsod/hbb/formal_nomosaic_20260528/ladd/yolo11s/cap2/ladd_hbb_ogsod11s_formal_nomosaic_yolo11s_cap2_s0_diag_a2damage_s_s0_a2short15_b1_a1_e10_b64_s0_gpu1,ladd/results/ladd4090_shutdown_sync_20260614/evidence_raw/ladd4090/repo_root_snapshot/runs_public/ogsod/hbb/formal_nomosaic_20260528/ladd/yolo11s/cap2/ladd_hbb_ogsod11s_formal_nomosaic_yolo11s_cap2_s0_diag_a2damage_s_s0_a2short15_b1_a1_e10_b64_s0_gpu1/results.csv,ladd/results/ladd4090_shutdown_sync_20260614/evidence_raw/ladd4090/repo_root_snapshot/runs_public/ogsod/hbb/formal_nomosaic_20260528/ladd/yolo11s/cap2/ladd_hbb_ogsod11s_formal_nomosaic_yolo11s_cap2_s0_diag_a2damage_s_s0_a2short15_b1_a1_e10_b64_s0_gpu1/ladd_diagnostics.csv,
ladd_hbb_ogsod11s_formal_nomosaic_yolo11s_cap2_s0_diag_a2damage_s_s0_a2short15_b1_a1_e10_b64_s0_gpu1,ladd,ladd4090,diagnostic,smoke_probe_partial,0,10,smoke_probe_partial,diagnostic,partial,s,0,b1,10,0.62878,1,0.62878,10,0.9096,0.9096,ladd/results/ladd_curve_analysis_20260612/source/runs_public_ladd/yolo11s/cap2/ladd_hbb_ogsod11s_formal_nomosaic_yolo11s_cap2_s0_diag_a2damage_s_s0_a2short15_b1_a1_e10_b64_s0_gpu1,ladd/results/ladd_curve_analysis_20260612/source/runs_public_ladd/yolo11s/cap2/ladd_hbb_ogsod11s_formal_nomosaic_yolo11s_cap2_s0_diag_a2damage_s_s0_a2short15_b1_a1_e10_b64_s0_gpu1/results.csv,ladd/results/ladd_curve_analysis_20260612/source/runs_public_ladd/yolo11s/cap2/ladd_hbb_ogsod11s_formal_nomosaic_yolo11s_cap2_s0_diag_a2damage_s_s0_a2short15_b1_a1_e10_b64_s0_gpu1/ladd_diagnostics.csv,
ladd_hbb_ogsod11s_formal_nomosaic_yolo11s_cap2_s0_diag_a2damage_s_s0_a2short15_b1_a2_e15_b64_s0_gpu1,ladd,ladd4090,diagnostic,smoke_probe_partial,0,15,smoke_probe_partial,diagnostic,partial,s,0,b1,15,0.63025,13,0.6215,15,0.91239,0.90909,ladd/results/ladd4090_shutdown_sync_20260614/evidence_raw/ladd4090/repo_root_snapshot/runs_public/ogsod/hbb/formal_nomosaic_20260528/ladd/yolo11s/cap2/ladd_hbb_ogsod11s_formal_nomosaic_yolo11s_cap2_s0_diag_a2damage_s_s0_a2short15_b1_a2_e15_b64_s0_gpu1,ladd/results/ladd4090_shutdown_sync_20260614/evidence_raw/ladd4090/repo_root_snapshot/runs_public/ogsod/hbb/formal_nomosaic_20260528/ladd/yolo11s/cap2/ladd_hbb_ogsod11s_formal_nomosaic_yolo11s_cap2_s0_diag_a2damage_s_s0_a2short15_b1_a2_e15_b64_s0_gpu1/results.csv,ladd/results/ladd4090_shutdown_sync_20260614/evidence_raw/ladd4090/repo_root_snapshot/runs_public/ogsod/hbb/formal_nomosaic_20260528/ladd/yolo11s/cap2/ladd_hbb_ogsod11s_formal_nomosaic_yolo11s_cap2_s0_diag_a2damage_s_s0_a2short15_b1_a2_e15_b64_s0_gpu1/ladd_diagnostics.csv,
ladd_hbb_ogsod11s_formal_nomosaic_yolo11s_cap2_s0_diag_a2damage_s_s0_a2short15_b1_a2_e15_b64_s0_gpu1,ladd,ladd4090,diagnostic,smoke_probe_partial,0,15,smoke_probe_partial,diagnostic,partial,s,0,b1,15,0.63025,13,0.6215,15,0.91239,0.90909,ladd/results/ladd_curve_analysis_20260612/source/runs_public_ladd/yolo11s/cap2/ladd_hbb_ogsod11s_formal_nomosaic_yolo11s_cap2_s0_diag_a2damage_s_s0_a2short15_b1_a2_e15_b64_s0_gpu1,ladd/results/ladd_curve_analysis_20260612/source/runs_public_ladd/yolo11s/cap2/ladd_hbb_ogsod11s_formal_nomosaic_yolo11s_cap2_s0_diag_a2damage_s_s0_a2short15_b1_a2_e15_b64_s0_gpu1/results.csv,ladd/results/ladd_curve_analysis_20260612/source/runs_public_ladd/yolo11s/cap2/ladd_hbb_ogsod11s_formal_nomosaic_yolo11s_cap2_s0_diag_a2damage_s_s0_a2short15_b1_a2_e15_b64_s0_gpu1/ladd_diagnostics.csv,
ladd_hbb_ogsod11s_formal_nomosaic_yolo11s_cap2_s0_diag_a2damage_s_s0_a2short15_b1_b_e1_b64_s0_gpu1,ladd,ladd4090,diagnostic,smoke_probe_partial,0,1,smoke_probe_partial,diagnostic,partial,s,0,b1,1,0.60061,1,0.60061,1,0.89742,0.89742,ladd/results/ladd4090_shutdown_sync_20260614/evidence_raw/ladd4090/repo_root_snapshot/runs_public/ogsod/hbb/formal_nomosaic_20260528/ladd/yolo11s/cap2/ladd_hbb_ogsod11s_formal_nomosaic_yolo11s_cap2_s0_diag_a2damage_s_s0_a2short15_b1_b_e1_b64_s0_gpu1,ladd/results/ladd4090_shutdown_sync_20260614/evidence_raw/ladd4090/repo_root_snapshot/runs_public/ogsod/hbb/formal_nomosaic_20260528/ladd/yolo11s/cap2/ladd_hbb_ogsod11s_formal_nomosaic_yolo11s_cap2_s0_diag_a2damage_s_s0_a2short15_b1_b_e1_b64_s0_gpu1/results.csv,ladd/results/ladd4090_shutdown_sync_20260614/evidence_raw/ladd4090/repo_root_snapshot/runs_public/ogsod/hbb/formal_nomosaic_20260528/ladd/yolo11s/cap2/ladd_hbb_ogsod11s_formal_nomosaic_yolo11s_cap2_s0_diag_a2damage_s_s0_a2short15_b1_b_e1_b64_s0_gpu1/ladd_diagnostics.csv,
ladd_hbb_ogsod11s_formal_nomosaic_yolo11s_cap2_s0_diag_a2damage_s_s0_a2short15_b1_b_e1_b64_s0_gpu1,ladd,ladd4090,diagnostic,smoke_probe_partial,0,1,smoke_probe_partial,diagnostic,partial,s,0,b1,1,0.60061,1,0.60061,1,0.89742,0.89742,ladd/results/ladd_curve_analysis_20260612/source/runs_public_ladd/yolo11s/cap2/ladd_hbb_ogsod11s_formal_nomosaic_yolo11s_cap2_s0_diag_a2damage_s_s0_a2short15_b1_b_e1_b64_s0_gpu1,ladd/results/ladd_curve_analysis_20260612/source/runs_public_ladd/yolo11s/cap2/ladd_hbb_ogsod11s_formal_nomosaic_yolo11s_cap2_s0_diag_a2damage_s_s0_a2short15_b1_b_e1_b64_s0_gpu1/results.csv,ladd/results/ladd_curve_analysis_20260612/source/runs_public_ladd/yolo11s/cap2/ladd_hbb_ogsod11s_formal_nomosaic_yolo11s_cap2_s0_diag_a2damage_s_s0_a2short15_b1_b_e1_b64_s0_gpu1/ladd_diagnostics.csv,
ladd_hbb_ogsod11s_formal_nomosaic_yolo11s_cap2_s0_diag_a2select_s_s0_a2lr1e4_short15_b1_a1_e10_b64_s0_gpu1,ladd,ladd4090,diagnostic,smoke_probe_partial,0,10,smoke_probe_partial,diagnostic,partial,s,0,b1,10,0.62878,1,0.62878,10,0.9096,0.9096,ladd/results/ladd4090_shutdown_sync_20260614/evidence_raw/ladd4090/repo_root_snapshot/runs_public/ogsod/hbb/formal_nomosaic_20260528/ladd/yolo11s/cap2/ladd_hbb_ogsod11s_formal_nomosaic_yolo11s_cap2_s0_diag_a2select_s_s0_a2lr1e4_short15_b1_a1_e10_b64_s0_gpu1,ladd/results/ladd4090_shutdown_sync_20260614/evidence_raw/ladd4090/repo_root_snapshot/runs_public/ogsod/hbb/formal_nomosaic_20260528/ladd/yolo11s/cap2/ladd_hbb_ogsod11s_formal_nomosaic_yolo11s_cap2_s0_diag_a2select_s_s0_a2lr1e4_short15_b1_a1_e10_b64_s0_gpu1/results.csv,ladd/results/ladd4090_shutdown_sync_20260614/evidence_raw/ladd4090/repo_root_snapshot/runs_public/ogsod/hbb/formal_nomosaic_20260528/ladd/yolo11s/cap2/ladd_hbb_ogsod11s_formal_nomosaic_yolo11s_cap2_s0_diag_a2select_s_s0_a2lr1e4_short15_b1_a1_e10_b64_s0_gpu1/ladd_diagnostics.csv,
ladd_hbb_ogsod11s_formal_nomosaic_yolo11s_cap2_s0_diag_a2select_s_s0_a2lr1e4_short15_b1_a1_e10_b64_s0_gpu1,ladd,ladd4090,diagnostic,smoke_probe_partial,0,10,smoke_probe_partial,diagnostic,partial,s,0,b1,10,0.62878,1,0.62878,10,0.9096,0.9096,ladd/results/ladd_curve_analysis_20260612/source/runs_public_ladd/yolo11s/cap2/ladd_hbb_ogsod11s_formal_nomosaic_yolo11s_cap2_s0_diag_a2select_s_s0_a2lr1e4_short15_b1_a1_e10_b64_s0_gpu1,ladd/results/ladd_curve_analysis_20260612/source/runs_public_ladd/yolo11s/cap2/ladd_hbb_ogsod11s_formal_nomosaic_yolo11s_cap2_s0_diag_a2select_s_s0_a2lr1e4_short15_b1_a1_e10_b64_s0_gpu1/results.csv,ladd/results/ladd_curve_analysis_20260612/source/runs_public_ladd/yolo11s/cap2/ladd_hbb_ogsod11s_formal_nomosaic_yolo11s_cap2_s0_diag_a2select_s_s0_a2lr1e4_short15_b1_a1_e10_b64_s0_gpu1/ladd_diagnostics.csv,
ladd_hbb_ogsod11s_formal_nomosaic_yolo11s_cap2_s0_diag_a2select_s_s0_a2lr1e4_short15_b1_a2_e15_b64_s0_gpu1,ladd,ladd4090,diagnostic,smoke_probe_partial,0,15,smoke_probe_partial,diagnostic,partial,s,0,b1,15,0.63051,13,0.62647,15,0.91221,0.90981,ladd/results/ladd4090_shutdown_sync_20260614/evidence_raw/ladd4090/repo_root_snapshot/runs_public/ogsod/hbb/formal_nomosaic_20260528/ladd/yolo11s/cap2/ladd_hbb_ogsod11s_formal_nomosaic_yolo11s_cap2_s0_diag_a2select_s_s0_a2lr1e4_short15_b1_a2_e15_b64_s0_gpu1,ladd/results/ladd4090_shutdown_sync_20260614/evidence_raw/ladd4090/repo_root_snapshot/runs_public/ogsod/hbb/formal_nomosaic_20260528/ladd/yolo11s/cap2/ladd_hbb_ogsod11s_formal_nomosaic_yolo11s_cap2_s0_diag_a2select_s_s0_a2lr1e4_short15_b1_a2_e15_b64_s0_gpu1/results.csv,ladd/results/ladd4090_shutdown_sync_20260614/evidence_raw/ladd4090/repo_root_snapshot/runs_public/ogsod/hbb/formal_nomosaic_20260528/ladd/yolo11s/cap2/ladd_hbb_ogsod11s_formal_nomosaic_yolo11s_cap2_s0_diag_a2select_s_s0_a2lr1e4_short15_b1_a2_e15_b64_s0_gpu1/ladd_diagnostics.csv,
ladd_hbb_ogsod11s_formal_nomosaic_yolo11s_cap2_s0_diag_a2select_s_s0_a2lr1e4_short15_b1_a2_e15_b64_s0_gpu1,ladd,ladd4090,diagnostic,smoke_probe_partial,0,15,smoke_probe_partial,diagnostic,partial,s,0,b1,15,0.63051,13,0.62647,15,0.91221,0.90981,ladd/results/ladd_curve_analysis_20260612/source/runs_public_ladd/yolo11s/cap2/ladd_hbb_ogsod11s_formal_nomosaic_yolo11s_cap2_s0_diag_a2select_s_s0_a2lr1e4_short15_b1_a2_e15_b64_s0_gpu1,ladd/results/ladd_curve_analysis_20260612/source/runs_public_ladd/yolo11s/cap2/ladd_hbb_ogsod11s_formal_nomosaic_yolo11s_cap2_s0_diag_a2select_s_s0_a2lr1e4_short15_b1_a2_e15_b64_s0_gpu1/results.csv,ladd/results/ladd_curve_analysis_20260612/source/runs_public_ladd/yolo11s/cap2/ladd_hbb_ogsod11s_formal_nomosaic_yolo11s_cap2_s0_diag_a2select_s_s0_a2lr1e4_short15_b1_a2_e15_b64_s0_gpu1/ladd_diagnostics.csv,
ladd_hbb_ogsod11s_formal_nomosaic_yolo11s_cap2_s0_diag_a2select_s_s0_a2lr1e4_short15_b1_b_e1_b64_s0_gpu1,ladd,ladd4090,diagnostic,smoke_probe_partial,0,1,smoke_probe_partial,diagnostic,partial,s,0,b1,1,0.60908,1,0.60908,1,0.90144,0.90144,ladd/results/ladd4090_shutdown_sync_20260614/evidence_raw/ladd4090/repo_root_snapshot/runs_public/ogsod/hbb/formal_nomosaic_20260528/ladd/yolo11s/cap2/ladd_hbb_ogsod11s_formal_nomosaic_yolo11s_cap2_s0_diag_a2select_s_s0_a2lr1e4_short15_b1_b_e1_b64_s0_gpu1,ladd/results/ladd4090_shutdown_sync_20260614/evidence_raw/ladd4090/repo_root_snapshot/runs_public/ogsod/hbb/formal_nomosaic_20260528/ladd/yolo11s/cap2/ladd_hbb_ogsod11s_formal_nomosaic_yolo11s_cap2_s0_diag_a2select_s_s0_a2lr1e4_short15_b1_b_e1_b64_s0_gpu1/results.csv,ladd/results/ladd4090_shutdown_sync_20260614/evidence_raw/ladd4090/repo_root_snapshot/runs_public/ogsod/hbb/formal_nomosaic_20260528/ladd/yolo11s/cap2/ladd_hbb_ogsod11s_formal_nomosaic_yolo11s_cap2_s0_diag_a2select_s_s0_a2lr1e4_short15_b1_b_e1_b64_s0_gpu1/ladd_diagnostics.csv,
ladd_hbb_ogsod11s_formal_nomosaic_yolo11s_cap2_s0_diag_a2select_s_s0_a2lr1e4_short15_b1_b_e1_b64_s0_gpu1,ladd,ladd4090,diagnostic,smoke_probe_partial,0,1,smoke_probe_partial,diagnostic,partial,s,0,b1,1,0.60908,1,0.60908,1,0.90144,0.90144,ladd/results/ladd_curve_analysis_20260612/source/runs_public_ladd/yolo11s/cap2/ladd_hbb_ogsod11s_formal_nomosaic_yolo11s_cap2_s0_diag_a2select_s_s0_a2lr1e4_short15_b1_b_e1_b64_s0_gpu1,ladd/results/ladd_curve_analysis_20260612/source/runs_public_ladd/yolo11s/cap2/ladd_hbb_ogsod11s_formal_nomosaic_yolo11s_cap2_s0_diag_a2select_s_s0_a2lr1e4_short15_b1_b_e1_b64_s0_gpu1/results.csv,ladd/results/ladd_curve_analysis_20260612/source/runs_public_ladd/yolo11s/cap2/ladd_hbb_ogsod11s_formal_nomosaic_yolo11s_cap2_s0_diag_a2select_s_s0_a2lr1e4_short15_b1_b_e1_b64_s0_gpu1/ladd_diagnostics.csv,
ladd_hbb_ogsod11s_formal_nomosaic_yolo11s_cap2_s0_diag_a2select_s_s0_a2lr3e4_short13_b1_a1_e10_b64_s0_gpu0,ladd,ladd4090,diagnostic,smoke_probe_partial,0,10,smoke_probe_partial,diagnostic,partial,s,0,b1,10,0.62878,1,0.62878,10,0.9096,0.9096,ladd/results/ladd4090_shutdown_sync_20260614/evidence_raw/ladd4090/repo_root_snapshot/runs_public/ogsod/hbb/formal_nomosaic_20260528/ladd/yolo11s/cap2/ladd_hbb_ogsod11s_formal_nomosaic_yolo11s_cap2_s0_diag_a2select_s_s0_a2lr3e4_short13_b1_a1_e10_b64_s0_gpu0,ladd/results/ladd4090_shutdown_sync_20260614/evidence_raw/ladd4090/repo_root_snapshot/runs_public/ogsod/hbb/formal_nomosaic_20260528/ladd/yolo11s/cap2/ladd_hbb_ogsod11s_formal_nomosaic_yolo11s_cap2_s0_diag_a2select_s_s0_a2lr3e4_short13_b1_a1_e10_b64_s0_gpu0/results.csv,ladd/results/ladd4090_shutdown_sync_20260614/evidence_raw/ladd4090/repo_root_snapshot/runs_public/ogsod/hbb/formal_nomosaic_20260528/ladd/yolo11s/cap2/ladd_hbb_ogsod11s_formal_nomosaic_yolo11s_cap2_s0_diag_a2select_s_s0_a2lr3e4_short13_b1_a1_e10_b64_s0_gpu0/ladd_diagnostics.csv,
ladd_hbb_ogsod11s_formal_nomosaic_yolo11s_cap2_s0_diag_a2select_s_s0_a2lr3e4_short13_b1_a1_e10_b64_s0_gpu0,ladd,ladd4090,diagnostic,smoke_probe_partial,0,10,smoke_probe_partial,diagnostic,partial,s,0,b1,10,0.62878,1,0.62878,10,0.9096,0.9096,ladd/results/ladd_curve_analysis_20260612/source/runs_public_ladd/yolo11s/cap2/ladd_hbb_ogsod11s_formal_nomosaic_yolo11s_cap2_s0_diag_a2select_s_s0_a2lr3e4_short13_b1_a1_e10_b64_s0_gpu0,ladd/results/ladd_curve_analysis_20260612/source/runs_public_ladd/yolo11s/cap2/ladd_hbb_ogsod11s_formal_nomosaic_yolo11s_cap2_s0_diag_a2select_s_s0_a2lr3e4_short13_b1_a1_e10_b64_s0_gpu0/results.csv,ladd/results/ladd_curve_analysis_20260612/source/runs_public_ladd/yolo11s/cap2/ladd_hbb_ogsod11s_formal_nomosaic_yolo11s_cap2_s0_diag_a2select_s_s0_a2lr3e4_short13_b1_a1_e10_b64_s0_gpu0/ladd_diagnostics.csv,
ladd_hbb_ogsod11s_formal_nomosaic_yolo11s_cap2_s0_diag_a2select_s_s0_a2lr3e4_short13_b1_a2_e13_b64_s0_gpu0,ladd,ladd4090,diagnostic,smoke_probe_partial,0,13,smoke_probe_partial,diagnostic,partial,s,0,b1,13,0.63057,13,0.63057,13,0.91234,0.91234,ladd/results/ladd4090_shutdown_sync_20260614/evidence_raw/ladd4090/repo_root_snapshot/runs_public/ogsod/hbb/formal_nomosaic_20260528/ladd/yolo11s/cap2/ladd_hbb_ogsod11s_formal_nomosaic_yolo11s_cap2_s0_diag_a2select_s_s0_a2lr3e4_short13_b1_a2_e13_b64_s0_gpu0,ladd/results/ladd4090_shutdown_sync_20260614/evidence_raw/ladd4090/repo_root_snapshot/runs_public/ogsod/hbb/formal_nomosaic_20260528/ladd/yolo11s/cap2/ladd_hbb_ogsod11s_formal_nomosaic_yolo11s_cap2_s0_diag_a2select_s_s0_a2lr3e4_short13_b1_a2_e13_b64_s0_gpu0/results.csv,ladd/results/ladd4090_shutdown_sync_20260614/evidence_raw/ladd4090/repo_root_snapshot/runs_public/ogsod/hbb/formal_nomosaic_20260528/ladd/yolo11s/cap2/ladd_hbb_ogsod11s_formal_nomosaic_yolo11s_cap2_s0_diag_a2select_s_s0_a2lr3e4_short13_b1_a2_e13_b64_s0_gpu0/ladd_diagnostics.csv,
ladd_hbb_ogsod11s_formal_nomosaic_yolo11s_cap2_s0_diag_a2select_s_s0_a2lr3e4_short13_b1_a2_e13_b64_s0_gpu0,ladd,ladd4090,diagnostic,smoke_probe_partial,0,13,smoke_probe_partial,diagnostic,partial,s,0,b1,13,0.63057,13,0.63057,13,0.91234,0.91234,ladd/results/ladd_curve_analysis_20260612/source/runs_public_ladd/yolo11s/cap2/ladd_hbb_ogsod11s_formal_nomosaic_yolo11s_cap2_s0_diag_a2select_s_s0_a2lr3e4_short13_b1_a2_e13_b64_s0_gpu0,ladd/results/ladd_curve_analysis_20260612/source/runs_public_ladd/yolo11s/cap2/ladd_hbb_ogsod11s_formal_nomosaic_yolo11s_cap2_s0_diag_a2select_s_s0_a2lr3e4_short13_b1_a2_e13_b64_s0_gpu0/results.csv,ladd/results/ladd_curve_analysis_20260612/source/runs_public_ladd/yolo11s/cap2/ladd_hbb_ogsod11s_formal_nomosaic_yolo11s_cap2_s0_diag_a2select_s_s0_a2lr3e4_short13_b1_a2_e13_b64_s0_gpu0/ladd_diagnostics.csv,
ladd_hbb_ogsod11s_formal_nomosaic_yolo11s_cap2_s0_diag_a2select_s_s0_a2lr3e4_short13_b1_b_e1_b64_s0_gpu0,ladd,ladd4090,diagnostic,smoke_probe_partial,0,1,smoke_probe_partial,diagnostic,partial,s,0,b1,1,0.60811,1,0.60811,1,0.90329,0.90329,ladd/results/ladd4090_shutdown_sync_20260614/evidence_raw/ladd4090/repo_root_snapshot/runs_public/ogsod/hbb/formal_nomosaic_20260528/ladd/yolo11s/cap2/ladd_hbb_ogsod11s_formal_nomosaic_yolo11s_cap2_s0_diag_a2select_s_s0_a2lr3e4_short13_b1_b_e1_b64_s0_gpu0,ladd/results/ladd4090_shutdown_sync_20260614/evidence_raw/ladd4090/repo_root_snapshot/runs_public/ogsod/hbb/formal_nomosaic_20260528/ladd/yolo11s/cap2/ladd_hbb_ogsod11s_formal_nomosaic_yolo11s_cap2_s0_diag_a2select_s_s0_a2lr3e4_short13_b1_b_e1_b64_s0_gpu0/results.csv,ladd/results/ladd4090_shutdown_sync_20260614/evidence_raw/ladd4090/repo_root_snapshot/runs_public/ogsod/hbb/formal_nomosaic_20260528/ladd/yolo11s/cap2/ladd_hbb_ogsod11s_formal_nomosaic_yolo11s_cap2_s0_diag_a2select_s_s0_a2lr3e4_short13_b1_b_e1_b64_s0_gpu0/ladd_diagnostics.csv,
ladd_hbb_ogsod11s_formal_nomosaic_yolo11s_cap2_s0_diag_a2select_s_s0_a2lr3e4_short13_b1_b_e1_b64_s0_gpu0,ladd,ladd4090,diagnostic,smoke_probe_partial,0,1,smoke_probe_partial,diagnostic,partial,s,0,b1,1,0.60811,1,0.60811,1,0.90329,0.90329,ladd/results/ladd_curve_analysis_20260612/source/runs_public_ladd/yolo11s/cap2/ladd_hbb_ogsod11s_formal_nomosaic_yolo11s_cap2_s0_diag_a2select_s_s0_a2lr3e4_short13_b1_b_e1_b64_s0_gpu0,ladd/results/ladd_curve_analysis_20260612/source/runs_public_ladd/yolo11s/cap2/ladd_hbb_ogsod11s_formal_nomosaic_yolo11s_cap2_s0_diag_a2select_s_s0_a2lr3e4_short13_b1_b_e1_b64_s0_gpu0/results.csv,ladd/results/ladd_curve_analysis_20260612/source/runs_public_ladd/yolo11s/cap2/ladd_hbb_ogsod11s_formal_nomosaic_yolo11s_cap2_s0_diag_a2select_s_s0_a2lr3e4_short13_b1_b_e1_b64_s0_gpu0/ladd_diagnostics.csv,
ladd_hbb_ogsod11s_formal_nomosaic_yolo11s_cap2_s0_diag_a2select_s_s0_a2lr3e4_short13_bdetonly200_a1_e10_b64_s0_gpu0,ladd,ladd4090,diagnostic,smoke_probe_partial,0,10,smoke_probe_partial,diagnostic,partial,s,0,a1,10,0.62878,1,0.62878,10,0.9096,0.9096,ladd/results/ladd4090_shutdown_sync_20260614/evidence_raw/ladd4090/repo_root_snapshot/runs_public/ogsod/hbb/formal_nomosaic_20260528/ladd/yolo11s/cap2/ladd_hbb_ogsod11s_formal_nomosaic_yolo11s_cap2_s0_diag_a2select_s_s0_a2lr3e4_short13_bdetonly200_a1_e10_b64_s0_gpu0,ladd/results/ladd4090_shutdown_sync_20260614/evidence_raw/ladd4090/repo_root_snapshot/runs_public/ogsod/hbb/formal_nomosaic_20260528/ladd/yolo11s/cap2/ladd_hbb_ogsod11s_formal_nomosaic_yolo11s_cap2_s0_diag_a2select_s_s0_a2lr3e4_short13_bdetonly200_a1_e10_b64_s0_gpu0/results.csv,ladd/results/ladd4090_shutdown_sync_20260614/evidence_raw/ladd4090/repo_root_snapshot/runs_public/ogsod/hbb/formal_nomosaic_20260528/ladd/yolo11s/cap2/ladd_hbb_ogsod11s_formal_nomosaic_yolo11s_cap2_s0_diag_a2select_s_s0_a2lr3e4_short13_bdetonly200_a1_e10_b64_s0_gpu0/ladd_diagnostics.csv,
ladd_hbb_ogsod11s_formal_nomosaic_yolo11s_cap2_s0_diag_a2select_s_s0_a2lr3e4_short13_bdetonly200_a1_e10_b64_s0_gpu0,ladd,ladd4090,diagnostic,smoke_probe_partial,0,10,smoke_probe_partial,diagnostic,partial,s,0,a1,10,0.62878,1,0.62878,10,0.9096,0.9096,ladd/results/ladd_curve_analysis_20260612/source/runs_public_ladd/yolo11s/cap2/ladd_hbb_ogsod11s_formal_nomosaic_yolo11s_cap2_s0_diag_a2select_s_s0_a2lr3e4_short13_bdetonly200_a1_e10_b64_s0_gpu0,ladd/results/ladd_curve_analysis_20260612/source/runs_public_ladd/yolo11s/cap2/ladd_hbb_ogsod11s_formal_nomosaic_yolo11s_cap2_s0_diag_a2select_s_s0_a2lr3e4_short13_bdetonly200_a1_e10_b64_s0_gpu0/results.csv,ladd/results/ladd_curve_analysis_20260612/source/runs_public_ladd/yolo11s/cap2/ladd_hbb_ogsod11s_formal_nomosaic_yolo11s_cap2_s0_diag_a2select_s_s0_a2lr3e4_short13_bdetonly200_a1_e10_b64_s0_gpu0/ladd_diagnostics.csv,
ladd_hbb_ogsod11s_formal_nomosaic_yolo11s_cap2_s0_diag_a2select_s_s0_a2lr3e4_short13_bdetonly200_a2_e13_b64_s0_gpu0,ladd,ladd4090,diagnostic,smoke_probe_partial,0,13,smoke_probe_partial,diagnostic,partial,s,0,a2,13,0.63057,13,0.63057,13,0.91234,0.91234,ladd/results/ladd4090_shutdown_sync_20260614/evidence_raw/ladd4090/repo_root_snapshot/runs_public/ogsod/hbb/formal_nomosaic_20260528/ladd/yolo11s/cap2/ladd_hbb_ogsod11s_formal_nomosaic_yolo11s_cap2_s0_diag_a2select_s_s0_a2lr3e4_short13_bdetonly200_a2_e13_b64_s0_gpu0,ladd/results/ladd4090_shutdown_sync_20260614/evidence_raw/ladd4090/repo_root_snapshot/runs_public/ogsod/hbb/formal_nomosaic_20260528/ladd/yolo11s/cap2/ladd_hbb_ogsod11s_formal_nomosaic_yolo11s_cap2_s0_diag_a2select_s_s0_a2lr3e4_short13_bdetonly200_a2_e13_b64_s0_gpu0/results.csv,ladd/results/ladd4090_shutdown_sync_20260614/evidence_raw/ladd4090/repo_root_snapshot/runs_public/ogsod/hbb/formal_nomosaic_20260528/ladd/yolo11s/cap2/ladd_hbb_ogsod11s_formal_nomosaic_yolo11s_cap2_s0_diag_a2select_s_s0_a2lr3e4_short13_bdetonly200_a2_e13_b64_s0_gpu0/ladd_diagnostics.csv,
ladd_hbb_ogsod11s_formal_nomosaic_yolo11s_cap2_s0_diag_a2select_s_s0_a2lr3e4_short13_bdetonly200_a2_e13_b64_s0_gpu0,ladd,ladd4090,diagnostic,smoke_probe_partial,0,13,smoke_probe_partial,diagnostic,partial,s,0,a2,13,0.63057,13,0.63057,13,0.91234,0.91234,ladd/results/ladd_curve_analysis_20260612/source/runs_public_ladd/yolo11s/cap2/ladd_hbb_ogsod11s_formal_nomosaic_yolo11s_cap2_s0_diag_a2select_s_s0_a2lr3e4_short13_bdetonly200_a2_e13_b64_s0_gpu0,ladd/results/ladd_curve_analysis_20260612/source/runs_public_ladd/yolo11s/cap2/ladd_hbb_ogsod11s_formal_nomosaic_yolo11s_cap2_s0_diag_a2select_s_s0_a2lr3e4_short13_bdetonly200_a2_e13_b64_s0_gpu0/results.csv,ladd/results/ladd_curve_analysis_20260612/source/runs_public_ladd/yolo11s/cap2/ladd_hbb_ogsod11s_formal_nomosaic_yolo11s_cap2_s0_diag_a2select_s_s0_a2lr3e4_short13_bdetonly200_a2_e13_b64_s0_gpu0/ladd_diagnostics.csv,
ladd_hbb_ogsod11s_formal_nomosaic_yolo11s_cap2_s0_diag_capkd_s_s0_alphaKD0p25_b400_a1_e10_b64_s0_gpu1,ladd,ladd4090,diagnostic,smoke_probe_partial,0,10,smoke_probe_partial,diagnostic,partial,s,0,a1,10,0.62878,1,0.62878,10,0.9096,0.9096,ladd/results/ladd4090_shutdown_sync_20260614/evidence_raw/ladd4090/repo_root_snapshot/runs_public/ogsod/hbb/formal_nomosaic_20260528/ladd/yolo11s/cap2/ladd_hbb_ogsod11s_formal_nomosaic_yolo11s_cap2_s0_diag_capkd_s_s0_alphaKD0p25_b400_a1_e10_b64_s0_gpu1,ladd/results/ladd4090_shutdown_sync_20260614/evidence_raw/ladd4090/repo_root_snapshot/runs_public/ogsod/hbb/formal_nomosaic_20260528/ladd/yolo11s/cap2/ladd_hbb_ogsod11s_formal_nomosaic_yolo11s_cap2_s0_diag_capkd_s_s0_alphaKD0p25_b400_a1_e10_b64_s0_gpu1/results.csv,ladd/results/ladd4090_shutdown_sync_20260614/evidence_raw/ladd4090/repo_root_snapshot/runs_public/ogsod/hbb/formal_nomosaic_20260528/ladd/yolo11s/cap2/ladd_hbb_ogsod11s_formal_nomosaic_yolo11s_cap2_s0_diag_capkd_s_s0_alphaKD0p25_b400_a1_e10_b64_s0_gpu1/ladd_diagnostics.csv,
ladd_hbb_ogsod11s_formal_nomosaic_yolo11s_cap2_s0_diag_capkd_s_s0_alphaKD0p25_b400_a1_e10_b64_s0_gpu1,ladd,ladd4090,diagnostic,smoke_probe_partial,0,10,smoke_probe_partial,diagnostic,partial,s,0,a1,10,0.62878,1,0.62878,10,0.9096,0.9096,ladd/results/ladd_curve_analysis_20260612/source/runs_public_ladd/yolo11s/cap2/ladd_hbb_ogsod11s_formal_nomosaic_yolo11s_cap2_s0_diag_capkd_s_s0_alphaKD0p25_b400_a1_e10_b64_s0_gpu1,ladd/results/ladd_curve_analysis_20260612/source/runs_public_ladd/yolo11s/cap2/ladd_hbb_ogsod11s_formal_nomosaic_yolo11s_cap2_s0_diag_capkd_s_s0_alphaKD0p25_b400_a1_e10_b64_s0_gpu1/results.csv,ladd/results/ladd_curve_analysis_20260612/source/runs_public_ladd/yolo11s/cap2/ladd_hbb_ogsod11s_formal_nomosaic_yolo11s_cap2_s0_diag_capkd_s_s0_alphaKD0p25_b400_a1_e10_b64_s0_gpu1/ladd_diagnostics.csv,
ladd_hbb_ogsod11s_formal_nomosaic_yolo11s_cap2_s0_diag_capkd_s_s0_alphaKD0p5_b400_a1_e10_b64_s0_gpu0,ladd,ladd4090,diagnostic,smoke_probe_partial,0,10,smoke_probe_partial,diagnostic,partial,s,0,a1,10,0.62878,1,0.62878,10,0.9096,0.9096,ladd/results/ladd4090_shutdown_sync_20260614/evidence_raw/ladd4090/repo_root_snapshot/runs_public/ogsod/hbb/formal_nomosaic_20260528/ladd/yolo11s/cap2/ladd_hbb_ogsod11s_formal_nomosaic_yolo11s_cap2_s0_diag_capkd_s_s0_alphaKD0p5_b400_a1_e10_b64_s0_gpu0,ladd/results/ladd4090_shutdown_sync_20260614/evidence_raw/ladd4090/repo_root_snapshot/runs_public/ogsod/hbb/formal_nomosaic_20260528/ladd/yolo11s/cap2/ladd_hbb_ogsod11s_formal_nomosaic_yolo11s_cap2_s0_diag_capkd_s_s0_alphaKD0p5_b400_a1_e10_b64_s0_gpu0/results.csv,ladd/results/ladd4090_shutdown_sync_20260614/evidence_raw/ladd4090/repo_root_snapshot/runs_public/ogsod/hbb/formal_nomosaic_20260528/ladd/yolo11s/cap2/ladd_hbb_ogsod11s_formal_nomosaic_yolo11s_cap2_s0_diag_capkd_s_s0_alphaKD0p5_b400_a1_e10_b64_s0_gpu0/ladd_diagnostics.csv,
ladd_hbb_ogsod11s_formal_nomosaic_yolo11s_cap2_s0_diag_capkd_s_s0_alphaKD0p5_b400_a1_e10_b64_s0_gpu0,ladd,ladd4090,diagnostic,smoke_probe_partial,0,10,smoke_probe_partial,diagnostic,partial,s,0,a1,10,0.62878,1,0.62878,10,0.9096,0.9096,ladd/results/ladd_curve_analysis_20260612/source/runs_public_ladd/yolo11s/cap2/ladd_hbb_ogsod11s_formal_nomosaic_yolo11s_cap2_s0_diag_capkd_s_s0_alphaKD0p5_b400_a1_e10_b64_s0_gpu0,ladd/results/ladd_curve_analysis_20260612/source/runs_public_ladd/yolo11s/cap2/ladd_hbb_ogsod11s_formal_nomosaic_yolo11s_cap2_s0_diag_capkd_s_s0_alphaKD0p5_b400_a1_e10_b64_s0_gpu0/results.csv,ladd/results/ladd_curve_analysis_20260612/source/runs_public_ladd/yolo11s/cap2/ladd_hbb_ogsod11s_formal_nomosaic_yolo11s_cap2_s0_diag_capkd_s_s0_alphaKD0p5_b400_a1_e10_b64_s0_gpu0/ladd_diagnostics.csv,
ladd_hbb_ogsod11s_formal_nomosaic_yolo11s_cap2_s0_diag_capkd_s_s0_bdetonly_b400_a1_e10_b64_s0_gpu1,ladd,ladd4090,diagnostic,smoke_probe_partial,0,10,smoke_probe_partial,diagnostic,partial,s,0,a1,10,0.62878,1,0.62878,10,0.9096,0.9096,ladd/results/ladd4090_shutdown_sync_20260614/evidence_raw/ladd4090/repo_root_snapshot/runs_public/ogsod/hbb/formal_nomosaic_20260528/ladd/yolo11s/cap2/ladd_hbb_ogsod11s_formal_nomosaic_yolo11s_cap2_s0_diag_capkd_s_s0_bdetonly_b400_a1_e10_b64_s0_gpu1,ladd/results/ladd4090_shutdown_sync_20260614/evidence_raw/ladd4090/repo_root_snapshot/runs_public/ogsod/hbb/formal_nomosaic_20260528/ladd/yolo11s/cap2/ladd_hbb_ogsod11s_formal_nomosaic_yolo11s_cap2_s0_diag_capkd_s_s0_bdetonly_b400_a1_e10_b64_s0_gpu1/results.csv,ladd/results/ladd4090_shutdown_sync_20260614/evidence_raw/ladd4090/repo_root_snapshot/runs_public/ogsod/hbb/formal_nomosaic_20260528/ladd/yolo11s/cap2/ladd_hbb_ogsod11s_formal_nomosaic_yolo11s_cap2_s0_diag_capkd_s_s0_bdetonly_b400_a1_e10_b64_s0_gpu1/ladd_diagnostics.csv,
ladd_hbb_ogsod11s_formal_nomosaic_yolo11s_cap2_s0_diag_capkd_s_s0_bdetonly_b400_a1_e10_b64_s0_gpu1,ladd,ladd4090,diagnostic,smoke_probe_partial,0,10,smoke_probe_partial,diagnostic,partial,s,0,a1,10,0.62878,1,0.62878,10,0.9096,0.9096,ladd/results/ladd_curve_analysis_20260612/source/runs_public_ladd/yolo11s/cap2/ladd_hbb_ogsod11s_formal_nomosaic_yolo11s_cap2_s0_diag_capkd_s_s0_bdetonly_b400_a1_e10_b64_s0_gpu1,ladd/results/ladd_curve_analysis_20260612/source/runs_public_ladd/yolo11s/cap2/ladd_hbb_ogsod11s_formal_nomosaic_yolo11s_cap2_s0_diag_capkd_s_s0_bdetonly_b400_a1_e10_b64_s0_gpu1/results.csv,ladd/results/ladd_curve_analysis_20260612/source/runs_public_ladd/yolo11s/cap2/ladd_hbb_ogsod11s_formal_nomosaic_yolo11s_cap2_s0_diag_capkd_s_s0_bdetonly_b400_a1_e10_b64_s0_gpu1/ladd_diagnostics.csv,
ladd_hbb_ogsod11s_formal_nomosaic_yolo11s_cap2_s0_diag_capkd_s_s0_bdetonly_b400_r2_a1_e10_b64_s0_gpu0,ladd,ladd4090,diagnostic,smoke_probe_partial,0,10,smoke_probe_partial,diagnostic,partial,s,0,a1,10,0.62878,1,0.62878,10,0.9096,0.9096,ladd/results/ladd4090_shutdown_sync_20260614/evidence_raw/ladd4090/repo_root_snapshot/runs_public/ogsod/hbb/formal_nomosaic_20260528/ladd/yolo11s/cap2/ladd_hbb_ogsod11s_formal_nomosaic_yolo11s_cap2_s0_diag_capkd_s_s0_bdetonly_b400_r2_a1_e10_b64_s0_gpu0,ladd/results/ladd4090_shutdown_sync_20260614/evidence_raw/ladd4090/repo_root_snapshot/runs_public/ogsod/hbb/formal_nomosaic_20260528/ladd/yolo11s/cap2/ladd_hbb_ogsod11s_formal_nomosaic_yolo11s_cap2_s0_diag_capkd_s_s0_bdetonly_b400_r2_a1_e10_b64_s0_gpu0/results.csv,ladd/results/ladd4090_shutdown_sync_20260614/evidence_raw/ladd4090/repo_root_snapshot/runs_public/ogsod/hbb/formal_nomosaic_20260528/ladd/yolo11s/cap2/ladd_hbb_ogsod11s_formal_nomosaic_yolo11s_cap2_s0_diag_capkd_s_s0_bdetonly_b400_r2_a1_e10_b64_s0_gpu0/ladd_diagnostics.csv,
ladd_hbb_ogsod11s_formal_nomosaic_yolo11s_cap2_s0_diag_capkd_s_s0_bdetonly_b400_r2_a1_e10_b64_s0_gpu0,ladd,ladd4090,diagnostic,smoke_probe_partial,0,10,smoke_probe_partial,diagnostic,partial,s,0,a1,10,0.62878,1,0.62878,10,0.9096,0.9096,ladd/results/ladd_curve_analysis_20260612/source/runs_public_ladd/yolo11s/cap2/ladd_hbb_ogsod11s_formal_nomosaic_yolo11s_cap2_s0_diag_capkd_s_s0_bdetonly_b400_r2_a1_e10_b64_s0_gpu0,ladd/results/ladd_curve_analysis_20260612/source/runs_public_ladd/yolo11s/cap2/ladd_hbb_ogsod11s_formal_nomosaic_yolo11s_cap2_s0_diag_capkd_s_s0_bdetonly_b400_r2_a1_e10_b64_s0_gpu0/results.csv,ladd/results/ladd_curve_analysis_20260612/source/runs_public_ladd/yolo11s/cap2/ladd_hbb_ogsod11s_formal_nomosaic_yolo11s_cap2_s0_diag_capkd_s_s0_bdetonly_b400_r2_a1_e10_b64_s0_gpu0/ladd_diagnostics.csv,
ladd_hbb_ogsod11s_formal_nomosaic_yolo11s_cap2_s0_diag_h1_s_s0_b400_datafix_a1_e10_b64_s0_gpu0,ladd,ladd4090,diagnostic,smoke_probe_partial,0,10,smoke_probe_partial,diagnostic,partial,s,0,a1,10,0.62878,1,0.62878,10,0.9096,0.9096,ladd/results/ladd4090_shutdown_sync_20260614/evidence_raw/ladd4090/repo_root_snapshot/runs_public/ogsod/hbb/formal_nomosaic_20260528/ladd/yolo11s/cap2/ladd_hbb_ogsod11s_formal_nomosaic_yolo11s_cap2_s0_diag_h1_s_s0_b400_datafix_a1_e10_b64_s0_gpu0,ladd/results/ladd4090_shutdown_sync_20260614/evidence_raw/ladd4090/repo_root_snapshot/runs_public/ogsod/hbb/formal_nomosaic_20260528/ladd/yolo11s/cap2/ladd_hbb_ogsod11s_formal_nomosaic_yolo11s_cap2_s0_diag_h1_s_s0_b400_datafix_a1_e10_b64_s0_gpu0/results.csv,ladd/results/ladd4090_shutdown_sync_20260614/evidence_raw/ladd4090/repo_root_snapshot/runs_public/ogsod/hbb/formal_nomosaic_20260528/ladd/yolo11s/cap2/ladd_hbb_ogsod11s_formal_nomosaic_yolo11s_cap2_s0_diag_h1_s_s0_b400_datafix_a1_e10_b64_s0_gpu0/ladd_diagnostics.csv,
ladd_hbb_ogsod11s_formal_nomosaic_yolo11s_cap2_s0_diag_h1_s_s0_b400_datafix_a1_e10_b64_s0_gpu0,ladd,ladd4090,diagnostic,smoke_probe_partial,0,10,smoke_probe_partial,diagnostic,partial,s,0,a1,10,0.62878,1,0.62878,10,0.9096,0.9096,ladd/results/ladd_curve_analysis_20260612/source/runs_public_ladd/yolo11s/cap2/ladd_hbb_ogsod11s_formal_nomosaic_yolo11s_cap2_s0_diag_h1_s_s0_b400_datafix_a1_e10_b64_s0_gpu0,ladd/results/ladd_curve_analysis_20260612/source/runs_public_ladd/yolo11s/cap2/ladd_hbb_ogsod11s_formal_nomosaic_yolo11s_cap2_s0_diag_h1_s_s0_b400_datafix_a1_e10_b64_s0_gpu0/results.csv,ladd/results/ladd_curve_analysis_20260612/source/runs_public_ladd/yolo11s/cap2/ladd_hbb_ogsod11s_formal_nomosaic_yolo11s_cap2_s0_diag_h1_s_s0_b400_datafix_a1_e10_b64_s0_gpu0/ladd_diagnostics.csv,
ladd_hbb_ogsod11s_formal_nomosaic_yolo11s_cap2_s0_fix_s_s0_a2lr3e4_short13_bdetonly_lr1e4_b120_a1_e10_b64_s0_gpu1,ladd,ladd4090,diagnostic,smoke_probe_partial,0,10,smoke_probe_partial,diagnostic,partial,s,0,a1,10,0.62878,1,0.62878,10,0.9096,0.9096,ladd/results/ladd4090_shutdown_sync_20260614/evidence_raw/ladd4090/repo_root_snapshot/runs_public/ogsod/hbb/formal_nomosaic_20260528/ladd/yolo11s/cap2/ladd_hbb_ogsod11s_formal_nomosaic_yolo11s_cap2_s0_fix_s_s0_a2lr3e4_short13_bdetonly_lr1e4_b120_a1_e10_b64_s0_gpu1,ladd/results/ladd4090_shutdown_sync_20260614/evidence_raw/ladd4090/repo_root_snapshot/runs_public/ogsod/hbb/formal_nomosaic_20260528/ladd/yolo11s/cap2/ladd_hbb_ogsod11s_formal_nomosaic_yolo11s_cap2_s0_fix_s_s0_a2lr3e4_short13_bdetonly_lr1e4_b120_a1_e10_b64_s0_gpu1/results.csv,ladd/results/ladd4090_shutdown_sync_20260614/evidence_raw/ladd4090/repo_root_snapshot/runs_public/ogsod/hbb/formal_nomosaic_20260528/ladd/yolo11s/cap2/ladd_hbb_ogsod11s_formal_nomosaic_yolo11s_cap2_s0_fix_s_s0_a2lr3e4_short13_bdetonly_lr1e4_b120_a1_e10_b64_s0_gpu1/ladd_diagnostics.csv,
ladd_hbb_ogsod11s_formal_nomosaic_yolo11s_cap2_s0_fix_s_s0_a2lr3e4_short13_bdetonly_lr1e4_b120_a1_e10_b64_s0_gpu1,ladd,ladd4090,candidate_or_unknown,smoke_probe_partial,0,10,smoke_probe_partial,diagnostic,partial,s,0,a1,10,0.62878,1,0.62878,10,0.9096,0.9096,ladd/results/ladd_curve_analysis_20260612/source/runs_public_ladd/yolo11s/cap2/ladd_hbb_ogsod11s_formal_nomosaic_yolo11s_cap2_s0_fix_s_s0_a2lr3e4_short13_bdetonly_lr1e4_b120_a1_e10_b64_s0_gpu1,ladd/results/ladd_curve_analysis_20260612/source/runs_public_ladd/yolo11s/cap2/ladd_hbb_ogsod11s_formal_nomosaic_yolo11s_cap2_s0_fix_s_s0_a2lr3e4_short13_bdetonly_lr1e4_b120_a1_e10_b64_s0_gpu1/results.csv,ladd/results/ladd_curve_analysis_20260612/source/runs_public_ladd/yolo11s/cap2/ladd_hbb_ogsod11s_formal_nomosaic_yolo11s_cap2_s0_fix_s_s0_a2lr3e4_short13_bdetonly_lr1e4_b120_a1_e10_b64_s0_gpu1/ladd_diagnostics.csv,
ladd_hbb_ogsod11s_formal_nomosaic_yolo11s_cap2_s0_fix_s_s0_a2lr3e4_short13_bdetonly_lr1e4_b120_a1_e10_b64_s0_gpu1,ladd,ladd4090,candidate_or_unknown,smoke_probe_partial,0,10,smoke_probe_partial,diagnostic,partial,s,0,a1,10,0.62878,1,0.62878,10,0.9096,0.9096,ladd/results/repair_experiments_20260613/evidence/main_4090/runs/s_detonly_lr1e4_b120/unknown/ladd_hbb_ogsod11s_formal_nomosaic_yolo11s_cap2_s0_fix_s_s0_a2lr3e4_short13_bdetonly_lr1e4_b120_a1_e10_b64_s0_gpu1,ladd/results/repair_experiments_20260613/evidence/main_4090/runs/s_detonly_lr1e4_b120/unknown/ladd_hbb_ogsod11s_formal_nomosaic_yolo11s_cap2_s0_fix_s_s0_a2lr3e4_short13_bdetonly_lr1e4_b120_a1_e10_b64_s0_gpu1/results.csv,ladd/results/repair_experiments_20260613/evidence/main_4090/runs/s_detonly_lr1e4_b120/unknown/ladd_hbb_ogsod11s_formal_nomosaic_yolo11s_cap2_s0_fix_s_s0_a2lr3e4_short13_bdetonly_lr1e4_b120_a1_e10_b64_s0_gpu1/ladd_diagnostics.csv,
ladd_hbb_ogsod11s_formal_nomosaic_yolo11s_cap2_s0_fix_s_s0_a2lr3e4_short13_bdetonly_lr1e4_b120_a2_e13_b64_s0_gpu1,ladd,ladd4090,diagnostic,smoke_probe_partial,0,13,smoke_probe_partial,diagnostic,partial,s,0,a2,13,0.63057,13,0.63057,13,0.91234,0.91234,ladd/results/ladd4090_shutdown_sync_20260614/evidence_raw/ladd4090/repo_root_snapshot/runs_public/ogsod/hbb/formal_nomosaic_20260528/ladd/yolo11s/cap2/ladd_hbb_ogsod11s_formal_nomosaic_yolo11s_cap2_s0_fix_s_s0_a2lr3e4_short13_bdetonly_lr1e4_b120_a2_e13_b64_s0_gpu1,ladd/results/ladd4090_shutdown_sync_20260614/evidence_raw/ladd4090/repo_root_snapshot/runs_public/ogsod/hbb/formal_nomosaic_20260528/ladd/yolo11s/cap2/ladd_hbb_ogsod11s_formal_nomosaic_yolo11s_cap2_s0_fix_s_s0_a2lr3e4_short13_bdetonly_lr1e4_b120_a2_e13_b64_s0_gpu1/results.csv,ladd/results/ladd4090_shutdown_sync_20260614/evidence_raw/ladd4090/repo_root_snapshot/runs_public/ogsod/hbb/formal_nomosaic_20260528/ladd/yolo11s/cap2/ladd_hbb_ogsod11s_formal_nomosaic_yolo11s_cap2_s0_fix_s_s0_a2lr3e4_short13_bdetonly_lr1e4_b120_a2_e13_b64_s0_gpu1/ladd_diagnostics.csv,
ladd_hbb_ogsod11s_formal_nomosaic_yolo11s_cap2_s0_fix_s_s0_a2lr3e4_short13_bdetonly_lr1e4_b120_a2_e13_b64_s0_gpu1,ladd,ladd4090,candidate_or_unknown,smoke_probe_partial,0,13,smoke_probe_partial,diagnostic,partial,s,0,a2,13,0.63057,13,0.63057,13,0.91234,0.91234,ladd/results/ladd_curve_analysis_20260612/source/runs_public_ladd/yolo11s/cap2/ladd_hbb_ogsod11s_formal_nomosaic_yolo11s_cap2_s0_fix_s_s0_a2lr3e4_short13_bdetonly_lr1e4_b120_a2_e13_b64_s0_gpu1,ladd/results/ladd_curve_analysis_20260612/source/runs_public_ladd/yolo11s/cap2/ladd_hbb_ogsod11s_formal_nomosaic_yolo11s_cap2_s0_fix_s_s0_a2lr3e4_short13_bdetonly_lr1e4_b120_a2_e13_b64_s0_gpu1/results.csv,ladd/results/ladd_curve_analysis_20260612/source/runs_public_ladd/yolo11s/cap2/ladd_hbb_ogsod11s_formal_nomosaic_yolo11s_cap2_s0_fix_s_s0_a2lr3e4_short13_bdetonly_lr1e4_b120_a2_e13_b64_s0_gpu1/ladd_diagnostics.csv,
ladd_hbb_ogsod11s_formal_nomosaic_yolo11s_cap2_s0_fix_s_s0_a2lr3e4_short13_bdetonly_lr1e4_b120_a2_e13_b64_s0_gpu1,ladd,ladd4090,candidate_or_unknown,smoke_probe_partial,0,13,smoke_probe_partial,diagnostic,partial,s,0,a2,13,0.63057,13,0.63057,13,0.91234,0.91234,ladd/results/repair_experiments_20260613/evidence/main_4090/runs/s_detonly_lr1e4_b120/unknown/ladd_hbb_ogsod11s_formal_nomosaic_yolo11s_cap2_s0_fix_s_s0_a2lr3e4_short13_bdetonly_lr1e4_b120_a2_e13_b64_s0_gpu1,ladd/results/repair_experiments_20260613/evidence/main_4090/runs/s_detonly_lr1e4_b120/unknown/ladd_hbb_ogsod11s_formal_nomosaic_yolo11s_cap2_s0_fix_s_s0_a2lr3e4_short13_bdetonly_lr1e4_b120_a2_e13_b64_s0_gpu1/results.csv,ladd/results/repair_experiments_20260613/evidence/main_4090/runs/s_detonly_lr1e4_b120/unknown/ladd_hbb_ogsod11s_formal_nomosaic_yolo11s_cap2_s0_fix_s_s0_a2lr3e4_short13_bdetonly_lr1e4_b120_a2_e13_b64_s0_gpu1/ladd_diagnostics.csv,
ladd_hbb_ogsod11s_formal_nomosaic_yolo11s_cap2_s0_fix_s_s0_a2lr3e4_short13_bweakKD0p1_b120_a1_e10_b64_s0_gpu0,ladd,ladd4090,diagnostic,smoke_probe_partial,0,10,smoke_probe_partial,diagnostic,partial,s,0,a1,10,0.62878,1,0.62878,10,0.9096,0.9096,ladd/results/ladd4090_shutdown_sync_20260614/evidence_raw/ladd4090/repo_root_snapshot/runs_public/ogsod/hbb/formal_nomosaic_20260528/ladd/yolo11s/cap2/ladd_hbb_ogsod11s_formal_nomosaic_yolo11s_cap2_s0_fix_s_s0_a2lr3e4_short13_bweakKD0p1_b120_a1_e10_b64_s0_gpu0,ladd/results/ladd4090_shutdown_sync_20260614/evidence_raw/ladd4090/repo_root_snapshot/runs_public/ogsod/hbb/formal_nomosaic_20260528/ladd/yolo11s/cap2/ladd_hbb_ogsod11s_formal_nomosaic_yolo11s_cap2_s0_fix_s_s0_a2lr3e4_short13_bweakKD0p1_b120_a1_e10_b64_s0_gpu0/results.csv,ladd/results/ladd4090_shutdown_sync_20260614/evidence_raw/ladd4090/repo_root_snapshot/runs_public/ogsod/hbb/formal_nomosaic_20260528/ladd/yolo11s/cap2/ladd_hbb_ogsod11s_formal_nomosaic_yolo11s_cap2_s0_fix_s_s0_a2lr3e4_short13_bweakKD0p1_b120_a1_e10_b64_s0_gpu0/ladd_diagnostics.csv,
ladd_hbb_ogsod11s_formal_nomosaic_yolo11s_cap2_s0_fix_s_s0_a2lr3e4_short13_bweakKD0p1_b120_a1_e10_b64_s0_gpu0,ladd,ladd4090,candidate_or_unknown,smoke_probe_partial,0,10,smoke_probe_partial,diagnostic,partial,s,0,a1,10,0.62878,1,0.62878,10,0.9096,0.9096,ladd/results/ladd_curve_analysis_20260612/source/runs_public_ladd/yolo11s/cap2/ladd_hbb_ogsod11s_formal_nomosaic_yolo11s_cap2_s0_fix_s_s0_a2lr3e4_short13_bweakKD0p1_b120_a1_e10_b64_s0_gpu0,ladd/results/ladd_curve_analysis_20260612/source/runs_public_ladd/yolo11s/cap2/ladd_hbb_ogsod11s_formal_nomosaic_yolo11s_cap2_s0_fix_s_s0_a2lr3e4_short13_bweakKD0p1_b120_a1_e10_b64_s0_gpu0/results.csv,ladd/results/ladd_curve_analysis_20260612/source/runs_public_ladd/yolo11s/cap2/ladd_hbb_ogsod11s_formal_nomosaic_yolo11s_cap2_s0_fix_s_s0_a2lr3e4_short13_bweakKD0p1_b120_a1_e10_b64_s0_gpu0/ladd_diagnostics.csv,
ladd_hbb_ogsod11s_formal_nomosaic_yolo11s_cap2_s0_fix_s_s0_a2lr3e4_short13_bweakKD0p1_b120_b32retry2_a1_e10_b32_s0_gpu0,ladd,ladd4090,diagnostic,smoke_probe_partial,0,10,smoke_probe_partial,diagnostic,partial,s,0,a1,10,0.62859,1,0.62859,10,0.90979,0.90979,ladd/results/ladd4090_shutdown_sync_20260614/evidence_raw/ladd4090/repo_root_snapshot/runs_public/ogsod/hbb/formal_nomosaic_20260528/ladd/yolo11s/cap2/ladd_hbb_ogsod11s_formal_nomosaic_yolo11s_cap2_s0_fix_s_s0_a2lr3e4_short13_bweakKD0p1_b120_b32retry2_a1_e10_b32_s0_gpu0,ladd/results/ladd4090_shutdown_sync_20260614/evidence_raw/ladd4090/repo_root_snapshot/runs_public/ogsod/hbb/formal_nomosaic_20260528/ladd/yolo11s/cap2/ladd_hbb_ogsod11s_formal_nomosaic_yolo11s_cap2_s0_fix_s_s0_a2lr3e4_short13_bweakKD0p1_b120_b32retry2_a1_e10_b32_s0_gpu0/results.csv,ladd/results/ladd4090_shutdown_sync_20260614/evidence_raw/ladd4090/repo_root_snapshot/runs_public/ogsod/hbb/formal_nomosaic_20260528/ladd/yolo11s/cap2/ladd_hbb_ogsod11s_formal_nomosaic_yolo11s_cap2_s0_fix_s_s0_a2lr3e4_short13_bweakKD0p1_b120_b32retry2_a1_e10_b32_s0_gpu0/ladd_diagnostics.csv,
ladd_hbb_ogsod11s_formal_nomosaic_yolo11s_cap2_s0_fix_s_s0_a2lr3e4_short13_bweakKD0p1_b120_b32retry2_a1_e10_b32_s0_gpu0,ladd,ladd4090,candidate_or_unknown,smoke_probe_partial,0,10,smoke_probe_partial,diagnostic,partial,s,0,a1,10,0.62859,1,0.62859,10,0.90979,0.90979,ladd/results/repair_experiments_20260613/evidence/main_4090/runs/s_weakkd0p1_b120_b32retry2/unknown/ladd_hbb_ogsod11s_formal_nomosaic_yolo11s_cap2_s0_fix_s_s0_a2lr3e4_short13_bweakKD0p1_b120_b32retry2_a1_e10_b32_s0_gpu0,ladd/results/repair_experiments_20260613/evidence/main_4090/runs/s_weakkd0p1_b120_b32retry2/unknown/ladd_hbb_ogsod11s_formal_nomosaic_yolo11s_cap2_s0_fix_s_s0_a2lr3e4_short13_bweakKD0p1_b120_b32retry2_a1_e10_b32_s0_gpu0/results.csv,ladd/results/repair_experiments_20260613/evidence/main_4090/runs/s_weakkd0p1_b120_b32retry2/unknown/ladd_hbb_ogsod11s_formal_nomosaic_yolo11s_cap2_s0_fix_s_s0_a2lr3e4_short13_bweakKD0p1_b120_b32retry2_a1_e10_b32_s0_gpu0/ladd_diagnostics.csv,
ladd_hbb_ogsod11s_formal_nomosaic_yolo11s_cap2_s0_fix_s_s0_a2lr3e4_short13_bweakKD0p1_b120_b32retry2_a2_e13_b32_s0_gpu0,ladd,ladd4090,diagnostic,smoke_probe_partial,0,13,smoke_probe_partial,diagnostic,partial,s,0,a2,13,0.63331,4,0.62608,13,0.91323,0.90858,ladd/results/ladd4090_shutdown_sync_20260614/evidence_raw/ladd4090/repo_root_snapshot/runs_public/ogsod/hbb/formal_nomosaic_20260528/ladd/yolo11s/cap2/ladd_hbb_ogsod11s_formal_nomosaic_yolo11s_cap2_s0_fix_s_s0_a2lr3e4_short13_bweakKD0p1_b120_b32retry2_a2_e13_b32_s0_gpu0,ladd/results/ladd4090_shutdown_sync_20260614/evidence_raw/ladd4090/repo_root_snapshot/runs_public/ogsod/hbb/formal_nomosaic_20260528/ladd/yolo11s/cap2/ladd_hbb_ogsod11s_formal_nomosaic_yolo11s_cap2_s0_fix_s_s0_a2lr3e4_short13_bweakKD0p1_b120_b32retry2_a2_e13_b32_s0_gpu0/results.csv,ladd/results/ladd4090_shutdown_sync_20260614/evidence_raw/ladd4090/repo_root_snapshot/runs_public/ogsod/hbb/formal_nomosaic_20260528/ladd/yolo11s/cap2/ladd_hbb_ogsod11s_formal_nomosaic_yolo11s_cap2_s0_fix_s_s0_a2lr3e4_short13_bweakKD0p1_b120_b32retry2_a2_e13_b32_s0_gpu0/ladd_diagnostics.csv,
ladd_hbb_ogsod11s_formal_nomosaic_yolo11s_cap2_s0_fix_s_s0_a2lr3e4_short13_bweakKD0p1_b120_b32retry2_a2_e13_b32_s0_gpu0,ladd,ladd4090,candidate_or_unknown,smoke_probe_partial,0,13,smoke_probe_partial,diagnostic,partial,s,0,a2,13,0.63331,4,0.62608,13,0.91323,0.90858,ladd/results/repair_experiments_20260613/evidence/main_4090/runs/s_weakkd0p1_b120_b32retry2/unknown/ladd_hbb_ogsod11s_formal_nomosaic_yolo11s_cap2_s0_fix_s_s0_a2lr3e4_short13_bweakKD0p1_b120_b32retry2_a2_e13_b32_s0_gpu0,ladd/results/repair_experiments_20260613/evidence/main_4090/runs/s_weakkd0p1_b120_b32retry2/unknown/ladd_hbb_ogsod11s_formal_nomosaic_yolo11s_cap2_s0_fix_s_s0_a2lr3e4_short13_bweakKD0p1_b120_b32retry2_a2_e13_b32_s0_gpu0/results.csv,ladd/results/repair_experiments_20260613/evidence/main_4090/runs/s_weakkd0p1_b120_b32retry2/unknown/ladd_hbb_ogsod11s_formal_nomosaic_yolo11s_cap2_s0_fix_s_s0_a2lr3e4_short13_bweakKD0p1_b120_b32retry2_a2_e13_b32_s0_gpu0/ladd_diagnostics.csv,
s_A2_detonly_A1,ladd,ladd4090,candidate_or_unknown,smoke_probe_partial,0,10,smoke_probe_partial,diagnostic,partial,s,0,a2,10,0.62878,1,0.62878,10,0.9096,0.9096,ladd/results/a2_damage_20260612/final_evidence/runs/s_A2_detonly_A1,ladd/results/a2_damage_20260612/final_evidence/runs/s_A2_detonly_A1/results.csv,ladd/results/a2_damage_20260612/final_evidence/runs/s_A2_detonly_A1/ladd_diagnostics.csv,
s_A2_detonly_B1,ladd,ladd4090,candidate_or_unknown,smoke_probe_partial,0,1,smoke_probe_partial,diagnostic,partial,s,0,a2,1,0.6024,1,0.6024,1,0.90009,0.90009,ladd/results/a2_damage_20260612/final_evidence/runs/s_A2_detonly_B1,ladd/results/a2_damage_20260612/final_evidence/runs/s_A2_detonly_B1/results.csv,ladd/results/a2_damage_20260612/final_evidence/runs/s_A2_detonly_B1/ladd_diagnostics.csv,
s_A2_lr1e4_short15_B1_A1,ladd,ladd4090,candidate_or_unknown,smoke_probe_partial,0,10,smoke_probe_partial,diagnostic,partial,s,0,a2,10,0.62878,1,0.62878,10,0.9096,0.9096,ladd/results/a2_selection_20260612/current_evidence/runs/s_A2_lr1e4_short15_B1_A1,ladd/results/a2_selection_20260612/current_evidence/runs/s_A2_lr1e4_short15_B1_A1/results.csv,ladd/results/a2_selection_20260612/current_evidence/runs/s_A2_lr1e4_short15_B1_A1/ladd_diagnostics.csv,665cdb4871d9a5620befc46d93d693765779d60b
s_A2_lr1e4_short15_B1_A2,ladd,ladd4090,candidate_or_unknown,smoke_probe_partial,0,15,smoke_probe_partial,diagnostic,partial,s,0,a2,15,0.63051,13,0.62647,15,0.91221,0.90981,ladd/results/a2_selection_20260612/current_evidence/runs/s_A2_lr1e4_short15_B1_A2,ladd/results/a2_selection_20260612/current_evidence/runs/s_A2_lr1e4_short15_B1_A2/results.csv,ladd/results/a2_selection_20260612/current_evidence/runs/s_A2_lr1e4_short15_B1_A2/ladd_diagnostics.csv,665cdb4871d9a5620befc46d93d693765779d60b
s_A2_lr1e4_short15_B1_B1,ladd,ladd4090,candidate_or_unknown,smoke_probe_partial,0,1,smoke_probe_partial,diagnostic,partial,s,0,a2,1,0.60908,1,0.60908,1,0.90144,0.90144,ladd/results/a2_selection_20260612/current_evidence/runs/s_A2_lr1e4_short15_B1_B1,ladd/results/a2_selection_20260612/current_evidence/runs/s_A2_lr1e4_short15_B1_B1/results.csv,ladd/results/a2_selection_20260612/current_evidence/runs/s_A2_lr1e4_short15_B1_B1/ladd_diagnostics.csv,665cdb4871d9a5620befc46d93d693765779d60b
s_A2_lr3e4_A1,ladd,ladd4090,candidate_or_unknown,smoke_probe_partial,0,10,smoke_probe_partial,diagnostic,partial,s,0,a2,10,0.62878,1,0.62878,10,0.9096,0.9096,ladd/results/a2_damage_20260612/final_evidence/runs/s_A2_lr3e4_A1,ladd/results/a2_damage_20260612/final_evidence/runs/s_A2_lr3e4_A1/results.csv,ladd/results/a2_damage_20260612/final_evidence/runs/s_A2_lr3e4_A1/ladd_diagnostics.csv,
s_A2_lr3e4_B1,ladd,ladd4090,candidate_or_unknown,smoke_probe_partial,0,1,smoke_probe_partial,diagnostic,partial,s,0,a2,1,0.60436,1,0.60436,1,0.90075,0.90075,ladd/results/a2_damage_20260612/final_evidence/runs/s_A2_lr3e4_B1,ladd/results/a2_damage_20260612/final_evidence/runs/s_A2_lr3e4_B1/results.csv,ladd/results/a2_damage_20260612/final_evidence/runs/s_A2_lr3e4_B1/ladd_diagnostics.csv,
s_A2_lr3e4_short13_B1_A1,ladd,ladd4090,candidate_or_unknown,smoke_probe_partial,0,10,smoke_probe_partial,diagnostic,partial,s,0,a2,10,0.62878,1,0.62878,10,0.9096,0.9096,ladd/results/a2_selection_20260612/current_evidence/runs/s_A2_lr3e4_short13_B1_A1,ladd/results/a2_selection_20260612/current_evidence/runs/s_A2_lr3e4_short13_B1_A1/results.csv,ladd/results/a2_selection_20260612/current_evidence/runs/s_A2_lr3e4_short13_B1_A1/ladd_diagnostics.csv,665cdb4871d9a5620befc46d93d693765779d60b
s_A2_lr3e4_short13_B1_A2,ladd,ladd4090,candidate_or_unknown,smoke_probe_partial,0,13,smoke_probe_partial,diagnostic,partial,s,0,a2,13,0.63057,13,0.63057,13,0.91234,0.91234,ladd/results/a2_selection_20260612/current_evidence/runs/s_A2_lr3e4_short13_B1_A2,ladd/results/a2_selection_20260612/current_evidence/runs/s_A2_lr3e4_short13_B1_A2/results.csv,ladd/results/a2_selection_20260612/current_evidence/runs/s_A2_lr3e4_short13_B1_A2/ladd_diagnostics.csv,665cdb4871d9a5620befc46d93d693765779d60b
s_A2_lr3e4_short13_B1_B1,ladd,ladd4090,candidate_or_unknown,smoke_probe_partial,0,1,smoke_probe_partial,diagnostic,partial,s,0,a2,1,0.60811,1,0.60811,1,0.90329,0.90329,ladd/results/a2_selection_20260612/current_evidence/runs/s_A2_lr3e4_short13_B1_B1,ladd/results/a2_selection_20260612/current_evidence/runs/s_A2_lr3e4_short13_B1_B1/results.csv,ladd/results/a2_selection_20260612/current_evidence/runs/s_A2_lr3e4_short13_B1_B1/ladd_diagnostics.csv,665cdb4871d9a5620befc46d93d693765779d60b
s_A2_lr3e4_short13_Bdet200_A1,ladd,ladd4090,candidate_or_unknown,smoke_probe_partial,0,10,smoke_probe_partial,diagnostic,partial,s,0,a2,10,0.62878,1,0.62878,10,0.9096,0.9096,ladd/results/a2_selection_20260612/current_evidence/runs/s_A2_lr3e4_short13_Bdet200_A1,ladd/results/a2_selection_20260612/current_evidence/runs/s_A2_lr3e4_short13_Bdet200_A1/results.csv,ladd/results/a2_selection_20260612/current_evidence/runs/s_A2_lr3e4_short13_Bdet200_A1/ladd_diagnostics.csv,665cdb4871d9a5620befc46d93d693765779d60b
s_A2_lr3e4_short13_Bdet200_A2,ladd,ladd4090,candidate_or_unknown,smoke_probe_partial,0,13,smoke_probe_partial,diagnostic,partial,s,0,a2,13,0.63057,13,0.63057,13,0.91234,0.91234,ladd/results/a2_selection_20260612/current_evidence/runs/s_A2_lr3e4_short13_Bdet200_A2,ladd/results/a2_selection_20260612/current_evidence/runs/s_A2_lr3e4_short13_Bdet200_A2/results.csv,ladd/results/a2_selection_20260612/current_evidence/runs/s_A2_lr3e4_short13_Bdet200_A2/ladd_diagnostics.csv,665cdb4871d9a5620befc46d93d693765779d60b
s_A2_lr3e4_short15_A1,ladd,ladd4090,candidate_or_unknown,smoke_probe_partial,0,10,smoke_probe_partial,diagnostic,partial,s,0,a2,10,0.62878,1,0.62878,10,0.9096,0.9096,ladd/results/a2_damage_20260612/final_evidence/runs/s_A2_lr3e4_short15_A1,ladd/results/a2_damage_20260612/final_evidence/runs/s_A2_lr3e4_short15_A1/results.csv,ladd/results/a2_damage_20260612/final_evidence/runs/s_A2_lr3e4_short15_A1/ladd_diagnostics.csv,
s_A2_lr3e4_short15_A2,ladd,ladd4090,candidate_or_unknown,smoke_probe_partial,0,15,smoke_probe_partial,diagnostic,partial,s,0,a2,15,0.63159,13,0.62383,15,0.9128,0.90903,ladd/results/a2_damage_20260612/final_evidence/runs/s_A2_lr3e4_short15_A2,ladd/results/a2_damage_20260612/final_evidence/runs/s_A2_lr3e4_short15_A2/results.csv,ladd/results/a2_damage_20260612/final_evidence/runs/s_A2_lr3e4_short15_A2/ladd_diagnostics.csv,
s_A2_lr3e4_short15_B1,ladd,ladd4090,candidate_or_unknown,smoke_probe_partial,0,1,smoke_probe_partial,diagnostic,partial,s,0,a2,1,0.60193,1,0.60193,1,0.89818,0.89818,ladd/results/a2_damage_20260612/final_evidence/runs/s_A2_lr3e4_short15_B1,ladd/results/a2_damage_20260612/final_evidence/runs/s_A2_lr3e4_short15_B1/results.csv,ladd/results/a2_damage_20260612/final_evidence/runs/s_A2_lr3e4_short15_B1/ladd_diagnostics.csv,
s_A2_short15_A1,ladd,ladd4090,candidate_or_unknown,smoke_probe_partial,0,10,smoke_probe_partial,diagnostic,partial,s,0,a2,10,0.62878,1,0.62878,10,0.9096,0.9096,ladd/results/a2_damage_20260612/final_evidence/runs/s_A2_short15_A1,ladd/results/a2_damage_20260612/final_evidence/runs/s_A2_short15_A1/results.csv,ladd/results/a2_damage_20260612/final_evidence/runs/s_A2_short15_A1/ladd_diagnostics.csv,
s_A2_short15_A2,ladd,ladd4090,candidate_or_unknown,smoke_probe_partial,0,15,smoke_probe_partial,diagnostic,partial,s,0,a2,15,0.63025,13,0.6215,15,0.91239,0.90909,ladd/results/a2_damage_20260612/final_evidence/runs/s_A2_short15_A2,ladd/results/a2_damage_20260612/final_evidence/runs/s_A2_short15_A2/results.csv,ladd/results/a2_damage_20260612/final_evidence/runs/s_A2_short15_A2/ladd_diagnostics.csv,
s_A2_short15_B1,ladd,ladd4090,candidate_or_unknown,smoke_probe_partial,0,1,smoke_probe_partial,diagnostic,partial,s,0,a2,1,0.60061,1,0.60061,1,0.89742,0.89742,ladd/results/a2_damage_20260612/final_evidence/runs/s_A2_short15_B1,ladd/results/a2_damage_20260612/final_evidence/runs/s_A2_short15_B1/results.csv,ladd/results/a2_damage_20260612/final_evidence/runs/s_A2_short15_B1/ladd_diagnostics.csv,
s_B_detonly_r2_A1,ladd,ladd4090,candidate_or_unknown,smoke_probe_partial,0,10,smoke_probe_partial,diagnostic,partial,s,0,b,10,0.62878,1,0.62878,10,0.9096,0.9096,ladd/results/a2_damage_20260612/final_evidence/runs/s_B_detonly_r2_A1,ladd/results/a2_damage_20260612/final_evidence/runs/s_B_detonly_r2_A1/results.csv,ladd/results/a2_damage_20260612/final_evidence/runs/s_B_detonly_r2_A1/ladd_diagnostics.csv,
s_alphaKD0p25_A1,ladd,ladd4090,candidate_or_unknown,smoke_probe_partial,0,10,smoke_probe_partial,diagnostic,partial,s,0,a1,10,0.62878,1,0.62878,10,0.9096,0.9096,ladd/results/a2_damage_20260612/final_evidence/runs/s_alphaKD0p25_A1,ladd/results/a2_damage_20260612/final_evidence/runs/s_alphaKD0p25_A1/results.csv,ladd/results/a2_damage_20260612/final_evidence/runs/s_alphaKD0p25_A1/ladd_diagnostics.csv,
s_alphaKD0p5_A1,ladd,ladd4090,candidate_or_unknown,smoke_probe_partial,0,10,smoke_probe_partial,diagnostic,partial,s,0,a1,10,0.62878,1,0.62878,10,0.9096,0.9096,ladd/results/a2_damage_20260612/final_evidence/runs/s_alphaKD0p5_A1,ladd/results/a2_damage_20260612/final_evidence/runs/s_alphaKD0p5_A1/results.csv,ladd/results/a2_damage_20260612/final_evidence/runs/s_alphaKD0p5_A1/ladd_diagnostics.csv,
yolov5_rgb_x,ladd,unknown,diagnostic,unknown_protocol,,,unknown,diagnostic,partial,,,,400,,,,,,,docs/experiments/ladd_h1_diag_20260610_artifacts/yolov5_rgb_x,docs/experiments/ladd_h1_diag_20260610_artifacts/yolov5_rgb_x/results.csv,,
