results_hash,canonical_run_id,canonical_path,alias_run_id,alias_path,source_server,family
0d9c23d9b113a417349ced08e9b3b92f2d3eca64,a1,ladd/results/archive_legacy_ladd_20260618/a2_damage_20260612/runs/s_a2_detonly/a1,ladd_hbb_ogsod11s_formal_nomosaic_yolo11s_cap2_s0_diag_a2damage_s_s0_a2detonly_b1_retry1_a1_e10_b64_s0_gpu0,_remote_backups/4090_20260618/runs_public/ogsod/hbb/formal_nomosaic_20260528/ladd/yolo11s/cap2/ladd_hbb_ogsod11s_formal_nomosaic_yolo11s_cap2_s0_diag_a2damage_s_s0_a2detonly_b1_retry1_a1_e10_b64_s0_gpu0,ladd4090,ladd
0d9c23d9b113a417349ced08e9b3b92f2d3eca64,a1,ladd/results/archive_legacy_ladd_20260618/a2_damage_20260612/runs/s_a2_detonly/a1,s_A2_detonly_A1,ladd/results/archive_legacy_ladd_20260618/a2_damage_20260612/final_evidence/runs/s_A2_detonly_A1,ladd4090,ladd
0d9c23d9b113a417349ced08e9b3b92f2d3eca64,a1,ladd/results/archive_legacy_ladd_20260618/a2_damage_20260612/runs/s_a2_detonly/a1,a1,ladd/results/archive_legacy_ladd_20260618/a2_damage_20260612/runs/s_a2_detonly/a1,ladd4090,ladd
0d9c23d9b113a417349ced08e9b3b92f2d3eca64,a1,ladd/results/archive_legacy_ladd_20260618/a2_damage_20260612/runs/s_a2_detonly/a1,ladd_hbb_ogsod11s_formal_nomosaic_yolo11s_cap2_s0_diag_a2damage_s_s0_a2detonly_b1_retry1_a1_e10_b64_s0_gpu0,ladd/results/archive_legacy_ladd_20260618/ladd4090_shutdown_sync_20260614/evidence_raw/ladd4090/repo_root_snapshot/runs_public/ogsod/hbb/formal_nomosaic_20260528/ladd/yolo11s/cap2/ladd_hbb_ogsod11s_formal_nomosaic_yolo11s_cap2_s0_diag_a2damage_s_s0_a2detonly_b1_retry1_a1_e10_b64_s0_gpu0,ladd4090,ladd
0d9c23d9b113a417349ced08e9b3b92f2d3eca64,a1,ladd/results/archive_legacy_ladd_20260618/a2_damage_20260612/runs/s_a2_detonly/a1,ladd_hbb_ogsod11s_formal_nomosaic_yolo11s_cap2_s0_diag_a2damage_s_s0_a2detonly_b1_retry1_a1_e10_b64_s0_gpu0,ladd/results/archive_legacy_ladd_20260618/ladd_curve_analysis_20260612/source/runs_public_ladd/yolo11s/cap2/ladd_hbb_ogsod11s_formal_nomosaic_yolo11s_cap2_s0_diag_a2damage_s_s0_a2detonly_b1_retry1_a1_e10_b64_s0_gpu0,ladd4090,ladd
1616afc623f962df56d45fe32c5bdf0274677e51,a2,ladd/results/archive_legacy_ladd_20260618/a2_damage_20260612/runs/s_a2_lr3e4/a2,ladd_hbb_ogsod11s_formal_nomosaic_yolo11s_cap2_s0_diag_a2damage_s_s0_a2lr3e4_b1_a2_e50_b64_s0_gpu1,_remote_backups/4090_20260618/runs_public/ogsod/hbb/formal_nomosaic_20260528/ladd/yolo11s/cap2/ladd_hbb_ogsod11s_formal_nomosaic_yolo11s_cap2_s0_diag_a2damage_s_s0_a2lr3e4_b1_a2_e50_b64_s0_gpu1,ladd4090,ladd
1616afc623f962df56d45fe32c5bdf0274677e51,a2,ladd/results/archive_legacy_ladd_20260618/a2_damage_20260612/runs/s_a2_lr3e4/a2,s_A2_lr3e4_A2,ladd/results/archive_legacy_ladd_20260618/a2_damage_20260612/final_evidence/runs/s_A2_lr3e4_A2,ladd4090,ladd
1616afc623f962df56d45fe32c5bdf0274677e51,a2,ladd/results/archive_legacy_ladd_20260618/a2_damage_20260612/runs/s_a2_lr3e4/a2,a2,ladd/results/archive_legacy_ladd_20260618/a2_damage_20260612/runs/s_a2_lr3e4/a2,ladd4090,ladd
1616afc623f962df56d45fe32c5bdf0274677e51,a2,ladd/results/archive_legacy_ladd_20260618/a2_damage_20260612/runs/s_a2_lr3e4/a2,ladd_hbb_ogsod11s_formal_nomosaic_yolo11s_cap2_s0_diag_a2damage_s_s0_a2lr3e4_b1_a2_e50_b64_s0_gpu1,ladd/results/archive_legacy_ladd_20260618/ladd4090_shutdown_sync_20260614/evidence_raw/ladd4090/repo_root_snapshot/runs_public/ogsod/hbb/formal_nomosaic_20260528/ladd/yolo11s/cap2/ladd_hbb_ogsod11s_formal_nomosaic_yolo11s_cap2_s0_diag_a2damage_s_s0_a2lr3e4_b1_a2_e50_b64_s0_gpu1,ladd4090,ladd
1616afc623f962df56d45fe32c5bdf0274677e51,a2,ladd/results/archive_legacy_ladd_20260618/a2_damage_20260612/runs/s_a2_lr3e4/a2,ladd_hbb_ogsod11s_formal_nomosaic_yolo11s_cap2_s0_diag_a2damage_s_s0_a2lr3e4_b1_a2_e50_b64_s0_gpu1,ladd/results/archive_legacy_ladd_20260618/ladd_curve_analysis_20260612/source/runs_public_ladd/yolo11s/cap2/ladd_hbb_ogsod11s_formal_nomosaic_yolo11s_cap2_s0_diag_a2damage_s_s0_a2lr3e4_b1_a2_e50_b64_s0_gpu1,ladd4090,ladd
1a8d1e87a5a85bf1da44c377b22c08ea1235be77,a1,ladd/results/archive_legacy_ladd_20260618/a2_damage_20260612/runs/m_a2_detonly/a1,ladd_hbb_ogsod11m_formal_nomosaic_yolo11m_cap2_s0_diag_a2damage_m_s0_a2detonly_b1_retry1_a1_e10_b32_s0_gpu1,_remote_backups/4090_20260618/runs_public/ogsod/hbb/formal_nomosaic_20260528/ladd/yolo11m/cap2/ladd_hbb_ogsod11m_formal_nomosaic_yolo11m_cap2_s0_diag_a2damage_m_s0_a2detonly_b1_retry1_a1_e10_b32_s0_gpu1,ladd4090,ladd
1a8d1e87a5a85bf1da44c377b22c08ea1235be77,a1,ladd/results/archive_legacy_ladd_20260618/a2_damage_20260612/runs/m_a2_detonly/a1,m_A2_detonly_A1,ladd/results/archive_legacy_ladd_20260618/a2_damage_20260612/final_evidence/runs/m_A2_detonly_A1,ladd4090,ladd
1a8d1e87a5a85bf1da44c377b22c08ea1235be77,a1,ladd/results/archive_legacy_ladd_20260618/a2_damage_20260612/runs/m_a2_detonly/a1,a1,ladd/results/archive_legacy_ladd_20260618/a2_damage_20260612/runs/m_a2_detonly/a1,ladd4090,ladd
1a8d1e87a5a85bf1da44c377b22c08ea1235be77,a1,ladd/results/archive_legacy_ladd_20260618/a2_damage_20260612/runs/m_a2_detonly/a1,ladd_hbb_ogsod11m_formal_nomosaic_yolo11m_cap2_s0_diag_a2damage_m_s0_a2detonly_b1_retry1_a1_e10_b32_s0_gpu1,ladd/results/archive_legacy_ladd_20260618/ladd4090_shutdown_sync_20260614/evidence_raw/ladd4090/repo_root_snapshot/runs_public/ogsod/hbb/formal_nomosaic_20260528/ladd/yolo11m/cap2/ladd_hbb_ogsod11m_formal_nomosaic_yolo11m_cap2_s0_diag_a2damage_m_s0_a2detonly_b1_retry1_a1_e10_b32_s0_gpu1,ladd4090,ladd
1a8d1e87a5a85bf1da44c377b22c08ea1235be77,a1,ladd/results/archive_legacy_ladd_20260618/a2_damage_20260612/runs/m_a2_detonly/a1,ladd_hbb_ogsod11m_formal_nomosaic_yolo11m_cap2_s0_diag_a2damage_m_s0_a2detonly_b1_retry1_a1_e10_b32_s0_gpu1,ladd/results/archive_legacy_ladd_20260618/ladd_curve_analysis_20260612/source/runs_public_ladd/yolo11m/cap2/ladd_hbb_ogsod11m_formal_nomosaic_yolo11m_cap2_s0_diag_a2damage_m_s0_a2detonly_b1_retry1_a1_e10_b32_s0_gpu1,ladd4090,ladd
2ef5ecfb9b193416ca8693af61786004a646fc8d,b1,ladd/results/archive_legacy_ladd_20260618/a2_damage_20260612/runs/s_a2_lr3e4/b1,ladd_hbb_ogsod11s_formal_nomosaic_yolo11s_cap2_s0_diag_a2damage_s_s0_a2lr3e4_b1_b_e1_b64_s0_gpu1,_remote_backups/4090_20260618/runs_public/ogsod/hbb/formal_nomosaic_20260528/ladd/yolo11s/cap2/ladd_hbb_ogsod11s_formal_nomosaic_yolo11s_cap2_s0_diag_a2damage_s_s0_a2lr3e4_b1_b_e1_b64_s0_gpu1,ladd4090,ladd
2ef5ecfb9b193416ca8693af61786004a646fc8d,b1,ladd/results/archive_legacy_ladd_20260618/a2_damage_20260612/runs/s_a2_lr3e4/b1,s_A2_lr3e4_B1,ladd/results/archive_legacy_ladd_20260618/a2_damage_20260612/final_evidence/runs/s_A2_lr3e4_B1,ladd4090,ladd
2ef5ecfb9b193416ca8693af61786004a646fc8d,b1,ladd/results/archive_legacy_ladd_20260618/a2_damage_20260612/runs/s_a2_lr3e4/b1,b1,ladd/results/archive_legacy_ladd_20260618/a2_damage_20260612/runs/s_a2_lr3e4/b1,ladd4090,ladd
2ef5ecfb9b193416ca8693af61786004a646fc8d,b1,ladd/results/archive_legacy_ladd_20260618/a2_damage_20260612/runs/s_a2_lr3e4/b1,ladd_hbb_ogsod11s_formal_nomosaic_yolo11s_cap2_s0_diag_a2damage_s_s0_a2lr3e4_b1_b_e1_b64_s0_gpu1,ladd/results/archive_legacy_ladd_20260618/ladd4090_shutdown_sync_20260614/evidence_raw/ladd4090/repo_root_snapshot/runs_public/ogsod/hbb/formal_nomosaic_20260528/ladd/yolo11s/cap2/ladd_hbb_ogsod11s_formal_nomosaic_yolo11s_cap2_s0_diag_a2damage_s_s0_a2lr3e4_b1_b_e1_b64_s0_gpu1,ladd4090,ladd
2ef5ecfb9b193416ca8693af61786004a646fc8d,b1,ladd/results/archive_legacy_ladd_20260618/a2_damage_20260612/runs/s_a2_lr3e4/b1,ladd_hbb_ogsod11s_formal_nomosaic_yolo11s_cap2_s0_diag_a2damage_s_s0_a2lr3e4_b1_b_e1_b64_s0_gpu1,ladd/results/archive_legacy_ladd_20260618/ladd_curve_analysis_20260612/source/runs_public_ladd/yolo11s/cap2/ladd_hbb_ogsod11s_formal_nomosaic_yolo11s_cap2_s0_diag_a2damage_s_s0_a2lr3e4_b1_b_e1_b64_s0_gpu1,ladd4090,ladd
3398a8a43e3ee962097b50ce696c193db35824e4,ladd_hbb_ogsod11n_formal_nomosaic_yolo11s_cap2_s0_bnfreeze1e3_public4090dual_final_v2_b_e800_b64_s0_gpu1,_remote_backups/4090_20260618/runs_public/ogsod/hbb/formal_nomosaic_20260528/ladd/yolo11s/cap2/ladd_hbb_ogsod11n_formal_nomosaic_yolo11s_cap2_s0_bnfreeze1e3_public4090dual_final_v2_b_e800_b64_s0_gpu1,ladd_hbb_ogsod11n_formal_nomosaic_yolo11s_cap2_s0_bnfreeze1e3_public4090dual_final_v2_b_e800_b64_s0_gpu1,_remote_backups/4090_20260618/runs_public/ogsod/hbb/formal_nomosaic_20260528/ladd/yolo11s/cap2/ladd_hbb_ogsod11n_formal_nomosaic_yolo11s_cap2_s0_bnfreeze1e3_public4090dual_final_v2_b_e800_b64_s0_gpu1,ladd4090,ladd
3398a8a43e3ee962097b50ce696c193db35824e4,ladd_hbb_ogsod11n_formal_nomosaic_yolo11s_cap2_s0_bnfreeze1e3_public4090dual_final_v2_b_e800_b64_s0_gpu1,_remote_backups/4090_20260618/runs_public/ogsod/hbb/formal_nomosaic_20260528/ladd/yolo11s/cap2/ladd_hbb_ogsod11n_formal_nomosaic_yolo11s_cap2_s0_bnfreeze1e3_public4090dual_final_v2_b_e800_b64_s0_gpu1,ladd_hbb_ogsod11n_formal_nomosaic_yolo11s_cap2_s0_bnfreeze1e3_public4090dual_final_v2_b_e800_b64_s0_gpu1,ladd/results/archive_legacy_ladd_20260618/converged_mainline_ladd_20260613/source/no_mosaic_4090dual/s_cap2/ladd_hbb_ogsod11n_formal_nomosaic_yolo11s_cap2_s0_bnfreeze1e3_public4090dual_final_v2_b_e800_b64_s0_gpu1,ladd4090,ladd
3398a8a43e3ee962097b50ce696c193db35824e4,ladd_hbb_ogsod11n_formal_nomosaic_yolo11s_cap2_s0_bnfreeze1e3_public4090dual_final_v2_b_e800_b64_s0_gpu1,_remote_backups/4090_20260618/runs_public/ogsod/hbb/formal_nomosaic_20260528/ladd/yolo11s/cap2/ladd_hbb_ogsod11n_formal_nomosaic_yolo11s_cap2_s0_bnfreeze1e3_public4090dual_final_v2_b_e800_b64_s0_gpu1,ladd_hbb_ogsod11n_formal_nomosaic_yolo11s_cap2_s0_bnfreeze1e3_public4090dual_final_v2_b_e800_b64_s0_gpu1,ladd/results/archive_legacy_ladd_20260618/ladd4090_shutdown_sync_20260614/evidence_raw/ladd4090/repo_root_snapshot/runs_public/ogsod/hbb/formal_nomosaic_20260528/ladd/yolo11s/cap2/ladd_hbb_ogsod11n_formal_nomosaic_yolo11s_cap2_s0_bnfreeze1e3_public4090dual_final_v2_b_e800_b64_s0_gpu1,ladd4090,ladd
3398a8a43e3ee962097b50ce696c193db35824e4,ladd_hbb_ogsod11n_formal_nomosaic_yolo11s_cap2_s0_bnfreeze1e3_public4090dual_final_v2_b_e800_b64_s0_gpu1,_remote_backups/4090_20260618/runs_public/ogsod/hbb/formal_nomosaic_20260528/ladd/yolo11s/cap2/ladd_hbb_ogsod11n_formal_nomosaic_yolo11s_cap2_s0_bnfreeze1e3_public4090dual_final_v2_b_e800_b64_s0_gpu1,ladd_hbb_ogsod11n_formal_nomosaic_yolo11s_cap2_s0_bnfreeze1e3_public4090dual_final_v2_b_e800_b64_s0_gpu1,ladd/results/archive_legacy_ladd_20260618/ladd_curve_analysis_20260612/source/runs_public_ladd/yolo11s/cap2/ladd_hbb_ogsod11n_formal_nomosaic_yolo11s_cap2_s0_bnfreeze1e3_public4090dual_final_v2_b_e800_b64_s0_gpu1,ladd4090,ladd
3398a8a43e3ee962097b50ce696c193db35824e4,ladd_hbb_ogsod11n_formal_nomosaic_yolo11s_cap2_s0_bnfreeze1e3_public4090dual_final_v2_b_e800_b64_s0_gpu1,_remote_backups/4090_20260618/runs_public/ogsod/hbb/formal_nomosaic_20260528/ladd/yolo11s/cap2/ladd_hbb_ogsod11n_formal_nomosaic_yolo11s_cap2_s0_bnfreeze1e3_public4090dual_final_v2_b_e800_b64_s0_gpu1,ladd_hbb_ogsod11n_formal_nomosaic_yolo11s_cap2_s0_bnfreeze1e3_public4090dual_final_v2_b_e800_b64_s0_gpu1,ladd/results/archive_legacy_ladd_20260618/mainline_stability_20260609/remote_4090dual/runs_public/ogsod/hbb/formal_nomosaic_20260528/ladd/yolo11s/cap2/ladd_hbb_ogsod11n_formal_nomosaic_yolo11s_cap2_s0_bnfreeze1e3_public4090dual_final_v2_b_e800_b64_s0_gpu1,ladd4090,ladd
356bb84c45f879f6a13ea23019d5cbb21aa0f33e,ladd_hbb_ogsod11n_formal_nomosaic_yolo11n_cap2_s42_bnfreeze1e3_public4090dual_final_v2_a1_e10_b64_s42_gpu0,_remote_backups/4090_20260618/runs_public/ogsod/hbb/formal_nomosaic_20260528/ladd/yolo11n/cap2/ladd_hbb_ogsod11n_formal_nomosaic_yolo11n_cap2_s42_bnfreeze1e3_public4090dual_final_v2_a1_e10_b64_s42_gpu0,ladd_hbb_ogsod11n_formal_nomosaic_yolo11n_cap2_s42_bnfreeze1e3_public4090dual_final_v2_a1_e10_b64_s42_gpu0,_remote_backups/4090_20260618/runs_public/ogsod/hbb/formal_nomosaic_20260528/ladd/yolo11n/cap2/ladd_hbb_ogsod11n_formal_nomosaic_yolo11n_cap2_s42_bnfreeze1e3_public4090dual_final_v2_a1_e10_b64_s42_gpu0,ladd4090,ladd
356bb84c45f879f6a13ea23019d5cbb21aa0f33e,ladd_hbb_ogsod11n_formal_nomosaic_yolo11n_cap2_s42_bnfreeze1e3_public4090dual_final_v2_a1_e10_b64_s42_gpu0,_remote_backups/4090_20260618/runs_public/ogsod/hbb/formal_nomosaic_20260528/ladd/yolo11n/cap2/ladd_hbb_ogsod11n_formal_nomosaic_yolo11n_cap2_s42_bnfreeze1e3_public4090dual_final_v2_a1_e10_b64_s42_gpu0,ladd_hbb_ogsod11n_formal_nomosaic_yolo11n_cap2_s42_bnfreeze1e3_public4090dual_final_v2_a1_e10_b64_s42_gpu0,ladd/results/archive_legacy_ladd_20260618/converged_mainline_ladd_20260613/source/no_mosaic_4090dual/n_cap2/ladd_hbb_ogsod11n_formal_nomosaic_yolo11n_cap2_s42_bnfreeze1e3_public4090dual_final_v2_a1_e10_b64_s42_gpu0,ladd4090,ladd
356bb84c45f879f6a13ea23019d5cbb21aa0f33e,ladd_hbb_ogsod11n_formal_nomosaic_yolo11n_cap2_s42_bnfreeze1e3_public4090dual_final_v2_a1_e10_b64_s42_gpu0,_remote_backups/4090_20260618/runs_public/ogsod/hbb/formal_nomosaic_20260528/ladd/yolo11n/cap2/ladd_hbb_ogsod11n_formal_nomosaic_yolo11n_cap2_s42_bnfreeze1e3_public4090dual_final_v2_a1_e10_b64_s42_gpu0,ladd_hbb_ogsod11n_formal_nomosaic_yolo11n_cap2_s42_bnfreeze1e3_public4090dual_final_v2_a1_e10_b64_s42_gpu0,ladd/results/archive_legacy_ladd_20260618/ladd4090_shutdown_sync_20260614/evidence_raw/ladd4090/repo_root_snapshot/runs_public/ogsod/hbb/formal_nomosaic_20260528/ladd/yolo11n/cap2/ladd_hbb_ogsod11n_formal_nomosaic_yolo11n_cap2_s42_bnfreeze1e3_public4090dual_final_v2_a1_e10_b64_s42_gpu0,ladd4090,ladd
356bb84c45f879f6a13ea23019d5cbb21aa0f33e,ladd_hbb_ogsod11n_formal_nomosaic_yolo11n_cap2_s42_bnfreeze1e3_public4090dual_final_v2_a1_e10_b64_s42_gpu0,_remote_backups/4090_20260618/runs_public/ogsod/hbb/formal_nomosaic_20260528/ladd/yolo11n/cap2/ladd_hbb_ogsod11n_formal_nomosaic_yolo11n_cap2_s42_bnfreeze1e3_public4090dual_final_v2_a1_e10_b64_s42_gpu0,ladd_hbb_ogsod11n_formal_nomosaic_yolo11n_cap2_s42_bnfreeze1e3_public4090dual_final_v2_a1_e10_b64_s42_gpu0,ladd/results/archive_legacy_ladd_20260618/ladd_curve_analysis_20260612/source/runs_public_ladd/yolo11n/cap2/ladd_hbb_ogsod11n_formal_nomosaic_yolo11n_cap2_s42_bnfreeze1e3_public4090dual_final_v2_a1_e10_b64_s42_gpu0,ladd4090,ladd
356bb84c45f879f6a13ea23019d5cbb21aa0f33e,ladd_hbb_ogsod11n_formal_nomosaic_yolo11n_cap2_s42_bnfreeze1e3_public4090dual_final_v2_a1_e10_b64_s42_gpu0,_remote_backups/4090_20260618/runs_public/ogsod/hbb/formal_nomosaic_20260528/ladd/yolo11n/cap2/ladd_hbb_ogsod11n_formal_nomosaic_yolo11n_cap2_s42_bnfreeze1e3_public4090dual_final_v2_a1_e10_b64_s42_gpu0,ladd_hbb_ogsod11n_formal_nomosaic_yolo11n_cap2_s42_bnfreeze1e3_public4090dual_final_v2_a1_e10_b64_s42_gpu0,ladd/results/archive_legacy_ladd_20260618/mainline_stability_20260609/remote_4090dual/runs_public/ogsod/hbb/formal_nomosaic_20260528/ladd/yolo11n/cap2/ladd_hbb_ogsod11n_formal_nomosaic_yolo11n_cap2_s42_bnfreeze1e3_public4090dual_final_v2_a1_e10_b64_s42_gpu0,ladd4090,ladd
3f206002e98d6d31c77ae76150c5d8df9fd7776b,ladd_hbb_ogsod11n_formal_nomosaic_yolo11n_cap2_s42_bnfreeze1e3_public4090dual_final_v2_b_e800_b64_s42_gpu0,_remote_backups/4090_20260618/runs_public/ogsod/hbb/formal_nomosaic_20260528/ladd/yolo11n/cap2/ladd_hbb_ogsod11n_formal_nomosaic_yolo11n_cap2_s42_bnfreeze1e3_public4090dual_final_v2_b_e800_b64_s42_gpu0,ladd_hbb_ogsod11n_formal_nomosaic_yolo11n_cap2_s42_bnfreeze1e3_public4090dual_final_v2_b_e800_b64_s42_gpu0,_remote_backups/4090_20260618/runs_public/ogsod/hbb/formal_nomosaic_20260528/ladd/yolo11n/cap2/ladd_hbb_ogsod11n_formal_nomosaic_yolo11n_cap2_s42_bnfreeze1e3_public4090dual_final_v2_b_e800_b64_s42_gpu0,ladd4090,ladd
3f206002e98d6d31c77ae76150c5d8df9fd7776b,ladd_hbb_ogsod11n_formal_nomosaic_yolo11n_cap2_s42_bnfreeze1e3_public4090dual_final_v2_b_e800_b64_s42_gpu0,_remote_backups/4090_20260618/runs_public/ogsod/hbb/formal_nomosaic_20260528/ladd/yolo11n/cap2/ladd_hbb_ogsod11n_formal_nomosaic_yolo11n_cap2_s42_bnfreeze1e3_public4090dual_final_v2_b_e800_b64_s42_gpu0,ladd_hbb_ogsod11n_formal_nomosaic_yolo11n_cap2_s42_bnfreeze1e3_public4090dual_final_v2_b_e800_b64_s42_gpu0,ladd/results/archive_legacy_ladd_20260618/converged_mainline_ladd_20260613/source/no_mosaic_4090dual/n_cap2/ladd_hbb_ogsod11n_formal_nomosaic_yolo11n_cap2_s42_bnfreeze1e3_public4090dual_final_v2_b_e800_b64_s42_gpu0,ladd4090,ladd
3f206002e98d6d31c77ae76150c5d8df9fd7776b,ladd_hbb_ogsod11n_formal_nomosaic_yolo11n_cap2_s42_bnfreeze1e3_public4090dual_final_v2_b_e800_b64_s42_gpu0,_remote_backups/4090_20260618/runs_public/ogsod/hbb/formal_nomosaic_20260528/ladd/yolo11n/cap2/ladd_hbb_ogsod11n_formal_nomosaic_yolo11n_cap2_s42_bnfreeze1e3_public4090dual_final_v2_b_e800_b64_s42_gpu0,ladd_hbb_ogsod11n_formal_nomosaic_yolo11n_cap2_s42_bnfreeze1e3_public4090dual_final_v2_b_e800_b64_s42_gpu0,ladd/results/archive_legacy_ladd_20260618/ladd4090_shutdown_sync_20260614/evidence_raw/ladd4090/repo_root_snapshot/runs_public/ogsod/hbb/formal_nomosaic_20260528/ladd/yolo11n/cap2/ladd_hbb_ogsod11n_formal_nomosaic_yolo11n_cap2_s42_bnfreeze1e3_public4090dual_final_v2_b_e800_b64_s42_gpu0,ladd4090,ladd
3f206002e98d6d31c77ae76150c5d8df9fd7776b,ladd_hbb_ogsod11n_formal_nomosaic_yolo11n_cap2_s42_bnfreeze1e3_public4090dual_final_v2_b_e800_b64_s42_gpu0,_remote_backups/4090_20260618/runs_public/ogsod/hbb/formal_nomosaic_20260528/ladd/yolo11n/cap2/ladd_hbb_ogsod11n_formal_nomosaic_yolo11n_cap2_s42_bnfreeze1e3_public4090dual_final_v2_b_e800_b64_s42_gpu0,ladd_hbb_ogsod11n_formal_nomosaic_yolo11n_cap2_s42_bnfreeze1e3_public4090dual_final_v2_b_e800_b64_s42_gpu0,ladd/results/archive_legacy_ladd_20260618/ladd_curve_analysis_20260612/source/runs_public_ladd/yolo11n/cap2/ladd_hbb_ogsod11n_formal_nomosaic_yolo11n_cap2_s42_bnfreeze1e3_public4090dual_final_v2_b_e800_b64_s42_gpu0,ladd4090,ladd
3f206002e98d6d31c77ae76150c5d8df9fd7776b,ladd_hbb_ogsod11n_formal_nomosaic_yolo11n_cap2_s42_bnfreeze1e3_public4090dual_final_v2_b_e800_b64_s42_gpu0,_remote_backups/4090_20260618/runs_public/ogsod/hbb/formal_nomosaic_20260528/ladd/yolo11n/cap2/ladd_hbb_ogsod11n_formal_nomosaic_yolo11n_cap2_s42_bnfreeze1e3_public4090dual_final_v2_b_e800_b64_s42_gpu0,ladd_hbb_ogsod11n_formal_nomosaic_yolo11n_cap2_s42_bnfreeze1e3_public4090dual_final_v2_b_e800_b64_s42_gpu0,ladd/results/archive_legacy_ladd_20260618/mainline_stability_20260609/remote_4090dual/runs_public/ogsod/hbb/formal_nomosaic_20260528/ladd/yolo11n/cap2/ladd_hbb_ogsod11n_formal_nomosaic_yolo11n_cap2_s42_bnfreeze1e3_public4090dual_final_v2_b_e800_b64_s42_gpu0,ladd4090,ladd
42d2a6350bb5006f12d69708af4817d9f14c9964,a2,ladd/results/archive_legacy_ladd_20260618/a2_damage_20260612/runs/s_a2_detonly/a2,ladd_hbb_ogsod11s_formal_nomosaic_yolo11s_cap2_s0_diag_a2damage_s_s0_a2detonly_b1_retry1_a2_e50_b64_s0_gpu0,_remote_backups/4090_20260618/runs_public/ogsod/hbb/formal_nomosaic_20260528/ladd/yolo11s/cap2/ladd_hbb_ogsod11s_formal_nomosaic_yolo11s_cap2_s0_diag_a2damage_s_s0_a2detonly_b1_retry1_a2_e50_b64_s0_gpu0,ladd4090,ladd
42d2a6350bb5006f12d69708af4817d9f14c9964,a2,ladd/results/archive_legacy_ladd_20260618/a2_damage_20260612/runs/s_a2_detonly/a2,s_A2_detonly_A2,ladd/results/archive_legacy_ladd_20260618/a2_damage_20260612/final_evidence/runs/s_A2_detonly_A2,ladd4090,ladd
42d2a6350bb5006f12d69708af4817d9f14c9964,a2,ladd/results/archive_legacy_ladd_20260618/a2_damage_20260612/runs/s_a2_detonly/a2,a2,ladd/results/archive_legacy_ladd_20260618/a2_damage_20260612/runs/s_a2_detonly/a2,ladd4090,ladd
42d2a6350bb5006f12d69708af4817d9f14c9964,a2,ladd/results/archive_legacy_ladd_20260618/a2_damage_20260612/runs/s_a2_detonly/a2,ladd_hbb_ogsod11s_formal_nomosaic_yolo11s_cap2_s0_diag_a2damage_s_s0_a2detonly_b1_retry1_a2_e50_b64_s0_gpu0,ladd/results/archive_legacy_ladd_20260618/ladd4090_shutdown_sync_20260614/evidence_raw/ladd4090/repo_root_snapshot/runs_public/ogsod/hbb/formal_nomosaic_20260528/ladd/yolo11s/cap2/ladd_hbb_ogsod11s_formal_nomosaic_yolo11s_cap2_s0_diag_a2damage_s_s0_a2detonly_b1_retry1_a2_e50_b64_s0_gpu0,ladd4090,ladd
42d2a6350bb5006f12d69708af4817d9f14c9964,a2,ladd/results/archive_legacy_ladd_20260618/a2_damage_20260612/runs/s_a2_detonly/a2,ladd_hbb_ogsod11s_formal_nomosaic_yolo11s_cap2_s0_diag_a2damage_s_s0_a2detonly_b1_retry1_a2_e50_b64_s0_gpu0,ladd/results/archive_legacy_ladd_20260618/ladd_curve_analysis_20260612/source/runs_public_ladd/yolo11s/cap2/ladd_hbb_ogsod11s_formal_nomosaic_yolo11s_cap2_s0_diag_a2damage_s_s0_a2detonly_b1_retry1_a2_e50_b64_s0_gpu0,ladd4090,ladd
ddedebc2d546f24ea50404e343378f0cc85338f7,b1,ladd/results/archive_legacy_ladd_20260618/a2_damage_20260612/runs/m_a2_detonly/b1,ladd_hbb_ogsod11m_formal_nomosaic_yolo11m_cap2_s0_diag_a2damage_m_s0_a2detonly_b1_retry1_b_e1_b32_s0_gpu1,_remote_backups/4090_20260618/runs_public/ogsod/hbb/formal_nomosaic_20260528/ladd/yolo11m/cap2/ladd_hbb_ogsod11m_formal_nomosaic_yolo11m_cap2_s0_diag_a2damage_m_s0_a2detonly_b1_retry1_b_e1_b32_s0_gpu1,ladd4090,ladd
ddedebc2d546f24ea50404e343378f0cc85338f7,b1,ladd/results/archive_legacy_ladd_20260618/a2_damage_20260612/runs/m_a2_detonly/b1,m_A2_detonly_B1,ladd/results/archive_legacy_ladd_20260618/a2_damage_20260612/final_evidence/runs/m_A2_detonly_B1,ladd4090,ladd
ddedebc2d546f24ea50404e343378f0cc85338f7,b1,ladd/results/archive_legacy_ladd_20260618/a2_damage_20260612/runs/m_a2_detonly/b1,b1,ladd/results/archive_legacy_ladd_20260618/a2_damage_20260612/runs/m_a2_detonly/b1,ladd4090,ladd
ddedebc2d546f24ea50404e343378f0cc85338f7,b1,ladd/results/archive_legacy_ladd_20260618/a2_damage_20260612/runs/m_a2_detonly/b1,ladd_hbb_ogsod11m_formal_nomosaic_yolo11m_cap2_s0_diag_a2damage_m_s0_a2detonly_b1_retry1_b_e1_b32_s0_gpu1,ladd/results/archive_legacy_ladd_20260618/ladd4090_shutdown_sync_20260614/evidence_raw/ladd4090/repo_root_snapshot/runs_public/ogsod/hbb/formal_nomosaic_20260528/ladd/yolo11m/cap2/ladd_hbb_ogsod11m_formal_nomosaic_yolo11m_cap2_s0_diag_a2damage_m_s0_a2detonly_b1_retry1_b_e1_b32_s0_gpu1,ladd4090,ladd
ddedebc2d546f24ea50404e343378f0cc85338f7,b1,ladd/results/archive_legacy_ladd_20260618/a2_damage_20260612/runs/m_a2_detonly/b1,ladd_hbb_ogsod11m_formal_nomosaic_yolo11m_cap2_s0_diag_a2damage_m_s0_a2detonly_b1_retry1_b_e1_b32_s0_gpu1,ladd/results/archive_legacy_ladd_20260618/ladd_curve_analysis_20260612/source/runs_public_ladd/yolo11m/cap2/ladd_hbb_ogsod11m_formal_nomosaic_yolo11m_cap2_s0_diag_a2damage_m_s0_a2detonly_b1_retry1_b_e1_b32_s0_gpu1,ladd4090,ladd
de5e8e6d3c09722554aa5bbb51b29b1cf46a6495,a2,ladd/results/archive_legacy_ladd_20260618/a2_damage_20260612/runs/m_a2_detonly/a2,ladd_hbb_ogsod11m_formal_nomosaic_yolo11m_cap2_s0_diag_a2damage_m_s0_a2detonly_b1_retry1_a2_e50_b32_s0_gpu1,_remote_backups/4090_20260618/runs_public/ogsod/hbb/formal_nomosaic_20260528/ladd/yolo11m/cap2/ladd_hbb_ogsod11m_formal_nomosaic_yolo11m_cap2_s0_diag_a2damage_m_s0_a2detonly_b1_retry1_a2_e50_b32_s0_gpu1,ladd4090,ladd
de5e8e6d3c09722554aa5bbb51b29b1cf46a6495,a2,ladd/results/archive_legacy_ladd_20260618/a2_damage_20260612/runs/m_a2_detonly/a2,m_A2_detonly_A2,ladd/results/archive_legacy_ladd_20260618/a2_damage_20260612/final_evidence/runs/m_A2_detonly_A2,ladd4090,ladd
de5e8e6d3c09722554aa5bbb51b29b1cf46a6495,a2,ladd/results/archive_legacy_ladd_20260618/a2_damage_20260612/runs/m_a2_detonly/a2,a2,ladd/results/archive_legacy_ladd_20260618/a2_damage_20260612/runs/m_a2_detonly/a2,ladd4090,ladd
de5e8e6d3c09722554aa5bbb51b29b1cf46a6495,a2,ladd/results/archive_legacy_ladd_20260618/a2_damage_20260612/runs/m_a2_detonly/a2,ladd_hbb_ogsod11m_formal_nomosaic_yolo11m_cap2_s0_diag_a2damage_m_s0_a2detonly_b1_retry1_a2_e50_b32_s0_gpu1,ladd/results/archive_legacy_ladd_20260618/ladd4090_shutdown_sync_20260614/evidence_raw/ladd4090/repo_root_snapshot/runs_public/ogsod/hbb/formal_nomosaic_20260528/ladd/yolo11m/cap2/ladd_hbb_ogsod11m_formal_nomosaic_yolo11m_cap2_s0_diag_a2damage_m_s0_a2detonly_b1_retry1_a2_e50_b32_s0_gpu1,ladd4090,ladd
de5e8e6d3c09722554aa5bbb51b29b1cf46a6495,a2,ladd/results/archive_legacy_ladd_20260618/a2_damage_20260612/runs/m_a2_detonly/a2,ladd_hbb_ogsod11m_formal_nomosaic_yolo11m_cap2_s0_diag_a2damage_m_s0_a2detonly_b1_retry1_a2_e50_b32_s0_gpu1,ladd/results/archive_legacy_ladd_20260618/ladd_curve_analysis_20260612/source/runs_public_ladd/yolo11m/cap2/ladd_hbb_ogsod11m_formal_nomosaic_yolo11m_cap2_s0_diag_a2damage_m_s0_a2detonly_b1_retry1_a2_e50_b32_s0_gpu1,ladd4090,ladd
ea4fe3f6cec73be474d88b51d712536682a37e44,a1,ladd/results/archive_legacy_ladd_20260618/a2_damage_20260612/runs/s_a2_lr3e4/a1,ladd_hbb_ogsod11s_formal_nomosaic_yolo11s_cap2_s0_diag_a2damage_s_s0_a2lr3e4_b1_a1_e10_b64_s0_gpu1,_remote_backups/4090_20260618/runs_public/ogsod/hbb/formal_nomosaic_20260528/ladd/yolo11s/cap2/ladd_hbb_ogsod11s_formal_nomosaic_yolo11s_cap2_s0_diag_a2damage_s_s0_a2lr3e4_b1_a1_e10_b64_s0_gpu1,ladd4090,ladd
ea4fe3f6cec73be474d88b51d712536682a37e44,a1,ladd/results/archive_legacy_ladd_20260618/a2_damage_20260612/runs/s_a2_lr3e4/a1,s_A2_lr3e4_A1,ladd/results/archive_legacy_ladd_20260618/a2_damage_20260612/final_evidence/runs/s_A2_lr3e4_A1,ladd4090,ladd
ea4fe3f6cec73be474d88b51d712536682a37e44,a1,ladd/results/archive_legacy_ladd_20260618/a2_damage_20260612/runs/s_a2_lr3e4/a1,a1,ladd/results/archive_legacy_ladd_20260618/a2_damage_20260612/runs/s_a2_lr3e4/a1,ladd4090,ladd
ea4fe3f6cec73be474d88b51d712536682a37e44,a1,ladd/results/archive_legacy_ladd_20260618/a2_damage_20260612/runs/s_a2_lr3e4/a1,ladd_hbb_ogsod11s_formal_nomosaic_yolo11s_cap2_s0_diag_a2damage_s_s0_a2lr3e4_b1_a1_e10_b64_s0_gpu1,ladd/results/archive_legacy_ladd_20260618/ladd4090_shutdown_sync_20260614/evidence_raw/ladd4090/repo_root_snapshot/runs_public/ogsod/hbb/formal_nomosaic_20260528/ladd/yolo11s/cap2/ladd_hbb_ogsod11s_formal_nomosaic_yolo11s_cap2_s0_diag_a2damage_s_s0_a2lr3e4_b1_a1_e10_b64_s0_gpu1,ladd4090,ladd
ea4fe3f6cec73be474d88b51d712536682a37e44,a1,ladd/results/archive_legacy_ladd_20260618/a2_damage_20260612/runs/s_a2_lr3e4/a1,ladd_hbb_ogsod11s_formal_nomosaic_yolo11s_cap2_s0_diag_a2damage_s_s0_a2lr3e4_b1_a1_e10_b64_s0_gpu1,ladd/results/archive_legacy_ladd_20260618/ladd_curve_analysis_20260612/source/runs_public_ladd/yolo11s/cap2/ladd_hbb_ogsod11s_formal_nomosaic_yolo11s_cap2_s0_diag_a2damage_s_s0_a2lr3e4_b1_a1_e10_b64_s0_gpu1,ladd4090,ladd
ed6127ed685fcf4349fc30f2cf19a707dc5415f4,ladd_hbb_ogsod11n_formal_nomosaic_yolo11n_cap2_s42_bnfreeze1e3_public4090dual_final_v2_a2_e50_b64_s42_gpu0,_remote_backups/4090_20260618/runs_public/ogsod/hbb/formal_nomosaic_20260528/ladd/yolo11n/cap2/ladd_hbb_ogsod11n_formal_nomosaic_yolo11n_cap2_s42_bnfreeze1e3_public4090dual_final_v2_a2_e50_b64_s42_gpu0,ladd_hbb_ogsod11n_formal_nomosaic_yolo11n_cap2_s42_bnfreeze1e3_public4090dual_final_v2_a2_e50_b64_s42_gpu0,_remote_backups/4090_20260618/runs_public/ogsod/hbb/formal_nomosaic_20260528/ladd/yolo11n/cap2/ladd_hbb_ogsod11n_formal_nomosaic_yolo11n_cap2_s42_bnfreeze1e3_public4090dual_final_v2_a2_e50_b64_s42_gpu0,ladd4090,ladd
ed6127ed685fcf4349fc30f2cf19a707dc5415f4,ladd_hbb_ogsod11n_formal_nomosaic_yolo11n_cap2_s42_bnfreeze1e3_public4090dual_final_v2_a2_e50_b64_s42_gpu0,_remote_backups/4090_20260618/runs_public/ogsod/hbb/formal_nomosaic_20260528/ladd/yolo11n/cap2/ladd_hbb_ogsod11n_formal_nomosaic_yolo11n_cap2_s42_bnfreeze1e3_public4090dual_final_v2_a2_e50_b64_s42_gpu0,ladd_hbb_ogsod11n_formal_nomosaic_yolo11n_cap2_s42_bnfreeze1e3_public4090dual_final_v2_a2_e50_b64_s42_gpu0,ladd/results/archive_legacy_ladd_20260618/converged_mainline_ladd_20260613/source/no_mosaic_4090dual/n_cap2/ladd_hbb_ogsod11n_formal_nomosaic_yolo11n_cap2_s42_bnfreeze1e3_public4090dual_final_v2_a2_e50_b64_s42_gpu0,ladd4090,ladd
ed6127ed685fcf4349fc30f2cf19a707dc5415f4,ladd_hbb_ogsod11n_formal_nomosaic_yolo11n_cap2_s42_bnfreeze1e3_public4090dual_final_v2_a2_e50_b64_s42_gpu0,_remote_backups/4090_20260618/runs_public/ogsod/hbb/formal_nomosaic_20260528/ladd/yolo11n/cap2/ladd_hbb_ogsod11n_formal_nomosaic_yolo11n_cap2_s42_bnfreeze1e3_public4090dual_final_v2_a2_e50_b64_s42_gpu0,ladd_hbb_ogsod11n_formal_nomosaic_yolo11n_cap2_s42_bnfreeze1e3_public4090dual_final_v2_a2_e50_b64_s42_gpu0,ladd/results/archive_legacy_ladd_20260618/ladd4090_shutdown_sync_20260614/evidence_raw/ladd4090/repo_root_snapshot/runs_public/ogsod/hbb/formal_nomosaic_20260528/ladd/yolo11n/cap2/ladd_hbb_ogsod11n_formal_nomosaic_yolo11n_cap2_s42_bnfreeze1e3_public4090dual_final_v2_a2_e50_b64_s42_gpu0,ladd4090,ladd
ed6127ed685fcf4349fc30f2cf19a707dc5415f4,ladd_hbb_ogsod11n_formal_nomosaic_yolo11n_cap2_s42_bnfreeze1e3_public4090dual_final_v2_a2_e50_b64_s42_gpu0,_remote_backups/4090_20260618/runs_public/ogsod/hbb/formal_nomosaic_20260528/ladd/yolo11n/cap2/ladd_hbb_ogsod11n_formal_nomosaic_yolo11n_cap2_s42_bnfreeze1e3_public4090dual_final_v2_a2_e50_b64_s42_gpu0,ladd_hbb_ogsod11n_formal_nomosaic_yolo11n_cap2_s42_bnfreeze1e3_public4090dual_final_v2_a2_e50_b64_s42_gpu0,ladd/results/archive_legacy_ladd_20260618/ladd_curve_analysis_20260612/source/runs_public_ladd/yolo11n/cap2/ladd_hbb_ogsod11n_formal_nomosaic_yolo11n_cap2_s42_bnfreeze1e3_public4090dual_final_v2_a2_e50_b64_s42_gpu0,ladd4090,ladd
ed6127ed685fcf4349fc30f2cf19a707dc5415f4,ladd_hbb_ogsod11n_formal_nomosaic_yolo11n_cap2_s42_bnfreeze1e3_public4090dual_final_v2_a2_e50_b64_s42_gpu0,_remote_backups/4090_20260618/runs_public/ogsod/hbb/formal_nomosaic_20260528/ladd/yolo11n/cap2/ladd_hbb_ogsod11n_formal_nomosaic_yolo11n_cap2_s42_bnfreeze1e3_public4090dual_final_v2_a2_e50_b64_s42_gpu0,ladd_hbb_ogsod11n_formal_nomosaic_yolo11n_cap2_s42_bnfreeze1e3_public4090dual_final_v2_a2_e50_b64_s42_gpu0,ladd/results/archive_legacy_ladd_20260618/mainline_stability_20260609/remote_4090dual/runs_public/ogsod/hbb/formal_nomosaic_20260528/ladd/yolo11n/cap2/ladd_hbb_ogsod11n_formal_nomosaic_yolo11n_cap2_s42_bnfreeze1e3_public4090dual_final_v2_a2_e50_b64_s42_gpu0,ladd4090,ladd
ede2cc1dabe719887a22c63b712c5942146dbc7e,b1,ladd/results/archive_legacy_ladd_20260618/a2_damage_20260612/runs/s_a2_detonly/b1,ladd_hbb_ogsod11s_formal_nomosaic_yolo11s_cap2_s0_diag_a2damage_s_s0_a2detonly_b1_retry1_b_e1_b64_s0_gpu0,_remote_backups/4090_20260618/runs_public/ogsod/hbb/formal_nomosaic_20260528/ladd/yolo11s/cap2/ladd_hbb_ogsod11s_formal_nomosaic_yolo11s_cap2_s0_diag_a2damage_s_s0_a2detonly_b1_retry1_b_e1_b64_s0_gpu0,ladd4090,ladd
ede2cc1dabe719887a22c63b712c5942146dbc7e,b1,ladd/results/archive_legacy_ladd_20260618/a2_damage_20260612/runs/s_a2_detonly/b1,s_A2_detonly_B1,ladd/results/archive_legacy_ladd_20260618/a2_damage_20260612/final_evidence/runs/s_A2_detonly_B1,ladd4090,ladd
ede2cc1dabe719887a22c63b712c5942146dbc7e,b1,ladd/results/archive_legacy_ladd_20260618/a2_damage_20260612/runs/s_a2_detonly/b1,b1,ladd/results/archive_legacy_ladd_20260618/a2_damage_20260612/runs/s_a2_detonly/b1,ladd4090,ladd
ede2cc1dabe719887a22c63b712c5942146dbc7e,b1,ladd/results/archive_legacy_ladd_20260618/a2_damage_20260612/runs/s_a2_detonly/b1,ladd_hbb_ogsod11s_formal_nomosaic_yolo11s_cap2_s0_diag_a2damage_s_s0_a2detonly_b1_retry1_b_e1_b64_s0_gpu0,ladd/results/archive_legacy_ladd_20260618/ladd4090_shutdown_sync_20260614/evidence_raw/ladd4090/repo_root_snapshot/runs_public/ogsod/hbb/formal_nomosaic_20260528/ladd/yolo11s/cap2/ladd_hbb_ogsod11s_formal_nomosaic_yolo11s_cap2_s0_diag_a2damage_s_s0_a2detonly_b1_retry1_b_e1_b64_s0_gpu0,ladd4090,ladd
ede2cc1dabe719887a22c63b712c5942146dbc7e,b1,ladd/results/archive_legacy_ladd_20260618/a2_damage_20260612/runs/s_a2_detonly/b1,ladd_hbb_ogsod11s_formal_nomosaic_yolo11s_cap2_s0_diag_a2damage_s_s0_a2detonly_b1_retry1_b_e1_b64_s0_gpu0,ladd/results/archive_legacy_ladd_20260618/ladd_curve_analysis_20260612/source/runs_public_ladd/yolo11s/cap2/ladd_hbb_ogsod11s_formal_nomosaic_yolo11s_cap2_s0_diag_a2damage_s_s0_a2detonly_b1_retry1_b_e1_b64_s0_gpu0,ladd4090,ladd
061240d1ec00afee99fd34e223fc8c552e2ca939,s_B_detonly_r2_A1,ladd/results/archive_legacy_ladd_20260618/a2_damage_20260612/final_evidence/runs/s_B_detonly_r2_A1,ladd_hbb_ogsod11s_formal_nomosaic_yolo11s_cap2_s0_diag_capkd_s_s0_bdetonly_b400_r2_a1_e10_b64_s0_gpu0,_remote_backups/4090_20260618/runs_public/ogsod/hbb/formal_nomosaic_20260528/ladd/yolo11s/cap2/ladd_hbb_ogsod11s_formal_nomosaic_yolo11s_cap2_s0_diag_capkd_s_s0_bdetonly_b400_r2_a1_e10_b64_s0_gpu0,ladd4090,ladd
061240d1ec00afee99fd34e223fc8c552e2ca939,s_B_detonly_r2_A1,ladd/results/archive_legacy_ladd_20260618/a2_damage_20260612/final_evidence/runs/s_B_detonly_r2_A1,s_B_detonly_r2_A1,ladd/results/archive_legacy_ladd_20260618/a2_damage_20260612/final_evidence/runs/s_B_detonly_r2_A1,ladd4090,ladd
061240d1ec00afee99fd34e223fc8c552e2ca939,s_B_detonly_r2_A1,ladd/results/archive_legacy_ladd_20260618/a2_damage_20260612/final_evidence/runs/s_B_detonly_r2_A1,ladd_hbb_ogsod11s_formal_nomosaic_yolo11s_cap2_s0_diag_capkd_s_s0_bdetonly_b400_r2_a1_e10_b64_s0_gpu0,ladd/results/archive_legacy_ladd_20260618/ladd4090_shutdown_sync_20260614/evidence_raw/ladd4090/repo_root_snapshot/runs_public/ogsod/hbb/formal_nomosaic_20260528/ladd/yolo11s/cap2/ladd_hbb_ogsod11s_formal_nomosaic_yolo11s_cap2_s0_diag_capkd_s_s0_bdetonly_b400_r2_a1_e10_b64_s0_gpu0,ladd4090,ladd
061240d1ec00afee99fd34e223fc8c552e2ca939,s_B_detonly_r2_A1,ladd/results/archive_legacy_ladd_20260618/a2_damage_20260612/final_evidence/runs/s_B_detonly_r2_A1,ladd_hbb_ogsod11s_formal_nomosaic_yolo11s_cap2_s0_diag_capkd_s_s0_bdetonly_b400_r2_a1_e10_b64_s0_gpu0,ladd/results/archive_legacy_ladd_20260618/ladd_curve_analysis_20260612/source/runs_public_ladd/yolo11s/cap2/ladd_hbb_ogsod11s_formal_nomosaic_yolo11s_cap2_s0_diag_capkd_s_s0_bdetonly_b400_r2_a1_e10_b64_s0_gpu0,ladd4090,ladd
1053a8396ea4ade927259336b9c99b383148682a,s_alphaKD0p5_A2,ladd/results/archive_legacy_ladd_20260618/a2_damage_20260612/final_evidence/runs/s_alphaKD0p5_A2,ladd_hbb_ogsod11s_formal_nomosaic_yolo11s_cap2_s0_diag_capkd_s_s0_alphaKD0p5_b400_a2_e50_b64_s0_gpu0,_remote_backups/4090_20260618/runs_public/ogsod/hbb/formal_nomosaic_20260528/ladd/yolo11s/cap2/ladd_hbb_ogsod11s_formal_nomosaic_yolo11s_cap2_s0_diag_capkd_s_s0_alphaKD0p5_b400_a2_e50_b64_s0_gpu0,ladd4090,ladd
1053a8396ea4ade927259336b9c99b383148682a,s_alphaKD0p5_A2,ladd/results/archive_legacy_ladd_20260618/a2_damage_20260612/final_evidence/runs/s_alphaKD0p5_A2,s_alphaKD0p5_A2,ladd/results/archive_legacy_ladd_20260618/a2_damage_20260612/final_evidence/runs/s_alphaKD0p5_A2,ladd4090,ladd
1053a8396ea4ade927259336b9c99b383148682a,s_alphaKD0p5_A2,ladd/results/archive_legacy_ladd_20260618/a2_damage_20260612/final_evidence/runs/s_alphaKD0p5_A2,ladd_hbb_ogsod11s_formal_nomosaic_yolo11s_cap2_s0_diag_capkd_s_s0_alphaKD0p5_b400_a2_e50_b64_s0_gpu0,ladd/results/archive_legacy_ladd_20260618/ladd4090_shutdown_sync_20260614/evidence_raw/ladd4090/repo_root_snapshot/runs_public/ogsod/hbb/formal_nomosaic_20260528/ladd/yolo11s/cap2/ladd_hbb_ogsod11s_formal_nomosaic_yolo11s_cap2_s0_diag_capkd_s_s0_alphaKD0p5_b400_a2_e50_b64_s0_gpu0,ladd4090,ladd
1053a8396ea4ade927259336b9c99b383148682a,s_alphaKD0p5_A2,ladd/results/archive_legacy_ladd_20260618/a2_damage_20260612/final_evidence/runs/s_alphaKD0p5_A2,ladd_hbb_ogsod11s_formal_nomosaic_yolo11s_cap2_s0_diag_capkd_s_s0_alphaKD0p5_b400_a2_e50_b64_s0_gpu0,ladd/results/archive_legacy_ladd_20260618/ladd_curve_analysis_20260612/source/runs_public_ladd/yolo11s/cap2/ladd_hbb_ogsod11s_formal_nomosaic_yolo11s_cap2_s0_diag_capkd_s_s0_alphaKD0p5_b400_a2_e50_b64_s0_gpu0,ladd4090,ladd
16c27771bdc5b8cb1df514c7eaae5f858808e329,rgb_yolo11n_hbb_800ep_cos_closeAt100_pat80_s0_gpu5,ladd/results/archive_legacy_ladd_20260618/converged_mainline_ladd_20260613/source/mosaic90/baseline_cos_closeAt100/rgb_yolo11n_hbb_800ep_cos_closeAt100_pat80_s0_gpu5,rgb_yolo11n_hbb_800ep_cos_closeAt100_pat80_s0_gpu5,docs/experiments/archive_legacy_ladd_20260618/a1a2b_and_bstage/ladd_skipa2_compare_20260616/source/mnt/dataY/ydf/projects/LADD_og/legacy_results_archive/pre_formal_nomosaic_20260528/runs_public/ogsod/hbb/baseline_controls/cos_closeAt100_E800_20260524/rgb_yolo11n_hbb_800ep_cos_closeAt100_pat80_s0_gpu5,ladd90,baseline
16c27771bdc5b8cb1df514c7eaae5f858808e329,rgb_yolo11n_hbb_800ep_cos_closeAt100_pat80_s0_gpu5,ladd/results/archive_legacy_ladd_20260618/converged_mainline_ladd_20260613/source/mosaic90/baseline_cos_closeAt100/rgb_yolo11n_hbb_800ep_cos_closeAt100_pat80_s0_gpu5,rgb_yolo11n_hbb_800ep_cos_closeAt100_pat80_s0_gpu5,docs/experiments/archive_legacy_ladd_20260618/legacy_mosaic_protocols/ladd_mosaic90_20260528_artifacts/baseline_cos_closeAt100/rgb_yolo11n_hbb_800ep_cos_closeAt100_pat80_s0_gpu5,ladd90,baseline
16c27771bdc5b8cb1df514c7eaae5f858808e329,rgb_yolo11n_hbb_800ep_cos_closeAt100_pat80_s0_gpu5,ladd/results/archive_legacy_ladd_20260618/converged_mainline_ladd_20260613/source/mosaic90/baseline_cos_closeAt100/rgb_yolo11n_hbb_800ep_cos_closeAt100_pat80_s0_gpu5,rgb_yolo11n_hbb_800ep_cos_closeAt100_pat80_s0_gpu5,docs/experiments/archive_legacy_ladd_20260618/legacy_mosaic_protocols/ladd_mosaic_protocol_compare_20260615/raw/mnt/dataY/ydf/projects/LADD_og/legacy_results_archive/pre_formal_nomosaic_20260528/runs_public/ogsod/hbb/baseline_controls/cos_closeAt100_E800_20260524/rgb_yolo11n_hbb_800ep_cos_closeAt100_pat80_s0_gpu5,ladd90,baseline
16c27771bdc5b8cb1df514c7eaae5f858808e329,rgb_yolo11n_hbb_800ep_cos_closeAt100_pat80_s0_gpu5,ladd/results/archive_legacy_ladd_20260618/converged_mainline_ladd_20260613/source/mosaic90/baseline_cos_closeAt100/rgb_yolo11n_hbb_800ep_cos_closeAt100_pat80_s0_gpu5,rgb_yolo11n_hbb_800ep_cos_closeAt100_pat80_s0_gpu5,ladd/results/archive_legacy_ladd_20260618/converged_mainline_ladd_20260613/source/mosaic90/baseline_cos_closeAt100/rgb_yolo11n_hbb_800ep_cos_closeAt100_pat80_s0_gpu5,ladd90,baseline
1992c8177e9bfa1c5b025f5c3e8ee57fe03289a7,ladd_hbb_ogsod11m_formal_nomosaic_yolo11m_cap2_s0_fix_m_s0_a2lr1e4_short5_b1_a1_e10_b32_s0_gpu1,_remote_backups/4090_20260618/runs_public/ogsod/hbb/formal_nomosaic_20260528/ladd/yolo11m/cap2/ladd_hbb_ogsod11m_formal_nomosaic_yolo11m_cap2_s0_fix_m_s0_a2lr1e4_short5_b1_a1_e10_b32_s0_gpu1,ladd_hbb_ogsod11m_formal_nomosaic_yolo11m_cap2_s0_fix_m_s0_a2lr1e4_short5_b1_a1_e10_b32_s0_gpu1,_remote_backups/4090_20260618/runs_public/ogsod/hbb/formal_nomosaic_20260528/ladd/yolo11m/cap2/ladd_hbb_ogsod11m_formal_nomosaic_yolo11m_cap2_s0_fix_m_s0_a2lr1e4_short5_b1_a1_e10_b32_s0_gpu1,ladd4090,ladd
1992c8177e9bfa1c5b025f5c3e8ee57fe03289a7,ladd_hbb_ogsod11m_formal_nomosaic_yolo11m_cap2_s0_fix_m_s0_a2lr1e4_short5_b1_a1_e10_b32_s0_gpu1,_remote_backups/4090_20260618/runs_public/ogsod/hbb/formal_nomosaic_20260528/ladd/yolo11m/cap2/ladd_hbb_ogsod11m_formal_nomosaic_yolo11m_cap2_s0_fix_m_s0_a2lr1e4_short5_b1_a1_e10_b32_s0_gpu1,ladd_hbb_ogsod11m_formal_nomosaic_yolo11m_cap2_s0_fix_m_s0_a2lr1e4_short5_b1_a1_e10_b32_s0_gpu1,ladd/results/archive_legacy_ladd_20260618/ladd4090_shutdown_sync_20260614/evidence_raw/ladd4090/repo_root_snapshot/runs_public/ogsod/hbb/formal_nomosaic_20260528/ladd/yolo11m/cap2/ladd_hbb_ogsod11m_formal_nomosaic_yolo11m_cap2_s0_fix_m_s0_a2lr1e4_short5_b1_a1_e10_b32_s0_gpu1,ladd4090,ladd
1992c8177e9bfa1c5b025f5c3e8ee57fe03289a7,ladd_hbb_ogsod11m_formal_nomosaic_yolo11m_cap2_s0_fix_m_s0_a2lr1e4_short5_b1_a1_e10_b32_s0_gpu1,_remote_backups/4090_20260618/runs_public/ogsod/hbb/formal_nomosaic_20260528/ladd/yolo11m/cap2/ladd_hbb_ogsod11m_formal_nomosaic_yolo11m_cap2_s0_fix_m_s0_a2lr1e4_short5_b1_a1_e10_b32_s0_gpu1,ladd_hbb_ogsod11m_formal_nomosaic_yolo11m_cap2_s0_fix_m_s0_a2lr1e4_short5_b1_a1_e10_b32_s0_gpu1,ladd/results/archive_legacy_ladd_20260618/ladd_curve_analysis_20260612/source/runs_public_ladd/yolo11m/cap2/ladd_hbb_ogsod11m_formal_nomosaic_yolo11m_cap2_s0_fix_m_s0_a2lr1e4_short5_b1_a1_e10_b32_s0_gpu1,ladd4090,ladd
1992c8177e9bfa1c5b025f5c3e8ee57fe03289a7,ladd_hbb_ogsod11m_formal_nomosaic_yolo11m_cap2_s0_fix_m_s0_a2lr1e4_short5_b1_a1_e10_b32_s0_gpu1,_remote_backups/4090_20260618/runs_public/ogsod/hbb/formal_nomosaic_20260528/ladd/yolo11m/cap2/ladd_hbb_ogsod11m_formal_nomosaic_yolo11m_cap2_s0_fix_m_s0_a2lr1e4_short5_b1_a1_e10_b32_s0_gpu1,ladd_hbb_ogsod11m_formal_nomosaic_yolo11m_cap2_s0_fix_m_s0_a2lr1e4_short5_b1_a1_e10_b32_s0_gpu1,ladd/results/archive_legacy_ladd_20260618/repair_experiments_20260613/evidence/main_4090/runs/m_lr1e4_short5_b1/unknown/ladd_hbb_ogsod11m_formal_nomosaic_yolo11m_cap2_s0_fix_m_s0_a2lr1e4_short5_b1_a1_e10_b32_s0_gpu1,ladd4090,ladd
19f40d924af428b9f03785e17ef80053460bc2b2,ladd_hbb_ogsod11n_ladd800r2_cap2_s123_b_e800_b64_s123_gpu5,ladd/results/archive_legacy_ladd_20260618/converged_mainline_ladd_20260613/source/mosaic90/ladd_b_runs/ladd_hbb_ogsod11n_ladd800r2_cap2_s123_b_e800_b64_s123_gpu5,ladd_hbb_ogsod11n_ladd800r2_cap2_s123_b_e800_b64_s123_gpu5,docs/experiments/archive_legacy_ladd_20260618/a1a2b_and_bstage/ladd_skipa2_compare_20260616/source/docs/experiments/ladd_mosaic90_20260528_artifacts/ladd_b_runs/ladd_hbb_ogsod11n_ladd800r2_cap2_s123_b_e800_b64_s123_gpu5,unknown,ladd
19f40d924af428b9f03785e17ef80053460bc2b2,ladd_hbb_ogsod11n_ladd800r2_cap2_s123_b_e800_b64_s123_gpu5,ladd/results/archive_legacy_ladd_20260618/converged_mainline_ladd_20260613/source/mosaic90/ladd_b_runs/ladd_hbb_ogsod11n_ladd800r2_cap2_s123_b_e800_b64_s123_gpu5,ladd_hbb_ogsod11n_ladd800r2_cap2_s123_b_e800_b64_s123_gpu5,docs/experiments/archive_legacy_ladd_20260618/legacy_mosaic_protocols/ladd_mosaic90_20260528_artifacts/ladd_b_runs/ladd_hbb_ogsod11n_ladd800r2_cap2_s123_b_e800_b64_s123_gpu5,ladd90,ladd
19f40d924af428b9f03785e17ef80053460bc2b2,ladd_hbb_ogsod11n_ladd800r2_cap2_s123_b_e800_b64_s123_gpu5,ladd/results/archive_legacy_ladd_20260618/converged_mainline_ladd_20260613/source/mosaic90/ladd_b_runs/ladd_hbb_ogsod11n_ladd800r2_cap2_s123_b_e800_b64_s123_gpu5,ladd_hbb_ogsod11n_ladd800r2_cap2_s123_b_e800_b64_s123_gpu5,docs/experiments/archive_legacy_ladd_20260618/legacy_mosaic_protocols/ladd_mosaic_protocol_compare_20260615/raw/mnt/dataY/ydf/projects/LADD_og/legacy_results_archive/pre_formal_nomosaic_20260528/runs_public/ogsod/hbb/ladd_converged_20260524/ladd_hbb_ogsod11n_ladd800r2_cap2_s123_b_e800_b64_s123_gpu5,ladd90,ladd
19f40d924af428b9f03785e17ef80053460bc2b2,ladd_hbb_ogsod11n_ladd800r2_cap2_s123_b_e800_b64_s123_gpu5,ladd/results/archive_legacy_ladd_20260618/converged_mainline_ladd_20260613/source/mosaic90/ladd_b_runs/ladd_hbb_ogsod11n_ladd800r2_cap2_s123_b_e800_b64_s123_gpu5,ladd_hbb_ogsod11n_ladd800r2_cap2_s123_b_e800_b64_s123_gpu5,ladd/results/archive_legacy_ladd_20260618/converged_mainline_ladd_20260613/source/mosaic90/ladd_b_runs/ladd_hbb_ogsod11n_ladd800r2_cap2_s123_b_e800_b64_s123_gpu5,ladd90,ladd
2103cbff46e2ec65d61bfeb74e5646a202b36433,m_A2_short10_B1_A2,ladd/results/archive_legacy_ladd_20260618/a2_selection_20260612/current_evidence/runs/m_A2_short10_B1_A2,ladd_hbb_ogsod11m_formal_nomosaic_yolo11m_cap2_s0_diag_a2select_m_s0_a2short10_b1_a2_e10_b32_s0_gpu0,_remote_backups/4090_20260618/runs_public/ogsod/hbb/formal_nomosaic_20260528/ladd/yolo11m/cap2/ladd_hbb_ogsod11m_formal_nomosaic_yolo11m_cap2_s0_diag_a2select_m_s0_a2short10_b1_a2_e10_b32_s0_gpu0,ladd4090,ladd
2103cbff46e2ec65d61bfeb74e5646a202b36433,m_A2_short10_B1_A2,ladd/results/archive_legacy_ladd_20260618/a2_selection_20260612/current_evidence/runs/m_A2_short10_B1_A2,m_A2_short10_B1_A2,ladd/results/archive_legacy_ladd_20260618/a2_selection_20260612/current_evidence/runs/m_A2_short10_B1_A2,ladd4090,ladd
2103cbff46e2ec65d61bfeb74e5646a202b36433,m_A2_short10_B1_A2,ladd/results/archive_legacy_ladd_20260618/a2_selection_20260612/current_evidence/runs/m_A2_short10_B1_A2,ladd_hbb_ogsod11m_formal_nomosaic_yolo11m_cap2_s0_diag_a2select_m_s0_a2short10_b1_a2_e10_b32_s0_gpu0,ladd/results/archive_legacy_ladd_20260618/ladd4090_shutdown_sync_20260614/evidence_raw/ladd4090/repo_root_snapshot/runs_public/ogsod/hbb/formal_nomosaic_20260528/ladd/yolo11m/cap2/ladd_hbb_ogsod11m_formal_nomosaic_yolo11m_cap2_s0_diag_a2select_m_s0_a2short10_b1_a2_e10_b32_s0_gpu0,ladd4090,ladd
2103cbff46e2ec65d61bfeb74e5646a202b36433,m_A2_short10_B1_A2,ladd/results/archive_legacy_ladd_20260618/a2_selection_20260612/current_evidence/runs/m_A2_short10_B1_A2,ladd_hbb_ogsod11m_formal_nomosaic_yolo11m_cap2_s0_diag_a2select_m_s0_a2short10_b1_a2_e10_b32_s0_gpu0,ladd/results/archive_legacy_ladd_20260618/ladd_curve_analysis_20260612/source/runs_public_ladd/yolo11m/cap2/ladd_hbb_ogsod11m_formal_nomosaic_yolo11m_cap2_s0_diag_a2select_m_s0_a2short10_b1_a2_e10_b32_s0_gpu0,ladd4090,ladd
21e9e1b9a15fae174abb1a8433b6e8cf7d30e760,sar_yolo11n_hbb_800ep_cos_closeAt100_pat80_s0_gpu4,ladd/results/archive_legacy_ladd_20260618/converged_mainline_ladd_20260613/source/mosaic90/baseline_cos_closeAt100/sar_yolo11n_hbb_800ep_cos_closeAt100_pat80_s0_gpu4,sar_yolo11n_hbb_800ep_cos_closeAt100_pat80_s0_gpu4,docs/experiments/archive_legacy_ladd_20260618/a1a2b_and_bstage/ladd_skipa2_compare_20260616/source/mnt/dataY/ydf/projects/LADD_og/legacy_results_archive/pre_formal_nomosaic_20260528/runs_public/ogsod/hbb/baseline_controls/cos_closeAt100_E800_20260524/sar_yolo11n_hbb_800ep_cos_closeAt100_pat80_s0_gpu4,ladd90,baseline
21e9e1b9a15fae174abb1a8433b6e8cf7d30e760,sar_yolo11n_hbb_800ep_cos_closeAt100_pat80_s0_gpu4,ladd/results/archive_legacy_ladd_20260618/converged_mainline_ladd_20260613/source/mosaic90/baseline_cos_closeAt100/sar_yolo11n_hbb_800ep_cos_closeAt100_pat80_s0_gpu4,sar_yolo11n_hbb_800ep_cos_closeAt100_pat80_s0_gpu4,docs/experiments/archive_legacy_ladd_20260618/legacy_mosaic_protocols/ladd_mosaic90_20260528_artifacts/baseline_cos_closeAt100/sar_yolo11n_hbb_800ep_cos_closeAt100_pat80_s0_gpu4,ladd90,baseline
21e9e1b9a15fae174abb1a8433b6e8cf7d30e760,sar_yolo11n_hbb_800ep_cos_closeAt100_pat80_s0_gpu4,ladd/results/archive_legacy_ladd_20260618/converged_mainline_ladd_20260613/source/mosaic90/baseline_cos_closeAt100/sar_yolo11n_hbb_800ep_cos_closeAt100_pat80_s0_gpu4,sar_yolo11n_hbb_800ep_cos_closeAt100_pat80_s0_gpu4,docs/experiments/archive_legacy_ladd_20260618/legacy_mosaic_protocols/ladd_mosaic_protocol_compare_20260615/raw/mnt/dataY/ydf/projects/LADD_og/legacy_results_archive/pre_formal_nomosaic_20260528/runs_public/ogsod/hbb/baseline_controls/cos_closeAt100_E800_20260524/sar_yolo11n_hbb_800ep_cos_closeAt100_pat80_s0_gpu4,ladd90,baseline
21e9e1b9a15fae174abb1a8433b6e8cf7d30e760,sar_yolo11n_hbb_800ep_cos_closeAt100_pat80_s0_gpu4,ladd/results/archive_legacy_ladd_20260618/converged_mainline_ladd_20260613/source/mosaic90/baseline_cos_closeAt100/sar_yolo11n_hbb_800ep_cos_closeAt100_pat80_s0_gpu4,sar_yolo11n_hbb_800ep_cos_closeAt100_pat80_s0_gpu4,ladd/results/archive_legacy_ladd_20260618/converged_mainline_ladd_20260613/source/mosaic90/baseline_cos_closeAt100/sar_yolo11n_hbb_800ep_cos_closeAt100_pat80_s0_gpu4,ladd90,baseline
292575808b9719ef9b33dfb6d1cc74c5babae6f4,m_A2_short10_B1_A1,ladd/results/archive_legacy_ladd_20260618/a2_selection_20260612/current_evidence/runs/m_A2_short10_B1_A1,ladd_hbb_ogsod11m_formal_nomosaic_yolo11m_cap2_s0_diag_a2select_m_s0_a2short10_b1_a1_e10_b32_s0_gpu0,_remote_backups/4090_20260618/runs_public/ogsod/hbb/formal_nomosaic_20260528/ladd/yolo11m/cap2/ladd_hbb_ogsod11m_formal_nomosaic_yolo11m_cap2_s0_diag_a2select_m_s0_a2short10_b1_a1_e10_b32_s0_gpu0,ladd4090,ladd
292575808b9719ef9b33dfb6d1cc74c5babae6f4,m_A2_short10_B1_A1,ladd/results/archive_legacy_ladd_20260618/a2_selection_20260612/current_evidence/runs/m_A2_short10_B1_A1,m_A2_short10_B1_A1,ladd/results/archive_legacy_ladd_20260618/a2_selection_20260612/current_evidence/runs/m_A2_short10_B1_A1,ladd4090,ladd
292575808b9719ef9b33dfb6d1cc74c5babae6f4,m_A2_short10_B1_A1,ladd/results/archive_legacy_ladd_20260618/a2_selection_20260612/current_evidence/runs/m_A2_short10_B1_A1,ladd_hbb_ogsod11m_formal_nomosaic_yolo11m_cap2_s0_diag_a2select_m_s0_a2short10_b1_a1_e10_b32_s0_gpu0,ladd/results/archive_legacy_ladd_20260618/ladd4090_shutdown_sync_20260614/evidence_raw/ladd4090/repo_root_snapshot/runs_public/ogsod/hbb/formal_nomosaic_20260528/ladd/yolo11m/cap2/ladd_hbb_ogsod11m_formal_nomosaic_yolo11m_cap2_s0_diag_a2select_m_s0_a2short10_b1_a1_e10_b32_s0_gpu0,ladd4090,ladd
292575808b9719ef9b33dfb6d1cc74c5babae6f4,m_A2_short10_B1_A1,ladd/results/archive_legacy_ladd_20260618/a2_selection_20260612/current_evidence/runs/m_A2_short10_B1_A1,ladd_hbb_ogsod11m_formal_nomosaic_yolo11m_cap2_s0_diag_a2select_m_s0_a2short10_b1_a1_e10_b32_s0_gpu0,ladd/results/archive_legacy_ladd_20260618/ladd_curve_analysis_20260612/source/runs_public_ladd/yolo11m/cap2/ladd_hbb_ogsod11m_formal_nomosaic_yolo11m_cap2_s0_diag_a2select_m_s0_a2short10_b1_a1_e10_b32_s0_gpu0,ladd4090,ladd
2da6848d3e2a38f0acf45eb6bb1e8eb929600a7d,ladd_hbb_ogsod11m_formal_nomosaic_yolo11m_cap2_s0_fix_m_s0_a2lr3e4_short4_b1_a1_e10_b32_s0_gpu1,_remote_backups/4090_20260618/runs_public/ogsod/hbb/formal_nomosaic_20260528/ladd/yolo11m/cap2/ladd_hbb_ogsod11m_formal_nomosaic_yolo11m_cap2_s0_fix_m_s0_a2lr3e4_short4_b1_a1_e10_b32_s0_gpu1,ladd_hbb_ogsod11m_formal_nomosaic_yolo11m_cap2_s0_fix_m_s0_a2lr3e4_short4_b1_a1_e10_b32_s0_gpu1,_remote_backups/4090_20260618/runs_public/ogsod/hbb/formal_nomosaic_20260528/ladd/yolo11m/cap2/ladd_hbb_ogsod11m_formal_nomosaic_yolo11m_cap2_s0_fix_m_s0_a2lr3e4_short4_b1_a1_e10_b32_s0_gpu1,ladd4090,ladd
2da6848d3e2a38f0acf45eb6bb1e8eb929600a7d,ladd_hbb_ogsod11m_formal_nomosaic_yolo11m_cap2_s0_fix_m_s0_a2lr3e4_short4_b1_a1_e10_b32_s0_gpu1,_remote_backups/4090_20260618/runs_public/ogsod/hbb/formal_nomosaic_20260528/ladd/yolo11m/cap2/ladd_hbb_ogsod11m_formal_nomosaic_yolo11m_cap2_s0_fix_m_s0_a2lr3e4_short4_b1_a1_e10_b32_s0_gpu1,ladd_hbb_ogsod11m_formal_nomosaic_yolo11m_cap2_s0_fix_m_s0_a2lr3e4_short4_b1_a1_e10_b32_s0_gpu1,ladd/results/archive_legacy_ladd_20260618/ladd4090_shutdown_sync_20260614/evidence_raw/ladd4090/repo_root_snapshot/runs_public/ogsod/hbb/formal_nomosaic_20260528/ladd/yolo11m/cap2/ladd_hbb_ogsod11m_formal_nomosaic_yolo11m_cap2_s0_fix_m_s0_a2lr3e4_short4_b1_a1_e10_b32_s0_gpu1,ladd4090,ladd
2da6848d3e2a38f0acf45eb6bb1e8eb929600a7d,ladd_hbb_ogsod11m_formal_nomosaic_yolo11m_cap2_s0_fix_m_s0_a2lr3e4_short4_b1_a1_e10_b32_s0_gpu1,_remote_backups/4090_20260618/runs_public/ogsod/hbb/formal_nomosaic_20260528/ladd/yolo11m/cap2/ladd_hbb_ogsod11m_formal_nomosaic_yolo11m_cap2_s0_fix_m_s0_a2lr3e4_short4_b1_a1_e10_b32_s0_gpu1,ladd_hbb_ogsod11m_formal_nomosaic_yolo11m_cap2_s0_fix_m_s0_a2lr3e4_short4_b1_a1_e10_b32_s0_gpu1,ladd/results/archive_legacy_ladd_20260618/ladd_curve_analysis_20260612/source/runs_public_ladd/yolo11m/cap2/ladd_hbb_ogsod11m_formal_nomosaic_yolo11m_cap2_s0_fix_m_s0_a2lr3e4_short4_b1_a1_e10_b32_s0_gpu1,ladd4090,ladd
2da6848d3e2a38f0acf45eb6bb1e8eb929600a7d,ladd_hbb_ogsod11m_formal_nomosaic_yolo11m_cap2_s0_fix_m_s0_a2lr3e4_short4_b1_a1_e10_b32_s0_gpu1,_remote_backups/4090_20260618/runs_public/ogsod/hbb/formal_nomosaic_20260528/ladd/yolo11m/cap2/ladd_hbb_ogsod11m_formal_nomosaic_yolo11m_cap2_s0_fix_m_s0_a2lr3e4_short4_b1_a1_e10_b32_s0_gpu1,ladd_hbb_ogsod11m_formal_nomosaic_yolo11m_cap2_s0_fix_m_s0_a2lr3e4_short4_b1_a1_e10_b32_s0_gpu1,ladd/results/archive_legacy_ladd_20260618/repair_experiments_20260613/evidence/main_4090/runs/m_lr3e4_short4_b1/unknown/ladd_hbb_ogsod11m_formal_nomosaic_yolo11m_cap2_s0_fix_m_s0_a2lr3e4_short4_b1_a1_e10_b32_s0_gpu1,ladd4090,ladd
318b08ea30facb458e8c5f9496c05008a1419821,ladd_hbb_ogsod11m_formal_nomosaic_yolo11m_cap2_s0_fix_m_s0_a2lr3e4_short4_b1_a2_e4_b32_s0_gpu1,_remote_backups/4090_20260618/runs_public/ogsod/hbb/formal_nomosaic_20260528/ladd/yolo11m/cap2/ladd_hbb_ogsod11m_formal_nomosaic_yolo11m_cap2_s0_fix_m_s0_a2lr3e4_short4_b1_a2_e4_b32_s0_gpu1,ladd_hbb_ogsod11m_formal_nomosaic_yolo11m_cap2_s0_fix_m_s0_a2lr3e4_short4_b1_a2_e4_b32_s0_gpu1,_remote_backups/4090_20260618/runs_public/ogsod/hbb/formal_nomosaic_20260528/ladd/yolo11m/cap2/ladd_hbb_ogsod11m_formal_nomosaic_yolo11m_cap2_s0_fix_m_s0_a2lr3e4_short4_b1_a2_e4_b32_s0_gpu1,ladd4090,ladd
318b08ea30facb458e8c5f9496c05008a1419821,ladd_hbb_ogsod11m_formal_nomosaic_yolo11m_cap2_s0_fix_m_s0_a2lr3e4_short4_b1_a2_e4_b32_s0_gpu1,_remote_backups/4090_20260618/runs_public/ogsod/hbb/formal_nomosaic_20260528/ladd/yolo11m/cap2/ladd_hbb_ogsod11m_formal_nomosaic_yolo11m_cap2_s0_fix_m_s0_a2lr3e4_short4_b1_a2_e4_b32_s0_gpu1,ladd_hbb_ogsod11m_formal_nomosaic_yolo11m_cap2_s0_fix_m_s0_a2lr3e4_short4_b1_a2_e4_b32_s0_gpu1,ladd/results/archive_legacy_ladd_20260618/ladd4090_shutdown_sync_20260614/evidence_raw/ladd4090/repo_root_snapshot/runs_public/ogsod/hbb/formal_nomosaic_20260528/ladd/yolo11m/cap2/ladd_hbb_ogsod11m_formal_nomosaic_yolo11m_cap2_s0_fix_m_s0_a2lr3e4_short4_b1_a2_e4_b32_s0_gpu1,ladd4090,ladd
318b08ea30facb458e8c5f9496c05008a1419821,ladd_hbb_ogsod11m_formal_nomosaic_yolo11m_cap2_s0_fix_m_s0_a2lr3e4_short4_b1_a2_e4_b32_s0_gpu1,_remote_backups/4090_20260618/runs_public/ogsod/hbb/formal_nomosaic_20260528/ladd/yolo11m/cap2/ladd_hbb_ogsod11m_formal_nomosaic_yolo11m_cap2_s0_fix_m_s0_a2lr3e4_short4_b1_a2_e4_b32_s0_gpu1,ladd_hbb_ogsod11m_formal_nomosaic_yolo11m_cap2_s0_fix_m_s0_a2lr3e4_short4_b1_a2_e4_b32_s0_gpu1,ladd/results/archive_legacy_ladd_20260618/ladd_curve_analysis_20260612/source/runs_public_ladd/yolo11m/cap2/ladd_hbb_ogsod11m_formal_nomosaic_yolo11m_cap2_s0_fix_m_s0_a2lr3e4_short4_b1_a2_e4_b32_s0_gpu1,ladd4090,ladd
318b08ea30facb458e8c5f9496c05008a1419821,ladd_hbb_ogsod11m_formal_nomosaic_yolo11m_cap2_s0_fix_m_s0_a2lr3e4_short4_b1_a2_e4_b32_s0_gpu1,_remote_backups/4090_20260618/runs_public/ogsod/hbb/formal_nomosaic_20260528/ladd/yolo11m/cap2/ladd_hbb_ogsod11m_formal_nomosaic_yolo11m_cap2_s0_fix_m_s0_a2lr3e4_short4_b1_a2_e4_b32_s0_gpu1,ladd_hbb_ogsod11m_formal_nomosaic_yolo11m_cap2_s0_fix_m_s0_a2lr3e4_short4_b1_a2_e4_b32_s0_gpu1,ladd/results/archive_legacy_ladd_20260618/repair_experiments_20260613/evidence/main_4090/runs/m_lr3e4_short4_b1/unknown/ladd_hbb_ogsod11m_formal_nomosaic_yolo11m_cap2_s0_fix_m_s0_a2lr3e4_short4_b1_a2_e4_b32_s0_gpu1,ladd4090,ladd
3762330b7a064eb7583407cd2b91680c6c1dd125,s_A2_lr3e4_short15_B1,ladd/results/archive_legacy_ladd_20260618/a2_damage_20260612/final_evidence/runs/s_A2_lr3e4_short15_B1,ladd_hbb_ogsod11s_formal_nomosaic_yolo11s_cap2_s0_diag_a2damage_s_s0_a2lr3e4_short15_b1_b_e1_b64_s0_gpu1,_remote_backups/4090_20260618/runs_public/ogsod/hbb/formal_nomosaic_20260528/ladd/yolo11s/cap2/ladd_hbb_ogsod11s_formal_nomosaic_yolo11s_cap2_s0_diag_a2damage_s_s0_a2lr3e4_short15_b1_b_e1_b64_s0_gpu1,ladd4090,ladd
3762330b7a064eb7583407cd2b91680c6c1dd125,s_A2_lr3e4_short15_B1,ladd/results/archive_legacy_ladd_20260618/a2_damage_20260612/final_evidence/runs/s_A2_lr3e4_short15_B1,s_A2_lr3e4_short15_B1,ladd/results/archive_legacy_ladd_20260618/a2_damage_20260612/final_evidence/runs/s_A2_lr3e4_short15_B1,ladd4090,ladd
3762330b7a064eb7583407cd2b91680c6c1dd125,s_A2_lr3e4_short15_B1,ladd/results/archive_legacy_ladd_20260618/a2_damage_20260612/final_evidence/runs/s_A2_lr3e4_short15_B1,ladd_hbb_ogsod11s_formal_nomosaic_yolo11s_cap2_s0_diag_a2damage_s_s0_a2lr3e4_short15_b1_b_e1_b64_s0_gpu1,ladd/results/archive_legacy_ladd_20260618/ladd4090_shutdown_sync_20260614/evidence_raw/ladd4090/repo_root_snapshot/runs_public/ogsod/hbb/formal_nomosaic_20260528/ladd/yolo11s/cap2/ladd_hbb_ogsod11s_formal_nomosaic_yolo11s_cap2_s0_diag_a2damage_s_s0_a2lr3e4_short15_b1_b_e1_b64_s0_gpu1,ladd4090,ladd
3762330b7a064eb7583407cd2b91680c6c1dd125,s_A2_lr3e4_short15_B1,ladd/results/archive_legacy_ladd_20260618/a2_damage_20260612/final_evidence/runs/s_A2_lr3e4_short15_B1,ladd_hbb_ogsod11s_formal_nomosaic_yolo11s_cap2_s0_diag_a2damage_s_s0_a2lr3e4_short15_b1_b_e1_b64_s0_gpu1,ladd/results/archive_legacy_ladd_20260618/ladd_curve_analysis_20260612/source/runs_public_ladd/yolo11s/cap2/ladd_hbb_ogsod11s_formal_nomosaic_yolo11s_cap2_s0_diag_a2damage_s_s0_a2lr3e4_short15_b1_b_e1_b64_s0_gpu1,ladd4090,ladd
3a296520538d998287c757b76907f72150c3b0bb,s_alphaKD0p25_B400,ladd/results/archive_legacy_ladd_20260618/a2_damage_20260612/final_evidence/runs/s_alphaKD0p25_B400,ladd_hbb_ogsod11s_formal_nomosaic_yolo11s_cap2_s0_diag_capkd_s_s0_alphaKD0p25_b400_b_e400_b64_s0_gpu1,_remote_backups/4090_20260618/runs_public/ogsod/hbb/formal_nomosaic_20260528/ladd/yolo11s/cap2/ladd_hbb_ogsod11s_formal_nomosaic_yolo11s_cap2_s0_diag_capkd_s_s0_alphaKD0p25_b400_b_e400_b64_s0_gpu1,ladd4090,ladd
3a296520538d998287c757b76907f72150c3b0bb,s_alphaKD0p25_B400,ladd/results/archive_legacy_ladd_20260618/a2_damage_20260612/final_evidence/runs/s_alphaKD0p25_B400,s_alphaKD0p25_B400,ladd/results/archive_legacy_ladd_20260618/a2_damage_20260612/final_evidence/runs/s_alphaKD0p25_B400,ladd4090,ladd
3a296520538d998287c757b76907f72150c3b0bb,s_alphaKD0p25_B400,ladd/results/archive_legacy_ladd_20260618/a2_damage_20260612/final_evidence/runs/s_alphaKD0p25_B400,ladd_hbb_ogsod11s_formal_nomosaic_yolo11s_cap2_s0_diag_capkd_s_s0_alphaKD0p25_b400_b_e400_b64_s0_gpu1,ladd/results/archive_legacy_ladd_20260618/ladd4090_shutdown_sync_20260614/evidence_raw/ladd4090/repo_root_snapshot/runs_public/ogsod/hbb/formal_nomosaic_20260528/ladd/yolo11s/cap2/ladd_hbb_ogsod11s_formal_nomosaic_yolo11s_cap2_s0_diag_capkd_s_s0_alphaKD0p25_b400_b_e400_b64_s0_gpu1,ladd4090,ladd
3a296520538d998287c757b76907f72150c3b0bb,s_alphaKD0p25_B400,ladd/results/archive_legacy_ladd_20260618/a2_damage_20260612/final_evidence/runs/s_alphaKD0p25_B400,ladd_hbb_ogsod11s_formal_nomosaic_yolo11s_cap2_s0_diag_capkd_s_s0_alphaKD0p25_b400_b_e400_b64_s0_gpu1,ladd/results/archive_legacy_ladd_20260618/ladd_curve_analysis_20260612/source/runs_public_ladd/yolo11s/cap2/ladd_hbb_ogsod11s_formal_nomosaic_yolo11s_cap2_s0_diag_capkd_s_s0_alphaKD0p25_b400_b_e400_b64_s0_gpu1,ladd4090,ladd
4786ba660250146924ba9f77246ec7e66a75b859,m_A2_lr3e4_full50_retry3_B1_B1,ladd/results/archive_legacy_ladd_20260618/a2_selection_20260612/current_evidence/runs/m_A2_lr3e4_full50_retry3_B1_B1,ladd_hbb_ogsod11m_formal_nomosaic_yolo11m_cap2_s0_diag_a2damage_m_s0_a2lr3e4_b1_retry3_b_e1_b32_s0_gpu1,_remote_backups/4090_20260618/runs_public/ogsod/hbb/formal_nomosaic_20260528/ladd/yolo11m/cap2/ladd_hbb_ogsod11m_formal_nomosaic_yolo11m_cap2_s0_diag_a2damage_m_s0_a2lr3e4_b1_retry3_b_e1_b32_s0_gpu1,ladd4090,ladd
4786ba660250146924ba9f77246ec7e66a75b859,m_A2_lr3e4_full50_retry3_B1_B1,ladd/results/archive_legacy_ladd_20260618/a2_selection_20260612/current_evidence/runs/m_A2_lr3e4_full50_retry3_B1_B1,m_A2_lr3e4_full50_retry3_B1_B1,ladd/results/archive_legacy_ladd_20260618/a2_selection_20260612/current_evidence/runs/m_A2_lr3e4_full50_retry3_B1_B1,ladd4090,ladd
4786ba660250146924ba9f77246ec7e66a75b859,m_A2_lr3e4_full50_retry3_B1_B1,ladd/results/archive_legacy_ladd_20260618/a2_selection_20260612/current_evidence/runs/m_A2_lr3e4_full50_retry3_B1_B1,ladd_hbb_ogsod11m_formal_nomosaic_yolo11m_cap2_s0_diag_a2damage_m_s0_a2lr3e4_b1_retry3_b_e1_b32_s0_gpu1,ladd/results/archive_legacy_ladd_20260618/ladd4090_shutdown_sync_20260614/evidence_raw/ladd4090/repo_root_snapshot/runs_public/ogsod/hbb/formal_nomosaic_20260528/ladd/yolo11m/cap2/ladd_hbb_ogsod11m_formal_nomosaic_yolo11m_cap2_s0_diag_a2damage_m_s0_a2lr3e4_b1_retry3_b_e1_b32_s0_gpu1,ladd4090,ladd
4786ba660250146924ba9f77246ec7e66a75b859,m_A2_lr3e4_full50_retry3_B1_B1,ladd/results/archive_legacy_ladd_20260618/a2_selection_20260612/current_evidence/runs/m_A2_lr3e4_full50_retry3_B1_B1,ladd_hbb_ogsod11m_formal_nomosaic_yolo11m_cap2_s0_diag_a2damage_m_s0_a2lr3e4_b1_retry3_b_e1_b32_s0_gpu1,ladd/results/archive_legacy_ladd_20260618/ladd_curve_analysis_20260612/source/runs_public_ladd/yolo11m/cap2/ladd_hbb_ogsod11m_formal_nomosaic_yolo11m_cap2_s0_diag_a2damage_m_s0_a2lr3e4_b1_retry3_b_e1_b32_s0_gpu1,ladd4090,ladd
4cfa2a26a9c936c8a110f2f2c64931c55e302c6d,m_A2_short10_B1_B1,ladd/results/archive_legacy_ladd_20260618/a2_selection_20260612/current_evidence/runs/m_A2_short10_B1_B1,ladd_hbb_ogsod11m_formal_nomosaic_yolo11m_cap2_s0_diag_a2select_m_s0_a2short10_b1_b_e1_b32_s0_gpu0,_remote_backups/4090_20260618/runs_public/ogsod/hbb/formal_nomosaic_20260528/ladd/yolo11m/cap2/ladd_hbb_ogsod11m_formal_nomosaic_yolo11m_cap2_s0_diag_a2select_m_s0_a2short10_b1_b_e1_b32_s0_gpu0,ladd4090,ladd
4cfa2a26a9c936c8a110f2f2c64931c55e302c6d,m_A2_short10_B1_B1,ladd/results/archive_legacy_ladd_20260618/a2_selection_20260612/current_evidence/runs/m_A2_short10_B1_B1,m_A2_short10_B1_B1,ladd/results/archive_legacy_ladd_20260618/a2_selection_20260612/current_evidence/runs/m_A2_short10_B1_B1,ladd4090,ladd
4cfa2a26a9c936c8a110f2f2c64931c55e302c6d,m_A2_short10_B1_B1,ladd/results/archive_legacy_ladd_20260618/a2_selection_20260612/current_evidence/runs/m_A2_short10_B1_B1,ladd_hbb_ogsod11m_formal_nomosaic_yolo11m_cap2_s0_diag_a2select_m_s0_a2short10_b1_b_e1_b32_s0_gpu0,ladd/results/archive_legacy_ladd_20260618/ladd4090_shutdown_sync_20260614/evidence_raw/ladd4090/repo_root_snapshot/runs_public/ogsod/hbb/formal_nomosaic_20260528/ladd/yolo11m/cap2/ladd_hbb_ogsod11m_formal_nomosaic_yolo11m_cap2_s0_diag_a2select_m_s0_a2short10_b1_b_e1_b32_s0_gpu0,ladd4090,ladd
4cfa2a26a9c936c8a110f2f2c64931c55e302c6d,m_A2_short10_B1_B1,ladd/results/archive_legacy_ladd_20260618/a2_selection_20260612/current_evidence/runs/m_A2_short10_B1_B1,ladd_hbb_ogsod11m_formal_nomosaic_yolo11m_cap2_s0_diag_a2select_m_s0_a2short10_b1_b_e1_b32_s0_gpu0,ladd/results/archive_legacy_ladd_20260618/ladd_curve_analysis_20260612/source/runs_public_ladd/yolo11m/cap2/ladd_hbb_ogsod11m_formal_nomosaic_yolo11m_cap2_s0_diag_a2select_m_s0_a2short10_b1_b_e1_b32_s0_gpu0,ladd4090,ladd
554f47bda311587d5cf5022bfbde910c4612695b,m_A2_lr3e4_retry2_A2_incomplete,ladd/results/archive_legacy_ladd_20260618/a2_damage_20260612/final_evidence/runs/m_A2_lr3e4_retry2_A2_incomplete,ladd_hbb_ogsod11m_formal_nomosaic_yolo11m_cap2_s0_diag_a2damage_m_s0_a2lr3e4_b1_retry2_a2_e50_b32_s0_gpu1,_remote_backups/4090_20260618/runs_public/ogsod/hbb/formal_nomosaic_20260528/ladd/yolo11m/cap2/ladd_hbb_ogsod11m_formal_nomosaic_yolo11m_cap2_s0_diag_a2damage_m_s0_a2lr3e4_b1_retry2_a2_e50_b32_s0_gpu1,ladd4090,ladd
554f47bda311587d5cf5022bfbde910c4612695b,m_A2_lr3e4_retry2_A2_incomplete,ladd/results/archive_legacy_ladd_20260618/a2_damage_20260612/final_evidence/runs/m_A2_lr3e4_retry2_A2_incomplete,m_A2_lr3e4_retry2_A2_incomplete,ladd/results/archive_legacy_ladd_20260618/a2_damage_20260612/final_evidence/runs/m_A2_lr3e4_retry2_A2_incomplete,ladd4090,ladd
554f47bda311587d5cf5022bfbde910c4612695b,m_A2_lr3e4_retry2_A2_incomplete,ladd/results/archive_legacy_ladd_20260618/a2_damage_20260612/final_evidence/runs/m_A2_lr3e4_retry2_A2_incomplete,ladd_hbb_ogsod11m_formal_nomosaic_yolo11m_cap2_s0_diag_a2damage_m_s0_a2lr3e4_b1_retry2_a2_e50_b32_s0_gpu1,ladd/results/archive_legacy_ladd_20260618/ladd4090_shutdown_sync_20260614/evidence_raw/ladd4090/repo_root_snapshot/runs_public/ogsod/hbb/formal_nomosaic_20260528/ladd/yolo11m/cap2/ladd_hbb_ogsod11m_formal_nomosaic_yolo11m_cap2_s0_diag_a2damage_m_s0_a2lr3e4_b1_retry2_a2_e50_b32_s0_gpu1,ladd4090,ladd
554f47bda311587d5cf5022bfbde910c4612695b,m_A2_lr3e4_retry2_A2_incomplete,ladd/results/archive_legacy_ladd_20260618/a2_damage_20260612/final_evidence/runs/m_A2_lr3e4_retry2_A2_incomplete,ladd_hbb_ogsod11m_formal_nomosaic_yolo11m_cap2_s0_diag_a2damage_m_s0_a2lr3e4_b1_retry2_a2_e50_b32_s0_gpu1,ladd/results/archive_legacy_ladd_20260618/ladd_curve_analysis_20260612/source/runs_public_ladd/yolo11m/cap2/ladd_hbb_ogsod11m_formal_nomosaic_yolo11m_cap2_s0_diag_a2damage_m_s0_a2lr3e4_b1_retry2_a2_e50_b32_s0_gpu1,ladd4090,ladd
589412906c8286cd2ad072f7c7c62d7939999664,ladd_hbb_ogsod11m_formal_nomosaic_yolo11m_cap2_s0_fix_m_s0_a2lr1e4_short5_b1_b_e1_b32_s0_gpu1,_remote_backups/4090_20260618/runs_public/ogsod/hbb/formal_nomosaic_20260528/ladd/yolo11m/cap2/ladd_hbb_ogsod11m_formal_nomosaic_yolo11m_cap2_s0_fix_m_s0_a2lr1e4_short5_b1_b_e1_b32_s0_gpu1,ladd_hbb_ogsod11m_formal_nomosaic_yolo11m_cap2_s0_fix_m_s0_a2lr1e4_short5_b1_b_e1_b32_s0_gpu1,_remote_backups/4090_20260618/runs_public/ogsod/hbb/formal_nomosaic_20260528/ladd/yolo11m/cap2/ladd_hbb_ogsod11m_formal_nomosaic_yolo11m_cap2_s0_fix_m_s0_a2lr1e4_short5_b1_b_e1_b32_s0_gpu1,ladd4090,ladd
589412906c8286cd2ad072f7c7c62d7939999664,ladd_hbb_ogsod11m_formal_nomosaic_yolo11m_cap2_s0_fix_m_s0_a2lr1e4_short5_b1_b_e1_b32_s0_gpu1,_remote_backups/4090_20260618/runs_public/ogsod/hbb/formal_nomosaic_20260528/ladd/yolo11m/cap2/ladd_hbb_ogsod11m_formal_nomosaic_yolo11m_cap2_s0_fix_m_s0_a2lr1e4_short5_b1_b_e1_b32_s0_gpu1,ladd_hbb_ogsod11m_formal_nomosaic_yolo11m_cap2_s0_fix_m_s0_a2lr1e4_short5_b1_b_e1_b32_s0_gpu1,ladd/results/archive_legacy_ladd_20260618/ladd4090_shutdown_sync_20260614/evidence_raw/ladd4090/repo_root_snapshot/runs_public/ogsod/hbb/formal_nomosaic_20260528/ladd/yolo11m/cap2/ladd_hbb_ogsod11m_formal_nomosaic_yolo11m_cap2_s0_fix_m_s0_a2lr1e4_short5_b1_b_e1_b32_s0_gpu1,ladd4090,ladd
589412906c8286cd2ad072f7c7c62d7939999664,ladd_hbb_ogsod11m_formal_nomosaic_yolo11m_cap2_s0_fix_m_s0_a2lr1e4_short5_b1_b_e1_b32_s0_gpu1,_remote_backups/4090_20260618/runs_public/ogsod/hbb/formal_nomosaic_20260528/ladd/yolo11m/cap2/ladd_hbb_ogsod11m_formal_nomosaic_yolo11m_cap2_s0_fix_m_s0_a2lr1e4_short5_b1_b_e1_b32_s0_gpu1,ladd_hbb_ogsod11m_formal_nomosaic_yolo11m_cap2_s0_fix_m_s0_a2lr1e4_short5_b1_b_e1_b32_s0_gpu1,ladd/results/archive_legacy_ladd_20260618/ladd_curve_analysis_20260612/source/runs_public_ladd/yolo11m/cap2/ladd_hbb_ogsod11m_formal_nomosaic_yolo11m_cap2_s0_fix_m_s0_a2lr1e4_short5_b1_b_e1_b32_s0_gpu1,ladd4090,ladd
589412906c8286cd2ad072f7c7c62d7939999664,ladd_hbb_ogsod11m_formal_nomosaic_yolo11m_cap2_s0_fix_m_s0_a2lr1e4_short5_b1_b_e1_b32_s0_gpu1,_remote_backups/4090_20260618/runs_public/ogsod/hbb/formal_nomosaic_20260528/ladd/yolo11m/cap2/ladd_hbb_ogsod11m_formal_nomosaic_yolo11m_cap2_s0_fix_m_s0_a2lr1e4_short5_b1_b_e1_b32_s0_gpu1,ladd_hbb_ogsod11m_formal_nomosaic_yolo11m_cap2_s0_fix_m_s0_a2lr1e4_short5_b1_b_e1_b32_s0_gpu1,ladd/results/archive_legacy_ladd_20260618/repair_experiments_20260613/evidence/main_4090/runs/m_lr1e4_short5_b1/unknown/ladd_hbb_ogsod11m_formal_nomosaic_yolo11m_cap2_s0_fix_m_s0_a2lr1e4_short5_b1_b_e1_b32_s0_gpu1,ladd4090,ladd
5ad3fbb3a99b4335e5488459d0861ac51d0a70b8,m_A2_lr3e4_short10_B1_A1,ladd/results/archive_legacy_ladd_20260618/a2_selection_20260612/current_evidence/runs/m_A2_lr3e4_short10_B1_A1,ladd_hbb_ogsod11m_formal_nomosaic_yolo11m_cap2_s0_diag_a2select_m_s0_a2lr3e4_short10_b1_a1_e10_b32_s0_gpu1,_remote_backups/4090_20260618/runs_public/ogsod/hbb/formal_nomosaic_20260528/ladd/yolo11m/cap2/ladd_hbb_ogsod11m_formal_nomosaic_yolo11m_cap2_s0_diag_a2select_m_s0_a2lr3e4_short10_b1_a1_e10_b32_s0_gpu1,ladd4090,ladd
5ad3fbb3a99b4335e5488459d0861ac51d0a70b8,m_A2_lr3e4_short10_B1_A1,ladd/results/archive_legacy_ladd_20260618/a2_selection_20260612/current_evidence/runs/m_A2_lr3e4_short10_B1_A1,m_A2_lr3e4_short10_B1_A1,ladd/results/archive_legacy_ladd_20260618/a2_selection_20260612/current_evidence/runs/m_A2_lr3e4_short10_B1_A1,ladd4090,ladd
5ad3fbb3a99b4335e5488459d0861ac51d0a70b8,m_A2_lr3e4_short10_B1_A1,ladd/results/archive_legacy_ladd_20260618/a2_selection_20260612/current_evidence/runs/m_A2_lr3e4_short10_B1_A1,ladd_hbb_ogsod11m_formal_nomosaic_yolo11m_cap2_s0_diag_a2select_m_s0_a2lr3e4_short10_b1_a1_e10_b32_s0_gpu1,ladd/results/archive_legacy_ladd_20260618/ladd4090_shutdown_sync_20260614/evidence_raw/ladd4090/repo_root_snapshot/runs_public/ogsod/hbb/formal_nomosaic_20260528/ladd/yolo11m/cap2/ladd_hbb_ogsod11m_formal_nomosaic_yolo11m_cap2_s0_diag_a2select_m_s0_a2lr3e4_short10_b1_a1_e10_b32_s0_gpu1,ladd4090,ladd
5ad3fbb3a99b4335e5488459d0861ac51d0a70b8,m_A2_lr3e4_short10_B1_A1,ladd/results/archive_legacy_ladd_20260618/a2_selection_20260612/current_evidence/runs/m_A2_lr3e4_short10_B1_A1,ladd_hbb_ogsod11m_formal_nomosaic_yolo11m_cap2_s0_diag_a2select_m_s0_a2lr3e4_short10_b1_a1_e10_b32_s0_gpu1,ladd/results/archive_legacy_ladd_20260618/ladd_curve_analysis_20260612/source/runs_public_ladd/yolo11m/cap2/ladd_hbb_ogsod11m_formal_nomosaic_yolo11m_cap2_s0_diag_a2select_m_s0_a2lr3e4_short10_b1_a1_e10_b32_s0_gpu1,ladd4090,ladd
5e0f743672fdbf3a5dcac6a08008d538818ec810,s_B_detonly_r2_A2,ladd/results/archive_legacy_ladd_20260618/a2_damage_20260612/final_evidence/runs/s_B_detonly_r2_A2,ladd_hbb_ogsod11s_formal_nomosaic_yolo11s_cap2_s0_diag_capkd_s_s0_bdetonly_b400_r2_a2_e50_b64_s0_gpu0,_remote_backups/4090_20260618/runs_public/ogsod/hbb/formal_nomosaic_20260528/ladd/yolo11s/cap2/ladd_hbb_ogsod11s_formal_nomosaic_yolo11s_cap2_s0_diag_capkd_s_s0_bdetonly_b400_r2_a2_e50_b64_s0_gpu0,ladd4090,ladd
5e0f743672fdbf3a5dcac6a08008d538818ec810,s_B_detonly_r2_A2,ladd/results/archive_legacy_ladd_20260618/a2_damage_20260612/final_evidence/runs/s_B_detonly_r2_A2,s_B_detonly_r2_A2,ladd/results/archive_legacy_ladd_20260618/a2_damage_20260612/final_evidence/runs/s_B_detonly_r2_A2,ladd4090,ladd
5e0f743672fdbf3a5dcac6a08008d538818ec810,s_B_detonly_r2_A2,ladd/results/archive_legacy_ladd_20260618/a2_damage_20260612/final_evidence/runs/s_B_detonly_r2_A2,ladd_hbb_ogsod11s_formal_nomosaic_yolo11s_cap2_s0_diag_capkd_s_s0_bdetonly_b400_r2_a2_e50_b64_s0_gpu0,ladd/results/archive_legacy_ladd_20260618/ladd4090_shutdown_sync_20260614/evidence_raw/ladd4090/repo_root_snapshot/runs_public/ogsod/hbb/formal_nomosaic_20260528/ladd/yolo11s/cap2/ladd_hbb_ogsod11s_formal_nomosaic_yolo11s_cap2_s0_diag_capkd_s_s0_bdetonly_b400_r2_a2_e50_b64_s0_gpu0,ladd4090,ladd
5e0f743672fdbf3a5dcac6a08008d538818ec810,s_B_detonly_r2_A2,ladd/results/archive_legacy_ladd_20260618/a2_damage_20260612/final_evidence/runs/s_B_detonly_r2_A2,ladd_hbb_ogsod11s_formal_nomosaic_yolo11s_cap2_s0_diag_capkd_s_s0_bdetonly_b400_r2_a2_e50_b64_s0_gpu0,ladd/results/archive_legacy_ladd_20260618/ladd_curve_analysis_20260612/source/runs_public_ladd/yolo11s/cap2/ladd_hbb_ogsod11s_formal_nomosaic_yolo11s_cap2_s0_diag_capkd_s_s0_bdetonly_b400_r2_a2_e50_b64_s0_gpu0,ladd4090,ladd
6a4de85819c438f48aba57a05fa74591f9c1fd76,m_A2_lr3e4_full50_retry3_B1_A2,ladd/results/archive_legacy_ladd_20260618/a2_selection_20260612/current_evidence/runs/m_A2_lr3e4_full50_retry3_B1_A2,ladd_hbb_ogsod11m_formal_nomosaic_yolo11m_cap2_s0_diag_a2damage_m_s0_a2lr3e4_b1_retry3_a2_e50_b32_s0_gpu1,_remote_backups/4090_20260618/runs_public/ogsod/hbb/formal_nomosaic_20260528/ladd/yolo11m/cap2/ladd_hbb_ogsod11m_formal_nomosaic_yolo11m_cap2_s0_diag_a2damage_m_s0_a2lr3e4_b1_retry3_a2_e50_b32_s0_gpu1,ladd4090,ladd
6a4de85819c438f48aba57a05fa74591f9c1fd76,m_A2_lr3e4_full50_retry3_B1_A2,ladd/results/archive_legacy_ladd_20260618/a2_selection_20260612/current_evidence/runs/m_A2_lr3e4_full50_retry3_B1_A2,m_A2_lr3e4_full50_retry3_B1_A2,ladd/results/archive_legacy_ladd_20260618/a2_selection_20260612/current_evidence/runs/m_A2_lr3e4_full50_retry3_B1_A2,ladd4090,ladd
6a4de85819c438f48aba57a05fa74591f9c1fd76,m_A2_lr3e4_full50_retry3_B1_A2,ladd/results/archive_legacy_ladd_20260618/a2_selection_20260612/current_evidence/runs/m_A2_lr3e4_full50_retry3_B1_A2,ladd_hbb_ogsod11m_formal_nomosaic_yolo11m_cap2_s0_diag_a2damage_m_s0_a2lr3e4_b1_retry3_a2_e50_b32_s0_gpu1,ladd/results/archive_legacy_ladd_20260618/ladd4090_shutdown_sync_20260614/evidence_raw/ladd4090/repo_root_snapshot/runs_public/ogsod/hbb/formal_nomosaic_20260528/ladd/yolo11m/cap2/ladd_hbb_ogsod11m_formal_nomosaic_yolo11m_cap2_s0_diag_a2damage_m_s0_a2lr3e4_b1_retry3_a2_e50_b32_s0_gpu1,ladd4090,ladd
6a4de85819c438f48aba57a05fa74591f9c1fd76,m_A2_lr3e4_full50_retry3_B1_A2,ladd/results/archive_legacy_ladd_20260618/a2_selection_20260612/current_evidence/runs/m_A2_lr3e4_full50_retry3_B1_A2,ladd_hbb_ogsod11m_formal_nomosaic_yolo11m_cap2_s0_diag_a2damage_m_s0_a2lr3e4_b1_retry3_a2_e50_b32_s0_gpu1,ladd/results/archive_legacy_ladd_20260618/ladd_curve_analysis_20260612/source/runs_public_ladd/yolo11m/cap2/ladd_hbb_ogsod11m_formal_nomosaic_yolo11m_cap2_s0_diag_a2damage_m_s0_a2lr3e4_b1_retry3_a2_e50_b32_s0_gpu1,ladd4090,ladd
6c0fd3a18c1d5f436131be5b91cc2d6c139c5eb9,ladd_hbb_ogsod11m_formal_nomosaic_yolo11m_cap2_s0_fix_m_s0_a2lr1e4_short5_b1_a2_e5_b32_s0_gpu1,_remote_backups/4090_20260618/runs_public/ogsod/hbb/formal_nomosaic_20260528/ladd/yolo11m/cap2/ladd_hbb_ogsod11m_formal_nomosaic_yolo11m_cap2_s0_fix_m_s0_a2lr1e4_short5_b1_a2_e5_b32_s0_gpu1,ladd_hbb_ogsod11m_formal_nomosaic_yolo11m_cap2_s0_fix_m_s0_a2lr1e4_short5_b1_a2_e5_b32_s0_gpu1,_remote_backups/4090_20260618/runs_public/ogsod/hbb/formal_nomosaic_20260528/ladd/yolo11m/cap2/ladd_hbb_ogsod11m_formal_nomosaic_yolo11m_cap2_s0_fix_m_s0_a2lr1e4_short5_b1_a2_e5_b32_s0_gpu1,ladd4090,ladd
6c0fd3a18c1d5f436131be5b91cc2d6c139c5eb9,ladd_hbb_ogsod11m_formal_nomosaic_yolo11m_cap2_s0_fix_m_s0_a2lr1e4_short5_b1_a2_e5_b32_s0_gpu1,_remote_backups/4090_20260618/runs_public/ogsod/hbb/formal_nomosaic_20260528/ladd/yolo11m/cap2/ladd_hbb_ogsod11m_formal_nomosaic_yolo11m_cap2_s0_fix_m_s0_a2lr1e4_short5_b1_a2_e5_b32_s0_gpu1,ladd_hbb_ogsod11m_formal_nomosaic_yolo11m_cap2_s0_fix_m_s0_a2lr1e4_short5_b1_a2_e5_b32_s0_gpu1,ladd/results/archive_legacy_ladd_20260618/ladd4090_shutdown_sync_20260614/evidence_raw/ladd4090/repo_root_snapshot/runs_public/ogsod/hbb/formal_nomosaic_20260528/ladd/yolo11m/cap2/ladd_hbb_ogsod11m_formal_nomosaic_yolo11m_cap2_s0_fix_m_s0_a2lr1e4_short5_b1_a2_e5_b32_s0_gpu1,ladd4090,ladd
6c0fd3a18c1d5f436131be5b91cc2d6c139c5eb9,ladd_hbb_ogsod11m_formal_nomosaic_yolo11m_cap2_s0_fix_m_s0_a2lr1e4_short5_b1_a2_e5_b32_s0_gpu1,_remote_backups/4090_20260618/runs_public/ogsod/hbb/formal_nomosaic_20260528/ladd/yolo11m/cap2/ladd_hbb_ogsod11m_formal_nomosaic_yolo11m_cap2_s0_fix_m_s0_a2lr1e4_short5_b1_a2_e5_b32_s0_gpu1,ladd_hbb_ogsod11m_formal_nomosaic_yolo11m_cap2_s0_fix_m_s0_a2lr1e4_short5_b1_a2_e5_b32_s0_gpu1,ladd/results/archive_legacy_ladd_20260618/ladd_curve_analysis_20260612/source/runs_public_ladd/yolo11m/cap2/ladd_hbb_ogsod11m_formal_nomosaic_yolo11m_cap2_s0_fix_m_s0_a2lr1e4_short5_b1_a2_e5_b32_s0_gpu1,ladd4090,ladd
6c0fd3a18c1d5f436131be5b91cc2d6c139c5eb9,ladd_hbb_ogsod11m_formal_nomosaic_yolo11m_cap2_s0_fix_m_s0_a2lr1e4_short5_b1_a2_e5_b32_s0_gpu1,_remote_backups/4090_20260618/runs_public/ogsod/hbb/formal_nomosaic_20260528/ladd/yolo11m/cap2/ladd_hbb_ogsod11m_formal_nomosaic_yolo11m_cap2_s0_fix_m_s0_a2lr1e4_short5_b1_a2_e5_b32_s0_gpu1,ladd_hbb_ogsod11m_formal_nomosaic_yolo11m_cap2_s0_fix_m_s0_a2lr1e4_short5_b1_a2_e5_b32_s0_gpu1,ladd/results/archive_legacy_ladd_20260618/repair_experiments_20260613/evidence/main_4090/runs/m_lr1e4_short5_b1/unknown/ladd_hbb_ogsod11m_formal_nomosaic_yolo11m_cap2_s0_fix_m_s0_a2lr1e4_short5_b1_a2_e5_b32_s0_gpu1,ladd4090,ladd
6c28673b85eee5c3b57c5a48c940506f592857dd,s_A2_short15_B1,ladd/results/archive_legacy_ladd_20260618/a2_damage_20260612/final_evidence/runs/s_A2_short15_B1,ladd_hbb_ogsod11s_formal_nomosaic_yolo11s_cap2_s0_diag_a2damage_s_s0_a2short15_b1_b_e1_b64_s0_gpu1,_remote_backups/4090_20260618/runs_public/ogsod/hbb/formal_nomosaic_20260528/ladd/yolo11s/cap2/ladd_hbb_ogsod11s_formal_nomosaic_yolo11s_cap2_s0_diag_a2damage_s_s0_a2short15_b1_b_e1_b64_s0_gpu1,ladd4090,ladd
6c28673b85eee5c3b57c5a48c940506f592857dd,s_A2_short15_B1,ladd/results/archive_legacy_ladd_20260618/a2_damage_20260612/final_evidence/runs/s_A2_short15_B1,s_A2_short15_B1,ladd/results/archive_legacy_ladd_20260618/a2_damage_20260612/final_evidence/runs/s_A2_short15_B1,ladd4090,ladd
6c28673b85eee5c3b57c5a48c940506f592857dd,s_A2_short15_B1,ladd/results/archive_legacy_ladd_20260618/a2_damage_20260612/final_evidence/runs/s_A2_short15_B1,ladd_hbb_ogsod11s_formal_nomosaic_yolo11s_cap2_s0_diag_a2damage_s_s0_a2short15_b1_b_e1_b64_s0_gpu1,ladd/results/archive_legacy_ladd_20260618/ladd4090_shutdown_sync_20260614/evidence_raw/ladd4090/repo_root_snapshot/runs_public/ogsod/hbb/formal_nomosaic_20260528/ladd/yolo11s/cap2/ladd_hbb_ogsod11s_formal_nomosaic_yolo11s_cap2_s0_diag_a2damage_s_s0_a2short15_b1_b_e1_b64_s0_gpu1,ladd4090,ladd
6c28673b85eee5c3b57c5a48c940506f592857dd,s_A2_short15_B1,ladd/results/archive_legacy_ladd_20260618/a2_damage_20260612/final_evidence/runs/s_A2_short15_B1,ladd_hbb_ogsod11s_formal_nomosaic_yolo11s_cap2_s0_diag_a2damage_s_s0_a2short15_b1_b_e1_b64_s0_gpu1,ladd/results/archive_legacy_ladd_20260618/ladd_curve_analysis_20260612/source/runs_public_ladd/yolo11s/cap2/ladd_hbb_ogsod11s_formal_nomosaic_yolo11s_cap2_s0_diag_a2damage_s_s0_a2short15_b1_b_e1_b64_s0_gpu1,ladd4090,ladd
6d092cc23c17e83792dee6566a9c8b5671aaf251,s_A2_lr3e4_short13_Bdet200_A2,ladd/results/archive_legacy_ladd_20260618/a2_selection_20260612/current_evidence/runs/s_A2_lr3e4_short13_Bdet200_A2,ladd_hbb_ogsod11s_formal_nomosaic_yolo11s_cap2_s0_diag_a2select_s_s0_a2lr3e4_short13_bdetonly200_a2_e13_b64_s0_gpu0,_remote_backups/4090_20260618/runs_public/ogsod/hbb/formal_nomosaic_20260528/ladd/yolo11s/cap2/ladd_hbb_ogsod11s_formal_nomosaic_yolo11s_cap2_s0_diag_a2select_s_s0_a2lr3e4_short13_bdetonly200_a2_e13_b64_s0_gpu0,ladd4090,ladd
6d092cc23c17e83792dee6566a9c8b5671aaf251,s_A2_lr3e4_short13_Bdet200_A2,ladd/results/archive_legacy_ladd_20260618/a2_selection_20260612/current_evidence/runs/s_A2_lr3e4_short13_Bdet200_A2,s_A2_lr3e4_short13_Bdet200_A2,ladd/results/archive_legacy_ladd_20260618/a2_selection_20260612/current_evidence/runs/s_A2_lr3e4_short13_Bdet200_A2,ladd4090,ladd
6d092cc23c17e83792dee6566a9c8b5671aaf251,s_A2_lr3e4_short13_Bdet200_A2,ladd/results/archive_legacy_ladd_20260618/a2_selection_20260612/current_evidence/runs/s_A2_lr3e4_short13_Bdet200_A2,ladd_hbb_ogsod11s_formal_nomosaic_yolo11s_cap2_s0_diag_a2select_s_s0_a2lr3e4_short13_bdetonly200_a2_e13_b64_s0_gpu0,ladd/results/archive_legacy_ladd_20260618/ladd4090_shutdown_sync_20260614/evidence_raw/ladd4090/repo_root_snapshot/runs_public/ogsod/hbb/formal_nomosaic_20260528/ladd/yolo11s/cap2/ladd_hbb_ogsod11s_formal_nomosaic_yolo11s_cap2_s0_diag_a2select_s_s0_a2lr3e4_short13_bdetonly200_a2_e13_b64_s0_gpu0,ladd4090,ladd
6d092cc23c17e83792dee6566a9c8b5671aaf251,s_A2_lr3e4_short13_Bdet200_A2,ladd/results/archive_legacy_ladd_20260618/a2_selection_20260612/current_evidence/runs/s_A2_lr3e4_short13_Bdet200_A2,ladd_hbb_ogsod11s_formal_nomosaic_yolo11s_cap2_s0_diag_a2select_s_s0_a2lr3e4_short13_bdetonly200_a2_e13_b64_s0_gpu0,ladd/results/archive_legacy_ladd_20260618/ladd_curve_analysis_20260612/source/runs_public_ladd/yolo11s/cap2/ladd_hbb_ogsod11s_formal_nomosaic_yolo11s_cap2_s0_diag_a2select_s_s0_a2lr3e4_short13_bdetonly200_a2_e13_b64_s0_gpu0,ladd4090,ladd
71109b4df2015a08ebbb58f710ba26c26671a162,s_A2_lr3e4_short15_A2,ladd/results/archive_legacy_ladd_20260618/a2_damage_20260612/final_evidence/runs/s_A2_lr3e4_short15_A2,ladd_hbb_ogsod11s_formal_nomosaic_yolo11s_cap2_s0_diag_a2damage_s_s0_a2lr3e4_short15_b1_a2_e15_b64_s0_gpu1,_remote_backups/4090_20260618/runs_public/ogsod/hbb/formal_nomosaic_20260528/ladd/yolo11s/cap2/ladd_hbb_ogsod11s_formal_nomosaic_yolo11s_cap2_s0_diag_a2damage_s_s0_a2lr3e4_short15_b1_a2_e15_b64_s0_gpu1,ladd4090,ladd
71109b4df2015a08ebbb58f710ba26c26671a162,s_A2_lr3e4_short15_A2,ladd/results/archive_legacy_ladd_20260618/a2_damage_20260612/final_evidence/runs/s_A2_lr3e4_short15_A2,s_A2_lr3e4_short15_A2,ladd/results/archive_legacy_ladd_20260618/a2_damage_20260612/final_evidence/runs/s_A2_lr3e4_short15_A2,ladd4090,ladd
71109b4df2015a08ebbb58f710ba26c26671a162,s_A2_lr3e4_short15_A2,ladd/results/archive_legacy_ladd_20260618/a2_damage_20260612/final_evidence/runs/s_A2_lr3e4_short15_A2,ladd_hbb_ogsod11s_formal_nomosaic_yolo11s_cap2_s0_diag_a2damage_s_s0_a2lr3e4_short15_b1_a2_e15_b64_s0_gpu1,ladd/results/archive_legacy_ladd_20260618/ladd4090_shutdown_sync_20260614/evidence_raw/ladd4090/repo_root_snapshot/runs_public/ogsod/hbb/formal_nomosaic_20260528/ladd/yolo11s/cap2/ladd_hbb_ogsod11s_formal_nomosaic_yolo11s_cap2_s0_diag_a2damage_s_s0_a2lr3e4_short15_b1_a2_e15_b64_s0_gpu1,ladd4090,ladd
71109b4df2015a08ebbb58f710ba26c26671a162,s_A2_lr3e4_short15_A2,ladd/results/archive_legacy_ladd_20260618/a2_damage_20260612/final_evidence/runs/s_A2_lr3e4_short15_A2,ladd_hbb_ogsod11s_formal_nomosaic_yolo11s_cap2_s0_diag_a2damage_s_s0_a2lr3e4_short15_b1_a2_e15_b64_s0_gpu1,ladd/results/archive_legacy_ladd_20260618/ladd_curve_analysis_20260612/source/runs_public_ladd/yolo11s/cap2/ladd_hbb_ogsod11s_formal_nomosaic_yolo11s_cap2_s0_diag_a2damage_s_s0_a2lr3e4_short15_b1_a2_e15_b64_s0_gpu1,ladd4090,ladd
73d2e09ced66945377e469c3cc53bb869bb9daac,s_alphaKD0p5_B400,ladd/results/archive_legacy_ladd_20260618/a2_damage_20260612/final_evidence/runs/s_alphaKD0p5_B400,ladd_hbb_ogsod11s_formal_nomosaic_yolo11s_cap2_s0_diag_capkd_s_s0_alphaKD0p5_b400_b_e400_b64_s0_gpu0,_remote_backups/4090_20260618/runs_public/ogsod/hbb/formal_nomosaic_20260528/ladd/yolo11s/cap2/ladd_hbb_ogsod11s_formal_nomosaic_yolo11s_cap2_s0_diag_capkd_s_s0_alphaKD0p5_b400_b_e400_b64_s0_gpu0,ladd4090,ladd
73d2e09ced66945377e469c3cc53bb869bb9daac,s_alphaKD0p5_B400,ladd/results/archive_legacy_ladd_20260618/a2_damage_20260612/final_evidence/runs/s_alphaKD0p5_B400,s_alphaKD0p5_B400,ladd/results/archive_legacy_ladd_20260618/a2_damage_20260612/final_evidence/runs/s_alphaKD0p5_B400,ladd4090,ladd
73d2e09ced66945377e469c3cc53bb869bb9daac,s_alphaKD0p5_B400,ladd/results/archive_legacy_ladd_20260618/a2_damage_20260612/final_evidence/runs/s_alphaKD0p5_B400,ladd_hbb_ogsod11s_formal_nomosaic_yolo11s_cap2_s0_diag_capkd_s_s0_alphaKD0p5_b400_b_e400_b64_s0_gpu0,ladd/results/archive_legacy_ladd_20260618/ladd4090_shutdown_sync_20260614/evidence_raw/ladd4090/repo_root_snapshot/runs_public/ogsod/hbb/formal_nomosaic_20260528/ladd/yolo11s/cap2/ladd_hbb_ogsod11s_formal_nomosaic_yolo11s_cap2_s0_diag_capkd_s_s0_alphaKD0p5_b400_b_e400_b64_s0_gpu0,ladd4090,ladd
73d2e09ced66945377e469c3cc53bb869bb9daac,s_alphaKD0p5_B400,ladd/results/archive_legacy_ladd_20260618/a2_damage_20260612/final_evidence/runs/s_alphaKD0p5_B400,ladd_hbb_ogsod11s_formal_nomosaic_yolo11s_cap2_s0_diag_capkd_s_s0_alphaKD0p5_b400_b_e400_b64_s0_gpu0,ladd/results/archive_legacy_ladd_20260618/ladd_curve_analysis_20260612/source/runs_public_ladd/yolo11s/cap2/ladd_hbb_ogsod11s_formal_nomosaic_yolo11s_cap2_s0_diag_capkd_s_s0_alphaKD0p5_b400_b_e400_b64_s0_gpu0,ladd4090,ladd
75b8c7437d85d6db03c4281f8fc54bd8aae531d2,s_A2_lr1e4_short15_B1_A2,ladd/results/archive_legacy_ladd_20260618/a2_selection_20260612/current_evidence/runs/s_A2_lr1e4_short15_B1_A2,ladd_hbb_ogsod11s_formal_nomosaic_yolo11s_cap2_s0_diag_a2select_s_s0_a2lr1e4_short15_b1_a2_e15_b64_s0_gpu1,_remote_backups/4090_20260618/runs_public/ogsod/hbb/formal_nomosaic_20260528/ladd/yolo11s/cap2/ladd_hbb_ogsod11s_formal_nomosaic_yolo11s_cap2_s0_diag_a2select_s_s0_a2lr1e4_short15_b1_a2_e15_b64_s0_gpu1,ladd4090,ladd
75b8c7437d85d6db03c4281f8fc54bd8aae531d2,s_A2_lr1e4_short15_B1_A2,ladd/results/archive_legacy_ladd_20260618/a2_selection_20260612/current_evidence/runs/s_A2_lr1e4_short15_B1_A2,s_A2_lr1e4_short15_B1_A2,ladd/results/archive_legacy_ladd_20260618/a2_selection_20260612/current_evidence/runs/s_A2_lr1e4_short15_B1_A2,ladd4090,ladd
75b8c7437d85d6db03c4281f8fc54bd8aae531d2,s_A2_lr1e4_short15_B1_A2,ladd/results/archive_legacy_ladd_20260618/a2_selection_20260612/current_evidence/runs/s_A2_lr1e4_short15_B1_A2,ladd_hbb_ogsod11s_formal_nomosaic_yolo11s_cap2_s0_diag_a2select_s_s0_a2lr1e4_short15_b1_a2_e15_b64_s0_gpu1,ladd/results/archive_legacy_ladd_20260618/ladd4090_shutdown_sync_20260614/evidence_raw/ladd4090/repo_root_snapshot/runs_public/ogsod/hbb/formal_nomosaic_20260528/ladd/yolo11s/cap2/ladd_hbb_ogsod11s_formal_nomosaic_yolo11s_cap2_s0_diag_a2select_s_s0_a2lr1e4_short15_b1_a2_e15_b64_s0_gpu1,ladd4090,ladd
75b8c7437d85d6db03c4281f8fc54bd8aae531d2,s_A2_lr1e4_short15_B1_A2,ladd/results/archive_legacy_ladd_20260618/a2_selection_20260612/current_evidence/runs/s_A2_lr1e4_short15_B1_A2,ladd_hbb_ogsod11s_formal_nomosaic_yolo11s_cap2_s0_diag_a2select_s_s0_a2lr1e4_short15_b1_a2_e15_b64_s0_gpu1,ladd/results/archive_legacy_ladd_20260618/ladd_curve_analysis_20260612/source/runs_public_ladd/yolo11s/cap2/ladd_hbb_ogsod11s_formal_nomosaic_yolo11s_cap2_s0_diag_a2select_s_s0_a2lr1e4_short15_b1_a2_e15_b64_s0_gpu1,ladd4090,ladd
78b10dda5d9f5da1a63c54048401717cfba812da,ladd_hbb_ogsod11m_formal_nomosaic_yolo11m_cap2_s0_fix_m_s0_a2lr3e4_short4_b1_b_e1_b32_s0_gpu1,_remote_backups/4090_20260618/runs_public/ogsod/hbb/formal_nomosaic_20260528/ladd/yolo11m/cap2/ladd_hbb_ogsod11m_formal_nomosaic_yolo11m_cap2_s0_fix_m_s0_a2lr3e4_short4_b1_b_e1_b32_s0_gpu1,ladd_hbb_ogsod11m_formal_nomosaic_yolo11m_cap2_s0_fix_m_s0_a2lr3e4_short4_b1_b_e1_b32_s0_gpu1,_remote_backups/4090_20260618/runs_public/ogsod/hbb/formal_nomosaic_20260528/ladd/yolo11m/cap2/ladd_hbb_ogsod11m_formal_nomosaic_yolo11m_cap2_s0_fix_m_s0_a2lr3e4_short4_b1_b_e1_b32_s0_gpu1,ladd4090,ladd
78b10dda5d9f5da1a63c54048401717cfba812da,ladd_hbb_ogsod11m_formal_nomosaic_yolo11m_cap2_s0_fix_m_s0_a2lr3e4_short4_b1_b_e1_b32_s0_gpu1,_remote_backups/4090_20260618/runs_public/ogsod/hbb/formal_nomosaic_20260528/ladd/yolo11m/cap2/ladd_hbb_ogsod11m_formal_nomosaic_yolo11m_cap2_s0_fix_m_s0_a2lr3e4_short4_b1_b_e1_b32_s0_gpu1,ladd_hbb_ogsod11m_formal_nomosaic_yolo11m_cap2_s0_fix_m_s0_a2lr3e4_short4_b1_b_e1_b32_s0_gpu1,ladd/results/archive_legacy_ladd_20260618/ladd4090_shutdown_sync_20260614/evidence_raw/ladd4090/repo_root_snapshot/runs_public/ogsod/hbb/formal_nomosaic_20260528/ladd/yolo11m/cap2/ladd_hbb_ogsod11m_formal_nomosaic_yolo11m_cap2_s0_fix_m_s0_a2lr3e4_short4_b1_b_e1_b32_s0_gpu1,ladd4090,ladd
78b10dda5d9f5da1a63c54048401717cfba812da,ladd_hbb_ogsod11m_formal_nomosaic_yolo11m_cap2_s0_fix_m_s0_a2lr3e4_short4_b1_b_e1_b32_s0_gpu1,_remote_backups/4090_20260618/runs_public/ogsod/hbb/formal_nomosaic_20260528/ladd/yolo11m/cap2/ladd_hbb_ogsod11m_formal_nomosaic_yolo11m_cap2_s0_fix_m_s0_a2lr3e4_short4_b1_b_e1_b32_s0_gpu1,ladd_hbb_ogsod11m_formal_nomosaic_yolo11m_cap2_s0_fix_m_s0_a2lr3e4_short4_b1_b_e1_b32_s0_gpu1,ladd/results/archive_legacy_ladd_20260618/ladd_curve_analysis_20260612/source/runs_public_ladd/yolo11m/cap2/ladd_hbb_ogsod11m_formal_nomosaic_yolo11m_cap2_s0_fix_m_s0_a2lr3e4_short4_b1_b_e1_b32_s0_gpu1,ladd4090,ladd
78b10dda5d9f5da1a63c54048401717cfba812da,ladd_hbb_ogsod11m_formal_nomosaic_yolo11m_cap2_s0_fix_m_s0_a2lr3e4_short4_b1_b_e1_b32_s0_gpu1,_remote_backups/4090_20260618/runs_public/ogsod/hbb/formal_nomosaic_20260528/ladd/yolo11m/cap2/ladd_hbb_ogsod11m_formal_nomosaic_yolo11m_cap2_s0_fix_m_s0_a2lr3e4_short4_b1_b_e1_b32_s0_gpu1,ladd_hbb_ogsod11m_formal_nomosaic_yolo11m_cap2_s0_fix_m_s0_a2lr3e4_short4_b1_b_e1_b32_s0_gpu1,ladd/results/archive_legacy_ladd_20260618/repair_experiments_20260613/evidence/main_4090/runs/m_lr3e4_short4_b1/unknown/ladd_hbb_ogsod11m_formal_nomosaic_yolo11m_cap2_s0_fix_m_s0_a2lr3e4_short4_b1_b_e1_b32_s0_gpu1,ladd4090,ladd
7f1005268ca0db4822ee82859de4df5bbd48618a,h1_s_b400,docs/experiments/archive_legacy_ladd_20260618/a1a2b_and_bstage/ladd_h1_diag_20260610_artifacts/h1_s_b400,ladd_hbb_ogsod11s_formal_nomosaic_yolo11s_cap2_s0_diag_h1_s_s0_b400_datafix_b_e400_b64_s0_gpu0,_remote_backups/4090_20260618/runs_public/ogsod/hbb/formal_nomosaic_20260528/ladd/yolo11s/cap2/ladd_hbb_ogsod11s_formal_nomosaic_yolo11s_cap2_s0_diag_h1_s_s0_b400_datafix_b_e400_b64_s0_gpu0,ladd4090,ladd
7f1005268ca0db4822ee82859de4df5bbd48618a,h1_s_b400,docs/experiments/archive_legacy_ladd_20260618/a1a2b_and_bstage/ladd_h1_diag_20260610_artifacts/h1_s_b400,h1_s_b400,docs/experiments/archive_legacy_ladd_20260618/a1a2b_and_bstage/ladd_h1_diag_20260610_artifacts/h1_s_b400,ladd4090,ladd
7f1005268ca0db4822ee82859de4df5bbd48618a,h1_s_b400,docs/experiments/archive_legacy_ladd_20260618/a1a2b_and_bstage/ladd_h1_diag_20260610_artifacts/h1_s_b400,ladd_hbb_ogsod11s_formal_nomosaic_yolo11s_cap2_s0_diag_h1_s_s0_b400_datafix_b_e400_b64_s0_gpu0,ladd/results/archive_legacy_ladd_20260618/ladd4090_shutdown_sync_20260614/evidence_raw/ladd4090/repo_root_snapshot/runs_public/ogsod/hbb/formal_nomosaic_20260528/ladd/yolo11s/cap2/ladd_hbb_ogsod11s_formal_nomosaic_yolo11s_cap2_s0_diag_h1_s_s0_b400_datafix_b_e400_b64_s0_gpu0,ladd4090,ladd
7f1005268ca0db4822ee82859de4df5bbd48618a,h1_s_b400,docs/experiments/archive_legacy_ladd_20260618/a1a2b_and_bstage/ladd_h1_diag_20260610_artifacts/h1_s_b400,ladd_hbb_ogsod11s_formal_nomosaic_yolo11s_cap2_s0_diag_h1_s_s0_b400_datafix_b_e400_b64_s0_gpu0,ladd/results/archive_legacy_ladd_20260618/ladd_curve_analysis_20260612/source/runs_public_ladd/yolo11s/cap2/ladd_hbb_ogsod11s_formal_nomosaic_yolo11s_cap2_s0_diag_h1_s_s0_b400_datafix_b_e400_b64_s0_gpu0,ladd4090,ladd
86488679ad587055f5e8d8ff3cabd84cc245502c,s_alphaKD0p25_A1,ladd/results/archive_legacy_ladd_20260618/a2_damage_20260612/final_evidence/runs/s_alphaKD0p25_A1,ladd_hbb_ogsod11s_formal_nomosaic_yolo11s_cap2_s0_diag_capkd_s_s0_alphaKD0p25_b400_a1_e10_b64_s0_gpu1,_remote_backups/4090_20260618/runs_public/ogsod/hbb/formal_nomosaic_20260528/ladd/yolo11s/cap2/ladd_hbb_ogsod11s_formal_nomosaic_yolo11s_cap2_s0_diag_capkd_s_s0_alphaKD0p25_b400_a1_e10_b64_s0_gpu1,ladd4090,ladd
86488679ad587055f5e8d8ff3cabd84cc245502c,s_alphaKD0p25_A1,ladd/results/archive_legacy_ladd_20260618/a2_damage_20260612/final_evidence/runs/s_alphaKD0p25_A1,s_alphaKD0p25_A1,ladd/results/archive_legacy_ladd_20260618/a2_damage_20260612/final_evidence/runs/s_alphaKD0p25_A1,ladd4090,ladd
86488679ad587055f5e8d8ff3cabd84cc245502c,s_alphaKD0p25_A1,ladd/results/archive_legacy_ladd_20260618/a2_damage_20260612/final_evidence/runs/s_alphaKD0p25_A1,ladd_hbb_ogsod11s_formal_nomosaic_yolo11s_cap2_s0_diag_capkd_s_s0_alphaKD0p25_b400_a1_e10_b64_s0_gpu1,ladd/results/archive_legacy_ladd_20260618/ladd4090_shutdown_sync_20260614/evidence_raw/ladd4090/repo_root_snapshot/runs_public/ogsod/hbb/formal_nomosaic_20260528/ladd/yolo11s/cap2/ladd_hbb_ogsod11s_formal_nomosaic_yolo11s_cap2_s0_diag_capkd_s_s0_alphaKD0p25_b400_a1_e10_b64_s0_gpu1,ladd4090,ladd
86488679ad587055f5e8d8ff3cabd84cc245502c,s_alphaKD0p25_A1,ladd/results/archive_legacy_ladd_20260618/a2_damage_20260612/final_evidence/runs/s_alphaKD0p25_A1,ladd_hbb_ogsod11s_formal_nomosaic_yolo11s_cap2_s0_diag_capkd_s_s0_alphaKD0p25_b400_a1_e10_b64_s0_gpu1,ladd/results/archive_legacy_ladd_20260618/ladd_curve_analysis_20260612/source/runs_public_ladd/yolo11s/cap2/ladd_hbb_ogsod11s_formal_nomosaic_yolo11s_cap2_s0_diag_capkd_s_s0_alphaKD0p25_b400_a1_e10_b64_s0_gpu1,ladd4090,ladd
8fff31db75d2b755b7dcde8e3113bc4e0e11fba5,ladd_hbb_ogsod11n_formal_nomosaic_yolo11n_cap2_s0_b800sched_N2_a2last_continue_20260614_cfgfix_b_e800_b64_s0_gpu1,_remote_backups/4090_20260618/runs_public/ogsod/hbb/formal_nomosaic_20260528/ladd/yolo11n/cap2/ladd_hbb_ogsod11n_formal_nomosaic_yolo11n_cap2_s0_b800sched_N2_a2last_continue_20260614_cfgfix_b_e800_b64_s0_gpu1,ladd_hbb_ogsod11n_formal_nomosaic_yolo11n_cap2_s0_b800sched_N2_a2last_continue_20260614_cfgfix_b_e800_b64_s0_gpu1,_remote_backups/4090_20260618/runs_public/ogsod/hbb/formal_nomosaic_20260528/ladd/yolo11n/cap2/ladd_hbb_ogsod11n_formal_nomosaic_yolo11n_cap2_s0_b800sched_N2_a2last_continue_20260614_cfgfix_b_e800_b64_s0_gpu1,ladd4090,ladd
8fff31db75d2b755b7dcde8e3113bc4e0e11fba5,ladd_hbb_ogsod11n_formal_nomosaic_yolo11n_cap2_s0_b800sched_N2_a2last_continue_20260614_cfgfix_b_e800_b64_s0_gpu1,_remote_backups/4090_20260618/runs_public/ogsod/hbb/formal_nomosaic_20260528/ladd/yolo11n/cap2/ladd_hbb_ogsod11n_formal_nomosaic_yolo11n_cap2_s0_b800sched_N2_a2last_continue_20260614_cfgfix_b_e800_b64_s0_gpu1,run_files,ladd/results/archive_legacy_ladd_20260618/b800_restart_20260614/evidence/ladd4090/N2_a2last_continue_B800sched/run_files,ladd4090,ladd
8fff31db75d2b755b7dcde8e3113bc4e0e11fba5,ladd_hbb_ogsod11n_formal_nomosaic_yolo11n_cap2_s0_b800sched_N2_a2last_continue_20260614_cfgfix_b_e800_b64_s0_gpu1,_remote_backups/4090_20260618/runs_public/ogsod/hbb/formal_nomosaic_20260528/ladd/yolo11n/cap2/ladd_hbb_ogsod11n_formal_nomosaic_yolo11n_cap2_s0_b800sched_N2_a2last_continue_20260614_cfgfix_b_e800_b64_s0_gpu1,ladd_hbb_ogsod11n_formal_nomosaic_yolo11n_cap2_s0_b800sched_N2_a2last_continue_20260614_cfgfix_b_e800_b64_s0_gpu1,ladd/results/archive_legacy_ladd_20260618/b800_restart_20260614/evidence_raw/ladd4090/runs_public/ogsod/hbb/formal_nomosaic_20260528/ladd/yolo11n/cap2/ladd_hbb_ogsod11n_formal_nomosaic_yolo11n_cap2_s0_b800sched_N2_a2last_continue_20260614_cfgfix_b_e800_b64_s0_gpu1,ladd4090,ladd
8fff31db75d2b755b7dcde8e3113bc4e0e11fba5,ladd_hbb_ogsod11n_formal_nomosaic_yolo11n_cap2_s0_b800sched_N2_a2last_continue_20260614_cfgfix_b_e800_b64_s0_gpu1,_remote_backups/4090_20260618/runs_public/ogsod/hbb/formal_nomosaic_20260528/ladd/yolo11n/cap2/ladd_hbb_ogsod11n_formal_nomosaic_yolo11n_cap2_s0_b800sched_N2_a2last_continue_20260614_cfgfix_b_e800_b64_s0_gpu1,ladd_hbb_ogsod11n_formal_nomosaic_yolo11n_cap2_s0_b800sched_N2_a2last_continue_20260614_cfgfix_b_e800_b64_s0_gpu1,ladd/results/archive_legacy_ladd_20260618/ladd4090_shutdown_sync_20260614/evidence_raw/ladd4090/repo_root_snapshot/runs_public/ogsod/hbb/formal_nomosaic_20260528/ladd/yolo11n/cap2/ladd_hbb_ogsod11n_formal_nomosaic_yolo11n_cap2_s0_b800sched_N2_a2last_continue_20260614_cfgfix_b_e800_b64_s0_gpu1,ladd4090,ladd
962b90425e34155f4fb41eafc607af1ad198697e,ladd_hbb_ogsod11n_ladd800r2_cap2_s0_b_e800_b64_s0_gpu4,ladd/results/archive_legacy_ladd_20260618/converged_mainline_ladd_20260613/source/mosaic90/ladd_b_runs/ladd_hbb_ogsod11n_ladd800r2_cap2_s0_b_e800_b64_s0_gpu4,ladd_hbb_ogsod11n_ladd800r2_cap2_s0_b_e800_b64_s0_gpu4,docs/experiments/archive_legacy_ladd_20260618/a1a2b_and_bstage/ladd_skipa2_compare_20260616/source/docs/experiments/ladd_mosaic90_20260528_artifacts/ladd_b_runs/ladd_hbb_ogsod11n_ladd800r2_cap2_s0_b_e800_b64_s0_gpu4,unknown,ladd
962b90425e34155f4fb41eafc607af1ad198697e,ladd_hbb_ogsod11n_ladd800r2_cap2_s0_b_e800_b64_s0_gpu4,ladd/results/archive_legacy_ladd_20260618/converged_mainline_ladd_20260613/source/mosaic90/ladd_b_runs/ladd_hbb_ogsod11n_ladd800r2_cap2_s0_b_e800_b64_s0_gpu4,ladd_hbb_ogsod11n_ladd800r2_cap2_s0_b_e800_b64_s0_gpu4,docs/experiments/archive_legacy_ladd_20260618/legacy_mosaic_protocols/ladd_mosaic90_20260528_artifacts/ladd_b_runs/ladd_hbb_ogsod11n_ladd800r2_cap2_s0_b_e800_b64_s0_gpu4,ladd90,ladd
962b90425e34155f4fb41eafc607af1ad198697e,ladd_hbb_ogsod11n_ladd800r2_cap2_s0_b_e800_b64_s0_gpu4,ladd/results/archive_legacy_ladd_20260618/converged_mainline_ladd_20260613/source/mosaic90/ladd_b_runs/ladd_hbb_ogsod11n_ladd800r2_cap2_s0_b_e800_b64_s0_gpu4,ladd_hbb_ogsod11n_ladd800r2_cap2_s0_b_e800_b64_s0_gpu4,docs/experiments/archive_legacy_ladd_20260618/legacy_mosaic_protocols/ladd_mosaic_protocol_compare_20260615/raw/mnt/dataY/ydf/projects/LADD_og/legacy_results_archive/pre_formal_nomosaic_20260528/runs_public/ogsod/hbb/ladd_converged_20260524/ladd_hbb_ogsod11n_ladd800r2_cap2_s0_b_e800_b64_s0_gpu4,ladd90,ladd
962b90425e34155f4fb41eafc607af1ad198697e,ladd_hbb_ogsod11n_ladd800r2_cap2_s0_b_e800_b64_s0_gpu4,ladd/results/archive_legacy_ladd_20260618/converged_mainline_ladd_20260613/source/mosaic90/ladd_b_runs/ladd_hbb_ogsod11n_ladd800r2_cap2_s0_b_e800_b64_s0_gpu4,ladd_hbb_ogsod11n_ladd800r2_cap2_s0_b_e800_b64_s0_gpu4,ladd/results/archive_legacy_ladd_20260618/converged_mainline_ladd_20260613/source/mosaic90/ladd_b_runs/ladd_hbb_ogsod11n_ladd800r2_cap2_s0_b_e800_b64_s0_gpu4,ladd90,ladd
a019b56cb8ca7c56ebde834ad8302a8d0d09d56a,ladd_hbb_ogsod11s_formal_nomosaic_yolo11s_cap2_s0_fix_s_s0_a2lr3e4_short13_bdetonly_lr1e4_b120_a2_e13_b64_s0_gpu1,_remote_backups/4090_20260618/runs_public/ogsod/hbb/formal_nomosaic_20260528/ladd/yolo11s/cap2/ladd_hbb_ogsod11s_formal_nomosaic_yolo11s_cap2_s0_fix_s_s0_a2lr3e4_short13_bdetonly_lr1e4_b120_a2_e13_b64_s0_gpu1,ladd_hbb_ogsod11s_formal_nomosaic_yolo11s_cap2_s0_fix_s_s0_a2lr3e4_short13_bdetonly_lr1e4_b120_a2_e13_b64_s0_gpu1,_remote_backups/4090_20260618/runs_public/ogsod/hbb/formal_nomosaic_20260528/ladd/yolo11s/cap2/ladd_hbb_ogsod11s_formal_nomosaic_yolo11s_cap2_s0_fix_s_s0_a2lr3e4_short13_bdetonly_lr1e4_b120_a2_e13_b64_s0_gpu1,ladd4090,ladd
a019b56cb8ca7c56ebde834ad8302a8d0d09d56a,ladd_hbb_ogsod11s_formal_nomosaic_yolo11s_cap2_s0_fix_s_s0_a2lr3e4_short13_bdetonly_lr1e4_b120_a2_e13_b64_s0_gpu1,_remote_backups/4090_20260618/runs_public/ogsod/hbb/formal_nomosaic_20260528/ladd/yolo11s/cap2/ladd_hbb_ogsod11s_formal_nomosaic_yolo11s_cap2_s0_fix_s_s0_a2lr3e4_short13_bdetonly_lr1e4_b120_a2_e13_b64_s0_gpu1,ladd_hbb_ogsod11s_formal_nomosaic_yolo11s_cap2_s0_fix_s_s0_a2lr3e4_short13_bdetonly_lr1e4_b120_a2_e13_b64_s0_gpu1,ladd/results/archive_legacy_ladd_20260618/ladd4090_shutdown_sync_20260614/evidence_raw/ladd4090/repo_root_snapshot/runs_public/ogsod/hbb/formal_nomosaic_20260528/ladd/yolo11s/cap2/ladd_hbb_ogsod11s_formal_nomosaic_yolo11s_cap2_s0_fix_s_s0_a2lr3e4_short13_bdetonly_lr1e4_b120_a2_e13_b64_s0_gpu1,ladd4090,ladd
a019b56cb8ca7c56ebde834ad8302a8d0d09d56a,ladd_hbb_ogsod11s_formal_nomosaic_yolo11s_cap2_s0_fix_s_s0_a2lr3e4_short13_bdetonly_lr1e4_b120_a2_e13_b64_s0_gpu1,_remote_backups/4090_20260618/runs_public/ogsod/hbb/formal_nomosaic_20260528/ladd/yolo11s/cap2/ladd_hbb_ogsod11s_formal_nomosaic_yolo11s_cap2_s0_fix_s_s0_a2lr3e4_short13_bdetonly_lr1e4_b120_a2_e13_b64_s0_gpu1,ladd_hbb_ogsod11s_formal_nomosaic_yolo11s_cap2_s0_fix_s_s0_a2lr3e4_short13_bdetonly_lr1e4_b120_a2_e13_b64_s0_gpu1,ladd/results/archive_legacy_ladd_20260618/ladd_curve_analysis_20260612/source/runs_public_ladd/yolo11s/cap2/ladd_hbb_ogsod11s_formal_nomosaic_yolo11s_cap2_s0_fix_s_s0_a2lr3e4_short13_bdetonly_lr1e4_b120_a2_e13_b64_s0_gpu1,ladd4090,ladd
a019b56cb8ca7c56ebde834ad8302a8d0d09d56a,ladd_hbb_ogsod11s_formal_nomosaic_yolo11s_cap2_s0_fix_s_s0_a2lr3e4_short13_bdetonly_lr1e4_b120_a2_e13_b64_s0_gpu1,_remote_backups/4090_20260618/runs_public/ogsod/hbb/formal_nomosaic_20260528/ladd/yolo11s/cap2/ladd_hbb_ogsod11s_formal_nomosaic_yolo11s_cap2_s0_fix_s_s0_a2lr3e4_short13_bdetonly_lr1e4_b120_a2_e13_b64_s0_gpu1,ladd_hbb_ogsod11s_formal_nomosaic_yolo11s_cap2_s0_fix_s_s0_a2lr3e4_short13_bdetonly_lr1e4_b120_a2_e13_b64_s0_gpu1,ladd/results/archive_legacy_ladd_20260618/repair_experiments_20260613/evidence/main_4090/runs/s_detonly_lr1e4_b120/unknown/ladd_hbb_ogsod11s_formal_nomosaic_yolo11s_cap2_s0_fix_s_s0_a2lr3e4_short13_bdetonly_lr1e4_b120_a2_e13_b64_s0_gpu1,ladd4090,ladd
a6ac0ef4aa02d913dbb0f2e2c2ab171beca74741,s_A2_lr3e4_short13_B1_A1,ladd/results/archive_legacy_ladd_20260618/a2_selection_20260612/current_evidence/runs/s_A2_lr3e4_short13_B1_A1,ladd_hbb_ogsod11s_formal_nomosaic_yolo11s_cap2_s0_diag_a2select_s_s0_a2lr3e4_short13_b1_a1_e10_b64_s0_gpu0,_remote_backups/4090_20260618/runs_public/ogsod/hbb/formal_nomosaic_20260528/ladd/yolo11s/cap2/ladd_hbb_ogsod11s_formal_nomosaic_yolo11s_cap2_s0_diag_a2select_s_s0_a2lr3e4_short13_b1_a1_e10_b64_s0_gpu0,ladd4090,ladd
a6ac0ef4aa02d913dbb0f2e2c2ab171beca74741,s_A2_lr3e4_short13_B1_A1,ladd/results/archive_legacy_ladd_20260618/a2_selection_20260612/current_evidence/runs/s_A2_lr3e4_short13_B1_A1,s_A2_lr3e4_short13_B1_A1,ladd/results/archive_legacy_ladd_20260618/a2_selection_20260612/current_evidence/runs/s_A2_lr3e4_short13_B1_A1,ladd4090,ladd
a6ac0ef4aa02d913dbb0f2e2c2ab171beca74741,s_A2_lr3e4_short13_B1_A1,ladd/results/archive_legacy_ladd_20260618/a2_selection_20260612/current_evidence/runs/s_A2_lr3e4_short13_B1_A1,ladd_hbb_ogsod11s_formal_nomosaic_yolo11s_cap2_s0_diag_a2select_s_s0_a2lr3e4_short13_b1_a1_e10_b64_s0_gpu0,ladd/results/archive_legacy_ladd_20260618/ladd4090_shutdown_sync_20260614/evidence_raw/ladd4090/repo_root_snapshot/runs_public/ogsod/hbb/formal_nomosaic_20260528/ladd/yolo11s/cap2/ladd_hbb_ogsod11s_formal_nomosaic_yolo11s_cap2_s0_diag_a2select_s_s0_a2lr3e4_short13_b1_a1_e10_b64_s0_gpu0,ladd4090,ladd
a6ac0ef4aa02d913dbb0f2e2c2ab171beca74741,s_A2_lr3e4_short13_B1_A1,ladd/results/archive_legacy_ladd_20260618/a2_selection_20260612/current_evidence/runs/s_A2_lr3e4_short13_B1_A1,ladd_hbb_ogsod11s_formal_nomosaic_yolo11s_cap2_s0_diag_a2select_s_s0_a2lr3e4_short13_b1_a1_e10_b64_s0_gpu0,ladd/results/archive_legacy_ladd_20260618/ladd_curve_analysis_20260612/source/runs_public_ladd/yolo11s/cap2/ladd_hbb_ogsod11s_formal_nomosaic_yolo11s_cap2_s0_diag_a2select_s_s0_a2lr3e4_short13_b1_a1_e10_b64_s0_gpu0,ladd4090,ladd
af6c60724df9c0d2855fc0208def9969a04c1705,ladd_hbb_ogsod11n_formal_nomosaic_yolo11s_cap2_s0_bnfreeze1e3_public4090dual_final_v2_a2_e50_b64_s0_gpu1,_remote_backups/4090_20260618/runs_public/ogsod/hbb/formal_nomosaic_20260528/ladd/yolo11s/cap2/ladd_hbb_ogsod11n_formal_nomosaic_yolo11s_cap2_s0_bnfreeze1e3_public4090dual_final_v2_a2_e50_b64_s0_gpu1,ladd_hbb_ogsod11n_formal_nomosaic_yolo11s_cap2_s0_bnfreeze1e3_public4090dual_final_v2_a2_e50_b64_s0_gpu1,_remote_backups/4090_20260618/runs_public/ogsod/hbb/formal_nomosaic_20260528/ladd/yolo11s/cap2/ladd_hbb_ogsod11n_formal_nomosaic_yolo11s_cap2_s0_bnfreeze1e3_public4090dual_final_v2_a2_e50_b64_s0_gpu1,ladd4090,ladd
af6c60724df9c0d2855fc0208def9969a04c1705,ladd_hbb_ogsod11n_formal_nomosaic_yolo11s_cap2_s0_bnfreeze1e3_public4090dual_final_v2_a2_e50_b64_s0_gpu1,_remote_backups/4090_20260618/runs_public/ogsod/hbb/formal_nomosaic_20260528/ladd/yolo11s/cap2/ladd_hbb_ogsod11n_formal_nomosaic_yolo11s_cap2_s0_bnfreeze1e3_public4090dual_final_v2_a2_e50_b64_s0_gpu1,ladd_hbb_ogsod11n_formal_nomosaic_yolo11s_cap2_s0_bnfreeze1e3_public4090dual_final_v2_a2_e50_b64_s0_gpu1,ladd/results/archive_legacy_ladd_20260618/ladd4090_shutdown_sync_20260614/evidence_raw/ladd4090/repo_root_snapshot/runs_public/ogsod/hbb/formal_nomosaic_20260528/ladd/yolo11s/cap2/ladd_hbb_ogsod11n_formal_nomosaic_yolo11s_cap2_s0_bnfreeze1e3_public4090dual_final_v2_a2_e50_b64_s0_gpu1,ladd4090,ladd
af6c60724df9c0d2855fc0208def9969a04c1705,ladd_hbb_ogsod11n_formal_nomosaic_yolo11s_cap2_s0_bnfreeze1e3_public4090dual_final_v2_a2_e50_b64_s0_gpu1,_remote_backups/4090_20260618/runs_public/ogsod/hbb/formal_nomosaic_20260528/ladd/yolo11s/cap2/ladd_hbb_ogsod11n_formal_nomosaic_yolo11s_cap2_s0_bnfreeze1e3_public4090dual_final_v2_a2_e50_b64_s0_gpu1,ladd_hbb_ogsod11n_formal_nomosaic_yolo11s_cap2_s0_bnfreeze1e3_public4090dual_final_v2_a2_e50_b64_s0_gpu1,ladd/results/archive_legacy_ladd_20260618/ladd_curve_analysis_20260612/source/runs_public_ladd/yolo11s/cap2/ladd_hbb_ogsod11n_formal_nomosaic_yolo11s_cap2_s0_bnfreeze1e3_public4090dual_final_v2_a2_e50_b64_s0_gpu1,ladd4090,ladd
af6c60724df9c0d2855fc0208def9969a04c1705,ladd_hbb_ogsod11n_formal_nomosaic_yolo11s_cap2_s0_bnfreeze1e3_public4090dual_final_v2_a2_e50_b64_s0_gpu1,_remote_backups/4090_20260618/runs_public/ogsod/hbb/formal_nomosaic_20260528/ladd/yolo11s/cap2/ladd_hbb_ogsod11n_formal_nomosaic_yolo11s_cap2_s0_bnfreeze1e3_public4090dual_final_v2_a2_e50_b64_s0_gpu1,ladd_hbb_ogsod11n_formal_nomosaic_yolo11s_cap2_s0_bnfreeze1e3_public4090dual_final_v2_a2_e50_b64_s0_gpu1,ladd/results/archive_legacy_ladd_20260618/mainline_stability_20260609/remote_4090dual/runs_public/ogsod/hbb/formal_nomosaic_20260528/ladd/yolo11s/cap2/ladd_hbb_ogsod11n_formal_nomosaic_yolo11s_cap2_s0_bnfreeze1e3_public4090dual_final_v2_a2_e50_b64_s0_gpu1,ladd4090,ladd
b1cac50e1f90446b11012db7ac657471d84f4188,s_A2_lr3e4_short15_A1,ladd/results/archive_legacy_ladd_20260618/a2_damage_20260612/final_evidence/runs/s_A2_lr3e4_short15_A1,ladd_hbb_ogsod11s_formal_nomosaic_yolo11s_cap2_s0_diag_a2damage_s_s0_a2lr3e4_short15_b1_a1_e10_b64_s0_gpu1,_remote_backups/4090_20260618/runs_public/ogsod/hbb/formal_nomosaic_20260528/ladd/yolo11s/cap2/ladd_hbb_ogsod11s_formal_nomosaic_yolo11s_cap2_s0_diag_a2damage_s_s0_a2lr3e4_short15_b1_a1_e10_b64_s0_gpu1,ladd4090,ladd
b1cac50e1f90446b11012db7ac657471d84f4188,s_A2_lr3e4_short15_A1,ladd/results/archive_legacy_ladd_20260618/a2_damage_20260612/final_evidence/runs/s_A2_lr3e4_short15_A1,s_A2_lr3e4_short15_A1,ladd/results/archive_legacy_ladd_20260618/a2_damage_20260612/final_evidence/runs/s_A2_lr3e4_short15_A1,ladd4090,ladd
b1cac50e1f90446b11012db7ac657471d84f4188,s_A2_lr3e4_short15_A1,ladd/results/archive_legacy_ladd_20260618/a2_damage_20260612/final_evidence/runs/s_A2_lr3e4_short15_A1,ladd_hbb_ogsod11s_formal_nomosaic_yolo11s_cap2_s0_diag_a2damage_s_s0_a2lr3e4_short15_b1_a1_e10_b64_s0_gpu1,ladd/results/archive_legacy_ladd_20260618/ladd4090_shutdown_sync_20260614/evidence_raw/ladd4090/repo_root_snapshot/runs_public/ogsod/hbb/formal_nomosaic_20260528/ladd/yolo11s/cap2/ladd_hbb_ogsod11s_formal_nomosaic_yolo11s_cap2_s0_diag_a2damage_s_s0_a2lr3e4_short15_b1_a1_e10_b64_s0_gpu1,ladd4090,ladd
b1cac50e1f90446b11012db7ac657471d84f4188,s_A2_lr3e4_short15_A1,ladd/results/archive_legacy_ladd_20260618/a2_damage_20260612/final_evidence/runs/s_A2_lr3e4_short15_A1,ladd_hbb_ogsod11s_formal_nomosaic_yolo11s_cap2_s0_diag_a2damage_s_s0_a2lr3e4_short15_b1_a1_e10_b64_s0_gpu1,ladd/results/archive_legacy_ladd_20260618/ladd_curve_analysis_20260612/source/runs_public_ladd/yolo11s/cap2/ladd_hbb_ogsod11s_formal_nomosaic_yolo11s_cap2_s0_diag_a2damage_s_s0_a2lr3e4_short15_b1_a1_e10_b64_s0_gpu1,ladd4090,ladd
b9c7e6e0fac28d5847deac6dbc00426f1adb6086,s_A2_lr1e4_short15_B1_B1,ladd/results/archive_legacy_ladd_20260618/a2_selection_20260612/current_evidence/runs/s_A2_lr1e4_short15_B1_B1,ladd_hbb_ogsod11s_formal_nomosaic_yolo11s_cap2_s0_diag_a2select_s_s0_a2lr1e4_short15_b1_b_e1_b64_s0_gpu1,_remote_backups/4090_20260618/runs_public/ogsod/hbb/formal_nomosaic_20260528/ladd/yolo11s/cap2/ladd_hbb_ogsod11s_formal_nomosaic_yolo11s_cap2_s0_diag_a2select_s_s0_a2lr1e4_short15_b1_b_e1_b64_s0_gpu1,ladd4090,ladd
b9c7e6e0fac28d5847deac6dbc00426f1adb6086,s_A2_lr1e4_short15_B1_B1,ladd/results/archive_legacy_ladd_20260618/a2_selection_20260612/current_evidence/runs/s_A2_lr1e4_short15_B1_B1,s_A2_lr1e4_short15_B1_B1,ladd/results/archive_legacy_ladd_20260618/a2_selection_20260612/current_evidence/runs/s_A2_lr1e4_short15_B1_B1,ladd4090,ladd
b9c7e6e0fac28d5847deac6dbc00426f1adb6086,s_A2_lr1e4_short15_B1_B1,ladd/results/archive_legacy_ladd_20260618/a2_selection_20260612/current_evidence/runs/s_A2_lr1e4_short15_B1_B1,ladd_hbb_ogsod11s_formal_nomosaic_yolo11s_cap2_s0_diag_a2select_s_s0_a2lr1e4_short15_b1_b_e1_b64_s0_gpu1,ladd/results/archive_legacy_ladd_20260618/ladd4090_shutdown_sync_20260614/evidence_raw/ladd4090/repo_root_snapshot/runs_public/ogsod/hbb/formal_nomosaic_20260528/ladd/yolo11s/cap2/ladd_hbb_ogsod11s_formal_nomosaic_yolo11s_cap2_s0_diag_a2select_s_s0_a2lr1e4_short15_b1_b_e1_b64_s0_gpu1,ladd4090,ladd
b9c7e6e0fac28d5847deac6dbc00426f1adb6086,s_A2_lr1e4_short15_B1_B1,ladd/results/archive_legacy_ladd_20260618/a2_selection_20260612/current_evidence/runs/s_A2_lr1e4_short15_B1_B1,ladd_hbb_ogsod11s_formal_nomosaic_yolo11s_cap2_s0_diag_a2select_s_s0_a2lr1e4_short15_b1_b_e1_b64_s0_gpu1,ladd/results/archive_legacy_ladd_20260618/ladd_curve_analysis_20260612/source/runs_public_ladd/yolo11s/cap2/ladd_hbb_ogsod11s_formal_nomosaic_yolo11s_cap2_s0_diag_a2select_s_s0_a2lr1e4_short15_b1_b_e1_b64_s0_gpu1,ladd4090,ladd
bf04e47721fbb1c5494c5ed38f11ae725e3e53bf,ladd_hbb_ogsod11n_formal_nomosaic_yolo11n_cap2_s0_fix_n_s0_a2lr3e4_short13_bweakKD0p25_b200_a2_e13_b64_s0_gpu1,_remote_backups/4090_20260618/runs_public/ogsod/hbb/formal_nomosaic_20260528/ladd/yolo11n/cap2/ladd_hbb_ogsod11n_formal_nomosaic_yolo11n_cap2_s0_fix_n_s0_a2lr3e4_short13_bweakKD0p25_b200_a2_e13_b64_s0_gpu1,ladd_hbb_ogsod11n_formal_nomosaic_yolo11n_cap2_s0_fix_n_s0_a2lr3e4_short13_bweakKD0p25_b200_a2_e13_b64_s0_gpu1,_remote_backups/4090_20260618/runs_public/ogsod/hbb/formal_nomosaic_20260528/ladd/yolo11n/cap2/ladd_hbb_ogsod11n_formal_nomosaic_yolo11n_cap2_s0_fix_n_s0_a2lr3e4_short13_bweakKD0p25_b200_a2_e13_b64_s0_gpu1,ladd4090,ladd
bf04e47721fbb1c5494c5ed38f11ae725e3e53bf,ladd_hbb_ogsod11n_formal_nomosaic_yolo11n_cap2_s0_fix_n_s0_a2lr3e4_short13_bweakKD0p25_b200_a2_e13_b64_s0_gpu1,_remote_backups/4090_20260618/runs_public/ogsod/hbb/formal_nomosaic_20260528/ladd/yolo11n/cap2/ladd_hbb_ogsod11n_formal_nomosaic_yolo11n_cap2_s0_fix_n_s0_a2lr3e4_short13_bweakKD0p25_b200_a2_e13_b64_s0_gpu1,ladd_hbb_ogsod11n_formal_nomosaic_yolo11n_cap2_s0_fix_n_s0_a2lr3e4_short13_bweakKD0p25_b200_a2_e13_b64_s0_gpu1,ladd/results/archive_legacy_ladd_20260618/ladd4090_shutdown_sync_20260614/evidence_raw/ladd4090/repo_root_snapshot/runs_public/ogsod/hbb/formal_nomosaic_20260528/ladd/yolo11n/cap2/ladd_hbb_ogsod11n_formal_nomosaic_yolo11n_cap2_s0_fix_n_s0_a2lr3e4_short13_bweakKD0p25_b200_a2_e13_b64_s0_gpu1,ladd4090,ladd
bf04e47721fbb1c5494c5ed38f11ae725e3e53bf,ladd_hbb_ogsod11n_formal_nomosaic_yolo11n_cap2_s0_fix_n_s0_a2lr3e4_short13_bweakKD0p25_b200_a2_e13_b64_s0_gpu1,_remote_backups/4090_20260618/runs_public/ogsod/hbb/formal_nomosaic_20260528/ladd/yolo11n/cap2/ladd_hbb_ogsod11n_formal_nomosaic_yolo11n_cap2_s0_fix_n_s0_a2lr3e4_short13_bweakKD0p25_b200_a2_e13_b64_s0_gpu1,ladd_hbb_ogsod11n_formal_nomosaic_yolo11n_cap2_s0_fix_n_s0_a2lr3e4_short13_bweakKD0p25_b200_a2_e13_b64_s0_gpu1,ladd/results/archive_legacy_ladd_20260618/ladd_curve_analysis_20260612/source/runs_public_ladd/yolo11n/cap2/ladd_hbb_ogsod11n_formal_nomosaic_yolo11n_cap2_s0_fix_n_s0_a2lr3e4_short13_bweakKD0p25_b200_a2_e13_b64_s0_gpu1,ladd4090,ladd
bf04e47721fbb1c5494c5ed38f11ae725e3e53bf,ladd_hbb_ogsod11n_formal_nomosaic_yolo11n_cap2_s0_fix_n_s0_a2lr3e4_short13_bweakKD0p25_b200_a2_e13_b64_s0_gpu1,_remote_backups/4090_20260618/runs_public/ogsod/hbb/formal_nomosaic_20260528/ladd/yolo11n/cap2/ladd_hbb_ogsod11n_formal_nomosaic_yolo11n_cap2_s0_fix_n_s0_a2lr3e4_short13_bweakKD0p25_b200_a2_e13_b64_s0_gpu1,ladd_hbb_ogsod11n_formal_nomosaic_yolo11n_cap2_s0_fix_n_s0_a2lr3e4_short13_bweakKD0p25_b200_a2_e13_b64_s0_gpu1,ladd/results/archive_legacy_ladd_20260618/repair_experiments_20260613/evidence/main_4090/runs/n_weakkd0p25_b200/unknown/ladd_hbb_ogsod11n_formal_nomosaic_yolo11n_cap2_s0_fix_n_s0_a2lr3e4_short13_bweakKD0p25_b200_a2_e13_b64_s0_gpu1,ladd4090,ladd
c5998e02c09f9be8a750584530c9658195df5598,ladd_hbb_ogsod11n_formal_nomosaic_yolo11n_cap2_s0_b800sched_N2_a2best_continue_20260614_cfgfix_b_e800_b64_s0_gpu1,_remote_backups/4090_20260618/runs_public/ogsod/hbb/formal_nomosaic_20260528/ladd/yolo11n/cap2/ladd_hbb_ogsod11n_formal_nomosaic_yolo11n_cap2_s0_b800sched_N2_a2best_continue_20260614_cfgfix_b_e800_b64_s0_gpu1,ladd_hbb_ogsod11n_formal_nomosaic_yolo11n_cap2_s0_b800sched_N2_a2best_continue_20260614_cfgfix_b_e800_b64_s0_gpu1,_remote_backups/4090_20260618/runs_public/ogsod/hbb/formal_nomosaic_20260528/ladd/yolo11n/cap2/ladd_hbb_ogsod11n_formal_nomosaic_yolo11n_cap2_s0_b800sched_N2_a2best_continue_20260614_cfgfix_b_e800_b64_s0_gpu1,ladd4090,ladd
c5998e02c09f9be8a750584530c9658195df5598,ladd_hbb_ogsod11n_formal_nomosaic_yolo11n_cap2_s0_b800sched_N2_a2best_continue_20260614_cfgfix_b_e800_b64_s0_gpu1,_remote_backups/4090_20260618/runs_public/ogsod/hbb/formal_nomosaic_20260528/ladd/yolo11n/cap2/ladd_hbb_ogsod11n_formal_nomosaic_yolo11n_cap2_s0_b800sched_N2_a2best_continue_20260614_cfgfix_b_e800_b64_s0_gpu1,run_files,ladd/results/archive_legacy_ladd_20260618/b800_restart_20260614/evidence/ladd4090/N2_a2best_continue_B800sched/run_files,ladd4090,ladd
c5998e02c09f9be8a750584530c9658195df5598,ladd_hbb_ogsod11n_formal_nomosaic_yolo11n_cap2_s0_b800sched_N2_a2best_continue_20260614_cfgfix_b_e800_b64_s0_gpu1,_remote_backups/4090_20260618/runs_public/ogsod/hbb/formal_nomosaic_20260528/ladd/yolo11n/cap2/ladd_hbb_ogsod11n_formal_nomosaic_yolo11n_cap2_s0_b800sched_N2_a2best_continue_20260614_cfgfix_b_e800_b64_s0_gpu1,ladd_hbb_ogsod11n_formal_nomosaic_yolo11n_cap2_s0_b800sched_N2_a2best_continue_20260614_cfgfix_b_e800_b64_s0_gpu1,ladd/results/archive_legacy_ladd_20260618/b800_restart_20260614/evidence_raw/ladd4090/runs_public/ogsod/hbb/formal_nomosaic_20260528/ladd/yolo11n/cap2/ladd_hbb_ogsod11n_formal_nomosaic_yolo11n_cap2_s0_b800sched_N2_a2best_continue_20260614_cfgfix_b_e800_b64_s0_gpu1,ladd4090,ladd
c5998e02c09f9be8a750584530c9658195df5598,ladd_hbb_ogsod11n_formal_nomosaic_yolo11n_cap2_s0_b800sched_N2_a2best_continue_20260614_cfgfix_b_e800_b64_s0_gpu1,_remote_backups/4090_20260618/runs_public/ogsod/hbb/formal_nomosaic_20260528/ladd/yolo11n/cap2/ladd_hbb_ogsod11n_formal_nomosaic_yolo11n_cap2_s0_b800sched_N2_a2best_continue_20260614_cfgfix_b_e800_b64_s0_gpu1,ladd_hbb_ogsod11n_formal_nomosaic_yolo11n_cap2_s0_b800sched_N2_a2best_continue_20260614_cfgfix_b_e800_b64_s0_gpu1,ladd/results/archive_legacy_ladd_20260618/ladd4090_shutdown_sync_20260614/evidence_raw/ladd4090/repo_root_snapshot/runs_public/ogsod/hbb/formal_nomosaic_20260528/ladd/yolo11n/cap2/ladd_hbb_ogsod11n_formal_nomosaic_yolo11n_cap2_s0_b800sched_N2_a2best_continue_20260614_cfgfix_b_e800_b64_s0_gpu1,ladd4090,ladd
c9364146cdbf6890c4d605f3531f21aed0e74ca5,s_alphaKD0p5_A1,ladd/results/archive_legacy_ladd_20260618/a2_damage_20260612/final_evidence/runs/s_alphaKD0p5_A1,ladd_hbb_ogsod11s_formal_nomosaic_yolo11s_cap2_s0_diag_capkd_s_s0_alphaKD0p5_b400_a1_e10_b64_s0_gpu0,_remote_backups/4090_20260618/runs_public/ogsod/hbb/formal_nomosaic_20260528/ladd/yolo11s/cap2/ladd_hbb_ogsod11s_formal_nomosaic_yolo11s_cap2_s0_diag_capkd_s_s0_alphaKD0p5_b400_a1_e10_b64_s0_gpu0,ladd4090,ladd
c9364146cdbf6890c4d605f3531f21aed0e74ca5,s_alphaKD0p5_A1,ladd/results/archive_legacy_ladd_20260618/a2_damage_20260612/final_evidence/runs/s_alphaKD0p5_A1,s_alphaKD0p5_A1,ladd/results/archive_legacy_ladd_20260618/a2_damage_20260612/final_evidence/runs/s_alphaKD0p5_A1,ladd4090,ladd
c9364146cdbf6890c4d605f3531f21aed0e74ca5,s_alphaKD0p5_A1,ladd/results/archive_legacy_ladd_20260618/a2_damage_20260612/final_evidence/runs/s_alphaKD0p5_A1,ladd_hbb_ogsod11s_formal_nomosaic_yolo11s_cap2_s0_diag_capkd_s_s0_alphaKD0p5_b400_a1_e10_b64_s0_gpu0,ladd/results/archive_legacy_ladd_20260618/ladd4090_shutdown_sync_20260614/evidence_raw/ladd4090/repo_root_snapshot/runs_public/ogsod/hbb/formal_nomosaic_20260528/ladd/yolo11s/cap2/ladd_hbb_ogsod11s_formal_nomosaic_yolo11s_cap2_s0_diag_capkd_s_s0_alphaKD0p5_b400_a1_e10_b64_s0_gpu0,ladd4090,ladd
c9364146cdbf6890c4d605f3531f21aed0e74ca5,s_alphaKD0p5_A1,ladd/results/archive_legacy_ladd_20260618/a2_damage_20260612/final_evidence/runs/s_alphaKD0p5_A1,ladd_hbb_ogsod11s_formal_nomosaic_yolo11s_cap2_s0_diag_capkd_s_s0_alphaKD0p5_b400_a1_e10_b64_s0_gpu0,ladd/results/archive_legacy_ladd_20260618/ladd_curve_analysis_20260612/source/runs_public_ladd/yolo11s/cap2/ladd_hbb_ogsod11s_formal_nomosaic_yolo11s_cap2_s0_diag_capkd_s_s0_alphaKD0p5_b400_a1_e10_b64_s0_gpu0,ladd4090,ladd
cdfb5e14dc361ada3c7df5cec6058b834b47c7d0,m_A2_lr3e4_short10_B1_B1,ladd/results/archive_legacy_ladd_20260618/a2_selection_20260612/current_evidence/runs/m_A2_lr3e4_short10_B1_B1,ladd_hbb_ogsod11m_formal_nomosaic_yolo11m_cap2_s0_diag_a2select_m_s0_a2lr3e4_short10_b1_b_e1_b32_s0_gpu1,_remote_backups/4090_20260618/runs_public/ogsod/hbb/formal_nomosaic_20260528/ladd/yolo11m/cap2/ladd_hbb_ogsod11m_formal_nomosaic_yolo11m_cap2_s0_diag_a2select_m_s0_a2lr3e4_short10_b1_b_e1_b32_s0_gpu1,ladd4090,ladd
cdfb5e14dc361ada3c7df5cec6058b834b47c7d0,m_A2_lr3e4_short10_B1_B1,ladd/results/archive_legacy_ladd_20260618/a2_selection_20260612/current_evidence/runs/m_A2_lr3e4_short10_B1_B1,m_A2_lr3e4_short10_B1_B1,ladd/results/archive_legacy_ladd_20260618/a2_selection_20260612/current_evidence/runs/m_A2_lr3e4_short10_B1_B1,ladd4090,ladd
cdfb5e14dc361ada3c7df5cec6058b834b47c7d0,m_A2_lr3e4_short10_B1_B1,ladd/results/archive_legacy_ladd_20260618/a2_selection_20260612/current_evidence/runs/m_A2_lr3e4_short10_B1_B1,ladd_hbb_ogsod11m_formal_nomosaic_yolo11m_cap2_s0_diag_a2select_m_s0_a2lr3e4_short10_b1_b_e1_b32_s0_gpu1,ladd/results/archive_legacy_ladd_20260618/ladd4090_shutdown_sync_20260614/evidence_raw/ladd4090/repo_root_snapshot/runs_public/ogsod/hbb/formal_nomosaic_20260528/ladd/yolo11m/cap2/ladd_hbb_ogsod11m_formal_nomosaic_yolo11m_cap2_s0_diag_a2select_m_s0_a2lr3e4_short10_b1_b_e1_b32_s0_gpu1,ladd4090,ladd
cdfb5e14dc361ada3c7df5cec6058b834b47c7d0,m_A2_lr3e4_short10_B1_B1,ladd/results/archive_legacy_ladd_20260618/a2_selection_20260612/current_evidence/runs/m_A2_lr3e4_short10_B1_B1,ladd_hbb_ogsod11m_formal_nomosaic_yolo11m_cap2_s0_diag_a2select_m_s0_a2lr3e4_short10_b1_b_e1_b32_s0_gpu1,ladd/results/archive_legacy_ladd_20260618/ladd_curve_analysis_20260612/source/runs_public_ladd/yolo11m/cap2/ladd_hbb_ogsod11m_formal_nomosaic_yolo11m_cap2_s0_diag_a2select_m_s0_a2lr3e4_short10_b1_b_e1_b32_s0_gpu1,ladd4090,ladd
d06bf3107053e13a34ab4117995007cfb902c01d,ladd_hbb_ogsod11s_formal_nomosaic_yolo11s_cap2_s0_fix_s_s0_a2lr3e4_short13_bdetonly_lr1e4_b120_a1_e10_b64_s0_gpu1,_remote_backups/4090_20260618/runs_public/ogsod/hbb/formal_nomosaic_20260528/ladd/yolo11s/cap2/ladd_hbb_ogsod11s_formal_nomosaic_yolo11s_cap2_s0_fix_s_s0_a2lr3e4_short13_bdetonly_lr1e4_b120_a1_e10_b64_s0_gpu1,ladd_hbb_ogsod11s_formal_nomosaic_yolo11s_cap2_s0_fix_s_s0_a2lr3e4_short13_bdetonly_lr1e4_b120_a1_e10_b64_s0_gpu1,_remote_backups/4090_20260618/runs_public/ogsod/hbb/formal_nomosaic_20260528/ladd/yolo11s/cap2/ladd_hbb_ogsod11s_formal_nomosaic_yolo11s_cap2_s0_fix_s_s0_a2lr3e4_short13_bdetonly_lr1e4_b120_a1_e10_b64_s0_gpu1,ladd4090,ladd
d06bf3107053e13a34ab4117995007cfb902c01d,ladd_hbb_ogsod11s_formal_nomosaic_yolo11s_cap2_s0_fix_s_s0_a2lr3e4_short13_bdetonly_lr1e4_b120_a1_e10_b64_s0_gpu1,_remote_backups/4090_20260618/runs_public/ogsod/hbb/formal_nomosaic_20260528/ladd/yolo11s/cap2/ladd_hbb_ogsod11s_formal_nomosaic_yolo11s_cap2_s0_fix_s_s0_a2lr3e4_short13_bdetonly_lr1e4_b120_a1_e10_b64_s0_gpu1,ladd_hbb_ogsod11s_formal_nomosaic_yolo11s_cap2_s0_fix_s_s0_a2lr3e4_short13_bdetonly_lr1e4_b120_a1_e10_b64_s0_gpu1,ladd/results/archive_legacy_ladd_20260618/ladd4090_shutdown_sync_20260614/evidence_raw/ladd4090/repo_root_snapshot/runs_public/ogsod/hbb/formal_nomosaic_20260528/ladd/yolo11s/cap2/ladd_hbb_ogsod11s_formal_nomosaic_yolo11s_cap2_s0_fix_s_s0_a2lr3e4_short13_bdetonly_lr1e4_b120_a1_e10_b64_s0_gpu1,ladd4090,ladd
d06bf3107053e13a34ab4117995007cfb902c01d,ladd_hbb_ogsod11s_formal_nomosaic_yolo11s_cap2_s0_fix_s_s0_a2lr3e4_short13_bdetonly_lr1e4_b120_a1_e10_b64_s0_gpu1,_remote_backups/4090_20260618/runs_public/ogsod/hbb/formal_nomosaic_20260528/ladd/yolo11s/cap2/ladd_hbb_ogsod11s_formal_nomosaic_yolo11s_cap2_s0_fix_s_s0_a2lr3e4_short13_bdetonly_lr1e4_b120_a1_e10_b64_s0_gpu1,ladd_hbb_ogsod11s_formal_nomosaic_yolo11s_cap2_s0_fix_s_s0_a2lr3e4_short13_bdetonly_lr1e4_b120_a1_e10_b64_s0_gpu1,ladd/results/archive_legacy_ladd_20260618/ladd_curve_analysis_20260612/source/runs_public_ladd/yolo11s/cap2/ladd_hbb_ogsod11s_formal_nomosaic_yolo11s_cap2_s0_fix_s_s0_a2lr3e4_short13_bdetonly_lr1e4_b120_a1_e10_b64_s0_gpu1,ladd4090,ladd
d06bf3107053e13a34ab4117995007cfb902c01d,ladd_hbb_ogsod11s_formal_nomosaic_yolo11s_cap2_s0_fix_s_s0_a2lr3e4_short13_bdetonly_lr1e4_b120_a1_e10_b64_s0_gpu1,_remote_backups/4090_20260618/runs_public/ogsod/hbb/formal_nomosaic_20260528/ladd/yolo11s/cap2/ladd_hbb_ogsod11s_formal_nomosaic_yolo11s_cap2_s0_fix_s_s0_a2lr3e4_short13_bdetonly_lr1e4_b120_a1_e10_b64_s0_gpu1,ladd_hbb_ogsod11s_formal_nomosaic_yolo11s_cap2_s0_fix_s_s0_a2lr3e4_short13_bdetonly_lr1e4_b120_a1_e10_b64_s0_gpu1,ladd/results/archive_legacy_ladd_20260618/repair_experiments_20260613/evidence/main_4090/runs/s_detonly_lr1e4_b120/unknown/ladd_hbb_ogsod11s_formal_nomosaic_yolo11s_cap2_s0_fix_s_s0_a2lr3e4_short13_bdetonly_lr1e4_b120_a1_e10_b64_s0_gpu1,ladd4090,ladd
d6bfe3bd967ca9aeb8164bb9130e94c2ee8d62d1,s_A2_short15_A2,ladd/results/archive_legacy_ladd_20260618/a2_damage_20260612/final_evidence/runs/s_A2_short15_A2,ladd_hbb_ogsod11s_formal_nomosaic_yolo11s_cap2_s0_diag_a2damage_s_s0_a2short15_b1_a2_e15_b64_s0_gpu1,_remote_backups/4090_20260618/runs_public/ogsod/hbb/formal_nomosaic_20260528/ladd/yolo11s/cap2/ladd_hbb_ogsod11s_formal_nomosaic_yolo11s_cap2_s0_diag_a2damage_s_s0_a2short15_b1_a2_e15_b64_s0_gpu1,ladd4090,ladd
d6bfe3bd967ca9aeb8164bb9130e94c2ee8d62d1,s_A2_short15_A2,ladd/results/archive_legacy_ladd_20260618/a2_damage_20260612/final_evidence/runs/s_A2_short15_A2,s_A2_short15_A2,ladd/results/archive_legacy_ladd_20260618/a2_damage_20260612/final_evidence/runs/s_A2_short15_A2,ladd4090,ladd
d6bfe3bd967ca9aeb8164bb9130e94c2ee8d62d1,s_A2_short15_A2,ladd/results/archive_legacy_ladd_20260618/a2_damage_20260612/final_evidence/runs/s_A2_short15_A2,ladd_hbb_ogsod11s_formal_nomosaic_yolo11s_cap2_s0_diag_a2damage_s_s0_a2short15_b1_a2_e15_b64_s0_gpu1,ladd/results/archive_legacy_ladd_20260618/ladd4090_shutdown_sync_20260614/evidence_raw/ladd4090/repo_root_snapshot/runs_public/ogsod/hbb/formal_nomosaic_20260528/ladd/yolo11s/cap2/ladd_hbb_ogsod11s_formal_nomosaic_yolo11s_cap2_s0_diag_a2damage_s_s0_a2short15_b1_a2_e15_b64_s0_gpu1,ladd4090,ladd
d6bfe3bd967ca9aeb8164bb9130e94c2ee8d62d1,s_A2_short15_A2,ladd/results/archive_legacy_ladd_20260618/a2_damage_20260612/final_evidence/runs/s_A2_short15_A2,ladd_hbb_ogsod11s_formal_nomosaic_yolo11s_cap2_s0_diag_a2damage_s_s0_a2short15_b1_a2_e15_b64_s0_gpu1,ladd/results/archive_legacy_ladd_20260618/ladd_curve_analysis_20260612/source/runs_public_ladd/yolo11s/cap2/ladd_hbb_ogsod11s_formal_nomosaic_yolo11s_cap2_s0_diag_a2damage_s_s0_a2short15_b1_a2_e15_b64_s0_gpu1,ladd4090,ladd
da620be4c5a04a7e9c343371148d477c7b48cf09,m_A2_lr3e4_full50_retry3_B1_A1,ladd/results/archive_legacy_ladd_20260618/a2_selection_20260612/current_evidence/runs/m_A2_lr3e4_full50_retry3_B1_A1,ladd_hbb_ogsod11m_formal_nomosaic_yolo11m_cap2_s0_diag_a2damage_m_s0_a2lr3e4_b1_retry3_a1_e10_b32_s0_gpu1,_remote_backups/4090_20260618/runs_public/ogsod/hbb/formal_nomosaic_20260528/ladd/yolo11m/cap2/ladd_hbb_ogsod11m_formal_nomosaic_yolo11m_cap2_s0_diag_a2damage_m_s0_a2lr3e4_b1_retry3_a1_e10_b32_s0_gpu1,ladd4090,ladd
da620be4c5a04a7e9c343371148d477c7b48cf09,m_A2_lr3e4_full50_retry3_B1_A1,ladd/results/archive_legacy_ladd_20260618/a2_selection_20260612/current_evidence/runs/m_A2_lr3e4_full50_retry3_B1_A1,m_A2_lr3e4_full50_retry3_B1_A1,ladd/results/archive_legacy_ladd_20260618/a2_selection_20260612/current_evidence/runs/m_A2_lr3e4_full50_retry3_B1_A1,ladd4090,ladd
da620be4c5a04a7e9c343371148d477c7b48cf09,m_A2_lr3e4_full50_retry3_B1_A1,ladd/results/archive_legacy_ladd_20260618/a2_selection_20260612/current_evidence/runs/m_A2_lr3e4_full50_retry3_B1_A1,ladd_hbb_ogsod11m_formal_nomosaic_yolo11m_cap2_s0_diag_a2damage_m_s0_a2lr3e4_b1_retry3_a1_e10_b32_s0_gpu1,ladd/results/archive_legacy_ladd_20260618/ladd4090_shutdown_sync_20260614/evidence_raw/ladd4090/repo_root_snapshot/runs_public/ogsod/hbb/formal_nomosaic_20260528/ladd/yolo11m/cap2/ladd_hbb_ogsod11m_formal_nomosaic_yolo11m_cap2_s0_diag_a2damage_m_s0_a2lr3e4_b1_retry3_a1_e10_b32_s0_gpu1,ladd4090,ladd
da620be4c5a04a7e9c343371148d477c7b48cf09,m_A2_lr3e4_full50_retry3_B1_A1,ladd/results/archive_legacy_ladd_20260618/a2_selection_20260612/current_evidence/runs/m_A2_lr3e4_full50_retry3_B1_A1,ladd_hbb_ogsod11m_formal_nomosaic_yolo11m_cap2_s0_diag_a2damage_m_s0_a2lr3e4_b1_retry3_a1_e10_b32_s0_gpu1,ladd/results/archive_legacy_ladd_20260618/ladd_curve_analysis_20260612/source/runs_public_ladd/yolo11m/cap2/ladd_hbb_ogsod11m_formal_nomosaic_yolo11m_cap2_s0_diag_a2damage_m_s0_a2lr3e4_b1_retry3_a1_e10_b32_s0_gpu1,ladd4090,ladd
dae64b4215038fd773fb68604b82fa57a41a4949,s_A2_short15_A1,ladd/results/archive_legacy_ladd_20260618/a2_damage_20260612/final_evidence/runs/s_A2_short15_A1,ladd_hbb_ogsod11s_formal_nomosaic_yolo11s_cap2_s0_diag_a2damage_s_s0_a2short15_b1_a1_e10_b64_s0_gpu1,_remote_backups/4090_20260618/runs_public/ogsod/hbb/formal_nomosaic_20260528/ladd/yolo11s/cap2/ladd_hbb_ogsod11s_formal_nomosaic_yolo11s_cap2_s0_diag_a2damage_s_s0_a2short15_b1_a1_e10_b64_s0_gpu1,ladd4090,ladd
dae64b4215038fd773fb68604b82fa57a41a4949,s_A2_short15_A1,ladd/results/archive_legacy_ladd_20260618/a2_damage_20260612/final_evidence/runs/s_A2_short15_A1,s_A2_short15_A1,ladd/results/archive_legacy_ladd_20260618/a2_damage_20260612/final_evidence/runs/s_A2_short15_A1,ladd4090,ladd
dae64b4215038fd773fb68604b82fa57a41a4949,s_A2_short15_A1,ladd/results/archive_legacy_ladd_20260618/a2_damage_20260612/final_evidence/runs/s_A2_short15_A1,ladd_hbb_ogsod11s_formal_nomosaic_yolo11s_cap2_s0_diag_a2damage_s_s0_a2short15_b1_a1_e10_b64_s0_gpu1,ladd/results/archive_legacy_ladd_20260618/ladd4090_shutdown_sync_20260614/evidence_raw/ladd4090/repo_root_snapshot/runs_public/ogsod/hbb/formal_nomosaic_20260528/ladd/yolo11s/cap2/ladd_hbb_ogsod11s_formal_nomosaic_yolo11s_cap2_s0_diag_a2damage_s_s0_a2short15_b1_a1_e10_b64_s0_gpu1,ladd4090,ladd
dae64b4215038fd773fb68604b82fa57a41a4949,s_A2_short15_A1,ladd/results/archive_legacy_ladd_20260618/a2_damage_20260612/final_evidence/runs/s_A2_short15_A1,ladd_hbb_ogsod11s_formal_nomosaic_yolo11s_cap2_s0_diag_a2damage_s_s0_a2short15_b1_a1_e10_b64_s0_gpu1,ladd/results/archive_legacy_ladd_20260618/ladd_curve_analysis_20260612/source/runs_public_ladd/yolo11s/cap2/ladd_hbb_ogsod11s_formal_nomosaic_yolo11s_cap2_s0_diag_a2damage_s_s0_a2short15_b1_a1_e10_b64_s0_gpu1,ladd4090,ladd
dda18b38b19e81c06c5477a265041b743f2f33d9,h1_n_b100,docs/experiments/archive_legacy_ladd_20260618/a1a2b_and_bstage/ladd_h1_diag_20260610_artifacts/h1_n_b100,ladd_hbb_ogsod11n_formal_nomosaic_yolo11n_cap2_s0_diag_h1_n_s0_b100_smoke_b_e100_b64_s0_gpu0,_remote_backups/4090_20260618/runs_public/ogsod/hbb/formal_nomosaic_20260528/ladd/yolo11n/cap2/ladd_hbb_ogsod11n_formal_nomosaic_yolo11n_cap2_s0_diag_h1_n_s0_b100_smoke_b_e100_b64_s0_gpu0,ladd4090,ladd
dda18b38b19e81c06c5477a265041b743f2f33d9,h1_n_b100,docs/experiments/archive_legacy_ladd_20260618/a1a2b_and_bstage/ladd_h1_diag_20260610_artifacts/h1_n_b100,h1_n_b100,docs/experiments/archive_legacy_ladd_20260618/a1a2b_and_bstage/ladd_h1_diag_20260610_artifacts/h1_n_b100,ladd4090,ladd
dda18b38b19e81c06c5477a265041b743f2f33d9,h1_n_b100,docs/experiments/archive_legacy_ladd_20260618/a1a2b_and_bstage/ladd_h1_diag_20260610_artifacts/h1_n_b100,ladd_hbb_ogsod11n_formal_nomosaic_yolo11n_cap2_s0_diag_h1_n_s0_b100_smoke_b_e100_b64_s0_gpu0,ladd/results/archive_legacy_ladd_20260618/ladd4090_shutdown_sync_20260614/evidence_raw/ladd4090/repo_root_snapshot/runs_public/ogsod/hbb/formal_nomosaic_20260528/ladd/yolo11n/cap2/ladd_hbb_ogsod11n_formal_nomosaic_yolo11n_cap2_s0_diag_h1_n_s0_b100_smoke_b_e100_b64_s0_gpu0,ladd4090,ladd
dda18b38b19e81c06c5477a265041b743f2f33d9,h1_n_b100,docs/experiments/archive_legacy_ladd_20260618/a1a2b_and_bstage/ladd_h1_diag_20260610_artifacts/h1_n_b100,ladd_hbb_ogsod11n_formal_nomosaic_yolo11n_cap2_s0_diag_h1_n_s0_b100_smoke_b_e100_b64_s0_gpu0,ladd/results/archive_legacy_ladd_20260618/ladd_curve_analysis_20260612/source/runs_public_ladd/yolo11n/cap2/ladd_hbb_ogsod11n_formal_nomosaic_yolo11n_cap2_s0_diag_h1_n_s0_b100_smoke_b_e100_b64_s0_gpu0,ladd4090,ladd
e2ddb0f82c7c1c565689eabbedc948e1c7a5c523,ladd_hbb_ogsod11n_formal_nomosaic_yolo11s_cap2_s0_bnfreeze1e3_public4090dual_final_v2_a1_e10_b64_s0_gpu1,_remote_backups/4090_20260618/runs_public/ogsod/hbb/formal_nomosaic_20260528/ladd/yolo11s/cap2/ladd_hbb_ogsod11n_formal_nomosaic_yolo11s_cap2_s0_bnfreeze1e3_public4090dual_final_v2_a1_e10_b64_s0_gpu1,ladd_hbb_ogsod11n_formal_nomosaic_yolo11s_cap2_s0_bnfreeze1e3_public4090dual_final_v2_a1_e10_b64_s0_gpu1,_remote_backups/4090_20260618/runs_public/ogsod/hbb/formal_nomosaic_20260528/ladd/yolo11s/cap2/ladd_hbb_ogsod11n_formal_nomosaic_yolo11s_cap2_s0_bnfreeze1e3_public4090dual_final_v2_a1_e10_b64_s0_gpu1,ladd4090,ladd
e2ddb0f82c7c1c565689eabbedc948e1c7a5c523,ladd_hbb_ogsod11n_formal_nomosaic_yolo11s_cap2_s0_bnfreeze1e3_public4090dual_final_v2_a1_e10_b64_s0_gpu1,_remote_backups/4090_20260618/runs_public/ogsod/hbb/formal_nomosaic_20260528/ladd/yolo11s/cap2/ladd_hbb_ogsod11n_formal_nomosaic_yolo11s_cap2_s0_bnfreeze1e3_public4090dual_final_v2_a1_e10_b64_s0_gpu1,ladd_hbb_ogsod11n_formal_nomosaic_yolo11s_cap2_s0_bnfreeze1e3_public4090dual_final_v2_a1_e10_b64_s0_gpu1,ladd/results/archive_legacy_ladd_20260618/ladd4090_shutdown_sync_20260614/evidence_raw/ladd4090/repo_root_snapshot/runs_public/ogsod/hbb/formal_nomosaic_20260528/ladd/yolo11s/cap2/ladd_hbb_ogsod11n_formal_nomosaic_yolo11s_cap2_s0_bnfreeze1e3_public4090dual_final_v2_a1_e10_b64_s0_gpu1,ladd4090,ladd
e2ddb0f82c7c1c565689eabbedc948e1c7a5c523,ladd_hbb_ogsod11n_formal_nomosaic_yolo11s_cap2_s0_bnfreeze1e3_public4090dual_final_v2_a1_e10_b64_s0_gpu1,_remote_backups/4090_20260618/runs_public/ogsod/hbb/formal_nomosaic_20260528/ladd/yolo11s/cap2/ladd_hbb_ogsod11n_formal_nomosaic_yolo11s_cap2_s0_bnfreeze1e3_public4090dual_final_v2_a1_e10_b64_s0_gpu1,ladd_hbb_ogsod11n_formal_nomosaic_yolo11s_cap2_s0_bnfreeze1e3_public4090dual_final_v2_a1_e10_b64_s0_gpu1,ladd/results/archive_legacy_ladd_20260618/ladd_curve_analysis_20260612/source/runs_public_ladd/yolo11s/cap2/ladd_hbb_ogsod11n_formal_nomosaic_yolo11s_cap2_s0_bnfreeze1e3_public4090dual_final_v2_a1_e10_b64_s0_gpu1,ladd4090,ladd
e2ddb0f82c7c1c565689eabbedc948e1c7a5c523,ladd_hbb_ogsod11n_formal_nomosaic_yolo11s_cap2_s0_bnfreeze1e3_public4090dual_final_v2_a1_e10_b64_s0_gpu1,_remote_backups/4090_20260618/runs_public/ogsod/hbb/formal_nomosaic_20260528/ladd/yolo11s/cap2/ladd_hbb_ogsod11n_formal_nomosaic_yolo11s_cap2_s0_bnfreeze1e3_public4090dual_final_v2_a1_e10_b64_s0_gpu1,ladd_hbb_ogsod11n_formal_nomosaic_yolo11s_cap2_s0_bnfreeze1e3_public4090dual_final_v2_a1_e10_b64_s0_gpu1,ladd/results/archive_legacy_ladd_20260618/mainline_stability_20260609/remote_4090dual/runs_public/ogsod/hbb/formal_nomosaic_20260528/ladd/yolo11s/cap2/ladd_hbb_ogsod11n_formal_nomosaic_yolo11s_cap2_s0_bnfreeze1e3_public4090dual_final_v2_a1_e10_b64_s0_gpu1,ladd4090,ladd
e46e6791fd3aedb1c2f62151cb0d33f8fcf245ef,ladd_hbb_ogsod11n_ladd800r2_cap2_s42_b_e800_b64_s42_gpu3,ladd/results/archive_legacy_ladd_20260618/converged_mainline_ladd_20260613/source/mosaic90/ladd_b_runs/ladd_hbb_ogsod11n_ladd800r2_cap2_s42_b_e800_b64_s42_gpu3,ladd_hbb_ogsod11n_ladd800r2_cap2_s42_b_e800_b64_s42_gpu3,docs/experiments/archive_legacy_ladd_20260618/a1a2b_and_bstage/ladd_skipa2_compare_20260616/source/docs/experiments/ladd_mosaic90_20260528_artifacts/ladd_b_runs/ladd_hbb_ogsod11n_ladd800r2_cap2_s42_b_e800_b64_s42_gpu3,unknown,ladd
e46e6791fd3aedb1c2f62151cb0d33f8fcf245ef,ladd_hbb_ogsod11n_ladd800r2_cap2_s42_b_e800_b64_s42_gpu3,ladd/results/archive_legacy_ladd_20260618/converged_mainline_ladd_20260613/source/mosaic90/ladd_b_runs/ladd_hbb_ogsod11n_ladd800r2_cap2_s42_b_e800_b64_s42_gpu3,ladd_hbb_ogsod11n_ladd800r2_cap2_s42_b_e800_b64_s42_gpu3,docs/experiments/archive_legacy_ladd_20260618/legacy_mosaic_protocols/ladd_mosaic90_20260528_artifacts/ladd_b_runs/ladd_hbb_ogsod11n_ladd800r2_cap2_s42_b_e800_b64_s42_gpu3,ladd90,ladd
e46e6791fd3aedb1c2f62151cb0d33f8fcf245ef,ladd_hbb_ogsod11n_ladd800r2_cap2_s42_b_e800_b64_s42_gpu3,ladd/results/archive_legacy_ladd_20260618/converged_mainline_ladd_20260613/source/mosaic90/ladd_b_runs/ladd_hbb_ogsod11n_ladd800r2_cap2_s42_b_e800_b64_s42_gpu3,ladd_hbb_ogsod11n_ladd800r2_cap2_s42_b_e800_b64_s42_gpu3,docs/experiments/archive_legacy_ladd_20260618/legacy_mosaic_protocols/ladd_mosaic_protocol_compare_20260615/raw/mnt/dataY/ydf/projects/LADD_og/legacy_results_archive/pre_formal_nomosaic_20260528/runs_public/ogsod/hbb/ladd_converged_20260524/ladd_hbb_ogsod11n_ladd800r2_cap2_s42_b_e800_b64_s42_gpu3,ladd90,ladd
e46e6791fd3aedb1c2f62151cb0d33f8fcf245ef,ladd_hbb_ogsod11n_ladd800r2_cap2_s42_b_e800_b64_s42_gpu3,ladd/results/archive_legacy_ladd_20260618/converged_mainline_ladd_20260613/source/mosaic90/ladd_b_runs/ladd_hbb_ogsod11n_ladd800r2_cap2_s42_b_e800_b64_s42_gpu3,ladd_hbb_ogsod11n_ladd800r2_cap2_s42_b_e800_b64_s42_gpu3,ladd/results/archive_legacy_ladd_20260618/converged_mainline_ladd_20260613/source/mosaic90/ladd_b_runs/ladd_hbb_ogsod11n_ladd800r2_cap2_s42_b_e800_b64_s42_gpu3,ladd90,ladd
e8ed67f55c6aadc989334e95c937063e2f9995db,m_A2_lr3e4_short10_B1_A2,ladd/results/archive_legacy_ladd_20260618/a2_selection_20260612/current_evidence/runs/m_A2_lr3e4_short10_B1_A2,ladd_hbb_ogsod11m_formal_nomosaic_yolo11m_cap2_s0_diag_a2select_m_s0_a2lr3e4_short10_b1_a2_e10_b32_s0_gpu1,_remote_backups/4090_20260618/runs_public/ogsod/hbb/formal_nomosaic_20260528/ladd/yolo11m/cap2/ladd_hbb_ogsod11m_formal_nomosaic_yolo11m_cap2_s0_diag_a2select_m_s0_a2lr3e4_short10_b1_a2_e10_b32_s0_gpu1,ladd4090,ladd
e8ed67f55c6aadc989334e95c937063e2f9995db,m_A2_lr3e4_short10_B1_A2,ladd/results/archive_legacy_ladd_20260618/a2_selection_20260612/current_evidence/runs/m_A2_lr3e4_short10_B1_A2,m_A2_lr3e4_short10_B1_A2,ladd/results/archive_legacy_ladd_20260618/a2_selection_20260612/current_evidence/runs/m_A2_lr3e4_short10_B1_A2,ladd4090,ladd
e8ed67f55c6aadc989334e95c937063e2f9995db,m_A2_lr3e4_short10_B1_A2,ladd/results/archive_legacy_ladd_20260618/a2_selection_20260612/current_evidence/runs/m_A2_lr3e4_short10_B1_A2,ladd_hbb_ogsod11m_formal_nomosaic_yolo11m_cap2_s0_diag_a2select_m_s0_a2lr3e4_short10_b1_a2_e10_b32_s0_gpu1,ladd/results/archive_legacy_ladd_20260618/ladd4090_shutdown_sync_20260614/evidence_raw/ladd4090/repo_root_snapshot/runs_public/ogsod/hbb/formal_nomosaic_20260528/ladd/yolo11m/cap2/ladd_hbb_ogsod11m_formal_nomosaic_yolo11m_cap2_s0_diag_a2select_m_s0_a2lr3e4_short10_b1_a2_e10_b32_s0_gpu1,ladd4090,ladd
e8ed67f55c6aadc989334e95c937063e2f9995db,m_A2_lr3e4_short10_B1_A2,ladd/results/archive_legacy_ladd_20260618/a2_selection_20260612/current_evidence/runs/m_A2_lr3e4_short10_B1_A2,ladd_hbb_ogsod11m_formal_nomosaic_yolo11m_cap2_s0_diag_a2select_m_s0_a2lr3e4_short10_b1_a2_e10_b32_s0_gpu1,ladd/results/archive_legacy_ladd_20260618/ladd_curve_analysis_20260612/source/runs_public_ladd/yolo11m/cap2/ladd_hbb_ogsod11m_formal_nomosaic_yolo11m_cap2_s0_diag_a2select_m_s0_a2lr3e4_short10_b1_a2_e10_b32_s0_gpu1,ladd4090,ladd
e97034265b2d54bc176d97f7d5a2eb2e954ad774,s_A2_lr3e4_short13_B1_B1,ladd/results/archive_legacy_ladd_20260618/a2_selection_20260612/current_evidence/runs/s_A2_lr3e4_short13_B1_B1,ladd_hbb_ogsod11s_formal_nomosaic_yolo11s_cap2_s0_diag_a2select_s_s0_a2lr3e4_short13_b1_b_e1_b64_s0_gpu0,_remote_backups/4090_20260618/runs_public/ogsod/hbb/formal_nomosaic_20260528/ladd/yolo11s/cap2/ladd_hbb_ogsod11s_formal_nomosaic_yolo11s_cap2_s0_diag_a2select_s_s0_a2lr3e4_short13_b1_b_e1_b64_s0_gpu0,ladd4090,ladd
e97034265b2d54bc176d97f7d5a2eb2e954ad774,s_A2_lr3e4_short13_B1_B1,ladd/results/archive_legacy_ladd_20260618/a2_selection_20260612/current_evidence/runs/s_A2_lr3e4_short13_B1_B1,s_A2_lr3e4_short13_B1_B1,ladd/results/archive_legacy_ladd_20260618/a2_selection_20260612/current_evidence/runs/s_A2_lr3e4_short13_B1_B1,ladd4090,ladd
e97034265b2d54bc176d97f7d5a2eb2e954ad774,s_A2_lr3e4_short13_B1_B1,ladd/results/archive_legacy_ladd_20260618/a2_selection_20260612/current_evidence/runs/s_A2_lr3e4_short13_B1_B1,ladd_hbb_ogsod11s_formal_nomosaic_yolo11s_cap2_s0_diag_a2select_s_s0_a2lr3e4_short13_b1_b_e1_b64_s0_gpu0,ladd/results/archive_legacy_ladd_20260618/ladd4090_shutdown_sync_20260614/evidence_raw/ladd4090/repo_root_snapshot/runs_public/ogsod/hbb/formal_nomosaic_20260528/ladd/yolo11s/cap2/ladd_hbb_ogsod11s_formal_nomosaic_yolo11s_cap2_s0_diag_a2select_s_s0_a2lr3e4_short13_b1_b_e1_b64_s0_gpu0,ladd4090,ladd
e97034265b2d54bc176d97f7d5a2eb2e954ad774,s_A2_lr3e4_short13_B1_B1,ladd/results/archive_legacy_ladd_20260618/a2_selection_20260612/current_evidence/runs/s_A2_lr3e4_short13_B1_B1,ladd_hbb_ogsod11s_formal_nomosaic_yolo11s_cap2_s0_diag_a2select_s_s0_a2lr3e4_short13_b1_b_e1_b64_s0_gpu0,ladd/results/archive_legacy_ladd_20260618/ladd_curve_analysis_20260612/source/runs_public_ladd/yolo11s/cap2/ladd_hbb_ogsod11s_formal_nomosaic_yolo11s_cap2_s0_diag_a2select_s_s0_a2lr3e4_short13_b1_b_e1_b64_s0_gpu0,ladd4090,ladd
ed7b881963c5311ca75ea4604347d3c85b586338,s_A2_lr3e4_short13_B1_A2,ladd/results/archive_legacy_ladd_20260618/a2_selection_20260612/current_evidence/runs/s_A2_lr3e4_short13_B1_A2,ladd_hbb_ogsod11s_formal_nomosaic_yolo11s_cap2_s0_diag_a2select_s_s0_a2lr3e4_short13_b1_a2_e13_b64_s0_gpu0,_remote_backups/4090_20260618/runs_public/ogsod/hbb/formal_nomosaic_20260528/ladd/yolo11s/cap2/ladd_hbb_ogsod11s_formal_nomosaic_yolo11s_cap2_s0_diag_a2select_s_s0_a2lr3e4_short13_b1_a2_e13_b64_s0_gpu0,ladd4090,ladd
ed7b881963c5311ca75ea4604347d3c85b586338,s_A2_lr3e4_short13_B1_A2,ladd/results/archive_legacy_ladd_20260618/a2_selection_20260612/current_evidence/runs/s_A2_lr3e4_short13_B1_A2,s_A2_lr3e4_short13_B1_A2,ladd/results/archive_legacy_ladd_20260618/a2_selection_20260612/current_evidence/runs/s_A2_lr3e4_short13_B1_A2,ladd4090,ladd
ed7b881963c5311ca75ea4604347d3c85b586338,s_A2_lr3e4_short13_B1_A2,ladd/results/archive_legacy_ladd_20260618/a2_selection_20260612/current_evidence/runs/s_A2_lr3e4_short13_B1_A2,ladd_hbb_ogsod11s_formal_nomosaic_yolo11s_cap2_s0_diag_a2select_s_s0_a2lr3e4_short13_b1_a2_e13_b64_s0_gpu0,ladd/results/archive_legacy_ladd_20260618/ladd4090_shutdown_sync_20260614/evidence_raw/ladd4090/repo_root_snapshot/runs_public/ogsod/hbb/formal_nomosaic_20260528/ladd/yolo11s/cap2/ladd_hbb_ogsod11s_formal_nomosaic_yolo11s_cap2_s0_diag_a2select_s_s0_a2lr3e4_short13_b1_a2_e13_b64_s0_gpu0,ladd4090,ladd
ed7b881963c5311ca75ea4604347d3c85b586338,s_A2_lr3e4_short13_B1_A2,ladd/results/archive_legacy_ladd_20260618/a2_selection_20260612/current_evidence/runs/s_A2_lr3e4_short13_B1_A2,ladd_hbb_ogsod11s_formal_nomosaic_yolo11s_cap2_s0_diag_a2select_s_s0_a2lr3e4_short13_b1_a2_e13_b64_s0_gpu0,ladd/results/archive_legacy_ladd_20260618/ladd_curve_analysis_20260612/source/runs_public_ladd/yolo11s/cap2/ladd_hbb_ogsod11s_formal_nomosaic_yolo11s_cap2_s0_diag_a2select_s_s0_a2lr3e4_short13_b1_a2_e13_b64_s0_gpu0,ladd4090,ladd
f2a0d742fac79b14ece5717fd5fbbd1766b82c3b,s_A2_lr3e4_short13_Bdet200_A1,ladd/results/archive_legacy_ladd_20260618/a2_selection_20260612/current_evidence/runs/s_A2_lr3e4_short13_Bdet200_A1,ladd_hbb_ogsod11s_formal_nomosaic_yolo11s_cap2_s0_diag_a2select_s_s0_a2lr3e4_short13_bdetonly200_a1_e10_b64_s0_gpu0,_remote_backups/4090_20260618/runs_public/ogsod/hbb/formal_nomosaic_20260528/ladd/yolo11s/cap2/ladd_hbb_ogsod11s_formal_nomosaic_yolo11s_cap2_s0_diag_a2select_s_s0_a2lr3e4_short13_bdetonly200_a1_e10_b64_s0_gpu0,ladd4090,ladd
f2a0d742fac79b14ece5717fd5fbbd1766b82c3b,s_A2_lr3e4_short13_Bdet200_A1,ladd/results/archive_legacy_ladd_20260618/a2_selection_20260612/current_evidence/runs/s_A2_lr3e4_short13_Bdet200_A1,s_A2_lr3e4_short13_Bdet200_A1,ladd/results/archive_legacy_ladd_20260618/a2_selection_20260612/current_evidence/runs/s_A2_lr3e4_short13_Bdet200_A1,ladd4090,ladd
f2a0d742fac79b14ece5717fd5fbbd1766b82c3b,s_A2_lr3e4_short13_Bdet200_A1,ladd/results/archive_legacy_ladd_20260618/a2_selection_20260612/current_evidence/runs/s_A2_lr3e4_short13_Bdet200_A1,ladd_hbb_ogsod11s_formal_nomosaic_yolo11s_cap2_s0_diag_a2select_s_s0_a2lr3e4_short13_bdetonly200_a1_e10_b64_s0_gpu0,ladd/results/archive_legacy_ladd_20260618/ladd4090_shutdown_sync_20260614/evidence_raw/ladd4090/repo_root_snapshot/runs_public/ogsod/hbb/formal_nomosaic_20260528/ladd/yolo11s/cap2/ladd_hbb_ogsod11s_formal_nomosaic_yolo11s_cap2_s0_diag_a2select_s_s0_a2lr3e4_short13_bdetonly200_a1_e10_b64_s0_gpu0,ladd4090,ladd
f2a0d742fac79b14ece5717fd5fbbd1766b82c3b,s_A2_lr3e4_short13_Bdet200_A1,ladd/results/archive_legacy_ladd_20260618/a2_selection_20260612/current_evidence/runs/s_A2_lr3e4_short13_Bdet200_A1,ladd_hbb_ogsod11s_formal_nomosaic_yolo11s_cap2_s0_diag_a2select_s_s0_a2lr3e4_short13_bdetonly200_a1_e10_b64_s0_gpu0,ladd/results/archive_legacy_ladd_20260618/ladd_curve_analysis_20260612/source/runs_public_ladd/yolo11s/cap2/ladd_hbb_ogsod11s_formal_nomosaic_yolo11s_cap2_s0_diag_a2select_s_s0_a2lr3e4_short13_bdetonly200_a1_e10_b64_s0_gpu0,ladd4090,ladd
f6546999fa360cc2b6de843a7e38ca882499ec09,s_alphaKD0p25_A2,ladd/results/archive_legacy_ladd_20260618/a2_damage_20260612/final_evidence/runs/s_alphaKD0p25_A2,ladd_hbb_ogsod11s_formal_nomosaic_yolo11s_cap2_s0_diag_capkd_s_s0_alphaKD0p25_b400_a2_e50_b64_s0_gpu1,_remote_backups/4090_20260618/runs_public/ogsod/hbb/formal_nomosaic_20260528/ladd/yolo11s/cap2/ladd_hbb_ogsod11s_formal_nomosaic_yolo11s_cap2_s0_diag_capkd_s_s0_alphaKD0p25_b400_a2_e50_b64_s0_gpu1,ladd4090,ladd
f6546999fa360cc2b6de843a7e38ca882499ec09,s_alphaKD0p25_A2,ladd/results/archive_legacy_ladd_20260618/a2_damage_20260612/final_evidence/runs/s_alphaKD0p25_A2,s_alphaKD0p25_A2,ladd/results/archive_legacy_ladd_20260618/a2_damage_20260612/final_evidence/runs/s_alphaKD0p25_A2,ladd4090,ladd
f6546999fa360cc2b6de843a7e38ca882499ec09,s_alphaKD0p25_A2,ladd/results/archive_legacy_ladd_20260618/a2_damage_20260612/final_evidence/runs/s_alphaKD0p25_A2,ladd_hbb_ogsod11s_formal_nomosaic_yolo11s_cap2_s0_diag_capkd_s_s0_alphaKD0p25_b400_a2_e50_b64_s0_gpu1,ladd/results/archive_legacy_ladd_20260618/ladd4090_shutdown_sync_20260614/evidence_raw/ladd4090/repo_root_snapshot/runs_public/ogsod/hbb/formal_nomosaic_20260528/ladd/yolo11s/cap2/ladd_hbb_ogsod11s_formal_nomosaic_yolo11s_cap2_s0_diag_capkd_s_s0_alphaKD0p25_b400_a2_e50_b64_s0_gpu1,ladd4090,ladd
f6546999fa360cc2b6de843a7e38ca882499ec09,s_alphaKD0p25_A2,ladd/results/archive_legacy_ladd_20260618/a2_damage_20260612/final_evidence/runs/s_alphaKD0p25_A2,ladd_hbb_ogsod11s_formal_nomosaic_yolo11s_cap2_s0_diag_capkd_s_s0_alphaKD0p25_b400_a2_e50_b64_s0_gpu1,ladd/results/archive_legacy_ladd_20260618/ladd_curve_analysis_20260612/source/runs_public_ladd/yolo11s/cap2/ladd_hbb_ogsod11s_formal_nomosaic_yolo11s_cap2_s0_diag_capkd_s_s0_alphaKD0p25_b400_a2_e50_b64_s0_gpu1,ladd4090,ladd
f7fedd48314b722e190b32a54b64ae3c722b7cd0,s_B_detonly_r2_B400,ladd/results/archive_legacy_ladd_20260618/a2_damage_20260612/final_evidence/runs/s_B_detonly_r2_B400,ladd_hbb_ogsod11s_formal_nomosaic_yolo11s_cap2_s0_diag_capkd_s_s0_bdetonly_b400_r2_b_e400_b64_s0_gpu0,_remote_backups/4090_20260618/runs_public/ogsod/hbb/formal_nomosaic_20260528/ladd/yolo11s/cap2/ladd_hbb_ogsod11s_formal_nomosaic_yolo11s_cap2_s0_diag_capkd_s_s0_bdetonly_b400_r2_b_e400_b64_s0_gpu0,ladd4090,ladd
f7fedd48314b722e190b32a54b64ae3c722b7cd0,s_B_detonly_r2_B400,ladd/results/archive_legacy_ladd_20260618/a2_damage_20260612/final_evidence/runs/s_B_detonly_r2_B400,s_B_detonly_r2_B400,ladd/results/archive_legacy_ladd_20260618/a2_damage_20260612/final_evidence/runs/s_B_detonly_r2_B400,ladd4090,ladd
f7fedd48314b722e190b32a54b64ae3c722b7cd0,s_B_detonly_r2_B400,ladd/results/archive_legacy_ladd_20260618/a2_damage_20260612/final_evidence/runs/s_B_detonly_r2_B400,ladd_hbb_ogsod11s_formal_nomosaic_yolo11s_cap2_s0_diag_capkd_s_s0_bdetonly_b400_r2_b_e400_b64_s0_gpu0,ladd/results/archive_legacy_ladd_20260618/ladd4090_shutdown_sync_20260614/evidence_raw/ladd4090/repo_root_snapshot/runs_public/ogsod/hbb/formal_nomosaic_20260528/ladd/yolo11s/cap2/ladd_hbb_ogsod11s_formal_nomosaic_yolo11s_cap2_s0_diag_capkd_s_s0_bdetonly_b400_r2_b_e400_b64_s0_gpu0,ladd4090,ladd
f7fedd48314b722e190b32a54b64ae3c722b7cd0,s_B_detonly_r2_B400,ladd/results/archive_legacy_ladd_20260618/a2_damage_20260612/final_evidence/runs/s_B_detonly_r2_B400,ladd_hbb_ogsod11s_formal_nomosaic_yolo11s_cap2_s0_diag_capkd_s_s0_bdetonly_b400_r2_b_e400_b64_s0_gpu0,ladd/results/archive_legacy_ladd_20260618/ladd_curve_analysis_20260612/source/runs_public_ladd/yolo11s/cap2/ladd_hbb_ogsod11s_formal_nomosaic_yolo11s_cap2_s0_diag_capkd_s_s0_bdetonly_b400_r2_b_e400_b64_s0_gpu0,ladd4090,ladd
fa4183fa81f3ffc78200a4a49ab6e3fc1541ec96,ladd_hbb_ogsod11n_formal_nomosaic_yolo11n_cap2_s0_fix_n_s0_a2lr3e4_short13_bweakKD0p25_b200_a1_e10_b64_s0_gpu1,_remote_backups/4090_20260618/runs_public/ogsod/hbb/formal_nomosaic_20260528/ladd/yolo11n/cap2/ladd_hbb_ogsod11n_formal_nomosaic_yolo11n_cap2_s0_fix_n_s0_a2lr3e4_short13_bweakKD0p25_b200_a1_e10_b64_s0_gpu1,ladd_hbb_ogsod11n_formal_nomosaic_yolo11n_cap2_s0_fix_n_s0_a2lr3e4_short13_bweakKD0p25_b200_a1_e10_b64_s0_gpu1,_remote_backups/4090_20260618/runs_public/ogsod/hbb/formal_nomosaic_20260528/ladd/yolo11n/cap2/ladd_hbb_ogsod11n_formal_nomosaic_yolo11n_cap2_s0_fix_n_s0_a2lr3e4_short13_bweakKD0p25_b200_a1_e10_b64_s0_gpu1,ladd4090,ladd
fa4183fa81f3ffc78200a4a49ab6e3fc1541ec96,ladd_hbb_ogsod11n_formal_nomosaic_yolo11n_cap2_s0_fix_n_s0_a2lr3e4_short13_bweakKD0p25_b200_a1_e10_b64_s0_gpu1,_remote_backups/4090_20260618/runs_public/ogsod/hbb/formal_nomosaic_20260528/ladd/yolo11n/cap2/ladd_hbb_ogsod11n_formal_nomosaic_yolo11n_cap2_s0_fix_n_s0_a2lr3e4_short13_bweakKD0p25_b200_a1_e10_b64_s0_gpu1,ladd_hbb_ogsod11n_formal_nomosaic_yolo11n_cap2_s0_fix_n_s0_a2lr3e4_short13_bweakKD0p25_b200_a1_e10_b64_s0_gpu1,ladd/results/archive_legacy_ladd_20260618/ladd4090_shutdown_sync_20260614/evidence_raw/ladd4090/repo_root_snapshot/runs_public/ogsod/hbb/formal_nomosaic_20260528/ladd/yolo11n/cap2/ladd_hbb_ogsod11n_formal_nomosaic_yolo11n_cap2_s0_fix_n_s0_a2lr3e4_short13_bweakKD0p25_b200_a1_e10_b64_s0_gpu1,ladd4090,ladd
fa4183fa81f3ffc78200a4a49ab6e3fc1541ec96,ladd_hbb_ogsod11n_formal_nomosaic_yolo11n_cap2_s0_fix_n_s0_a2lr3e4_short13_bweakKD0p25_b200_a1_e10_b64_s0_gpu1,_remote_backups/4090_20260618/runs_public/ogsod/hbb/formal_nomosaic_20260528/ladd/yolo11n/cap2/ladd_hbb_ogsod11n_formal_nomosaic_yolo11n_cap2_s0_fix_n_s0_a2lr3e4_short13_bweakKD0p25_b200_a1_e10_b64_s0_gpu1,ladd_hbb_ogsod11n_formal_nomosaic_yolo11n_cap2_s0_fix_n_s0_a2lr3e4_short13_bweakKD0p25_b200_a1_e10_b64_s0_gpu1,ladd/results/archive_legacy_ladd_20260618/ladd_curve_analysis_20260612/source/runs_public_ladd/yolo11n/cap2/ladd_hbb_ogsod11n_formal_nomosaic_yolo11n_cap2_s0_fix_n_s0_a2lr3e4_short13_bweakKD0p25_b200_a1_e10_b64_s0_gpu1,ladd4090,ladd
fa4183fa81f3ffc78200a4a49ab6e3fc1541ec96,ladd_hbb_ogsod11n_formal_nomosaic_yolo11n_cap2_s0_fix_n_s0_a2lr3e4_short13_bweakKD0p25_b200_a1_e10_b64_s0_gpu1,_remote_backups/4090_20260618/runs_public/ogsod/hbb/formal_nomosaic_20260528/ladd/yolo11n/cap2/ladd_hbb_ogsod11n_formal_nomosaic_yolo11n_cap2_s0_fix_n_s0_a2lr3e4_short13_bweakKD0p25_b200_a1_e10_b64_s0_gpu1,ladd_hbb_ogsod11n_formal_nomosaic_yolo11n_cap2_s0_fix_n_s0_a2lr3e4_short13_bweakKD0p25_b200_a1_e10_b64_s0_gpu1,ladd/results/archive_legacy_ladd_20260618/repair_experiments_20260613/evidence/main_4090/runs/n_weakkd0p25_b200/unknown/ladd_hbb_ogsod11n_formal_nomosaic_yolo11n_cap2_s0_fix_n_s0_a2lr3e4_short13_bweakKD0p25_b200_a1_e10_b64_s0_gpu1,ladd4090,ladd
fdc11a42f67ad40845a8c85f5c754d667466a131,s_A2_lr1e4_short15_B1_A1,ladd/results/archive_legacy_ladd_20260618/a2_selection_20260612/current_evidence/runs/s_A2_lr1e4_short15_B1_A1,ladd_hbb_ogsod11s_formal_nomosaic_yolo11s_cap2_s0_diag_a2select_s_s0_a2lr1e4_short15_b1_a1_e10_b64_s0_gpu1,_remote_backups/4090_20260618/runs_public/ogsod/hbb/formal_nomosaic_20260528/ladd/yolo11s/cap2/ladd_hbb_ogsod11s_formal_nomosaic_yolo11s_cap2_s0_diag_a2select_s_s0_a2lr1e4_short15_b1_a1_e10_b64_s0_gpu1,ladd4090,ladd
fdc11a42f67ad40845a8c85f5c754d667466a131,s_A2_lr1e4_short15_B1_A1,ladd/results/archive_legacy_ladd_20260618/a2_selection_20260612/current_evidence/runs/s_A2_lr1e4_short15_B1_A1,s_A2_lr1e4_short15_B1_A1,ladd/results/archive_legacy_ladd_20260618/a2_selection_20260612/current_evidence/runs/s_A2_lr1e4_short15_B1_A1,ladd4090,ladd
fdc11a42f67ad40845a8c85f5c754d667466a131,s_A2_lr1e4_short15_B1_A1,ladd/results/archive_legacy_ladd_20260618/a2_selection_20260612/current_evidence/runs/s_A2_lr1e4_short15_B1_A1,ladd_hbb_ogsod11s_formal_nomosaic_yolo11s_cap2_s0_diag_a2select_s_s0_a2lr1e4_short15_b1_a1_e10_b64_s0_gpu1,ladd/results/archive_legacy_ladd_20260618/ladd4090_shutdown_sync_20260614/evidence_raw/ladd4090/repo_root_snapshot/runs_public/ogsod/hbb/formal_nomosaic_20260528/ladd/yolo11s/cap2/ladd_hbb_ogsod11s_formal_nomosaic_yolo11s_cap2_s0_diag_a2select_s_s0_a2lr1e4_short15_b1_a1_e10_b64_s0_gpu1,ladd4090,ladd
fdc11a42f67ad40845a8c85f5c754d667466a131,s_A2_lr1e4_short15_B1_A1,ladd/results/archive_legacy_ladd_20260618/a2_selection_20260612/current_evidence/runs/s_A2_lr1e4_short15_B1_A1,ladd_hbb_ogsod11s_formal_nomosaic_yolo11s_cap2_s0_diag_a2select_s_s0_a2lr1e4_short15_b1_a1_e10_b64_s0_gpu1,ladd/results/archive_legacy_ladd_20260618/ladd_curve_analysis_20260612/source/runs_public_ladd/yolo11s/cap2/ladd_hbb_ogsod11s_formal_nomosaic_yolo11s_cap2_s0_diag_a2select_s_s0_a2lr1e4_short15_b1_a1_e10_b64_s0_gpu1,ladd4090,ladd
ff185cdc64caa3cbf35a238e77701625906d9f2d,m_A2_lr3e4_retry2_A1,ladd/results/archive_legacy_ladd_20260618/a2_damage_20260612/final_evidence/runs/m_A2_lr3e4_retry2_A1,ladd_hbb_ogsod11m_formal_nomosaic_yolo11m_cap2_s0_diag_a2damage_m_s0_a2lr3e4_b1_retry2_a1_e10_b32_s0_gpu1,_remote_backups/4090_20260618/runs_public/ogsod/hbb/formal_nomosaic_20260528/ladd/yolo11m/cap2/ladd_hbb_ogsod11m_formal_nomosaic_yolo11m_cap2_s0_diag_a2damage_m_s0_a2lr3e4_b1_retry2_a1_e10_b32_s0_gpu1,ladd4090,ladd
ff185cdc64caa3cbf35a238e77701625906d9f2d,m_A2_lr3e4_retry2_A1,ladd/results/archive_legacy_ladd_20260618/a2_damage_20260612/final_evidence/runs/m_A2_lr3e4_retry2_A1,m_A2_lr3e4_retry2_A1,ladd/results/archive_legacy_ladd_20260618/a2_damage_20260612/final_evidence/runs/m_A2_lr3e4_retry2_A1,ladd4090,ladd
ff185cdc64caa3cbf35a238e77701625906d9f2d,m_A2_lr3e4_retry2_A1,ladd/results/archive_legacy_ladd_20260618/a2_damage_20260612/final_evidence/runs/m_A2_lr3e4_retry2_A1,ladd_hbb_ogsod11m_formal_nomosaic_yolo11m_cap2_s0_diag_a2damage_m_s0_a2lr3e4_b1_retry2_a1_e10_b32_s0_gpu1,ladd/results/archive_legacy_ladd_20260618/ladd4090_shutdown_sync_20260614/evidence_raw/ladd4090/repo_root_snapshot/runs_public/ogsod/hbb/formal_nomosaic_20260528/ladd/yolo11m/cap2/ladd_hbb_ogsod11m_formal_nomosaic_yolo11m_cap2_s0_diag_a2damage_m_s0_a2lr3e4_b1_retry2_a1_e10_b32_s0_gpu1,ladd4090,ladd
ff185cdc64caa3cbf35a238e77701625906d9f2d,m_A2_lr3e4_retry2_A1,ladd/results/archive_legacy_ladd_20260618/a2_damage_20260612/final_evidence/runs/m_A2_lr3e4_retry2_A1,ladd_hbb_ogsod11m_formal_nomosaic_yolo11m_cap2_s0_diag_a2damage_m_s0_a2lr3e4_b1_retry2_a1_e10_b32_s0_gpu1,ladd/results/archive_legacy_ladd_20260618/ladd_curve_analysis_20260612/source/runs_public_ladd/yolo11m/cap2/ladd_hbb_ogsod11m_formal_nomosaic_yolo11m_cap2_s0_diag_a2damage_m_s0_a2lr3e4_b1_retry2_a1_e10_b32_s0_gpu1,ladd4090,ladd
00d1a61b511f00ba67e101dfebd5bcfaf0cc8bab,ladd_hbb_ogsod11s_formal_nomosaic_yolo11s_cap2_s0_diag_capkd_s_s0_bdetonly_b400_a2_e50_b64_s0_gpu1,_remote_backups/4090_20260618/runs_public/ogsod/hbb/formal_nomosaic_20260528/ladd/yolo11s/cap2/ladd_hbb_ogsod11s_formal_nomosaic_yolo11s_cap2_s0_diag_capkd_s_s0_bdetonly_b400_a2_e50_b64_s0_gpu1,ladd_hbb_ogsod11s_formal_nomosaic_yolo11s_cap2_s0_diag_capkd_s_s0_bdetonly_b400_a2_e50_b64_s0_gpu1,_remote_backups/4090_20260618/runs_public/ogsod/hbb/formal_nomosaic_20260528/ladd/yolo11s/cap2/ladd_hbb_ogsod11s_formal_nomosaic_yolo11s_cap2_s0_diag_capkd_s_s0_bdetonly_b400_a2_e50_b64_s0_gpu1,ladd4090,ladd
00d1a61b511f00ba67e101dfebd5bcfaf0cc8bab,ladd_hbb_ogsod11s_formal_nomosaic_yolo11s_cap2_s0_diag_capkd_s_s0_bdetonly_b400_a2_e50_b64_s0_gpu1,_remote_backups/4090_20260618/runs_public/ogsod/hbb/formal_nomosaic_20260528/ladd/yolo11s/cap2/ladd_hbb_ogsod11s_formal_nomosaic_yolo11s_cap2_s0_diag_capkd_s_s0_bdetonly_b400_a2_e50_b64_s0_gpu1,ladd_hbb_ogsod11s_formal_nomosaic_yolo11s_cap2_s0_diag_capkd_s_s0_bdetonly_b400_a2_e50_b64_s0_gpu1,ladd/results/archive_legacy_ladd_20260618/ladd4090_shutdown_sync_20260614/evidence_raw/ladd4090/repo_root_snapshot/runs_public/ogsod/hbb/formal_nomosaic_20260528/ladd/yolo11s/cap2/ladd_hbb_ogsod11s_formal_nomosaic_yolo11s_cap2_s0_diag_capkd_s_s0_bdetonly_b400_a2_e50_b64_s0_gpu1,ladd4090,ladd
00d1a61b511f00ba67e101dfebd5bcfaf0cc8bab,ladd_hbb_ogsod11s_formal_nomosaic_yolo11s_cap2_s0_diag_capkd_s_s0_bdetonly_b400_a2_e50_b64_s0_gpu1,_remote_backups/4090_20260618/runs_public/ogsod/hbb/formal_nomosaic_20260528/ladd/yolo11s/cap2/ladd_hbb_ogsod11s_formal_nomosaic_yolo11s_cap2_s0_diag_capkd_s_s0_bdetonly_b400_a2_e50_b64_s0_gpu1,ladd_hbb_ogsod11s_formal_nomosaic_yolo11s_cap2_s0_diag_capkd_s_s0_bdetonly_b400_a2_e50_b64_s0_gpu1,ladd/results/archive_legacy_ladd_20260618/ladd_curve_analysis_20260612/source/runs_public_ladd/yolo11s/cap2/ladd_hbb_ogsod11s_formal_nomosaic_yolo11s_cap2_s0_diag_capkd_s_s0_bdetonly_b400_a2_e50_b64_s0_gpu1,ladd4090,ladd
1a167bf2febded8015f6c0071286f76a92924600,ladd_hbb_ogsod11s_formal_nomosaic_yolo11s_cap2_s0_fix_s_s0_a2lr3e4_short13_bweakKD0p1_b120_b32retry2_a2_e13_b32_s0_gpu0,_remote_backups/4090_20260618/runs_public/ogsod/hbb/formal_nomosaic_20260528/ladd/yolo11s/cap2/ladd_hbb_ogsod11s_formal_nomosaic_yolo11s_cap2_s0_fix_s_s0_a2lr3e4_short13_bweakKD0p1_b120_b32retry2_a2_e13_b32_s0_gpu0,ladd_hbb_ogsod11s_formal_nomosaic_yolo11s_cap2_s0_fix_s_s0_a2lr3e4_short13_bweakKD0p1_b120_b32retry2_a2_e13_b32_s0_gpu0,_remote_backups/4090_20260618/runs_public/ogsod/hbb/formal_nomosaic_20260528/ladd/yolo11s/cap2/ladd_hbb_ogsod11s_formal_nomosaic_yolo11s_cap2_s0_fix_s_s0_a2lr3e4_short13_bweakKD0p1_b120_b32retry2_a2_e13_b32_s0_gpu0,ladd4090,ladd
1a167bf2febded8015f6c0071286f76a92924600,ladd_hbb_ogsod11s_formal_nomosaic_yolo11s_cap2_s0_fix_s_s0_a2lr3e4_short13_bweakKD0p1_b120_b32retry2_a2_e13_b32_s0_gpu0,_remote_backups/4090_20260618/runs_public/ogsod/hbb/formal_nomosaic_20260528/ladd/yolo11s/cap2/ladd_hbb_ogsod11s_formal_nomosaic_yolo11s_cap2_s0_fix_s_s0_a2lr3e4_short13_bweakKD0p1_b120_b32retry2_a2_e13_b32_s0_gpu0,ladd_hbb_ogsod11s_formal_nomosaic_yolo11s_cap2_s0_fix_s_s0_a2lr3e4_short13_bweakKD0p1_b120_b32retry2_a2_e13_b32_s0_gpu0,ladd/results/archive_legacy_ladd_20260618/ladd4090_shutdown_sync_20260614/evidence_raw/ladd4090/repo_root_snapshot/runs_public/ogsod/hbb/formal_nomosaic_20260528/ladd/yolo11s/cap2/ladd_hbb_ogsod11s_formal_nomosaic_yolo11s_cap2_s0_fix_s_s0_a2lr3e4_short13_bweakKD0p1_b120_b32retry2_a2_e13_b32_s0_gpu0,ladd4090,ladd
1a167bf2febded8015f6c0071286f76a92924600,ladd_hbb_ogsod11s_formal_nomosaic_yolo11s_cap2_s0_fix_s_s0_a2lr3e4_short13_bweakKD0p1_b120_b32retry2_a2_e13_b32_s0_gpu0,_remote_backups/4090_20260618/runs_public/ogsod/hbb/formal_nomosaic_20260528/ladd/yolo11s/cap2/ladd_hbb_ogsod11s_formal_nomosaic_yolo11s_cap2_s0_fix_s_s0_a2lr3e4_short13_bweakKD0p1_b120_b32retry2_a2_e13_b32_s0_gpu0,ladd_hbb_ogsod11s_formal_nomosaic_yolo11s_cap2_s0_fix_s_s0_a2lr3e4_short13_bweakKD0p1_b120_b32retry2_a2_e13_b32_s0_gpu0,ladd/results/archive_legacy_ladd_20260618/repair_experiments_20260613/evidence/main_4090/runs/s_weakkd0p1_b120_b32retry2/unknown/ladd_hbb_ogsod11s_formal_nomosaic_yolo11s_cap2_s0_fix_s_s0_a2lr3e4_short13_bweakKD0p1_b120_b32retry2_a2_e13_b32_s0_gpu0,ladd4090,ladd
1aa3181c1b37d7715ffd3d5ff780cd4d2cae752d,ladd_hbb_ogsod11s_formal_nomosaic_yolo11s_cap2_s0_bentrance_S4_base_a2last_kdramp_b120_after67b_b_e120_b64_s0_gpu1,_remote_backups/4090_20260618/runs_public/ogsod/hbb/formal_nomosaic_20260528/ladd/yolo11s/cap2/ladd_hbb_ogsod11s_formal_nomosaic_yolo11s_cap2_s0_bentrance_S4_base_a2last_kdramp_b120_after67b_b_e120_b64_s0_gpu1,ladd_hbb_ogsod11s_formal_nomosaic_yolo11s_cap2_s0_bentrance_S4_base_a2last_kdramp_b120_after67b_b_e120_b64_s0_gpu1,_remote_backups/4090_20260618/runs_public/ogsod/hbb/formal_nomosaic_20260528/ladd/yolo11s/cap2/ladd_hbb_ogsod11s_formal_nomosaic_yolo11s_cap2_s0_bentrance_S4_base_a2last_kdramp_b120_after67b_b_e120_b64_s0_gpu1,ladd4090,ladd
1aa3181c1b37d7715ffd3d5ff780cd4d2cae752d,ladd_hbb_ogsod11s_formal_nomosaic_yolo11s_cap2_s0_bentrance_S4_base_a2last_kdramp_b120_after67b_b_e120_b64_s0_gpu1,_remote_backups/4090_20260618/runs_public/ogsod/hbb/formal_nomosaic_20260528/ladd/yolo11s/cap2/ladd_hbb_ogsod11s_formal_nomosaic_yolo11s_cap2_s0_bentrance_S4_base_a2last_kdramp_b120_after67b_b_e120_b64_s0_gpu1,run_files,ladd/results/archive_legacy_ladd_20260618/b_entrance_20260613/evidence/ladd4090/S4_base_a2last_kdramp_b120_autobatch_old/run_files,ladd4090,ladd
1aa3181c1b37d7715ffd3d5ff780cd4d2cae752d,ladd_hbb_ogsod11s_formal_nomosaic_yolo11s_cap2_s0_bentrance_S4_base_a2last_kdramp_b120_after67b_b_e120_b64_s0_gpu1,_remote_backups/4090_20260618/runs_public/ogsod/hbb/formal_nomosaic_20260528/ladd/yolo11s/cap2/ladd_hbb_ogsod11s_formal_nomosaic_yolo11s_cap2_s0_bentrance_S4_base_a2last_kdramp_b120_after67b_b_e120_b64_s0_gpu1,ladd_hbb_ogsod11s_formal_nomosaic_yolo11s_cap2_s0_bentrance_S4_base_a2last_kdramp_b120_after67b_b_e120_b64_s0_gpu1,ladd/results/archive_legacy_ladd_20260618/ladd4090_shutdown_sync_20260614/evidence_raw/ladd4090/repo_root_snapshot/runs_public/ogsod/hbb/formal_nomosaic_20260528/ladd/yolo11s/cap2/ladd_hbb_ogsod11s_formal_nomosaic_yolo11s_cap2_s0_bentrance_S4_base_a2last_kdramp_b120_after67b_b_e120_b64_s0_gpu1,ladd4090,ladd
1c354e78efe44ebd11cda30a3252ab4a0b4d3da9,ladd_hbb_ogsod11m_formal_nomosaic_yolo11m_cap2_s0_diag_capkd_m_s0_a2probe_b1_retry1_a2_e50_b32_s0_gpu1,_remote_backups/4090_20260618/runs_public/ogsod/hbb/formal_nomosaic_20260528/ladd/yolo11m/cap2/ladd_hbb_ogsod11m_formal_nomosaic_yolo11m_cap2_s0_diag_capkd_m_s0_a2probe_b1_retry1_a2_e50_b32_s0_gpu1,ladd_hbb_ogsod11m_formal_nomosaic_yolo11m_cap2_s0_diag_capkd_m_s0_a2probe_b1_retry1_a2_e50_b32_s0_gpu1,_remote_backups/4090_20260618/runs_public/ogsod/hbb/formal_nomosaic_20260528/ladd/yolo11m/cap2/ladd_hbb_ogsod11m_formal_nomosaic_yolo11m_cap2_s0_diag_capkd_m_s0_a2probe_b1_retry1_a2_e50_b32_s0_gpu1,ladd4090,ladd
1c354e78efe44ebd11cda30a3252ab4a0b4d3da9,ladd_hbb_ogsod11m_formal_nomosaic_yolo11m_cap2_s0_diag_capkd_m_s0_a2probe_b1_retry1_a2_e50_b32_s0_gpu1,_remote_backups/4090_20260618/runs_public/ogsod/hbb/formal_nomosaic_20260528/ladd/yolo11m/cap2/ladd_hbb_ogsod11m_formal_nomosaic_yolo11m_cap2_s0_diag_capkd_m_s0_a2probe_b1_retry1_a2_e50_b32_s0_gpu1,ladd_hbb_ogsod11m_formal_nomosaic_yolo11m_cap2_s0_diag_capkd_m_s0_a2probe_b1_retry1_a2_e50_b32_s0_gpu1,ladd/results/archive_legacy_ladd_20260618/ladd4090_shutdown_sync_20260614/evidence_raw/ladd4090/repo_root_snapshot/runs_public/ogsod/hbb/formal_nomosaic_20260528/ladd/yolo11m/cap2/ladd_hbb_ogsod11m_formal_nomosaic_yolo11m_cap2_s0_diag_capkd_m_s0_a2probe_b1_retry1_a2_e50_b32_s0_gpu1,ladd4090,ladd
1c354e78efe44ebd11cda30a3252ab4a0b4d3da9,ladd_hbb_ogsod11m_formal_nomosaic_yolo11m_cap2_s0_diag_capkd_m_s0_a2probe_b1_retry1_a2_e50_b32_s0_gpu1,_remote_backups/4090_20260618/runs_public/ogsod/hbb/formal_nomosaic_20260528/ladd/yolo11m/cap2/ladd_hbb_ogsod11m_formal_nomosaic_yolo11m_cap2_s0_diag_capkd_m_s0_a2probe_b1_retry1_a2_e50_b32_s0_gpu1,ladd_hbb_ogsod11m_formal_nomosaic_yolo11m_cap2_s0_diag_capkd_m_s0_a2probe_b1_retry1_a2_e50_b32_s0_gpu1,ladd/results/archive_legacy_ladd_20260618/ladd_curve_analysis_20260612/source/runs_public_ladd/yolo11m/cap2/ladd_hbb_ogsod11m_formal_nomosaic_yolo11m_cap2_s0_diag_capkd_m_s0_a2probe_b1_retry1_a2_e50_b32_s0_gpu1,ladd4090,ladd
37c00bb6e99d81f680ad178efcbefcaa2ff732aa,ladd_hbb_ogsod11s_formal_nomosaic_yolo11s_cap2_s0_bentrance_S2_a2best_continue_b100_after67b_b_e100_b64_s0_gpu1,_remote_backups/4090_20260618/runs_public/ogsod/hbb/formal_nomosaic_20260528/ladd/yolo11s/cap2/ladd_hbb_ogsod11s_formal_nomosaic_yolo11s_cap2_s0_bentrance_S2_a2best_continue_b100_after67b_b_e100_b64_s0_gpu1,ladd_hbb_ogsod11s_formal_nomosaic_yolo11s_cap2_s0_bentrance_S2_a2best_continue_b100_after67b_b_e100_b64_s0_gpu1,_remote_backups/4090_20260618/runs_public/ogsod/hbb/formal_nomosaic_20260528/ladd/yolo11s/cap2/ladd_hbb_ogsod11s_formal_nomosaic_yolo11s_cap2_s0_bentrance_S2_a2best_continue_b100_after67b_b_e100_b64_s0_gpu1,ladd4090,ladd
37c00bb6e99d81f680ad178efcbefcaa2ff732aa,ladd_hbb_ogsod11s_formal_nomosaic_yolo11s_cap2_s0_bentrance_S2_a2best_continue_b100_after67b_b_e100_b64_s0_gpu1,_remote_backups/4090_20260618/runs_public/ogsod/hbb/formal_nomosaic_20260528/ladd/yolo11s/cap2/ladd_hbb_ogsod11s_formal_nomosaic_yolo11s_cap2_s0_bentrance_S2_a2best_continue_b100_after67b_b_e100_b64_s0_gpu1,run_files,ladd/results/archive_legacy_ladd_20260618/b_entrance_20260613/evidence/ladd4090/S2_a2best_continue_b100_oom_old/run_files,ladd4090,ladd
37c00bb6e99d81f680ad178efcbefcaa2ff732aa,ladd_hbb_ogsod11s_formal_nomosaic_yolo11s_cap2_s0_bentrance_S2_a2best_continue_b100_after67b_b_e100_b64_s0_gpu1,_remote_backups/4090_20260618/runs_public/ogsod/hbb/formal_nomosaic_20260528/ladd/yolo11s/cap2/ladd_hbb_ogsod11s_formal_nomosaic_yolo11s_cap2_s0_bentrance_S2_a2best_continue_b100_after67b_b_e100_b64_s0_gpu1,ladd_hbb_ogsod11s_formal_nomosaic_yolo11s_cap2_s0_bentrance_S2_a2best_continue_b100_after67b_b_e100_b64_s0_gpu1,ladd/results/archive_legacy_ladd_20260618/ladd4090_shutdown_sync_20260614/evidence_raw/ladd4090/repo_root_snapshot/runs_public/ogsod/hbb/formal_nomosaic_20260528/ladd/yolo11s/cap2/ladd_hbb_ogsod11s_formal_nomosaic_yolo11s_cap2_s0_bentrance_S2_a2best_continue_b100_after67b_b_e100_b64_s0_gpu1,ladd4090,ladd
461020637c51562bc75a4efa869452c042cd4ef5,ladd_hbb_ogsod11n_formal_nomosaic_yolo11n_cap2_s0_bentrance_N4_base_a2last_kdramp_b120_after67b_b_e120_b64_s0_gpu1,_remote_backups/4090_20260618/runs_public/ogsod/hbb/formal_nomosaic_20260528/ladd/yolo11n/cap2/ladd_hbb_ogsod11n_formal_nomosaic_yolo11n_cap2_s0_bentrance_N4_base_a2last_kdramp_b120_after67b_b_e120_b64_s0_gpu1,ladd_hbb_ogsod11n_formal_nomosaic_yolo11n_cap2_s0_bentrance_N4_base_a2last_kdramp_b120_after67b_b_e120_b64_s0_gpu1,_remote_backups/4090_20260618/runs_public/ogsod/hbb/formal_nomosaic_20260528/ladd/yolo11n/cap2/ladd_hbb_ogsod11n_formal_nomosaic_yolo11n_cap2_s0_bentrance_N4_base_a2last_kdramp_b120_after67b_b_e120_b64_s0_gpu1,ladd4090,ladd
461020637c51562bc75a4efa869452c042cd4ef5,ladd_hbb_ogsod11n_formal_nomosaic_yolo11n_cap2_s0_bentrance_N4_base_a2last_kdramp_b120_after67b_b_e120_b64_s0_gpu1,_remote_backups/4090_20260618/runs_public/ogsod/hbb/formal_nomosaic_20260528/ladd/yolo11n/cap2/ladd_hbb_ogsod11n_formal_nomosaic_yolo11n_cap2_s0_bentrance_N4_base_a2last_kdramp_b120_after67b_b_e120_b64_s0_gpu1,run_files,ladd/results/archive_legacy_ladd_20260618/b_entrance_20260613/evidence/ladd4090/N4_base_a2last_kdramp_b120/run_files,ladd4090,ladd
461020637c51562bc75a4efa869452c042cd4ef5,ladd_hbb_ogsod11n_formal_nomosaic_yolo11n_cap2_s0_bentrance_N4_base_a2last_kdramp_b120_after67b_b_e120_b64_s0_gpu1,_remote_backups/4090_20260618/runs_public/ogsod/hbb/formal_nomosaic_20260528/ladd/yolo11n/cap2/ladd_hbb_ogsod11n_formal_nomosaic_yolo11n_cap2_s0_bentrance_N4_base_a2last_kdramp_b120_after67b_b_e120_b64_s0_gpu1,ladd_hbb_ogsod11n_formal_nomosaic_yolo11n_cap2_s0_bentrance_N4_base_a2last_kdramp_b120_after67b_b_e120_b64_s0_gpu1,ladd/results/archive_legacy_ladd_20260618/ladd4090_shutdown_sync_20260614/evidence_raw/ladd4090/repo_root_snapshot/runs_public/ogsod/hbb/formal_nomosaic_20260528/ladd/yolo11n/cap2/ladd_hbb_ogsod11n_formal_nomosaic_yolo11n_cap2_s0_bentrance_N4_base_a2last_kdramp_b120_after67b_b_e120_b64_s0_gpu1,ladd4090,ladd
49575390739e36196164a186f3b86b0ef14be5ae,ladd_hbb_ogsod11s_formal_nomosaic_yolo11s_cap2_s0_diag_h1_s_s0_b400_datafix_a2_e50_b64_s0_gpu0,_remote_backups/4090_20260618/runs_public/ogsod/hbb/formal_nomosaic_20260528/ladd/yolo11s/cap2/ladd_hbb_ogsod11s_formal_nomosaic_yolo11s_cap2_s0_diag_h1_s_s0_b400_datafix_a2_e50_b64_s0_gpu0,ladd_hbb_ogsod11s_formal_nomosaic_yolo11s_cap2_s0_diag_h1_s_s0_b400_datafix_a2_e50_b64_s0_gpu0,_remote_backups/4090_20260618/runs_public/ogsod/hbb/formal_nomosaic_20260528/ladd/yolo11s/cap2/ladd_hbb_ogsod11s_formal_nomosaic_yolo11s_cap2_s0_diag_h1_s_s0_b400_datafix_a2_e50_b64_s0_gpu0,ladd4090,ladd
49575390739e36196164a186f3b86b0ef14be5ae,ladd_hbb_ogsod11s_formal_nomosaic_yolo11s_cap2_s0_diag_h1_s_s0_b400_datafix_a2_e50_b64_s0_gpu0,_remote_backups/4090_20260618/runs_public/ogsod/hbb/formal_nomosaic_20260528/ladd/yolo11s/cap2/ladd_hbb_ogsod11s_formal_nomosaic_yolo11s_cap2_s0_diag_h1_s_s0_b400_datafix_a2_e50_b64_s0_gpu0,ladd_hbb_ogsod11s_formal_nomosaic_yolo11s_cap2_s0_diag_h1_s_s0_b400_datafix_a2_e50_b64_s0_gpu0,ladd/results/archive_legacy_ladd_20260618/ladd4090_shutdown_sync_20260614/evidence_raw/ladd4090/repo_root_snapshot/runs_public/ogsod/hbb/formal_nomosaic_20260528/ladd/yolo11s/cap2/ladd_hbb_ogsod11s_formal_nomosaic_yolo11s_cap2_s0_diag_h1_s_s0_b400_datafix_a2_e50_b64_s0_gpu0,ladd4090,ladd
49575390739e36196164a186f3b86b0ef14be5ae,ladd_hbb_ogsod11s_formal_nomosaic_yolo11s_cap2_s0_diag_h1_s_s0_b400_datafix_a2_e50_b64_s0_gpu0,_remote_backups/4090_20260618/runs_public/ogsod/hbb/formal_nomosaic_20260528/ladd/yolo11s/cap2/ladd_hbb_ogsod11s_formal_nomosaic_yolo11s_cap2_s0_diag_h1_s_s0_b400_datafix_a2_e50_b64_s0_gpu0,ladd_hbb_ogsod11s_formal_nomosaic_yolo11s_cap2_s0_diag_h1_s_s0_b400_datafix_a2_e50_b64_s0_gpu0,ladd/results/archive_legacy_ladd_20260618/ladd_curve_analysis_20260612/source/runs_public_ladd/yolo11s/cap2/ladd_hbb_ogsod11s_formal_nomosaic_yolo11s_cap2_s0_diag_h1_s_s0_b400_datafix_a2_e50_b64_s0_gpu0,ladd4090,ladd
4b53ace6485d279537705d1dc1ba6a795855e1e5,ladd_hbb_ogsod11n_formal_nomosaic_yolo11n_cap2_s0_diag_h1_n_s0_b100_smoke_a1_e10_b64_s0_gpu0,_remote_backups/4090_20260618/runs_public/ogsod/hbb/formal_nomosaic_20260528/ladd/yolo11n/cap2/ladd_hbb_ogsod11n_formal_nomosaic_yolo11n_cap2_s0_diag_h1_n_s0_b100_smoke_a1_e10_b64_s0_gpu0,ladd_hbb_ogsod11n_formal_nomosaic_yolo11n_cap2_s0_diag_h1_n_s0_b100_smoke_a1_e10_b64_s0_gpu0,_remote_backups/4090_20260618/runs_public/ogsod/hbb/formal_nomosaic_20260528/ladd/yolo11n/cap2/ladd_hbb_ogsod11n_formal_nomosaic_yolo11n_cap2_s0_diag_h1_n_s0_b100_smoke_a1_e10_b64_s0_gpu0,ladd4090,ladd
4b53ace6485d279537705d1dc1ba6a795855e1e5,ladd_hbb_ogsod11n_formal_nomosaic_yolo11n_cap2_s0_diag_h1_n_s0_b100_smoke_a1_e10_b64_s0_gpu0,_remote_backups/4090_20260618/runs_public/ogsod/hbb/formal_nomosaic_20260528/ladd/yolo11n/cap2/ladd_hbb_ogsod11n_formal_nomosaic_yolo11n_cap2_s0_diag_h1_n_s0_b100_smoke_a1_e10_b64_s0_gpu0,ladd_hbb_ogsod11n_formal_nomosaic_yolo11n_cap2_s0_diag_h1_n_s0_b100_smoke_a1_e10_b64_s0_gpu0,ladd/results/archive_legacy_ladd_20260618/ladd4090_shutdown_sync_20260614/evidence_raw/ladd4090/repo_root_snapshot/runs_public/ogsod/hbb/formal_nomosaic_20260528/ladd/yolo11n/cap2/ladd_hbb_ogsod11n_formal_nomosaic_yolo11n_cap2_s0_diag_h1_n_s0_b100_smoke_a1_e10_b64_s0_gpu0,ladd4090,ladd
4b53ace6485d279537705d1dc1ba6a795855e1e5,ladd_hbb_ogsod11n_formal_nomosaic_yolo11n_cap2_s0_diag_h1_n_s0_b100_smoke_a1_e10_b64_s0_gpu0,_remote_backups/4090_20260618/runs_public/ogsod/hbb/formal_nomosaic_20260528/ladd/yolo11n/cap2/ladd_hbb_ogsod11n_formal_nomosaic_yolo11n_cap2_s0_diag_h1_n_s0_b100_smoke_a1_e10_b64_s0_gpu0,ladd_hbb_ogsod11n_formal_nomosaic_yolo11n_cap2_s0_diag_h1_n_s0_b100_smoke_a1_e10_b64_s0_gpu0,ladd/results/archive_legacy_ladd_20260618/ladd_curve_analysis_20260612/source/runs_public_ladd/yolo11n/cap2/ladd_hbb_ogsod11n_formal_nomosaic_yolo11n_cap2_s0_diag_h1_n_s0_b100_smoke_a1_e10_b64_s0_gpu0,ladd4090,ladd
4ee615855f9b52c0b0a858da51b8115501fc506d,ladd_hbb_ogsod11m_formal_nomosaic_yolo11m_cap2_s0_fix_m_s0_a2lr3e4_short4_freezeBN_b1_autodl_retry1_b_e1_b32_s0_gpu0,remote_backups/autodl_20260614_critical/formal_nomosaic_20260528/ladd/yolo11m/cap2/ladd_hbb_ogsod11m_formal_nomosaic_yolo11m_cap2_s0_fix_m_s0_a2lr3e4_short4_freezeBN_b1_autodl_retry1_b_e1_b32_s0_gpu0,ladd_hbb_ogsod11m_formal_nomosaic_yolo11m_cap2_s0_fix_m_s0_a2lr3e4_short4_freezeBN_b1_autodl_retry1_b_e1_b32_s0_gpu0,ladd/results/archive_legacy_ladd_20260618/autodl_shutdown_sync_20260614/evidence_raw/autodl/runs_public/ogsod/hbb/formal_nomosaic_20260528/ladd/yolo11m/cap2/ladd_hbb_ogsod11m_formal_nomosaic_yolo11m_cap2_s0_fix_m_s0_a2lr3e4_short4_freezeBN_b1_autodl_retry1_b_e1_b32_s0_gpu0,autodl,ladd
4ee615855f9b52c0b0a858da51b8115501fc506d,ladd_hbb_ogsod11m_formal_nomosaic_yolo11m_cap2_s0_fix_m_s0_a2lr3e4_short4_freezeBN_b1_autodl_retry1_b_e1_b32_s0_gpu0,remote_backups/autodl_20260614_critical/formal_nomosaic_20260528/ladd/yolo11m/cap2/ladd_hbb_ogsod11m_formal_nomosaic_yolo11m_cap2_s0_fix_m_s0_a2lr3e4_short4_freezeBN_b1_autodl_retry1_b_e1_b32_s0_gpu0,ladd_hbb_ogsod11m_formal_nomosaic_yolo11m_cap2_s0_fix_m_s0_a2lr3e4_short4_freezeBN_b1_autodl_retry1_b_e1_b32_s0_gpu0,ladd/results/archive_legacy_ladd_20260618/repair_experiments_20260613/evidence/autodl/runs/autodl_m_short4_freezebn/unknown/ladd_hbb_ogsod11m_formal_nomosaic_yolo11m_cap2_s0_fix_m_s0_a2lr3e4_short4_freezeBN_b1_autodl_retry1_b_e1_b32_s0_gpu0,autodl,ladd
4ee615855f9b52c0b0a858da51b8115501fc506d,ladd_hbb_ogsod11m_formal_nomosaic_yolo11m_cap2_s0_fix_m_s0_a2lr3e4_short4_freezeBN_b1_autodl_retry1_b_e1_b32_s0_gpu0,remote_backups/autodl_20260614_critical/formal_nomosaic_20260528/ladd/yolo11m/cap2/ladd_hbb_ogsod11m_formal_nomosaic_yolo11m_cap2_s0_fix_m_s0_a2lr3e4_short4_freezeBN_b1_autodl_retry1_b_e1_b32_s0_gpu0,ladd_hbb_ogsod11m_formal_nomosaic_yolo11m_cap2_s0_fix_m_s0_a2lr3e4_short4_freezeBN_b1_autodl_retry1_b_e1_b32_s0_gpu0,remote_backups/autodl_20260614_critical/formal_nomosaic_20260528/ladd/yolo11m/cap2/ladd_hbb_ogsod11m_formal_nomosaic_yolo11m_cap2_s0_fix_m_s0_a2lr3e4_short4_freezeBN_b1_autodl_retry1_b_e1_b32_s0_gpu0,autodl,ladd
509ef25c33165633e03a78a0740f6ca9b6a24493,ladd_hbb_ogsod11s_formal_nomosaic_yolo11s_cap2_s0_bentrance_S3_base_a2last_decomp_b100_after67b_b_e100_b64_s0_gpu0,_remote_backups/4090_20260618/runs_public/ogsod/hbb/formal_nomosaic_20260528/ladd/yolo11s/cap2/ladd_hbb_ogsod11s_formal_nomosaic_yolo11s_cap2_s0_bentrance_S3_base_a2last_decomp_b100_after67b_b_e100_b64_s0_gpu0,ladd_hbb_ogsod11s_formal_nomosaic_yolo11s_cap2_s0_bentrance_S3_base_a2last_decomp_b100_after67b_b_e100_b64_s0_gpu0,_remote_backups/4090_20260618/runs_public/ogsod/hbb/formal_nomosaic_20260528/ladd/yolo11s/cap2/ladd_hbb_ogsod11s_formal_nomosaic_yolo11s_cap2_s0_bentrance_S3_base_a2last_decomp_b100_after67b_b_e100_b64_s0_gpu0,ladd4090,ladd
509ef25c33165633e03a78a0740f6ca9b6a24493,ladd_hbb_ogsod11s_formal_nomosaic_yolo11s_cap2_s0_bentrance_S3_base_a2last_decomp_b100_after67b_b_e100_b64_s0_gpu0,_remote_backups/4090_20260618/runs_public/ogsod/hbb/formal_nomosaic_20260528/ladd/yolo11s/cap2/ladd_hbb_ogsod11s_formal_nomosaic_yolo11s_cap2_s0_bentrance_S3_base_a2last_decomp_b100_after67b_b_e100_b64_s0_gpu0,run_files,ladd/results/archive_legacy_ladd_20260618/b_entrance_20260613/evidence/ladd4090/S3_base_a2last_decomp_b100/run_files,ladd4090,ladd
509ef25c33165633e03a78a0740f6ca9b6a24493,ladd_hbb_ogsod11s_formal_nomosaic_yolo11s_cap2_s0_bentrance_S3_base_a2last_decomp_b100_after67b_b_e100_b64_s0_gpu0,_remote_backups/4090_20260618/runs_public/ogsod/hbb/formal_nomosaic_20260528/ladd/yolo11s/cap2/ladd_hbb_ogsod11s_formal_nomosaic_yolo11s_cap2_s0_bentrance_S3_base_a2last_decomp_b100_after67b_b_e100_b64_s0_gpu0,ladd_hbb_ogsod11s_formal_nomosaic_yolo11s_cap2_s0_bentrance_S3_base_a2last_decomp_b100_after67b_b_e100_b64_s0_gpu0,ladd/results/archive_legacy_ladd_20260618/ladd4090_shutdown_sync_20260614/evidence_raw/ladd4090/repo_root_snapshot/runs_public/ogsod/hbb/formal_nomosaic_20260528/ladd/yolo11s/cap2/ladd_hbb_ogsod11s_formal_nomosaic_yolo11s_cap2_s0_bentrance_S3_base_a2last_decomp_b100_after67b_b_e100_b64_s0_gpu0,ladd4090,ladd
56d4c70eee66f45a06eca23d84a939d94dece94d,ladd_hbb_ogsod11m_formal_nomosaic_yolo11m_cap2_s0_fix_m_s0_a2lr3e4_short4_b1_autodl_retry1_a2_e4_b32_s0_gpu0,remote_backups/autodl_20260614_critical/formal_nomosaic_20260528/ladd/yolo11m/cap2/ladd_hbb_ogsod11m_formal_nomosaic_yolo11m_cap2_s0_fix_m_s0_a2lr3e4_short4_b1_autodl_retry1_a2_e4_b32_s0_gpu0,ladd_hbb_ogsod11m_formal_nomosaic_yolo11m_cap2_s0_fix_m_s0_a2lr3e4_short4_b1_autodl_retry1_a2_e4_b32_s0_gpu0,ladd/results/archive_legacy_ladd_20260618/autodl_shutdown_sync_20260614/evidence_raw/autodl/runs_public/ogsod/hbb/formal_nomosaic_20260528/ladd/yolo11m/cap2/ladd_hbb_ogsod11m_formal_nomosaic_yolo11m_cap2_s0_fix_m_s0_a2lr3e4_short4_b1_autodl_retry1_a2_e4_b32_s0_gpu0,autodl,ladd
56d4c70eee66f45a06eca23d84a939d94dece94d,ladd_hbb_ogsod11m_formal_nomosaic_yolo11m_cap2_s0_fix_m_s0_a2lr3e4_short4_b1_autodl_retry1_a2_e4_b32_s0_gpu0,remote_backups/autodl_20260614_critical/formal_nomosaic_20260528/ladd/yolo11m/cap2/ladd_hbb_ogsod11m_formal_nomosaic_yolo11m_cap2_s0_fix_m_s0_a2lr3e4_short4_b1_autodl_retry1_a2_e4_b32_s0_gpu0,ladd_hbb_ogsod11m_formal_nomosaic_yolo11m_cap2_s0_fix_m_s0_a2lr3e4_short4_b1_autodl_retry1_a2_e4_b32_s0_gpu0,ladd/results/archive_legacy_ladd_20260618/repair_experiments_20260613/evidence/autodl/runs/autodl_m_short4_duplicate/unknown/ladd_hbb_ogsod11m_formal_nomosaic_yolo11m_cap2_s0_fix_m_s0_a2lr3e4_short4_b1_autodl_retry1_a2_e4_b32_s0_gpu0,autodl,ladd
56d4c70eee66f45a06eca23d84a939d94dece94d,ladd_hbb_ogsod11m_formal_nomosaic_yolo11m_cap2_s0_fix_m_s0_a2lr3e4_short4_b1_autodl_retry1_a2_e4_b32_s0_gpu0,remote_backups/autodl_20260614_critical/formal_nomosaic_20260528/ladd/yolo11m/cap2/ladd_hbb_ogsod11m_formal_nomosaic_yolo11m_cap2_s0_fix_m_s0_a2lr3e4_short4_b1_autodl_retry1_a2_e4_b32_s0_gpu0,ladd_hbb_ogsod11m_formal_nomosaic_yolo11m_cap2_s0_fix_m_s0_a2lr3e4_short4_b1_autodl_retry1_a2_e4_b32_s0_gpu0,remote_backups/autodl_20260614_critical/formal_nomosaic_20260528/ladd/yolo11m/cap2/ladd_hbb_ogsod11m_formal_nomosaic_yolo11m_cap2_s0_fix_m_s0_a2lr3e4_short4_b1_autodl_retry1_a2_e4_b32_s0_gpu0,autodl,ladd
619cc8b6a31f0bc3f9288a80927a30a6b9696c93,ladd_hbb_ogsod11s_formal_nomosaic_yolo11s_cap2_s0_bentrance_S1_basecontinue_b100_autodl_after67b_b_e100_b64_s0_gpu0,remote_backups/autodl_20260614_critical/formal_nomosaic_20260528/ladd/yolo11s/cap2/ladd_hbb_ogsod11s_formal_nomosaic_yolo11s_cap2_s0_bentrance_S1_basecontinue_b100_autodl_after67b_b_e100_b64_s0_gpu0,ladd_hbb_ogsod11s_formal_nomosaic_yolo11s_cap2_s0_bentrance_S1_basecontinue_b100_autodl_after67b_b_e100_b64_s0_gpu0,ladd/results/archive_legacy_ladd_20260618/autodl_shutdown_sync_20260614/evidence_raw/autodl/runs_public/ogsod/hbb/formal_nomosaic_20260528/ladd/yolo11s/cap2/ladd_hbb_ogsod11s_formal_nomosaic_yolo11s_cap2_s0_bentrance_S1_basecontinue_b100_autodl_after67b_b_e100_b64_s0_gpu0,autodl,ladd
619cc8b6a31f0bc3f9288a80927a30a6b9696c93,ladd_hbb_ogsod11s_formal_nomosaic_yolo11s_cap2_s0_bentrance_S1_basecontinue_b100_autodl_after67b_b_e100_b64_s0_gpu0,remote_backups/autodl_20260614_critical/formal_nomosaic_20260528/ladd/yolo11s/cap2/ladd_hbb_ogsod11s_formal_nomosaic_yolo11s_cap2_s0_bentrance_S1_basecontinue_b100_autodl_after67b_b_e100_b64_s0_gpu0,run_files,ladd/results/archive_legacy_ladd_20260618/b_entrance_20260613/evidence/autodl/S1_basecontinue_b100_autodl/run_files,autodl,ladd
619cc8b6a31f0bc3f9288a80927a30a6b9696c93,ladd_hbb_ogsod11s_formal_nomosaic_yolo11s_cap2_s0_bentrance_S1_basecontinue_b100_autodl_after67b_b_e100_b64_s0_gpu0,remote_backups/autodl_20260614_critical/formal_nomosaic_20260528/ladd/yolo11s/cap2/ladd_hbb_ogsod11s_formal_nomosaic_yolo11s_cap2_s0_bentrance_S1_basecontinue_b100_autodl_after67b_b_e100_b64_s0_gpu0,ladd_hbb_ogsod11s_formal_nomosaic_yolo11s_cap2_s0_bentrance_S1_basecontinue_b100_autodl_after67b_b_e100_b64_s0_gpu0,remote_backups/autodl_20260614_critical/formal_nomosaic_20260528/ladd/yolo11s/cap2/ladd_hbb_ogsod11s_formal_nomosaic_yolo11s_cap2_s0_bentrance_S1_basecontinue_b100_autodl_after67b_b_e100_b64_s0_gpu0,autodl,ladd
64a70f7ca3fbeb1464f83d8772357bd7bc4ff1a3,ladd_hbb_ogsod11n_formal_nomosaic_yolo11s_cap2_s0_bnfreeze1e3_public4090dual_final_v2_a1_e10_b64_s0_gpu12,_remote_backups/4090_20260618/runs_public/ogsod/hbb/formal_nomosaic_20260528/ladd/yolo11s/cap2/ladd_hbb_ogsod11n_formal_nomosaic_yolo11s_cap2_s0_bnfreeze1e3_public4090dual_final_v2_a1_e10_b64_s0_gpu12,ladd_hbb_ogsod11n_formal_nomosaic_yolo11s_cap2_s0_bnfreeze1e3_public4090dual_final_v2_a1_e10_b64_s0_gpu12,_remote_backups/4090_20260618/runs_public/ogsod/hbb/formal_nomosaic_20260528/ladd/yolo11s/cap2/ladd_hbb_ogsod11n_formal_nomosaic_yolo11s_cap2_s0_bnfreeze1e3_public4090dual_final_v2_a1_e10_b64_s0_gpu12,ladd4090,ladd
64a70f7ca3fbeb1464f83d8772357bd7bc4ff1a3,ladd_hbb_ogsod11n_formal_nomosaic_yolo11s_cap2_s0_bnfreeze1e3_public4090dual_final_v2_a1_e10_b64_s0_gpu12,_remote_backups/4090_20260618/runs_public/ogsod/hbb/formal_nomosaic_20260528/ladd/yolo11s/cap2/ladd_hbb_ogsod11n_formal_nomosaic_yolo11s_cap2_s0_bnfreeze1e3_public4090dual_final_v2_a1_e10_b64_s0_gpu12,ladd_hbb_ogsod11n_formal_nomosaic_yolo11s_cap2_s0_bnfreeze1e3_public4090dual_final_v2_a1_e10_b64_s0_gpu12,ladd/results/archive_legacy_ladd_20260618/ladd4090_shutdown_sync_20260614/evidence_raw/ladd4090/repo_root_snapshot/runs_public/ogsod/hbb/formal_nomosaic_20260528/ladd/yolo11s/cap2/ladd_hbb_ogsod11n_formal_nomosaic_yolo11s_cap2_s0_bnfreeze1e3_public4090dual_final_v2_a1_e10_b64_s0_gpu12,ladd4090,ladd
64a70f7ca3fbeb1464f83d8772357bd7bc4ff1a3,ladd_hbb_ogsod11n_formal_nomosaic_yolo11s_cap2_s0_bnfreeze1e3_public4090dual_final_v2_a1_e10_b64_s0_gpu12,_remote_backups/4090_20260618/runs_public/ogsod/hbb/formal_nomosaic_20260528/ladd/yolo11s/cap2/ladd_hbb_ogsod11n_formal_nomosaic_yolo11s_cap2_s0_bnfreeze1e3_public4090dual_final_v2_a1_e10_b64_s0_gpu12,ladd_hbb_ogsod11n_formal_nomosaic_yolo11s_cap2_s0_bnfreeze1e3_public4090dual_final_v2_a1_e10_b64_s0_gpu12,ladd/results/archive_legacy_ladd_20260618/ladd_curve_analysis_20260612/source/runs_public_ladd/yolo11s/cap2/ladd_hbb_ogsod11n_formal_nomosaic_yolo11s_cap2_s0_bnfreeze1e3_public4090dual_final_v2_a1_e10_b64_s0_gpu12,ladd4090,ladd
67d86c4ea25456b9aa6b5a2d5043bf6d25233b89,ladd_hbb_ogsod11s_formal_nomosaic_yolo11s_cap2_s0_diag_h1_s_s0_b400_datafix_a1_e10_b64_s0_gpu0,_remote_backups/4090_20260618/runs_public/ogsod/hbb/formal_nomosaic_20260528/ladd/yolo11s/cap2/ladd_hbb_ogsod11s_formal_nomosaic_yolo11s_cap2_s0_diag_h1_s_s0_b400_datafix_a1_e10_b64_s0_gpu0,ladd_hbb_ogsod11s_formal_nomosaic_yolo11s_cap2_s0_diag_h1_s_s0_b400_datafix_a1_e10_b64_s0_gpu0,_remote_backups/4090_20260618/runs_public/ogsod/hbb/formal_nomosaic_20260528/ladd/yolo11s/cap2/ladd_hbb_ogsod11s_formal_nomosaic_yolo11s_cap2_s0_diag_h1_s_s0_b400_datafix_a1_e10_b64_s0_gpu0,ladd4090,ladd
67d86c4ea25456b9aa6b5a2d5043bf6d25233b89,ladd_hbb_ogsod11s_formal_nomosaic_yolo11s_cap2_s0_diag_h1_s_s0_b400_datafix_a1_e10_b64_s0_gpu0,_remote_backups/4090_20260618/runs_public/ogsod/hbb/formal_nomosaic_20260528/ladd/yolo11s/cap2/ladd_hbb_ogsod11s_formal_nomosaic_yolo11s_cap2_s0_diag_h1_s_s0_b400_datafix_a1_e10_b64_s0_gpu0,ladd_hbb_ogsod11s_formal_nomosaic_yolo11s_cap2_s0_diag_h1_s_s0_b400_datafix_a1_e10_b64_s0_gpu0,ladd/results/archive_legacy_ladd_20260618/ladd4090_shutdown_sync_20260614/evidence_raw/ladd4090/repo_root_snapshot/runs_public/ogsod/hbb/formal_nomosaic_20260528/ladd/yolo11s/cap2/ladd_hbb_ogsod11s_formal_nomosaic_yolo11s_cap2_s0_diag_h1_s_s0_b400_datafix_a1_e10_b64_s0_gpu0,ladd4090,ladd
67d86c4ea25456b9aa6b5a2d5043bf6d25233b89,ladd_hbb_ogsod11s_formal_nomosaic_yolo11s_cap2_s0_diag_h1_s_s0_b400_datafix_a1_e10_b64_s0_gpu0,_remote_backups/4090_20260618/runs_public/ogsod/hbb/formal_nomosaic_20260528/ladd/yolo11s/cap2/ladd_hbb_ogsod11s_formal_nomosaic_yolo11s_cap2_s0_diag_h1_s_s0_b400_datafix_a1_e10_b64_s0_gpu0,ladd_hbb_ogsod11s_formal_nomosaic_yolo11s_cap2_s0_diag_h1_s_s0_b400_datafix_a1_e10_b64_s0_gpu0,ladd/results/archive_legacy_ladd_20260618/ladd_curve_analysis_20260612/source/runs_public_ladd/yolo11s/cap2/ladd_hbb_ogsod11s_formal_nomosaic_yolo11s_cap2_s0_diag_h1_s_s0_b400_datafix_a1_e10_b64_s0_gpu0,ladd4090,ladd
725e3281f3854d90877333a78cddd60a1dc41144,ladd_hbb_ogsod11n_formal_nomosaic_yolo11n_cap2_s42_bnfreeze1e3_public4090dual_final_v2_a1_e10_b64_s42_gpu02,_remote_backups/4090_20260618/runs_public/ogsod/hbb/formal_nomosaic_20260528/ladd/yolo11n/cap2/ladd_hbb_ogsod11n_formal_nomosaic_yolo11n_cap2_s42_bnfreeze1e3_public4090dual_final_v2_a1_e10_b64_s42_gpu02,ladd_hbb_ogsod11n_formal_nomosaic_yolo11n_cap2_s42_bnfreeze1e3_public4090dual_final_v2_a1_e10_b64_s42_gpu02,_remote_backups/4090_20260618/runs_public/ogsod/hbb/formal_nomosaic_20260528/ladd/yolo11n/cap2/ladd_hbb_ogsod11n_formal_nomosaic_yolo11n_cap2_s42_bnfreeze1e3_public4090dual_final_v2_a1_e10_b64_s42_gpu02,ladd4090,ladd
725e3281f3854d90877333a78cddd60a1dc41144,ladd_hbb_ogsod11n_formal_nomosaic_yolo11n_cap2_s42_bnfreeze1e3_public4090dual_final_v2_a1_e10_b64_s42_gpu02,_remote_backups/4090_20260618/runs_public/ogsod/hbb/formal_nomosaic_20260528/ladd/yolo11n/cap2/ladd_hbb_ogsod11n_formal_nomosaic_yolo11n_cap2_s42_bnfreeze1e3_public4090dual_final_v2_a1_e10_b64_s42_gpu02,ladd_hbb_ogsod11n_formal_nomosaic_yolo11n_cap2_s42_bnfreeze1e3_public4090dual_final_v2_a1_e10_b64_s42_gpu02,ladd/results/archive_legacy_ladd_20260618/ladd4090_shutdown_sync_20260614/evidence_raw/ladd4090/repo_root_snapshot/runs_public/ogsod/hbb/formal_nomosaic_20260528/ladd/yolo11n/cap2/ladd_hbb_ogsod11n_formal_nomosaic_yolo11n_cap2_s42_bnfreeze1e3_public4090dual_final_v2_a1_e10_b64_s42_gpu02,ladd4090,ladd
725e3281f3854d90877333a78cddd60a1dc41144,ladd_hbb_ogsod11n_formal_nomosaic_yolo11n_cap2_s42_bnfreeze1e3_public4090dual_final_v2_a1_e10_b64_s42_gpu02,_remote_backups/4090_20260618/runs_public/ogsod/hbb/formal_nomosaic_20260528/ladd/yolo11n/cap2/ladd_hbb_ogsod11n_formal_nomosaic_yolo11n_cap2_s42_bnfreeze1e3_public4090dual_final_v2_a1_e10_b64_s42_gpu02,ladd_hbb_ogsod11n_formal_nomosaic_yolo11n_cap2_s42_bnfreeze1e3_public4090dual_final_v2_a1_e10_b64_s42_gpu02,ladd/results/archive_legacy_ladd_20260618/ladd_curve_analysis_20260612/source/runs_public_ladd/yolo11n/cap2/ladd_hbb_ogsod11n_formal_nomosaic_yolo11n_cap2_s42_bnfreeze1e3_public4090dual_final_v2_a1_e10_b64_s42_gpu02,ladd4090,ladd
736cfd67cdf485ae7777a783db39be4bea79d258,ladd_hbb_ogsod11n_formal_nomosaic_yolo11n_cap2_s0_bentrance_N1_basecontinue_b100_after67b_b_e100_b64_s0_gpu0,_remote_backups/4090_20260618/runs_public/ogsod/hbb/formal_nomosaic_20260528/ladd/yolo11n/cap2/ladd_hbb_ogsod11n_formal_nomosaic_yolo11n_cap2_s0_bentrance_N1_basecontinue_b100_after67b_b_e100_b64_s0_gpu0,ladd_hbb_ogsod11n_formal_nomosaic_yolo11n_cap2_s0_bentrance_N1_basecontinue_b100_after67b_b_e100_b64_s0_gpu0,_remote_backups/4090_20260618/runs_public/ogsod/hbb/formal_nomosaic_20260528/ladd/yolo11n/cap2/ladd_hbb_ogsod11n_formal_nomosaic_yolo11n_cap2_s0_bentrance_N1_basecontinue_b100_after67b_b_e100_b64_s0_gpu0,ladd4090,ladd
736cfd67cdf485ae7777a783db39be4bea79d258,ladd_hbb_ogsod11n_formal_nomosaic_yolo11n_cap2_s0_bentrance_N1_basecontinue_b100_after67b_b_e100_b64_s0_gpu0,_remote_backups/4090_20260618/runs_public/ogsod/hbb/formal_nomosaic_20260528/ladd/yolo11n/cap2/ladd_hbb_ogsod11n_formal_nomosaic_yolo11n_cap2_s0_bentrance_N1_basecontinue_b100_after67b_b_e100_b64_s0_gpu0,run_files,ladd/results/archive_legacy_ladd_20260618/b_entrance_20260613/evidence/ladd4090/N1_basecontinue_b100/run_files,ladd4090,ladd
736cfd67cdf485ae7777a783db39be4bea79d258,ladd_hbb_ogsod11n_formal_nomosaic_yolo11n_cap2_s0_bentrance_N1_basecontinue_b100_after67b_b_e100_b64_s0_gpu0,_remote_backups/4090_20260618/runs_public/ogsod/hbb/formal_nomosaic_20260528/ladd/yolo11n/cap2/ladd_hbb_ogsod11n_formal_nomosaic_yolo11n_cap2_s0_bentrance_N1_basecontinue_b100_after67b_b_e100_b64_s0_gpu0,ladd_hbb_ogsod11n_formal_nomosaic_yolo11n_cap2_s0_bentrance_N1_basecontinue_b100_after67b_b_e100_b64_s0_gpu0,ladd/results/archive_legacy_ladd_20260618/ladd4090_shutdown_sync_20260614/evidence_raw/ladd4090/repo_root_snapshot/runs_public/ogsod/hbb/formal_nomosaic_20260528/ladd/yolo11n/cap2/ladd_hbb_ogsod11n_formal_nomosaic_yolo11n_cap2_s0_bentrance_N1_basecontinue_b100_after67b_b_e100_b64_s0_gpu0,ladd4090,ladd
754ce071cfd148b301cc25b114974634d88da539,ladd_hbb_ogsod11m_formal_nomosaic_yolo11m_cap2_s0_fix_m_s0_a2lr3e4_short4_freezeBN_b1_autodl_retry1_a2_e4_b32_s0_gpu0,remote_backups/autodl_20260614_critical/formal_nomosaic_20260528/ladd/yolo11m/cap2/ladd_hbb_ogsod11m_formal_nomosaic_yolo11m_cap2_s0_fix_m_s0_a2lr3e4_short4_freezeBN_b1_autodl_retry1_a2_e4_b32_s0_gpu0,ladd_hbb_ogsod11m_formal_nomosaic_yolo11m_cap2_s0_fix_m_s0_a2lr3e4_short4_freezeBN_b1_autodl_retry1_a2_e4_b32_s0_gpu0,ladd/results/archive_legacy_ladd_20260618/autodl_shutdown_sync_20260614/evidence_raw/autodl/runs_public/ogsod/hbb/formal_nomosaic_20260528/ladd/yolo11m/cap2/ladd_hbb_ogsod11m_formal_nomosaic_yolo11m_cap2_s0_fix_m_s0_a2lr3e4_short4_freezeBN_b1_autodl_retry1_a2_e4_b32_s0_gpu0,autodl,ladd
754ce071cfd148b301cc25b114974634d88da539,ladd_hbb_ogsod11m_formal_nomosaic_yolo11m_cap2_s0_fix_m_s0_a2lr3e4_short4_freezeBN_b1_autodl_retry1_a2_e4_b32_s0_gpu0,remote_backups/autodl_20260614_critical/formal_nomosaic_20260528/ladd/yolo11m/cap2/ladd_hbb_ogsod11m_formal_nomosaic_yolo11m_cap2_s0_fix_m_s0_a2lr3e4_short4_freezeBN_b1_autodl_retry1_a2_e4_b32_s0_gpu0,ladd_hbb_ogsod11m_formal_nomosaic_yolo11m_cap2_s0_fix_m_s0_a2lr3e4_short4_freezeBN_b1_autodl_retry1_a2_e4_b32_s0_gpu0,ladd/results/archive_legacy_ladd_20260618/repair_experiments_20260613/evidence/autodl/runs/autodl_m_short4_freezebn/unknown/ladd_hbb_ogsod11m_formal_nomosaic_yolo11m_cap2_s0_fix_m_s0_a2lr3e4_short4_freezeBN_b1_autodl_retry1_a2_e4_b32_s0_gpu0,autodl,ladd
754ce071cfd148b301cc25b114974634d88da539,ladd_hbb_ogsod11m_formal_nomosaic_yolo11m_cap2_s0_fix_m_s0_a2lr3e4_short4_freezeBN_b1_autodl_retry1_a2_e4_b32_s0_gpu0,remote_backups/autodl_20260614_critical/formal_nomosaic_20260528/ladd/yolo11m/cap2/ladd_hbb_ogsod11m_formal_nomosaic_yolo11m_cap2_s0_fix_m_s0_a2lr3e4_short4_freezeBN_b1_autodl_retry1_a2_e4_b32_s0_gpu0,ladd_hbb_ogsod11m_formal_nomosaic_yolo11m_cap2_s0_fix_m_s0_a2lr3e4_short4_freezeBN_b1_autodl_retry1_a2_e4_b32_s0_gpu0,remote_backups/autodl_20260614_critical/formal_nomosaic_20260528/ladd/yolo11m/cap2/ladd_hbb_ogsod11m_formal_nomosaic_yolo11m_cap2_s0_fix_m_s0_a2lr3e4_short4_freezeBN_b1_autodl_retry1_a2_e4_b32_s0_gpu0,autodl,ladd
7bfe0f16a0316c6682a0bff96aaa12d90e587096,ladd_hbb_ogsod11n_formal_nomosaic_yolo11n_cap2_s0_diag_h1_n_s0_b100_smoke_a2_e50_b64_s0_gpu0,_remote_backups/4090_20260618/runs_public/ogsod/hbb/formal_nomosaic_20260528/ladd/yolo11n/cap2/ladd_hbb_ogsod11n_formal_nomosaic_yolo11n_cap2_s0_diag_h1_n_s0_b100_smoke_a2_e50_b64_s0_gpu0,ladd_hbb_ogsod11n_formal_nomosaic_yolo11n_cap2_s0_diag_h1_n_s0_b100_smoke_a2_e50_b64_s0_gpu0,_remote_backups/4090_20260618/runs_public/ogsod/hbb/formal_nomosaic_20260528/ladd/yolo11n/cap2/ladd_hbb_ogsod11n_formal_nomosaic_yolo11n_cap2_s0_diag_h1_n_s0_b100_smoke_a2_e50_b64_s0_gpu0,ladd4090,ladd
7bfe0f16a0316c6682a0bff96aaa12d90e587096,ladd_hbb_ogsod11n_formal_nomosaic_yolo11n_cap2_s0_diag_h1_n_s0_b100_smoke_a2_e50_b64_s0_gpu0,_remote_backups/4090_20260618/runs_public/ogsod/hbb/formal_nomosaic_20260528/ladd/yolo11n/cap2/ladd_hbb_ogsod11n_formal_nomosaic_yolo11n_cap2_s0_diag_h1_n_s0_b100_smoke_a2_e50_b64_s0_gpu0,ladd_hbb_ogsod11n_formal_nomosaic_yolo11n_cap2_s0_diag_h1_n_s0_b100_smoke_a2_e50_b64_s0_gpu0,ladd/results/archive_legacy_ladd_20260618/ladd4090_shutdown_sync_20260614/evidence_raw/ladd4090/repo_root_snapshot/runs_public/ogsod/hbb/formal_nomosaic_20260528/ladd/yolo11n/cap2/ladd_hbb_ogsod11n_formal_nomosaic_yolo11n_cap2_s0_diag_h1_n_s0_b100_smoke_a2_e50_b64_s0_gpu0,ladd4090,ladd
7bfe0f16a0316c6682a0bff96aaa12d90e587096,ladd_hbb_ogsod11n_formal_nomosaic_yolo11n_cap2_s0_diag_h1_n_s0_b100_smoke_a2_e50_b64_s0_gpu0,_remote_backups/4090_20260618/runs_public/ogsod/hbb/formal_nomosaic_20260528/ladd/yolo11n/cap2/ladd_hbb_ogsod11n_formal_nomosaic_yolo11n_cap2_s0_diag_h1_n_s0_b100_smoke_a2_e50_b64_s0_gpu0,ladd_hbb_ogsod11n_formal_nomosaic_yolo11n_cap2_s0_diag_h1_n_s0_b100_smoke_a2_e50_b64_s0_gpu0,ladd/results/archive_legacy_ladd_20260618/ladd_curve_analysis_20260612/source/runs_public_ladd/yolo11n/cap2/ladd_hbb_ogsod11n_formal_nomosaic_yolo11n_cap2_s0_diag_h1_n_s0_b100_smoke_a2_e50_b64_s0_gpu0,ladd4090,ladd
86ec493c73b524ef55eabb1e21e8bdd1c3177cbd,ladd_hbb_ogsod11n_formal_nomosaic_yolo11n_cap2_s0_bentrance_N2_a2best_continue_b100_after67b_b_e100_b64_s0_gpu1,_remote_backups/4090_20260618/runs_public/ogsod/hbb/formal_nomosaic_20260528/ladd/yolo11n/cap2/ladd_hbb_ogsod11n_formal_nomosaic_yolo11n_cap2_s0_bentrance_N2_a2best_continue_b100_after67b_b_e100_b64_s0_gpu1,ladd_hbb_ogsod11n_formal_nomosaic_yolo11n_cap2_s0_bentrance_N2_a2best_continue_b100_after67b_b_e100_b64_s0_gpu1,_remote_backups/4090_20260618/runs_public/ogsod/hbb/formal_nomosaic_20260528/ladd/yolo11n/cap2/ladd_hbb_ogsod11n_formal_nomosaic_yolo11n_cap2_s0_bentrance_N2_a2best_continue_b100_after67b_b_e100_b64_s0_gpu1,ladd4090,ladd
86ec493c73b524ef55eabb1e21e8bdd1c3177cbd,ladd_hbb_ogsod11n_formal_nomosaic_yolo11n_cap2_s0_bentrance_N2_a2best_continue_b100_after67b_b_e100_b64_s0_gpu1,_remote_backups/4090_20260618/runs_public/ogsod/hbb/formal_nomosaic_20260528/ladd/yolo11n/cap2/ladd_hbb_ogsod11n_formal_nomosaic_yolo11n_cap2_s0_bentrance_N2_a2best_continue_b100_after67b_b_e100_b64_s0_gpu1,run_files,ladd/results/archive_legacy_ladd_20260618/b_entrance_20260613/evidence/ladd4090/N2_a2best_continue_b100/run_files,ladd4090,ladd
86ec493c73b524ef55eabb1e21e8bdd1c3177cbd,ladd_hbb_ogsod11n_formal_nomosaic_yolo11n_cap2_s0_bentrance_N2_a2best_continue_b100_after67b_b_e100_b64_s0_gpu1,_remote_backups/4090_20260618/runs_public/ogsod/hbb/formal_nomosaic_20260528/ladd/yolo11n/cap2/ladd_hbb_ogsod11n_formal_nomosaic_yolo11n_cap2_s0_bentrance_N2_a2best_continue_b100_after67b_b_e100_b64_s0_gpu1,ladd_hbb_ogsod11n_formal_nomosaic_yolo11n_cap2_s0_bentrance_N2_a2best_continue_b100_after67b_b_e100_b64_s0_gpu1,ladd/results/archive_legacy_ladd_20260618/ladd4090_shutdown_sync_20260614/evidence_raw/ladd4090/repo_root_snapshot/runs_public/ogsod/hbb/formal_nomosaic_20260528/ladd/yolo11n/cap2/ladd_hbb_ogsod11n_formal_nomosaic_yolo11n_cap2_s0_bentrance_N2_a2best_continue_b100_after67b_b_e100_b64_s0_gpu1,ladd4090,ladd
9880a9565f2c258c081d7dbd0df2484bb5d782cb,ladd_hbb_ogsod11m_formal_nomosaic_yolo11m_cap2_s0_fix_m_s0_a2lr3e4_short4_freezeBN_b1_autodl_retry1_a1_e10_b32_s0_gpu0,remote_backups/autodl_20260614_critical/formal_nomosaic_20260528/ladd/yolo11m/cap2/ladd_hbb_ogsod11m_formal_nomosaic_yolo11m_cap2_s0_fix_m_s0_a2lr3e4_short4_freezeBN_b1_autodl_retry1_a1_e10_b32_s0_gpu0,ladd_hbb_ogsod11m_formal_nomosaic_yolo11m_cap2_s0_fix_m_s0_a2lr3e4_short4_freezeBN_b1_autodl_retry1_a1_e10_b32_s0_gpu0,ladd/results/archive_legacy_ladd_20260618/autodl_shutdown_sync_20260614/evidence_raw/autodl/runs_public/ogsod/hbb/formal_nomosaic_20260528/ladd/yolo11m/cap2/ladd_hbb_ogsod11m_formal_nomosaic_yolo11m_cap2_s0_fix_m_s0_a2lr3e4_short4_freezeBN_b1_autodl_retry1_a1_e10_b32_s0_gpu0,autodl,ladd
9880a9565f2c258c081d7dbd0df2484bb5d782cb,ladd_hbb_ogsod11m_formal_nomosaic_yolo11m_cap2_s0_fix_m_s0_a2lr3e4_short4_freezeBN_b1_autodl_retry1_a1_e10_b32_s0_gpu0,remote_backups/autodl_20260614_critical/formal_nomosaic_20260528/ladd/yolo11m/cap2/ladd_hbb_ogsod11m_formal_nomosaic_yolo11m_cap2_s0_fix_m_s0_a2lr3e4_short4_freezeBN_b1_autodl_retry1_a1_e10_b32_s0_gpu0,ladd_hbb_ogsod11m_formal_nomosaic_yolo11m_cap2_s0_fix_m_s0_a2lr3e4_short4_freezeBN_b1_autodl_retry1_a1_e10_b32_s0_gpu0,ladd/results/archive_legacy_ladd_20260618/repair_experiments_20260613/evidence/autodl/runs/autodl_m_short4_freezebn/unknown/ladd_hbb_ogsod11m_formal_nomosaic_yolo11m_cap2_s0_fix_m_s0_a2lr3e4_short4_freezeBN_b1_autodl_retry1_a1_e10_b32_s0_gpu0,autodl,ladd
9880a9565f2c258c081d7dbd0df2484bb5d782cb,ladd_hbb_ogsod11m_formal_nomosaic_yolo11m_cap2_s0_fix_m_s0_a2lr3e4_short4_freezeBN_b1_autodl_retry1_a1_e10_b32_s0_gpu0,remote_backups/autodl_20260614_critical/formal_nomosaic_20260528/ladd/yolo11m/cap2/ladd_hbb_ogsod11m_formal_nomosaic_yolo11m_cap2_s0_fix_m_s0_a2lr3e4_short4_freezeBN_b1_autodl_retry1_a1_e10_b32_s0_gpu0,ladd_hbb_ogsod11m_formal_nomosaic_yolo11m_cap2_s0_fix_m_s0_a2lr3e4_short4_freezeBN_b1_autodl_retry1_a1_e10_b32_s0_gpu0,remote_backups/autodl_20260614_critical/formal_nomosaic_20260528/ladd/yolo11m/cap2/ladd_hbb_ogsod11m_formal_nomosaic_yolo11m_cap2_s0_fix_m_s0_a2lr3e4_short4_freezeBN_b1_autodl_retry1_a1_e10_b32_s0_gpu0,autodl,ladd
990cf761d82cb9fc887bd2f990210185a0a377fd,ladd_hbb_ogsod11n_formal_nomosaic_yolo11n_cap2_s0_fix_n_s0_a2lr3e4_short13_bweakKD0p25_b200_b_e200_b64_s0_gpu1,_remote_backups/4090_20260618/runs_public/ogsod/hbb/formal_nomosaic_20260528/ladd/yolo11n/cap2/ladd_hbb_ogsod11n_formal_nomosaic_yolo11n_cap2_s0_fix_n_s0_a2lr3e4_short13_bweakKD0p25_b200_b_e200_b64_s0_gpu1,ladd_hbb_ogsod11n_formal_nomosaic_yolo11n_cap2_s0_fix_n_s0_a2lr3e4_short13_bweakKD0p25_b200_b_e200_b64_s0_gpu1,_remote_backups/4090_20260618/runs_public/ogsod/hbb/formal_nomosaic_20260528/ladd/yolo11n/cap2/ladd_hbb_ogsod11n_formal_nomosaic_yolo11n_cap2_s0_fix_n_s0_a2lr3e4_short13_bweakKD0p25_b200_b_e200_b64_s0_gpu1,ladd4090,ladd
990cf761d82cb9fc887bd2f990210185a0a377fd,ladd_hbb_ogsod11n_formal_nomosaic_yolo11n_cap2_s0_fix_n_s0_a2lr3e4_short13_bweakKD0p25_b200_b_e200_b64_s0_gpu1,_remote_backups/4090_20260618/runs_public/ogsod/hbb/formal_nomosaic_20260528/ladd/yolo11n/cap2/ladd_hbb_ogsod11n_formal_nomosaic_yolo11n_cap2_s0_fix_n_s0_a2lr3e4_short13_bweakKD0p25_b200_b_e200_b64_s0_gpu1,ladd_hbb_ogsod11n_formal_nomosaic_yolo11n_cap2_s0_fix_n_s0_a2lr3e4_short13_bweakKD0p25_b200_b_e200_b64_s0_gpu1,ladd/results/archive_legacy_ladd_20260618/ladd4090_shutdown_sync_20260614/evidence_raw/ladd4090/repo_root_snapshot/runs_public/ogsod/hbb/formal_nomosaic_20260528/ladd/yolo11n/cap2/ladd_hbb_ogsod11n_formal_nomosaic_yolo11n_cap2_s0_fix_n_s0_a2lr3e4_short13_bweakKD0p25_b200_b_e200_b64_s0_gpu1,ladd4090,ladd
990cf761d82cb9fc887bd2f990210185a0a377fd,ladd_hbb_ogsod11n_formal_nomosaic_yolo11n_cap2_s0_fix_n_s0_a2lr3e4_short13_bweakKD0p25_b200_b_e200_b64_s0_gpu1,_remote_backups/4090_20260618/runs_public/ogsod/hbb/formal_nomosaic_20260528/ladd/yolo11n/cap2/ladd_hbb_ogsod11n_formal_nomosaic_yolo11n_cap2_s0_fix_n_s0_a2lr3e4_short13_bweakKD0p25_b200_b_e200_b64_s0_gpu1,ladd_hbb_ogsod11n_formal_nomosaic_yolo11n_cap2_s0_fix_n_s0_a2lr3e4_short13_bweakKD0p25_b200_b_e200_b64_s0_gpu1,ladd/results/archive_legacy_ladd_20260618/repair_experiments_20260613/evidence/main_4090/runs/n_weakkd0p25_b200/unknown/ladd_hbb_ogsod11n_formal_nomosaic_yolo11n_cap2_s0_fix_n_s0_a2lr3e4_short13_bweakKD0p25_b200_b_e200_b64_s0_gpu1,ladd4090,ladd
9c78c92569bb9e13957f16c86d5e04228489555e,ladd_hbb_ogsod11s_formal_nomosaic_yolo11s_cap2_s0_fix_s_s0_a2lr3e4_short13_bdetonly_lr1e4_b120_b_e120_b64_s0_gpu1,_remote_backups/4090_20260618/runs_public/ogsod/hbb/formal_nomosaic_20260528/ladd/yolo11s/cap2/ladd_hbb_ogsod11s_formal_nomosaic_yolo11s_cap2_s0_fix_s_s0_a2lr3e4_short13_bdetonly_lr1e4_b120_b_e120_b64_s0_gpu1,ladd_hbb_ogsod11s_formal_nomosaic_yolo11s_cap2_s0_fix_s_s0_a2lr3e4_short13_bdetonly_lr1e4_b120_b_e120_b64_s0_gpu1,_remote_backups/4090_20260618/runs_public/ogsod/hbb/formal_nomosaic_20260528/ladd/yolo11s/cap2/ladd_hbb_ogsod11s_formal_nomosaic_yolo11s_cap2_s0_fix_s_s0_a2lr3e4_short13_bdetonly_lr1e4_b120_b_e120_b64_s0_gpu1,ladd4090,ladd
9c78c92569bb9e13957f16c86d5e04228489555e,ladd_hbb_ogsod11s_formal_nomosaic_yolo11s_cap2_s0_fix_s_s0_a2lr3e4_short13_bdetonly_lr1e4_b120_b_e120_b64_s0_gpu1,_remote_backups/4090_20260618/runs_public/ogsod/hbb/formal_nomosaic_20260528/ladd/yolo11s/cap2/ladd_hbb_ogsod11s_formal_nomosaic_yolo11s_cap2_s0_fix_s_s0_a2lr3e4_short13_bdetonly_lr1e4_b120_b_e120_b64_s0_gpu1,ladd_hbb_ogsod11s_formal_nomosaic_yolo11s_cap2_s0_fix_s_s0_a2lr3e4_short13_bdetonly_lr1e4_b120_b_e120_b64_s0_gpu1,ladd/results/archive_legacy_ladd_20260618/ladd4090_shutdown_sync_20260614/evidence_raw/ladd4090/repo_root_snapshot/runs_public/ogsod/hbb/formal_nomosaic_20260528/ladd/yolo11s/cap2/ladd_hbb_ogsod11s_formal_nomosaic_yolo11s_cap2_s0_fix_s_s0_a2lr3e4_short13_bdetonly_lr1e4_b120_b_e120_b64_s0_gpu1,ladd4090,ladd
9c78c92569bb9e13957f16c86d5e04228489555e,ladd_hbb_ogsod11s_formal_nomosaic_yolo11s_cap2_s0_fix_s_s0_a2lr3e4_short13_bdetonly_lr1e4_b120_b_e120_b64_s0_gpu1,_remote_backups/4090_20260618/runs_public/ogsod/hbb/formal_nomosaic_20260528/ladd/yolo11s/cap2/ladd_hbb_ogsod11s_formal_nomosaic_yolo11s_cap2_s0_fix_s_s0_a2lr3e4_short13_bdetonly_lr1e4_b120_b_e120_b64_s0_gpu1,ladd_hbb_ogsod11s_formal_nomosaic_yolo11s_cap2_s0_fix_s_s0_a2lr3e4_short13_bdetonly_lr1e4_b120_b_e120_b64_s0_gpu1,ladd/results/archive_legacy_ladd_20260618/repair_experiments_20260613/evidence/main_4090/runs/s_detonly_lr1e4_b120/unknown/ladd_hbb_ogsod11s_formal_nomosaic_yolo11s_cap2_s0_fix_s_s0_a2lr3e4_short13_bdetonly_lr1e4_b120_b_e120_b64_s0_gpu1,ladd4090,ladd
a1cfaeaefa406a6af684b83805fc69d16a394404,det_only_same_trainer_b32_e80_r1,cclkd_reproduction/yolov5_sanity/results/diagnostics_20260611_yolov5x_gpu2_smoke_detonly/det_only_same_trainer_b32_e80_r1,det_only_same_trainer_b32_e80_r1,cclkd_reproduction/yolov5_sanity/results/diagnostics_20260611_yolov5x_gpu2_smoke_detonly/det_only_same_trainer_b32_e80_r1,unknown,cclkd_yolov5x
a1cfaeaefa406a6af684b83805fc69d16a394404,det_only_same_trainer_b32_e80_r1,cclkd_reproduction/yolov5_sanity/results/diagnostics_20260611_yolov5x_gpu2_smoke_detonly/det_only_same_trainer_b32_e80_r1,yolov5x_det_only_same_trainer_b32_s0_detonly_same_trainer_b32_e80_wave1_gpu1,cclkd_reproduction/yolov5_sanity/results/diagnostics_20260612_yolov5x_b32_e80_final/runs/yolov5x_det_only_same_trainer_b32_s0_detonly_same_trainer_b32_e80_wave1_gpu1,unknown,cclkd_yolov5x
a1cfaeaefa406a6af684b83805fc69d16a394404,det_only_same_trainer_b32_e80_r1,cclkd_reproduction/yolov5_sanity/results/diagnostics_20260611_yolov5x_gpu2_smoke_detonly/det_only_same_trainer_b32_e80_r1,yolov5x_det_only_same_trainer_b32_s0_detonly_same_trainer_b32_e80_wave1_gpu1,cclkd_reproduction/yolov5_sanity/results/diagnostics_20260612_yolov5x_b32_e80_queue/yolov5x_det_only_same_trainer_b32_s0_detonly_same_trainer_b32_e80_wave1_gpu1,server117,cclkd_yolov5x
a3069d9e79cb40fa6be7213bd12f29fda728e708,ladd_hbb_ogsod11s_formal_nomosaic_yolo11s_cap2_s0_fix_s_s0_a2lr3e4_short13_bweakKD0p1_b120_b32retry2_b_e120_b32_s0_gpu0,_remote_backups/4090_20260618/runs_public/ogsod/hbb/formal_nomosaic_20260528/ladd/yolo11s/cap2/ladd_hbb_ogsod11s_formal_nomosaic_yolo11s_cap2_s0_fix_s_s0_a2lr3e4_short13_bweakKD0p1_b120_b32retry2_b_e120_b32_s0_gpu0,ladd_hbb_ogsod11s_formal_nomosaic_yolo11s_cap2_s0_fix_s_s0_a2lr3e4_short13_bweakKD0p1_b120_b32retry2_b_e120_b32_s0_gpu0,_remote_backups/4090_20260618/runs_public/ogsod/hbb/formal_nomosaic_20260528/ladd/yolo11s/cap2/ladd_hbb_ogsod11s_formal_nomosaic_yolo11s_cap2_s0_fix_s_s0_a2lr3e4_short13_bweakKD0p1_b120_b32retry2_b_e120_b32_s0_gpu0,ladd4090,ladd
a3069d9e79cb40fa6be7213bd12f29fda728e708,ladd_hbb_ogsod11s_formal_nomosaic_yolo11s_cap2_s0_fix_s_s0_a2lr3e4_short13_bweakKD0p1_b120_b32retry2_b_e120_b32_s0_gpu0,_remote_backups/4090_20260618/runs_public/ogsod/hbb/formal_nomosaic_20260528/ladd/yolo11s/cap2/ladd_hbb_ogsod11s_formal_nomosaic_yolo11s_cap2_s0_fix_s_s0_a2lr3e4_short13_bweakKD0p1_b120_b32retry2_b_e120_b32_s0_gpu0,ladd_hbb_ogsod11s_formal_nomosaic_yolo11s_cap2_s0_fix_s_s0_a2lr3e4_short13_bweakKD0p1_b120_b32retry2_b_e120_b32_s0_gpu0,ladd/results/archive_legacy_ladd_20260618/ladd4090_shutdown_sync_20260614/evidence_raw/ladd4090/repo_root_snapshot/runs_public/ogsod/hbb/formal_nomosaic_20260528/ladd/yolo11s/cap2/ladd_hbb_ogsod11s_formal_nomosaic_yolo11s_cap2_s0_fix_s_s0_a2lr3e4_short13_bweakKD0p1_b120_b32retry2_b_e120_b32_s0_gpu0,ladd4090,ladd
a3069d9e79cb40fa6be7213bd12f29fda728e708,ladd_hbb_ogsod11s_formal_nomosaic_yolo11s_cap2_s0_fix_s_s0_a2lr3e4_short13_bweakKD0p1_b120_b32retry2_b_e120_b32_s0_gpu0,_remote_backups/4090_20260618/runs_public/ogsod/hbb/formal_nomosaic_20260528/ladd/yolo11s/cap2/ladd_hbb_ogsod11s_formal_nomosaic_yolo11s_cap2_s0_fix_s_s0_a2lr3e4_short13_bweakKD0p1_b120_b32retry2_b_e120_b32_s0_gpu0,ladd_hbb_ogsod11s_formal_nomosaic_yolo11s_cap2_s0_fix_s_s0_a2lr3e4_short13_bweakKD0p1_b120_b32retry2_b_e120_b32_s0_gpu0,ladd/results/archive_legacy_ladd_20260618/repair_experiments_20260613/evidence/main_4090/runs/s_weakkd0p1_b120_b32retry2/unknown/ladd_hbb_ogsod11s_formal_nomosaic_yolo11s_cap2_s0_fix_s_s0_a2lr3e4_short13_bweakKD0p1_b120_b32retry2_b_e120_b32_s0_gpu0,ladd4090,ladd
a6c87d91607b7b110cf842d0392ad846f70fd4fb,ladd_hbb_ogsod11m_formal_nomosaic_yolo11m_cap2_s0_fix_m_s0_a2lr3e4_short4_b1_autodl_retry1_b_e1_b32_s0_gpu0,remote_backups/autodl_20260614_critical/formal_nomosaic_20260528/ladd/yolo11m/cap2/ladd_hbb_ogsod11m_formal_nomosaic_yolo11m_cap2_s0_fix_m_s0_a2lr3e4_short4_b1_autodl_retry1_b_e1_b32_s0_gpu0,ladd_hbb_ogsod11m_formal_nomosaic_yolo11m_cap2_s0_fix_m_s0_a2lr3e4_short4_b1_autodl_retry1_b_e1_b32_s0_gpu0,ladd/results/archive_legacy_ladd_20260618/autodl_shutdown_sync_20260614/evidence_raw/autodl/runs_public/ogsod/hbb/formal_nomosaic_20260528/ladd/yolo11m/cap2/ladd_hbb_ogsod11m_formal_nomosaic_yolo11m_cap2_s0_fix_m_s0_a2lr3e4_short4_b1_autodl_retry1_b_e1_b32_s0_gpu0,autodl,ladd
a6c87d91607b7b110cf842d0392ad846f70fd4fb,ladd_hbb_ogsod11m_formal_nomosaic_yolo11m_cap2_s0_fix_m_s0_a2lr3e4_short4_b1_autodl_retry1_b_e1_b32_s0_gpu0,remote_backups/autodl_20260614_critical/formal_nomosaic_20260528/ladd/yolo11m/cap2/ladd_hbb_ogsod11m_formal_nomosaic_yolo11m_cap2_s0_fix_m_s0_a2lr3e4_short4_b1_autodl_retry1_b_e1_b32_s0_gpu0,ladd_hbb_ogsod11m_formal_nomosaic_yolo11m_cap2_s0_fix_m_s0_a2lr3e4_short4_b1_autodl_retry1_b_e1_b32_s0_gpu0,ladd/results/archive_legacy_ladd_20260618/repair_experiments_20260613/evidence/autodl/runs/autodl_m_short4_duplicate/unknown/ladd_hbb_ogsod11m_formal_nomosaic_yolo11m_cap2_s0_fix_m_s0_a2lr3e4_short4_b1_autodl_retry1_b_e1_b32_s0_gpu0,autodl,ladd
a6c87d91607b7b110cf842d0392ad846f70fd4fb,ladd_hbb_ogsod11m_formal_nomosaic_yolo11m_cap2_s0_fix_m_s0_a2lr3e4_short4_b1_autodl_retry1_b_e1_b32_s0_gpu0,remote_backups/autodl_20260614_critical/formal_nomosaic_20260528/ladd/yolo11m/cap2/ladd_hbb_ogsod11m_formal_nomosaic_yolo11m_cap2_s0_fix_m_s0_a2lr3e4_short4_b1_autodl_retry1_b_e1_b32_s0_gpu0,ladd_hbb_ogsod11m_formal_nomosaic_yolo11m_cap2_s0_fix_m_s0_a2lr3e4_short4_b1_autodl_retry1_b_e1_b32_s0_gpu0,remote_backups/autodl_20260614_critical/formal_nomosaic_20260528/ladd/yolo11m/cap2/ladd_hbb_ogsod11m_formal_nomosaic_yolo11m_cap2_s0_fix_m_s0_a2lr3e4_short4_b1_autodl_retry1_b_e1_b32_s0_gpu0,autodl,ladd
b8fb9e7cc25a78052e4a065f8965af64e46c4370,ladd_hbb_ogsod11m_formal_nomosaic_yolo11m_cap2_s0_diag_capkd_m_s0_a2probe_b1_retry1_a1_e10_b32_s0_gpu1,_remote_backups/4090_20260618/runs_public/ogsod/hbb/formal_nomosaic_20260528/ladd/yolo11m/cap2/ladd_hbb_ogsod11m_formal_nomosaic_yolo11m_cap2_s0_diag_capkd_m_s0_a2probe_b1_retry1_a1_e10_b32_s0_gpu1,ladd_hbb_ogsod11m_formal_nomosaic_yolo11m_cap2_s0_diag_capkd_m_s0_a2probe_b1_retry1_a1_e10_b32_s0_gpu1,_remote_backups/4090_20260618/runs_public/ogsod/hbb/formal_nomosaic_20260528/ladd/yolo11m/cap2/ladd_hbb_ogsod11m_formal_nomosaic_yolo11m_cap2_s0_diag_capkd_m_s0_a2probe_b1_retry1_a1_e10_b32_s0_gpu1,ladd4090,ladd
b8fb9e7cc25a78052e4a065f8965af64e46c4370,ladd_hbb_ogsod11m_formal_nomosaic_yolo11m_cap2_s0_diag_capkd_m_s0_a2probe_b1_retry1_a1_e10_b32_s0_gpu1,_remote_backups/4090_20260618/runs_public/ogsod/hbb/formal_nomosaic_20260528/ladd/yolo11m/cap2/ladd_hbb_ogsod11m_formal_nomosaic_yolo11m_cap2_s0_diag_capkd_m_s0_a2probe_b1_retry1_a1_e10_b32_s0_gpu1,ladd_hbb_ogsod11m_formal_nomosaic_yolo11m_cap2_s0_diag_capkd_m_s0_a2probe_b1_retry1_a1_e10_b32_s0_gpu1,ladd/results/archive_legacy_ladd_20260618/ladd4090_shutdown_sync_20260614/evidence_raw/ladd4090/repo_root_snapshot/runs_public/ogsod/hbb/formal_nomosaic_20260528/ladd/yolo11m/cap2/ladd_hbb_ogsod11m_formal_nomosaic_yolo11m_cap2_s0_diag_capkd_m_s0_a2probe_b1_retry1_a1_e10_b32_s0_gpu1,ladd4090,ladd
b8fb9e7cc25a78052e4a065f8965af64e46c4370,ladd_hbb_ogsod11m_formal_nomosaic_yolo11m_cap2_s0_diag_capkd_m_s0_a2probe_b1_retry1_a1_e10_b32_s0_gpu1,_remote_backups/4090_20260618/runs_public/ogsod/hbb/formal_nomosaic_20260528/ladd/yolo11m/cap2/ladd_hbb_ogsod11m_formal_nomosaic_yolo11m_cap2_s0_diag_capkd_m_s0_a2probe_b1_retry1_a1_e10_b32_s0_gpu1,ladd_hbb_ogsod11m_formal_nomosaic_yolo11m_cap2_s0_diag_capkd_m_s0_a2probe_b1_retry1_a1_e10_b32_s0_gpu1,ladd/results/archive_legacy_ladd_20260618/ladd_curve_analysis_20260612/source/runs_public_ladd/yolo11m/cap2/ladd_hbb_ogsod11m_formal_nomosaic_yolo11m_cap2_s0_diag_capkd_m_s0_a2probe_b1_retry1_a1_e10_b32_s0_gpu1,ladd4090,ladd
bc6021affc8a919b37db792f77898647d45b47f3,ladd_hbb_ogsod11s_formal_nomosaic_yolo11s_cap2_s0_diag_capkd_s_s0_bdetonly_b400_a1_e10_b64_s0_gpu1,_remote_backups/4090_20260618/runs_public/ogsod/hbb/formal_nomosaic_20260528/ladd/yolo11s/cap2/ladd_hbb_ogsod11s_formal_nomosaic_yolo11s_cap2_s0_diag_capkd_s_s0_bdetonly_b400_a1_e10_b64_s0_gpu1,ladd_hbb_ogsod11s_formal_nomosaic_yolo11s_cap2_s0_diag_capkd_s_s0_bdetonly_b400_a1_e10_b64_s0_gpu1,_remote_backups/4090_20260618/runs_public/ogsod/hbb/formal_nomosaic_20260528/ladd/yolo11s/cap2/ladd_hbb_ogsod11s_formal_nomosaic_yolo11s_cap2_s0_diag_capkd_s_s0_bdetonly_b400_a1_e10_b64_s0_gpu1,ladd4090,ladd
bc6021affc8a919b37db792f77898647d45b47f3,ladd_hbb_ogsod11s_formal_nomosaic_yolo11s_cap2_s0_diag_capkd_s_s0_bdetonly_b400_a1_e10_b64_s0_gpu1,_remote_backups/4090_20260618/runs_public/ogsod/hbb/formal_nomosaic_20260528/ladd/yolo11s/cap2/ladd_hbb_ogsod11s_formal_nomosaic_yolo11s_cap2_s0_diag_capkd_s_s0_bdetonly_b400_a1_e10_b64_s0_gpu1,ladd_hbb_ogsod11s_formal_nomosaic_yolo11s_cap2_s0_diag_capkd_s_s0_bdetonly_b400_a1_e10_b64_s0_gpu1,ladd/results/archive_legacy_ladd_20260618/ladd4090_shutdown_sync_20260614/evidence_raw/ladd4090/repo_root_snapshot/runs_public/ogsod/hbb/formal_nomosaic_20260528/ladd/yolo11s/cap2/ladd_hbb_ogsod11s_formal_nomosaic_yolo11s_cap2_s0_diag_capkd_s_s0_bdetonly_b400_a1_e10_b64_s0_gpu1,ladd4090,ladd
bc6021affc8a919b37db792f77898647d45b47f3,ladd_hbb_ogsod11s_formal_nomosaic_yolo11s_cap2_s0_diag_capkd_s_s0_bdetonly_b400_a1_e10_b64_s0_gpu1,_remote_backups/4090_20260618/runs_public/ogsod/hbb/formal_nomosaic_20260528/ladd/yolo11s/cap2/ladd_hbb_ogsod11s_formal_nomosaic_yolo11s_cap2_s0_diag_capkd_s_s0_bdetonly_b400_a1_e10_b64_s0_gpu1,ladd_hbb_ogsod11s_formal_nomosaic_yolo11s_cap2_s0_diag_capkd_s_s0_bdetonly_b400_a1_e10_b64_s0_gpu1,ladd/results/archive_legacy_ladd_20260618/ladd_curve_analysis_20260612/source/runs_public_ladd/yolo11s/cap2/ladd_hbb_ogsod11s_formal_nomosaic_yolo11s_cap2_s0_diag_capkd_s_s0_bdetonly_b400_a1_e10_b64_s0_gpu1,ladd4090,ladd
c8b7305a86a08032563f0cb0712cff6da37d35a3,ladd_hbb_ogsod11m_formal_nomosaic_yolo11m_cap2_s0_diag_capkd_m_s0_a2probe_b1_retry1_b_e1_b32_s0_gpu1,_remote_backups/4090_20260618/runs_public/ogsod/hbb/formal_nomosaic_20260528/ladd/yolo11m/cap2/ladd_hbb_ogsod11m_formal_nomosaic_yolo11m_cap2_s0_diag_capkd_m_s0_a2probe_b1_retry1_b_e1_b32_s0_gpu1,ladd_hbb_ogsod11m_formal_nomosaic_yolo11m_cap2_s0_diag_capkd_m_s0_a2probe_b1_retry1_b_e1_b32_s0_gpu1,_remote_backups/4090_20260618/runs_public/ogsod/hbb/formal_nomosaic_20260528/ladd/yolo11m/cap2/ladd_hbb_ogsod11m_formal_nomosaic_yolo11m_cap2_s0_diag_capkd_m_s0_a2probe_b1_retry1_b_e1_b32_s0_gpu1,ladd4090,ladd
c8b7305a86a08032563f0cb0712cff6da37d35a3,ladd_hbb_ogsod11m_formal_nomosaic_yolo11m_cap2_s0_diag_capkd_m_s0_a2probe_b1_retry1_b_e1_b32_s0_gpu1,_remote_backups/4090_20260618/runs_public/ogsod/hbb/formal_nomosaic_20260528/ladd/yolo11m/cap2/ladd_hbb_ogsod11m_formal_nomosaic_yolo11m_cap2_s0_diag_capkd_m_s0_a2probe_b1_retry1_b_e1_b32_s0_gpu1,ladd_hbb_ogsod11m_formal_nomosaic_yolo11m_cap2_s0_diag_capkd_m_s0_a2probe_b1_retry1_b_e1_b32_s0_gpu1,ladd/results/archive_legacy_ladd_20260618/ladd4090_shutdown_sync_20260614/evidence_raw/ladd4090/repo_root_snapshot/runs_public/ogsod/hbb/formal_nomosaic_20260528/ladd/yolo11m/cap2/ladd_hbb_ogsod11m_formal_nomosaic_yolo11m_cap2_s0_diag_capkd_m_s0_a2probe_b1_retry1_b_e1_b32_s0_gpu1,ladd4090,ladd
c8b7305a86a08032563f0cb0712cff6da37d35a3,ladd_hbb_ogsod11m_formal_nomosaic_yolo11m_cap2_s0_diag_capkd_m_s0_a2probe_b1_retry1_b_e1_b32_s0_gpu1,_remote_backups/4090_20260618/runs_public/ogsod/hbb/formal_nomosaic_20260528/ladd/yolo11m/cap2/ladd_hbb_ogsod11m_formal_nomosaic_yolo11m_cap2_s0_diag_capkd_m_s0_a2probe_b1_retry1_b_e1_b32_s0_gpu1,ladd_hbb_ogsod11m_formal_nomosaic_yolo11m_cap2_s0_diag_capkd_m_s0_a2probe_b1_retry1_b_e1_b32_s0_gpu1,ladd/results/archive_legacy_ladd_20260618/ladd_curve_analysis_20260612/source/runs_public_ladd/yolo11m/cap2/ladd_hbb_ogsod11m_formal_nomosaic_yolo11m_cap2_s0_diag_capkd_m_s0_a2probe_b1_retry1_b_e1_b32_s0_gpu1,ladd4090,ladd
d53612bc3ab2af62d8849d98a252814f6ee16f92,ladd_hbb_ogsod11m_formal_nomosaic_yolo11m_cap2_s0_fix_m_s0_a2lr3e4_short4_b1_autodl_retry1_a1_e10_b32_s0_gpu0,remote_backups/autodl_20260614_critical/formal_nomosaic_20260528/ladd/yolo11m/cap2/ladd_hbb_ogsod11m_formal_nomosaic_yolo11m_cap2_s0_fix_m_s0_a2lr3e4_short4_b1_autodl_retry1_a1_e10_b32_s0_gpu0,ladd_hbb_ogsod11m_formal_nomosaic_yolo11m_cap2_s0_fix_m_s0_a2lr3e4_short4_b1_autodl_retry1_a1_e10_b32_s0_gpu0,ladd/results/archive_legacy_ladd_20260618/autodl_shutdown_sync_20260614/evidence_raw/autodl/runs_public/ogsod/hbb/formal_nomosaic_20260528/ladd/yolo11m/cap2/ladd_hbb_ogsod11m_formal_nomosaic_yolo11m_cap2_s0_fix_m_s0_a2lr3e4_short4_b1_autodl_retry1_a1_e10_b32_s0_gpu0,autodl,ladd
d53612bc3ab2af62d8849d98a252814f6ee16f92,ladd_hbb_ogsod11m_formal_nomosaic_yolo11m_cap2_s0_fix_m_s0_a2lr3e4_short4_b1_autodl_retry1_a1_e10_b32_s0_gpu0,remote_backups/autodl_20260614_critical/formal_nomosaic_20260528/ladd/yolo11m/cap2/ladd_hbb_ogsod11m_formal_nomosaic_yolo11m_cap2_s0_fix_m_s0_a2lr3e4_short4_b1_autodl_retry1_a1_e10_b32_s0_gpu0,ladd_hbb_ogsod11m_formal_nomosaic_yolo11m_cap2_s0_fix_m_s0_a2lr3e4_short4_b1_autodl_retry1_a1_e10_b32_s0_gpu0,ladd/results/archive_legacy_ladd_20260618/repair_experiments_20260613/evidence/autodl/runs/autodl_m_short4_duplicate/unknown/ladd_hbb_ogsod11m_formal_nomosaic_yolo11m_cap2_s0_fix_m_s0_a2lr3e4_short4_b1_autodl_retry1_a1_e10_b32_s0_gpu0,autodl,ladd
d53612bc3ab2af62d8849d98a252814f6ee16f92,ladd_hbb_ogsod11m_formal_nomosaic_yolo11m_cap2_s0_fix_m_s0_a2lr3e4_short4_b1_autodl_retry1_a1_e10_b32_s0_gpu0,remote_backups/autodl_20260614_critical/formal_nomosaic_20260528/ladd/yolo11m/cap2/ladd_hbb_ogsod11m_formal_nomosaic_yolo11m_cap2_s0_fix_m_s0_a2lr3e4_short4_b1_autodl_retry1_a1_e10_b32_s0_gpu0,ladd_hbb_ogsod11m_formal_nomosaic_yolo11m_cap2_s0_fix_m_s0_a2lr3e4_short4_b1_autodl_retry1_a1_e10_b32_s0_gpu0,remote_backups/autodl_20260614_critical/formal_nomosaic_20260528/ladd/yolo11m/cap2/ladd_hbb_ogsod11m_formal_nomosaic_yolo11m_cap2_s0_fix_m_s0_a2lr3e4_short4_b1_autodl_retry1_a1_e10_b32_s0_gpu0,autodl,ladd
d5dc9ae51c2a5f4137f23449c13b0b0da361861f,ladd_hbb_ogsod11s_formal_nomosaic_yolo11s_cap2_s0_fix_s_s0_a2lr3e4_short13_bweakKD0p1_b120_b32retry2_a1_e10_b32_s0_gpu0,_remote_backups/4090_20260618/runs_public/ogsod/hbb/formal_nomosaic_20260528/ladd/yolo11s/cap2/ladd_hbb_ogsod11s_formal_nomosaic_yolo11s_cap2_s0_fix_s_s0_a2lr3e4_short13_bweakKD0p1_b120_b32retry2_a1_e10_b32_s0_gpu0,ladd_hbb_ogsod11s_formal_nomosaic_yolo11s_cap2_s0_fix_s_s0_a2lr3e4_short13_bweakKD0p1_b120_b32retry2_a1_e10_b32_s0_gpu0,_remote_backups/4090_20260618/runs_public/ogsod/hbb/formal_nomosaic_20260528/ladd/yolo11s/cap2/ladd_hbb_ogsod11s_formal_nomosaic_yolo11s_cap2_s0_fix_s_s0_a2lr3e4_short13_bweakKD0p1_b120_b32retry2_a1_e10_b32_s0_gpu0,ladd4090,ladd
d5dc9ae51c2a5f4137f23449c13b0b0da361861f,ladd_hbb_ogsod11s_formal_nomosaic_yolo11s_cap2_s0_fix_s_s0_a2lr3e4_short13_bweakKD0p1_b120_b32retry2_a1_e10_b32_s0_gpu0,_remote_backups/4090_20260618/runs_public/ogsod/hbb/formal_nomosaic_20260528/ladd/yolo11s/cap2/ladd_hbb_ogsod11s_formal_nomosaic_yolo11s_cap2_s0_fix_s_s0_a2lr3e4_short13_bweakKD0p1_b120_b32retry2_a1_e10_b32_s0_gpu0,ladd_hbb_ogsod11s_formal_nomosaic_yolo11s_cap2_s0_fix_s_s0_a2lr3e4_short13_bweakKD0p1_b120_b32retry2_a1_e10_b32_s0_gpu0,ladd/results/archive_legacy_ladd_20260618/ladd4090_shutdown_sync_20260614/evidence_raw/ladd4090/repo_root_snapshot/runs_public/ogsod/hbb/formal_nomosaic_20260528/ladd/yolo11s/cap2/ladd_hbb_ogsod11s_formal_nomosaic_yolo11s_cap2_s0_fix_s_s0_a2lr3e4_short13_bweakKD0p1_b120_b32retry2_a1_e10_b32_s0_gpu0,ladd4090,ladd
d5dc9ae51c2a5f4137f23449c13b0b0da361861f,ladd_hbb_ogsod11s_formal_nomosaic_yolo11s_cap2_s0_fix_s_s0_a2lr3e4_short13_bweakKD0p1_b120_b32retry2_a1_e10_b32_s0_gpu0,_remote_backups/4090_20260618/runs_public/ogsod/hbb/formal_nomosaic_20260528/ladd/yolo11s/cap2/ladd_hbb_ogsod11s_formal_nomosaic_yolo11s_cap2_s0_fix_s_s0_a2lr3e4_short13_bweakKD0p1_b120_b32retry2_a1_e10_b32_s0_gpu0,ladd_hbb_ogsod11s_formal_nomosaic_yolo11s_cap2_s0_fix_s_s0_a2lr3e4_short13_bweakKD0p1_b120_b32retry2_a1_e10_b32_s0_gpu0,ladd/results/archive_legacy_ladd_20260618/repair_experiments_20260613/evidence/main_4090/runs/s_weakkd0p1_b120_b32retry2/unknown/ladd_hbb_ogsod11s_formal_nomosaic_yolo11s_cap2_s0_fix_s_s0_a2lr3e4_short13_bweakKD0p1_b120_b32retry2_a1_e10_b32_s0_gpu0,ladd4090,ladd
dbe872f4fe7d679535f7b135a4e9e3f7a6701971,ladd_hbb_ogsod11s_formal_nomosaic_yolo11s_cap2_s0_fix_s_s0_a2lr3e4_short13_bweakKD0p1_b120_a1_e10_b64_s0_gpu0,_remote_backups/4090_20260618/runs_public/ogsod/hbb/formal_nomosaic_20260528/ladd/yolo11s/cap2/ladd_hbb_ogsod11s_formal_nomosaic_yolo11s_cap2_s0_fix_s_s0_a2lr3e4_short13_bweakKD0p1_b120_a1_e10_b64_s0_gpu0,ladd_hbb_ogsod11s_formal_nomosaic_yolo11s_cap2_s0_fix_s_s0_a2lr3e4_short13_bweakKD0p1_b120_a1_e10_b64_s0_gpu0,_remote_backups/4090_20260618/runs_public/ogsod/hbb/formal_nomosaic_20260528/ladd/yolo11s/cap2/ladd_hbb_ogsod11s_formal_nomosaic_yolo11s_cap2_s0_fix_s_s0_a2lr3e4_short13_bweakKD0p1_b120_a1_e10_b64_s0_gpu0,ladd4090,ladd
dbe872f4fe7d679535f7b135a4e9e3f7a6701971,ladd_hbb_ogsod11s_formal_nomosaic_yolo11s_cap2_s0_fix_s_s0_a2lr3e4_short13_bweakKD0p1_b120_a1_e10_b64_s0_gpu0,_remote_backups/4090_20260618/runs_public/ogsod/hbb/formal_nomosaic_20260528/ladd/yolo11s/cap2/ladd_hbb_ogsod11s_formal_nomosaic_yolo11s_cap2_s0_fix_s_s0_a2lr3e4_short13_bweakKD0p1_b120_a1_e10_b64_s0_gpu0,ladd_hbb_ogsod11s_formal_nomosaic_yolo11s_cap2_s0_fix_s_s0_a2lr3e4_short13_bweakKD0p1_b120_a1_e10_b64_s0_gpu0,ladd/results/archive_legacy_ladd_20260618/ladd4090_shutdown_sync_20260614/evidence_raw/ladd4090/repo_root_snapshot/runs_public/ogsod/hbb/formal_nomosaic_20260528/ladd/yolo11s/cap2/ladd_hbb_ogsod11s_formal_nomosaic_yolo11s_cap2_s0_fix_s_s0_a2lr3e4_short13_bweakKD0p1_b120_a1_e10_b64_s0_gpu0,ladd4090,ladd
dbe872f4fe7d679535f7b135a4e9e3f7a6701971,ladd_hbb_ogsod11s_formal_nomosaic_yolo11s_cap2_s0_fix_s_s0_a2lr3e4_short13_bweakKD0p1_b120_a1_e10_b64_s0_gpu0,_remote_backups/4090_20260618/runs_public/ogsod/hbb/formal_nomosaic_20260528/ladd/yolo11s/cap2/ladd_hbb_ogsod11s_formal_nomosaic_yolo11s_cap2_s0_fix_s_s0_a2lr3e4_short13_bweakKD0p1_b120_a1_e10_b64_s0_gpu0,ladd_hbb_ogsod11s_formal_nomosaic_yolo11s_cap2_s0_fix_s_s0_a2lr3e4_short13_bweakKD0p1_b120_a1_e10_b64_s0_gpu0,ladd/results/archive_legacy_ladd_20260618/ladd_curve_analysis_20260612/source/runs_public_ladd/yolo11s/cap2/ladd_hbb_ogsod11s_formal_nomosaic_yolo11s_cap2_s0_fix_s_s0_a2lr3e4_short13_bweakKD0p1_b120_a1_e10_b64_s0_gpu0,ladd4090,ladd
e98902d63a6f002c64caeab745a6d53a83c0631e,hallucidet_yolo11s_s0_800ep_img256_b16_dual4090_20260613,_remote_backups/4090_20260618/runs_public/ogsod/hbb/formal_nomosaic_20260528/comparisons/hallucidet_standalone/yolo11s/hallucidet_yolo11s_s0_800ep_img256_b16_dual4090_20260613,hallucidet_yolo11s_s0_800ep_img256_b16_dual4090_20260613,_remote_backups/4090_20260618/runs_public/ogsod/hbb/formal_nomosaic_20260528/comparisons/hallucidet_standalone/yolo11s/hallucidet_yolo11s_s0_800ep_img256_b16_dual4090_20260613,unknown,comparison
e98902d63a6f002c64caeab745a6d53a83c0631e,hallucidet_yolo11s_s0_800ep_img256_b16_dual4090_20260613,_remote_backups/4090_20260618/runs_public/ogsod/hbb/formal_nomosaic_20260528/comparisons/hallucidet_standalone/yolo11s/hallucidet_yolo11s_s0_800ep_img256_b16_dual4090_20260613,hallucidet_yolo11s_s0_800ep_img256_b16_dual4090_20260613,comparison/results_shutdown_sync_20260614/evidence_raw/ladd4090/runs_public/ogsod/hbb/formal_nomosaic_20260528/comparisons/hallucidet_standalone/yolo11s/hallucidet_yolo11s_s0_800ep_img256_b16_dual4090_20260613,ladd4090,comparison
e98902d63a6f002c64caeab745a6d53a83c0631e,hallucidet_yolo11s_s0_800ep_img256_b16_dual4090_20260613,_remote_backups/4090_20260618/runs_public/ogsod/hbb/formal_nomosaic_20260528/comparisons/hallucidet_standalone/yolo11s/hallucidet_yolo11s_s0_800ep_img256_b16_dual4090_20260613,hallucidet_yolo11s_s0_800ep_img256_b16_dual4090_20260613,ladd/results/archive_legacy_ladd_20260618/ladd4090_shutdown_sync_20260614/evidence_raw/ladd4090/repo_root_snapshot/runs_public/ogsod/hbb/formal_nomosaic_20260528/comparisons/hallucidet_standalone/yolo11s/hallucidet_yolo11s_s0_800ep_img256_b16_dual4090_20260613,ladd4090,comparison
ee45d2787ca5ecb49451fe5be88eafae3d2bc943,ladd_hbb_ogsod11s_formal_nomosaic_yolo11s_cap2_s0_diag_a2select_s_s0_a2lr3e4_short13_bdetonly200_b_e200_b64_s0_gpu0,_remote_backups/4090_20260618/runs_public/ogsod/hbb/formal_nomosaic_20260528/ladd/yolo11s/cap2/ladd_hbb_ogsod11s_formal_nomosaic_yolo11s_cap2_s0_diag_a2select_s_s0_a2lr3e4_short13_bdetonly200_b_e200_b64_s0_gpu0,ladd_hbb_ogsod11s_formal_nomosaic_yolo11s_cap2_s0_diag_a2select_s_s0_a2lr3e4_short13_bdetonly200_b_e200_b64_s0_gpu0,_remote_backups/4090_20260618/runs_public/ogsod/hbb/formal_nomosaic_20260528/ladd/yolo11s/cap2/ladd_hbb_ogsod11s_formal_nomosaic_yolo11s_cap2_s0_diag_a2select_s_s0_a2lr3e4_short13_bdetonly200_b_e200_b64_s0_gpu0,ladd4090,ladd
ee45d2787ca5ecb49451fe5be88eafae3d2bc943,ladd_hbb_ogsod11s_formal_nomosaic_yolo11s_cap2_s0_diag_a2select_s_s0_a2lr3e4_short13_bdetonly200_b_e200_b64_s0_gpu0,_remote_backups/4090_20260618/runs_public/ogsod/hbb/formal_nomosaic_20260528/ladd/yolo11s/cap2/ladd_hbb_ogsod11s_formal_nomosaic_yolo11s_cap2_s0_diag_a2select_s_s0_a2lr3e4_short13_bdetonly200_b_e200_b64_s0_gpu0,ladd_hbb_ogsod11s_formal_nomosaic_yolo11s_cap2_s0_diag_a2select_s_s0_a2lr3e4_short13_bdetonly200_b_e200_b64_s0_gpu0,ladd/results/archive_legacy_ladd_20260618/ladd4090_shutdown_sync_20260614/evidence_raw/ladd4090/repo_root_snapshot/runs_public/ogsod/hbb/formal_nomosaic_20260528/ladd/yolo11s/cap2/ladd_hbb_ogsod11s_formal_nomosaic_yolo11s_cap2_s0_diag_a2select_s_s0_a2lr3e4_short13_bdetonly200_b_e200_b64_s0_gpu0,ladd4090,ladd
ee45d2787ca5ecb49451fe5be88eafae3d2bc943,ladd_hbb_ogsod11s_formal_nomosaic_yolo11s_cap2_s0_diag_a2select_s_s0_a2lr3e4_short13_bdetonly200_b_e200_b64_s0_gpu0,_remote_backups/4090_20260618/runs_public/ogsod/hbb/formal_nomosaic_20260528/ladd/yolo11s/cap2/ladd_hbb_ogsod11s_formal_nomosaic_yolo11s_cap2_s0_diag_a2select_s_s0_a2lr3e4_short13_bdetonly200_b_e200_b64_s0_gpu0,ladd_hbb_ogsod11s_formal_nomosaic_yolo11s_cap2_s0_diag_a2select_s_s0_a2lr3e4_short13_bdetonly200_b_e200_b64_s0_gpu0,ladd/results/archive_legacy_ladd_20260618/ladd_curve_analysis_20260612/source/runs_public_ladd/yolo11s/cap2/ladd_hbb_ogsod11s_formal_nomosaic_yolo11s_cap2_s0_diag_a2select_s_s0_a2lr3e4_short13_bdetonly200_b_e200_b64_s0_gpu0,ladd4090,ladd
f31851298701ce7fc3866a29b1ab52a706f13fea,cclkd_n_400,docs/experiments/archive_legacy_ladd_20260618/a1a2b_and_bstage/ladd_h1_diag_20260610_artifacts/cclkd_n_400,online_cclkd_hbb_ogsod11n_from_yolo_formal_nomosaic_yolo11n_cclkd_paper_lld_fld_rld_paper_pair_box_distribution_paper_instance_s0_e400_b64_s0_gpu0,_remote_backups/4090_20260618/runs_public/ogsod/hbb/formal_nomosaic_20260528/comparisons/online_cclkd/yolo11n/paper_ablation/online_cclkd_hbb_ogsod11n_from_yolo_formal_nomosaic_yolo11n_cclkd_paper_lld_fld_rld_paper_pair_box_distribution_paper_instance_s0_e400_b64_s0_gpu0,ladd4090,cclkd_yolo11_or_diag
f31851298701ce7fc3866a29b1ab52a706f13fea,cclkd_n_400,docs/experiments/archive_legacy_ladd_20260618/a1a2b_and_bstage/ladd_h1_diag_20260610_artifacts/cclkd_n_400,cclkd_n_400,docs/experiments/archive_legacy_ladd_20260618/a1a2b_and_bstage/ladd_h1_diag_20260610_artifacts/cclkd_n_400,ladd4090,cclkd_yolo11_or_diag
f31851298701ce7fc3866a29b1ab52a706f13fea,cclkd_n_400,docs/experiments/archive_legacy_ladd_20260618/a1a2b_and_bstage/ladd_h1_diag_20260610_artifacts/cclkd_n_400,online_cclkd_hbb_ogsod11n_from_yolo_formal_nomosaic_yolo11n_cclkd_paper_lld_fld_rld_paper_pair_box_distribution_paper_instance_s0_e400_b64_s0_gpu0,ladd/results/archive_legacy_ladd_20260618/ladd4090_shutdown_sync_20260614/evidence_raw/ladd4090/repo_root_snapshot/runs_public/ogsod/hbb/formal_nomosaic_20260528/comparisons/online_cclkd/yolo11n/paper_ablation/online_cclkd_hbb_ogsod11n_from_yolo_formal_nomosaic_yolo11n_cclkd_paper_lld_fld_rld_paper_pair_box_distribution_paper_instance_s0_e400_b64_s0_gpu0,ladd4090,cclkd_yolo11_or_diag
f8a104d36a93846738fb40abe282e23858325028,ladd_hbb_ogsod11n_formal_nomosaic_yolo11n_cap2_s0_bentrance_N3_base_a2last_decomp_b100_after67b_b_e100_b64_s0_gpu0,_remote_backups/4090_20260618/runs_public/ogsod/hbb/formal_nomosaic_20260528/ladd/yolo11n/cap2/ladd_hbb_ogsod11n_formal_nomosaic_yolo11n_cap2_s0_bentrance_N3_base_a2last_decomp_b100_after67b_b_e100_b64_s0_gpu0,ladd_hbb_ogsod11n_formal_nomosaic_yolo11n_cap2_s0_bentrance_N3_base_a2last_decomp_b100_after67b_b_e100_b64_s0_gpu0,_remote_backups/4090_20260618/runs_public/ogsod/hbb/formal_nomosaic_20260528/ladd/yolo11n/cap2/ladd_hbb_ogsod11n_formal_nomosaic_yolo11n_cap2_s0_bentrance_N3_base_a2last_decomp_b100_after67b_b_e100_b64_s0_gpu0,ladd4090,ladd
f8a104d36a93846738fb40abe282e23858325028,ladd_hbb_ogsod11n_formal_nomosaic_yolo11n_cap2_s0_bentrance_N3_base_a2last_decomp_b100_after67b_b_e100_b64_s0_gpu0,_remote_backups/4090_20260618/runs_public/ogsod/hbb/formal_nomosaic_20260528/ladd/yolo11n/cap2/ladd_hbb_ogsod11n_formal_nomosaic_yolo11n_cap2_s0_bentrance_N3_base_a2last_decomp_b100_after67b_b_e100_b64_s0_gpu0,run_files,ladd/results/archive_legacy_ladd_20260618/b_entrance_20260613/evidence/ladd4090/N3_base_a2last_decomp_b100/run_files,ladd4090,ladd
f8a104d36a93846738fb40abe282e23858325028,ladd_hbb_ogsod11n_formal_nomosaic_yolo11n_cap2_s0_bentrance_N3_base_a2last_decomp_b100_after67b_b_e100_b64_s0_gpu0,_remote_backups/4090_20260618/runs_public/ogsod/hbb/formal_nomosaic_20260528/ladd/yolo11n/cap2/ladd_hbb_ogsod11n_formal_nomosaic_yolo11n_cap2_s0_bentrance_N3_base_a2last_decomp_b100_after67b_b_e100_b64_s0_gpu0,ladd_hbb_ogsod11n_formal_nomosaic_yolo11n_cap2_s0_bentrance_N3_base_a2last_decomp_b100_after67b_b_e100_b64_s0_gpu0,ladd/results/archive_legacy_ladd_20260618/ladd4090_shutdown_sync_20260614/evidence_raw/ladd4090/repo_root_snapshot/runs_public/ogsod/hbb/formal_nomosaic_20260528/ladd/yolo11n/cap2/ladd_hbb_ogsod11n_formal_nomosaic_yolo11n_cap2_s0_bentrance_N3_base_a2last_decomp_b100_after67b_b_e100_b64_s0_gpu0,ladd4090,ladd
ff3e2600d83edb2e2f70aa653ce299542ee465aa,ladd_hbb_ogsod11s_formal_nomosaic_yolo11s_cap2_s0_bentrance_S2_a2best_continue_b100_after67b_retry2_b64_after_oom_b_e100_b64_s0_gpu1,_remote_backups/4090_20260618/runs_public/ogsod/hbb/formal_nomosaic_20260528/ladd/yolo11s/cap2/ladd_hbb_ogsod11s_formal_nomosaic_yolo11s_cap2_s0_bentrance_S2_a2best_continue_b100_after67b_retry2_b64_after_oom_b_e100_b64_s0_gpu1,ladd_hbb_ogsod11s_formal_nomosaic_yolo11s_cap2_s0_bentrance_S2_a2best_continue_b100_after67b_retry2_b64_after_oom_b_e100_b64_s0_gpu1,_remote_backups/4090_20260618/runs_public/ogsod/hbb/formal_nomosaic_20260528/ladd/yolo11s/cap2/ladd_hbb_ogsod11s_formal_nomosaic_yolo11s_cap2_s0_bentrance_S2_a2best_continue_b100_after67b_retry2_b64_after_oom_b_e100_b64_s0_gpu1,ladd4090,ladd
ff3e2600d83edb2e2f70aa653ce299542ee465aa,ladd_hbb_ogsod11s_formal_nomosaic_yolo11s_cap2_s0_bentrance_S2_a2best_continue_b100_after67b_retry2_b64_after_oom_b_e100_b64_s0_gpu1,_remote_backups/4090_20260618/runs_public/ogsod/hbb/formal_nomosaic_20260528/ladd/yolo11s/cap2/ladd_hbb_ogsod11s_formal_nomosaic_yolo11s_cap2_s0_bentrance_S2_a2best_continue_b100_after67b_retry2_b64_after_oom_b_e100_b64_s0_gpu1,run_files,ladd/results/archive_legacy_ladd_20260618/b_entrance_20260613/evidence/ladd4090/S2_a2best_continue_b100_retry2_running/run_files,ladd4090,ladd
ff3e2600d83edb2e2f70aa653ce299542ee465aa,ladd_hbb_ogsod11s_formal_nomosaic_yolo11s_cap2_s0_bentrance_S2_a2best_continue_b100_after67b_retry2_b64_after_oom_b_e100_b64_s0_gpu1,_remote_backups/4090_20260618/runs_public/ogsod/hbb/formal_nomosaic_20260528/ladd/yolo11s/cap2/ladd_hbb_ogsod11s_formal_nomosaic_yolo11s_cap2_s0_bentrance_S2_a2best_continue_b100_after67b_retry2_b64_after_oom_b_e100_b64_s0_gpu1,ladd_hbb_ogsod11s_formal_nomosaic_yolo11s_cap2_s0_bentrance_S2_a2best_continue_b100_after67b_retry2_b64_after_oom_b_e100_b64_s0_gpu1,ladd/results/archive_legacy_ladd_20260618/ladd4090_shutdown_sync_20260614/evidence_raw/ladd4090/repo_root_snapshot/runs_public/ogsod/hbb/formal_nomosaic_20260528/ladd/yolo11s/cap2/ladd_hbb_ogsod11s_formal_nomosaic_yolo11s_cap2_s0_bentrance_S2_a2best_continue_b100_after67b_retry2_b64_after_oom_b_e100_b64_s0_gpu1,ladd4090,ladd
07e386f43ae42d9edd553c760b388b548bf478d1,ladd_hbb_ogsod11n_formal_nomosaic_yolo11n_cap2_s0_b800sched_N0_yoloinit_detonly_20260614_autodl_b_e800_b64_s0_gpu0,remote_backups/autodl_20260614_critical/formal_nomosaic_20260528/ladd/yolo11n/cap2/ladd_hbb_ogsod11n_formal_nomosaic_yolo11n_cap2_s0_b800sched_N0_yoloinit_detonly_20260614_autodl_b_e800_b64_s0_gpu0,ladd_hbb_ogsod11n_formal_nomosaic_yolo11n_cap2_s0_b800sched_N0_yoloinit_detonly_20260614_autodl_b_e800_b64_s0_gpu0,ladd/results/archive_legacy_ladd_20260618/autodl_shutdown_sync_20260614/evidence_raw/autodl/runs_public/ogsod/hbb/formal_nomosaic_20260528/ladd/yolo11n/cap2/ladd_hbb_ogsod11n_formal_nomosaic_yolo11n_cap2_s0_b800sched_N0_yoloinit_detonly_20260614_autodl_b_e800_b64_s0_gpu0,autodl,ladd
07e386f43ae42d9edd553c760b388b548bf478d1,ladd_hbb_ogsod11n_formal_nomosaic_yolo11n_cap2_s0_b800sched_N0_yoloinit_detonly_20260614_autodl_b_e800_b64_s0_gpu0,remote_backups/autodl_20260614_critical/formal_nomosaic_20260528/ladd/yolo11n/cap2/ladd_hbb_ogsod11n_formal_nomosaic_yolo11n_cap2_s0_b800sched_N0_yoloinit_detonly_20260614_autodl_b_e800_b64_s0_gpu0,ladd_hbb_ogsod11n_formal_nomosaic_yolo11n_cap2_s0_b800sched_N0_yoloinit_detonly_20260614_autodl_b_e800_b64_s0_gpu0,remote_backups/autodl_20260614_critical/formal_nomosaic_20260528/ladd/yolo11n/cap2/ladd_hbb_ogsod11n_formal_nomosaic_yolo11n_cap2_s0_b800sched_N0_yoloinit_detonly_20260614_autodl_b_e800_b64_s0_gpu0,autodl,ladd
099da0e05934504c7f225726ba32fe48d521d7d8,online_cclkd_hbb_ogsod11n_from_yolo_formal_nomosaic_yolo11n_cclkd_paper_full_s0_e400_b64_s0_gpu1,_remote_backups/4090_20260618/runs_public/ogsod/hbb/formal_nomosaic_20260528/comparisons/online_cclkd/yolo11n/paper_ablation/online_cclkd_hbb_ogsod11n_from_yolo_formal_nomosaic_yolo11n_cclkd_paper_full_s0_e400_b64_s0_gpu1,online_cclkd_hbb_ogsod11n_from_yolo_formal_nomosaic_yolo11n_cclkd_paper_full_s0_e400_b64_s0_gpu1,_remote_backups/4090_20260618/runs_public/ogsod/hbb/formal_nomosaic_20260528/comparisons/online_cclkd/yolo11n/paper_ablation/online_cclkd_hbb_ogsod11n_from_yolo_formal_nomosaic_yolo11n_cclkd_paper_full_s0_e400_b64_s0_gpu1,ladd4090,cclkd_yolo11_or_diag
099da0e05934504c7f225726ba32fe48d521d7d8,online_cclkd_hbb_ogsod11n_from_yolo_formal_nomosaic_yolo11n_cclkd_paper_full_s0_e400_b64_s0_gpu1,_remote_backups/4090_20260618/runs_public/ogsod/hbb/formal_nomosaic_20260528/comparisons/online_cclkd/yolo11n/paper_ablation/online_cclkd_hbb_ogsod11n_from_yolo_formal_nomosaic_yolo11n_cclkd_paper_full_s0_e400_b64_s0_gpu1,online_cclkd_hbb_ogsod11n_from_yolo_formal_nomosaic_yolo11n_cclkd_paper_full_s0_e400_b64_s0_gpu1,ladd/results/archive_legacy_ladd_20260618/ladd4090_shutdown_sync_20260614/evidence_raw/ladd4090/repo_root_snapshot/runs_public/ogsod/hbb/formal_nomosaic_20260528/comparisons/online_cclkd/yolo11n/paper_ablation/online_cclkd_hbb_ogsod11n_from_yolo_formal_nomosaic_yolo11n_cclkd_paper_full_s0_e400_b64_s0_gpu1,ladd4090,cclkd_yolo11_or_diag
0c4d0a41ccbb504c91cb65ce1b68167b2ca89385,ladd_hbb_ogsod11n_formal_nomosaic_yolo11n_cap2_s0_b800sched_N4_yoloinit_a2last_decomp_kdwarmup_20260614_cfgfix_b_e800_b64_s0_gpu1,_remote_backups/4090_20260618/runs_public/ogsod/hbb/formal_nomosaic_20260528/ladd/yolo11n/cap2/ladd_hbb_ogsod11n_formal_nomosaic_yolo11n_cap2_s0_b800sched_N4_yoloinit_a2last_decomp_kdwarmup_20260614_cfgfix_b_e800_b64_s0_gpu1,ladd_hbb_ogsod11n_formal_nomosaic_yolo11n_cap2_s0_b800sched_N4_yoloinit_a2last_decomp_kdwarmup_20260614_cfgfix_b_e800_b64_s0_gpu1,_remote_backups/4090_20260618/runs_public/ogsod/hbb/formal_nomosaic_20260528/ladd/yolo11n/cap2/ladd_hbb_ogsod11n_formal_nomosaic_yolo11n_cap2_s0_b800sched_N4_yoloinit_a2last_decomp_kdwarmup_20260614_cfgfix_b_e800_b64_s0_gpu1,ladd4090,ladd
0c4d0a41ccbb504c91cb65ce1b68167b2ca89385,ladd_hbb_ogsod11n_formal_nomosaic_yolo11n_cap2_s0_b800sched_N4_yoloinit_a2last_decomp_kdwarmup_20260614_cfgfix_b_e800_b64_s0_gpu1,_remote_backups/4090_20260618/runs_public/ogsod/hbb/formal_nomosaic_20260528/ladd/yolo11n/cap2/ladd_hbb_ogsod11n_formal_nomosaic_yolo11n_cap2_s0_b800sched_N4_yoloinit_a2last_decomp_kdwarmup_20260614_cfgfix_b_e800_b64_s0_gpu1,ladd_hbb_ogsod11n_formal_nomosaic_yolo11n_cap2_s0_b800sched_N4_yoloinit_a2last_decomp_kdwarmup_20260614_cfgfix_b_e800_b64_s0_gpu1,ladd/results/archive_legacy_ladd_20260618/ladd4090_shutdown_sync_20260614/evidence_raw/ladd4090/repo_root_snapshot/runs_public/ogsod/hbb/formal_nomosaic_20260528/ladd/yolo11n/cap2/ladd_hbb_ogsod11n_formal_nomosaic_yolo11n_cap2_s0_b800sched_N4_yoloinit_a2last_decomp_kdwarmup_20260614_cfgfix_b_e800_b64_s0_gpu1,ladd4090,ladd
15f45d10223897489ec98ddd67ea05d3efabae88,transfer_fgd_hbb_ogsod11s_formal_nomosaic_yolo11s_fgd_v2_20260610_transfer_s0_b_e800_b64_s0_gpu0,_remote_backups/4090_20260618/runs_public/ogsod/hbb/formal_nomosaic_20260528/comparisons/transferred_kd/yolo11s/fgd/transfer_fgd_hbb_ogsod11s_formal_nomosaic_yolo11s_fgd_v2_20260610_transfer_s0_b_e800_b64_s0_gpu0,transfer_fgd_hbb_ogsod11s_formal_nomosaic_yolo11s_fgd_v2_20260610_transfer_s0_b_e800_b64_s0_gpu0,_remote_backups/4090_20260618/runs_public/ogsod/hbb/formal_nomosaic_20260528/comparisons/transferred_kd/yolo11s/fgd/transfer_fgd_hbb_ogsod11s_formal_nomosaic_yolo11s_fgd_v2_20260610_transfer_s0_b_e800_b64_s0_gpu0,ladd4090,comparison
15f45d10223897489ec98ddd67ea05d3efabae88,transfer_fgd_hbb_ogsod11s_formal_nomosaic_yolo11s_fgd_v2_20260610_transfer_s0_b_e800_b64_s0_gpu0,_remote_backups/4090_20260618/runs_public/ogsod/hbb/formal_nomosaic_20260528/comparisons/transferred_kd/yolo11s/fgd/transfer_fgd_hbb_ogsod11s_formal_nomosaic_yolo11s_fgd_v2_20260610_transfer_s0_b_e800_b64_s0_gpu0,transfer_fgd_hbb_ogsod11s_formal_nomosaic_yolo11s_fgd_v2_20260610_transfer_s0_b_e800_b64_s0_gpu0,ladd/results/archive_legacy_ladd_20260618/ladd4090_shutdown_sync_20260614/evidence_raw/ladd4090/repo_root_snapshot/runs_public/ogsod/hbb/formal_nomosaic_20260528/comparisons/transferred_kd/yolo11s/fgd/transfer_fgd_hbb_ogsod11s_formal_nomosaic_yolo11s_fgd_v2_20260610_transfer_s0_b_e800_b64_s0_gpu0,ladd4090,comparison
17625703a73e11ad0d38436a7eaa5a09eae2bc09,ladd_hbb_ogsod11n_ladd800r2_legacy_s123_b_e800_b64_s123_gpu3,ladd/results/archive_legacy_ladd_20260618/converged_mainline_ladd_20260613/source/mosaic90/ladd_b_runs/ladd_hbb_ogsod11n_ladd800r2_legacy_s123_b_e800_b64_s123_gpu3,ladd_hbb_ogsod11n_ladd800r2_legacy_s123_b_e800_b64_s123_gpu3,docs/experiments/archive_legacy_ladd_20260618/legacy_mosaic_protocols/ladd_mosaic90_20260528_artifacts/ladd_b_runs/ladd_hbb_ogsod11n_ladd800r2_legacy_s123_b_e800_b64_s123_gpu3,ladd90,ladd
17625703a73e11ad0d38436a7eaa5a09eae2bc09,ladd_hbb_ogsod11n_ladd800r2_legacy_s123_b_e800_b64_s123_gpu3,ladd/results/archive_legacy_ladd_20260618/converged_mainline_ladd_20260613/source/mosaic90/ladd_b_runs/ladd_hbb_ogsod11n_ladd800r2_legacy_s123_b_e800_b64_s123_gpu3,ladd_hbb_ogsod11n_ladd800r2_legacy_s123_b_e800_b64_s123_gpu3,ladd/results/archive_legacy_ladd_20260618/converged_mainline_ladd_20260613/source/mosaic90/ladd_b_runs/ladd_hbb_ogsod11n_ladd800r2_legacy_s123_b_e800_b64_s123_gpu3,ladd90,ladd
17960354c334357e96f7d6fe283e55ea8a2f14f6,online_cclkd_hbb_ogsod11n_from_yolo_formal_nomosaic_yolo11n_cclkd_paper_lld_fld_s0_e400_b64_s0_gpu1,_remote_backups/4090_20260618/runs_public/ogsod/hbb/formal_nomosaic_20260528/comparisons/online_cclkd/yolo11n/paper_ablation/online_cclkd_hbb_ogsod11n_from_yolo_formal_nomosaic_yolo11n_cclkd_paper_lld_fld_s0_e400_b64_s0_gpu1,online_cclkd_hbb_ogsod11n_from_yolo_formal_nomosaic_yolo11n_cclkd_paper_lld_fld_s0_e400_b64_s0_gpu1,_remote_backups/4090_20260618/runs_public/ogsod/hbb/formal_nomosaic_20260528/comparisons/online_cclkd/yolo11n/paper_ablation/online_cclkd_hbb_ogsod11n_from_yolo_formal_nomosaic_yolo11n_cclkd_paper_lld_fld_s0_e400_b64_s0_gpu1,ladd4090,cclkd_yolo11_or_diag
17960354c334357e96f7d6fe283e55ea8a2f14f6,online_cclkd_hbb_ogsod11n_from_yolo_formal_nomosaic_yolo11n_cclkd_paper_lld_fld_s0_e400_b64_s0_gpu1,_remote_backups/4090_20260618/runs_public/ogsod/hbb/formal_nomosaic_20260528/comparisons/online_cclkd/yolo11n/paper_ablation/online_cclkd_hbb_ogsod11n_from_yolo_formal_nomosaic_yolo11n_cclkd_paper_lld_fld_s0_e400_b64_s0_gpu1,online_cclkd_hbb_ogsod11n_from_yolo_formal_nomosaic_yolo11n_cclkd_paper_lld_fld_s0_e400_b64_s0_gpu1,ladd/results/archive_legacy_ladd_20260618/ladd4090_shutdown_sync_20260614/evidence_raw/ladd4090/repo_root_snapshot/runs_public/ogsod/hbb/formal_nomosaic_20260528/comparisons/online_cclkd/yolo11n/paper_ablation/online_cclkd_hbb_ogsod11n_from_yolo_formal_nomosaic_yolo11n_cclkd_paper_lld_fld_s0_e400_b64_s0_gpu1,ladd4090,cclkd_yolo11_or_diag
1ac97f2eb87af1bfb2ea5aa217a9ac0f98fabeac,transfer_hallucidet_style_hbb_ogsod11n_from_yolo_formal_nomosaic_yolo11n_hallucidet_style_v2_20260612_hallucidet_from_yolo_clean_from_yolo_s0_b_e800_b64_s0_gpu1,_remote_backups/4090_20260618/runs_public/ogsod/hbb/formal_nomosaic_20260528/comparisons/from_yolo_pretrain/yolo11n/hallucidet_style/transfer_hallucidet_style_hbb_ogsod11n_from_yolo_formal_nomosaic_yolo11n_hallucidet_style_v2_20260612_hallucidet_from_yolo_clean_from_yolo_s0_b_e800_b64_s0_gpu1,transfer_hallucidet_style_hbb_ogsod11n_from_yolo_formal_nomosaic_yolo11n_hallucidet_style_v2_20260612_hallucidet_from_yolo_clean_from_yolo_s0_b_e800_b64_s0_gpu1,_remote_backups/4090_20260618/runs_public/ogsod/hbb/formal_nomosaic_20260528/comparisons/from_yolo_pretrain/yolo11n/hallucidet_style/transfer_hallucidet_style_hbb_ogsod11n_from_yolo_formal_nomosaic_yolo11n_hallucidet_style_v2_20260612_hallucidet_from_yolo_clean_from_yolo_s0_b_e800_b64_s0_gpu1,ladd4090,comparison
1ac97f2eb87af1bfb2ea5aa217a9ac0f98fabeac,transfer_hallucidet_style_hbb_ogsod11n_from_yolo_formal_nomosaic_yolo11n_hallucidet_style_v2_20260612_hallucidet_from_yolo_clean_from_yolo_s0_b_e800_b64_s0_gpu1,_remote_backups/4090_20260618/runs_public/ogsod/hbb/formal_nomosaic_20260528/comparisons/from_yolo_pretrain/yolo11n/hallucidet_style/transfer_hallucidet_style_hbb_ogsod11n_from_yolo_formal_nomosaic_yolo11n_hallucidet_style_v2_20260612_hallucidet_from_yolo_clean_from_yolo_s0_b_e800_b64_s0_gpu1,transfer_hallucidet_style_hbb_ogsod11n_from_yolo_formal_nomosaic_yolo11n_hallucidet_style_v2_20260612_hallucidet_from_yolo_clean_from_yolo_s0_b_e800_b64_s0_gpu1,ladd/results/archive_legacy_ladd_20260618/ladd4090_shutdown_sync_20260614/evidence_raw/ladd4090/repo_root_snapshot/runs_public/ogsod/hbb/formal_nomosaic_20260528/comparisons/from_yolo_pretrain/yolo11n/hallucidet_style/transfer_hallucidet_style_hbb_ogsod11n_from_yolo_formal_nomosaic_yolo11n_hallucidet_style_v2_20260612_hallucidet_from_yolo_clean_from_yolo_s0_b_e800_b64_s0_gpu1,ladd4090,comparison
1f42a72109e811fad45f36990f0607f1fb0e25be,sar_yolo11s_hbb_cclkd_paper_400ep_mosaic1_mixup01_b32_s42,_remote_backups/4090_20260618/runs_public/ogsod/hbb/cclkd_reproduction_baselines/sar/sar_yolo11s_hbb_cclkd_paper_400ep_mosaic1_mixup01_b32_s42,sar_yolo11s_hbb_cclkd_paper_400ep_mosaic1_mixup01_b32_s42,_remote_backups/4090_20260618/runs_public/ogsod/hbb/cclkd_reproduction_baselines/sar/sar_yolo11s_hbb_cclkd_paper_400ep_mosaic1_mixup01_b32_s42,ladd4090,cclkd_yolo11_or_diag
1f42a72109e811fad45f36990f0607f1fb0e25be,sar_yolo11s_hbb_cclkd_paper_400ep_mosaic1_mixup01_b32_s42,_remote_backups/4090_20260618/runs_public/ogsod/hbb/cclkd_reproduction_baselines/sar/sar_yolo11s_hbb_cclkd_paper_400ep_mosaic1_mixup01_b32_s42,sar_yolo11s_hbb_cclkd_paper_400ep_mosaic1_mixup01_b32_s42,cclkd_reproduction/diagnostics/20260607_protocol_gap/server_artifacts/dual4090/runs_public/ogsod/hbb/cclkd_reproduction_baselines/sar/sar_yolo11s_hbb_cclkd_paper_400ep_mosaic1_mixup01_b32_s42,dual4090_old,cclkd_yolo11_or_diag
1f6234bf50b77a3737245ec9da99b4a2cf929af2,online_cclkd_hbb_ogsod11n_from_yolo_formal_nomosaic_yolo11n_cclkd_paper_atkd_paper_pair_box_distribution_paper_instance_s0_e400_b64_s0_gpu1,_remote_backups/4090_20260618/runs_public/ogsod/hbb/formal_nomosaic_20260528/comparisons/online_cclkd/yolo11n/paper_ablation/online_cclkd_hbb_ogsod11n_from_yolo_formal_nomosaic_yolo11n_cclkd_paper_atkd_paper_pair_box_distribution_paper_instance_s0_e400_b64_s0_gpu1,online_cclkd_hbb_ogsod11n_from_yolo_formal_nomosaic_yolo11n_cclkd_paper_atkd_paper_pair_box_distribution_paper_instance_s0_e400_b64_s0_gpu1,_remote_backups/4090_20260618/runs_public/ogsod/hbb/formal_nomosaic_20260528/comparisons/online_cclkd/yolo11n/paper_ablation/online_cclkd_hbb_ogsod11n_from_yolo_formal_nomosaic_yolo11n_cclkd_paper_atkd_paper_pair_box_distribution_paper_instance_s0_e400_b64_s0_gpu1,ladd4090,cclkd_yolo11_or_diag
1f6234bf50b77a3737245ec9da99b4a2cf929af2,online_cclkd_hbb_ogsod11n_from_yolo_formal_nomosaic_yolo11n_cclkd_paper_atkd_paper_pair_box_distribution_paper_instance_s0_e400_b64_s0_gpu1,_remote_backups/4090_20260618/runs_public/ogsod/hbb/formal_nomosaic_20260528/comparisons/online_cclkd/yolo11n/paper_ablation/online_cclkd_hbb_ogsod11n_from_yolo_formal_nomosaic_yolo11n_cclkd_paper_atkd_paper_pair_box_distribution_paper_instance_s0_e400_b64_s0_gpu1,online_cclkd_hbb_ogsod11n_from_yolo_formal_nomosaic_yolo11n_cclkd_paper_atkd_paper_pair_box_distribution_paper_instance_s0_e400_b64_s0_gpu1,ladd/results/archive_legacy_ladd_20260618/ladd4090_shutdown_sync_20260614/evidence_raw/ladd4090/repo_root_snapshot/runs_public/ogsod/hbb/formal_nomosaic_20260528/comparisons/online_cclkd/yolo11n/paper_ablation/online_cclkd_hbb_ogsod11n_from_yolo_formal_nomosaic_yolo11n_cclkd_paper_atkd_paper_pair_box_distribution_paper_instance_s0_e400_b64_s0_gpu1,ladd4090,cclkd_yolo11_or_diag
1ff29f90c8dfc35488559b4cd1a79a9ed8c5cc43,transfer_ld_hbb_ogsod11n_formal_nomosaic_yolo11n_ld_v2_20260610_transfer_s0_b_e800_b64_s0_gpu1,_remote_backups/4090_20260618/runs_public/ogsod/hbb/formal_nomosaic_20260528/comparisons/transferred_kd/yolo11n/ld/transfer_ld_hbb_ogsod11n_formal_nomosaic_yolo11n_ld_v2_20260610_transfer_s0_b_e800_b64_s0_gpu1,transfer_ld_hbb_ogsod11n_formal_nomosaic_yolo11n_ld_v2_20260610_transfer_s0_b_e800_b64_s0_gpu1,_remote_backups/4090_20260618/runs_public/ogsod/hbb/formal_nomosaic_20260528/comparisons/transferred_kd/yolo11n/ld/transfer_ld_hbb_ogsod11n_formal_nomosaic_yolo11n_ld_v2_20260610_transfer_s0_b_e800_b64_s0_gpu1,ladd4090,comparison
1ff29f90c8dfc35488559b4cd1a79a9ed8c5cc43,transfer_ld_hbb_ogsod11n_formal_nomosaic_yolo11n_ld_v2_20260610_transfer_s0_b_e800_b64_s0_gpu1,_remote_backups/4090_20260618/runs_public/ogsod/hbb/formal_nomosaic_20260528/comparisons/transferred_kd/yolo11n/ld/transfer_ld_hbb_ogsod11n_formal_nomosaic_yolo11n_ld_v2_20260610_transfer_s0_b_e800_b64_s0_gpu1,transfer_ld_hbb_ogsod11n_formal_nomosaic_yolo11n_ld_v2_20260610_transfer_s0_b_e800_b64_s0_gpu1,ladd/results/archive_legacy_ladd_20260618/ladd4090_shutdown_sync_20260614/evidence_raw/ladd4090/repo_root_snapshot/runs_public/ogsod/hbb/formal_nomosaic_20260528/comparisons/transferred_kd/yolo11n/ld/transfer_ld_hbb_ogsod11n_formal_nomosaic_yolo11n_ld_v2_20260610_transfer_s0_b_e800_b64_s0_gpu1,ladd4090,comparison
24fd2b3650219ce8f0b03926b61cacb492583380,a1,docs/experiments/archive_legacy_ladd_20260618/a1a2b_and_bstage/autodl_ba2core_health_20260616/raw/current/a1,a1,docs/experiments/archive_legacy_ladd_20260618/a1a2b_and_bstage/autodl_ba2core_health_20260616/raw/current/a1,autodl,ladd
24fd2b3650219ce8f0b03926b61cacb492583380,a1,docs/experiments/archive_legacy_ladd_20260618/a1a2b_and_bstage/autodl_ba2core_health_20260616/raw/current/a1,autodl_n_a1,docs/experiments/archive_legacy_ladd_20260618/legacy_progress_snapshots/20260616_1416_active_runs/ladd_collapse_diagnosis/autodl_n_a1,autodl,ladd
25af3e9f43f4254a3fc5b372353ecc21342b3507,cclkd_paper_repro_yolo11s_s42_400ep_online,_remote_backups/4090_20260618/runs_public/ogsod/hbb/cclkd_reproduction/cclkd_paper_repro_yolo11s_s42_400ep_online,cclkd_paper_repro_yolo11s_s42_400ep_online,_remote_backups/4090_20260618/runs_public/ogsod/hbb/cclkd_reproduction/cclkd_paper_repro_yolo11s_s42_400ep_online,ladd4090,cclkd_yolo11_or_diag
25af3e9f43f4254a3fc5b372353ecc21342b3507,cclkd_paper_repro_yolo11s_s42_400ep_online,_remote_backups/4090_20260618/runs_public/ogsod/hbb/cclkd_reproduction/cclkd_paper_repro_yolo11s_s42_400ep_online,cclkd_paper_repro_yolo11s_s42_400ep_online,cclkd_reproduction/diagnostics/20260607_protocol_gap/server_artifacts/dual4090/runs_public/ogsod/hbb/cclkd_reproduction/cclkd_paper_repro_yolo11s_s42_400ep_online,dual4090_old,cclkd_yolo11_or_diag
26b4284f44fb1eac043d9fcc34faed0873bcd4ed,autodl_yolo11n_seed0_smoke_e1_frac001,remote_backups/autodl_20260614_critical/formal_nomosaic_20260528/comparisons/hallucidet_standalone_smoke/autodl_yolo11n_seed0_smoke_e1_frac001,autodl_yolo11n_seed0_smoke_e1_frac001,comparison/results_shutdown_sync_20260614/evidence_raw/autodl/runs_public/ogsod/hbb/formal_nomosaic_20260528/comparisons/hallucidet_standalone_smoke/autodl_yolo11n_seed0_smoke_e1_frac001,autodl,comparison
26b4284f44fb1eac043d9fcc34faed0873bcd4ed,autodl_yolo11n_seed0_smoke_e1_frac001,remote_backups/autodl_20260614_critical/formal_nomosaic_20260528/comparisons/hallucidet_standalone_smoke/autodl_yolo11n_seed0_smoke_e1_frac001,autodl_yolo11n_seed0_smoke_e1_frac001,remote_backups/autodl_20260614_critical/formal_nomosaic_20260528/comparisons/hallucidet_standalone_smoke/autodl_yolo11n_seed0_smoke_e1_frac001,autodl,comparison
2fe50e8b69de68dd84e7c79463a2b79f1bc8d76b,cclkd_paper_repro_yolo11n_s0_400ep_online,_remote_backups/4090_20260618/runs_public/ogsod/hbb/cclkd_reproduction/cclkd_paper_repro_yolo11n_s0_400ep_online,cclkd_paper_repro_yolo11n_s0_400ep_online,_remote_backups/4090_20260618/runs_public/ogsod/hbb/cclkd_reproduction/cclkd_paper_repro_yolo11n_s0_400ep_online,ladd4090,cclkd_yolo11_or_diag
2fe50e8b69de68dd84e7c79463a2b79f1bc8d76b,cclkd_paper_repro_yolo11n_s0_400ep_online,_remote_backups/4090_20260618/runs_public/ogsod/hbb/cclkd_reproduction/cclkd_paper_repro_yolo11n_s0_400ep_online,cclkd_paper_repro_yolo11n_s0_400ep_online,cclkd_reproduction/diagnostics/20260607_protocol_gap/server_artifacts/dual4090/runs_public/ogsod/hbb/cclkd_reproduction/cclkd_paper_repro_yolo11n_s0_400ep_online,dual4090_old,cclkd_yolo11_or_diag
304756e35570f91add431cc91918e15d8b7a60a9,ladd_hbb_ogsod11s_formal_nomosaic_yolo11s_cap2_s0_bentrance_S4_base_a2last_kdramp_b120_after67b_retry_strict_b64_b_e120_b64_s0_gpu0,_remote_backups/4090_20260618/runs_public/ogsod/hbb/formal_nomosaic_20260528/ladd/yolo11s/cap2/ladd_hbb_ogsod11s_formal_nomosaic_yolo11s_cap2_s0_bentrance_S4_base_a2last_kdramp_b120_after67b_retry_strict_b64_b_e120_b64_s0_gpu0,ladd_hbb_ogsod11s_formal_nomosaic_yolo11s_cap2_s0_bentrance_S4_base_a2last_kdramp_b120_after67b_retry_strict_b64_b_e120_b64_s0_gpu0,_remote_backups/4090_20260618/runs_public/ogsod/hbb/formal_nomosaic_20260528/ladd/yolo11s/cap2/ladd_hbb_ogsod11s_formal_nomosaic_yolo11s_cap2_s0_bentrance_S4_base_a2last_kdramp_b120_after67b_retry_strict_b64_b_e120_b64_s0_gpu0,ladd4090,ladd
304756e35570f91add431cc91918e15d8b7a60a9,ladd_hbb_ogsod11s_formal_nomosaic_yolo11s_cap2_s0_bentrance_S4_base_a2last_kdramp_b120_after67b_retry_strict_b64_b_e120_b64_s0_gpu0,_remote_backups/4090_20260618/runs_public/ogsod/hbb/formal_nomosaic_20260528/ladd/yolo11s/cap2/ladd_hbb_ogsod11s_formal_nomosaic_yolo11s_cap2_s0_bentrance_S4_base_a2last_kdramp_b120_after67b_retry_strict_b64_b_e120_b64_s0_gpu0,ladd_hbb_ogsod11s_formal_nomosaic_yolo11s_cap2_s0_bentrance_S4_base_a2last_kdramp_b120_after67b_retry_strict_b64_b_e120_b64_s0_gpu0,ladd/results/archive_legacy_ladd_20260618/ladd4090_shutdown_sync_20260614/evidence_raw/ladd4090/repo_root_snapshot/runs_public/ogsod/hbb/formal_nomosaic_20260528/ladd/yolo11s/cap2/ladd_hbb_ogsod11s_formal_nomosaic_yolo11s_cap2_s0_bentrance_S4_base_a2last_kdramp_b120_after67b_retry_strict_b64_b_e120_b64_s0_gpu0,ladd4090,ladd
309e4e30a48ae304fb5ac976ed098375d031fbe8,hallucidet_yolo11n_s0_800ep_img256_b8_autodl_20260613,remote_backups/autodl_20260614_critical/formal_nomosaic_20260528/comparisons/hallucidet_standalone/yolo11n/hallucidet_yolo11n_s0_800ep_img256_b8_autodl_20260613,hallucidet_yolo11n_s0_800ep_img256_b8_autodl_20260613,comparison/results_shutdown_sync_20260614/evidence_raw/autodl/runs_public/ogsod/hbb/formal_nomosaic_20260528/comparisons/hallucidet_standalone/yolo11n/hallucidet_yolo11n_s0_800ep_img256_b8_autodl_20260613,autodl,comparison
309e4e30a48ae304fb5ac976ed098375d031fbe8,hallucidet_yolo11n_s0_800ep_img256_b8_autodl_20260613,remote_backups/autodl_20260614_critical/formal_nomosaic_20260528/comparisons/hallucidet_standalone/yolo11n/hallucidet_yolo11n_s0_800ep_img256_b8_autodl_20260613,hallucidet_yolo11n_s0_800ep_img256_b8_autodl_20260613,remote_backups/autodl_20260614_critical/formal_nomosaic_20260528/comparisons/hallucidet_standalone/yolo11n/hallucidet_yolo11n_s0_800ep_img256_b8_autodl_20260613,autodl,comparison
35e395477f2afec2f0f47e8f2454f4d586a24213,cclkd_paper_repro_yolo11s_s0_400ep_online_fixed20260606,_remote_backups/4090_20260618/runs_public/ogsod/hbb/cclkd_reproduction_fixed20260606/cclkd_paper_repro_yolo11s_s0_400ep_online_fixed20260606,cclkd_paper_repro_yolo11s_s0_400ep_online_fixed20260606,_remote_backups/4090_20260618/runs_public/ogsod/hbb/cclkd_reproduction_fixed20260606/cclkd_paper_repro_yolo11s_s0_400ep_online_fixed20260606,ladd4090,cclkd_yolo11_or_diag
35e395477f2afec2f0f47e8f2454f4d586a24213,cclkd_paper_repro_yolo11s_s0_400ep_online_fixed20260606,_remote_backups/4090_20260618/runs_public/ogsod/hbb/cclkd_reproduction_fixed20260606/cclkd_paper_repro_yolo11s_s0_400ep_online_fixed20260606,cclkd_paper_repro_yolo11s_s0_400ep_online_fixed20260606,cclkd_reproduction/diagnostics/20260607_protocol_gap/server_artifacts/dual4090/runs_public/ogsod/hbb/cclkd_reproduction_fixed20260606/cclkd_paper_repro_yolo11s_s0_400ep_online_fixed20260606,dual4090_old,cclkd_yolo11_or_diag
38e4fe1f7a8fbfa74253d95431163b302287c35c,online_cclkd_hbb_ogsod11n_from_yolo_formal_nomosaic_yolo11n_cclkd_paper_atkd_s0_e400_b64_s0_gpu1,_remote_backups/4090_20260618/runs_public/ogsod/hbb/formal_nomosaic_20260528/comparisons/online_cclkd/yolo11n/paper_ablation/online_cclkd_hbb_ogsod11n_from_yolo_formal_nomosaic_yolo11n_cclkd_paper_atkd_s0_e400_b64_s0_gpu1,online_cclkd_hbb_ogsod11n_from_yolo_formal_nomosaic_yolo11n_cclkd_paper_atkd_s0_e400_b64_s0_gpu1,_remote_backups/4090_20260618/runs_public/ogsod/hbb/formal_nomosaic_20260528/comparisons/online_cclkd/yolo11n/paper_ablation/online_cclkd_hbb_ogsod11n_from_yolo_formal_nomosaic_yolo11n_cclkd_paper_atkd_s0_e400_b64_s0_gpu1,ladd4090,cclkd_yolo11_or_diag
38e4fe1f7a8fbfa74253d95431163b302287c35c,online_cclkd_hbb_ogsod11n_from_yolo_formal_nomosaic_yolo11n_cclkd_paper_atkd_s0_e400_b64_s0_gpu1,_remote_backups/4090_20260618/runs_public/ogsod/hbb/formal_nomosaic_20260528/comparisons/online_cclkd/yolo11n/paper_ablation/online_cclkd_hbb_ogsod11n_from_yolo_formal_nomosaic_yolo11n_cclkd_paper_atkd_s0_e400_b64_s0_gpu1,online_cclkd_hbb_ogsod11n_from_yolo_formal_nomosaic_yolo11n_cclkd_paper_atkd_s0_e400_b64_s0_gpu1,ladd/results/archive_legacy_ladd_20260618/ladd4090_shutdown_sync_20260614/evidence_raw/ladd4090/repo_root_snapshot/runs_public/ogsod/hbb/formal_nomosaic_20260528/comparisons/online_cclkd/yolo11n/paper_ablation/online_cclkd_hbb_ogsod11n_from_yolo_formal_nomosaic_yolo11n_cclkd_paper_atkd_s0_e400_b64_s0_gpu1,ladd4090,cclkd_yolo11_or_diag
3b553f8b8aaf43030ca4b661cce30426b15f3378,ladd_hbb_ogsod11n_formal_nomosaic_yolo11n_cap2_s0_bentrance_N2_a2last_continue_b100_after67b_b_e100_b64_s0_gpu1,_remote_backups/4090_20260618/runs_public/ogsod/hbb/formal_nomosaic_20260528/ladd/yolo11n/cap2/ladd_hbb_ogsod11n_formal_nomosaic_yolo11n_cap2_s0_bentrance_N2_a2last_continue_b100_after67b_b_e100_b64_s0_gpu1,ladd_hbb_ogsod11n_formal_nomosaic_yolo11n_cap2_s0_bentrance_N2_a2last_continue_b100_after67b_b_e100_b64_s0_gpu1,_remote_backups/4090_20260618/runs_public/ogsod/hbb/formal_nomosaic_20260528/ladd/yolo11n/cap2/ladd_hbb_ogsod11n_formal_nomosaic_yolo11n_cap2_s0_bentrance_N2_a2last_continue_b100_after67b_b_e100_b64_s0_gpu1,ladd4090,ladd
3b553f8b8aaf43030ca4b661cce30426b15f3378,ladd_hbb_ogsod11n_formal_nomosaic_yolo11n_cap2_s0_bentrance_N2_a2last_continue_b100_after67b_b_e100_b64_s0_gpu1,_remote_backups/4090_20260618/runs_public/ogsod/hbb/formal_nomosaic_20260528/ladd/yolo11n/cap2/ladd_hbb_ogsod11n_formal_nomosaic_yolo11n_cap2_s0_bentrance_N2_a2last_continue_b100_after67b_b_e100_b64_s0_gpu1,ladd_hbb_ogsod11n_formal_nomosaic_yolo11n_cap2_s0_bentrance_N2_a2last_continue_b100_after67b_b_e100_b64_s0_gpu1,ladd/results/archive_legacy_ladd_20260618/ladd4090_shutdown_sync_20260614/evidence_raw/ladd4090/repo_root_snapshot/runs_public/ogsod/hbb/formal_nomosaic_20260528/ladd/yolo11n/cap2/ladd_hbb_ogsod11n_formal_nomosaic_yolo11n_cap2_s0_bentrance_N2_a2last_continue_b100_after67b_b_e100_b64_s0_gpu1,ladd4090,ladd
42f498e9e23fcd9f7b7c14bde3a6718d16960864,ladd_hbb_ogsod11n_ladd800r2_legacy_s0_b_e800_b64_s0_gpu2,ladd/results/archive_legacy_ladd_20260618/converged_mainline_ladd_20260613/source/mosaic90/ladd_b_runs/ladd_hbb_ogsod11n_ladd800r2_legacy_s0_b_e800_b64_s0_gpu2,ladd_hbb_ogsod11n_ladd800r2_legacy_s0_b_e800_b64_s0_gpu2,docs/experiments/archive_legacy_ladd_20260618/legacy_mosaic_protocols/ladd_mosaic90_20260528_artifacts/ladd_b_runs/ladd_hbb_ogsod11n_ladd800r2_legacy_s0_b_e800_b64_s0_gpu2,ladd90,ladd
42f498e9e23fcd9f7b7c14bde3a6718d16960864,ladd_hbb_ogsod11n_ladd800r2_legacy_s0_b_e800_b64_s0_gpu2,ladd/results/archive_legacy_ladd_20260618/converged_mainline_ladd_20260613/source/mosaic90/ladd_b_runs/ladd_hbb_ogsod11n_ladd800r2_legacy_s0_b_e800_b64_s0_gpu2,ladd_hbb_ogsod11n_ladd800r2_legacy_s0_b_e800_b64_s0_gpu2,ladd/results/archive_legacy_ladd_20260618/converged_mainline_ladd_20260613/source/mosaic90/ladd_b_runs/ladd_hbb_ogsod11n_ladd800r2_legacy_s0_b_e800_b64_s0_gpu2,ladd90,ladd
4f05bef8d9e15663e991dc350a051d3ddb65ec5b,online_cclkd_hbb_ogsod11n_from_yolo_formal_nomosaic_yolo11n_cclkd_online_from_yolo_s0_laddproto400_auto_sepclip_patmpos_cclanchor_lld_e400_b64_s0_gpu0,_remote_backups/4090_20260618/runs_public/ogsod/hbb/formal_nomosaic_20260528/comparisons/online_cclkd/yolo11n/cclkd_auto_sepclip_patmpos_cclanchor/online_cclkd_hbb_ogsod11n_from_yolo_formal_nomosaic_yolo11n_cclkd_online_from_yolo_s0_laddproto400_auto_sepclip_patmpos_cclanchor_lld_e400_b64_s0_gpu0,online_cclkd_hbb_ogsod11n_from_yolo_formal_nomosaic_yolo11n_cclkd_online_from_yolo_s0_laddproto400_auto_sepclip_patmpos_cclanchor_lld_e400_b64_s0_gpu0,_remote_backups/4090_20260618/runs_public/ogsod/hbb/formal_nomosaic_20260528/comparisons/online_cclkd/yolo11n/cclkd_auto_sepclip_patmpos_cclanchor/online_cclkd_hbb_ogsod11n_from_yolo_formal_nomosaic_yolo11n_cclkd_online_from_yolo_s0_laddproto400_auto_sepclip_patmpos_cclanchor_lld_e400_b64_s0_gpu0,ladd4090,cclkd_yolo11_or_diag
4f05bef8d9e15663e991dc350a051d3ddb65ec5b,online_cclkd_hbb_ogsod11n_from_yolo_formal_nomosaic_yolo11n_cclkd_online_from_yolo_s0_laddproto400_auto_sepclip_patmpos_cclanchor_lld_e400_b64_s0_gpu0,_remote_backups/4090_20260618/runs_public/ogsod/hbb/formal_nomosaic_20260528/comparisons/online_cclkd/yolo11n/cclkd_auto_sepclip_patmpos_cclanchor/online_cclkd_hbb_ogsod11n_from_yolo_formal_nomosaic_yolo11n_cclkd_online_from_yolo_s0_laddproto400_auto_sepclip_patmpos_cclanchor_lld_e400_b64_s0_gpu0,online_cclkd_hbb_ogsod11n_from_yolo_formal_nomosaic_yolo11n_cclkd_online_from_yolo_s0_laddproto400_auto_sepclip_patmpos_cclanchor_lld_e400_b64_s0_gpu0,ladd/results/archive_legacy_ladd_20260618/ladd4090_shutdown_sync_20260614/evidence_raw/ladd4090/repo_root_snapshot/runs_public/ogsod/hbb/formal_nomosaic_20260528/comparisons/online_cclkd/yolo11n/cclkd_auto_sepclip_patmpos_cclanchor/online_cclkd_hbb_ogsod11n_from_yolo_formal_nomosaic_yolo11n_cclkd_online_from_yolo_s0_laddproto400_auto_sepclip_patmpos_cclanchor_lld_e400_b64_s0_gpu0,ladd4090,cclkd_yolo11_or_diag
53342afcf7b5d3817c38795c184d6cc4e06f6907,ladd_hbb_ogsod11n_formal_nomosaic_yolo11n_cap2_s0_b800sched_N3_yoloinit_a2last_decomp_20260614_cfgfix_retry2_b_e800_b64_s0_gpu1,_remote_backups/4090_20260618/runs_public/ogsod/hbb/formal_nomosaic_20260528/ladd/yolo11n/cap2/ladd_hbb_ogsod11n_formal_nomosaic_yolo11n_cap2_s0_b800sched_N3_yoloinit_a2last_decomp_20260614_cfgfix_retry2_b_e800_b64_s0_gpu1,ladd_hbb_ogsod11n_formal_nomosaic_yolo11n_cap2_s0_b800sched_N3_yoloinit_a2last_decomp_20260614_cfgfix_retry2_b_e800_b64_s0_gpu1,_remote_backups/4090_20260618/runs_public/ogsod/hbb/formal_nomosaic_20260528/ladd/yolo11n/cap2/ladd_hbb_ogsod11n_formal_nomosaic_yolo11n_cap2_s0_b800sched_N3_yoloinit_a2last_decomp_20260614_cfgfix_retry2_b_e800_b64_s0_gpu1,ladd4090,ladd
53342afcf7b5d3817c38795c184d6cc4e06f6907,ladd_hbb_ogsod11n_formal_nomosaic_yolo11n_cap2_s0_b800sched_N3_yoloinit_a2last_decomp_20260614_cfgfix_retry2_b_e800_b64_s0_gpu1,_remote_backups/4090_20260618/runs_public/ogsod/hbb/formal_nomosaic_20260528/ladd/yolo11n/cap2/ladd_hbb_ogsod11n_formal_nomosaic_yolo11n_cap2_s0_b800sched_N3_yoloinit_a2last_decomp_20260614_cfgfix_retry2_b_e800_b64_s0_gpu1,ladd_hbb_ogsod11n_formal_nomosaic_yolo11n_cap2_s0_b800sched_N3_yoloinit_a2last_decomp_20260614_cfgfix_retry2_b_e800_b64_s0_gpu1,ladd/results/archive_legacy_ladd_20260618/ladd4090_shutdown_sync_20260614/evidence_raw/ladd4090/repo_root_snapshot/runs_public/ogsod/hbb/formal_nomosaic_20260528/ladd/yolo11n/cap2/ladd_hbb_ogsod11n_formal_nomosaic_yolo11n_cap2_s0_b800sched_N3_yoloinit_a2last_decomp_20260614_cfgfix_retry2_b_e800_b64_s0_gpu1,ladd4090,ladd
5d9cd35dd6a5c7a1f56c3668bac54f8f6cd6c2cf,ladd_hbb_ogsod11s_formal_nomosaic_yolo11s_cap2_s0_bentrance_S0_splitload_clean_smoke_b5_after62c2fda_b_e5_b16_s0_gpu1,_remote_backups/4090_20260618/runs_public/ogsod/hbb/formal_nomosaic_20260528/ladd/yolo11s/cap2/ladd_hbb_ogsod11s_formal_nomosaic_yolo11s_cap2_s0_bentrance_S0_splitload_clean_smoke_b5_after62c2fda_b_e5_b16_s0_gpu1,ladd_hbb_ogsod11s_formal_nomosaic_yolo11s_cap2_s0_bentrance_S0_splitload_clean_smoke_b5_after62c2fda_b_e5_b16_s0_gpu1,_remote_backups/4090_20260618/runs_public/ogsod/hbb/formal_nomosaic_20260528/ladd/yolo11s/cap2/ladd_hbb_ogsod11s_formal_nomosaic_yolo11s_cap2_s0_bentrance_S0_splitload_clean_smoke_b5_after62c2fda_b_e5_b16_s0_gpu1,ladd4090,ladd
5d9cd35dd6a5c7a1f56c3668bac54f8f6cd6c2cf,ladd_hbb_ogsod11s_formal_nomosaic_yolo11s_cap2_s0_bentrance_S0_splitload_clean_smoke_b5_after62c2fda_b_e5_b16_s0_gpu1,_remote_backups/4090_20260618/runs_public/ogsod/hbb/formal_nomosaic_20260528/ladd/yolo11s/cap2/ladd_hbb_ogsod11s_formal_nomosaic_yolo11s_cap2_s0_bentrance_S0_splitload_clean_smoke_b5_after62c2fda_b_e5_b16_s0_gpu1,ladd_hbb_ogsod11s_formal_nomosaic_yolo11s_cap2_s0_bentrance_S0_splitload_clean_smoke_b5_after62c2fda_b_e5_b16_s0_gpu1,ladd/results/archive_legacy_ladd_20260618/ladd4090_shutdown_sync_20260614/evidence_raw/ladd4090/repo_root_snapshot/runs_public/ogsod/hbb/formal_nomosaic_20260528/ladd/yolo11s/cap2/ladd_hbb_ogsod11s_formal_nomosaic_yolo11s_cap2_s0_bentrance_S0_splitload_clean_smoke_b5_after62c2fda_b_e5_b16_s0_gpu1,ladd4090,ladd
5f8a7dcf1d2329414f7a1ef2fbf119f15e293d66,online_cclkd_hbb_ogsod11n_from_yolo_formal_nomosaic_yolo11n_cclkd_paper_lld_fld_rld_s0_rldpatmfix_e400_b64_s0_gpu0,_remote_backups/4090_20260618/runs_public/ogsod/hbb/formal_nomosaic_20260528/comparisons/online_cclkd/yolo11n/paper_ablation/online_cclkd_hbb_ogsod11n_from_yolo_formal_nomosaic_yolo11n_cclkd_paper_lld_fld_rld_s0_rldpatmfix_e400_b64_s0_gpu0,online_cclkd_hbb_ogsod11n_from_yolo_formal_nomosaic_yolo11n_cclkd_paper_lld_fld_rld_s0_rldpatmfix_e400_b64_s0_gpu0,_remote_backups/4090_20260618/runs_public/ogsod/hbb/formal_nomosaic_20260528/comparisons/online_cclkd/yolo11n/paper_ablation/online_cclkd_hbb_ogsod11n_from_yolo_formal_nomosaic_yolo11n_cclkd_paper_lld_fld_rld_s0_rldpatmfix_e400_b64_s0_gpu0,ladd4090,cclkd_yolo11_or_diag
5f8a7dcf1d2329414f7a1ef2fbf119f15e293d66,online_cclkd_hbb_ogsod11n_from_yolo_formal_nomosaic_yolo11n_cclkd_paper_lld_fld_rld_s0_rldpatmfix_e400_b64_s0_gpu0,_remote_backups/4090_20260618/runs_public/ogsod/hbb/formal_nomosaic_20260528/comparisons/online_cclkd/yolo11n/paper_ablation/online_cclkd_hbb_ogsod11n_from_yolo_formal_nomosaic_yolo11n_cclkd_paper_lld_fld_rld_s0_rldpatmfix_e400_b64_s0_gpu0,online_cclkd_hbb_ogsod11n_from_yolo_formal_nomosaic_yolo11n_cclkd_paper_lld_fld_rld_s0_rldpatmfix_e400_b64_s0_gpu0,ladd/results/archive_legacy_ladd_20260618/ladd4090_shutdown_sync_20260614/evidence_raw/ladd4090/repo_root_snapshot/runs_public/ogsod/hbb/formal_nomosaic_20260528/comparisons/online_cclkd/yolo11n/paper_ablation/online_cclkd_hbb_ogsod11n_from_yolo_formal_nomosaic_yolo11n_cclkd_paper_lld_fld_rld_s0_rldpatmfix_e400_b64_s0_gpu0,ladd4090,cclkd_yolo11_or_diag
63a1530913be35fe1b080493c4796c566ef457da,cclkd_online_valfix_smoke_n_s0,_remote_backups/4090_20260618/runs_public/ogsod/hbb/cclkd_reproduction_smoke/cclkd_online_valfix_smoke_n_s0,cclkd_online_valfix_smoke_n_s0,_remote_backups/4090_20260618/runs_public/ogsod/hbb/cclkd_reproduction_smoke/cclkd_online_valfix_smoke_n_s0,ladd4090,cclkd_yolo11_or_diag
63a1530913be35fe1b080493c4796c566ef457da,cclkd_online_valfix_smoke_n_s0,_remote_backups/4090_20260618/runs_public/ogsod/hbb/cclkd_reproduction_smoke/cclkd_online_valfix_smoke_n_s0,cclkd_online_valfix_smoke_n_s0,cclkd_reproduction/diagnostics/20260607_protocol_gap/server_artifacts/dual4090/runs_public/ogsod/hbb/cclkd_reproduction_smoke/cclkd_online_valfix_smoke_n_s0,dual4090_old,cclkd_yolo11_or_diag
655f2e7bd3d61c719d454bc63b30f9dcc773e34e,sar_yolo11s_hbb_cclkd_paper_400ep_mosaic1_mixup01_b32_s123,_remote_backups/4090_20260618/runs_public/ogsod/hbb/cclkd_reproduction_baselines/sar/sar_yolo11s_hbb_cclkd_paper_400ep_mosaic1_mixup01_b32_s123,sar_yolo11s_hbb_cclkd_paper_400ep_mosaic1_mixup01_b32_s123,_remote_backups/4090_20260618/runs_public/ogsod/hbb/cclkd_reproduction_baselines/sar/sar_yolo11s_hbb_cclkd_paper_400ep_mosaic1_mixup01_b32_s123,ladd4090,cclkd_yolo11_or_diag
655f2e7bd3d61c719d454bc63b30f9dcc773e34e,sar_yolo11s_hbb_cclkd_paper_400ep_mosaic1_mixup01_b32_s123,_remote_backups/4090_20260618/runs_public/ogsod/hbb/cclkd_reproduction_baselines/sar/sar_yolo11s_hbb_cclkd_paper_400ep_mosaic1_mixup01_b32_s123,sar_yolo11s_hbb_cclkd_paper_400ep_mosaic1_mixup01_b32_s123,cclkd_reproduction/diagnostics/20260607_protocol_gap/server_artifacts/dual4090/runs_public/ogsod/hbb/cclkd_reproduction_baselines/sar/sar_yolo11s_hbb_cclkd_paper_400ep_mosaic1_mixup01_b32_s123,dual4090_old,cclkd_yolo11_or_diag
67afebe8332cf439aa8954978ad42782ad8c5373,transfer_hallucidet_style_hbb_ogsod11n_formal_nomosaic_yolo11n_hallucidet_style_v2_20260610_runtime_smoke_transfer_s0_b_e20_b64_s0_gpu1,_remote_backups/4090_20260618/runs_public/ogsod/hbb/formal_nomosaic_20260528/comparisons/transferred_kd/yolo11n/hallucidet_style/transfer_hallucidet_style_hbb_ogsod11n_formal_nomosaic_yolo11n_hallucidet_style_v2_20260610_runtime_smoke_transfer_s0_b_e20_b64_s0_gpu1,transfer_hallucidet_style_hbb_ogsod11n_formal_nomosaic_yolo11n_hallucidet_style_v2_20260610_runtime_smoke_transfer_s0_b_e20_b64_s0_gpu1,_remote_backups/4090_20260618/runs_public/ogsod/hbb/formal_nomosaic_20260528/comparisons/transferred_kd/yolo11n/hallucidet_style/transfer_hallucidet_style_hbb_ogsod11n_formal_nomosaic_yolo11n_hallucidet_style_v2_20260610_runtime_smoke_transfer_s0_b_e20_b64_s0_gpu1,ladd4090,comparison
67afebe8332cf439aa8954978ad42782ad8c5373,transfer_hallucidet_style_hbb_ogsod11n_formal_nomosaic_yolo11n_hallucidet_style_v2_20260610_runtime_smoke_transfer_s0_b_e20_b64_s0_gpu1,_remote_backups/4090_20260618/runs_public/ogsod/hbb/formal_nomosaic_20260528/comparisons/transferred_kd/yolo11n/hallucidet_style/transfer_hallucidet_style_hbb_ogsod11n_formal_nomosaic_yolo11n_hallucidet_style_v2_20260610_runtime_smoke_transfer_s0_b_e20_b64_s0_gpu1,transfer_hallucidet_style_hbb_ogsod11n_formal_nomosaic_yolo11n_hallucidet_style_v2_20260610_runtime_smoke_transfer_s0_b_e20_b64_s0_gpu1,ladd/results/archive_legacy_ladd_20260618/ladd4090_shutdown_sync_20260614/evidence_raw/ladd4090/repo_root_snapshot/runs_public/ogsod/hbb/formal_nomosaic_20260528/comparisons/transferred_kd/yolo11n/hallucidet_style/transfer_hallucidet_style_hbb_ogsod11n_formal_nomosaic_yolo11n_hallucidet_style_v2_20260610_runtime_smoke_transfer_s0_b_e20_b64_s0_gpu1,ladd4090,comparison
69024dcf71c526dc736f644e4f57c6b2ae180741,sar_yolo11n_hbb_cclkd_paper_400ep_mosaic1_mixup01_b32_s42,_remote_backups/4090_20260618/runs_public/ogsod/hbb/cclkd_reproduction_baselines/sar/sar_yolo11n_hbb_cclkd_paper_400ep_mosaic1_mixup01_b32_s42,sar_yolo11n_hbb_cclkd_paper_400ep_mosaic1_mixup01_b32_s42,_remote_backups/4090_20260618/runs_public/ogsod/hbb/cclkd_reproduction_baselines/sar/sar_yolo11n_hbb_cclkd_paper_400ep_mosaic1_mixup01_b32_s42,ladd4090,cclkd_yolo11_or_diag
69024dcf71c526dc736f644e4f57c6b2ae180741,sar_yolo11n_hbb_cclkd_paper_400ep_mosaic1_mixup01_b32_s42,_remote_backups/4090_20260618/runs_public/ogsod/hbb/cclkd_reproduction_baselines/sar/sar_yolo11n_hbb_cclkd_paper_400ep_mosaic1_mixup01_b32_s42,sar_yolo11n_hbb_cclkd_paper_400ep_mosaic1_mixup01_b32_s42,cclkd_reproduction/diagnostics/20260607_protocol_gap/server_artifacts/dual4090/runs_public/ogsod/hbb/cclkd_reproduction_baselines/sar/sar_yolo11n_hbb_cclkd_paper_400ep_mosaic1_mixup01_b32_s42,dual4090_old,cclkd_yolo11_or_diag
6a47bb0e0702327d57fe4c24dd4525d8bf6caae1,cclkd_ablation_yolo11n_lld_fld_rld_s42_400ep,_remote_backups/4090_20260618/runs_public/ogsod/hbb/cclkd_reproduction_ablation/yolo11n/cclkd_ablation_yolo11n_lld_fld_rld_s42_400ep,cclkd_ablation_yolo11n_lld_fld_rld_s42_400ep,_remote_backups/4090_20260618/runs_public/ogsod/hbb/cclkd_reproduction_ablation/yolo11n/cclkd_ablation_yolo11n_lld_fld_rld_s42_400ep,ladd4090,cclkd_yolo11_or_diag
6a47bb0e0702327d57fe4c24dd4525d8bf6caae1,cclkd_ablation_yolo11n_lld_fld_rld_s42_400ep,_remote_backups/4090_20260618/runs_public/ogsod/hbb/cclkd_reproduction_ablation/yolo11n/cclkd_ablation_yolo11n_lld_fld_rld_s42_400ep,cclkd_ablation_yolo11n_lld_fld_rld_s42_400ep,cclkd_reproduction/diagnostics/20260607_protocol_gap/server_artifacts/dual4090/runs_public/ogsod/hbb/cclkd_reproduction_ablation/yolo11n/cclkd_ablation_yolo11n_lld_fld_rld_s42_400ep,dual4090_old,cclkd_yolo11_or_diag
6cab5a3e3bcbbc06acd3762544b5c2d0c6ced8b5,transfer_fgd_hbb_ogsod11n_formal_nomosaic_yolo11n_fgd_v2_20260610_runtime_smoke_transfer_s0_b_e20_b64_s0_gpu1,_remote_backups/4090_20260618/runs_public/ogsod/hbb/formal_nomosaic_20260528/comparisons/transferred_kd/yolo11n/fgd/transfer_fgd_hbb_ogsod11n_formal_nomosaic_yolo11n_fgd_v2_20260610_runtime_smoke_transfer_s0_b_e20_b64_s0_gpu1,transfer_fgd_hbb_ogsod11n_formal_nomosaic_yolo11n_fgd_v2_20260610_runtime_smoke_transfer_s0_b_e20_b64_s0_gpu1,_remote_backups/4090_20260618/runs_public/ogsod/hbb/formal_nomosaic_20260528/comparisons/transferred_kd/yolo11n/fgd/transfer_fgd_hbb_ogsod11n_formal_nomosaic_yolo11n_fgd_v2_20260610_runtime_smoke_transfer_s0_b_e20_b64_s0_gpu1,ladd4090,comparison
6cab5a3e3bcbbc06acd3762544b5c2d0c6ced8b5,transfer_fgd_hbb_ogsod11n_formal_nomosaic_yolo11n_fgd_v2_20260610_runtime_smoke_transfer_s0_b_e20_b64_s0_gpu1,_remote_backups/4090_20260618/runs_public/ogsod/hbb/formal_nomosaic_20260528/comparisons/transferred_kd/yolo11n/fgd/transfer_fgd_hbb_ogsod11n_formal_nomosaic_yolo11n_fgd_v2_20260610_runtime_smoke_transfer_s0_b_e20_b64_s0_gpu1,transfer_fgd_hbb_ogsod11n_formal_nomosaic_yolo11n_fgd_v2_20260610_runtime_smoke_transfer_s0_b_e20_b64_s0_gpu1,ladd/results/archive_legacy_ladd_20260618/ladd4090_shutdown_sync_20260614/evidence_raw/ladd4090/repo_root_snapshot/runs_public/ogsod/hbb/formal_nomosaic_20260528/comparisons/transferred_kd/yolo11n/fgd/transfer_fgd_hbb_ogsod11n_formal_nomosaic_yolo11n_fgd_v2_20260610_runtime_smoke_transfer_s0_b_e20_b64_s0_gpu1,ladd4090,comparison
6e34533751b7258c4a3ec1e8e78590181643303c,cclkd_online_valfix_smoke_n_s0_e2,_remote_backups/4090_20260618/runs_public/ogsod/hbb/cclkd_reproduction_smoke/cclkd_online_valfix_smoke_n_s0_e2,cclkd_online_valfix_smoke_n_s0_e2,_remote_backups/4090_20260618/runs_public/ogsod/hbb/cclkd_reproduction_smoke/cclkd_online_valfix_smoke_n_s0_e2,ladd4090,cclkd_yolo11_or_diag
6e34533751b7258c4a3ec1e8e78590181643303c,cclkd_online_valfix_smoke_n_s0_e2,_remote_backups/4090_20260618/runs_public/ogsod/hbb/cclkd_reproduction_smoke/cclkd_online_valfix_smoke_n_s0_e2,cclkd_online_valfix_smoke_n_s0_e2,cclkd_reproduction/diagnostics/20260607_protocol_gap/server_artifacts/dual4090/runs_public/ogsod/hbb/cclkd_reproduction_smoke/cclkd_online_valfix_smoke_n_s0_e2,dual4090_old,cclkd_yolo11_or_diag
71d7d2ffe60ed58ad026f55403ced0bebab46788,cclkd_paper_repro_yolo11s_s123_400ep_online,_remote_backups/4090_20260618/runs_public/ogsod/hbb/cclkd_reproduction/cclkd_paper_repro_yolo11s_s123_400ep_online,cclkd_paper_repro_yolo11s_s123_400ep_online,_remote_backups/4090_20260618/runs_public/ogsod/hbb/cclkd_reproduction/cclkd_paper_repro_yolo11s_s123_400ep_online,ladd4090,cclkd_yolo11_or_diag
71d7d2ffe60ed58ad026f55403ced0bebab46788,cclkd_paper_repro_yolo11s_s123_400ep_online,_remote_backups/4090_20260618/runs_public/ogsod/hbb/cclkd_reproduction/cclkd_paper_repro_yolo11s_s123_400ep_online,cclkd_paper_repro_yolo11s_s123_400ep_online,cclkd_reproduction/diagnostics/20260607_protocol_gap/server_artifacts/dual4090/runs_public/ogsod/hbb/cclkd_reproduction/cclkd_paper_repro_yolo11s_s123_400ep_online,dual4090_old,cclkd_yolo11_or_diag
7291081c30cc34ec09d3e039091457803465a8e6,transfer_fgd_hbb_ogsod11n_from_yolo_formal_nomosaic_yolo11n_fgd_v2_20260612_fgd_original_low_from_yolo_smoke_s0_b_e20_b64_s0_gpu0,_remote_backups/4090_20260618/runs_public/ogsod/hbb/formal_nomosaic_20260528/comparisons/from_yolo_pretrain/yolo11n/fgd/transfer_fgd_hbb_ogsod11n_from_yolo_formal_nomosaic_yolo11n_fgd_v2_20260612_fgd_original_low_from_yolo_smoke_s0_b_e20_b64_s0_gpu0,transfer_fgd_hbb_ogsod11n_from_yolo_formal_nomosaic_yolo11n_fgd_v2_20260612_fgd_original_low_from_yolo_smoke_s0_b_e20_b64_s0_gpu0,_remote_backups/4090_20260618/runs_public/ogsod/hbb/formal_nomosaic_20260528/comparisons/from_yolo_pretrain/yolo11n/fgd/transfer_fgd_hbb_ogsod11n_from_yolo_formal_nomosaic_yolo11n_fgd_v2_20260612_fgd_original_low_from_yolo_smoke_s0_b_e20_b64_s0_gpu0,ladd4090,comparison
7291081c30cc34ec09d3e039091457803465a8e6,transfer_fgd_hbb_ogsod11n_from_yolo_formal_nomosaic_yolo11n_fgd_v2_20260612_fgd_original_low_from_yolo_smoke_s0_b_e20_b64_s0_gpu0,_remote_backups/4090_20260618/runs_public/ogsod/hbb/formal_nomosaic_20260528/comparisons/from_yolo_pretrain/yolo11n/fgd/transfer_fgd_hbb_ogsod11n_from_yolo_formal_nomosaic_yolo11n_fgd_v2_20260612_fgd_original_low_from_yolo_smoke_s0_b_e20_b64_s0_gpu0,transfer_fgd_hbb_ogsod11n_from_yolo_formal_nomosaic_yolo11n_fgd_v2_20260612_fgd_original_low_from_yolo_smoke_s0_b_e20_b64_s0_gpu0,ladd/results/archive_legacy_ladd_20260618/ladd4090_shutdown_sync_20260614/evidence_raw/ladd4090/repo_root_snapshot/runs_public/ogsod/hbb/formal_nomosaic_20260528/comparisons/from_yolo_pretrain/yolo11n/fgd/transfer_fgd_hbb_ogsod11n_from_yolo_formal_nomosaic_yolo11n_fgd_v2_20260612_fgd_original_low_from_yolo_smoke_s0_b_e20_b64_s0_gpu0,ladd4090,comparison
72dc5e6476281e1f84cddfeed333e79d74ffa090,cclkd_ablation_yolo11n_ccl_only_s42_400ep,_remote_backups/4090_20260618/runs_public/ogsod/hbb/cclkd_reproduction_ablation/yolo11n/cclkd_ablation_yolo11n_ccl_only_s42_400ep,cclkd_ablation_yolo11n_ccl_only_s42_400ep,_remote_backups/4090_20260618/runs_public/ogsod/hbb/cclkd_reproduction_ablation/yolo11n/cclkd_ablation_yolo11n_ccl_only_s42_400ep,ladd4090,cclkd_yolo11_or_diag
72dc5e6476281e1f84cddfeed333e79d74ffa090,cclkd_ablation_yolo11n_ccl_only_s42_400ep,_remote_backups/4090_20260618/runs_public/ogsod/hbb/cclkd_reproduction_ablation/yolo11n/cclkd_ablation_yolo11n_ccl_only_s42_400ep,cclkd_ablation_yolo11n_ccl_only_s42_400ep,cclkd_reproduction/diagnostics/20260607_protocol_gap/server_artifacts/dual4090/runs_public/ogsod/hbb/cclkd_reproduction_ablation/yolo11n/cclkd_ablation_yolo11n_ccl_only_s42_400ep,dual4090_old,cclkd_yolo11_or_diag
73ae2306d6401012d1dc590d2ce4d5fb5ae293d6,transfer_fgd_hbb_ogsod11n_from_yolo_formal_nomosaic_yolo11n_fgd_v2_20260612_fgd_original_low_from_yolo_s0_b_e800_b64_s0_gpu0,_remote_backups/4090_20260618/runs_public/ogsod/hbb/formal_nomosaic_20260528/comparisons/from_yolo_pretrain/yolo11n/fgd/transfer_fgd_hbb_ogsod11n_from_yolo_formal_nomosaic_yolo11n_fgd_v2_20260612_fgd_original_low_from_yolo_s0_b_e800_b64_s0_gpu0,transfer_fgd_hbb_ogsod11n_from_yolo_formal_nomosaic_yolo11n_fgd_v2_20260612_fgd_original_low_from_yolo_s0_b_e800_b64_s0_gpu0,_remote_backups/4090_20260618/runs_public/ogsod/hbb/formal_nomosaic_20260528/comparisons/from_yolo_pretrain/yolo11n/fgd/transfer_fgd_hbb_ogsod11n_from_yolo_formal_nomosaic_yolo11n_fgd_v2_20260612_fgd_original_low_from_yolo_s0_b_e800_b64_s0_gpu0,ladd4090,comparison
73ae2306d6401012d1dc590d2ce4d5fb5ae293d6,transfer_fgd_hbb_ogsod11n_from_yolo_formal_nomosaic_yolo11n_fgd_v2_20260612_fgd_original_low_from_yolo_s0_b_e800_b64_s0_gpu0,_remote_backups/4090_20260618/runs_public/ogsod/hbb/formal_nomosaic_20260528/comparisons/from_yolo_pretrain/yolo11n/fgd/transfer_fgd_hbb_ogsod11n_from_yolo_formal_nomosaic_yolo11n_fgd_v2_20260612_fgd_original_low_from_yolo_s0_b_e800_b64_s0_gpu0,transfer_fgd_hbb_ogsod11n_from_yolo_formal_nomosaic_yolo11n_fgd_v2_20260612_fgd_original_low_from_yolo_s0_b_e800_b64_s0_gpu0,ladd/results/archive_legacy_ladd_20260618/ladd4090_shutdown_sync_20260614/evidence_raw/ladd4090/repo_root_snapshot/runs_public/ogsod/hbb/formal_nomosaic_20260528/comparisons/from_yolo_pretrain/yolo11n/fgd/transfer_fgd_hbb_ogsod11n_from_yolo_formal_nomosaic_yolo11n_fgd_v2_20260612_fgd_original_low_from_yolo_s0_b_e800_b64_s0_gpu0,ladd4090,comparison
76bcd0bd6c2edf2962122a322ab1ec60e9b111e9,transfer_ld_hbb_ogsod11s_formal_nomosaic_yolo11s_ld_v2_20260610_transfer_s0_b_e800_b64_s0_gpu0,_remote_backups/4090_20260618/runs_public/ogsod/hbb/formal_nomosaic_20260528/comparisons/transferred_kd/yolo11s/ld/transfer_ld_hbb_ogsod11s_formal_nomosaic_yolo11s_ld_v2_20260610_transfer_s0_b_e800_b64_s0_gpu0,transfer_ld_hbb_ogsod11s_formal_nomosaic_yolo11s_ld_v2_20260610_transfer_s0_b_e800_b64_s0_gpu0,_remote_backups/4090_20260618/runs_public/ogsod/hbb/formal_nomosaic_20260528/comparisons/transferred_kd/yolo11s/ld/transfer_ld_hbb_ogsod11s_formal_nomosaic_yolo11s_ld_v2_20260610_transfer_s0_b_e800_b64_s0_gpu0,ladd4090,comparison
76bcd0bd6c2edf2962122a322ab1ec60e9b111e9,transfer_ld_hbb_ogsod11s_formal_nomosaic_yolo11s_ld_v2_20260610_transfer_s0_b_e800_b64_s0_gpu0,_remote_backups/4090_20260618/runs_public/ogsod/hbb/formal_nomosaic_20260528/comparisons/transferred_kd/yolo11s/ld/transfer_ld_hbb_ogsod11s_formal_nomosaic_yolo11s_ld_v2_20260610_transfer_s0_b_e800_b64_s0_gpu0,transfer_ld_hbb_ogsod11s_formal_nomosaic_yolo11s_ld_v2_20260610_transfer_s0_b_e800_b64_s0_gpu0,ladd/results/archive_legacy_ladd_20260618/ladd4090_shutdown_sync_20260614/evidence_raw/ladd4090/repo_root_snapshot/runs_public/ogsod/hbb/formal_nomosaic_20260528/comparisons/transferred_kd/yolo11s/ld/transfer_ld_hbb_ogsod11s_formal_nomosaic_yolo11s_ld_v2_20260610_transfer_s0_b_e800_b64_s0_gpu0,ladd4090,comparison
798c8c26d9317203116a62ff79dca4eb9252bdbb,ladd_hbb_ogsod11n_formal_nomosaic_yolo11n_cap2_s0_b800sched_N1_basebest_continue_20260614_autodl_b_e800_b64_s0_gpu0,remote_backups/autodl_20260614_critical/formal_nomosaic_20260528/ladd/yolo11n/cap2/ladd_hbb_ogsod11n_formal_nomosaic_yolo11n_cap2_s0_b800sched_N1_basebest_continue_20260614_autodl_b_e800_b64_s0_gpu0,ladd_hbb_ogsod11n_formal_nomosaic_yolo11n_cap2_s0_b800sched_N1_basebest_continue_20260614_autodl_b_e800_b64_s0_gpu0,ladd/results/archive_legacy_ladd_20260618/autodl_shutdown_sync_20260614/evidence_raw/autodl/runs_public/ogsod/hbb/formal_nomosaic_20260528/ladd/yolo11n/cap2/ladd_hbb_ogsod11n_formal_nomosaic_yolo11n_cap2_s0_b800sched_N1_basebest_continue_20260614_autodl_b_e800_b64_s0_gpu0,autodl,ladd
798c8c26d9317203116a62ff79dca4eb9252bdbb,ladd_hbb_ogsod11n_formal_nomosaic_yolo11n_cap2_s0_b800sched_N1_basebest_continue_20260614_autodl_b_e800_b64_s0_gpu0,remote_backups/autodl_20260614_critical/formal_nomosaic_20260528/ladd/yolo11n/cap2/ladd_hbb_ogsod11n_formal_nomosaic_yolo11n_cap2_s0_b800sched_N1_basebest_continue_20260614_autodl_b_e800_b64_s0_gpu0,ladd_hbb_ogsod11n_formal_nomosaic_yolo11n_cap2_s0_b800sched_N1_basebest_continue_20260614_autodl_b_e800_b64_s0_gpu0,remote_backups/autodl_20260614_critical/formal_nomosaic_20260528/ladd/yolo11n/cap2/ladd_hbb_ogsod11n_formal_nomosaic_yolo11n_cap2_s0_b800sched_N1_basebest_continue_20260614_autodl_b_e800_b64_s0_gpu0,autodl,ladd
7b1a905f32b24f37773a7c4e3362e025f6db97b3,cclkd_ablation_yolo11n_atkd_s42_400ep,_remote_backups/4090_20260618/runs_public/ogsod/hbb/cclkd_reproduction_ablation/yolo11n/cclkd_ablation_yolo11n_atkd_s42_400ep,cclkd_ablation_yolo11n_atkd_s42_400ep,_remote_backups/4090_20260618/runs_public/ogsod/hbb/cclkd_reproduction_ablation/yolo11n/cclkd_ablation_yolo11n_atkd_s42_400ep,ladd4090,cclkd_yolo11_or_diag
7b1a905f32b24f37773a7c4e3362e025f6db97b3,cclkd_ablation_yolo11n_atkd_s42_400ep,_remote_backups/4090_20260618/runs_public/ogsod/hbb/cclkd_reproduction_ablation/yolo11n/cclkd_ablation_yolo11n_atkd_s42_400ep,cclkd_ablation_yolo11n_atkd_s42_400ep,cclkd_reproduction/diagnostics/20260607_protocol_gap/server_artifacts/dual4090/runs_public/ogsod/hbb/cclkd_reproduction_ablation/yolo11n/cclkd_ablation_yolo11n_atkd_s42_400ep,dual4090_old,cclkd_yolo11_or_diag
7e9132e1caada1c7132ba2c6b94a8086ca23151e,cclkd_paper_repro_yolo11s_s0_400ep_online,_remote_backups/4090_20260618/runs_public/ogsod/hbb/cclkd_reproduction/cclkd_paper_repro_yolo11s_s0_400ep_online,cclkd_paper_repro_yolo11s_s0_400ep_online,_remote_backups/4090_20260618/runs_public/ogsod/hbb/cclkd_reproduction/cclkd_paper_repro_yolo11s_s0_400ep_online,ladd4090,cclkd_yolo11_or_diag
7e9132e1caada1c7132ba2c6b94a8086ca23151e,cclkd_paper_repro_yolo11s_s0_400ep_online,_remote_backups/4090_20260618/runs_public/ogsod/hbb/cclkd_reproduction/cclkd_paper_repro_yolo11s_s0_400ep_online,cclkd_paper_repro_yolo11s_s0_400ep_online,cclkd_reproduction/diagnostics/20260607_protocol_gap/server_artifacts/dual4090/runs_public/ogsod/hbb/cclkd_reproduction/cclkd_paper_repro_yolo11s_s0_400ep_online,dual4090_old,cclkd_yolo11_or_diag
7eea6667f6fb8e819d9a3867c77732f07484d531,online_cclkd_hbb_ogsod11n_from_yolo_formal_nomosaic_yolo11n_cclkd_paper_ccl_only_s0_e400_b64_s0_gpu0,_remote_backups/4090_20260618/runs_public/ogsod/hbb/formal_nomosaic_20260528/comparisons/online_cclkd/yolo11n/paper_ablation/online_cclkd_hbb_ogsod11n_from_yolo_formal_nomosaic_yolo11n_cclkd_paper_ccl_only_s0_e400_b64_s0_gpu0,online_cclkd_hbb_ogsod11n_from_yolo_formal_nomosaic_yolo11n_cclkd_paper_ccl_only_s0_e400_b64_s0_gpu0,_remote_backups/4090_20260618/runs_public/ogsod/hbb/formal_nomosaic_20260528/comparisons/online_cclkd/yolo11n/paper_ablation/online_cclkd_hbb_ogsod11n_from_yolo_formal_nomosaic_yolo11n_cclkd_paper_ccl_only_s0_e400_b64_s0_gpu0,ladd4090,cclkd_yolo11_or_diag
7eea6667f6fb8e819d9a3867c77732f07484d531,online_cclkd_hbb_ogsod11n_from_yolo_formal_nomosaic_yolo11n_cclkd_paper_ccl_only_s0_e400_b64_s0_gpu0,_remote_backups/4090_20260618/runs_public/ogsod/hbb/formal_nomosaic_20260528/comparisons/online_cclkd/yolo11n/paper_ablation/online_cclkd_hbb_ogsod11n_from_yolo_formal_nomosaic_yolo11n_cclkd_paper_ccl_only_s0_e400_b64_s0_gpu0,online_cclkd_hbb_ogsod11n_from_yolo_formal_nomosaic_yolo11n_cclkd_paper_ccl_only_s0_e400_b64_s0_gpu0,ladd/results/archive_legacy_ladd_20260618/ladd4090_shutdown_sync_20260614/evidence_raw/ladd4090/repo_root_snapshot/runs_public/ogsod/hbb/formal_nomosaic_20260528/comparisons/online_cclkd/yolo11n/paper_ablation/online_cclkd_hbb_ogsod11n_from_yolo_formal_nomosaic_yolo11n_cclkd_paper_ccl_only_s0_e400_b64_s0_gpu0,ladd4090,cclkd_yolo11_or_diag
840aded5b7f40e2e43e2484d1ba07713b738419c,cclkd_online_valfix_smoke_n_s0_v2,_remote_backups/4090_20260618/runs_public/ogsod/hbb/cclkd_reproduction_smoke/cclkd_online_valfix_smoke_n_s0_v2,cclkd_online_valfix_smoke_n_s0_v2,_remote_backups/4090_20260618/runs_public/ogsod/hbb/cclkd_reproduction_smoke/cclkd_online_valfix_smoke_n_s0_v2,ladd4090,cclkd_yolo11_or_diag
840aded5b7f40e2e43e2484d1ba07713b738419c,cclkd_online_valfix_smoke_n_s0_v2,_remote_backups/4090_20260618/runs_public/ogsod/hbb/cclkd_reproduction_smoke/cclkd_online_valfix_smoke_n_s0_v2,cclkd_online_valfix_smoke_n_s0_v2,cclkd_reproduction/diagnostics/20260607_protocol_gap/server_artifacts/dual4090/runs_public/ogsod/hbb/cclkd_reproduction_smoke/cclkd_online_valfix_smoke_n_s0_v2,dual4090_old,cclkd_yolo11_or_diag
88412c850025ad9da2b445172d353e6665aaeda8,online_cclkd_hbb_ogsod11n_from_yolo_formal_nomosaic_yolo11n_cclkd_paper_lld_fld_rld_s0_e400_b64_s0_gpu0,_remote_backups/4090_20260618/runs_public/ogsod/hbb/formal_nomosaic_20260528/comparisons/online_cclkd/yolo11n/paper_ablation/online_cclkd_hbb_ogsod11n_from_yolo_formal_nomosaic_yolo11n_cclkd_paper_lld_fld_rld_s0_e400_b64_s0_gpu0,online_cclkd_hbb_ogsod11n_from_yolo_formal_nomosaic_yolo11n_cclkd_paper_lld_fld_rld_s0_e400_b64_s0_gpu0,_remote_backups/4090_20260618/runs_public/ogsod/hbb/formal_nomosaic_20260528/comparisons/online_cclkd/yolo11n/paper_ablation/online_cclkd_hbb_ogsod11n_from_yolo_formal_nomosaic_yolo11n_cclkd_paper_lld_fld_rld_s0_e400_b64_s0_gpu0,ladd4090,cclkd_yolo11_or_diag
88412c850025ad9da2b445172d353e6665aaeda8,online_cclkd_hbb_ogsod11n_from_yolo_formal_nomosaic_yolo11n_cclkd_paper_lld_fld_rld_s0_e400_b64_s0_gpu0,_remote_backups/4090_20260618/runs_public/ogsod/hbb/formal_nomosaic_20260528/comparisons/online_cclkd/yolo11n/paper_ablation/online_cclkd_hbb_ogsod11n_from_yolo_formal_nomosaic_yolo11n_cclkd_paper_lld_fld_rld_s0_e400_b64_s0_gpu0,online_cclkd_hbb_ogsod11n_from_yolo_formal_nomosaic_yolo11n_cclkd_paper_lld_fld_rld_s0_e400_b64_s0_gpu0,ladd/results/archive_legacy_ladd_20260618/ladd4090_shutdown_sync_20260614/evidence_raw/ladd4090/repo_root_snapshot/runs_public/ogsod/hbb/formal_nomosaic_20260528/comparisons/online_cclkd/yolo11n/paper_ablation/online_cclkd_hbb_ogsod11n_from_yolo_formal_nomosaic_yolo11n_cclkd_paper_lld_fld_rld_s0_e400_b64_s0_gpu0,ladd4090,cclkd_yolo11_or_diag
8b55f817c2fe28fd2bc0a094323b613fc983b23f,sar_yolo11n_hbb_cclkd_paper_400ep_mosaic1_mixup01_b32_s0,_remote_backups/4090_20260618/runs_public/ogsod/hbb/cclkd_reproduction_baselines/sar/sar_yolo11n_hbb_cclkd_paper_400ep_mosaic1_mixup01_b32_s0,sar_yolo11n_hbb_cclkd_paper_400ep_mosaic1_mixup01_b32_s0,_remote_backups/4090_20260618/runs_public/ogsod/hbb/cclkd_reproduction_baselines/sar/sar_yolo11n_hbb_cclkd_paper_400ep_mosaic1_mixup01_b32_s0,ladd4090,cclkd_yolo11_or_diag
8b55f817c2fe28fd2bc0a094323b613fc983b23f,sar_yolo11n_hbb_cclkd_paper_400ep_mosaic1_mixup01_b32_s0,_remote_backups/4090_20260618/runs_public/ogsod/hbb/cclkd_reproduction_baselines/sar/sar_yolo11n_hbb_cclkd_paper_400ep_mosaic1_mixup01_b32_s0,sar_yolo11n_hbb_cclkd_paper_400ep_mosaic1_mixup01_b32_s0,cclkd_reproduction/diagnostics/20260607_protocol_gap/server_artifacts/dual4090/runs_public/ogsod/hbb/cclkd_reproduction_baselines/sar/sar_yolo11n_hbb_cclkd_paper_400ep_mosaic1_mixup01_b32_s0,dual4090_old,cclkd_yolo11_or_diag
90787dec2f25f97dfac90f17461bfd1f74a3288a,cclkd_paper_repro_yolo11n_s123_400ep_online,_remote_backups/4090_20260618/runs_public/ogsod/hbb/cclkd_reproduction/cclkd_paper_repro_yolo11n_s123_400ep_online,cclkd_paper_repro_yolo11n_s123_400ep_online,_remote_backups/4090_20260618/runs_public/ogsod/hbb/cclkd_reproduction/cclkd_paper_repro_yolo11n_s123_400ep_online,ladd4090,cclkd_yolo11_or_diag
90787dec2f25f97dfac90f17461bfd1f74a3288a,cclkd_paper_repro_yolo11n_s123_400ep_online,_remote_backups/4090_20260618/runs_public/ogsod/hbb/cclkd_reproduction/cclkd_paper_repro_yolo11n_s123_400ep_online,cclkd_paper_repro_yolo11n_s123_400ep_online,cclkd_reproduction/diagnostics/20260607_protocol_gap/server_artifacts/dual4090/runs_public/ogsod/hbb/cclkd_reproduction/cclkd_paper_repro_yolo11n_s123_400ep_online,dual4090_old,cclkd_yolo11_or_diag
98ed7373b68df9566bc0bbfdf40dbcfb6fde6cc6,online_cclkd_hbb_ogsod11n_from_yolo_formal_nomosaic_yolo11n_cclkd_paper_lld_fld_paper_pair_box_distribution_paper_instance_s0_e400_b64_s0_gpu1,_remote_backups/4090_20260618/runs_public/ogsod/hbb/formal_nomosaic_20260528/comparisons/online_cclkd/yolo11n/paper_ablation/online_cclkd_hbb_ogsod11n_from_yolo_formal_nomosaic_yolo11n_cclkd_paper_lld_fld_paper_pair_box_distribution_paper_instance_s0_e400_b64_s0_gpu1,online_cclkd_hbb_ogsod11n_from_yolo_formal_nomosaic_yolo11n_cclkd_paper_lld_fld_paper_pair_box_distribution_paper_instance_s0_e400_b64_s0_gpu1,_remote_backups/4090_20260618/runs_public/ogsod/hbb/formal_nomosaic_20260528/comparisons/online_cclkd/yolo11n/paper_ablation/online_cclkd_hbb_ogsod11n_from_yolo_formal_nomosaic_yolo11n_cclkd_paper_lld_fld_paper_pair_box_distribution_paper_instance_s0_e400_b64_s0_gpu1,ladd4090,cclkd_yolo11_or_diag
98ed7373b68df9566bc0bbfdf40dbcfb6fde6cc6,online_cclkd_hbb_ogsod11n_from_yolo_formal_nomosaic_yolo11n_cclkd_paper_lld_fld_paper_pair_box_distribution_paper_instance_s0_e400_b64_s0_gpu1,_remote_backups/4090_20260618/runs_public/ogsod/hbb/formal_nomosaic_20260528/comparisons/online_cclkd/yolo11n/paper_ablation/online_cclkd_hbb_ogsod11n_from_yolo_formal_nomosaic_yolo11n_cclkd_paper_lld_fld_paper_pair_box_distribution_paper_instance_s0_e400_b64_s0_gpu1,online_cclkd_hbb_ogsod11n_from_yolo_formal_nomosaic_yolo11n_cclkd_paper_lld_fld_paper_pair_box_distribution_paper_instance_s0_e400_b64_s0_gpu1,ladd/results/archive_legacy_ladd_20260618/ladd4090_shutdown_sync_20260614/evidence_raw/ladd4090/repo_root_snapshot/runs_public/ogsod/hbb/formal_nomosaic_20260528/comparisons/online_cclkd/yolo11n/paper_ablation/online_cclkd_hbb_ogsod11n_from_yolo_formal_nomosaic_yolo11n_cclkd_paper_lld_fld_paper_pair_box_distribution_paper_instance_s0_e400_b64_s0_gpu1,ladd4090,cclkd_yolo11_or_diag
9902cdc04e9d761599f7740cf135e8f5c2ca728d,online_cclkd_hbb_ogsod11n_from_yolo_formal_nomosaic_yolo11n_cclkd_online_from_yolo_s0_laddproto400_auto_sepclip_patmpos_cclanchor_atkd_e400_b64_s0_gpu1,_remote_backups/4090_20260618/runs_public/ogsod/hbb/formal_nomosaic_20260528/comparisons/online_cclkd/yolo11n/cclkd_auto_sepclip_patmpos_cclanchor/online_cclkd_hbb_ogsod11n_from_yolo_formal_nomosaic_yolo11n_cclkd_online_from_yolo_s0_laddproto400_auto_sepclip_patmpos_cclanchor_atkd_e400_b64_s0_gpu1,online_cclkd_hbb_ogsod11n_from_yolo_formal_nomosaic_yolo11n_cclkd_online_from_yolo_s0_laddproto400_auto_sepclip_patmpos_cclanchor_atkd_e400_b64_s0_gpu1,_remote_backups/4090_20260618/runs_public/ogsod/hbb/formal_nomosaic_20260528/comparisons/online_cclkd/yolo11n/cclkd_auto_sepclip_patmpos_cclanchor/online_cclkd_hbb_ogsod11n_from_yolo_formal_nomosaic_yolo11n_cclkd_online_from_yolo_s0_laddproto400_auto_sepclip_patmpos_cclanchor_atkd_e400_b64_s0_gpu1,ladd4090,cclkd_yolo11_or_diag
9902cdc04e9d761599f7740cf135e8f5c2ca728d,online_cclkd_hbb_ogsod11n_from_yolo_formal_nomosaic_yolo11n_cclkd_online_from_yolo_s0_laddproto400_auto_sepclip_patmpos_cclanchor_atkd_e400_b64_s0_gpu1,_remote_backups/4090_20260618/runs_public/ogsod/hbb/formal_nomosaic_20260528/comparisons/online_cclkd/yolo11n/cclkd_auto_sepclip_patmpos_cclanchor/online_cclkd_hbb_ogsod11n_from_yolo_formal_nomosaic_yolo11n_cclkd_online_from_yolo_s0_laddproto400_auto_sepclip_patmpos_cclanchor_atkd_e400_b64_s0_gpu1,online_cclkd_hbb_ogsod11n_from_yolo_formal_nomosaic_yolo11n_cclkd_online_from_yolo_s0_laddproto400_auto_sepclip_patmpos_cclanchor_atkd_e400_b64_s0_gpu1,ladd/results/archive_legacy_ladd_20260618/ladd4090_shutdown_sync_20260614/evidence_raw/ladd4090/repo_root_snapshot/runs_public/ogsod/hbb/formal_nomosaic_20260528/comparisons/online_cclkd/yolo11n/cclkd_auto_sepclip_patmpos_cclanchor/online_cclkd_hbb_ogsod11n_from_yolo_formal_nomosaic_yolo11n_cclkd_online_from_yolo_s0_laddproto400_auto_sepclip_patmpos_cclanchor_atkd_e400_b64_s0_gpu1,ladd4090,cclkd_yolo11_or_diag
9f253a271a9bfd095811fabdbe5ed2364e651b1f,online_cclkd_hbb_ogsod11n_from_yolo_formal_nomosaic_yolo11n_cclkd_online_from_yolo_s0_laddproto400_auto_sepclip_lld_fld_e400_b64_s0_gpu0,_remote_backups/4090_20260618/runs_public/ogsod/hbb/formal_nomosaic_20260528/comparisons/online_cclkd/yolo11n/cclkd_auto_sepclip/online_cclkd_hbb_ogsod11n_from_yolo_formal_nomosaic_yolo11n_cclkd_online_from_yolo_s0_laddproto400_auto_sepclip_lld_fld_e400_b64_s0_gpu0,online_cclkd_hbb_ogsod11n_from_yolo_formal_nomosaic_yolo11n_cclkd_online_from_yolo_s0_laddproto400_auto_sepclip_lld_fld_e400_b64_s0_gpu0,_remote_backups/4090_20260618/runs_public/ogsod/hbb/formal_nomosaic_20260528/comparisons/online_cclkd/yolo11n/cclkd_auto_sepclip/online_cclkd_hbb_ogsod11n_from_yolo_formal_nomosaic_yolo11n_cclkd_online_from_yolo_s0_laddproto400_auto_sepclip_lld_fld_e400_b64_s0_gpu0,ladd4090,cclkd_yolo11_or_diag
9f253a271a9bfd095811fabdbe5ed2364e651b1f,online_cclkd_hbb_ogsod11n_from_yolo_formal_nomosaic_yolo11n_cclkd_online_from_yolo_s0_laddproto400_auto_sepclip_lld_fld_e400_b64_s0_gpu0,_remote_backups/4090_20260618/runs_public/ogsod/hbb/formal_nomosaic_20260528/comparisons/online_cclkd/yolo11n/cclkd_auto_sepclip/online_cclkd_hbb_ogsod11n_from_yolo_formal_nomosaic_yolo11n_cclkd_online_from_yolo_s0_laddproto400_auto_sepclip_lld_fld_e400_b64_s0_gpu0,online_cclkd_hbb_ogsod11n_from_yolo_formal_nomosaic_yolo11n_cclkd_online_from_yolo_s0_laddproto400_auto_sepclip_lld_fld_e400_b64_s0_gpu0,ladd/results/archive_legacy_ladd_20260618/ladd4090_shutdown_sync_20260614/evidence_raw/ladd4090/repo_root_snapshot/runs_public/ogsod/hbb/formal_nomosaic_20260528/comparisons/online_cclkd/yolo11n/cclkd_auto_sepclip/online_cclkd_hbb_ogsod11n_from_yolo_formal_nomosaic_yolo11n_cclkd_online_from_yolo_s0_laddproto400_auto_sepclip_lld_fld_e400_b64_s0_gpu0,ladd4090,cclkd_yolo11_or_diag
9ffff7af5440224ae130d797c350facf8e24c69b,online_cclkd_hbb_ogsod11n_from_yolo_formal_nomosaic_yolo11n_cclkd_paper_lld_paper_pair_box_distribution_paper_instance_s0_e400_b64_s0_gpu1,_remote_backups/4090_20260618/runs_public/ogsod/hbb/formal_nomosaic_20260528/comparisons/online_cclkd/yolo11n/paper_ablation/online_cclkd_hbb_ogsod11n_from_yolo_formal_nomosaic_yolo11n_cclkd_paper_lld_paper_pair_box_distribution_paper_instance_s0_e400_b64_s0_gpu1,online_cclkd_hbb_ogsod11n_from_yolo_formal_nomosaic_yolo11n_cclkd_paper_lld_paper_pair_box_distribution_paper_instance_s0_e400_b64_s0_gpu1,_remote_backups/4090_20260618/runs_public/ogsod/hbb/formal_nomosaic_20260528/comparisons/online_cclkd/yolo11n/paper_ablation/online_cclkd_hbb_ogsod11n_from_yolo_formal_nomosaic_yolo11n_cclkd_paper_lld_paper_pair_box_distribution_paper_instance_s0_e400_b64_s0_gpu1,ladd4090,cclkd_yolo11_or_diag
9ffff7af5440224ae130d797c350facf8e24c69b,online_cclkd_hbb_ogsod11n_from_yolo_formal_nomosaic_yolo11n_cclkd_paper_lld_paper_pair_box_distribution_paper_instance_s0_e400_b64_s0_gpu1,_remote_backups/4090_20260618/runs_public/ogsod/hbb/formal_nomosaic_20260528/comparisons/online_cclkd/yolo11n/paper_ablation/online_cclkd_hbb_ogsod11n_from_yolo_formal_nomosaic_yolo11n_cclkd_paper_lld_paper_pair_box_distribution_paper_instance_s0_e400_b64_s0_gpu1,online_cclkd_hbb_ogsod11n_from_yolo_formal_nomosaic_yolo11n_cclkd_paper_lld_paper_pair_box_distribution_paper_instance_s0_e400_b64_s0_gpu1,ladd/results/archive_legacy_ladd_20260618/ladd4090_shutdown_sync_20260614/evidence_raw/ladd4090/repo_root_snapshot/runs_public/ogsod/hbb/formal_nomosaic_20260528/comparisons/online_cclkd/yolo11n/paper_ablation/online_cclkd_hbb_ogsod11n_from_yolo_formal_nomosaic_yolo11n_cclkd_paper_lld_paper_pair_box_distribution_paper_instance_s0_e400_b64_s0_gpu1,ladd4090,cclkd_yolo11_or_diag
a358065b51d67065bb9e2847ce713aa2301241e3,transfer_ld_hbb_ogsod11n_from_yolo_formal_nomosaic_yolo11n_ld_v2_20260612_ld_from_yolo_clean_from_yolo_s0_b_e800_b64_s0_gpu1,_remote_backups/4090_20260618/runs_public/ogsod/hbb/formal_nomosaic_20260528/comparisons/from_yolo_pretrain/yolo11n/ld/transfer_ld_hbb_ogsod11n_from_yolo_formal_nomosaic_yolo11n_ld_v2_20260612_ld_from_yolo_clean_from_yolo_s0_b_e800_b64_s0_gpu1,transfer_ld_hbb_ogsod11n_from_yolo_formal_nomosaic_yolo11n_ld_v2_20260612_ld_from_yolo_clean_from_yolo_s0_b_e800_b64_s0_gpu1,_remote_backups/4090_20260618/runs_public/ogsod/hbb/formal_nomosaic_20260528/comparisons/from_yolo_pretrain/yolo11n/ld/transfer_ld_hbb_ogsod11n_from_yolo_formal_nomosaic_yolo11n_ld_v2_20260612_ld_from_yolo_clean_from_yolo_s0_b_e800_b64_s0_gpu1,ladd4090,comparison
a358065b51d67065bb9e2847ce713aa2301241e3,transfer_ld_hbb_ogsod11n_from_yolo_formal_nomosaic_yolo11n_ld_v2_20260612_ld_from_yolo_clean_from_yolo_s0_b_e800_b64_s0_gpu1,_remote_backups/4090_20260618/runs_public/ogsod/hbb/formal_nomosaic_20260528/comparisons/from_yolo_pretrain/yolo11n/ld/transfer_ld_hbb_ogsod11n_from_yolo_formal_nomosaic_yolo11n_ld_v2_20260612_ld_from_yolo_clean_from_yolo_s0_b_e800_b64_s0_gpu1,transfer_ld_hbb_ogsod11n_from_yolo_formal_nomosaic_yolo11n_ld_v2_20260612_ld_from_yolo_clean_from_yolo_s0_b_e800_b64_s0_gpu1,ladd/results/archive_legacy_ladd_20260618/ladd4090_shutdown_sync_20260614/evidence_raw/ladd4090/repo_root_snapshot/runs_public/ogsod/hbb/formal_nomosaic_20260528/comparisons/from_yolo_pretrain/yolo11n/ld/transfer_ld_hbb_ogsod11n_from_yolo_formal_nomosaic_yolo11n_ld_v2_20260612_ld_from_yolo_clean_from_yolo_s0_b_e800_b64_s0_gpu1,ladd4090,comparison
ac2a00395c2d560e27d0aa7587b023899c420174,online_cclkd_hbb_ogsod11n_from_yolo_formal_nomosaic_yolo11n_cclkd_online_from_yolo_s0_laddproto400_auto_sepclip_patmpos_cclanchor_full_e400_b64_s0_gpu1,_remote_backups/4090_20260618/runs_public/ogsod/hbb/formal_nomosaic_20260528/comparisons/online_cclkd/yolo11n/cclkd_auto_sepclip_patmpos_cclanchor/online_cclkd_hbb_ogsod11n_from_yolo_formal_nomosaic_yolo11n_cclkd_online_from_yolo_s0_laddproto400_auto_sepclip_patmpos_cclanchor_full_e400_b64_s0_gpu1,online_cclkd_hbb_ogsod11n_from_yolo_formal_nomosaic_yolo11n_cclkd_online_from_yolo_s0_laddproto400_auto_sepclip_patmpos_cclanchor_full_e400_b64_s0_gpu1,_remote_backups/4090_20260618/runs_public/ogsod/hbb/formal_nomosaic_20260528/comparisons/online_cclkd/yolo11n/cclkd_auto_sepclip_patmpos_cclanchor/online_cclkd_hbb_ogsod11n_from_yolo_formal_nomosaic_yolo11n_cclkd_online_from_yolo_s0_laddproto400_auto_sepclip_patmpos_cclanchor_full_e400_b64_s0_gpu1,ladd4090,cclkd_yolo11_or_diag
ac2a00395c2d560e27d0aa7587b023899c420174,online_cclkd_hbb_ogsod11n_from_yolo_formal_nomosaic_yolo11n_cclkd_online_from_yolo_s0_laddproto400_auto_sepclip_patmpos_cclanchor_full_e400_b64_s0_gpu1,_remote_backups/4090_20260618/runs_public/ogsod/hbb/formal_nomosaic_20260528/comparisons/online_cclkd/yolo11n/cclkd_auto_sepclip_patmpos_cclanchor/online_cclkd_hbb_ogsod11n_from_yolo_formal_nomosaic_yolo11n_cclkd_online_from_yolo_s0_laddproto400_auto_sepclip_patmpos_cclanchor_full_e400_b64_s0_gpu1,online_cclkd_hbb_ogsod11n_from_yolo_formal_nomosaic_yolo11n_cclkd_online_from_yolo_s0_laddproto400_auto_sepclip_patmpos_cclanchor_full_e400_b64_s0_gpu1,ladd/results/archive_legacy_ladd_20260618/ladd4090_shutdown_sync_20260614/evidence_raw/ladd4090/repo_root_snapshot/runs_public/ogsod/hbb/formal_nomosaic_20260528/comparisons/online_cclkd/yolo11n/cclkd_auto_sepclip_patmpos_cclanchor/online_cclkd_hbb_ogsod11n_from_yolo_formal_nomosaic_yolo11n_cclkd_online_from_yolo_s0_laddproto400_auto_sepclip_patmpos_cclanchor_full_e400_b64_s0_gpu1,ladd4090,cclkd_yolo11_or_diag
b2260796560a72411e4fb9b23bea4fcf866a6242,cclkd_paper_repro_yolo11n_s42_400ep_online,_remote_backups/4090_20260618/runs_public/ogsod/hbb/cclkd_reproduction/cclkd_paper_repro_yolo11n_s42_400ep_online,cclkd_paper_repro_yolo11n_s42_400ep_online,_remote_backups/4090_20260618/runs_public/ogsod/hbb/cclkd_reproduction/cclkd_paper_repro_yolo11n_s42_400ep_online,ladd4090,cclkd_yolo11_or_diag
b2260796560a72411e4fb9b23bea4fcf866a6242,cclkd_paper_repro_yolo11n_s42_400ep_online,_remote_backups/4090_20260618/runs_public/ogsod/hbb/cclkd_reproduction/cclkd_paper_repro_yolo11n_s42_400ep_online,cclkd_paper_repro_yolo11n_s42_400ep_online,cclkd_reproduction/diagnostics/20260607_protocol_gap/server_artifacts/dual4090/runs_public/ogsod/hbb/cclkd_reproduction/cclkd_paper_repro_yolo11n_s42_400ep_online,dual4090_old,cclkd_yolo11_or_diag
b3ab7d5235051b9d790d2d7eb1bbd7f39d5c0bfe,transfer_hallucidet_style_hbb_ogsod11n_formal_nomosaic_yolo11n_hallucidet_style_v2_20260610_transfer_s0_b_e800_b64_s0_gpu1,_remote_backups/4090_20260618/runs_public/ogsod/hbb/formal_nomosaic_20260528/comparisons/transferred_kd/yolo11n/hallucidet_style/transfer_hallucidet_style_hbb_ogsod11n_formal_nomosaic_yolo11n_hallucidet_style_v2_20260610_transfer_s0_b_e800_b64_s0_gpu1,transfer_hallucidet_style_hbb_ogsod11n_formal_nomosaic_yolo11n_hallucidet_style_v2_20260610_transfer_s0_b_e800_b64_s0_gpu1,_remote_backups/4090_20260618/runs_public/ogsod/hbb/formal_nomosaic_20260528/comparisons/transferred_kd/yolo11n/hallucidet_style/transfer_hallucidet_style_hbb_ogsod11n_formal_nomosaic_yolo11n_hallucidet_style_v2_20260610_transfer_s0_b_e800_b64_s0_gpu1,ladd4090,comparison
b3ab7d5235051b9d790d2d7eb1bbd7f39d5c0bfe,transfer_hallucidet_style_hbb_ogsod11n_formal_nomosaic_yolo11n_hallucidet_style_v2_20260610_transfer_s0_b_e800_b64_s0_gpu1,_remote_backups/4090_20260618/runs_public/ogsod/hbb/formal_nomosaic_20260528/comparisons/transferred_kd/yolo11n/hallucidet_style/transfer_hallucidet_style_hbb_ogsod11n_formal_nomosaic_yolo11n_hallucidet_style_v2_20260610_transfer_s0_b_e800_b64_s0_gpu1,transfer_hallucidet_style_hbb_ogsod11n_formal_nomosaic_yolo11n_hallucidet_style_v2_20260610_transfer_s0_b_e800_b64_s0_gpu1,ladd/results/archive_legacy_ladd_20260618/ladd4090_shutdown_sync_20260614/evidence_raw/ladd4090/repo_root_snapshot/runs_public/ogsod/hbb/formal_nomosaic_20260528/comparisons/transferred_kd/yolo11n/hallucidet_style/transfer_hallucidet_style_hbb_ogsod11n_formal_nomosaic_yolo11n_hallucidet_style_v2_20260610_transfer_s0_b_e800_b64_s0_gpu1,ladd4090,comparison
b469926393e464939cca20d64de75b58b867feda,transfer_fgd_hbb_ogsod11n_formal_nomosaic_yolo11n_fgd_v2_20260610_transfer_s0_b_e800_b64_s0_gpu1,_remote_backups/4090_20260618/runs_public/ogsod/hbb/formal_nomosaic_20260528/comparisons/transferred_kd/yolo11n/fgd/transfer_fgd_hbb_ogsod11n_formal_nomosaic_yolo11n_fgd_v2_20260610_transfer_s0_b_e800_b64_s0_gpu1,transfer_fgd_hbb_ogsod11n_formal_nomosaic_yolo11n_fgd_v2_20260610_transfer_s0_b_e800_b64_s0_gpu1,_remote_backups/4090_20260618/runs_public/ogsod/hbb/formal_nomosaic_20260528/comparisons/transferred_kd/yolo11n/fgd/transfer_fgd_hbb_ogsod11n_formal_nomosaic_yolo11n_fgd_v2_20260610_transfer_s0_b_e800_b64_s0_gpu1,ladd4090,comparison
b469926393e464939cca20d64de75b58b867feda,transfer_fgd_hbb_ogsod11n_formal_nomosaic_yolo11n_fgd_v2_20260610_transfer_s0_b_e800_b64_s0_gpu1,_remote_backups/4090_20260618/runs_public/ogsod/hbb/formal_nomosaic_20260528/comparisons/transferred_kd/yolo11n/fgd/transfer_fgd_hbb_ogsod11n_formal_nomosaic_yolo11n_fgd_v2_20260610_transfer_s0_b_e800_b64_s0_gpu1,transfer_fgd_hbb_ogsod11n_formal_nomosaic_yolo11n_fgd_v2_20260610_transfer_s0_b_e800_b64_s0_gpu1,ladd/results/archive_legacy_ladd_20260618/ladd4090_shutdown_sync_20260614/evidence_raw/ladd4090/repo_root_snapshot/runs_public/ogsod/hbb/formal_nomosaic_20260528/comparisons/transferred_kd/yolo11n/fgd/transfer_fgd_hbb_ogsod11n_formal_nomosaic_yolo11n_fgd_v2_20260610_transfer_s0_b_e800_b64_s0_gpu1,ladd4090,comparison
b596f2ed6dd5159b7692dfba310d02335a7aee03,online_cclkd_hbb_ogsod11n_from_yolo_formal_nomosaic_yolo11n_cclkd_paper_full_s0_rldpatmfix_e400_b64_s0_gpu1,_remote_backups/4090_20260618/runs_public/ogsod/hbb/formal_nomosaic_20260528/comparisons/online_cclkd/yolo11n/paper_ablation/online_cclkd_hbb_ogsod11n_from_yolo_formal_nomosaic_yolo11n_cclkd_paper_full_s0_rldpatmfix_e400_b64_s0_gpu1,online_cclkd_hbb_ogsod11n_from_yolo_formal_nomosaic_yolo11n_cclkd_paper_full_s0_rldpatmfix_e400_b64_s0_gpu1,_remote_backups/4090_20260618/runs_public/ogsod/hbb/formal_nomosaic_20260528/comparisons/online_cclkd/yolo11n/paper_ablation/online_cclkd_hbb_ogsod11n_from_yolo_formal_nomosaic_yolo11n_cclkd_paper_full_s0_rldpatmfix_e400_b64_s0_gpu1,ladd4090,cclkd_yolo11_or_diag
b596f2ed6dd5159b7692dfba310d02335a7aee03,online_cclkd_hbb_ogsod11n_from_yolo_formal_nomosaic_yolo11n_cclkd_paper_full_s0_rldpatmfix_e400_b64_s0_gpu1,_remote_backups/4090_20260618/runs_public/ogsod/hbb/formal_nomosaic_20260528/comparisons/online_cclkd/yolo11n/paper_ablation/online_cclkd_hbb_ogsod11n_from_yolo_formal_nomosaic_yolo11n_cclkd_paper_full_s0_rldpatmfix_e400_b64_s0_gpu1,online_cclkd_hbb_ogsod11n_from_yolo_formal_nomosaic_yolo11n_cclkd_paper_full_s0_rldpatmfix_e400_b64_s0_gpu1,ladd/results/archive_legacy_ladd_20260618/ladd4090_shutdown_sync_20260614/evidence_raw/ladd4090/repo_root_snapshot/runs_public/ogsod/hbb/formal_nomosaic_20260528/comparisons/online_cclkd/yolo11n/paper_ablation/online_cclkd_hbb_ogsod11n_from_yolo_formal_nomosaic_yolo11n_cclkd_paper_full_s0_rldpatmfix_e400_b64_s0_gpu1,ladd4090,cclkd_yolo11_or_diag
b5c9e4e27c6b3c77ad4a5c1c59737a3c125a4331,transfer_ld_hbb_ogsod11s_from_yolo_formal_nomosaic_yolo11s_ld_v2_20260612_ld_from_yolo_clean_from_yolo_s0_b_e800_b64_s0_gpu0,_remote_backups/4090_20260618/runs_public/ogsod/hbb/formal_nomosaic_20260528/comparisons/from_yolo_pretrain/yolo11s/ld/transfer_ld_hbb_ogsod11s_from_yolo_formal_nomosaic_yolo11s_ld_v2_20260612_ld_from_yolo_clean_from_yolo_s0_b_e800_b64_s0_gpu0,transfer_ld_hbb_ogsod11s_from_yolo_formal_nomosaic_yolo11s_ld_v2_20260612_ld_from_yolo_clean_from_yolo_s0_b_e800_b64_s0_gpu0,_remote_backups/4090_20260618/runs_public/ogsod/hbb/formal_nomosaic_20260528/comparisons/from_yolo_pretrain/yolo11s/ld/transfer_ld_hbb_ogsod11s_from_yolo_formal_nomosaic_yolo11s_ld_v2_20260612_ld_from_yolo_clean_from_yolo_s0_b_e800_b64_s0_gpu0,ladd4090,comparison
b5c9e4e27c6b3c77ad4a5c1c59737a3c125a4331,transfer_ld_hbb_ogsod11s_from_yolo_formal_nomosaic_yolo11s_ld_v2_20260612_ld_from_yolo_clean_from_yolo_s0_b_e800_b64_s0_gpu0,_remote_backups/4090_20260618/runs_public/ogsod/hbb/formal_nomosaic_20260528/comparisons/from_yolo_pretrain/yolo11s/ld/transfer_ld_hbb_ogsod11s_from_yolo_formal_nomosaic_yolo11s_ld_v2_20260612_ld_from_yolo_clean_from_yolo_s0_b_e800_b64_s0_gpu0,transfer_ld_hbb_ogsod11s_from_yolo_formal_nomosaic_yolo11s_ld_v2_20260612_ld_from_yolo_clean_from_yolo_s0_b_e800_b64_s0_gpu0,ladd/results/archive_legacy_ladd_20260618/ladd4090_shutdown_sync_20260614/evidence_raw/ladd4090/repo_root_snapshot/runs_public/ogsod/hbb/formal_nomosaic_20260528/comparisons/from_yolo_pretrain/yolo11s/ld/transfer_ld_hbb_ogsod11s_from_yolo_formal_nomosaic_yolo11s_ld_v2_20260612_ld_from_yolo_clean_from_yolo_s0_b_e800_b64_s0_gpu0,ladd4090,comparison
b68f8177d2609f29ac6f96efca06edd08a8a4740,yolov5x_two_branch_no_kd_b32_s0_twobranch_nokd_b32_e80_wave1_gpu3,cclkd_reproduction/yolov5_sanity/results/diagnostics_20260612_yolov5x_b32_e80_queue/yolov5x_two_branch_no_kd_b32_s0_twobranch_nokd_b32_e80_wave1_gpu3,yolov5x_two_branch_no_kd_b32_s0_twobranch_nokd_b32_e80_wave1_gpu3,cclkd_reproduction/yolov5_sanity/results/diagnostics_20260612_yolov5x_b32_e80_final/runs/yolov5x_two_branch_no_kd_b32_s0_twobranch_nokd_b32_e80_wave1_gpu3,unknown,cclkd_yolov5x
b68f8177d2609f29ac6f96efca06edd08a8a4740,yolov5x_two_branch_no_kd_b32_s0_twobranch_nokd_b32_e80_wave1_gpu3,cclkd_reproduction/yolov5_sanity/results/diagnostics_20260612_yolov5x_b32_e80_queue/yolov5x_two_branch_no_kd_b32_s0_twobranch_nokd_b32_e80_wave1_gpu3,yolov5x_two_branch_no_kd_b32_s0_twobranch_nokd_b32_e80_wave1_gpu3,cclkd_reproduction/yolov5_sanity/results/diagnostics_20260612_yolov5x_b32_e80_queue/yolov5x_two_branch_no_kd_b32_s0_twobranch_nokd_b32_e80_wave1_gpu3,server117,cclkd_yolov5x
b8a571f7305629ea2386b30ae065432ba64892b6,cclkd_paper_repro_yolo11n_s42_400ep_online_fixed20260606,_remote_backups/4090_20260618/runs_public/ogsod/hbb/cclkd_reproduction_fixed20260606/cclkd_paper_repro_yolo11n_s42_400ep_online_fixed20260606,cclkd_paper_repro_yolo11n_s42_400ep_online_fixed20260606,_remote_backups/4090_20260618/runs_public/ogsod/hbb/cclkd_reproduction_fixed20260606/cclkd_paper_repro_yolo11n_s42_400ep_online_fixed20260606,ladd4090,cclkd_yolo11_or_diag
b8a571f7305629ea2386b30ae065432ba64892b6,cclkd_paper_repro_yolo11n_s42_400ep_online_fixed20260606,_remote_backups/4090_20260618/runs_public/ogsod/hbb/cclkd_reproduction_fixed20260606/cclkd_paper_repro_yolo11n_s42_400ep_online_fixed20260606,cclkd_paper_repro_yolo11n_s42_400ep_online_fixed20260606,cclkd_reproduction/diagnostics/20260607_protocol_gap/server_artifacts/dual4090/runs_public/ogsod/hbb/cclkd_reproduction_fixed20260606/cclkd_paper_repro_yolo11n_s42_400ep_online_fixed20260606,dual4090_old,cclkd_yolo11_or_diag
bdc379275a63b14a95533ada9843883001722b29,ladd_hbb_ogsod11n_formal_nomosaic_yolo11n_cap2_s0_bentrance_N0_splitload_clean_smoke_b5_after62c2fda_b_e5_b16_s0_gpu0,_remote_backups/4090_20260618/runs_public/ogsod/hbb/formal_nomosaic_20260528/ladd/yolo11n/cap2/ladd_hbb_ogsod11n_formal_nomosaic_yolo11n_cap2_s0_bentrance_N0_splitload_clean_smoke_b5_after62c2fda_b_e5_b16_s0_gpu0,ladd_hbb_ogsod11n_formal_nomosaic_yolo11n_cap2_s0_bentrance_N0_splitload_clean_smoke_b5_after62c2fda_b_e5_b16_s0_gpu0,_remote_backups/4090_20260618/runs_public/ogsod/hbb/formal_nomosaic_20260528/ladd/yolo11n/cap2/ladd_hbb_ogsod11n_formal_nomosaic_yolo11n_cap2_s0_bentrance_N0_splitload_clean_smoke_b5_after62c2fda_b_e5_b16_s0_gpu0,ladd4090,ladd
bdc379275a63b14a95533ada9843883001722b29,ladd_hbb_ogsod11n_formal_nomosaic_yolo11n_cap2_s0_bentrance_N0_splitload_clean_smoke_b5_after62c2fda_b_e5_b16_s0_gpu0,_remote_backups/4090_20260618/runs_public/ogsod/hbb/formal_nomosaic_20260528/ladd/yolo11n/cap2/ladd_hbb_ogsod11n_formal_nomosaic_yolo11n_cap2_s0_bentrance_N0_splitload_clean_smoke_b5_after62c2fda_b_e5_b16_s0_gpu0,ladd_hbb_ogsod11n_formal_nomosaic_yolo11n_cap2_s0_bentrance_N0_splitload_clean_smoke_b5_after62c2fda_b_e5_b16_s0_gpu0,ladd/results/archive_legacy_ladd_20260618/ladd4090_shutdown_sync_20260614/evidence_raw/ladd4090/repo_root_snapshot/runs_public/ogsod/hbb/formal_nomosaic_20260528/ladd/yolo11n/cap2/ladd_hbb_ogsod11n_formal_nomosaic_yolo11n_cap2_s0_bentrance_N0_splitload_clean_smoke_b5_after62c2fda_b_e5_b16_s0_gpu0,ladd4090,ladd
bdf438e71dbcfa698fe73188e22e8496f8f3104e,sar_yolo11n_hbb_cclkd_paper_400ep_mosaic1_mixup01_b32_s123,_remote_backups/4090_20260618/runs_public/ogsod/hbb/cclkd_reproduction_baselines/sar/sar_yolo11n_hbb_cclkd_paper_400ep_mosaic1_mixup01_b32_s123,sar_yolo11n_hbb_cclkd_paper_400ep_mosaic1_mixup01_b32_s123,_remote_backups/4090_20260618/runs_public/ogsod/hbb/cclkd_reproduction_baselines/sar/sar_yolo11n_hbb_cclkd_paper_400ep_mosaic1_mixup01_b32_s123,ladd4090,cclkd_yolo11_or_diag
bdf438e71dbcfa698fe73188e22e8496f8f3104e,sar_yolo11n_hbb_cclkd_paper_400ep_mosaic1_mixup01_b32_s123,_remote_backups/4090_20260618/runs_public/ogsod/hbb/cclkd_reproduction_baselines/sar/sar_yolo11n_hbb_cclkd_paper_400ep_mosaic1_mixup01_b32_s123,sar_yolo11n_hbb_cclkd_paper_400ep_mosaic1_mixup01_b32_s123,cclkd_reproduction/diagnostics/20260607_protocol_gap/server_artifacts/dual4090/runs_public/ogsod/hbb/cclkd_reproduction_baselines/sar/sar_yolo11n_hbb_cclkd_paper_400ep_mosaic1_mixup01_b32_s123,dual4090_old,cclkd_yolo11_or_diag
c2f5e5f96a0f2d3374c927b64cdc1cf36ccc515f,online_cclkd_hbb_ogsod11n_from_yolo_formal_nomosaic_yolo11n_cclkd_paper_ccl_only_paper_pair_box_distribution_paper_instance_s0_e400_b64_s0_gpu0,_remote_backups/4090_20260618/runs_public/ogsod/hbb/formal_nomosaic_20260528/comparisons/online_cclkd/yolo11n/paper_ablation/online_cclkd_hbb_ogsod11n_from_yolo_formal_nomosaic_yolo11n_cclkd_paper_ccl_only_paper_pair_box_distribution_paper_instance_s0_e400_b64_s0_gpu0,online_cclkd_hbb_ogsod11n_from_yolo_formal_nomosaic_yolo11n_cclkd_paper_ccl_only_paper_pair_box_distribution_paper_instance_s0_e400_b64_s0_gpu0,_remote_backups/4090_20260618/runs_public/ogsod/hbb/formal_nomosaic_20260528/comparisons/online_cclkd/yolo11n/paper_ablation/online_cclkd_hbb_ogsod11n_from_yolo_formal_nomosaic_yolo11n_cclkd_paper_ccl_only_paper_pair_box_distribution_paper_instance_s0_e400_b64_s0_gpu0,ladd4090,cclkd_yolo11_or_diag
c2f5e5f96a0f2d3374c927b64cdc1cf36ccc515f,online_cclkd_hbb_ogsod11n_from_yolo_formal_nomosaic_yolo11n_cclkd_paper_ccl_only_paper_pair_box_distribution_paper_instance_s0_e400_b64_s0_gpu0,_remote_backups/4090_20260618/runs_public/ogsod/hbb/formal_nomosaic_20260528/comparisons/online_cclkd/yolo11n/paper_ablation/online_cclkd_hbb_ogsod11n_from_yolo_formal_nomosaic_yolo11n_cclkd_paper_ccl_only_paper_pair_box_distribution_paper_instance_s0_e400_b64_s0_gpu0,online_cclkd_hbb_ogsod11n_from_yolo_formal_nomosaic_yolo11n_cclkd_paper_ccl_only_paper_pair_box_distribution_paper_instance_s0_e400_b64_s0_gpu0,ladd/results/archive_legacy_ladd_20260618/ladd4090_shutdown_sync_20260614/evidence_raw/ladd4090/repo_root_snapshot/runs_public/ogsod/hbb/formal_nomosaic_20260528/comparisons/online_cclkd/yolo11n/paper_ablation/online_cclkd_hbb_ogsod11n_from_yolo_formal_nomosaic_yolo11n_cclkd_paper_ccl_only_paper_pair_box_distribution_paper_instance_s0_e400_b64_s0_gpu0,ladd4090,cclkd_yolo11_or_diag
c4eef5da52c7ae2231413b06e7c707c47c2fe42a,online_cclkd_hbb_ogsod11n_from_yolo_formal_nomosaic_yolo11n_cclkd_paper_ccl_only_s0_cclanchorfix_e400_b64_s0_gpu0,_remote_backups/4090_20260618/runs_public/ogsod/hbb/formal_nomosaic_20260528/comparisons/online_cclkd/yolo11n/paper_ablation/online_cclkd_hbb_ogsod11n_from_yolo_formal_nomosaic_yolo11n_cclkd_paper_ccl_only_s0_cclanchorfix_e400_b64_s0_gpu0,online_cclkd_hbb_ogsod11n_from_yolo_formal_nomosaic_yolo11n_cclkd_paper_ccl_only_s0_cclanchorfix_e400_b64_s0_gpu0,_remote_backups/4090_20260618/runs_public/ogsod/hbb/formal_nomosaic_20260528/comparisons/online_cclkd/yolo11n/paper_ablation/online_cclkd_hbb_ogsod11n_from_yolo_formal_nomosaic_yolo11n_cclkd_paper_ccl_only_s0_cclanchorfix_e400_b64_s0_gpu0,ladd4090,cclkd_yolo11_or_diag
c4eef5da52c7ae2231413b06e7c707c47c2fe42a,online_cclkd_hbb_ogsod11n_from_yolo_formal_nomosaic_yolo11n_cclkd_paper_ccl_only_s0_cclanchorfix_e400_b64_s0_gpu0,_remote_backups/4090_20260618/runs_public/ogsod/hbb/formal_nomosaic_20260528/comparisons/online_cclkd/yolo11n/paper_ablation/online_cclkd_hbb_ogsod11n_from_yolo_formal_nomosaic_yolo11n_cclkd_paper_ccl_only_s0_cclanchorfix_e400_b64_s0_gpu0,online_cclkd_hbb_ogsod11n_from_yolo_formal_nomosaic_yolo11n_cclkd_paper_ccl_only_s0_cclanchorfix_e400_b64_s0_gpu0,ladd/results/archive_legacy_ladd_20260618/ladd4090_shutdown_sync_20260614/evidence_raw/ladd4090/repo_root_snapshot/runs_public/ogsod/hbb/formal_nomosaic_20260528/comparisons/online_cclkd/yolo11n/paper_ablation/online_cclkd_hbb_ogsod11n_from_yolo_formal_nomosaic_yolo11n_cclkd_paper_ccl_only_s0_cclanchorfix_e400_b64_s0_gpu0,ladd4090,cclkd_yolo11_or_diag
cdaa183ae8e83a1abb97272a4cebbef9a8a5a3b6,transfer_fgd_hbb_ogsod11s_from_yolo_formal_nomosaic_yolo11s_fgd_v2_20260612_fgd_original_low_from_yolo_from_yolo_s0_b_e800_b64_s0_gpu1,_remote_backups/4090_20260618/runs_public/ogsod/hbb/formal_nomosaic_20260528/comparisons/from_yolo_pretrain/yolo11s/fgd/transfer_fgd_hbb_ogsod11s_from_yolo_formal_nomosaic_yolo11s_fgd_v2_20260612_fgd_original_low_from_yolo_from_yolo_s0_b_e800_b64_s0_gpu1,transfer_fgd_hbb_ogsod11s_from_yolo_formal_nomosaic_yolo11s_fgd_v2_20260612_fgd_original_low_from_yolo_from_yolo_s0_b_e800_b64_s0_gpu1,_remote_backups/4090_20260618/runs_public/ogsod/hbb/formal_nomosaic_20260528/comparisons/from_yolo_pretrain/yolo11s/fgd/transfer_fgd_hbb_ogsod11s_from_yolo_formal_nomosaic_yolo11s_fgd_v2_20260612_fgd_original_low_from_yolo_from_yolo_s0_b_e800_b64_s0_gpu1,ladd4090,comparison
cdaa183ae8e83a1abb97272a4cebbef9a8a5a3b6,transfer_fgd_hbb_ogsod11s_from_yolo_formal_nomosaic_yolo11s_fgd_v2_20260612_fgd_original_low_from_yolo_from_yolo_s0_b_e800_b64_s0_gpu1,_remote_backups/4090_20260618/runs_public/ogsod/hbb/formal_nomosaic_20260528/comparisons/from_yolo_pretrain/yolo11s/fgd/transfer_fgd_hbb_ogsod11s_from_yolo_formal_nomosaic_yolo11s_fgd_v2_20260612_fgd_original_low_from_yolo_from_yolo_s0_b_e800_b64_s0_gpu1,transfer_fgd_hbb_ogsod11s_from_yolo_formal_nomosaic_yolo11s_fgd_v2_20260612_fgd_original_low_from_yolo_from_yolo_s0_b_e800_b64_s0_gpu1,ladd/results/archive_legacy_ladd_20260618/ladd4090_shutdown_sync_20260614/evidence_raw/ladd4090/repo_root_snapshot/runs_public/ogsod/hbb/formal_nomosaic_20260528/comparisons/from_yolo_pretrain/yolo11s/fgd/transfer_fgd_hbb_ogsod11s_from_yolo_formal_nomosaic_yolo11s_fgd_v2_20260612_fgd_original_low_from_yolo_from_yolo_s0_b_e800_b64_s0_gpu1,ladd4090,comparison
ceb193dd4b98b4e4582ae6aeeae50deddc9aac45,yolov5x_standard_train_b32_s0_standard_train_b32_e80_gpu0,cclkd_reproduction/yolov5_sanity/results/diagnostics_20260612_yolov5x_b32_e80_final/runs/yolov5x_standard_train_b32_s0_standard_train_b32_e80_gpu0,yolov5x_trainpy_detonly_b32_s0_trainpy_detonly_b32_e80,cclkd_reproduction/yolov5_sanity/results/diagnostics_20260612_trainpy_scaling_fix_b32_e80/runs/yolov5x_trainpy_detonly_b32_s0_trainpy_detonly_b32_e80,unknown,cclkd_yolov5x
ceb193dd4b98b4e4582ae6aeeae50deddc9aac45,yolov5x_standard_train_b32_s0_standard_train_b32_e80_gpu0,cclkd_reproduction/yolov5_sanity/results/diagnostics_20260612_yolov5x_b32_e80_final/runs/yolov5x_standard_train_b32_s0_standard_train_b32_e80_gpu0,yolov5x_standard_train_b32_s0_standard_train_b32_e80_gpu0,cclkd_reproduction/yolov5_sanity/results/diagnostics_20260612_yolov5x_b32_e80_final/runs/yolov5x_standard_train_b32_s0_standard_train_b32_e80_gpu0,unknown,cclkd_yolov5x
ceee24cf136d3e3b7020349aafb030b8398f04c9,online_cclkd_hbb_ogsod11n_from_yolo_formal_nomosaic_yolo11n_cclkd_online_from_yolo_s0_laddproto400_auto_sepclip_lld_fld_rld_e400_b64_s0_gpu0,_remote_backups/4090_20260618/runs_public/ogsod/hbb/formal_nomosaic_20260528/comparisons/online_cclkd/yolo11n/cclkd_auto_sepclip/online_cclkd_hbb_ogsod11n_from_yolo_formal_nomosaic_yolo11n_cclkd_online_from_yolo_s0_laddproto400_auto_sepclip_lld_fld_rld_e400_b64_s0_gpu0,online_cclkd_hbb_ogsod11n_from_yolo_formal_nomosaic_yolo11n_cclkd_online_from_yolo_s0_laddproto400_auto_sepclip_lld_fld_rld_e400_b64_s0_gpu0,_remote_backups/4090_20260618/runs_public/ogsod/hbb/formal_nomosaic_20260528/comparisons/online_cclkd/yolo11n/cclkd_auto_sepclip/online_cclkd_hbb_ogsod11n_from_yolo_formal_nomosaic_yolo11n_cclkd_online_from_yolo_s0_laddproto400_auto_sepclip_lld_fld_rld_e400_b64_s0_gpu0,ladd4090,cclkd_yolo11_or_diag
ceee24cf136d3e3b7020349aafb030b8398f04c9,online_cclkd_hbb_ogsod11n_from_yolo_formal_nomosaic_yolo11n_cclkd_online_from_yolo_s0_laddproto400_auto_sepclip_lld_fld_rld_e400_b64_s0_gpu0,_remote_backups/4090_20260618/runs_public/ogsod/hbb/formal_nomosaic_20260528/comparisons/online_cclkd/yolo11n/cclkd_auto_sepclip/online_cclkd_hbb_ogsod11n_from_yolo_formal_nomosaic_yolo11n_cclkd_online_from_yolo_s0_laddproto400_auto_sepclip_lld_fld_rld_e400_b64_s0_gpu0,online_cclkd_hbb_ogsod11n_from_yolo_formal_nomosaic_yolo11n_cclkd_online_from_yolo_s0_laddproto400_auto_sepclip_lld_fld_rld_e400_b64_s0_gpu0,ladd/results/archive_legacy_ladd_20260618/ladd4090_shutdown_sync_20260614/evidence_raw/ladd4090/repo_root_snapshot/runs_public/ogsod/hbb/formal_nomosaic_20260528/comparisons/online_cclkd/yolo11n/cclkd_auto_sepclip/online_cclkd_hbb_ogsod11n_from_yolo_formal_nomosaic_yolo11n_cclkd_online_from_yolo_s0_laddproto400_auto_sepclip_lld_fld_rld_e400_b64_s0_gpu0,ladd4090,cclkd_yolo11_or_diag
cfa4f3d682c45b47b4b3a7231172646ed721e766,online_cclkd_hbb_ogsod11n_from_yolo_formal_nomosaic_yolo11n_cclkd_paper_full_s0_cclanchorfix_e400_b64_s0_gpu1,_remote_backups/4090_20260618/runs_public/ogsod/hbb/formal_nomosaic_20260528/comparisons/online_cclkd/yolo11n/paper_ablation/online_cclkd_hbb_ogsod11n_from_yolo_formal_nomosaic_yolo11n_cclkd_paper_full_s0_cclanchorfix_e400_b64_s0_gpu1,online_cclkd_hbb_ogsod11n_from_yolo_formal_nomosaic_yolo11n_cclkd_paper_full_s0_cclanchorfix_e400_b64_s0_gpu1,_remote_backups/4090_20260618/runs_public/ogsod/hbb/formal_nomosaic_20260528/comparisons/online_cclkd/yolo11n/paper_ablation/online_cclkd_hbb_ogsod11n_from_yolo_formal_nomosaic_yolo11n_cclkd_paper_full_s0_cclanchorfix_e400_b64_s0_gpu1,ladd4090,cclkd_yolo11_or_diag
cfa4f3d682c45b47b4b3a7231172646ed721e766,online_cclkd_hbb_ogsod11n_from_yolo_formal_nomosaic_yolo11n_cclkd_paper_full_s0_cclanchorfix_e400_b64_s0_gpu1,_remote_backups/4090_20260618/runs_public/ogsod/hbb/formal_nomosaic_20260528/comparisons/online_cclkd/yolo11n/paper_ablation/online_cclkd_hbb_ogsod11n_from_yolo_formal_nomosaic_yolo11n_cclkd_paper_full_s0_cclanchorfix_e400_b64_s0_gpu1,online_cclkd_hbb_ogsod11n_from_yolo_formal_nomosaic_yolo11n_cclkd_paper_full_s0_cclanchorfix_e400_b64_s0_gpu1,ladd/results/archive_legacy_ladd_20260618/ladd4090_shutdown_sync_20260614/evidence_raw/ladd4090/repo_root_snapshot/runs_public/ogsod/hbb/formal_nomosaic_20260528/comparisons/online_cclkd/yolo11n/paper_ablation/online_cclkd_hbb_ogsod11n_from_yolo_formal_nomosaic_yolo11n_cclkd_paper_full_s0_cclanchorfix_e400_b64_s0_gpu1,ladd4090,cclkd_yolo11_or_diag
d0ef1dff884cf8f4bbc6636e4c24c96c45b55edc,online_cclkd_hbb_ogsod11n_from_yolo_formal_nomosaic_yolo11n_cclkd_paper_full_paper_pair_box_distribution_paper_instance_s0_e400_b64_s0_gpu1,_remote_backups/4090_20260618/runs_public/ogsod/hbb/formal_nomosaic_20260528/comparisons/online_cclkd/yolo11n/paper_ablation/online_cclkd_hbb_ogsod11n_from_yolo_formal_nomosaic_yolo11n_cclkd_paper_full_paper_pair_box_distribution_paper_instance_s0_e400_b64_s0_gpu1,online_cclkd_hbb_ogsod11n_from_yolo_formal_nomosaic_yolo11n_cclkd_paper_full_paper_pair_box_distribution_paper_instance_s0_e400_b64_s0_gpu1,_remote_backups/4090_20260618/runs_public/ogsod/hbb/formal_nomosaic_20260528/comparisons/online_cclkd/yolo11n/paper_ablation/online_cclkd_hbb_ogsod11n_from_yolo_formal_nomosaic_yolo11n_cclkd_paper_full_paper_pair_box_distribution_paper_instance_s0_e400_b64_s0_gpu1,ladd4090,cclkd_yolo11_or_diag
d0ef1dff884cf8f4bbc6636e4c24c96c45b55edc,online_cclkd_hbb_ogsod11n_from_yolo_formal_nomosaic_yolo11n_cclkd_paper_full_paper_pair_box_distribution_paper_instance_s0_e400_b64_s0_gpu1,_remote_backups/4090_20260618/runs_public/ogsod/hbb/formal_nomosaic_20260528/comparisons/online_cclkd/yolo11n/paper_ablation/online_cclkd_hbb_ogsod11n_from_yolo_formal_nomosaic_yolo11n_cclkd_paper_full_paper_pair_box_distribution_paper_instance_s0_e400_b64_s0_gpu1,online_cclkd_hbb_ogsod11n_from_yolo_formal_nomosaic_yolo11n_cclkd_paper_full_paper_pair_box_distribution_paper_instance_s0_e400_b64_s0_gpu1,ladd/results/archive_legacy_ladd_20260618/ladd4090_shutdown_sync_20260614/evidence_raw/ladd4090/repo_root_snapshot/runs_public/ogsod/hbb/formal_nomosaic_20260528/comparisons/online_cclkd/yolo11n/paper_ablation/online_cclkd_hbb_ogsod11n_from_yolo_formal_nomosaic_yolo11n_cclkd_paper_full_paper_pair_box_distribution_paper_instance_s0_e400_b64_s0_gpu1,ladd4090,cclkd_yolo11_or_diag
d1c54318c6f90c6aaacd728d344c65f06f30e9f5,online_cclkd_hbb_ogsod11n_from_yolo_formal_nomosaic_yolo11n_cclkd_paper_lld_s0_e400_b64_s0_gpu0,_remote_backups/4090_20260618/runs_public/ogsod/hbb/formal_nomosaic_20260528/comparisons/online_cclkd/yolo11n/paper_ablation/online_cclkd_hbb_ogsod11n_from_yolo_formal_nomosaic_yolo11n_cclkd_paper_lld_s0_e400_b64_s0_gpu0,online_cclkd_hbb_ogsod11n_from_yolo_formal_nomosaic_yolo11n_cclkd_paper_lld_s0_e400_b64_s0_gpu0,_remote_backups/4090_20260618/runs_public/ogsod/hbb/formal_nomosaic_20260528/comparisons/online_cclkd/yolo11n/paper_ablation/online_cclkd_hbb_ogsod11n_from_yolo_formal_nomosaic_yolo11n_cclkd_paper_lld_s0_e400_b64_s0_gpu0,ladd4090,cclkd_yolo11_or_diag
d1c54318c6f90c6aaacd728d344c65f06f30e9f5,online_cclkd_hbb_ogsod11n_from_yolo_formal_nomosaic_yolo11n_cclkd_paper_lld_s0_e400_b64_s0_gpu0,_remote_backups/4090_20260618/runs_public/ogsod/hbb/formal_nomosaic_20260528/comparisons/online_cclkd/yolo11n/paper_ablation/online_cclkd_hbb_ogsod11n_from_yolo_formal_nomosaic_yolo11n_cclkd_paper_lld_s0_e400_b64_s0_gpu0,online_cclkd_hbb_ogsod11n_from_yolo_formal_nomosaic_yolo11n_cclkd_paper_lld_s0_e400_b64_s0_gpu0,ladd/results/archive_legacy_ladd_20260618/ladd4090_shutdown_sync_20260614/evidence_raw/ladd4090/repo_root_snapshot/runs_public/ogsod/hbb/formal_nomosaic_20260528/comparisons/online_cclkd/yolo11n/paper_ablation/online_cclkd_hbb_ogsod11n_from_yolo_formal_nomosaic_yolo11n_cclkd_paper_lld_s0_e400_b64_s0_gpu0,ladd4090,cclkd_yolo11_or_diag
d2acbc782300ab637937608030cf664bff5b9a05,sar_yolo11s_hbb_cclkd_paper_400ep_mosaic1_mixup01_b32_s0,_remote_backups/4090_20260618/runs_public/ogsod/hbb/cclkd_reproduction_baselines/sar/sar_yolo11s_hbb_cclkd_paper_400ep_mosaic1_mixup01_b32_s0,sar_yolo11s_hbb_cclkd_paper_400ep_mosaic1_mixup01_b32_s0,_remote_backups/4090_20260618/runs_public/ogsod/hbb/cclkd_reproduction_baselines/sar/sar_yolo11s_hbb_cclkd_paper_400ep_mosaic1_mixup01_b32_s0,ladd4090,cclkd_yolo11_or_diag
d2acbc782300ab637937608030cf664bff5b9a05,sar_yolo11s_hbb_cclkd_paper_400ep_mosaic1_mixup01_b32_s0,_remote_backups/4090_20260618/runs_public/ogsod/hbb/cclkd_reproduction_baselines/sar/sar_yolo11s_hbb_cclkd_paper_400ep_mosaic1_mixup01_b32_s0,sar_yolo11s_hbb_cclkd_paper_400ep_mosaic1_mixup01_b32_s0,cclkd_reproduction/diagnostics/20260607_protocol_gap/server_artifacts/dual4090/runs_public/ogsod/hbb/cclkd_reproduction_baselines/sar/sar_yolo11s_hbb_cclkd_paper_400ep_mosaic1_mixup01_b32_s0,dual4090_old,cclkd_yolo11_or_diag
d6581248569aaddfc86599d3505f48bd0f31af17,hallucidet_yolo11n_s0_800ep_img256_b16_autodl_20260613,remote_backups/autodl_20260614_critical/formal_nomosaic_20260528/comparisons/hallucidet_standalone/yolo11n/hallucidet_yolo11n_s0_800ep_img256_b16_autodl_20260613,hallucidet_yolo11n_s0_800ep_img256_b16_autodl_20260613,comparison/results_shutdown_sync_20260614/evidence_raw/autodl/runs_public/ogsod/hbb/formal_nomosaic_20260528/comparisons/hallucidet_standalone/yolo11n/hallucidet_yolo11n_s0_800ep_img256_b16_autodl_20260613,autodl,comparison
d6581248569aaddfc86599d3505f48bd0f31af17,hallucidet_yolo11n_s0_800ep_img256_b16_autodl_20260613,remote_backups/autodl_20260614_critical/formal_nomosaic_20260528/comparisons/hallucidet_standalone/yolo11n/hallucidet_yolo11n_s0_800ep_img256_b16_autodl_20260613,hallucidet_yolo11n_s0_800ep_img256_b16_autodl_20260613,remote_backups/autodl_20260614_critical/formal_nomosaic_20260528/comparisons/hallucidet_standalone/yolo11n/hallucidet_yolo11n_s0_800ep_img256_b16_autodl_20260613,autodl,comparison
d96171d50bbd3100d38fe4531952c00c52906d6f,online_cclkd_hbb_ogsod11n_from_yolo_formal_nomosaic_yolo11n_cclkd_online_from_yolo_s0_laddproto400_auto_sepclip_patmpos_cclanchor_ccl_only_e400_b64_s0_gpu1,_remote_backups/4090_20260618/runs_public/ogsod/hbb/formal_nomosaic_20260528/comparisons/online_cclkd/yolo11n/cclkd_auto_sepclip_patmpos_cclanchor/online_cclkd_hbb_ogsod11n_from_yolo_formal_nomosaic_yolo11n_cclkd_online_from_yolo_s0_laddproto400_auto_sepclip_patmpos_cclanchor_ccl_only_e400_b64_s0_gpu1,online_cclkd_hbb_ogsod11n_from_yolo_formal_nomosaic_yolo11n_cclkd_online_from_yolo_s0_laddproto400_auto_sepclip_patmpos_cclanchor_ccl_only_e400_b64_s0_gpu1,_remote_backups/4090_20260618/runs_public/ogsod/hbb/formal_nomosaic_20260528/comparisons/online_cclkd/yolo11n/cclkd_auto_sepclip_patmpos_cclanchor/online_cclkd_hbb_ogsod11n_from_yolo_formal_nomosaic_yolo11n_cclkd_online_from_yolo_s0_laddproto400_auto_sepclip_patmpos_cclanchor_ccl_only_e400_b64_s0_gpu1,ladd4090,cclkd_yolo11_or_diag
d96171d50bbd3100d38fe4531952c00c52906d6f,online_cclkd_hbb_ogsod11n_from_yolo_formal_nomosaic_yolo11n_cclkd_online_from_yolo_s0_laddproto400_auto_sepclip_patmpos_cclanchor_ccl_only_e400_b64_s0_gpu1,_remote_backups/4090_20260618/runs_public/ogsod/hbb/formal_nomosaic_20260528/comparisons/online_cclkd/yolo11n/cclkd_auto_sepclip_patmpos_cclanchor/online_cclkd_hbb_ogsod11n_from_yolo_formal_nomosaic_yolo11n_cclkd_online_from_yolo_s0_laddproto400_auto_sepclip_patmpos_cclanchor_ccl_only_e400_b64_s0_gpu1,online_cclkd_hbb_ogsod11n_from_yolo_formal_nomosaic_yolo11n_cclkd_online_from_yolo_s0_laddproto400_auto_sepclip_patmpos_cclanchor_ccl_only_e400_b64_s0_gpu1,ladd/results/archive_legacy_ladd_20260618/ladd4090_shutdown_sync_20260614/evidence_raw/ladd4090/repo_root_snapshot/runs_public/ogsod/hbb/formal_nomosaic_20260528/comparisons/online_cclkd/yolo11n/cclkd_auto_sepclip_patmpos_cclanchor/online_cclkd_hbb_ogsod11n_from_yolo_formal_nomosaic_yolo11n_cclkd_online_from_yolo_s0_laddproto400_auto_sepclip_patmpos_cclanchor_ccl_only_e400_b64_s0_gpu1,ladd4090,cclkd_yolo11_or_diag
de8f389240bce48910cfe036ea9203e638e29dbc,transfer_hallucidet_style_hbb_ogsod11s_from_yolo_formal_nomosaic_yolo11s_hallucidet_style_v2_20260612_hallucidet_from_yolo_clean_from_yolo_s0_b_e800_b64_s0_gpu0,_remote_backups/4090_20260618/runs_public/ogsod/hbb/formal_nomosaic_20260528/comparisons/from_yolo_pretrain/yolo11s/hallucidet_style/transfer_hallucidet_style_hbb_ogsod11s_from_yolo_formal_nomosaic_yolo11s_hallucidet_style_v2_20260612_hallucidet_from_yolo_clean_from_yolo_s0_b_e800_b64_s0_gpu0,transfer_hallucidet_style_hbb_ogsod11s_from_yolo_formal_nomosaic_yolo11s_hallucidet_style_v2_20260612_hallucidet_from_yolo_clean_from_yolo_s0_b_e800_b64_s0_gpu0,_remote_backups/4090_20260618/runs_public/ogsod/hbb/formal_nomosaic_20260528/comparisons/from_yolo_pretrain/yolo11s/hallucidet_style/transfer_hallucidet_style_hbb_ogsod11s_from_yolo_formal_nomosaic_yolo11s_hallucidet_style_v2_20260612_hallucidet_from_yolo_clean_from_yolo_s0_b_e800_b64_s0_gpu0,ladd4090,comparison
de8f389240bce48910cfe036ea9203e638e29dbc,transfer_hallucidet_style_hbb_ogsod11s_from_yolo_formal_nomosaic_yolo11s_hallucidet_style_v2_20260612_hallucidet_from_yolo_clean_from_yolo_s0_b_e800_b64_s0_gpu0,_remote_backups/4090_20260618/runs_public/ogsod/hbb/formal_nomosaic_20260528/comparisons/from_yolo_pretrain/yolo11s/hallucidet_style/transfer_hallucidet_style_hbb_ogsod11s_from_yolo_formal_nomosaic_yolo11s_hallucidet_style_v2_20260612_hallucidet_from_yolo_clean_from_yolo_s0_b_e800_b64_s0_gpu0,transfer_hallucidet_style_hbb_ogsod11s_from_yolo_formal_nomosaic_yolo11s_hallucidet_style_v2_20260612_hallucidet_from_yolo_clean_from_yolo_s0_b_e800_b64_s0_gpu0,ladd/results/archive_legacy_ladd_20260618/ladd4090_shutdown_sync_20260614/evidence_raw/ladd4090/repo_root_snapshot/runs_public/ogsod/hbb/formal_nomosaic_20260528/comparisons/from_yolo_pretrain/yolo11s/hallucidet_style/transfer_hallucidet_style_hbb_ogsod11s_from_yolo_formal_nomosaic_yolo11s_hallucidet_style_v2_20260612_hallucidet_from_yolo_clean_from_yolo_s0_b_e800_b64_s0_gpu0,ladd4090,comparison
e00c2a035f1652cbc1cfee16d616536c537b7e95,online_cclkd_hbb_ogsod11n_from_yolo_formal_nomosaic_yolo11n_cclkd_paper_full_paper_pair_box_distribution_paper_instance_s0_e400_b64_s0_gpu0,_remote_backups/4090_20260618/runs_public/ogsod/hbb/formal_nomosaic_20260528/comparisons/online_cclkd/yolo11n/paper_ablation/online_cclkd_hbb_ogsod11n_from_yolo_formal_nomosaic_yolo11n_cclkd_paper_full_paper_pair_box_distribution_paper_instance_s0_e400_b64_s0_gpu0,online_cclkd_hbb_ogsod11n_from_yolo_formal_nomosaic_yolo11n_cclkd_paper_full_paper_pair_box_distribution_paper_instance_s0_e400_b64_s0_gpu0,_remote_backups/4090_20260618/runs_public/ogsod/hbb/formal_nomosaic_20260528/comparisons/online_cclkd/yolo11n/paper_ablation/online_cclkd_hbb_ogsod11n_from_yolo_formal_nomosaic_yolo11n_cclkd_paper_full_paper_pair_box_distribution_paper_instance_s0_e400_b64_s0_gpu0,ladd4090,cclkd_yolo11_or_diag
e00c2a035f1652cbc1cfee16d616536c537b7e95,online_cclkd_hbb_ogsod11n_from_yolo_formal_nomosaic_yolo11n_cclkd_paper_full_paper_pair_box_distribution_paper_instance_s0_e400_b64_s0_gpu0,_remote_backups/4090_20260618/runs_public/ogsod/hbb/formal_nomosaic_20260528/comparisons/online_cclkd/yolo11n/paper_ablation/online_cclkd_hbb_ogsod11n_from_yolo_formal_nomosaic_yolo11n_cclkd_paper_full_paper_pair_box_distribution_paper_instance_s0_e400_b64_s0_gpu0,online_cclkd_hbb_ogsod11n_from_yolo_formal_nomosaic_yolo11n_cclkd_paper_full_paper_pair_box_distribution_paper_instance_s0_e400_b64_s0_gpu0,ladd/results/archive_legacy_ladd_20260618/ladd4090_shutdown_sync_20260614/evidence_raw/ladd4090/repo_root_snapshot/runs_public/ogsod/hbb/formal_nomosaic_20260528/comparisons/online_cclkd/yolo11n/paper_ablation/online_cclkd_hbb_ogsod11n_from_yolo_formal_nomosaic_yolo11n_cclkd_paper_full_paper_pair_box_distribution_paper_instance_s0_e400_b64_s0_gpu0,ladd4090,cclkd_yolo11_or_diag
e2f07051f02eb3e9dbffa3abaf7c5d45ed42d499,ladd_hbb_ogsod11n_ladd800r2_legacy_s42_b_e800_b64_s42_gpu5,ladd/results/archive_legacy_ladd_20260618/converged_mainline_ladd_20260613/source/mosaic90/ladd_b_runs/ladd_hbb_ogsod11n_ladd800r2_legacy_s42_b_e800_b64_s42_gpu5,ladd_hbb_ogsod11n_ladd800r2_legacy_s42_b_e800_b64_s42_gpu5,docs/experiments/archive_legacy_ladd_20260618/legacy_mosaic_protocols/ladd_mosaic90_20260528_artifacts/ladd_b_runs/ladd_hbb_ogsod11n_ladd800r2_legacy_s42_b_e800_b64_s42_gpu5,ladd90,ladd
e2f07051f02eb3e9dbffa3abaf7c5d45ed42d499,ladd_hbb_ogsod11n_ladd800r2_legacy_s42_b_e800_b64_s42_gpu5,ladd/results/archive_legacy_ladd_20260618/converged_mainline_ladd_20260613/source/mosaic90/ladd_b_runs/ladd_hbb_ogsod11n_ladd800r2_legacy_s42_b_e800_b64_s42_gpu5,ladd_hbb_ogsod11n_ladd800r2_legacy_s42_b_e800_b64_s42_gpu5,ladd/results/archive_legacy_ladd_20260618/converged_mainline_ladd_20260613/source/mosaic90/ladd_b_runs/ladd_hbb_ogsod11n_ladd800r2_legacy_s42_b_e800_b64_s42_gpu5,ladd90,ladd
e93afd0e1c0ea3a697ceb3916eb8676f38636934,ladd_hbb_ogsod11n_formal_nomosaic_yolo11n_cap2_s0_b800sched_N1_baselast_continue_20260614_autodl_b_e800_b64_s0_gpu0,remote_backups/autodl_20260614_critical/formal_nomosaic_20260528/ladd/yolo11n/cap2/ladd_hbb_ogsod11n_formal_nomosaic_yolo11n_cap2_s0_b800sched_N1_baselast_continue_20260614_autodl_b_e800_b64_s0_gpu0,ladd_hbb_ogsod11n_formal_nomosaic_yolo11n_cap2_s0_b800sched_N1_baselast_continue_20260614_autodl_b_e800_b64_s0_gpu0,ladd/results/archive_legacy_ladd_20260618/autodl_shutdown_sync_20260614/evidence_raw/autodl/runs_public/ogsod/hbb/formal_nomosaic_20260528/ladd/yolo11n/cap2/ladd_hbb_ogsod11n_formal_nomosaic_yolo11n_cap2_s0_b800sched_N1_baselast_continue_20260614_autodl_b_e800_b64_s0_gpu0,autodl,ladd
e93afd0e1c0ea3a697ceb3916eb8676f38636934,ladd_hbb_ogsod11n_formal_nomosaic_yolo11n_cap2_s0_b800sched_N1_baselast_continue_20260614_autodl_b_e800_b64_s0_gpu0,remote_backups/autodl_20260614_critical/formal_nomosaic_20260528/ladd/yolo11n/cap2/ladd_hbb_ogsod11n_formal_nomosaic_yolo11n_cap2_s0_b800sched_N1_baselast_continue_20260614_autodl_b_e800_b64_s0_gpu0,ladd_hbb_ogsod11n_formal_nomosaic_yolo11n_cap2_s0_b800sched_N1_baselast_continue_20260614_autodl_b_e800_b64_s0_gpu0,remote_backups/autodl_20260614_critical/formal_nomosaic_20260528/ladd/yolo11n/cap2/ladd_hbb_ogsod11n_formal_nomosaic_yolo11n_cap2_s0_b800sched_N1_baselast_continue_20260614_autodl_b_e800_b64_s0_gpu0,autodl,ladd
ec8b89b14cedda71d694ba599426a22acb6d8bba,transfer_hallucidet_style_hbb_ogsod11s_formal_nomosaic_yolo11s_hallucidet_style_v2_20260610_transfer_s0_b_e800_b64_s0_gpu0,_remote_backups/4090_20260618/runs_public/ogsod/hbb/formal_nomosaic_20260528/comparisons/transferred_kd/yolo11s/hallucidet_style/transfer_hallucidet_style_hbb_ogsod11s_formal_nomosaic_yolo11s_hallucidet_style_v2_20260610_transfer_s0_b_e800_b64_s0_gpu0,transfer_hallucidet_style_hbb_ogsod11s_formal_nomosaic_yolo11s_hallucidet_style_v2_20260610_transfer_s0_b_e800_b64_s0_gpu0,_remote_backups/4090_20260618/runs_public/ogsod/hbb/formal_nomosaic_20260528/comparisons/transferred_kd/yolo11s/hallucidet_style/transfer_hallucidet_style_hbb_ogsod11s_formal_nomosaic_yolo11s_hallucidet_style_v2_20260610_transfer_s0_b_e800_b64_s0_gpu0,ladd4090,comparison
ec8b89b14cedda71d694ba599426a22acb6d8bba,transfer_hallucidet_style_hbb_ogsod11s_formal_nomosaic_yolo11s_hallucidet_style_v2_20260610_transfer_s0_b_e800_b64_s0_gpu0,_remote_backups/4090_20260618/runs_public/ogsod/hbb/formal_nomosaic_20260528/comparisons/transferred_kd/yolo11s/hallucidet_style/transfer_hallucidet_style_hbb_ogsod11s_formal_nomosaic_yolo11s_hallucidet_style_v2_20260610_transfer_s0_b_e800_b64_s0_gpu0,transfer_hallucidet_style_hbb_ogsod11s_formal_nomosaic_yolo11s_hallucidet_style_v2_20260610_transfer_s0_b_e800_b64_s0_gpu0,ladd/results/archive_legacy_ladd_20260618/ladd4090_shutdown_sync_20260614/evidence_raw/ladd4090/repo_root_snapshot/runs_public/ogsod/hbb/formal_nomosaic_20260528/comparisons/transferred_kd/yolo11s/hallucidet_style/transfer_hallucidet_style_hbb_ogsod11s_formal_nomosaic_yolo11s_hallucidet_style_v2_20260610_transfer_s0_b_e800_b64_s0_gpu0,ladd4090,comparison
f1dafe965a663b2f8eec8d061b3793798e07ec57,transfer_ld_hbb_ogsod11n_formal_nomosaic_yolo11n_ld_v2_20260610_runtime_smoke_transfer_s0_b_e20_b64_s0_gpu1,_remote_backups/4090_20260618/runs_public/ogsod/hbb/formal_nomosaic_20260528/comparisons/transferred_kd/yolo11n/ld/transfer_ld_hbb_ogsod11n_formal_nomosaic_yolo11n_ld_v2_20260610_runtime_smoke_transfer_s0_b_e20_b64_s0_gpu1,transfer_ld_hbb_ogsod11n_formal_nomosaic_yolo11n_ld_v2_20260610_runtime_smoke_transfer_s0_b_e20_b64_s0_gpu1,_remote_backups/4090_20260618/runs_public/ogsod/hbb/formal_nomosaic_20260528/comparisons/transferred_kd/yolo11n/ld/transfer_ld_hbb_ogsod11n_formal_nomosaic_yolo11n_ld_v2_20260610_runtime_smoke_transfer_s0_b_e20_b64_s0_gpu1,ladd4090,comparison
f1dafe965a663b2f8eec8d061b3793798e07ec57,transfer_ld_hbb_ogsod11n_formal_nomosaic_yolo11n_ld_v2_20260610_runtime_smoke_transfer_s0_b_e20_b64_s0_gpu1,_remote_backups/4090_20260618/runs_public/ogsod/hbb/formal_nomosaic_20260528/comparisons/transferred_kd/yolo11n/ld/transfer_ld_hbb_ogsod11n_formal_nomosaic_yolo11n_ld_v2_20260610_runtime_smoke_transfer_s0_b_e20_b64_s0_gpu1,transfer_ld_hbb_ogsod11n_formal_nomosaic_yolo11n_ld_v2_20260610_runtime_smoke_transfer_s0_b_e20_b64_s0_gpu1,ladd/results/archive_legacy_ladd_20260618/ladd4090_shutdown_sync_20260614/evidence_raw/ladd4090/repo_root_snapshot/runs_public/ogsod/hbb/formal_nomosaic_20260528/comparisons/transferred_kd/yolo11n/ld/transfer_ld_hbb_ogsod11n_formal_nomosaic_yolo11n_ld_v2_20260610_runtime_smoke_transfer_s0_b_e20_b64_s0_gpu1,ladd4090,comparison
f37854bf4294460ffc2574ef4c50066ecc75f191,online_cclkd_hbb_ogsod11n_from_yolo_formal_nomosaic_yolo11n_cclkd_paper_atkd_s0_rldpatmfix_e400_b64_s0_gpu1,_remote_backups/4090_20260618/runs_public/ogsod/hbb/formal_nomosaic_20260528/comparisons/online_cclkd/yolo11n/paper_ablation/online_cclkd_hbb_ogsod11n_from_yolo_formal_nomosaic_yolo11n_cclkd_paper_atkd_s0_rldpatmfix_e400_b64_s0_gpu1,online_cclkd_hbb_ogsod11n_from_yolo_formal_nomosaic_yolo11n_cclkd_paper_atkd_s0_rldpatmfix_e400_b64_s0_gpu1,_remote_backups/4090_20260618/runs_public/ogsod/hbb/formal_nomosaic_20260528/comparisons/online_cclkd/yolo11n/paper_ablation/online_cclkd_hbb_ogsod11n_from_yolo_formal_nomosaic_yolo11n_cclkd_paper_atkd_s0_rldpatmfix_e400_b64_s0_gpu1,ladd4090,cclkd_yolo11_or_diag
f37854bf4294460ffc2574ef4c50066ecc75f191,online_cclkd_hbb_ogsod11n_from_yolo_formal_nomosaic_yolo11n_cclkd_paper_atkd_s0_rldpatmfix_e400_b64_s0_gpu1,_remote_backups/4090_20260618/runs_public/ogsod/hbb/formal_nomosaic_20260528/comparisons/online_cclkd/yolo11n/paper_ablation/online_cclkd_hbb_ogsod11n_from_yolo_formal_nomosaic_yolo11n_cclkd_paper_atkd_s0_rldpatmfix_e400_b64_s0_gpu1,online_cclkd_hbb_ogsod11n_from_yolo_formal_nomosaic_yolo11n_cclkd_paper_atkd_s0_rldpatmfix_e400_b64_s0_gpu1,ladd/results/archive_legacy_ladd_20260618/ladd4090_shutdown_sync_20260614/evidence_raw/ladd4090/repo_root_snapshot/runs_public/ogsod/hbb/formal_nomosaic_20260528/comparisons/online_cclkd/yolo11n/paper_ablation/online_cclkd_hbb_ogsod11n_from_yolo_formal_nomosaic_yolo11n_cclkd_paper_atkd_s0_rldpatmfix_e400_b64_s0_gpu1,ladd4090,cclkd_yolo11_or_diag
