epoch,time,train/box_loss,train/cls_loss,train/dfl_loss,train/angle_loss,train/t_rec_loss,train/t_sep_loss,train/reach_match_loss,train/reach_rank_loss,train/task_loss,train/kd_loss,train/s_rec_loss,train/s_sep_loss,train/r_aux_loss,train/u_aux_loss,train/mask_reg_loss,train/recon_task_loss,train/rs_comp_loss,train/r_obb_loss,train/s_repel_loss,train/path_b_loss,train/r_sar_loss,train/dkd_loss,train/proto_cls_loss,train/d_pos_mean,train/d_neg_mean,train/rank_gap_mean,train/r_aux_fg_mean,train/r_aux_bg_mean,train/u_aux_fg_mean,train/u_aux_bg_mean,train/mask_mean,train/mask_std,train/mask_fg_mean,train/mask_bg_mean,metrics/precision(B),metrics/recall(B),metrics/mAP50(B),metrics/mAP50-95(B),val/box_loss,val/cls_loss,val/dfl_loss,val/angle_loss,val/t_rec_loss,val/t_sep_loss,val/reach_match_loss,val/reach_rank_loss,val/task_loss,val/kd_loss,val/s_rec_loss,val/s_sep_loss,val/r_aux_loss,val/u_aux_loss,val/mask_reg_loss,val/recon_task_loss,val/rs_comp_loss,val/r_obb_loss,val/s_repel_loss,val/path_b_loss,val/r_sar_loss,val/dkd_loss,val/proto_cls_loss,val/d_pos_mean,val/d_neg_mean,val/rank_gap_mean,val/r_aux_fg_mean,val/r_aux_bg_mean,val/u_aux_fg_mean,val/u_aux_bg_mean,val/mask_mean,val/mask_std,val/mask_fg_mean,val/mask_bg_mean,phase_stop_fitness,lr/pg0,lr/pg1,lr/pg2,lr/pg3,lr/pg4,lr/pg5,lr/pg6,lr/pg7
1,110.38,0.97483,0.49079,0.82474,0,0,0,0,0,0,1.14512,0.0477,0.00686,0.0005,0,0,0,0,0,0,0,0,0,0,0,0,0,0.57604,0.24979,0,0,0.49092,0.04772,0.49521,0.4916,0.8122,0.76772,0.80504,0.53054,1.22172,0.56471,0.86109,0,0,0,0,0,0,0,0,0,0,0,0,0,0,0,0,0,0,0,0,0,0,0,0,0,0,0,0,0,0,0,0.53054,0.003,0.001,0.003,0.001,0.003,0.001,0.003,0.001
2,205.076,1.00362,0.49996,0.82675,0,0,0,0,0,0,0.31094,0.03798,0.00538,0.00018,0,0,0,0,0,0,0,0,0,0,0,0,0,0.54256,0.25444,0,0,0.4909,0.0476,0.49967,0.49193,0.84779,0.7803,0.818,0.53521,1.25138,0.56477,0.86568,0,0,0,0,0,0,0,0,0,0,0,0,0,0,0,0,0,0,0,0,0,0,0,0,0,0,0,0,0,0,0,0.53521,0.00299999,0.000999996,0.00299999,0.000999996,0.00299999,0.000999996,0.00299999,0.000999996
3,300.752,1.00949,0.5025,0.82825,0,0,0,0,0,0,0.24425,0.03143,0.00362,0.00012,0,0,0,0,0,0,0,0,0,0,0,0,0,0.54125,0.26163,0,0,0.49094,0.04767,0.49741,0.49177,0.82422,0.77809,0.81542,0.52988,1.23932,0.56327,0.86432,0,0,0,0,0,0,0,0,0,0,0,0,0,0,0,0,0,0,0,0,0,0,0,0,0,0,0,0,0,0,0,0.52988,0.00299995,0.000999985,0.00299995,0.000999985,0.00299995,0.000999985,0.00299995,0.000999985
4,395.896,1.00534,0.50224,0.82891,0,0,0,0,0,0,0.22312,0.02663,0.00279,0.00015,0,0,0,0,0,0,0,0,0,0,0,0,0,0.54921,0.26763,0,0,0.49092,0.04766,0.49752,0.49163,0.85258,0.78186,0.82388,0.54068,1.1824,0.54655,0.85586,0,0,0,0,0,0,0,0,0,0,0,0,0,0,0,0,0,0,0,0,0,0,0,0,0,0,0,0,0,0,0,0.54068,0.0029999,0.000999966,0.0029999,0.000999966,0.0029999,0.000999966,0.0029999,0.000999966
5,490.707,1.01236,0.5052,0.83056,0,0,0,0,0,0,0.22673,0.02288,0.00203,3e-05,0,0,0,0,0,0,0,0,0,0,0,0,0,0.55712,0.27485,0,0,0.4909,0.04771,0.49905,0.49184,0.83822,0.7575,0.79732,0.52252,1.23535,0.56194,0.86279,0,0,0,0,0,0,0,0,0,0,0,0,0,0,0,0,0,0,0,0,0,0,0,0,0,0,0,0,0,0,0,0.52252,0.00299982,0.000999939,0.00299982,0.000999939,0.00299982,0.000999939,0.00299982,0.000999939
6,586.376,1.0194,0.50778,0.83084,0,0,0,0,0,0,0.23951,0.01978,0.00178,1e-05,0,0,0,0,0,0,0,0,0,0,0,0,0,0.5699,0.27783,0,0,0.49091,0.0477,0.49755,0.49174,0.83112,0.7719,0.81328,0.53152,1.22581,0.56789,0.8636,0,0,0,0,0,0,0,0,0,0,0,0,0,0,0,0,0,0,0,0,0,0,0,0,0,0,0,0,0,0,0,0.53152,0.00299971,0.000999905,0.00299971,0.000999905,0.00299971,0.000999905,0.00299971,0.000999905
7,681.676,1.02224,0.50532,0.83073,0,0,0,0,0,0,0.1917,0.01732,0.00152,7e-05,0,0,0,0,0,0,0,0,0,0,0,0,0,0.58248,0.2799,0,0,0.49093,0.04769,0.4984,0.49183,0.82634,0.76614,0.80291,0.52836,1.24286,0.56868,0.86294,0,0,0,0,0,0,0,0,0,0,0,0,0,0,0,0,0,0,0,0,0,0,0,0,0,0,0,0,0,0,0,0.52836,0.00299959,0.000999863,0.00299959,0.000999863,0.00299959,0.000999863,0.00299959,0.000999863
8,776.698,1.01808,0.50642,0.83034,0,0,0,0,0,0,0.2008,0.01535,0.00157,0,0,0,0,0,0,0,0,0,0,0,0,0,0,0.59671,0.27969,0,0,0.49093,0.04772,0.49644,0.49171,0.83471,0.77011,0.81387,0.53542,1.20629,0.5634,0.86022,0,0,0,0,0,0,0,0,0,0,0,0,0,0,0,0,0,0,0,0,0,0,0,0,0,0,0,0,0,0,0,0.53542,0.00299944,0.000999813,0.00299944,0.000999813,0.00299944,0.000999813,0.00299944,0.000999813
9,874.679,1.01686,0.5072,0.82982,0,0,0,0,0,0,0.18494,0.01351,0.00124,0,0,0,0,0,0,0,0,0,0,0,0,0,0,0.61404,0.27886,0,0,0.49085,0.04768,0.49782,0.49175,0.84686,0.75943,0.80926,0.53347,1.20791,0.55154,0.86004,0,0,0,0,0,0,0,0,0,0,0,0,0,0,0,0,0,0,0,0,0,0,0,0,0,0,0,0,0,0,0,0.53347,0.00299927,0.000999756,0.00299927,0.000999756,0.00299927,0.000999756,0.00299927,0.000999756
10,970.424,1.01902,0.50672,0.83268,0,0,0,0,0,0,0.19599,0.01239,0.00138,1e-05,0,0,0,0,0,0,0,0,0,0,0,0,0,0.62243,0.27671,0,0,0.49088,0.04772,0.49753,0.49178,0.83566,0.76919,0.81136,0.53118,1.20901,0.55217,0.85933,0,0,0,0,0,0,0,0,0,0,0,0,0,0,0,0,0,0,0,0,0,0,0,0,0,0,0,0,0,0,0,0.53118,0.00299907,0.000999691,0.00299907,0.000999691,0.00299907,0.000999691,0.00299907,0.000999691
11,1066.11,1.02284,0.5105,0.83119,0,0,0,0,0,0,0.19105,0.0113,0.00127,8e-05,0,0,0,0,0,0,0,0,0,0,0,0,0,0.62907,0.27233,0,0,0.49095,0.04767,0.49792,0.49175,0.83573,0.77055,0.8106,0.53258,1.2243,0.55238,0.8613,0,0,0,0,0,0,0,0,0,0,0,0,0,0,0,0,0,0,0,0,0,0,0,0,0,0,0,0,0,0,0,0.53258,0.00299886,0.000999618,0.00299886,0.000999618,0.00299886,0.000999618,0.00299886,0.000999618
12,1159.48,1.0239,0.51039,0.82963,0,0,0,0,0,0,0.17881,0.01025,0.00146,0.00017,0,0,0,0,0,0,0,0,0,0,0,0,0,0.63189,0.26734,0,0,0.49093,0.04769,0.49965,0.49182,0.83338,0.7775,0.81507,0.53253,1.20763,0.54748,0.8618,0,0,0,0,0,0,0,0,0,0,0,0,0,0,0,0,0,0,0,0,0,0,0,0,0,0,0,0,0,0,0,0.53253,0.00299861,0.000999538,0.00299861,0.000999538,0.00299861,0.000999538,0.00299861,0.000999538
13,1251.91,1.02021,0.50654,0.83193,0,0,0,0,0,0,0.16885,0.00953,0.00099,3e-05,0,0,0,0,0,0,0,0,0,0,0,0,0,0.64052,0.2628,0,0,0.49088,0.04773,0.49871,0.49192,0.83697,0.77454,0.815,0.53222,1.21677,0.5538,0.86243,0,0,0,0,0,0,0,0,0,0,0,0,0,0,0,0,0,0,0,0,0,0,0,0,0,0,0,0,0,0,0,0.53222,0.00299835,0.00099945,0.00299835,0.00099945,0.00299835,0.00099945,0.00299835,0.00099945
14,1346.29,1.01985,0.50786,0.8311,0,0,0,0,0,0,0.16654,0.00912,0.00122,7e-05,0,0,0,0,0,0,0,0,0,0,0,0,0,0.63861,0.26179,0,0,0.491,0.0477,0.49792,0.49187,0.83654,0.77875,0.81734,0.53624,1.19879,0.54766,0.85513,0,0,0,0,0,0,0,0,0,0,0,0,0,0,0,0,0,0,0,0,0,0,0,0,0,0,0,0,0,0,0,0.53624,0.00299807,0.000999355,0.00299807,0.000999355,0.00299807,0.000999355,0.00299807,0.000999355
15,1438.84,1.02516,0.50796,0.83094,0,0,0,0,0,0,0.15577,0.00842,0.00085,0,0,0,0,0,0,0,0,0,0,0,0,0,0,0.63236,0.25889,0,0,0.49092,0.04768,0.50015,0.49201,0.83447,0.78406,0.81926,0.53832,1.19948,0.54932,0.85679,0,0,0,0,0,0,0,0,0,0,0,0,0,0,0,0,0,0,0,0,0,0,0,0,0,0,0,0,0,0,0,0.53832,0.00299776,0.000999252,0.00299776,0.000999252,0.00299776,0.000999252,0.00299776,0.000999252
16,1533.78,1.02598,0.50679,0.82977,0,0,0,0,0,0,0.18148,0.00817,0.00117,0.00035,0,0,0,0,0,0,0,0,0,0,0,0,0,0.62485,0.25776,0,0,0.49091,0.04766,0.49734,0.49162,0.8317,0.77866,0.81499,0.52973,1.22682,0.55924,0.86166,0,0,0,0,0,0,0,0,0,0,0,0,0,0,0,0,0,0,0,0,0,0,0,0,0,0,0,0,0,0,0,0.52973,0.00299742,0.000999141,0.00299742,0.000999141,0.00299742,0.000999141,0.00299742,0.000999141
17,1626.82,1.0165,0.50633,0.82833,0,0,0,0,0,0,0.16646,0.00767,0.00107,3e-05,0,0,0,0,0,0,0,0,0,0,0,0,0,0.62304,0.25735,0,0,0.49094,0.0477,0.49781,0.4918,0.8318,0.77777,0.81373,0.53751,1.21351,0.55009,0.86008,0,0,0,0,0,0,0,0,0,0,0,0,0,0,0,0,0,0,0,0,0,0,0,0,0,0,0,0,0,0,0,0.53751,0.00299707,0.000999023,0.00299707,0.000999023,0.00299707,0.000999023,0.00299707,0.000999023
18,1729.89,1.02688,0.50921,0.83311,0,0,0,0,0,0,0.15625,0.0073,0.00081,3e-05,0,0,0,0,0,0,0,0,0,0,0,0,0,0.61684,0.25193,0,0,0.49091,0.04766,0.49991,0.49189,0.8372,0.78325,0.82343,0.54404,1.20605,0.54776,0.85879,0,0,0,0,0,0,0,0,0,0,0,0,0,0,0,0,0,0,0,0,0,0,0,0,0,0,0,0,0,0,0,0.54404,0.00299669,0.000998897,0.00299669,0.000998897,0.00299669,0.000998897,0.00299669,0.000998897
19,1864.8,1.02831,0.51174,0.8335,0,0,0,0,0,0,0.18012,0.00697,0.00098,3e-05,0,0,0,0,0,0,0,0,0,0,0,0,0,0.6067,0.24739,0,0,0.49094,0.04773,0.49624,0.49158,0.85043,0.77701,0.82225,0.53678,1.21643,0.55105,0.86099,0,0,0,0,0,0,0,0,0,0,0,0,0,0,0,0,0,0,0,0,0,0,0,0,0,0,0,0,0,0,0,0.53678,0.00299629,0.000998764,0.00299629,0.000998764,0.00299629,0.000998764,0.00299629,0.000998764
20,1959.44,1.03061,0.51403,0.8314,0,0,0,0,0,0,0.17443,0.00673,0.00103,8e-05,0,0,0,0,0,0,0,0,0,0,0,0,0,0.60152,0.24693,0,0,0.49083,0.04769,0.49809,0.4916,0.84152,0.77138,0.80915,0.53297,1.19651,0.54525,0.85704,0,0,0,0,0,0,0,0,0,0,0,0,0,0,0,0,0,0,0,0,0,0,0,0,0,0,0,0,0,0,0,0.53297,0.00299587,0.000998623,0.00299587,0.000998623,0.00299587,0.000998623,0.00299587,0.000998623
21,2052.52,1.03413,0.51295,0.83558,0,0,0,0,0,0,0.17045,0.00653,0.00135,5e-05,0,0,0,0,0,0,0,0,0,0,0,0,0,0.60679,0.24714,0,0,0.49092,0.04772,0.49515,0.49164,0.85814,0.77538,0.82168,0.53352,1.23308,0.55043,0.86503,0,0,0,0,0,0,0,0,0,0,0,0,0,0,0,0,0,0,0,0,0,0,0,0,0,0,0,0,0,0,0,0.53352,0.00299542,0.000998474,0.00299542,0.000998474,0.00299542,0.000998474,0.00299542,0.000998474
22,2147.17,1.02121,0.50562,0.83218,0,0,0,0,0,0,0.16314,0.0063,0.00095,4e-05,0,0,0,0,0,0,0,0,0,0,0,0,0,0.60852,0.24627,0,0,0.49092,0.04771,0.49781,0.49172,0.84472,0.78197,0.82009,0.53683,1.21731,0.54951,0.86107,0,0,0,0,0,0,0,0,0,0,0,0,0,0,0,0,0,0,0,0,0,0,0,0,0,0,0,0,0,0,0,0.53683,0.00299495,0.000998318,0.00299495,0.000998318,0.00299495,0.000998318,0.00299495,0.000998318
23,2240.05,1.02814,0.50826,0.83579,0,0,0,0,0,0,0.15606,0.00612,0.00098,1e-05,0,0,0,0,0,0,0,0,0,0,0,0,0,0.6008,0.23941,0,0,0.49099,0.04765,0.49769,0.49179,0.83733,0.77659,0.81757,0.53819,1.18979,0.54392,0.85713,0,0,0,0,0,0,0,0,0,0,0,0,0,0,0,0,0,0,0,0,0,0,0,0,0,0,0,0,0,0,0,0.53819,0.00299446,0.000998154,0.00299446,0.000998154,0.00299446,0.000998154,0.00299446,0.000998154
24,2335.67,1.03818,0.51259,0.83504,0,0,0,0,0,0,0.15927,0.00591,0.0009,3e-05,0,0,0,0,0,0,0,0,0,0,0,0,0,0.58973,0.23812,0,0,0.49091,0.0477,0.49732,0.49165,0.84164,0.7835,0.82001,0.54317,1.194,0.54553,0.85786,0,0,0,0,0,0,0,0,0,0,0,0,0,0,0,0,0,0,0,0,0,0,0,0,0,0,0,0,0,0,0,0.54317,0.00299395,0.000997982,0.00299395,0.000997982,0.00299395,0.000997982,0.00299395,0.000997982
25,2454.02,1.03663,0.514,0.8331,0,0,0,0,0,0,0.15013,0.00573,0.00172,1e-05,0,0,0,0,0,0,0,0,0,0,0,0,0,0.58171,0.23905,0,0,0.49093,0.04767,0.49656,0.49154,0.84211,0.78461,0.8223,0.54677,1.17122,0.53691,0.85551,0,0,0,0,0,0,0,0,0,0,0,0,0,0,0,0,0,0,0,0,0,0,0,0,0,0,0,0,0,0,0,0.54677,0.00299341,0.000997803,0.00299341,0.000997803,0.00299341,0.000997803,0.00299341,0.000997803
26,2552.07,1.03273,0.51337,0.83282,0,0,0,0,0,0,0.15114,0.00738,0.00119,0.00011,0,0,0,0,0,0,0,0,0,0,0,0,0,0.60831,0.24376,0,0,0.49091,0.04767,0.49737,0.49161,0.84493,0.77996,0.82275,0.53959,1.19567,0.54059,0.85851,0,0,0,0,0,0,0,0,0,0,0,0,0,0,0,0,0,0,0,0,0,0,0,0,0,0,0,0,0,0,0,0.53959,0.00299285,0.000997616,0.00299285,0.000997616,0.00299285,0.000997616,0.00299285,0.000997616
27,2646.42,1.03388,0.51314,0.83359,0,0,0,0,0,0,0.14416,0.01008,0.00157,4e-05,0,0,0,0,0,0,0,0,0,0,0,0,0,0.63118,0.24349,0,0,0.4909,0.04774,0.49601,0.49154,0.85847,0.77785,0.82323,0.54115,1.1866,0.54483,0.85578,0,0,0,0,0,0,0,0,0,0,0,0,0,0,0,0,0,0,0,0,0,0,0,0,0,0,0,0,0,0,0,0.54115,0.00299227,0.000997422,0.00299227,0.000997422,0.00299227,0.000997422,0.00299227,0.000997422
28,2741.8,1.03261,0.51181,0.83416,0,0,0,0,0,0,0.14653,0.01236,0.00114,0,0,0,0,0,0,0,0,0,0,0,0,0,0,0.63551,0.2399,0,0,0.49096,0.04767,0.49643,0.49168,0.84478,0.77648,0.81788,0.54206,1.17735,0.53731,0.8556,0,0,0,0,0,0,0,0,0,0,0,0,0,0,0,0,0,0,0,0,0,0,0,0,0,0,0,0,0,0,0,0.54206,0.00299166,0.00099722,0.00299166,0.00099722,0.00299166,0.00099722,0.00299166,0.00099722
29,2837.56,1.03321,0.51215,0.83303,0,0,0,0,0,0,0.14947,0.01252,0.0012,0,0,0,0,0,0,0,0,0,0,0,0,0,0,0.63769,0.24068,0,0,0.49097,0.04769,0.49734,0.49173,0.85154,0.77606,0.81967,0.54111,1.19343,0.54264,0.85705,0,0,0,0,0,0,0,0,0,0,0,0,0,0,0,0,0,0,0,0,0,0,0,0,0,0,0,0,0,0,0,0.54111,0.00299103,0.000997011,0.00299103,0.000997011,0.00299103,0.000997011,0.00299103,0.000997011
30,2932.55,1.03803,0.51546,0.83369,0,0,0,0,0,0,0.17156,0.01271,0.00122,0.0001,0,0,0,0,0,0,0,0,0,0,0,0,0,0.63117,0.24716,0,0,0.49091,0.04772,0.498,0.49171,0.8464,0.77187,0.81431,0.53825,1.18711,0.54036,0.85606,0,0,0,0,0,0,0,0,0,0,0,0,0,0,0,0,0,0,0,0,0,0,0,0,0,0,0,0,0,0,0,0.53825,0.00299038,0.000996794,0.00299038,0.000996794,0.00299038,0.000996794,0.00299038,0.000996794
31,3030.63,1.03204,0.51202,0.83155,0,0,0,0,0,0,0.17072,0.01281,0.00133,4e-05,0,0,0,0,0,0,0,0,0,0,0,0,0,0.63737,0.24934,0,0,0.49094,0.04769,0.49665,0.49186,0.84994,0.78289,0.82274,0.54476,1.18755,0.53824,0.85556,0,0,0,0,0,0,0,0,0,0,0,0,0,0,0,0,0,0,0,0,0,0,0,0,0,0,0,0,0,0,0,0.54476,0.00298971,0.000996569,0.00298971,0.000996569,0.00298971,0.000996569,0.00298971,0.000996569
32,3126.15,1.03386,0.51254,0.83402,0,0,0,0,0,0,0.14071,0.01274,0.00108,0,0,0,0,0,0,0,0,0,0,0,0,0,0,0.63282,0.2427,0,0,0.49091,0.04768,0.49642,0.49179,0.84881,0.78195,0.8211,0.54342,1.18066,0.53778,0.85492,0,0,0,0,0,0,0,0,0,0,0,0,0,0,0,0,0,0,0,0,0,0,0,0,0,0,0,0,0,0,0,0.54342,0.00298901,0.000996337,0.00298901,0.000996337,0.00298901,0.000996337,0.00298901,0.000996337
33,3217.29,1.03095,0.50768,0.83059,0,0,0,0,0,0,0.1428,0.01292,0.00118,3e-05,0,0,0,0,0,0,0,0,0,0,0,0,0,0.62601,0.24338,0,0,0.49093,0.0477,0.50048,0.49201,0.84771,0.78302,0.82464,0.54921,1.16937,0.53326,0.85416,0,0,0,0,0,0,0,0,0,0,0,0,0,0,0,0,0,0,0,0,0,0,0,0,0,0,0,0,0,0,0,0.54921,0.00298829,0.000996097,0.00298829,0.000996097,0.00298829,0.000996097,0.00298829,0.000996097
34,3312.55,1.0367,0.51554,0.83368,0,0,0,0,0,0,0.14714,0.01295,0.00116,1e-05,0,0,0,0,0,0,0,0,0,0,0,0,0,0.62475,0.24477,0,0,0.4909,0.04767,0.49788,0.49178,0.841,0.78259,0.81927,0.54292,1.181,0.53652,0.85602,0,0,0,0,0,0,0,0,0,0,0,0,0,0,0,0,0,0,0,0,0,0,0,0,0,0,0,0,0,0,0,0.54292,0.00298755,0.000995849,0.00298755,0.000995849,0.00298755,0.000995849,0.00298755,0.000995849
35,3404.21,1.04575,0.51722,0.83396,0,0,0,0,0,0,0.13712,0.01278,0.00121,0,0,0,0,0,0,0,0,0,0,0,0,0,0,0.63032,0.24442,0,0,0.49092,0.04768,0.49701,0.49179,0.83942,0.78692,0.82415,0.54566,1.17965,0.5343,0.85449,0,0,0,0,0,0,0,0,0,0,0,0,0,0,0,0,0,0,0,0,0,0,0,0,0,0,0,0,0,0,0,0.54566,0.00298678,0.000995594,0.00298678,0.000995594,0.00298678,0.000995594,0.00298678,0.000995594
36,3495.89,1.03436,0.51578,0.83457,0,0,0,0,0,0,0.1455,0.0099,0.00128,2e-05,0,0,0,0,0,0,0,0,0,0,0,0,0,0.62577,0.24266,0,0,0.49091,0.04769,0.49838,0.49183,0.85133,0.78688,0.82564,0.54773,1.16264,0.53093,0.85241,0,0,0,0,0,0,0,0,0,0,0,0,0,0,0,0,0,0,0,0,0,0,0,0,0,0,0,0,0,0,0,0.54773,0.002986,0.000995332,0.002986,0.000995332,0.002986,0.000995332,0.002986,0.000995332
37,3589.2,1.03575,0.51396,0.83371,0,0,0,0,0,0,0.14044,0.00945,0.00127,0,0,0,0,0,0,0,0,0,0,0,0,0,0,0.62365,0.24354,0,0,0.49092,0.04765,0.49806,0.49181,0.85521,0.78846,0.83081,0.55198,1.16728,0.52954,0.8533,0,0,0,0,0,0,0,0,0,0,0,0,0,0,0,0,0,0,0,0,0,0,0,0,0,0,0,0,0,0,0,0.55198,0.00298519,0.000995062,0.00298519,0.000995062,0.00298519,0.000995062,0.00298519,0.000995062
38,3683.66,1.04284,0.51657,0.83334,0,0,0,0,0,0,0.1388,0.00941,0.00119,0,0,0,0,0,0,0,0,0,0,0,0,0,0,0.62375,0.23788,0,0,0.49091,0.04765,0.49806,0.49186,0.8396,0.78804,0.82318,0.54597,1.17074,0.53035,0.85445,0,0,0,0,0,0,0,0,0,0,0,0,0,0,0,0,0,0,0,0,0,0,0,0,0,0,0,0,0,0,0,0.54597,0.00298435,0.000994784,0.00298435,0.000994784,0.00298435,0.000994784,0.00298435,0.000994784
39,3776.2,1.04223,0.51586,0.83313,0,0,0,0,0,0,0.14736,0.00939,0.00114,0,0,0,0,0,0,0,0,0,0,0,0,0,0,0.62543,0.24244,0,0,0.49089,0.04768,0.49708,0.49172,0.84553,0.78483,0.82445,0.54771,1.16892,0.53073,0.85358,0,0,0,0,0,0,0,0,0,0,0,0,0,0,0,0,0,0,0,0,0,0,0,0,0,0,0,0,0,0,0,0.54771,0.0029835,0.000994499,0.0029835,0.000994499,0.0029835,0.000994499,0.0029835,0.000994499
40,3868.15,1.04061,0.51653,0.83511,0,0,0,0,0,0,0.13542,0.00935,0.00168,0.00017,0,0,0,0,0,0,0,0,0,0,0,0,0,0.61344,0.2479,0,0,0.49091,0.04766,0.49603,0.49135,0.84703,0.78733,0.82636,0.5482,1.16459,0.52972,0.85276,0,0,0,0,0,0,0,0,0,0,0,0,0,0,0,0,0,0,0,0,0,0,0,0,0,0,0,0,0,0,0,0.5482,0.00298262,0.000994206,0.00298262,0.000994206,0.00298262,0.000994206,0.00298262,0.000994206
41,3962.57,1.03795,0.51485,0.83348,0,0,0,0,0,0,0.1391,0.00929,0.00164,2e-05,0,0,0,0,0,0,0,0,0,0,0,0,0,0.62656,0.25554,0,0,0.49087,0.0477,0.496,0.49133,0.84651,0.78519,0.82612,0.54929,1.16453,0.52614,0.8537,0,0,0,0,0,0,0,0,0,0,0,0,0,0,0,0,0,0,0,0,0,0,0,0,0,0,0,0,0,0,0,0.54929,0.00298172,0.000993906,0.00298172,0.000993906,0.00298172,0.000993906,0.00298172,0.000993906
42,4056.67,1.03917,0.51499,0.83334,0,0,0,0,0,0,0.14391,0.00926,0.00161,3e-05,0,0,0,0,0,0,0,0,0,0,0,0,0,0.63711,0.24929,0,0,0.49096,0.04771,0.49612,0.49159,0.84396,0.78679,0.82361,0.54809,1.16303,0.52621,0.85276,0,0,0,0,0,0,0,0,0,0,0,0,0,0,0,0,0,0,0,0,0,0,0,0,0,0,0,0,0,0,0,0.54809,0.00298079,0.000993598,0.00298079,0.000993598,0.00298079,0.000993598,0.00298079,0.000993598
43,4152.94,1.04329,0.51714,0.83318,0,0,0,0,0,0,0.14488,0.00923,0.00169,1e-05,0,0,0,0,0,0,0,0,0,0,0,0,0,0.62799,0.24639,0,0,0.49088,0.04769,0.49496,0.49134,0.84614,0.78519,0.82342,0.54771,1.15651,0.5248,0.85218,0,0,0,0,0,0,0,0,0,0,0,0,0,0,0,0,0,0,0,0,0,0,0,0,0,0,0,0,0,0,0,0.54771,0.00297985,0.000993282,0.00297985,0.000993282,0.00297985,0.000993282,0.00297985,0.000993282
44,4247.32,1.04332,0.51616,0.835,0,0,0,0,0,0,0.13534,0.00977,0.00154,0,0,0,0,0,0,0,0,0,0,0,0,0,0,0.63311,0.2489,0,0,0.49089,0.04771,0.49422,0.49138,0.85131,0.78633,0.82646,0.54941,1.15801,0.52571,0.85278,0,0,0,0,0,0,0,0,0,0,0,0,0,0,0,0,0,0,0,0,0,0,0,0,0,0,0,0,0,0,0,0.54941,0.00297888,0.00099296,0.00297888,0.00099296,0.00297888,0.00099296,0.00297888,0.00099296
45,4343.42,1.04428,0.51794,0.83192,0,0,0,0,0,0,0.13697,0.01233,0.00232,2e-05,0,0,0,0,0,0,0,0,0,0,0,0,0,0.63091,0.24602,0,0,0.49088,0.04772,0.49595,0.49134,0.8539,0.7898,0.83048,0.55103,1.16183,0.52522,0.85305,0,0,0,0,0,0,0,0,0,0,0,0,0,0,0,0,0,0,0,0,0,0,0,0,0,0,0,0,0,0,0,0.55103,0.00297789,0.000992629,0.00297789,0.000992629,0.00297789,0.000992629,0.00297789,0.000992629
46,4439.16,1.03975,0.51379,0.83564,0,0,0,0,0,0,0.13757,0.0127,0.00157,1e-05,0,0,0,0,0,0,0,0,0,0,0,0,0,0.62656,0.25151,0,0,0.49096,0.04774,0.49655,0.49155,0.84519,0.78981,0.82537,0.54937,1.16094,0.52477,0.8532,0,0,0,0,0,0,0,0,0,0,0,0,0,0,0,0,0,0,0,0,0,0,0,0,0,0,0,0,0,0,0,0.54937,0.00297687,0.000992291,0.00297687,0.000992291,0.00297687,0.000992291,0.00297687,0.000992291
47,4531.29,1.04395,0.51765,0.83486,0,0,0,0,0,0,0.12455,0.01283,0.00164,2e-05,0,0,0,0,0,0,0,0,0,0,0,0,0,0.65402,0.23446,0,0,0.49088,0.04769,0.49414,0.49132,0.84503,0.78854,0.82466,0.54968,1.15355,0.52316,0.85202,0,0,0,0,0,0,0,0,0,0,0,0,0,0,0,0,0,0,0,0,0,0,0,0,0,0,0,0,0,0,0,0.54968,0.00297584,0.000991946,0.00297584,0.000991946,0.00297584,0.000991946,0.00297584,0.000991946
48,4623.92,1.04782,0.51768,0.83333,0,0,0,0,0,0,0.14434,0.01289,0.00194,0,0,0,0,0,0,0,0,0,0,0,0,0,0,0.66107,0.2406,0,0,0.4909,0.04769,0.49722,0.49158,0.84471,0.78699,0.82277,0.54822,1.15819,0.5234,0.85326,0,0,0,0,0,0,0,0,0,0,0,0,0,0,0,0,0,0,0,0,0,0,0,0,0,0,0,0,0,0,0,0.54822,0.00297478,0.000991593,0.00297478,0.000991593,0.00297478,0.000991593,0.00297478,0.000991593
49,4735.21,1.0387,0.51496,0.83333,0,0,0,0,0,0,0.13205,0.0132,0.00206,3e-05,0,0,0,0,0,0,0,0,0,0,0,0,0,0.66739,0.24988,0,0,0.49093,0.04772,0.49581,0.49143,0.84294,0.79032,0.82559,0.55096,1.15403,0.5236,0.85221,0,0,0,0,0,0,0,0,0,0,0,0,0,0,0,0,0,0,0,0,0,0,0,0,0,0,0,0,0,0,0,0.55096,0.0029737,0.000991232,0.0029737,0.000991232,0.0029737,0.000991232,0.0029737,0.000991232
50,4829.39,1.04793,0.51644,0.83421,0,0,0,0,0,0,0.13486,0.01313,0.00181,0,0,0,0,0,0,0,0,0,0,0,0,0,0,0.66087,0.24366,0,0,0.49092,0.04768,0.49596,0.49158,0.84594,0.79008,0.82666,0.55204,1.15101,0.52305,0.8518,0,0,0,0,0,0,0,0,0,0,0,0,0,0,0,0,0,0,0,0,0,0,0,0,0,0,0,0,0,0,0,0.55204,0.00297259,0.000990864,0.00297259,0.000990864,0.00297259,0.000990864,0.00297259,0.000990864
51,4922.81,1.04755,0.51587,0.83433,0,0,0,0,0,0,0.14874,0.01316,0.00157,0,0,0,0,0,0,0,0,0,0,0,0,0,0,0.66131,0.24557,0,0,0.49093,0.04768,0.49682,0.49179,0.85222,0.78982,0.82819,0.55338,1.15395,0.52389,0.85183,0,0,0,0,0,0,0,0,0,0,0,0,0,0,0,0,0,0,0,0,0,0,0,0,0,0,0,0,0,0,0,0.55338,0.00297147,0.000990489,0.00297147,0.000990489,0.00297147,0.000990489,0.00297147,0.000990489
52,5021.86,1.04489,0.51738,0.83615,0,0,0,0,0,0,0.12965,0.01321,0.00174,0,0,0,0,0,0,0,0,0,0,0,0,0,0,0.6613,0.24762,0,0,0.49092,0.04768,0.49585,0.49165,0.84725,0.79141,0.82741,0.55269,1.15029,0.52286,0.85111,0,0,0,0,0,0,0,0,0,0,0,0,0,0,0,0,0,0,0,0,0,0,0,0,0,0,0,0,0,0,0,0.55269,0.00297032,0.000990106,0.00297032,0.000990106,0.00297032,0.000990106,0.00297032,0.000990106
53,5114.72,1.04413,0.51588,0.83487,0,0,0,0,0,0,0.12676,0.01058,0.00139,0,0,0,0,0,0,0,0,0,0,0,0,0,0,0.65179,0.24567,0,0,0.49091,0.0477,0.49828,0.49181,0.85251,0.78775,0.8282,0.55298,1.14911,0.52153,0.85059,0,0,0,0,0,0,0,0,0,0,0,0,0,0,0,0,0,0,0,0,0,0,0,0,0,0,0,0,0,0,0,0.55298,0.00296915,0.000989715,0.00296915,0.000989715,0.00296915,0.000989715,0.00296915,0.000989715
54,5210.09,1.05165,0.51814,0.83588,0,0,0,0,0,0,0.13622,0.00978,0.0015,0,0,0,0,0,0,0,0,0,0,0,0,0,0,0.64109,0.2423,0,0,0.49096,0.04767,0.49702,0.49174,0.84672,0.79008,0.82514,0.55061,1.15012,0.52078,0.85055,0,0,0,0,0,0,0,0,0,0,0,0,0,0,0,0,0,0,0,0,0,0,0,0,0,0,0,0,0,0,0,0.55061,0.00296795,0.000989317,0.00296795,0.000989317,0.00296795,0.000989317,0.00296795,0.000989317
55,5306.22,1.04548,0.51567,0.83308,0,0,0,0,0,0,0.14236,0.00962,0.00139,3e-05,0,0,0,0,0,0,0,0,0,0,0,0,0,0.63383,0.23942,0,0,0.49094,0.04771,0.49865,0.49186,0.84529,0.78739,0.82232,0.55074,1.14898,0.52125,0.8507,0,0,0,0,0,0,0,0,0,0,0,0,0,0,0,0,0,0,0,0,0,0,0,0,0,0,0,0,0,0,0,0.55074,0.00296674,0.000988912,0.00296674,0.000988912,0.00296674,0.000988912,0.00296674,0.000988912
56,5400.01,1.05025,0.52156,0.83502,0,0,0,0,0,0,0.1333,0.00965,0.00147,0,0,0,0,0,0,0,0,0,0,0,0,0,0,0.62003,0.23766,0,0,0.49095,0.04766,0.49946,0.49196,0.84563,0.78605,0.82336,0.55144,1.14735,0.5207,0.85065,0,0,0,0,0,0,0,0,0,0,0,0,0,0,0,0,0,0,0,0,0,0,0,0,0,0,0,0,0,0,0,0.55144,0.0029655,0.000988499,0.0029655,0.000988499,0.0029655,0.000988499,0.0029655,0.000988499
57,5493.32,1.04484,0.51581,0.83462,0,0,0,0,0,0,0.12142,0.00969,0.00157,0,0,0,0,0,0,0,0,0,0,0,0,0,0,0.63125,0.24341,0,0,0.49098,0.04766,0.49674,0.49164,0.85224,0.7839,0.82555,0.55244,1.14652,0.52034,0.85043,0,0,0,0,0,0,0,0,0,0,0,0,0,0,0,0,0,0,0,0,0,0,0,0,0,0,0,0,0,0,0,0.55244,0.00296424,0.000988079,0.00296424,0.000988079,0.00296424,0.000988079,0.00296424,0.000988079
58,5585.43,1.03895,0.51085,0.83312,0,0,0,0,0,0,0.12295,0.00955,0.00167,0,0,0,0,0,0,0,0,0,0,0,0,0,0,0.61853,0.24779,0,0,0.49089,0.04772,0.49896,0.49194,0.85095,0.78312,0.82577,0.55293,1.14631,0.52022,0.85056,0,0,0,0,0,0,0,0,0,0,0,0,0,0,0,0,0,0,0,0,0,0,0,0,0,0,0,0,0,0,0,0.55293,0.00296295,0.000987651,0.00296295,0.000987651,0.00296295,0.000987651,0.00296295,0.000987651
59,5682.51,1.05319,0.52079,0.83391,0,0,0,0,0,0,0.1282,0.00944,0.00141,0,0,0,0,0,0,0,0,0,0,0,0,0,0,0.62403,0.25529,0,0,0.49093,0.04768,0.49491,0.49134,0.85159,0.78126,0.82605,0.55286,1.14598,0.52014,0.8505,0,0,0,0,0,0,0,0,0,0,0,0,0,0,0,0,0,0,0,0,0,0,0,0,0,0,0,0,0,0,0,0.55286,0.00296165,0.000987216,0.00296165,0.000987216,0.00296165,0.000987216,0.00296165,0.000987216
60,5775.52,1.03966,0.51429,0.83226,0,0,0,0,0,0,0.13285,0.00941,0.00178,0,0,0,0,0,0,0,0,0,0,0,0,0,0,0.62372,0.24832,0,0,0.49091,0.04765,0.4963,0.49145,0.84757,0.78443,0.82524,0.55344,1.14592,0.52026,0.84998,0,0,0,0,0,0,0,0,0,0,0,0,0,0,0,0,0,0,0,0,0,0,0,0,0,0,0,0,0,0,0,0.55344,0.00296032,0.000986773,0.00296032,0.000986773,0.00296032,0.000986773,0.00296032,0.000986773
61,5868.71,1.04283,0.5158,0.83459,0,0,0,0,0,0,0.13254,0.00911,0.002,9e-05,0,0,0,0,0,0,0,0,0,0,0,0,0,0.63634,0.24677,0,0,0.49092,0.0477,0.49453,0.49144,0.85218,0.7844,0.828,0.55394,1.14244,0.51904,0.84962,0,0,0,0,0,0,0,0,0,0,0,0,0,0,0,0,0,0,0,0,0,0,0,0,0,0,0,0,0,0,0,0.55394,0.00295897,0.000986323,0.00295897,0.000986323,0.00295897,0.000986323,0.00295897,0.000986323
62,5962.18,1.04436,0.51398,0.83387,0,0,0,0,0,0,0.13164,0.00589,0.00185,0,0,0,0,0,0,0,0,0,0,0,0,0,0,0.62685,0.24036,0,0,0.4909,0.04773,0.49651,0.4916,0.85204,0.78413,0.82831,0.55492,1.14164,0.51899,0.84959,0,0,0,0,0,0,0,0,0,0,0,0,0,0,0,0,0,0,0,0,0,0,0,0,0,0,0,0,0,0,0,0.55492,0.0029576,0.000985866,0.0029576,0.000985866,0.0029576,0.000985866,0.0029576,0.000985866
63,6056.09,1.03848,0.51503,0.83455,0,0,0,0,0,0,0.13205,0.00758,0.00184,2e-05,0,0,0,0,0,0,0,0,0,0,0,0,0,0.61078,0.2383,0,0,0.49094,0.04776,0.49492,0.4915,0.85127,0.78589,0.82802,0.55554,1.14067,0.51902,0.84954,0,0,0,0,0,0,0,0,0,0,0,0,0,0,0,0,0,0,0,0,0,0,0,0,0,0,0,0,0,0,0,0.55554,0.0029562,0.000985401,0.0029562,0.000985401,0.0029562,0.000985401,0.0029562,0.000985401
64,6151.28,1.05159,0.51761,0.83177,0,0,0,0,0,0,0.12612,0.00855,0.00157,0,0,0,0,0,0,0,0,0,0,0,0,0,0,0.60752,0.23434,0,0,0.49094,0.04764,0.49641,0.4917,0.85144,0.78755,0.82926,0.55513,1.14043,0.51911,0.84934,0,0,0,0,0,0,0,0,0,0,0,0,0,0,0,0,0,0,0,0,0,0,0,0,0,0,0,0,0,0,0,0.55513,0.00295479,0.000984928,0.00295479,0.000984928,0.00295479,0.000984928,0.00295479,0.000984928
65,6247.69,1.04289,0.51681,0.83505,0,0,0,0,0,0,0.12865,0.00881,0.00178,0,0,0,0,0,0,0,0,0,0,0,0,0,0,0.61408,0.23841,0,0,0.49094,0.04768,0.49754,0.49174,0.8547,0.78431,0.83085,0.55606,1.14016,0.51868,0.84912,0,0,0,0,0,0,0,0,0,0,0,0,0,0,0,0,0,0,0,0,0,0,0,0,0,0,0,0,0,0,0,0.55606,0.00295335,0.000984449,0.00295335,0.000984449,0.00295335,0.000984449,0.00295335,0.000984449
66,6341.9,1.04996,0.51845,0.83388,0,0,0,0,0,0,0.13335,0.0107,0.00173,7e-05,0,0,0,0,0,0,0,0,0,0,0,0,0,0.61844,0.24885,0,0,0.49093,0.04767,0.49643,0.49181,0.85416,0.7852,0.83019,0.55764,1.13724,0.51749,0.84889,0,0,0,0,0,0,0,0,0,0,0,0,0,0,0,0,0,0,0,0,0,0,0,0,0,0,0,0,0,0,0,0.55764,0.00295188,0.000983962,0.00295188,0.000983962,0.00295188,0.000983962,0.00295188,0.000983962
67,6438.68,1.04039,0.51737,0.83348,0,0,0,0,0,0,0.13233,0.0136,0.00199,3e-05,0,0,0,0,0,0,0,0,0,0,0,0,0,0.64318,0.24393,0,0,0.49086,0.04774,0.49542,0.49132,0.85412,0.78684,0.83076,0.55755,1.13533,0.51718,0.84863,0,0,0,0,0,0,0,0,0,0,0,0,0,0,0,0,0,0,0,0,0,0,0,0,0,0,0,0,0,0,0,0.55755,0.0029504,0.000983467,0.0029504,0.000983467,0.0029504,0.000983467,0.0029504,0.000983467
68,6534.2,1.04316,0.51515,0.83509,0,0,0,0,0,0,0.12969,0.01386,0.00176,3e-05,0,0,0,0,0,0,0,0,0,0,0,0,0,0.65804,0.24049,0,0,0.49089,0.04772,0.49872,0.49185,0.85322,0.78755,0.83072,0.55779,1.13513,0.51649,0.84853,0,0,0,0,0,0,0,0,0,0,0,0,0,0,0,0,0,0,0,0,0,0,0,0,0,0,0,0,0,0,0,0.55779,0.0029489,0.000982965,0.0029489,0.000982965,0.0029489,0.000982965,0.0029489,0.000982965
69,6629.43,1.03981,0.51629,0.83353,0,0,0,0,0,0,0.13406,0.01387,0.00203,5e-05,0,0,0,0,0,0,0,0,0,0,0,0,0,0.66405,0.24666,0,0,0.49096,0.04774,0.49656,0.49159,0.85352,0.7872,0.83088,0.55774,1.13322,0.51514,0.84816,0,0,0,0,0,0,0,0,0,0,0,0,0,0,0,0,0,0,0,0,0,0,0,0,0,0,0,0,0,0,0,0.55774,0.00294737,0.000982456,0.00294737,0.000982456,0.00294737,0.000982456,0.00294737,0.000982456
70,6730.25,1.04613,0.5169,0.83582,0,0,0,0,0,0,0.11884,0.01371,0.0021,0,0,0,0,0,0,0,0,0,0,0,0,0,0,0.67214,0.24336,0,0,0.49091,0.04769,0.49571,0.49147,0.85331,0.78745,0.83076,0.55781,1.13286,0.51532,0.84806,0,0,0,0,0,0,0,0,0,0,0,0,0,0,0,0,0,0,0,0,0,0,0,0,0,0,0,0,0,0,0,0.55781,0.00294582,0.000981939,0.00294582,0.000981939,0.00294582,0.000981939,0.00294582,0.000981939
71,6829.34,1.04839,0.519,0.83524,0,0,0,0,0,0,0.13511,0.01388,0.00166,1e-05,0,0,0,0,0,0,0,0,0,0,0,0,0,0.66961,0.2427,0,0,0.49096,0.04764,0.4949,0.49159,0.85001,0.7893,0.83082,0.55773,1.13278,0.51445,0.84798,0,0,0,0,0,0,0,0,0,0,0,0,0,0,0,0,0,0,0,0,0,0,0,0,0,0,0,0,0,0,0,0.55773,0.00294425,0.000981415,0.00294425,0.000981415,0.00294425,0.000981415,0.00294425,0.000981415
72,6930.14,1.04565,0.51652,0.83304,0,0,0,0,0,0,0.12066,0.01398,0.00204,0,0,0,0,0,0,0,0,0,0,0,0,0,0,0.6687,0.24629,0,0,0.49093,0.04769,0.4975,0.49175,0.85264,0.78787,0.8312,0.55779,1.13179,0.51414,0.84785,0,0,0,0,0,0,0,0,0,0,0,0,0,0,0,0,0,0,0,0,0,0,0,0,0,0,0,0,0,0,0,0.55779,0.00294265,0.000980884,0.00294265,0.000980884,0.00294265,0.000980884,0.00294265,0.000980884
73,7026.83,1.04597,0.51802,0.83609,0,0,0,0,0,0,0.12841,0.01414,0.00185,0,0,0,0,0,0,0,0,0,0,0,0,0,0,0.65902,0.2434,0,0,0.49095,0.04774,0.49626,0.49163,0.84972,0.79007,0.83074,0.558,1.1305,0.5136,0.8478,0,0,0,0,0,0,0,0,0,0,0,0,0,0,0,0,0,0,0,0,0,0,0,0,0,0,0,0,0,0,0,0.558,0.00294104,0.000980345,0.00294104,0.000980345,0.00294104,0.000980345,0.00294104,0.000980345
74,7125.75,1.04395,0.51568,0.83339,0,0,0,0,0,0,0.12625,0.01347,0.00164,2e-05,0,0,0,0,0,0,0,0,0,0,0,0,0,0.66072,0.23891,0,0,0.49086,0.04767,0.49812,0.49185,0.85176,0.7877,0.83022,0.55784,1.12976,0.51344,0.84776,0,0,0,0,0,0,0,0,0,0,0,0,0,0,0,0,0,0,0,0,0,0,0,0,0,0,0,0,0,0,0,0.55784,0.0029394,0.000979799,0.0029394,0.000979799,0.0029394,0.000979799,0.0029394,0.000979799
75,7221.7,1.04949,0.52119,0.83551,0,0,0,0,0,0,0.12889,0.00951,0.00153,0,0,0,0,0,0,0,0,0,0,0,0,0,0,0.64826,0.23773,0,0,0.49089,0.04768,0.4969,0.49179,0.8512,0.78875,0.83031,0.55799,1.12846,0.51291,0.84764,0,0,0,0,0,0,0,0,0,0,0,0,0,0,0,0,0,0,0,0,0,0,0,0,0,0,0,0,0,0,0,0.55799,0.00293774,0.000979246,0.00293774,0.000979246,0.00293774,0.000979246,0.00293774,0.000979246
76,7320.1,1.04062,0.51416,0.83438,0,0,0,0,0,0,0.12757,0.00944,0.00163,0,0,0,0,0,0,0,0,0,0,0,0,0,0,0.64368,0.24145,0,0,0.49098,0.0477,0.49727,0.49165,0.85433,0.78749,0.8313,0.55808,1.12663,0.51248,0.84746,0,0,0,0,0,0,0,0,0,0,0,0,0,0,0,0,0,0,0,0,0,0,0,0,0,0,0,0,0,0,0,0.55808,0.00293606,0.000978685,0.00293606,0.000978685,0.00293606,0.000978685,0.00293606,0.000978685
77,7415.71,1.05141,0.52067,0.83341,0,0,0,0,0,0,0.13235,0.00935,0.00191,0,0,0,0,0,0,0,0,0,0,0,0,0,0,0.63283,0.24196,0,0,0.4909,0.0477,0.49643,0.49176,0.85214,0.78832,0.83119,0.55814,1.12543,0.51201,0.84726,0,0,0,0,0,0,0,0,0,0,0,0,0,0,0,0,0,0,0,0,0,0,0,0,0,0,0,0,0,0,0,0.55814,0.00293435,0.000978118,0.00293435,0.000978118,0.00293435,0.000978118,0.00293435,0.000978118
78,7508.75,1.04875,0.52016,0.83664,0,0,0,0,0,0,0.12868,0.00932,0.00148,0,0,0,0,0,0,0,0,0,0,0,0,0,0,0.61278,0.24354,0,0,0.4909,0.04774,0.49895,0.49195,0.85357,0.78778,0.83176,0.55834,1.12471,0.51131,0.84725,0,0,0,0,0,0,0,0,0,0,0,0,0,0,0,0,0,0,0,0,0,0,0,0,0,0,0,0,0,0,0,0.55834,0.00293263,0.000977542,0.00293263,0.000977542,0.00293263,0.000977542,0.00293263,0.000977542
79,7603.13,1.03282,0.51292,0.83261,0,0,0,0,0,0,0.12109,0.00917,0.00154,0,0,0,0,0,0,0,0,0,0,0,0,0,0,0.62697,0.23585,0,0,0.49093,0.04767,0.49809,0.49177,0.85427,0.78785,0.83138,0.55899,1.12386,0.51128,0.8472,0,0,0,0,0,0,0,0,0,0,0,0,0,0,0,0,0,0,0,0,0,0,0,0,0,0,0,0,0,0,0,0.55899,0.00293088,0.00097696,0.00293088,0.00097696,0.00293088,0.00097696,0.00293088,0.00097696
80,7699.09,1.04432,0.51675,0.83324,0,0,0,0,0,0,0.12337,0.00923,0.00179,0,0,0,0,0,0,0,0,0,0,0,0,0,0,0.62627,0.23757,0,0,0.49092,0.0477,0.49773,0.49179,0.85564,0.78681,0.83178,0.55918,1.12386,0.51098,0.84718,0,0,0,0,0,0,0,0,0,0,0,0,0,0,0,0,0,0,0,0,0,0,0,0,0,0,0,0,0,0,0,0.55918,0.00292911,0.00097637,0.00292911,0.00097637,0.00292911,0.00097637,0.00292911,0.00097637
81,7793.09,1.04364,0.51579,0.83385,0,0,0,0,0,0,0.13733,0.01055,0.0021,0,0,0,0,0,0,0,0,0,0,0,0,0,0,0.65722,0.23703,0,0,0.49095,0.04767,0.49737,0.49165,0.85017,0.79177,0.83039,0.55913,1.12436,0.51093,0.84725,0,0,0,0,0,0,0,0,0,0,0,0,0,0,0,0,0,0,0,0,0,0,0,0,0,0,0,0,0,0,0,0.55913,0.00292732,0.000975773,0.00292732,0.000975773,0.00292732,0.000975773,0.00292732,0.000975773
82,7890.85,1.05,0.51998,0.83403,0,0,0,0,0,0,0.12318,0.01405,0.00165,0,0,0,0,0,0,0,0,0,0,0,0,0,0,0.67717,0.2412,0,0,0.49093,0.04771,0.49674,0.49173,0.84966,0.79024,0.83035,0.55941,1.12474,0.51121,0.84719,0,0,0,0,0,0,0,0,0,0,0,0,0,0,0,0,0,0,0,0,0,0,0,0,0,0,0,0,0,0,0,0.55941,0.00292551,0.000975169,0.00292551,0.000975169,0.00292551,0.000975169,0.00292551,0.000975169
83,7987.17,1.04451,0.51736,0.83279,0,0,0,0,0,0,0.13068,0.01432,0.00165,0,0,0,0,0,0,0,0,0,0,0,0,0,0,0.67602,0.2434,0,0,0.49091,0.04773,0.49802,0.49187,0.85038,0.79205,0.83039,0.55879,1.12455,0.51103,0.84717,0,0,0,0,0,0,0,0,0,0,0,0,0,0,0,0,0,0,0,0,0,0,0,0,0,0,0,0,0,0,0,0.55879,0.00292367,0.000974557,0.00292367,0.000974557,0.00292367,0.000974557,0.00292367,0.000974557
84,8081.06,1.03981,0.51444,0.83292,0,0,0,0,0,0,0.13914,0.01451,0.00188,3e-05,0,0,0,0,0,0,0,0,0,0,0,0,0,0.67054,0.24042,0,0,0.4909,0.04775,0.49814,0.49175,0.84964,0.79169,0.82979,0.55842,1.12526,0.51125,0.84721,0,0,0,0,0,0,0,0,0,0,0,0,0,0,0,0,0,0,0,0,0,0,0,0,0,0,0,0,0,0,0,0.55842,0.00292181,0.000973938,0.00292181,0.000973938,0.00292181,0.000973938,0.00292181,0.000973938
85,8176.42,1.04827,0.52003,0.83401,0,0,0,0,0,0,0.13573,0.01454,0.00169,0,0,0,0,0,0,0,0,0,0,0,0,0,0,0.66972,0.23877,0,0,0.49094,0.04768,0.49627,0.49158,0.85191,0.79052,0.82977,0.5589,1.12534,0.51102,0.84718,0,0,0,0,0,0,0,0,0,0,0,0,0,0,0,0,0,0,0,0,0,0,0,0,0,0,0,0,0,0,0,0.5589,0.00291994,0.000973312,0.00291994,0.000973312,0.00291994,0.000973312,0.00291994,0.000973312
86,8273.11,1.04331,0.51819,0.83378,0,0,0,0,0,0,0.12769,0.01451,0.00179,3e-05,0,0,0,0,0,0,0,0,0,0,0,0,0,0.67972,0.25004,0,0,0.49085,0.04766,0.49764,0.49182,0.85129,0.79154,0.82963,0.55927,1.12577,0.511,0.84719,0,0,0,0,0,0,0,0,0,0,0,0,0,0,0,0,0,0,0,0,0,0,0,0,0,0,0,0,0,0,0,0.55927,0.00291804,0.000972679,0.00291804,0.000972679,0.00291804,0.000972679,0.00291804,0.000972679
87,8369.45,1.03453,0.51263,0.83392,0,0,0,0,0,0,0.1236,0.0146,0.00183,0,0,0,0,0,0,0,0,0,0,0,0,0,0,0.68475,0.24975,0,0,0.49091,0.04772,0.49755,0.49181,0.85171,0.79177,0.82967,0.55953,1.12585,0.51084,0.84709,0,0,0,0,0,0,0,0,0,0,0,0,0,0,0,0,0,0,0,0,0,0,0,0,0,0,0,0,0,0,0,0.55953,0.00291612,0.000972039,0.00291612,0.000972039,0.00291612,0.000972039,0.00291612,0.000972039
88,8465.72,1.04122,0.51817,0.83396,0,0,0,0,0,0,0.13041,0.01452,0.00168,0,0,0,0,0,0,0,0,0,0,0,0,0,0,0.66991,0.24658,0,0,0.49094,0.04771,0.49673,0.4918,0.85086,0.79259,0.83025,0.55943,1.12561,0.51067,0.84707,0,0,0,0,0,0,0,0,0,0,0,0,0,0,0,0,0,0,0,0,0,0,0,0,0,0,0,0,0,0,0,0.55943,0.00291417,0.000971391,0.00291417,0.000971391,0.00291417,0.000971391,0.00291417,0.000971391
89,8561.94,1.04739,0.5169,0.83511,0,0,0,0,0,0,0.14607,0.01444,0.0019,0,0,0,0,0,0,0,0,0,0,0,0,0,0,0.67387,0.24771,0,0,0.4909,0.04772,0.49537,0.49177,0.85079,0.79439,0.83036,0.55988,1.12514,0.51083,0.84711,0,0,0,0,0,0,0,0,0,0,0,0,0,0,0,0,0,0,0,0,0,0,0,0,0,0,0,0,0,0,0,0.55988,0.00291221,0.000970736,0.00291221,0.000970736,0.00291221,0.000970736,0.00291221,0.000970736
90,8656.92,1.04192,0.51493,0.83573,0,0,0,0,0,0,0.12382,0.0099,0.00179,0,0,0,0,0,0,0,0,0,0,0,0,0,0,0.66305,0.24724,0,0,0.49092,0.04769,0.49783,0.49182,0.85161,0.79345,0.83086,0.55979,1.12453,0.5108,0.84708,0,0,0,0,0,0,0,0,0,0,0,0,0,0,0,0,0,0,0,0,0,0,0,0,0,0,0,0,0,0,0,0.55979,0.00291022,0.000970074,0.00291022,0.000970074,0.00291022,0.000970074,0.00291022,0.000970074
91,8752.78,1.04382,0.51695,0.83564,0,0,0,0,0,0,0.12337,0.00943,0.00188,0,0,0,0,0,0,0,0,0,0,0,0,0,0,0.66541,0.24067,0,0,0.49087,0.04772,0.49735,0.49181,0.85358,0.79056,0.83067,0.56003,1.12433,0.51065,0.84698,0,0,0,0,0,0,0,0,0,0,0,0,0,0,0,0,0,0,0,0,0,0,0,0,0,0,0,0,0,0,0,0.56003,0.00290821,0.000969405,0.00290821,0.000969405,0.00290821,0.000969405,0.00290821,0.000969405
92,8847.71,1.04286,0.51519,0.83311,0,0,0,0,0,0,0.12233,0.00946,0.0018,0,0,0,0,0,0,0,0,0,0,0,0,0,0,0.6583,0.23938,0,0,0.49092,0.04767,0.49652,0.4918,0.85564,0.7891,0.83084,0.56029,1.12448,0.51073,0.84699,0,0,0,0,0,0,0,0,0,0,0,0,0,0,0,0,0,0,0,0,0,0,0,0,0,0,0,0,0,0,0,0.56029,0.00290618,0.000968728,0.00290618,0.000968728,0.00290618,0.000968728,0.00290618,0.000968728
93,8944.51,1.04731,0.51911,0.83493,0,0,0,0,0,0,0.13147,0.00961,0.00178,0,0,0,0,0,0,0,0,0,0,0,0,0,0,0.6623,0.24577,0,0,0.49092,0.04771,0.49676,0.49177,0.85585,0.78929,0.83129,0.56018,1.12461,0.51051,0.847,0,0,0,0,0,0,0,0,0,0,0,0,0,0,0,0,0,0,0,0,0,0,0,0,0,0,0,0,0,0,0,0.56018,0.00290413,0.000968045,0.00290413,0.000968045,0.00290413,0.000968045,0.00290413,0.000968045
94,9040.06,1.04252,0.51475,0.83487,0,0,0,0,0,0,0.1369,0.0095,0.00199,0,0,0,0,0,0,0,0,0,0,0,0,0,0,0.65291,0.24485,0,0,0.49095,0.0477,0.49973,0.4919,0.85505,0.79078,0.8313,0.56069,1.12519,0.51059,0.84702,0,0,0,0,0,0,0,0,0,0,0,0,0,0,0,0,0,0,0,0,0,0,0,0,0,0,0,0,0,0,0,0.56069,0.00290206,0.000967354,0.00290206,0.000967354,0.00290206,0.000967354,0.00290206,0.000967354
95,9134.78,1.03809,0.51473,0.83358,0,0,0,0,0,0,0.1297,0.00952,0.00171,0,0,0,0,0,0,0,0,0,0,0,0,0,0,0.6586,0.24409,0,0,0.4909,0.04766,0.4979,0.49172,0.85318,0.79099,0.83059,0.56058,1.12519,0.51051,0.84699,0,0,0,0,0,0,0,0,0,0,0,0,0,0,0,0,0,0,0,0,0,0,0,0,0,0,0,0,0,0,0,0.56058,0.00289997,0.000966656,0.00289997,0.000966656,0.00289997,0.000966656,0.00289997,0.000966656
96,9231.59,1.04239,0.51483,0.83184,0,0,0,0,0,0,0.12293,0.00947,0.00177,0,0,0,0,0,0,0,0,0,0,0,0,0,0,0.66395,0.24572,0,0,0.49087,0.04766,0.49688,0.49187,0.85456,0.79098,0.83085,0.56043,1.12447,0.51039,0.84702,0,0,0,0,0,0,0,0,0,0,0,0,0,0,0,0,0,0,0,0,0,0,0,0,0,0,0,0,0,0,0,0.56043,0.00289785,0.000965951,0.00289785,0.000965951,0.00289785,0.000965951,0.00289785,0.000965951
97,9329.68,1.037,0.5129,0.83375,0,0,0,0,0,0,0.12096,0.0095,0.00166,0,0,0,0,0,0,0,0,0,0,0,0,0,0,0.65341,0.24739,0,0,0.4909,0.04772,0.49961,0.49196,0.85442,0.79145,0.83104,0.56088,1.12409,0.51001,0.84705,0,0,0,0,0,0,0,0,0,0,0,0,0,0,0,0,0,0,0,0,0,0,0,0,0,0,0,0,0,0,0,0.56088,0.00289572,0.000965239,0.00289572,0.000965239,0.00289572,0.000965239,0.00289572,0.000965239
98,9425.17,1.04054,0.51322,0.8328,0,0,0,0,0,0,0.12683,0.00861,0.00171,0,0,0,0,0,0,0,0,0,0,0,0,0,0,0.66283,0.25116,0,0,0.49085,0.04769,0.49711,0.4919,0.85258,0.7924,0.83061,0.56065,1.12376,0.51044,0.84706,0,0,0,0,0,0,0,0,0,0,0,0,0,0,0,0,0,0,0,0,0,0,0,0,0,0,0,0,0,0,0,0.56065,0.00289356,0.00096452,0.00289356,0.00096452,0.00289356,0.00096452,0.00289356,0.00096452
99,9523.14,1.03953,0.5176,0.83484,0,0,0,0,0,0,0.12251,0.00543,0.0015,0,0,0,0,0,0,0,0,0,0,0,0,0,0,0.63776,0.24194,0,0,0.49086,0.04771,0.5004,0.49205,0.85458,0.79065,0.83088,0.56057,1.12388,0.51035,0.84704,0,0,0,0,0,0,0,0,0,0,0,0,0,0,0,0,0,0,0,0,0,0,0,0,0,0,0,0,0,0,0,0.56057,0.00289138,0.000963794,0.00289138,0.000963794,0.00289138,0.000963794,0.00289138,0.000963794
100,9622.84,1.04103,0.5128,0.83592,0,0,0,0,0,0,0.11898,0.00493,0.00124,0,0,0,0,0,0,0,0,0,0,0,0,0,0,0.63376,0.23746,0,0,0.49094,0.04766,0.49769,0.49195,0.85355,0.79159,0.83159,0.56085,1.12316,0.51007,0.84693,0,0,0,0,0,0,0,0,0,0,0,0,0,0,0,0,0,0,0,0,0,0,0,0,0,0,0,0,0,0,0,0.56085,0.00288918,0.000963061,0.00288918,0.000963061,0.00288918,0.000963061,0.00288918,0.000963061
101,9719.55,1.03968,0.51419,0.83334,0,0,0,0,0,0,0.12719,0.00465,0.00147,2e-05,0,0,0,0,0,0,0,0,0,0,0,0,0,0.62256,0.23601,0,0,0.4909,0.04767,0.49792,0.49171,0.8533,0.79198,0.83158,0.56091,1.1228,0.51009,0.84699,0,0,0,0,0,0,0,0,0,0,0,0,0,0,0,0,0,0,0,0,0,0,0,0,0,0,0,0,0,0,0,0.56091,0.00288696,0.00096232,0.00288696,0.00096232,0.00288696,0.00096232,0.00288696,0.00096232
102,9817.85,1.04323,0.51452,0.83459,0,0,0,0,0,0,0.11405,0.00452,0.00133,0,0,0,0,0,0,0,0,0,0,0,0,0,0,0.61514,0.23085,0,0,0.49091,0.04767,0.49692,0.49171,0.85276,0.79187,0.83148,0.56115,1.12221,0.50969,0.84702,0,0,0,0,0,0,0,0,0,0,0,0,0,0,0,0,0,0,0,0,0,0,0,0,0,0,0,0,0,0,0,0.56115,0.00288472,0.000961573,0.00288472,0.000961573,0.00288472,0.000961573,0.00288472,0.000961573
103,9920.33,1.03692,0.51324,0.83281,0,0,0,0,0,0,0.12137,0.00439,0.00168,0,0,0,0,0,0,0,0,0,0,0,0,0,0,0.6174,0.23315,0,0,0.49097,0.04767,0.4984,0.49193,0.85191,0.79128,0.83084,0.56119,1.12234,0.50956,0.84707,0,0,0,0,0,0,0,0,0,0,0,0,0,0,0,0,0,0,0,0,0,0,0,0,0,0,0,0,0,0,0,0.56119,0.00288246,0.000960819,0.00288246,0.000960819,0.00288246,0.000960819,0.00288246,0.000960819
104,10016.2,1.04219,0.51426,0.83433,0,0,0,0,0,0,0.12444,0.00426,0.00138,0,0,0,0,0,0,0,0,0,0,0,0,0,0,0.61069,0.2365,0,0,0.49095,0.04767,0.49638,0.49172,0.85383,0.79111,0.83123,0.56127,1.12097,0.50941,0.84697,0,0,0,0,0,0,0,0,0,0,0,0,0,0,0,0,0,0,0,0,0,0,0,0,0,0,0,0,0,0,0,0.56127,0.00288017,0.000960057,0.00288017,0.000960057,0.00288017,0.000960057,0.00288017,0.000960057
105,10113.9,1.03511,0.51545,0.83319,0,0,0,0,0,0,0.12664,0.00418,0.0013,0,0,0,0,0,0,0,0,0,0,0,0,0,0,0.59208,0.23292,0,0,0.49092,0.0477,0.49844,0.49181,0.85343,0.7908,0.8309,0.56152,1.11995,0.50899,0.84696,0,0,0,0,0,0,0,0,0,0,0,0,0,0,0,0,0,0,0,0,0,0,0,0,0,0,0,0,0,0,0,0.56152,0.00287787,0.000959289,0.00287787,0.000959289,0.00287787,0.000959289,0.00287787,0.000959289
106,10216.2,1.03644,0.51002,0.83334,0,0,0,0,0,0,0.12308,0.00404,0.00128,0,0,0,0,0,0,0,0,0,0,0,0,0,0,0.58738,0.23142,0,0,0.49091,0.04769,0.49869,0.49202,0.85384,0.78973,0.83063,0.56185,1.11912,0.509,0.84699,0,0,0,0,0,0,0,0,0,0,0,0,0,0,0,0,0,0,0,0,0,0,0,0,0,0,0,0,0,0,0,0.56185,0.00287554,0.000958513,0.00287554,0.000958513,0.00287554,0.000958513,0.00287554,0.000958513
107,10313.4,1.04688,0.51585,0.83246,0,0,0,0,0,0,0.12813,0.00398,0.00119,7e-05,0,0,0,0,0,0,0,0,0,0,0,0,0,0.58316,0.2261,0,0,0.4909,0.04771,0.49747,0.49194,0.85499,0.79013,0.83123,0.56178,1.11902,0.50877,0.84699,0,0,0,0,0,0,0,0,0,0,0,0,0,0,0,0,0,0,0,0,0,0,0,0,0,0,0,0,0,0,0,0.56178,0.00287319,0.000957731,0.00287319,0.000957731,0.00287319,0.000957731,0.00287319,0.000957731
108,10410.8,1.04767,0.51848,0.83427,0,0,0,0,0,0,0.12635,0.00398,0.00095,2e-05,0,0,0,0,0,0,0,0,0,0,0,0,0,0.59967,0.22146,0,0,0.49092,0.04765,0.49736,0.49192,0.85572,0.79002,0.83132,0.56179,1.11831,0.50866,0.84696,0,0,0,0,0,0,0,0,0,0,0,0,0,0,0,0,0,0,0,0,0,0,0,0,0,0,0,0,0,0,0,0.56179,0.00287082,0.000956941,0.00287082,0.000956941,0.00287082,0.000956941,0.00287082,0.000956941
109,10507.2,1.03539,0.51086,0.83418,0,0,0,0,0,0,0.12516,0.00396,0.00115,0,0,0,0,0,0,0,0,0,0,0,0,0,0,0.60549,0.21886,0,0,0.49093,0.04768,0.49789,0.49185,0.85543,0.79064,0.83151,0.56177,1.11822,0.5087,0.84691,0,0,0,0,0,0,0,0,0,0,0,0,0,0,0,0,0,0,0,0,0,0,0,0,0,0,0,0,0,0,0,0.56177,0.00286843,0.000956145,0.00286843,0.000956145,0.00286843,0.000956145,0.00286843,0.000956145
110,10602.4,1.03841,0.51465,0.83528,0,0,0,0,0,0,0.13855,0.00396,0.00102,0,0,0,0,0,0,0,0,0,0,0,0,0,0,0.61767,0.21597,0,0,0.49094,0.04771,0.49563,0.49167,0.85588,0.79095,0.8318,0.56223,1.11858,0.50852,0.84695,0,0,0,0,0,0,0,0,0,0,0,0,0,0,0,0,0,0,0,0,0,0,0,0,0,0,0,0,0,0,0,0.56223,0.00286602,0.000955341,0.00286602,0.000955341,0.00286602,0.000955341,0.00286602,0.000955341
111,10698.3,1.04343,0.51377,0.83481,0,0,0,0,0,0,0.12989,0.00391,0.00094,0,0,0,0,0,0,0,0,0,0,0,0,0,0,0.60968,0.21548,0,0,0.49095,0.04774,0.49696,0.49188,0.85886,0.78976,0.83232,0.56233,1.11782,0.50825,0.84691,0,0,0,0,0,0,0,0,0,0,0,0,0,0,0,0,0,0,0,0,0,0,0,0,0,0,0,0,0,0,0,0.56233,0.00286359,0.000954531,0.00286359,0.000954531,0.00286359,0.000954531,0.00286359,0.000954531
112,10796.3,1.04245,0.51412,0.83371,0,0,0,0,0,0,0.12458,0.00383,0.00092,2e-05,0,0,0,0,0,0,0,0,0,0,0,0,0,0.60811,0.21632,0,0,0.49093,0.04769,0.49826,0.49192,0.85579,0.7913,0.83209,0.56197,1.11763,0.50826,0.8469,0,0,0,0,0,0,0,0,0,0,0,0,0,0,0,0,0,0,0,0,0,0,0,0,0,0,0,0,0,0,0,0.56197,0.00286114,0.000953714,0.00286114,0.000953714,0.00286114,0.000953714,0.00286114,0.000953714
113,10894,1.04095,0.51631,0.8356,0,0,0,0,0,0,0.13624,0.00376,0.00064,0,0,0,0,0,0,0,0,0,0,0,0,0,0,0.5969,0.21284,0,0,0.49095,0.04767,0.49799,0.49201,0.85808,0.79003,0.83238,0.56212,1.1167,0.50811,0.84686,0,0,0,0,0,0,0,0,0,0,0,0,0,0,0,0,0,0,0,0,0,0,0,0,0,0,0,0,0,0,0,0.56212,0.00285867,0.000952889,0.00285867,0.000952889,0.00285867,0.000952889,0.00285867,0.000952889
114,10991.1,1.04055,0.51256,0.83422,0,0,0,0,0,0,0.11701,0.00379,0.00072,0,0,0,0,0,0,0,0,0,0,0,0,0,0,0.59716,0.21448,0,0,0.49095,0.0477,0.49699,0.49174,0.85595,0.79109,0.83291,0.56229,1.11622,0.50795,0.84688,0,0,0,0,0,0,0,0,0,0,0,0,0,0,0,0,0,0,0,0,0,0,0,0,0,0,0,0,0,0,0,0.56229,0.00285617,0.000952058,0.00285617,0.000952058,0.00285617,0.000952058,0.00285617,0.000952058
115,11088.5,1.03435,0.51095,0.83181,0,0,0,0,0,0,0.11768,0.00372,0.00097,0,0,0,0,0,0,0,0,0,0,0,0,0,0,0.60488,0.21548,0,0,0.49089,0.04765,0.49757,0.49181,0.85784,0.79071,0.83318,0.56257,1.11596,0.50802,0.84686,0,0,0,0,0,0,0,0,0,0,0,0,0,0,0,0,0,0,0,0,0,0,0,0,0,0,0,0,0,0,0,0.56257,0.00285366,0.00095122,0.00285366,0.00095122,0.00285366,0.00095122,0.00285366,0.00095122
116,11183.4,1.03445,0.51159,0.83337,0,0,0,0,0,0,0.12441,0.00365,0.00085,0,0,0,0,0,0,0,0,0,0,0,0,0,0,0.61315,0.21288,0,0,0.4909,0.04767,0.49706,0.49193,0.85748,0.79194,0.83351,0.56314,1.11504,0.50795,0.8468,0,0,0,0,0,0,0,0,0,0,0,0,0,0,0,0,0,0,0,0,0,0,0,0,0,0,0,0,0,0,0,0.56314,0.00285113,0.000950375,0.00285113,0.000950375,0.00285113,0.000950375,0.00285113,0.000950375
117,11280.8,1.0395,0.51323,0.83413,0,0,0,0,0,0,0.12103,0.00369,0.00078,0,0,0,0,0,0,0,0,0,0,0,0,0,0,0.61503,0.20998,0,0,0.49085,0.04771,0.49705,0.49177,0.85819,0.7923,0.83358,0.56346,1.11462,0.50766,0.84678,0,0,0,0,0,0,0,0,0,0,0,0,0,0,0,0,0,0,0,0,0,0,0,0,0,0,0,0,0,0,0,0.56346,0.00284857,0.000949524,0.00284857,0.000949524,0.00284857,0.000949524,0.00284857,0.000949524
118,11378,1.03745,0.51157,0.83396,0,0,0,0,0,0,0.12076,0.00361,0.0007,0,0,0,0,0,0,0,0,0,0,0,0,0,0,0.60657,0.2095,0,0,0.49092,0.04772,0.49845,0.49187,0.85829,0.79239,0.83342,0.56376,1.11382,0.50764,0.84677,0,0,0,0,0,0,0,0,0,0,0,0,0,0,0,0,0,0,0,0,0,0,0,0,0,0,0,0,0,0,0,0.56376,0.002846,0.000948665,0.002846,0.000948665,0.002846,0.000948665,0.002846,0.000948665
119,11474.8,1.03437,0.51112,0.8341,0,0,0,0,0,0,0.11246,0.0036,0.00059,1e-05,0,0,0,0,0,0,0,0,0,0,0,0,0,0.60579,0.20744,0,0,0.49094,0.04768,0.49755,0.4918,0.85823,0.7918,0.83349,0.56358,1.11351,0.50755,0.84672,0,0,0,0,0,0,0,0,0,0,0,0,0,0,0,0,0,0,0,0,0,0,0,0,0,0,0,0,0,0,0,0.56358,0.0028434,0.0009478,0.0028434,0.0009478,0.0028434,0.0009478,0.0028434,0.0009478
120,11568.6,1.04355,0.51554,0.83489,0,0,0,0,0,0,0.13433,0.00358,0.00055,0,0,0,0,0,0,0,0,0,0,0,0,0,0,0.60219,0.20923,0,0,0.49097,0.04773,0.49838,0.49192,0.85929,0.79163,0.83386,0.56391,1.11296,0.5071,0.84675,0,0,0,0,0,0,0,0,0,0,0,0,0,0,0,0,0,0,0,0,0,0,0,0,0,0,0,0,0,0,0,0.56391,0.00284078,0.000946927,0.00284078,0.000946927,0.00284078,0.000946927,0.00284078,0.000946927
121,11663.9,1.03281,0.50793,0.83425,0,0,0,0,0,0,0.13617,0.00354,0.00072,0,0,0,0,0,0,0,0,0,0,0,0,0,0,0.6078,0.20798,0,0,0.49091,0.04768,0.49706,0.49174,0.85831,0.79099,0.83325,0.56395,1.11346,0.5069,0.84675,0,0,0,0,0,0,0,0,0,0,0,0,0,0,0,0,0,0,0,0,0,0,0,0,0,0,0,0,0,0,0,0.56395,0.00283814,0.000946048,0.00283814,0.000946048,0.00283814,0.000946048,0.00283814,0.000946048
122,11760.4,1.03721,0.5123,0.83132,0,0,0,0,0,0,0.11761,0.00344,0.00058,0,0,0,0,0,0,0,0,0,0,0,0,0,0,0.61127,0.20716,0,0,0.49096,0.04769,0.49679,0.49178,0.85933,0.78994,0.83348,0.56379,1.11324,0.50715,0.84675,0,0,0,0,0,0,0,0,0,0,0,0,0,0,0,0,0,0,0,0,0,0,0,0,0,0,0,0,0,0,0,0.56379,0.00283549,0.000945162,0.00283549,0.000945162,0.00283549,0.000945162,0.00283549,0.000945162
123,11856.9,1.03375,0.51058,0.83241,0,0,0,0,0,0,0.13377,0.0034,0.00048,0,0,0,0,0,0,0,0,0,0,0,0,0,0,0.60257,0.20628,0,0,0.49088,0.04766,0.49928,0.49198,0.85912,0.79054,0.83358,0.56396,1.11312,0.50732,0.84672,0,0,0,0,0,0,0,0,0,0,0,0,0,0,0,0,0,0,0,0,0,0,0,0,0,0,0,0,0,0,0,0.56396,0.00283281,0.00094427,0.00283281,0.00094427,0.00283281,0.00094427,0.00283281,0.00094427
124,11961.6,1.03997,0.51349,0.83259,0,0,0,0,0,0,0.11743,0.00338,0.00077,0,0,0,0,0,0,0,0,0,0,0,0,0,0,0.60881,0.20607,0,0,0.4909,0.04772,0.49795,0.49192,0.85891,0.79079,0.83368,0.56402,1.11282,0.50711,0.84663,0,0,0,0,0,0,0,0,0,0,0,0,0,0,0,0,0,0,0,0,0,0,0,0,0,0,0,0,0,0,0,0.56402,0.00283011,0.00094337,0.00283011,0.00094337,0.00283011,0.00094337,0.00283011,0.00094337
125,12064.9,1.03876,0.51224,0.83431,0,0,0,0,0,0,0.11265,0.00336,0.00054,7e-05,0,0,0,0,0,0,0,0,0,0,0,0,0,0.58725,0.20262,0,0,0.49088,0.04768,0.49896,0.49197,0.85664,0.7922,0.83356,0.56439,1.11207,0.5068,0.84652,0,0,0,0,0,0,0,0,0,0,0,0,0,0,0,0,0,0,0,0,0,0,0,0,0,0,0,0,0,0,0,0.56439,0.00282739,0.000942464,0.00282739,0.000942464,0.00282739,0.000942464,0.00282739,0.000942464
126,12161.8,1.03537,0.51262,0.83445,0,0,0,0,0,0,0.13669,0.00336,0.00079,4e-05,0,0,0,0,0,0,0,0,0,0,0,0,0,0.59582,0.20016,0,0,0.49092,0.04766,0.49675,0.49189,0.85878,0.79167,0.83384,0.56456,1.11149,0.50672,0.84648,0,0,0,0,0,0,0,0,0,0,0,0,0,0,0,0,0,0,0,0,0,0,0,0,0,0,0,0,0,0,0,0.56456,0.00282465,0.000941551,0.00282465,0.000941551,0.00282465,0.000941551,0.00282465,0.000941551
127,12259.8,1.02455,0.50763,0.83308,0,0,0,0,0,0,0.11186,0.00334,0.00072,0,0,0,0,0,0,0,0,0,0,0,0,0,0,0.60002,0.19956,0,0,0.49097,0.04764,0.49819,0.49198,0.8569,0.7926,0.83354,0.56461,1.1113,0.50644,0.84648,0,0,0,0,0,0,0,0,0,0,0,0,0,0,0,0,0,0,0,0,0,0,0,0,0,0,0,0,0,0,0,0.56461,0.00282189,0.000940631,0.00282189,0.000940631,0.00282189,0.000940631,0.00282189,0.000940631
128,12354.6,1.03179,0.51101,0.83363,0,0,0,0,0,0,0.12351,0.0033,0.00069,0,0,0,0,0,0,0,0,0,0,0,0,0,0,0.59284,0.19956,0,0,0.49087,0.04771,0.49811,0.49177,0.85762,0.79308,0.83353,0.56445,1.1114,0.50672,0.84645,0,0,0,0,0,0,0,0,0,0,0,0,0,0,0,0,0,0,0,0,0,0,0,0,0,0,0,0,0,0,0,0.56445,0.00281911,0.000939705,0.00281911,0.000939705,0.00281911,0.000939705,0.00281911,0.000939705
129,12450.1,1.0332,0.51111,0.8331,0,0,0,0,0,0,0.13555,0.0033,0.00075,2e-05,0,0,0,0,0,0,0,0,0,0,0,0,0,0.58953,0.19736,0,0,0.49096,0.04771,0.49858,0.49195,0.8587,0.7935,0.83441,0.56482,1.11134,0.50692,0.84641,0,0,0,0,0,0,0,0,0,0,0,0,0,0,0,0,0,0,0,0,0,0,0,0,0,0,0,0,0,0,0,0.56482,0.00281632,0.000938772,0.00281632,0.000938772,0.00281632,0.000938772,0.00281632,0.000938772
130,12544.2,1.02841,0.50801,0.83177,0,0,0,0,0,0,0.11488,0.00327,0.00055,1e-05,0,0,0,0,0,0,0,0,0,0,0,0,0,0.59346,0.19327,0,0,0.49088,0.04769,0.49731,0.49175,0.85803,0.79382,0.83496,0.56486,1.11165,0.50714,0.84657,0,0,0,0,0,0,0,0,0,0,0,0,0,0,0,0,0,0,0,0,0,0,0,0,0,0,0,0,0,0,0,0.56486,0.0028135,0.000937832,0.0028135,0.000937832,0.0028135,0.000937832,0.0028135,0.000937832
131,12638.5,1.03328,0.51066,0.83445,0,0,0,0,0,0,0.11915,0.00327,0.0006,0,0,0,0,0,0,0,0,0,0,0,0,0,0,0.61146,0.19329,0,0,0.49094,0.04768,0.4966,0.49176,0.8585,0.7936,0.83444,0.56432,1.11177,0.50715,0.84652,0,0,0,0,0,0,0,0,0,0,0,0,0,0,0,0,0,0,0,0,0,0,0,0,0,0,0,0,0,0,0,0.56432,0.00281066,0.000936886,0.00281066,0.000936886,0.00281066,0.000936886,0.00281066,0.000936886
132,12731.2,1.03391,0.50988,0.83634,0,0,0,0,0,0,0.13183,0.00321,0.00076,4e-05,0,0,0,0,0,0,0,0,0,0,0,0,0,0.61223,0.19244,0,0,0.49095,0.04768,0.4967,0.49173,0.85878,0.79354,0.83484,0.56451,1.11179,0.50703,0.84646,0,0,0,0,0,0,0,0,0,0,0,0,0,0,0,0,0,0,0,0,0,0,0,0,0,0,0,0,0,0,0,0.56451,0.0028078,0.000935932,0.0028078,0.000935932,0.0028078,0.000935932,0.0028078,0.000935932
133,12824.8,1.03425,0.51074,0.83378,0,0,0,0,0,0,0.11801,0.00319,0.00061,0,0,0,0,0,0,0,0,0,0,0,0,0,0,0.60744,0.19219,0,0,0.49093,0.04769,0.49708,0.49195,0.85959,0.79215,0.83469,0.56442,1.11111,0.5069,0.84639,0,0,0,0,0,0,0,0,0,0,0,0,0,0,0,0,0,0,0,0,0,0,0,0,0,0,0,0,0,0,0,0.56442,0.00280492,0.000934973,0.00280492,0.000934973,0.00280492,0.000934973,0.00280492,0.000934973
134,12917.8,1.02904,0.50806,0.83376,0,0,0,0,0,0,0.12289,0.00321,0.00071,0,0,0,0,0,0,0,0,0,0,0,0,0,0,0.59517,0.19074,0,0,0.49089,0.04763,0.49855,0.49199,0.86073,0.79226,0.83482,0.56444,1.11088,0.50729,0.84624,0,0,0,0,0,0,0,0,0,0,0,0,0,0,0,0,0,0,0,0,0,0,0,0,0,0,0,0,0,0,0,0.56444,0.00280202,0.000934006,0.00280202,0.000934006,0.00280202,0.000934006,0.00280202,0.000934006
135,13013.7,1.03362,0.50722,0.83304,0,0,0,0,0,0,0.11673,0.00317,0.00062,0,0,0,0,0,0,0,0,0,0,0,0,0,0,0.5896,0.18916,0,0,0.49093,0.04767,0.49672,0.49178,0.86072,0.79141,0.83468,0.56455,1.11084,0.50741,0.84621,0,0,0,0,0,0,0,0,0,0,0,0,0,0,0,0,0,0,0,0,0,0,0,0,0,0,0,0,0,0,0,0.56455,0.0027991,0.000933033,0.0027991,0.000933033,0.0027991,0.000933033,0.0027991,0.000933033
136,13113.5,1.02618,0.50587,0.83191,0,0,0,0,0,0,0.11251,0.00315,0.00068,2e-05,0,0,0,0,0,0,0,0,0,0,0,0,0,0.5981,0.18898,0,0,0.49091,0.04767,0.49709,0.49186,0.86141,0.79179,0.83473,0.56437,1.11064,0.50783,0.8462,0,0,0,0,0,0,0,0,0,0,0,0,0,0,0,0,0,0,0,0,0,0,0,0,0,0,0,0,0,0,0,0.56437,0.00279616,0.000932054,0.00279616,0.000932054,0.00279616,0.000932054,0.00279616,0.000932054
137,13209,1.02793,0.50715,0.83384,0,0,0,0,0,0,0.11023,0.00313,0.00055,1e-05,0,0,0,0,0,0,0,0,0,0,0,0,0,0.59289,0.18886,0,0,0.49091,0.04765,0.4969,0.49169,0.86156,0.79203,0.83481,0.56522,1.10962,0.50763,0.84624,0,0,0,0,0,0,0,0,0,0,0,0,0,0,0,0,0,0,0,0,0,0,0,0,0,0,0,0,0,0,0,0.56522,0.0027932,0.000931067,0.0027932,0.000931067,0.0027932,0.000931067,0.0027932,0.000931067
138,13304.6,1.03208,0.50831,0.83354,0,0,0,0,0,0,0.11505,0.00308,0.00068,1e-05,0,0,0,0,0,0,0,0,0,0,0,0,0,0.5907,0.1877,0,0,0.49091,0.04771,0.49808,0.49184,0.86132,0.79157,0.83442,0.56546,1.10918,0.50778,0.84608,0,0,0,0,0,0,0,0,0,0,0,0,0,0,0,0,0,0,0,0,0,0,0,0,0,0,0,0,0,0,0,0.56546,0.00279022,0.000930075,0.00279022,0.000930075,0.00279022,0.000930075,0.00279022,0.000930075
139,13402.5,1.03109,0.50842,0.8337,0,0,0,0,0,0,0.13424,0.00309,0.00056,2e-05,0,0,0,0,0,0,0,0,0,0,0,0,0,0.5881,0.18752,0,0,0.49094,0.04766,0.49884,0.49204,0.85986,0.79238,0.83503,0.56536,1.1098,0.50778,0.84625,0,0,0,0,0,0,0,0,0,0,0,0,0,0,0,0,0,0,0,0,0,0,0,0,0,0,0,0,0,0,0,0.56536,0.00278723,0.000929075,0.00278723,0.000929075,0.00278723,0.000929075,0.00278723,0.000929075
140,13498.6,1.02904,0.50865,0.8328,0,0,0,0,0,0,0.10892,0.00308,0.00076,0,0,0,0,0,0,0,0,0,0,0,0,0,0,0.58901,0.18608,0,0,0.49089,0.04769,0.49834,0.49181,0.86025,0.79347,0.8347,0.56531,1.10915,0.50778,0.84613,0,0,0,0,0,0,0,0,0,0,0,0,0,0,0,0,0,0,0,0,0,0,0,0,0,0,0,0,0,0,0,0.56531,0.00278421,0.000928069,0.00278421,0.000928069,0.00278421,0.000928069,0.00278421,0.000928069
141,13594.8,1.03541,0.51353,0.83237,0,0,0,0,0,0,0.12361,0.00304,0.00063,1e-05,0,0,0,0,0,0,0,0,0,0,0,0,0,0.59931,0.18628,0,0,0.49089,0.04768,0.49822,0.49191,0.86114,0.79392,0.83501,0.56527,1.10914,0.50757,0.84611,0,0,0,0,0,0,0,0,0,0,0,0,0,0,0,0,0,0,0,0,0,0,0,0,0,0,0,0,0,0,0,0.56527,0.00278117,0.000927057,0.00278117,0.000927057,0.00278117,0.000927057,0.00278117,0.000927057
142,13693.3,1.03741,0.51199,0.83161,0,0,0,0,0,0,0.12136,0.00299,0.00078,0,0,0,0,0,0,0,0,0,0,0,0,0,0,0.58624,0.18601,0,0,0.49091,0.04768,0.49878,0.49201,0.86055,0.79376,0.83482,0.56536,1.10853,0.50756,0.84597,0,0,0,0,0,0,0,0,0,0,0,0,0,0,0,0,0,0,0,0,0,0,0,0,0,0,0,0,0,0,0,0.56536,0.00277811,0.000926038,0.00277811,0.000926038,0.00277811,0.000926038,0.00277811,0.000926038
143,13789.4,1.0362,0.51177,0.83436,0,0,0,0,0,0,0.1324,0.00302,0.00066,1e-05,0,0,0,0,0,0,0,0,0,0,0,0,0,0.59221,0.18407,0,0,0.49093,0.04767,0.4982,0.49193,0.86193,0.79354,0.835,0.56607,1.10848,0.50767,0.84592,0,0,0,0,0,0,0,0,0,0,0,0,0,0,0,0,0,0,0,0,0,0,0,0,0,0,0,0,0,0,0,0.56607,0.00277504,0.000925013,0.00277504,0.000925013,0.00277504,0.000925013,0.00277504,0.000925013
144,13885.4,1.0285,0.50586,0.83059,0,0,0,0,0,0,0.12047,0.00298,0.00068,0,0,0,0,0,0,0,0,0,0,0,0,0,0,0.59011,0.18342,0,0,0.49093,0.04769,0.49817,0.49197,0.86086,0.79369,0.83481,0.56573,1.10782,0.50764,0.84582,0,0,0,0,0,0,0,0,0,0,0,0,0,0,0,0,0,0,0,0,0,0,0,0,0,0,0,0,0,0,0,0.56573,0.00277194,0.000923981,0.00277194,0.000923981,0.00277194,0.000923981,0.00277194,0.000923981
145,13980.2,1.03233,0.50838,0.83227,0,0,0,0,0,0,0.12373,0.00303,0.00059,0,0,0,0,0,0,0,0,0,0,0,0,0,0,0.59322,0.18348,0,0,0.49088,0.04764,0.49884,0.49198,0.86052,0.79396,0.83527,0.56611,1.10762,0.50737,0.84583,0,0,0,0,0,0,0,0,0,0,0,0,0,0,0,0,0,0,0,0,0,0,0,0,0,0,0,0,0,0,0,0.56611,0.00276883,0.000922942,0.00276883,0.000922942,0.00276883,0.000922942,0.00276883,0.000922942
146,14080.1,1.04038,0.51359,0.83568,0,0,0,0,0,0,0.13024,0.00299,0.00099,4e-05,0,0,0,0,0,0,0,0,0,0,0,0,0,0.59331,0.1833,0,0,0.49093,0.04763,0.49685,0.49163,0.85962,0.79305,0.83431,0.566,1.108,0.50728,0.84597,0,0,0,0,0,0,0,0,0,0,0,0,0,0,0,0,0,0,0,0,0,0,0,0,0,0,0,0,0,0,0,0.566,0.00276569,0.000921898,0.00276569,0.000921898,0.00276569,0.000921898,0.00276569,0.000921898
147,14177.2,1.03008,0.51054,0.83515,0,0,0,0,0,0,0.11356,0.003,0.00057,0,0,0,0,0,0,0,0,0,0,0,0,0,0,0.59196,0.1802,0,0,0.49089,0.04773,0.49684,0.4917,0.8601,0.79303,0.83437,0.56581,1.10852,0.50767,0.84593,0,0,0,0,0,0,0,0,0,0,0,0,0,0,0,0,0,0,0,0,0,0,0,0,0,0,0,0,0,0,0,0.56581,0.00276254,0.000920846,0.00276254,0.000920846,0.00276254,0.000920846,0.00276254,0.000920846
148,14273,1.02689,0.50989,0.83239,0,0,0,0,0,0,0.1538,0.00298,0.00053,3e-05,0,0,0,0,0,0,0,0,0,0,0,0,0,0.59949,0.18082,0,0,0.49094,0.04766,0.49521,0.49165,0.86173,0.7936,0.83534,0.56601,1.10841,0.50787,0.84588,0,0,0,0,0,0,0,0,0,0,0,0,0,0,0,0,0,0,0,0,0,0,0,0,0,0,0,0,0,0,0,0.56601,0.00275937,0.000919789,0.00275937,0.000919789,0.00275937,0.000919789,0.00275937,0.000919789
149,14369.4,1.03154,0.50883,0.83347,0,0,0,0,0,0,0.11587,0.00296,0.0006,0,0,0,0,0,0,0,0,0,0,0,0,0,0,0.59632,0.18068,0,0,0.49095,0.04772,0.49887,0.49199,0.86027,0.79376,0.83453,0.56608,1.10841,0.50769,0.84591,0,0,0,0,0,0,0,0,0,0,0,0,0,0,0,0,0,0,0,0,0,0,0,0,0,0,0,0,0,0,0,0.56608,0.00275617,0.000918725,0.00275617,0.000918725,0.00275617,0.000918725,0.00275617,0.000918725
150,14464.1,1.03707,0.51203,0.83497,0,0,0,0,0,0,0.11823,0.00299,0.00053,0,0,0,0,0,0,0,0,0,0,0,0,0,0,0.58765,0.1802,0,0,0.49095,0.04766,0.49845,0.49193,0.86005,0.79426,0.83557,0.56648,1.10866,0.50775,0.84589,0,0,0,0,0,0,0,0,0,0,0,0,0,0,0,0,0,0,0,0,0,0,0,0,0,0,0,0,0,0,0,0.56648,0.00275296,0.000917654,0.00275296,0.000917654,0.00275296,0.000917654,0.00275296,0.000917654
151,14560.2,1.0311,0.50914,0.83368,0,0,0,0,0,0,0.12002,0.00291,0.00072,1e-05,0,0,0,0,0,0,0,0,0,0,0,0,0,0.58727,0.18042,0,0,0.49091,0.04766,0.50026,0.49193,0.85886,0.7945,0.83507,0.56681,1.10859,0.50796,0.8459,0,0,0,0,0,0,0,0,0,0,0,0,0,0,0,0,0,0,0,0,0,0,0,0,0,0,0,0,0,0,0,0.56681,0.00274973,0.000916577,0.00274973,0.000916577,0.00274973,0.000916577,0.00274973,0.000916577
152,14654.9,1.03118,0.50878,0.83456,0,0,0,0,0,0,0.11516,0.0029,0.00053,0,0,0,0,0,0,0,0,0,0,0,0,0,0,0.60499,0.17926,0,0,0.49094,0.04771,0.49763,0.49186,0.86086,0.7938,0.83569,0.56651,1.10874,0.50802,0.84589,0,0,0,0,0,0,0,0,0,0,0,0,0,0,0,0,0,0,0,0,0,0,0,0,0,0,0,0,0,0,0,0.56651,0.00274648,0.000915494,0.00274648,0.000915494,0.00274648,0.000915494,0.00274648,0.000915494
153,14753.6,1.03602,0.50838,0.83285,0,0,0,0,0,0,0.12408,0.00286,0.00059,2e-05,0,0,0,0,0,0,0,0,0,0,0,0,0,0.59345,0.17843,0,0,0.4909,0.04768,0.49871,0.49176,0.85789,0.7949,0.8358,0.56663,1.10892,0.50796,0.84589,0,0,0,0,0,0,0,0,0,0,0,0,0,0,0,0,0,0,0,0,0,0,0,0,0,0,0,0,0,0,0,0.56663,0.00274321,0.000914405,0.00274321,0.000914405,0.00274321,0.000914405,0.00274321,0.000914405
154,14850,1.02887,0.50713,0.83343,0,0,0,0,0,0,0.11277,0.00286,0.00054,0,0,0,0,0,0,0,0,0,0,0,0,0,0,0.59468,0.17777,0,0,0.49091,0.04768,0.49828,0.49196,0.86029,0.79385,0.8366,0.56644,1.10851,0.50771,0.84587,0,0,0,0,0,0,0,0,0,0,0,0,0,0,0,0,0,0,0,0,0,0,0,0,0,0,0,0,0,0,0,0.56644,0.00273993,0.000913309,0.00273993,0.000913309,0.00273993,0.000913309,0.00273993,0.000913309
155,14949.2,1.02754,0.50611,0.83287,0,0,0,0,0,0,0.12972,0.00288,0.00088,0,0,0,0,0,0,0,0,0,0,0,0,0,0,0.58571,0.17723,0,0,0.49089,0.04769,0.49867,0.49179,0.85914,0.79483,0.83668,0.56676,1.10806,0.50785,0.84581,0,0,0,0,0,0,0,0,0,0,0,0,0,0,0,0,0,0,0,0,0,0,0,0,0,0,0,0,0,0,0,0.56676,0.00273662,0.000912207,0.00273662,0.000912207,0.00273662,0.000912207,0.00273662,0.000912207
156,15045.7,1.03426,0.5114,0.83211,0,0,0,0,0,0,0.12374,0.00285,0.00056,2e-05,0,0,0,0,0,0,0,0,0,0,0,0,0,0.58202,0.17489,0,0,0.49087,0.04773,0.49689,0.49175,0.86035,0.79481,0.83686,0.56592,1.10833,0.50794,0.84581,0,0,0,0,0,0,0,0,0,0,0,0,0,0,0,0,0,0,0,0,0,0,0,0,0,0,0,0,0,0,0,0.56592,0.0027333,0.000911099,0.0027333,0.000911099,0.0027333,0.000911099,0.0027333,0.000911099
157,15143.4,1.0306,0.50887,0.83393,0,0,0,0,0,0,0.11042,0.00283,0.00045,0,0,0,0,0,0,0,0,0,0,0,0,0,0,0.5967,0.17673,0,0,0.49092,0.04775,0.49904,0.49181,0.85954,0.79492,0.83605,0.56584,1.10817,0.50784,0.84581,0,0,0,0,0,0,0,0,0,0,0,0,0,0,0,0,0,0,0,0,0,0,0,0,0,0,0,0,0,0,0,0.56584,0.00272995,0.000909984,0.00272995,0.000909984,0.00272995,0.000909984,0.00272995,0.000909984
158,15242.2,1.02614,0.50864,0.83416,0,0,0,0,0,0,0.10957,0.00286,0.0006,3e-05,0,0,0,0,0,0,0,0,0,0,0,0,0,0.60127,0.18533,0,0,0.49087,0.04774,0.49594,0.49175,0.85942,0.79452,0.83621,0.56612,1.10819,0.50808,0.84577,0,0,0,0,0,0,0,0,0,0,0,0,0,0,0,0,0,0,0,0,0,0,0,0,0,0,0,0,0,0,0,0.56612,0.00272659,0.000908863,0.00272659,0.000908863,0.00272659,0.000908863,0.00272659,0.000908863
159,15337.7,1.0272,0.50607,0.83099,0,0,0,0,0,0,0.11411,0.00283,0.00063,2e-05,0,0,0,0,0,0,0,0,0,0,0,0,0,0.58823,0.18181,0,0,0.49096,0.04773,0.49739,0.49191,0.85963,0.79528,0.83687,0.56615,1.10796,0.50819,0.84571,0,0,0,0,0,0,0,0,0,0,0,0,0,0,0,0,0,0,0,0,0,0,0,0,0,0,0,0,0,0,0,0.56615,0.00272321,0.000907736,0.00272321,0.000907736,0.00272321,0.000907736,0.00272321,0.000907736
160,15433.2,1.02999,0.50715,0.83301,0,0,0,0,0,0,0.11466,0.00284,0.00071,0,0,0,0,0,0,0,0,0,0,0,0,0,0,0.59751,0.17519,0,0,0.49097,0.04774,0.49635,0.49184,0.85913,0.79516,0.83658,0.56604,1.10711,0.50787,0.84574,0,0,0,0,0,0,0,0,0,0,0,0,0,0,0,0,0,0,0,0,0,0,0,0,0,0,0,0,0,0,0,0.56604,0.00271981,0.000906603,0.00271981,0.000906603,0.00271981,0.000906603,0.00271981,0.000906603
161,15528.9,1.02736,0.50837,0.83267,0,0,0,0,0,0,0.11917,0.0028,0.00062,0,0,0,0,0,0,0,0,0,0,0,0,0,0,0.5987,0.17476,0,0,0.49086,0.04773,0.49686,0.4918,0.86044,0.7946,0.83666,0.5658,1.10799,0.50811,0.84571,0,0,0,0,0,0,0,0,0,0,0,0,0,0,0,0,0,0,0,0,0,0,0,0,0,0,0,0,0,0,0,0.5658,0.00271639,0.000905463,0.00271639,0.000905463,0.00271639,0.000905463,0.00271639,0.000905463
162,15627.2,1.02697,0.50632,0.83261,0,0,0,0,0,0,0.11176,0.0028,0.0007,0,0,0,0,0,0,0,0,0,0,0,0,0,0,0.58994,0.17592,0,0,0.49095,0.0477,0.49885,0.49195,0.85816,0.79517,0.83635,0.56602,1.10791,0.50799,0.8458,0,0,0,0,0,0,0,0,0,0,0,0,0,0,0,0,0,0,0,0,0,0,0,0,0,0,0,0,0,0,0,0.56602,0.00271295,0.000904318,0.00271295,0.000904318,0.00271295,0.000904318,0.00271295,0.000904318
163,15723.1,1.03247,0.51166,0.83279,0,0,0,0,0,0,0.11842,0.00284,0.00061,0,0,0,0,0,0,0,0,0,0,0,0,0,0,0.59675,0.17543,0,0,0.49091,0.04768,0.49673,0.49169,0.8569,0.796,0.83618,0.56601,1.1074,0.50817,0.84574,0,0,0,0,0,0,0,0,0,0,0,0,0,0,0,0,0,0,0,0,0,0,0,0,0,0,0,0,0,0,0,0.56601,0.0027095,0.000903166,0.0027095,0.000903166,0.0027095,0.000903166,0.0027095,0.000903166
164,15817.6,1.02971,0.5073,0.83288,0,0,0,0,0,0,0.11204,0.00283,0.00083,0,0,0,0,0,0,0,0,0,0,0,0,0,0,0.59786,0.17846,0,0,0.49094,0.04766,0.49636,0.49173,0.85999,0.79537,0.83636,0.56592,1.10721,0.5083,0.8457,0,0,0,0,0,0,0,0,0,0,0,0,0,0,0,0,0,0,0,0,0,0,0,0,0,0,0,0,0,0,0,0.56592,0.00270602,0.000902008,0.00270602,0.000902008,0.00270602,0.000902008,0.00270602,0.000902008
165,15912.4,1.02286,0.50337,0.83308,0,0,0,0,0,0,0.11137,0.00275,0.00072,2e-05,0,0,0,0,0,0,0,0,0,0,0,0,0,0.60296,0.17864,0,0,0.49092,0.04769,0.4983,0.49189,0.85616,0.79686,0.8363,0.56542,1.10704,0.50834,0.84568,0,0,0,0,0,0,0,0,0,0,0,0,0,0,0,0,0,0,0,0,0,0,0,0,0,0,0,0,0,0,0,0.56542,0.00270253,0.000900844,0.00270253,0.000900844,0.00270253,0.000900844,0.00270253,0.000900844
166,16004.5,1.03025,0.50805,0.83257,0,0,0,0,0,0,0.11018,0.00281,0.00041,0,0,0,0,0,0,0,0,0,0,0,0,0,0,0.59881,0.17685,0,0,0.49092,0.04772,0.49922,0.49202,0.85625,0.79815,0.83678,0.56607,1.10672,0.50804,0.8457,0,0,0,0,0,0,0,0,0,0,0,0,0,0,0,0,0,0,0,0,0,0,0,0,0,0,0,0,0,0,0,0.56607,0.00269902,0.000899674,0.00269902,0.000899674,0.00269902,0.000899674,0.00269902,0.000899674
167,16098.9,1.02547,0.50724,0.83252,0,0,0,0,0,0,0.10692,0.00275,0.00041,0,0,0,0,0,0,0,0,0,0,0,0,0,0,0.61032,0.17511,0,0,0.49094,0.04766,0.4974,0.49188,0.8577,0.79844,0.83757,0.56606,1.10706,0.50834,0.84575,0,0,0,0,0,0,0,0,0,0,0,0,0,0,0,0,0,0,0,0,0,0,0,0,0,0,0,0,0,0,0,0.56606,0.00269549,0.000898497,0.00269549,0.000898497,0.00269549,0.000898497,0.00269549,0.000898497
168,16192.4,1.03454,0.50773,0.83149,0,0,0,0,0,0,0.11251,0.00278,0.00047,0,0,0,0,0,0,0,0,0,0,0,0,0,0,0.61479,0.17599,0,0,0.49089,0.04771,0.498,0.49174,0.85603,0.79861,0.83736,0.56639,1.10718,0.5085,0.84578,0,0,0,0,0,0,0,0,0,0,0,0,0,0,0,0,0,0,0,0,0,0,0,0,0,0,0,0,0,0,0,0.56639,0.00269195,0.000897315,0.00269195,0.000897315,0.00269195,0.000897315,0.00269195,0.000897315
169,16288.1,1.02618,0.50577,0.83288,0,0,0,0,0,0,0.13267,0.00275,0.00055,0,0,0,0,0,0,0,0,0,0,0,0,0,0,0.61565,0.17572,0,0,0.49095,0.04771,0.49731,0.49195,0.85684,0.79748,0.83693,0.56618,1.10649,0.50819,0.84578,0,0,0,0,0,0,0,0,0,0,0,0,0,0,0,0,0,0,0,0,0,0,0,0,0,0,0,0,0,0,0,0.56618,0.00268838,0.000896127,0.00268838,0.000896127,0.00268838,0.000896127,0.00268838,0.000896127
170,16383.3,1.02097,0.50593,0.83098,0,0,0,0,0,0,0.10837,0.00272,0.00053,0,0,0,0,0,0,0,0,0,0,0,0,0,0,0.60604,0.17474,0,0,0.49094,0.04768,0.49958,0.49202,0.85879,0.79672,0.83757,0.56635,1.10631,0.50817,0.84576,0,0,0,0,0,0,0,0,0,0,0,0,0,0,0,0,0,0,0,0,0,0,0,0,0,0,0,0,0,0,0,0.56635,0.0026848,0.000894932,0.0026848,0.000894932,0.0026848,0.000894932,0.0026848,0.000894932
171,16480.5,1.02895,0.50847,0.83213,0,0,0,0,0,0,0.11189,0.00269,0.00044,0,0,0,0,0,0,0,0,0,0,0,0,0,0,0.58593,0.17206,0,0,0.49096,0.04773,0.50086,0.49222,0.85934,0.79751,0.83756,0.56656,1.10657,0.50839,0.84569,0,0,0,0,0,0,0,0,0,0,0,0,0,0,0,0,0,0,0,0,0,0,0,0,0,0,0,0,0,0,0,0.56656,0.0026812,0.000893732,0.0026812,0.000893732,0.0026812,0.000893732,0.0026812,0.000893732
172,16577.1,1.0266,0.50639,0.8327,0,0,0,0,0,0,0.10796,0.00268,0.0005,0,0,0,0,0,0,0,0,0,0,0,0,0,0,0.60567,0.17077,0,0,0.4909,0.04768,0.4973,0.49189,0.85911,0.79764,0.83744,0.56624,1.10667,0.50856,0.84573,0,0,0,0,0,0,0,0,0,0,0,0,0,0,0,0,0,0,0,0,0,0,0,0,0,0,0,0,0,0,0,0.56624,0.00267758,0.000892525,0.00267758,0.000892525,0.00267758,0.000892525,0.00267758,0.000892525
173,16672.3,1.027,0.50599,0.8306,0,0,0,0,0,0,0.12783,0.0027,0.00057,0,0,0,0,0,0,0,0,0,0,0,0,0,0,0.59081,0.17101,0,0,0.49092,0.04769,0.49892,0.49193,0.86045,0.79721,0.83808,0.56647,1.10641,0.50821,0.8457,0,0,0,0,0,0,0,0,0,0,0,0,0,0,0,0,0,0,0,0,0,0,0,0,0,0,0,0,0,0,0,0.56647,0.00267394,0.000891313,0.00267394,0.000891313,0.00267394,0.000891313,0.00267394,0.000891313
174,16772.3,1.02346,0.50805,0.83272,0,0,0,0,0,0,0.12304,0.0027,0.00054,1e-05,0,0,0,0,0,0,0,0,0,0,0,0,0,0.58384,0.1694,0,0,0.4909,0.04768,0.49991,0.49203,0.86061,0.79695,0.83765,0.56651,1.10625,0.50818,0.84563,0,0,0,0,0,0,0,0,0,0,0,0,0,0,0,0,0,0,0,0,0,0,0,0,0,0,0,0,0,0,0,0.56651,0.00267028,0.000890095,0.00267028,0.000890095,0.00267028,0.000890095,0.00267028,0.000890095
175,16870.1,1.02512,0.50614,0.83186,0,0,0,0,0,0,0.11342,0.00266,0.00052,0,0,0,0,0,0,0,0,0,0,0,0,0,0,0.59262,0.16815,0,0,0.49092,0.04768,0.49756,0.49185,0.86119,0.797,0.83845,0.56701,1.10584,0.50862,0.84571,0,0,0,0,0,0,0,0,0,0,0,0,0,0,0,0,0,0,0,0,0,0,0,0,0,0,0,0,0,0,0,0.56701,0.00266661,0.00088887,0.00266661,0.00088887,0.00266661,0.00088887,0.00266661,0.00088887
176,16965,1.02383,0.5022,0.83375,0,0,0,0,0,0,0.11031,0.0027,0.00046,0,0,0,0,0,0,0,0,0,0,0,0,0,0,0.61,0.16929,0,0,0.49096,0.04774,0.49757,0.49188,0.86142,0.79713,0.83818,0.56694,1.10522,0.50829,0.84563,0,0,0,0,0,0,0,0,0,0,0,0,0,0,0,0,0,0,0,0,0,0,0,0,0,0,0,0,0,0,0,0.56694,0.00266292,0.00088764,0.00266292,0.00088764,0.00266292,0.00088764,0.00266292,0.00088764
177,17062.8,1.03,0.50922,0.83272,0,0,0,0,0,0,0.11498,0.00267,0.0006,0,0,0,0,0,0,0,0,0,0,0,0,0,0,0.5953,0.16947,0,0,0.49096,0.04766,0.49874,0.49203,0.86186,0.79769,0.83886,0.5675,1.10441,0.50808,0.84566,0,0,0,0,0,0,0,0,0,0,0,0,0,0,0,0,0,0,0,0,0,0,0,0,0,0,0,0,0,0,0,0.5675,0.00265921,0.000886404,0.00265921,0.000886404,0.00265921,0.000886404,0.00265921,0.000886404
178,17160.7,1.03196,0.50883,0.83245,0,0,0,0,0,0,0.11219,0.00271,0.0005,1e-05,0,0,0,0,0,0,0,0,0,0,0,0,0,0.60717,0.17013,0,0,0.49091,0.04768,0.49715,0.49177,0.86225,0.79748,0.83849,0.56706,1.10426,0.5081,0.84561,0,0,0,0,0,0,0,0,0,0,0,0,0,0,0,0,0,0,0,0,0,0,0,0,0,0,0,0,0,0,0,0.56706,0.00265549,0.000885162,0.00265549,0.000885162,0.00265549,0.000885162,0.00265549,0.000885162
179,17258.6,1.02715,0.50752,0.83068,0,0,0,0,0,0,0.11348,0.00264,0.00054,0,0,0,0,0,0,0,0,0,0,0,0,0,0,0.59414,0.16948,0,0,0.49089,0.04772,0.50053,0.49211,0.86371,0.79719,0.8385,0.56729,1.10486,0.50839,0.84564,0,0,0,0,0,0,0,0,0,0,0,0,0,0,0,0,0,0,0,0,0,0,0,0,0,0,0,0,0,0,0,0.56729,0.00265174,0.000883914,0.00265174,0.000883914,0.00265174,0.000883914,0.00265174,0.000883914
180,17359.2,1.02167,0.50457,0.8317,0,0,0,0,0,0,0.12443,0.00266,0.00046,3e-05,0,0,0,0,0,0,0,0,0,0,0,0,0,0.61392,0.17477,0,0,0.49089,0.04763,0.49679,0.49174,0.86495,0.79732,0.83876,0.56749,1.10489,0.50847,0.84561,0,0,0,0,0,0,0,0,0,0,0,0,0,0,0,0,0,0,0,0,0,0,0,0,0,0,0,0,0,0,0,0.56749,0.00264798,0.00088266,0.00264798,0.00088266,0.00264798,0.00088266,0.00264798,0.00088266
181,17456.7,1.02819,0.50458,0.83331,0,0,0,0,0,0,0.10387,0.00262,0.00075,0,0,0,0,0,0,0,0,0,0,0,0,0,0,0.62014,0.1758,0,0,0.49092,0.04769,0.49614,0.49174,0.86467,0.79733,0.83908,0.56707,1.10613,0.50875,0.8457,0,0,0,0,0,0,0,0,0,0,0,0,0,0,0,0,0,0,0,0,0,0,0,0,0,0,0,0,0,0,0,0.56707,0.0026442,0.000881401,0.0026442,0.000881401,0.0026442,0.000881401,0.0026442,0.000881401
182,17553.1,1.02437,0.50478,0.83113,0,0,0,0,0,0,0.13187,0.00263,0.00057,0,0,0,0,0,0,0,0,0,0,0,0,0,0,0.60595,0.17537,0,0,0.49087,0.04771,0.49764,0.4917,0.86392,0.79677,0.83868,0.56724,1.10599,0.50853,0.84574,0,0,0,0,0,0,0,0,0,0,0,0,0,0,0,0,0,0,0,0,0,0,0,0,0,0,0,0,0,0,0,0.56724,0.00264041,0.000880136,0.00264041,0.000880136,0.00264041,0.000880136,0.00264041,0.000880136
183,17648.5,1.02571,0.50553,0.83385,0,0,0,0,0,0,0.11506,0.00264,0.00062,0,0,0,0,0,0,0,0,0,0,0,0,0,0,0.60133,0.17254,0,0,0.4909,0.04765,0.49872,0.49182,0.86418,0.79627,0.83907,0.5675,1.10536,0.50834,0.84566,0,0,0,0,0,0,0,0,0,0,0,0,0,0,0,0,0,0,0,0,0,0,0,0,0,0,0,0,0,0,0,0.5675,0.00263659,0.000878864,0.00263659,0.000878864,0.00263659,0.000878864,0.00263659,0.000878864
184,17744.1,1.02487,0.50406,0.83248,0,0,0,0,0,0,0.11567,0.00261,0.00046,0,0,0,0,0,0,0,0,0,0,0,0,0,0,0.60608,0.17089,0,0,0.49093,0.04768,0.49956,0.49189,0.86314,0.79686,0.83826,0.56706,1.10584,0.50821,0.84572,0,0,0,0,0,0,0,0,0,0,0,0,0,0,0,0,0,0,0,0,0,0,0,0,0,0,0,0,0,0,0,0.56706,0.00263276,0.000877588,0.00263276,0.000877588,0.00263276,0.000877588,0.00263276,0.000877588
185,17840.4,1.02281,0.50294,0.83191,0,0,0,0,0,0,0.11068,0.0026,0.00043,0,0,0,0,0,0,0,0,0,0,0,0,0,0,0.60031,0.17211,0,0,0.49096,0.04765,0.49987,0.49211,0.86357,0.79626,0.83859,0.56744,1.10617,0.50792,0.84567,0,0,0,0,0,0,0,0,0,0,0,0,0,0,0,0,0,0,0,0,0,0,0,0,0,0,0,0,0,0,0,0.56744,0.00262891,0.000876305,0.00262891,0.000876305,0.00262891,0.000876305,0.00262891,0.000876305
186,17936.3,1.0184,0.50173,0.83142,0,0,0,0,0,0,0.10991,0.00257,0.00041,0,0,0,0,0,0,0,0,0,0,0,0,0,0,0.6033,0.1713,0,0,0.49096,0.04773,0.49835,0.49177,0.8617,0.79863,0.8387,0.56739,1.10585,0.50787,0.8457,0,0,0,0,0,0,0,0,0,0,0,0,0,0,0,0,0,0,0,0,0,0,0,0,0,0,0,0,0,0,0,0.56739,0.00262505,0.000875017,0.00262505,0.000875017,0.00262505,0.000875017,0.00262505,0.000875017
187,18032.7,1.0231,0.50417,0.83323,0,0,0,0,0,0,0.10391,0.00259,0.00041,0,0,0,0,0,0,0,0,0,0,0,0,0,0,0.60163,0.1719,0,0,0.49092,0.04771,0.50008,0.49211,0.86149,0.79849,0.83844,0.56751,1.10559,0.50794,0.84562,0,0,0,0,0,0,0,0,0,0,0,0,0,0,0,0,0,0,0,0,0,0,0,0,0,0,0,0,0,0,0,0.56751,0.00262117,0.000873723,0.00262117,0.000873723,0.00262117,0.000873723,0.00262117,0.000873723
188,18130.6,1.02047,0.50559,0.82996,0,0,0,0,0,0,0.11594,0.00257,0.00053,1e-05,0,0,0,0,0,0,0,0,0,0,0,0,0,0.60638,0.17142,0,0,0.49093,0.04767,0.49715,0.49182,0.86322,0.79813,0.83926,0.56768,1.10512,0.50799,0.84559,0,0,0,0,0,0,0,0,0,0,0,0,0,0,0,0,0,0,0,0,0,0,0,0,0,0,0,0,0,0,0,0.56768,0.00261727,0.000872423,0.00261727,0.000872423,0.00261727,0.000872423,0.00261727,0.000872423
189,18225.7,1.01293,0.50067,0.82999,0,0,0,0,0,0,0.09824,0.00258,0.00088,0.00047,0,0,0,0,0,0,0,0,0,0,0,0,0,0.60822,0.17903,0,0,0.49091,0.04768,0.49787,0.49167,0.86148,0.79754,0.83834,0.56764,1.10571,0.50817,0.84569,0,0,0,0,0,0,0,0,0,0,0,0,0,0,0,0,0,0,0,0,0,0,0,0,0,0,0,0,0,0,0,0.56764,0.00261335,0.000871117,0.00261335,0.000871117,0.00261335,0.000871117,0.00261335,0.000871117
190,18321.2,1.02604,0.50506,0.83357,0,0,0,0,0,0,0.10667,0.00257,0.00056,0,0,0,0,0,0,0,0,0,0,0,0,0,0,0.61766,0.16998,0,0,0.49089,0.04772,0.49793,0.49186,0.864,0.79626,0.83851,0.56767,1.1055,0.50804,0.84567,0,0,0,0,0,0,0,0,0,0,0,0,0,0,0,0,0,0,0,0,0,0,0,0,0,0,0,0,0,0,0,0.56767,0.00260942,0.000869806,0.00260942,0.000869806,0.00260942,0.000869806,0.00260942,0.000869806
191,18417.1,1.02569,0.50761,0.83338,0,0,0,0,0,0,0.11236,0.00253,0.00051,3e-05,0,0,0,0,0,0,0,0,0,0,0,0,0,0.60708,0.16703,0,0,0.4909,0.04769,0.49698,0.49185,0.86227,0.79785,0.83866,0.56795,1.1055,0.50801,0.8457,0,0,0,0,0,0,0,0,0,0,0,0,0,0,0,0,0,0,0,0,0,0,0,0,0,0,0,0,0,0,0,0.56795,0.00260547,0.00086849,0.00260547,0.00086849,0.00260547,0.00086849,0.00260547,0.00086849
192,18512.5,1.02599,0.50569,0.83098,0,0,0,0,0,0,0.11854,0.00249,0.00063,0.00014,0,0,0,0,0,0,0,0,0,0,0,0,0,0.59929,0.17034,0,0,0.49092,0.04771,0.4996,0.49187,0.86303,0.79666,0.83837,0.56819,1.10549,0.50813,0.84579,0,0,0,0,0,0,0,0,0,0,0,0,0,0,0,0,0,0,0,0,0,0,0,0,0,0,0,0,0,0,0,0.56819,0.0026015,0.000867167,0.0026015,0.000867167,0.0026015,0.000867167,0.0026015,0.000867167
193,18606.6,1.02097,0.5045,0.82987,0,0,0,0,0,0,0.10867,0.0025,0.0005,6e-05,0,0,0,0,0,0,0,0,0,0,0,0,0,0.60158,0.20372,0,0,0.49092,0.04769,0.49816,0.49182,0.86335,0.79679,0.83847,0.56783,1.10614,0.50863,0.84585,0,0,0,0,0,0,0,0,0,0,0,0,0,0,0,0,0,0,0,0,0,0,0,0,0,0,0,0,0,0,0,0.56783,0.00259752,0.000865839,0.00259752,0.000865839,0.00259752,0.000865839,0.00259752,0.000865839
194,18699.3,1.0167,0.50431,0.83181,0,0,0,0,0,0,0.10883,0.00252,0.00047,0,0,0,0,0,0,0,0,0,0,0,0,0,0,0.60374,0.21716,0,0,0.49091,0.04771,0.49857,0.49184,0.86335,0.79588,0.83787,0.56784,1.10628,0.50846,0.84588,0,0,0,0,0,0,0,0,0,0,0,0,0,0,0,0,0,0,0,0,0,0,0,0,0,0,0,0,0,0,0,0.56784,0.00259352,0.000864506,0.00259352,0.000864506,0.00259352,0.000864506,0.00259352,0.000864506
195,18794.6,1.02149,0.504,0.83221,0,0,0,0,0,0,0.10069,0.00248,0.00053,5e-05,0,0,0,0,0,0,0,0,0,0,0,0,0,0.59019,0.18461,0,0,0.49091,0.04766,0.49853,0.49179,0.86274,0.79557,0.8379,0.56826,1.10636,0.50835,0.84586,0,0,0,0,0,0,0,0,0,0,0,0,0,0,0,0,0,0,0,0,0,0,0,0,0,0,0,0,0,0,0,0.56826,0.0025895,0.000863167,0.0025895,0.000863167,0.0025895,0.000863167,0.0025895,0.000863167
196,18889,1.01935,0.50277,0.83177,0,0,0,0,0,0,0.12082,0.00246,0.00066,1e-05,0,0,0,0,0,0,0,0,0,0,0,0,0,0.59027,0.17357,0,0,0.49085,0.04766,0.49894,0.49179,0.86249,0.79576,0.83819,0.56832,1.1064,0.50821,0.8459,0,0,0,0,0,0,0,0,0,0,0,0,0,0,0,0,0,0,0,0,0,0,0,0,0,0,0,0,0,0,0,0.56832,0.00258547,0.000861823,0.00258547,0.000861823,0.00258547,0.000861823,0.00258547,0.000861823
197,18983.9,1.02081,0.50613,0.82946,0,0,0,0,0,0,0.10407,0.00826,0.00086,2e-05,0,0,0,0,0,0,0,0,0,0,0,0,0,0.60285,0.2246,0,0,0.49088,0.04769,0.4992,0.49153,0.86338,0.79596,0.83917,0.56862,1.10562,0.50787,0.84578,0,0,0,0,0,0,0,0,0,0,0,0,0,0,0,0,0,0,0,0,0,0,0,0,0,0,0,0,0,0,0,0.56862,0.00258142,0.000860473,0.00258142,0.000860473,0.00258142,0.000860473,0.00258142,0.000860473
198,19080.3,1.02371,0.50569,0.83298,0,0,0,0,0,0,0.13405,0.01536,0.00085,4e-05,0,0,0,0,0,0,0,0,0,0,0,0,0,0.59489,0.21092,0,0,0.49089,0.04764,0.49845,0.49179,0.86345,0.79571,0.83904,0.56841,1.10507,0.50793,0.84575,0,0,0,0,0,0,0,0,0,0,0,0,0,0,0,0,0,0,0,0,0,0,0,0,0,0,0,0,0,0,0,0.56841,0.00257735,0.000859117,0.00257735,0.000859117,0.00257735,0.000859117,0.00257735,0.000859117
199,19174.8,1.01768,0.50399,0.83198,0,0,0,0,0,0,0.10998,0.01645,0.00067,3e-05,0,0,0,0,0,0,0,0,0,0,0,0,0,0.60513,0.19686,0,0,0.49087,0.04773,0.4965,0.49158,0.86378,0.7959,0.83934,0.56845,1.10532,0.50818,0.84582,0,0,0,0,0,0,0,0,0,0,0,0,0,0,0,0,0,0,0,0,0,0,0,0,0,0,0,0,0,0,0,0.56845,0.00257327,0.000857756,0.00257327,0.000857756,0.00257327,0.000857756,0.00257327,0.000857756
200,19269.8,1.01454,0.50164,0.83159,0,0,0,0,0,0,0.11691,0.02387,0.00101,2e-05,0,0,0,0,0,0,0,0,0,0,0,0,0,0.63028,0.21327,0,0,0.49091,0.04773,0.49672,0.49159,0.86455,0.79593,0.83924,0.56816,1.10557,0.50821,0.84584,0,0,0,0,0,0,0,0,0,0,0,0,0,0,0,0,0,0,0,0,0,0,0,0,0,0,0,0,0,0,0,0.56816,0.00256917,0.00085639,0.00256917,0.00085639,0.00256917,0.00085639,0.00256917,0.00085639
201,19365.6,1.02182,0.50228,0.83105,0,0,0,0,0,0,0.10422,0.02647,0.00068,4e-05,0,0,0,0,0,0,0,0,0,0,0,0,0,0.62155,0.2082,0,0,0.49097,0.04767,0.49864,0.49193,0.8643,0.79596,0.83946,0.56831,1.10543,0.50816,0.84594,0,0,0,0,0,0,0,0,0,0,0,0,0,0,0,0,0,0,0,0,0,0,0,0,0,0,0,0,0,0,0,0.56831,0.00256505,0.000855018,0.00256505,0.000855018,0.00256505,0.000855018,0.00256505,0.000855018
202,19460.6,1.02023,0.50235,0.83405,0,0,0,0,0,0,0.10646,0.02646,0.0013,3e-05,0,0,0,0,0,0,0,0,0,0,0,0,0,0.63969,0.18936,0,0,0.4909,0.04769,0.499,0.4917,0.86418,0.79533,0.83962,0.56809,1.10583,0.50867,0.84596,0,0,0,0,0,0,0,0,0,0,0,0,0,0,0,0,0,0,0,0,0,0,0,0,0,0,0,0,0,0,0,0.56809,0.00256092,0.000853641,0.00256092,0.000853641,0.00256092,0.000853641,0.00256092,0.000853641
203,19557.7,1.02178,0.50544,0.8311,0,0,0,0,0,0,0.11128,0.0264,0.00151,5e-05,0,0,0,0,0,0,0,0,0,0,0,0,0,0.64974,0.22133,0,0,0.49096,0.04765,0.49851,0.49127,0.86505,0.79585,0.83966,0.56811,1.10545,0.50858,0.84588,0,0,0,0,0,0,0,0,0,0,0,0,0,0,0,0,0,0,0,0,0,0,0,0,0,0,0,0,0,0,0,0.56811,0.00255677,0.000852258,0.00255677,0.000852258,0.00255677,0.000852258,0.00255677,0.000852258
204,19654.3,1.01399,0.50419,0.83095,0,0,0,0,0,0,0.09866,0.02744,0.00161,0.00019,0,0,0,0,0,0,0,0,0,0,0,0,0,0.66369,0.22839,0,0,0.49093,0.04767,0.49845,0.4911,0.86478,0.79519,0.83894,0.56823,1.10551,0.50859,0.8459,0,0,0,0,0,0,0,0,0,0,0,0,0,0,0,0,0,0,0,0,0,0,0,0,0,0,0,0,0,0,0,0.56823,0.00255261,0.00085087,0.00255261,0.00085087,0.00255261,0.00085087,0.00255261,0.00085087
205,19747.9,1.01473,0.50527,0.82948,0,0,0,0,0,0,0.1006,0.02958,0.00191,2e-05,0,0,0,0,0,0,0,0,0,0,0,0,0,0.65179,0.24096,0,0,0.49092,0.04773,0.50043,0.4913,0.86444,0.7959,0.83862,0.56828,1.10544,0.50877,0.84593,0,0,0,0,0,0,0,0,0,0,0,0,0,0,0,0,0,0,0,0,0,0,0,0,0,0,0,0,0,0,0,0.56828,0.00254843,0.000849477,0.00254843,0.000849477,0.00254843,0.000849477,0.00254843,0.000849477
206,19844.2,1.02204,0.50814,0.83158,0,0,0,0,0,0,0.10143,0.02977,0.00089,1e-05,0,0,0,0,0,0,0,0,0,0,0,0,0,0.68171,0.26698,0,0,0.49093,0.04763,0.49732,0.49164,0.86402,0.79586,0.83861,0.56813,1.10501,0.50871,0.84581,0,0,0,0,0,0,0,0,0,0,0,0,0,0,0,0,0,0,0,0,0,0,0,0,0,0,0,0,0,0,0,0.56813,0.00254423,0.000848078,0.00254423,0.000848078,0.00254423,0.000848078,0.00254423,0.000848078
207,19939.1,1.0241,0.50551,0.83048,0,0,0,0,0,0,0.11446,0.02996,0.00098,3e-05,0,0,0,0,0,0,0,0,0,0,0,0,0,0.6875,0.28649,0,0,0.49093,0.04769,0.49762,0.49147,0.86315,0.79569,0.83841,0.56846,1.10461,0.50829,0.84585,0,0,0,0,0,0,0,0,0,0,0,0,0,0,0,0,0,0,0,0,0,0,0,0,0,0,0,0,0,0,0,0.56846,0.00254002,0.000846674,0.00254002,0.000846674,0.00254002,0.000846674,0.00254002,0.000846674
208,20034.4,1.01514,0.50554,0.83199,0,0,0,0,0,0,0.09939,0.03051,0.00124,0.00015,0,0,0,0,0,0,0,0,0,0,0,0,0,0.70668,0.31708,0,0,0.49092,0.04766,0.49765,0.49156,0.86306,0.79602,0.83853,0.56814,1.10466,0.50809,0.84583,0,0,0,0,0,0,0,0,0,0,0,0,0,0,0,0,0,0,0,0,0,0,0,0,0,0,0,0,0,0,0,0.56814,0.0025358,0.000845265,0.0025358,0.000845265,0.0025358,0.000845265,0.0025358,0.000845265
209,20131.6,1.01882,0.50381,0.83157,0,0,0,0,0,0,0.10762,0.03074,0.00164,1e-05,0,0,0,0,0,0,0,0,0,0,0,0,0,0.72997,0.34052,0,0,0.49093,0.04764,0.49829,0.49144,0.86379,0.79591,0.83885,0.56836,1.10424,0.5078,0.84579,0,0,0,0,0,0,0,0,0,0,0,0,0,0,0,0,0,0,0,0,0,0,0,0,0,0,0,0,0,0,0,0.56836,0.00253155,0.000843851,0.00253155,0.000843851,0.00253155,0.000843851,0.00253155,0.000843851
210,20227.2,1.01511,0.5059,0.82965,0,0,0,0,0,0,0.09922,0.03066,0.00224,0,0,0,0,0,0,0,0,0,0,0,0,0,0,0.78005,0.35617,0,0,0.49093,0.04772,0.49955,0.49091,0.86207,0.79583,0.8386,0.56835,1.1048,0.50845,0.84586,0,0,0,0,0,0,0,0,0,0,0,0,0,0,0,0,0,0,0,0,0,0,0,0,0,0,0,0,0,0,0,0.56835,0.00252729,0.000842431,0.00252729,0.000842431,0.00252729,0.000842431,0.00252729,0.000842431
211,20321.2,1.01381,0.50423,0.82974,0,0,0,0,0,0,0.09738,0.03073,0.00167,1e-05,0,0,0,0,0,0,0,0,0,0,0,0,0,0.77869,0.33091,0,0,0.49096,0.04768,0.49762,0.49111,0.86095,0.79645,0.83855,0.56802,1.10459,0.50814,0.8458,0,0,0,0,0,0,0,0,0,0,0,0,0,0,0,0,0,0,0,0,0,0,0,0,0,0,0,0,0,0,0,0.56802,0.00252302,0.000841006,0.00252302,0.000841006,0.00252302,0.000841006,0.00252302,0.000841006
212,20416.8,1.01724,0.50601,0.83224,0,0,0,0,0,0,0.11095,0.03099,0.00225,4e-05,0,0,0,0,0,0,0,0,0,0,0,0,0,0.80341,0.3681,0,0,0.49093,0.04769,0.49806,0.49109,0.86003,0.79707,0.83857,0.56819,1.10434,0.50809,0.8458,0,0,0,0,0,0,0,0,0,0,0,0,0,0,0,0,0,0,0,0,0,0,0,0,0,0,0,0,0,0,0,0.56819,0.00251873,0.000839576,0.00251873,0.000839576,0.00251873,0.000839576,0.00251873,0.000839576
213,20514.4,1.01236,0.50274,0.83148,0,0,0,0,0,0,0.09714,0.03128,0.00279,1e-05,0,0,0,0,0,0,0,0,0,0,0,0,0,0.84679,0.41254,0,0,0.49092,0.04764,0.50047,0.49092,0.85941,0.79803,0.83839,0.56798,1.10445,0.50818,0.84587,0,0,0,0,0,0,0,0,0,0,0,0,0,0,0,0,0,0,0,0,0,0,0,0,0,0,0,0,0,0,0,0.56798,0.00251442,0.000838141,0.00251442,0.000838141,0.00251442,0.000838141,0.00251442,0.000838141
214,20607.3,1.00994,0.49977,0.8308,0,0,0,0,0,0,0.09379,0.03137,0.0026,0,0,0,0,0,0,0,0,0,0,0,0,0,0,0.86755,0.40168,0,0,0.49087,0.04767,0.50092,0.49066,0.8591,0.79891,0.83875,0.5682,1.1044,0.50806,0.84574,0,0,0,0,0,0,0,0,0,0,0,0,0,0,0,0,0,0,0,0,0,0,0,0,0,0,0,0,0,0,0,0.5682,0.0025101,0.000836701,0.0025101,0.000836701,0.0025101,0.000836701,0.0025101,0.000836701
215,20702.6,1.01112,0.50186,0.82789,0,0,0,0,0,0,0.09283,0.03118,0.00253,7e-05,0,0,0,0,0,0,0,0,0,0,0,0,0,0.84579,0.3844,0,0,0.49087,0.04766,0.49973,0.49088,0.86002,0.79922,0.83881,0.56823,1.10413,0.50749,0.84573,0,0,0,0,0,0,0,0,0,0,0,0,0,0,0,0,0,0,0,0,0,0,0,0,0,0,0,0,0,0,0,0.56823,0.00250577,0.000835255,0.00250577,0.000835255,0.00250577,0.000835255,0.00250577,0.000835255
216,20797,1.01755,0.50257,0.83109,0,0,0,0,0,0,0.09307,0.03131,0.0027,0,0,0,0,0,0,0,0,0,0,0,0,0,0,0.86129,0.39796,0,0,0.49094,0.04772,0.50042,0.49089,0.86033,0.80046,0.83913,0.56816,1.10378,0.50763,0.84563,0,0,0,0,0,0,0,0,0,0,0,0,0,0,0,0,0,0,0,0,0,0,0,0,0,0,0,0,0,0,0,0.56816,0.00250141,0.000833805,0.00250141,0.000833805,0.00250141,0.000833805,0.00250141,0.000833805
217,20891.5,1.00747,0.49924,0.82761,0,0,0,0,0,0,0.1015,0.03105,0.0025,1e-05,0,0,0,0,0,0,0,0,0,0,0,0,0,0.84273,0.39332,0,0,0.4909,0.0477,0.50053,0.49103,0.8599,0.79992,0.83863,0.56827,1.10453,0.50763,0.84567,0,0,0,0,0,0,0,0,0,0,0,0,0,0,0,0,0,0,0,0,0,0,0,0,0,0,0,0,0,0,0,0.56827,0.00249705,0.000832349,0.00249705,0.000832349,0.00249705,0.000832349,0.00249705,0.000832349
218,20985,1.01131,0.50113,0.83051,0,0,0,0,0,0,0.09521,0.03041,0.00184,0,0,0,0,0,0,0,0,0,0,0,0,0,0,0.81888,0.31948,0,0,0.49091,0.04772,0.49885,0.49127,0.85964,0.80128,0.83951,0.56853,1.10437,0.50769,0.84559,0,0,0,0,0,0,0,0,0,0,0,0,0,0,0,0,0,0,0,0,0,0,0,0,0,0,0,0,0,0,0,0.56853,0.00249267,0.000830889,0.00249267,0.000830889,0.00249267,0.000830889,0.00249267,0.000830889
219,21080.6,1.01348,0.50427,0.83146,0,0,0,0,0,0,0.09571,0.03041,0.00262,0,0,0,0,0,0,0,0,0,0,0,0,0,0,0.86249,0.33256,0,0,0.4909,0.04766,0.50105,0.49102,0.85906,0.80061,0.83872,0.56841,1.10457,0.50758,0.8456,0,0,0,0,0,0,0,0,0,0,0,0,0,0,0,0,0,0,0,0,0,0,0,0,0,0,0,0,0,0,0,0.56841,0.00248827,0.000829423,0.00248827,0.000829423,0.00248827,0.000829423,0.00248827,0.000829423
220,21174.8,1.01172,0.50047,0.82955,0,0,0,0,0,0,0.09773,0.03062,0.00224,0,0,0,0,0,0,0,0,0,0,0,0,0,0,0.87691,0.34735,0,0,0.49091,0.04769,0.50015,0.49106,0.85928,0.80075,0.83901,0.56866,1.10472,0.50711,0.84555,0,0,0,0,0,0,0,0,0,0,0,0,0,0,0,0,0,0,0,0,0,0,0,0,0,0,0,0,0,0,0,0.56866,0.00248386,0.000827952,0.00248386,0.000827952,0.00248386,0.000827952,0.00248386,0.000827952
221,21269.8,1.0104,0.50123,0.83226,0,0,0,0,0,0,0.0998,0.03063,0.00187,0,0,0,0,0,0,0,0,0,0,0,0,0,0,0.85799,0.34577,0,0,0.49098,0.04769,0.49928,0.49122,0.85938,0.80023,0.83861,0.56829,1.10466,0.50731,0.84549,0,0,0,0,0,0,0,0,0,0,0,0,0,0,0,0,0,0,0,0,0,0,0,0,0,0,0,0,0,0,0,0.56829,0.00247943,0.000826477,0.00247943,0.000826477,0.00247943,0.000826477,0.00247943,0.000826477
222,21363.6,1.01062,0.50039,0.83079,0,0,0,0,0,0,0.09427,0.02884,0.00249,0,0,0,0,0,0,0,0,0,0,0,0,0,0,0.87838,0.3529,0,0,0.49094,0.04773,0.50041,0.49077,0.86112,0.80012,0.8385,0.56809,1.10474,0.50755,0.84552,0,0,0,0,0,0,0,0,0,0,0,0,0,0,0,0,0,0,0,0,0,0,0,0,0,0,0,0,0,0,0,0.56809,0.00247499,0.000824996,0.00247499,0.000824996,0.00247499,0.000824996,0.00247499,0.000824996
223,21457.8,1.01304,0.50148,0.8325,0,0,0,0,0,0,0.10353,0.02616,0.00307,8e-05,0,0,0,0,0,0,0,0,0,0,0,0,0,0.85678,0.34667,0,0,0.49085,0.04772,0.50046,0.4906,0.86209,0.79988,0.83835,0.56783,1.10552,0.50742,0.84553,0,0,0,0,0,0,0,0,0,0,0,0,0,0,0,0,0,0,0,0,0,0,0,0,0,0,0,0,0,0,0,0.56783,0.00247053,0.000823511,0.00247053,0.000823511,0.00247053,0.000823511,0.00247053,0.000823511
224,21553.8,1.00515,0.49821,0.82937,0,0,0,0,0,0,0.08973,0.02613,0.00286,0,0,0,0,0,0,0,0,0,0,0,0,0,0,0.8231,0.34157,0,0,0.49087,0.04766,0.50049,0.49074,0.86218,0.79886,0.83787,0.56749,1.10555,0.50759,0.84552,0,0,0,0,0,0,0,0,0,0,0,0,0,0,0,0,0,0,0,0,0,0,0,0,0,0,0,0,0,0,0,0.56749,0.00246606,0.00082202,0.00246606,0.00082202,0.00246606,0.00082202,0.00246606,0.00082202
225,21647.2,1.01007,0.49695,0.82867,0,0,0,0,0,0,0.0918,0.02605,0.00224,7e-05,0,0,0,0,0,0,0,0,0,0,0,0,0,0.81611,0.32811,0,0,0.49097,0.04764,0.4994,0.49089,0.86206,0.79872,0.83768,0.56697,1.10554,0.50755,0.84556,0,0,0,0,0,0,0,0,0,0,0,0,0,0,0,0,0,0,0,0,0,0,0,0,0,0,0,0,0,0,0,0.56697,0.00246157,0.000820525,0.00246157,0.000820525,0.00246157,0.000820525,0.00246157,0.000820525
226,21742.3,1.00348,0.49701,0.83095,0,0,0,0,0,0,0.09247,0.02655,0.00278,5e-05,0,0,0,0,0,0,0,0,0,0,0,0,0,0.82754,0.3263,0,0,0.49089,0.04772,0.49872,0.49072,0.86296,0.79828,0.83776,0.56715,1.1055,0.50791,0.84552,0,0,0,0,0,0,0,0,0,0,0,0,0,0,0,0,0,0,0,0,0,0,0,0,0,0,0,0,0,0,0,0.56715,0.00245707,0.000819025,0.00245707,0.000819025,0.00245707,0.000819025,0.00245707,0.000819025
227,21838.4,1.00997,0.49922,0.8293,0,0,0,0,0,0,0.0957,0.03011,0.00282,0,0,0,0,0,0,0,0,0,0,0,0,0,0,0.84455,0.35477,0,0,0.49091,0.04764,0.49947,0.49069,0.86285,0.79851,0.83824,0.56708,1.10428,0.50764,0.84536,0,0,0,0,0,0,0,0,0,0,0,0,0,0,0,0,0,0,0,0,0,0,0,0,0,0,0,0,0,0,0,0.56708,0.00245256,0.00081752,0.00245256,0.00081752,0.00245256,0.00081752,0.00245256,0.00081752
228,21934,1.00326,0.4961,0.82964,0,0,0,0,0,0,0.09531,0.03127,0.0031,0,0,0,0,0,0,0,0,0,0,0,0,0,0,0.84088,0.34923,0,0,0.4909,0.04771,0.49715,0.49093,0.86369,0.7984,0.83841,0.56734,1.10452,0.50808,0.84546,0,0,0,0,0,0,0,0,0,0,0,0,0,0,0,0,0,0,0,0,0,0,0,0,0,0,0,0,0,0,0,0.56734,0.00244803,0.00081601,0.00244803,0.00081601,0.00244803,0.00081601,0.00244803,0.00081601
229,22029.1,1.00972,0.50199,0.83058,0,0,0,0,0,0,0.09564,0.03119,0.00232,0,0,0,0,0,0,0,0,0,0,0,0,0,0,0.83344,0.35328,0,0,0.49095,0.04768,0.4995,0.49071,0.86303,0.79864,0.83849,0.56701,1.10409,0.50815,0.84546,0,0,0,0,0,0,0,0,0,0,0,0,0,0,0,0,0,0,0,0,0,0,0,0,0,0,0,0,0,0,0,0.56701,0.00244349,0.000814495,0.00244349,0.000814495,0.00244349,0.000814495,0.00244349,0.000814495
230,22124.8,1.00931,0.49846,0.82918,0,0,0,0,0,0,0.08895,0.03126,0.00169,0,0,0,0,0,0,0,0,0,0,0,0,0,0,0.8131,0.35636,0,0,0.49093,0.04768,0.49962,0.49069,0.86371,0.79989,0.83882,0.56693,1.104,0.50827,0.8455,0,0,0,0,0,0,0,0,0,0,0,0,0,0,0,0,0,0,0,0,0,0,0,0,0,0,0,0,0,0,0,0.56693,0.00243893,0.000812976,0.00243893,0.000812976,0.00243893,0.000812976,0.00243893,0.000812976
231,22221,1.01419,0.49971,0.82939,0,0,0,0,0,0,0.09219,0.03182,0.00294,6e-05,0,0,0,0,0,0,0,0,0,0,0,0,0,0.83069,0.38899,0,0,0.49094,0.04765,0.50036,0.49082,0.86403,0.79863,0.83814,0.5667,1.10409,0.50858,0.84538,0,0,0,0,0,0,0,0,0,0,0,0,0,0,0,0,0,0,0,0,0,0,0,0,0,0,0,0,0,0,0,0.5667,0.00243435,0.000811452,0.00243435,0.000811452,0.00243435,0.000811452,0.00243435,0.000811452
232,22316.7,1.00725,0.49996,0.83172,0,0,0,0,0,0,0.09662,0.03185,0.00197,0,0,0,0,0,0,0,0,0,0,0,0,0,0,0.82966,0.37486,0,0,0.49093,0.04774,0.49804,0.49126,0.86303,0.79918,0.83838,0.56672,1.10424,0.50906,0.84548,0,0,0,0,0,0,0,0,0,0,0,0,0,0,0,0,0,0,0,0,0,0,0,0,0,0,0,0,0,0,0,0.56672,0.00242977,0.000809923,0.00242977,0.000809923,0.00242977,0.000809923,0.00242977,0.000809923
233,22411.8,1.00789,0.49969,0.82998,0,0,0,0,0,0,0.10244,0.0317,0.00188,0,0,0,0,0,0,0,0,0,0,0,0,0,0,0.83888,0.3706,0,0,0.4909,0.04771,0.49979,0.49125,0.86499,0.79921,0.83831,0.5661,1.10396,0.50932,0.84548,0,0,0,0,0,0,0,0,0,0,0,0,0,0,0,0,0,0,0,0,0,0,0,0,0,0,0,0,0,0,0,0.5661,0.00242517,0.000808389,0.00242517,0.000808389,0.00242517,0.000808389,0.00242517,0.000808389
234,22507.2,1.01044,0.502,0.83102,0,0,0,0,0,0,0.09844,0.03208,0.00268,0.00029,0,0,0,0,0,0,0,0,0,0,0,0,0,0.85741,0.40336,0,0,0.49089,0.04767,0.50094,0.49104,0.86562,0.80035,0.83894,0.56606,1.1048,0.50948,0.8456,0,0,0,0,0,0,0,0,0,0,0,0,0,0,0,0,0,0,0,0,0,0,0,0,0,0,0,0,0,0,0,0.56606,0.00242055,0.000806851,0.00242055,0.000806851,0.00242055,0.000806851,0.00242055,0.000806851
235,22602.9,1.00343,0.49866,0.82874,0,0,0,0,0,0,0.09604,0.03253,0.00267,4e-05,0,0,0,0,0,0,0,0,0,0,0,0,0,0.89257,0.43987,0,0,0.49089,0.04771,0.49997,0.49097,0.86127,0.80209,0.83914,0.56554,1.10485,0.50993,0.84568,0,0,0,0,0,0,0,0,0,0,0,0,0,0,0,0,0,0,0,0,0,0,0,0,0,0,0,0,0,0,0,0.56554,0.00241592,0.000805308,0.00241592,0.000805308,0.00241592,0.000805308,0.00241592,0.000805308
236,22696.7,1.01338,0.50455,0.82967,0,0,0,0,0,0,0.09233,0.03251,0.00288,0,0,0,0,0,0,0,0,0,0,0,0,0,0,0.93896,0.45435,0,0,0.49092,0.04775,0.50081,0.49079,0.86119,0.80167,0.83852,0.56507,1.10461,0.51021,0.84569,0,0,0,0,0,0,0,0,0,0,0,0,0,0,0,0,0,0,0,0,0,0,0,0,0,0,0,0,0,0,0,0.56507,0.00241128,0.00080376,0.00241128,0.00080376,0.00241128,0.00080376,0.00241128,0.00080376
237,22793.6,1.00499,0.4998,0.8293,0,0,0,0,0,0,0.09005,0.03268,0.0022,3e-05,0,0,0,0,0,0,0,0,0,0,0,0,0,0.94728,0.4574,0,0,0.49092,0.04771,0.49972,0.49085,0.86189,0.80229,0.83891,0.56506,1.10426,0.51067,0.84566,0,0,0,0,0,0,0,0,0,0,0,0,0,0,0,0,0,0,0,0,0,0,0,0,0,0,0,0,0,0,0,0.56506,0.00240662,0.000802208,0.00240662,0.000802208,0.00240662,0.000802208,0.00240662,0.000802208
238,22889.1,1.01002,0.50099,0.82862,0,0,0,0,0,0,0.08747,0.03289,0.002,0,0,0,0,0,0,0,0,0,0,0,0,0,0,1.00393,0.47364,0,0,0.49094,0.04766,0.50083,0.4907,0.85896,0.80306,0.83803,0.56432,1.1049,0.51121,0.84569,0,0,0,0,0,0,0,0,0,0,0,0,0,0,0,0,0,0,0,0,0,0,0,0,0,0,0,0,0,0,0,0.56432,0.00240195,0.000800651,0.00240195,0.000800651,0.00240195,0.000800651,0.00240195,0.000800651
239,22985.1,1.00745,0.50297,0.82742,0,0,0,0,0,0,0.08747,0.03298,0.00202,0,0,0,0,0,0,0,0,0,0,0,0,0,0,0.98805,0.47778,0,0,0.49087,0.0477,0.50166,0.49065,0.85966,0.80427,0.83877,0.56385,1.10548,0.51189,0.84575,0,0,0,0,0,0,0,0,0,0,0,0,0,0,0,0,0,0,0,0,0,0,0,0,0,0,0,0,0,0,0,0.56385,0.00239727,0.00079909,0.00239727,0.00079909,0.00239727,0.00079909,0.00239727,0.00079909
240,23081.1,1.00895,0.50371,0.82909,0,0,0,0,0,0,0.09387,0.03305,0.00225,0,0,0,0,0,0,0,0,0,0,0,0,0,0,0.97604,0.48063,0,0,0.49088,0.04769,0.49987,0.49069,0.85915,0.80365,0.83827,0.56372,1.10555,0.51262,0.84575,0,0,0,0,0,0,0,0,0,0,0,0,0,0,0,0,0,0,0,0,0,0,0,0,0,0,0,0,0,0,0,0.56372,0.00239257,0.000797524,0.00239257,0.000797524,0.00239257,0.000797524,0.00239257,0.000797524
241,23176.5,1.00678,0.50341,0.83042,0,0,0,0,0,0,0.08617,0.03297,0.00219,0,0,0,0,0,0,0,0,0,0,0,0,0,0,0.96765,0.48174,0,0,0.49097,0.04769,0.50128,0.49073,0.85995,0.8021,0.83809,0.56275,1.10542,0.51308,0.84574,0,0,0,0,0,0,0,0,0,0,0,0,0,0,0,0,0,0,0,0,0,0,0,0,0,0,0,0,0,0,0,0.56275,0.00238786,0.000795954,0.00238786,0.000795954,0.00238786,0.000795954,0.00238786,0.000795954
242,23273.3,1.01431,0.50506,0.82821,0,0,0,0,0,0,0.09259,0.03297,0.0028,0,0,0,0,0,0,0,0,0,0,0,0,0,0,0.96615,0.46718,0,0,0.49093,0.04769,0.50044,0.49081,0.85995,0.80363,0.83839,0.56301,1.10448,0.51303,0.8458,0,0,0,0,0,0,0,0,0,0,0,0,0,0,0,0,0,0,0,0,0,0,0,0,0,0,0,0,0,0,0,0.56301,0.00238314,0.000794379,0.00238314,0.000794379,0.00238314,0.000794379,0.00238314,0.000794379
243,23368.8,1.00673,0.50163,0.82976,0,0,0,0,0,0,0.09254,0.03282,0.00255,0,0,0,0,0,0,0,0,0,0,0,0,0,0,0.97471,0.43562,0,0,0.49093,0.04765,0.50106,0.49077,0.85962,0.80289,0.83711,0.56257,1.10486,0.51384,0.84583,0,0,0,0,0,0,0,0,0,0,0,0,0,0,0,0,0,0,0,0,0,0,0,0,0,0,0,0,0,0,0,0.56257,0.0023784,0.0007928,0.0023784,0.0007928,0.0023784,0.0007928,0.0023784,0.0007928
244,23465.1,1.00848,0.49934,0.83001,0,0,0,0,0,0,0.08456,0.03248,0.00206,0,0,0,0,0,0,0,0,0,0,0,0,0,0,0.88036,0.37447,0,0,0.49093,0.04768,0.50038,0.4907,0.86156,0.80193,0.83777,0.56228,1.10521,0.5139,0.84583,0,0,0,0,0,0,0,0,0,0,0,0,0,0,0,0,0,0,0,0,0,0,0,0,0,0,0,0,0,0,0,0.56228,0.00237365,0.000791216,0.00237365,0.000791216,0.00237365,0.000791216,0.00237365,0.000791216
245,23561.4,0.99864,0.49732,0.82704,0,0,0,0,0,0,0.08698,0.03244,0.00164,0,0,0,0,0,0,0,0,0,0,0,0,0,0,0.89034,0.37485,0,0,0.49087,0.04771,0.50155,0.49067,0.86245,0.80113,0.83705,0.56237,1.10479,0.51409,0.84578,0,0,0,0,0,0,0,0,0,0,0,0,0,0,0,0,0,0,0,0,0,0,0,0,0,0,0,0,0,0,0,0.56237,0.00236888,0.000789628,0.00236888,0.000789628,0.00236888,0.000789628,0.00236888,0.000789628
246,23657.4,1.00062,0.49746,0.82816,0,0,0,0,0,0,0.0829,0.03257,0.00199,0,0,0,0,0,0,0,0,0,0,0,0,0,0,0.86777,0.36347,0,0,0.49095,0.04774,0.50081,0.49072,0.86255,0.80143,0.83771,0.56263,1.10437,0.51461,0.84575,0,0,0,0,0,0,0,0,0,0,0,0,0,0,0,0,0,0,0,0,0,0,0,0,0,0,0,0,0,0,0,0.56263,0.00236411,0.000788035,0.00236411,0.000788035,0.00236411,0.000788035,0.00236411,0.000788035
247,23755.2,1.00229,0.49735,0.82827,0,0,0,0,0,0,0.08223,0.03268,0.002,1e-05,0,0,0,0,0,0,0,0,0,0,0,0,0,0.83938,0.3514,0,0,0.49094,0.04767,0.50179,0.49071,0.86173,0.80093,0.83681,0.56211,1.10429,0.51458,0.8458,0,0,0,0,0,0,0,0,0,0,0,0,0,0,0,0,0,0,0,0,0,0,0,0,0,0,0,0,0,0,0,0.56211,0.00235931,0.000786438,0.00235931,0.000786438,0.00235931,0.000786438,0.00235931,0.000786438
248,23852.6,0.99473,0.49562,0.82733,0,0,0,0,0,0,0.08288,0.03296,0.00253,0,0,0,0,0,0,0,0,0,0,0,0,0,0,0.86615,0.35788,0,0,0.49092,0.04768,0.50187,0.49068,0.85973,0.80278,0.83746,0.56238,1.10399,0.51429,0.84573,0,0,0,0,0,0,0,0,0,0,0,0,0,0,0,0,0,0,0,0,0,0,0,0,0,0,0,0,0,0,0,0.56238,0.00235451,0.000784837,0.00235451,0.000784837,0.00235451,0.000784837,0.00235451,0.000784837
249,23951.6,1.00243,0.49938,0.8274,0,0,0,0,0,0,0.08629,0.03314,0.00285,0,0,0,0,0,0,0,0,0,0,0,0,0,0,0.91186,0.35978,0,0,0.49098,0.04769,0.50017,0.49081,0.86053,0.80221,0.8372,0.56232,1.10399,0.51423,0.84576,0,0,0,0,0,0,0,0,0,0,0,0,0,0,0,0,0,0,0,0,0,0,0,0,0,0,0,0,0,0,0,0.56232,0.00234969,0.000783231,0.00234969,0.000783231,0.00234969,0.000783231,0.00234969,0.000783231
250,24050,0.9939,0.49614,0.82877,0,0,0,0,0,0,0.08718,0.03306,0.00289,0,0,0,0,0,0,0,0,0,0,0,0,0,0,0.92333,0.34889,0,0,0.49091,0.04769,0.49914,0.49085,0.85937,0.80252,0.83704,0.56219,1.10491,0.51378,0.84586,0,0,0,0,0,0,0,0,0,0,0,0,0,0,0,0,0,0,0,0,0,0,0,0,0,0,0,0,0,0,0,0.56219,0.00234486,0.000781621,0.00234486,0.000781621,0.00234486,0.000781621,0.00234486,0.000781621
251,24145.5,1.00512,0.49864,0.82976,0,0,0,0,0,0,0.08535,0.03297,0.00299,0,0,0,0,0,0,0,0,0,0,0,0,0,0,0.92523,0.35298,0,0,0.49093,0.04768,0.49936,0.49071,0.85826,0.80304,0.83635,0.56182,1.10522,0.51367,0.84586,0,0,0,0,0,0,0,0,0,0,0,0,0,0,0,0,0,0,0,0,0,0,0,0,0,0,0,0,0,0,0,0.56182,0.00234002,0.000780007,0.00234002,0.000780007,0.00234002,0.000780007,0.00234002,0.000780007
252,24243.2,0.99536,0.49508,0.82726,0,0,0,0,0,0,0.09504,0.03284,0.00346,0,0,0,0,0,0,0,0,0,0,0,0,0,0,0.92147,0.33996,0,0,0.4909,0.04765,0.50017,0.4907,0.85859,0.80351,0.83686,0.56202,1.10539,0.51364,0.8459,0,0,0,0,0,0,0,0,0,0,0,0,0,0,0,0,0,0,0,0,0,0,0,0,0,0,0,0,0,0,0,0.56202,0.00233517,0.000778389,0.00233517,0.000778389,0.00233517,0.000778389,0.00233517,0.000778389
253,24338.6,1.00692,0.49794,0.82817,0,0,0,0,0,0,0.08522,0.03289,0.00279,0,0,0,0,0,0,0,0,0,0,0,0,0,0,0.925,0.34754,0,0,0.4909,0.04768,0.50055,0.49066,0.85882,0.80274,0.83622,0.56195,1.10552,0.51366,0.84588,0,0,0,0,0,0,0,0,0,0,0,0,0,0,0,0,0,0,0,0,0,0,0,0,0,0,0,0,0,0,0,0.56195,0.0023303,0.000776766,0.0023303,0.000776766,0.0023303,0.000776766,0.0023303,0.000776766
254,24432.8,1.00115,0.49811,0.82895,0,0,0,0,0,0,0.08638,0.03289,0.00286,0,0,0,0,0,0,0,0,0,0,0,0,0,0,0.90733,0.34235,0,0,0.49097,0.04768,0.5012,0.49074,0.85923,0.80198,0.83682,0.56177,1.10538,0.51382,0.84582,0,0,0,0,0,0,0,0,0,0,0,0,0,0,0,0,0,0,0,0,0,0,0,0,0,0,0,0,0,0,0,0.56177,0.00232542,0.00077514,0.00232542,0.00077514,0.00232542,0.00077514,0.00232542,0.00077514
255,24529.5,1.00332,0.49556,0.82837,0,0,0,0,0,0,0.08668,0.03287,0.00161,0,0,0,0,0,0,0,0,0,0,0,0,0,0,0.88296,0.34291,0,0,0.49091,0.04763,0.50072,0.4907,0.86007,0.80118,0.83679,0.56186,1.10567,0.51379,0.84581,0,0,0,0,0,0,0,0,0,0,0,0,0,0,0,0,0,0,0,0,0,0,0,0,0,0,0,0,0,0,0,0.56186,0.00232053,0.000773509,0.00232053,0.000773509,0.00232053,0.000773509,0.00232053,0.000773509
256,24627.4,1.0041,0.4986,0.82929,0,0,0,0,0,0,0.0833,0.03289,0.00202,0,0,0,0,0,0,0,0,0,0,0,0,0,0,0.8853,0.34243,0,0,0.49092,0.04769,0.50087,0.49068,0.86089,0.80127,0.83658,0.56159,1.10538,0.51397,0.84571,0,0,0,0,0,0,0,0,0,0,0,0,0,0,0,0,0,0,0,0,0,0,0,0,0,0,0,0,0,0,0,0.56159,0.00231562,0.000771873,0.00231562,0.000771873,0.00231562,0.000771873,0.00231562,0.000771873
257,24721.2,0.99956,0.49545,0.82665,0,0,0,0,0,0,0.08208,0.03315,0.00229,0,0,0,0,0,0,0,0,0,0,0,0,0,0,0.88896,0.34505,0,0,0.49094,0.04769,0.50122,0.4907,0.86143,0.80128,0.83666,0.56203,1.10466,0.51359,0.84563,0,0,0,0,0,0,0,0,0,0,0,0,0,0,0,0,0,0,0,0,0,0,0,0,0,0,0,0,0,0,0,0.56203,0.0023107,0.000770234,0.0023107,0.000770234,0.0023107,0.000770234,0.0023107,0.000770234
258,24816.2,0.99409,0.49479,0.82916,0,0,0,0,0,0,0.08462,0.03311,0.00236,0,0,0,0,0,0,0,0,0,0,0,0,0,0,0.88696,0.34331,0,0,0.49088,0.04764,0.50114,0.49067,0.86051,0.80113,0.83638,0.56226,1.1044,0.51327,0.84564,0,0,0,0,0,0,0,0,0,0,0,0,0,0,0,0,0,0,0,0,0,0,0,0,0,0,0,0,0,0,0,0.56226,0.00230577,0.000768591,0.00230577,0.000768591,0.00230577,0.000768591,0.00230577,0.000768591
259,24914.3,1.00127,0.49554,0.82911,0,0,0,0,0,0,0.08543,0.03028,0.00329,0,0,0,0,0,0,0,0,0,0,0,0,0,0,0.89904,0.33237,0,0,0.49087,0.04771,0.50016,0.49067,0.85852,0.80166,0.83673,0.56197,1.1048,0.51328,0.84573,0,0,0,0,0,0,0,0,0,0,0,0,0,0,0,0,0,0,0,0,0,0,0,0,0,0,0,0,0,0,0,0.56197,0.00230083,0.000766944,0.00230083,0.000766944,0.00230083,0.000766944,0.00230083,0.000766944
260,25010,0.99978,0.49351,0.83108,0,0,0,0,0,0,0.0831,0.02591,0.00307,0,0,0,0,0,0,0,0,0,0,0,0,0,0,0.85968,0.31467,0,0,0.49087,0.04769,0.50098,0.4907,0.85801,0.80163,0.8366,0.56206,1.10429,0.51321,0.84571,0,0,0,0,0,0,0,0,0,0,0,0,0,0,0,0,0,0,0,0,0,0,0,0,0,0,0,0,0,0,0,0.56206,0.00229588,0.000765292,0.00229588,0.000765292,0.00229588,0.000765292,0.00229588,0.000765292
261,25104.4,1.00509,0.49761,0.82785,0,0,0,0,0,0,0.08595,0.02562,0.00252,7e-05,0,0,0,0,0,0,0,0,0,0,0,0,0,0.83636,0.30725,0,0,0.49092,0.04765,0.50105,0.49068,0.85886,0.80121,0.83661,0.56199,1.10428,0.51291,0.84569,0,0,0,0,0,0,0,0,0,0,0,0,0,0,0,0,0,0,0,0,0,0,0,0,0,0,0,0,0,0,0,0.56199,0.00229091,0.000763637,0.00229091,0.000763637,0.00229091,0.000763637,0.00229091,0.000763637
262,25200.3,1.0011,0.49717,0.83012,0,0,0,0,0,0,0.08302,0.02555,0.00217,0,0,0,0,0,0,0,0,0,0,0,0,0,0,0.82091,0.295,0,0,0.49089,0.0477,0.50082,0.49066,0.85966,0.80126,0.83689,0.56235,1.10416,0.51249,0.84568,0,0,0,0,0,0,0,0,0,0,0,0,0,0,0,0,0,0,0,0,0,0,0,0,0,0,0,0,0,0,0,0.56235,0.00228593,0.000761977,0.00228593,0.000761977,0.00228593,0.000761977,0.00228593,0.000761977
263,25295,0.99511,0.4946,0.82733,0,0,0,0,0,0,0.08391,0.02563,0.00179,0,0,0,0,0,0,0,0,0,0,0,0,0,0,0.7724,0.28341,0,0,0.49088,0.04768,0.50206,0.49064,0.85725,0.8019,0.83651,0.56224,1.10428,0.51217,0.8457,0,0,0,0,0,0,0,0,0,0,0,0,0,0,0,0,0,0,0,0,0,0,0,0,0,0,0,0,0,0,0,0.56224,0.00228094,0.000760314,0.00228094,0.000760314,0.00228094,0.000760314,0.00228094,0.000760314
264,25389.3,1.00301,0.49437,0.82693,0,0,0,0,0,0,0.08221,0.02557,0.00196,2e-05,0,0,0,0,0,0,0,0,0,0,0,0,0,0.77682,0.27792,0,0,0.49088,0.0477,0.50123,0.49064,0.85609,0.80175,0.83633,0.5622,1.10467,0.51168,0.84574,0,0,0,0,0,0,0,0,0,0,0,0,0,0,0,0,0,0,0,0,0,0,0,0,0,0,0,0,0,0,0,0.5622,0.00227594,0.000758647,0.00227594,0.000758647,0.00227594,0.000758647,0.00227594,0.000758647
265,25485.7,1.00566,0.49873,0.82895,0,0,0,0,0,0,0.08752,0.02563,0.0025,7e-05,0,0,0,0,0,0,0,0,0,0,0,0,0,0.83428,0.28824,0,0,0.4909,0.04763,0.50026,0.49074,0.85666,0.80132,0.8366,0.56219,1.10485,0.51204,0.84575,0,0,0,0,0,0,0,0,0,0,0,0,0,0,0,0,0,0,0,0,0,0,0,0,0,0,0,0,0,0,0,0.56219,0.00227093,0.000756976,0.00227093,0.000756976,0.00227093,0.000756976,0.00227093,0.000756976
266,25580.6,1.00173,0.49546,0.82947,0,0,0,0,0,0,0.08504,0.02549,0.00247,0,0,0,0,0,0,0,0,0,0,0,0,0,0,0.8342,0.28789,0,0,0.49093,0.04766,0.50075,0.49075,0.8569,0.80147,0.8372,0.56231,1.10489,0.51169,0.84584,0,0,0,0,0,0,0,0,0,0,0,0,0,0,0,0,0,0,0,0,0,0,0,0,0,0,0,0,0,0,0,0.56231,0.0022659,0.0007553,0.0022659,0.0007553,0.0022659,0.0007553,0.0022659,0.0007553
267,25674.7,0.99795,0.49499,0.82679,0,0,0,0,0,0,0.0876,0.02559,0.00247,0,0,0,0,0,0,0,0,0,0,0,0,0,0,0.83623,0.28594,0,0,0.49089,0.0477,0.50164,0.49076,0.85724,0.80056,0.83687,0.56259,1.10531,0.51172,0.84585,0,0,0,0,0,0,0,0,0,0,0,0,0,0,0,0,0,0,0,0,0,0,0,0,0,0,0,0,0,0,0,0.56259,0.00226086,0.000753621,0.00226086,0.000753621,0.00226086,0.000753621,0.00226086,0.000753621
268,25771.3,0.99086,0.48736,0.82867,0,0,0,0,0,0,0.08361,0.01891,0.00209,0,0,0,0,0,0,0,0,0,0,0,0,0,0,0.81499,0.28759,0,0,0.49093,0.04767,0.50112,0.4907,0.8577,0.80059,0.83692,0.56289,1.10481,0.51192,0.84581,0,0,0,0,0,0,0,0,0,0,0,0,0,0,0,0,0,0,0,0,0,0,0,0,0,0,0,0,0,0,0,0.56289,0.00225582,0.000751939,0.00225582,0.000751939,0.00225582,0.000751939,0.00225582,0.000751939
269,25867.5,0.99282,0.49214,0.83041,0,0,0,0,0,0,0.08287,0.01593,0.00199,0,0,0,0,0,0,0,0,0,0,0,0,0,0,0.82117,0.29839,0,0,0.49095,0.04768,0.49997,0.49074,0.85677,0.80124,0.8376,0.56282,1.10495,0.51148,0.84589,0,0,0,0,0,0,0,0,0,0,0,0,0,0,0,0,0,0,0,0,0,0,0,0,0,0,0,0,0,0,0,0.56282,0.00225076,0.000750252,0.00225076,0.000750252,0.00225076,0.000750252,0.00225076,0.000750252
270,25961.5,0.98992,0.49137,0.82619,0,0,0,0,0,0,0.08556,0.01578,0.00177,0,0,0,0,0,0,0,0,0,0,0,0,0,0,0.81853,0.30061,0,0,0.49092,0.04767,0.50145,0.49069,0.85872,0.80037,0.83711,0.56287,1.10524,0.51172,0.84591,0,0,0,0,0,0,0,0,0,0,0,0,0,0,0,0,0,0,0,0,0,0,0,0,0,0,0,0,0,0,0,0.56287,0.00224568,0.000748562,0.00224568,0.000748562,0.00224568,0.000748562,0.00224568,0.000748562
271,26057.1,0.99496,0.49165,0.82827,0,0,0,0,0,0,0.09482,0.01563,0.00302,0,0,0,0,0,0,0,0,0,0,0,0,0,0,0.8312,0.28612,0,0,0.49088,0.04769,0.50135,0.49066,0.85775,0.80147,0.8373,0.56334,1.10447,0.51133,0.84576,0,0,0,0,0,0,0,0,0,0,0,0,0,0,0,0,0,0,0,0,0,0,0,0,0,0,0,0,0,0,0,0.56334,0.0022406,0.000746868,0.0022406,0.000746868,0.0022406,0.000746868,0.0022406,0.000746868
272,26151.3,0.99551,0.49202,0.82861,0,0,0,0,0,0,0.08494,0.01573,0.00222,3e-05,0,0,0,0,0,0,0,0,0,0,0,0,0,0.79585,0.28586,0,0,0.49092,0.04769,0.49922,0.49074,0.85786,0.80145,0.83808,0.56365,1.10457,0.51117,0.84577,0,0,0,0,0,0,0,0,0,0,0,0,0,0,0,0,0,0,0,0,0,0,0,0,0,0,0,0,0,0,0,0.56365,0.00223551,0.00074517,0.00223551,0.00074517,0.00223551,0.00074517,0.00223551,0.00074517
273,26246.8,0.99424,0.49165,0.82682,0,0,0,0,0,0,0.0871,0.01565,0.00279,0,0,0,0,0,0,0,0,0,0,0,0,0,0,0.82398,0.27669,0,0,0.49087,0.04768,0.49883,0.49068,0.85848,0.80165,0.83817,0.56389,1.10471,0.51111,0.8458,0,0,0,0,0,0,0,0,0,0,0,0,0,0,0,0,0,0,0,0,0,0,0,0,0,0,0,0,0,0,0,0.56389,0.0022304,0.000743468,0.0022304,0.000743468,0.0022304,0.000743468,0.0022304,0.000743468
274,26343.3,0.98804,0.48703,0.82902,0,0,0,0,0,0,0.08577,0.01573,0.00206,0,0,0,0,0,0,0,0,0,0,0,0,0,0,0.79039,0.27323,0,0,0.49094,0.04769,0.49914,0.49073,0.8591,0.8021,0.83861,0.56395,1.10416,0.51064,0.84579,0,0,0,0,0,0,0,0,0,0,0,0,0,0,0,0,0,0,0,0,0,0,0,0,0,0,0,0,0,0,0,0.56395,0.00222529,0.000741763,0.00222529,0.000741763,0.00222529,0.000741763,0.00222529,0.000741763
275,26437.8,0.9916,0.48877,0.82855,0,0,0,0,0,0,0.08272,0.01556,0.00152,0,0,0,0,0,0,0,0,0,0,0,0,0,0,0.76392,0.27967,0,0,0.4909,0.04771,0.50074,0.4907,0.85943,0.80177,0.83817,0.56432,1.10394,0.51007,0.84575,0,0,0,0,0,0,0,0,0,0,0,0,0,0,0,0,0,0,0,0,0,0,0,0,0,0,0,0,0,0,0,0.56432,0.00222016,0.000740054,0.00222016,0.000740054,0.00222016,0.000740054,0.00222016,0.000740054
276,26534.9,0.98956,0.49053,0.82885,0,0,0,0,0,0,0.08628,0.01487,0.0023,0,0,0,0,0,0,0,0,0,0,0,0,0,0,0.7905,0.28274,0,0,0.49091,0.04769,0.4995,0.49071,0.85938,0.80244,0.83819,0.56441,1.10399,0.51017,0.84568,0,0,0,0,0,0,0,0,0,0,0,0,0,0,0,0,0,0,0,0,0,0,0,0,0,0,0,0,0,0,0,0.56441,0.00221502,0.000738341,0.00221502,0.000738341,0.00221502,0.000738341,0.00221502,0.000738341
277,26631.5,0.98946,0.48918,0.82835,0,0,0,0,0,0,0.08396,0.01127,0.0021,0,0,0,0,0,0,0,0,0,0,0,0,0,0,0.77903,0.27678,0,0,0.49093,0.04769,0.50009,0.49071,0.85894,0.8027,0.83789,0.56403,1.10408,0.51023,0.84574,0,0,0,0,0,0,0,0,0,0,0,0,0,0,0,0,0,0,0,0,0,0,0,0,0,0,0,0,0,0,0,0.56403,0.00220988,0.000736625,0.00220988,0.000736625,0.00220988,0.000736625,0.00220988,0.000736625
278,26725.5,0.98964,0.48916,0.82776,0,0,0,0,0,0,0.08197,0.02121,0.00197,0,0,0,0,0,0,0,0,0,0,0,0,0,0,0.75855,0.28341,0,0,0.49091,0.04765,0.50114,0.49072,0.85848,0.80158,0.83764,0.56427,1.10398,0.5099,0.8457,0,0,0,0,0,0,0,0,0,0,0,0,0,0,0,0,0,0,0,0,0,0,0,0,0,0,0,0,0,0,0,0.56427,0.00220472,0.000734906,0.00220472,0.000734906,0.00220472,0.000734906,0.00220472,0.000734906
279,26822.1,0.99302,0.492,0.82898,0,0,0,0,0,0,0.08879,0.02321,0.00278,1e-05,0,0,0,0,0,0,0,0,0,0,0,0,0,0.78291,0.28725,0,0,0.49091,0.04764,0.50058,0.49086,0.85868,0.80262,0.83837,0.56489,1.10351,0.50927,0.84568,0,0,0,0,0,0,0,0,0,0,0,0,0,0,0,0,0,0,0,0,0,0,0,0,0,0,0,0,0,0,0,0.56489,0.00219955,0.000733182,0.00219955,0.000733182,0.00219955,0.000733182,0.00219955,0.000733182
280,26917.7,0.98967,0.48765,0.8264,0,0,0,0,0,0,0.08408,0.02381,0.00263,6e-05,0,0,0,0,0,0,0,0,0,0,0,0,0,0.79471,0.2899,0,0,0.49087,0.04767,0.50119,0.49071,0.85933,0.80237,0.83851,0.56535,1.10316,0.5091,0.84569,0,0,0,0,0,0,0,0,0,0,0,0,0,0,0,0,0,0,0,0,0,0,0,0,0,0,0,0,0,0,0,0.56535,0.00219437,0.000731456,0.00219437,0.000731456,0.00219437,0.000731456,0.00219437,0.000731456
281,27014.9,0.9855,0.49133,0.82796,0,0,0,0,0,0,0.0828,0.02719,0.00239,0,0,0,0,0,0,0,0,0,0,0,0,0,0,0.77721,0.29864,0,0,0.49095,0.04772,0.50051,0.49074,0.85897,0.80265,0.83787,0.56524,1.10306,0.50887,0.84574,0,0,0,0,0,0,0,0,0,0,0,0,0,0,0,0,0,0,0,0,0,0,0,0,0,0,0,0,0,0,0,0.56524,0.00218918,0.000729725,0.00218918,0.000729725,0.00218918,0.000729725,0.00218918,0.000729725
282,27110.1,0.98672,0.48904,0.82743,0,0,0,0,0,0,0.0828,0.02812,0.002,0,0,0,0,0,0,0,0,0,0,0,0,0,0,0.77608,0.28376,0,0,0.49089,0.04769,0.50015,0.49077,0.86056,0.80223,0.83837,0.56532,1.1033,0.50944,0.84579,0,0,0,0,0,0,0,0,0,0,0,0,0,0,0,0,0,0,0,0,0,0,0,0,0,0,0,0,0,0,0,0.56532,0.00218397,0.000727992,0.00218397,0.000727992,0.00218397,0.000727992,0.00218397,0.000727992
283,27206,0.99103,0.49437,0.82849,0,0,0,0,0,0,0.08992,0.02822,0.00283,0,0,0,0,0,0,0,0,0,0,0,0,0,0,0.79673,0.28963,0,0,0.4909,0.04769,0.49912,0.49078,0.86097,0.80198,0.83861,0.56552,1.10351,0.50922,0.84584,0,0,0,0,0,0,0,0,0,0,0,0,0,0,0,0,0,0,0,0,0,0,0,0,0,0,0,0,0,0,0,0.56552,0.00217876,0.000726254,0.00217876,0.000726254,0.00217876,0.000726254,0.00217876,0.000726254
284,27302.3,0.99062,0.49187,0.82745,0,0,0,0,0,0,0.09011,0.02813,0.00218,0,0,0,0,0,0,0,0,0,0,0,0,0,0,0.76156,0.27292,0,0,0.49089,0.04771,0.50055,0.49104,0.85991,0.80108,0.83813,0.56536,1.10393,0.50927,0.84588,0,0,0,0,0,0,0,0,0,0,0,0,0,0,0,0,0,0,0,0,0,0,0,0,0,0,0,0,0,0,0,0.56536,0.00217354,0.000724514,0.00217354,0.000724514,0.00217354,0.000724514,0.00217354,0.000724514
285,27400.4,0.99049,0.49103,0.82855,0,0,0,0,0,0,0.08478,0.02809,0.00303,7e-05,0,0,0,0,0,0,0,0,0,0,0,0,0,0.76487,0.27035,0,0,0.49091,0.04768,0.49943,0.49083,0.85963,0.80199,0.83901,0.5655,1.10394,0.50923,0.84588,0,0,0,0,0,0,0,0,0,0,0,0,0,0,0,0,0,0,0,0,0,0,0,0,0,0,0,0,0,0,0,0.5655,0.00216831,0.00072277,0.00216831,0.00072277,0.00216831,0.00072277,0.00216831,0.00072277
286,27496.1,0.98993,0.48938,0.8263,0,0,0,0,0,0,0.0826,0.02788,0.00258,2e-05,0,0,0,0,0,0,0,0,0,0,0,0,0,0.74642,0.26648,0,0,0.49084,0.0477,0.50134,0.49066,0.85844,0.80215,0.8385,0.56575,1.10376,0.50915,0.84585,0,0,0,0,0,0,0,0,0,0,0,0,0,0,0,0,0,0,0,0,0,0,0,0,0,0,0,0,0,0,0,0.56575,0.00216307,0.000721023,0.00216307,0.000721023,0.00216307,0.000721023,0.00216307,0.000721023
287,27589.8,0.98714,0.48909,0.82654,0,0,0,0,0,0,0.08151,0.02798,0.00175,0,0,0,0,0,0,0,0,0,0,0,0,0,0,0.73554,0.25796,0,0,0.49091,0.0477,0.50091,0.49068,0.85932,0.80275,0.83897,0.56561,1.10335,0.50876,0.84586,0,0,0,0,0,0,0,0,0,0,0,0,0,0,0,0,0,0,0,0,0,0,0,0,0,0,0,0,0,0,0,0.56561,0.00215782,0.000719272,0.00215782,0.000719272,0.00215782,0.000719272,0.00215782,0.000719272
288,27687.5,0.99696,0.4947,0.82802,0,0,0,0,0,0,0.08068,0.02811,0.00252,0,0,0,0,0,0,0,0,0,0,0,0,0,0,0.76981,0.27521,0,0,0.49095,0.04766,0.50086,0.4907,0.86023,0.80174,0.83959,0.56581,1.10359,0.50902,0.84587,0,0,0,0,0,0,0,0,0,0,0,0,0,0,0,0,0,0,0,0,0,0,0,0,0,0,0,0,0,0,0,0.56581,0.00215255,0.000717518,0.00215255,0.000717518,0.00215255,0.000717518,0.00215255,0.000717518
289,27782.6,0.97846,0.48413,0.82767,0,0,0,0,0,0,0.08359,0.02467,0.00207,0,0,0,0,0,0,0,0,0,0,0,0,0,0,0.77124,0.26255,0,0,0.49091,0.04762,0.4994,0.49068,0.86161,0.80188,0.83945,0.56606,1.10466,0.50895,0.846,0,0,0,0,0,0,0,0,0,0,0,0,0,0,0,0,0,0,0,0,0,0,0,0,0,0,0,0,0,0,0,0.56606,0.00214728,0.000715761,0.00214728,0.000715761,0.00214728,0.000715761,0.00214728,0.000715761
290,27879.8,0.98577,0.48802,0.82688,0,0,0,0,0,0,0.08184,0.02322,0.00147,0,0,0,0,0,0,0,0,0,0,0,0,0,0,0.73532,0.26364,0,0,0.49092,0.04765,0.4999,0.49071,0.86135,0.80158,0.83864,0.56603,1.10562,0.50934,0.84607,0,0,0,0,0,0,0,0,0,0,0,0,0,0,0,0,0,0,0,0,0,0,0,0,0,0,0,0,0,0,0,0.56603,0.002142,0.000714,0.002142,0.000714,0.002142,0.000714,0.002142,0.000714
291,27975.8,0.98695,0.48692,0.82725,0,0,0,0,0,0,0.08225,0.02314,0.00127,0,0,0,0,0,0,0,0,0,0,0,0,0,0,0.72391,0.26768,0,0,0.49093,0.04769,0.50092,0.4907,0.85726,0.80425,0.83848,0.56593,1.10633,0.50928,0.84617,0,0,0,0,0,0,0,0,0,0,0,0,0,0,0,0,0,0,0,0,0,0,0,0,0,0,0,0,0,0,0,0.56593,0.00213671,0.000712237,0.00213671,0.000712237,0.00213671,0.000712237,0.00213671,0.000712237
292,28071.2,0.98663,0.48873,0.82788,0,0,0,0,0,0,0.08006,0.02319,0.00156,0,0,0,0,0,0,0,0,0,0,0,0,0,0,0.72483,0.27108,0,0,0.49086,0.04768,0.50073,0.49067,0.857,0.80459,0.83894,0.56589,1.10767,0.50958,0.84627,0,0,0,0,0,0,0,0,0,0,0,0,0,0,0,0,0,0,0,0,0,0,0,0,0,0,0,0,0,0,0,0.56589,0.00213141,0.00071047,0.00213141,0.00071047,0.00213141,0.00071047,0.00213141,0.00071047
293,28166.9,0.98564,0.48743,0.82694,0,0,0,0,0,0,0.08565,0.0232,0.00264,0,0,0,0,0,0,0,0,0,0,0,0,0,0,0.751,0.2744,0,0,0.49092,0.04762,0.50187,0.49072,0.85821,0.80365,0.83867,0.56563,1.1083,0.50954,0.84639,0,0,0,0,0,0,0,0,0,0,0,0,0,0,0,0,0,0,0,0,0,0,0,0,0,0,0,0,0,0,0,0.56563,0.0021261,0.0007087,0.0021261,0.0007087,0.0021261,0.0007087,0.0021261,0.0007087
294,28262.3,0.98609,0.48952,0.82626,0,0,0,0,0,0,0.08207,0.0231,0.00114,0,0,0,0,0,0,0,0,0,0,0,0,0,0,0.71557,0.28386,0,0,0.49087,0.04767,0.50234,0.49066,0.85895,0.80428,0.83944,0.56588,1.1086,0.50936,0.84644,0,0,0,0,0,0,0,0,0,0,0,0,0,0,0,0,0,0,0,0,0,0,0,0,0,0,0,0,0,0,0,0.56588,0.00212078,0.000706926,0.00212078,0.000706926,0.00212078,0.000706926,0.00212078,0.000706926
295,28359.9,0.98394,0.4871,0.82486,0,0,0,0,0,0,0.07975,0.02317,0.00172,0,0,0,0,0,0,0,0,0,0,0,0,0,0,0.74551,0.28253,0,0,0.49093,0.04769,0.50056,0.4907,0.85857,0.80443,0.83976,0.5659,1.1089,0.5095,0.8464,0,0,0,0,0,0,0,0,0,0,0,0,0,0,0,0,0,0,0,0,0,0,0,0,0,0,0,0,0,0,0,0.5659,0.00211545,0.00070515,0.00211545,0.00070515,0.00211545,0.00070515,0.00211545,0.00070515
296,28454.8,0.9784,0.48694,0.82744,0,0,0,0,0,0,0.09471,0.02316,0.00169,0,0,0,0,0,0,0,0,0,0,0,0,0,0,0.75606,0.27921,0,0,0.49092,0.04768,0.50068,0.4907,0.85827,0.80438,0.83919,0.56623,1.10847,0.50992,0.84636,0,0,0,0,0,0,0,0,0,0,0,0,0,0,0,0,0,0,0,0,0,0,0,0,0,0,0,0,0,0,0,0.56623,0.00211011,0.000703371,0.00211011,0.000703371,0.00211011,0.000703371,0.00211011,0.000703371
297,28550.7,0.98179,0.48723,0.82662,0,0,0,0,0,0,0.08094,0.02267,0.00115,0,0,0,0,0,0,0,0,0,0,0,0,0,0,0.7226,0.27986,0,0,0.49095,0.04774,0.502,0.49072,0.8581,0.80534,0.83922,0.56629,1.1085,0.50984,0.84632,0,0,0,0,0,0,0,0,0,0,0,0,0,0,0,0,0,0,0,0,0,0,0,0,0,0,0,0,0,0,0,0.56629,0.00210476,0.000701588,0.00210476,0.000701588,0.00210476,0.000701588,0.00210476,0.000701588
298,28647.1,0.98479,0.48766,0.82571,0,0,0,0,0,0,0.08048,0.01405,0.00125,0,0,0,0,0,0,0,0,0,0,0,0,0,0,0.74079,0.27053,0,0,0.49088,0.04769,0.50075,0.49067,0.85747,0.80448,0.83843,0.56609,1.10805,0.5095,0.84629,0,0,0,0,0,0,0,0,0,0,0,0,0,0,0,0,0,0,0,0,0,0,0,0,0,0,0,0,0,0,0,0.56609,0.00209941,0.000699803,0.00209941,0.000699803,0.00209941,0.000699803,0.00209941,0.000699803
299,28742,0.98848,0.48854,0.82745,0,0,0,0,0,0,0.08027,0.01364,0.00103,0,0,0,0,0,0,0,0,0,0,0,0,0,0,0.74818,0.27133,0,0,0.49094,0.04772,0.50163,0.49071,0.85809,0.80472,0.83849,0.56654,1.10746,0.50903,0.84627,0,0,0,0,0,0,0,0,0,0,0,0,0,0,0,0,0,0,0,0,0,0,0,0,0,0,0,0,0,0,0,0.56654,0.00209404,0.000698014,0.00209404,0.000698014,0.00209404,0.000698014,0.00209404,0.000698014
300,28838.3,0.98227,0.48497,0.82472,0,0,0,0,0,0,0.0781,0.01361,0.001,0,0,0,0,0,0,0,0,0,0,0,0,0,0,0.74004,0.27116,0,0,0.49093,0.04766,0.50231,0.49069,0.8601,0.80431,0.83977,0.56674,1.10681,0.50899,0.84612,0,0,0,0,0,0,0,0,0,0,0,0,0,0,0,0,0,0,0,0,0,0,0,0,0,0,0,0,0,0,0,0.56674,0.00208867,0.000696223,0.00208867,0.000696223,0.00208867,0.000696223,0.00208867,0.000696223
301,28934.9,0.97866,0.48381,0.82586,0,0,0,0,0,0,0.08005,0.01351,0.00093,0,0,0,0,0,0,0,0,0,0,0,0,0,0,0.73474,0.26896,0,0,0.49092,0.04768,0.50122,0.4907,0.85852,0.80596,0.83992,0.56686,1.10675,0.50907,0.84615,0,0,0,0,0,0,0,0,0,0,0,0,0,0,0,0,0,0,0,0,0,0,0,0,0,0,0,0,0,0,0,0.56686,0.00208328,0.000694428,0.00208328,0.000694428,0.00208328,0.000694428,0.00208328,0.000694428
302,29030.2,0.97799,0.4853,0.82546,0,0,0,0,0,0,0.08053,0.01354,0.00106,0,0,0,0,0,0,0,0,0,0,0,0,0,0,0.74546,0.26758,0,0,0.49091,0.04769,0.50054,0.49069,0.85941,0.80408,0.83972,0.56731,1.10657,0.50922,0.84611,0,0,0,0,0,0,0,0,0,0,0,0,0,0,0,0,0,0,0,0,0,0,0,0,0,0,0,0,0,0,0,0.56731,0.00207789,0.000692631,0.00207789,0.000692631,0.00207789,0.000692631,0.00207789,0.000692631
303,29124,0.97665,0.48378,0.82763,0,0,0,0,0,0,0.0848,0.0135,0.00211,0,0,0,0,0,0,0,0,0,0,0,0,0,0,0.76372,0.26061,0,0,0.4909,0.04775,0.50053,0.49072,0.86026,0.80372,0.8402,0.56734,1.10629,0.50856,0.8461,0,0,0,0,0,0,0,0,0,0,0,0,0,0,0,0,0,0,0,0,0,0,0,0,0,0,0,0,0,0,0,0.56734,0.00207249,0.000690831,0.00207249,0.000690831,0.00207249,0.000690831,0.00207249,0.000690831
304,29218.9,0.98107,0.48534,0.82609,0,0,0,0,0,0,0.08035,0.01351,0.00121,0,0,0,0,0,0,0,0,0,0,0,0,0,0,0.7183,0.25747,0,0,0.49089,0.04766,0.5015,0.49067,0.85961,0.80458,0.84088,0.5676,1.10584,0.50873,0.84603,0,0,0,0,0,0,0,0,0,0,0,0,0,0,0,0,0,0,0,0,0,0,0,0,0,0,0,0,0,0,0,0.5676,0.00206708,0.000689028,0.00206708,0.000689028,0.00206708,0.000689028,0.00206708,0.000689028
305,29313.4,0.98191,0.48632,0.82407,0,0,0,0,0,0,0.0818,0.01355,0.00109,0,0,0,0,0,0,0,0,0,0,0,0,0,0,0.73073,0.25988,0,0,0.4909,0.04766,0.50076,0.49068,0.86039,0.80382,0.84089,0.56737,1.1063,0.50904,0.84602,0,0,0,0,0,0,0,0,0,0,0,0,0,0,0,0,0,0,0,0,0,0,0,0,0,0,0,0,0,0,0,0.56737,0.00206166,0.000687222,0.00206166,0.000687222,0.00206166,0.000687222,0.00206166,0.000687222
306,29407.6,0.97767,0.48252,0.82698,0,0,0,0,0,0,0.0861,0.01109,0.00167,0,0,0,0,0,0,0,0,0,0,0,0,0,0,0.75127,0.26322,0,0,0.49092,0.04767,0.49957,0.49069,0.8604,0.80439,0.84093,0.56761,1.10572,0.50897,0.84597,0,0,0,0,0,0,0,0,0,0,0,0,0,0,0,0,0,0,0,0,0,0,0,0,0,0,0,0,0,0,0,0.56761,0.00205624,0.000685413,0.00205624,0.000685413,0.00205624,0.000685413,0.00205624,0.000685413
307,29502.7,0.98476,0.48691,0.82563,0,0,0,0,0,0,0.08237,0.00779,0.00235,0,0,0,0,0,0,0,0,0,0,0,0,0,0,0.76408,0.266,0,0,0.49092,0.04768,0.4995,0.49071,0.86055,0.80357,0.84054,0.56808,1.10567,0.50894,0.84593,0,0,0,0,0,0,0,0,0,0,0,0,0,0,0,0,0,0,0,0,0,0,0,0,0,0,0,0,0,0,0,0.56808,0.0020508,0.000683601,0.0020508,0.000683601,0.0020508,0.000683601,0.0020508,0.000683601
308,29599,0.97901,0.4833,0.82729,0,0,0,0,0,0,0.08402,0.01113,0.0023,0.00013,0,0,0,0,0,0,0,0,0,0,0,0,0,0.75945,0.25175,0,0,0.49095,0.04767,0.50186,0.49077,0.85924,0.80643,0.84113,0.56824,1.10494,0.5089,0.84587,0,0,0,0,0,0,0,0,0,0,0,0,0,0,0,0,0,0,0,0,0,0,0,0,0,0,0,0,0,0,0,0.56824,0.00204536,0.000681787,0.00204536,0.000681787,0.00204536,0.000681787,0.00204536,0.000681787
309,29694,0.98042,0.48628,0.82835,0,0,0,0,0,0,0.08186,0.01128,0.00131,0,0,0,0,0,0,0,0,0,0,0,0,0,0,0.69928,0.24222,0,0,0.49092,0.04767,0.50195,0.49069,0.86046,0.80439,0.84063,0.56825,1.10544,0.50909,0.84595,0,0,0,0,0,0,0,0,0,0,0,0,0,0,0,0,0,0,0,0,0,0,0,0,0,0,0,0,0,0,0,0.56825,0.00203991,0.00067997,0.00203991,0.00067997,0.00203991,0.00067997,0.00203991,0.00067997
310,29789.3,0.97654,0.4824,0.828,0,0,0,0,0,0,0.08119,0.01133,0.00202,0,0,0,0,0,0,0,0,0,0,0,0,0,0,0.70685,0.25012,0,0,0.49088,0.04773,0.50087,0.49065,0.86198,0.80339,0.84122,0.56876,1.10519,0.50905,0.84594,0,0,0,0,0,0,0,0,0,0,0,0,0,0,0,0,0,0,0,0,0,0,0,0,0,0,0,0,0,0,0,0.56876,0.00203445,0.00067815,0.00203445,0.00067815,0.00203445,0.00067815,0.00203445,0.00067815
311,29885.4,0.97561,0.48491,0.82495,0,0,0,0,0,0,0.07887,0.01138,0.0011,0,0,0,0,0,0,0,0,0,0,0,0,0,0,0.68382,0.25598,0,0,0.49099,0.0477,0.50047,0.49078,0.86259,0.80187,0.84075,0.56883,1.10563,0.50902,0.84591,0,0,0,0,0,0,0,0,0,0,0,0,0,0,0,0,0,0,0,0,0,0,0,0,0,0,0,0,0,0,0,0.56883,0.00202898,0.000676328,0.00202898,0.000676328,0.00202898,0.000676328,0.00202898,0.000676328
312,29982.2,0.97918,0.48381,0.82777,0,0,0,0,0,0,0.07882,0.01139,0.00099,0,0,0,0,0,0,0,0,0,0,0,0,0,0,0.6809,0.26087,0,0,0.49089,0.04767,0.50085,0.49066,0.86108,0.80368,0.84141,0.56888,1.10554,0.50968,0.8459,0,0,0,0,0,0,0,0,0,0,0,0,0,0,0,0,0,0,0,0,0,0,0,0,0,0,0,0,0,0,0,0.56888,0.00202351,0.000674503,0.00202351,0.000674503,0.00202351,0.000674503,0.00202351,0.000674503
313,30076.8,0.97791,0.48546,0.82472,0,0,0,0,0,0,0.07817,0.01144,0.00119,0,0,0,0,0,0,0,0,0,0,0,0,0,0,0.68205,0.26022,0,0,0.49094,0.04772,0.50176,0.4907,0.86141,0.80227,0.84086,0.56883,1.10585,0.50915,0.84599,0,0,0,0,0,0,0,0,0,0,0,0,0,0,0,0,0,0,0,0,0,0,0,0,0,0,0,0,0,0,0,0.56883,0.00201803,0.000672675,0.00201803,0.000672675,0.00201803,0.000672675,0.00201803,0.000672675
314,30170.8,0.97841,0.48394,0.82627,0,0,0,0,0,0,0.07908,0.01137,0.00094,0,0,0,0,0,0,0,0,0,0,0,0,0,0,0.67573,0.26383,0,0,0.49091,0.04768,0.50082,0.49071,0.86072,0.80094,0.83983,0.56866,1.10577,0.50932,0.846,0,0,0,0,0,0,0,0,0,0,0,0,0,0,0,0,0,0,0,0,0,0,0,0,0,0,0,0,0,0,0,0.56866,0.00201254,0.000670845,0.00201254,0.000670845,0.00201254,0.000670845,0.00201254,0.000670845
315,30264.9,0.98203,0.48422,0.82793,0,0,0,0,0,0,0.07665,0.00923,0.00103,0,0,0,0,0,0,0,0,0,0,0,0,0,0,0.66497,0.2641,0,0,0.49095,0.04766,0.50038,0.49074,0.86315,0.80004,0.84048,0.5693,1.10498,0.50918,0.84586,0,0,0,0,0,0,0,0,0,0,0,0,0,0,0,0,0,0,0,0,0,0,0,0,0,0,0,0,0,0,0,0.5693,0.00200704,0.000669012,0.00200704,0.000669012,0.00200704,0.000669012,0.00200704,0.000669012
316,30358.8,0.97962,0.48278,0.82569,0,0,0,0,0,0,0.07674,0.00442,0.00115,2e-05,0,0,0,0,0,0,0,0,0,0,0,0,0,0.66468,0.26839,0,0,0.49088,0.0477,0.50074,0.49066,0.86044,0.80278,0.84041,0.56933,1.10495,0.50866,0.84591,0,0,0,0,0,0,0,0,0,0,0,0,0,0,0,0,0,0,0,0,0,0,0,0,0,0,0,0,0,0,0,0.56933,0.00200153,0.000667177,0.00200153,0.000667177,0.00200153,0.000667177,0.00200153,0.000667177
317,30454.1,0.97914,0.4834,0.82501,0,0,0,0,0,0,0.07792,0.00373,0.00113,0,0,0,0,0,0,0,0,0,0,0,0,0,0,0.68729,0.27606,0,0,0.49089,0.04767,0.50126,0.49067,0.86125,0.80275,0.84075,0.56934,1.10532,0.50875,0.84599,0,0,0,0,0,0,0,0,0,0,0,0,0,0,0,0,0,0,0,0,0,0,0,0,0,0,0,0,0,0,0,0.56934,0.00199602,0.000665339,0.00199602,0.000665339,0.00199602,0.000665339,0.00199602,0.000665339
318,30549,0.97298,0.48363,0.8251,0,0,0,0,0,0,0.07946,0.00343,0.00111,0,0,0,0,0,0,0,0,0,0,0,0,0,0,0.69146,0.27638,0,0,0.49087,0.04768,0.50146,0.49064,0.86213,0.80192,0.8407,0.56949,1.10498,0.50883,0.84594,0,0,0,0,0,0,0,0,0,0,0,0,0,0,0,0,0,0,0,0,0,0,0,0,0,0,0,0,0,0,0,0.56949,0.0019905,0.000663499,0.0019905,0.000663499,0.0019905,0.000663499,0.0019905,0.000663499
319,30644,0.97747,0.48247,0.82746,0,0,0,0,0,0,0.07675,0.00325,0.00099,0,0,0,0,0,0,0,0,0,0,0,0,0,0,0.67243,0.27242,0,0,0.49092,0.04772,0.49972,0.49073,0.86198,0.80282,0.84153,0.56952,1.10498,0.50869,0.84596,0,0,0,0,0,0,0,0,0,0,0,0,0,0,0,0,0,0,0,0,0,0,0,0,0,0,0,0,0,0,0,0.56952,0.00198497,0.000661656,0.00198497,0.000661656,0.00198497,0.000661656,0.00198497,0.000661656
320,30738.6,0.98322,0.48463,0.8265,0,0,0,0,0,0,0.0773,0.00317,0.00108,0,0,0,0,0,0,0,0,0,0,0,0,0,0,0.65494,0.26383,0,0,0.49094,0.04769,0.50052,0.49072,0.86161,0.80257,0.84103,0.56937,1.10487,0.50878,0.84597,0,0,0,0,0,0,0,0,0,0,0,0,0,0,0,0,0,0,0,0,0,0,0,0,0,0,0,0,0,0,0,0.56937,0.00197943,0.000659811,0.00197943,0.000659811,0.00197943,0.000659811,0.00197943,0.000659811
321,30832.5,0.96843,0.47913,0.82579,0,0,0,0,0,0,0.07763,0.0031,0.00119,0,0,0,0,0,0,0,0,0,0,0,0,0,0,0.65786,0.26078,0,0,0.49087,0.04766,0.5017,0.49066,0.86326,0.80226,0.84147,0.56963,1.10506,0.50919,0.84597,0,0,0,0,0,0,0,0,0,0,0,0,0,0,0,0,0,0,0,0,0,0,0,0,0,0,0,0,0,0,0,0.56963,0.00197389,0.000657963,0.00197389,0.000657963,0.00197389,0.000657963,0.00197389,0.000657963
322,30928.1,0.97951,0.48341,0.82495,0,0,0,0,0,0,0.07878,0.00301,0.00126,6e-05,0,0,0,0,0,0,0,0,0,0,0,0,0,0.6697,0.25889,0,0,0.49092,0.0477,0.50115,0.49069,0.8641,0.80237,0.84233,0.56978,1.10491,0.50943,0.84597,0,0,0,0,0,0,0,0,0,0,0,0,0,0,0,0,0,0,0,0,0,0,0,0,0,0,0,0,0,0,0,0.56978,0.00196834,0.000656114,0.00196834,0.000656114,0.00196834,0.000656114,0.00196834,0.000656114
323,31022.8,0.97201,0.48149,0.82609,0,0,0,0,0,0,0.08195,0.00294,0.0017,1e-05,0,0,0,0,0,0,0,0,0,0,0,0,0,0.68882,0.25443,0,0,0.49087,0.04768,0.50092,0.49066,0.8623,0.80298,0.84154,0.57005,1.10486,0.50901,0.84601,0,0,0,0,0,0,0,0,0,0,0,0,0,0,0,0,0,0,0,0,0,0,0,0,0,0,0,0,0,0,0,0.57005,0.00196278,0.000654261,0.00196278,0.000654261,0.00196278,0.000654261,0.00196278,0.000654261
324,31118.7,0.97373,0.48134,0.82607,0,0,0,0,0,0,0.07836,0.00353,0.00192,0,0,0,0,0,0,0,0,0,0,0,0,0,0,0.69364,0.24623,0,0,0.4909,0.0477,0.49981,0.49068,0.86255,0.80355,0.84213,0.56982,1.10519,0.50903,0.84596,0,0,0,0,0,0,0,0,0,0,0,0,0,0,0,0,0,0,0,0,0,0,0,0,0,0,0,0,0,0,0,0.56982,0.00195722,0.000652407,0.00195722,0.000652407,0.00195722,0.000652407,0.00195722,0.000652407
325,31214.1,0.97152,0.4785,0.82576,0,0,0,0,0,0,0.0786,0.00991,0.00154,0,0,0,0,0,0,0,0,0,0,0,0,0,0,0.66634,0.23852,0,0,0.49093,0.04769,0.50026,0.4907,0.86322,0.8033,0.84225,0.57012,1.10503,0.50888,0.84586,0,0,0,0,0,0,0,0,0,0,0,0,0,0,0,0,0,0,0,0,0,0,0,0,0,0,0,0,0,0,0,0.57012,0.00195165,0.00065055,0.00195165,0.00065055,0.00195165,0.00065055,0.00195165,0.00065055
326,31308.4,0.97355,0.48004,0.82561,0,0,0,0,0,0,0.07877,0.01237,0.00132,0,0,0,0,0,0,0,0,0,0,0,0,0,0,0.67993,0.24453,0,0,0.49094,0.04772,0.5006,0.49072,0.86227,0.80339,0.84204,0.56967,1.10564,0.50904,0.84593,0,0,0,0,0,0,0,0,0,0,0,0,0,0,0,0,0,0,0,0,0,0,0,0,0,0,0,0,0,0,0,0.56967,0.00194607,0.000648691,0.00194607,0.000648691,0.00194607,0.000648691,0.00194607,0.000648691
327,31404.8,0.97227,0.47939,0.8264,0,0,0,0,0,0,0.07902,0.01286,0.00122,0,0,0,0,0,0,0,0,0,0,0,0,0,0,0.69387,0.24911,0,0,0.49093,0.04767,0.50033,0.4907,0.86219,0.80301,0.84166,0.56988,1.10583,0.50905,0.84596,0,0,0,0,0,0,0,0,0,0,0,0,0,0,0,0,0,0,0,0,0,0,0,0,0,0,0,0,0,0,0,0.56988,0.00194049,0.00064683,0.00194049,0.00064683,0.00194049,0.00064683,0.00194049,0.00064683
328,31498.5,0.974,0.48163,0.82689,0,0,0,0,0,0,0.07707,0.01299,0.00141,0,0,0,0,0,0,0,0,0,0,0,0,0,0,0.68599,0.24671,0,0,0.49096,0.04771,0.50107,0.49075,0.86211,0.80333,0.84147,0.5696,1.10617,0.50917,0.846,0,0,0,0,0,0,0,0,0,0,0,0,0,0,0,0,0,0,0,0,0,0,0,0,0,0,0,0,0,0,0,0.5696,0.0019349,0.000644966,0.0019349,0.000644966,0.0019349,0.000644966,0.0019349,0.000644966
329,31593,0.96871,0.4797,0.82436,0,0,0,0,0,0,0.07656,0.01281,0.00124,0,0,0,0,0,0,0,0,0,0,0,0,0,0,0.66964,0.24548,0,0,0.49096,0.04765,0.50067,0.49073,0.86301,0.8019,0.84157,0.56994,1.10656,0.50893,0.84596,0,0,0,0,0,0,0,0,0,0,0,0,0,0,0,0,0,0,0,0,0,0,0,0,0,0,0,0,0,0,0,0.56994,0.0019293,0.000643101,0.0019293,0.000643101,0.0019293,0.000643101,0.0019293,0.000643101
330,31688.2,0.97075,0.47797,0.82516,0,0,0,0,0,0,0.08119,0.01269,0.00142,0,0,0,0,0,0,0,0,0,0,0,0,0,0,0.6991,0.23683,0,0,0.49097,0.04766,0.50058,0.49075,0.86248,0.8031,0.84154,0.56957,1.10736,0.50894,0.84602,0,0,0,0,0,0,0,0,0,0,0,0,0,0,0,0,0,0,0,0,0,0,0,0,0,0,0,0,0,0,0,0.56957,0.0019237,0.000641233,0.0019237,0.000641233,0.0019237,0.000641233,0.0019237,0.000641233
331,31783,0.97406,0.47895,0.82509,0,0,0,0,0,0,0.07735,0.01288,0.00122,0,0,0,0,0,0,0,0,0,0,0,0,0,0,0.68984,0.23506,0,0,0.49091,0.04767,0.50169,0.49067,0.86352,0.80324,0.84211,0.56962,1.1067,0.509,0.84598,0,0,0,0,0,0,0,0,0,0,0,0,0,0,0,0,0,0,0,0,0,0,0,0,0,0,0,0,0,0,0,0.56962,0.00191809,0.000639363,0.00191809,0.000639363,0.00191809,0.000639363,0.00191809,0.000639363
332,31877.5,0.97043,0.47836,0.82623,0,0,0,0,0,0,0.07781,0.01297,0.00114,0,0,0,0,0,0,0,0,0,0,0,0,0,0,0.68584,0.25057,0,0,0.49091,0.0477,0.50061,0.49068,0.86376,0.80345,0.84224,0.56952,1.10637,0.50891,0.84598,0,0,0,0,0,0,0,0,0,0,0,0,0,0,0,0,0,0,0,0,0,0,0,0,0,0,0,0,0,0,0,0.56952,0.00191247,0.000637491,0.00191247,0.000637491,0.00191247,0.000637491,0.00191247,0.000637491
333,31972,0.96984,0.48059,0.82681,0,0,0,0,0,0,0.07651,0.00714,0.0011,0,0,0,0,0,0,0,0,0,0,0,0,0,0,0.66933,0.25006,0,0,0.49086,0.0477,0.50143,0.49063,0.86393,0.80321,0.84237,0.56957,1.10674,0.50877,0.84601,0,0,0,0,0,0,0,0,0,0,0,0,0,0,0,0,0,0,0,0,0,0,0,0,0,0,0,0,0,0,0,0.56957,0.00190685,0.000635617,0.00190685,0.000635617,0.00190685,0.000635617,0.00190685,0.000635617
334,32067.1,0.96955,0.47927,0.82378,0,0,0,0,0,0,0.0783,0.00303,0.00147,3e-05,0,0,0,0,0,0,0,0,0,0,0,0,0,0.68098,0.24178,0,0,0.49088,0.04764,0.50082,0.49065,0.86671,0.80169,0.84239,0.56994,1.10656,0.50826,0.84601,0,0,0,0,0,0,0,0,0,0,0,0,0,0,0,0,0,0,0,0,0,0,0,0,0,0,0,0,0,0,0,0.56994,0.00190122,0.000633741,0.00190122,0.000633741,0.00190122,0.000633741,0.00190122,0.000633741
335,32162.3,0.97016,0.47814,0.82607,0,0,0,0,0,0,0.07753,0.00772,0.00105,0,0,0,0,0,0,0,0,0,0,0,0,0,0,0.67511,0.25051,0,0,0.49098,0.04772,0.5015,0.49076,0.86736,0.80029,0.84183,0.56976,1.10649,0.50788,0.84604,0,0,0,0,0,0,0,0,0,0,0,0,0,0,0,0,0,0,0,0,0,0,0,0,0,0,0,0,0,0,0,0.56976,0.00189559,0.000631863,0.00189559,0.000631863,0.00189559,0.000631863,0.00189559,0.000631863
336,32256.4,0.97113,0.47921,0.82573,0,0,0,0,0,0,0.07563,0.0113,0.00103,0,0,0,0,0,0,0,0,0,0,0,0,0,0,0.66828,0.23971,0,0,0.4909,0.04767,0.50056,0.49069,0.86701,0.79939,0.84132,0.56967,1.10681,0.50838,0.84604,0,0,0,0,0,0,0,0,0,0,0,0,0,0,0,0,0,0,0,0,0,0,0,0,0,0,0,0,0,0,0,0.56967,0.00188995,0.000629983,0.00188995,0.000629983,0.00188995,0.000629983,0.00188995,0.000629983
337,32350.7,0.96756,0.47688,0.82691,0,0,0,0,0,0,0.07698,0.01128,0.00153,0,0,0,0,0,0,0,0,0,0,0,0,0,0,0.68421,0.23035,0,0,0.49092,0.04771,0.50157,0.49068,0.86793,0.79938,0.84141,0.56988,1.10637,0.50832,0.84597,0,0,0,0,0,0,0,0,0,0,0,0,0,0,0,0,0,0,0,0,0,0,0,0,0,0,0,0,0,0,0,0.56988,0.0018843,0.000628101,0.0018843,0.000628101,0.0018843,0.000628101,0.0018843,0.000628101
338,32445.2,0.97062,0.4777,0.82574,0,0,0,0,0,0,0.08215,0.01121,0.00161,0.00018,0,0,0,0,0,0,0,0,0,0,0,0,0,0.67383,0.22424,0,0,0.49093,0.04771,0.50044,0.49071,0.86752,0.79974,0.84137,0.57023,1.10579,0.5083,0.84603,0,0,0,0,0,0,0,0,0,0,0,0,0,0,0,0,0,0,0,0,0,0,0,0,0,0,0,0,0,0,0,0.57023,0.00187865,0.000626218,0.00187865,0.000626218,0.00187865,0.000626218,0.00187865,0.000626218
339,32539.9,0.96965,0.47746,0.82464,0,0,0,0,0,0,0.07511,0.01117,0.0016,0,0,0,0,0,0,0,0,0,0,0,0,0,0,0.67921,0.22607,0,0,0.49091,0.0477,0.50209,0.49067,0.86746,0.79996,0.84114,0.57019,1.1062,0.50839,0.84611,0,0,0,0,0,0,0,0,0,0,0,0,0,0,0,0,0,0,0,0,0,0,0,0,0,0,0,0,0,0,0,0.57019,0.001873,0.000624332,0.001873,0.000624332,0.001873,0.000624332,0.001873,0.000624332
340,32634.8,0.9696,0.48012,0.82518,0,0,0,0,0,0,0.08208,0.01167,0.00272,0.00014,0,0,0,0,0,0,0,0,0,0,0,0,0,0.67495,0.22228,0,0,0.49096,0.04771,0.50127,0.49075,0.86568,0.80038,0.84124,0.57053,1.10579,0.50827,0.84602,0,0,0,0,0,0,0,0,0,0,0,0,0,0,0,0,0,0,0,0,0,0,0,0,0,0,0,0,0,0,0,0.57053,0.00186733,0.000622445,0.00186733,0.000622445,0.00186733,0.000622445,0.00186733,0.000622445
341,32729.3,0.96803,0.47805,0.82505,0,0,0,0,0,0,0.07814,0.01849,0.00128,0,0,0,0,0,0,0,0,0,0,0,0,0,0,0.68419,0.22937,0,0,0.4909,0.04771,0.50198,0.49067,0.86708,0.79989,0.84169,0.57039,1.10598,0.50811,0.84606,0,0,0,0,0,0,0,0,0,0,0,0,0,0,0,0,0,0,0,0,0,0,0,0,0,0,0,0,0,0,0,0.57039,0.00186167,0.000620555,0.00186167,0.000620555,0.00186167,0.000620555,0.00186167,0.000620555
342,32823.2,0.96844,0.48136,0.82432,0,0,0,0,0,0,0.07536,0.02169,0.00159,0,0,0,0,0,0,0,0,0,0,0,0,0,0,0.69552,0.23615,0,0,0.49093,0.04768,0.50156,0.49068,0.86596,0.80047,0.84179,0.57075,1.1054,0.50803,0.84609,0,0,0,0,0,0,0,0,0,0,0,0,0,0,0,0,0,0,0,0,0,0,0,0,0,0,0,0,0,0,0,0.57075,0.00185599,0.000618664,0.00185599,0.000618664,0.00185599,0.000618664,0.00185599,0.000618664
343,32917.7,0.96544,0.47741,0.82412,0,0,0,0,0,0,0.07669,0.02198,0.00145,2e-05,0,0,0,0,0,0,0,0,0,0,0,0,0,0.68485,0.21891,0,0,0.49092,0.04773,0.50078,0.49068,0.86558,0.79976,0.84096,0.57067,1.10552,0.50819,0.84614,0,0,0,0,0,0,0,0,0,0,0,0,0,0,0,0,0,0,0,0,0,0,0,0,0,0,0,0,0,0,0,0.57067,0.00185031,0.000616772,0.00185031,0.000616772,0.00185031,0.000616772,0.00185031,0.000616772
344,33012.1,0.97165,0.48204,0.82536,0,0,0,0,0,0,0.07779,0.0223,0.00166,0,0,0,0,0,0,0,0,0,0,0,0,0,0,0.69974,0.23507,0,0,0.49093,0.04771,0.50098,0.49069,0.86586,0.80001,0.84132,0.57043,1.10616,0.50837,0.84624,0,0,0,0,0,0,0,0,0,0,0,0,0,0,0,0,0,0,0,0,0,0,0,0,0,0,0,0,0,0,0,0.57043,0.00184463,0.000614877,0.00184463,0.000614877,0.00184463,0.000614877,0.00184463,0.000614877
345,33107.7,0.96165,0.47597,0.82444,0,0,0,0,0,0,0.07718,0.02219,0.00141,0,0,0,0,0,0,0,0,0,0,0,0,0,0,0.68935,0.23117,0,0,0.49094,0.0477,0.50229,0.49072,0.8639,0.80099,0.84173,0.57081,1.10607,0.50845,0.84625,0,0,0,0,0,0,0,0,0,0,0,0,0,0,0,0,0,0,0,0,0,0,0,0,0,0,0,0,0,0,0,0.57081,0.00183894,0.000612981,0.00183894,0.000612981,0.00183894,0.000612981,0.00183894,0.000612981
346,33204.2,0.96229,0.47662,0.82539,0,0,0,0,0,0,0.07843,0.02216,0.00133,0,0,0,0,0,0,0,0,0,0,0,0,0,0,0.68209,0.22827,0,0,0.49092,0.0476,0.50184,0.49069,0.86626,0.79975,0.8409,0.57085,1.1065,0.50854,0.84628,0,0,0,0,0,0,0,0,0,0,0,0,0,0,0,0,0,0,0,0,0,0,0,0,0,0,0,0,0,0,0,0.57085,0.00183325,0.000611083,0.00183325,0.000611083,0.00183325,0.000611083,0.00183325,0.000611083
347,33299.2,0.96231,0.47801,0.82373,0,0,0,0,0,0,0.07797,0.0222,0.00121,0,0,0,0,0,0,0,0,0,0,0,0,0,0,0.67123,0.22975,0,0,0.49092,0.0477,0.50064,0.4907,0.86607,0.80063,0.84161,0.57134,1.10678,0.50833,0.84632,0,0,0,0,0,0,0,0,0,0,0,0,0,0,0,0,0,0,0,0,0,0,0,0,0,0,0,0,0,0,0,0.57134,0.00182755,0.000609184,0.00182755,0.000609184,0.00182755,0.000609184,0.00182755,0.000609184
348,33395,0.96785,0.47844,0.82347,0,0,0,0,0,0,0.07786,0.02217,0.00136,0,0,0,0,0,0,0,0,0,0,0,0,0,0,0.66781,0.23174,0,0,0.49089,0.04769,0.50127,0.49066,0.86682,0.79921,0.84086,0.5709,1.10747,0.50856,0.84637,0,0,0,0,0,0,0,0,0,0,0,0,0,0,0,0,0,0,0,0,0,0,0,0,0,0,0,0,0,0,0,0.5709,0.00182185,0.000607282,0.00182185,0.000607282,0.00182185,0.000607282,0.00182185,0.000607282
349,33490.2,0.96236,0.47579,0.82341,0,0,0,0,0,0,0.07609,0.01611,0.00136,0,0,0,0,0,0,0,0,0,0,0,0,0,0,0.66246,0.22986,0,0,0.49091,0.04768,0.50123,0.4907,0.86712,0.79895,0.84105,0.57054,1.10743,0.50863,0.84636,0,0,0,0,0,0,0,0,0,0,0,0,0,0,0,0,0,0,0,0,0,0,0,0,0,0,0,0,0,0,0,0.57054,0.00181614,0.00060538,0.00181614,0.00060538,0.00181614,0.00060538,0.00181614,0.00060538
350,33584.7,0.96674,0.47738,0.82393,0,0,0,0,0,0,0.07767,0.0114,0.00121,0,0,0,0,0,0,0,0,0,0,0,0,0,0,0.65859,0.23081,0,0,0.49093,0.0477,0.50186,0.4907,0.86594,0.80006,0.84158,0.57028,1.10737,0.50886,0.8464,0,0,0,0,0,0,0,0,0,0,0,0,0,0,0,0,0,0,0,0,0,0,0,0,0,0,0,0,0,0,0,0.57028,0.00181043,0.000603475,0.00181043,0.000603475,0.00181043,0.000603475,0.00181043,0.000603475
351,33678.4,0.96681,0.47739,0.82401,0,0,0,0,0,0,0.07542,0.01147,0.00127,0,0,0,0,0,0,0,0,0,0,0,0,0,0,0.67508,0.24559,0,0,0.49095,0.04766,0.50123,0.49073,0.86847,0.79872,0.84128,0.5704,1.10745,0.50855,0.8464,0,0,0,0,0,0,0,0,0,0,0,0,0,0,0,0,0,0,0,0,0,0,0,0,0,0,0,0,0,0,0,0.5704,0.00180471,0.00060157,0.00180471,0.00060157,0.00180471,0.00060157,0.00180471,0.00060157
352,33773.8,0.96211,0.47587,0.8238,0,0,0,0,0,0,0.07654,0.01142,0.00154,0,0,0,0,0,0,0,0,0,0,0,0,0,0,0.69725,0.25409,0,0,0.49091,0.04772,0.50149,0.49066,0.86766,0.79904,0.84109,0.57035,1.10739,0.50862,0.84636,0,0,0,0,0,0,0,0,0,0,0,0,0,0,0,0,0,0,0,0,0,0,0,0,0,0,0,0,0,0,0,0.57035,0.00179899,0.000599662,0.00179899,0.000599662,0.00179899,0.000599662,0.00179899,0.000599662
353,33868,0.96237,0.47542,0.82434,0,0,0,0,0,0,0.08002,0.01145,0.0019,0,0,0,0,0,0,0,0,0,0,0,0,0,0,0.70268,0.23791,0,0,0.49089,0.04772,0.4994,0.49067,0.86769,0.79872,0.84125,0.57013,1.10837,0.5086,0.84645,0,0,0,0,0,0,0,0,0,0,0,0,0,0,0,0,0,0,0,0,0,0,0,0,0,0,0,0,0,0,0,0.57013,0.00179326,0.000597754,0.00179326,0.000597754,0.00179326,0.000597754,0.00179326,0.000597754
354,33962.8,0.96187,0.47575,0.82533,0,0,0,0,0,0,0.08304,0.01156,0.00192,0,0,0,0,0,0,0,0,0,0,0,0,0,0,0.70184,0.24215,0,0,0.49092,0.04766,0.50057,0.49069,0.86793,0.79878,0.84129,0.57023,1.10837,0.50865,0.84645,0,0,0,0,0,0,0,0,0,0,0,0,0,0,0,0,0,0,0,0,0,0,0,0,0,0,0,0,0,0,0,0.57023,0.00178753,0.000595844,0.00178753,0.000595844,0.00178753,0.000595844,0.00178753,0.000595844
355,34057,0.95641,0.47298,0.82349,0,0,0,0,0,0,0.07732,0.01135,0.00119,8e-05,0,0,0,0,0,0,0,0,0,0,0,0,0,0.67616,0.23771,0,0,0.49092,0.04767,0.50053,0.4907,0.86724,0.79849,0.84094,0.57011,1.10837,0.50865,0.8464,0,0,0,0,0,0,0,0,0,0,0,0,0,0,0,0,0,0,0,0,0,0,0,0,0,0,0,0,0,0,0,0.57011,0.0017818,0.000593932,0.0017818,0.000593932,0.0017818,0.000593932,0.0017818,0.000593932
356,34151.5,0.96249,0.47255,0.82433,0,0,0,0,0,0,0.07824,0.01127,0.00169,0,0,0,0,0,0,0,0,0,0,0,0,0,0,0.72036,0.25107,0,0,0.49094,0.04772,0.50203,0.49072,0.86783,0.79794,0.84072,0.56987,1.10893,0.50889,0.84647,0,0,0,0,0,0,0,0,0,0,0,0,0,0,0,0,0,0,0,0,0,0,0,0,0,0,0,0,0,0,0,0.56987,0.00177606,0.000592019,0.00177606,0.000592019,0.00177606,0.000592019,0.00177606,0.000592019
357,34247.6,0.96024,0.4747,0.82357,0,0,0,0,0,0,0.07892,0.01125,0.00191,0,0,0,0,0,0,0,0,0,0,0,0,0,0,0.72175,0.25975,0,0,0.49089,0.04769,0.5008,0.49067,0.868,0.79776,0.84089,0.56973,1.10893,0.50889,0.84649,0,0,0,0,0,0,0,0,0,0,0,0,0,0,0,0,0,0,0,0,0,0,0,0,0,0,0,0,0,0,0,0.56973,0.00177031,0.000590105,0.00177031,0.000590105,0.00177031,0.000590105,0.00177031,0.000590105
358,34342,0.95093,0.47209,0.82296,0,0,0,0,0,0,0.07558,0.00446,0.00112,0,0,0,0,0,0,0,0,0,0,0,0,0,0,0.6949,0.25409,0,0,0.49094,0.04769,0.50093,0.49073,0.86764,0.79843,0.84095,0.56997,1.10864,0.50864,0.84648,0,0,0,0,0,0,0,0,0,0,0,0,0,0,0,0,0,0,0,0,0,0,0,0,0,0,0,0,0,0,0,0.56997,0.00176457,0.000588189,0.00176457,0.000588189,0.00176457,0.000588189,0.00176457,0.000588189
359,34436.8,0.9577,0.47247,0.82442,0,0,0,0,0,0,0.07794,0.00302,0.00129,0,0,0,0,0,0,0,0,0,0,0,0,0,0,0.69349,0.24645,0,0,0.49093,0.04773,0.50151,0.49069,0.86894,0.79801,0.84099,0.57024,1.10856,0.50864,0.8465,0,0,0,0,0,0,0,0,0,0,0,0,0,0,0,0,0,0,0,0,0,0,0,0,0,0,0,0,0,0,0,0.57024,0.00175882,0.000586272,0.00175882,0.000586272,0.00175882,0.000586272,0.00175882,0.000586272
360,34532,0.96419,0.4743,0.82282,0,0,0,0,0,0,0.07484,0.00286,0.00159,0,0,0,0,0,0,0,0,0,0,0,0,0,0,0.68502,0.2397,0,0,0.49091,0.04768,0.5013,0.49068,0.86769,0.79925,0.84157,0.56994,1.10792,0.5086,0.84644,0,0,0,0,0,0,0,0,0,0,0,0,0,0,0,0,0,0,0,0,0,0,0,0,0,0,0,0,0,0,0,0.56994,0.00175306,0.000584354,0.00175306,0.000584354,0.00175306,0.000584354,0.00175306,0.000584354
361,34627,0.95532,0.47271,0.82416,0,0,0,0,0,0,0.07721,0.00281,0.00132,1e-05,0,0,0,0,0,0,0,0,0,0,0,0,0,0.68578,0.24383,0,0,0.49092,0.04769,0.50177,0.49069,0.86865,0.79932,0.84132,0.57065,1.10689,0.50826,0.84634,0,0,0,0,0,0,0,0,0,0,0,0,0,0,0,0,0,0,0,0,0,0,0,0,0,0,0,0,0,0,0,0.57065,0.00174731,0.000582435,0.00174731,0.000582435,0.00174731,0.000582435,0.00174731,0.000582435
362,34722,0.96076,0.47317,0.82423,0,0,0,0,0,0,0.0814,0.00274,0.00139,0,0,0,0,0,0,0,0,0,0,0,0,0,0,0.66871,0.23548,0,0,0.49088,0.04768,0.5018,0.49065,0.86803,0.79959,0.84157,0.57061,1.10653,0.50789,0.84627,0,0,0,0,0,0,0,0,0,0,0,0,0,0,0,0,0,0,0,0,0,0,0,0,0,0,0,0,0,0,0,0.57061,0.00174154,0.000580515,0.00174154,0.000580515,0.00174154,0.000580515,0.00174154,0.000580515
363,34816.1,0.95938,0.47045,0.82393,0,0,0,0,0,0,0.07588,0.00273,0.00116,0,0,0,0,0,0,0,0,0,0,0,0,0,0,0.6377,0.22611,0,0,0.49092,0.04766,0.5019,0.49067,0.8684,0.80032,0.84201,0.57087,1.10589,0.50776,0.84616,0,0,0,0,0,0,0,0,0,0,0,0,0,0,0,0,0,0,0,0,0,0,0,0,0,0,0,0,0,0,0,0.57087,0.00173578,0.000578593,0.00173578,0.000578593,0.00173578,0.000578593,0.00173578,0.000578593
364,34912.2,0.95722,0.47291,0.82335,0,0,0,0,0,0,0.07659,0.00269,0.00125,0,0,0,0,0,0,0,0,0,0,0,0,0,0,0.6445,0.24145,0,0,0.49093,0.04774,0.50175,0.49069,0.86942,0.80006,0.84197,0.571,1.10587,0.50795,0.8461,0,0,0,0,0,0,0,0,0,0,0,0,0,0,0,0,0,0,0,0,0,0,0,0,0,0,0,0,0,0,0,0.571,0.00173001,0.00057667,0.00173001,0.00057667,0.00173001,0.00057667,0.00173001,0.00057667
365,35008.3,0.95626,0.47212,0.82389,0,0,0,0,0,0,0.07504,0.00264,0.0012,0,0,0,0,0,0,0,0,0,0,0,0,0,0,0.66209,0.25281,0,0,0.49091,0.0477,0.50107,0.49069,0.868,0.80024,0.84189,0.57105,1.10578,0.50753,0.84611,0,0,0,0,0,0,0,0,0,0,0,0,0,0,0,0,0,0,0,0,0,0,0,0,0,0,0,0,0,0,0,0.57105,0.00172424,0.000574746,0.00172424,0.000574746,0.00172424,0.000574746,0.00172424,0.000574746
366,35103.5,0.962,0.47364,0.82311,0,0,0,0,0,0,0.07498,0.0026,0.00109,0,0,0,0,0,0,0,0,0,0,0,0,0,0,0.65092,0.25867,0,0,0.49092,0.04763,0.50019,0.49071,0.86842,0.79936,0.84168,0.57058,1.10653,0.5078,0.84624,0,0,0,0,0,0,0,0,0,0,0,0,0,0,0,0,0,0,0,0,0,0,0,0,0,0,0,0,0,0,0,0.57058,0.00171846,0.000572821,0.00171846,0.000572821,0.00171846,0.000572821,0.00171846,0.000572821
367,35198.5,0.94793,0.46916,0.82284,0,0,0,0,0,0,0.07415,0.0026,0.00091,0,0,0,0,0,0,0,0,0,0,0,0,0,0,0.65947,0.26222,0,0,0.49096,0.04768,0.50104,0.49073,0.87053,0.79956,0.8428,0.57061,1.10738,0.50816,0.84625,0,0,0,0,0,0,0,0,0,0,0,0,0,0,0,0,0,0,0,0,0,0,0,0,0,0,0,0,0,0,0,0.57061,0.00171269,0.000570895,0.00171269,0.000570895,0.00171269,0.000570895,0.00171269,0.000570895
368,35294.5,0.95425,0.47183,0.82333,0,0,0,0,0,0,0.07382,0.0026,0.00089,0,0,0,0,0,0,0,0,0,0,0,0,0,0,0.65714,0.25702,0,0,0.49091,0.04763,0.50132,0.49068,0.86978,0.79962,0.84264,0.5709,1.10781,0.50844,0.84622,0,0,0,0,0,0,0,0,0,0,0,0,0,0,0,0,0,0,0,0,0,0,0,0,0,0,0,0,0,0,0,0.5709,0.0017069,0.000568968,0.0017069,0.000568968,0.0017069,0.000568968,0.0017069,0.000568968
369,35388.9,0.94859,0.46867,0.82217,0,0,0,0,0,0,0.0743,0.0026,0.0008,8e-05,0,0,0,0,0,0,0,0,0,0,0,0,0,0.66529,0.25653,0,0,0.49088,0.04768,0.50048,0.49065,0.8686,0.80027,0.84265,0.57051,1.10808,0.50848,0.84631,0,0,0,0,0,0,0,0,0,0,0,0,0,0,0,0,0,0,0,0,0,0,0,0,0,0,0,0,0,0,0,0.57051,0.00170112,0.00056704,0.00170112,0.00056704,0.00170112,0.00056704,0.00170112,0.00056704
370,35483.8,0.95172,0.46912,0.82294,0,0,0,0,0,0,0.07467,0.00259,0.00084,9e-05,0,0,0,0,0,0,0,0,0,0,0,0,0,0.65864,0.24403,0,0,0.4909,0.04768,0.50079,0.49069,0.86997,0.79961,0.84229,0.57048,1.10815,0.50815,0.84638,0,0,0,0,0,0,0,0,0,0,0,0,0,0,0,0,0,0,0,0,0,0,0,0,0,0,0,0,0,0,0,0.57048,0.00169533,0.000565111,0.00169533,0.000565111,0.00169533,0.000565111,0.00169533,0.000565111
371,35577.8,0.95143,0.47276,0.8234,0,0,0,0,0,0,0.07498,0.00257,0.00074,3e-05,0,0,0,0,0,0,0,0,0,0,0,0,0,0.64411,0.23321,0,0,0.49091,0.04776,0.50106,0.49069,0.86995,0.80084,0.8426,0.57061,1.10813,0.5084,0.84625,0,0,0,0,0,0,0,0,0,0,0,0,0,0,0,0,0,0,0,0,0,0,0,0,0,0,0,0,0,0,0,0.57061,0.00168954,0.000563181,0.00168954,0.000563181,0.00168954,0.000563181,0.00168954,0.000563181
372,35672,0.94831,0.46891,0.82349,0,0,0,0,0,0,0.07392,0.00257,0.00074,0,0,0,0,0,0,0,0,0,0,0,0,0,0,0.66484,0.23603,0,0,0.4909,0.04771,0.50102,0.49068,0.87127,0.79991,0.84246,0.57055,1.10807,0.50802,0.84627,0,0,0,0,0,0,0,0,0,0,0,0,0,0,0,0,0,0,0,0,0,0,0,0,0,0,0,0,0,0,0,0.57055,0.00168375,0.00056125,0.00168375,0.00056125,0.00168375,0.00056125,0.00168375,0.00056125
373,35767.2,0.95496,0.4704,0.82337,0,0,0,0,0,0,0.07425,0.00256,0.00085,0,0,0,0,0,0,0,0,0,0,0,0,0,0,0.66748,0.24102,0,0,0.49092,0.04772,0.50131,0.4907,0.8693,0.79997,0.84238,0.57067,1.10765,0.50816,0.84626,0,0,0,0,0,0,0,0,0,0,0,0,0,0,0,0,0,0,0,0,0,0,0,0,0,0,0,0,0,0,0,0.57067,0.00167796,0.000559318,0.00167796,0.000559318,0.00167796,0.000559318,0.00167796,0.000559318
374,35863.6,0.94775,0.46845,0.82381,0,0,0,0,0,0,0.07629,0.00258,0.00083,0,0,0,0,0,0,0,0,0,0,0,0,0,0,0.65342,0.23912,0,0,0.49092,0.04771,0.50137,0.49069,0.8689,0.79921,0.84194,0.57038,1.10807,0.50795,0.84633,0,0,0,0,0,0,0,0,0,0,0,0,0,0,0,0,0,0,0,0,0,0,0,0,0,0,0,0,0,0,0,0.57038,0.00167216,0.000557386,0.00167216,0.000557386,0.00167216,0.000557386,0.00167216,0.000557386
375,35958.5,0.94902,0.46638,0.82033,0,0,0,0,0,0,0.07892,0.00258,0.00084,0,0,0,0,0,0,0,0,0,0,0,0,0,0,0.66945,0.23007,0,0,0.49093,0.0477,0.50161,0.4907,0.8693,0.79947,0.84226,0.57106,1.10803,0.50788,0.84632,0,0,0,0,0,0,0,0,0,0,0,0,0,0,0,0,0,0,0,0,0,0,0,0,0,0,0,0,0,0,0,0.57106,0.00166636,0.000555453,0.00166636,0.000555453,0.00166636,0.000555453,0.00166636,0.000555453
376,36053.2,0.95038,0.4708,0.82072,0,0,0,0,0,0,0.07386,0.00256,0.00084,1e-05,0,0,0,0,0,0,0,0,0,0,0,0,0,0.6819,0.22435,0,0,0.49089,0.04765,0.50127,0.49067,0.8667,0.79953,0.84182,0.57102,1.10818,0.50829,0.84631,0,0,0,0,0,0,0,0,0,0,0,0,0,0,0,0,0,0,0,0,0,0,0,0,0,0,0,0,0,0,0,0.57102,0.00166056,0.000553518,0.00166056,0.000553518,0.00166056,0.000553518,0.00166056,0.000553518
377,36150.1,0.94673,0.46806,0.82485,0,0,0,0,0,0,0.07604,0.00254,0.00146,0,0,0,0,0,0,0,0,0,0,0,0,0,0,0.68641,0.2157,0,0,0.49094,0.0477,0.50005,0.49071,0.86769,0.80001,0.84231,0.57091,1.10796,0.50798,0.84621,0,0,0,0,0,0,0,0,0,0,0,0,0,0,0,0,0,0,0,0,0,0,0,0,0,0,0,0,0,0,0,0.57091,0.00165475,0.000551584,0.00165475,0.000551584,0.00165475,0.000551584,0.00165475,0.000551584
378,36246.2,0.95349,0.46984,0.82167,0,0,0,0,0,0,0.07393,0.00253,0.00158,0,0,0,0,0,0,0,0,0,0,0,0,0,0,0.67735,0.20164,0,0,0.49089,0.04769,0.50093,0.49067,0.86692,0.79904,0.84124,0.57084,1.10812,0.50854,0.84628,0,0,0,0,0,0,0,0,0,0,0,0,0,0,0,0,0,0,0,0,0,0,0,0,0,0,0,0,0,0,0,0.57084,0.00164894,0.000549648,0.00164894,0.000549648,0.00164894,0.000549648,0.00164894,0.000549648
379,36340.7,0.94818,0.46848,0.82428,0,0,0,0,0,0,0.07471,0.0025,0.00082,0,0,0,0,0,0,0,0,0,0,0,0,0,0,0.67069,0.21011,0,0,0.49091,0.04765,0.5002,0.49067,0.86562,0.80035,0.84148,0.57127,1.10824,0.50871,0.84622,0,0,0,0,0,0,0,0,0,0,0,0,0,0,0,0,0,0,0,0,0,0,0,0,0,0,0,0,0,0,0,0.57127,0.00164314,0.000547712,0.00164314,0.000547712,0.00164314,0.000547712,0.00164314,0.000547712
380,36434.3,0.94808,0.46607,0.82234,0,0,0,0,0,0,0.07451,0.00249,0.00089,0,0,0,0,0,0,0,0,0,0,0,0,0,0,0.64432,0.20629,0,0,0.49091,0.0477,0.5014,0.49068,0.86574,0.79923,0.84137,0.57089,1.10901,0.5087,0.84632,0,0,0,0,0,0,0,0,0,0,0,0,0,0,0,0,0,0,0,0,0,0,0,0,0,0,0,0,0,0,0,0.57089,0.00163732,0.000545775,0.00163732,0.000545775,0.00163732,0.000545775,0.00163732,0.000545775
381,36529.1,0.94486,0.46551,0.82204,0,0,0,0,0,0,0.07541,0.00248,0.00097,0,0,0,0,0,0,0,0,0,0,0,0,0,0,0.65488,0.20319,0,0,0.4909,0.04769,0.50106,0.49068,0.86531,0.7995,0.84145,0.57074,1.10874,0.50858,0.84635,0,0,0,0,0,0,0,0,0,0,0,0,0,0,0,0,0,0,0,0,0,0,0,0,0,0,0,0,0,0,0,0.57074,0.00163151,0.000543837,0.00163151,0.000543837,0.00163151,0.000543837,0.00163151,0.000543837
382,36623.9,0.94804,0.4672,0.82279,0,0,0,0,0,0,0.07819,0.0025,0.00131,0,0,0,0,0,0,0,0,0,0,0,0,0,0,0.66444,0.21168,0,0,0.49094,0.04767,0.50077,0.49073,0.86463,0.79888,0.84126,0.5705,1.10912,0.50911,0.84633,0,0,0,0,0,0,0,0,0,0,0,0,0,0,0,0,0,0,0,0,0,0,0,0,0,0,0,0,0,0,0,0.5705,0.0016257,0.000541899,0.0016257,0.000541899,0.0016257,0.000541899,0.0016257,0.000541899
383,36721,0.94942,0.46689,0.82078,0,0,0,0,0,0,0.07629,0.00247,0.0015,0,0,0,0,0,0,0,0,0,0,0,0,0,0,0.66141,0.21463,0,0,0.49087,0.04768,0.50053,0.49063,0.86421,0.7996,0.841,0.57074,1.10887,0.5088,0.84635,0,0,0,0,0,0,0,0,0,0,0,0,0,0,0,0,0,0,0,0,0,0,0,0,0,0,0,0,0,0,0,0.57074,0.00161988,0.00053996,0.00161988,0.00053996,0.00161988,0.00053996,0.00161988,0.00053996
384,36814.5,0.94818,0.4688,0.82286,0,0,0,0,0,0,0.07446,0.00245,0.0008,0,0,0,0,0,0,0,0,0,0,0,0,0,0,0.64886,0.22484,0,0,0.49093,0.04768,0.50128,0.49072,0.86572,0.79922,0.84146,0.57062,1.10881,0.50891,0.8463,0,0,0,0,0,0,0,0,0,0,0,0,0,0,0,0,0,0,0,0,0,0,0,0,0,0,0,0,0,0,0,0.57062,0.00161406,0.000538021,0.00161406,0.000538021,0.00161406,0.000538021,0.00161406,0.000538021
385,36909.8,0.947,0.46876,0.81963,0,0,0,0,0,0,0.07281,0.00247,0.00072,1e-05,0,0,0,0,0,0,0,0,0,0,0,0,0,0.64062,0.22103,0,0,0.49087,0.04765,0.50107,0.49064,0.8632,0.80096,0.84114,0.57052,1.1089,0.50897,0.84629,0,0,0,0,0,0,0,0,0,0,0,0,0,0,0,0,0,0,0,0,0,0,0,0,0,0,0,0,0,0,0,0.57052,0.00160824,0.000536081,0.00160824,0.000536081,0.00160824,0.000536081,0.00160824,0.000536081
386,37005.1,0.94566,0.46843,0.82049,0,0,0,0,0,0,0.0793,0.00245,0.00092,0,0,0,0,0,0,0,0,0,0,0,0,0,0,0.67127,0.21418,0,0,0.49086,0.04769,0.50144,0.49062,0.86394,0.80071,0.84071,0.57051,1.10858,0.50901,0.84623,0,0,0,0,0,0,0,0,0,0,0,0,0,0,0,0,0,0,0,0,0,0,0,0,0,0,0,0,0,0,0,0.57051,0.00160242,0.000534141,0.00160242,0.000534141,0.00160242,0.000534141,0.00160242,0.000534141
387,37100.9,0.9492,0.46862,0.82342,0,0,0,0,0,0,0.0805,0.00244,0.00186,0,0,0,0,0,0,0,0,0,0,0,0,0,0,0.6725,0.19766,0,0,0.49089,0.04767,0.50005,0.49067,0.86415,0.80014,0.84065,0.57088,1.10857,0.50914,0.84626,0,0,0,0,0,0,0,0,0,0,0,0,0,0,0,0,0,0,0,0,0,0,0,0,0,0,0,0,0,0,0,0.57088,0.0015966,0.0005322,0.0015966,0.0005322,0.0015966,0.0005322,0.0015966,0.0005322
388,37196.6,0.94178,0.46641,0.82346,0,0,0,0,0,0,0.07879,0.00585,0.00229,3e-05,0,0,0,0,0,0,0,0,0,0,0,0,0,0.70077,0.21392,0,0,0.49096,0.04772,0.50104,0.49074,0.86177,0.80149,0.84042,0.5706,1.10922,0.50915,0.84636,0,0,0,0,0,0,0,0,0,0,0,0,0,0,0,0,0,0,0,0,0,0,0,0,0,0,0,0,0,0,0,0.5706,0.00159078,0.000530259,0.00159078,0.000530259,0.00159078,0.000530259,0.00159078,0.000530259
389,37292.5,0.95105,0.4708,0.8223,0,0,0,0,0,0,0.07709,0.01388,0.00143,0,0,0,0,0,0,0,0,0,0,0,0,0,0,0.67072,0.21086,0,0,0.49094,0.04769,0.49938,0.49074,0.863,0.80075,0.84042,0.57018,1.10951,0.50938,0.84636,0,0,0,0,0,0,0,0,0,0,0,0,0,0,0,0,0,0,0,0,0,0,0,0,0,0,0,0,0,0,0,0.57018,0.00158495,0.000528318,0.00158495,0.000528318,0.00158495,0.000528318,0.00158495,0.000528318
390,37389,0.93969,0.46527,0.82382,0,0,0,0,0,0,0.07777,0.01464,0.00233,6e-05,0,0,0,0,0,0,0,0,0,0,0,0,0,0.69064,0.2131,0,0,0.49092,0.04776,0.49963,0.49071,0.86287,0.80103,0.84041,0.57007,1.10966,0.50938,0.84639,0,0,0,0,0,0,0,0,0,0,0,0,0,0,0,0,0,0,0,0,0,0,0,0,0,0,0,0,0,0,0,0.57007,0.00157913,0.000526376,0.00157913,0.000526376,0.00157913,0.000526376,0.00157913,0.000526376
391,37484.7,0.94364,0.46741,0.82009,0,0,0,0,0,0,0.07618,0.01583,0.00161,0,0,0,0,0,0,0,0,0,0,0,0,0,0,0.65267,0.19711,0,0,0.49096,0.04766,0.50077,0.49073,0.86392,0.80078,0.84046,0.57006,1.1099,0.50936,0.84634,0,0,0,0,0,0,0,0,0,0,0,0,0,0,0,0,0,0,0,0,0,0,0,0,0,0,0,0,0,0,0,0.57006,0.0015733,0.000524434,0.0015733,0.000524434,0.0015733,0.000524434,0.0015733,0.000524434
392,37579,0.93992,0.46636,0.82174,0,0,0,0,0,0,0.07346,0.02196,0.00093,1e-05,0,0,0,0,0,0,0,0,0,0,0,0,0,0.62932,0.19903,0,0,0.49092,0.04768,0.50204,0.49068,0.86278,0.80112,0.8405,0.57026,1.10945,0.50898,0.8463,0,0,0,0,0,0,0,0,0,0,0,0,0,0,0,0,0,0,0,0,0,0,0,0,0,0,0,0,0,0,0,0.57026,0.00156747,0.000522491,0.00156747,0.000522491,0.00156747,0.000522491,0.00156747,0.000522491
393,37674.1,0.94799,0.46725,0.82079,0,0,0,0,0,0,0.07405,0.02351,0.00119,2e-05,0,0,0,0,0,0,0,0,0,0,0,0,0,0.65973,0.20399,0,0,0.49086,0.04768,0.50068,0.49062,0.86299,0.80088,0.83971,0.57018,1.10934,0.50911,0.84629,0,0,0,0,0,0,0,0,0,0,0,0,0,0,0,0,0,0,0,0,0,0,0,0,0,0,0,0,0,0,0,0.57018,0.00156164,0.000520548,0.00156164,0.000520548,0.00156164,0.000520548,0.00156164,0.000520548
394,37768.4,0.94699,0.46746,0.82085,0,0,0,0,0,0,0.07632,0.0236,0.00097,0,0,0,0,0,0,0,0,0,0,0,0,0,0,0.66963,0.2052,0,0,0.49094,0.04764,0.50144,0.49074,0.86303,0.80083,0.84025,0.57027,1.10903,0.50928,0.84621,0,0,0,0,0,0,0,0,0,0,0,0,0,0,0,0,0,0,0,0,0,0,0,0,0,0,0,0,0,0,0,0.57027,0.00155582,0.000518605,0.00155582,0.000518605,0.00155582,0.000518605,0.00155582,0.000518605
395,37863.7,0.94293,0.46458,0.82274,0,0,0,0,0,0,0.07523,0.02365,0.00153,1e-05,0,0,0,0,0,0,0,0,0,0,0,0,0,0.72852,0.2195,0,0,0.49093,0.04767,0.50109,0.49071,0.86313,0.80083,0.84009,0.56998,1.10878,0.50902,0.84626,0,0,0,0,0,0,0,0,0,0,0,0,0,0,0,0,0,0,0,0,0,0,0,0,0,0,0,0,0,0,0,0.56998,0.00154999,0.000516662,0.00154999,0.000516662,0.00154999,0.000516662,0.00154999,0.000516662
396,37958.6,0.9398,0.46398,0.82255,0,0,0,0,0,0,0.07509,0.02362,0.00283,3e-05,0,0,0,0,0,0,0,0,0,0,0,0,0,0.79198,0.24971,0,0,0.4909,0.04769,0.50116,0.49069,0.86276,0.80034,0.8399,0.57056,1.10823,0.50872,0.84622,0,0,0,0,0,0,0,0,0,0,0,0,0,0,0,0,0,0,0,0,0,0,0,0,0,0,0,0,0,0,0,0.57056,0.00154416,0.000514719,0.00154416,0.000514719,0.00154416,0.000514719,0.00154416,0.000514719
397,38054.1,0.94935,0.46902,0.82141,0,0,0,0,0,0,0.07277,0.02466,0.00184,0,0,0,0,0,0,0,0,0,0,0,0,0,0,0.76683,0.24703,0,0,0.49096,0.04767,0.49948,0.49077,0.86215,0.80099,0.84033,0.57054,1.10832,0.50901,0.84621,0,0,0,0,0,0,0,0,0,0,0,0,0,0,0,0,0,0,0,0,0,0,0,0,0,0,0,0,0,0,0,0.57054,0.00153833,0.000512775,0.00153833,0.000512775,0.00153833,0.000512775,0.00153833,0.000512775
398,38147.5,0.94831,0.46808,0.82175,0,0,0,0,0,0,0.07691,0.02741,0.00181,0,0,0,0,0,0,0,0,0,0,0,0,0,0,0.7566,0.22553,0,0,0.49093,0.04772,0.50013,0.4907,0.86246,0.80143,0.84052,0.57085,1.10752,0.50863,0.84607,0,0,0,0,0,0,0,0,0,0,0,0,0,0,0,0,0,0,0,0,0,0,0,0,0,0,0,0,0,0,0,0.57085,0.00153249,0.000510831,0.00153249,0.000510831,0.00153249,0.000510831,0.00153249,0.000510831
399,38244.9,0.9423,0.46586,0.82188,0,0,0,0,0,0,0.07667,0.02781,0.00278,8e-05,0,0,0,0,0,0,0,0,0,0,0,0,0,0.78288,0.23836,0,0,0.49091,0.04767,0.50013,0.49071,0.86359,0.80109,0.84057,0.57062,1.10806,0.50867,0.84609,0,0,0,0,0,0,0,0,0,0,0,0,0,0,0,0,0,0,0,0,0,0,0,0,0,0,0,0,0,0,0,0.57062,0.00152666,0.000508888,0.00152666,0.000508888,0.00152666,0.000508888,0.00152666,0.000508888
400,38340.8,0.93988,0.4671,0.82295,0,0,0,0,0,0,0.07674,0.02802,0.00227,0,0,0,0,0,0,0,0,0,0,0,0,0,0,0.7678,0.23768,0,0,0.49097,0.04768,0.49895,0.49074,0.86317,0.80178,0.84112,0.57079,1.10806,0.5086,0.84614,0,0,0,0,0,0,0,0,0,0,0,0,0,0,0,0,0,0,0,0,0,0,0,0,0,0,0,0,0,0,0,0.57079,0.00152083,0.000506944,0.00152083,0.000506944,0.00152083,0.000506944,0.00152083,0.000506944
401,38436.6,0.94163,0.46608,0.82101,0,0,0,0,0,0,0.0755,0.02775,0.00222,0,0,0,0,0,0,0,0,0,0,0,0,0,0,0.74466,0.20628,0,0,0.49093,0.04768,0.50086,0.49072,0.86296,0.80241,0.84174,0.57119,1.10849,0.50885,0.84613,0,0,0,0,0,0,0,0,0,0,0,0,0,0,0,0,0,0,0,0,0,0,0,0,0,0,0,0,0,0,0,0.57119,0.001515,0.000505,0.001515,0.000505,0.001515,0.000505,0.001515,0.000505
402,38530.2,0.93468,0.46475,0.82033,0,0,0,0,0,0,0.07692,0.02776,0.00144,0,0,0,0,0,0,0,0,0,0,0,0,0,0,0.71404,0.20175,0,0,0.4909,0.04769,0.50113,0.49067,0.86329,0.80178,0.84179,0.57165,1.10855,0.50861,0.84612,0,0,0,0,0,0,0,0,0,0,0,0,0,0,0,0,0,0,0,0,0,0,0,0,0,0,0,0,0,0,0,0.57165,0.00150917,0.000503056,0.00150917,0.000503056,0.00150917,0.000503056,0.00150917,0.000503056
403,38623.4,0.94175,0.46541,0.82242,0,0,0,0,0,0,0.07839,0.02772,0.00229,0,0,0,0,0,0,0,0,0,0,0,0,0,0,0.7233,0.19279,0,0,0.4909,0.04768,0.49987,0.49066,0.8632,0.801,0.84172,0.57179,1.10812,0.50884,0.84612,0,0,0,0,0,0,0,0,0,0,0,0,0,0,0,0,0,0,0,0,0,0,0,0,0,0,0,0,0,0,0,0.57179,0.00150334,0.000501112,0.00150334,0.000501112,0.00150334,0.000501112,0.00150334,0.000501112
404,38717.1,0.93464,0.46337,0.82367,0,0,0,0,0,0,0.07802,0.0279,0.00218,4e-05,0,0,0,0,0,0,0,0,0,0,0,0,0,0.73617,0.19832,0,0,0.49097,0.04769,0.4996,0.49076,0.86251,0.80284,0.84202,0.57165,1.10799,0.50867,0.84612,0,0,0,0,0,0,0,0,0,0,0,0,0,0,0,0,0,0,0,0,0,0,0,0,0,0,0,0,0,0,0,0.57165,0.00149751,0.000499169,0.00149751,0.000499169,0.00149751,0.000499169,0.00149751,0.000499169
405,38809.2,0.93762,0.46609,0.81912,0,0,0,0,0,0,0.08112,0.02764,0.00163,0,0,0,0,0,0,0,0,0,0,0,0,0,0,0.74975,0.22652,0,0,0.49092,0.04763,0.49966,0.49071,0.86415,0.80099,0.84156,0.57156,1.10852,0.50862,0.84621,0,0,0,0,0,0,0,0,0,0,0,0,0,0,0,0,0,0,0,0,0,0,0,0,0,0,0,0,0,0,0,0.57156,0.00149167,0.000497225,0.00149167,0.000497225,0.00149167,0.000497225,0.00149167,0.000497225
406,38903.1,0.94501,0.4676,0.82209,0,0,0,0,0,0,0.07261,0.02376,0.00116,0,0,0,0,0,0,0,0,0,0,0,0,0,0,0.722,0.20908,0,0,0.49095,0.04761,0.50147,0.49074,0.86416,0.80191,0.842,0.57137,1.10906,0.5086,0.84626,0,0,0,0,0,0,0,0,0,0,0,0,0,0,0,0,0,0,0,0,0,0,0,0,0,0,0,0,0,0,0,0.57137,0.00148584,0.000495281,0.00148584,0.000495281,0.00148584,0.000495281,0.00148584,0.000495281
407,38996.6,0.93653,0.46378,0.82089,0,0,0,0,0,0,0.07235,0.02364,0.00109,0,0,0,0,0,0,0,0,0,0,0,0,0,0,0.72918,0.21325,0,0,0.4909,0.04769,0.50114,0.49067,0.86391,0.80143,0.84184,0.57118,1.10882,0.50854,0.84632,0,0,0,0,0,0,0,0,0,0,0,0,0,0,0,0,0,0,0,0,0,0,0,0,0,0,0,0,0,0,0,0.57118,0.00148001,0.000493338,0.00148001,0.000493338,0.00148001,0.000493338,0.00148001,0.000493338
408,39092.9,0.93859,0.4642,0.82083,0,0,0,0,0,0,0.07094,0.02366,0.00122,0,0,0,0,0,0,0,0,0,0,0,0,0,0,0.72052,0.21509,0,0,0.49095,0.0477,0.50101,0.49072,0.8643,0.80108,0.84227,0.57146,1.10907,0.50882,0.84634,0,0,0,0,0,0,0,0,0,0,0,0,0,0,0,0,0,0,0,0,0,0,0,0,0,0,0,0,0,0,0,0.57146,0.00147418,0.000491395,0.00147418,0.000491395,0.00147418,0.000491395,0.00147418,0.000491395
409,39189.2,0.93224,0.46025,0.82111,0,0,0,0,0,0,0.0735,0.02365,0.00127,0,0,0,0,0,0,0,0,0,0,0,0,0,0,0.72717,0.22269,0,0,0.49092,0.0477,0.49986,0.49072,0.86524,0.8008,0.84245,0.57123,1.10958,0.50896,0.84641,0,0,0,0,0,0,0,0,0,0,0,0,0,0,0,0,0,0,0,0,0,0,0,0,0,0,0,0,0,0,0,0.57123,0.00146836,0.000489452,0.00146836,0.000489452,0.00146836,0.000489452,0.00146836,0.000489452
410,39282.9,0.94209,0.46682,0.82284,0,0,0,0,0,0,0.07272,0.02356,0.00109,0,0,0,0,0,0,0,0,0,0,0,0,0,0,0.70788,0.22286,0,0,0.49095,0.04766,0.50135,0.49073,0.86487,0.80135,0.84249,0.57091,1.11009,0.50932,0.84649,0,0,0,0,0,0,0,0,0,0,0,0,0,0,0,0,0,0,0,0,0,0,0,0,0,0,0,0,0,0,0,0.57091,0.00146253,0.000487509,0.00146253,0.000487509,0.00146253,0.000487509,0.00146253,0.000487509
411,39379,0.9337,0.46142,0.82086,0,0,0,0,0,0,0.07217,0.02354,0.00117,0,0,0,0,0,0,0,0,0,0,0,0,0,0,0.72107,0.22203,0,0,0.49091,0.04774,0.50218,0.49068,0.86478,0.80116,0.84218,0.57097,1.11062,0.50949,0.84654,0,0,0,0,0,0,0,0,0,0,0,0,0,0,0,0,0,0,0,0,0,0,0,0,0,0,0,0,0,0,0,0.57097,0.0014567,0.000485566,0.0014567,0.000485566,0.0014567,0.000485566,0.0014567,0.000485566
412,39476.7,0.94156,0.46412,0.81958,0,0,0,0,0,0,0.07112,0.02346,0.00111,0,0,0,0,0,0,0,0,0,0,0,0,0,0,0.73733,0.23068,0,0,0.49093,0.04771,0.50168,0.4907,0.86383,0.80128,0.84247,0.57127,1.11101,0.50939,0.84662,0,0,0,0,0,0,0,0,0,0,0,0,0,0,0,0,0,0,0,0,0,0,0,0,0,0,0,0,0,0,0,0.57127,0.00145087,0.000483624,0.00145087,0.000483624,0.00145087,0.000483624,0.00145087,0.000483624
413,39570.8,0.93461,0.46296,0.8208,0,0,0,0,0,0,0.07239,0.02355,0.00124,0,0,0,0,0,0,0,0,0,0,0,0,0,0,0.72784,0.21862,0,0,0.49092,0.0477,0.50108,0.49069,0.86416,0.80201,0.84272,0.57168,1.11084,0.50909,0.84663,0,0,0,0,0,0,0,0,0,0,0,0,0,0,0,0,0,0,0,0,0,0,0,0,0,0,0,0,0,0,0,0.57168,0.00144505,0.000481682,0.00144505,0.000481682,0.00144505,0.000481682,0.00144505,0.000481682
414,39665.7,0.93217,0.46082,0.82162,0,0,0,0,0,0,0.0734,0.02071,0.0011,0,0,0,0,0,0,0,0,0,0,0,0,0,0,0.71448,0.22103,0,0,0.49093,0.04768,0.50169,0.49069,0.85928,0.80526,0.84267,0.57149,1.11143,0.50963,0.8467,0,0,0,0,0,0,0,0,0,0,0,0,0,0,0,0,0,0,0,0,0,0,0,0,0,0,0,0,0,0,0,0.57149,0.00143922,0.000479741,0.00143922,0.000479741,0.00143922,0.000479741,0.00143922,0.000479741
415,39759.3,0.93229,0.46107,0.82023,0,0,0,0,0,0,0.07193,0.01463,0.00111,0,0,0,0,0,0,0,0,0,0,0,0,0,0,0.71887,0.22554,0,0,0.49097,0.0477,0.50022,0.4908,0.86241,0.80244,0.84221,0.57138,1.11119,0.50983,0.84663,0,0,0,0,0,0,0,0,0,0,0,0,0,0,0,0,0,0,0,0,0,0,0,0,0,0,0,0,0,0,0,0.57138,0.0014334,0.0004778,0.0014334,0.0004778,0.0014334,0.0004778,0.0014334,0.0004778
416,39852.9,0.93028,0.46108,0.82082,0,0,0,0,0,0,0.07107,0.01444,0.00151,0,0,0,0,0,0,0,0,0,0,0,0,0,0,0.75283,0.22986,0,0,0.49095,0.04769,0.49917,0.49072,0.86204,0.80405,0.8436,0.57179,1.1116,0.50979,0.84667,0,0,0,0,0,0,0,0,0,0,0,0,0,0,0,0,0,0,0,0,0,0,0,0,0,0,0,0,0,0,0,0.57179,0.00142758,0.000475859,0.00142758,0.000475859,0.00142758,0.000475859,0.00142758,0.000475859
417,39947.7,0.92994,0.46097,0.82119,0,0,0,0,0,0,0.07058,0.01443,0.00123,0,0,0,0,0,0,0,0,0,0,0,0,0,0,0.72252,0.22533,0,0,0.49092,0.04769,0.50178,0.49067,0.86044,0.80451,0.84282,0.57199,1.11109,0.5097,0.84657,0,0,0,0,0,0,0,0,0,0,0,0,0,0,0,0,0,0,0,0,0,0,0,0,0,0,0,0,0,0,0,0.57199,0.00142176,0.000473919,0.00142176,0.000473919,0.00142176,0.000473919,0.00142176,0.000473919
418,40041.3,0.93752,0.46356,0.82037,0,0,0,0,0,0,0.07254,0.01488,0.00155,0,0,0,0,0,0,0,0,0,0,0,0,0,0,0.70143,0.22187,0,0,0.49095,0.04769,0.49958,0.49076,0.86131,0.80404,0.84355,0.57154,1.11158,0.50986,0.84664,0,0,0,0,0,0,0,0,0,0,0,0,0,0,0,0,0,0,0,0,0,0,0,0,0,0,0,0,0,0,0,0.57154,0.00141594,0.000471979,0.00141594,0.000471979,0.00141594,0.000471979,0.00141594,0.000471979
419,40135.2,0.93341,0.46099,0.81942,0,0,0,0,0,0,0.07101,0.02035,0.00103,0,0,0,0,0,0,0,0,0,0,0,0,0,0,0.69262,0.22364,0,0,0.49094,0.04768,0.50062,0.49071,0.86032,0.80441,0.84377,0.57157,1.11137,0.51001,0.8466,0,0,0,0,0,0,0,0,0,0,0,0,0,0,0,0,0,0,0,0,0,0,0,0,0,0,0,0,0,0,0,0.57157,0.00141012,0.00047004,0.00141012,0.00047004,0.00141012,0.00047004,0.00141012,0.00047004
420,40228.6,0.92755,0.46071,0.81857,0,0,0,0,0,0,0.07073,0.02228,0.00099,1e-05,0,0,0,0,0,0,0,0,0,0,0,0,0,0.67471,0.2229,0,0,0.49092,0.04771,0.50175,0.49068,0.85947,0.80451,0.84288,0.57159,1.11181,0.50999,0.84673,0,0,0,0,0,0,0,0,0,0,0,0,0,0,0,0,0,0,0,0,0,0,0,0,0,0,0,0,0,0,0,0.57159,0.0014043,0.000468101,0.0014043,0.000468101,0.0014043,0.000468101,0.0014043,0.000468101
421,40323,0.9345,0.46267,0.82042,0,0,0,0,0,0,0.07153,0.02233,0.00096,0,0,0,0,0,0,0,0,0,0,0,0,0,0,0.67381,0.21967,0,0,0.4909,0.0477,0.50063,0.49067,0.86278,0.80321,0.84382,0.57186,1.11267,0.51017,0.84676,0,0,0,0,0,0,0,0,0,0,0,0,0,0,0,0,0,0,0,0,0,0,0,0,0,0,0,0,0,0,0,0.57186,0.00139849,0.000466163,0.00139849,0.000466163,0.00139849,0.000466163,0.00139849,0.000466163
422,40416.5,0.93397,0.45959,0.81962,0,0,0,0,0,0,0.0698,0.0223,0.00095,0,0,0,0,0,0,0,0,0,0,0,0,0,0,0.68993,0.22313,0,0,0.49092,0.04772,0.50038,0.4907,0.86403,0.80211,0.84346,0.57191,1.1134,0.5104,0.84679,0,0,0,0,0,0,0,0,0,0,0,0,0,0,0,0,0,0,0,0,0,0,0,0,0,0,0,0,0,0,0,0.57191,0.00139268,0.000464225,0.00139268,0.000464225,0.00139268,0.000464225,0.00139268,0.000464225
423,40513,0.92267,0.4587,0.81885,0,0,0,0,0,0,0.07187,0.02232,0.00102,0,0,0,0,0,0,0,0,0,0,0,0,0,0,0.69064,0.22337,0,0,0.49093,0.04766,0.50069,0.49073,0.86414,0.8023,0.84347,0.57202,1.11323,0.51044,0.84679,0,0,0,0,0,0,0,0,0,0,0,0,0,0,0,0,0,0,0,0,0,0,0,0,0,0,0,0,0,0,0,0.57202,0.00138686,0.000462288,0.00138686,0.000462288,0.00138686,0.000462288,0.00138686,0.000462288
424,40606.2,0.9265,0.46028,0.82047,0,0,0,0,0,0,0.07252,0.02235,0.00094,0,0,0,0,0,0,0,0,0,0,0,0,0,0,0.67942,0.2225,0,0,0.49093,0.04768,0.50128,0.49072,0.8632,0.80347,0.8431,0.57144,1.11375,0.5104,0.84692,0,0,0,0,0,0,0,0,0,0,0,0,0,0,0,0,0,0,0,0,0,0,0,0,0,0,0,0,0,0,0,0.57144,0.00138106,0.000460352,0.00138106,0.000460352,0.00138106,0.000460352,0.00138106,0.000460352
425,40700.5,0.92836,0.461,0.82085,0,0,0,0,0,0,0.06954,0.02232,0.00095,0,0,0,0,0,0,0,0,0,0,0,0,0,0,0.67722,0.21898,0,0,0.49089,0.04774,0.5003,0.49067,0.86326,0.80261,0.84306,0.57152,1.1141,0.51068,0.84695,0,0,0,0,0,0,0,0,0,0,0,0,0,0,0,0,0,0,0,0,0,0,0,0,0,0,0,0,0,0,0,0.57152,0.00137525,0.000458416,0.00137525,0.000458416,0.00137525,0.000458416,0.00137525,0.000458416
426,40794.7,0.92613,0.45856,0.81926,0,0,0,0,0,0,0.06938,0.02236,0.00096,0,0,0,0,0,0,0,0,0,0,0,0,0,0,0.6735,0.21435,0,0,0.49096,0.04771,0.50075,0.49073,0.86106,0.80373,0.8435,0.57164,1.11398,0.5108,0.84698,0,0,0,0,0,0,0,0,0,0,0,0,0,0,0,0,0,0,0,0,0,0,0,0,0,0,0,0,0,0,0,0.57164,0.00136944,0.000456482,0.00136944,0.000456482,0.00136944,0.000456482,0.00136944,0.000456482
427,40890.1,0.93012,0.46131,0.82003,0,0,0,0,0,0,0.07086,0.01726,0.00102,0,0,0,0,0,0,0,0,0,0,0,0,0,0,0.67264,0.21305,0,0,0.49094,0.04771,0.50064,0.49071,0.86023,0.80406,0.84328,0.57155,1.11455,0.51093,0.84704,0,0,0,0,0,0,0,0,0,0,0,0,0,0,0,0,0,0,0,0,0,0,0,0,0,0,0,0,0,0,0,0.57155,0.00136364,0.000454547,0.00136364,0.000454547,0.00136364,0.000454547,0.00136364,0.000454547
428,40984.5,0.93,0.46098,0.82133,0,0,0,0,0,0,0.07101,0.01436,0.00104,0,0,0,0,0,0,0,0,0,0,0,0,0,0,0.66878,0.21413,0,0,0.49088,0.04765,0.50188,0.49065,0.86754,0.80065,0.84381,0.57154,1.11554,0.51133,0.84708,0,0,0,0,0,0,0,0,0,0,0,0,0,0,0,0,0,0,0,0,0,0,0,0,0,0,0,0,0,0,0,0.57154,0.00135784,0.000452614,0.00135784,0.000452614,0.00135784,0.000452614,0.00135784,0.000452614
429,41078.9,0.92759,0.45975,0.81974,0,0,0,0,0,0,0.0719,0.01452,0.00119,0,0,0,0,0,0,0,0,0,0,0,0,0,0,0.67613,0.21581,0,0,0.49084,0.0477,0.50035,0.49061,0.86219,0.80222,0.8429,0.5714,1.11579,0.51143,0.84714,0,0,0,0,0,0,0,0,0,0,0,0,0,0,0,0,0,0,0,0,0,0,0,0,0,0,0,0,0,0,0,0.5714,0.00135204,0.000450682,0.00135204,0.000450682,0.00135204,0.000450682,0.00135204,0.000450682
430,41173.4,0.92462,0.45808,0.82055,0,0,0,0,0,0,0.07176,0.01457,0.00101,0,0,0,0,0,0,0,0,0,0,0,0,0,0,0.64894,0.20439,0,0,0.49096,0.04766,0.5008,0.49073,0.86864,0.80078,0.84391,0.57126,1.11612,0.51164,0.8472,0,0,0,0,0,0,0,0,0,0,0,0,0,0,0,0,0,0,0,0,0,0,0,0,0,0,0,0,0,0,0,0.57126,0.00134625,0.00044875,0.00134625,0.00044875,0.00134625,0.00044875,0.00134625,0.00044875
431,41267.3,0.9293,0.46082,0.82145,0,0,0,0,0,0,0.07117,0.01458,0.00109,0,0,0,0,0,0,0,0,0,0,0,0,0,0,0.6556,0.21451,0,0,0.49095,0.0477,0.5001,0.49074,0.86823,0.80043,0.84408,0.57103,1.1162,0.51191,0.84716,0,0,0,0,0,0,0,0,0,0,0,0,0,0,0,0,0,0,0,0,0,0,0,0,0,0,0,0,0,0,0,0.57103,0.00134046,0.000446819,0.00134046,0.000446819,0.00134046,0.000446819,0.00134046,0.000446819
432,41373.4,0.92794,0.46119,0.82065,0,0,0,0,0,0,0.07088,0.01458,0.00099,0,0,0,0,0,0,0,0,0,0,0,0,0,0,0.63652,0.21045,0,0,0.49092,0.04772,0.5006,0.49069,0.86838,0.80053,0.84441,0.57098,1.11657,0.51201,0.84721,0,0,0,0,0,0,0,0,0,0,0,0,0,0,0,0,0,0,0,0,0,0,0,0,0,0,0,0,0,0,0,0.57098,0.00133467,0.000444889,0.00133467,0.000444889,0.00133467,0.000444889,0.00133467,0.000444889
433,41480.9,0.91587,0.45363,0.81935,0,0,0,0,0,0,0.0695,0.01457,0.00104,0,0,0,0,0,0,0,0,0,0,0,0,0,0,0.66621,0.21434,0,0,0.49088,0.04774,0.50109,0.49066,0.86731,0.80067,0.84351,0.57108,1.11703,0.51192,0.84729,0,0,0,0,0,0,0,0,0,0,0,0,0,0,0,0,0,0,0,0,0,0,0,0,0,0,0,0,0,0,0,0.57108,0.00132888,0.00044296,0.00132888,0.00044296,0.00132888,0.00044296,0.00132888,0.00044296
434,41576.4,0.92567,0.46104,0.81878,0,0,0,0,0,0,0.07214,0.01466,0.00105,0,0,0,0,0,0,0,0,0,0,0,0,0,0,0.67454,0.22105,0,0,0.49092,0.04769,0.50093,0.49069,0.86748,0.80009,0.84355,0.57095,1.11697,0.51212,0.84731,0,0,0,0,0,0,0,0,0,0,0,0,0,0,0,0,0,0,0,0,0,0,0,0,0,0,0,0,0,0,0,0.57095,0.0013231,0.000441032,0.0013231,0.000441032,0.0013231,0.000441032,0.0013231,0.000441032
435,41682,0.92353,0.45645,0.81939,0,0,0,0,0,0,0.07135,0.01465,0.00096,0,0,0,0,0,0,0,0,0,0,0,0,0,0,0.6762,0.22391,0,0,0.4909,0.0477,0.5005,0.49068,0.86865,0.79922,0.84371,0.57047,1.11702,0.51258,0.84737,0,0,0,0,0,0,0,0,0,0,0,0,0,0,0,0,0,0,0,0,0,0,0,0,0,0,0,0,0,0,0,0.57047,0.00131731,0.000439105,0.00131731,0.000439105,0.00131731,0.000439105,0.00131731,0.000439105
436,41775.7,0.92972,0.45773,0.8205,0,0,0,0,0,0,0.0692,0.00369,0.00093,0,0,0,0,0,0,0,0,0,0,0,0,0,0,0.67707,0.22788,0,0,0.49089,0.04769,0.50029,0.49066,0.86774,0.79987,0.84366,0.57051,1.11744,0.51272,0.84739,0,0,0,0,0,0,0,0,0,0,0,0,0,0,0,0,0,0,0,0,0,0,0,0,0,0,0,0,0,0,0,0.57051,0.00131154,0.000437179,0.00131154,0.000437179,0.00131154,0.000437179,0.00131154,0.000437179
437,41869.4,0.92775,0.45785,0.821,0,0,0,0,0,0,0.07175,0.00271,0.00107,0,0,0,0,0,0,0,0,0,0,0,0,0,0,0.64119,0.21543,0,0,0.49094,0.04765,0.50079,0.49072,0.86624,0.80018,0.84289,0.57068,1.1178,0.51278,0.84746,0,0,0,0,0,0,0,0,0,0,0,0,0,0,0,0,0,0,0,0,0,0,0,0,0,0,0,0,0,0,0,0.57068,0.00130576,0.000435254,0.00130576,0.000435254,0.00130576,0.000435254,0.00130576,0.000435254
438,41964.1,0.92377,0.45563,0.81957,0,0,0,0,0,0,0.07089,0.00261,0.00103,0,0,0,0,0,0,0,0,0,0,0,0,0,0,0.63478,0.21984,0,0,0.49091,0.04769,0.50052,0.49069,0.86691,0.79886,0.84286,0.57081,1.11795,0.51317,0.84749,0,0,0,0,0,0,0,0,0,0,0,0,0,0,0,0,0,0,0,0,0,0,0,0,0,0,0,0,0,0,0,0.57081,0.00129999,0.00043333,0.00129999,0.00043333,0.00129999,0.00043333,0.00129999,0.00043333
439,42062.2,0.92035,0.45551,0.81965,0,0,0,0,0,0,0.07098,0.00255,0.00099,0,0,0,0,0,0,0,0,0,0,0,0,0,0,0.63534,0.22784,0,0,0.49094,0.04771,0.50091,0.49072,0.86746,0.79902,0.84272,0.57082,1.11893,0.51362,0.84761,0,0,0,0,0,0,0,0,0,0,0,0,0,0,0,0,0,0,0,0,0,0,0,0,0,0,0,0,0,0,0,0.57082,0.00129422,0.000431407,0.00129422,0.000431407,0.00129422,0.000431407,0.00129422,0.000431407
440,42157.7,0.92206,0.4563,0.81899,0,0,0,0,0,0,0.07068,0.00252,0.001,0,0,0,0,0,0,0,0,0,0,0,0,0,0,0.64707,0.2335,0,0,0.49088,0.04771,0.50143,0.49065,0.86771,0.79885,0.84276,0.57083,1.11919,0.51395,0.84761,0,0,0,0,0,0,0,0,0,0,0,0,0,0,0,0,0,0,0,0,0,0,0,0,0,0,0,0,0,0,0,0.57083,0.00128846,0.000429485,0.00128846,0.000429485,0.00128846,0.000429485,0.00128846,0.000429485
441,42252.2,0.92157,0.45439,0.8183,0,0,0,0,0,0,0.07056,0.00251,0.0009,0,0,0,0,0,0,0,0,0,0,0,0,0,0,0.64094,0.23164,0,0,0.49091,0.04768,0.50083,0.4907,0.86854,0.79823,0.84303,0.57071,1.11873,0.51376,0.84758,0,0,0,0,0,0,0,0,0,0,0,0,0,0,0,0,0,0,0,0,0,0,0,0,0,0,0,0,0,0,0,0.57071,0.00128269,0.000427565,0.00128269,0.000427565,0.00128269,0.000427565,0.00128269,0.000427565
442,42346.7,0.92291,0.45681,0.81906,0,0,0,0,0,0,0.07193,0.00246,0.00095,0,0,0,0,0,0,0,0,0,0,0,0,0,0,0.62763,0.22148,0,0,0.49088,0.04763,0.50155,0.49066,0.86801,0.79763,0.8424,0.57064,1.11893,0.51398,0.84752,0,0,0,0,0,0,0,0,0,0,0,0,0,0,0,0,0,0,0,0,0,0,0,0,0,0,0,0,0,0,0,0.57064,0.00127694,0.000425646,0.00127694,0.000425646,0.00127694,0.000425646,0.00127694,0.000425646
443,42440.6,0.92476,0.45812,0.81832,0,0,0,0,0,0,0.07054,0.00246,0.00098,0,0,0,0,0,0,0,0,0,0,0,0,0,0,0.63597,0.23145,0,0,0.49095,0.04767,0.50105,0.49071,0.86753,0.79823,0.84244,0.5709,1.11896,0.51393,0.84758,0,0,0,0,0,0,0,0,0,0,0,0,0,0,0,0,0,0,0,0,0,0,0,0,0,0,0,0,0,0,0,0.5709,0.00127118,0.000423728,0.00127118,0.000423728,0.00127118,0.000423728,0.00127118,0.000423728
444,42536.1,0.9217,0.4573,0.82012,0,0,0,0,0,0,0.07186,0.00243,0.00089,0,0,0,0,0,0,0,0,0,0,0,0,0,0,0.6352,0.2279,0,0,0.49093,0.04765,0.50075,0.49074,0.86939,0.79771,0.84301,0.57111,1.11866,0.51427,0.84751,0,0,0,0,0,0,0,0,0,0,0,0,0,0,0,0,0,0,0,0,0,0,0,0,0,0,0,0,0,0,0,0.57111,0.00126543,0.000421811,0.00126543,0.000421811,0.00126543,0.000421811,0.00126543,0.000421811
445,42632.4,0.91505,0.45305,0.82116,0,0,0,0,0,0,0.07283,0.00243,0.00093,0,0,0,0,0,0,0,0,0,0,0,0,0,0,0.64599,0.2294,0,0,0.49093,0.04771,0.5016,0.4907,0.8685,0.7976,0.84284,0.57121,1.11838,0.51377,0.84752,0,0,0,0,0,0,0,0,0,0,0,0,0,0,0,0,0,0,0,0,0,0,0,0,0,0,0,0,0,0,0,0.57121,0.00125969,0.000419895,0.00125969,0.000419895,0.00125969,0.000419895,0.00125969,0.000419895
446,42729.4,0.91663,0.45575,0.81722,0,0,0,0,0,0,0.07225,0.00244,0.0012,0,0,0,0,0,0,0,0,0,0,0,0,0,0,0.66924,0.22042,0,0,0.49088,0.04768,0.50112,0.49068,0.86783,0.79678,0.84176,0.57098,1.11946,0.51385,0.84758,0,0,0,0,0,0,0,0,0,0,0,0,0,0,0,0,0,0,0,0,0,0,0,0,0,0,0,0,0,0,0,0.57098,0.00125394,0.000417981,0.00125394,0.000417981,0.00125394,0.000417981,0.00125394,0.000417981
447,42825.8,0.91699,0.454,0.81993,0,0,0,0,0,0,0.07048,0.00244,0.00102,0,0,0,0,0,0,0,0,0,0,0,0,0,0,0.64218,0.21717,0,0,0.49093,0.0477,0.50161,0.4907,0.86775,0.79678,0.84193,0.57112,1.11862,0.51371,0.84745,0,0,0,0,0,0,0,0,0,0,0,0,0,0,0,0,0,0,0,0,0,0,0,0,0,0,0,0,0,0,0,0.57112,0.0012482,0.000416068,0.0012482,0.000416068,0.0012482,0.000416068,0.0012482,0.000416068
448,42923.7,0.9261,0.45822,0.8203,0,0,0,0,0,0,0.07305,0.00245,0.00075,0,0,0,0,0,0,0,0,0,0,0,0,0,0,0.62815,0.21611,0,0,0.49088,0.04768,0.50088,0.49065,0.86816,0.79665,0.84255,0.57118,1.11924,0.5143,0.84757,0,0,0,0,0,0,0,0,0,0,0,0,0,0,0,0,0,0,0,0,0,0,0,0,0,0,0,0,0,0,0,0.57118,0.00124247,0.000414156,0.00124247,0.000414156,0.00124247,0.000414156,0.00124247,0.000414156
449,43021.6,0.91476,0.45333,0.81903,0,0,0,0,0,0,0.06864,0.00243,0.00081,0,0,0,0,0,0,0,0,0,0,0,0,0,0,0.6243,0.20675,0,0,0.49095,0.04769,0.5005,0.49073,0.86848,0.79636,0.8423,0.57081,1.11979,0.51471,0.84759,0,0,0,0,0,0,0,0,0,0,0,0,0,0,0,0,0,0,0,0,0,0,0,0,0,0,0,0,0,0,0,0.57081,0.00123674,0.000412246,0.00123674,0.000412246,0.00123674,0.000412246,0.00123674,0.000412246
450,43119.1,0.91631,0.45177,0.82089,0,0,0,0,0,0,0.06887,0.00244,0.00073,0,0,0,0,0,0,0,0,0,0,0,0,0,0,0.62417,0.20746,0,0,0.49095,0.04768,0.50007,0.49073,0.86754,0.79732,0.84233,0.57081,1.12057,0.51496,0.84773,0,0,0,0,0,0,0,0,0,0,0,0,0,0,0,0,0,0,0,0,0,0,0,0,0,0,0,0,0,0,0,0.57081,0.00123101,0.000410338,0.00123101,0.000410338,0.00123101,0.000410338,0.00123101,0.000410338
451,43218.1,0.91988,0.45591,0.81929,0,0,0,0,0,0,0.07192,0.00243,0.00096,0,0,0,0,0,0,0,0,0,0,0,0,0,0,0.63576,0.21885,0,0,0.49089,0.04769,0.50047,0.49067,0.86828,0.79652,0.84185,0.57065,1.12131,0.51563,0.84776,0,0,0,0,0,0,0,0,0,0,0,0,0,0,0,0,0,0,0,0,0,0,0,0,0,0,0,0,0,0,0,0.57065,0.00122529,0.00040843,0.00122529,0.00040843,0.00122529,0.00040843,0.00122529,0.00040843
452,43316.7,0.9183,0.45607,0.81837,0,0,0,0,0,0,0.06818,0.00241,0.00074,4e-05,0,0,0,0,0,0,0,0,0,0,0,0,0,0.63872,0.21232,0,0,0.49092,0.04764,0.50105,0.4907,0.8684,0.79649,0.84206,0.5706,1.12205,0.51573,0.8478,0,0,0,0,0,0,0,0,0,0,0,0,0,0,0,0,0,0,0,0,0,0,0,0,0,0,0,0,0,0,0,0.5706,0.00121957,0.000406525,0.00121957,0.000406525,0.00121957,0.000406525,0.00121957,0.000406525
453,43414.2,0.91422,0.4528,0.81808,0,0,0,0,0,0,0.07073,0.0024,0.00078,0,0,0,0,0,0,0,0,0,0,0,0,0,0,0.63131,0.21281,0,0,0.49094,0.04769,0.50123,0.49071,0.869,0.79684,0.84253,0.57052,1.12335,0.51591,0.84792,0,0,0,0,0,0,0,0,0,0,0,0,0,0,0,0,0,0,0,0,0,0,0,0,0,0,0,0,0,0,0,0.57052,0.00121386,0.00040462,0.00121386,0.00040462,0.00121386,0.00040462,0.00121386,0.00040462
454,43511,0.91726,0.45539,0.81811,0,0,0,0,0,0,0.07144,0.00243,0.00071,0,0,0,0,0,0,0,0,0,0,0,0,0,0,0.64908,0.22131,0,0,0.49091,0.04771,0.50168,0.49067,0.86793,0.79692,0.84206,0.5704,1.12344,0.51609,0.84793,0,0,0,0,0,0,0,0,0,0,0,0,0,0,0,0,0,0,0,0,0,0,0,0,0,0,0,0,0,0,0,0.5704,0.00120815,0.000402718,0.00120815,0.000402718,0.00120815,0.000402718,0.00120815,0.000402718
455,43607.9,0.91279,0.45135,0.81781,0,0,0,0,0,0,0.071,0.0024,0.00074,0,0,0,0,0,0,0,0,0,0,0,0,0,0,0.64196,0.21672,0,0,0.49095,0.04765,0.50152,0.49073,0.86748,0.79758,0.84178,0.57048,1.12341,0.51607,0.84799,0,0,0,0,0,0,0,0,0,0,0,0,0,0,0,0,0,0,0,0,0,0,0,0,0,0,0,0,0,0,0,0.57048,0.00120245,0.000400816,0.00120245,0.000400816,0.00120245,0.000400816,0.00120245,0.000400816
456,43705.8,0.91253,0.45307,0.81933,0,0,0,0,0,0,0.06976,0.0024,0.0006,0,0,0,0,0,0,0,0,0,0,0,0,0,0,0.64694,0.21516,0,0,0.49096,0.04773,0.50109,0.49073,0.86775,0.79743,0.84227,0.57065,1.12382,0.51629,0.848,0,0,0,0,0,0,0,0,0,0,0,0,0,0,0,0,0,0,0,0,0,0,0,0,0,0,0,0,0,0,0,0.57065,0.00119675,0.000398917,0.00119675,0.000398917,0.00119675,0.000398917,0.00119675,0.000398917
457,43804,0.90664,0.44981,0.81987,0,0,0,0,0,0,0.06861,0.0024,0.00069,0,0,0,0,0,0,0,0,0,0,0,0,0,0,0.64035,0.2179,0,0,0.49092,0.04773,0.50103,0.49068,0.86781,0.79686,0.84203,0.57053,1.12457,0.51678,0.84811,0,0,0,0,0,0,0,0,0,0,0,0,0,0,0,0,0,0,0,0,0,0,0,0,0,0,0,0,0,0,0,0.57053,0.00119106,0.000397019,0.00119106,0.000397019,0.00119106,0.000397019,0.00119106,0.000397019
458,43902.2,0.90901,0.45451,0.81863,0,0,0,0,0,0,0.07209,0.0024,0.00066,0,0,0,0,0,0,0,0,0,0,0,0,0,0,0.63847,0.21552,0,0,0.49093,0.04764,0.50173,0.4907,0.86782,0.79609,0.84145,0.57003,1.12493,0.51686,0.84815,0,0,0,0,0,0,0,0,0,0,0,0,0,0,0,0,0,0,0,0,0,0,0,0,0,0,0,0,0,0,0,0.57003,0.00118537,0.000395123,0.00118537,0.000395123,0.00118537,0.000395123,0.00118537,0.000395123
459,43999.7,0.91945,0.45444,0.81936,0,0,0,0,0,0,0.07037,0.00237,0.00061,0,0,0,0,0,0,0,0,0,0,0,0,0,0,0.64387,0.21956,0,0,0.49089,0.04769,0.50112,0.49066,0.86827,0.79539,0.84203,0.57008,1.12504,0.51694,0.84811,0,0,0,0,0,0,0,0,0,0,0,0,0,0,0,0,0,0,0,0,0,0,0,0,0,0,0,0,0,0,0,0.57008,0.00117969,0.000393228,0.00117969,0.000393228,0.00117969,0.000393228,0.00117969,0.000393228
460,44096,0.91004,0.45087,0.81825,0,0,0,0,0,0,0.07127,0.00238,0.00066,0,0,0,0,0,0,0,0,0,0,0,0,0,0,0.64784,0.2202,0,0,0.49091,0.04771,0.50153,0.49068,0.86928,0.79589,0.84273,0.57036,1.1254,0.51698,0.84817,0,0,0,0,0,0,0,0,0,0,0,0,0,0,0,0,0,0,0,0,0,0,0,0,0,0,0,0,0,0,0,0.57036,0.00117401,0.000391336,0.00117401,0.000391336,0.00117401,0.000391336,0.00117401,0.000391336
461,44194.2,0.91629,0.45238,0.81726,0,0,0,0,0,0,0.07093,0.00235,0.00056,0,0,0,0,0,0,0,0,0,0,0,0,0,0,0.63173,0.21662,0,0,0.49087,0.04765,0.50086,0.49065,0.86906,0.79546,0.84258,0.57028,1.12561,0.5173,0.84818,0,0,0,0,0,0,0,0,0,0,0,0,0,0,0,0,0,0,0,0,0,0,0,0,0,0,0,0,0,0,0,0.57028,0.00116833,0.000389445,0.00116833,0.000389445,0.00116833,0.000389445,0.00116833,0.000389445
462,44291.6,0.91242,0.45097,0.81945,0,0,0,0,0,0,0.07174,0.00235,0.00067,2e-05,0,0,0,0,0,0,0,0,0,0,0,0,0,0.64317,0.22066,0,0,0.49091,0.04772,0.50094,0.49069,0.86887,0.79659,0.84266,0.57033,1.1256,0.51754,0.84824,0,0,0,0,0,0,0,0,0,0,0,0,0,0,0,0,0,0,0,0,0,0,0,0,0,0,0,0,0,0,0,0.57033,0.00116267,0.000387555,0.00116267,0.000387555,0.00116267,0.000387555,0.00116267,0.000387555
463,44389.5,0.9157,0.45457,0.81592,0,0,0,0,0,0,0.06862,0.00237,0.00064,0,0,0,0,0,0,0,0,0,0,0,0,0,0,0.64382,0.21482,0,0,0.49092,0.04767,0.50004,0.49069,0.86915,0.79581,0.84259,0.57037,1.12572,0.51748,0.84819,0,0,0,0,0,0,0,0,0,0,0,0,0,0,0,0,0,0,0,0,0,0,0,0,0,0,0,0,0,0,0,0.57037,0.001157,0.000385668,0.001157,0.000385668,0.001157,0.000385668,0.001157,0.000385668
464,44485.3,0.91448,0.45328,0.81674,0,0,0,0,0,0,0.07124,0.00238,0.00064,0,0,0,0,0,0,0,0,0,0,0,0,0,0,0.66652,0.20991,0,0,0.49094,0.04767,0.50058,0.49071,0.8699,0.79449,0.84248,0.57027,1.12559,0.51772,0.84822,0,0,0,0,0,0,0,0,0,0,0,0,0,0,0,0,0,0,0,0,0,0,0,0,0,0,0,0,0,0,0,0.57027,0.00115135,0.000383782,0.00115135,0.000383782,0.00115135,0.000383782,0.00115135,0.000383782
465,44582.2,0.91674,0.4526,0.81878,0,0,0,0,0,0,0.06888,0.00235,0.00083,0,0,0,0,0,0,0,0,0,0,0,0,0,0,0.66136,0.20538,0,0,0.49093,0.0477,0.50147,0.4907,0.86946,0.79579,0.84257,0.57039,1.12581,0.51784,0.84821,0,0,0,0,0,0,0,0,0,0,0,0,0,0,0,0,0,0,0,0,0,0,0,0,0,0,0,0,0,0,0,0.57039,0.0011457,0.000381899,0.0011457,0.000381899,0.0011457,0.000381899,0.0011457,0.000381899
466,44675.8,0.91194,0.45091,0.81834,0,0,0,0,0,0,0.07108,0.00441,0.00223,2e-05,0,0,0,0,0,0,0,0,0,0,0,0,0,0.6939,0.19446,0,0,0.49092,0.0477,0.49961,0.49069,0.869,0.79604,0.84265,0.57064,1.12473,0.51777,0.84812,0,0,0,0,0,0,0,0,0,0,0,0,0,0,0,0,0,0,0,0,0,0,0,0,0,0,0,0,0,0,0,0.57064,0.00114005,0.000380017,0.00114005,0.000380017,0.00114005,0.000380017,0.00114005,0.000380017
467,44769.5,0.91255,0.45191,0.81898,0,0,0,0,0,0,0.07502,0.01122,0.00227,9e-05,0,0,0,0,0,0,0,0,0,0,0,0,0,0.69209,0.19499,0,0,0.4909,0.04774,0.50091,0.49071,0.86925,0.79528,0.8428,0.5707,1.12423,0.51777,0.84801,0,0,0,0,0,0,0,0,0,0,0,0,0,0,0,0,0,0,0,0,0,0,0,0,0,0,0,0,0,0,0,0.5707,0.00113441,0.000378137,0.00113441,0.000378137,0.00113441,0.000378137,0.00113441,0.000378137
468,44864.4,0.90945,0.45134,0.8163,0,0,0,0,0,0,0.07235,0.01257,0.0017,0,0,0,0,0,0,0,0,0,0,0,0,0,0,0.69243,0.19158,0,0,0.49088,0.04769,0.5,0.49064,0.86882,0.79585,0.84252,0.5709,1.12374,0.51768,0.84796,0,0,0,0,0,0,0,0,0,0,0,0,0,0,0,0,0,0,0,0,0,0,0,0,0,0,0,0,0,0,0,0.5709,0.00112878,0.000376259,0.00112878,0.000376259,0.00112878,0.000376259,0.00112878,0.000376259
469,44961.3,0.91414,0.45299,0.81673,0,0,0,0,0,0,0.0712,0.01263,0.00089,0,0,0,0,0,0,0,0,0,0,0,0,0,0,0.66241,0.19272,0,0,0.49094,0.04771,0.50181,0.49071,0.86862,0.79516,0.84272,0.5711,1.12426,0.51786,0.84798,0,0,0,0,0,0,0,0,0,0,0,0,0,0,0,0,0,0,0,0,0,0,0,0,0,0,0,0,0,0,0,0.5711,0.00112315,0.000374383,0.00112315,0.000374383,0.00112315,0.000374383,0.00112315,0.000374383
470,45056.1,0.91373,0.45263,0.82038,0,0,0,0,0,0,0.07002,0.01262,0.00061,1e-05,0,0,0,0,0,0,0,0,0,0,0,0,0,0.66482,0.1954,0,0,0.49093,0.04774,0.50163,0.49071,0.86955,0.79479,0.84234,0.57088,1.12446,0.51799,0.84802,0,0,0,0,0,0,0,0,0,0,0,0,0,0,0,0,0,0,0,0,0,0,0,0,0,0,0,0,0,0,0,0.57088,0.00111753,0.000372509,0.00111753,0.000372509,0.00111753,0.000372509,0.00111753,0.000372509
471,45147.6,0.90934,0.45246,0.81629,0,0,0,0,0,0,0.07042,0.01265,0.00079,0,0,0,0,0,0,0,0,0,0,0,0,0,0,0.67753,0.20159,0,0,0.49092,0.0477,0.50062,0.49072,0.8699,0.79521,0.84273,0.57077,1.12451,0.51827,0.8481,0,0,0,0,0,0,0,0,0,0,0,0,0,0,0,0,0,0,0,0,0,0,0,0,0,0,0,0,0,0,0,0.57077,0.00111191,0.000370637,0.00111191,0.000370637,0.00111191,0.000370637,0.00111191,0.000370637
472,45240.3,0.91051,0.45266,0.81753,0,0,0,0,0,0,0.07306,0.01265,0.00091,0,0,0,0,0,0,0,0,0,0,0,0,0,0,0.68722,0.20236,0,0,0.49093,0.04771,0.50211,0.4907,0.86908,0.79494,0.84256,0.57101,1.12413,0.51855,0.84799,0,0,0,0,0,0,0,0,0,0,0,0,0,0,0,0,0,0,0,0,0,0,0,0,0,0,0,0,0,0,0,0.57101,0.0011063,0.000368767,0.0011063,0.000368767,0.0011063,0.000368767,0.0011063,0.000368767
473,45332.8,0.91725,0.45333,0.81783,0,0,0,0,0,0,0.07296,0.01267,0.00108,0,0,0,0,0,0,0,0,0,0,0,0,0,0,0.69868,0.20003,0,0,0.49088,0.04769,0.50006,0.49065,0.86999,0.79455,0.84257,0.57099,1.1243,0.51865,0.84803,0,0,0,0,0,0,0,0,0,0,0,0,0,0,0,0,0,0,0,0,0,0,0,0,0,0,0,0,0,0,0,0.57099,0.0011007,0.000366899,0.0011007,0.000366899,0.0011007,0.000366899,0.0011007,0.000366899
474,45427.4,0.90559,0.44904,0.81683,0,0,0,0,0,0,0.06901,0.01268,0.00124,0,0,0,0,0,0,0,0,0,0,0,0,0,0,0.69722,0.20137,0,0,0.4909,0.04773,0.50014,0.49068,0.8688,0.79403,0.84202,0.57078,1.12445,0.519,0.84805,0,0,0,0,0,0,0,0,0,0,0,0,0,0,0,0,0,0,0,0,0,0,0,0,0,0,0,0,0,0,0,0.57078,0.0010951,0.000365034,0.0010951,0.000365034,0.0010951,0.000365034,0.0010951,0.000365034
475,45525.6,0.90497,0.45127,0.81763,0,0,0,0,0,0,0.06986,0.0034,0.00145,0,0,0,0,0,0,0,0,0,0,0,0,0,0,0.69055,0.19835,0,0,0.49092,0.04773,0.49951,0.4907,0.86927,0.79365,0.84218,0.57076,1.12438,0.51926,0.84802,0,0,0,0,0,0,0,0,0,0,0,0,0,0,0,0,0,0,0,0,0,0,0,0,0,0,0,0,0,0,0,0.57076,0.00108951,0.00036317,0.00108951,0.00036317,0.00108951,0.00036317,0.00108951,0.00036317
476,45653.4,0.90522,0.44863,0.81754,0,0,0,0,0,0,0.07375,0.00363,0.00197,8e-05,0,0,0,0,0,0,0,0,0,0,0,0,0,0.70628,0.20655,0,0,0.49092,0.04771,0.49981,0.49073,0.86945,0.79376,0.84201,0.5708,1.12452,0.51951,0.84806,0,0,0,0,0,0,0,0,0,0,0,0,0,0,0,0,0,0,0,0,0,0,0,0,0,0,0,0,0,0,0,0.5708,0.00108393,0.000361309,0.00108393,0.000361309,0.00108393,0.000361309,0.00108393,0.000361309
477,45747.2,0.90533,0.44898,0.81861,0,0,0,0,0,0,0.07457,0.01228,0.00273,0,0,0,0,0,0,0,0,0,0,0,0,0,0,0.71143,0.20027,0,0,0.49093,0.04766,0.50024,0.49071,0.86947,0.79359,0.84189,0.57096,1.12422,0.51959,0.84804,0,0,0,0,0,0,0,0,0,0,0,0,0,0,0,0,0,0,0,0,0,0,0,0,0,0,0,0,0,0,0,0.57096,0.00107835,0.00035945,0.00107835,0.00035945,0.00107835,0.00035945,0.00107835,0.00035945
478,45841.3,0.90254,0.44667,0.81681,0,0,0,0,0,0,0.07056,0.01965,0.00215,0,0,0,0,0,0,0,0,0,0,0,0,0,0,0.69297,0.20382,0,0,0.49096,0.0477,0.50039,0.49081,0.86967,0.79342,0.84204,0.57101,1.12409,0.51957,0.84803,0,0,0,0,0,0,0,0,0,0,0,0,0,0,0,0,0,0,0,0,0,0,0,0,0,0,0,0,0,0,0,0.57101,0.00107278,0.000357593,0.00107278,0.000357593,0.00107278,0.000357593,0.00107278,0.000357593
479,45934.9,0.89839,0.44655,0.81752,0,0,0,0,0,0,0.07074,0.02061,0.00225,1e-05,0,0,0,0,0,0,0,0,0,0,0,0,0,0.68848,0.20303,0,0,0.49092,0.04768,0.5003,0.4908,0.87003,0.79281,0.84197,0.57126,1.12432,0.51955,0.84808,0,0,0,0,0,0,0,0,0,0,0,0,0,0,0,0,0,0,0,0,0,0,0,0,0,0,0,0,0,0,0,0.57126,0.00106722,0.000355739,0.00106722,0.000355739,0.00106722,0.000355739,0.00106722,0.000355739
480,46029.6,0.90654,0.44965,0.81711,0,0,0,0,0,0,0.07244,0.02058,0.00204,0,0,0,0,0,0,0,0,0,0,0,0,0,0,0.67801,0.19911,0,0,0.49098,0.04769,0.50051,0.49081,0.8697,0.79296,0.84182,0.57095,1.12503,0.52011,0.84815,0,0,0,0,0,0,0,0,0,0,0,0,0,0,0,0,0,0,0,0,0,0,0,0,0,0,0,0,0,0,0,0.57095,0.00106166,0.000353886,0.00106166,0.000353886,0.00106166,0.000353886,0.00106166,0.000353886
481,46124.9,0.90513,0.44575,0.81662,0,0,0,0,0,0,0.09089,0.02058,0.00219,0,0,0,0,0,0,0,0,0,0,0,0,0,0,0.67555,0.2055,0,0,0.49092,0.04768,0.49976,0.49076,0.86876,0.79387,0.84189,0.57102,1.1252,0.52041,0.84825,0,0,0,0,0,0,0,0,0,0,0,0,0,0,0,0,0,0,0,0,0,0,0,0,0,0,0,0,0,0,0,0.57102,0.00105611,0.000352037,0.00105611,0.000352037,0.00105611,0.000352037,0.00105611,0.000352037
482,46217.4,0.89767,0.44704,0.81733,0,0,0,0,0,0,0.07413,0.02047,0.0017,3e-05,0,0,0,0,0,0,0,0,0,0,0,0,0,0.66671,0.21432,0,0,0.49093,0.04772,0.4995,0.49071,0.86987,0.79204,0.84181,0.57081,1.12485,0.52027,0.84813,0,0,0,0,0,0,0,0,0,0,0,0,0,0,0,0,0,0,0,0,0,0,0,0,0,0,0,0,0,0,0,0.57081,0.00105057,0.000350189,0.00105057,0.000350189,0.00105057,0.000350189,0.00105057,0.000350189
483,46311.7,0.90496,0.44723,0.8185,0,0,0,0,0,0,0.06968,0.02042,0.00164,0,0,0,0,0,0,0,0,0,0,0,0,0,0,0.67691,0.2118,0,0,0.4909,0.04767,0.50011,0.49066,0.86995,0.79133,0.84181,0.57102,1.12438,0.52085,0.84808,0,0,0,0,0,0,0,0,0,0,0,0,0,0,0,0,0,0,0,0,0,0,0,0,0,0,0,0,0,0,0,0.57102,0.00104503,0.000348344,0.00104503,0.000348344,0.00104503,0.000348344,0.00104503,0.000348344
484,46405.9,0.90247,0.44589,0.81646,0,0,0,0,0,0,0.06877,0.02035,0.00134,0,0,0,0,0,0,0,0,0,0,0,0,0,0,0.67277,0.22459,0,0,0.49092,0.0477,0.50116,0.49068,0.86864,0.7932,0.84209,0.57119,1.12401,0.52052,0.84799,0,0,0,0,0,0,0,0,0,0,0,0,0,0,0,0,0,0,0,0,0,0,0,0,0,0,0,0,0,0,0,0.57119,0.0010395,0.000346501,0.0010395,0.000346501,0.0010395,0.000346501,0.0010395,0.000346501
485,46500.3,0.90762,0.45028,0.81716,0,0,0,0,0,0,0.0708,0.02185,0.00172,0,0,0,0,0,0,0,0,0,0,0,0,0,0,0.69114,0.23487,0,0,0.49097,0.04771,0.49973,0.49073,0.86917,0.79354,0.84194,0.57114,1.12392,0.52082,0.84795,0,0,0,0,0,0,0,0,0,0,0,0,0,0,0,0,0,0,0,0,0,0,0,0,0,0,0,0,0,0,0,0.57114,0.00103398,0.000344661,0.00103398,0.000344661,0.00103398,0.000344661,0.00103398,0.000344661
486,46596.1,0.90354,0.44952,0.81807,0,0,0,0,0,0,0.06739,0.02391,0.00091,0,0,0,0,0,0,0,0,0,0,0,0,0,0,0.659,0.23115,0,0,0.49095,0.04765,0.50083,0.49072,0.86892,0.79346,0.84178,0.57108,1.12442,0.52076,0.84801,0,0,0,0,0,0,0,0,0,0,0,0,0,0,0,0,0,0,0,0,0,0,0,0,0,0,0,0,0,0,0,0.57108,0.00102847,0.000342823,0.00102847,0.000342823,0.00102847,0.000342823,0.00102847,0.000342823
487,46691.3,0.90354,0.44778,0.81573,0,0,0,0,0,0,0.0672,0.024,0.00075,0,0,0,0,0,0,0,0,0,0,0,0,0,0,0.64344,0.22714,0,0,0.49092,0.04775,0.50111,0.49069,0.86911,0.79362,0.84218,0.57122,1.12411,0.52069,0.84795,0,0,0,0,0,0,0,0,0,0,0,0,0,0,0,0,0,0,0,0,0,0,0,0,0,0,0,0,0,0,0,0.57122,0.00102296,0.000340988,0.00102296,0.000340988,0.00102296,0.000340988,0.00102296,0.000340988
488,46791.2,0.90341,0.44627,0.81614,0,0,0,0,0,0,0.07119,0.02407,0.0011,0,0,0,0,0,0,0,0,0,0,0,0,0,0,0.6566,0.22986,0,0,0.49094,0.04768,0.50044,0.49071,0.86827,0.79417,0.84182,0.57125,1.12399,0.52051,0.84792,0,0,0,0,0,0,0,0,0,0,0,0,0,0,0,0,0,0,0,0,0,0,0,0,0,0,0,0,0,0,0,0.57125,0.00101746,0.000339155,0.00101746,0.000339155,0.00101746,0.000339155,0.00101746,0.000339155
489,46888.6,0.90254,0.44794,0.81715,0,0,0,0,0,0,0.06974,0.02396,0.0015,1e-05,0,0,0,0,0,0,0,0,0,0,0,0,0,0.68594,0.21415,0,0,0.49092,0.04765,0.50121,0.49069,0.86744,0.79493,0.84155,0.57156,1.1235,0.52027,0.84787,0,0,0,0,0,0,0,0,0,0,0,0,0,0,0,0,0,0,0,0,0,0,0,0,0,0,0,0,0,0,0,0.57156,0.00101197,0.000337325,0.00101197,0.000337325,0.00101197,0.000337325,0.00101197,0.000337325
490,46993.9,0.89871,0.44564,0.81691,0,0,0,0,0,0,0.06782,0.02405,0.00091,0,0,0,0,0,0,0,0,0,0,0,0,0,0,0.63944,0.21259,0,0,0.49091,0.04769,0.50205,0.49068,0.86876,0.79312,0.84113,0.57136,1.12315,0.52046,0.84791,0,0,0,0,0,0,0,0,0,0,0,0,0,0,0,0,0,0,0,0,0,0,0,0,0,0,0,0,0,0,0,0.57136,0.00100649,0.000335497,0.00100649,0.000335497,0.00100649,0.000335497,0.00100649,0.000335497
491,47097,0.9028,0.44654,0.81822,0,0,0,0,0,0,0.06923,0.02408,0.00088,0,0,0,0,0,0,0,0,0,0,0,0,0,0,0.64608,0.21351,0,0,0.49093,0.04767,0.50164,0.49071,0.86918,0.79283,0.84168,0.57131,1.12339,0.52042,0.84795,0,0,0,0,0,0,0,0,0,0,0,0,0,0,0,0,0,0,0,0,0,0,0,0,0,0,0,0,0,0,0,0.57131,0.00100102,0.000333672,0.00100102,0.000333672,0.00100102,0.000333672,0.00100102,0.000333672
492,47203.6,0.89977,0.44666,0.81628,0,0,0,0,0,0,0.06751,0.02407,0.00077,0,0,0,0,0,0,0,0,0,0,0,0,0,0,0.64729,0.21596,0,0,0.49092,0.04768,0.50083,0.49069,0.86861,0.79326,0.84169,0.57179,1.12307,0.52038,0.84786,0,0,0,0,0,0,0,0,0,0,0,0,0,0,0,0,0,0,0,0,0,0,0,0,0,0,0,0,0,0,0,0.57179,0.000995549,0.00033185,0.000995549,0.00033185,0.000995549,0.00033185,0.000995549,0.00033185
493,47300.3,0.89652,0.44596,0.81646,0,0,0,0,0,0,0.06704,0.02339,0.00079,0,0,0,0,0,0,0,0,0,0,0,0,0,0,0.64165,0.21181,0,0,0.49089,0.04774,0.50123,0.49066,0.86737,0.79375,0.84185,0.57166,1.12325,0.52064,0.84788,0,0,0,0,0,0,0,0,0,0,0,0,0,0,0,0,0,0,0,0,0,0,0,0,0,0,0,0,0,0,0,0.57166,0.00099009,0.00033003,0.00099009,0.00033003,0.00099009,0.00033003,0.00099009,0.00033003
494,47400,0.8913,0.44565,0.81747,0,0,0,0,0,0,0.06865,0.02033,0.00083,0,0,0,0,0,0,0,0,0,0,0,0,0,0,0.64507,0.19956,0,0,0.49093,0.04771,0.50102,0.4907,0.86666,0.79337,0.8416,0.5715,1.12366,0.52073,0.84793,0,0,0,0,0,0,0,0,0,0,0,0,0,0,0,0,0,0,0,0,0,0,0,0,0,0,0,0,0,0,0,0.5715,0.000984639,0.000328213,0.000984639,0.000328213,0.000984639,0.000328213,0.000984639,0.000328213
495,47493.7,0.90099,0.44571,0.8173,0,0,0,0,0,0,0.06598,0.02032,0.00085,0,0,0,0,0,0,0,0,0,0,0,0,0,0,0.63758,0.19456,0,0,0.49091,0.04767,0.50095,0.49069,0.8627,0.79727,0.84184,0.57171,1.12376,0.52065,0.84797,0,0,0,0,0,0,0,0,0,0,0,0,0,0,0,0,0,0,0,0,0,0,0,0,0,0,0,0,0,0,0,0.57171,0.000979196,0.000326399,0.000979196,0.000326399,0.000979196,0.000326399,0.000979196,0.000326399
496,47589.4,0.89753,0.44241,0.81606,0,0,0,0,0,0,0.06739,0.02025,0.00147,0.0002,0,0,0,0,0,0,0,0,0,0,0,0,0,0.66892,0.20486,0,0,0.49093,0.04767,0.50139,0.4907,0.86328,0.79721,0.84194,0.5718,1.12467,0.52081,0.84809,0,0,0,0,0,0,0,0,0,0,0,0,0,0,0,0,0,0,0,0,0,0,0,0,0,0,0,0,0,0,0,0.5718,0.000973761,0.000324587,0.000973761,0.000324587,0.000973761,0.000324587,0.000973761,0.000324587
497,47682.3,0.89653,0.44615,0.81807,0,0,0,0,0,0,0.06808,0.02025,0.00094,0,0,0,0,0,0,0,0,0,0,0,0,0,0,0.64596,0.20273,0,0,0.49097,0.04767,0.50136,0.49074,0.86629,0.79342,0.84208,0.57169,1.12504,0.52111,0.84813,0,0,0,0,0,0,0,0,0,0,0,0,0,0,0,0,0,0,0,0,0,0,0,0,0,0,0,0,0,0,0,0.57169,0.000968335,0.000322778,0.000968335,0.000322778,0.000968335,0.000322778,0.000968335,0.000322778
498,47774.5,0.8912,0.4439,0.8166,0,0,0,0,0,0,0.06798,0.02026,0.00078,0,0,0,0,0,0,0,0,0,0,0,0,0,0,0.6333,0.20611,0,0,0.4909,0.04769,0.50169,0.49067,0.86771,0.79353,0.84246,0.57174,1.12533,0.52111,0.84825,0,0,0,0,0,0,0,0,0,0,0,0,0,0,0,0,0,0,0,0,0,0,0,0,0,0,0,0,0,0,0,0.57174,0.000962917,0.000320972,0.000962917,0.000320972,0.000962917,0.000320972,0.000962917,0.000320972
499,47866.1,0.89121,0.44252,0.81721,0,0,0,0,0,0,0.06702,0.02024,0.00092,0,0,0,0,0,0,0,0,0,0,0,0,0,0,0.64582,0.2102,0,0,0.4909,0.04765,0.50203,0.49066,0.86776,0.79392,0.84269,0.57181,1.12586,0.52154,0.84825,0,0,0,0,0,0,0,0,0,0,0,0,0,0,0,0,0,0,0,0,0,0,0,0,0,0,0,0,0,0,0,0.57181,0.000957508,0.000319169,0.000957508,0.000319169,0.000957508,0.000319169,0.000957508,0.000319169
500,47958.9,0.89248,0.44385,0.81508,0,0,0,0,0,0,0.06685,0.0203,0.00076,0,0,0,0,0,0,0,0,0,0,0,0,0,0,0.63618,0.21016,0,0,0.4909,0.04771,0.50118,0.49066,0.86753,0.79339,0.84317,0.57179,1.12621,0.52194,0.84828,0,0,0,0,0,0,0,0,0,0,0,0,0,0,0,0,0,0,0,0,0,0,0,0,0,0,0,0,0,0,0,0.57179,0.000952107,0.000317369,0.000952107,0.000317369,0.000952107,0.000317369,0.000952107,0.000317369
501,48056.7,0.89346,0.4428,0.8177,0,0,0,0,0,0,0.06903,0.02024,0.00077,0,0,0,0,0,0,0,0,0,0,0,0,0,0,0.63075,0.20596,0,0,0.49088,0.04768,0.5004,0.49066,0.86784,0.79274,0.8429,0.57175,1.12531,0.52175,0.84817,0,0,0,0,0,0,0,0,0,0,0,0,0,0,0,0,0,0,0,0,0,0,0,0,0,0,0,0,0,0,0,0.57175,0.000946715,0.000315572,0.000946715,0.000315572,0.000946715,0.000315572,0.000946715,0.000315572
502,48152.5,0.89611,0.44397,0.81665,0,0,0,0,0,0,0.06847,0.01672,0.00072,0,0,0,0,0,0,0,0,0,0,0,0,0,0,0.6271,0.20395,0,0,0.49094,0.0477,0.5013,0.4907,0.86892,0.79263,0.8431,0.5722,1.12511,0.5215,0.84818,0,0,0,0,0,0,0,0,0,0,0,0,0,0,0,0,0,0,0,0,0,0,0,0,0,0,0,0,0,0,0,0.5722,0.000941332,0.000313777,0.000941332,0.000313777,0.000941332,0.000313777,0.000941332,0.000313777
503,48248.6,0.89626,0.44338,0.81645,0,0,0,0,0,0,0.06815,0.01275,0.00074,0,0,0,0,0,0,0,0,0,0,0,0,0,0,0.63919,0.21346,0,0,0.49093,0.04767,0.50096,0.49071,0.86936,0.79237,0.84292,0.57209,1.12547,0.52175,0.84822,0,0,0,0,0,0,0,0,0,0,0,0,0,0,0,0,0,0,0,0,0,0,0,0,0,0,0,0,0,0,0,0.57209,0.000935957,0.000311986,0.000935957,0.000311986,0.000935957,0.000311986,0.000935957,0.000311986
504,48348.4,0.89564,0.44355,0.81644,0,0,0,0,0,0,0.06774,0.01276,0.00073,0,0,0,0,0,0,0,0,0,0,0,0,0,0,0.63424,0.21509,0,0,0.49091,0.04764,0.50152,0.49071,0.87267,0.79031,0.84322,0.57206,1.12543,0.52216,0.84822,0,0,0,0,0,0,0,0,0,0,0,0,0,0,0,0,0,0,0,0,0,0,0,0,0,0,0,0,0,0,0,0.57206,0.000930592,0.000310197,0.000930592,0.000310197,0.000930592,0.000310197,0.000930592,0.000310197
505,48443.1,0.89812,0.44442,0.81641,0,0,0,0,0,0,0.06928,0.01284,0.00076,0,0,0,0,0,0,0,0,0,0,0,0,0,0,0.63401,0.20709,0,0,0.49093,0.04772,0.5014,0.4907,0.87169,0.79032,0.84211,0.57156,1.12626,0.52236,0.84833,0,0,0,0,0,0,0,0,0,0,0,0,0,0,0,0,0,0,0,0,0,0,0,0,0,0,0,0,0,0,0,0.57156,0.000925235,0.000308412,0.000925235,0.000308412,0.000925235,0.000308412,0.000925235,0.000308412
506,48537,0.89372,0.44327,0.81829,0,0,0,0,0,0,0.06924,0.01268,0.00091,0,0,0,0,0,0,0,0,0,0,0,0,0,0,0.63926,0.20537,0,0,0.49094,0.04773,0.50184,0.49072,0.8717,0.78988,0.84208,0.57148,1.12684,0.52264,0.84836,0,0,0,0,0,0,0,0,0,0,0,0,0,0,0,0,0,0,0,0,0,0,0,0,0,0,0,0,0,0,0,0.57148,0.000919888,0.000306629,0.000919888,0.000306629,0.000919888,0.000306629,0.000919888,0.000306629
507,48631.7,0.89624,0.44176,0.81562,0,0,0,0,0,0,0.06568,0.01264,0.00085,0,0,0,0,0,0,0,0,0,0,0,0,0,0,0.6546,0.22125,0,0,0.49089,0.04765,0.50183,0.49065,0.87344,0.78867,0.84162,0.57145,1.12751,0.52287,0.8484,0,0,0,0,0,0,0,0,0,0,0,0,0,0,0,0,0,0,0,0,0,0,0,0,0,0,0,0,0,0,0,0.57145,0.00091455,0.00030485,0.00091455,0.00030485,0.00091455,0.00030485,0.00091455,0.00030485
508,48727.5,0.89395,0.44291,0.81847,0,0,0,0,0,0,0.06808,0.01246,0.00092,0,0,0,0,0,0,0,0,0,0,0,0,0,0,0.65386,0.20947,0,0,0.4909,0.04771,0.50258,0.49066,0.87258,0.78909,0.84161,0.5713,1.12648,0.52239,0.84834,0,0,0,0,0,0,0,0,0,0,0,0,0,0,0,0,0,0,0,0,0,0,0,0,0,0,0,0,0,0,0,0.5713,0.000909221,0.000303074,0.000909221,0.000303074,0.000909221,0.000303074,0.000909221,0.000303074
509,48822.4,0.89883,0.44376,0.81777,0,0,0,0,0,0,0.06642,0.01225,0.0008,0,0,0,0,0,0,0,0,0,0,0,0,0,0,0.64404,0.2052,0,0,0.49089,0.04769,0.50249,0.49065,0.87328,0.78905,0.84202,0.57127,1.12611,0.52251,0.84828,0,0,0,0,0,0,0,0,0,0,0,0,0,0,0,0,0,0,0,0,0,0,0,0,0,0,0,0,0,0,0,0.57127,0.000903901,0.0003013,0.000903901,0.0003013,0.000903901,0.0003013,0.000903901,0.0003013
510,48913.7,0.8957,0.44436,0.81498,0,0,0,0,0,0,0.06941,0.01225,0.0008,0,0,0,0,0,0,0,0,0,0,0,0,0,0,0.64639,0.21262,0,0,0.49094,0.04766,0.50096,0.49071,0.87208,0.79003,0.84211,0.57182,1.12576,0.52233,0.84818,0,0,0,0,0,0,0,0,0,0,0,0,0,0,0,0,0,0,0,0,0,0,0,0,0,0,0,0,0,0,0,0.57182,0.000898591,0.00029953,0.000898591,0.00029953,0.000898591,0.00029953,0.000898591,0.00029953
511,49006.3,0.89204,0.44541,0.81574,0,0,0,0,0,0,0.06603,0.0048,0.00071,0,0,0,0,0,0,0,0,0,0,0,0,0,0,0.65099,0.21368,0,0,0.49086,0.04768,0.50067,0.49065,0.87154,0.7902,0.84177,0.57206,1.12533,0.52303,0.84813,0,0,0,0,0,0,0,0,0,0,0,0,0,0,0,0,0,0,0,0,0,0,0,0,0,0,0,0,0,0,0,0.57206,0.00089329,0.000297763,0.00089329,0.000297763,0.00089329,0.000297763,0.00089329,0.000297763
512,49099.6,0.89352,0.44452,0.81775,0,0,0,0,0,0,0.0677,0.00252,0.00074,0,0,0,0,0,0,0,0,0,0,0,0,0,0,0.65472,0.21935,0,0,0.49089,0.04772,0.50128,0.49066,0.87281,0.78842,0.84165,0.57179,1.12604,0.52328,0.84816,0,0,0,0,0,0,0,0,0,0,0,0,0,0,0,0,0,0,0,0,0,0,0,0,0,0,0,0,0,0,0,0.57179,0.000887999,0.000296,0.000887999,0.000296,0.000887999,0.000296,0.000887999,0.000296
513,49193.5,0.89159,0.44298,0.81588,0,0,0,0,0,0,0.06696,0.00247,0.00074,0,0,0,0,0,0,0,0,0,0,0,0,0,0,0.64284,0.21614,0,0,0.49089,0.04772,0.50078,0.49068,0.87152,0.78939,0.84193,0.57187,1.12702,0.52351,0.84821,0,0,0,0,0,0,0,0,0,0,0,0,0,0,0,0,0,0,0,0,0,0,0,0,0,0,0,0,0,0,0,0.57187,0.000882718,0.000294239,0.000882718,0.000294239,0.000882718,0.000294239,0.000882718,0.000294239
514,49286.1,0.89186,0.44398,0.81763,0,0,0,0,0,0,0.06763,0.00244,0.00075,0,0,0,0,0,0,0,0,0,0,0,0,0,0,0.6347,0.21237,0,0,0.49091,0.04768,0.50088,0.49069,0.87188,0.78942,0.84208,0.57155,1.1276,0.52401,0.84833,0,0,0,0,0,0,0,0,0,0,0,0,0,0,0,0,0,0,0,0,0,0,0,0,0,0,0,0,0,0,0,0.57155,0.000877446,0.000292482,0.000877446,0.000292482,0.000877446,0.000292482,0.000877446,0.000292482
515,49378.9,0.89004,0.44058,0.81538,0,0,0,0,0,0,0.06659,0.00239,0.00076,0,0,0,0,0,0,0,0,0,0,0,0,0,0,0.63473,0.21264,0,0,0.49093,0.04767,0.50126,0.49071,0.87327,0.78895,0.84211,0.5717,1.12665,0.52369,0.84828,0,0,0,0,0,0,0,0,0,0,0,0,0,0,0,0,0,0,0,0,0,0,0,0,0,0,0,0,0,0,0,0.5717,0.000872184,0.000290728,0.000872184,0.000290728,0.000872184,0.000290728,0.000872184,0.000290728
516,49471.8,0.88964,0.44127,0.81566,0,0,0,0,0,0,0.06808,0.00241,0.0007,0,0,0,0,0,0,0,0,0,0,0,0,0,0,0.63184,0.21725,0,0,0.4909,0.04768,0.50134,0.49069,0.87299,0.78802,0.84189,0.57205,1.1268,0.52374,0.84831,0,0,0,0,0,0,0,0,0,0,0,0,0,0,0,0,0,0,0,0,0,0,0,0,0,0,0,0,0,0,0,0.57205,0.000866932,0.000288977,0.000866932,0.000288977,0.000866932,0.000288977,0.000866932,0.000288977
517,49564.1,0.88936,0.44208,0.81639,0,0,0,0,0,0,0.06665,0.00238,0.00089,0,0,0,0,0,0,0,0,0,0,0,0,0,0,0.62384,0.21624,0,0,0.49087,0.0477,0.50194,0.49064,0.87419,0.78857,0.84264,0.57161,1.12751,0.52366,0.84838,0,0,0,0,0,0,0,0,0,0,0,0,0,0,0,0,0,0,0,0,0,0,0,0,0,0,0,0,0,0,0,0.57161,0.00086169,0.00028723,0.00086169,0.00028723,0.00086169,0.00028723,0.00086169,0.00028723
518,49658.1,0.88426,0.43882,0.81396,0,0,0,0,0,0,0.06589,0.00238,0.00073,0.0001,0,0,0,0,0,0,0,0,0,0,0,0,0,0.62547,0.21519,0,0,0.4909,0.04768,0.5012,0.49067,0.8739,0.78753,0.84205,0.57134,1.1286,0.52399,0.8485,0,0,0,0,0,0,0,0,0,0,0,0,0,0,0,0,0,0,0,0,0,0,0,0,0,0,0,0,0,0,0,0.57134,0.000856458,0.000285486,0.000856458,0.000285486,0.000856458,0.000285486,0.000856458,0.000285486
519,49756.4,0.88404,0.44046,0.81432,0,0,0,0,0,0,0.06563,0.00234,0.00078,1e-05,0,0,0,0,0,0,0,0,0,0,0,0,0,0.62361,0.21767,0,0,0.49091,0.04771,0.50142,0.49067,0.87428,0.78684,0.84139,0.57157,1.12841,0.52401,0.84847,0,0,0,0,0,0,0,0,0,0,0,0,0,0,0,0,0,0,0,0,0,0,0,0,0,0,0,0,0,0,0,0.57157,0.000851237,0.000283746,0.000851237,0.000283746,0.000851237,0.000283746,0.000851237,0.000283746
520,49857.9,0.8885,0.43926,0.81646,0,0,0,0,0,0,0.06647,0.00234,0.00078,0,0,0,0,0,0,0,0,0,0,0,0,0,0,0.61985,0.21739,0,0,0.49097,0.04772,0.50041,0.49076,0.87358,0.78742,0.84148,0.57124,1.12826,0.5246,0.84849,0,0,0,0,0,0,0,0,0,0,0,0,0,0,0,0,0,0,0,0,0,0,0,0,0,0,0,0,0,0,0,0.57124,0.000846025,0.000282008,0.000846025,0.000282008,0.000846025,0.000282008,0.000846025,0.000282008
521,49959.1,0.88521,0.43947,0.81509,0,0,0,0,0,0,0.06718,0.00232,0.00072,2e-05,0,0,0,0,0,0,0,0,0,0,0,0,0,0.61148,0.21165,0,0,0.49088,0.0477,0.50128,0.49066,0.87364,0.78698,0.84121,0.57135,1.12796,0.52495,0.84853,0,0,0,0,0,0,0,0,0,0,0,0,0,0,0,0,0,0,0,0,0,0,0,0,0,0,0,0,0,0,0,0.57135,0.000840824,0.000280275,0.000840824,0.000280275,0.000840824,0.000280275,0.000840824,0.000280275
522,50055.2,0.87971,0.43785,0.81365,0,0,0,0,0,0,0.06582,0.00234,0.00083,0,0,0,0,0,0,0,0,0,0,0,0,0,0,0.62947,0.21778,0,0,0.49089,0.04768,0.5015,0.49066,0.87322,0.78622,0.84096,0.57157,1.12813,0.5251,0.84848,0,0,0,0,0,0,0,0,0,0,0,0,0,0,0,0,0,0,0,0,0,0,0,0,0,0,0,0,0,0,0,0.57157,0.000835633,0.000278544,0.000835633,0.000278544,0.000835633,0.000278544,0.000835633,0.000278544
523,50147.6,0.88091,0.43737,0.81446,0,0,0,0,0,0,0.06744,0.00233,0.00083,0,0,0,0,0,0,0,0,0,0,0,0,0,0,0.64236,0.2144,0,0,0.49088,0.04764,0.50092,0.49065,0.87415,0.78657,0.84138,0.57174,1.12801,0.52535,0.8485,0,0,0,0,0,0,0,0,0,0,0,0,0,0,0,0,0,0,0,0,0,0,0,0,0,0,0,0,0,0,0,0.57174,0.000830453,0.000276818,0.000830453,0.000276818,0.000830453,0.000276818,0.000830453,0.000276818
524,50243.1,0.88551,0.4387,0.81671,0,0,0,0,0,0,0.06594,0.00233,0.00089,0,0,0,0,0,0,0,0,0,0,0,0,0,0,0.63291,0.21141,0,0,0.49093,0.04765,0.50124,0.49071,0.87313,0.78716,0.84125,0.57187,1.12799,0.52576,0.84854,0,0,0,0,0,0,0,0,0,0,0,0,0,0,0,0,0,0,0,0,0,0,0,0,0,0,0,0,0,0,0,0.57187,0.000825283,0.000275094,0.000825283,0.000275094,0.000825283,0.000275094,0.000825283,0.000275094
525,50336.5,0.88667,0.44044,0.81569,0,0,0,0,0,0,0.06541,0.00234,0.00079,0,0,0,0,0,0,0,0,0,0,0,0,0,0,0.61879,0.2119,0,0,0.49091,0.04772,0.50167,0.49068,0.87305,0.78742,0.84186,0.57167,1.12841,0.52601,0.84849,0,0,0,0,0,0,0,0,0,0,0,0,0,0,0,0,0,0,0,0,0,0,0,0,0,0,0,0,0,0,0,0.57167,0.000820124,0.000273375,0.000820124,0.000273375,0.000820124,0.000273375,0.000820124,0.000273375
526,50433.1,0.8829,0.4368,0.81554,0,0,0,0,0,0,0.0677,0.00232,0.0007,0,0,0,0,0,0,0,0,0,0,0,0,0,0,0.6175,0.21072,0,0,0.49098,0.04771,0.50189,0.49075,0.87204,0.78762,0.84157,0.57161,1.12795,0.52648,0.84842,0,0,0,0,0,0,0,0,0,0,0,0,0,0,0,0,0,0,0,0,0,0,0,0,0,0,0,0,0,0,0,0.57161,0.000814976,0.000271659,0.000814976,0.000271659,0.000814976,0.000271659,0.000814976,0.000271659
527,50526.3,0.88043,0.43718,0.81533,0,0,0,0,0,0,0.06754,0.00233,0.00066,0,0,0,0,0,0,0,0,0,0,0,0,0,0,0.62229,0.21118,0,0,0.49093,0.0477,0.50047,0.49073,0.87312,0.78767,0.84179,0.57155,1.12858,0.52687,0.84847,0,0,0,0,0,0,0,0,0,0,0,0,0,0,0,0,0,0,0,0,0,0,0,0,0,0,0,0,0,0,0,0.57155,0.000809838,0.000269946,0.000809838,0.000269946,0.000809838,0.000269946,0.000809838,0.000269946
528,50622.4,0.87931,0.43683,0.8159,0,0,0,0,0,0,0.06595,0.00233,0.00064,0,0,0,0,0,0,0,0,0,0,0,0,0,0,0.62485,0.21606,0,0,0.4909,0.0477,0.50179,0.49066,0.87289,0.78806,0.84155,0.57132,1.12891,0.52694,0.84856,0,0,0,0,0,0,0,0,0,0,0,0,0,0,0,0,0,0,0,0,0,0,0,0,0,0,0,0,0,0,0,0.57132,0.000804712,0.000268237,0.000804712,0.000268237,0.000804712,0.000268237,0.000804712,0.000268237
529,50715.6,0.88598,0.43951,0.81563,0,0,0,0,0,0,0.06704,0.00231,0.00062,0,0,0,0,0,0,0,0,0,0,0,0,0,0,0.61091,0.20544,0,0,0.4909,0.04768,0.50181,0.49067,0.87234,0.78828,0.84205,0.57155,1.12885,0.52715,0.84858,0,0,0,0,0,0,0,0,0,0,0,0,0,0,0,0,0,0,0,0,0,0,0,0,0,0,0,0,0,0,0,0.57155,0.000799596,0.000266532,0.000799596,0.000266532,0.000799596,0.000266532,0.000799596,0.000266532
530,50808.6,0.88467,0.43921,0.81604,0,0,0,0,0,0,0.06693,0.0023,0.00061,1e-05,0,0,0,0,0,0,0,0,0,0,0,0,0,0.61954,0.20687,0,0,0.49093,0.04766,0.50086,0.49071,0.87355,0.78836,0.84233,0.57152,1.12951,0.52759,0.84862,0,0,0,0,0,0,0,0,0,0,0,0,0,0,0,0,0,0,0,0,0,0,0,0,0,0,0,0,0,0,0,0.57152,0.000794491,0.00026483,0.000794491,0.00026483,0.000794491,0.00026483,0.000794491,0.00026483
531,50901.8,0.88212,0.43869,0.81523,0,0,0,0,0,0,0.06664,0.00228,0.00062,1e-05,0,0,0,0,0,0,0,0,0,0,0,0,0,0.61597,0.2058,0,0,0.49084,0.04767,0.50168,0.49062,0.87268,0.78879,0.84207,0.57148,1.12899,0.52732,0.84855,0,0,0,0,0,0,0,0,0,0,0,0,0,0,0,0,0,0,0,0,0,0,0,0,0,0,0,0,0,0,0,0.57148,0.000789397,0.000263132,0.000789397,0.000263132,0.000789397,0.000263132,0.000789397,0.000263132
532,50996.9,0.88238,0.4383,0.81595,0,0,0,0,0,0,0.06644,0.00228,0.00058,0,0,0,0,0,0,0,0,0,0,0,0,0,0,0.62116,0.20844,0,0,0.49093,0.0477,0.5022,0.49069,0.87282,0.78801,0.84205,0.57192,1.12879,0.52723,0.84852,0,0,0,0,0,0,0,0,0,0,0,0,0,0,0,0,0,0,0,0,0,0,0,0,0,0,0,0,0,0,0,0.57192,0.000784315,0.000261438,0.000784315,0.000261438,0.000784315,0.000261438,0.000784315,0.000261438
533,51093.2,0.88519,0.43754,0.81468,0,0,0,0,0,0,0.06627,0.00227,0.0005,0,0,0,0,0,0,0,0,0,0,0,0,0,0,0.6199,0.20784,0,0,0.49093,0.04765,0.50094,0.4907,0.87522,0.78701,0.84257,0.572,1.12863,0.52735,0.84845,0,0,0,0,0,0,0,0,0,0,0,0,0,0,0,0,0,0,0,0,0,0,0,0,0,0,0,0,0,0,0,0.572,0.000779244,0.000259748,0.000779244,0.000259748,0.000779244,0.000259748,0.000779244,0.000259748
534,51186.8,0.88425,0.44037,0.81572,0,0,0,0,0,0,0.06454,0.00228,0.00052,0,0,0,0,0,0,0,0,0,0,0,0,0,0,0.61719,0.20201,0,0,0.49093,0.04769,0.50176,0.49069,0.87399,0.78661,0.84154,0.57136,1.12913,0.52737,0.84856,0,0,0,0,0,0,0,0,0,0,0,0,0,0,0,0,0,0,0,0,0,0,0,0,0,0,0,0,0,0,0,0.57136,0.000774184,0.000258061,0.000774184,0.000258061,0.000774184,0.000258061,0.000774184,0.000258061
535,51279.7,0.87219,0.43537,0.81559,0,0,0,0,0,0,0.06675,0.00229,0.0007,0,0,0,0,0,0,0,0,0,0,0,0,0,0,0.61264,0.20409,0,0,0.49095,0.04769,0.50291,0.49075,0.87245,0.78816,0.84224,0.57181,1.1288,0.52752,0.84853,0,0,0,0,0,0,0,0,0,0,0,0,0,0,0,0,0,0,0,0,0,0,0,0,0,0,0,0,0,0,0,0.57181,0.000769136,0.000256379,0.000769136,0.000256379,0.000769136,0.000256379,0.000769136,0.000256379
536,51371.9,0.87815,0.43879,0.81532,0,0,0,0,0,0,0.06969,0.0023,0.0005,0,0,0,0,0,0,0,0,0,0,0,0,0,0,0.62854,0.20998,0,0,0.49094,0.04769,0.50097,0.49073,0.8725,0.78792,0.84151,0.57169,1.12862,0.52774,0.8485,0,0,0,0,0,0,0,0,0,0,0,0,0,0,0,0,0,0,0,0,0,0,0,0,0,0,0,0,0,0,0,0.57169,0.000764099,0.0002547,0.000764099,0.0002547,0.000764099,0.0002547,0.000764099,0.0002547
537,51463.8,0.87827,0.43585,0.81413,0,0,0,0,0,0,0.06466,0.00228,0.00062,0,0,0,0,0,0,0,0,0,0,0,0,0,0,0.62732,0.21171,0,0,0.49094,0.04766,0.50101,0.49072,0.87295,0.78684,0.84159,0.57125,1.12911,0.52776,0.84855,0,0,0,0,0,0,0,0,0,0,0,0,0,0,0,0,0,0,0,0,0,0,0,0,0,0,0,0,0,0,0,0.57125,0.000759073,0.000253024,0.000759073,0.000253024,0.000759073,0.000253024,0.000759073,0.000253024
538,51560.6,0.87272,0.43352,0.81469,0,0,0,0,0,0,0.06458,0.00228,0.00054,0,0,0,0,0,0,0,0,0,0,0,0,0,0,0.62383,0.20957,0,0,0.49095,0.04772,0.50131,0.49073,0.87187,0.78699,0.84095,0.57139,1.12916,0.52805,0.8485,0,0,0,0,0,0,0,0,0,0,0,0,0,0,0,0,0,0,0,0,0,0,0,0,0,0,0,0,0,0,0,0.57139,0.00075406,0.000251353,0.00075406,0.000251353,0.00075406,0.000251353,0.00075406,0.000251353
539,51656.5,0.88126,0.43686,0.81662,0,0,0,0,0,0,0.06539,0.00227,0.00049,0,0,0,0,0,0,0,0,0,0,0,0,0,0,0.63442,0.20531,0,0,0.49095,0.04763,0.50063,0.49074,0.87246,0.7865,0.8409,0.57186,1.12839,0.52834,0.84843,0,0,0,0,0,0,0,0,0,0,0,0,0,0,0,0,0,0,0,0,0,0,0,0,0,0,0,0,0,0,0,0.57186,0.000749058,0.000249686,0.000749058,0.000249686,0.000749058,0.000249686,0.000749058,0.000249686
540,51757.3,0.87669,0.43429,0.81462,0,0,0,0,0,0,0.0655,0.00229,0.00062,2e-05,0,0,0,0,0,0,0,0,0,0,0,0,0,0.62273,0.19634,0,0,0.49089,0.04766,0.50052,0.49067,0.87306,0.78649,0.84178,0.57185,1.12803,0.52837,0.84841,0,0,0,0,0,0,0,0,0,0,0,0,0,0,0,0,0,0,0,0,0,0,0,0,0,0,0,0,0,0,0,0.57185,0.000744068,0.000248023,0.000744068,0.000248023,0.000744068,0.000248023,0.000744068,0.000248023
541,51854.9,0.88111,0.43819,0.8144,0,0,0,0,0,0,0.06996,0.00226,0.00092,0,0,0,0,0,0,0,0,0,0,0,0,0,0,0.65214,0.194,0,0,0.49095,0.04768,0.50038,0.49075,0.875,0.78593,0.84199,0.57208,1.12794,0.52834,0.84837,0,0,0,0,0,0,0,0,0,0,0,0,0,0,0,0,0,0,0,0,0,0,0,0,0,0,0,0,0,0,0,0.57208,0.00073909,0.000246363,0.00073909,0.000246363,0.00073909,0.000246363,0.00073909,0.000246363
542,51955.4,0.87286,0.43355,0.81515,0,0,0,0,0,0,0.07017,0.00225,0.00125,1e-05,0,0,0,0,0,0,0,0,0,0,0,0,0,0.63944,0.18226,0,0,0.49092,0.04768,0.5002,0.49077,0.874,0.78738,0.84234,0.57206,1.12889,0.52879,0.84847,0,0,0,0,0,0,0,0,0,0,0,0,0,0,0,0,0,0,0,0,0,0,0,0,0,0,0,0,0,0,0,0.57206,0.000734123,0.000244708,0.000734123,0.000244708,0.000734123,0.000244708,0.000734123,0.000244708
543,52055.9,0.87677,0.43342,0.81504,0,0,0,0,0,0,0.06615,0.00228,0.00145,1e-05,0,0,0,0,0,0,0,0,0,0,0,0,0,0.64532,0.18769,0,0,0.49093,0.04767,0.50053,0.4907,0.8735,0.78733,0.84171,0.57188,1.12855,0.5285,0.84841,0,0,0,0,0,0,0,0,0,0,0,0,0,0,0,0,0,0,0,0,0,0,0,0,0,0,0,0,0,0,0,0.57188,0.000729169,0.000243056,0.000729169,0.000243056,0.000729169,0.000243056,0.000729169,0.000243056
544,52155.5,0.87173,0.43463,0.81608,0,0,0,0,0,0,0.06809,0.00485,0.00216,3e-05,0,0,0,0,0,0,0,0,0,0,0,0,0,0.67483,0.18709,0,0,0.49091,0.04768,0.49897,0.49071,0.87406,0.7882,0.84236,0.57165,1.12948,0.52867,0.84848,0,0,0,0,0,0,0,0,0,0,0,0,0,0,0,0,0,0,0,0,0,0,0,0,0,0,0,0,0,0,0,0.57165,0.000724227,0.000241409,0.000724227,0.000241409,0.000724227,0.000241409,0.000724227,0.000241409
545,52256.4,0.87645,0.43649,0.81596,0,0,0,0,0,0,0.06814,0.01067,0.00092,6e-05,0,0,0,0,0,0,0,0,0,0,0,0,0,0.65349,0.19159,0,0,0.49089,0.04772,0.50023,0.49066,0.87402,0.78819,0.84279,0.57133,1.12964,0.52898,0.84855,0,0,0,0,0,0,0,0,0,0,0,0,0,0,0,0,0,0,0,0,0,0,0,0,0,0,0,0,0,0,0,0.57133,0.000719297,0.000239766,0.000719297,0.000239766,0.000719297,0.000239766,0.000719297,0.000239766
546,52359.3,0.87732,0.43778,0.814,0,0,0,0,0,0,0.06624,0.01113,0.00124,0,0,0,0,0,0,0,0,0,0,0,0,0,0,0.64293,0.18354,0,0,0.49093,0.04773,0.50199,0.49068,0.87273,0.78854,0.84235,0.57157,1.12963,0.52922,0.84857,0,0,0,0,0,0,0,0,0,0,0,0,0,0,0,0,0,0,0,0,0,0,0,0,0,0,0,0,0,0,0,0.57157,0.00071438,0.000238127,0.00071438,0.000238127,0.00071438,0.000238127,0.00071438,0.000238127
547,52456.2,0.88036,0.43748,0.81411,0,0,0,0,0,0,0.06643,0.01098,0.00078,0,0,0,0,0,0,0,0,0,0,0,0,0,0,0.63846,0.19976,0,0,0.49089,0.04766,0.50102,0.49065,0.87285,0.78883,0.84242,0.57165,1.1298,0.52915,0.84859,0,0,0,0,0,0,0,0,0,0,0,0,0,0,0,0,0,0,0,0,0,0,0,0,0,0,0,0,0,0,0,0.57165,0.000709474,0.000236491,0.000709474,0.000236491,0.000709474,0.000236491,0.000709474,0.000236491
548,52551.5,0.86784,0.43235,0.81487,0,0,0,0,0,0,0.06511,0.0109,0.00064,0,0,0,0,0,0,0,0,0,0,0,0,0,0,0.63683,0.20784,0,0,0.4909,0.04764,0.50142,0.49068,0.87492,0.78901,0.84317,0.57161,1.12996,0.52955,0.84869,0,0,0,0,0,0,0,0,0,0,0,0,0,0,0,0,0,0,0,0,0,0,0,0,0,0,0,0,0,0,0,0.57161,0.000704581,0.00023486,0.000704581,0.00023486,0.000704581,0.00023486,0.000704581,0.00023486
549,52645.6,0.87386,0.43511,0.81523,0,0,0,0,0,0,0.06571,0.01086,0.0015,0.00011,0,0,0,0,0,0,0,0,0,0,0,0,0,0.69098,0.20404,0,0,0.49094,0.0477,0.49965,0.49071,0.87604,0.78777,0.84349,0.57185,1.13029,0.5304,0.84874,0,0,0,0,0,0,0,0,0,0,0,0,0,0,0,0,0,0,0,0,0,0,0,0,0,0,0,0,0,0,0,0.57185,0.000699701,0.000233234,0.000699701,0.000233234,0.000699701,0.000233234,0.000699701,0.000233234
550,52739.7,0.87026,0.43231,0.8136,0,0,0,0,0,0,0.06653,0.01171,0.00164,0,0,0,0,0,0,0,0,0,0,0,0,0,0,0.67772,0.19268,0,0,0.4909,0.0477,0.50063,0.49066,0.87425,0.78804,0.84262,0.57175,1.13062,0.53096,0.84878,0,0,0,0,0,0,0,0,0,0,0,0,0,0,0,0,0,0,0,0,0,0,0,0,0,0,0,0,0,0,0,0.57175,0.000694833,0.000231611,0.000694833,0.000231611,0.000694833,0.000231611,0.000694833,0.000231611
551,52833.1,0.87438,0.43371,0.81442,0,0,0,0,0,0,0.06552,0.01487,0.00061,0,0,0,0,0,0,0,0,0,0,0,0,0,0,0.62254,0.18718,0,0,0.49094,0.04769,0.50011,0.49073,0.87326,0.78822,0.84246,0.5718,1.13074,0.5313,0.84879,0,0,0,0,0,0,0,0,0,0,0,0,0,0,0,0,0,0,0,0,0,0,0,0,0,0,0,0,0,0,0,0.5718,0.000689978,0.000229993,0.000689978,0.000229993,0.000689978,0.000229993,0.000689978,0.000229993
552,52926.6,0.87116,0.43367,0.81393,0,0,0,0,0,0,0.06464,0.0154,0.0007,0,0,0,0,0,0,0,0,0,0,0,0,0,0,0.61522,0.18936,0,0,0.49094,0.04767,0.50176,0.4907,0.87325,0.78929,0.84262,0.57154,1.13151,0.53164,0.84884,0,0,0,0,0,0,0,0,0,0,0,0,0,0,0,0,0,0,0,0,0,0,0,0,0,0,0,0,0,0,0,0.57154,0.000685136,0.000228379,0.000685136,0.000228379,0.000685136,0.000228379,0.000685136,0.000228379
553,53018.8,0.87619,0.43512,0.81438,0,0,0,0,0,0,0.06522,0.01542,0.00106,0,0,0,0,0,0,0,0,0,0,0,0,0,0,0.63679,0.18978,0,0,0.49092,0.04772,0.50082,0.49068,0.8751,0.78808,0.84316,0.57143,1.13195,0.53215,0.84886,0,0,0,0,0,0,0,0,0,0,0,0,0,0,0,0,0,0,0,0,0,0,0,0,0,0,0,0,0,0,0,0.57143,0.000680306,0.000226769,0.000680306,0.000226769,0.000680306,0.000226769,0.000680306,0.000226769
554,53113.6,0.87388,0.43379,0.81309,0,0,0,0,0,0,0.06475,0.01545,0.00071,0,0,0,0,0,0,0,0,0,0,0,0,0,0,0.64684,0.19748,0,0,0.49091,0.04767,0.50109,0.4907,0.87527,0.78651,0.84281,0.57148,1.13179,0.53222,0.84889,0,0,0,0,0,0,0,0,0,0,0,0,0,0,0,0,0,0,0,0,0,0,0,0,0,0,0,0,0,0,0,0.57148,0.000675489,0.000225163,0.000675489,0.000225163,0.000675489,0.000225163,0.000675489,0.000225163
555,53212.1,0.87157,0.43111,0.81296,0,0,0,0,0,0,0.0672,0.0154,0.0006,0,0,0,0,0,0,0,0,0,0,0,0,0,0,0.66045,0.20515,0,0,0.49087,0.0477,0.50017,0.49066,0.87309,0.78866,0.84275,0.57144,1.13182,0.53293,0.84887,0,0,0,0,0,0,0,0,0,0,0,0,0,0,0,0,0,0,0,0,0,0,0,0,0,0,0,0,0,0,0,0.57144,0.000670686,0.000223562,0.000670686,0.000223562,0.000670686,0.000223562,0.000670686,0.000223562
556,53308.8,0.8699,0.43518,0.81484,0,0,0,0,0,0,0.0673,0.01542,0.00092,0,0,0,0,0,0,0,0,0,0,0,0,0,0,0.65758,0.2044,0,0,0.49091,0.04768,0.50152,0.49068,0.87457,0.78735,0.84273,0.57139,1.13206,0.53334,0.84895,0,0,0,0,0,0,0,0,0,0,0,0,0,0,0,0,0,0,0,0,0,0,0,0,0,0,0,0,0,0,0,0.57139,0.000665895,0.000221965,0.000665895,0.000221965,0.000665895,0.000221965,0.000665895,0.000221965
557,53403.9,0.87078,0.43431,0.81497,0,0,0,0,0,0,0.06388,0.01541,0.00068,0,0,0,0,0,0,0,0,0,0,0,0,0,0,0.65141,0.20683,0,0,0.49097,0.04768,0.50105,0.49074,0.87464,0.78773,0.84341,0.57131,1.13238,0.53351,0.84896,0,0,0,0,0,0,0,0,0,0,0,0,0,0,0,0,0,0,0,0,0,0,0,0,0,0,0,0,0,0,0,0.57131,0.000661117,0.000220372,0.000661117,0.000220372,0.000661117,0.000220372,0.000661117,0.000220372
558,53498.6,0.86971,0.43213,0.81311,0,0,0,0,0,0,0.06527,0.01543,0.00067,0,0,0,0,0,0,0,0,0,0,0,0,0,0,0.65889,0.20966,0,0,0.49089,0.04766,0.50031,0.49067,0.87575,0.78812,0.84382,0.57146,1.13293,0.53367,0.84903,0,0,0,0,0,0,0,0,0,0,0,0,0,0,0,0,0,0,0,0,0,0,0,0,0,0,0,0,0,0,0,0.57146,0.000656353,0.000218784,0.000656353,0.000218784,0.000656353,0.000218784,0.000656353,0.000218784
559,53594.1,0.87145,0.43458,0.8112,0,0,0,0,0,0,0.06629,0.01113,0.00064,3e-05,0,0,0,0,0,0,0,0,0,0,0,0,0,0.65836,0.20675,0,0,0.49091,0.04777,0.50099,0.49068,0.87158,0.78938,0.84334,0.57164,1.13264,0.53431,0.84897,0,0,0,0,0,0,0,0,0,0,0,0,0,0,0,0,0,0,0,0,0,0,0,0,0,0,0,0,0,0,0,0.57164,0.000651601,0.0002172,0.000651601,0.0002172,0.000651601,0.0002172,0.000651601,0.0002172
560,53686.1,0.87257,0.43337,0.81307,0,0,0,0,0,0,0.06573,0.01086,0.00066,0,0,0,0,0,0,0,0,0,0,0,0,0,0,0.65917,0.20859,0,0,0.49093,0.04764,0.50171,0.4907,0.87269,0.78795,0.8432,0.57155,1.13227,0.53421,0.84898,0,0,0,0,0,0,0,0,0,0,0,0,0,0,0,0,0,0,0,0,0,0,0,0,0,0,0,0,0,0,0,0.57155,0.000646863,0.000215621,0.000646863,0.000215621,0.000646863,0.000215621,0.000646863,0.000215621
561,53779.4,0.8726,0.43462,0.81335,0,0,0,0,0,0,0.06429,0.01085,0.0006,0,0,0,0,0,0,0,0,0,0,0,0,0,0,0.65118,0.20639,0,0,0.49092,0.0477,0.50127,0.4907,0.87221,0.78869,0.84286,0.57138,1.13226,0.53379,0.84899,0,0,0,0,0,0,0,0,0,0,0,0,0,0,0,0,0,0,0,0,0,0,0,0,0,0,0,0,0,0,0,0.57138,0.000642139,0.000214046,0.000642139,0.000214046,0.000642139,0.000214046,0.000642139,0.000214046
562,53876.5,0.8723,0.4343,0.81468,0,0,0,0,0,0,0.06626,0.01088,0.00065,0,0,0,0,0,0,0,0,0,0,0,0,0,0,0.66134,0.20951,0,0,0.49088,0.04765,0.50162,0.49068,0.87287,0.78888,0.84328,0.57135,1.13335,0.53388,0.8491,0,0,0,0,0,0,0,0,0,0,0,0,0,0,0,0,0,0,0,0,0,0,0,0,0,0,0,0,0,0,0,0.57135,0.000637428,0.000212476,0.000637428,0.000212476,0.000637428,0.000212476,0.000637428,0.000212476
563,53970.4,0.86195,0.42948,0.81297,0,0,0,0,0,0,0.06552,0.01085,0.00053,0,0,0,0,0,0,0,0,0,0,0,0,0,0,0.65762,0.21225,0,0,0.49087,0.04769,0.50157,0.49065,0.87259,0.78924,0.84349,0.5711,1.13368,0.53412,0.84907,0,0,0,0,0,0,0,0,0,0,0,0,0,0,0,0,0,0,0,0,0,0,0,0,0,0,0,0,0,0,0,0.5711,0.00063273,0.00021091,0.00063273,0.00021091,0.00063273,0.00021091,0.00063273,0.00021091
564,54063.5,0.87372,0.43497,0.81344,0,0,0,0,0,0,0.06533,0.01085,0.00072,0,0,0,0,0,0,0,0,0,0,0,0,0,0,0.66398,0.2153,0,0,0.49091,0.04771,0.50046,0.49069,0.87319,0.78888,0.84361,0.57083,1.13323,0.53422,0.84906,0,0,0,0,0,0,0,0,0,0,0,0,0,0,0,0,0,0,0,0,0,0,0,0,0,0,0,0,0,0,0,0.57083,0.000628046,0.000209349,0.000628046,0.000209349,0.000628046,0.000209349,0.000628046,0.000209349
565,54157.8,0.86451,0.43114,0.81346,0,0,0,0,0,0,0.06411,0.01086,0.00061,0,0,0,0,0,0,0,0,0,0,0,0,0,0,0.65551,0.21094,0,0,0.49094,0.04771,0.50104,0.49072,0.87355,0.78748,0.84356,0.57131,1.13283,0.5348,0.84905,0,0,0,0,0,0,0,0,0,0,0,0,0,0,0,0,0,0,0,0,0,0,0,0,0,0,0,0,0,0,0,0.57131,0.000623376,0.000207792,0.000623376,0.000207792,0.000623376,0.000207792,0.000623376,0.000207792
566,54251.8,0.86309,0.43003,0.81362,0,0,0,0,0,0,0.06454,0.01085,0.00068,0,0,0,0,0,0,0,0,0,0,0,0,0,0,0.6549,0.20565,0,0,0.49093,0.04773,0.50222,0.49069,0.87294,0.78852,0.843,0.57123,1.13274,0.53461,0.84911,0,0,0,0,0,0,0,0,0,0,0,0,0,0,0,0,0,0,0,0,0,0,0,0,0,0,0,0,0,0,0,0.57123,0.000618719,0.00020624,0.000618719,0.00020624,0.000618719,0.00020624,0.000618719,0.00020624
567,54346.5,0.86525,0.43165,0.81488,0,0,0,0,0,0,0.06412,0.00876,0.00065,0,0,0,0,0,0,0,0,0,0,0,0,0,0,0.6679,0.20986,0,0,0.49091,0.04768,0.50107,0.4907,0.87278,0.78878,0.84351,0.57123,1.1327,0.53486,0.84902,0,0,0,0,0,0,0,0,0,0,0,0,0,0,0,0,0,0,0,0,0,0,0,0,0,0,0,0,0,0,0,0.57123,0.000614077,0.000204692,0.000614077,0.000204692,0.000614077,0.000204692,0.000614077,0.000204692
568,54441.6,0.87083,0.43222,0.81481,0,0,0,0,0,0,0.06423,0.00243,0.00067,0,0,0,0,0,0,0,0,0,0,0,0,0,0,0.65416,0.20972,0,0,0.49094,0.04775,0.501,0.49072,0.87219,0.78932,0.84379,0.57128,1.13299,0.53462,0.8491,0,0,0,0,0,0,0,0,0,0,0,0,0,0,0,0,0,0,0,0,0,0,0,0,0,0,0,0,0,0,0,0.57128,0.000609448,0.000203149,0.000609448,0.000203149,0.000609448,0.000203149,0.000609448,0.000203149
569,54535.4,0.87044,0.43417,0.81345,0,0,0,0,0,0,0.06399,0.0023,0.00067,0,0,0,0,0,0,0,0,0,0,0,0,0,0,0.64899,0.21099,0,0,0.49088,0.0477,0.50158,0.49065,0.87264,0.78891,0.84355,0.57124,1.13232,0.53472,0.84902,0,0,0,0,0,0,0,0,0,0,0,0,0,0,0,0,0,0,0,0,0,0,0,0,0,0,0,0,0,0,0,0.57124,0.000604833,0.000201611,0.000604833,0.000201611,0.000604833,0.000201611,0.000604833,0.000201611
570,54628.8,0.86797,0.43175,0.81251,0,0,0,0,0,0,0.06466,0.00228,0.00074,0,0,0,0,0,0,0,0,0,0,0,0,0,0,0.65163,0.21559,0,0,0.49088,0.04769,0.50113,0.49066,0.87217,0.78864,0.84384,0.57127,1.13201,0.53492,0.84897,0,0,0,0,0,0,0,0,0,0,0,0,0,0,0,0,0,0,0,0,0,0,0,0,0,0,0,0,0,0,0,0.57127,0.000600232,0.000200077,0.000600232,0.000200077,0.000600232,0.000200077,0.000600232,0.000200077
571,54721.9,0.86453,0.43142,0.8154,0,0,0,0,0,0,0.06514,0.00228,0.00061,0,0,0,0,0,0,0,0,0,0,0,0,0,0,0.64358,0.21225,0,0,0.4909,0.04771,0.50116,0.49067,0.87229,0.78792,0.84316,0.571,1.13283,0.53522,0.84907,0,0,0,0,0,0,0,0,0,0,0,0,0,0,0,0,0,0,0,0,0,0,0,0,0,0,0,0,0,0,0,0.571,0.000595645,0.000198548,0.000595645,0.000198548,0.000595645,0.000198548,0.000595645,0.000198548
572,54817.4,0.86487,0.43199,0.81346,0,0,0,0,0,0,0.06465,0.00225,0.00067,0,0,0,0,0,0,0,0,0,0,0,0,0,0,0.63364,0.20966,0,0,0.49092,0.04768,0.50122,0.49071,0.87196,0.78759,0.84269,0.57087,1.13319,0.53511,0.8491,0,0,0,0,0,0,0,0,0,0,0,0,0,0,0,0,0,0,0,0,0,0,0,0,0,0,0,0,0,0,0,0.57087,0.000591073,0.000197024,0.000591073,0.000197024,0.000591073,0.000197024,0.000591073,0.000197024
573,54911.8,0.8664,0.4299,0.81254,0,0,0,0,0,0,0.06563,0.00226,0.00057,0,0,0,0,0,0,0,0,0,0,0,0,0,0,0.6335,0.20857,0,0,0.49092,0.04773,0.50069,0.4907,0.87334,0.78598,0.84305,0.57065,1.13321,0.53569,0.84918,0,0,0,0,0,0,0,0,0,0,0,0,0,0,0,0,0,0,0,0,0,0,0,0,0,0,0,0,0,0,0,0.57065,0.000586515,0.000195505,0.000586515,0.000195505,0.000586515,0.000195505,0.000586515,0.000195505
574,55005.4,0.86231,0.42922,0.81417,0,0,0,0,0,0,0.06456,0.00224,0.00064,0,0,0,0,0,0,0,0,0,0,0,0,0,0,0.62345,0.21009,0,0,0.49094,0.04765,0.50159,0.49072,0.87331,0.78712,0.84319,0.57066,1.13352,0.53606,0.84917,0,0,0,0,0,0,0,0,0,0,0,0,0,0,0,0,0,0,0,0,0,0,0,0,0,0,0,0,0,0,0,0.57066,0.000581971,0.00019399,0.000581971,0.00019399,0.000581971,0.00019399,0.000581971,0.00019399
575,55099.8,0.86584,0.43018,0.81284,0,0,0,0,0,0,0.06312,0.00222,0.00075,0,0,0,0,0,0,0,0,0,0,0,0,0,0,0.63564,0.2161,0,0,0.49094,0.04769,0.50078,0.4907,0.8723,0.78679,0.84307,0.57058,1.13368,0.53602,0.84922,0,0,0,0,0,0,0,0,0,0,0,0,0,0,0,0,0,0,0,0,0,0,0,0,0,0,0,0,0,0,0,0.57058,0.000577441,0.00019248,0.000577441,0.00019248,0.000577441,0.00019248,0.000577441,0.00019248
576,55193.8,0.86356,0.43043,0.81501,0,0,0,0,0,0,0.06548,0.00221,0.00057,0,0,0,0,0,0,0,0,0,0,0,0,0,0,0.63106,0.21195,0,0,0.4909,0.0477,0.50075,0.49067,0.87058,0.7874,0.84255,0.57065,1.13401,0.53664,0.84953,0,0,0,0,0,0,0,0,0,0,0,0,0,0,0,0,0,0,0,0,0,0,0,0,0,0,0,0,0,0,0,0.57065,0.000572926,0.000190975,0.000572926,0.000190975,0.000572926,0.000190975,0.000572926,0.000190975
577,55289.5,0.85938,0.42892,0.81283,0,0,0,0,0,0,0.06423,0.00225,0.00059,0.0001,0,0,0,0,0,0,0,0,0,0,0,0,0,0.61685,0.2131,0,0,0.4909,0.04765,0.50101,0.49068,0.87347,0.78616,0.84314,0.57072,1.13424,0.53623,0.84958,0,0,0,0,0,0,0,0,0,0,0,0,0,0,0,0,0,0,0,0,0,0,0,0,0,0,0,0,0,0,0,0.57072,0.000568425,0.000189475,0.000568425,0.000189475,0.000568425,0.000189475,0.000568425,0.000189475
578,55383,0.86296,0.42898,0.81518,0,0,0,0,0,0,0.06438,0.00225,0.00054,0,0,0,0,0,0,0,0,0,0,0,0,0,0,0.62163,0.21551,0,0,0.49093,0.04766,0.50016,0.49072,0.87002,0.78707,0.84269,0.57037,1.13427,0.53606,0.84962,0,0,0,0,0,0,0,0,0,0,0,0,0,0,0,0,0,0,0,0,0,0,0,0,0,0,0,0,0,0,0,0.57037,0.000563939,0.00018798,0.000563939,0.00018798,0.000563939,0.00018798,0.000563939,0.00018798
579,55476.9,0.86187,0.42933,0.81251,0,0,0,0,0,0,0.06444,0.00222,0.00058,0,0,0,0,0,0,0,0,0,0,0,0,0,0,0.62174,0.21269,0,0,0.49097,0.04766,0.50063,0.49075,0.86941,0.78756,0.8426,0.57051,1.13468,0.53624,0.84963,0,0,0,0,0,0,0,0,0,0,0,0,0,0,0,0,0,0,0,0,0,0,0,0,0,0,0,0,0,0,0,0.57051,0.000559468,0.000186489,0.000559468,0.000186489,0.000559468,0.000186489,0.000559468,0.000186489
580,55573,0.86055,0.42721,0.81344,0,0,0,0,0,0,0.06484,0.00222,0.00058,1e-05,0,0,0,0,0,0,0,0,0,0,0,0,0,0.60691,0.2089,0,0,0.49093,0.04762,0.5009,0.49072,0.87004,0.78771,0.84252,0.57011,1.13468,0.53603,0.8496,0,0,0,0,0,0,0,0,0,0,0,0,0,0,0,0,0,0,0,0,0,0,0,0,0,0,0,0,0,0,0,0.57011,0.000555011,0.000185004,0.000555011,0.000185004,0.000555011,0.000185004,0.000555011,0.000185004
581,55667.1,0.86303,0.43046,0.8138,0,0,0,0,0,0,0.06556,0.00223,0.00062,2e-05,0,0,0,0,0,0,0,0,0,0,0,0,0,0.61169,0.20882,0,0,0.49092,0.04769,0.50149,0.49072,0.86809,0.78876,0.84214,0.57014,1.13512,0.53637,0.84961,0,0,0,0,0,0,0,0,0,0,0,0,0,0,0,0,0,0,0,0,0,0,0,0,0,0,0,0,0,0,0,0.57014,0.00055057,0.000183523,0.00055057,0.000183523,0.00055057,0.000183523,0.00055057,0.000183523
582,55760,0.86131,0.42922,0.81455,0,0,0,0,0,0,0.06355,0.00223,0.00069,0,0,0,0,0,0,0,0,0,0,0,0,0,0,0.61757,0.20857,0,0,0.49091,0.04771,0.50096,0.49069,0.86943,0.78768,0.84258,0.57,1.13565,0.53689,0.84965,0,0,0,0,0,0,0,0,0,0,0,0,0,0,0,0,0,0,0,0,0,0,0,0,0,0,0,0,0,0,0,0.57,0.000546143,0.000182048,0.000546143,0.000182048,0.000546143,0.000182048,0.000546143,0.000182048
583,55853.1,0.85313,0.42788,0.81358,0,0,0,0,0,0,0.06408,0.00222,0.00063,2e-05,0,0,0,0,0,0,0,0,0,0,0,0,0,0.61353,0.20448,0,0,0.4909,0.04769,0.50053,0.49069,0.86909,0.78828,0.84233,0.5699,1.13543,0.5371,0.8496,0,0,0,0,0,0,0,0,0,0,0,0,0,0,0,0,0,0,0,0,0,0,0,0,0,0,0,0,0,0,0,0.5699,0.000541731,0.000180577,0.000541731,0.000180577,0.000541731,0.000180577,0.000541731,0.000180577
584,55948.2,0.86254,0.42756,0.81178,0,0,0,0,0,0,0.06324,0.0022,0.00064,0,0,0,0,0,0,0,0,0,0,0,0,0,0,0.61604,0.20646,0,0,0.49088,0.04762,0.50166,0.49065,0.8701,0.78738,0.84226,0.56976,1.13561,0.53737,0.84963,0,0,0,0,0,0,0,0,0,0,0,0,0,0,0,0,0,0,0,0,0,0,0,0,0,0,0,0,0,0,0,0.56976,0.000537334,0.000179111,0.000537334,0.000179111,0.000537334,0.000179111,0.000537334,0.000179111
585,56041.8,0.85857,0.42908,0.81358,0,0,0,0,0,0,0.06441,0.0022,0.00067,0,0,0,0,0,0,0,0,0,0,0,0,0,0,0.61501,0.20734,0,0,0.49096,0.04769,0.50162,0.49073,0.87109,0.78728,0.84254,0.56988,1.13531,0.53743,0.84962,0,0,0,0,0,0,0,0,0,0,0,0,0,0,0,0,0,0,0,0,0,0,0,0,0,0,0,0,0,0,0,0.56988,0.000532952,0.000177651,0.000532952,0.000177651,0.000532952,0.000177651,0.000532952,0.000177651
586,56138.1,0.85531,0.42699,0.81247,0,0,0,0,0,0,0.0645,0.0022,0.00057,0,0,0,0,0,0,0,0,0,0,0,0,0,0,0.60942,0.20703,0,0,0.49094,0.04773,0.50137,0.49071,0.87157,0.78766,0.84245,0.56951,1.13526,0.53735,0.84966,0,0,0,0,0,0,0,0,0,0,0,0,0,0,0,0,0,0,0,0,0,0,0,0,0,0,0,0,0,0,0,0.56951,0.000528585,0.000176195,0.000528585,0.000176195,0.000528585,0.000176195,0.000528585,0.000176195
587,56233.3,0.86085,0.43112,0.81371,0,0,0,0,0,0,0.06379,0.0022,0.00053,0,0,0,0,0,0,0,0,0,0,0,0,0,0,0.61885,0.2116,0,0,0.4909,0.04779,0.50033,0.49068,0.87074,0.78715,0.84238,0.56941,1.13554,0.5374,0.84964,0,0,0,0,0,0,0,0,0,0,0,0,0,0,0,0,0,0,0,0,0,0,0,0,0,0,0,0,0,0,0,0.56941,0.000524234,0.000174745,0.000524234,0.000174745,0.000524234,0.000174745,0.000524234,0.000174745
588,56328.9,0.85611,0.425,0.81202,0,0,0,0,0,0,0.06334,0.0022,0.00059,0,0,0,0,0,0,0,0,0,0,0,0,0,0,0.62099,0.20709,0,0,0.49093,0.04765,0.50102,0.49071,0.87127,0.78757,0.84262,0.56965,1.1354,0.53739,0.84966,0,0,0,0,0,0,0,0,0,0,0,0,0,0,0,0,0,0,0,0,0,0,0,0,0,0,0,0,0,0,0,0.56965,0.000519897,0.000173299,0.000519897,0.000173299,0.000519897,0.000173299,0.000519897,0.000173299
589,56428.5,0.86233,0.42914,0.81205,0,0,0,0,0,0,0.06573,0.00219,0.00057,0,0,0,0,0,0,0,0,0,0,0,0,0,0,0.60928,0.20021,0,0,0.4909,0.04769,0.50063,0.49066,0.87039,0.78728,0.84186,0.56971,1.13574,0.53753,0.8497,0,0,0,0,0,0,0,0,0,0,0,0,0,0,0,0,0,0,0,0,0,0,0,0,0,0,0,0,0,0,0,0.56971,0.000515576,0.000171859,0.000515576,0.000171859,0.000515576,0.000171859,0.000515576,0.000171859
590,56525.4,0.85955,0.42614,0.81455,0,0,0,0,0,0,0.06304,0.00221,0.00057,0,0,0,0,0,0,0,0,0,0,0,0,0,0,0.61989,0.20273,0,0,0.49093,0.04767,0.50123,0.49071,0.87042,0.78754,0.84199,0.56984,1.13549,0.53774,0.84961,0,0,0,0,0,0,0,0,0,0,0,0,0,0,0,0,0,0,0,0,0,0,0,0,0,0,0,0,0,0,0,0.56984,0.000511271,0.000170424,0.000511271,0.000170424,0.000511271,0.000170424,0.000511271,0.000170424
591,56622.1,0.85548,0.42707,0.81294,0,0,0,0,0,0,0.06439,0.00221,0.00057,0,0,0,0,0,0,0,0,0,0,0,0,0,0,0.61915,0.20328,0,0,0.4909,0.04768,0.50153,0.49067,0.87089,0.78804,0.84289,0.5702,1.13578,0.53782,0.84955,0,0,0,0,0,0,0,0,0,0,0,0,0,0,0,0,0,0,0,0,0,0,0,0,0,0,0,0,0,0,0,0.5702,0.000506981,0.000168994,0.000506981,0.000168994,0.000506981,0.000168994,0.000506981,0.000168994
592,56715.1,0.85318,0.42679,0.81134,0,0,0,0,0,0,0.06525,0.00222,0.00045,0,0,0,0,0,0,0,0,0,0,0,0,0,0,0.6147,0.19856,0,0,0.49089,0.04769,0.5,0.49069,0.87085,0.78859,0.84255,0.56998,1.13551,0.53761,0.84952,0,0,0,0,0,0,0,0,0,0,0,0,0,0,0,0,0,0,0,0,0,0,0,0,0,0,0,0,0,0,0,0.56998,0.000502706,0.000167569,0.000502706,0.000167569,0.000502706,0.000167569,0.000502706,0.000167569
593,56808.6,0.85913,0.4286,0.81386,0,0,0,0,0,0,0.06408,0.00221,0.00057,0,0,0,0,0,0,0,0,0,0,0,0,0,0,0.60904,0.20444,0,0,0.4909,0.04773,0.50146,0.49067,0.87087,0.78798,0.84249,0.57029,1.13536,0.53772,0.8495,0,0,0,0,0,0,0,0,0,0,0,0,0,0,0,0,0,0,0,0,0,0,0,0,0,0,0,0,0,0,0,0.57029,0.000498448,0.000166149,0.000498448,0.000166149,0.000498448,0.000166149,0.000498448,0.000166149
594,56902.2,0.85599,0.42727,0.8126,0,0,0,0,0,0,0.06376,0.00222,0.00043,0,0,0,0,0,0,0,0,0,0,0,0,0,0,0.6122,0.20082,0,0,0.4909,0.04772,0.50144,0.49068,0.8702,0.78867,0.84267,0.57015,1.13488,0.53743,0.84939,0,0,0,0,0,0,0,0,0,0,0,0,0,0,0,0,0,0,0,0,0,0,0,0,0,0,0,0,0,0,0,0.57015,0.000494204,0.000164735,0.000494204,0.000164735,0.000494204,0.000164735,0.000494204,0.000164735
595,56997.6,0.85601,0.42607,0.81279,0,0,0,0,0,0,0.06403,0.0022,0.00059,0,0,0,0,0,0,0,0,0,0,0,0,0,0,0.62106,0.20136,0,0,0.49094,0.04768,0.5015,0.49071,0.87153,0.78792,0.8423,0.5705,1.1342,0.53727,0.84935,0,0,0,0,0,0,0,0,0,0,0,0,0,0,0,0,0,0,0,0,0,0,0,0,0,0,0,0,0,0,0,0.5705,0.000489977,0.000163326,0.000489977,0.000163326,0.000489977,0.000163326,0.000489977,0.000163326
596,57093.8,0.8606,0.42958,0.81297,0,0,0,0,0,0,0.06639,0.0022,0.0009,0,0,0,0,0,0,0,0,0,0,0,0,0,0,0.63867,0.19951,0,0,0.49093,0.04772,0.50188,0.4907,0.87128,0.78763,0.84228,0.5706,1.13403,0.53733,0.84933,0,0,0,0,0,0,0,0,0,0,0,0,0,0,0,0,0,0,0,0,0,0,0,0,0,0,0,0,0,0,0,0.5706,0.000485765,0.000161922,0.000485765,0.000161922,0.000485765,0.000161922,0.000485765,0.000161922
597,57190.5,0.85694,0.4272,0.81125,0,0,0,0,0,0,0.06322,0.00218,0.00051,0,0,0,0,0,0,0,0,0,0,0,0,0,0,0.6151,0.1961,0,0,0.49094,0.04769,0.50163,0.49075,0.87275,0.78558,0.84149,0.57053,1.13406,0.53764,0.84932,0,0,0,0,0,0,0,0,0,0,0,0,0,0,0,0,0,0,0,0,0,0,0,0,0,0,0,0,0,0,0,0.57053,0.000481569,0.000160523,0.000481569,0.000160523,0.000481569,0.000160523,0.000481569,0.000160523
598,57286.3,0.85827,0.4273,0.81217,0,0,0,0,0,0,0.06258,0.00218,0.00091,0,0,0,0,0,0,0,0,0,0,0,0,0,0,0.64918,0.19886,0,0,0.49092,0.04766,0.50158,0.49069,0.87262,0.78572,0.8413,0.5704,1.13443,0.53773,0.84933,0,0,0,0,0,0,0,0,0,0,0,0,0,0,0,0,0,0,0,0,0,0,0,0,0,0,0,0,0,0,0,0.5704,0.00047739,0.00015913,0.00047739,0.00015913,0.00047739,0.00015913,0.00047739,0.00015913
599,57383.1,0.85894,0.42819,0.81199,0,0,0,0,0,0,0.06376,0.00219,0.00078,0,0,0,0,0,0,0,0,0,0,0,0,0,0,0.633,0.19634,0,0,0.49091,0.04771,0.50248,0.49066,0.87375,0.78641,0.84218,0.57061,1.13412,0.53767,0.84926,0,0,0,0,0,0,0,0,0,0,0,0,0,0,0,0,0,0,0,0,0,0,0,0,0,0,0,0,0,0,0,0.57061,0.000473226,0.000157742,0.000473226,0.000157742,0.000473226,0.000157742,0.000473226,0.000157742
600,57483.3,0.85847,0.42943,0.81272,0,0,0,0,0,0,0.06441,0.00219,0.0007,2e-05,0,0,0,0,0,0,0,0,0,0,0,0,0,0.63406,0.19578,0,0,0.49097,0.04773,0.50172,0.49074,0.87406,0.78539,0.84162,0.57038,1.13438,0.53731,0.84932,0,0,0,0,0,0,0,0,0,0,0,0,0,0,0,0,0,0,0,0,0,0,0,0,0,0,0,0,0,0,0,0.57038,0.000469078,0.000156359,0.000469078,0.000156359,0.000469078,0.000156359,0.000469078,0.000156359
601,57576,0.85657,0.42753,0.81317,0,0,0,0,0,0,0.06455,0.00219,0.00066,0,0,0,0,0,0,0,0,0,0,0,0,0,0,0.64768,0.19632,0,0,0.49091,0.04773,0.50227,0.49068,0.87393,0.7854,0.84183,0.57008,1.13438,0.53717,0.84939,0,0,0,0,0,0,0,0,0,0,0,0,0,0,0,0,0,0,0,0,0,0,0,0,0,0,0,0,0,0,0,0.57008,0.000464946,0.000154982,0.000464946,0.000154982,0.000464946,0.000154982,0.000464946,0.000154982
602,57667.6,0.85035,0.42334,0.81175,0,0,0,0,0,0,0.06355,0.00218,0.00073,0,0,0,0,0,0,0,0,0,0,0,0,0,0,0.64101,0.19238,0,0,0.49093,0.04772,0.50177,0.4907,0.87385,0.78472,0.84176,0.57,1.13436,0.5371,0.8494,0,0,0,0,0,0,0,0,0,0,0,0,0,0,0,0,0,0,0,0,0,0,0,0,0,0,0,0,0,0,0,0.57,0.000460831,0.00015361,0.000460831,0.00015361,0.000460831,0.00015361,0.000460831,0.00015361
603,57756.7,0.8582,0.42548,0.81263,0,0,0,0,0,0,0.06446,0.00217,0.00104,0,0,0,0,0,0,0,0,0,0,0,0,0,0,0.64047,0.19127,0,0,0.49092,0.04769,0.50146,0.49069,0.87295,0.7864,0.84215,0.57012,1.1346,0.53753,0.84936,0,0,0,0,0,0,0,0,0,0,0,0,0,0,0,0,0,0,0,0,0,0,0,0,0,0,0,0,0,0,0,0.57012,0.000456732,0.000152244,0.000456732,0.000152244,0.000456732,0.000152244,0.000456732,0.000152244
604,57849,0.85097,0.42526,0.81247,0,0,0,0,0,0,0.06469,0.00217,0.00067,0,0,0,0,0,0,0,0,0,0,0,0,0,0,0.62195,0.19251,0,0,0.49091,0.04766,0.50081,0.49069,0.87465,0.78616,0.84262,0.57026,1.13515,0.53803,0.84942,0,0,0,0,0,0,0,0,0,0,0,0,0,0,0,0,0,0,0,0,0,0,0,0,0,0,0,0,0,0,0,0.57026,0.000452649,0.000150883,0.000452649,0.000150883,0.000452649,0.000150883,0.000452649,0.000150883
605,57944.9,0.85267,0.42562,0.81186,0,0,0,0,0,0,0.06418,0.00217,0.00059,0,0,0,0,0,0,0,0,0,0,0,0,0,0,0.62092,0.19396,0,0,0.49093,0.04772,0.50055,0.49069,0.87377,0.78522,0.84193,0.57014,1.13592,0.53879,0.84949,0,0,0,0,0,0,0,0,0,0,0,0,0,0,0,0,0,0,0,0,0,0,0,0,0,0,0,0,0,0,0,0.57014,0.000448582,0.000149527,0.000448582,0.000149527,0.000448582,0.000149527,0.000448582,0.000149527
606,58044.3,0.85125,0.42483,0.81133,0,0,0,0,0,0,0.06396,0.00217,0.00077,0,0,0,0,0,0,0,0,0,0,0,0,0,0,0.62096,0.19206,0,0,0.49084,0.0477,0.50158,0.49061,0.87213,0.78484,0.84156,0.56996,1.13557,0.53848,0.84945,0,0,0,0,0,0,0,0,0,0,0,0,0,0,0,0,0,0,0,0,0,0,0,0,0,0,0,0,0,0,0,0.56996,0.000444532,0.000148177,0.000444532,0.000148177,0.000444532,0.000148177,0.000444532,0.000148177
607,58139.5,0.84915,0.42505,0.8143,0,0,0,0,0,0,0.06478,0.00218,0.00068,0,0,0,0,0,0,0,0,0,0,0,0,0,0,0.61384,0.1959,0,0,0.49093,0.0477,0.50138,0.49074,0.87294,0.78548,0.8416,0.5702,1.13484,0.53857,0.84939,0,0,0,0,0,0,0,0,0,0,0,0,0,0,0,0,0,0,0,0,0,0,0,0,0,0,0,0,0,0,0,0.5702,0.000440499,0.000146833,0.000440499,0.000146833,0.000440499,0.000146833,0.000440499,0.000146833
608,58232.3,0.84936,0.42427,0.81325,0,0,0,0,0,0,0.06359,0.00217,0.00053,0,0,0,0,0,0,0,0,0,0,0,0,0,0,0.61948,0.19875,0,0,0.49095,0.04768,0.50107,0.49072,0.8732,0.78527,0.84112,0.57011,1.13482,0.53893,0.8494,0,0,0,0,0,0,0,0,0,0,0,0,0,0,0,0,0,0,0,0,0,0,0,0,0,0,0,0,0,0,0,0.57011,0.000436482,0.000145494,0.000436482,0.000145494,0.000436482,0.000145494,0.000436482,0.000145494
609,58324.1,0.85329,0.42572,0.81327,0,0,0,0,0,0,0.06277,0.00216,0.00052,0,0,0,0,0,0,0,0,0,0,0,0,0,0,0.61601,0.19066,0,0,0.4909,0.04771,0.50217,0.49066,0.87315,0.78449,0.84124,0.56975,1.13563,0.53906,0.84949,0,0,0,0,0,0,0,0,0,0,0,0,0,0,0,0,0,0,0,0,0,0,0,0,0,0,0,0,0,0,0,0.56975,0.000432482,0.000144161,0.000432482,0.000144161,0.000432482,0.000144161,0.000432482,0.000144161
610,58419.3,0.85013,0.42522,0.81249,0,0,0,0,0,0,0.06472,0.00217,0.0005,0,0,0,0,0,0,0,0,0,0,0,0,0,0,0.61128,0.18831,0,0,0.49088,0.04764,0.50072,0.49066,0.87246,0.78564,0.84113,0.56957,1.13599,0.53888,0.84957,0,0,0,0,0,0,0,0,0,0,0,0,0,0,0,0,0,0,0,0,0,0,0,0,0,0,0,0,0,0,0,0.56957,0.000428498,0.000142833,0.000428498,0.000142833,0.000428498,0.000142833,0.000428498,0.000142833
611,58512.5,0.84893,0.4226,0.81247,0,0,0,0,0,0,0.0631,0.00217,0.00049,0,0,0,0,0,0,0,0,0,0,0,0,0,0,0.61184,0.18913,0,0,0.49093,0.04772,0.50177,0.4907,0.87098,0.78515,0.84043,0.56969,1.13653,0.5389,0.84962,0,0,0,0,0,0,0,0,0,0,0,0,0,0,0,0,0,0,0,0,0,0,0,0,0,0,0,0,0,0,0,0.56969,0.000424531,0.00014151,0.000424531,0.00014151,0.000424531,0.00014151,0.000424531,0.00014151
612,58610.7,0.84945,0.42489,0.81035,0,0,0,0,0,0,0.06443,0.00215,0.00057,0,0,0,0,0,0,0,0,0,0,0,0,0,0,0.63763,0.18992,0,0,0.49095,0.0477,0.50061,0.49072,0.87141,0.78483,0.84056,0.56987,1.13673,0.53944,0.84963,0,0,0,0,0,0,0,0,0,0,0,0,0,0,0,0,0,0,0,0,0,0,0,0,0,0,0,0,0,0,0,0.56987,0.000420581,0.000140194,0.000420581,0.000140194,0.000420581,0.000140194,0.000420581,0.000140194
613,58702.7,0.84068,0.42163,0.81194,0,0,0,0,0,0,0.06413,0.00215,0.00054,0,0,0,0,0,0,0,0,0,0,0,0,0,0,0.6185,0.18733,0,0,0.4909,0.0477,0.50052,0.49067,0.87056,0.78566,0.84073,0.56988,1.13654,0.53975,0.84966,0,0,0,0,0,0,0,0,0,0,0,0,0,0,0,0,0,0,0,0,0,0,0,0,0,0,0,0,0,0,0,0.56988,0.000416648,0.000138883,0.000416648,0.000138883,0.000416648,0.000138883,0.000416648,0.000138883
614,58794.4,0.85219,0.42495,0.81194,0,0,0,0,0,0,0.06489,0.00215,0.00107,0.00014,0,0,0,0,0,0,0,0,0,0,0,0,0,0.64628,0.18782,0,0,0.4909,0.04767,0.49986,0.49067,0.86977,0.78499,0.84036,0.5698,1.13691,0.54006,0.84967,0,0,0,0,0,0,0,0,0,0,0,0,0,0,0,0,0,0,0,0,0,0,0,0,0,0,0,0,0,0,0,0.5698,0.000412732,0.000137577,0.000412732,0.000137577,0.000412732,0.000137577,0.000412732,0.000137577
615,58888,0.85461,0.42745,0.81234,0,0,0,0,0,0,0.06414,0.00214,0.00061,0,0,0,0,0,0,0,0,0,0,0,0,0,0,0.61748,0.19016,0,0,0.49092,0.0477,0.50153,0.49069,0.8698,0.78522,0.84083,0.57003,1.13654,0.54013,0.84965,0,0,0,0,0,0,0,0,0,0,0,0,0,0,0,0,0,0,0,0,0,0,0,0,0,0,0,0,0,0,0,0.57003,0.000408832,0.000136277,0.000408832,0.000136277,0.000408832,0.000136277,0.000408832,0.000136277
616,58983.6,0.85178,0.42667,0.81262,0,0,0,0,0,0,0.06543,0.00214,0.00071,0,0,0,0,0,0,0,0,0,0,0,0,0,0,0.63619,0.19359,0,0,0.49093,0.04771,0.49987,0.49072,0.87082,0.78511,0.84125,0.56998,1.13649,0.54019,0.8496,0,0,0,0,0,0,0,0,0,0,0,0,0,0,0,0,0,0,0,0,0,0,0,0,0,0,0,0,0,0,0,0.56998,0.00040495,0.000134983,0.00040495,0.000134983,0.00040495,0.000134983,0.00040495,0.000134983
617,59080.8,0.84653,0.42276,0.81204,0,0,0,0,0,0,0.06365,0.00213,0.00073,0,0,0,0,0,0,0,0,0,0,0,0,0,0,0.62637,0.19238,0,0,0.49093,0.0477,0.50108,0.49069,0.87336,0.78398,0.84153,0.56994,1.13644,0.5403,0.84963,0,0,0,0,0,0,0,0,0,0,0,0,0,0,0,0,0,0,0,0,0,0,0,0,0,0,0,0,0,0,0,0.56994,0.000401085,0.000133695,0.000401085,0.000133695,0.000401085,0.000133695,0.000401085,0.000133695
618,59178.3,0.85358,0.42589,0.81357,0,0,0,0,0,0,0.06426,0.00214,0.00052,0,0,0,0,0,0,0,0,0,0,0,0,0,0,0.6287,0.19107,0,0,0.49094,0.04768,0.50003,0.49073,0.87358,0.78407,0.84144,0.56976,1.13594,0.5407,0.84959,0,0,0,0,0,0,0,0,0,0,0,0,0,0,0,0,0,0,0,0,0,0,0,0,0,0,0,0,0,0,0,0.56976,0.000397237,0.000132412,0.000397237,0.000132412,0.000397237,0.000132412,0.000397237,0.000132412
619,59276.6,0.85182,0.42601,0.81227,0,0,0,0,0,0,0.06424,0.00213,0.00091,0,0,0,0,0,0,0,0,0,0,0,0,0,0,0.64152,0.19094,0,0,0.49095,0.04763,0.50085,0.49071,0.87346,0.78381,0.84133,0.56976,1.13567,0.54043,0.84954,0,0,0,0,0,0,0,0,0,0,0,0,0,0,0,0,0,0,0,0,0,0,0,0,0,0,0,0,0,0,0,0.56976,0.000393407,0.000131136,0.000393407,0.000131136,0.000393407,0.000131136,0.000393407,0.000131136
620,59380.6,0.84192,0.4211,0.8117,0,0,0,0,0,0,0.0634,0.00214,0.00088,3e-05,0,0,0,0,0,0,0,0,0,0,0,0,0,0.62577,0.1845,0,0,0.49094,0.0477,0.50142,0.49071,0.87176,0.78486,0.84131,0.56997,1.13548,0.54023,0.84962,0,0,0,0,0,0,0,0,0,0,0,0,0,0,0,0,0,0,0,0,0,0,0,0,0,0,0,0,0,0,0,0.56997,0.000389593,0.000129864,0.000389593,0.000129864,0.000389593,0.000129864,0.000389593,0.000129864
621,59476,0.84891,0.42343,0.81308,0,0,0,0,0,0,0.06367,0.00213,0.0007,0,0,0,0,0,0,0,0,0,0,0,0,0,0,0.6371,0.18723,0,0,0.49092,0.04768,0.50026,0.49069,0.87173,0.78488,0.84147,0.57015,1.1356,0.54035,0.84961,0,0,0,0,0,0,0,0,0,0,0,0,0,0,0,0,0,0,0,0,0,0,0,0,0,0,0,0,0,0,0,0.57015,0.000385797,0.000128599,0.000385797,0.000128599,0.000385797,0.000128599,0.000385797,0.000128599
622,59570.6,0.84475,0.42277,0.81249,0,0,0,0,0,0,0.06521,0.00213,0.00073,0,0,0,0,0,0,0,0,0,0,0,0,0,0,0.63897,0.18498,0,0,0.49093,0.04771,0.50076,0.49071,0.87166,0.78485,0.84114,0.57022,1.13561,0.54052,0.84965,0,0,0,0,0,0,0,0,0,0,0,0,0,0,0,0,0,0,0,0,0,0,0,0,0,0,0,0,0,0,0,0.57022,0.000382019,0.00012734,0.000382019,0.00012734,0.000382019,0.00012734,0.000382019,0.00012734
623,59663,0.84557,0.42205,0.81375,0,0,0,0,0,0,0.06443,0.00214,0.00118,1e-05,0,0,0,0,0,0,0,0,0,0,0,0,0,0.64002,0.17946,0,0,0.49095,0.0477,0.50023,0.49075,0.87233,0.78469,0.84137,0.57003,1.13574,0.54078,0.84965,0,0,0,0,0,0,0,0,0,0,0,0,0,0,0,0,0,0,0,0,0,0,0,0,0,0,0,0,0,0,0,0.57003,0.000378257,0.000126086,0.000378257,0.000126086,0.000378257,0.000126086,0.000378257,0.000126086
624,59756.2,0.84838,0.42469,0.81206,0,0,0,0,0,0,0.06627,0.00212,0.00064,0,0,0,0,0,0,0,0,0,0,0,0,0,0,0.62245,0.19226,0,0,0.49092,0.04767,0.50131,0.49068,0.87185,0.78502,0.8411,0.57008,1.1354,0.54095,0.84957,0,0,0,0,0,0,0,0,0,0,0,0,0,0,0,0,0,0,0,0,0,0,0,0,0,0,0,0,0,0,0,0.57008,0.000374514,0.000124838,0.000374514,0.000124838,0.000374514,0.000124838,0.000374514,0.000124838
625,59849.4,0.8454,0.42362,0.81353,0,0,0,0,0,0,0.06281,0.00214,0.00052,0,0,0,0,0,0,0,0,0,0,0,0,0,0,0.61965,0.20286,0,0,0.49092,0.04768,0.50108,0.49069,0.87067,0.78579,0.84126,0.57004,1.1353,0.54109,0.84961,0,0,0,0,0,0,0,0,0,0,0,0,0,0,0,0,0,0,0,0,0,0,0,0,0,0,0,0,0,0,0,0.57004,0.000370788,0.000123596,0.000370788,0.000123596,0.000370788,0.000123596,0.000370788,0.000123596
626,59944.2,0.84422,0.42104,0.8094,0,0,0,0,0,0,0.06255,0.00214,0.00053,0,0,0,0,0,0,0,0,0,0,0,0,0,0,0.61153,0.19825,0,0,0.49094,0.04765,0.5006,0.49071,0.8702,0.78501,0.84102,0.57003,1.13589,0.54113,0.84967,0,0,0,0,0,0,0,0,0,0,0,0,0,0,0,0,0,0,0,0,0,0,0,0,0,0,0,0,0,0,0,0.57003,0.000367079,0.00012236,0.000367079,0.00012236,0.000367079,0.00012236,0.000367079,0.00012236
627,60041.5,0.84136,0.42103,0.81245,0,0,0,0,0,0,0.06294,0.00212,0.00055,0,0,0,0,0,0,0,0,0,0,0,0,0,0,0.62474,0.19846,0,0,0.49095,0.04773,0.5007,0.49072,0.86845,0.78554,0.84021,0.56998,1.1358,0.54128,0.84968,0,0,0,0,0,0,0,0,0,0,0,0,0,0,0,0,0,0,0,0,0,0,0,0,0,0,0,0,0,0,0,0.56998,0.000363389,0.00012113,0.000363389,0.00012113,0.000363389,0.00012113,0.000363389,0.00012113
628,60137.6,0.84658,0.42462,0.8115,0,0,0,0,0,0,0.0635,0.00213,0.00063,0,0,0,0,0,0,0,0,0,0,0,0,0,0,0.62076,0.1965,0,0,0.49093,0.04764,0.50065,0.49072,0.86744,0.78473,0.83999,0.5701,1.13613,0.54114,0.84978,0,0,0,0,0,0,0,0,0,0,0,0,0,0,0,0,0,0,0,0,0,0,0,0,0,0,0,0,0,0,0,0.5701,0.000359716,0.000119905,0.000359716,0.000119905,0.000359716,0.000119905,0.000359716,0.000119905
629,60230.6,0.84084,0.42059,0.81182,0,0,0,0,0,0,0.06151,0.00213,0.00056,1e-05,0,0,0,0,0,0,0,0,0,0,0,0,0,0.62171,0.19672,0,0,0.49091,0.04769,0.50116,0.4907,0.86783,0.78521,0.84,0.57002,1.13637,0.54129,0.84977,0,0,0,0,0,0,0,0,0,0,0,0,0,0,0,0,0,0,0,0,0,0,0,0,0,0,0,0,0,0,0,0.57002,0.000356061,0.000118687,0.000356061,0.000118687,0.000356061,0.000118687,0.000356061,0.000118687
630,60323.7,0.84131,0.42197,0.812,0,0,0,0,0,0,0.06393,0.00214,0.00066,0,0,0,0,0,0,0,0,0,0,0,0,0,0,0.62852,0.19949,0,0,0.49092,0.04764,0.50091,0.49069,0.86758,0.78524,0.83969,0.57009,1.13599,0.54156,0.84977,0,0,0,0,0,0,0,0,0,0,0,0,0,0,0,0,0,0,0,0,0,0,0,0,0,0,0,0,0,0,0,0.57009,0.000352424,0.000117475,0.000352424,0.000117475,0.000352424,0.000117475,0.000352424,0.000117475
631,60418.4,0.84847,0.42407,0.81315,0,0,0,0,0,0,0.0639,0.00214,0.0008,0,0,0,0,0,0,0,0,0,0,0,0,0,0,0.62962,0.2006,0,0,0.49094,0.04767,0.50204,0.4907,0.86932,0.785,0.84028,0.57016,1.13586,0.54135,0.84974,0,0,0,0,0,0,0,0,0,0,0,0,0,0,0,0,0,0,0,0,0,0,0,0,0,0,0,0,0,0,0,0.57016,0.000348804,0.000116268,0.000348804,0.000116268,0.000348804,0.000116268,0.000348804,0.000116268
632,60511.4,0.84115,0.42209,0.81276,0,0,0,0,0,0,0.06346,0.00213,0.0009,0,0,0,0,0,0,0,0,0,0,0,0,0,0,0.6362,0.1932,0,0,0.49093,0.04769,0.49969,0.49072,0.86953,0.78485,0.84067,0.57012,1.1358,0.54175,0.84969,0,0,0,0,0,0,0,0,0,0,0,0,0,0,0,0,0,0,0,0,0,0,0,0,0,0,0,0,0,0,0,0.57012,0.000345203,0.000115068,0.000345203,0.000115068,0.000345203,0.000115068,0.000345203,0.000115068
633,60604.3,0.84488,0.42281,0.81351,0,0,0,0,0,0,0.06383,0.00212,0.0016,7e-05,0,0,0,0,0,0,0,0,0,0,0,0,0,0.63454,0.18181,0,0,0.49086,0.04769,0.50161,0.49073,0.86932,0.78524,0.84091,0.57038,1.13525,0.54167,0.84969,0,0,0,0,0,0,0,0,0,0,0,0,0,0,0,0,0,0,0,0,0,0,0,0,0,0,0,0,0,0,0,0.57038,0.00034162,0.000113873,0.00034162,0.000113873,0.00034162,0.000113873,0.00034162,0.000113873
634,60699.5,0.84304,0.42257,0.81226,0,0,0,0,0,0,0.06488,0.00213,0.00141,0,0,0,0,0,0,0,0,0,0,0,0,0,0,0.62813,0.1777,0,0,0.4909,0.04774,0.50276,0.49069,0.86878,0.78562,0.84076,0.57042,1.1346,0.54155,0.84963,0,0,0,0,0,0,0,0,0,0,0,0,0,0,0,0,0,0,0,0,0,0,0,0,0,0,0,0,0,0,0,0.57042,0.000338055,0.000112685,0.000338055,0.000112685,0.000338055,0.000112685,0.000338055,0.000112685
635,60792.5,0.84107,0.42096,0.81523,0,0,0,0,0,0,0.06412,0.00213,0.00209,0,0,0,0,0,0,0,0,0,0,0,0,0,0,0.64438,0.18415,0,0,0.49096,0.0477,0.50154,0.49075,0.86899,0.78563,0.84104,0.57013,1.13532,0.54204,0.84974,0,0,0,0,0,0,0,0,0,0,0,0,0,0,0,0,0,0,0,0,0,0,0,0,0,0,0,0,0,0,0,0.57013,0.000334508,0.000111503,0.000334508,0.000111503,0.000334508,0.000111503,0.000334508,0.000111503
636,60887.5,0.84824,0.4225,0.81266,0,0,0,0,0,0,0.06622,0.00213,0.00215,0,0,0,0,0,0,0,0,0,0,0,0,0,0,0.63054,0.18396,0,0,0.49091,0.04766,0.49922,0.49068,0.86877,0.78598,0.84089,0.57018,1.13539,0.54179,0.84972,0,0,0,0,0,0,0,0,0,0,0,0,0,0,0,0,0,0,0,0,0,0,0,0,0,0,0,0,0,0,0,0.57018,0.000330979,0.000110326,0.000330979,0.000110326,0.000330979,0.000110326,0.000330979,0.000110326
637,60979.4,0.8455,0.42238,0.81187,0,0,0,0,0,0,0.06405,0.00395,0.00258,0,0,0,0,0,0,0,0,0,0,0,0,0,0,0.64012,0.18047,0,0,0.49092,0.04766,0.50163,0.49072,0.86916,0.78542,0.84112,0.57034,1.13528,0.54165,0.84967,0,0,0,0,0,0,0,0,0,0,0,0,0,0,0,0,0,0,0,0,0,0,0,0,0,0,0,0,0,0,0,0.57034,0.000327468,0.000109156,0.000327468,0.000109156,0.000327468,0.000109156,0.000327468,0.000109156
638,61073.2,0.8419,0.42169,0.81249,0,0,0,0,0,0,0.06219,0.00786,0.00214,0,0,0,0,0,0,0,0,0,0,0,0,0,0,0.62825,0.18261,0,0,0.49091,0.0477,0.49969,0.49071,0.8682,0.78597,0.84086,0.57027,1.13501,0.54169,0.84963,0,0,0,0,0,0,0,0,0,0,0,0,0,0,0,0,0,0,0,0,0,0,0,0,0,0,0,0,0,0,0,0.57027,0.000323976,0.000107992,0.000323976,0.000107992,0.000323976,0.000107992,0.000323976,0.000107992
639,61166.4,0.84021,0.42138,0.81227,0,0,0,0,0,0,0.06486,0.00825,0.00184,4e-05,0,0,0,0,0,0,0,0,0,0,0,0,0,0.62764,0.18948,0,0,0.49093,0.04766,0.5002,0.49074,0.86711,0.78636,0.84114,0.57052,1.13501,0.54192,0.84966,0,0,0,0,0,0,0,0,0,0,0,0,0,0,0,0,0,0,0,0,0,0,0,0,0,0,0,0,0,0,0,0.57052,0.000320502,0.000106834,0.000320502,0.000106834,0.000320502,0.000106834,0.000320502,0.000106834
640,61259.3,0.84425,0.42134,0.81096,0,0,0,0,0,0,0.06412,0.00824,0.00201,0,0,0,0,0,0,0,0,0,0,0,0,0,0,0.64504,0.19131,0,0,0.49089,0.04772,0.5002,0.4907,0.86797,0.78576,0.84073,0.57036,1.13518,0.54238,0.84969,0,0,0,0,0,0,0,0,0,0,0,0,0,0,0,0,0,0,0,0,0,0,0,0,0,0,0,0,0,0,0,0.57036,0.000317047,0.000105682,0.000317047,0.000105682,0.000317047,0.000105682,0.000317047,0.000105682
641,61356,0.84157,0.42171,0.81128,0,0,0,0,0,0,0.06314,0.00823,0.00186,0,0,0,0,0,0,0,0,0,0,0,0,0,0,0.64109,0.1857,0,0,0.49097,0.04771,0.50067,0.49074,0.87051,0.78372,0.84036,0.56986,1.13524,0.5426,0.84965,0,0,0,0,0,0,0,0,0,0,0,0,0,0,0,0,0,0,0,0,0,0,0,0,0,0,0,0,0,0,0,0.56986,0.00031361,0.000104537,0.00031361,0.000104537,0.00031361,0.000104537,0.00031361,0.000104537
642,61450.8,0.84152,0.42063,0.81248,0,0,0,0,0,0,0.0616,0.00825,0.00165,0,0,0,0,0,0,0,0,0,0,0,0,0,0,0.63475,0.19308,0,0,0.49092,0.04768,0.49881,0.49071,0.86776,0.78517,0.8401,0.57009,1.13458,0.54275,0.84965,0,0,0,0,0,0,0,0,0,0,0,0,0,0,0,0,0,0,0,0,0,0,0,0,0,0,0,0,0,0,0,0.57009,0.000310191,0.000103397,0.000310191,0.000103397,0.000310191,0.000103397,0.000310191,0.000103397
643,61544.2,0.83857,0.42115,0.81059,0,0,0,0,0,0,0.06377,0.00825,0.00219,7e-05,0,0,0,0,0,0,0,0,0,0,0,0,0,0.64773,0.19777,0,0,0.49089,0.04764,0.50161,0.4907,0.87149,0.78227,0.83981,0.57021,1.13476,0.54322,0.84961,0,0,0,0,0,0,0,0,0,0,0,0,0,0,0,0,0,0,0,0,0,0,0,0,0,0,0,0,0,0,0,0.57021,0.000306791,0.000102264,0.000306791,0.000102264,0.000306791,0.000102264,0.000306791,0.000102264
644,61641.2,0.84359,0.42125,0.81122,0,0,0,0,0,0,0.06277,0.00825,0.00139,8e-05,0,0,0,0,0,0,0,0,0,0,0,0,0,0.65232,0.21451,0,0,0.49091,0.04769,0.49913,0.49071,0.87239,0.78189,0.83984,0.56998,1.13533,0.54368,0.84966,0,0,0,0,0,0,0,0,0,0,0,0,0,0,0,0,0,0,0,0,0,0,0,0,0,0,0,0,0,0,0,0.56998,0.00030341,0.000101137,0.00030341,0.000101137,0.00030341,0.000101137,0.00030341,0.000101137
645,61736.4,0.83863,0.41865,0.81415,0,0,0,0,0,0,0.06903,0.00825,0.0015,0,0,0,0,0,0,0,0,0,0,0,0,0,0,0.65209,0.21955,0,0,0.49089,0.04773,0.49867,0.49066,0.87009,0.78529,0.84093,0.57039,1.13516,0.54405,0.84969,0,0,0,0,0,0,0,0,0,0,0,0,0,0,0,0,0,0,0,0,0,0,0,0,0,0,0,0,0,0,0,0.57039,0.000300048,0.000100016,0.000300048,0.000100016,0.000300048,0.000100016,0.000300048,0.000100016
646,61829.7,0.83823,0.41965,0.81197,0,0,0,0,0,0,0.0638,0.00572,0.00197,1e-05,0,0,0,0,0,0,0,0,0,0,0,0,0,0.65808,0.2166,0,0,0.49093,0.04771,0.5,0.49069,0.8713,0.7828,0.84044,0.57051,1.13448,0.54423,0.84958,0,0,0,0,0,0,0,0,0,0,0,0,0,0,0,0,0,0,0,0,0,0,0,0,0,0,0,0,0,0,0,0.57051,0.000296704,9.89013e-05,0.000296704,9.89013e-05,0.000296704,9.89013e-05,0.000296704,9.89013e-05
647,61924.6,0.83645,0.41707,0.81007,0,0,0,0,0,0,0.06343,0.00564,0.00172,1e-05,0,0,0,0,0,0,0,0,0,0,0,0,0,0.6535,0.20185,0,0,0.49091,0.0477,0.50082,0.49072,0.87153,0.78227,0.84023,0.57039,1.1348,0.54421,0.84967,0,0,0,0,0,0,0,0,0,0,0,0,0,0,0,0,0,0,0,0,0,0,0,0,0,0,0,0,0,0,0,0.57039,0.000293379,9.77929e-05,0.000293379,9.77929e-05,0.000293379,9.77929e-05,0.000293379,9.77929e-05
648,62019.3,0.84164,0.421,0.81099,0,0,0,0,0,0,0.0652,0.00564,0.00172,0,0,0,0,0,0,0,0,0,0,0,0,0,0,0.6581,0.20075,0,0,0.49089,0.04772,0.5005,0.49065,0.87198,0.78193,0.84012,0.57017,1.13524,0.54385,0.84972,0,0,0,0,0,0,0,0,0,0,0,0,0,0,0,0,0,0,0,0,0,0,0,0,0,0,0,0,0,0,0,0.57017,0.000290073,9.66909e-05,0.000290073,9.66909e-05,0.000290073,9.66909e-05,0.000290073,9.66909e-05
649,62112.4,0.83512,0.41605,0.81131,0,0,0,0,0,0,0.06314,0.00576,0.00149,1e-05,0,0,0,0,0,0,0,0,0,0,0,0,0,0.65338,0.1969,0,0,0.49088,0.04773,0.4995,0.49064,0.87253,0.78254,0.84016,0.57018,1.13505,0.54453,0.84974,0,0,0,0,0,0,0,0,0,0,0,0,0,0,0,0,0,0,0,0,0,0,0,0,0,0,0,0,0,0,0,0.57018,0.000286785,9.55951e-05,0.000286785,9.55951e-05,0.000286785,9.55951e-05,0.000286785,9.55951e-05
650,62207,0.84049,0.42075,0.81078,0,0,0,0,0,0,0.06298,0.007,0.00169,0,0,0,0,0,0,0,0,0,0,0,0,0,0,0.6539,0.19309,0,0,0.49095,0.04766,0.50118,0.49075,0.87336,0.78125,0.83969,0.57009,1.13442,0.54436,0.84961,0,0,0,0,0,0,0,0,0,0,0,0,0,0,0,0,0,0,0,0,0,0,0,0,0,0,0,0,0,0,0,0.57009,0.000283517,9.45057e-05,0.000283517,9.45057e-05,0.000283517,9.45057e-05,0.000283517,9.45057e-05
651,62301.8,0.84104,0.42226,0.81126,0,0,0,0,0,0,0.06399,0.00747,0.00165,7e-05,0,0,0,0,0,0,0,0,0,0,0,0,0,0.66361,0.19242,0,0,0.4909,0.04772,0.50078,0.49068,0.87303,0.78123,0.83982,0.57043,1.13396,0.54456,0.84955,0,0,0,0,0,0,0,0,0,0,0,0,0,0,0,0,0,0,0,0,0,0,0,0,0,0,0,0,0,0,0,0.57043,0.000280268,9.34225e-05,0.000280268,9.34225e-05,0.000280268,9.34225e-05,0.000280268,9.34225e-05
652,62393.4,0.83492,0.418,0.8104,0,0,0,0,0,0,0.06215,0.00753,0.0018,0,0,0,0,0,0,0,0,0,0,0,0,0,0,0.67773,0.19689,0,0,0.49092,0.04764,0.50066,0.49068,0.87235,0.78116,0.83953,0.57048,1.13385,0.54433,0.84951,0,0,0,0,0,0,0,0,0,0,0,0,0,0,0,0,0,0,0,0,0,0,0,0,0,0,0,0,0,0,0,0.57048,0.000277037,9.23458e-05,0.000277037,9.23458e-05,0.000277037,9.23458e-05,0.000277037,9.23458e-05
653,62488.9,0.83631,0.4218,0.81241,0,0,0,0,0,0,0.0636,0.00766,0.00123,0,0,0,0,0,0,0,0,0,0,0,0,0,0,0.65282,0.19312,0,0,0.49094,0.04767,0.50134,0.4907,0.87281,0.78146,0.83985,0.57028,1.134,0.5445,0.84953,0,0,0,0,0,0,0,0,0,0,0,0,0,0,0,0,0,0,0,0,0,0,0,0,0,0,0,0,0,0,0,0.57028,0.000273826,9.12754e-05,0.000273826,9.12754e-05,0.000273826,9.12754e-05,0.000273826,9.12754e-05
654,62582,0.83815,0.42066,0.81053,0,0,0,0,0,0,0.06237,0.00766,0.00071,0,0,0,0,0,0,0,0,0,0,0,0,0,0,0.62789,0.19196,0,0,0.49089,0.04768,0.50097,0.49066,0.87332,0.78123,0.83986,0.57049,1.13351,0.54445,0.84951,0,0,0,0,0,0,0,0,0,0,0,0,0,0,0,0,0,0,0,0,0,0,0,0,0,0,0,0,0,0,0,0.57049,0.000270634,9.02113e-05,0.000270634,9.02113e-05,0.000270634,9.02113e-05,0.000270634,9.02113e-05
655,62675.3,0.83544,0.42023,0.80936,0,0,0,0,0,0,0.06133,0.00765,0.00067,0,0,0,0,0,0,0,0,0,0,0,0,0,0,0.61849,0.19286,0,0,0.49091,0.04764,0.50129,0.49069,0.87294,0.78071,0.83972,0.57026,1.13361,0.5444,0.84955,0,0,0,0,0,0,0,0,0,0,0,0,0,0,0,0,0,0,0,0,0,0,0,0,0,0,0,0,0,0,0,0.57026,0.000267461,8.91537e-05,0.000267461,8.91537e-05,0.000267461,8.91537e-05,0.000267461,8.91537e-05
656,62768.8,0.83255,0.41671,0.81018,0,0,0,0,0,0,0.06227,0.00766,0.00068,0,0,0,0,0,0,0,0,0,0,0,0,0,0,0.62468,0.19416,0,0,0.4909,0.04773,0.50083,0.49068,0.87297,0.78079,0.8395,0.57067,1.13407,0.54489,0.84951,0,0,0,0,0,0,0,0,0,0,0,0,0,0,0,0,0,0,0,0,0,0,0,0,0,0,0,0,0,0,0,0.57067,0.000264307,8.81025e-05,0.000264307,8.81025e-05,0.000264307,8.81025e-05,0.000264307,8.81025e-05
657,62863.2,0.84088,0.42148,0.81158,0,0,0,0,0,0,0.06228,0.00769,0.00059,1e-05,0,0,0,0,0,0,0,0,0,0,0,0,0,0.6146,0.19481,0,0,0.49096,0.04769,0.50191,0.49073,0.87421,0.77984,0.83938,0.5702,1.13457,0.54489,0.8496,0,0,0,0,0,0,0,0,0,0,0,0,0,0,0,0,0,0,0,0,0,0,0,0,0,0,0,0,0,0,0,0.5702,0.000261173,8.70577e-05,0.000261173,8.70577e-05,0.000261173,8.70577e-05,0.000261173,8.70577e-05
658,62961.9,0.84111,0.42014,0.81159,0,0,0,0,0,0,0.06139,0.00639,0.00074,0,0,0,0,0,0,0,0,0,0,0,0,0,0,0.61795,0.19553,0,0,0.49089,0.04765,0.50125,0.49066,0.87313,0.78077,0.83967,0.5704,1.13486,0.5451,0.8496,0,0,0,0,0,0,0,0,0,0,0,0,0,0,0,0,0,0,0,0,0,0,0,0,0,0,0,0,0,0,0,0.5704,0.000258058,8.60193e-05,0.000258058,8.60193e-05,0.000258058,8.60193e-05,0.000258058,8.60193e-05
659,63063.6,0.83319,0.41768,0.81094,0,0,0,0,0,0,0.06439,0.00593,0.00074,0,0,0,0,0,0,0,0,0,0,0,0,0,0,0.6348,0.19918,0,0,0.49089,0.0477,0.50101,0.49067,0.87301,0.78078,0.8397,0.57025,1.13481,0.545,0.84961,0,0,0,0,0,0,0,0,0,0,0,0,0,0,0,0,0,0,0,0,0,0,0,0,0,0,0,0,0,0,0,0.57025,0.000254962,8.49874e-05,0.000254962,8.49874e-05,0.000254962,8.49874e-05,0.000254962,8.49874e-05
660,63156.7,0.83546,0.42049,0.81077,0,0,0,0,0,0,0.06384,0.00597,0.00097,0,0,0,0,0,0,0,0,0,0,0,0,0,0,0.65344,0.20467,0,0,0.49093,0.04772,0.50188,0.49069,0.87402,0.78066,0.84003,0.57049,1.13465,0.54487,0.8496,0,0,0,0,0,0,0,0,0,0,0,0,0,0,0,0,0,0,0,0,0,0,0,0,0,0,0,0,0,0,0,0.57049,0.000251886,8.3962e-05,0.000251886,8.3962e-05,0.000251886,8.3962e-05,0.000251886,8.3962e-05
661,63251.1,0.83028,0.41609,0.81248,0,0,0,0,0,0,0.06269,0.00586,0.00085,0,0,0,0,0,0,0,0,0,0,0,0,0,0,0.66404,0.20494,0,0,0.49091,0.04766,0.50161,0.49066,0.87321,0.78114,0.84011,0.57062,1.13463,0.54511,0.84958,0,0,0,0,0,0,0,0,0,0,0,0,0,0,0,0,0,0,0,0,0,0,0,0,0,0,0,0,0,0,0,0.57062,0.000248829,8.29431e-05,0.000248829,8.29431e-05,0.000248829,8.29431e-05,0.000248829,8.29431e-05
662,63346.3,0.84119,0.41913,0.81022,0,0,0,0,0,0,0.06272,0.00579,0.00093,0,0,0,0,0,0,0,0,0,0,0,0,0,0,0.66713,0.20912,0,0,0.49089,0.04768,0.50174,0.49065,0.87355,0.7812,0.83998,0.57044,1.13464,0.5449,0.84954,0,0,0,0,0,0,0,0,0,0,0,0,0,0,0,0,0,0,0,0,0,0,0,0,0,0,0,0,0,0,0,0.57044,0.000245792,8.19307e-05,0.000245792,8.19307e-05,0.000245792,8.19307e-05,0.000245792,8.19307e-05
663,63442.5,0.83373,0.41733,0.81125,0,0,0,0,0,0,0.06294,0.00575,0.00072,0,0,0,0,0,0,0,0,0,0,0,0,0,0,0.65278,0.20722,0,0,0.49088,0.04766,0.5008,0.49068,0.87372,0.78137,0.84071,0.57067,1.13453,0.5447,0.84955,0,0,0,0,0,0,0,0,0,0,0,0,0,0,0,0,0,0,0,0,0,0,0,0,0,0,0,0,0,0,0,0.57067,0.000242774,8.09248e-05,0.000242774,8.09248e-05,0.000242774,8.09248e-05,0.000242774,8.09248e-05
664,63540.5,0.83261,0.41651,0.81095,0,0,0,0,0,0,0.06348,0.00573,0.00099,0,0,0,0,0,0,0,0,0,0,0,0,0,0,0.67788,0.21014,0,0,0.49089,0.04773,0.50085,0.49066,0.8748,0.78034,0.8405,0.57043,1.13446,0.54497,0.84958,0,0,0,0,0,0,0,0,0,0,0,0,0,0,0,0,0,0,0,0,0,0,0,0,0,0,0,0,0,0,0,0.57043,0.000239776,7.99255e-05,0.000239776,7.99255e-05,0.000239776,7.99255e-05,0.000239776,7.99255e-05
665,63637.2,0.83171,0.41503,0.81108,0,0,0,0,0,0,0.06299,0.00572,0.00124,0,0,0,0,0,0,0,0,0,0,0,0,0,0,0.68468,0.20847,0,0,0.49093,0.04763,0.49984,0.49071,0.87482,0.78041,0.84058,0.57052,1.1345,0.54523,0.8495,0,0,0,0,0,0,0,0,0,0,0,0,0,0,0,0,0,0,0,0,0,0,0,0,0,0,0,0,0,0,0,0.57052,0.000236798,7.89327e-05,0.000236798,7.89327e-05,0.000236798,7.89327e-05,0.000236798,7.89327e-05
666,63734,0.83745,0.4192,0.81059,0,0,0,0,0,0,0.06314,0.00626,0.00159,0,0,0,0,0,0,0,0,0,0,0,0,0,0,0.67052,0.20694,0,0,0.49093,0.04768,0.50194,0.49072,0.87474,0.78072,0.84072,0.57054,1.13428,0.54547,0.84948,0,0,0,0,0,0,0,0,0,0,0,0,0,0,0,0,0,0,0,0,0,0,0,0,0,0,0,0,0,0,0,0.57054,0.000233839,7.79465e-05,0.000233839,7.79465e-05,0.000233839,7.79465e-05,0.000233839,7.79465e-05
667,63830.6,0.83145,0.41815,0.8106,0,0,0,0,0,0,0.06253,0.00751,0.00075,0,0,0,0,0,0,0,0,0,0,0,0,0,0,0.65684,0.20835,0,0,0.49091,0.04772,0.50159,0.49067,0.87519,0.78107,0.84139,0.57053,1.13428,0.54552,0.84956,0,0,0,0,0,0,0,0,0,0,0,0,0,0,0,0,0,0,0,0,0,0,0,0,0,0,0,0,0,0,0,0.57053,0.000230901,7.69668e-05,0.000230901,7.69668e-05,0.000230901,7.69668e-05,0.000230901,7.69668e-05
668,63928.9,0.83509,0.42003,0.81037,0,0,0,0,0,0,0.06274,0.0076,0.00086,0,0,0,0,0,0,0,0,0,0,0,0,0,0,0.65515,0.20732,0,0,0.49092,0.0477,0.50099,0.49069,0.87461,0.78105,0.84117,0.57054,1.13481,0.5457,0.84964,0,0,0,0,0,0,0,0,0,0,0,0,0,0,0,0,0,0,0,0,0,0,0,0,0,0,0,0,0,0,0,0.57054,0.000227981,7.59938e-05,0.000227981,7.59938e-05,0.000227981,7.59938e-05,0.000227981,7.59938e-05
669,64021.8,0.83284,0.41693,0.80919,0,0,0,0,0,0,0.06243,0.00758,0.00092,0,0,0,0,0,0,0,0,0,0,0,0,0,0,0.65748,0.20892,0,0,0.49092,0.04767,0.5014,0.49068,0.87454,0.78062,0.84107,0.57042,1.13439,0.54604,0.84961,0,0,0,0,0,0,0,0,0,0,0,0,0,0,0,0,0,0,0,0,0,0,0,0,0,0,0,0,0,0,0,0.57042,0.000225082,7.50274e-05,0.000225082,7.50274e-05,0.000225082,7.50274e-05,0.000225082,7.50274e-05
670,64112.3,0.83013,0.4169,0.8098,0,0,0,0,0,0,0.0611,0.00759,0.00075,0,0,0,0,0,0,0,0,0,0,0,0,0,0,0.65163,0.20768,0,0,0.49094,0.04765,0.50155,0.49071,0.87432,0.78042,0.84071,0.57043,1.13466,0.54614,0.84958,0,0,0,0,0,0,0,0,0,0,0,0,0,0,0,0,0,0,0,0,0,0,0,0,0,0,0,0,0,0,0,0.57043,0.000222203,7.40676e-05,0.000222203,7.40676e-05,0.000222203,7.40676e-05,0.000222203,7.40676e-05
671,64209.8,0.83638,0.41778,0.81123,0,0,0,0,0,0,0.06305,0.00762,0.0007,0,0,0,0,0,0,0,0,0,0,0,0,0,0,0.64985,0.20623,0,0,0.49092,0.04766,0.5005,0.49071,0.87427,0.78018,0.84096,0.57038,1.13431,0.54595,0.8495,0,0,0,0,0,0,0,0,0,0,0,0,0,0,0,0,0,0,0,0,0,0,0,0,0,0,0,0,0,0,0,0.57038,0.000219343,7.31145e-05,0.000219343,7.31145e-05,0.000219343,7.31145e-05,0.000219343,7.31145e-05
672,64311.4,0.83174,0.41811,0.81058,0,0,0,0,0,0,0.06335,0.00757,0.00072,0,0,0,0,0,0,0,0,0,0,0,0,0,0,0.65573,0.20356,0,0,0.49094,0.04765,0.5012,0.49071,0.87418,0.78015,0.84117,0.57083,1.13368,0.54603,0.84951,0,0,0,0,0,0,0,0,0,0,0,0,0,0,0,0,0,0,0,0,0,0,0,0,0,0,0,0,0,0,0,0.57083,0.000216504,7.2168e-05,0.000216504,7.2168e-05,0.000216504,7.2168e-05,0.000216504,7.2168e-05
673,64414.3,0.83262,0.41688,0.81026,0,0,0,0,0,0,0.06211,0.00759,0.00093,0,0,0,0,0,0,0,0,0,0,0,0,0,0,0.65589,0.20295,0,0,0.49092,0.0477,0.50154,0.49068,0.87464,0.78085,0.8416,0.5707,1.13343,0.54559,0.84949,0,0,0,0,0,0,0,0,0,0,0,0,0,0,0,0,0,0,0,0,0,0,0,0,0,0,0,0,0,0,0,0.5707,0.000213685,7.12282e-05,0.000213685,7.12282e-05,0.000213685,7.12282e-05,0.000213685,7.12282e-05
674,64512.9,0.82703,0.41522,0.80953,0,0,0,0,0,0,0.06236,0.00723,0.00097,0,0,0,0,0,0,0,0,0,0,0,0,0,0,0.66285,0.2051,0,0,0.49093,0.04769,0.501,0.4907,0.87422,0.77981,0.84098,0.57078,1.13379,0.54613,0.84947,0,0,0,0,0,0,0,0,0,0,0,0,0,0,0,0,0,0,0,0,0,0,0,0,0,0,0,0,0,0,0,0.57078,0.000210885,7.02951e-05,0.000210885,7.02951e-05,0.000210885,7.02951e-05,0.000210885,7.02951e-05
675,64606.5,0.82884,0.41719,0.81068,0,0,0,0,0,0,0.06153,0.00572,0.00076,0,0,0,0,0,0,0,0,0,0,0,0,0,0,0.65704,0.20863,0,0,0.49094,0.04771,0.50147,0.4907,0.87374,0.78009,0.84103,0.57068,1.13372,0.54574,0.84944,0,0,0,0,0,0,0,0,0,0,0,0,0,0,0,0,0,0,0,0,0,0,0,0,0,0,0,0,0,0,0,0.57068,0.000208106,6.93687e-05,0.000208106,6.93687e-05,0.000208106,6.93687e-05,0.000208106,6.93687e-05
676,64703.2,0.82867,0.41626,0.8117,0,0,0,0,0,0,0.06305,0.00572,0.0008,0,0,0,0,0,0,0,0,0,0,0,0,0,0,0.65655,0.21057,0,0,0.49094,0.04765,0.50197,0.4907,0.87315,0.78019,0.84086,0.5706,1.13351,0.54557,0.84945,0,0,0,0,0,0,0,0,0,0,0,0,0,0,0,0,0,0,0,0,0,0,0,0,0,0,0,0,0,0,0,0.5706,0.000205347,6.8449e-05,0.000205347,6.8449e-05,0.000205347,6.8449e-05,0.000205347,6.8449e-05
677,64797.4,0.83068,0.41676,0.81125,0,0,0,0,0,0,0.06256,0.00573,0.0008,0,0,0,0,0,0,0,0,0,0,0,0,0,0,0.66345,0.21389,0,0,0.49094,0.04773,0.50113,0.49072,0.87384,0.77979,0.84073,0.57028,1.13335,0.54505,0.84946,0,0,0,0,0,0,0,0,0,0,0,0,0,0,0,0,0,0,0,0,0,0,0,0,0,0,0,0,0,0,0,0.57028,0.000202608,6.7536e-05,0.000202608,6.7536e-05,0.000202608,6.7536e-05,0.000202608,6.7536e-05
678,64890.5,0.82748,0.41618,0.81256,0,0,0,0,0,0,0.06307,0.00571,0.00067,0,0,0,0,0,0,0,0,0,0,0,0,0,0,0.65488,0.21223,0,0,0.49093,0.04769,0.50196,0.49069,0.87269,0.77949,0.83997,0.57033,1.13344,0.54513,0.84944,0,0,0,0,0,0,0,0,0,0,0,0,0,0,0,0,0,0,0,0,0,0,0,0,0,0,0,0,0,0,0,0.57033,0.000199889,6.66298e-05,0.000199889,6.66298e-05,0.000199889,6.66298e-05,0.000199889,6.66298e-05
679,64985.2,0.82634,0.41567,0.80897,0,0,0,0,0,0,0.06336,0.00569,0.00072,0,0,0,0,0,0,0,0,0,0,0,0,0,0,0.6642,0.21295,0,0,0.49092,0.04765,0.50095,0.49067,0.87282,0.78048,0.84068,0.57051,1.13341,0.5449,0.84945,0,0,0,0,0,0,0,0,0,0,0,0,0,0,0,0,0,0,0,0,0,0,0,0,0,0,0,0,0,0,0,0.57051,0.000197191,6.57303e-05,0.000197191,6.57303e-05,0.000197191,6.57303e-05,0.000197191,6.57303e-05
680,65083.6,0.82979,0.41589,0.8085,0,0,0,0,0,0,0.06321,0.00564,0.00086,0,0,0,0,0,0,0,0,0,0,0,0,0,0,0.65973,0.21172,0,0,0.4909,0.04768,0.5017,0.49069,0.87296,0.78005,0.84052,0.5704,1.13352,0.54509,0.84947,0,0,0,0,0,0,0,0,0,0,0,0,0,0,0,0,0,0,0,0,0,0,0,0,0,0,0,0,0,0,0,0.5704,0.000194513,6.48377e-05,0.000194513,6.48377e-05,0.000194513,6.48377e-05,0.000194513,6.48377e-05
681,65184.1,0.82645,0.41619,0.81192,0,0,0,0,0,0,0.06222,0.00567,0.0011,0,0,0,0,0,0,0,0,0,0,0,0,0,0,0.67249,0.21263,0,0,0.49096,0.04769,0.50167,0.49072,0.8721,0.78029,0.84066,0.57046,1.13377,0.54561,0.84951,0,0,0,0,0,0,0,0,0,0,0,0,0,0,0,0,0,0,0,0,0,0,0,0,0,0,0,0,0,0,0,0.57046,0.000191855,6.39518e-05,0.000191855,6.39518e-05,0.000191855,6.39518e-05,0.000191855,6.39518e-05
682,65280,0.82987,0.41764,0.80983,0,0,0,0,0,0,0.06345,0.00568,0.00115,3e-05,0,0,0,0,0,0,0,0,0,0,0,0,0,0.65594,0.20889,0,0,0.49093,0.04762,0.50091,0.49072,0.87219,0.78015,0.8408,0.5705,1.13329,0.54569,0.84955,0,0,0,0,0,0,0,0,0,0,0,0,0,0,0,0,0,0,0,0,0,0,0,0,0,0,0,0,0,0,0,0.5705,0.000189218,6.30727e-05,0.000189218,6.30727e-05,0.000189218,6.30727e-05,0.000189218,6.30727e-05
683,65376.6,0.83549,0.41836,0.81078,0,0,0,0,0,0,0.06357,0.00413,0.0009,0,0,0,0,0,0,0,0,0,0,0,0,0,0,0.67338,0.21245,0,0,0.49093,0.04768,0.5011,0.49071,0.87182,0.78028,0.84077,0.57082,1.13305,0.5458,0.84958,0,0,0,0,0,0,0,0,0,0,0,0,0,0,0,0,0,0,0,0,0,0,0,0,0,0,0,0,0,0,0,0.57082,0.000186601,6.22004e-05,0.000186601,6.22004e-05,0.000186601,6.22004e-05,0.000186601,6.22004e-05
684,65468.8,0.82342,0.41346,0.81139,0,0,0,0,0,0,0.06322,0.0023,0.00102,0,0,0,0,0,0,0,0,0,0,0,0,0,0,0.66164,0.20856,0,0,0.49091,0.04764,0.5018,0.4907,0.87187,0.78062,0.84055,0.57062,1.13355,0.54567,0.8496,0,0,0,0,0,0,0,0,0,0,0,0,0,0,0,0,0,0,0,0,0,0,0,0,0,0,0,0,0,0,0,0.57062,0.000184005,6.1335e-05,0.000184005,6.1335e-05,0.000184005,6.1335e-05,0.000184005,6.1335e-05
685,65562.4,0.82442,0.41476,0.80895,0,0,0,0,0,0,0.06105,0.0024,0.00114,0,0,0,0,0,0,0,0,0,0,0,0,0,0,0.66216,0.20868,0,0,0.49093,0.04769,0.50195,0.49068,0.87304,0.78065,0.84095,0.57092,1.13332,0.54579,0.84959,0,0,0,0,0,0,0,0,0,0,0,0,0,0,0,0,0,0,0,0,0,0,0,0,0,0,0,0,0,0,0,0.57092,0.000181429,6.04763e-05,0.000181429,6.04763e-05,0.000181429,6.04763e-05,0.000181429,6.04763e-05
686,65655.9,0.83179,0.4172,0.80986,0,0,0,0,0,0,0.06091,0.00383,0.00077,0,0,0,0,0,0,0,0,0,0,0,0,0,0,0.64489,0.20606,0,0,0.49084,0.04766,0.50103,0.49061,0.87323,0.78041,0.84089,0.57087,1.13345,0.54593,0.84957,0,0,0,0,0,0,0,0,0,0,0,0,0,0,0,0,0,0,0,0,0,0,0,0,0,0,0,0,0,0,0,0.57087,0.000178874,5.96246e-05,0.000178874,5.96246e-05,0.000178874,5.96246e-05,0.000178874,5.96246e-05
687,65750.7,0.82987,0.41388,0.81114,0,0,0,0,0,0,0.06313,0.00428,0.00109,0,0,0,0,0,0,0,0,0,0,0,0,0,0,0.65305,0.20645,0,0,0.49093,0.04768,0.50191,0.4907,0.87261,0.78088,0.84052,0.57069,1.13362,0.54571,0.84955,0,0,0,0,0,0,0,0,0,0,0,0,0,0,0,0,0,0,0,0,0,0,0,0,0,0,0,0,0,0,0,0.57069,0.000176339,5.87797e-05,0.000176339,5.87797e-05,0.000176339,5.87797e-05,0.000176339,5.87797e-05
688,65849.6,0.82996,0.41979,0.81019,0,0,0,0,0,0,0.06229,0.00433,0.00097,0,0,0,0,0,0,0,0,0,0,0,0,0,0,0.65475,0.20654,0,0,0.49092,0.04767,0.50168,0.49069,0.87314,0.78121,0.84116,0.57103,1.13328,0.54568,0.84949,0,0,0,0,0,0,0,0,0,0,0,0,0,0,0,0,0,0,0,0,0,0,0,0,0,0,0,0,0,0,0,0.57103,0.000173825,5.79417e-05,0.000173825,5.79417e-05,0.000173825,5.79417e-05,0.000173825,5.79417e-05
689,65949.9,0.82249,0.41244,0.81038,0,0,0,0,0,0,0.06375,0.00435,0.00086,1e-05,0,0,0,0,0,0,0,0,0,0,0,0,0,0.6546,0.20207,0,0,0.49097,0.04769,0.50118,0.49073,0.87339,0.78104,0.84122,0.5709,1.13279,0.54536,0.84953,0,0,0,0,0,0,0,0,0,0,0,0,0,0,0,0,0,0,0,0,0,0,0,0,0,0,0,0,0,0,0,0.5709,0.000171332,5.71106e-05,0.000171332,5.71106e-05,0.000171332,5.71106e-05,0.000171332,5.71106e-05
690,66047.4,0.83116,0.41796,0.80978,0,0,0,0,0,0,0.06336,0.0046,0.00122,0,0,0,0,0,0,0,0,0,0,0,0,0,0,0.65529,0.20609,0,0,0.4909,0.04772,0.50186,0.49065,0.87505,0.78091,0.84126,0.57117,1.13281,0.54546,0.84946,0,0,0,0,0,0,0,0,0,0,0,0,0,0,0,0,0,0,0,0,0,0,0,0,0,0,0,0,0,0,0,0.57117,0.000168859,5.62864e-05,0.000168859,5.62864e-05,0.000168859,5.62864e-05,0.000168859,5.62864e-05
691,66145.9,0.828,0.41596,0.81043,0,0,0,0,0,0,0.06166,0.00549,0.00074,0,0,0,0,0,0,0,0,0,0,0,0,0,0,0.65777,0.21075,0,0,0.49092,0.04768,0.50189,0.49067,0.87545,0.78012,0.84119,0.57153,1.13261,0.5456,0.84945,0,0,0,0,0,0,0,0,0,0,0,0,0,0,0,0,0,0,0,0,0,0,0,0,0,0,0,0,0,0,0,0.57153,0.000166407,5.54691e-05,0.000166407,5.54691e-05,0.000166407,5.54691e-05,0.000166407,5.54691e-05
692,66244.7,0.82708,0.41446,0.81164,0,0,0,0,0,0,0.06132,0.00559,0.001,0,0,0,0,0,0,0,0,0,0,0,0,0,0,0.65782,0.20895,0,0,0.49091,0.04771,0.50159,0.49067,0.87598,0.7791,0.84095,0.57153,1.13257,0.54551,0.84941,0,0,0,0,0,0,0,0,0,0,0,0,0,0,0,0,0,0,0,0,0,0,0,0,0,0,0,0,0,0,0,0.57153,0.000163976,5.46588e-05,0.000163976,5.46588e-05,0.000163976,5.46588e-05,0.000163976,5.46588e-05
693,66337.3,0.82685,0.41606,0.8101,0,0,0,0,0,0,0.06213,0.00559,0.00122,0,0,0,0,0,0,0,0,0,0,0,0,0,0,0.66181,0.20337,0,0,0.49092,0.04768,0.50134,0.49068,0.87593,0.78024,0.84129,0.57142,1.13263,0.54588,0.84938,0,0,0,0,0,0,0,0,0,0,0,0,0,0,0,0,0,0,0,0,0,0,0,0,0,0,0,0,0,0,0,0.57142,0.000161566,5.38554e-05,0.000161566,5.38554e-05,0.000161566,5.38554e-05,0.000161566,5.38554e-05
694,66432.6,0.83072,0.41492,0.8112,0,0,0,0,0,0,0.06147,0.00558,0.00085,0,0,0,0,0,0,0,0,0,0,0,0,0,0,0.65015,0.20405,0,0,0.49091,0.04773,0.50049,0.49068,0.87647,0.77987,0.84153,0.57165,1.13262,0.54615,0.84942,0,0,0,0,0,0,0,0,0,0,0,0,0,0,0,0,0,0,0,0,0,0,0,0,0,0,0,0,0,0,0,0.57165,0.000159177,5.30589e-05,0.000159177,5.30589e-05,0.000159177,5.30589e-05,0.000159177,5.30589e-05
695,66530,0.82697,0.41485,0.81198,0,0,0,0,0,0,0.06199,0.00557,0.00084,0,0,0,0,0,0,0,0,0,0,0,0,0,0,0.65106,0.20314,0,0,0.49095,0.04771,0.50015,0.49073,0.87561,0.77928,0.84089,0.57131,1.13308,0.5465,0.84948,0,0,0,0,0,0,0,0,0,0,0,0,0,0,0,0,0,0,0,0,0,0,0,0,0,0,0,0,0,0,0,0.57131,0.000156808,5.22695e-05,0.000156808,5.22695e-05,0.000156808,5.22695e-05,0.000156808,5.22695e-05
696,66632,0.8261,0.41371,0.81039,0,0,0,0,0,0,0.06186,0.00557,0.00083,0,0,0,0,0,0,0,0,0,0,0,0,0,0,0.64501,0.20231,0,0,0.49093,0.04771,0.5012,0.4907,0.87638,0.78021,0.84178,0.57127,1.13341,0.54662,0.84948,0,0,0,0,0,0,0,0,0,0,0,0,0,0,0,0,0,0,0,0,0,0,0,0,0,0,0,0,0,0,0,0.57127,0.000154461,5.1487e-05,0.000154461,5.1487e-05,0.000154461,5.1487e-05,0.000154461,5.1487e-05
697,66725.8,0.8241,0.41603,0.80933,0,0,0,0,0,0,0.06112,0.0056,0.00069,0,0,0,0,0,0,0,0,0,0,0,0,0,0,0.63349,0.20151,0,0,0.49091,0.04762,0.50193,0.49067,0.87449,0.78025,0.84132,0.57168,1.13311,0.54661,0.84944,0,0,0,0,0,0,0,0,0,0,0,0,0,0,0,0,0,0,0,0,0,0,0,0,0,0,0,0,0,0,0,0.57168,0.000152134,5.07115e-05,0.000152134,5.07115e-05,0.000152134,5.07115e-05,0.000152134,5.07115e-05
698,66821.3,0.8259,0.41443,0.80955,0,0,0,0,0,0,0.06159,0.00557,0.00063,0,0,0,0,0,0,0,0,0,0,0,0,0,0,0.64222,0.20182,0,0,0.49088,0.04772,0.50124,0.49064,0.87475,0.77968,0.84119,0.57145,1.13303,0.54656,0.84944,0,0,0,0,0,0,0,0,0,0,0,0,0,0,0,0,0,0,0,0,0,0,0,0,0,0,0,0,0,0,0,0.57145,0.000149829,4.9943e-05,0.000149829,4.9943e-05,0.000149829,4.9943e-05,0.000149829,4.9943e-05
699,66915.6,0.82368,0.41512,0.8103,0,0,0,0,0,0,0.06149,0.00444,0.0006,0,0,0,0,0,0,0,0,0,0,0,0,0,0,0.63211,0.20002,0,0,0.49092,0.04768,0.50138,0.4907,0.87348,0.7802,0.84124,0.57145,1.1329,0.54649,0.84937,0,0,0,0,0,0,0,0,0,0,0,0,0,0,0,0,0,0,0,0,0,0,0,0,0,0,0,0,0,0,0,0.57145,0.000147544,4.91815e-05,0.000147544,4.91815e-05,0.000147544,4.91815e-05,0.000147544,4.91815e-05
700,67009.8,0.82149,0.41518,0.80808,0,0,0,0,0,0,0.06192,0.0044,0.00075,0,0,0,0,0,0,0,0,0,0,0,0,0,0,0.62489,0.19977,0,0,0.49092,0.04768,0.50158,0.49068,0.87264,0.77993,0.84097,0.57125,1.13276,0.54673,0.84949,0,0,0,0,0,0,0,0,0,0,0,0,0,0,0,0,0,0,0,0,0,0,0,0,0,0,0,0,0,0,0,0.57125,0.000145281,4.8427e-05,0.000145281,4.8427e-05,0.000145281,4.8427e-05,0.000145281,4.8427e-05
701,67104.5,0.82634,0.41691,0.81055,0,0,0,0,0,0,0.0621,0.00439,0.00066,0,0,0,0,0,0,0,0,0,0,0,0,0,0,0.62653,0.20195,0,0,0.49091,0.04766,0.5012,0.49068,0.87345,0.78023,0.84124,0.57168,1.13289,0.54678,0.84946,0,0,0,0,0,0,0,0,0,0,0,0,0,0,0,0,0,0,0,0,0,0,0,0,0,0,0,0,0,0,0,0.57168,0.000143039,4.76796e-05,0.000143039,4.76796e-05,0.000143039,4.76796e-05,0.000143039,4.76796e-05
702,67199.8,0.82474,0.41595,0.8113,0,0,0,0,0,0,0.06187,0.0044,0.00061,0,0,0,0,0,0,0,0,0,0,0,0,0,0,0.62718,0.20349,0,0,0.49094,0.04766,0.50081,0.49072,0.87332,0.77965,0.84079,0.57143,1.13263,0.54702,0.84945,0,0,0,0,0,0,0,0,0,0,0,0,0,0,0,0,0,0,0,0,0,0,0,0,0,0,0,0,0,0,0,0.57143,0.000140818,4.69393e-05,0.000140818,4.69393e-05,0.000140818,4.69393e-05,0.000140818,4.69393e-05
703,67297.2,0.8243,0.41227,0.81122,0,0,0,0,0,0,0.06116,0.00439,0.00059,0,0,0,0,0,0,0,0,0,0,0,0,0,0,0.62973,0.204,0,0,0.49095,0.04772,0.5011,0.49072,0.87422,0.77972,0.84129,0.57136,1.13289,0.54717,0.84949,0,0,0,0,0,0,0,0,0,0,0,0,0,0,0,0,0,0,0,0,0,0,0,0,0,0,0,0,0,0,0,0.57136,0.000138618,4.6206e-05,0.000138618,4.6206e-05,0.000138618,4.6206e-05,0.000138618,4.6206e-05
704,67407.8,0.83142,0.41614,0.81006,0,0,0,0,0,0,0.06161,0.00436,0.00058,1e-05,0,0,0,0,0,0,0,0,0,0,0,0,0,0.63399,0.20487,0,0,0.49091,0.04765,0.50035,0.49069,0.87448,0.77939,0.84098,0.5716,1.13245,0.54694,0.84944,0,0,0,0,0,0,0,0,0,0,0,0,0,0,0,0,0,0,0,0,0,0,0,0,0,0,0,0,0,0,0,0.5716,0.000136439,4.54798e-05,0.000136439,4.54798e-05,0.000136439,4.54798e-05,0.000136439,4.54798e-05
705,67521.5,0.82233,0.41353,0.81113,0,0,0,0,0,0,0.0623,0.00438,0.0006,0,0,0,0,0,0,0,0,0,0,0,0,0,0,0.64144,0.20635,0,0,0.49093,0.04768,0.50201,0.4907,0.87436,0.77963,0.8413,0.57127,1.13253,0.54659,0.84948,0,0,0,0,0,0,0,0,0,0,0,0,0,0,0,0,0,0,0,0,0,0,0,0,0,0,0,0,0,0,0,0.57127,0.000134282,4.47606e-05,0.000134282,4.47606e-05,0.000134282,4.47606e-05,0.000134282,4.47606e-05
706,67619,0.82056,0.41454,0.81002,0,0,0,0,0,0,0.06125,0.00439,0.00062,0,0,0,0,0,0,0,0,0,0,0,0,0,0,0.63173,0.20478,0,0,0.49093,0.04773,0.50138,0.49071,0.87295,0.78036,0.84157,0.57107,1.13285,0.54655,0.8495,0,0,0,0,0,0,0,0,0,0,0,0,0,0,0,0,0,0,0,0,0,0,0,0,0,0,0,0,0,0,0,0.57107,0.000132146,4.40486e-05,0.000132146,4.40486e-05,0.000132146,4.40486e-05,0.000132146,4.40486e-05
707,67734.7,0.82959,0.41628,0.81181,0,0,0,0,0,0,0.06102,0.00366,0.00065,0,0,0,0,0,0,0,0,0,0,0,0,0,0,0.62886,0.20502,0,0,0.49089,0.04768,0.50068,0.49068,0.87544,0.77921,0.84073,0.57097,1.1325,0.54626,0.84945,0,0,0,0,0,0,0,0,0,0,0,0,0,0,0,0,0,0,0,0,0,0,0,0,0,0,0,0,0,0,0,0.57097,0.000130031,4.33437e-05,0.000130031,4.33437e-05,0.000130031,4.33437e-05,0.000130031,4.33437e-05
708,67850.6,0.82825,0.41416,0.81006,0,0,0,0,0,0,0.06157,0.00224,0.00058,0,0,0,0,0,0,0,0,0,0,0,0,0,0,0.63392,0.20543,0,0,0.49094,0.04768,0.50124,0.49072,0.87564,0.7792,0.84132,0.57121,1.13235,0.54651,0.84943,0,0,0,0,0,0,0,0,0,0,0,0,0,0,0,0,0,0,0,0,0,0,0,0,0,0,0,0,0,0,0,0.57121,0.000127938,4.26459e-05,0.000127938,4.26459e-05,0.000127938,4.26459e-05,0.000127938,4.26459e-05
709,67944.8,0.82555,0.41565,0.81052,0,0,0,0,0,0,0.0621,0.0022,0.00063,0,0,0,0,0,0,0,0,0,0,0,0,0,0,0.63064,0.20451,0,0,0.49085,0.04768,0.50091,0.49066,0.87321,0.7793,0.84049,0.57118,1.13287,0.54637,0.84951,0,0,0,0,0,0,0,0,0,0,0,0,0,0,0,0,0,0,0,0,0,0,0,0,0,0,0,0,0,0,0,0.57118,0.000125866,4.19552e-05,0.000125866,4.19552e-05,0.000125866,4.19552e-05,0.000125866,4.19552e-05
710,68037.7,0.8205,0.41347,0.80947,0,0,0,0,0,0,0.06177,0.00219,0.00073,0,0,0,0,0,0,0,0,0,0,0,0,0,0,0.64521,0.2043,0,0,0.49088,0.04773,0.50169,0.49064,0.87446,0.77969,0.84112,0.57092,1.13268,0.54648,0.8495,0,0,0,0,0,0,0,0,0,0,0,0,0,0,0,0,0,0,0,0,0,0,0,0,0,0,0,0,0,0,0,0.57092,0.000123815,4.12717e-05,0.000123815,4.12717e-05,0.000123815,4.12717e-05,0.000123815,4.12717e-05
711,68130,0.82364,0.41289,0.81021,0,0,0,0,0,0,0.06192,0.00218,0.00066,0,0,0,0,0,0,0,0,0,0,0,0,0,0,0.64558,0.20359,0,0,0.49088,0.04766,0.50179,0.49064,0.8728,0.77951,0.84061,0.57107,1.13288,0.54672,0.8495,0,0,0,0,0,0,0,0,0,0,0,0,0,0,0,0,0,0,0,0,0,0,0,0,0,0,0,0,0,0,0,0.57107,0.000121786,4.05953e-05,0.000121786,4.05953e-05,0.000121786,4.05953e-05,0.000121786,4.05953e-05
712,68222.1,0.82405,0.41332,0.80921,0,0,0,0,0,0,0.06024,0.00218,0.0007,0,0,0,0,0,0,0,0,0,0,0,0,0,0,0.63522,0.20233,0,0,0.49088,0.04771,0.50147,0.49065,0.87187,0.77988,0.84085,0.57119,1.13225,0.54668,0.84952,0,0,0,0,0,0,0,0,0,0,0,0,0,0,0,0,0,0,0,0,0,0,0,0,0,0,0,0,0,0,0,0.57119,0.000119778,3.99261e-05,0.000119778,3.99261e-05,0.000119778,3.99261e-05,0.000119778,3.99261e-05
713,68316.9,0.82008,0.41329,0.80893,0,0,0,0,0,0,0.0616,0.00217,0.00058,0,0,0,0,0,0,0,0,0,0,0,0,0,0,0.63536,0.20279,0,0,0.49087,0.04769,0.50104,0.49065,0.87396,0.77938,0.84056,0.57134,1.13219,0.5464,0.84946,0,0,0,0,0,0,0,0,0,0,0,0,0,0,0,0,0,0,0,0,0,0,0,0,0,0,0,0,0,0,0,0.57134,0.000117792,3.9264e-05,0.000117792,3.9264e-05,0.000117792,3.9264e-05,0.000117792,3.9264e-05
714,68412.2,0.82634,0.41469,0.80917,0,0,0,0,0,0,0.06319,0.00216,0.00068,0,0,0,0,0,0,0,0,0,0,0,0,0,0,0.6405,0.20402,0,0,0.49091,0.04767,0.50232,0.49068,0.87494,0.77828,0.84078,0.57113,1.13197,0.54631,0.84941,0,0,0,0,0,0,0,0,0,0,0,0,0,0,0,0,0,0,0,0,0,0,0,0,0,0,0,0,0,0,0,0.57113,0.000115827,3.86092e-05,0.000115827,3.86092e-05,0.000115827,3.86092e-05,0.000115827,3.86092e-05
715,68504.3,0.8267,0.41687,0.80971,0,0,0,0,0,0,0.06132,0.00215,0.00078,0,0,0,0,0,0,0,0,0,0,0,0,0,0,0.64597,0.20518,0,0,0.49088,0.04767,0.50039,0.49067,0.87177,0.77943,0.8406,0.57123,1.13201,0.54627,0.84934,0,0,0,0,0,0,0,0,0,0,0,0,0,0,0,0,0,0,0,0,0,0,0,0,0,0,0,0,0,0,0,0.57123,0.000113884,3.79615e-05,0.000113884,3.79615e-05,0.000113884,3.79615e-05,0.000113884,3.79615e-05
716,68595.7,0.82255,0.41361,0.80965,0,0,0,0,0,0,0.06262,0.00216,0.00071,0,0,0,0,0,0,0,0,0,0,0,0,0,0,0.64079,0.2045,0,0,0.49093,0.04772,0.50102,0.4907,0.87361,0.77836,0.83995,0.57137,1.13175,0.54621,0.84943,0,0,0,0,0,0,0,0,0,0,0,0,0,0,0,0,0,0,0,0,0,0,0,0,0,0,0,0,0,0,0,0.57137,0.000111963,3.7321e-05,0.000111963,3.7321e-05,0.000111963,3.7321e-05,0.000111963,3.7321e-05
717,68687,0.82416,0.41235,0.80915,0,0,0,0,0,0,0.06042,0.00215,0.00073,0,0,0,0,0,0,0,0,0,0,0,0,0,0,0.62866,0.20265,0,0,0.49094,0.04773,0.50268,0.49072,0.87216,0.77861,0.83983,0.57089,1.1319,0.54668,0.84943,0,0,0,0,0,0,0,0,0,0,0,0,0,0,0,0,0,0,0,0,0,0,0,0,0,0,0,0,0,0,0,0.57089,0.000110063,3.66877e-05,0.000110063,3.66877e-05,0.000110063,3.66877e-05,0.000110063,3.66877e-05
718,68779.4,0.81926,0.41311,0.80961,0,0,0,0,0,0,0.0634,0.00216,0.00076,0,0,0,0,0,0,0,0,0,0,0,0,0,0,0.63497,0.2019,0,0,0.49092,0.04765,0.50075,0.4907,0.87353,0.77779,0.83969,0.57117,1.13222,0.54685,0.84944,0,0,0,0,0,0,0,0,0,0,0,0,0,0,0,0,0,0,0,0,0,0,0,0,0,0,0,0,0,0,0,0.57117,0.000108185,3.60617e-05,0.000108185,3.60617e-05,0.000108185,3.60617e-05,0.000108185,3.60617e-05
719,68870.6,0.82328,0.41435,0.80929,0,0,0,0,0,0,0.06122,0.00217,0.00099,0,0,0,0,0,0,0,0,0,0,0,0,0,0,0.6467,0.20033,0,0,0.49094,0.0477,0.50082,0.4907,0.87356,0.77738,0.83928,0.57129,1.13218,0.54693,0.84939,0,0,0,0,0,0,0,0,0,0,0,0,0,0,0,0,0,0,0,0,0,0,0,0,0,0,0,0,0,0,0,0.57129,0.000106329,3.54429e-05,0.000106329,3.54429e-05,0.000106329,3.54429e-05,0.000106329,3.54429e-05
720,68961.8,0.82181,0.41345,0.81001,0,0,0,0,0,0,0.0614,0.00215,0.00076,0,0,0,0,0,0,0,0,0,0,0,0,0,0,0.63113,0.19932,0,0,0.49088,0.0477,0.5022,0.49064,0.87284,0.77834,0.83982,0.57139,1.13182,0.54718,0.84936,0,0,0,0,0,0,0,0,0,0,0,0,0,0,0,0,0,0,0,0,0,0,0,0,0,0,0,0,0,0,0,0.57139,0.000104494,3.48313e-05,0.000104494,3.48313e-05,0.000104494,3.48313e-05,0.000104494,3.48313e-05
721,69054.2,0.82307,0.41286,0.81097,0,0,0,0,0,0,0.06163,0.00215,0.00065,0,0,0,0,0,0,0,0,0,0,0,0,0,0,0.63222,0.20066,0,0,0.49091,0.04768,0.50097,0.49069,0.8737,0.77756,0.83982,0.57143,1.13182,0.54722,0.84941,0,0,0,0,0,0,0,0,0,0,0,0,0,0,0,0,0,0,0,0,0,0,0,0,0,0,0,0,0,0,0,0.57143,0.000102681,3.4227e-05,0.000102681,3.4227e-05,0.000102681,3.4227e-05,0.000102681,3.4227e-05
722,69144.8,0.82503,0.41236,0.80864,0,0,0,0,0,0,0.06179,0.00215,0.00073,0,0,0,0,0,0,0,0,0,0,0,0,0,0,0.63163,0.20181,0,0,0.49091,0.04773,0.50221,0.49068,0.87464,0.77782,0.84047,0.57153,1.13165,0.54702,0.84934,0,0,0,0,0,0,0,0,0,0,0,0,0,0,0,0,0,0,0,0,0,0,0,0,0,0,0,0,0,0,0,0.57153,0.00010089,3.363e-05,0.00010089,3.363e-05,0.00010089,3.363e-05,0.00010089,3.363e-05
723,69236.5,0.82534,0.41444,0.81008,0,0,0,0,0,0,0.06069,0.00215,0.0008,0,0,0,0,0,0,0,0,0,0,0,0,0,0,0.63759,0.20244,0,0,0.4909,0.0477,0.50209,0.49066,0.87362,0.77777,0.84033,0.5716,1.1316,0.54741,0.84931,0,0,0,0,0,0,0,0,0,0,0,0,0,0,0,0,0,0,0,0,0,0,0,0,0,0,0,0,0,0,0,0.5716,9.91206e-05,3.30402e-05,9.91206e-05,3.30402e-05,9.91206e-05,3.30402e-05,9.91206e-05,3.30402e-05
724,69329.2,0.81677,0.41321,0.8104,0,0,0,0,0,0,0.06316,0.00215,0.0011,1e-05,0,0,0,0,0,0,0,0,0,0,0,0,0,0.65491,0.20554,0,0,0.49089,0.04771,0.50201,0.49065,0.87472,0.77753,0.83997,0.5718,1.13121,0.54744,0.84926,0,0,0,0,0,0,0,0,0,0,0,0,0,0,0,0,0,0,0,0,0,0,0,0,0,0,0,0,0,0,0,0.5718,9.7373e-05,3.24577e-05,9.7373e-05,3.24577e-05,9.7373e-05,3.24577e-05,9.7373e-05,3.24577e-05
725,69421.9,0.82039,0.41303,0.80881,0,0,0,0,0,0,0.0626,0.00215,0.00083,1e-05,0,0,0,0,0,0,0,0,0,0,0,0,0,0.64187,0.20274,0,0,0.49089,0.0477,0.50117,0.49068,0.87333,0.77796,0.84041,0.57174,1.13099,0.5471,0.84921,0,0,0,0,0,0,0,0,0,0,0,0,0,0,0,0,0,0,0,0,0,0,0,0,0,0,0,0,0,0,0,0.57174,9.56474e-05,3.18825e-05,9.56474e-05,3.18825e-05,9.56474e-05,3.18825e-05,9.56474e-05,3.18825e-05
726,69514.3,0.82345,0.41231,0.80958,0,0,0,0,0,0,0.0644,0.00214,0.00071,0,0,0,0,0,0,0,0,0,0,0,0,0,0,0.6308,0.20213,0,0,0.49085,0.04769,0.50196,0.49063,0.87357,0.7777,0.84025,0.57166,1.13105,0.54711,0.84924,0,0,0,0,0,0,0,0,0,0,0,0,0,0,0,0,0,0,0,0,0,0,0,0,0,0,0,0,0,0,0,0.57166,9.39436e-05,3.13145e-05,9.39436e-05,3.13145e-05,9.39436e-05,3.13145e-05,9.39436e-05,3.13145e-05
727,69607.1,0.82303,0.41277,0.80988,0,0,0,0,0,0,0.06221,0.00215,0.00076,0,0,0,0,0,0,0,0,0,0,0,0,0,0,0.63785,0.20407,0,0,0.49094,0.0477,0.5016,0.49071,0.87312,0.77765,0.84023,0.57191,1.13084,0.54741,0.84925,0,0,0,0,0,0,0,0,0,0,0,0,0,0,0,0,0,0,0,0,0,0,0,0,0,0,0,0,0,0,0,0.57191,9.22617e-05,3.07539e-05,9.22617e-05,3.07539e-05,9.22617e-05,3.07539e-05,9.22617e-05,3.07539e-05
728,69699.6,0.81972,0.41347,0.80901,0,0,0,0,0,0,0.06209,0.00215,0.00073,0,0,0,0,0,0,0,0,0,0,0,0,0,0,0.63177,0.20315,0,0,0.49092,0.04765,0.50233,0.49069,0.87263,0.77742,0.8402,0.57179,1.1309,0.54711,0.84924,0,0,0,0,0,0,0,0,0,0,0,0,0,0,0,0,0,0,0,0,0,0,0,0,0,0,0,0,0,0,0,0.57179,9.06018e-05,3.02006e-05,9.06018e-05,3.02006e-05,9.06018e-05,3.02006e-05,9.06018e-05,3.02006e-05
729,69792,0.82907,0.41601,0.80986,0,0,0,0,0,0,0.06156,0.00214,0.00062,0,0,0,0,0,0,0,0,0,0,0,0,0,0,0.62467,0.20369,0,0,0.49094,0.04767,0.50184,0.49071,0.87153,0.77834,0.84026,0.57179,1.13122,0.54733,0.84922,0,0,0,0,0,0,0,0,0,0,0,0,0,0,0,0,0,0,0,0,0,0,0,0,0,0,0,0,0,0,0,0.57179,8.89639e-05,2.96546e-05,8.89639e-05,2.96546e-05,8.89639e-05,2.96546e-05,8.89639e-05,2.96546e-05
730,69884.6,0.82258,0.41431,0.80943,0,0,0,0,0,0,0.06192,0.00214,0.00055,0,0,0,0,0,0,0,0,0,0,0,0,0,0,0.62484,0.20374,0,0,0.49094,0.04767,0.50232,0.4907,0.87366,0.77748,0.84032,0.57169,1.13107,0.54709,0.84924,0,0,0,0,0,0,0,0,0,0,0,0,0,0,0,0,0,0,0,0,0,0,0,0,0,0,0,0,0,0,0,0.57169,8.73479e-05,2.9116e-05,8.73479e-05,2.9116e-05,8.73479e-05,2.9116e-05,8.73479e-05,2.9116e-05
731,69975.9,0.81912,0.41195,0.80939,0,0,0,0,0,0,0.06116,0.00214,0.00057,0,0,0,0,0,0,0,0,0,0,0,0,0,0,0.62568,0.20433,0,0,0.49094,0.04771,0.50161,0.49074,0.87317,0.77703,0.8401,0.5718,1.13115,0.54709,0.84919,0,0,0,0,0,0,0,0,0,0,0,0,0,0,0,0,0,0,0,0,0,0,0,0,0,0,0,0,0,0,0,0.5718,8.5754e-05,2.85847e-05,8.5754e-05,2.85847e-05,8.5754e-05,2.85847e-05,8.5754e-05,2.85847e-05
732,70067.7,0.82187,0.4112,0.80926,0,0,0,0,0,0,0.06246,0.00215,0.00061,0,0,0,0,0,0,0,0,0,0,0,0,0,0,0.62347,0.20441,0,0,0.49092,0.0477,0.50099,0.49071,0.87364,0.77687,0.84002,0.57177,1.13112,0.54725,0.84917,0,0,0,0,0,0,0,0,0,0,0,0,0,0,0,0,0,0,0,0,0,0,0,0,0,0,0,0,0,0,0,0.57177,8.41821e-05,2.80607e-05,8.41821e-05,2.80607e-05,8.41821e-05,2.80607e-05,8.41821e-05,2.80607e-05
733,70162.9,0.81944,0.41175,0.81005,0,0,0,0,0,0,0.06251,0.00214,0.00062,0,0,0,0,0,0,0,0,0,0,0,0,0,0,0.62424,0.20391,0,0,0.49095,0.04764,0.50181,0.49073,0.87211,0.77661,0.83966,0.57188,1.13099,0.54719,0.84923,0,0,0,0,0,0,0,0,0,0,0,0,0,0,0,0,0,0,0,0,0,0,0,0,0,0,0,0,0,0,0,0.57188,8.26322e-05,2.75441e-05,8.26322e-05,2.75441e-05,8.26322e-05,2.75441e-05,8.26322e-05,2.75441e-05
734,70255.1,0.82075,0.41446,0.80753,0,0,0,0,0,0,0.06189,0.00213,0.00054,0,0,0,0,0,0,0,0,0,0,0,0,0,0,0.62252,0.20305,0,0,0.49089,0.04767,0.50226,0.49064,0.87369,0.77681,0.84022,0.57182,1.13102,0.54719,0.84923,0,0,0,0,0,0,0,0,0,0,0,0,0,0,0,0,0,0,0,0,0,0,0,0,0,0,0,0,0,0,0,0.57182,8.11045e-05,2.70348e-05,8.11045e-05,2.70348e-05,8.11045e-05,2.70348e-05,8.11045e-05,2.70348e-05
735,70357.4,0.83074,0.41428,0.80915,0,0,0,0,0,0,0.06077,0.00214,0.00049,0,0,0,0,0,0,0,0,0,0,0,0,0,0,0.62287,0.20488,0,0,0.49097,0.04771,0.50171,0.49073,0.8723,0.77665,0.84004,0.57178,1.13124,0.5472,0.84922,0,0,0,0,0,0,0,0,0,0,0,0,0,0,0,0,0,0,0,0,0,0,0,0,0,0,0,0,0,0,0,0.57178,7.95988e-05,2.65329e-05,7.95988e-05,2.65329e-05,7.95988e-05,2.65329e-05,7.95988e-05,2.65329e-05
736,70452.2,0.82464,0.41277,0.81025,0,0,0,0,0,0,0.06027,0.00214,0.00052,0,0,0,0,0,0,0,0,0,0,0,0,0,0,0.62495,0.20645,0,0,0.49088,0.04771,0.50129,0.49066,0.87405,0.77718,0.84071,0.57201,1.13098,0.54705,0.84923,0,0,0,0,0,0,0,0,0,0,0,0,0,0,0,0,0,0,0,0,0,0,0,0,0,0,0,0,0,0,0,0.57201,7.81153e-05,2.60384e-05,7.81153e-05,2.60384e-05,7.81153e-05,2.60384e-05,7.81153e-05,2.60384e-05
737,70545.6,0.82392,0.41357,0.80862,0,0,0,0,0,0,0.06148,0.00213,0.00055,0,0,0,0,0,0,0,0,0,0,0,0,0,0,0.62436,0.20538,0,0,0.49089,0.0477,0.50107,0.49066,0.87245,0.77665,0.83988,0.57179,1.13111,0.5469,0.84923,0,0,0,0,0,0,0,0,0,0,0,0,0,0,0,0,0,0,0,0,0,0,0,0,0,0,0,0,0,0,0,0.57179,7.6654e-05,2.55513e-05,7.6654e-05,2.55513e-05,7.6654e-05,2.55513e-05,7.6654e-05,2.55513e-05
738,70640.8,0.81948,0.41393,0.8098,0,0,0,0,0,0,0.06332,0.00214,0.00047,0,0,0,0,0,0,0,0,0,0,0,0,0,0,0.61535,0.20453,0,0,0.49095,0.04774,0.50165,0.49075,0.87387,0.77652,0.84003,0.57164,1.13133,0.54742,0.84929,0,0,0,0,0,0,0,0,0,0,0,0,0,0,0,0,0,0,0,0,0,0,0,0,0,0,0,0,0,0,0,0.57164,7.52148e-05,2.50716e-05,7.52148e-05,2.50716e-05,7.52148e-05,2.50716e-05,7.52148e-05,2.50716e-05
739,70731.7,0.81829,0.4113,0.80848,0,0,0,0,0,0,0.06038,0.00213,0.00046,0,0,0,0,0,0,0,0,0,0,0,0,0,0,0.61927,0.20357,0,0,0.49089,0.04768,0.50106,0.49067,0.87114,0.77709,0.83987,0.57196,1.13108,0.54755,0.84928,0,0,0,0,0,0,0,0,0,0,0,0,0,0,0,0,0,0,0,0,0,0,0,0,0,0,0,0,0,0,0,0.57196,7.37979e-05,2.45993e-05,7.37979e-05,2.45993e-05,7.37979e-05,2.45993e-05,7.37979e-05,2.45993e-05
740,70824.8,0.81567,0.41151,0.81021,0,0,0,0,0,0,0.06132,0.00214,0.00049,1e-05,0,0,0,0,0,0,0,0,0,0,0,0,0,0.62127,0.20418,0,0,0.49091,0.04774,0.50116,0.49071,0.87432,0.77592,0.83992,0.57191,1.13094,0.54756,0.84925,0,0,0,0,0,0,0,0,0,0,0,0,0,0,0,0,0,0,0,0,0,0,0,0,0,0,0,0,0,0,0,0.57191,7.24032e-05,2.41344e-05,7.24032e-05,2.41344e-05,7.24032e-05,2.41344e-05,7.24032e-05,2.41344e-05
741,70919.7,0.8187,0.40985,0.81027,0,0,0,0,0,0,0.06019,0.00213,0.00047,0,0,0,0,0,0,0,0,0,0,0,0,0,0,0.62096,0.20391,0,0,0.49087,0.0477,0.50092,0.49065,0.87131,0.77737,0.84003,0.57205,1.13097,0.54729,0.84927,0,0,0,0,0,0,0,0,0,0,0,0,0,0,0,0,0,0,0,0,0,0,0,0,0,0,0,0,0,0,0,0.57205,7.10307e-05,2.36769e-05,7.10307e-05,2.36769e-05,7.10307e-05,2.36769e-05,7.10307e-05,2.36769e-05
742,71021.4,0.8245,0.41342,0.81138,0,0,0,0,0,0,0.06114,0.00213,0.00048,0,0,0,0,0,0,0,0,0,0,0,0,0,0,0.62363,0.20294,0,0,0.4909,0.04769,0.50201,0.4907,0.87181,0.77715,0.84016,0.57204,1.13116,0.54733,0.84928,0,0,0,0,0,0,0,0,0,0,0,0,0,0,0,0,0,0,0,0,0,0,0,0,0,0,0,0,0,0,0,0.57204,6.96804e-05,2.32268e-05,6.96804e-05,2.32268e-05,6.96804e-05,2.32268e-05,6.96804e-05,2.32268e-05
743,71141.2,0.81584,0.4091,0.8086,0,0,0,0,0,0,0.06206,0.00212,0.00043,0,0,0,0,0,0,0,0,0,0,0,0,0,0,0.61863,0.2019,0,0,0.49091,0.04767,0.50236,0.49069,0.87198,0.77696,0.83983,0.57186,1.13083,0.54699,0.84929,0,0,0,0,0,0,0,0,0,0,0,0,0,0,0,0,0,0,0,0,0,0,0,0,0,0,0,0,0,0,0,0.57186,6.83525e-05,2.27842e-05,6.83525e-05,2.27842e-05,6.83525e-05,2.27842e-05,6.83525e-05,2.27842e-05
744,71253.3,0.82116,0.41274,0.81075,0,0,0,0,0,0,0.06049,0.00213,0.00049,0,0,0,0,0,0,0,0,0,0,0,0,0,0,0.62539,0.20216,0,0,0.49094,0.0477,0.50091,0.49072,0.87163,0.77701,0.8397,0.57204,1.13111,0.54705,0.84932,0,0,0,0,0,0,0,0,0,0,0,0,0,0,0,0,0,0,0,0,0,0,0,0,0,0,0,0,0,0,0,0.57204,6.70469e-05,2.2349e-05,6.70469e-05,2.2349e-05,6.70469e-05,2.2349e-05,6.70469e-05,2.2349e-05
745,71360.5,0.82211,0.41419,0.80897,0,0,0,0,0,0,0.06094,0.00213,0.00047,0,0,0,0,0,0,0,0,0,0,0,0,0,0,0.62247,0.20265,0,0,0.49093,0.04771,0.50084,0.4907,0.87313,0.77682,0.83972,0.5716,1.13124,0.54729,0.84937,0,0,0,0,0,0,0,0,0,0,0,0,0,0,0,0,0,0,0,0,0,0,0,0,0,0,0,0,0,0,0,0.5716,6.57636e-05,2.19212e-05,6.57636e-05,2.19212e-05,6.57636e-05,2.19212e-05,6.57636e-05,2.19212e-05
746,71464.9,0.81144,0.40961,0.80998,0,0,0,0,0,0,0.06139,0.00214,0.00045,0,0,0,0,0,0,0,0,0,0,0,0,0,0,0.61648,0.20149,0,0,0.49092,0.04769,0.50165,0.49069,0.87215,0.77736,0.83997,0.5715,1.13151,0.54734,0.84938,0,0,0,0,0,0,0,0,0,0,0,0,0,0,0,0,0,0,0,0,0,0,0,0,0,0,0,0,0,0,0,0.5715,6.45027e-05,2.15009e-05,6.45027e-05,2.15009e-05,6.45027e-05,2.15009e-05,6.45027e-05,2.15009e-05
747,71557.9,0.81363,0.40983,0.81246,0,0,0,0,0,0,0.06027,0.00214,0.00055,0,0,0,0,0,0,0,0,0,0,0,0,0,0,0.62373,0.2007,0,0,0.49091,0.04766,0.50183,0.49068,0.87034,0.77761,0.8398,0.57178,1.13157,0.54777,0.84936,0,0,0,0,0,0,0,0,0,0,0,0,0,0,0,0,0,0,0,0,0,0,0,0,0,0,0,0,0,0,0,0.57178,6.32641e-05,2.1088e-05,6.32641e-05,2.1088e-05,6.32641e-05,2.1088e-05,6.32641e-05,2.1088e-05
748,71650,0.82101,0.41261,0.80897,0,0,0,0,0,0,0.06054,0.00213,0.00054,0,0,0,0,0,0,0,0,0,0,0,0,0,0,0.6191,0.19971,0,0,0.49095,0.04768,0.50164,0.49072,0.87249,0.77717,0.84012,0.57202,1.13167,0.54746,0.84937,0,0,0,0,0,0,0,0,0,0,0,0,0,0,0,0,0,0,0,0,0,0,0,0,0,0,0,0,0,0,0,0.57202,6.20479e-05,2.06826e-05,6.20479e-05,2.06826e-05,6.20479e-05,2.06826e-05,6.20479e-05,2.06826e-05
749,71760.6,0.81944,0.41139,0.8108,0,0,0,0,0,0,0.06036,0.00213,0.00053,1e-05,0,0,0,0,0,0,0,0,0,0,0,0,0,0.61932,0.20045,0,0,0.49095,0.04772,0.49999,0.49076,0.87028,0.77828,0.84006,0.57173,1.13139,0.54753,0.84936,0,0,0,0,0,0,0,0,0,0,0,0,0,0,0,0,0,0,0,0,0,0,0,0,0,0,0,0,0,0,0,0.57173,6.08541e-05,2.02847e-05,6.08541e-05,2.02847e-05,6.08541e-05,2.02847e-05,6.08541e-05,2.02847e-05
750,71854.1,0.81652,0.41038,0.80979,0,0,0,0,0,0,0.06121,0.00213,0.00059,0,0,0,0,0,0,0,0,0,0,0,0,0,0,0.62332,0.20163,0,0,0.49093,0.04767,0.50102,0.49073,0.87332,0.77677,0.84015,0.57178,1.13097,0.54735,0.84932,0,0,0,0,0,0,0,0,0,0,0,0,0,0,0,0,0,0,0,0,0,0,0,0,0,0,0,0,0,0,0,0.57178,5.96828e-05,1.98943e-05,5.96828e-05,1.98943e-05,5.96828e-05,1.98943e-05,5.96828e-05,1.98943e-05
751,71951.6,0.82291,0.4144,0.80963,0,0,0,0,0,0,0.06107,0.00213,0.00063,0,0,0,0,0,0,0,0,0,0,0,0,0,0,0.62629,0.20321,0,0,0.49092,0.04769,0.5016,0.49069,0.87057,0.77748,0.83958,0.57184,1.13079,0.54742,0.8493,0,0,0,0,0,0,0,0,0,0,0,0,0,0,0,0,0,0,0,0,0,0,0,0,0,0,0,0,0,0,0,0.57184,5.85339e-05,1.95113e-05,5.85339e-05,1.95113e-05,5.85339e-05,1.95113e-05,5.85339e-05,1.95113e-05
752,72062.3,0.81541,0.41008,0.80966,0,0,0,0,0,0,0.06132,0.00214,0.00069,2e-05,0,0,0,0,0,0,0,0,0,0,0,0,0,0.62396,0.20362,0,0,0.49092,0.04769,0.50119,0.49069,0.87082,0.77784,0.84,0.57203,1.1306,0.54759,0.84929,0,0,0,0,0,0,0,0,0,0,0,0,0,0,0,0,0,0,0,0,0,0,0,0,0,0,0,0,0,0,0,0.57203,5.74074e-05,1.91358e-05,5.74074e-05,1.91358e-05,5.74074e-05,1.91358e-05,5.74074e-05,1.91358e-05
753,72177.4,0.81863,0.41202,0.81029,0,0,0,0,0,0,0.06091,0.00213,0.00055,0,0,0,0,0,0,0,0,0,0,0,0,0,0,0.62445,0.20231,0,0,0.49092,0.04769,0.50172,0.49068,0.87058,0.77706,0.83984,0.57174,1.13077,0.5476,0.84929,0,0,0,0,0,0,0,0,0,0,0,0,0,0,0,0,0,0,0,0,0,0,0,0,0,0,0,0,0,0,0,0.57174,5.63034e-05,1.87678e-05,5.63034e-05,1.87678e-05,5.63034e-05,1.87678e-05,5.63034e-05,1.87678e-05
754,72287.8,0.82342,0.41343,0.81024,0,0,0,0,0,0,0.06253,0.00213,0.00054,2e-05,0,0,0,0,0,0,0,0,0,0,0,0,0,0.62762,0.20067,0,0,0.49091,0.04771,0.50155,0.49069,0.8689,0.77835,0.84036,0.57157,1.13116,0.548,0.84931,0,0,0,0,0,0,0,0,0,0,0,0,0,0,0,0,0,0,0,0,0,0,0,0,0,0,0,0,0,0,0,0.57157,5.5222e-05,1.84073e-05,5.5222e-05,1.84073e-05,5.5222e-05,1.84073e-05,5.5222e-05,1.84073e-05
755,72394,0.81793,0.41089,0.80755,0,0,0,0,0,0,0.06171,0.00212,0.00055,0,0,0,0,0,0,0,0,0,0,0,0,0,0,0.62616,0.19883,0,0,0.49091,0.04765,0.50109,0.4907,0.86984,0.77785,0.84029,0.57151,1.1308,0.54807,0.84929,0,0,0,0,0,0,0,0,0,0,0,0,0,0,0,0,0,0,0,0,0,0,0,0,0,0,0,0,0,0,0,0.57151,5.4163e-05,1.80543e-05,5.4163e-05,1.80543e-05,5.4163e-05,1.80543e-05,5.4163e-05,1.80543e-05
756,72486.3,0.82119,0.41254,0.80884,0,0,0,0,0,0,0.06113,0.00212,0.00061,0,0,0,0,0,0,0,0,0,0,0,0,0,0,0.61859,0.19825,0,0,0.49092,0.04774,0.50222,0.49067,0.86948,0.77775,0.8401,0.57146,1.13086,0.54815,0.84927,0,0,0,0,0,0,0,0,0,0,0,0,0,0,0,0,0,0,0,0,0,0,0,0,0,0,0,0,0,0,0,0.57146,5.31265e-05,1.77088e-05,5.31265e-05,1.77088e-05,5.31265e-05,1.77088e-05,5.31265e-05,1.77088e-05
757,72577.7,0.81939,0.41301,0.80869,0,0,0,0,0,0,0.06087,0.00212,0.00053,0,0,0,0,0,0,0,0,0,0,0,0,0,0,0.62243,0.19776,0,0,0.49091,0.04771,0.50155,0.49071,0.8724,0.77637,0.83985,0.57162,1.13106,0.54815,0.84929,0,0,0,0,0,0,0,0,0,0,0,0,0,0,0,0,0,0,0,0,0,0,0,0,0,0,0,0,0,0,0,0.57162,5.21127e-05,1.73709e-05,5.21127e-05,1.73709e-05,5.21127e-05,1.73709e-05,5.21127e-05,1.73709e-05
758,72671.7,0.81541,0.41029,0.80933,0,0,0,0,0,0,0.06171,0.00213,0.0006,1e-05,0,0,0,0,0,0,0,0,0,0,0,0,0,0.62536,0.1999,0,0,0.49092,0.04769,0.50183,0.49069,0.86955,0.77756,0.83999,0.57179,1.1312,0.5482,0.84931,0,0,0,0,0,0,0,0,0,0,0,0,0,0,0,0,0,0,0,0,0,0,0,0,0,0,0,0,0,0,0,0.57179,5.11213e-05,1.70404e-05,5.11213e-05,1.70404e-05,5.11213e-05,1.70404e-05,5.11213e-05,1.70404e-05
759,72763.9,0.81569,0.40927,0.80752,0,0,0,0,0,0,0.06138,0.00212,0.00055,0,0,0,0,0,0,0,0,0,0,0,0,0,0,0.63046,0.1997,0,0,0.49092,0.0477,0.50083,0.49069,0.86831,0.77782,0.83995,0.57169,1.13071,0.54795,0.8493,0,0,0,0,0,0,0,0,0,0,0,0,0,0,0,0,0,0,0,0,0,0,0,0,0,0,0,0,0,0,0,0.57169,5.01526e-05,1.67175e-05,5.01526e-05,1.67175e-05,5.01526e-05,1.67175e-05,5.01526e-05,1.67175e-05
760,72857.2,0.82001,0.4112,0.81074,0,0,0,0,0,0,0.06045,0.00214,0.00068,1e-05,0,0,0,0,0,0,0,0,0,0,0,0,0,0.63209,0.19905,0,0,0.49087,0.04771,0.50157,0.49063,0.86833,0.77831,0.84017,0.57189,1.13057,0.54785,0.84922,0,0,0,0,0,0,0,0,0,0,0,0,0,0,0,0,0,0,0,0,0,0,0,0,0,0,0,0,0,0,0,0.57189,4.92064e-05,1.64021e-05,4.92064e-05,1.64021e-05,4.92064e-05,1.64021e-05,4.92064e-05,1.64021e-05
761,72948.6,0.81456,0.40891,0.809,0,0,0,0,0,0,0.06246,0.00212,0.00075,0,0,0,0,0,0,0,0,0,0,0,0,0,0,0.62384,0.19903,0,0,0.49096,0.04764,0.50212,0.49072,0.86953,0.77763,0.84033,0.57212,1.13019,0.54754,0.84913,0,0,0,0,0,0,0,0,0,0,0,0,0,0,0,0,0,0,0,0,0,0,0,0,0,0,0,0,0,0,0,0.57212,4.82828e-05,1.60943e-05,4.82828e-05,1.60943e-05,4.82828e-05,1.60943e-05,4.82828e-05,1.60943e-05
762,73041.7,0.8148,0.40881,0.8068,0,0,0,0,0,0,0.06005,0.00213,0.00065,0,0,0,0,0,0,0,0,0,0,0,0,0,0,0.62721,0.19965,0,0,0.49094,0.04771,0.50195,0.49071,0.87001,0.7777,0.84024,0.57225,1.12973,0.54749,0.84911,0,0,0,0,0,0,0,0,0,0,0,0,0,0,0,0,0,0,0,0,0,0,0,0,0,0,0,0,0,0,0,0.57225,4.73819e-05,1.5794e-05,4.73819e-05,1.5794e-05,4.73819e-05,1.5794e-05,4.73819e-05,1.5794e-05
763,73134.2,0.81594,0.40985,0.80918,0,0,0,0,0,0,0.06182,0.00212,0.00051,1e-05,0,0,0,0,0,0,0,0,0,0,0,0,0,0.62504,0.19997,0,0,0.4909,0.04765,0.50147,0.49066,0.86976,0.77776,0.84048,0.5722,1.12956,0.54736,0.84909,0,0,0,0,0,0,0,0,0,0,0,0,0,0,0,0,0,0,0,0,0,0,0,0,0,0,0,0,0,0,0,0.5722,4.65035e-05,1.55012e-05,4.65035e-05,1.55012e-05,4.65035e-05,1.55012e-05,4.65035e-05,1.55012e-05
764,73227,0.81707,0.40965,0.8097,0,0,0,0,0,0,0.06273,0.00212,0.00057,0,0,0,0,0,0,0,0,0,0,0,0,0,0,0.62846,0.19907,0,0,0.49092,0.04771,0.50179,0.49069,0.87052,0.77773,0.84034,0.57228,1.12961,0.54746,0.84905,0,0,0,0,0,0,0,0,0,0,0,0,0,0,0,0,0,0,0,0,0,0,0,0,0,0,0,0,0,0,0,0.57228,4.56479e-05,1.5216e-05,4.56479e-05,1.5216e-05,4.56479e-05,1.5216e-05,4.56479e-05,1.5216e-05
765,73319.6,0.81269,0.41003,0.80843,0,0,0,0,0,0,0.06112,0.00213,0.00055,0,0,0,0,0,0,0,0,0,0,0,0,0,0,0.62189,0.19875,0,0,0.49087,0.04769,0.50121,0.49065,0.87003,0.77812,0.84056,0.57208,1.12955,0.54755,0.84906,0,0,0,0,0,0,0,0,0,0,0,0,0,0,0,0,0,0,0,0,0,0,0,0,0,0,0,0,0,0,0,0.57208,4.48149e-05,1.49383e-05,4.48149e-05,1.49383e-05,4.48149e-05,1.49383e-05,4.48149e-05,1.49383e-05
766,73411.9,0.81974,0.41087,0.80883,0,0,0,0,0,0,0.06151,0.00212,0.00054,1e-05,0,0,0,0,0,0,0,0,0,0,0,0,0,0.62638,0.19884,0,0,0.49092,0.0477,0.50187,0.49072,0.87109,0.77766,0.84052,0.57265,1.12957,0.5479,0.84911,0,0,0,0,0,0,0,0,0,0,0,0,0,0,0,0,0,0,0,0,0,0,0,0,0,0,0,0,0,0,0,0.57265,4.40045e-05,1.46682e-05,4.40045e-05,1.46682e-05,4.40045e-05,1.46682e-05,4.40045e-05,1.46682e-05
767,73504.2,0.81334,0.40774,0.81126,0,0,0,0,0,0,0.06137,0.00212,0.00052,0,0,0,0,0,0,0,0,0,0,0,0,0,0,0.62575,0.1992,0,0,0.49095,0.04773,0.50069,0.49072,0.86979,0.77753,0.84027,0.57225,1.12962,0.5479,0.84904,0,0,0,0,0,0,0,0,0,0,0,0,0,0,0,0,0,0,0,0,0,0,0,0,0,0,0,0,0,0,0,0.57225,4.32169e-05,1.44056e-05,4.32169e-05,1.44056e-05,4.32169e-05,1.44056e-05,4.32169e-05,1.44056e-05
768,73596.6,0.81912,0.4113,0.81005,0,0,0,0,0,0,0.06128,0.00212,0.00057,0,0,0,0,0,0,0,0,0,0,0,0,0,0,0.6165,0.19886,0,0,0.49093,0.0477,0.50095,0.49071,0.87006,0.77768,0.84041,0.57223,1.12948,0.54767,0.84905,0,0,0,0,0,0,0,0,0,0,0,0,0,0,0,0,0,0,0,0,0,0,0,0,0,0,0,0,0,0,0,0.57223,4.24519e-05,1.41506e-05,4.24519e-05,1.41506e-05,4.24519e-05,1.41506e-05,4.24519e-05,1.41506e-05
769,73689.7,0.81413,0.40985,0.81159,0,0,0,0,0,0,0.06101,0.00213,0.00051,0,0,0,0,0,0,0,0,0,0,0,0,0,0,0.62582,0.19888,0,0,0.49092,0.04776,0.50143,0.49069,0.87017,0.77816,0.84064,0.57258,1.1294,0.54786,0.84904,0,0,0,0,0,0,0,0,0,0,0,0,0,0,0,0,0,0,0,0,0,0,0,0,0,0,0,0,0,0,0,0.57258,4.17097e-05,1.39032e-05,4.17097e-05,1.39032e-05,4.17097e-05,1.39032e-05,4.17097e-05,1.39032e-05
770,73781.5,0.81879,0.41257,0.80869,0,0,0,0,0,0,0.06073,0.00212,0.00044,4e-05,0,0,0,0,0,0,0,0,0,0,0,0,0,0.6261,0.1987,0,0,0.4909,0.04765,0.50175,0.49066,0.87042,0.77814,0.8406,0.57217,1.1296,0.54767,0.84905,0,0,0,0,0,0,0,0,0,0,0,0,0,0,0,0,0,0,0,0,0,0,0,0,0,0,0,0,0,0,0,0.57217,4.09901e-05,1.36634e-05,4.09901e-05,1.36634e-05,4.09901e-05,1.36634e-05,4.09901e-05,1.36634e-05
771,73875.8,0.81882,0.41266,0.81047,0,0,0,0,0,0,0.06169,0.00213,0.00046,0,0,0,0,0,0,0,0,0,0,0,0,0,0,0.62196,0.19777,0,0,0.49093,0.04766,0.50128,0.49072,0.87007,0.77868,0.84061,0.57238,1.12937,0.54761,0.84903,0,0,0,0,0,0,0,0,0,0,0,0,0,0,0,0,0,0,0,0,0,0,0,0,0,0,0,0,0,0,0,0.57238,4.02933e-05,1.34311e-05,4.02933e-05,1.34311e-05,4.02933e-05,1.34311e-05,4.02933e-05,1.34311e-05
772,73970.4,0.81511,0.40915,0.80901,0,0,0,0,0,0,0.06097,0.00211,0.0005,7e-05,0,0,0,0,0,0,0,0,0,0,0,0,0,0.61585,0.19798,0,0,0.49094,0.04764,0.50146,0.49072,0.86978,0.7778,0.84037,0.57218,1.1293,0.54774,0.84905,0,0,0,0,0,0,0,0,0,0,0,0,0,0,0,0,0,0,0,0,0,0,0,0,0,0,0,0,0,0,0,0.57218,3.96193e-05,1.32064e-05,3.96193e-05,1.32064e-05,3.96193e-05,1.32064e-05,3.96193e-05,1.32064e-05
773,74063.1,0.81816,0.41108,0.80941,0,0,0,0,0,0,0.06169,0.00213,0.00052,0,0,0,0,0,0,0,0,0,0,0,0,0,0,0.62035,0.19872,0,0,0.49095,0.04772,0.50156,0.49072,0.87078,0.77771,0.84063,0.57243,1.12933,0.54803,0.84907,0,0,0,0,0,0,0,0,0,0,0,0,0,0,0,0,0,0,0,0,0,0,0,0,0,0,0,0,0,0,0,0.57243,3.8968e-05,1.29893e-05,3.8968e-05,1.29893e-05,3.8968e-05,1.29893e-05,3.8968e-05,1.29893e-05
774,74158.2,0.81866,0.41051,0.80887,0,0,0,0,0,0,0.061,0.00211,0.00049,0,0,0,0,0,0,0,0,0,0,0,0,0,0,0.62307,0.19942,0,0,0.49092,0.04772,0.50159,0.49069,0.86999,0.77758,0.84016,0.57234,1.12903,0.54789,0.84904,0,0,0,0,0,0,0,0,0,0,0,0,0,0,0,0,0,0,0,0,0,0,0,0,0,0,0,0,0,0,0,0.57234,3.83394e-05,1.27798e-05,3.83394e-05,1.27798e-05,3.83394e-05,1.27798e-05,3.83394e-05,1.27798e-05
775,74250.7,0.82052,0.4102,0.81007,0,0,0,0,0,0,0.06142,0.00212,0.00051,0,0,0,0,0,0,0,0,0,0,0,0,0,0,0.62347,0.19883,0,0,0.49094,0.04768,0.50111,0.49072,0.86986,0.77757,0.84037,0.57218,1.12894,0.54804,0.84897,0,0,0,0,0,0,0,0,0,0,0,0,0,0,0,0,0,0,0,0,0,0,0,0,0,0,0,0,0,0,0,0.57218,3.77337e-05,1.25779e-05,3.77337e-05,1.25779e-05,3.77337e-05,1.25779e-05,3.77337e-05,1.25779e-05
776,74344.8,0.81559,0.41102,0.80841,0,0,0,0,0,0,0.06157,0.00212,0.00058,0,0,0,0,0,0,0,0,0,0,0,0,0,0,0.62347,0.1989,0,0,0.49098,0.04769,0.50149,0.49074,0.87132,0.77727,0.84033,0.5724,1.12893,0.54805,0.84899,0,0,0,0,0,0,0,0,0,0,0,0,0,0,0,0,0,0,0,0,0,0,0,0,0,0,0,0,0,0,0,0.5724,3.71507e-05,1.23836e-05,3.71507e-05,1.23836e-05,3.71507e-05,1.23836e-05,3.71507e-05,1.23836e-05
777,74439.4,0.82128,0.41203,0.80838,0,0,0,0,0,0,0.06063,0.00211,0.00062,0,0,0,0,0,0,0,0,0,0,0,0,0,0,0.62586,0.19914,0,0,0.49095,0.0477,0.50146,0.49073,0.87026,0.77751,0.84051,0.57236,1.12911,0.54788,0.84901,0,0,0,0,0,0,0,0,0,0,0,0,0,0,0,0,0,0,0,0,0,0,0,0,0,0,0,0,0,0,0,0.57236,3.65905e-05,1.21968e-05,3.65905e-05,1.21968e-05,3.65905e-05,1.21968e-05,3.65905e-05,1.21968e-05
778,74532.3,0.81387,0.41058,0.80931,0,0,0,0,0,0,0.06035,0.00212,0.00055,5e-05,0,0,0,0,0,0,0,0,0,0,0,0,0,0.62324,0.19907,0,0,0.49096,0.04764,0.50109,0.49074,0.87053,0.77717,0.83989,0.5724,1.12883,0.54795,0.84897,0,0,0,0,0,0,0,0,0,0,0,0,0,0,0,0,0,0,0,0,0,0,0,0,0,0,0,0,0,0,0,0.5724,3.60531e-05,1.20177e-05,3.60531e-05,1.20177e-05,3.60531e-05,1.20177e-05,3.60531e-05,1.20177e-05
779,74626.3,0.81678,0.40974,0.80814,0,0,0,0,0,0,0.06006,0.00211,0.00059,0,0,0,0,0,0,0,0,0,0,0,0,0,0,0.63073,0.19959,0,0,0.49088,0.04769,0.5007,0.49065,0.87115,0.77703,0.84006,0.57269,1.12894,0.54778,0.84893,0,0,0,0,0,0,0,0,0,0,0,0,0,0,0,0,0,0,0,0,0,0,0,0,0,0,0,0,0,0,0,0.57269,3.55385e-05,1.18462e-05,3.55385e-05,1.18462e-05,3.55385e-05,1.18462e-05,3.55385e-05,1.18462e-05
780,74720.2,0.81465,0.41182,0.80851,0,0,0,0,0,0,0.06049,0.00212,0.00052,0,0,0,0,0,0,0,0,0,0,0,0,0,0,0.62826,0.19924,0,0,0.49094,0.04769,0.50173,0.49071,0.871,0.77791,0.84067,0.57231,1.12872,0.54782,0.84893,0,0,0,0,0,0,0,0,0,0,0,0,0,0,0,0,0,0,0,0,0,0,0,0,0,0,0,0,0,0,0,0.57231,3.50467e-05,1.16822e-05,3.50467e-05,1.16822e-05,3.50467e-05,1.16822e-05,3.50467e-05,1.16822e-05
781,74812.7,0.81569,0.41101,0.80855,0,0,0,0,0,0,0.06134,0.00212,0.0005,0,0,0,0,0,0,0,0,0,0,0,0,0,0,0.63868,0.19992,0,0,0.49089,0.04764,0.5015,0.49065,0.87026,0.77792,0.84068,0.57263,1.1286,0.54788,0.84891,0,0,0,0,0,0,0,0,0,0,0,0,0,0,0,0,0,0,0,0,0,0,0,0,0,0,0,0,0,0,0,0.57263,3.45778e-05,1.15259e-05,3.45778e-05,1.15259e-05,3.45778e-05,1.15259e-05,3.45778e-05,1.15259e-05
782,74906.7,0.81615,0.41079,0.80992,0,0,0,0,0,0,0.06103,0.00211,0.00067,1e-05,0,0,0,0,0,0,0,0,0,0,0,0,0,0.63485,0.1996,0,0,0.49085,0.0477,0.50194,0.49061,0.87114,0.77735,0.84061,0.57251,1.1287,0.54787,0.84892,0,0,0,0,0,0,0,0,0,0,0,0,0,0,0,0,0,0,0,0,0,0,0,0,0,0,0,0,0,0,0,0.57251,3.41316e-05,1.13772e-05,3.41316e-05,1.13772e-05,3.41316e-05,1.13772e-05,3.41316e-05,1.13772e-05
783,74999,0.81731,0.41167,0.80799,0,0,0,0,0,0,0.05926,0.00211,0.00056,0,0,0,0,0,0,0,0,0,0,0,0,0,0,0.63067,0.19825,0,0,0.49088,0.04766,0.50069,0.49065,0.87112,0.7779,0.84075,0.57249,1.12863,0.54795,0.84887,0,0,0,0,0,0,0,0,0,0,0,0,0,0,0,0,0,0,0,0,0,0,0,0,0,0,0,0,0,0,0,0.57249,3.37083e-05,1.12361e-05,3.37083e-05,1.12361e-05,3.37083e-05,1.12361e-05,3.37083e-05,1.12361e-05
784,75090.8,0.81242,0.409,0.80769,0,0,0,0,0,0,0.06171,0.00211,0.00063,0,0,0,0,0,0,0,0,0,0,0,0,0,0,0.63059,0.19862,0,0,0.49087,0.04769,0.50097,0.49064,0.87068,0.77795,0.84063,0.57237,1.12862,0.548,0.84888,0,0,0,0,0,0,0,0,0,0,0,0,0,0,0,0,0,0,0,0,0,0,0,0,0,0,0,0,0,0,0,0.57237,3.33079e-05,1.11026e-05,3.33079e-05,1.11026e-05,3.33079e-05,1.11026e-05,3.33079e-05,1.11026e-05
785,75183.7,0.80954,0.40841,0.80976,0,0,0,0,0,0,0.06107,0.00212,0.00054,0,0,0,0,0,0,0,0,0,0,0,0,0,0,0.62707,0.19852,0,0,0.49091,0.04773,0.50172,0.49069,0.8713,0.77782,0.84084,0.57227,1.12853,0.54747,0.84886,0,0,0,0,0,0,0,0,0,0,0,0,0,0,0,0,0,0,0,0,0,0,0,0,0,0,0,0,0,0,0,0.57227,3.29303e-05,1.09768e-05,3.29303e-05,1.09768e-05,3.29303e-05,1.09768e-05,3.29303e-05,1.09768e-05
786,75275.7,0.81098,0.40872,0.80855,0,0,0,0,0,0,0.06146,0.00212,0.00058,0,0,0,0,0,0,0,0,0,0,0,0,0,0,0.62875,0.19806,0,0,0.49088,0.0477,0.50185,0.49064,0.87149,0.77788,0.8408,0.57247,1.12876,0.54778,0.84889,0,0,0,0,0,0,0,0,0,0,0,0,0,0,0,0,0,0,0,0,0,0,0,0,0,0,0,0,0,0,0,0.57247,3.25756e-05,1.08585e-05,3.25756e-05,1.08585e-05,3.25756e-05,1.08585e-05,3.25756e-05,1.08585e-05
787,75370.1,0.81671,0.41083,0.80964,0,0,0,0,0,0,0.06155,0.00211,0.00062,0,0,0,0,0,0,0,0,0,0,0,0,0,0,0.63022,0.19813,0,0,0.49092,0.04771,0.50188,0.4907,0.87122,0.77753,0.84053,0.57229,1.12862,0.54774,0.84887,0,0,0,0,0,0,0,0,0,0,0,0,0,0,0,0,0,0,0,0,0,0,0,0,0,0,0,0,0,0,0,0.57229,3.22437e-05,1.07479e-05,3.22437e-05,1.07479e-05,3.22437e-05,1.07479e-05,3.22437e-05,1.07479e-05
788,75464.5,0.80686,0.4069,0.81081,0,0,0,0,0,0,0.06104,0.00211,0.00053,0,0,0,0,0,0,0,0,0,0,0,0,0,0,0.6267,0.19807,0,0,0.49091,0.04775,0.50125,0.49068,0.87162,0.77797,0.84078,0.57221,1.12857,0.54783,0.84886,0,0,0,0,0,0,0,0,0,0,0,0,0,0,0,0,0,0,0,0,0,0,0,0,0,0,0,0,0,0,0,0.57221,3.19347e-05,1.06449e-05,3.19347e-05,1.06449e-05,3.19347e-05,1.06449e-05,3.19347e-05,1.06449e-05
789,75557.6,0.81181,0.41033,0.80986,0,0,0,0,0,0,0.06126,0.00212,0.0007,0,0,0,0,0,0,0,0,0,0,0,0,0,0,0.62706,0.19811,0,0,0.49091,0.04775,0.50229,0.49067,0.87178,0.77794,0.84086,0.57237,1.12874,0.54787,0.84887,0,0,0,0,0,0,0,0,0,0,0,0,0,0,0,0,0,0,0,0,0,0,0,0,0,0,0,0,0,0,0,0.57237,3.16485e-05,1.05495e-05,3.16485e-05,1.05495e-05,3.16485e-05,1.05495e-05,3.16485e-05,1.05495e-05
790,75649.8,0.81589,0.40903,0.80853,0,0,0,0,0,0,0.06078,0.00211,0.00064,1e-05,0,0,0,0,0,0,0,0,0,0,0,0,0,0.63184,0.19826,0,0,0.4909,0.04771,0.50122,0.49066,0.8709,0.77746,0.84058,0.57232,1.12867,0.54812,0.84886,0,0,0,0,0,0,0,0,0,0,0,0,0,0,0,0,0,0,0,0,0,0,0,0,0,0,0,0,0,0,0,0.57232,3.13853e-05,1.04618e-05,3.13853e-05,1.04618e-05,3.13853e-05,1.04618e-05,3.13853e-05,1.04618e-05
791,75741.7,0.81865,0.41033,0.80909,0,0,0,0,0,0,0.06209,0.00212,0.00056,2e-05,0,0,0,0,0,0,0,0,0,0,0,0,0,0.63608,0.19771,0,0,0.49092,0.04772,0.50149,0.49068,0.87151,0.77768,0.841,0.57245,1.12854,0.5483,0.84883,0,0,0,0,0,0,0,0,0,0,0,0,0,0,0,0,0,0,0,0,0,0,0,0,0,0,0,0,0,0,0,0.57245,3.11449e-05,1.03816e-05,3.11449e-05,1.03816e-05,3.11449e-05,1.03816e-05,3.11449e-05,1.03816e-05
792,75832.9,0.81617,0.40954,0.8099,0,0,0,0,0,0,0.06144,0.00212,0.00084,0,0,0,0,0,0,0,0,0,0,0,0,0,0,0.64035,0.19705,0,0,0.49094,0.04765,0.49994,0.4907,0.87164,0.77739,0.84065,0.57256,1.12822,0.548,0.84883,0,0,0,0,0,0,0,0,0,0,0,0,0,0,0,0,0,0,0,0,0,0,0,0,0,0,0,0,0,0,0,0.57256,3.09274e-05,1.03091e-05,3.09274e-05,1.03091e-05,3.09274e-05,1.03091e-05,3.09274e-05,1.03091e-05
793,75924.5,0.81605,0.40917,0.80951,0,0,0,0,0,0,0.05985,0.00211,0.0006,0,0,0,0,0,0,0,0,0,0,0,0,0,0,0.64688,0.1954,0,0,0.49094,0.0477,0.50123,0.49074,0.87156,0.77695,0.84025,0.57226,1.12817,0.54799,0.84884,0,0,0,0,0,0,0,0,0,0,0,0,0,0,0,0,0,0,0,0,0,0,0,0,0,0,0,0,0,0,0,0.57226,3.07328e-05,1.02443e-05,3.07328e-05,1.02443e-05,3.07328e-05,1.02443e-05,3.07328e-05,1.02443e-05
794,76018.6,0.81366,0.40947,0.81012,0,0,0,0,0,0,0.06263,0.00212,0.00089,0,0,0,0,0,0,0,0,0,0,0,0,0,0,0.63803,0.19552,0,0,0.49095,0.04767,0.50183,0.49072,0.87076,0.7772,0.84048,0.57218,1.12822,0.54782,0.84887,0,0,0,0,0,0,0,0,0,0,0,0,0,0,0,0,0,0,0,0,0,0,0,0,0,0,0,0,0,0,0,0.57218,3.0561e-05,1.0187e-05,3.0561e-05,1.0187e-05,3.0561e-05,1.0187e-05,3.0561e-05,1.0187e-05
795,76110.2,0.81585,0.40978,0.80779,0,0,0,0,0,0,0.06123,0.0021,0.00075,0,0,0,0,0,0,0,0,0,0,0,0,0,0,0.63793,0.1938,0,0,0.49094,0.04768,0.50042,0.49072,0.87201,0.77717,0.84061,0.57219,1.12811,0.54824,0.84883,0,0,0,0,0,0,0,0,0,0,0,0,0,0,0,0,0,0,0,0,0,0,0,0,0,0,0,0,0,0,0,0.57219,3.04122e-05,1.01374e-05,3.04122e-05,1.01374e-05,3.04122e-05,1.01374e-05,3.04122e-05,1.01374e-05
796,76202.5,0.81615,0.41049,0.80998,0,0,0,0,0,0,0.06158,0.00211,0.00088,0,0,0,0,0,0,0,0,0,0,0,0,0,0,0.6366,0.19411,0,0,0.49093,0.04765,0.50052,0.49072,0.87153,0.77744,0.84054,0.57212,1.12825,0.54815,0.84883,0,0,0,0,0,0,0,0,0,0,0,0,0,0,0,0,0,0,0,0,0,0,0,0,0,0,0,0,0,0,0,0.57212,3.02862e-05,1.00954e-05,3.02862e-05,1.00954e-05,3.02862e-05,1.00954e-05,3.02862e-05,1.00954e-05
797,76294.2,0.81804,0.40939,0.80893,0,0,0,0,0,0,0.06343,0.00212,0.00067,0,0,0,0,0,0,0,0,0,0,0,0,0,0,0.6343,0.19462,0,0,0.49096,0.04767,0.50152,0.49073,0.8721,0.77703,0.84058,0.57219,1.1281,0.54797,0.84883,0,0,0,0,0,0,0,0,0,0,0,0,0,0,0,0,0,0,0,0,0,0,0,0,0,0,0,0,0,0,0,0.57219,3.01832e-05,1.00611e-05,3.01832e-05,1.00611e-05,3.01832e-05,1.00611e-05,3.01832e-05,1.00611e-05
798,76386.4,0.81367,0.40901,0.80792,0,0,0,0,0,0,0.06252,0.00211,0.00096,0,0,0,0,0,0,0,0,0,0,0,0,0,0,0.64807,0.1936,0,0,0.49092,0.04771,0.5015,0.49068,0.87144,0.77672,0.84018,0.57214,1.12821,0.54844,0.84881,0,0,0,0,0,0,0,0,0,0,0,0,0,0,0,0,0,0,0,0,0,0,0,0,0,0,0,0,0,0,0,0.57214,3.01031e-05,1.00344e-05,3.01031e-05,1.00344e-05,3.01031e-05,1.00344e-05,3.01031e-05,1.00344e-05
799,76479.6,0.8159,0.41229,0.81041,0,0,0,0,0,0,0.06199,0.00212,0.00063,0,0,0,0,0,0,0,0,0,0,0,0,0,0,0.63089,0.19339,0,0,0.49093,0.04771,0.50055,0.49071,0.87087,0.77772,0.84069,0.57228,1.12808,0.54833,0.84882,0,0,0,0,0,0,0,0,0,0,0,0,0,0,0,0,0,0,0,0,0,0,0,0,0,0,0,0,0,0,0,0.57228,3.00458e-05,1.00153e-05,3.00458e-05,1.00153e-05,3.00458e-05,1.00153e-05,3.00458e-05,1.00153e-05
800,76575.9,0.81404,0.40994,0.80777,0,0,0,0,0,0,0.06158,0.00212,0.00064,0,0,0,0,0,0,0,0,0,0,0,0,0,0,0.62661,0.19331,0,0,0.49095,0.04769,0.50159,0.49073,0.87042,0.7771,0.84018,0.57219,1.12799,0.54822,0.84886,0,0,0,0,0,0,0,0,0,0,0,0,0,0,0,0,0,0,0,0,0,0,0,0,0,0,0,0,0,0,0,0.57219,3.00115e-05,1.00038e-05,3.00115e-05,1.00038e-05,3.00115e-05,1.00038e-05,3.00115e-05,1.00038e-05
