epoch,time,train/box_loss,train/cls_loss,train/dfl_loss,train/angle_loss,train/t_rec_loss,train/t_sep_loss,train/reach_match_loss,train/reach_rank_loss,train/task_loss,train/kd_loss,train/s_rec_loss,train/s_sep_loss,train/r_aux_loss,train/u_aux_loss,train/mask_reg_loss,train/recon_task_loss,train/rs_comp_loss,train/r_obb_loss,train/s_repel_loss,train/path_b_loss,train/r_sar_loss,train/dkd_loss,train/proto_cls_loss,train/d_pos_mean,train/d_neg_mean,train/rank_gap_mean,train/r_aux_fg_mean,train/r_aux_bg_mean,train/u_aux_fg_mean,train/u_aux_bg_mean,train/mask_mean,train/mask_std,train/mask_fg_mean,train/mask_bg_mean,metrics/precision(B),metrics/recall(B),metrics/mAP50(B),metrics/mAP50-95(B),val/box_loss,val/cls_loss,val/dfl_loss,val/angle_loss,val/t_rec_loss,val/t_sep_loss,val/reach_match_loss,val/reach_rank_loss,val/task_loss,val/kd_loss,val/s_rec_loss,val/s_sep_loss,val/r_aux_loss,val/u_aux_loss,val/mask_reg_loss,val/recon_task_loss,val/rs_comp_loss,val/r_obb_loss,val/s_repel_loss,val/path_b_loss,val/r_sar_loss,val/dkd_loss,val/proto_cls_loss,val/d_pos_mean,val/d_neg_mean,val/rank_gap_mean,val/r_aux_fg_mean,val/r_aux_bg_mean,val/u_aux_fg_mean,val/u_aux_bg_mean,val/mask_mean,val/mask_std,val/mask_fg_mean,val/mask_bg_mean,phase_stop_fitness,lr/pg0,lr/pg1,lr/pg2,lr/pg3,lr/pg4,lr/pg5,lr/pg6,lr/pg7
1,93.0839,0.76615,0.37979,0.80384,0,0,0,0,0,0,2.08156,0.03362,0.0032,5e-05,0,0,0,0,0,0,0,0,0,0,0,0,0,0.61172,0.2584,0,0,0.45394,0.05628,0.37906,0.42746,0.90922,0.8634,0.90152,0.6057,1.10474,0.48276,0.84781,0,0,0,0,0,0,0,0,0,0,0,0,0,0,0,0,0,0,0,0,0,0,0,0,0,0,0,0,0,0,0,0.6057,0.003,0.001,0.003,0.001,0.003,0.001,0.003,0.001
2,184.163,0.76921,0.37865,0.80372,0,0,0,0,0,0,0.6437,0.02326,0.00227,0.00011,0,0,0,0,0,0,0,0,0,0,0,0,0,0.51672,0.26066,0,0,0.45392,0.05634,0.37919,0.42761,0.91353,0.86202,0.90052,0.60992,1.10643,0.47787,0.84659,0,0,0,0,0,0,0,0,0,0,0,0,0,0,0,0,0,0,0,0,0,0,0,0,0,0,0,0,0,0,0,0.60992,0.00299999,0.000999996,0.00299999,0.000999996,0.00299999,0.000999996,0.00299999,0.000999996
3,273.389,0.76871,0.37682,0.80098,0,0,0,0,0,0,0.53188,0.01747,0.00151,0,0,0,0,0,0,0,0,0,0,0,0,0,0,0.5153,0.26632,0,0,0.45386,0.05634,0.37853,0.42748,0.91342,0.86635,0.90257,0.61095,1.08652,0.48084,0.84422,0,0,0,0,0,0,0,0,0,0,0,0,0,0,0,0,0,0,0,0,0,0,0,0,0,0,0,0,0,0,0,0.61095,0.00299995,0.000999985,0.00299995,0.000999985,0.00299995,0.000999985,0.00299995,0.000999985
4,364.625,0.77646,0.37855,0.80367,0,0,0,0,0,0,0.49847,0.01448,0.00109,0,0,0,0,0,0,0,0,0,0,0,0,0,0,0.53193,0.27741,0,0,0.4538,0.0564,0.37927,0.42747,0.92282,0.86965,0.90768,0.61741,1.07749,0.47334,0.84467,0,0,0,0,0,0,0,0,0,0,0,0,0,0,0,0,0,0,0,0,0,0,0,0,0,0,0,0,0,0,0,0.61741,0.0029999,0.000999966,0.0029999,0.000999966,0.0029999,0.000999966,0.0029999,0.000999966
5,455.587,0.77199,0.37664,0.80364,0,0,0,0,0,0,0.47067,0.01242,0.00081,0,0,0,0,0,0,0,0,0,0,0,0,0,0,0.56197,0.29113,0,0,0.45386,0.05638,0.37871,0.42737,0.91175,0.85014,0.8931,0.59855,1.12515,0.48596,0.85204,0,0,0,0,0,0,0,0,0,0,0,0,0,0,0,0,0,0,0,0,0,0,0,0,0,0,0,0,0,0,0,0.59855,0.00299982,0.000999939,0.00299982,0.000999939,0.00299982,0.000999939,0.00299982,0.000999939
6,547.034,0.77174,0.37731,0.80278,0,0,0,0,0,0,0.44407,0.01091,0.00061,0,0,0,0,0,0,0,0,0,0,0,0,0,0,0.5908,0.3102,0,0,0.45393,0.05629,0.37891,0.42747,0.90973,0.85922,0.89598,0.6026,1.08873,0.48242,0.84667,0,0,0,0,0,0,0,0,0,0,0,0,0,0,0,0,0,0,0,0,0,0,0,0,0,0,0,0,0,0,0,0.6026,0.00299971,0.000999905,0.00299971,0.000999905,0.00299971,0.000999905,0.00299971,0.000999905
7,637.985,0.77677,0.37697,0.80254,0,0,0,0,0,0,0.41963,0.00969,0.0005,0,0,0,0,0,0,0,0,0,0,0,0,0,0,0.62449,0.32797,0,0,0.45376,0.05641,0.3786,0.4274,0.91214,0.86223,0.89765,0.60953,1.08443,0.47635,0.84715,0,0,0,0,0,0,0,0,0,0,0,0,0,0,0,0,0,0,0,0,0,0,0,0,0,0,0,0,0,0,0,0.60953,0.00299959,0.000999863,0.00299959,0.000999863,0.00299959,0.000999863,0.00299959,0.000999863
8,727.79,0.77109,0.37483,0.80281,0,0,0,0,0,0,0.42057,0.00864,0.00042,0,0,0,0,0,0,0,0,0,0,0,0,0,0,0.66614,0.34175,0,0,0.45383,0.05639,0.37881,0.42743,0.90702,0.86509,0.90004,0.61622,1.07465,0.4711,0.8457,0,0,0,0,0,0,0,0,0,0,0,0,0,0,0,0,0,0,0,0,0,0,0,0,0,0,0,0,0,0,0,0.61622,0.00299944,0.000999813,0.00299944,0.000999813,0.00299944,0.000999813,0.00299944,0.000999813
9,819.052,0.7781,0.37755,0.80128,0,0,0,0,0,0,0.39753,0.00781,0.00037,0,0,0,0,0,0,0,0,0,0,0,0,0,0,0.70165,0.34882,0,0,0.45379,0.0564,0.37857,0.42741,0.91399,0.86303,0.90296,0.60883,1.10367,0.48269,0.84886,0,0,0,0,0,0,0,0,0,0,0,0,0,0,0,0,0,0,0,0,0,0,0,0,0,0,0,0,0,0,0,0.60883,0.00299927,0.000999756,0.00299927,0.000999756,0.00299927,0.000999756,0.00299927,0.000999756
10,909.094,0.7795,0.37853,0.8034,0,0,0,0,0,0,0.39082,0.00716,0.00033,0,0,0,0,0,0,0,0,0,0,0,0,0,0,0.73016,0.35148,0,0,0.45388,0.05631,0.37917,0.42751,0.91657,0.86177,0.90263,0.61126,1.08943,0.4733,0.84623,0,0,0,0,0,0,0,0,0,0,0,0,0,0,0,0,0,0,0,0,0,0,0,0,0,0,0,0,0,0,0,0.61126,0.00299907,0.000999691,0.00299907,0.000999691,0.00299907,0.000999691,0.00299907,0.000999691
11,998.067,0.77515,0.37682,0.80218,0,0,0,0,0,0,0.38749,0.00658,0.0003,0,0,0,0,0,0,0,0,0,0,0,0,0,0,0.7531,0.35134,0,0,0.45384,0.05642,0.37829,0.4274,0.91828,0.86371,0.90412,0.6144,1.08978,0.47617,0.84597,0,0,0,0,0,0,0,0,0,0,0,0,0,0,0,0,0,0,0,0,0,0,0,0,0,0,0,0,0,0,0,0.6144,0.00299886,0.000999618,0.00299886,0.000999618,0.00299886,0.000999618,0.00299886,0.000999618
12,1089.08,0.77996,0.37703,0.8028,0,0,0,0,0,0,0.37431,0.00613,0.00029,0,0,0,0,0,0,0,0,0,0,0,0,0,0,0.76661,0.34742,0,0,0.45384,0.05637,0.37858,0.42742,0.92446,0.86978,0.90939,0.61988,1.07946,0.4771,0.84497,0,0,0,0,0,0,0,0,0,0,0,0,0,0,0,0,0,0,0,0,0,0,0,0,0,0,0,0,0,0,0,0.61988,0.00299861,0.000999538,0.00299861,0.000999538,0.00299861,0.000999538,0.00299861,0.000999538
13,1179.45,0.82136,0.39216,0.80766,0,0,0,0,0,0,0.36811,0.00573,0.00026,0,0,0,0,0,0,0,0,0,0,0,0,0,0,0.77311,0.34208,0,0,0.45382,0.05637,0.37792,0.42743,0.92841,0.86781,0.90567,0.61667,1.08944,0.47566,0.84535,0,0,0,0,0,0,0,0,0,0,0,0,0,0,0,0,0,0,0,0,0,0,0,0,0,0,0,0,0,0,0,0.61667,0.00299835,0.00099945,0.00299835,0.00099945,0.00299835,0.00099945,0.00299835,0.00099945
14,1269.7,0.81786,0.39157,0.80653,0,0,0,0,0,0,0.36193,0.00539,0.00025,0,0,0,0,0,0,0,0,0,0,0,0,0,0,0.77005,0.33721,0,0,0.45375,0.05636,0.3779,0.42737,0.90837,0.8542,0.89382,0.60291,1.08939,0.4791,0.84558,0,0,0,0,0,0,0,0,0,0,0,0,0,0,0,0,0,0,0,0,0,0,0,0,0,0,0,0,0,0,0,0.60291,0.00299807,0.000999355,0.00299807,0.000999355,0.00299807,0.000999355,0.00299807,0.000999355
15,1360.26,0.81349,0.38989,0.80648,0,0,0,0,0,0,0.36226,0.00509,0.00024,0,0,0,0,0,0,0,0,0,0,0,0,0,0,0.76598,0.33027,0,0,0.45385,0.05633,0.37825,0.42739,0.91168,0.85641,0.89728,0.60253,1.10499,0.48047,0.84935,0,0,0,0,0,0,0,0,0,0,0,0,0,0,0,0,0,0,0,0,0,0,0,0,0,0,0,0,0,0,0,0.60253,0.00299776,0.000999252,0.00299776,0.000999252,0.00299776,0.000999252,0.00299776,0.000999252
16,1449.66,0.81085,0.38884,0.80645,0,0,0,0,0,0,0.35644,0.00484,0.00024,0,0,0,0,0,0,0,0,0,0,0,0,0,0,0.7625,0.32461,0,0,0.45386,0.05635,0.37858,0.42746,0.91839,0.87071,0.90983,0.61547,1.09621,0.47193,0.84717,0,0,0,0,0,0,0,0,0,0,0,0,0,0,0,0,0,0,0,0,0,0,0,0,0,0,0,0,0,0,0,0.61547,0.00299742,0.000999141,0.00299742,0.000999141,0.00299742,0.000999141,0.00299742,0.000999141
17,1539.2,0.80913,0.39021,0.80699,0,0,0,0,0,0,0.36087,0.00467,0.00022,0,0,0,0,0,0,0,0,0,0,0,0,0,0,0.75135,0.31838,0,0,0.45381,0.05629,0.37891,0.42737,0.91569,0.85225,0.89705,0.60394,1.09888,0.47969,0.84715,0,0,0,0,0,0,0,0,0,0,0,0,0,0,0,0,0,0,0,0,0,0,0,0,0,0,0,0,0,0,0,0.60394,0.00299707,0.000999023,0.00299707,0.000999023,0.00299707,0.000999023,0.00299707,0.000999023
18,1628.41,0.81104,0.39056,0.80592,0,0,0,0,0,0,0.35554,0.00447,0.00021,0,0,0,0,0,0,0,0,0,0,0,0,0,0,0.73858,0.31178,0,0,0.45384,0.05634,0.37875,0.42737,0.91935,0.85255,0.89879,0.61008,1.09007,0.47603,0.84665,0,0,0,0,0,0,0,0,0,0,0,0,0,0,0,0,0,0,0,0,0,0,0,0,0,0,0,0,0,0,0,0.61008,0.00299669,0.000998897,0.00299669,0.000998897,0.00299669,0.000998897,0.00299669,0.000998897
19,1718.29,0.80908,0.38935,0.80636,0,0,0,0,0,0,0.35495,0.00423,0.00021,0,0,0,0,0,0,0,0,0,0,0,0,0,0,0.72925,0.3076,0,0,0.45386,0.05639,0.37881,0.42737,0.91734,0.86236,0.90203,0.60746,1.09532,0.4773,0.84717,0,0,0,0,0,0,0,0,0,0,0,0,0,0,0,0,0,0,0,0,0,0,0,0,0,0,0,0,0,0,0,0.60746,0.00299629,0.000998764,0.00299629,0.000998764,0.00299629,0.000998764,0.00299629,0.000998764
20,1807.67,0.80821,0.3895,0.80777,0,0,0,0,0,0,0.34419,0.00414,0.0002,0,0,0,0,0,0,0,0,0,0,0,0,0,0,0.72413,0.30128,0,0,0.45382,0.05636,0.37833,0.42736,0.90941,0.86194,0.89521,0.60498,1.10007,0.47081,0.84717,0,0,0,0,0,0,0,0,0,0,0,0,0,0,0,0,0,0,0,0,0,0,0,0,0,0,0,0,0,0,0,0.60498,0.00299587,0.000998623,0.00299587,0.000998623,0.00299587,0.000998623,0.00299587,0.000998623
21,1897.14,0.81663,0.39088,0.80826,0,0,0,0,0,0,0.33769,0.00403,0.00019,0,0,0,0,0,0,0,0,0,0,0,0,0,0,0.71323,0.29586,0,0,0.45385,0.05635,0.37834,0.42741,0.92447,0.86297,0.90359,0.61792,1.07586,0.46614,0.84402,0,0,0,0,0,0,0,0,0,0,0,0,0,0,0,0,0,0,0,0,0,0,0,0,0,0,0,0,0,0,0,0.61792,0.00299542,0.000998474,0.00299542,0.000998474,0.00299542,0.000998474,0.00299542,0.000998474
22,1984.76,0.8114,0.38916,0.80728,0,0,0,0,0,0,0.341,0.00392,0.00019,0,0,0,0,0,0,0,0,0,0,0,0,0,0,0.70751,0.29041,0,0,0.45378,0.0564,0.37929,0.42739,0.91844,0.86493,0.90561,0.61563,1.07359,0.46299,0.84318,0,0,0,0,0,0,0,0,0,0,0,0,0,0,0,0,0,0,0,0,0,0,0,0,0,0,0,0,0,0,0,0.61563,0.00299495,0.000998318,0.00299495,0.000998318,0.00299495,0.000998318,0.00299495,0.000998318
23,2074.56,0.80646,0.38826,0.8069,0,0,0,0,0,0,0.33646,0.00383,0.00018,0,0,0,0,0,0,0,0,0,0,0,0,0,0,0.69726,0.28601,0,0,0.45386,0.05632,0.37847,0.42733,0.92158,0.87529,0.91196,0.61984,1.07612,0.4661,0.84368,0,0,0,0,0,0,0,0,0,0,0,0,0,0,0,0,0,0,0,0,0,0,0,0,0,0,0,0,0,0,0,0.61984,0.00299446,0.000998154,0.00299446,0.000998154,0.00299446,0.000998154,0.00299446,0.000998154
24,2165.06,0.80878,0.38804,0.8075,0,0,0,0,0,0,0.33153,0.00373,0.00018,0,0,0,0,0,0,0,0,0,0,0,0,0,0,0.68383,0.28151,0,0,0.45379,0.05637,0.37858,0.42735,0.91107,0.86424,0.90048,0.60941,1.07651,0.46726,0.84331,0,0,0,0,0,0,0,0,0,0,0,0,0,0,0,0,0,0,0,0,0,0,0,0,0,0,0,0,0,0,0,0.60941,0.00299395,0.000997982,0.00299395,0.000997982,0.00299395,0.000997982,0.00299395,0.000997982
25,2255.41,0.81534,0.39256,0.80734,0,0,0,0,0,0,0.33225,0.00364,0.00017,0,0,0,0,0,0,0,0,0,0,0,0,0,0,0.67669,0.27757,0,0,0.45392,0.05628,0.37929,0.42745,0.91213,0.85745,0.89435,0.60725,1.07742,0.4686,0.84349,0,0,0,0,0,0,0,0,0,0,0,0,0,0,0,0,0,0,0,0,0,0,0,0,0,0,0,0,0,0,0,0.60725,0.00299341,0.000997803,0.00299341,0.000997803,0.00299341,0.000997803,0.00299341,0.000997803
26,2345.63,0.80992,0.38854,0.80733,0,0,0,0,0,0,0.33078,0.00357,0.00017,0,0,0,0,0,0,0,0,0,0,0,0,0,0,0.66938,0.27339,0,0,0.45383,0.0564,0.37925,0.42739,0.92013,0.86635,0.90427,0.6137,1.07522,0.46343,0.84472,0,0,0,0,0,0,0,0,0,0,0,0,0,0,0,0,0,0,0,0,0,0,0,0,0,0,0,0,0,0,0,0.6137,0.00299285,0.000997616,0.00299285,0.000997616,0.00299285,0.000997616,0.00299285,0.000997616
27,2434.97,0.81272,0.39116,0.80693,0,0,0,0,0,0,0.32405,0.00348,0.00016,0,0,0,0,0,0,0,0,0,0,0,0,0,0,0.67379,0.26885,0,0,0.45383,0.05635,0.37926,0.42745,0.9219,0.85873,0.90037,0.61287,1.07509,0.46076,0.84308,0,0,0,0,0,0,0,0,0,0,0,0,0,0,0,0,0,0,0,0,0,0,0,0,0,0,0,0,0,0,0,0.61287,0.00299227,0.000997422,0.00299227,0.000997422,0.00299227,0.000997422,0.00299227,0.000997422
28,2525.33,0.81006,0.38749,0.8064,0,0,0,0,0,0,0.31624,0.00345,0.00016,0,0,0,0,0,0,0,0,0,0,0,0,0,0,0.66471,0.26476,0,0,0.45372,0.05639,0.37853,0.42731,0.91418,0.86335,0.89852,0.60962,1.06743,0.46094,0.84225,0,0,0,0,0,0,0,0,0,0,0,0,0,0,0,0,0,0,0,0,0,0,0,0,0,0,0,0,0,0,0,0.60962,0.00299166,0.00099722,0.00299166,0.00099722,0.00299166,0.00099722,0.00299166,0.00099722
29,2616.27,0.81067,0.39042,0.80497,0,0,0,0,0,0,0.31742,0.00339,0.00016,0,0,0,0,0,0,0,0,0,0,0,0,0,0,0.65695,0.26172,0,0,0.45381,0.05629,0.37791,0.42743,0.91619,0.86057,0.90385,0.61319,1.07408,0.46333,0.84349,0,0,0,0,0,0,0,0,0,0,0,0,0,0,0,0,0,0,0,0,0,0,0,0,0,0,0,0,0,0,0,0.61319,0.00299103,0.000997011,0.00299103,0.000997011,0.00299103,0.000997011,0.00299103,0.000997011
30,2706.68,0.80768,0.38796,0.80656,0,0,0,0,0,0,0.32088,0.00332,0.00015,0,0,0,0,0,0,0,0,0,0,0,0,0,0,0.64667,0.25919,0,0,0.45381,0.05636,0.37863,0.42743,0.92478,0.8695,0.90988,0.61791,1.07492,0.46313,0.84455,0,0,0,0,0,0,0,0,0,0,0,0,0,0,0,0,0,0,0,0,0,0,0,0,0,0,0,0,0,0,0,0.61791,0.00299038,0.000996794,0.00299038,0.000996794,0.00299038,0.000996794,0.00299038,0.000996794
31,2797.22,0.80921,0.38786,0.80796,0,0,0,0,0,0,0.31965,0.00327,0.00015,0,0,0,0,0,0,0,0,0,0,0,0,0,0,0.63809,0.25617,0,0,0.45382,0.05628,0.37846,0.42732,0.92527,0.85698,0.90261,0.61229,1.08309,0.46363,0.84595,0,0,0,0,0,0,0,0,0,0,0,0,0,0,0,0,0,0,0,0,0,0,0,0,0,0,0,0,0,0,0,0.61229,0.00298971,0.000996569,0.00298971,0.000996569,0.00298971,0.000996569,0.00298971,0.000996569
32,2886.23,0.80825,0.38823,0.80587,0,0,0,0,0,0,0.31598,0.00324,0.00015,0,0,0,0,0,0,0,0,0,0,0,0,0,0,0.63237,0.25366,0,0,0.45387,0.0563,0.37818,0.42743,0.91688,0.86712,0.90659,0.61786,1.06288,0.45975,0.84175,0,0,0,0,0,0,0,0,0,0,0,0,0,0,0,0,0,0,0,0,0,0,0,0,0,0,0,0,0,0,0,0.61786,0.00298901,0.000996337,0.00298901,0.000996337,0.00298901,0.000996337,0.00298901,0.000996337
33,2976.87,0.80361,0.38734,0.80656,0,0,0,0,0,0,0.31182,0.0032,0.00014,0,0,0,0,0,0,0,0,0,0,0,0,0,0,0.62751,0.24978,0,0,0.45386,0.05638,0.37834,0.42743,0.92448,0.85774,0.9015,0.61143,1.07687,0.46488,0.84301,0,0,0,0,0,0,0,0,0,0,0,0,0,0,0,0,0,0,0,0,0,0,0,0,0,0,0,0,0,0,0,0.61143,0.00298829,0.000996097,0.00298829,0.000996097,0.00298829,0.000996097,0.00298829,0.000996097
34,3066.24,0.80879,0.38897,0.8073,0,0,0,0,0,0,0.3104,0.00309,0.00014,0,0,0,0,0,0,0,0,0,0,0,0,0,0,0.62366,0.24737,0,0,0.45381,0.05634,0.37822,0.42741,0.92563,0.86153,0.90317,0.61307,1.06387,0.45736,0.84169,0,0,0,0,0,0,0,0,0,0,0,0,0,0,0,0,0,0,0,0,0,0,0,0,0,0,0,0,0,0,0,0.61307,0.00298755,0.000995849,0.00298755,0.000995849,0.00298755,0.000995849,0.00298755,0.000995849
35,3155.65,0.80966,0.38988,0.80583,0,0,0,0,0,0,0.30759,0.00304,0.00014,0,0,0,0,0,0,0,0,0,0,0,0,0,0,0.62,0.24507,0,0,0.45385,0.05632,0.37847,0.42741,0.92114,0.8571,0.89844,0.61198,1.07025,0.46098,0.84313,0,0,0,0,0,0,0,0,0,0,0,0,0,0,0,0,0,0,0,0,0,0,0,0,0,0,0,0,0,0,0,0.61198,0.00298678,0.000995594,0.00298678,0.000995594,0.00298678,0.000995594,0.00298678,0.000995594
36,3244.63,0.80877,0.39041,0.80504,0,0,0,0,0,0,0.31085,0.00307,0.00014,0,0,0,0,0,0,0,0,0,0,0,0,0,0,0.61297,0.24226,0,0,0.4538,0.05639,0.37905,0.42735,0.92075,0.86659,0.90612,0.61796,1.06653,0.4584,0.84401,0,0,0,0,0,0,0,0,0,0,0,0,0,0,0,0,0,0,0,0,0,0,0,0,0,0,0,0,0,0,0,0.61796,0.002986,0.000995332,0.002986,0.000995332,0.002986,0.000995332,0.002986,0.000995332
37,3333.96,0.80704,0.38989,0.80722,0,0,0,0,0,0,0.3101,0.00304,0.00013,0,0,0,0,0,0,0,0,0,0,0,0,0,0,0.60887,0.24039,0,0,0.45385,0.0563,0.3791,0.42745,0.92117,0.86739,0.90611,0.61453,1.06922,0.45786,0.84368,0,0,0,0,0,0,0,0,0,0,0,0,0,0,0,0,0,0,0,0,0,0,0,0,0,0,0,0,0,0,0,0.61453,0.00298519,0.000995062,0.00298519,0.000995062,0.00298519,0.000995062,0.00298519,0.000995062
38,3424.14,0.8079,0.38841,0.80571,0,0,0,0,0,0,0.3092,0.00302,0.00013,0,0,0,0,0,0,0,0,0,0,0,0,0,0,0.60047,0.23849,0,0,0.45381,0.05637,0.37927,0.42743,0.92861,0.86247,0.90658,0.61957,1.06555,0.45608,0.84309,0,0,0,0,0,0,0,0,0,0,0,0,0,0,0,0,0,0,0,0,0,0,0,0,0,0,0,0,0,0,0,0.61957,0.00298435,0.000994784,0.00298435,0.000994784,0.00298435,0.000994784,0.00298435,0.000994784
39,3513.97,0.80473,0.38839,0.80611,0,0,0,0,0,0,0.30564,0.00295,0.00013,0,0,0,0,0,0,0,0,0,0,0,0,0,0,0.60241,0.23675,0,0,0.45379,0.05635,0.37902,0.42731,0.92118,0.867,0.9063,0.61802,1.06997,0.45758,0.8443,0,0,0,0,0,0,0,0,0,0,0,0,0,0,0,0,0,0,0,0,0,0,0,0,0,0,0,0,0,0,0,0.61802,0.0029835,0.000994499,0.0029835,0.000994499,0.0029835,0.000994499,0.0029835,0.000994499
40,3603.38,0.80594,0.38731,0.80606,0,0,0,0,0,0,0.30812,0.00293,0.00013,0,0,0,0,0,0,0,0,0,0,0,0,0,0,0.59422,0.23441,0,0,0.45393,0.05638,0.37836,0.42759,0.91847,0.86767,0.90591,0.61566,1.06432,0.45836,0.84233,0,0,0,0,0,0,0,0,0,0,0,0,0,0,0,0,0,0,0,0,0,0,0,0,0,0,0,0,0,0,0,0.61566,0.00298262,0.000994206,0.00298262,0.000994206,0.00298262,0.000994206,0.00298262,0.000994206
41,3690.8,0.8112,0.38876,0.8071,0,0,0,0,0,0,0.30218,0.00285,0.00013,0,0,0,0,0,0,0,0,0,0,0,0,0,0,0.59295,0.2325,0,0,0.45374,0.05641,0.3779,0.42739,0.92383,0.86228,0.90289,0.61414,1.06129,0.45719,0.84273,0,0,0,0,0,0,0,0,0,0,0,0,0,0,0,0,0,0,0,0,0,0,0,0,0,0,0,0,0,0,0,0.61414,0.00298172,0.000993906,0.00298172,0.000993906,0.00298172,0.000993906,0.00298172,0.000993906
42,3781.01,0.80794,0.38692,0.80702,0,0,0,0,0,0,0.29923,0.00287,0.00012,0,0,0,0,0,0,0,0,0,0,0,0,0,0,0.59102,0.23119,0,0,0.45384,0.05628,0.3784,0.42742,0.9226,0.85902,0.90283,0.61414,1.06071,0.45559,0.84258,0,0,0,0,0,0,0,0,0,0,0,0,0,0,0,0,0,0,0,0,0,0,0,0,0,0,0,0,0,0,0,0.61414,0.00298079,0.000993598,0.00298079,0.000993598,0.00298079,0.000993598,0.00298079,0.000993598
43,3871.1,0.80543,0.38779,0.80615,0,0,0,0,0,0,0.30111,0.00283,0.00012,0,0,0,0,0,0,0,0,0,0,0,0,0,0,0.58619,0.2297,0,0,0.4538,0.05635,0.37854,0.42738,0.91545,0.86511,0.90464,0.6175,1.05518,0.45312,0.84182,0,0,0,0,0,0,0,0,0,0,0,0,0,0,0,0,0,0,0,0,0,0,0,0,0,0,0,0,0,0,0,0.6175,0.00297985,0.000993282,0.00297985,0.000993282,0.00297985,0.000993282,0.00297985,0.000993282
44,3961.1,0.80631,0.38612,0.8065,0,0,0,0,0,0,0.29642,0.00282,0.00012,0,0,0,0,0,0,0,0,0,0,0,0,0,0,0.58349,0.22852,0,0,0.45396,0.05631,0.37843,0.42751,0.91893,0.86538,0.90409,0.6169,1.057,0.45281,0.84254,0,0,0,0,0,0,0,0,0,0,0,0,0,0,0,0,0,0,0,0,0,0,0,0,0,0,0,0,0,0,0,0.6169,0.00297888,0.00099296,0.00297888,0.00099296,0.00297888,0.00099296,0.00297888,0.00099296
45,4051.42,0.80808,0.38815,0.80659,0,0,0,0,0,0,0.29809,0.00277,0.00012,0,0,0,0,0,0,0,0,0,0,0,0,0,0,0.58314,0.22765,0,0,0.45385,0.05633,0.37832,0.42746,0.92047,0.87043,0.90531,0.6166,1.05475,0.45308,0.84133,0,0,0,0,0,0,0,0,0,0,0,0,0,0,0,0,0,0,0,0,0,0,0,0,0,0,0,0,0,0,0,0.6166,0.00297789,0.000992629,0.00297789,0.000992629,0.00297789,0.000992629,0.00297789,0.000992629
46,4140.81,0.81022,0.388,0.80701,0,0,0,0,0,0,0.29475,0.00277,0.00012,0,0,0,0,0,0,0,0,0,0,0,0,0,0,0.57608,0.2253,0,0,0.45384,0.0564,0.3779,0.42745,0.91927,0.86555,0.90458,0.61724,1.05665,0.45279,0.84204,0,0,0,0,0,0,0,0,0,0,0,0,0,0,0,0,0,0,0,0,0,0,0,0,0,0,0,0,0,0,0,0.61724,0.00297687,0.000992291,0.00297687,0.000992291,0.00297687,0.000992291,0.00297687,0.000992291
47,4231.24,0.80386,0.38813,0.80696,0,0,0,0,0,0,0.29335,0.00279,0.00012,1e-05,0,0,0,0,0,0,0,0,0,0,0,0,0,0.57246,0.2242,0,0,0.4539,0.0564,0.37828,0.42749,0.92025,0.8656,0.9051,0.61647,1.06232,0.45487,0.84271,0,0,0,0,0,0,0,0,0,0,0,0,0,0,0,0,0,0,0,0,0,0,0,0,0,0,0,0,0,0,0,0.61647,0.00297584,0.000991946,0.00297584,0.000991946,0.00297584,0.000991946,0.00297584,0.000991946
48,4321.93,0.80652,0.38694,0.80462,0,0,0,0,0,0,0.29233,0.0027,0.00011,0,0,0,0,0,0,0,0,0,0,0,0,0,0,0.58025,0.22065,0,0,0.45376,0.05638,0.37827,0.42739,0.91871,0.86681,0.90561,0.61929,1.05756,0.45349,0.84195,0,0,0,0,0,0,0,0,0,0,0,0,0,0,0,0,0,0,0,0,0,0,0,0,0,0,0,0,0,0,0,0.61929,0.00297478,0.000991593,0.00297478,0.000991593,0.00297478,0.000991593,0.00297478,0.000991593
49,4411.89,0.80139,0.38697,0.8066,0,0,0,0,0,0,0.29639,0.00269,0.00012,0,0,0,0,0,0,0,0,0,0,0,0,0,0,0.58124,0.21984,0,0,0.45389,0.05638,0.37884,0.42744,0.92003,0.86701,0.90536,0.62057,1.05567,0.4528,0.84116,0,0,0,0,0,0,0,0,0,0,0,0,0,0,0,0,0,0,0,0,0,0,0,0,0,0,0,0,0,0,0,0.62057,0.0029737,0.000991232,0.0029737,0.000991232,0.0029737,0.000991232,0.0029737,0.000991232
50,4503.51,0.80601,0.38713,0.8053,0,0,0,0,0,0,0.29067,0.00261,0.00011,0,0,0,0,0,0,0,0,0,0,0,0,0,0,0.56945,0.21858,0,0,0.45386,0.05637,0.37914,0.4275,0.92369,0.8644,0.90665,0.62108,1.05597,0.45256,0.84181,0,0,0,0,0,0,0,0,0,0,0,0,0,0,0,0,0,0,0,0,0,0,0,0,0,0,0,0,0,0,0,0.62108,0.00297259,0.000990864,0.00297259,0.000990864,0.00297259,0.000990864,0.00297259,0.000990864
51,4594.13,0.79612,0.38341,0.80417,0,0,0,0,0,0,0.29009,0.00263,0.00011,0,0,0,0,0,0,0,0,0,0,0,0,0,0,0.56574,0.21712,0,0,0.45383,0.05634,0.37826,0.42739,0.92196,0.86642,0.9046,0.61872,1.05723,0.45217,0.8421,0,0,0,0,0,0,0,0,0,0,0,0,0,0,0,0,0,0,0,0,0,0,0,0,0,0,0,0,0,0,0,0.61872,0.00297147,0.000990489,0.00297147,0.000990489,0.00297147,0.000990489,0.00297147,0.000990489
52,4685.52,0.80959,0.38889,0.80521,0,0,0,0,0,0,0.28786,0.00264,0.00011,0,0,0,0,0,0,0,0,0,0,0,0,0,0,0.56459,0.21602,0,0,0.45379,0.0564,0.37842,0.42746,0.91999,0.8691,0.90563,0.61919,1.05499,0.45158,0.8416,0,0,0,0,0,0,0,0,0,0,0,0,0,0,0,0,0,0,0,0,0,0,0,0,0,0,0,0,0,0,0,0.61919,0.00297032,0.000990106,0.00297032,0.000990106,0.00297032,0.000990106,0.00297032,0.000990106
53,4775.67,0.80203,0.38538,0.80677,0,0,0,0,0,0,0.28971,0.00261,0.00011,0,0,0,0,0,0,0,0,0,0,0,0,0,0,0.56625,0.21398,0,0,0.45376,0.05636,0.37844,0.42741,0.92205,0.8714,0.90952,0.62199,1.05321,0.45136,0.84146,0,0,0,0,0,0,0,0,0,0,0,0,0,0,0,0,0,0,0,0,0,0,0,0,0,0,0,0,0,0,0,0.62199,0.00296915,0.000989715,0.00296915,0.000989715,0.00296915,0.000989715,0.00296915,0.000989715
54,4865.86,0.80412,0.38706,0.80605,0,0,0,0,0,0,0.28763,0.00258,0.00011,0,0,0,0,0,0,0,0,0,0,0,0,0,0,0.56835,0.2113,0,0,0.45384,0.05641,0.37767,0.42748,0.9281,0.86788,0.91032,0.62378,1.04851,0.44933,0.84088,0,0,0,0,0,0,0,0,0,0,0,0,0,0,0,0,0,0,0,0,0,0,0,0,0,0,0,0,0,0,0,0.62378,0.00296795,0.000989317,0.00296795,0.000989317,0.00296795,0.000989317,0.00296795,0.000989317
55,4956.29,0.80083,0.38699,0.80535,0,0,0,0,0,0,0.28483,0.00257,0.00011,0,0,0,0,0,0,0,0,0,0,0,0,0,0,0.57034,0.21139,0,0,0.45383,0.05636,0.37763,0.4274,0.92537,0.87033,0.91019,0.62315,1.04939,0.44948,0.84165,0,0,0,0,0,0,0,0,0,0,0,0,0,0,0,0,0,0,0,0,0,0,0,0,0,0,0,0,0,0,0,0.62315,0.00296674,0.000988912,0.00296674,0.000988912,0.00296674,0.000988912,0.00296674,0.000988912
56,5045.61,0.80347,0.38708,0.80624,0,0,0,0,0,0,0.28147,0.00259,0.0001,0,0,0,0,0,0,0,0,0,0,0,0,0,0,0.568,0.21029,0,0,0.45387,0.05632,0.37846,0.42751,0.92208,0.86965,0.9082,0.62313,1.04902,0.44889,0.84151,0,0,0,0,0,0,0,0,0,0,0,0,0,0,0,0,0,0,0,0,0,0,0,0,0,0,0,0,0,0,0,0.62313,0.0029655,0.000988499,0.0029655,0.000988499,0.0029655,0.000988499,0.0029655,0.000988499
57,5134.97,0.80333,0.38794,0.80603,0,0,0,0,0,0,0.28277,0.00257,0.00011,0,0,0,0,0,0,0,0,0,0,0,0,0,0,0.5628,0.20935,0,0,0.45387,0.05629,0.37799,0.42741,0.92389,0.86947,0.90842,0.62403,1.04677,0.44789,0.84102,0,0,0,0,0,0,0,0,0,0,0,0,0,0,0,0,0,0,0,0,0,0,0,0,0,0,0,0,0,0,0,0.62403,0.00296424,0.000988079,0.00296424,0.000988079,0.00296424,0.000988079,0.00296424,0.000988079
58,5225.38,0.80507,0.38606,0.80465,0,0,0,0,0,0,0.28497,0.00252,0.00011,0,0,0,0,0,0,0,0,0,0,0,0,0,0,0.55909,0.20806,0,0,0.45388,0.05631,0.37821,0.42742,0.92271,0.87043,0.90868,0.62401,1.0454,0.44806,0.84085,0,0,0,0,0,0,0,0,0,0,0,0,0,0,0,0,0,0,0,0,0,0,0,0,0,0,0,0,0,0,0,0.62401,0.00296295,0.000987651,0.00296295,0.000987651,0.00296295,0.000987651,0.00296295,0.000987651
59,5315.87,0.80525,0.38739,0.8063,0,0,0,0,0,0,0.28417,0.00251,0.00011,0,0,0,0,0,0,0,0,0,0,0,0,0,0,0.5594,0.20584,0,0,0.45386,0.05636,0.37879,0.4275,0.92524,0.86859,0.90862,0.62377,1.04404,0.44852,0.84065,0,0,0,0,0,0,0,0,0,0,0,0,0,0,0,0,0,0,0,0,0,0,0,0,0,0,0,0,0,0,0,0.62377,0.00296165,0.000987216,0.00296165,0.000987216,0.00296165,0.000987216,0.00296165,0.000987216
60,5406.3,0.80319,0.38708,0.80637,0,0,0,0,0,0,0.28306,0.00251,0.00011,0,0,0,0,0,0,0,0,0,0,0,0,0,0,0.56312,0.20584,0,0,0.45383,0.05637,0.37805,0.42743,0.92643,0.86834,0.90965,0.62424,1.044,0.44765,0.84043,0,0,0,0,0,0,0,0,0,0,0,0,0,0,0,0,0,0,0,0,0,0,0,0,0,0,0,0,0,0,0,0.62424,0.00296032,0.000986773,0.00296032,0.000986773,0.00296032,0.000986773,0.00296032,0.000986773
61,5495.51,0.80321,0.38641,0.80365,0,0,0,0,0,0,0.28502,0.00252,0.0001,0,0,0,0,0,0,0,0,0,0,0,0,0,0,0.56076,0.20502,0,0,0.45374,0.05639,0.37827,0.42741,0.92976,0.86774,0.91137,0.62482,1.04177,0.44749,0.84009,0,0,0,0,0,0,0,0,0,0,0,0,0,0,0,0,0,0,0,0,0,0,0,0,0,0,0,0,0,0,0,0.62482,0.00295897,0.000986323,0.00295897,0.000986323,0.00295897,0.000986323,0.00295897,0.000986323
62,5585.84,0.80365,0.3857,0.80747,0,0,0,0,0,0,0.28228,0.00249,0.0001,1e-05,0,0,0,0,0,0,0,0,0,0,0,0,0,0.56001,0.20463,0,0,0.45387,0.05634,0.37817,0.42744,0.9269,0.87125,0.91192,0.62534,1.04209,0.44712,0.84007,0,0,0,0,0,0,0,0,0,0,0,0,0,0,0,0,0,0,0,0,0,0,0,0,0,0,0,0,0,0,0,0.62534,0.0029576,0.000985866,0.0029576,0.000985866,0.0029576,0.000985866,0.0029576,0.000985866
63,5676.41,0.80755,0.38808,0.80573,0,0,0,0,0,0,0.27941,0.00252,0.0001,0,0,0,0,0,0,0,0,0,0,0,0,0,0,0.56298,0.20182,0,0,0.45382,0.05635,0.37719,0.42745,0.92424,0.86984,0.91023,0.62442,1.0433,0.44786,0.84018,0,0,0,0,0,0,0,0,0,0,0,0,0,0,0,0,0,0,0,0,0,0,0,0,0,0,0,0,0,0,0,0.62442,0.0029562,0.000985401,0.0029562,0.000985401,0.0029562,0.000985401,0.0029562,0.000985401
64,5766.19,0.80152,0.38669,0.80602,0,0,0,0,0,0,0.2757,0.00247,0.0001,0,0,0,0,0,0,0,0,0,0,0,0,0,0,0.55704,0.20045,0,0,0.45384,0.0563,0.37789,0.42738,0.92389,0.87133,0.90907,0.62485,1.04247,0.44659,0.84001,0,0,0,0,0,0,0,0,0,0,0,0,0,0,0,0,0,0,0,0,0,0,0,0,0,0,0,0,0,0,0,0.62485,0.00295479,0.000984928,0.00295479,0.000984928,0.00295479,0.000984928,0.00295479,0.000984928
65,5856.65,0.80408,0.38651,0.80694,0,0,0,0,0,0,0.27961,0.00253,0.0001,0,0,0,0,0,0,0,0,0,0,0,0,0,0,0.55693,0.20052,0,0,0.4539,0.05635,0.3783,0.42752,0.92344,0.8731,0.91077,0.62466,1.04238,0.4463,0.83966,0,0,0,0,0,0,0,0,0,0,0,0,0,0,0,0,0,0,0,0,0,0,0,0,0,0,0,0,0,0,0,0.62466,0.00295335,0.000984449,0.00295335,0.000984449,0.00295335,0.000984449,0.00295335,0.000984449
66,5947.02,0.80392,0.38669,0.80635,0,0,0,0,0,0,0.27562,0.0025,0.0001,1e-05,0,0,0,0,0,0,0,0,0,0,0,0,0,0.55583,0.19955,0,0,0.45374,0.05638,0.37836,0.42729,0.92446,0.87288,0.91138,0.62426,1.04324,0.44723,0.8397,0,0,0,0,0,0,0,0,0,0,0,0,0,0,0,0,0,0,0,0,0,0,0,0,0,0,0,0,0,0,0,0.62426,0.00295188,0.000983962,0.00295188,0.000983962,0.00295188,0.000983962,0.00295188,0.000983962
67,6038.4,0.79939,0.3856,0.80828,0,0,0,0,0,0,0.2783,0.00247,0.0001,0,0,0,0,0,0,0,0,0,0,0,0,0,0,0.55419,0.1969,0,0,0.45394,0.05632,0.37736,0.42743,0.92361,0.8725,0.91154,0.62343,1.04332,0.44689,0.83986,0,0,0,0,0,0,0,0,0,0,0,0,0,0,0,0,0,0,0,0,0,0,0,0,0,0,0,0,0,0,0,0.62343,0.0029504,0.000983467,0.0029504,0.000983467,0.0029504,0.000983467,0.0029504,0.000983467
68,6129.83,0.80263,0.38646,0.80653,0,0,0,0,0,0,0.27356,0.00244,0.0001,0,0,0,0,0,0,0,0,0,0,0,0,0,0,0.55361,0.19652,0,0,0.45394,0.05631,0.37771,0.42754,0.92573,0.87349,0.91206,0.623,1.04308,0.44644,0.83993,0,0,0,0,0,0,0,0,0,0,0,0,0,0,0,0,0,0,0,0,0,0,0,0,0,0,0,0,0,0,0,0.623,0.0029489,0.000982965,0.0029489,0.000982965,0.0029489,0.000982965,0.0029489,0.000982965
69,6219.91,0.80573,0.38722,0.80601,0,0,0,0,0,0,0.27839,0.00243,0.0001,0,0,0,0,0,0,0,0,0,0,0,0,0,0,0.54966,0.19628,0,0,0.45391,0.05629,0.37785,0.42749,0.92439,0.87167,0.91092,0.62273,1.04306,0.44641,0.84009,0,0,0,0,0,0,0,0,0,0,0,0,0,0,0,0,0,0,0,0,0,0,0,0,0,0,0,0,0,0,0,0.62273,0.00294737,0.000982456,0.00294737,0.000982456,0.00294737,0.000982456,0.00294737,0.000982456
70,6310.84,0.80067,0.38592,0.80595,0,0,0,0,0,0,0.27572,0.00243,9e-05,1e-05,0,0,0,0,0,0,0,0,0,0,0,0,0,0.55057,0.19604,0,0,0.45389,0.05635,0.37797,0.42745,0.9258,0.87338,0.91172,0.62284,1.04311,0.44617,0.84021,0,0,0,0,0,0,0,0,0,0,0,0,0,0,0,0,0,0,0,0,0,0,0,0,0,0,0,0,0,0,0,0.62284,0.00294582,0.000981939,0.00294582,0.000981939,0.00294582,0.000981939,0.00294582,0.000981939
71,6399.88,0.80172,0.3861,0.80516,0,0,0,0,0,0,0.2764,0.00239,0.0001,0,0,0,0,0,0,0,0,0,0,0,0,0,0,0.56282,0.1927,0,0,0.45384,0.05629,0.37883,0.42739,0.92499,0.87307,0.91146,0.62326,1.04274,0.4458,0.84015,0,0,0,0,0,0,0,0,0,0,0,0,0,0,0,0,0,0,0,0,0,0,0,0,0,0,0,0,0,0,0,0.62326,0.00294425,0.000981415,0.00294425,0.000981415,0.00294425,0.000981415,0.00294425,0.000981415
72,6490.18,0.80211,0.38453,0.80654,0,0,0,0,0,0,0.27285,0.00239,9e-05,0,0,0,0,0,0,0,0,0,0,0,0,0,0,0.56002,0.19343,0,0,0.45386,0.05635,0.37756,0.42744,0.92597,0.87333,0.91177,0.62326,1.04208,0.44568,0.84028,0,0,0,0,0,0,0,0,0,0,0,0,0,0,0,0,0,0,0,0,0,0,0,0,0,0,0,0,0,0,0,0.62326,0.00294265,0.000980884,0.00294265,0.000980884,0.00294265,0.000980884,0.00294265,0.000980884
73,6579.86,0.80514,0.38349,0.80566,0,0,0,0,0,0,0.27793,0.00233,0.0001,0,0,0,0,0,0,0,0,0,0,0,0,0,0,0.55598,0.19136,0,0,0.45382,0.05635,0.37781,0.42739,0.9257,0.87354,0.91168,0.62316,1.04219,0.44552,0.84036,0,0,0,0,0,0,0,0,0,0,0,0,0,0,0,0,0,0,0,0,0,0,0,0,0,0,0,0,0,0,0,0.62316,0.00294104,0.000980345,0.00294104,0.000980345,0.00294104,0.000980345,0.00294104,0.000980345
74,6669.56,0.80755,0.38519,0.80414,0,0,0,0,0,0,0.27553,0.00237,0.0001,0,0,0,0,0,0,0,0,0,0,0,0,0,0,0.55585,0.19181,0,0,0.45386,0.05629,0.37811,0.4274,0.9253,0.87299,0.9113,0.62292,1.04254,0.44568,0.84027,0,0,0,0,0,0,0,0,0,0,0,0,0,0,0,0,0,0,0,0,0,0,0,0,0,0,0,0,0,0,0,0.62292,0.0029394,0.000979799,0.0029394,0.000979799,0.0029394,0.000979799,0.0029394,0.000979799
75,6759.82,0.80542,0.38597,0.80575,0,0,0,0,0,0,0.2736,0.00234,9e-05,0,0,0,0,0,0,0,0,0,0,0,0,0,0,0.55755,0.19067,0,0,0.45385,0.05635,0.37887,0.42738,0.92547,0.87296,0.91138,0.62307,1.04161,0.44538,0.84028,0,0,0,0,0,0,0,0,0,0,0,0,0,0,0,0,0,0,0,0,0,0,0,0,0,0,0,0,0,0,0,0.62307,0.00293774,0.000979246,0.00293774,0.000979246,0.00293774,0.000979246,0.00293774,0.000979246
76,6848.48,0.80539,0.38568,0.80699,0,0,0,0,0,0,0.26958,0.00234,9e-05,2e-05,0,0,0,0,0,0,0,0,0,0,0,0,0,0.55219,0.19038,0,0,0.45386,0.05635,0.37832,0.42746,0.92327,0.87547,0.91119,0.6227,1.04088,0.4452,0.84031,0,0,0,0,0,0,0,0,0,0,0,0,0,0,0,0,0,0,0,0,0,0,0,0,0,0,0,0,0,0,0,0.6227,0.00293606,0.000978685,0.00293606,0.000978685,0.00293606,0.000978685,0.00293606,0.000978685
77,6938.91,0.79728,0.3844,0.80687,0,0,0,0,0,0,0.27086,0.00235,0.0001,0,0,0,0,0,0,0,0,0,0,0,0,0,0,0.55428,0.19023,0,0,0.45385,0.05632,0.37795,0.42747,0.92595,0.87396,0.9117,0.62342,1.04164,0.44474,0.84087,0,0,0,0,0,0,0,0,0,0,0,0,0,0,0,0,0,0,0,0,0,0,0,0,0,0,0,0,0,0,0,0.62342,0.00293435,0.000978118,0.00293435,0.000978118,0.00293435,0.000978118,0.00293435,0.000978118
78,7028.71,0.79426,0.38432,0.80654,0,0,0,0,0,0,0.27175,0.0023,9e-05,0,0,0,0,0,0,0,0,0,0,0,0,0,0,0.55644,0.18926,0,0,0.4538,0.05635,0.37798,0.42732,0.92684,0.87415,0.9117,0.62357,1.04097,0.44457,0.84086,0,0,0,0,0,0,0,0,0,0,0,0,0,0,0,0,0,0,0,0,0,0,0,0,0,0,0,0,0,0,0,0.62357,0.00293263,0.000977542,0.00293263,0.000977542,0.00293263,0.000977542,0.00293263,0.000977542
79,7119.13,0.80348,0.38637,0.80506,0,0,0,0,0,0,0.26886,0.00234,9e-05,0,0,0,0,0,0,0,0,0,0,0,0,0,0,0.55358,0.1882,0,0,0.45384,0.05635,0.3789,0.42743,0.92668,0.8749,0.91202,0.62408,1.04001,0.44438,0.84049,0,0,0,0,0,0,0,0,0,0,0,0,0,0,0,0,0,0,0,0,0,0,0,0,0,0,0,0,0,0,0,0.62408,0.00293088,0.00097696,0.00293088,0.00097696,0.00293088,0.00097696,0.00293088,0.00097696
80,7209.51,0.80051,0.38523,0.80673,0,0,0,0,0,0,0.27402,0.00232,9e-05,0,0,0,0,0,0,0,0,0,0,0,0,0,0,0.55555,0.18783,0,0,0.45392,0.05632,0.37906,0.42747,0.92602,0.87531,0.91257,0.62472,1.03974,0.44436,0.8405,0,0,0,0,0,0,0,0,0,0,0,0,0,0,0,0,0,0,0,0,0,0,0,0,0,0,0,0,0,0,0,0.62472,0.00292911,0.00097637,0.00292911,0.00097637,0.00292911,0.00097637,0.00292911,0.00097637
81,7300.16,0.79931,0.38398,0.80423,0,0,0,0,0,0,0.27426,0.00232,9e-05,0,0,0,0,0,0,0,0,0,0,0,0,0,0,0.56486,0.18613,0,0,0.4538,0.05639,0.37865,0.42741,0.9254,0.87559,0.91255,0.62476,1.04064,0.44442,0.8406,0,0,0,0,0,0,0,0,0,0,0,0,0,0,0,0,0,0,0,0,0,0,0,0,0,0,0,0,0,0,0,0.62476,0.00292732,0.000975773,0.00292732,0.000975773,0.00292732,0.000975773,0.00292732,0.000975773
82,7389.29,0.80272,0.38471,0.80719,0,0,0,0,0,0,0.27607,0.00234,9e-05,0,0,0,0,0,0,0,0,0,0,0,0,0,0,0.56164,0.18589,0,0,0.45386,0.05636,0.37875,0.42743,0.92501,0.87534,0.91272,0.62504,1.04062,0.44441,0.84051,0,0,0,0,0,0,0,0,0,0,0,0,0,0,0,0,0,0,0,0,0,0,0,0,0,0,0,0,0,0,0,0.62504,0.00292551,0.000975169,0.00292551,0.000975169,0.00292551,0.000975169,0.00292551,0.000975169
83,7479.1,0.79859,0.38509,0.80581,0,0,0,0,0,0,0.27045,0.0023,9e-05,2e-05,0,0,0,0,0,0,0,0,0,0,0,0,0,0.55595,0.18516,0,0,0.45384,0.05635,0.37771,0.42743,0.92543,0.87553,0.91288,0.62517,1.04073,0.444,0.84051,0,0,0,0,0,0,0,0,0,0,0,0,0,0,0,0,0,0,0,0,0,0,0,0,0,0,0,0,0,0,0,0.62517,0.00292367,0.000974557,0.00292367,0.000974557,0.00292367,0.000974557,0.00292367,0.000974557
84,7569.3,0.80367,0.38805,0.80504,0,0,0,0,0,0,0.26504,0.00229,9e-05,0,0,0,0,0,0,0,0,0,0,0,0,0,0,0.56133,0.18246,0,0,0.45392,0.05631,0.37801,0.4275,0.92563,0.8756,0.91304,0.62563,1.04056,0.44412,0.84049,0,0,0,0,0,0,0,0,0,0,0,0,0,0,0,0,0,0,0,0,0,0,0,0,0,0,0,0,0,0,0,0.62563,0.00292181,0.000973938,0.00292181,0.000973938,0.00292181,0.000973938,0.00292181,0.000973938
85,7659.51,0.80855,0.38594,0.80651,0,0,0,0,0,0,0.26899,0.00228,9e-05,0,0,0,0,0,0,0,0,0,0,0,0,0,0,0.56348,0.1818,0,0,0.45389,0.05633,0.37824,0.42749,0.92487,0.87625,0.91387,0.62571,1.04078,0.44436,0.84048,0,0,0,0,0,0,0,0,0,0,0,0,0,0,0,0,0,0,0,0,0,0,0,0,0,0,0,0,0,0,0,0.62571,0.00291994,0.000973312,0.00291994,0.000973312,0.00291994,0.000973312,0.00291994,0.000973312
86,7750.8,0.80141,0.38395,0.80457,0,0,0,0,0,0,0.26882,0.00231,9e-05,0,0,0,0,0,0,0,0,0,0,0,0,0,0,0.56181,0.18159,0,0,0.45381,0.05638,0.379,0.42741,0.92447,0.87474,0.91274,0.62552,1.04076,0.44386,0.84052,0,0,0,0,0,0,0,0,0,0,0,0,0,0,0,0,0,0,0,0,0,0,0,0,0,0,0,0,0,0,0,0.62552,0.00291804,0.000972679,0.00291804,0.000972679,0.00291804,0.000972679,0.00291804,0.000972679
87,7841,0.80571,0.38645,0.80567,0,0,0,0,0,0,0.2642,0.00228,9e-05,0,0,0,0,0,0,0,0,0,0,0,0,0,0,0.5574,0.18187,0,0,0.45383,0.05632,0.37769,0.42742,0.92515,0.87544,0.91292,0.62526,1.04029,0.4441,0.84044,0,0,0,0,0,0,0,0,0,0,0,0,0,0,0,0,0,0,0,0,0,0,0,0,0,0,0,0,0,0,0,0.62526,0.00291612,0.000972039,0.00291612,0.000972039,0.00291612,0.000972039,0.00291612,0.000972039
88,7930.73,0.79919,0.38468,0.8067,0,0,0,0,0,0,0.26533,0.00223,9e-05,0,0,0,0,0,0,0,0,0,0,0,0,0,0,0.55572,0.18069,0,0,0.45389,0.05635,0.37898,0.42749,0.92549,0.87583,0.91316,0.62557,1.04012,0.44374,0.8404,0,0,0,0,0,0,0,0,0,0,0,0,0,0,0,0,0,0,0,0,0,0,0,0,0,0,0,0,0,0,0,0.62557,0.00291417,0.000971391,0.00291417,0.000971391,0.00291417,0.000971391,0.00291417,0.000971391
89,8022.33,0.80037,0.38611,0.80484,0,0,0,0,0,0,0.26673,0.00228,9e-05,0,0,0,0,0,0,0,0,0,0,0,0,0,0,0.55785,0.18078,0,0,0.45384,0.05641,0.37864,0.42737,0.9262,0.87532,0.9131,0.62552,1.03938,0.44337,0.84035,0,0,0,0,0,0,0,0,0,0,0,0,0,0,0,0,0,0,0,0,0,0,0,0,0,0,0,0,0,0,0,0.62552,0.00291221,0.000970736,0.00291221,0.000970736,0.00291221,0.000970736,0.00291221,0.000970736
90,8112.3,0.80148,0.3842,0.80628,0,0,0,0,0,0,0.2658,0.00224,0.00011,0,0,0,0,0,0,0,0,0,0,0,0,0,0,0.55969,0.17998,0,0,0.45379,0.05644,0.37841,0.42744,0.92685,0.87517,0.9131,0.62556,1.03915,0.44298,0.84038,0,0,0,0,0,0,0,0,0,0,0,0,0,0,0,0,0,0,0,0,0,0,0,0,0,0,0,0,0,0,0,0.62556,0.00291022,0.000970074,0.00291022,0.000970074,0.00291022,0.000970074,0.00291022,0.000970074
91,8203.2,0.79921,0.38399,0.80497,0,0,0,0,0,0,0.2621,0.00222,9e-05,0,0,0,0,0,0,0,0,0,0,0,0,0,0,0.55414,0.17952,0,0,0.45381,0.05634,0.3777,0.42743,0.92651,0.87606,0.91311,0.62537,1.0383,0.44294,0.84031,0,0,0,0,0,0,0,0,0,0,0,0,0,0,0,0,0,0,0,0,0,0,0,0,0,0,0,0,0,0,0,0.62537,0.00290821,0.000969405,0.00290821,0.000969405,0.00290821,0.000969405,0.00290821,0.000969405
92,8293.14,0.79989,0.38454,0.8057,0,0,0,0,0,0,0.26186,0.00222,9e-05,0,0,0,0,0,0,0,0,0,0,0,0,0,0,0.55335,0.18009,0,0,0.45382,0.05632,0.37764,0.42743,0.92782,0.87565,0.9139,0.62548,1.03822,0.44303,0.84024,0,0,0,0,0,0,0,0,0,0,0,0,0,0,0,0,0,0,0,0,0,0,0,0,0,0,0,0,0,0,0,0.62548,0.00290618,0.000968728,0.00290618,0.000968728,0.00290618,0.000968728,0.00290618,0.000968728
93,8383.39,0.7981,0.38259,0.80756,0,0,0,0,0,0,0.26536,0.00221,9e-05,0,0,0,0,0,0,0,0,0,0,0,0,0,0,0.55011,0.17961,0,0,0.45388,0.05631,0.3781,0.42741,0.92816,0.87485,0.91391,0.62545,1.03798,0.44273,0.84027,0,0,0,0,0,0,0,0,0,0,0,0,0,0,0,0,0,0,0,0,0,0,0,0,0,0,0,0,0,0,0,0.62545,0.00290413,0.000968045,0.00290413,0.000968045,0.00290413,0.000968045,0.00290413,0.000968045
94,8473.12,0.79813,0.38447,0.80449,0,0,0,0,0,0,0.26263,0.00221,8e-05,0,0,0,0,0,0,0,0,0,0,0,0,0,0,0.54801,0.17835,0,0,0.45372,0.05639,0.3789,0.42735,0.92726,0.87518,0.91362,0.62537,1.03784,0.44284,0.84026,0,0,0,0,0,0,0,0,0,0,0,0,0,0,0,0,0,0,0,0,0,0,0,0,0,0,0,0,0,0,0,0.62537,0.00290206,0.000967354,0.00290206,0.000967354,0.00290206,0.000967354,0.00290206,0.000967354
95,8565.22,0.79771,0.38318,0.80614,0,0,0,0,0,0,0.26723,0.00221,8e-05,0,0,0,0,0,0,0,0,0,0,0,0,0,0,0.54853,0.17766,0,0,0.45388,0.05627,0.37914,0.42742,0.92746,0.87499,0.91314,0.62571,1.03752,0.44293,0.84014,0,0,0,0,0,0,0,0,0,0,0,0,0,0,0,0,0,0,0,0,0,0,0,0,0,0,0,0,0,0,0,0.62571,0.00289997,0.000966656,0.00289997,0.000966656,0.00289997,0.000966656,0.00289997,0.000966656
96,8655.18,0.79629,0.38307,0.80635,0,0,0,0,0,0,0.26543,0.00219,9e-05,0,0,0,0,0,0,0,0,0,0,0,0,0,0,0.54533,0.17726,0,0,0.4538,0.05638,0.37832,0.4274,0.92726,0.87484,0.91283,0.62561,1.03774,0.44276,0.84007,0,0,0,0,0,0,0,0,0,0,0,0,0,0,0,0,0,0,0,0,0,0,0,0,0,0,0,0,0,0,0,0.62561,0.00289785,0.000965951,0.00289785,0.000965951,0.00289785,0.000965951,0.00289785,0.000965951
97,8746.52,0.80031,0.386,0.80458,0,0,0,0,0,0,0.26208,0.00219,8e-05,0,0,0,0,0,0,0,0,0,0,0,0,0,0,0.54878,0.17714,0,0,0.45377,0.05636,0.37791,0.42738,0.92668,0.87432,0.91245,0.62557,1.03762,0.44312,0.84,0,0,0,0,0,0,0,0,0,0,0,0,0,0,0,0,0,0,0,0,0,0,0,0,0,0,0,0,0,0,0,0.62557,0.00289572,0.000965239,0.00289572,0.000965239,0.00289572,0.000965239,0.00289572,0.000965239
98,8836.48,0.79981,0.38406,0.80504,0,0,0,0,0,0,0.26466,0.00221,8e-05,1e-05,0,0,0,0,0,0,0,0,0,0,0,0,0,0.55489,0.17594,0,0,0.45381,0.05635,0.37841,0.4274,0.92727,0.87517,0.91277,0.62559,1.03687,0.44293,0.83995,0,0,0,0,0,0,0,0,0,0,0,0,0,0,0,0,0,0,0,0,0,0,0,0,0,0,0,0,0,0,0,0.62559,0.00289356,0.00096452,0.00289356,0.00096452,0.00289356,0.00096452,0.00289356,0.00096452
99,8926.13,0.80346,0.38517,0.80453,0,0,0,0,0,0,0.25837,0.00219,8e-05,0,0,0,0,0,0,0,0,0,0,0,0,0,0,0.55073,0.17512,0,0,0.45393,0.05629,0.37852,0.42743,0.9269,0.87509,0.91266,0.62587,1.03632,0.44289,0.83981,0,0,0,0,0,0,0,0,0,0,0,0,0,0,0,0,0,0,0,0,0,0,0,0,0,0,0,0,0,0,0,0.62587,0.00289138,0.000963794,0.00289138,0.000963794,0.00289138,0.000963794,0.00289138,0.000963794
100,9014.83,0.79192,0.38246,0.80619,0,0,0,0,0,0,0.2589,0.00216,8e-05,0,0,0,0,0,0,0,0,0,0,0,0,0,0,0.55814,0.17515,0,0,0.45386,0.05635,0.37905,0.42744,0.92692,0.87583,0.91307,0.62607,1.0354,0.4428,0.83976,0,0,0,0,0,0,0,0,0,0,0,0,0,0,0,0,0,0,0,0,0,0,0,0,0,0,0,0,0,0,0,0.62607,0.00288918,0.000963061,0.00288918,0.000963061,0.00288918,0.000963061,0.00288918,0.000963061
101,9104.42,0.79636,0.38248,0.80641,0,0,0,0,0,0,0.26283,0.00217,9e-05,0,0,0,0,0,0,0,0,0,0,0,0,0,0,0.56878,0.17391,0,0,0.4538,0.05637,0.37928,0.42737,0.92839,0.87523,0.91323,0.62569,1.03477,0.4427,0.83978,0,0,0,0,0,0,0,0,0,0,0,0,0,0,0,0,0,0,0,0,0,0,0,0,0,0,0,0,0,0,0,0.62569,0.00288696,0.00096232,0.00288696,0.00096232,0.00288696,0.00096232,0.00288696,0.00096232
102,9194.42,0.79703,0.38402,0.80496,0,0,0,0,0,0,0.25556,0.00212,8e-05,0,0,0,0,0,0,0,0,0,0,0,0,0,0,0.56518,0.17403,0,0,0.45379,0.0563,0.37905,0.42741,0.92884,0.87484,0.91313,0.62622,1.03406,0.4424,0.83973,0,0,0,0,0,0,0,0,0,0,0,0,0,0,0,0,0,0,0,0,0,0,0,0,0,0,0,0,0,0,0,0.62622,0.00288472,0.000961573,0.00288472,0.000961573,0.00288472,0.000961573,0.00288472,0.000961573
103,9285.85,0.79721,0.38151,0.80324,0,0,0,0,0,0,0.25772,0.00213,8e-05,0,0,0,0,0,0,0,0,0,0,0,0,0,0,0.55841,0.17335,0,0,0.45385,0.05629,0.37885,0.42743,0.92936,0.87465,0.91314,0.62595,1.03401,0.4425,0.83971,0,0,0,0,0,0,0,0,0,0,0,0,0,0,0,0,0,0,0,0,0,0,0,0,0,0,0,0,0,0,0,0.62595,0.00288246,0.000960819,0.00288246,0.000960819,0.00288246,0.000960819,0.00288246,0.000960819
104,9376.67,0.79544,0.38197,0.80646,0,0,0,0,0,0,0.25721,0.00217,8e-05,0,0,0,0,0,0,0,0,0,0,0,0,0,0,0.55779,0.17296,0,0,0.45397,0.05625,0.37863,0.42746,0.92869,0.87486,0.91284,0.62615,1.03387,0.44264,0.83964,0,0,0,0,0,0,0,0,0,0,0,0,0,0,0,0,0,0,0,0,0,0,0,0,0,0,0,0,0,0,0,0.62615,0.00288017,0.000960057,0.00288017,0.000960057,0.00288017,0.000960057,0.00288017,0.000960057
105,9467.09,0.79934,0.38424,0.80546,0,0,0,0,0,0,0.25906,0.00214,8e-05,0,0,0,0,0,0,0,0,0,0,0,0,0,0,0.55971,0.17277,0,0,0.45379,0.05637,0.37872,0.42736,0.92838,0.87406,0.9127,0.62582,1.03431,0.44266,0.83965,0,0,0,0,0,0,0,0,0,0,0,0,0,0,0,0,0,0,0,0,0,0,0,0,0,0,0,0,0,0,0,0.62582,0.00287787,0.000959289,0.00287787,0.000959289,0.00287787,0.000959289,0.00287787,0.000959289
106,9556.72,0.79685,0.3835,0.8049,0,0,0,0,0,0,0.25555,0.00211,8e-05,0,0,0,0,0,0,0,0,0,0,0,0,0,0,0.55041,0.17201,0,0,0.45383,0.05634,0.3787,0.42739,0.9289,0.87428,0.91251,0.62525,1.03433,0.44258,0.83968,0,0,0,0,0,0,0,0,0,0,0,0,0,0,0,0,0,0,0,0,0,0,0,0,0,0,0,0,0,0,0,0.62525,0.00287554,0.000958513,0.00287554,0.000958513,0.00287554,0.000958513,0.00287554,0.000958513
107,9647.22,0.79295,0.38208,0.80434,0,0,0,0,0,0,0.25733,0.00208,8e-05,0,0,0,0,0,0,0,0,0,0,0,0,0,0,0.55518,0.17077,0,0,0.4537,0.05638,0.37863,0.42726,0.92942,0.87517,0.91338,0.62549,1.03435,0.4425,0.83966,0,0,0,0,0,0,0,0,0,0,0,0,0,0,0,0,0,0,0,0,0,0,0,0,0,0,0,0,0,0,0,0.62549,0.00287319,0.000957731,0.00287319,0.000957731,0.00287319,0.000957731,0.00287319,0.000957731
108,9737.96,0.79355,0.37967,0.80583,0,0,0,0,0,0,0.25435,0.00211,8e-05,0,0,0,0,0,0,0,0,0,0,0,0,0,0,0.56161,0.17061,0,0,0.45385,0.05641,0.37825,0.42751,0.92885,0.87494,0.91306,0.62565,1.03435,0.44285,0.83962,0,0,0,0,0,0,0,0,0,0,0,0,0,0,0,0,0,0,0,0,0,0,0,0,0,0,0,0,0,0,0,0.62565,0.00287082,0.000956941,0.00287082,0.000956941,0.00287082,0.000956941,0.00287082,0.000956941
109,9828.35,0.79705,0.38283,0.80573,0,0,0,0,0,0,0.25661,0.0021,8e-05,0,0,0,0,0,0,0,0,0,0,0,0,0,0,0.55959,0.17185,0,0,0.45387,0.05627,0.37871,0.4274,0.92795,0.87595,0.91329,0.62579,1.03385,0.44268,0.83959,0,0,0,0,0,0,0,0,0,0,0,0,0,0,0,0,0,0,0,0,0,0,0,0,0,0,0,0,0,0,0,0.62579,0.00286843,0.000956145,0.00286843,0.000956145,0.00286843,0.000956145,0.00286843,0.000956145
110,9919.07,0.79319,0.38155,0.80419,0,0,0,0,0,0,0.25563,0.00207,8e-05,0,0,0,0,0,0,0,0,0,0,0,0,0,0,0.56376,0.17138,0,0,0.45375,0.05643,0.37846,0.4274,0.92883,0.87485,0.91325,0.62591,1.03373,0.44255,0.83959,0,0,0,0,0,0,0,0,0,0,0,0,0,0,0,0,0,0,0,0,0,0,0,0,0,0,0,0,0,0,0,0.62591,0.00286602,0.000955341,0.00286602,0.000955341,0.00286602,0.000955341,0.00286602,0.000955341
111,10010.2,0.79859,0.38296,0.80552,0,0,0,0,0,0,0.25746,0.00208,8e-05,0,0,0,0,0,0,0,0,0,0,0,0,0,0,0.56817,0.17232,0,0,0.4538,0.05639,0.37825,0.42745,0.92806,0.8745,0.91277,0.62585,1.03397,0.44252,0.8396,0,0,0,0,0,0,0,0,0,0,0,0,0,0,0,0,0,0,0,0,0,0,0,0,0,0,0,0,0,0,0,0.62585,0.00286359,0.000954531,0.00286359,0.000954531,0.00286359,0.000954531,0.00286359,0.000954531
112,10102.1,0.7925,0.38217,0.80498,0,0,0,0,0,0,0.25576,0.00209,8e-05,0,0,0,0,0,0,0,0,0,0,0,0,0,0,0.56038,0.1716,0,0,0.45378,0.05636,0.37788,0.42736,0.92809,0.87465,0.9129,0.62604,1.03372,0.44211,0.83959,0,0,0,0,0,0,0,0,0,0,0,0,0,0,0,0,0,0,0,0,0,0,0,0,0,0,0,0,0,0,0,0.62604,0.00286114,0.000953714,0.00286114,0.000953714,0.00286114,0.000953714,0.00286114,0.000953714
113,10191.6,0.79001,0.38062,0.80505,0,0,0,0,0,0,0.25549,0.00211,8e-05,0,0,0,0,0,0,0,0,0,0,0,0,0,0,0.55544,0.17143,0,0,0.45389,0.05638,0.3785,0.42748,0.92806,0.87415,0.91293,0.62581,1.03375,0.44225,0.83951,0,0,0,0,0,0,0,0,0,0,0,0,0,0,0,0,0,0,0,0,0,0,0,0,0,0,0,0,0,0,0,0.62581,0.00285867,0.000952889,0.00285867,0.000952889,0.00285867,0.000952889,0.00285867,0.000952889
114,10281.2,0.79563,0.38264,0.80437,0,0,0,0,0,0,0.25547,0.00211,8e-05,4e-05,0,0,0,0,0,0,0,0,0,0,0,0,0,0.56162,0.17198,0,0,0.45382,0.05642,0.37863,0.4274,0.93037,0.8744,0.91417,0.62612,1.03306,0.4424,0.83943,0,0,0,0,0,0,0,0,0,0,0,0,0,0,0,0,0,0,0,0,0,0,0,0,0,0,0,0,0,0,0,0.62612,0.00285617,0.000952058,0.00285617,0.000952058,0.00285617,0.000952058,0.00285617,0.000952058
115,10372.5,0.79681,0.38411,0.80504,0,0,0,0,0,0,0.25698,0.00211,8e-05,0,0,0,0,0,0,0,0,0,0,0,0,0,0,0.56707,0.17043,0,0,0.4539,0.05635,0.37885,0.42742,0.9299,0.87401,0.9138,0.62607,1.03299,0.44191,0.83937,0,0,0,0,0,0,0,0,0,0,0,0,0,0,0,0,0,0,0,0,0,0,0,0,0,0,0,0,0,0,0,0.62607,0.00285366,0.00095122,0.00285366,0.00095122,0.00285366,0.00095122,0.00285366,0.00095122
116,10462.2,0.79259,0.38187,0.80591,0,0,0,0,0,0,0.25534,0.00207,8e-05,0,0,0,0,0,0,0,0,0,0,0,0,0,0,0.5691,0.16763,0,0,0.45387,0.05634,0.37893,0.4275,0.92963,0.87381,0.91371,0.62635,1.03304,0.44227,0.83938,0,0,0,0,0,0,0,0,0,0,0,0,0,0,0,0,0,0,0,0,0,0,0,0,0,0,0,0,0,0,0,0.62635,0.00285113,0.000950375,0.00285113,0.000950375,0.00285113,0.000950375,0.00285113,0.000950375
117,10552.5,0.7952,0.38133,0.80568,0,0,0,0,0,0,0.25622,0.00207,8e-05,0,0,0,0,0,0,0,0,0,0,0,0,0,0,0.56794,0.16691,0,0,0.45385,0.05637,0.37941,0.42746,0.9292,0.87373,0.91387,0.62634,1.03322,0.44202,0.83937,0,0,0,0,0,0,0,0,0,0,0,0,0,0,0,0,0,0,0,0,0,0,0,0,0,0,0,0,0,0,0,0.62634,0.00284857,0.000949524,0.00284857,0.000949524,0.00284857,0.000949524,0.00284857,0.000949524
118,10643.4,0.79619,0.38329,0.80516,0,0,0,0,0,0,0.25148,0.00207,8e-05,0,0,0,0,0,0,0,0,0,0,0,0,0,0,0.57009,0.16722,0,0,0.45391,0.05635,0.37921,0.42755,0.92965,0.87381,0.91375,0.62654,1.03304,0.44176,0.83938,0,0,0,0,0,0,0,0,0,0,0,0,0,0,0,0,0,0,0,0,0,0,0,0,0,0,0,0,0,0,0,0.62654,0.002846,0.000948665,0.002846,0.000948665,0.002846,0.000948665,0.002846,0.000948665
119,10734.6,0.79178,0.38046,0.80556,0,0,0,0,0,0,0.25955,0.00206,8e-05,0,0,0,0,0,0,0,0,0,0,0,0,0,0,0.56587,0.16647,0,0,0.4538,0.05635,0.37961,0.42739,0.92931,0.87337,0.91306,0.6262,1.03308,0.44164,0.83937,0,0,0,0,0,0,0,0,0,0,0,0,0,0,0,0,0,0,0,0,0,0,0,0,0,0,0,0,0,0,0,0.6262,0.0028434,0.0009478,0.0028434,0.0009478,0.0028434,0.0009478,0.0028434,0.0009478
120,10823.6,0.79667,0.383,0.80447,0,0,0,0,0,0,0.25282,0.00207,8e-05,0,0,0,0,0,0,0,0,0,0,0,0,0,0,0.56473,0.1667,0,0,0.45382,0.05637,0.37811,0.42745,0.92878,0.87331,0.9132,0.62647,1.03256,0.44129,0.83941,0,0,0,0,0,0,0,0,0,0,0,0,0,0,0,0,0,0,0,0,0,0,0,0,0,0,0,0,0,0,0,0.62647,0.00284078,0.000946927,0.00284078,0.000946927,0.00284078,0.000946927,0.00284078,0.000946927
121,10913.3,0.79428,0.38229,0.80481,0,0,0,0,0,0,0.25594,0.00207,8e-05,0,0,0,0,0,0,0,0,0,0,0,0,0,0,0.56791,0.16769,0,0,0.45381,0.05637,0.37874,0.42735,0.92892,0.87303,0.91319,0.62654,1.0325,0.44142,0.83936,0,0,0,0,0,0,0,0,0,0,0,0,0,0,0,0,0,0,0,0,0,0,0,0,0,0,0,0,0,0,0,0.62654,0.00283814,0.000946048,0.00283814,0.000946048,0.00283814,0.000946048,0.00283814,0.000946048
122,11003.8,0.78885,0.3793,0.80563,0,0,0,0,0,0,0.2532,0.00206,7e-05,0,0,0,0,0,0,0,0,0,0,0,0,0,0,0.5627,0.16587,0,0,0.45399,0.05631,0.37867,0.42754,0.93118,0.8722,0.91355,0.62694,1.03171,0.4415,0.83933,0,0,0,0,0,0,0,0,0,0,0,0,0,0,0,0,0,0,0,0,0,0,0,0,0,0,0,0,0,0,0,0.62694,0.00283549,0.000945162,0.00283549,0.000945162,0.00283549,0.000945162,0.00283549,0.000945162
123,11093.6,0.78997,0.38219,0.80479,0,0,0,0,0,0,0.25504,0.00206,7e-05,0,0,0,0,0,0,0,0,0,0,0,0,0,0,0.57052,0.16693,0,0,0.4539,0.05633,0.37855,0.4274,0.92891,0.87444,0.91362,0.62648,1.03163,0.44124,0.83928,0,0,0,0,0,0,0,0,0,0,0,0,0,0,0,0,0,0,0,0,0,0,0,0,0,0,0,0,0,0,0,0.62648,0.00283281,0.00094427,0.00283281,0.00094427,0.00283281,0.00094427,0.00283281,0.00094427
124,11183.5,0.79915,0.38072,0.80108,0,0,0,0,0,0,0.25292,0.00205,7e-05,2e-05,0,0,0,0,0,0,0,0,0,0,0,0,0,0.56653,0.1658,0,0,0.45379,0.05638,0.37917,0.42741,0.92775,0.87453,0.91309,0.62711,1.03104,0.44128,0.83923,0,0,0,0,0,0,0,0,0,0,0,0,0,0,0,0,0,0,0,0,0,0,0,0,0,0,0,0,0,0,0,0.62711,0.00283011,0.00094337,0.00283011,0.00094337,0.00283011,0.00094337,0.00283011,0.00094337
125,11273.3,0.79247,0.3812,0.80442,0,0,0,0,0,0,0.25278,0.00204,8e-05,0,0,0,0,0,0,0,0,0,0,0,0,0,0,0.56905,0.16561,0,0,0.45393,0.05632,0.37932,0.42757,0.92914,0.87268,0.9133,0.62745,1.02972,0.4408,0.83894,0,0,0,0,0,0,0,0,0,0,0,0,0,0,0,0,0,0,0,0,0,0,0,0,0,0,0,0,0,0,0,0.62745,0.00282739,0.000942464,0.00282739,0.000942464,0.00282739,0.000942464,0.00282739,0.000942464
126,11363.1,0.79382,0.37999,0.80551,0,0,0,0,0,0,0.24892,0.00204,9e-05,0,0,0,0,0,0,0,0,0,0,0,0,0,0,0.55954,0.16502,0,0,0.45384,0.05637,0.37856,0.42731,0.92853,0.87283,0.91343,0.62777,1.02965,0.44018,0.8389,0,0,0,0,0,0,0,0,0,0,0,0,0,0,0,0,0,0,0,0,0,0,0,0,0,0,0,0,0,0,0,0.62777,0.00282465,0.000941551,0.00282465,0.000941551,0.00282465,0.000941551,0.00282465,0.000941551
127,11451.7,0.79428,0.38197,0.80372,0,0,0,0,0,0,0.25352,0.00205,8e-05,0,0,0,0,0,0,0,0,0,0,0,0,0,0,0.56204,0.16506,0,0,0.45384,0.05631,0.37853,0.42738,0.92258,0.87796,0.91366,0.62804,1.02932,0.44035,0.83885,0,0,0,0,0,0,0,0,0,0,0,0,0,0,0,0,0,0,0,0,0,0,0,0,0,0,0,0,0,0,0,0.62804,0.00282189,0.000940631,0.00282189,0.000940631,0.00282189,0.000940631,0.00282189,0.000940631
128,11542.1,0.79744,0.38092,0.8047,0,0,0,0,0,0,0.24983,0.00202,8e-05,0,0,0,0,0,0,0,0,0,0,0,0,0,0,0.56,0.16405,0,0,0.45378,0.05634,0.3789,0.42739,0.92307,0.87842,0.91388,0.62825,1.02896,0.44031,0.83883,0,0,0,0,0,0,0,0,0,0,0,0,0,0,0,0,0,0,0,0,0,0,0,0,0,0,0,0,0,0,0,0.62825,0.00281911,0.000939705,0.00281911,0.000939705,0.00281911,0.000939705,0.00281911,0.000939705
129,11632.3,0.79191,0.38279,0.80259,0,0,0,0,0,0,0.24793,0.00203,7e-05,2e-05,0,0,0,0,0,0,0,0,0,0,0,0,0,0.5579,0.16348,0,0,0.45381,0.05629,0.37893,0.42736,0.92207,0.87817,0.91319,0.62849,1.02852,0.44022,0.83878,0,0,0,0,0,0,0,0,0,0,0,0,0,0,0,0,0,0,0,0,0,0,0,0,0,0,0,0,0,0,0,0.62849,0.00281632,0.000938772,0.00281632,0.000938772,0.00281632,0.000938772,0.00281632,0.000938772
130,11722.4,0.79438,0.38196,0.80596,0,0,0,0,0,0,0.24894,0.00203,7e-05,0,0,0,0,0,0,0,0,0,0,0,0,0,0,0.56221,0.16328,0,0,0.45381,0.05644,0.37866,0.42742,0.92294,0.87823,0.91379,0.62845,1.0285,0.44025,0.83877,0,0,0,0,0,0,0,0,0,0,0,0,0,0,0,0,0,0,0,0,0,0,0,0,0,0,0,0,0,0,0,0.62845,0.0028135,0.000937832,0.0028135,0.000937832,0.0028135,0.000937832,0.0028135,0.000937832
131,11812.6,0.79377,0.38059,0.80472,0,0,0,0,0,0,0.25013,0.00203,0.0001,0,0,0,0,0,0,0,0,0,0,0,0,0,0,0.56562,0.16299,0,0,0.45384,0.05633,0.37799,0.42734,0.92279,0.87817,0.91359,0.62827,1.02899,0.44003,0.83899,0,0,0,0,0,0,0,0,0,0,0,0,0,0,0,0,0,0,0,0,0,0,0,0,0,0,0,0,0,0,0,0.62827,0.00281066,0.000936886,0.00281066,0.000936886,0.00281066,0.000936886,0.00281066,0.000936886
132,11902.4,0.78979,0.38199,0.80508,0,0,0,0,0,0,0.24601,0.00204,7e-05,0,0,0,0,0,0,0,0,0,0,0,0,0,0,0.55592,0.16324,0,0,0.45386,0.05637,0.37859,0.42746,0.92304,0.87758,0.9132,0.6281,1.02895,0.44032,0.83901,0,0,0,0,0,0,0,0,0,0,0,0,0,0,0,0,0,0,0,0,0,0,0,0,0,0,0,0,0,0,0,0.6281,0.0028078,0.000935932,0.0028078,0.000935932,0.0028078,0.000935932,0.0028078,0.000935932
133,11992.4,0.78566,0.38068,0.80415,0,0,0,0,0,0,0.24761,0.00201,7e-05,0,0,0,0,0,0,0,0,0,0,0,0,0,0,0.55689,0.16223,0,0,0.45387,0.0563,0.37827,0.4274,0.92299,0.87842,0.91346,0.62826,1.02904,0.43989,0.83904,0,0,0,0,0,0,0,0,0,0,0,0,0,0,0,0,0,0,0,0,0,0,0,0,0,0,0,0,0,0,0,0.62826,0.00280492,0.000934973,0.00280492,0.000934973,0.00280492,0.000934973,0.00280492,0.000934973
134,12081.9,0.7887,0.38075,0.80582,0,0,0,0,0,0,0.24706,0.00201,7e-05,0,0,0,0,0,0,0,0,0,0,0,0,0,0,0.56542,0.16313,0,0,0.4539,0.05635,0.37834,0.42738,0.92312,0.87875,0.91358,0.62791,1.02948,0.44014,0.83902,0,0,0,0,0,0,0,0,0,0,0,0,0,0,0,0,0,0,0,0,0,0,0,0,0,0,0,0,0,0,0,0.62791,0.00280202,0.000934006,0.00280202,0.000934006,0.00280202,0.000934006,0.00280202,0.000934006
135,12172.4,0.79321,0.38078,0.80639,0,0,0,0,0,0,0.24843,0.002,7e-05,0,0,0,0,0,0,0,0,0,0,0,0,0,0,0.56992,0.16343,0,0,0.4539,0.05625,0.37862,0.42745,0.9229,0.87904,0.91372,0.62794,1.02933,0.43981,0.83896,0,0,0,0,0,0,0,0,0,0,0,0,0,0,0,0,0,0,0,0,0,0,0,0,0,0,0,0,0,0,0,0.62794,0.0027991,0.000933033,0.0027991,0.000933033,0.0027991,0.000933033,0.0027991,0.000933033
136,12262.6,0.78893,0.38106,0.80412,0,0,0,0,0,0,0.24685,0.00199,7e-05,0,0,0,0,0,0,0,0,0,0,0,0,0,0,0.56572,0.16239,0,0,0.4539,0.05635,0.37852,0.42749,0.92344,0.87804,0.91349,0.62805,1.02952,0.43964,0.83894,0,0,0,0,0,0,0,0,0,0,0,0,0,0,0,0,0,0,0,0,0,0,0,0,0,0,0,0,0,0,0,0.62805,0.00279616,0.000932054,0.00279616,0.000932054,0.00279616,0.000932054,0.00279616,0.000932054
137,12352.3,0.79091,0.38,0.80226,0,0,0,0,0,0,0.24783,0.002,7e-05,0,0,0,0,0,0,0,0,0,0,0,0,0,0,0.57079,0.16286,0,0,0.45379,0.05639,0.37841,0.42738,0.92282,0.87957,0.91404,0.62804,1.02925,0.43967,0.83894,0,0,0,0,0,0,0,0,0,0,0,0,0,0,0,0,0,0,0,0,0,0,0,0,0,0,0,0,0,0,0,0.62804,0.0027932,0.000931067,0.0027932,0.000931067,0.0027932,0.000931067,0.0027932,0.000931067
138,12441.9,0.79128,0.38054,0.80561,0,0,0,0,0,0,0.24857,0.00199,7e-05,0,0,0,0,0,0,0,0,0,0,0,0,0,0,0.56619,0.16288,0,0,0.45392,0.05634,0.37903,0.42749,0.92375,0.87947,0.91418,0.62815,1.02907,0.43953,0.83917,0,0,0,0,0,0,0,0,0,0,0,0,0,0,0,0,0,0,0,0,0,0,0,0,0,0,0,0,0,0,0,0.62815,0.00279022,0.000930075,0.00279022,0.000930075,0.00279022,0.000930075,0.00279022,0.000930075
139,12531.4,0.78982,0.38008,0.80377,0,0,0,0,0,0,0.2516,0.00202,7e-05,0,0,0,0,0,0,0,0,0,0,0,0,0,0,0.56017,0.16306,0,0,0.45389,0.05637,0.37893,0.42752,0.92486,0.8789,0.91452,0.62782,1.02858,0.43987,0.83862,0,0,0,0,0,0,0,0,0,0,0,0,0,0,0,0,0,0,0,0,0,0,0,0,0,0,0,0,0,0,0,0.62782,0.00278723,0.000929075,0.00278723,0.000929075,0.00278723,0.000929075,0.00278723,0.000929075
140,12621.1,0.79227,0.38037,0.80521,0,0,0,0,0,0,0.24519,0.00202,7e-05,2e-05,0,0,0,0,0,0,0,0,0,0,0,0,0,0.55978,0.16248,0,0,0.45387,0.05638,0.37837,0.42748,0.92478,0.87908,0.91488,0.62808,1.0285,0.44004,0.83843,0,0,0,0,0,0,0,0,0,0,0,0,0,0,0,0,0,0,0,0,0,0,0,0,0,0,0,0,0,0,0,0.62808,0.00278421,0.000928069,0.00278421,0.000928069,0.00278421,0.000928069,0.00278421,0.000928069
141,12711.2,0.78974,0.38095,0.80421,0,0,0,0,0,0,0.24203,0.00199,8e-05,0,0,0,0,0,0,0,0,0,0,0,0,0,0,0.5734,0.16131,0,0,0.45388,0.05634,0.37816,0.4275,0.92494,0.87949,0.91548,0.62835,1.02849,0.44013,0.8383,0,0,0,0,0,0,0,0,0,0,0,0,0,0,0,0,0,0,0,0,0,0,0,0,0,0,0,0,0,0,0,0.62835,0.00278117,0.000927057,0.00278117,0.000927057,0.00278117,0.000927057,0.00278117,0.000927057
142,12801.3,0.79017,0.37907,0.8052,0,0,0,0,0,0,0.24501,0.00198,7e-05,0,0,0,0,0,0,0,0,0,0,0,0,0,0,0.57793,0.16065,0,0,0.45376,0.05635,0.37771,0.42737,0.9245,0.88013,0.91539,0.62823,1.02851,0.44013,0.83839,0,0,0,0,0,0,0,0,0,0,0,0,0,0,0,0,0,0,0,0,0,0,0,0,0,0,0,0,0,0,0,0.62823,0.00277811,0.000926038,0.00277811,0.000926038,0.00277811,0.000926038,0.00277811,0.000926038
143,12891.3,0.79146,0.37999,0.80338,0,0,0,0,0,0,0.2452,0.00202,7e-05,0,0,0,0,0,0,0,0,0,0,0,0,0,0,0.57324,0.16092,0,0,0.45393,0.0564,0.37808,0.42753,0.92455,0.87946,0.91484,0.62816,1.02857,0.43987,0.83834,0,0,0,0,0,0,0,0,0,0,0,0,0,0,0,0,0,0,0,0,0,0,0,0,0,0,0,0,0,0,0,0.62816,0.00277504,0.000925013,0.00277504,0.000925013,0.00277504,0.000925013,0.00277504,0.000925013
144,12980.9,0.78893,0.38104,0.8061,0,0,0,0,0,0,0.24133,0.00197,7e-05,0,0,0,0,0,0,0,0,0,0,0,0,0,0,0.57449,0.16056,0,0,0.45381,0.0563,0.37768,0.42733,0.92498,0.87937,0.91486,0.62848,1.02918,0.44004,0.83836,0,0,0,0,0,0,0,0,0,0,0,0,0,0,0,0,0,0,0,0,0,0,0,0,0,0,0,0,0,0,0,0.62848,0.00277194,0.000923981,0.00277194,0.000923981,0.00277194,0.000923981,0.00277194,0.000923981
145,13069.9,0.79114,0.37978,0.80323,0,0,0,0,0,0,0.24383,0.00196,8e-05,0,0,0,0,0,0,0,0,0,0,0,0,0,0,0.58107,0.16065,0,0,0.45383,0.05632,0.37774,0.42746,0.92516,0.8791,0.91493,0.62823,1.02894,0.43997,0.83833,0,0,0,0,0,0,0,0,0,0,0,0,0,0,0,0,0,0,0,0,0,0,0,0,0,0,0,0,0,0,0,0.62823,0.00276883,0.000922942,0.00276883,0.000922942,0.00276883,0.000922942,0.00276883,0.000922942
146,13160.1,0.78697,0.37885,0.80579,0,0,0,0,0,0,0.24376,0.00197,7e-05,0,0,0,0,0,0,0,0,0,0,0,0,0,0,0.57504,0.16055,0,0,0.4539,0.05633,0.37815,0.42743,0.92662,0.87956,0.91531,0.62854,1.02918,0.44022,0.83853,0,0,0,0,0,0,0,0,0,0,0,0,0,0,0,0,0,0,0,0,0,0,0,0,0,0,0,0,0,0,0,0.62854,0.00276569,0.000921898,0.00276569,0.000921898,0.00276569,0.000921898,0.00276569,0.000921898
147,13248.9,0.7916,0.37876,0.80425,0,0,0,0,0,0,0.24525,0.00197,7e-05,0,0,0,0,0,0,0,0,0,0,0,0,0,0,0.5674,0.15976,0,0,0.45381,0.05634,0.3782,0.42738,0.92696,0.87923,0.9154,0.62832,1.02909,0.44019,0.8385,0,0,0,0,0,0,0,0,0,0,0,0,0,0,0,0,0,0,0,0,0,0,0,0,0,0,0,0,0,0,0,0.62832,0.00276254,0.000920846,0.00276254,0.000920846,0.00276254,0.000920846,0.00276254,0.000920846
148,13338.2,0.78608,0.37843,0.80607,0,0,0,0,0,0,0.24503,0.002,8e-05,0,0,0,0,0,0,0,0,0,0,0,0,0,0,0.57972,0.16029,0,0,0.45384,0.05638,0.37819,0.42742,0.92726,0.87894,0.91532,0.62843,1.02817,0.43973,0.83844,0,0,0,0,0,0,0,0,0,0,0,0,0,0,0,0,0,0,0,0,0,0,0,0,0,0,0,0,0,0,0,0.62843,0.00275937,0.000919789,0.00275937,0.000919789,0.00275937,0.000919789,0.00275937,0.000919789
149,13428.6,0.78978,0.38092,0.80542,0,0,0,0,0,0,0.2427,0.00195,7e-05,0,0,0,0,0,0,0,0,0,0,0,0,0,0,0.57988,0.15955,0,0,0.45381,0.05642,0.37678,0.42741,0.92693,0.87902,0.91507,0.62819,1.02865,0.44007,0.83848,0,0,0,0,0,0,0,0,0,0,0,0,0,0,0,0,0,0,0,0,0,0,0,0,0,0,0,0,0,0,0,0.62819,0.00275617,0.000918725,0.00275617,0.000918725,0.00275617,0.000918725,0.00275617,0.000918725
150,13519.9,0.78374,0.37732,0.80554,0,0,0,0,0,0,0.24148,0.00193,7e-05,0,0,0,0,0,0,0,0,0,0,0,0,0,0,0.57604,0.15989,0,0,0.45377,0.05641,0.37792,0.42743,0.92715,0.87849,0.91521,0.62822,1.02897,0.43995,0.83859,0,0,0,0,0,0,0,0,0,0,0,0,0,0,0,0,0,0,0,0,0,0,0,0,0,0,0,0,0,0,0,0.62822,0.00275296,0.000917654,0.00275296,0.000917654,0.00275296,0.000917654,0.00275296,0.000917654
151,13610.9,0.78806,0.37906,0.80313,0,0,0,0,0,0,0.24709,0.00197,7e-05,0,0,0,0,0,0,0,0,0,0,0,0,0,0,0.57862,0.15943,0,0,0.45385,0.05637,0.37807,0.42743,0.92807,0.87855,0.91569,0.62886,1.02862,0.43998,0.83855,0,0,0,0,0,0,0,0,0,0,0,0,0,0,0,0,0,0,0,0,0,0,0,0,0,0,0,0,0,0,0,0.62886,0.00274973,0.000916577,0.00274973,0.000916577,0.00274973,0.000916577,0.00274973,0.000916577
152,13700.5,0.78817,0.37894,0.80264,0,0,0,0,0,0,0.24087,0.00195,7e-05,0,0,0,0,0,0,0,0,0,0,0,0,0,0,0.57778,0.15817,0,0,0.45381,0.05638,0.37814,0.42743,0.92794,0.8775,0.91486,0.62858,1.02815,0.44,0.83841,0,0,0,0,0,0,0,0,0,0,0,0,0,0,0,0,0,0,0,0,0,0,0,0,0,0,0,0,0,0,0,0.62858,0.00274648,0.000915494,0.00274648,0.000915494,0.00274648,0.000915494,0.00274648,0.000915494
153,13791.6,0.78706,0.3783,0.80333,0,0,0,0,0,0,0.24316,0.00195,7e-05,3e-05,0,0,0,0,0,0,0,0,0,0,0,0,0,0.57377,0.15902,0,0,0.45376,0.05636,0.37856,0.42738,0.92817,0.87751,0.91522,0.62913,1.02717,0.43943,0.83835,0,0,0,0,0,0,0,0,0,0,0,0,0,0,0,0,0,0,0,0,0,0,0,0,0,0,0,0,0,0,0,0.62913,0.00274321,0.000914405,0.00274321,0.000914405,0.00274321,0.000914405,0.00274321,0.000914405
154,13881.4,0.78637,0.37737,0.80375,0,0,0,0,0,0,0.24043,0.00197,7e-05,0,0,0,0,0,0,0,0,0,0,0,0,0,0,0.58226,0.1579,0,0,0.45377,0.05637,0.37809,0.42738,0.92939,0.87748,0.91517,0.62938,1.02698,0.43962,0.83829,0,0,0,0,0,0,0,0,0,0,0,0,0,0,0,0,0,0,0,0,0,0,0,0,0,0,0,0,0,0,0,0.62938,0.00273993,0.000913309,0.00273993,0.000913309,0.00273993,0.000913309,0.00273993,0.000913309
155,13971.2,0.79532,0.38056,0.80472,0,0,0,0,0,0,0.2417,0.00195,7e-05,0,0,0,0,0,0,0,0,0,0,0,0,0,0,0.58777,0.15802,0,0,0.45377,0.05646,0.37769,0.42746,0.92864,0.87682,0.9151,0.62921,1.02699,0.43963,0.83827,0,0,0,0,0,0,0,0,0,0,0,0,0,0,0,0,0,0,0,0,0,0,0,0,0,0,0,0,0,0,0,0.62921,0.00273662,0.000912207,0.00273662,0.000912207,0.00273662,0.000912207,0.00273662,0.000912207
156,14061.2,0.78572,0.37905,0.80413,0,0,0,0,0,0,0.24449,0.00193,7e-05,0,0,0,0,0,0,0,0,0,0,0,0,0,0,0.58336,0.15777,0,0,0.45386,0.05627,0.37835,0.42741,0.92708,0.87702,0.91478,0.62896,1.02669,0.43923,0.83823,0,0,0,0,0,0,0,0,0,0,0,0,0,0,0,0,0,0,0,0,0,0,0,0,0,0,0,0,0,0,0,0.62896,0.0027333,0.000911099,0.0027333,0.000911099,0.0027333,0.000911099,0.0027333,0.000911099
157,14151.8,0.78208,0.37757,0.80597,0,0,0,0,0,0,0.23769,0.00194,8e-05,0,0,0,0,0,0,0,0,0,0,0,0,0,0,0.57372,0.15744,0,0,0.45391,0.0564,0.37845,0.42754,0.92647,0.87696,0.91377,0.6291,1.02601,0.43956,0.83814,0,0,0,0,0,0,0,0,0,0,0,0,0,0,0,0,0,0,0,0,0,0,0,0,0,0,0,0,0,0,0,0.6291,0.00272995,0.000909984,0.00272995,0.000909984,0.00272995,0.000909984,0.00272995,0.000909984
158,14241.8,0.78678,0.37816,0.80525,0,0,0,0,0,0,0.23832,0.00193,7e-05,0,0,0,0,0,0,0,0,0,0,0,0,0,0,0.57471,0.15732,0,0,0.45383,0.05638,0.37863,0.42738,0.92696,0.87682,0.91389,0.62902,1.02555,0.4396,0.83813,0,0,0,0,0,0,0,0,0,0,0,0,0,0,0,0,0,0,0,0,0,0,0,0,0,0,0,0,0,0,0,0.62902,0.00272659,0.000908863,0.00272659,0.000908863,0.00272659,0.000908863,0.00272659,0.000908863
159,14333,0.78648,0.37942,0.80427,0,0,0,0,0,0,0.23848,0.00193,7e-05,0,0,0,0,0,0,0,0,0,0,0,0,0,0,0.58029,0.15777,0,0,0.45377,0.05645,0.37796,0.42744,0.92678,0.87669,0.91398,0.62892,1.0256,0.43951,0.83813,0,0,0,0,0,0,0,0,0,0,0,0,0,0,0,0,0,0,0,0,0,0,0,0,0,0,0,0,0,0,0,0.62892,0.00272321,0.000907736,0.00272321,0.000907736,0.00272321,0.000907736,0.00272321,0.000907736
160,14423.7,0.7913,0.37807,0.80367,0,0,0,0,0,0,0.24173,0.00192,7e-05,1e-05,0,0,0,0,0,0,0,0,0,0,0,0,0,0.58244,0.15786,0,0,0.45385,0.05636,0.37829,0.42754,0.92719,0.8772,0.91465,0.62903,1.02562,0.43921,0.83809,0,0,0,0,0,0,0,0,0,0,0,0,0,0,0,0,0,0,0,0,0,0,0,0,0,0,0,0,0,0,0,0.62903,0.00271981,0.000906603,0.00271981,0.000906603,0.00271981,0.000906603,0.00271981,0.000906603
161,14514.2,0.7864,0.37787,0.8041,0,0,0,0,0,0,0.24215,0.00195,7e-05,0,0,0,0,0,0,0,0,0,0,0,0,0,0,0.58655,0.15635,0,0,0.45387,0.05635,0.37823,0.42745,0.92722,0.87616,0.91401,0.6293,1.02501,0.43887,0.83809,0,0,0,0,0,0,0,0,0,0,0,0,0,0,0,0,0,0,0,0,0,0,0,0,0,0,0,0,0,0,0,0.6293,0.00271639,0.000905463,0.00271639,0.000905463,0.00271639,0.000905463,0.00271639,0.000905463
162,14604.1,0.78731,0.37946,0.80455,0,0,0,0,0,0,0.23934,0.00194,7e-05,0,0,0,0,0,0,0,0,0,0,0,0,0,0,0.58599,0.15706,0,0,0.45373,0.05634,0.37788,0.42734,0.92801,0.87682,0.91471,0.62913,1.0253,0.43882,0.83798,0,0,0,0,0,0,0,0,0,0,0,0,0,0,0,0,0,0,0,0,0,0,0,0,0,0,0,0,0,0,0,0.62913,0.00271295,0.000904318,0.00271295,0.000904318,0.00271295,0.000904318,0.00271295,0.000904318
163,14695.5,0.786,0.37904,0.80423,0,0,0,0,0,0,0.24001,0.00191,7e-05,0,0,0,0,0,0,0,0,0,0,0,0,0,0,0.58149,0.15512,0,0,0.45389,0.05633,0.37828,0.4275,0.9278,0.87688,0.91467,0.62897,1.02508,0.43924,0.83794,0,0,0,0,0,0,0,0,0,0,0,0,0,0,0,0,0,0,0,0,0,0,0,0,0,0,0,0,0,0,0,0.62897,0.0027095,0.000903166,0.0027095,0.000903166,0.0027095,0.000903166,0.0027095,0.000903166
164,14786,0.78294,0.37634,0.80672,0,0,0,0,0,0,0.24083,0.00192,7e-05,5e-05,0,0,0,0,0,0,0,0,0,0,0,0,0,0.58586,0.15674,0,0,0.45395,0.05628,0.37841,0.42752,0.92726,0.87716,0.91457,0.62924,1.02431,0.43931,0.8379,0,0,0,0,0,0,0,0,0,0,0,0,0,0,0,0,0,0,0,0,0,0,0,0,0,0,0,0,0,0,0,0.62924,0.00270602,0.000902008,0.00270602,0.000902008,0.00270602,0.000902008,0.00270602,0.000902008
165,14876.3,0.78461,0.37643,0.8028,0,0,0,0,0,0,0.23969,0.00192,7e-05,0,0,0,0,0,0,0,0,0,0,0,0,0,0,0.60541,0.15478,0,0,0.4538,0.05634,0.3785,0.42735,0.92728,0.87739,0.91449,0.62956,1.02444,0.43929,0.83795,0,0,0,0,0,0,0,0,0,0,0,0,0,0,0,0,0,0,0,0,0,0,0,0,0,0,0,0,0,0,0,0.62956,0.00270253,0.000900844,0.00270253,0.000900844,0.00270253,0.000900844,0.00270253,0.000900844
166,14966,0.78568,0.38011,0.80528,0,0,0,0,0,0,0.24022,0.00191,6e-05,0,0,0,0,0,0,0,0,0,0,0,0,0,0,0.59923,0.15433,0,0,0.45376,0.05644,0.37808,0.42737,0.92737,0.87796,0.91481,0.62938,1.02392,0.43921,0.83797,0,0,0,0,0,0,0,0,0,0,0,0,0,0,0,0,0,0,0,0,0,0,0,0,0,0,0,0,0,0,0,0.62938,0.00269902,0.000899674,0.00269902,0.000899674,0.00269902,0.000899674,0.00269902,0.000899674
167,15055.6,0.78998,0.37948,0.80197,0,0,0,0,0,0,0.2374,0.00192,7e-05,0,0,0,0,0,0,0,0,0,0,0,0,0,0,0.59296,0.15396,0,0,0.45379,0.05641,0.37806,0.42742,0.92772,0.87761,0.91471,0.62912,1.02395,0.43906,0.83792,0,0,0,0,0,0,0,0,0,0,0,0,0,0,0,0,0,0,0,0,0,0,0,0,0,0,0,0,0,0,0,0.62912,0.00269549,0.000898497,0.00269549,0.000898497,0.00269549,0.000898497,0.00269549,0.000898497
168,15146.3,0.78184,0.37646,0.8043,0,0,0,0,0,0,0.23657,0.00192,7e-05,0,0,0,0,0,0,0,0,0,0,0,0,0,0,0.59209,0.15385,0,0,0.4539,0.05632,0.37851,0.42742,0.92631,0.87703,0.91453,0.62921,1.02386,0.43898,0.83796,0,0,0,0,0,0,0,0,0,0,0,0,0,0,0,0,0,0,0,0,0,0,0,0,0,0,0,0,0,0,0,0.62921,0.00269195,0.000897315,0.00269195,0.000897315,0.00269195,0.000897315,0.00269195,0.000897315
169,15234.3,0.79129,0.37994,0.80279,0,0,0,0,0,0,0.23568,0.00192,7e-05,0,0,0,0,0,0,0,0,0,0,0,0,0,0,0.60317,0.15225,0,0,0.45384,0.05639,0.37769,0.42747,0.92448,0.87851,0.91395,0.62895,1.02411,0.43922,0.83802,0,0,0,0,0,0,0,0,0,0,0,0,0,0,0,0,0,0,0,0,0,0,0,0,0,0,0,0,0,0,0,0.62895,0.00268838,0.000896127,0.00268838,0.000896127,0.00268838,0.000896127,0.00268838,0.000896127
170,15324.5,0.78867,0.37865,0.80645,0,0,0,0,0,0,0.23985,0.00189,8e-05,0,0,0,0,0,0,0,0,0,0,0,0,0,0,0.59668,0.15243,0,0,0.45392,0.05633,0.3786,0.42745,0.92416,0.87841,0.91422,0.62889,1.02427,0.43895,0.83798,0,0,0,0,0,0,0,0,0,0,0,0,0,0,0,0,0,0,0,0,0,0,0,0,0,0,0,0,0,0,0,0.62889,0.0026848,0.000894932,0.0026848,0.000894932,0.0026848,0.000894932,0.0026848,0.000894932
171,15415.6,0.78843,0.37838,0.80416,0,0,0,0,0,0,0.23654,0.00188,6e-05,0,0,0,0,0,0,0,0,0,0,0,0,0,0,0.59637,0.15291,0,0,0.45378,0.05633,0.37781,0.4274,0.9248,0.87805,0.91462,0.62907,1.02376,0.43878,0.83796,0,0,0,0,0,0,0,0,0,0,0,0,0,0,0,0,0,0,0,0,0,0,0,0,0,0,0,0,0,0,0,0.62907,0.0026812,0.000893732,0.0026812,0.000893732,0.0026812,0.000893732,0.0026812,0.000893732
172,15505.9,0.78402,0.37587,0.8048,0,0,0,0,0,0,0.23807,0.00191,7e-05,0,0,0,0,0,0,0,0,0,0,0,0,0,0,0.59956,0.15387,0,0,0.45383,0.05637,0.37807,0.42741,0.9261,0.87734,0.9143,0.62934,1.02361,0.43884,0.83794,0,0,0,0,0,0,0,0,0,0,0,0,0,0,0,0,0,0,0,0,0,0,0,0,0,0,0,0,0,0,0,0.62934,0.00267758,0.000892525,0.00267758,0.000892525,0.00267758,0.000892525,0.00267758,0.000892525
173,15597,0.78668,0.37947,0.80414,0,0,0,0,0,0,0.23501,0.00188,7e-05,0,0,0,0,0,0,0,0,0,0,0,0,0,0,0.60017,0.15276,0,0,0.45378,0.05636,0.37782,0.42741,0.92617,0.87777,0.91481,0.6292,1.02327,0.43844,0.83787,0,0,0,0,0,0,0,0,0,0,0,0,0,0,0,0,0,0,0,0,0,0,0,0,0,0,0,0,0,0,0,0.6292,0.00267394,0.000891313,0.00267394,0.000891313,0.00267394,0.000891313,0.00267394,0.000891313
174,15688.6,0.78258,0.37691,0.80473,0,0,0,0,0,0,0.23779,0.0019,7e-05,0,0,0,0,0,0,0,0,0,0,0,0,0,0,0.5943,0.15255,0,0,0.45383,0.0564,0.37874,0.42742,0.92658,0.87847,0.91534,0.62962,1.02252,0.43823,0.83786,0,0,0,0,0,0,0,0,0,0,0,0,0,0,0,0,0,0,0,0,0,0,0,0,0,0,0,0,0,0,0,0.62962,0.00267028,0.000890095,0.00267028,0.000890095,0.00267028,0.000890095,0.00267028,0.000890095
175,15779.2,0.781,0.37484,0.80561,0,0,0,0,0,0,0.23363,0.0019,6e-05,0,0,0,0,0,0,0,0,0,0,0,0,0,0,0.59719,0.15334,0,0,0.45392,0.05626,0.37787,0.4275,0.92777,0.87567,0.91421,0.62938,1.02235,0.43838,0.83788,0,0,0,0,0,0,0,0,0,0,0,0,0,0,0,0,0,0,0,0,0,0,0,0,0,0,0,0,0,0,0,0.62938,0.00266661,0.00088887,0.00266661,0.00088887,0.00266661,0.00088887,0.00266661,0.00088887
176,15869.2,0.78186,0.37502,0.80501,0,0,0,0,0,0,0.23956,0.0019,7e-05,0,0,0,0,0,0,0,0,0,0,0,0,0,0,0.58383,0.15157,0,0,0.45395,0.05625,0.37812,0.42746,0.92787,0.87599,0.91458,0.62932,1.02222,0.43834,0.83787,0,0,0,0,0,0,0,0,0,0,0,0,0,0,0,0,0,0,0,0,0,0,0,0,0,0,0,0,0,0,0,0.62932,0.00266292,0.00088764,0.00266292,0.00088764,0.00266292,0.00088764,0.00266292,0.00088764
177,15959.4,0.78921,0.3785,0.80536,0,0,0,0,0,0,0.23731,0.00189,6e-05,0,0,0,0,0,0,0,0,0,0,0,0,0,0,0.58578,0.15135,0,0,0.45384,0.05637,0.37774,0.42745,0.92818,0.87693,0.91476,0.6296,1.02224,0.43855,0.83787,0,0,0,0,0,0,0,0,0,0,0,0,0,0,0,0,0,0,0,0,0,0,0,0,0,0,0,0,0,0,0,0.6296,0.00265921,0.000886404,0.00265921,0.000886404,0.00265921,0.000886404,0.00265921,0.000886404
178,16050.3,0.77825,0.37437,0.80274,0,0,0,0,0,0,0.23422,0.00187,7e-05,0,0,0,0,0,0,0,0,0,0,0,0,0,0,0.59349,0.15177,0,0,0.45392,0.05631,0.37832,0.42748,0.92804,0.87699,0.91515,0.62968,1.02193,0.43848,0.83785,0,0,0,0,0,0,0,0,0,0,0,0,0,0,0,0,0,0,0,0,0,0,0,0,0,0,0,0,0,0,0,0.62968,0.00265549,0.000885162,0.00265549,0.000885162,0.00265549,0.000885162,0.00265549,0.000885162
179,16140.8,0.78307,0.37589,0.80351,0,0,0,0,0,0,0.23555,0.00186,7e-05,0,0,0,0,0,0,0,0,0,0,0,0,0,0,0.59687,0.15159,0,0,0.45373,0.05642,0.37788,0.42734,0.92951,0.87706,0.91495,0.62977,1.02195,0.43867,0.83791,0,0,0,0,0,0,0,0,0,0,0,0,0,0,0,0,0,0,0,0,0,0,0,0,0,0,0,0,0,0,0,0.62977,0.00265174,0.000883914,0.00265174,0.000883914,0.00265174,0.000883914,0.00265174,0.000883914
180,16231.1,0.78633,0.37779,0.80475,0,0,0,0,0,0,0.23542,0.00187,7e-05,0,0,0,0,0,0,0,0,0,0,0,0,0,0,0.58928,0.15168,0,0,0.45385,0.05638,0.37847,0.42747,0.92798,0.8779,0.91517,0.63015,1.02199,0.43853,0.83791,0,0,0,0,0,0,0,0,0,0,0,0,0,0,0,0,0,0,0,0,0,0,0,0,0,0,0,0,0,0,0,0.63015,0.00264798,0.00088266,0.00264798,0.00088266,0.00264798,0.00088266,0.00264798,0.00088266
181,16321.8,0.78156,0.37782,0.80374,0,0,0,0,0,0,0.23551,0.00189,7e-05,0,0,0,0,0,0,0,0,0,0,0,0,0,0,0.59002,0.15267,0,0,0.45382,0.05633,0.37854,0.42739,0.92873,0.87785,0.91535,0.63014,1.02198,0.43868,0.83784,0,0,0,0,0,0,0,0,0,0,0,0,0,0,0,0,0,0,0,0,0,0,0,0,0,0,0,0,0,0,0,0.63014,0.0026442,0.000881401,0.0026442,0.000881401,0.0026442,0.000881401,0.0026442,0.000881401
182,16412.3,0.78473,0.37648,0.8033,0,0,0,0,0,0,0.23231,0.00185,6e-05,0,0,0,0,0,0,0,0,0,0,0,0,0,0,0.58844,0.15221,0,0,0.45378,0.05643,0.37774,0.42743,0.92891,0.87803,0.91567,0.63034,1.02102,0.4384,0.83784,0,0,0,0,0,0,0,0,0,0,0,0,0,0,0,0,0,0,0,0,0,0,0,0,0,0,0,0,0,0,0,0.63034,0.00264041,0.000880136,0.00264041,0.000880136,0.00264041,0.000880136,0.00264041,0.000880136
183,16502.4,0.7809,0.37605,0.80186,0,0,0,0,0,0,0.23279,0.00186,7e-05,0,0,0,0,0,0,0,0,0,0,0,0,0,0,0.6023,0.15246,0,0,0.45383,0.05632,0.37893,0.42748,0.92841,0.87838,0.91543,0.63045,1.02063,0.43845,0.83778,0,0,0,0,0,0,0,0,0,0,0,0,0,0,0,0,0,0,0,0,0,0,0,0,0,0,0,0,0,0,0,0.63045,0.00263659,0.000878864,0.00263659,0.000878864,0.00263659,0.000878864,0.00263659,0.000878864
184,16592.1,0.77787,0.37488,0.80485,0,0,0,0,0,0,0.23375,0.00186,6e-05,0,0,0,0,0,0,0,0,0,0,0,0,0,0,0.59972,0.15109,0,0,0.4539,0.05636,0.37871,0.42754,0.92871,0.87929,0.91653,0.63103,1.01982,0.43828,0.83769,0,0,0,0,0,0,0,0,0,0,0,0,0,0,0,0,0,0,0,0,0,0,0,0,0,0,0,0,0,0,0,0.63103,0.00263276,0.000877588,0.00263276,0.000877588,0.00263276,0.000877588,0.00263276,0.000877588
185,16683.3,0.7833,0.37521,0.80232,0,0,0,0,0,0,0.23415,0.00183,6e-05,0,0,0,0,0,0,0,0,0,0,0,0,0,0,0.60133,0.15124,0,0,0.45382,0.0564,0.37804,0.42749,0.92821,0.87925,0.91635,0.63105,1.01948,0.43876,0.83774,0,0,0,0,0,0,0,0,0,0,0,0,0,0,0,0,0,0,0,0,0,0,0,0,0,0,0,0,0,0,0,0.63105,0.00262891,0.000876305,0.00262891,0.000876305,0.00262891,0.000876305,0.00262891,0.000876305
186,16774.2,0.78234,0.37695,0.80512,0,0,0,0,0,0,0.23546,0.00188,6e-05,0,0,0,0,0,0,0,0,0,0,0,0,0,0,0.59822,0.15229,0,0,0.45384,0.05636,0.37913,0.42738,0.92915,0.87918,0.9167,0.63134,1.01938,0.43863,0.83773,0,0,0,0,0,0,0,0,0,0,0,0,0,0,0,0,0,0,0,0,0,0,0,0,0,0,0,0,0,0,0,0.63134,0.00262505,0.000875017,0.00262505,0.000875017,0.00262505,0.000875017,0.00262505,0.000875017
187,16864.3,0.77428,0.37205,0.8038,0,0,0,0,0,0,0.23203,0.00186,6e-05,0,0,0,0,0,0,0,0,0,0,0,0,0,0,0.60446,0.15205,0,0,0.45378,0.05644,0.37868,0.42739,0.92854,0.87887,0.91598,0.63148,1.01942,0.43879,0.83769,0,0,0,0,0,0,0,0,0,0,0,0,0,0,0,0,0,0,0,0,0,0,0,0,0,0,0,0,0,0,0,0.63148,0.00262117,0.000873723,0.00262117,0.000873723,0.00262117,0.000873723,0.00262117,0.000873723
188,16955,0.77918,0.37567,0.80244,0,0,0,0,0,0,0.23877,0.00185,7e-05,0,0,0,0,0,0,0,0,0,0,0,0,0,0,0.60579,0.1511,0,0,0.45382,0.05634,0.3784,0.42734,0.92936,0.87831,0.91531,0.63144,1.0195,0.43845,0.83778,0,0,0,0,0,0,0,0,0,0,0,0,0,0,0,0,0,0,0,0,0,0,0,0,0,0,0,0,0,0,0,0.63144,0.00261727,0.000872423,0.00261727,0.000872423,0.00261727,0.000872423,0.00261727,0.000872423
189,17045.6,0.77589,0.37236,0.80373,0,0,0,0,0,0,0.2343,0.00188,6e-05,3e-05,0,0,0,0,0,0,0,0,0,0,0,0,0,0.59594,0.15206,0,0,0.45398,0.05633,0.37833,0.42758,0.92992,0.8783,0.91614,0.63139,1.01897,0.43851,0.8378,0,0,0,0,0,0,0,0,0,0,0,0,0,0,0,0,0,0,0,0,0,0,0,0,0,0,0,0,0,0,0,0.63139,0.00261335,0.000871117,0.00261335,0.000871117,0.00261335,0.000871117,0.00261335,0.000871117
190,17136.3,0.7787,0.37464,0.80364,0,0,0,0,0,0,0.23364,0.00188,6e-05,3e-05,0,0,0,0,0,0,0,0,0,0,0,0,0,0.61729,0.15006,0,0,0.45382,0.05631,0.37833,0.42739,0.92938,0.87862,0.91565,0.63171,1.01847,0.43825,0.83777,0,0,0,0,0,0,0,0,0,0,0,0,0,0,0,0,0,0,0,0,0,0,0,0,0,0,0,0,0,0,0,0.63171,0.00260942,0.000869806,0.00260942,0.000869806,0.00260942,0.000869806,0.00260942,0.000869806
191,17226.9,0.77804,0.37527,0.80377,0,0,0,0,0,0,0.23282,0.00187,6e-05,0,0,0,0,0,0,0,0,0,0,0,0,0,0,0.62722,0.14982,0,0,0.45393,0.05638,0.37846,0.42753,0.92978,0.87852,0.91595,0.63161,1.01842,0.43828,0.8378,0,0,0,0,0,0,0,0,0,0,0,0,0,0,0,0,0,0,0,0,0,0,0,0,0,0,0,0,0,0,0,0.63161,0.00260547,0.00086849,0.00260547,0.00086849,0.00260547,0.00086849,0.00260547,0.00086849
192,17316.3,0.77918,0.37374,0.8034,0,0,0,0,0,0,0.23203,0.00184,6e-05,0,0,0,0,0,0,0,0,0,0,0,0,0,0,0.62126,0.14809,0,0,0.45386,0.05639,0.37868,0.42745,0.92961,0.87832,0.91623,0.63183,1.0182,0.4382,0.8378,0,0,0,0,0,0,0,0,0,0,0,0,0,0,0,0,0,0,0,0,0,0,0,0,0,0,0,0,0,0,0,0.63183,0.0026015,0.000867167,0.0026015,0.000867167,0.0026015,0.000867167,0.0026015,0.000867167
193,17406.6,0.77843,0.37467,0.80504,0,0,0,0,0,0,0.23327,0.00185,7e-05,0,0,0,0,0,0,0,0,0,0,0,0,0,0,0.62174,0.1484,0,0,0.45393,0.05632,0.37867,0.42752,0.92994,0.87854,0.91663,0.63204,1.01771,0.43804,0.83779,0,0,0,0,0,0,0,0,0,0,0,0,0,0,0,0,0,0,0,0,0,0,0,0,0,0,0,0,0,0,0,0.63204,0.00259752,0.000865839,0.00259752,0.000865839,0.00259752,0.000865839,0.00259752,0.000865839
194,17498.1,0.77586,0.37415,0.80479,0,0,0,0,0,0,0.23398,0.00187,6e-05,0,0,0,0,0,0,0,0,0,0,0,0,0,0,0.61872,0.14805,0,0,0.45387,0.05639,0.37875,0.42739,0.93059,0.87898,0.91676,0.63196,1.01802,0.43835,0.83782,0,0,0,0,0,0,0,0,0,0,0,0,0,0,0,0,0,0,0,0,0,0,0,0,0,0,0,0,0,0,0,0.63196,0.00259352,0.000864506,0.00259352,0.000864506,0.00259352,0.000864506,0.00259352,0.000864506
195,17589,0.77991,0.37538,0.80228,0,0,0,0,0,0,0.23047,0.00184,6e-05,1e-05,0,0,0,0,0,0,0,0,0,0,0,0,0,0.61814,0.14796,0,0,0.45372,0.0564,0.3784,0.42732,0.93016,0.87863,0.91672,0.63194,1.01849,0.4383,0.83788,0,0,0,0,0,0,0,0,0,0,0,0,0,0,0,0,0,0,0,0,0,0,0,0,0,0,0,0,0,0,0,0.63194,0.0025895,0.000863167,0.0025895,0.000863167,0.0025895,0.000863167,0.0025895,0.000863167
196,17680.1,0.77765,0.3746,0.80539,0,0,0,0,0,0,0.23209,0.00183,6e-05,0,0,0,0,0,0,0,0,0,0,0,0,0,0,0.62799,0.14658,0,0,0.45379,0.05632,0.37821,0.42733,0.92998,0.87846,0.91653,0.63165,1.01869,0.43814,0.83789,0,0,0,0,0,0,0,0,0,0,0,0,0,0,0,0,0,0,0,0,0,0,0,0,0,0,0,0,0,0,0,0.63165,0.00258547,0.000861823,0.00258547,0.000861823,0.00258547,0.000861823,0.00258547,0.000861823
197,17770.3,0.77903,0.37682,0.80133,0,0,0,0,0,0,0.23057,0.00182,6e-05,0,0,0,0,0,0,0,0,0,0,0,0,0,0,0.62942,0.1467,0,0,0.45372,0.05641,0.37766,0.42736,0.93102,0.87898,0.91735,0.63176,1.0189,0.43803,0.83839,0,0,0,0,0,0,0,0,0,0,0,0,0,0,0,0,0,0,0,0,0,0,0,0,0,0,0,0,0,0,0,0.63176,0.00258142,0.000860473,0.00258142,0.000860473,0.00258142,0.000860473,0.00258142,0.000860473
198,17860.8,0.77679,0.37555,0.8043,0,0,0,0,0,0,0.23027,0.00185,6e-05,0,0,0,0,0,0,0,0,0,0,0,0,0,0,0.62013,0.14683,0,0,0.45385,0.05634,0.37829,0.42747,0.93007,0.87819,0.91609,0.63196,1.01909,0.43823,0.83836,0,0,0,0,0,0,0,0,0,0,0,0,0,0,0,0,0,0,0,0,0,0,0,0,0,0,0,0,0,0,0,0.63196,0.00257735,0.000859117,0.00257735,0.000859117,0.00257735,0.000859117,0.00257735,0.000859117
199,17950.9,0.77982,0.37521,0.8038,0,0,0,0,0,0,0.22891,0.00187,6e-05,0,0,0,0,0,0,0,0,0,0,0,0,0,0,0.62139,0.14659,0,0,0.45385,0.05631,0.37804,0.42734,0.92984,0.87767,0.9164,0.63183,1.01927,0.43817,0.83833,0,0,0,0,0,0,0,0,0,0,0,0,0,0,0,0,0,0,0,0,0,0,0,0,0,0,0,0,0,0,0,0.63183,0.00257327,0.000857756,0.00257327,0.000857756,0.00257327,0.000857756,0.00257327,0.000857756
200,18041,0.779,0.37441,0.80354,0,0,0,0,0,0,0.22798,0.00183,6e-05,0,0,0,0,0,0,0,0,0,0,0,0,0,0,0.62171,0.14645,0,0,0.45373,0.05636,0.37811,0.42734,0.92997,0.87797,0.91643,0.63193,1.01924,0.43813,0.83832,0,0,0,0,0,0,0,0,0,0,0,0,0,0,0,0,0,0,0,0,0,0,0,0,0,0,0,0,0,0,0,0.63193,0.00256917,0.00085639,0.00256917,0.00085639,0.00256917,0.00085639,0.00256917,0.00085639
201,18131.2,0.77994,0.37467,0.80422,0,0,0,0,0,0,0.23121,0.00184,6e-05,0,0,0,0,0,0,0,0,0,0,0,0,0,0,0.62077,0.14665,0,0,0.45377,0.05644,0.37853,0.42746,0.9298,0.87867,0.91631,0.63228,1.01964,0.43851,0.83823,0,0,0,0,0,0,0,0,0,0,0,0,0,0,0,0,0,0,0,0,0,0,0,0,0,0,0,0,0,0,0,0.63228,0.00256505,0.000855018,0.00256505,0.000855018,0.00256505,0.000855018,0.00256505,0.000855018
202,18222,0.77888,0.37327,0.80256,0,0,0,0,0,0,0.23092,0.00182,6e-05,0,0,0,0,0,0,0,0,0,0,0,0,0,0,0.61842,0.14679,0,0,0.45384,0.05635,0.37881,0.42742,0.93076,0.87755,0.91605,0.63166,1.0207,0.43892,0.83837,0,0,0,0,0,0,0,0,0,0,0,0,0,0,0,0,0,0,0,0,0,0,0,0,0,0,0,0,0,0,0,0.63166,0.00256092,0.000853641,0.00256092,0.000853641,0.00256092,0.000853641,0.00256092,0.000853641
203,18311.9,0.77363,0.37336,0.80549,0,0,0,0,0,0,0.23146,0.00183,6e-05,0,0,0,0,0,0,0,0,0,0,0,0,0,0,0.61738,0.14641,0,0,0.4539,0.05637,0.37816,0.42747,0.9302,0.87861,0.91641,0.63174,1.0206,0.43896,0.83828,0,0,0,0,0,0,0,0,0,0,0,0,0,0,0,0,0,0,0,0,0,0,0,0,0,0,0,0,0,0,0,0.63174,0.00255677,0.000852258,0.00255677,0.000852258,0.00255677,0.000852258,0.00255677,0.000852258
204,18402.1,0.77229,0.37144,0.80395,0,0,0,0,0,0,0.2293,0.00182,6e-05,0,0,0,0,0,0,0,0,0,0,0,0,0,0,0.61874,0.14593,0,0,0.45383,0.0564,0.37882,0.42745,0.9298,0.87932,0.91678,0.63167,1.01981,0.43868,0.83822,0,0,0,0,0,0,0,0,0,0,0,0,0,0,0,0,0,0,0,0,0,0,0,0,0,0,0,0,0,0,0,0.63167,0.00255261,0.00085087,0.00255261,0.00085087,0.00255261,0.00085087,0.00255261,0.00085087
205,18493.1,0.77554,0.37397,0.80431,0,0,0,0,0,0,0.23227,0.00181,6e-05,0,0,0,0,0,0,0,0,0,0,0,0,0,0,0.61364,0.14591,0,0,0.45391,0.05633,0.37896,0.42741,0.93114,0.87879,0.91672,0.63177,1.01928,0.43849,0.83815,0,0,0,0,0,0,0,0,0,0,0,0,0,0,0,0,0,0,0,0,0,0,0,0,0,0,0,0,0,0,0,0.63177,0.00254843,0.000849477,0.00254843,0.000849477,0.00254843,0.000849477,0.00254843,0.000849477
206,18582.8,0.77275,0.37262,0.80219,0,0,0,0,0,0,0.23011,0.00181,6e-05,0,0,0,0,0,0,0,0,0,0,0,0,0,0,0.61214,0.14574,0,0,0.45392,0.05636,0.37944,0.42748,0.93136,0.87862,0.91659,0.63181,1.01893,0.43889,0.83806,0,0,0,0,0,0,0,0,0,0,0,0,0,0,0,0,0,0,0,0,0,0,0,0,0,0,0,0,0,0,0,0.63181,0.00254423,0.000848078,0.00254423,0.000848078,0.00254423,0.000848078,0.00254423,0.000848078
207,18672.6,0.78135,0.37433,0.80303,0,0,0,0,0,0,0.2264,0.00181,6e-05,0,0,0,0,0,0,0,0,0,0,0,0,0,0,0.61323,0.14632,0,0,0.45378,0.05638,0.3781,0.42741,0.93051,0.87888,0.91688,0.63229,1.01949,0.43874,0.83806,0,0,0,0,0,0,0,0,0,0,0,0,0,0,0,0,0,0,0,0,0,0,0,0,0,0,0,0,0,0,0,0.63229,0.00254002,0.000846674,0.00254002,0.000846674,0.00254002,0.000846674,0.00254002,0.000846674
208,18763.2,0.77522,0.3734,0.80279,0,0,0,0,0,0,0.22785,0.00182,6e-05,0,0,0,0,0,0,0,0,0,0,0,0,0,0,0.62185,0.14621,0,0,0.45384,0.05632,0.37768,0.42745,0.93055,0.87852,0.91674,0.63227,1.01953,0.43875,0.83807,0,0,0,0,0,0,0,0,0,0,0,0,0,0,0,0,0,0,0,0,0,0,0,0,0,0,0,0,0,0,0,0.63227,0.0025358,0.000845265,0.0025358,0.000845265,0.0025358,0.000845265,0.0025358,0.000845265
209,18853.7,0.77611,0.37337,0.80256,0,0,0,0,0,0,0.22632,0.0018,6e-05,0,0,0,0,0,0,0,0,0,0,0,0,0,0,0.61684,0.14675,0,0,0.45387,0.05637,0.37797,0.42745,0.93213,0.87798,0.91646,0.63231,1.01982,0.4387,0.83808,0,0,0,0,0,0,0,0,0,0,0,0,0,0,0,0,0,0,0,0,0,0,0,0,0,0,0,0,0,0,0,0.63231,0.00253155,0.000843851,0.00253155,0.000843851,0.00253155,0.000843851,0.00253155,0.000843851
210,18943.9,0.77619,0.37379,0.80273,0,0,0,0,0,0,0.22769,0.00181,6e-05,0,0,0,0,0,0,0,0,0,0,0,0,0,0,0.60421,0.14622,0,0,0.45389,0.05632,0.37714,0.4275,0.93271,0.87708,0.91625,0.63235,1.01946,0.43889,0.83813,0,0,0,0,0,0,0,0,0,0,0,0,0,0,0,0,0,0,0,0,0,0,0,0,0,0,0,0,0,0,0,0.63235,0.00252729,0.000842431,0.00252729,0.000842431,0.00252729,0.000842431,0.00252729,0.000842431
211,19034.6,0.77112,0.37019,0.80258,0,0,0,0,0,0,0.22891,0.0018,6e-05,0,0,0,0,0,0,0,0,0,0,0,0,0,0,0.6171,0.14684,0,0,0.45384,0.05638,0.37762,0.42748,0.93357,0.87742,0.91716,0.63267,1.01922,0.43905,0.83805,0,0,0,0,0,0,0,0,0,0,0,0,0,0,0,0,0,0,0,0,0,0,0,0,0,0,0,0,0,0,0,0.63267,0.00252302,0.000841006,0.00252302,0.000841006,0.00252302,0.000841006,0.00252302,0.000841006
212,19125.9,0.77327,0.37081,0.80308,0,0,0,0,0,0,0.22552,0.00179,6e-05,0,0,0,0,0,0,0,0,0,0,0,0,0,0,0.60879,0.14572,0,0,0.45386,0.05635,0.37816,0.42737,0.93312,0.8781,0.91736,0.63276,1.01926,0.4389,0.83809,0,0,0,0,0,0,0,0,0,0,0,0,0,0,0,0,0,0,0,0,0,0,0,0,0,0,0,0,0,0,0,0.63276,0.00251873,0.000839576,0.00251873,0.000839576,0.00251873,0.000839576,0.00251873,0.000839576
213,19216.7,0.77627,0.37358,0.80372,0,0,0,0,0,0,0.22789,0.00178,6e-05,0,0,0,0,0,0,0,0,0,0,0,0,0,0,0.61285,0.14584,0,0,0.45393,0.05628,0.37834,0.42747,0.93352,0.8782,0.9178,0.63308,1.01955,0.43932,0.83805,0,0,0,0,0,0,0,0,0,0,0,0,0,0,0,0,0,0,0,0,0,0,0,0,0,0,0,0,0,0,0,0.63308,0.00251442,0.000838141,0.00251442,0.000838141,0.00251442,0.000838141,0.00251442,0.000838141
214,19307.8,0.77187,0.37429,0.80462,0,0,0,0,0,0,0.23076,0.0018,6e-05,0,0,0,0,0,0,0,0,0,0,0,0,0,0,0.60722,0.14626,0,0,0.45396,0.05637,0.37849,0.42754,0.93423,0.87805,0.9179,0.63352,1.01899,0.43901,0.83798,0,0,0,0,0,0,0,0,0,0,0,0,0,0,0,0,0,0,0,0,0,0,0,0,0,0,0,0,0,0,0,0.63352,0.0025101,0.000836701,0.0025101,0.000836701,0.0025101,0.000836701,0.0025101,0.000836701
215,19398.8,0.77462,0.3736,0.79989,0,0,0,0,0,0,0.22824,0.0018,6e-05,0,0,0,0,0,0,0,0,0,0,0,0,0,0,0.60858,0.14536,0,0,0.45383,0.05635,0.37762,0.42747,0.93398,0.8769,0.91727,0.63312,1.01923,0.43935,0.83795,0,0,0,0,0,0,0,0,0,0,0,0,0,0,0,0,0,0,0,0,0,0,0,0,0,0,0,0,0,0,0,0.63312,0.00250577,0.000835255,0.00250577,0.000835255,0.00250577,0.000835255,0.00250577,0.000835255
216,19487.3,0.77143,0.37094,0.80361,0,0,0,0,0,0,0.22554,0.00179,6e-05,1e-05,0,0,0,0,0,0,0,0,0,0,0,0,0,0.6043,0.14509,0,0,0.45382,0.05635,0.37888,0.42738,0.93364,0.87635,0.91683,0.63307,1.01926,0.43956,0.83794,0,0,0,0,0,0,0,0,0,0,0,0,0,0,0,0,0,0,0,0,0,0,0,0,0,0,0,0,0,0,0,0.63307,0.00250141,0.000833805,0.00250141,0.000833805,0.00250141,0.000833805,0.00250141,0.000833805
217,19577.7,0.77353,0.37172,0.80414,0,0,0,0,0,0,0.22844,0.0018,6e-05,0,0,0,0,0,0,0,0,0,0,0,0,0,0,0.61818,0.14516,0,0,0.45382,0.05639,0.37874,0.42744,0.93354,0.87599,0.91684,0.63303,1.01902,0.43943,0.83796,0,0,0,0,0,0,0,0,0,0,0,0,0,0,0,0,0,0,0,0,0,0,0,0,0,0,0,0,0,0,0,0.63303,0.00249705,0.000832349,0.00249705,0.000832349,0.00249705,0.000832349,0.00249705,0.000832349
218,19668.2,0.77304,0.37213,0.80412,0,0,0,0,0,0,0.22699,0.0018,6e-05,0,0,0,0,0,0,0,0,0,0,0,0,0,0,0.61125,0.14479,0,0,0.45384,0.05639,0.37778,0.42738,0.9329,0.87581,0.91648,0.63288,1.01911,0.43949,0.83799,0,0,0,0,0,0,0,0,0,0,0,0,0,0,0,0,0,0,0,0,0,0,0,0,0,0,0,0,0,0,0,0.63288,0.00249267,0.000830889,0.00249267,0.000830889,0.00249267,0.000830889,0.00249267,0.000830889
219,19758,0.77825,0.3747,0.80166,0,0,0,0,0,0,0.22928,0.00181,8e-05,0,0,0,0,0,0,0,0,0,0,0,0,0,0,0.61252,0.14464,0,0,0.45385,0.0564,0.37775,0.42745,0.93357,0.876,0.91701,0.6328,1.01948,0.43974,0.83802,0,0,0,0,0,0,0,0,0,0,0,0,0,0,0,0,0,0,0,0,0,0,0,0,0,0,0,0,0,0,0,0.6328,0.00248827,0.000829423,0.00248827,0.000829423,0.00248827,0.000829423,0.00248827,0.000829423
220,19847.9,0.77518,0.37261,0.80303,0,0,0,0,0,0,0.22603,0.0018,6e-05,0,0,0,0,0,0,0,0,0,0,0,0,0,0,0.61278,0.14514,0,0,0.45377,0.05638,0.378,0.42741,0.9337,0.87651,0.91686,0.63263,1.02013,0.43984,0.83804,0,0,0,0,0,0,0,0,0,0,0,0,0,0,0,0,0,0,0,0,0,0,0,0,0,0,0,0,0,0,0,0.63263,0.00248386,0.000827952,0.00248386,0.000827952,0.00248386,0.000827952,0.00248386,0.000827952
221,19939.5,0.77158,0.37142,0.80237,0,0,0,0,0,0,0.22405,0.00179,6e-05,0,0,0,0,0,0,0,0,0,0,0,0,0,0,0.61742,0.14492,0,0,0.45372,0.05639,0.37775,0.42734,0.93414,0.87678,0.91725,0.63279,1.02048,0.43994,0.83815,0,0,0,0,0,0,0,0,0,0,0,0,0,0,0,0,0,0,0,0,0,0,0,0,0,0,0,0,0,0,0,0.63279,0.00247943,0.000826477,0.00247943,0.000826477,0.00247943,0.000826477,0.00247943,0.000826477
222,20029.2,0.76995,0.37314,0.80288,0,0,0,0,0,0,0.22644,0.0018,7e-05,0,0,0,0,0,0,0,0,0,0,0,0,0,0,0.61592,0.1441,0,0,0.45389,0.05638,0.37783,0.42749,0.93347,0.8767,0.91703,0.63268,1.02079,0.43988,0.83813,0,0,0,0,0,0,0,0,0,0,0,0,0,0,0,0,0,0,0,0,0,0,0,0,0,0,0,0,0,0,0,0.63268,0.00247499,0.000824996,0.00247499,0.000824996,0.00247499,0.000824996,0.00247499,0.000824996
223,20119.6,0.76709,0.37264,0.8024,0,0,0,0,0,0,0.22185,0.0018,6e-05,0,0,0,0,0,0,0,0,0,0,0,0,0,0,0.61403,0.14437,0,0,0.4539,0.05632,0.37753,0.42744,0.93313,0.87725,0.9165,0.63271,1.02042,0.43998,0.83811,0,0,0,0,0,0,0,0,0,0,0,0,0,0,0,0,0,0,0,0,0,0,0,0,0,0,0,0,0,0,0,0.63271,0.00247053,0.000823511,0.00247053,0.000823511,0.00247053,0.000823511,0.00247053,0.000823511
224,20209.9,0.77676,0.37155,0.80472,0,0,0,0,0,0,0.22535,0.00179,6e-05,0,0,0,0,0,0,0,0,0,0,0,0,0,0,0.6116,0.14468,0,0,0.45369,0.05634,0.37819,0.42723,0.93299,0.87654,0.91622,0.63282,1.01934,0.43986,0.83805,0,0,0,0,0,0,0,0,0,0,0,0,0,0,0,0,0,0,0,0,0,0,0,0,0,0,0,0,0,0,0,0.63282,0.00246606,0.00082202,0.00246606,0.00082202,0.00246606,0.00082202,0.00246606,0.00082202
225,20300.2,0.77211,0.37145,0.80251,0,0,0,0,0,0,0.22247,0.00178,6e-05,0,0,0,0,0,0,0,0,0,0,0,0,0,0,0.6148,0.14439,0,0,0.4538,0.05639,0.37767,0.42741,0.93308,0.87762,0.91675,0.63242,1.01909,0.43984,0.838,0,0,0,0,0,0,0,0,0,0,0,0,0,0,0,0,0,0,0,0,0,0,0,0,0,0,0,0,0,0,0,0.63242,0.00246157,0.000820525,0.00246157,0.000820525,0.00246157,0.000820525,0.00246157,0.000820525
226,20390.6,0.77383,0.37199,0.80279,0,0,0,0,0,0,0.22556,0.00179,6e-05,0,0,0,0,0,0,0,0,0,0,0,0,0,0,0.62274,0.14477,0,0,0.45385,0.05634,0.37789,0.42744,0.93297,0.87728,0.91669,0.63263,1.01905,0.43981,0.838,0,0,0,0,0,0,0,0,0,0,0,0,0,0,0,0,0,0,0,0,0,0,0,0,0,0,0,0,0,0,0,0.63263,0.00245707,0.000819025,0.00245707,0.000819025,0.00245707,0.000819025,0.00245707,0.000819025
227,20480.8,0.77295,0.37021,0.80298,0,0,0,0,0,0,0.22622,0.00178,6e-05,0,0,0,0,0,0,0,0,0,0,0,0,0,0,0.60967,0.14373,0,0,0.45389,0.05634,0.37839,0.42744,0.93296,0.87705,0.9169,0.63293,1.01834,0.4398,0.8379,0,0,0,0,0,0,0,0,0,0,0,0,0,0,0,0,0,0,0,0,0,0,0,0,0,0,0,0,0,0,0,0.63293,0.00245256,0.00081752,0.00245256,0.00081752,0.00245256,0.00081752,0.00245256,0.00081752
228,20571.1,0.76798,0.36907,0.80303,0,0,0,0,0,0,0.22481,0.00179,6e-05,0,0,0,0,0,0,0,0,0,0,0,0,0,0,0.61009,0.14308,0,0,0.45397,0.05636,0.37825,0.42759,0.93396,0.87665,0.91672,0.63284,1.0187,0.43984,0.83792,0,0,0,0,0,0,0,0,0,0,0,0,0,0,0,0,0,0,0,0,0,0,0,0,0,0,0,0,0,0,0,0.63284,0.00244803,0.00081601,0.00244803,0.00081601,0.00244803,0.00081601,0.00244803,0.00081601
229,20661.4,0.7734,0.37182,0.80236,0,0,0,0,0,0,0.22627,0.00178,6e-05,0,0,0,0,0,0,0,0,0,0,0,0,0,0,0.60986,0.14389,0,0,0.45381,0.05644,0.37819,0.42749,0.93416,0.87651,0.91711,0.63243,1.01949,0.43978,0.83793,0,0,0,0,0,0,0,0,0,0,0,0,0,0,0,0,0,0,0,0,0,0,0,0,0,0,0,0,0,0,0,0.63243,0.00244349,0.000814495,0.00244349,0.000814495,0.00244349,0.000814495,0.00244349,0.000814495
230,20752,0.76606,0.36968,0.80282,0,0,0,0,0,0,0.22264,0.00177,6e-05,0,0,0,0,0,0,0,0,0,0,0,0,0,0,0.61313,0.14378,0,0,0.45378,0.05642,0.37777,0.42734,0.93447,0.87674,0.91699,0.63262,1.02005,0.44013,0.83797,0,0,0,0,0,0,0,0,0,0,0,0,0,0,0,0,0,0,0,0,0,0,0,0,0,0,0,0,0,0,0,0.63262,0.00243893,0.000812976,0.00243893,0.000812976,0.00243893,0.000812976,0.00243893,0.000812976
231,20843.4,0.76848,0.37263,0.80256,0,0,0,0,0,0,0.22413,0.00178,6e-05,0,0,0,0,0,0,0,0,0,0,0,0,0,0,0.61255,0.14411,0,0,0.45374,0.05634,0.37775,0.42734,0.93513,0.87696,0.9174,0.63292,1.02017,0.44036,0.83799,0,0,0,0,0,0,0,0,0,0,0,0,0,0,0,0,0,0,0,0,0,0,0,0,0,0,0,0,0,0,0,0.63292,0.00243435,0.000811452,0.00243435,0.000811452,0.00243435,0.000811452,0.00243435,0.000811452
232,20934.3,0.77376,0.37188,0.80416,0,0,0,0,0,0,0.225,0.00177,6e-05,0,0,0,0,0,0,0,0,0,0,0,0,0,0,0.60478,0.14419,0,0,0.45385,0.05635,0.37819,0.42741,0.93428,0.8769,0.91769,0.63283,1.01994,0.44023,0.83799,0,0,0,0,0,0,0,0,0,0,0,0,0,0,0,0,0,0,0,0,0,0,0,0,0,0,0,0,0,0,0,0.63283,0.00242977,0.000809923,0.00242977,0.000809923,0.00242977,0.000809923,0.00242977,0.000809923
233,21025.9,0.76632,0.3706,0.8035,0,0,0,0,0,0,0.22228,0.0018,6e-05,2e-05,0,0,0,0,0,0,0,0,0,0,0,0,0,0.61517,0.14493,0,0,0.45379,0.05636,0.37756,0.42734,0.9349,0.87703,0.91787,0.63283,1.02038,0.44028,0.83795,0,0,0,0,0,0,0,0,0,0,0,0,0,0,0,0,0,0,0,0,0,0,0,0,0,0,0,0,0,0,0,0.63283,0.00242517,0.000808389,0.00242517,0.000808389,0.00242517,0.000808389,0.00242517,0.000808389
234,21116,0.76875,0.36872,0.80221,0,0,0,0,0,0,0.2197,0.00178,6e-05,0,0,0,0,0,0,0,0,0,0,0,0,0,0,0.62146,0.14396,0,0,0.45386,0.05638,0.37784,0.42745,0.93453,0.87669,0.91733,0.63225,1.02061,0.44059,0.83793,0,0,0,0,0,0,0,0,0,0,0,0,0,0,0,0,0,0,0,0,0,0,0,0,0,0,0,0,0,0,0,0.63225,0.00242055,0.000806851,0.00242055,0.000806851,0.00242055,0.000806851,0.00242055,0.000806851
235,21206.9,0.76695,0.36977,0.8038,0,0,0,0,0,0,0.22822,0.00177,6e-05,0,0,0,0,0,0,0,0,0,0,0,0,0,0,0.61958,0.14359,0,0,0.45392,0.05628,0.37843,0.42746,0.93425,0.87677,0.91718,0.6323,1.02032,0.44041,0.83787,0,0,0,0,0,0,0,0,0,0,0,0,0,0,0,0,0,0,0,0,0,0,0,0,0,0,0,0,0,0,0,0.6323,0.00241592,0.000805308,0.00241592,0.000805308,0.00241592,0.000805308,0.00241592,0.000805308
236,21297.6,0.76323,0.36793,0.80219,0,0,0,0,0,0,0.22048,0.00175,6e-05,0,0,0,0,0,0,0,0,0,0,0,0,0,0,0.61918,0.14266,0,0,0.45384,0.0563,0.37816,0.42739,0.93413,0.87629,0.91672,0.63197,1.02001,0.44045,0.83783,0,0,0,0,0,0,0,0,0,0,0,0,0,0,0,0,0,0,0,0,0,0,0,0,0,0,0,0,0,0,0,0.63197,0.00241128,0.00080376,0.00241128,0.00080376,0.00241128,0.00080376,0.00241128,0.00080376
237,21387.6,0.764,0.36827,0.8027,0,0,0,0,0,0,0.21777,0.00177,6e-05,0,0,0,0,0,0,0,0,0,0,0,0,0,0,0.62804,0.1448,0,0,0.45386,0.05632,0.37813,0.4274,0.93328,0.87627,0.91626,0.63205,1.01957,0.44046,0.83784,0,0,0,0,0,0,0,0,0,0,0,0,0,0,0,0,0,0,0,0,0,0,0,0,0,0,0,0,0,0,0,0.63205,0.00240662,0.000802208,0.00240662,0.000802208,0.00240662,0.000802208,0.00240662,0.000802208
238,21477.6,0.77093,0.37032,0.80328,0,0,0,0,0,0,0.22565,0.00177,6e-05,0,0,0,0,0,0,0,0,0,0,0,0,0,0,0.61603,0.1446,0,0,0.45391,0.05635,0.37906,0.4275,0.93414,0.8767,0.91688,0.63272,1.01898,0.44038,0.83777,0,0,0,0,0,0,0,0,0,0,0,0,0,0,0,0,0,0,0,0,0,0,0,0,0,0,0,0,0,0,0,0.63272,0.00240195,0.000800651,0.00240195,0.000800651,0.00240195,0.000800651,0.00240195,0.000800651
239,21567.3,0.77227,0.37043,0.80257,0,0,0,0,0,0,0.21951,0.00176,6e-05,0,0,0,0,0,0,0,0,0,0,0,0,0,0,0.6278,0.14332,0,0,0.45374,0.05642,0.3777,0.4274,0.93421,0.87583,0.91628,0.63275,1.01876,0.43994,0.83779,0,0,0,0,0,0,0,0,0,0,0,0,0,0,0,0,0,0,0,0,0,0,0,0,0,0,0,0,0,0,0,0.63275,0.00239727,0.00079909,0.00239727,0.00079909,0.00239727,0.00079909,0.00239727,0.00079909
240,21655.6,0.76506,0.36869,0.80383,0,0,0,0,0,0,0.22495,0.00177,6e-05,0,0,0,0,0,0,0,0,0,0,0,0,0,0,0.6294,0.14246,0,0,0.45395,0.05632,0.37869,0.4275,0.93451,0.87685,0.91701,0.63261,1.01867,0.44003,0.83782,0,0,0,0,0,0,0,0,0,0,0,0,0,0,0,0,0,0,0,0,0,0,0,0,0,0,0,0,0,0,0,0.63261,0.00239257,0.000797524,0.00239257,0.000797524,0.00239257,0.000797524,0.00239257,0.000797524
241,21745.9,0.76137,0.36751,0.80185,0,0,0,0,0,0,0.2229,0.00175,6e-05,0,0,0,0,0,0,0,0,0,0,0,0,0,0,0.62455,0.14245,0,0,0.45386,0.05638,0.37858,0.42749,0.93439,0.87574,0.91599,0.63233,1.0185,0.43996,0.83777,0,0,0,0,0,0,0,0,0,0,0,0,0,0,0,0,0,0,0,0,0,0,0,0,0,0,0,0,0,0,0,0.63233,0.00238786,0.000795954,0.00238786,0.000795954,0.00238786,0.000795954,0.00238786,0.000795954
242,21836.5,0.76485,0.3688,0.80283,0,0,0,0,0,0,0.22544,0.00177,6e-05,0,0,0,0,0,0,0,0,0,0,0,0,0,0,0.62413,0.14232,0,0,0.45386,0.05638,0.37824,0.42744,0.93402,0.8756,0.91617,0.63237,1.01816,0.44016,0.83778,0,0,0,0,0,0,0,0,0,0,0,0,0,0,0,0,0,0,0,0,0,0,0,0,0,0,0,0,0,0,0,0.63237,0.00238314,0.000794379,0.00238314,0.000794379,0.00238314,0.000794379,0.00238314,0.000794379
243,21926.7,0.76639,0.36971,0.80314,0,0,0,0,0,0,0.22261,0.00177,6e-05,0,0,0,0,0,0,0,0,0,0,0,0,0,0,0.63381,0.1434,0,0,0.4538,0.05632,0.37821,0.42738,0.93494,0.87603,0.9165,0.63219,1.01782,0.44057,0.83766,0,0,0,0,0,0,0,0,0,0,0,0,0,0,0,0,0,0,0,0,0,0,0,0,0,0,0,0,0,0,0,0.63219,0.0023784,0.0007928,0.0023784,0.0007928,0.0023784,0.0007928,0.0023784,0.0007928
244,22016.8,0.76304,0.36755,0.80264,0,0,0,0,0,0,0.22522,0.00175,6e-05,0,0,0,0,0,0,0,0,0,0,0,0,0,0,0.61711,0.14231,0,0,0.45387,0.0564,0.37882,0.4274,0.93522,0.87591,0.91643,0.63248,1.01798,0.44042,0.83766,0,0,0,0,0,0,0,0,0,0,0,0,0,0,0,0,0,0,0,0,0,0,0,0,0,0,0,0,0,0,0,0.63248,0.00237365,0.000791216,0.00237365,0.000791216,0.00237365,0.000791216,0.00237365,0.000791216
245,22107.7,0.76614,0.36714,0.80335,0,0,0,0,0,0,0.21806,0.00176,6e-05,0,0,0,0,0,0,0,0,0,0,0,0,0,0,0.61655,0.1422,0,0,0.45395,0.05627,0.37815,0.42755,0.9357,0.87587,0.91715,0.63236,1.01819,0.44085,0.83765,0,0,0,0,0,0,0,0,0,0,0,0,0,0,0,0,0,0,0,0,0,0,0,0,0,0,0,0,0,0,0,0.63236,0.00236888,0.000789628,0.00236888,0.000789628,0.00236888,0.000789628,0.00236888,0.000789628
246,22198.8,0.765,0.36858,0.80199,0,0,0,0,0,0,0.21802,0.00175,6e-05,0,0,0,0,0,0,0,0,0,0,0,0,0,0,0.62311,0.14238,0,0,0.45381,0.05637,0.37851,0.42742,0.93594,0.87604,0.91695,0.63251,1.0175,0.4408,0.83757,0,0,0,0,0,0,0,0,0,0,0,0,0,0,0,0,0,0,0,0,0,0,0,0,0,0,0,0,0,0,0,0.63251,0.00236411,0.000788035,0.00236411,0.000788035,0.00236411,0.000788035,0.00236411,0.000788035
247,22289.1,0.76181,0.36701,0.80242,0,0,0,0,0,0,0.21906,0.00176,6e-05,0,0,0,0,0,0,0,0,0,0,0,0,0,0,0.62177,0.14249,0,0,0.45391,0.05638,0.37762,0.42746,0.93494,0.87564,0.91666,0.63273,1.01792,0.4406,0.83756,0,0,0,0,0,0,0,0,0,0,0,0,0,0,0,0,0,0,0,0,0,0,0,0,0,0,0,0,0,0,0,0.63273,0.00235931,0.000786438,0.00235931,0.000786438,0.00235931,0.000786438,0.00235931,0.000786438
248,22379.8,0.76663,0.3698,0.80344,0,0,0,0,0,0,0.22135,0.00175,6e-05,0,0,0,0,0,0,0,0,0,0,0,0,0,0,0.6245,0.14236,0,0,0.45378,0.05638,0.378,0.42738,0.9349,0.87577,0.91696,0.6325,1.0186,0.44081,0.83744,0,0,0,0,0,0,0,0,0,0,0,0,0,0,0,0,0,0,0,0,0,0,0,0,0,0,0,0,0,0,0,0.6325,0.00235451,0.000784837,0.00235451,0.000784837,0.00235451,0.000784837,0.00235451,0.000784837
249,22470.5,0.76353,0.36718,0.80265,0,0,0,0,0,0,0.21918,0.00174,6e-05,0,0,0,0,0,0,0,0,0,0,0,0,0,0,0.63533,0.14299,0,0,0.45378,0.05638,0.37813,0.42743,0.93475,0.87496,0.91674,0.63256,1.01928,0.44086,0.8375,0,0,0,0,0,0,0,0,0,0,0,0,0,0,0,0,0,0,0,0,0,0,0,0,0,0,0,0,0,0,0,0.63256,0.00234969,0.000783231,0.00234969,0.000783231,0.00234969,0.000783231,0.00234969,0.000783231
250,22562.5,0.76067,0.36733,0.80186,0,0,0,0,0,0,0.22169,0.00174,6e-05,0,0,0,0,0,0,0,0,0,0,0,0,0,0,0.62448,0.14319,0,0,0.45386,0.05637,0.37809,0.4275,0.93396,0.8746,0.91621,0.63205,1.01937,0.44079,0.8377,0,0,0,0,0,0,0,0,0,0,0,0,0,0,0,0,0,0,0,0,0,0,0,0,0,0,0,0,0,0,0,0.63205,0.00234486,0.000781621,0.00234486,0.000781621,0.00234486,0.000781621,0.00234486,0.000781621
251,22654,0.76789,0.36865,0.80395,0,0,0,0,0,0,0.2214,0.00174,6e-05,0,0,0,0,0,0,0,0,0,0,0,0,0,0,0.63027,0.14261,0,0,0.45387,0.05631,0.37741,0.42748,0.933,0.87515,0.91631,0.63246,1.0196,0.44114,0.83778,0,0,0,0,0,0,0,0,0,0,0,0,0,0,0,0,0,0,0,0,0,0,0,0,0,0,0,0,0,0,0,0.63246,0.00234002,0.000780007,0.00234002,0.000780007,0.00234002,0.000780007,0.00234002,0.000780007
252,22745,0.76542,0.37016,0.80341,0,0,0,0,0,0,0.22202,0.00175,6e-05,0,0,0,0,0,0,0,0,0,0,0,0,0,0,0.62662,0.14229,0,0,0.45385,0.05637,0.37801,0.42747,0.93356,0.87494,0.91619,0.6322,1.01999,0.44144,0.83779,0,0,0,0,0,0,0,0,0,0,0,0,0,0,0,0,0,0,0,0,0,0,0,0,0,0,0,0,0,0,0,0.6322,0.00233517,0.000778389,0.00233517,0.000778389,0.00233517,0.000778389,0.00233517,0.000778389
253,22835.5,0.76539,0.36863,0.80363,0,0,0,0,0,0,0.22214,0.00173,6e-05,0,0,0,0,0,0,0,0,0,0,0,0,0,0,0.62645,0.14244,0,0,0.45385,0.05638,0.37857,0.42742,0.93277,0.87469,0.91583,0.63242,1.01942,0.44124,0.83783,0,0,0,0,0,0,0,0,0,0,0,0,0,0,0,0,0,0,0,0,0,0,0,0,0,0,0,0,0,0,0,0.63242,0.0023303,0.000776766,0.0023303,0.000776766,0.0023303,0.000776766,0.0023303,0.000776766
254,22926.5,0.76472,0.36751,0.80047,0,0,0,0,0,0,0.21596,0.00172,5e-05,0,0,0,0,0,0,0,0,0,0,0,0,0,0,0.62944,0.14186,0,0,0.4538,0.05635,0.37769,0.42744,0.93259,0.87432,0.9161,0.63205,1.02026,0.44142,0.8378,0,0,0,0,0,0,0,0,0,0,0,0,0,0,0,0,0,0,0,0,0,0,0,0,0,0,0,0,0,0,0,0.63205,0.00232542,0.00077514,0.00232542,0.00077514,0.00232542,0.00077514,0.00232542,0.00077514
255,23015.1,0.76318,0.36801,0.8016,0,0,0,0,0,0,0.21768,0.00174,6e-05,0,0,0,0,0,0,0,0,0,0,0,0,0,0,0.62423,0.1412,0,0,0.45374,0.05638,0.37798,0.42732,0.93345,0.87465,0.91682,0.63215,1.021,0.44175,0.83784,0,0,0,0,0,0,0,0,0,0,0,0,0,0,0,0,0,0,0,0,0,0,0,0,0,0,0,0,0,0,0,0.63215,0.00232053,0.000773509,0.00232053,0.000773509,0.00232053,0.000773509,0.00232053,0.000773509
256,23106.1,0.76077,0.36759,0.80103,0,0,0,0,0,0,0.22018,0.00175,6e-05,0,0,0,0,0,0,0,0,0,0,0,0,0,0,0.62429,0.14149,0,0,0.45398,0.05629,0.37847,0.42751,0.93431,0.87531,0.91754,0.63234,1.02135,0.4419,0.83786,0,0,0,0,0,0,0,0,0,0,0,0,0,0,0,0,0,0,0,0,0,0,0,0,0,0,0,0,0,0,0,0.63234,0.00231562,0.000771873,0.00231562,0.000771873,0.00231562,0.000771873,0.00231562,0.000771873
257,23197.6,0.75874,0.36591,0.80081,0,0,0,0,0,0,0.22076,0.00173,6e-05,0,0,0,0,0,0,0,0,0,0,0,0,0,0,0.61815,0.14099,0,0,0.45379,0.05639,0.37824,0.42742,0.93452,0.8754,0.91731,0.63249,1.02065,0.44159,0.83787,0,0,0,0,0,0,0,0,0,0,0,0,0,0,0,0,0,0,0,0,0,0,0,0,0,0,0,0,0,0,0,0.63249,0.0023107,0.000770234,0.0023107,0.000770234,0.0023107,0.000770234,0.0023107,0.000770234
258,23288.3,0.7662,0.36731,0.80192,0,0,0,0,0,0,0.21941,0.00173,6e-05,0,0,0,0,0,0,0,0,0,0,0,0,0,0,0.62117,0.14086,0,0,0.45384,0.05632,0.37834,0.42745,0.93369,0.87692,0.91752,0.63255,1.02003,0.44147,0.83796,0,0,0,0,0,0,0,0,0,0,0,0,0,0,0,0,0,0,0,0,0,0,0,0,0,0,0,0,0,0,0,0.63255,0.00230577,0.000768591,0.00230577,0.000768591,0.00230577,0.000768591,0.00230577,0.000768591
259,23380.3,0.75645,0.36666,0.80247,0,0,0,0,0,0,0.21784,0.00173,6e-05,0,0,0,0,0,0,0,0,0,0,0,0,0,0,0.61807,0.14146,0,0,0.45382,0.05635,0.37788,0.42732,0.93421,0.87642,0.91754,0.63272,1.01915,0.44173,0.83794,0,0,0,0,0,0,0,0,0,0,0,0,0,0,0,0,0,0,0,0,0,0,0,0,0,0,0,0,0,0,0,0.63272,0.00230083,0.000766944,0.00230083,0.000766944,0.00230083,0.000766944,0.00230083,0.000766944
260,23470.5,0.75969,0.36596,0.80013,0,0,0,0,0,0,0.21614,0.00173,6e-05,0,0,0,0,0,0,0,0,0,0,0,0,0,0,0.62051,0.14094,0,0,0.45387,0.05634,0.3779,0.42749,0.93353,0.87722,0.91808,0.63282,1.01868,0.44132,0.83804,0,0,0,0,0,0,0,0,0,0,0,0,0,0,0,0,0,0,0,0,0,0,0,0,0,0,0,0,0,0,0,0.63282,0.00229588,0.000765292,0.00229588,0.000765292,0.00229588,0.000765292,0.00229588,0.000765292
261,23562,0.76036,0.3665,0.80106,0,0,0,0,0,0,0.21757,0.00175,6e-05,0,0,0,0,0,0,0,0,0,0,0,0,0,0,0.62436,0.14154,0,0,0.45387,0.05637,0.37796,0.42747,0.93403,0.87735,0.91797,0.63281,1.01847,0.44143,0.83807,0,0,0,0,0,0,0,0,0,0,0,0,0,0,0,0,0,0,0,0,0,0,0,0,0,0,0,0,0,0,0,0.63281,0.00229091,0.000763637,0.00229091,0.000763637,0.00229091,0.000763637,0.00229091,0.000763637
262,23652.4,0.75964,0.36692,0.80053,0,0,0,0,0,0,0.21813,0.00173,5e-05,0,0,0,0,0,0,0,0,0,0,0,0,0,0,0.618,0.1412,0,0,0.45387,0.05631,0.37817,0.42745,0.93457,0.87648,0.91825,0.63345,1.01802,0.44116,0.83799,0,0,0,0,0,0,0,0,0,0,0,0,0,0,0,0,0,0,0,0,0,0,0,0,0,0,0,0,0,0,0,0.63345,0.00228593,0.000761977,0.00228593,0.000761977,0.00228593,0.000761977,0.00228593,0.000761977
263,23743.9,0.75549,0.36498,0.80009,0,0,0,0,0,0,0.21514,0.00173,6e-05,0,0,0,0,0,0,0,0,0,0,0,0,0,0,0.6161,0.14096,0,0,0.45374,0.05636,0.37805,0.4273,0.9338,0.8775,0.91812,0.63388,1.01783,0.44098,0.83805,0,0,0,0,0,0,0,0,0,0,0,0,0,0,0,0,0,0,0,0,0,0,0,0,0,0,0,0,0,0,0,0.63388,0.00228094,0.000760314,0.00228094,0.000760314,0.00228094,0.000760314,0.00228094,0.000760314
264,23833.4,0.75493,0.36455,0.8013,0,0,0,0,0,0,0.2163,0.00172,6e-05,0,0,0,0,0,0,0,0,0,0,0,0,0,0,0.61682,0.14133,0,0,0.45393,0.05634,0.37686,0.42751,0.93484,0.87666,0.91848,0.63358,1.01765,0.44119,0.83813,0,0,0,0,0,0,0,0,0,0,0,0,0,0,0,0,0,0,0,0,0,0,0,0,0,0,0,0,0,0,0,0.63358,0.00227594,0.000758647,0.00227594,0.000758647,0.00227594,0.000758647,0.00227594,0.000758647
265,23925,0.75454,0.36521,0.80179,0,0,0,0,0,0,0.21826,0.00172,6e-05,5e-05,0,0,0,0,0,0,0,0,0,0,0,0,0,0.61136,0.14166,0,0,0.45382,0.05632,0.37803,0.42738,0.93429,0.87632,0.91798,0.63348,1.01765,0.441,0.83823,0,0,0,0,0,0,0,0,0,0,0,0,0,0,0,0,0,0,0,0,0,0,0,0,0,0,0,0,0,0,0,0.63348,0.00227093,0.000756976,0.00227093,0.000756976,0.00227093,0.000756976,0.00227093,0.000756976
266,24014.7,0.75939,0.36822,0.80218,0,0,0,0,0,0,0.21845,0.00172,5e-05,0,0,0,0,0,0,0,0,0,0,0,0,0,0,0.61864,0.13939,0,0,0.45394,0.05635,0.37843,0.42757,0.93414,0.87597,0.91769,0.63347,1.01753,0.44126,0.83825,0,0,0,0,0,0,0,0,0,0,0,0,0,0,0,0,0,0,0,0,0,0,0,0,0,0,0,0,0,0,0,0.63347,0.0022659,0.0007553,0.0022659,0.0007553,0.0022659,0.0007553,0.0022659,0.0007553
267,24104.9,0.75816,0.36573,0.80347,0,0,0,0,0,0,0.21838,0.00172,6e-05,0,0,0,0,0,0,0,0,0,0,0,0,0,0,0.61913,0.13995,0,0,0.45394,0.05637,0.37812,0.4275,0.93373,0.87561,0.9173,0.63316,1.01696,0.44143,0.83822,0,0,0,0,0,0,0,0,0,0,0,0,0,0,0,0,0,0,0,0,0,0,0,0,0,0,0,0,0,0,0,0.63316,0.00226086,0.000753621,0.00226086,0.000753621,0.00226086,0.000753621,0.00226086,0.000753621
268,24195.3,0.75791,0.36619,0.80254,0,0,0,0,0,0,0.21966,0.00171,6e-05,0,0,0,0,0,0,0,0,0,0,0,0,0,0,0.62592,0.14052,0,0,0.45386,0.05641,0.37839,0.42751,0.9337,0.87662,0.91762,0.63343,1.01634,0.44135,0.83826,0,0,0,0,0,0,0,0,0,0,0,0,0,0,0,0,0,0,0,0,0,0,0,0,0,0,0,0,0,0,0,0.63343,0.00225582,0.000751939,0.00225582,0.000751939,0.00225582,0.000751939,0.00225582,0.000751939
269,24285.7,0.753,0.3644,0.80323,0,0,0,0,0,0,0.21707,0.00174,6e-05,3e-05,0,0,0,0,0,0,0,0,0,0,0,0,0,0.62429,0.14041,0,0,0.4539,0.05634,0.37851,0.42751,0.93442,0.8756,0.91745,0.63347,1.0162,0.44157,0.83837,0,0,0,0,0,0,0,0,0,0,0,0,0,0,0,0,0,0,0,0,0,0,0,0,0,0,0,0,0,0,0,0.63347,0.00225076,0.000750252,0.00225076,0.000750252,0.00225076,0.000750252,0.00225076,0.000750252
270,24376.6,0.75497,0.36562,0.80054,0,0,0,0,0,0,0.21583,0.00171,5e-05,0,0,0,0,0,0,0,0,0,0,0,0,0,0,0.63131,0.13945,0,0,0.4538,0.05628,0.37848,0.42739,0.93461,0.87591,0.91778,0.63331,1.01663,0.44131,0.8384,0,0,0,0,0,0,0,0,0,0,0,0,0,0,0,0,0,0,0,0,0,0,0,0,0,0,0,0,0,0,0,0.63331,0.00224568,0.000748562,0.00224568,0.000748562,0.00224568,0.000748562,0.00224568,0.000748562
271,24467,0.75489,0.36388,0.80047,0,0,0,0,0,0,0.21397,0.00172,5e-05,0,0,0,0,0,0,0,0,0,0,0,0,0,0,0.63326,0.13941,0,0,0.45388,0.05635,0.37793,0.42745,0.93445,0.87559,0.91757,0.63354,1.01688,0.4413,0.83837,0,0,0,0,0,0,0,0,0,0,0,0,0,0,0,0,0,0,0,0,0,0,0,0,0,0,0,0,0,0,0,0.63354,0.0022406,0.000746868,0.0022406,0.000746868,0.0022406,0.000746868,0.0022406,0.000746868
272,24558.6,0.75244,0.36353,0.79993,0,0,0,0,0,0,0.21464,0.00172,6e-05,0,0,0,0,0,0,0,0,0,0,0,0,0,0,0.64,0.13937,0,0,0.45393,0.05634,0.37768,0.42756,0.9337,0.87562,0.91737,0.63326,1.01633,0.44141,0.83823,0,0,0,0,0,0,0,0,0,0,0,0,0,0,0,0,0,0,0,0,0,0,0,0,0,0,0,0,0,0,0,0.63326,0.00223551,0.00074517,0.00223551,0.00074517,0.00223551,0.00074517,0.00223551,0.00074517
273,24648.3,0.75794,0.3663,0.80186,0,0,0,0,0,0,0.21618,0.0017,6e-05,0,0,0,0,0,0,0,0,0,0,0,0,0,0,0.64472,0.1381,0,0,0.45387,0.05634,0.37721,0.42746,0.93466,0.8753,0.91706,0.63308,1.01644,0.44214,0.83833,0,0,0,0,0,0,0,0,0,0,0,0,0,0,0,0,0,0,0,0,0,0,0,0,0,0,0,0,0,0,0,0.63308,0.0022304,0.000743468,0.0022304,0.000743468,0.0022304,0.000743468,0.0022304,0.000743468
274,24739.2,0.75576,0.36424,0.80224,0,0,0,0,0,0,0.21494,0.0017,5e-05,0,0,0,0,0,0,0,0,0,0,0,0,0,0,0.64548,0.13902,0,0,0.45379,0.05641,0.37754,0.42738,0.93487,0.87548,0.91745,0.63279,1.0166,0.44227,0.83824,0,0,0,0,0,0,0,0,0,0,0,0,0,0,0,0,0,0,0,0,0,0,0,0,0,0,0,0,0,0,0,0.63279,0.00222529,0.000741763,0.00222529,0.000741763,0.00222529,0.000741763,0.00222529,0.000741763
275,24830.4,0.74955,0.36252,0.80313,0,0,0,0,0,0,0.21397,0.00171,6e-05,0,0,0,0,0,0,0,0,0,0,0,0,0,0,0.63644,0.13899,0,0,0.45387,0.05636,0.37736,0.42745,0.93543,0.87519,0.91754,0.63262,1.01774,0.4421,0.83838,0,0,0,0,0,0,0,0,0,0,0,0,0,0,0,0,0,0,0,0,0,0,0,0,0,0,0,0,0,0,0,0.63262,0.00222016,0.000740054,0.00222016,0.000740054,0.00222016,0.000740054,0.00222016,0.000740054
276,24921.5,0.75015,0.36347,0.80137,0,0,0,0,0,0,0.21576,0.00171,6e-05,0,0,0,0,0,0,0,0,0,0,0,0,0,0,0.64081,0.13941,0,0,0.4538,0.05638,0.37768,0.42744,0.93474,0.87474,0.91692,0.63289,1.01744,0.44209,0.83847,0,0,0,0,0,0,0,0,0,0,0,0,0,0,0,0,0,0,0,0,0,0,0,0,0,0,0,0,0,0,0,0.63289,0.00221502,0.000738341,0.00221502,0.000738341,0.00221502,0.000738341,0.00221502,0.000738341
277,25013.1,0.75469,0.36438,0.80136,0,0,0,0,0,0,0.21601,0.0017,6e-05,0,0,0,0,0,0,0,0,0,0,0,0,0,0,0.63274,0.13917,0,0,0.45386,0.0563,0.37873,0.42744,0.93477,0.87464,0.91654,0.63289,1.01736,0.44225,0.83845,0,0,0,0,0,0,0,0,0,0,0,0,0,0,0,0,0,0,0,0,0,0,0,0,0,0,0,0,0,0,0,0.63289,0.00220988,0.000736625,0.00220988,0.000736625,0.00220988,0.000736625,0.00220988,0.000736625
278,25104.8,0.75671,0.36275,0.80173,0,0,0,0,0,0,0.21567,0.00171,6e-05,0,0,0,0,0,0,0,0,0,0,0,0,0,0,0.64059,0.13901,0,0,0.45386,0.05625,0.37813,0.42745,0.93425,0.87434,0.91655,0.63321,1.01764,0.44257,0.83848,0,0,0,0,0,0,0,0,0,0,0,0,0,0,0,0,0,0,0,0,0,0,0,0,0,0,0,0,0,0,0,0.63321,0.00220472,0.000734906,0.00220472,0.000734906,0.00220472,0.000734906,0.00220472,0.000734906
279,25194.3,0.75592,0.36311,0.79929,0,0,0,0,0,0,0.21372,0.00171,6e-05,0,0,0,0,0,0,0,0,0,0,0,0,0,0,0.63674,0.13885,0,0,0.4538,0.05632,0.3779,0.42744,0.93447,0.87448,0.91667,0.63292,1.01777,0.4425,0.83847,0,0,0,0,0,0,0,0,0,0,0,0,0,0,0,0,0,0,0,0,0,0,0,0,0,0,0,0,0,0,0,0.63292,0.00219955,0.000733182,0.00219955,0.000733182,0.00219955,0.000733182,0.00219955,0.000733182
280,25284.4,0.75479,0.36461,0.80206,0,0,0,0,0,0,0.2159,0.0017,5e-05,0,0,0,0,0,0,0,0,0,0,0,0,0,0,0.63526,0.13836,0,0,0.45381,0.05632,0.37811,0.42741,0.93433,0.87442,0.91677,0.63328,1.01763,0.44217,0.83844,0,0,0,0,0,0,0,0,0,0,0,0,0,0,0,0,0,0,0,0,0,0,0,0,0,0,0,0,0,0,0,0.63328,0.00219437,0.000731456,0.00219437,0.000731456,0.00219437,0.000731456,0.00219437,0.000731456
281,25376.1,0.75804,0.3667,0.80166,0,0,0,0,0,0,0.21569,0.0017,6e-05,0,0,0,0,0,0,0,0,0,0,0,0,0,0,0.63458,0.13904,0,0,0.4538,0.05637,0.37814,0.42737,0.9342,0.87355,0.91627,0.63282,1.0179,0.44207,0.83847,0,0,0,0,0,0,0,0,0,0,0,0,0,0,0,0,0,0,0,0,0,0,0,0,0,0,0,0,0,0,0,0.63282,0.00218918,0.000729725,0.00218918,0.000729725,0.00218918,0.000729725,0.00218918,0.000729725
282,25466.5,0.75563,0.36277,0.80095,0,0,0,0,0,0,0.21335,0.00168,5e-05,0,0,0,0,0,0,0,0,0,0,0,0,0,0,0.6329,0.13714,0,0,0.45383,0.0564,0.37799,0.42745,0.9339,0.87398,0.91628,0.633,1.01791,0.44242,0.83845,0,0,0,0,0,0,0,0,0,0,0,0,0,0,0,0,0,0,0,0,0,0,0,0,0,0,0,0,0,0,0,0.633,0.00218397,0.000727992,0.00218397,0.000727992,0.00218397,0.000727992,0.00218397,0.000727992
283,25557.3,0.75398,0.36441,0.80121,0,0,0,0,0,0,0.21589,0.00168,5e-05,0,0,0,0,0,0,0,0,0,0,0,0,0,0,0.63415,0.13823,0,0,0.45382,0.0563,0.37894,0.42742,0.93451,0.87399,0.91683,0.63269,1.0185,0.44284,0.83861,0,0,0,0,0,0,0,0,0,0,0,0,0,0,0,0,0,0,0,0,0,0,0,0,0,0,0,0,0,0,0,0.63269,0.00217876,0.000726254,0.00217876,0.000726254,0.00217876,0.000726254,0.00217876,0.000726254
284,25648.1,0.75309,0.36431,0.79907,0,0,0,0,0,0,0.21137,0.00168,5e-05,0,0,0,0,0,0,0,0,0,0,0,0,0,0,0.63894,0.13864,0,0,0.45387,0.05635,0.37804,0.42753,0.93388,0.87345,0.91593,0.63281,1.01817,0.4429,0.83863,0,0,0,0,0,0,0,0,0,0,0,0,0,0,0,0,0,0,0,0,0,0,0,0,0,0,0,0,0,0,0,0.63281,0.00217354,0.000724514,0.00217354,0.000724514,0.00217354,0.000724514,0.00217354,0.000724514
285,25738.4,0.74876,0.36201,0.8012,0,0,0,0,0,0,0.21632,0.00168,5e-05,0,0,0,0,0,0,0,0,0,0,0,0,0,0,0.63514,0.13855,0,0,0.45381,0.05632,0.37809,0.4274,0.93422,0.87367,0.91582,0.63262,1.01836,0.44292,0.83866,0,0,0,0,0,0,0,0,0,0,0,0,0,0,0,0,0,0,0,0,0,0,0,0,0,0,0,0,0,0,0,0.63262,0.00216831,0.00072277,0.00216831,0.00072277,0.00216831,0.00072277,0.00216831,0.00072277
286,25828.3,0.75349,0.3641,0.80159,0,0,0,0,0,0,0.21566,0.00169,6e-05,0,0,0,0,0,0,0,0,0,0,0,0,0,0,0.63654,0.13856,0,0,0.45372,0.05639,0.3784,0.42732,0.93451,0.87428,0.91663,0.6329,1.01823,0.44306,0.83875,0,0,0,0,0,0,0,0,0,0,0,0,0,0,0,0,0,0,0,0,0,0,0,0,0,0,0,0,0,0,0,0.6329,0.00216307,0.000721023,0.00216307,0.000721023,0.00216307,0.000721023,0.00216307,0.000721023
287,25918.4,0.7503,0.36276,0.80054,0,0,0,0,0,0,0.21497,0.0017,5e-05,0,0,0,0,0,0,0,0,0,0,0,0,0,0,0.62859,0.13749,0,0,0.45393,0.05638,0.3779,0.4275,0.93424,0.87362,0.91614,0.63296,1.01845,0.443,0.83871,0,0,0,0,0,0,0,0,0,0,0,0,0,0,0,0,0,0,0,0,0,0,0,0,0,0,0,0,0,0,0,0.63296,0.00215782,0.000719272,0.00215782,0.000719272,0.00215782,0.000719272,0.00215782,0.000719272
288,26008.3,0.75213,0.36406,0.80054,0,0,0,0,0,0,0.21323,0.00171,6e-05,0,0,0,0,0,0,0,0,0,0,0,0,0,0,0.62875,0.13815,0,0,0.45392,0.05635,0.37855,0.42755,0.93399,0.87305,0.91547,0.63268,1.01833,0.44323,0.83868,0,0,0,0,0,0,0,0,0,0,0,0,0,0,0,0,0,0,0,0,0,0,0,0,0,0,0,0,0,0,0,0.63268,0.00215255,0.000717518,0.00215255,0.000717518,0.00215255,0.000717518,0.00215255,0.000717518
289,26098.1,0.75047,0.36287,0.8021,0,0,0,0,0,0,0.21226,0.0017,6e-05,1e-05,0,0,0,0,0,0,0,0,0,0,0,0,0,0.62529,0.13675,0,0,0.45386,0.05635,0.37812,0.42745,0.9346,0.87356,0.91582,0.6328,1.01877,0.44308,0.83867,0,0,0,0,0,0,0,0,0,0,0,0,0,0,0,0,0,0,0,0,0,0,0,0,0,0,0,0,0,0,0,0.6328,0.00214728,0.000715761,0.00214728,0.000715761,0.00214728,0.000715761,0.00214728,0.000715761
290,26188.9,0.75144,0.36255,0.80239,0,0,0,0,0,0,0.21265,0.0017,5e-05,0,0,0,0,0,0,0,0,0,0,0,0,0,0,0.63263,0.13797,0,0,0.45389,0.05631,0.37782,0.42744,0.93446,0.87386,0.91611,0.63276,1.01868,0.44296,0.83876,0,0,0,0,0,0,0,0,0,0,0,0,0,0,0,0,0,0,0,0,0,0,0,0,0,0,0,0,0,0,0,0.63276,0.002142,0.000714,0.002142,0.000714,0.002142,0.000714,0.002142,0.000714
291,26279.3,0.74762,0.36221,0.80205,0,0,0,0,0,0,0.21732,0.00169,6e-05,0,0,0,0,0,0,0,0,0,0,0,0,0,0,0.6328,0.13798,0,0,0.45385,0.05634,0.37879,0.42746,0.9337,0.87426,0.91602,0.63295,1.01807,0.44336,0.8385,0,0,0,0,0,0,0,0,0,0,0,0,0,0,0,0,0,0,0,0,0,0,0,0,0,0,0,0,0,0,0,0.63295,0.00213671,0.000712237,0.00213671,0.000712237,0.00213671,0.000712237,0.00213671,0.000712237
292,26370.9,0.75139,0.36177,0.80198,0,0,0,0,0,0,0.21155,0.00168,5e-05,0,0,0,0,0,0,0,0,0,0,0,0,0,0,0.63173,0.13774,0,0,0.45373,0.05637,0.37743,0.42729,0.9339,0.8744,0.91615,0.63319,1.01869,0.44349,0.83855,0,0,0,0,0,0,0,0,0,0,0,0,0,0,0,0,0,0,0,0,0,0,0,0,0,0,0,0,0,0,0,0.63319,0.00213141,0.00071047,0.00213141,0.00071047,0.00213141,0.00071047,0.00213141,0.00071047
293,26462.1,0.74247,0.35889,0.79886,0,0,0,0,0,0,0.21068,0.00169,5e-05,0,0,0,0,0,0,0,0,0,0,0,0,0,0,0.62901,0.13811,0,0,0.45382,0.0564,0.37809,0.42739,0.93336,0.87444,0.91561,0.63279,1.01916,0.44353,0.83861,0,0,0,0,0,0,0,0,0,0,0,0,0,0,0,0,0,0,0,0,0,0,0,0,0,0,0,0,0,0,0,0.63279,0.0021261,0.0007087,0.0021261,0.0007087,0.0021261,0.0007087,0.0021261,0.0007087
294,26552.4,0.74909,0.36259,0.80155,0,0,0,0,0,0,0.21296,0.00169,6e-05,0,0,0,0,0,0,0,0,0,0,0,0,0,0,0.62536,0.13739,0,0,0.45385,0.05635,0.37787,0.42743,0.93343,0.8749,0.91594,0.63288,1.02017,0.44356,0.83896,0,0,0,0,0,0,0,0,0,0,0,0,0,0,0,0,0,0,0,0,0,0,0,0,0,0,0,0,0,0,0,0.63288,0.00212078,0.000706926,0.00212078,0.000706926,0.00212078,0.000706926,0.00212078,0.000706926
295,26642.8,0.74878,0.36105,0.80146,0,0,0,0,0,0,0.21267,0.0017,6e-05,0,0,0,0,0,0,0,0,0,0,0,0,0,0,0.62933,0.13771,0,0,0.45381,0.05638,0.37809,0.42742,0.93362,0.87496,0.91613,0.63282,1.01996,0.44376,0.83895,0,0,0,0,0,0,0,0,0,0,0,0,0,0,0,0,0,0,0,0,0,0,0,0,0,0,0,0,0,0,0,0.63282,0.00211545,0.00070515,0.00211545,0.00070515,0.00211545,0.00070515,0.00211545,0.00070515
296,26733.7,0.74979,0.36312,0.79928,0,0,0,0,0,0,0.21654,0.00171,5e-05,0,0,0,0,0,0,0,0,0,0,0,0,0,0,0.633,0.13763,0,0,0.45387,0.05636,0.37822,0.42746,0.93324,0.87466,0.91642,0.63262,1.01999,0.44375,0.83897,0,0,0,0,0,0,0,0,0,0,0,0,0,0,0,0,0,0,0,0,0,0,0,0,0,0,0,0,0,0,0,0.63262,0.00211011,0.000703371,0.00211011,0.000703371,0.00211011,0.000703371,0.00211011,0.000703371
297,26824.8,0.749,0.36202,0.80093,0,0,0,0,0,0,0.21405,0.00168,5e-05,0,0,0,0,0,0,0,0,0,0,0,0,0,0,0.62279,0.13707,0,0,0.45375,0.05644,0.37822,0.42733,0.93325,0.8747,0.91671,0.63262,1.01999,0.44383,0.83901,0,0,0,0,0,0,0,0,0,0,0,0,0,0,0,0,0,0,0,0,0,0,0,0,0,0,0,0,0,0,0,0.63262,0.00210476,0.000701588,0.00210476,0.000701588,0.00210476,0.000701588,0.00210476,0.000701588
298,26916.3,0.74989,0.36243,0.80118,0,0,0,0,0,0,0.21352,0.00171,5e-05,0,0,0,0,0,0,0,0,0,0,0,0,0,0,0.63976,0.13939,0,0,0.454,0.05639,0.37811,0.42762,0.93319,0.87441,0.91705,0.63266,1.0206,0.44379,0.83907,0,0,0,0,0,0,0,0,0,0,0,0,0,0,0,0,0,0,0,0,0,0,0,0,0,0,0,0,0,0,0,0.63266,0.00209941,0.000699803,0.00209941,0.000699803,0.00209941,0.000699803,0.00209941,0.000699803
299,27007.9,0.74824,0.36197,0.80037,0,0,0,0,0,0,0.21014,0.00168,5e-05,0,0,0,0,0,0,0,0,0,0,0,0,0,0,0.6326,0.13841,0,0,0.45383,0.05636,0.37759,0.42741,0.93329,0.87388,0.9163,0.63259,1.02028,0.44403,0.83903,0,0,0,0,0,0,0,0,0,0,0,0,0,0,0,0,0,0,0,0,0,0,0,0,0,0,0,0,0,0,0,0.63259,0.00209404,0.000698014,0.00209404,0.000698014,0.00209404,0.000698014,0.00209404,0.000698014
300,27099,0.74668,0.35971,0.80132,0,0,0,0,0,0,0.21094,0.00168,5e-05,0,0,0,0,0,0,0,0,0,0,0,0,0,0,0.62926,0.13691,0,0,0.45382,0.05635,0.37778,0.42744,0.93325,0.87462,0.91676,0.63245,1.02042,0.44426,0.83904,0,0,0,0,0,0,0,0,0,0,0,0,0,0,0,0,0,0,0,0,0,0,0,0,0,0,0,0,0,0,0,0.63245,0.00208867,0.000696223,0.00208867,0.000696223,0.00208867,0.000696223,0.00208867,0.000696223
301,27190.3,0.7398,0.35849,0.79994,0,0,0,0,0,0,0.21003,0.00169,5e-05,0,0,0,0,0,0,0,0,0,0,0,0,0,0,0.6335,0.1377,0,0,0.45395,0.05638,0.37805,0.4275,0.93322,0.87403,0.916,0.63227,1.02015,0.44413,0.839,0,0,0,0,0,0,0,0,0,0,0,0,0,0,0,0,0,0,0,0,0,0,0,0,0,0,0,0,0,0,0,0.63227,0.00208328,0.000694428,0.00208328,0.000694428,0.00208328,0.000694428,0.00208328,0.000694428
302,27281.9,0.75131,0.35964,0.79983,0,0,0,0,0,0,0.21404,0.00168,5e-05,0,0,0,0,0,0,0,0,0,0,0,0,0,0,0.63168,0.13728,0,0,0.45394,0.05634,0.37897,0.42752,0.9341,0.87471,0.91654,0.63249,1.02044,0.44444,0.83908,0,0,0,0,0,0,0,0,0,0,0,0,0,0,0,0,0,0,0,0,0,0,0,0,0,0,0,0,0,0,0,0.63249,0.00207789,0.000692631,0.00207789,0.000692631,0.00207789,0.000692631,0.00207789,0.000692631
303,27372,0.7452,0.36191,0.8006,0,0,0,0,0,0,0.2058,0.00168,5e-05,0,0,0,0,0,0,0,0,0,0,0,0,0,0,0.63412,0.13717,0,0,0.45385,0.05637,0.37807,0.42745,0.93341,0.87398,0.91625,0.63266,1.02,0.44403,0.83904,0,0,0,0,0,0,0,0,0,0,0,0,0,0,0,0,0,0,0,0,0,0,0,0,0,0,0,0,0,0,0,0.63266,0.00207249,0.000690831,0.00207249,0.000690831,0.00207249,0.000690831,0.00207249,0.000690831
304,27462.7,0.746,0.36232,0.79997,0,0,0,0,0,0,0.21077,0.00167,5e-05,0,0,0,0,0,0,0,0,0,0,0,0,0,0,0.62467,0.13703,0,0,0.45399,0.05629,0.37783,0.42754,0.93625,0.87219,0.91665,0.63263,1.01972,0.44458,0.83904,0,0,0,0,0,0,0,0,0,0,0,0,0,0,0,0,0,0,0,0,0,0,0,0,0,0,0,0,0,0,0,0.63263,0.00206708,0.000689028,0.00206708,0.000689028,0.00206708,0.000689028,0.00206708,0.000689028
305,27553.3,0.74734,0.36283,0.80211,0,0,0,0,0,0,0.20944,0.00168,5e-05,0,0,0,0,0,0,0,0,0,0,0,0,0,0,0.62373,0.13777,0,0,0.45387,0.05637,0.37858,0.42746,0.93587,0.87325,0.91703,0.633,1.01956,0.44438,0.83902,0,0,0,0,0,0,0,0,0,0,0,0,0,0,0,0,0,0,0,0,0,0,0,0,0,0,0,0,0,0,0,0.633,0.00206166,0.000687222,0.00206166,0.000687222,0.00206166,0.000687222,0.00206166,0.000687222
306,27643.7,0.74268,0.36036,0.80079,0,0,0,0,0,0,0.21046,0.00168,5e-05,0,0,0,0,0,0,0,0,0,0,0,0,0,0,0.62885,0.13694,0,0,0.45386,0.05636,0.37825,0.42745,0.93532,0.87415,0.9169,0.63302,1.01903,0.44431,0.83904,0,0,0,0,0,0,0,0,0,0,0,0,0,0,0,0,0,0,0,0,0,0,0,0,0,0,0,0,0,0,0,0.63302,0.00205624,0.000685413,0.00205624,0.000685413,0.00205624,0.000685413,0.00205624,0.000685413
307,27734.1,0.74428,0.36067,0.7993,0,0,0,0,0,0,0.20908,0.00167,5e-05,0,0,0,0,0,0,0,0,0,0,0,0,0,0,0.62484,0.13637,0,0,0.45383,0.05641,0.37755,0.42745,0.93667,0.87301,0.9168,0.63296,1.01858,0.44433,0.83901,0,0,0,0,0,0,0,0,0,0,0,0,0,0,0,0,0,0,0,0,0,0,0,0,0,0,0,0,0,0,0,0.63296,0.0020508,0.000683601,0.0020508,0.000683601,0.0020508,0.000683601,0.0020508,0.000683601
308,27826.4,0.74823,0.3606,0.80052,0,0,0,0,0,0,0.20881,0.00167,6e-05,0,0,0,0,0,0,0,0,0,0,0,0,0,0,0.63202,0.13643,0,0,0.45383,0.05633,0.37788,0.42731,0.93675,0.87188,0.91669,0.63272,1.01851,0.44459,0.83906,0,0,0,0,0,0,0,0,0,0,0,0,0,0,0,0,0,0,0,0,0,0,0,0,0,0,0,0,0,0,0,0.63272,0.00204536,0.000681787,0.00204536,0.000681787,0.00204536,0.000681787,0.00204536,0.000681787
309,27917.9,0.74607,0.36012,0.80106,0,0,0,0,0,0,0.20898,0.00167,5e-05,0,0,0,0,0,0,0,0,0,0,0,0,0,0,0.63395,0.13757,0,0,0.45389,0.0564,0.37749,0.42752,0.93673,0.87128,0.91646,0.63306,1.01844,0.44477,0.83908,0,0,0,0,0,0,0,0,0,0,0,0,0,0,0,0,0,0,0,0,0,0,0,0,0,0,0,0,0,0,0,0.63306,0.00203991,0.00067997,0.00203991,0.00067997,0.00203991,0.00067997,0.00203991,0.00067997
310,28009.6,0.74014,0.35876,0.7998,0,0,0,0,0,0,0.20739,0.00165,5e-05,0,0,0,0,0,0,0,0,0,0,0,0,0,0,0.63216,0.1373,0,0,0.45387,0.05633,0.37683,0.42742,0.93624,0.87278,0.91683,0.63293,1.0183,0.44534,0.83882,0,0,0,0,0,0,0,0,0,0,0,0,0,0,0,0,0,0,0,0,0,0,0,0,0,0,0,0,0,0,0,0.63293,0.00203445,0.00067815,0.00203445,0.00067815,0.00203445,0.00067815,0.00203445,0.00067815
311,28099.4,0.74032,0.35969,0.80124,0,0,0,0,0,0,0.20922,0.00166,5e-05,0,0,0,0,0,0,0,0,0,0,0,0,0,0,0.63128,0.13734,0,0,0.45388,0.05632,0.37804,0.42749,0.93641,0.87049,0.91602,0.63237,1.01867,0.44547,0.83889,0,0,0,0,0,0,0,0,0,0,0,0,0,0,0,0,0,0,0,0,0,0,0,0,0,0,0,0,0,0,0,0.63237,0.00202898,0.000676328,0.00202898,0.000676328,0.00202898,0.000676328,0.00202898,0.000676328
312,28190,0.74165,0.35893,0.80213,0,0,0,0,0,0,0.21144,0.00165,5e-05,1e-05,0,0,0,0,0,0,0,0,0,0,0,0,0,0.61971,0.13651,0,0,0.45388,0.05635,0.37779,0.42743,0.93528,0.87142,0.91616,0.6327,1.01778,0.44527,0.83878,0,0,0,0,0,0,0,0,0,0,0,0,0,0,0,0,0,0,0,0,0,0,0,0,0,0,0,0,0,0,0,0.6327,0.00202351,0.000674503,0.00202351,0.000674503,0.00202351,0.000674503,0.00202351,0.000674503
313,28280.9,0.73715,0.3578,0.80173,0,0,0,0,0,0,0.20893,0.00166,5e-05,0,0,0,0,0,0,0,0,0,0,0,0,0,0,0.63088,0.13571,0,0,0.45392,0.05635,0.37811,0.42748,0.93499,0.87335,0.91638,0.63277,1.01746,0.44506,0.83883,0,0,0,0,0,0,0,0,0,0,0,0,0,0,0,0,0,0,0,0,0,0,0,0,0,0,0,0,0,0,0,0.63277,0.00201803,0.000672675,0.00201803,0.000672675,0.00201803,0.000672675,0.00201803,0.000672675
314,28372.2,0.73765,0.35977,0.80092,0,0,0,0,0,0,0.21196,0.00166,5e-05,0,0,0,0,0,0,0,0,0,0,0,0,0,0,0.63022,0.13622,0,0,0.45393,0.05639,0.37913,0.42752,0.93473,0.87281,0.91611,0.63243,1.01767,0.44544,0.83881,0,0,0,0,0,0,0,0,0,0,0,0,0,0,0,0,0,0,0,0,0,0,0,0,0,0,0,0,0,0,0,0.63243,0.00201254,0.000670845,0.00201254,0.000670845,0.00201254,0.000670845,0.00201254,0.000670845
315,28462.5,0.73947,0.35953,0.80102,0,0,0,0,0,0,0.20816,0.00166,6e-05,0,0,0,0,0,0,0,0,0,0,0,0,0,0,0.63372,0.13611,0,0,0.45388,0.05633,0.37803,0.42745,0.93515,0.87154,0.91614,0.63263,1.01692,0.44565,0.83874,0,0,0,0,0,0,0,0,0,0,0,0,0,0,0,0,0,0,0,0,0,0,0,0,0,0,0,0,0,0,0,0.63263,0.00200704,0.000669012,0.00200704,0.000669012,0.00200704,0.000669012,0.00200704,0.000669012
316,28553.8,0.7417,0.35914,0.7993,0,0,0,0,0,0,0.2069,0.00166,5e-05,0,0,0,0,0,0,0,0,0,0,0,0,0,0,0.63475,0.13652,0,0,0.45384,0.05634,0.3776,0.42737,0.93542,0.87246,0.91658,0.63257,1.01659,0.44565,0.83873,0,0,0,0,0,0,0,0,0,0,0,0,0,0,0,0,0,0,0,0,0,0,0,0,0,0,0,0,0,0,0,0.63257,0.00200153,0.000667177,0.00200153,0.000667177,0.00200153,0.000667177,0.00200153,0.000667177
317,28645.4,0.74109,0.35909,0.80025,0,0,0,0,0,0,0.20699,0.00167,5e-05,0,0,0,0,0,0,0,0,0,0,0,0,0,0,0.63037,0.13542,0,0,0.4538,0.05637,0.37833,0.42738,0.9352,0.87207,0.91589,0.63246,1.01676,0.44597,0.83869,0,0,0,0,0,0,0,0,0,0,0,0,0,0,0,0,0,0,0,0,0,0,0,0,0,0,0,0,0,0,0,0.63246,0.00199602,0.000665339,0.00199602,0.000665339,0.00199602,0.000665339,0.00199602,0.000665339
318,28736.9,0.73957,0.35748,0.80159,0,0,0,0,0,0,0.20677,0.00166,5e-05,0,0,0,0,0,0,0,0,0,0,0,0,0,0,0.63186,0.13504,0,0,0.45386,0.05641,0.37805,0.42751,0.93524,0.87234,0.916,0.63266,1.01662,0.44587,0.83873,0,0,0,0,0,0,0,0,0,0,0,0,0,0,0,0,0,0,0,0,0,0,0,0,0,0,0,0,0,0,0,0.63266,0.0019905,0.000663499,0.0019905,0.000663499,0.0019905,0.000663499,0.0019905,0.000663499
319,28827.7,0.73782,0.35648,0.80035,0,0,0,0,0,0,0.20859,0.00165,5e-05,0,0,0,0,0,0,0,0,0,0,0,0,0,0,0.629,0.13499,0,0,0.45383,0.05633,0.37726,0.42745,0.93627,0.87166,0.91585,0.63254,1.01687,0.44626,0.83877,0,0,0,0,0,0,0,0,0,0,0,0,0,0,0,0,0,0,0,0,0,0,0,0,0,0,0,0,0,0,0,0.63254,0.00198497,0.000661656,0.00198497,0.000661656,0.00198497,0.000661656,0.00198497,0.000661656
320,28915.7,0.73602,0.35774,0.79883,0,0,0,0,0,0,0.20638,0.00166,5e-05,0,0,0,0,0,0,0,0,0,0,0,0,0,0,0.62838,0.13494,0,0,0.45385,0.05635,0.37859,0.42747,0.93585,0.87066,0.91543,0.63247,1.0166,0.44626,0.8388,0,0,0,0,0,0,0,0,0,0,0,0,0,0,0,0,0,0,0,0,0,0,0,0,0,0,0,0,0,0,0,0.63247,0.00197943,0.000659811,0.00197943,0.000659811,0.00197943,0.000659811,0.00197943,0.000659811
321,29006.7,0.73981,0.35886,0.80079,0,0,0,0,0,0,0.2093,0.00165,6e-05,0,0,0,0,0,0,0,0,0,0,0,0,0,0,0.62391,0.13428,0,0,0.45383,0.05631,0.37817,0.4274,0.93583,0.871,0.91567,0.6326,1.0166,0.44655,0.83878,0,0,0,0,0,0,0,0,0,0,0,0,0,0,0,0,0,0,0,0,0,0,0,0,0,0,0,0,0,0,0,0.6326,0.00197389,0.000657963,0.00197389,0.000657963,0.00197389,0.000657963,0.00197389,0.000657963
322,29099,0.73851,0.35823,0.79864,0,0,0,0,0,0,0.2059,0.00164,6e-05,0,0,0,0,0,0,0,0,0,0,0,0,0,0,0.61856,0.13386,0,0,0.45382,0.05641,0.37835,0.42743,0.93625,0.87048,0.91565,0.63254,1.01699,0.44683,0.83884,0,0,0,0,0,0,0,0,0,0,0,0,0,0,0,0,0,0,0,0,0,0,0,0,0,0,0,0,0,0,0,0.63254,0.00196834,0.000656114,0.00196834,0.000656114,0.00196834,0.000656114,0.00196834,0.000656114
323,29190.9,0.74177,0.35933,0.79811,0,0,0,0,0,0,0.20899,0.00165,5e-05,0,0,0,0,0,0,0,0,0,0,0,0,0,0,0.62399,0.13409,0,0,0.45373,0.05636,0.37814,0.42734,0.93559,0.87084,0.91525,0.63267,1.0174,0.44683,0.8389,0,0,0,0,0,0,0,0,0,0,0,0,0,0,0,0,0,0,0,0,0,0,0,0,0,0,0,0,0,0,0,0.63267,0.00196278,0.000654261,0.00196278,0.000654261,0.00196278,0.000654261,0.00196278,0.000654261
324,29281.6,0.734,0.35648,0.80119,0,0,0,0,0,0,0.20735,0.00166,5e-05,0,0,0,0,0,0,0,0,0,0,0,0,0,0,0.62227,0.13361,0,0,0.4538,0.05641,0.37806,0.42737,0.93551,0.87045,0.91512,0.63222,1.01703,0.44726,0.83892,0,0,0,0,0,0,0,0,0,0,0,0,0,0,0,0,0,0,0,0,0,0,0,0,0,0,0,0,0,0,0,0.63222,0.00195722,0.000652407,0.00195722,0.000652407,0.00195722,0.000652407,0.00195722,0.000652407
325,29372.9,0.73166,0.35738,0.79935,0,0,0,0,0,0,0.20512,0.00168,5e-05,0,0,0,0,0,0,0,0,0,0,0,0,0,0,0.62755,0.13418,0,0,0.45393,0.05639,0.37817,0.42747,0.93501,0.87095,0.91502,0.63215,1.01703,0.44754,0.83903,0,0,0,0,0,0,0,0,0,0,0,0,0,0,0,0,0,0,0,0,0,0,0,0,0,0,0,0,0,0,0,0.63215,0.00195165,0.00065055,0.00195165,0.00065055,0.00195165,0.00065055,0.00195165,0.00065055
326,29463.6,0.74143,0.3591,0.80138,0,0,0,0,0,0,0.20826,0.00165,5e-05,0,0,0,0,0,0,0,0,0,0,0,0,0,0,0.63832,0.13362,0,0,0.45387,0.05634,0.37783,0.42748,0.93521,0.87144,0.9151,0.63238,1.01663,0.4476,0.83908,0,0,0,0,0,0,0,0,0,0,0,0,0,0,0,0,0,0,0,0,0,0,0,0,0,0,0,0,0,0,0,0.63238,0.00194607,0.000648691,0.00194607,0.000648691,0.00194607,0.000648691,0.00194607,0.000648691
327,29554.1,0.73596,0.35624,0.80026,0,0,0,0,0,0,0.20418,0.00165,5e-05,3e-05,0,0,0,0,0,0,0,0,0,0,0,0,0,0.63465,0.13441,0,0,0.45379,0.05638,0.37806,0.4274,0.93514,0.87179,0.91527,0.63252,1.01727,0.44771,0.83904,0,0,0,0,0,0,0,0,0,0,0,0,0,0,0,0,0,0,0,0,0,0,0,0,0,0,0,0,0,0,0,0.63252,0.00194049,0.00064683,0.00194049,0.00064683,0.00194049,0.00064683,0.00194049,0.00064683
328,29643.9,0.7392,0.35777,0.80006,0,0,0,0,0,0,0.20542,0.00165,5e-05,0,0,0,0,0,0,0,0,0,0,0,0,0,0,0.636,0.13345,0,0,0.45393,0.05635,0.37835,0.42749,0.93372,0.87223,0.91577,0.63289,1.01809,0.44789,0.83908,0,0,0,0,0,0,0,0,0,0,0,0,0,0,0,0,0,0,0,0,0,0,0,0,0,0,0,0,0,0,0,0.63289,0.0019349,0.000644966,0.0019349,0.000644966,0.0019349,0.000644966,0.0019349,0.000644966
329,29734.4,0.73312,0.35661,0.79857,0,0,0,0,0,0,0.20715,0.00165,7e-05,0,0,0,0,0,0,0,0,0,0,0,0,0,0,0.63683,0.13294,0,0,0.45384,0.05638,0.3788,0.42742,0.93375,0.87313,0.91567,0.63244,1.01771,0.44755,0.83918,0,0,0,0,0,0,0,0,0,0,0,0,0,0,0,0,0,0,0,0,0,0,0,0,0,0,0,0,0,0,0,0.63244,0.0019293,0.000643101,0.0019293,0.000643101,0.0019293,0.000643101,0.0019293,0.000643101
330,29825.8,0.73761,0.35817,0.7997,0,0,0,0,0,0,0.20826,0.00165,5e-05,0,0,0,0,0,0,0,0,0,0,0,0,0,0,0.63641,0.13462,0,0,0.45387,0.05635,0.37876,0.42749,0.93307,0.87146,0.91503,0.63219,1.01749,0.44787,0.83923,0,0,0,0,0,0,0,0,0,0,0,0,0,0,0,0,0,0,0,0,0,0,0,0,0,0,0,0,0,0,0,0.63219,0.0019237,0.000641233,0.0019237,0.000641233,0.0019237,0.000641233,0.0019237,0.000641233
331,29916.8,0.73796,0.35869,0.79897,0,0,0,0,0,0,0.20576,0.00164,5e-05,4e-05,0,0,0,0,0,0,0,0,0,0,0,0,0,0.63777,0.13471,0,0,0.45381,0.05637,0.37829,0.42736,0.93338,0.87237,0.91537,0.63227,1.01687,0.44795,0.83914,0,0,0,0,0,0,0,0,0,0,0,0,0,0,0,0,0,0,0,0,0,0,0,0,0,0,0,0,0,0,0,0.63227,0.00191809,0.000639363,0.00191809,0.000639363,0.00191809,0.000639363,0.00191809,0.000639363
332,30008.3,0.7415,0.35791,0.79848,0,0,0,0,0,0,0.2076,0.00164,5e-05,0,0,0,0,0,0,0,0,0,0,0,0,0,0,0.64987,0.13378,0,0,0.45379,0.0564,0.37855,0.42744,0.93408,0.87195,0.91494,0.63241,1.0168,0.44802,0.83917,0,0,0,0,0,0,0,0,0,0,0,0,0,0,0,0,0,0,0,0,0,0,0,0,0,0,0,0,0,0,0,0.63241,0.00191247,0.000637491,0.00191247,0.000637491,0.00191247,0.000637491,0.00191247,0.000637491
333,30099.6,0.73765,0.35821,0.79793,0,0,0,0,0,0,0.20649,0.00165,5e-05,0,0,0,0,0,0,0,0,0,0,0,0,0,0,0.63906,0.13346,0,0,0.45375,0.05641,0.37863,0.42738,0.93385,0.87255,0.91496,0.6326,1.01679,0.44825,0.83915,0,0,0,0,0,0,0,0,0,0,0,0,0,0,0,0,0,0,0,0,0,0,0,0,0,0,0,0,0,0,0,0.6326,0.00190685,0.000635617,0.00190685,0.000635617,0.00190685,0.000635617,0.00190685,0.000635617
334,30191.6,0.73724,0.35799,0.79917,0,0,0,0,0,0,0.20817,0.00163,5e-05,0,0,0,0,0,0,0,0,0,0,0,0,0,0,0.63444,0.13258,0,0,0.45386,0.0563,0.37842,0.42746,0.93437,0.87252,0.91479,0.63232,1.0169,0.44855,0.83918,0,0,0,0,0,0,0,0,0,0,0,0,0,0,0,0,0,0,0,0,0,0,0,0,0,0,0,0,0,0,0,0.63232,0.00190122,0.000633741,0.00190122,0.000633741,0.00190122,0.000633741,0.00190122,0.000633741
335,30281.8,0.72978,0.35453,0.80001,0,0,0,0,0,0,0.20835,0.00163,5e-05,0,0,0,0,0,0,0,0,0,0,0,0,0,0,0.63199,0.13356,0,0,0.45383,0.05632,0.37868,0.4274,0.9345,0.87215,0.91532,0.63274,1.01697,0.44878,0.83909,0,0,0,0,0,0,0,0,0,0,0,0,0,0,0,0,0,0,0,0,0,0,0,0,0,0,0,0,0,0,0,0.63274,0.00189559,0.000631863,0.00189559,0.000631863,0.00189559,0.000631863,0.00189559,0.000631863
336,30372.9,0.73243,0.35486,0.7985,0,0,0,0,0,0,0.20477,0.00164,5e-05,0,0,0,0,0,0,0,0,0,0,0,0,0,0,0.63101,0.13313,0,0,0.45383,0.05636,0.37856,0.42737,0.93466,0.8722,0.91513,0.63292,1.01621,0.44872,0.839,0,0,0,0,0,0,0,0,0,0,0,0,0,0,0,0,0,0,0,0,0,0,0,0,0,0,0,0,0,0,0,0.63292,0.00188995,0.000629983,0.00188995,0.000629983,0.00188995,0.000629983,0.00188995,0.000629983
337,30462.2,0.7313,0.35567,0.79919,0,0,0,0,0,0,0.20798,0.00164,5e-05,0,0,0,0,0,0,0,0,0,0,0,0,0,0,0.63246,0.13314,0,0,0.4539,0.05633,0.37934,0.42742,0.93712,0.87038,0.91521,0.63305,1.01692,0.44863,0.83908,0,0,0,0,0,0,0,0,0,0,0,0,0,0,0,0,0,0,0,0,0,0,0,0,0,0,0,0,0,0,0,0.63305,0.0018843,0.000628101,0.0018843,0.000628101,0.0018843,0.000628101,0.0018843,0.000628101
338,30552.3,0.74023,0.35834,0.79885,0,0,0,0,0,0,0.20484,0.00165,5e-05,0,0,0,0,0,0,0,0,0,0,0,0,0,0,0.62947,0.13408,0,0,0.45377,0.05638,0.37884,0.42735,0.93649,0.87054,0.91521,0.63246,1.01787,0.4486,0.83911,0,0,0,0,0,0,0,0,0,0,0,0,0,0,0,0,0,0,0,0,0,0,0,0,0,0,0,0,0,0,0,0.63246,0.00187865,0.000626218,0.00187865,0.000626218,0.00187865,0.000626218,0.00187865,0.000626218
339,30644.2,0.73499,0.35599,0.80007,0,0,0,0,0,0,0.20727,0.00164,5e-05,0,0,0,0,0,0,0,0,0,0,0,0,0,0,0.63268,0.13358,0,0,0.45382,0.05633,0.37918,0.42743,0.93484,0.87049,0.91466,0.63297,1.01773,0.44895,0.83912,0,0,0,0,0,0,0,0,0,0,0,0,0,0,0,0,0,0,0,0,0,0,0,0,0,0,0,0,0,0,0,0.63297,0.001873,0.000624332,0.001873,0.000624332,0.001873,0.000624332,0.001873,0.000624332
340,30735.5,0.7272,0.35263,0.80055,0,0,0,0,0,0,0.20579,0.00163,5e-05,0,0,0,0,0,0,0,0,0,0,0,0,0,0,0.63434,0.13306,0,0,0.4538,0.05636,0.37885,0.42739,0.93537,0.8708,0.91525,0.63316,1.01732,0.44877,0.83911,0,0,0,0,0,0,0,0,0,0,0,0,0,0,0,0,0,0,0,0,0,0,0,0,0,0,0,0,0,0,0,0.63316,0.00186733,0.000622445,0.00186733,0.000622445,0.00186733,0.000622445,0.00186733,0.000622445
341,30826.1,0.73104,0.35475,0.80065,0,0,0,0,0,0,0.20198,0.00162,5e-05,0,0,0,0,0,0,0,0,0,0,0,0,0,0,0.63466,0.13202,0,0,0.45376,0.05636,0.37891,0.42743,0.93561,0.87095,0.91534,0.63304,1.01691,0.4489,0.83912,0,0,0,0,0,0,0,0,0,0,0,0,0,0,0,0,0,0,0,0,0,0,0,0,0,0,0,0,0,0,0,0.63304,0.00186167,0.000620555,0.00186167,0.000620555,0.00186167,0.000620555,0.00186167,0.000620555
342,30917.2,0.72969,0.35353,0.7978,0,0,0,0,0,0,0.20528,0.00163,5e-05,0,0,0,0,0,0,0,0,0,0,0,0,0,0,0.63064,0.13256,0,0,0.45389,0.0564,0.3781,0.42745,0.9358,0.87036,0.91467,0.63322,1.01692,0.44896,0.83915,0,0,0,0,0,0,0,0,0,0,0,0,0,0,0,0,0,0,0,0,0,0,0,0,0,0,0,0,0,0,0,0.63322,0.00185599,0.000618664,0.00185599,0.000618664,0.00185599,0.000618664,0.00185599,0.000618664
343,31008.3,0.72795,0.35297,0.79956,0,0,0,0,0,0,0.20265,0.00163,5e-05,0,0,0,0,0,0,0,0,0,0,0,0,0,0,0.6249,0.13223,0,0,0.45388,0.05633,0.3779,0.42743,0.9354,0.87067,0.91464,0.63353,1.01638,0.44913,0.83916,0,0,0,0,0,0,0,0,0,0,0,0,0,0,0,0,0,0,0,0,0,0,0,0,0,0,0,0,0,0,0,0.63353,0.00185031,0.000616772,0.00185031,0.000616772,0.00185031,0.000616772,0.00185031,0.000616772
344,31097.5,0.72738,0.35381,0.79876,0,0,0,0,0,0,0.20429,0.00161,5e-05,0,0,0,0,0,0,0,0,0,0,0,0,0,0,0.63064,0.1319,0,0,0.4538,0.05643,0.37839,0.42742,0.93596,0.8708,0.9147,0.63308,1.01709,0.44954,0.83925,0,0,0,0,0,0,0,0,0,0,0,0,0,0,0,0,0,0,0,0,0,0,0,0,0,0,0,0,0,0,0,0.63308,0.00184463,0.000614877,0.00184463,0.000614877,0.00184463,0.000614877,0.00184463,0.000614877
345,31189.1,0.72833,0.35399,0.79889,0,0,0,0,0,0,0.20162,0.00161,5e-05,0,0,0,0,0,0,0,0,0,0,0,0,0,0,0.63181,0.13196,0,0,0.45383,0.05633,0.3781,0.42744,0.93444,0.87164,0.91487,0.6331,1.01756,0.44986,0.83937,0,0,0,0,0,0,0,0,0,0,0,0,0,0,0,0,0,0,0,0,0,0,0,0,0,0,0,0,0,0,0,0.6331,0.00183894,0.000612981,0.00183894,0.000612981,0.00183894,0.000612981,0.00183894,0.000612981
346,31279.9,0.73528,0.35472,0.8001,0,0,0,0,0,0,0.20234,0.0016,6e-05,0,0,0,0,0,0,0,0,0,0,0,0,0,0,0.63142,0.13203,0,0,0.45378,0.05636,0.37901,0.42744,0.93453,0.87165,0.91502,0.63295,1.0181,0.45018,0.83938,0,0,0,0,0,0,0,0,0,0,0,0,0,0,0,0,0,0,0,0,0,0,0,0,0,0,0,0,0,0,0,0.63295,0.00183325,0.000611083,0.00183325,0.000611083,0.00183325,0.000611083,0.00183325,0.000611083
347,31370.8,0.73199,0.35249,0.79861,0,0,0,0,0,0,0.20497,0.0016,5e-05,0,0,0,0,0,0,0,0,0,0,0,0,0,0,0.627,0.13226,0,0,0.4539,0.05631,0.37817,0.42753,0.93517,0.87139,0.9154,0.63319,1.01781,0.4504,0.83931,0,0,0,0,0,0,0,0,0,0,0,0,0,0,0,0,0,0,0,0,0,0,0,0,0,0,0,0,0,0,0,0.63319,0.00182755,0.000609184,0.00182755,0.000609184,0.00182755,0.000609184,0.00182755,0.000609184
348,31461.7,0.72775,0.35268,0.79912,0,0,0,0,0,0,0.20182,0.00162,5e-05,0,0,0,0,0,0,0,0,0,0,0,0,0,0,0.63904,0.13322,0,0,0.45384,0.0564,0.37841,0.42743,0.93516,0.87116,0.9153,0.63318,1.01778,0.45055,0.83935,0,0,0,0,0,0,0,0,0,0,0,0,0,0,0,0,0,0,0,0,0,0,0,0,0,0,0,0,0,0,0,0.63318,0.00182185,0.000607282,0.00182185,0.000607282,0.00182185,0.000607282,0.00182185,0.000607282
349,31553.2,0.73194,0.35409,0.79764,0,0,0,0,0,0,0.20272,0.00163,5e-05,0,0,0,0,0,0,0,0,0,0,0,0,0,0,0.64366,0.134,0,0,0.45377,0.0564,0.37882,0.42734,0.934,0.87113,0.91445,0.63298,1.01758,0.45079,0.83936,0,0,0,0,0,0,0,0,0,0,0,0,0,0,0,0,0,0,0,0,0,0,0,0,0,0,0,0,0,0,0,0.63298,0.00181614,0.00060538,0.00181614,0.00060538,0.00181614,0.00060538,0.00181614,0.00060538
350,31645.2,0.72986,0.35436,0.80019,0,0,0,0,0,0,0.20233,0.00161,6e-05,0,0,0,0,0,0,0,0,0,0,0,0,0,0,0.63633,0.13298,0,0,0.45376,0.05639,0.37965,0.42739,0.93519,0.87046,0.91475,0.63324,1.01727,0.45067,0.83936,0,0,0,0,0,0,0,0,0,0,0,0,0,0,0,0,0,0,0,0,0,0,0,0,0,0,0,0,0,0,0,0.63324,0.00181043,0.000603475,0.00181043,0.000603475,0.00181043,0.000603475,0.00181043,0.000603475
351,31738.6,0.73476,0.35416,0.79929,0,0,0,0,0,0,0.20329,0.00161,5e-05,0,0,0,0,0,0,0,0,0,0,0,0,0,0,0.63263,0.13326,0,0,0.45383,0.05637,0.37877,0.42746,0.93573,0.87064,0.91493,0.63317,1.0174,0.45086,0.83937,0,0,0,0,0,0,0,0,0,0,0,0,0,0,0,0,0,0,0,0,0,0,0,0,0,0,0,0,0,0,0,0.63317,0.00180471,0.00060157,0.00180471,0.00060157,0.00180471,0.00060157,0.00180471,0.00060157
352,31832.5,0.72902,0.35171,0.79946,0,0,0,0,0,0,0.2048,0.0016,5e-05,0,0,0,0,0,0,0,0,0,0,0,0,0,0,0.63768,0.13336,0,0,0.45381,0.05637,0.37856,0.42742,0.93541,0.87008,0.91473,0.63318,1.01685,0.45077,0.83938,0,0,0,0,0,0,0,0,0,0,0,0,0,0,0,0,0,0,0,0,0,0,0,0,0,0,0,0,0,0,0,0.63318,0.00179899,0.000599662,0.00179899,0.000599662,0.00179899,0.000599662,0.00179899,0.000599662
353,31923.2,0.725,0.35019,0.79871,0,0,0,0,0,0,0.20144,0.00161,5e-05,1e-05,0,0,0,0,0,0,0,0,0,0,0,0,0,0.63733,0.13377,0,0,0.45379,0.05636,0.37836,0.42739,0.93568,0.87016,0.91505,0.63281,1.0175,0.45115,0.83942,0,0,0,0,0,0,0,0,0,0,0,0,0,0,0,0,0,0,0,0,0,0,0,0,0,0,0,0,0,0,0,0.63281,0.00179326,0.000597754,0.00179326,0.000597754,0.00179326,0.000597754,0.00179326,0.000597754
354,32014.7,0.72905,0.35468,0.79897,0,0,0,0,0,0,0.20209,0.00161,5e-05,0,0,0,0,0,0,0,0,0,0,0,0,0,0,0.6408,0.13197,0,0,0.45381,0.05634,0.37762,0.42735,0.93742,0.86904,0.91441,0.63272,1.01776,0.45183,0.83945,0,0,0,0,0,0,0,0,0,0,0,0,0,0,0,0,0,0,0,0,0,0,0,0,0,0,0,0,0,0,0,0.63272,0.00178753,0.000595844,0.00178753,0.000595844,0.00178753,0.000595844,0.00178753,0.000595844
355,32108.2,0.72745,0.35319,0.80014,0,0,0,0,0,0,0.2015,0.00161,5e-05,0,0,0,0,0,0,0,0,0,0,0,0,0,0,0.63715,0.13252,0,0,0.45373,0.05644,0.37812,0.42731,0.9367,0.8697,0.91472,0.63314,1.01738,0.45165,0.83942,0,0,0,0,0,0,0,0,0,0,0,0,0,0,0,0,0,0,0,0,0,0,0,0,0,0,0,0,0,0,0,0.63314,0.0017818,0.000593932,0.0017818,0.000593932,0.0017818,0.000593932,0.0017818,0.000593932
356,32200.4,0.72698,0.35384,0.80117,0,0,0,0,0,0,0.20265,0.00161,5e-05,0,0,0,0,0,0,0,0,0,0,0,0,0,0,0.63609,0.13226,0,0,0.45386,0.05632,0.3783,0.42743,0.93769,0.86982,0.91516,0.63296,1.01768,0.45213,0.83947,0,0,0,0,0,0,0,0,0,0,0,0,0,0,0,0,0,0,0,0,0,0,0,0,0,0,0,0,0,0,0,0.63296,0.00177606,0.000592019,0.00177606,0.000592019,0.00177606,0.000592019,0.00177606,0.000592019
357,32294.1,0.72744,0.35319,0.79831,0,0,0,0,0,0,0.1996,0.00161,5e-05,0,0,0,0,0,0,0,0,0,0,0,0,0,0,0.63025,0.13195,0,0,0.45377,0.05635,0.37771,0.42735,0.93758,0.86972,0.9148,0.63284,1.01715,0.45208,0.83945,0,0,0,0,0,0,0,0,0,0,0,0,0,0,0,0,0,0,0,0,0,0,0,0,0,0,0,0,0,0,0,0.63284,0.00177031,0.000590105,0.00177031,0.000590105,0.00177031,0.000590105,0.00177031,0.000590105
358,32386.3,0.72504,0.35136,0.79909,0,0,0,0,0,0,0.20312,0.0016,5e-05,0,0,0,0,0,0,0,0,0,0,0,0,0,0,0.6393,0.13218,0,0,0.4538,0.05638,0.37843,0.42742,0.93738,0.87026,0.91609,0.63277,1.01784,0.45249,0.8395,0,0,0,0,0,0,0,0,0,0,0,0,0,0,0,0,0,0,0,0,0,0,0,0,0,0,0,0,0,0,0,0.63277,0.00176457,0.000588189,0.00176457,0.000588189,0.00176457,0.000588189,0.00176457,0.000588189
359,32478.2,0.72614,0.35108,0.7994,0,0,0,0,0,0,0.20015,0.00159,5e-05,0,0,0,0,0,0,0,0,0,0,0,0,0,0,0.63994,0.13168,0,0,0.45381,0.05639,0.37862,0.42747,0.93678,0.87044,0.91546,0.6329,1.01763,0.45237,0.83949,0,0,0,0,0,0,0,0,0,0,0,0,0,0,0,0,0,0,0,0,0,0,0,0,0,0,0,0,0,0,0,0.6329,0.00175882,0.000586272,0.00175882,0.000586272,0.00175882,0.000586272,0.00175882,0.000586272
360,32570.3,0.72394,0.35084,0.79935,0,0,0,0,0,0,0.1988,0.0016,5e-05,0,0,0,0,0,0,0,0,0,0,0,0,0,0,0.64109,0.13078,0,0,0.45383,0.05629,0.37797,0.4274,0.93684,0.8709,0.91603,0.63315,1.0169,0.45238,0.83941,0,0,0,0,0,0,0,0,0,0,0,0,0,0,0,0,0,0,0,0,0,0,0,0,0,0,0,0,0,0,0,0.63315,0.00175306,0.000584354,0.00175306,0.000584354,0.00175306,0.000584354,0.00175306,0.000584354
361,32660.4,0.72152,0.34976,0.79777,0,0,0,0,0,0,0.19921,0.0016,5e-05,0,0,0,0,0,0,0,0,0,0,0,0,0,0,0.64245,0.13157,0,0,0.45376,0.05643,0.37787,0.42743,0.93731,0.87052,0.91611,0.63313,1.01689,0.4523,0.83941,0,0,0,0,0,0,0,0,0,0,0,0,0,0,0,0,0,0,0,0,0,0,0,0,0,0,0,0,0,0,0,0.63313,0.00174731,0.000582435,0.00174731,0.000582435,0.00174731,0.000582435,0.00174731,0.000582435
362,32751.2,0.72306,0.35161,0.79885,0,0,0,0,0,0,0.20017,0.0016,5e-05,0,0,0,0,0,0,0,0,0,0,0,0,0,0,0.64085,0.13123,0,0,0.45375,0.05643,0.37782,0.42741,0.93654,0.87166,0.91655,0.63332,1.01719,0.45289,0.83943,0,0,0,0,0,0,0,0,0,0,0,0,0,0,0,0,0,0,0,0,0,0,0,0,0,0,0,0,0,0,0,0.63332,0.00174154,0.000580515,0.00174154,0.000580515,0.00174154,0.000580515,0.00174154,0.000580515
363,32841.5,0.72919,0.35091,0.79798,0,0,0,0,0,0,0.19843,0.00161,5e-05,0,0,0,0,0,0,0,0,0,0,0,0,0,0,0.63479,0.13307,0,0,0.45373,0.05636,0.37795,0.42734,0.93646,0.87232,0.91679,0.63363,1.01721,0.45268,0.83945,0,0,0,0,0,0,0,0,0,0,0,0,0,0,0,0,0,0,0,0,0,0,0,0,0,0,0,0,0,0,0,0.63363,0.00173578,0.000578593,0.00173578,0.000578593,0.00173578,0.000578593,0.00173578,0.000578593
364,32933.5,0.71934,0.34968,0.79857,0,0,0,0,0,0,0.19909,0.00158,5e-05,0,0,0,0,0,0,0,0,0,0,0,0,0,0,0.63821,0.13172,0,0,0.4538,0.05632,0.37825,0.42737,0.9356,0.87248,0.91653,0.63334,1.01742,0.45307,0.83952,0,0,0,0,0,0,0,0,0,0,0,0,0,0,0,0,0,0,0,0,0,0,0,0,0,0,0,0,0,0,0,0.63334,0.00173001,0.00057667,0.00173001,0.00057667,0.00173001,0.00057667,0.00173001,0.00057667
365,33026.4,0.72368,0.35198,0.79802,0,0,0,0,0,0,0.20087,0.0016,5e-05,6e-05,0,0,0,0,0,0,0,0,0,0,0,0,0,0.63104,0.13144,0,0,0.45385,0.05636,0.37806,0.42745,0.93789,0.87046,0.91598,0.63326,1.01842,0.45317,0.83964,0,0,0,0,0,0,0,0,0,0,0,0,0,0,0,0,0,0,0,0,0,0,0,0,0,0,0,0,0,0,0,0.63326,0.00172424,0.000574746,0.00172424,0.000574746,0.00172424,0.000574746,0.00172424,0.000574746
366,33117.7,0.72182,0.35091,0.79854,0,0,0,0,0,0,0.19989,0.00159,7e-05,0,0,0,0,0,0,0,0,0,0,0,0,0,0,0.63092,0.12967,0,0,0.45383,0.05633,0.37806,0.42738,0.93676,0.87145,0.91617,0.63274,1.01922,0.45357,0.83967,0,0,0,0,0,0,0,0,0,0,0,0,0,0,0,0,0,0,0,0,0,0,0,0,0,0,0,0,0,0,0,0.63274,0.00171846,0.000572821,0.00171846,0.000572821,0.00171846,0.000572821,0.00171846,0.000572821
367,33207.8,0.72324,0.35131,0.79938,0,0,0,0,0,0,0.20031,0.0016,5e-05,0,0,0,0,0,0,0,0,0,0,0,0,0,0,0.63351,0.13021,0,0,0.45378,0.0564,0.37826,0.42744,0.93649,0.87133,0.91584,0.63279,1.0195,0.45385,0.83967,0,0,0,0,0,0,0,0,0,0,0,0,0,0,0,0,0,0,0,0,0,0,0,0,0,0,0,0,0,0,0,0.63279,0.00171269,0.000570895,0.00171269,0.000570895,0.00171269,0.000570895,0.00171269,0.000570895
368,33298,0.72008,0.35034,0.7969,0,0,0,0,0,0,0.19756,0.00159,6e-05,2e-05,0,0,0,0,0,0,0,0,0,0,0,0,0,0.63418,0.13066,0,0,0.45378,0.05642,0.37783,0.42743,0.93733,0.87079,0.91569,0.63282,1.01959,0.45382,0.83961,0,0,0,0,0,0,0,0,0,0,0,0,0,0,0,0,0,0,0,0,0,0,0,0,0,0,0,0,0,0,0,0.63282,0.0017069,0.000568968,0.0017069,0.000568968,0.0017069,0.000568968,0.0017069,0.000568968
369,33388.9,0.71814,0.35079,0.79764,0,0,0,0,0,0,0.19986,0.00159,5e-05,0,0,0,0,0,0,0,0,0,0,0,0,0,0,0.63906,0.12972,0,0,0.45396,0.0563,0.37826,0.42757,0.93597,0.87059,0.91505,0.63261,1.02038,0.45381,0.83976,0,0,0,0,0,0,0,0,0,0,0,0,0,0,0,0,0,0,0,0,0,0,0,0,0,0,0,0,0,0,0,0.63261,0.00170112,0.00056704,0.00170112,0.00056704,0.00170112,0.00056704,0.00170112,0.00056704
370,33480.9,0.71897,0.3491,0.79973,0,0,0,0,0,0,0.19636,0.00158,5e-05,0,0,0,0,0,0,0,0,0,0,0,0,0,0,0.63413,0.12813,0,0,0.45384,0.05638,0.37783,0.42737,0.9354,0.87125,0.91577,0.63267,1.02012,0.45316,0.83973,0,0,0,0,0,0,0,0,0,0,0,0,0,0,0,0,0,0,0,0,0,0,0,0,0,0,0,0,0,0,0,0.63267,0.00169533,0.000565111,0.00169533,0.000565111,0.00169533,0.000565111,0.00169533,0.000565111
371,33570.7,0.72547,0.3512,0.79798,0,0,0,0,0,0,0.19532,0.00158,5e-05,0,0,0,0,0,0,0,0,0,0,0,0,0,0,0.64024,0.12955,0,0,0.45375,0.05633,0.37832,0.42738,0.93434,0.87122,0.91544,0.63212,1.02087,0.45379,0.83975,0,0,0,0,0,0,0,0,0,0,0,0,0,0,0,0,0,0,0,0,0,0,0,0,0,0,0,0,0,0,0,0.63212,0.00168954,0.000563181,0.00168954,0.000563181,0.00168954,0.000563181,0.00168954,0.000563181
372,33661.8,0.71989,0.34984,0.7976,0,0,0,0,0,0,0.19792,0.0016,5e-05,0,0,0,0,0,0,0,0,0,0,0,0,0,0,0.63914,0.12955,0,0,0.45384,0.05635,0.37736,0.42745,0.93471,0.87133,0.91536,0.63209,1.02094,0.45389,0.83979,0,0,0,0,0,0,0,0,0,0,0,0,0,0,0,0,0,0,0,0,0,0,0,0,0,0,0,0,0,0,0,0.63209,0.00168375,0.00056125,0.00168375,0.00056125,0.00168375,0.00056125,0.00168375,0.00056125
373,33753.1,0.71788,0.35049,0.79641,0,0,0,0,0,0,0.19778,0.00159,5e-05,0,0,0,0,0,0,0,0,0,0,0,0,0,0,0.6498,0.12944,0,0,0.45381,0.05638,0.37835,0.42739,0.93504,0.87177,0.9157,0.63246,1.02055,0.45383,0.83975,0,0,0,0,0,0,0,0,0,0,0,0,0,0,0,0,0,0,0,0,0,0,0,0,0,0,0,0,0,0,0,0.63246,0.00167796,0.000559318,0.00167796,0.000559318,0.00167796,0.000559318,0.00167796,0.000559318
374,33844.3,0.71751,0.34939,0.79879,0,0,0,0,0,0,0.19792,0.00157,5e-05,0,0,0,0,0,0,0,0,0,0,0,0,0,0,0.64537,0.12877,0,0,0.45395,0.05636,0.37758,0.42751,0.93512,0.87166,0.91556,0.63274,1.01995,0.45379,0.83968,0,0,0,0,0,0,0,0,0,0,0,0,0,0,0,0,0,0,0,0,0,0,0,0,0,0,0,0,0,0,0,0.63274,0.00167216,0.000557386,0.00167216,0.000557386,0.00167216,0.000557386,0.00167216,0.000557386
375,33936.3,0.7181,0.34945,0.79735,0,0,0,0,0,0,0.19802,0.00159,5e-05,0,0,0,0,0,0,0,0,0,0,0,0,0,0,0.6367,0.12859,0,0,0.45373,0.05638,0.37759,0.42738,0.93486,0.87237,0.9159,0.63288,1.01971,0.45371,0.83963,0,0,0,0,0,0,0,0,0,0,0,0,0,0,0,0,0,0,0,0,0,0,0,0,0,0,0,0,0,0,0,0.63288,0.00166636,0.000555453,0.00166636,0.000555453,0.00166636,0.000555453,0.00166636,0.000555453
376,34029.5,0.72156,0.34927,0.79896,0,0,0,0,0,0,0.19663,0.00159,6e-05,0,0,0,0,0,0,0,0,0,0,0,0,0,0,0.63863,0.12915,0,0,0.45381,0.05634,0.37826,0.42749,0.93461,0.87266,0.91546,0.63246,1.0196,0.4538,0.83963,0,0,0,0,0,0,0,0,0,0,0,0,0,0,0,0,0,0,0,0,0,0,0,0,0,0,0,0,0,0,0,0.63246,0.00166056,0.000553518,0.00166056,0.000553518,0.00166056,0.000553518,0.00166056,0.000553518
377,34121.9,0.71527,0.34794,0.79911,0,0,0,0,0,0,0.1964,0.00159,5e-05,0,0,0,0,0,0,0,0,0,0,0,0,0,0,0.63937,0.12929,0,0,0.45381,0.05631,0.37799,0.42734,0.93531,0.87103,0.91532,0.63251,1.01908,0.45384,0.83964,0,0,0,0,0,0,0,0,0,0,0,0,0,0,0,0,0,0,0,0,0,0,0,0,0,0,0,0,0,0,0,0.63251,0.00165475,0.000551584,0.00165475,0.000551584,0.00165475,0.000551584,0.00165475,0.000551584
378,34213.2,0.71369,0.34711,0.79707,0,0,0,0,0,0,0.19916,0.00158,6e-05,0,0,0,0,0,0,0,0,0,0,0,0,0,0,0.63281,0.12873,0,0,0.45385,0.05635,0.37904,0.42745,0.93458,0.87065,0.91424,0.63242,1.01905,0.45376,0.83966,0,0,0,0,0,0,0,0,0,0,0,0,0,0,0,0,0,0,0,0,0,0,0,0,0,0,0,0,0,0,0,0.63242,0.00164894,0.000549648,0.00164894,0.000549648,0.00164894,0.000549648,0.00164894,0.000549648
379,34303.9,0.71706,0.35165,0.79765,0,0,0,0,0,0,0.19682,0.00158,5e-05,0,0,0,0,0,0,0,0,0,0,0,0,0,0,0.63517,0.12928,0,0,0.45389,0.05632,0.3781,0.42742,0.93486,0.8706,0.91454,0.63198,1.01937,0.45398,0.83967,0,0,0,0,0,0,0,0,0,0,0,0,0,0,0,0,0,0,0,0,0,0,0,0,0,0,0,0,0,0,0,0.63198,0.00164314,0.000547712,0.00164314,0.000547712,0.00164314,0.000547712,0.00164314,0.000547712
380,34392.7,0.71519,0.3481,0.79833,0,0,0,0,0,0,0.19628,0.00157,5e-05,0,0,0,0,0,0,0,0,0,0,0,0,0,0,0.63356,0.12949,0,0,0.45382,0.05642,0.37822,0.42753,0.93444,0.86994,0.91408,0.63191,1.0203,0.45435,0.83973,0,0,0,0,0,0,0,0,0,0,0,0,0,0,0,0,0,0,0,0,0,0,0,0,0,0,0,0,0,0,0,0.63191,0.00163732,0.000545775,0.00163732,0.000545775,0.00163732,0.000545775,0.00163732,0.000545775
381,34483.1,0.71613,0.34882,0.79864,0,0,0,0,0,0,0.19416,0.00157,6e-05,0,0,0,0,0,0,0,0,0,0,0,0,0,0,0.64047,0.13016,0,0,0.45386,0.05632,0.37756,0.42742,0.93383,0.86992,0.91359,0.63174,1.02083,0.45508,0.83969,0,0,0,0,0,0,0,0,0,0,0,0,0,0,0,0,0,0,0,0,0,0,0,0,0,0,0,0,0,0,0,0.63174,0.00163151,0.000543837,0.00163151,0.000543837,0.00163151,0.000543837,0.00163151,0.000543837
382,34574,0.71441,0.34749,0.80027,0,0,0,0,0,0,0.19532,0.00158,5e-05,0,0,0,0,0,0,0,0,0,0,0,0,0,0,0.62469,0.12841,0,0,0.45374,0.05638,0.37818,0.42734,0.93426,0.86958,0.91442,0.63155,1.02044,0.45526,0.83974,0,0,0,0,0,0,0,0,0,0,0,0,0,0,0,0,0,0,0,0,0,0,0,0,0,0,0,0,0,0,0,0.63155,0.0016257,0.000541899,0.0016257,0.000541899,0.0016257,0.000541899,0.0016257,0.000541899
383,34664.1,0.71446,0.34779,0.79991,0,0,0,0,0,0,0.19637,0.00157,5e-05,0,0,0,0,0,0,0,0,0,0,0,0,0,0,0.63,0.12737,0,0,0.45391,0.05637,0.37808,0.4275,0.93558,0.86901,0.9138,0.63159,1.02001,0.45544,0.83966,0,0,0,0,0,0,0,0,0,0,0,0,0,0,0,0,0,0,0,0,0,0,0,0,0,0,0,0,0,0,0,0.63159,0.00161988,0.00053996,0.00161988,0.00053996,0.00161988,0.00053996,0.00161988,0.00053996
384,34753.8,0.71997,0.34882,0.79704,0,0,0,0,0,0,0.19404,0.00157,5e-05,0,0,0,0,0,0,0,0,0,0,0,0,0,0,0.63546,0.12815,0,0,0.45379,0.0563,0.37847,0.42738,0.93553,0.8686,0.9142,0.63156,1.01998,0.45524,0.83963,0,0,0,0,0,0,0,0,0,0,0,0,0,0,0,0,0,0,0,0,0,0,0,0,0,0,0,0,0,0,0,0.63156,0.00161406,0.000538021,0.00161406,0.000538021,0.00161406,0.000538021,0.00161406,0.000538021
385,34843.8,0.71619,0.34846,0.7973,0,0,0,0,0,0,0.19629,0.00158,5e-05,0,0,0,0,0,0,0,0,0,0,0,0,0,0,0.63602,0.12811,0,0,0.45379,0.0564,0.37802,0.42741,0.93548,0.868,0.91386,0.63171,1.01984,0.45546,0.83963,0,0,0,0,0,0,0,0,0,0,0,0,0,0,0,0,0,0,0,0,0,0,0,0,0,0,0,0,0,0,0,0.63171,0.00160824,0.000536081,0.00160824,0.000536081,0.00160824,0.000536081,0.00160824,0.000536081
386,34934.4,0.71796,0.35012,0.79724,0,0,0,0,0,0,0.19335,0.00158,5e-05,0,0,0,0,0,0,0,0,0,0,0,0,0,0,0.62946,0.12829,0,0,0.4537,0.05642,0.37772,0.42733,0.93635,0.86862,0.91477,0.632,1.01994,0.45576,0.83967,0,0,0,0,0,0,0,0,0,0,0,0,0,0,0,0,0,0,0,0,0,0,0,0,0,0,0,0,0,0,0,0.632,0.00160242,0.000534141,0.00160242,0.000534141,0.00160242,0.000534141,0.00160242,0.000534141
387,35024.6,0.71148,0.34672,0.79699,0,0,0,0,0,0,0.19399,0.00159,5e-05,0,0,0,0,0,0,0,0,0,0,0,0,0,0,0.62935,0.12865,0,0,0.45376,0.0564,0.37805,0.42737,0.9358,0.86906,0.91522,0.63197,1.0197,0.45582,0.83962,0,0,0,0,0,0,0,0,0,0,0,0,0,0,0,0,0,0,0,0,0,0,0,0,0,0,0,0,0,0,0,0.63197,0.0015966,0.0005322,0.0015966,0.0005322,0.0015966,0.0005322,0.0015966,0.0005322
388,35114.3,0.71181,0.34741,0.80034,0,0,0,0,0,0,0.19454,0.00159,5e-05,0,0,0,0,0,0,0,0,0,0,0,0,0,0,0.62982,0.12794,0,0,0.45387,0.05635,0.37754,0.42743,0.93501,0.86929,0.9149,0.63211,1.01951,0.4557,0.83959,0,0,0,0,0,0,0,0,0,0,0,0,0,0,0,0,0,0,0,0,0,0,0,0,0,0,0,0,0,0,0,0.63211,0.00159078,0.000530259,0.00159078,0.000530259,0.00159078,0.000530259,0.00159078,0.000530259
389,35205.2,0.70611,0.34425,0.79787,0,0,0,0,0,0,0.19494,0.00158,5e-05,0,0,0,0,0,0,0,0,0,0,0,0,0,0,0.62955,0.1279,0,0,0.4538,0.05635,0.37837,0.42739,0.93579,0.86941,0.91513,0.63186,1.01941,0.45612,0.83964,0,0,0,0,0,0,0,0,0,0,0,0,0,0,0,0,0,0,0,0,0,0,0,0,0,0,0,0,0,0,0,0.63186,0.00158495,0.000528318,0.00158495,0.000528318,0.00158495,0.000528318,0.00158495,0.000528318
390,35296.5,0.7137,0.34621,0.79882,0,0,0,0,0,0,0.19402,0.00157,5e-05,0,0,0,0,0,0,0,0,0,0,0,0,0,0,0.63121,0.12759,0,0,0.45377,0.05642,0.378,0.42736,0.93398,0.8696,0.91404,0.63184,1.02007,0.45636,0.83965,0,0,0,0,0,0,0,0,0,0,0,0,0,0,0,0,0,0,0,0,0,0,0,0,0,0,0,0,0,0,0,0.63184,0.00157913,0.000526376,0.00157913,0.000526376,0.00157913,0.000526376,0.00157913,0.000526376
391,35387.1,0.71095,0.34615,0.79834,0,0,0,0,0,0,0.19631,0.00157,5e-05,0,0,0,0,0,0,0,0,0,0,0,0,0,0,0.6317,0.12748,0,0,0.45379,0.05642,0.37835,0.42742,0.93407,0.86933,0.91348,0.63137,1.02087,0.45709,0.83972,0,0,0,0,0,0,0,0,0,0,0,0,0,0,0,0,0,0,0,0,0,0,0,0,0,0,0,0,0,0,0,0.63137,0.0015733,0.000524434,0.0015733,0.000524434,0.0015733,0.000524434,0.0015733,0.000524434
392,35478.7,0.71522,0.3463,0.79799,0,0,0,0,0,0,0.19513,0.00158,5e-05,0,0,0,0,0,0,0,0,0,0,0,0,0,0,0.62584,0.12778,0,0,0.45381,0.05638,0.379,0.42745,0.93395,0.86935,0.91399,0.63144,1.0209,0.45742,0.83924,0,0,0,0,0,0,0,0,0,0,0,0,0,0,0,0,0,0,0,0,0,0,0,0,0,0,0,0,0,0,0,0.63144,0.00156747,0.000522491,0.00156747,0.000522491,0.00156747,0.000522491,0.00156747,0.000522491
393,35569.1,0.71013,0.34512,0.79997,0,0,0,0,0,0,0.19501,0.00158,5e-05,0,0,0,0,0,0,0,0,0,0,0,0,0,0,0.62589,0.12804,0,0,0.45392,0.05634,0.37853,0.42748,0.93414,0.86958,0.91445,0.63128,1.02098,0.45804,0.8392,0,0,0,0,0,0,0,0,0,0,0,0,0,0,0,0,0,0,0,0,0,0,0,0,0,0,0,0,0,0,0,0.63128,0.00156164,0.000520548,0.00156164,0.000520548,0.00156164,0.000520548,0.00156164,0.000520548
394,35655.3,0.70972,0.34633,0.8002,0,0,0,0,0,0,0.19399,0.00157,5e-05,0,0,0,0,0,0,0,0,0,0,0,0,0,0,0.61937,0.12829,0,0,0.45391,0.05632,0.37791,0.42743,0.9343,0.86938,0.91385,0.63105,1.02126,0.45807,0.83976,0,0,0,0,0,0,0,0,0,0,0,0,0,0,0,0,0,0,0,0,0,0,0,0,0,0,0,0,0,0,0,0.63105,0.00155582,0.000518605,0.00155582,0.000518605,0.00155582,0.000518605,0.00155582,0.000518605
395,35747.6,0.71161,0.34595,0.79934,0,0,0,0,0,0,0.19344,0.00157,5e-05,0,0,0,0,0,0,0,0,0,0,0,0,0,0,0.61685,0.12806,0,0,0.45389,0.05639,0.37918,0.42746,0.9328,0.86936,0.91302,0.63072,1.02141,0.45826,0.83977,0,0,0,0,0,0,0,0,0,0,0,0,0,0,0,0,0,0,0,0,0,0,0,0,0,0,0,0,0,0,0,0.63072,0.00154999,0.000516662,0.00154999,0.000516662,0.00154999,0.000516662,0.00154999,0.000516662
396,35838.8,0.71104,0.346,0.79937,0,0,0,0,0,0,0.19491,0.00156,5e-05,0,0,0,0,0,0,0,0,0,0,0,0,0,0,0.62017,0.12703,0,0,0.45378,0.05633,0.37836,0.42731,0.93315,0.86962,0.91304,0.63072,1.02094,0.45825,0.83921,0,0,0,0,0,0,0,0,0,0,0,0,0,0,0,0,0,0,0,0,0,0,0,0,0,0,0,0,0,0,0,0.63072,0.00154416,0.000514719,0.00154416,0.000514719,0.00154416,0.000514719,0.00154416,0.000514719
397,35930.2,0.70814,0.34536,0.79773,0,0,0,0,0,0,0.1935,0.00155,5e-05,0,0,0,0,0,0,0,0,0,0,0,0,0,0,0.62048,0.12755,0,0,0.45374,0.05641,0.37895,0.4274,0.93312,0.86949,0.91316,0.63103,1.02053,0.45885,0.83918,0,0,0,0,0,0,0,0,0,0,0,0,0,0,0,0,0,0,0,0,0,0,0,0,0,0,0,0,0,0,0,0.63103,0.00153833,0.000512775,0.00153833,0.000512775,0.00153833,0.000512775,0.00153833,0.000512775
398,36021,0.70936,0.34604,0.79783,0,0,0,0,0,0,0.19354,0.00156,5e-05,0,0,0,0,0,0,0,0,0,0,0,0,0,0,0.6225,0.12765,0,0,0.45379,0.05633,0.37806,0.42732,0.93229,0.86994,0.91284,0.63076,1.02102,0.45879,0.83925,0,0,0,0,0,0,0,0,0,0,0,0,0,0,0,0,0,0,0,0,0,0,0,0,0,0,0,0,0,0,0,0.63076,0.00153249,0.000510831,0.00153249,0.000510831,0.00153249,0.000510831,0.00153249,0.000510831
399,36112.6,0.70334,0.34458,0.79969,0,0,0,0,0,0,0.19338,0.00156,5e-05,0,0,0,0,0,0,0,0,0,0,0,0,0,0,0.62019,0.12686,0,0,0.45389,0.0564,0.37884,0.42747,0.93263,0.87028,0.91271,0.63094,1.02026,0.45928,0.83905,0,0,0,0,0,0,0,0,0,0,0,0,0,0,0,0,0,0,0,0,0,0,0,0,0,0,0,0,0,0,0,0.63094,0.00152666,0.000508888,0.00152666,0.000508888,0.00152666,0.000508888,0.00152666,0.000508888
400,36203.6,0.71179,0.34691,0.79768,0,0,0,0,0,0,0.1952,0.00156,5e-05,0,0,0,0,0,0,0,0,0,0,0,0,0,0,0.62663,0.12697,0,0,0.45381,0.05628,0.37827,0.42741,0.93233,0.87054,0.91247,0.631,1.02023,0.45933,0.83901,0,0,0,0,0,0,0,0,0,0,0,0,0,0,0,0,0,0,0,0,0,0,0,0,0,0,0,0,0,0,0,0.631,0.00152083,0.000506944,0.00152083,0.000506944,0.00152083,0.000506944,0.00152083,0.000506944
401,36294.7,0.70393,0.34422,0.79771,0,0,0,0,0,0,0.19362,0.00156,5e-05,0,0,0,0,0,0,0,0,0,0,0,0,0,0,0.62202,0.12724,0,0,0.45393,0.05634,0.37826,0.42748,0.93195,0.87014,0.9125,0.63078,1.02048,0.45946,0.83902,0,0,0,0,0,0,0,0,0,0,0,0,0,0,0,0,0,0,0,0,0,0,0,0,0,0,0,0,0,0,0,0.63078,0.001515,0.000505,0.001515,0.000505,0.001515,0.000505,0.001515,0.000505
402,36386.4,0.70957,0.34509,0.79739,0,0,0,0,0,0,0.19461,0.00155,5e-05,0,0,0,0,0,0,0,0,0,0,0,0,0,0,0.62149,0.12642,0,0,0.45382,0.05639,0.37838,0.42741,0.93302,0.86949,0.91283,0.63089,1.01953,0.45977,0.839,0,0,0,0,0,0,0,0,0,0,0,0,0,0,0,0,0,0,0,0,0,0,0,0,0,0,0,0,0,0,0,0.63089,0.00150917,0.000503056,0.00150917,0.000503056,0.00150917,0.000503056,0.00150917,0.000503056
403,36476.4,0.70326,0.34327,0.79663,0,0,0,0,0,0,0.1954,0.00156,5e-05,0,0,0,0,0,0,0,0,0,0,0,0,0,0,0.62531,0.12714,0,0,0.45382,0.05638,0.37849,0.42735,0.93183,0.87036,0.91241,0.63088,1.01987,0.46006,0.83901,0,0,0,0,0,0,0,0,0,0,0,0,0,0,0,0,0,0,0,0,0,0,0,0,0,0,0,0,0,0,0,0.63088,0.00150334,0.000501112,0.00150334,0.000501112,0.00150334,0.000501112,0.00150334,0.000501112
404,36567.6,0.70744,0.34352,0.7989,0,0,0,0,0,0,0.19506,0.00157,5e-05,0,0,0,0,0,0,0,0,0,0,0,0,0,0,0.6221,0.12735,0,0,0.45386,0.05636,0.37856,0.42741,0.93062,0.87032,0.91218,0.6306,1.02087,0.46098,0.83913,0,0,0,0,0,0,0,0,0,0,0,0,0,0,0,0,0,0,0,0,0,0,0,0,0,0,0,0,0,0,0,0.6306,0.00149751,0.000499169,0.00149751,0.000499169,0.00149751,0.000499169,0.00149751,0.000499169
405,36658.4,0.70746,0.34491,0.79772,0,0,0,0,0,0,0.19327,0.00155,5e-05,0,0,0,0,0,0,0,0,0,0,0,0,0,0,0.62923,0.12699,0,0,0.45375,0.05637,0.37901,0.42739,0.93186,0.87004,0.91234,0.63021,1.02089,0.46125,0.83918,0,0,0,0,0,0,0,0,0,0,0,0,0,0,0,0,0,0,0,0,0,0,0,0,0,0,0,0,0,0,0,0.63021,0.00149167,0.000497225,0.00149167,0.000497225,0.00149167,0.000497225,0.00149167,0.000497225
406,36748.8,0.71191,0.34351,0.79715,0,0,0,0,0,0,0.19177,0.00155,5e-05,0,0,0,0,0,0,0,0,0,0,0,0,0,0,0.62275,0.12724,0,0,0.45381,0.05629,0.37829,0.42736,0.93121,0.86981,0.91201,0.63015,1.02088,0.46148,0.83919,0,0,0,0,0,0,0,0,0,0,0,0,0,0,0,0,0,0,0,0,0,0,0,0,0,0,0,0,0,0,0,0.63015,0.00148584,0.000495281,0.00148584,0.000495281,0.00148584,0.000495281,0.00148584,0.000495281
407,36839.6,0.7027,0.34278,0.79712,0,0,0,0,0,0,0.19456,0.00156,5e-05,0,0,0,0,0,0,0,0,0,0,0,0,0,0,0.62523,0.12682,0,0,0.45386,0.05637,0.378,0.4274,0.93089,0.86946,0.91164,0.62961,1.02146,0.46207,0.8393,0,0,0,0,0,0,0,0,0,0,0,0,0,0,0,0,0,0,0,0,0,0,0,0,0,0,0,0,0,0,0,0.62961,0.00148001,0.000493338,0.00148001,0.000493338,0.00148001,0.000493338,0.00148001,0.000493338
408,36930.6,0.70252,0.34394,0.79911,0,0,0,0,0,0,0.19125,0.00156,5e-05,0,0,0,0,0,0,0,0,0,0,0,0,0,0,0.6216,0.12703,0,0,0.45391,0.0564,0.37785,0.42753,0.93048,0.86971,0.9118,0.62941,1.02147,0.46241,0.83935,0,0,0,0,0,0,0,0,0,0,0,0,0,0,0,0,0,0,0,0,0,0,0,0,0,0,0,0,0,0,0,0.62941,0.00147418,0.000491395,0.00147418,0.000491395,0.00147418,0.000491395,0.00147418,0.000491395
409,37022,0.70431,0.34491,0.79826,0,0,0,0,0,0,0.1943,0.00153,5e-05,0,0,0,0,0,0,0,0,0,0,0,0,0,0,0.62026,0.12674,0,0,0.45383,0.05634,0.37845,0.42743,0.92976,0.86944,0.91173,0.62931,1.02197,0.46284,0.83939,0,0,0,0,0,0,0,0,0,0,0,0,0,0,0,0,0,0,0,0,0,0,0,0,0,0,0,0,0,0,0,0.62931,0.00146836,0.000489452,0.00146836,0.000489452,0.00146836,0.000489452,0.00146836,0.000489452
410,37111.8,0.70778,0.34424,0.79738,0,0,0,0,0,0,0.19142,0.00156,5e-05,0,0,0,0,0,0,0,0,0,0,0,0,0,0,0.62409,0.12762,0,0,0.45382,0.05639,0.37774,0.4274,0.92989,0.8694,0.91157,0.6293,1.02176,0.46313,0.83941,0,0,0,0,0,0,0,0,0,0,0,0,0,0,0,0,0,0,0,0,0,0,0,0,0,0,0,0,0,0,0,0.6293,0.00146253,0.000487509,0.00146253,0.000487509,0.00146253,0.000487509,0.00146253,0.000487509
411,37203.2,0.70369,0.34363,0.7968,0,0,0,0,0,0,0.19092,0.00154,5e-05,0,0,0,0,0,0,0,0,0,0,0,0,0,0,0.62691,0.12768,0,0,0.45381,0.0563,0.37894,0.42737,0.93176,0.86899,0.91191,0.62909,1.0214,0.46299,0.83933,0,0,0,0,0,0,0,0,0,0,0,0,0,0,0,0,0,0,0,0,0,0,0,0,0,0,0,0,0,0,0,0.62909,0.0014567,0.000485566,0.0014567,0.000485566,0.0014567,0.000485566,0.0014567,0.000485566
412,37294,0.70867,0.34406,0.79787,0,0,0,0,0,0,0.1915,0.00154,5e-05,0,0,0,0,0,0,0,0,0,0,0,0,0,0,0.63146,0.12741,0,0,0.45385,0.05631,0.37848,0.42741,0.93145,0.869,0.91154,0.62888,1.02135,0.46356,0.83933,0,0,0,0,0,0,0,0,0,0,0,0,0,0,0,0,0,0,0,0,0,0,0,0,0,0,0,0,0,0,0,0.62888,0.00145087,0.000483624,0.00145087,0.000483624,0.00145087,0.000483624,0.00145087,0.000483624
413,37384.5,0.70301,0.34319,0.79764,0,0,0,0,0,0,0.18804,0.00153,5e-05,0,0,0,0,0,0,0,0,0,0,0,0,0,0,0.62653,0.12733,0,0,0.45377,0.05638,0.37819,0.42738,0.93112,0.86853,0.91144,0.62891,1.02149,0.46423,0.83939,0,0,0,0,0,0,0,0,0,0,0,0,0,0,0,0,0,0,0,0,0,0,0,0,0,0,0,0,0,0,0,0.62891,0.00144505,0.000481682,0.00144505,0.000481682,0.00144505,0.000481682,0.00144505,0.000481682
414,37474.3,0.69978,0.34057,0.79682,0,0,0,0,0,0,0.19071,0.00153,5e-05,0,0,0,0,0,0,0,0,0,0,0,0,0,0,0.63086,0.12638,0,0,0.45372,0.05637,0.37798,0.42727,0.93086,0.86872,0.91131,0.62898,1.02184,0.46411,0.83943,0,0,0,0,0,0,0,0,0,0,0,0,0,0,0,0,0,0,0,0,0,0,0,0,0,0,0,0,0,0,0,0.62898,0.00143922,0.000479741,0.00143922,0.000479741,0.00143922,0.000479741,0.00143922,0.000479741
415,37564.2,0.70222,0.34292,0.79636,0,0,0,0,0,0,0.18787,0.00154,5e-05,0,0,0,0,0,0,0,0,0,0,0,0,0,0,0.62463,0.12638,0,0,0.45392,0.0563,0.37868,0.4275,0.93106,0.8688,0.91118,0.62876,1.02079,0.46424,0.8393,0,0,0,0,0,0,0,0,0,0,0,0,0,0,0,0,0,0,0,0,0,0,0,0,0,0,0,0,0,0,0,0.62876,0.0014334,0.0004778,0.0014334,0.0004778,0.0014334,0.0004778,0.0014334,0.0004778
416,37653.7,0.69555,0.34155,0.79762,0,0,0,0,0,0,0.19168,0.00154,5e-05,0,0,0,0,0,0,0,0,0,0,0,0,0,0,0.6275,0.12684,0,0,0.45379,0.05635,0.37847,0.42739,0.93145,0.86872,0.9112,0.62854,1.02093,0.46459,0.83932,0,0,0,0,0,0,0,0,0,0,0,0,0,0,0,0,0,0,0,0,0,0,0,0,0,0,0,0,0,0,0,0.62854,0.00142758,0.000475859,0.00142758,0.000475859,0.00142758,0.000475859,0.00142758,0.000475859
417,37744.4,0.70409,0.34111,0.7985,0,0,0,0,0,0,0.19039,0.00153,5e-05,0,0,0,0,0,0,0,0,0,0,0,0,0,0,0.62042,0.12558,0,0,0.45388,0.05632,0.37846,0.42748,0.93185,0.86832,0.91088,0.62868,1.02096,0.46503,0.83926,0,0,0,0,0,0,0,0,0,0,0,0,0,0,0,0,0,0,0,0,0,0,0,0,0,0,0,0,0,0,0,0.62868,0.00142176,0.000473919,0.00142176,0.000473919,0.00142176,0.000473919,0.00142176,0.000473919
418,37834.6,0.69958,0.34179,0.79728,0,0,0,0,0,0,0.19042,0.00154,6e-05,0,0,0,0,0,0,0,0,0,0,0,0,0,0,0.62035,0.12594,0,0,0.45389,0.05639,0.37788,0.42747,0.93222,0.86819,0.91105,0.62873,1.0212,0.4655,0.83929,0,0,0,0,0,0,0,0,0,0,0,0,0,0,0,0,0,0,0,0,0,0,0,0,0,0,0,0,0,0,0,0.62873,0.00141594,0.000471979,0.00141594,0.000471979,0.00141594,0.000471979,0.00141594,0.000471979
419,37926.6,0.6989,0.34222,0.79746,0,0,0,0,0,0,0.19068,0.00154,5e-05,0,0,0,0,0,0,0,0,0,0,0,0,0,0,0.62116,0.12631,0,0,0.45388,0.05637,0.37817,0.42743,0.93159,0.86786,0.91084,0.62873,1.02056,0.46585,0.83926,0,0,0,0,0,0,0,0,0,0,0,0,0,0,0,0,0,0,0,0,0,0,0,0,0,0,0,0,0,0,0,0.62873,0.00141012,0.00047004,0.00141012,0.00047004,0.00141012,0.00047004,0.00141012,0.00047004
420,38016.1,0.6991,0.34255,0.79681,0,0,0,0,0,0,0.19175,0.00154,5e-05,0,0,0,0,0,0,0,0,0,0,0,0,0,0,0.62064,0.12659,0,0,0.45375,0.05645,0.37866,0.42739,0.93117,0.8674,0.9106,0.62809,1.02054,0.46626,0.83929,0,0,0,0,0,0,0,0,0,0,0,0,0,0,0,0,0,0,0,0,0,0,0,0,0,0,0,0,0,0,0,0.62809,0.0014043,0.000468101,0.0014043,0.000468101,0.0014043,0.000468101,0.0014043,0.000468101
421,38106.3,0.70055,0.34142,0.79743,0,0,0,0,0,0,0.18993,0.00153,5e-05,0,0,0,0,0,0,0,0,0,0,0,0,0,0,0.62724,0.12571,0,0,0.45391,0.05635,0.37875,0.4275,0.93118,0.86726,0.91031,0.6283,1.02038,0.46663,0.83922,0,0,0,0,0,0,0,0,0,0,0,0,0,0,0,0,0,0,0,0,0,0,0,0,0,0,0,0,0,0,0,0.6283,0.00139849,0.000466163,0.00139849,0.000466163,0.00139849,0.000466163,0.00139849,0.000466163
422,38196.2,0.70003,0.34116,0.79663,0,0,0,0,0,0,0.19097,0.00155,5e-05,0,0,0,0,0,0,0,0,0,0,0,0,0,0,0.62438,0.12617,0,0,0.45383,0.05635,0.37793,0.42745,0.93111,0.86755,0.91059,0.62852,1.0203,0.4664,0.83921,0,0,0,0,0,0,0,0,0,0,0,0,0,0,0,0,0,0,0,0,0,0,0,0,0,0,0,0,0,0,0,0.62852,0.00139268,0.000464225,0.00139268,0.000464225,0.00139268,0.000464225,0.00139268,0.000464225
423,38285.8,0.69606,0.34079,0.79791,0,0,0,0,0,0,0.19193,0.00154,5e-05,0,0,0,0,0,0,0,0,0,0,0,0,0,0,0.62013,0.12623,0,0,0.45378,0.05635,0.37876,0.42733,0.93052,0.86758,0.91004,0.62852,1.02074,0.46665,0.83926,0,0,0,0,0,0,0,0,0,0,0,0,0,0,0,0,0,0,0,0,0,0,0,0,0,0,0,0,0,0,0,0.62852,0.00138686,0.000462288,0.00138686,0.000462288,0.00138686,0.000462288,0.00138686,0.000462288
424,38376,0.69802,0.34093,0.79502,0,0,0,0,0,0,0.19222,0.00152,5e-05,0,0,0,0,0,0,0,0,0,0,0,0,0,0,0.62368,0.12598,0,0,0.45384,0.05634,0.37803,0.42741,0.93174,0.86746,0.91056,0.62832,1.0213,0.4666,0.83933,0,0,0,0,0,0,0,0,0,0,0,0,0,0,0,0,0,0,0,0,0,0,0,0,0,0,0,0,0,0,0,0.62832,0.00138106,0.000460352,0.00138106,0.000460352,0.00138106,0.000460352,0.00138106,0.000460352
425,38466.4,0.69726,0.34152,0.7964,0,0,0,0,0,0,0.18943,0.00153,5e-05,0,0,0,0,0,0,0,0,0,0,0,0,0,0,0.62449,0.12619,0,0,0.45395,0.05633,0.37863,0.42756,0.9316,0.86738,0.91025,0.62796,1.02183,0.46704,0.83938,0,0,0,0,0,0,0,0,0,0,0,0,0,0,0,0,0,0,0,0,0,0,0,0,0,0,0,0,0,0,0,0.62796,0.00137525,0.000458416,0.00137525,0.000458416,0.00137525,0.000458416,0.00137525,0.000458416
426,38557.9,0.69336,0.33855,0.79618,0,0,0,0,0,0,0.18973,0.00153,4e-05,0,0,0,0,0,0,0,0,0,0,0,0,0,0,0.62474,0.12648,0,0,0.45389,0.05631,0.37752,0.42742,0.93132,0.86762,0.91051,0.62798,1.02211,0.46693,0.83942,0,0,0,0,0,0,0,0,0,0,0,0,0,0,0,0,0,0,0,0,0,0,0,0,0,0,0,0,0,0,0,0.62798,0.00136944,0.000456482,0.00136944,0.000456482,0.00136944,0.000456482,0.00136944,0.000456482
427,38648.3,0.6965,0.34008,0.79473,0,0,0,0,0,0,0.19085,0.00152,5e-05,0,0,0,0,0,0,0,0,0,0,0,0,0,0,0.62959,0.12634,0,0,0.45384,0.0564,0.37815,0.42745,0.93084,0.86708,0.91023,0.62791,1.02136,0.46708,0.83938,0,0,0,0,0,0,0,0,0,0,0,0,0,0,0,0,0,0,0,0,0,0,0,0,0,0,0,0,0,0,0,0.62791,0.00136364,0.000454547,0.00136364,0.000454547,0.00136364,0.000454547,0.00136364,0.000454547
428,38738.5,0.70042,0.34185,0.79843,0,0,0,0,0,0,0.19047,0.00153,5e-05,0,0,0,0,0,0,0,0,0,0,0,0,0,0,0.6177,0.12503,0,0,0.45384,0.05636,0.37782,0.42744,0.93154,0.86682,0.91072,0.62834,1.02158,0.46731,0.83938,0,0,0,0,0,0,0,0,0,0,0,0,0,0,0,0,0,0,0,0,0,0,0,0,0,0,0,0,0,0,0,0.62834,0.00135784,0.000452614,0.00135784,0.000452614,0.00135784,0.000452614,0.00135784,0.000452614
429,38828.7,0.69545,0.34091,0.79585,0,0,0,0,0,0,0.18722,0.00153,5e-05,0,0,0,0,0,0,0,0,0,0,0,0,0,0,0.61682,0.12457,0,0,0.454,0.0563,0.37806,0.4276,0.93113,0.86666,0.91058,0.62822,1.02185,0.46764,0.83926,0,0,0,0,0,0,0,0,0,0,0,0,0,0,0,0,0,0,0,0,0,0,0,0,0,0,0,0,0,0,0,0.62822,0.00135204,0.000450682,0.00135204,0.000450682,0.00135204,0.000450682,0.00135204,0.000450682
430,38920.2,0.69276,0.33876,0.79545,0,0,0,0,0,0,0.19043,0.00153,5e-05,0,0,0,0,0,0,0,0,0,0,0,0,0,0,0.61776,0.12537,0,0,0.45389,0.05629,0.37839,0.42741,0.93116,0.86645,0.91066,0.62829,1.02154,0.46783,0.83929,0,0,0,0,0,0,0,0,0,0,0,0,0,0,0,0,0,0,0,0,0,0,0,0,0,0,0,0,0,0,0,0.62829,0.00134625,0.00044875,0.00134625,0.00044875,0.00134625,0.00044875,0.00134625,0.00044875
431,39010,0.69588,0.34095,0.79726,0,0,0,0,0,0,0.19056,0.00152,5e-05,0,0,0,0,0,0,0,0,0,0,0,0,0,0,0.62068,0.12538,0,0,0.45389,0.05634,0.37874,0.42742,0.93124,0.8653,0.90965,0.62844,1.02197,0.46843,0.83929,0,0,0,0,0,0,0,0,0,0,0,0,0,0,0,0,0,0,0,0,0,0,0,0,0,0,0,0,0,0,0,0.62844,0.00134046,0.000446819,0.00134046,0.000446819,0.00134046,0.000446819,0.00134046,0.000446819
432,39099.9,0.6945,0.34033,0.79686,0,0,0,0,0,0,0.18894,0.00152,6e-05,0,0,0,0,0,0,0,0,0,0,0,0,0,0,0.61783,0.1251,0,0,0.45372,0.05643,0.37834,0.42734,0.93075,0.86614,0.90981,0.62848,1.0221,0.46863,0.83983,0,0,0,0,0,0,0,0,0,0,0,0,0,0,0,0,0,0,0,0,0,0,0,0,0,0,0,0,0,0,0,0.62848,0.00133467,0.000444889,0.00133467,0.000444889,0.00133467,0.000444889,0.00133467,0.000444889
433,39187.8,0.68873,0.33752,0.79944,0,0,0,0,0,0,0.18905,0.00152,5e-05,0,0,0,0,0,0,0,0,0,0,0,0,0,0,0.62619,0.12561,0,0,0.45392,0.0563,0.37857,0.42748,0.93122,0.86521,0.90989,0.62854,1.02286,0.46871,0.83992,0,0,0,0,0,0,0,0,0,0,0,0,0,0,0,0,0,0,0,0,0,0,0,0,0,0,0,0,0,0,0,0.62854,0.00132888,0.00044296,0.00132888,0.00044296,0.00132888,0.00044296,0.00132888,0.00044296
434,39278,0.69383,0.34016,0.79736,0,0,0,0,0,0,0.1887,0.00153,5e-05,0,0,0,0,0,0,0,0,0,0,0,0,0,0,0.62513,0.12611,0,0,0.45383,0.05644,0.37869,0.42748,0.93155,0.86516,0.90986,0.62814,1.02329,0.46882,0.84,0,0,0,0,0,0,0,0,0,0,0,0,0,0,0,0,0,0,0,0,0,0,0,0,0,0,0,0,0,0,0,0.62814,0.0013231,0.000441032,0.0013231,0.000441032,0.0013231,0.000441032,0.0013231,0.000441032
435,39368,0.69874,0.33886,0.79564,0,0,0,0,0,0,0.1885,0.00152,5e-05,0,0,0,0,0,0,0,0,0,0,0,0,0,0,0.62803,0.12573,0,0,0.45374,0.05639,0.37789,0.42735,0.93129,0.86596,0.91018,0.62818,1.02386,0.46929,0.84002,0,0,0,0,0,0,0,0,0,0,0,0,0,0,0,0,0,0,0,0,0,0,0,0,0,0,0,0,0,0,0,0.62818,0.00131731,0.000439105,0.00131731,0.000439105,0.00131731,0.000439105,0.00131731,0.000439105
436,39458.2,0.69574,0.338,0.795,0,0,0,0,0,0,0.18943,0.00153,5e-05,0,0,0,0,0,0,0,0,0,0,0,0,0,0,0.61856,0.12524,0,0,0.45379,0.05639,0.37812,0.42741,0.93265,0.86499,0.90995,0.62807,1.02393,0.46892,0.83998,0,0,0,0,0,0,0,0,0,0,0,0,0,0,0,0,0,0,0,0,0,0,0,0,0,0,0,0,0,0,0,0.62807,0.00131154,0.000437179,0.00131154,0.000437179,0.00131154,0.000437179,0.00131154,0.000437179
437,39547.5,0.69751,0.33947,0.7957,0,0,0,0,0,0,0.18775,0.00152,4e-05,0,0,0,0,0,0,0,0,0,0,0,0,0,0,0.62458,0.12496,0,0,0.45386,0.05635,0.37805,0.42747,0.93319,0.8645,0.91017,0.62813,1.02382,0.46903,0.8399,0,0,0,0,0,0,0,0,0,0,0,0,0,0,0,0,0,0,0,0,0,0,0,0,0,0,0,0,0,0,0,0.62813,0.00130576,0.000435254,0.00130576,0.000435254,0.00130576,0.000435254,0.00130576,0.000435254
438,39639.2,0.69401,0.33929,0.79545,0,0,0,0,0,0,0.18613,0.00152,5e-05,0,0,0,0,0,0,0,0,0,0,0,0,0,0,0.61993,0.12465,0,0,0.45382,0.05638,0.37787,0.42742,0.93335,0.86437,0.91022,0.62808,1.0239,0.46922,0.83991,0,0,0,0,0,0,0,0,0,0,0,0,0,0,0,0,0,0,0,0,0,0,0,0,0,0,0,0,0,0,0,0.62808,0.00129999,0.00043333,0.00129999,0.00043333,0.00129999,0.00043333,0.00129999,0.00043333
439,39740.7,0.68533,0.33795,0.79692,0,0,0,0,0,0,0.18783,0.00152,5e-05,0,0,0,0,0,0,0,0,0,0,0,0,0,0,0.62387,0.12484,0,0,0.45382,0.05636,0.37851,0.4274,0.93266,0.86401,0.90997,0.62818,1.024,0.46962,0.83989,0,0,0,0,0,0,0,0,0,0,0,0,0,0,0,0,0,0,0,0,0,0,0,0,0,0,0,0,0,0,0,0.62818,0.00129422,0.000431407,0.00129422,0.000431407,0.00129422,0.000431407,0.00129422,0.000431407
440,39841.3,0.69297,0.33921,0.79597,0,0,0,0,0,0,0.18652,0.00153,5e-05,0,0,0,0,0,0,0,0,0,0,0,0,0,0,0.62116,0.1253,0,0,0.45378,0.05636,0.37771,0.42745,0.93305,0.86438,0.91023,0.62788,1.02362,0.46993,0.83984,0,0,0,0,0,0,0,0,0,0,0,0,0,0,0,0,0,0,0,0,0,0,0,0,0,0,0,0,0,0,0,0.62788,0.00128846,0.000429485,0.00128846,0.000429485,0.00128846,0.000429485,0.00128846,0.000429485
441,39939,0.68915,0.33577,0.79618,0,0,0,0,0,0,0.18605,0.00152,5e-05,0,0,0,0,0,0,0,0,0,0,0,0,0,0,0.62736,0.12396,0,0,0.45383,0.05636,0.37821,0.42743,0.9327,0.86453,0.91028,0.62795,1.02367,0.46986,0.83973,0,0,0,0,0,0,0,0,0,0,0,0,0,0,0,0,0,0,0,0,0,0,0,0,0,0,0,0,0,0,0,0.62795,0.00128269,0.000427565,0.00128269,0.000427565,0.00128269,0.000427565,0.00128269,0.000427565
442,40039.2,0.68432,0.33572,0.79581,0,0,0,0,0,0,0.18634,0.0015,5e-05,0,0,0,0,0,0,0,0,0,0,0,0,0,0,0.62049,0.1235,0,0,0.45385,0.05632,0.37856,0.4274,0.9342,0.86458,0.91108,0.62821,1.02351,0.47004,0.8397,0,0,0,0,0,0,0,0,0,0,0,0,0,0,0,0,0,0,0,0,0,0,0,0,0,0,0,0,0,0,0,0.62821,0.00127694,0.000425646,0.00127694,0.000425646,0.00127694,0.000425646,0.00127694,0.000425646
443,40140.2,0.69583,0.33945,0.79741,0,0,0,0,0,0,0.18976,0.00152,5e-05,2e-05,0,0,0,0,0,0,0,0,0,0,0,0,0,0.61739,0.12367,0,0,0.45379,0.05639,0.37826,0.42738,0.93243,0.86461,0.91034,0.62815,1.0234,0.47021,0.83963,0,0,0,0,0,0,0,0,0,0,0,0,0,0,0,0,0,0,0,0,0,0,0,0,0,0,0,0,0,0,0,0.62815,0.00127118,0.000423728,0.00127118,0.000423728,0.00127118,0.000423728,0.00127118,0.000423728
444,40240.5,0.68391,0.33465,0.7962,0,0,0,0,0,0,0.1867,0.00152,5e-05,0,0,0,0,0,0,0,0,0,0,0,0,0,0,0.61923,0.12357,0,0,0.45387,0.05629,0.37826,0.42743,0.93293,0.86445,0.91082,0.62853,1.0232,0.47075,0.83956,0,0,0,0,0,0,0,0,0,0,0,0,0,0,0,0,0,0,0,0,0,0,0,0,0,0,0,0,0,0,0,0.62853,0.00126543,0.000421811,0.00126543,0.000421811,0.00126543,0.000421811,0.00126543,0.000421811
445,40342,0.68198,0.33663,0.79647,0,0,0,0,0,0,0.18546,0.00152,5e-05,0,0,0,0,0,0,0,0,0,0,0,0,0,0,0.62327,0.12397,0,0,0.45393,0.05634,0.37816,0.42745,0.93372,0.86547,0.91075,0.6284,1.02346,0.47099,0.83949,0,0,0,0,0,0,0,0,0,0,0,0,0,0,0,0,0,0,0,0,0,0,0,0,0,0,0,0,0,0,0,0.6284,0.00125969,0.000419895,0.00125969,0.000419895,0.00125969,0.000419895,0.00125969,0.000419895
446,40439,0.68937,0.33806,0.79656,0,0,0,0,0,0,0.18809,0.00151,5e-05,4e-05,0,0,0,0,0,0,0,0,0,0,0,0,0,0.62468,0.1246,0,0,0.45384,0.05641,0.3789,0.42741,0.93334,0.86495,0.91045,0.62849,1.02347,0.47082,0.83951,0,0,0,0,0,0,0,0,0,0,0,0,0,0,0,0,0,0,0,0,0,0,0,0,0,0,0,0,0,0,0,0.62849,0.00125394,0.000417981,0.00125394,0.000417981,0.00125394,0.000417981,0.00125394,0.000417981
447,40541.1,0.69041,0.33631,0.79772,0,0,0,0,0,0,0.18667,0.0015,5e-05,0,0,0,0,0,0,0,0,0,0,0,0,0,0,0.62348,0.12309,0,0,0.45389,0.05638,0.37826,0.42752,0.93302,0.86501,0.91046,0.62836,1.0237,0.47143,0.83949,0,0,0,0,0,0,0,0,0,0,0,0,0,0,0,0,0,0,0,0,0,0,0,0,0,0,0,0,0,0,0,0.62836,0.0012482,0.000416068,0.0012482,0.000416068,0.0012482,0.000416068,0.0012482,0.000416068
448,40638.8,0.69035,0.33715,0.79532,0,0,0,0,0,0,0.18784,0.00152,5e-05,0,0,0,0,0,0,0,0,0,0,0,0,0,0,0.62447,0.12387,0,0,0.45385,0.05642,0.37858,0.42744,0.93318,0.86545,0.91095,0.62892,1.02382,0.47151,0.8395,0,0,0,0,0,0,0,0,0,0,0,0,0,0,0,0,0,0,0,0,0,0,0,0,0,0,0,0,0,0,0,0.62892,0.00124247,0.000414156,0.00124247,0.000414156,0.00124247,0.000414156,0.00124247,0.000414156
449,40743.6,0.69137,0.33769,0.79615,0,0,0,0,0,0,0.18614,0.00151,5e-05,0,0,0,0,0,0,0,0,0,0,0,0,0,0,0.62635,0.12315,0,0,0.45385,0.05644,0.3782,0.42749,0.93269,0.86581,0.91067,0.62848,1.02388,0.47177,0.83949,0,0,0,0,0,0,0,0,0,0,0,0,0,0,0,0,0,0,0,0,0,0,0,0,0,0,0,0,0,0,0,0.62848,0.00123674,0.000412246,0.00123674,0.000412246,0.00123674,0.000412246,0.00123674,0.000412246
450,40845.2,0.68896,0.33685,0.79773,0,0,0,0,0,0,0.18703,0.0015,5e-05,0,0,0,0,0,0,0,0,0,0,0,0,0,0,0.62555,0.12313,0,0,0.45384,0.05639,0.37781,0.42744,0.93223,0.86585,0.91069,0.62898,1.02397,0.47192,0.83946,0,0,0,0,0,0,0,0,0,0,0,0,0,0,0,0,0,0,0,0,0,0,0,0,0,0,0,0,0,0,0,0.62898,0.00123101,0.000410338,0.00123101,0.000410338,0.00123101,0.000410338,0.00123101,0.000410338
451,40944.1,0.69248,0.33679,0.7967,0,0,0,0,0,0,0.18574,0.0015,5e-05,0,0,0,0,0,0,0,0,0,0,0,0,0,0,0.61456,0.12297,0,0,0.45376,0.05641,0.37919,0.4274,0.93247,0.86573,0.91072,0.62883,1.02461,0.47221,0.83947,0,0,0,0,0,0,0,0,0,0,0,0,0,0,0,0,0,0,0,0,0,0,0,0,0,0,0,0,0,0,0,0.62883,0.00122529,0.00040843,0.00122529,0.00040843,0.00122529,0.00040843,0.00122529,0.00040843
452,41045.7,0.68765,0.33706,0.79745,0,0,0,0,0,0,0.18753,0.0015,5e-05,0,0,0,0,0,0,0,0,0,0,0,0,0,0,0.61637,0.1232,0,0,0.4538,0.05637,0.37878,0.42738,0.93409,0.86484,0.91014,0.62873,1.0249,0.4726,0.83947,0,0,0,0,0,0,0,0,0,0,0,0,0,0,0,0,0,0,0,0,0,0,0,0,0,0,0,0,0,0,0,0.62873,0.00121957,0.000406525,0.00121957,0.000406525,0.00121957,0.000406525,0.00121957,0.000406525
453,41146.8,0.68837,0.33636,0.79446,0,0,0,0,0,0,0.18711,0.0015,5e-05,0,0,0,0,0,0,0,0,0,0,0,0,0,0,0.6137,0.12359,0,0,0.45391,0.05628,0.37864,0.42753,0.93257,0.86438,0.90976,0.62875,1.02465,0.47309,0.83941,0,0,0,0,0,0,0,0,0,0,0,0,0,0,0,0,0,0,0,0,0,0,0,0,0,0,0,0,0,0,0,0.62875,0.00121386,0.00040462,0.00121386,0.00040462,0.00121386,0.00040462,0.00121386,0.00040462
454,41245.8,0.68043,0.33271,0.79631,0,0,0,0,0,0,0.18223,0.0015,5e-05,0,0,0,0,0,0,0,0,0,0,0,0,0,0,0.61809,0.12375,0,0,0.45384,0.05637,0.37795,0.42734,0.93266,0.86451,0.91003,0.62849,1.02533,0.47368,0.83944,0,0,0,0,0,0,0,0,0,0,0,0,0,0,0,0,0,0,0,0,0,0,0,0,0,0,0,0,0,0,0,0.62849,0.00120815,0.000402718,0.00120815,0.000402718,0.00120815,0.000402718,0.00120815,0.000402718
455,41344.5,0.68866,0.3372,0.79509,0,0,0,0,0,0,0.18553,0.00149,4e-05,5e-05,0,0,0,0,0,0,0,0,0,0,0,0,0,0.62076,0.12301,0,0,0.4538,0.05628,0.37806,0.4274,0.93177,0.86497,0.90962,0.62846,1.02527,0.47412,0.83943,0,0,0,0,0,0,0,0,0,0,0,0,0,0,0,0,0,0,0,0,0,0,0,0,0,0,0,0,0,0,0,0.62846,0.00120245,0.000400816,0.00120245,0.000400816,0.00120245,0.000400816,0.00120245,0.000400816
456,41446.5,0.68695,0.33528,0.79687,0,0,0,0,0,0,0.18691,0.0015,4e-05,0,0,0,0,0,0,0,0,0,0,0,0,0,0,0.62033,0.12299,0,0,0.45384,0.05638,0.37799,0.42745,0.93145,0.8639,0.90938,0.62859,1.0258,0.47442,0.83946,0,0,0,0,0,0,0,0,0,0,0,0,0,0,0,0,0,0,0,0,0,0,0,0,0,0,0,0,0,0,0,0.62859,0.00119675,0.000398917,0.00119675,0.000398917,0.00119675,0.000398917,0.00119675,0.000398917
457,41547.7,0.68758,0.33583,0.79636,0,0,0,0,0,0,0.1845,0.00149,5e-05,0,0,0,0,0,0,0,0,0,0,0,0,0,0,0.62418,0.12301,0,0,0.45385,0.05638,0.37804,0.42738,0.93142,0.86347,0.90943,0.62844,1.02623,0.47521,0.83948,0,0,0,0,0,0,0,0,0,0,0,0,0,0,0,0,0,0,0,0,0,0,0,0,0,0,0,0,0,0,0,0.62844,0.00119106,0.000397019,0.00119106,0.000397019,0.00119106,0.000397019,0.00119106,0.000397019
458,41648.5,0.68459,0.33493,0.79458,0,0,0,0,0,0,0.18491,0.0015,5e-05,0,0,0,0,0,0,0,0,0,0,0,0,0,0,0.61865,0.12287,0,0,0.45382,0.05638,0.37865,0.42743,0.93145,0.86341,0.90923,0.62857,1.02642,0.47545,0.8395,0,0,0,0,0,0,0,0,0,0,0,0,0,0,0,0,0,0,0,0,0,0,0,0,0,0,0,0,0,0,0,0.62857,0.00118537,0.000395123,0.00118537,0.000395123,0.00118537,0.000395123,0.00118537,0.000395123
459,41747.9,0.68305,0.33439,0.7948,0,0,0,0,0,0,0.18481,0.0015,5e-05,0,0,0,0,0,0,0,0,0,0,0,0,0,0,0.61867,0.12287,0,0,0.45383,0.05637,0.37873,0.42748,0.93189,0.86299,0.90917,0.62824,1.02633,0.47571,0.83949,0,0,0,0,0,0,0,0,0,0,0,0,0,0,0,0,0,0,0,0,0,0,0,0,0,0,0,0,0,0,0,0.62824,0.00117969,0.000393228,0.00117969,0.000393228,0.00117969,0.000393228,0.00117969,0.000393228
460,41898.3,0.68325,0.33557,0.79663,0,0,0,0,0,0,0.1844,0.0015,5e-05,0,0,0,0,0,0,0,0,0,0,0,0,0,0,0.61699,0.12289,0,0,0.45387,0.05635,0.37848,0.4275,0.93063,0.86242,0.90835,0.62819,1.02614,0.47612,0.83943,0,0,0,0,0,0,0,0,0,0,0,0,0,0,0,0,0,0,0,0,0,0,0,0,0,0,0,0,0,0,0,0.62819,0.00117401,0.000391336,0.00117401,0.000391336,0.00117401,0.000391336,0.00117401,0.000391336
461,42061.9,0.68573,0.33568,0.79513,0,0,0,0,0,0,0.18427,0.00149,5e-05,0,0,0,0,0,0,0,0,0,0,0,0,0,0,0.62405,0.1221,0,0,0.45387,0.05632,0.37871,0.42745,0.93272,0.8626,0.909,0.62823,1.02604,0.4763,0.83937,0,0,0,0,0,0,0,0,0,0,0,0,0,0,0,0,0,0,0,0,0,0,0,0,0,0,0,0,0,0,0,0.62823,0.00116833,0.000389445,0.00116833,0.000389445,0.00116833,0.000389445,0.00116833,0.000389445
462,42203.3,0.68232,0.33598,0.79455,0,0,0,0,0,0,0.18177,0.00152,5e-05,0,0,0,0,0,0,0,0,0,0,0,0,0,0,0.62791,0.12264,0,0,0.45381,0.05636,0.37797,0.42741,0.93148,0.86277,0.90883,0.62817,1.02593,0.47622,0.83938,0,0,0,0,0,0,0,0,0,0,0,0,0,0,0,0,0,0,0,0,0,0,0,0,0,0,0,0,0,0,0,0.62817,0.00116267,0.000387555,0.00116267,0.000387555,0.00116267,0.000387555,0.00116267,0.000387555
463,42361.2,0.68076,0.33404,0.79456,0,0,0,0,0,0,0.18341,0.00151,5e-05,0,0,0,0,0,0,0,0,0,0,0,0,0,0,0.62195,0.1222,0,0,0.45393,0.05641,0.37833,0.42757,0.93194,0.86332,0.90894,0.62827,1.0258,0.47658,0.83938,0,0,0,0,0,0,0,0,0,0,0,0,0,0,0,0,0,0,0,0,0,0,0,0,0,0,0,0,0,0,0,0.62827,0.001157,0.000385668,0.001157,0.000385668,0.001157,0.000385668,0.001157,0.000385668
464,42504.3,0.67797,0.33335,0.79568,0,0,0,0,0,0,0.18303,0.00151,4e-05,0,0,0,0,0,0,0,0,0,0,0,0,0,0,0.61867,0.12202,0,0,0.45387,0.05637,0.37882,0.42743,0.93169,0.86274,0.9086,0.6283,1.02538,0.47643,0.83938,0,0,0,0,0,0,0,0,0,0,0,0,0,0,0,0,0,0,0,0,0,0,0,0,0,0,0,0,0,0,0,0.6283,0.00115135,0.000383782,0.00115135,0.000383782,0.00115135,0.000383782,0.00115135,0.000383782
465,42663.2,0.67787,0.33383,0.79742,0,0,0,0,0,0,0.1845,0.0015,5e-05,0,0,0,0,0,0,0,0,0,0,0,0,0,0,0.61688,0.12179,0,0,0.45386,0.05638,0.37862,0.42743,0.93219,0.86266,0.90859,0.62814,1.02573,0.47636,0.83936,0,0,0,0,0,0,0,0,0,0,0,0,0,0,0,0,0,0,0,0,0,0,0,0,0,0,0,0,0,0,0,0.62814,0.0011457,0.000381899,0.0011457,0.000381899,0.0011457,0.000381899,0.0011457,0.000381899
466,42814.8,0.68292,0.33404,0.79567,0,0,0,0,0,0,0.18216,0.00151,5e-05,0,0,0,0,0,0,0,0,0,0,0,0,0,0,0.61615,0.12237,0,0,0.45393,0.05642,0.37906,0.42749,0.93183,0.86232,0.90861,0.62813,1.02618,0.47664,0.83939,0,0,0,0,0,0,0,0,0,0,0,0,0,0,0,0,0,0,0,0,0,0,0,0,0,0,0,0,0,0,0,0.62813,0.00114005,0.000380017,0.00114005,0.000380017,0.00114005,0.000380017,0.00114005,0.000380017
467,42967.1,0.67967,0.33386,0.79539,0,0,0,0,0,0,0.18177,0.00149,5e-05,0,0,0,0,0,0,0,0,0,0,0,0,0,0,0.62061,0.12147,0,0,0.45384,0.05636,0.37881,0.42744,0.93257,0.8626,0.90918,0.62812,1.02628,0.47692,0.83937,0,0,0,0,0,0,0,0,0,0,0,0,0,0,0,0,0,0,0,0,0,0,0,0,0,0,0,0,0,0,0,0.62812,0.00113441,0.000378137,0.00113441,0.000378137,0.00113441,0.000378137,0.00113441,0.000378137
468,43123,0.68062,0.33358,0.79633,0,0,0,0,0,0,0.1844,0.0015,5e-05,0,0,0,0,0,0,0,0,0,0,0,0,0,0,0.61728,0.12148,0,0,0.45388,0.05636,0.37885,0.42748,0.93198,0.86248,0.90845,0.62796,1.02664,0.47762,0.8394,0,0,0,0,0,0,0,0,0,0,0,0,0,0,0,0,0,0,0,0,0,0,0,0,0,0,0,0,0,0,0,0.62796,0.00112878,0.000376259,0.00112878,0.000376259,0.00112878,0.000376259,0.00112878,0.000376259
469,43269.3,0.68187,0.33247,0.79511,0,0,0,0,0,0,0.18351,0.0015,5e-05,0,0,0,0,0,0,0,0,0,0,0,0,0,0,0.61932,0.12112,0,0,0.45383,0.05638,0.37865,0.42741,0.93336,0.86181,0.90867,0.62791,1.02684,0.47806,0.83935,0,0,0,0,0,0,0,0,0,0,0,0,0,0,0,0,0,0,0,0,0,0,0,0,0,0,0,0,0,0,0,0.62791,0.00112315,0.000374383,0.00112315,0.000374383,0.00112315,0.000374383,0.00112315,0.000374383
470,43435.1,0.68321,0.33501,0.79438,0,0,0,0,0,0,0.18218,0.00148,4e-05,0,0,0,0,0,0,0,0,0,0,0,0,0,0,0.61667,0.12108,0,0,0.45386,0.05631,0.37902,0.4275,0.93315,0.86177,0.90879,0.62818,1.02722,0.47824,0.83939,0,0,0,0,0,0,0,0,0,0,0,0,0,0,0,0,0,0,0,0,0,0,0,0,0,0,0,0,0,0,0,0.62818,0.00111753,0.000372509,0.00111753,0.000372509,0.00111753,0.000372509,0.00111753,0.000372509
471,43578.5,0.67725,0.33162,0.79441,0,0,0,0,0,0,0.17948,0.0015,5e-05,0,0,0,0,0,0,0,0,0,0,0,0,0,0,0.61075,0.12065,0,0,0.45386,0.05638,0.37916,0.42745,0.93372,0.86145,0.90931,0.62826,1.02703,0.47837,0.83936,0,0,0,0,0,0,0,0,0,0,0,0,0,0,0,0,0,0,0,0,0,0,0,0,0,0,0,0,0,0,0,0.62826,0.00111191,0.000370637,0.00111191,0.000370637,0.00111191,0.000370637,0.00111191,0.000370637
472,43739.8,0.67981,0.33249,0.79465,0,0,0,0,0,0,0.18327,0.00149,5e-05,0,0,0,0,0,0,0,0,0,0,0,0,0,0,0.62009,0.12114,0,0,0.45385,0.05631,0.37884,0.42745,0.933,0.86066,0.90869,0.62784,1.02729,0.47845,0.83938,0,0,0,0,0,0,0,0,0,0,0,0,0,0,0,0,0,0,0,0,0,0,0,0,0,0,0,0,0,0,0,0.62784,0.0011063,0.000368767,0.0011063,0.000368767,0.0011063,0.000368767,0.0011063,0.000368767
473,43888.1,0.67973,0.33465,0.79599,0,0,0,0,0,0,0.18371,0.00149,4e-05,0,0,0,0,0,0,0,0,0,0,0,0,0,0,0.6117,0.12148,0,0,0.45392,0.05636,0.37846,0.42746,0.93321,0.86032,0.90878,0.62778,1.02743,0.47888,0.83938,0,0,0,0,0,0,0,0,0,0,0,0,0,0,0,0,0,0,0,0,0,0,0,0,0,0,0,0,0,0,0,0.62778,0.0011007,0.000366899,0.0011007,0.000366899,0.0011007,0.000366899,0.0011007,0.000366899
474,44030.8,0.67993,0.33277,0.79762,0,0,0,0,0,0,0.18407,0.00148,5e-05,0,0,0,0,0,0,0,0,0,0,0,0,0,0,0.61463,0.12099,0,0,0.45389,0.05633,0.37859,0.42748,0.93293,0.86,0.90848,0.62792,1.028,0.47907,0.83942,0,0,0,0,0,0,0,0,0,0,0,0,0,0,0,0,0,0,0,0,0,0,0,0,0,0,0,0,0,0,0,0.62792,0.0010951,0.000365034,0.0010951,0.000365034,0.0010951,0.000365034,0.0010951,0.000365034
475,44191.6,0.67545,0.33056,0.79537,0,0,0,0,0,0,0.18259,0.00148,4e-05,0,0,0,0,0,0,0,0,0,0,0,0,0,0,0.61312,0.12112,0,0,0.4539,0.05627,0.37872,0.42743,0.93305,0.85901,0.90794,0.62742,1.02865,0.48023,0.8395,0,0,0,0,0,0,0,0,0,0,0,0,0,0,0,0,0,0,0,0,0,0,0,0,0,0,0,0,0,0,0,0.62742,0.00108951,0.00036317,0.00108951,0.00036317,0.00108951,0.00036317,0.00108951,0.00036317
476,44330.1,0.68169,0.33355,0.79504,0,0,0,0,0,0,0.18238,0.00148,5e-05,0,0,0,0,0,0,0,0,0,0,0,0,0,0,0.61217,0.12145,0,0,0.45381,0.05633,0.37817,0.42735,0.93352,0.8584,0.90805,0.62706,1.02844,0.48041,0.83945,0,0,0,0,0,0,0,0,0,0,0,0,0,0,0,0,0,0,0,0,0,0,0,0,0,0,0,0,0,0,0,0.62706,0.00108393,0.000361309,0.00108393,0.000361309,0.00108393,0.000361309,0.00108393,0.000361309
477,44487.9,0.6769,0.33052,0.79346,0,0,0,0,0,0,0.18394,0.00149,5e-05,5e-05,0,0,0,0,0,0,0,0,0,0,0,0,0,0.61056,0.12083,0,0,0.45393,0.05636,0.37899,0.42752,0.93245,0.85885,0.90762,0.62727,1.02799,0.4806,0.83942,0,0,0,0,0,0,0,0,0,0,0,0,0,0,0,0,0,0,0,0,0,0,0,0,0,0,0,0,0,0,0,0.62727,0.00107835,0.00035945,0.00107835,0.00035945,0.00107835,0.00035945,0.00107835,0.00035945
478,44640.9,0.6802,0.33357,0.79508,0,0,0,0,0,0,0.18316,0.00148,5e-05,0,0,0,0,0,0,0,0,0,0,0,0,0,0,0.61791,0.11987,0,0,0.45381,0.05635,0.37884,0.42746,0.93349,0.85801,0.90741,0.62751,1.02783,0.48082,0.83938,0,0,0,0,0,0,0,0,0,0,0,0,0,0,0,0,0,0,0,0,0,0,0,0,0,0,0,0,0,0,0,0.62751,0.00107278,0.000357593,0.00107278,0.000357593,0.00107278,0.000357593,0.00107278,0.000357593
479,44780.5,0.67489,0.33133,0.79564,0,0,0,0,0,0,0.1801,0.00148,5e-05,0,0,0,0,0,0,0,0,0,0,0,0,0,0,0.61695,0.11994,0,0,0.4538,0.05643,0.37806,0.42741,0.9325,0.85768,0.90646,0.62705,1.02879,0.48128,0.83949,0,0,0,0,0,0,0,0,0,0,0,0,0,0,0,0,0,0,0,0,0,0,0,0,0,0,0,0,0,0,0,0.62705,0.00106722,0.000355739,0.00106722,0.000355739,0.00106722,0.000355739,0.00106722,0.000355739
480,44941.8,0.67634,0.3323,0.79494,0,0,0,0,0,0,0.18226,0.00148,4e-05,0,0,0,0,0,0,0,0,0,0,0,0,0,0,0.61784,0.11979,0,0,0.4539,0.05634,0.37831,0.42751,0.93257,0.85825,0.9068,0.62691,1.02895,0.48138,0.83949,0,0,0,0,0,0,0,0,0,0,0,0,0,0,0,0,0,0,0,0,0,0,0,0,0,0,0,0,0,0,0,0.62691,0.00106166,0.000353886,0.00106166,0.000353886,0.00106166,0.000353886,0.00106166,0.000353886
481,45090.9,0.67867,0.33263,0.79528,0,0,0,0,0,0,0.18141,0.00148,5e-05,0,0,0,0,0,0,0,0,0,0,0,0,0,0,0.61876,0.11953,0,0,0.45373,0.05641,0.37816,0.42738,0.93374,0.85767,0.90703,0.62689,1.02848,0.48142,0.83952,0,0,0,0,0,0,0,0,0,0,0,0,0,0,0,0,0,0,0,0,0,0,0,0,0,0,0,0,0,0,0,0.62689,0.00105611,0.000352037,0.00105611,0.000352037,0.00105611,0.000352037,0.00105611,0.000352037
482,45244.6,0.67234,0.33017,0.79458,0,0,0,0,0,0,0.17829,0.00148,4e-05,0,0,0,0,0,0,0,0,0,0,0,0,0,0,0.60137,0.11957,0,0,0.45379,0.05641,0.378,0.42737,0.93418,0.85833,0.90766,0.62699,1.02859,0.48185,0.83957,0,0,0,0,0,0,0,0,0,0,0,0,0,0,0,0,0,0,0,0,0,0,0,0,0,0,0,0,0,0,0,0.62699,0.00105057,0.000350189,0.00105057,0.000350189,0.00105057,0.000350189,0.00105057,0.000350189
483,45405.7,0.67689,0.33128,0.79409,0,0,0,0,0,0,0.18335,0.00147,5e-05,0,0,0,0,0,0,0,0,0,0,0,0,0,0,0.61326,0.12055,0,0,0.45394,0.05628,0.37738,0.42754,0.93283,0.85788,0.90708,0.62671,1.02907,0.48226,0.83957,0,0,0,0,0,0,0,0,0,0,0,0,0,0,0,0,0,0,0,0,0,0,0,0,0,0,0,0,0,0,0,0.62671,0.00104503,0.000348344,0.00104503,0.000348344,0.00104503,0.000348344,0.00104503,0.000348344
484,45545.9,0.67041,0.33009,0.79611,0,0,0,0,0,0,0.18231,0.00147,5e-05,0,0,0,0,0,0,0,0,0,0,0,0,0,0,0.60915,0.11998,0,0,0.4538,0.05641,0.3785,0.42745,0.93277,0.85694,0.90679,0.62606,1.02942,0.48294,0.83969,0,0,0,0,0,0,0,0,0,0,0,0,0,0,0,0,0,0,0,0,0,0,0,0,0,0,0,0,0,0,0,0.62606,0.0010395,0.000346501,0.0010395,0.000346501,0.0010395,0.000346501,0.0010395,0.000346501
485,45711.5,0.67665,0.33107,0.7957,0,0,0,0,0,0,0.1809,0.00148,4e-05,0,0,0,0,0,0,0,0,0,0,0,0,0,0,0.60991,0.1194,0,0,0.45384,0.05629,0.37784,0.42734,0.93314,0.85735,0.90699,0.62593,1.02948,0.48291,0.83973,0,0,0,0,0,0,0,0,0,0,0,0,0,0,0,0,0,0,0,0,0,0,0,0,0,0,0,0,0,0,0,0.62593,0.00103398,0.000344661,0.00103398,0.000344661,0.00103398,0.000344661,0.00103398,0.000344661
486,45875.8,0.67004,0.32971,0.79525,0,0,0,0,0,0,0.17871,0.00147,4e-05,0,0,0,0,0,0,0,0,0,0,0,0,0,0,0.60871,0.11892,0,0,0.45376,0.05628,0.37825,0.42728,0.93224,0.85905,0.90713,0.62632,1.02922,0.48298,0.83967,0,0,0,0,0,0,0,0,0,0,0,0,0,0,0,0,0,0,0,0,0,0,0,0,0,0,0,0,0,0,0,0.62632,0.00102847,0.000342823,0.00102847,0.000342823,0.00102847,0.000342823,0.00102847,0.000342823
487,46018.7,0.6759,0.33025,0.79557,0,0,0,0,0,0,0.17769,0.00147,5e-05,0,0,0,0,0,0,0,0,0,0,0,0,0,0,0.61413,0.11946,0,0,0.45372,0.0563,0.37749,0.4273,0.93327,0.85913,0.90711,0.62589,1.02908,0.4831,0.83968,0,0,0,0,0,0,0,0,0,0,0,0,0,0,0,0,0,0,0,0,0,0,0,0,0,0,0,0,0,0,0,0.62589,0.00102296,0.000340988,0.00102296,0.000340988,0.00102296,0.000340988,0.00102296,0.000340988
488,46176.4,0.66858,0.32891,0.79574,0,0,0,0,0,0,0.18192,0.00148,5e-05,0,0,0,0,0,0,0,0,0,0,0,0,0,0,0.60703,0.11907,0,0,0.45388,0.05643,0.37844,0.42747,0.93286,0.85761,0.90638,0.62589,1.02916,0.48348,0.83974,0,0,0,0,0,0,0,0,0,0,0,0,0,0,0,0,0,0,0,0,0,0,0,0,0,0,0,0,0,0,0,0.62589,0.00101746,0.000339155,0.00101746,0.000339155,0.00101746,0.000339155,0.00101746,0.000339155
489,46331.5,0.66748,0.32738,0.79511,0,0,0,0,0,0,0.18249,0.00145,4e-05,0,0,0,0,0,0,0,0,0,0,0,0,0,0,0.60883,0.11805,0,0,0.4538,0.05638,0.37873,0.42741,0.93292,0.85815,0.9072,0.6256,1.02916,0.484,0.83973,0,0,0,0,0,0,0,0,0,0,0,0,0,0,0,0,0,0,0,0,0,0,0,0,0,0,0,0,0,0,0,0.6256,0.00101197,0.000337325,0.00101197,0.000337325,0.00101197,0.000337325,0.00101197,0.000337325
490,46479.7,0.67135,0.33077,0.79488,0,0,0,0,0,0,0.17841,0.00147,4e-05,0,0,0,0,0,0,0,0,0,0,0,0,0,0,0.60723,0.11828,0,0,0.45389,0.05637,0.37839,0.42747,0.93225,0.85846,0.907,0.62565,1.02939,0.4845,0.83978,0,0,0,0,0,0,0,0,0,0,0,0,0,0,0,0,0,0,0,0,0,0,0,0,0,0,0,0,0,0,0,0.62565,0.00100649,0.000335497,0.00100649,0.000335497,0.00100649,0.000335497,0.00100649,0.000335497
491,46639.4,0.67022,0.33021,0.79613,0,0,0,0,0,0,0.18053,0.00147,4e-05,0,0,0,0,0,0,0,0,0,0,0,0,0,0,0.60957,0.11955,0,0,0.45397,0.0563,0.37844,0.42754,0.93238,0.85877,0.90685,0.62591,1.02978,0.48497,0.83976,0,0,0,0,0,0,0,0,0,0,0,0,0,0,0,0,0,0,0,0,0,0,0,0,0,0,0,0,0,0,0,0.62591,0.00100102,0.000333672,0.00100102,0.000333672,0.00100102,0.000333672,0.00100102,0.000333672
492,46784.4,0.67172,0.32874,0.7961,0,0,0,0,0,0,0.18202,0.00147,4e-05,0,0,0,0,0,0,0,0,0,0,0,0,0,0,0.60518,0.11982,0,0,0.45383,0.05643,0.37868,0.42749,0.93265,0.85899,0.90728,0.62587,1.03014,0.48499,0.83983,0,0,0,0,0,0,0,0,0,0,0,0,0,0,0,0,0,0,0,0,0,0,0,0,0,0,0,0,0,0,0,0.62587,0.000995549,0.00033185,0.000995549,0.00033185,0.000995549,0.00033185,0.000995549,0.00033185
493,46940,0.66637,0.32857,0.79545,0,0,0,0,0,0,0.17942,0.00148,5e-05,0,0,0,0,0,0,0,0,0,0,0,0,0,0,0.60884,0.11956,0,0,0.45394,0.05634,0.37829,0.42749,0.93333,0.85901,0.90808,0.62603,1.02993,0.48485,0.83989,0,0,0,0,0,0,0,0,0,0,0,0,0,0,0,0,0,0,0,0,0,0,0,0,0,0,0,0,0,0,0,0.62603,0.00099009,0.00033003,0.00099009,0.00033003,0.00099009,0.00033003,0.00099009,0.00033003
494,47087,0.6735,0.32998,0.79593,0,0,0,0,0,0,0.18163,0.00148,4e-05,0,0,0,0,0,0,0,0,0,0,0,0,0,0,0.60856,0.11895,0,0,0.45391,0.05635,0.37862,0.42748,0.93175,0.85822,0.90688,0.62612,1.03032,0.48548,0.83995,0,0,0,0,0,0,0,0,0,0,0,0,0,0,0,0,0,0,0,0,0,0,0,0,0,0,0,0,0,0,0,0.62612,0.000984639,0.000328213,0.000984639,0.000328213,0.000984639,0.000328213,0.000984639,0.000328213
495,47233.4,0.66853,0.3284,0.79595,0,0,0,0,0,0,0.17961,0.00146,5e-05,0,0,0,0,0,0,0,0,0,0,0,0,0,0,0.60211,0.11894,0,0,0.4538,0.05634,0.37866,0.42741,0.93147,0.85765,0.90706,0.62576,1.03074,0.48574,0.84005,0,0,0,0,0,0,0,0,0,0,0,0,0,0,0,0,0,0,0,0,0,0,0,0,0,0,0,0,0,0,0,0.62576,0.000979196,0.000326399,0.000979196,0.000326399,0.000979196,0.000326399,0.000979196,0.000326399
496,47393.1,0.6674,0.32857,0.79596,0,0,0,0,0,0,0.17871,0.00146,5e-05,0,0,0,0,0,0,0,0,0,0,0,0,0,0,0.6107,0.11871,0,0,0.45371,0.05637,0.37831,0.42736,0.93083,0.85748,0.90635,0.62609,1.03067,0.4858,0.84011,0,0,0,0,0,0,0,0,0,0,0,0,0,0,0,0,0,0,0,0,0,0,0,0,0,0,0,0,0,0,0,0.62609,0.000973761,0.000324587,0.000973761,0.000324587,0.000973761,0.000324587,0.000973761,0.000324587
497,47535.9,0.66984,0.32703,0.79589,0,0,0,0,0,0,0.18149,0.00148,4e-05,0,0,0,0,0,0,0,0,0,0,0,0,0,0,0.60685,0.11931,0,0,0.45381,0.05633,0.37916,0.42734,0.93064,0.85904,0.90727,0.62602,1.03081,0.48585,0.84007,0,0,0,0,0,0,0,0,0,0,0,0,0,0,0,0,0,0,0,0,0,0,0,0,0,0,0,0,0,0,0,0.62602,0.000968335,0.000322778,0.000968335,0.000322778,0.000968335,0.000322778,0.000968335,0.000322778
498,47692.9,0.66939,0.3298,0.79511,0,0,0,0,0,0,0.17832,0.00147,5e-05,0,0,0,0,0,0,0,0,0,0,0,0,0,0,0.60647,0.1189,0,0,0.45384,0.05631,0.37865,0.42737,0.93107,0.85896,0.90733,0.62558,1.0308,0.48629,0.84008,0,0,0,0,0,0,0,0,0,0,0,0,0,0,0,0,0,0,0,0,0,0,0,0,0,0,0,0,0,0,0,0.62558,0.000962917,0.000320972,0.000962917,0.000320972,0.000962917,0.000320972,0.000962917,0.000320972
499,47849.7,0.6676,0.32788,0.79473,0,0,0,0,0,0,0.17752,0.00147,4e-05,0,0,0,0,0,0,0,0,0,0,0,0,0,0,0.59817,0.1189,0,0,0.45382,0.05636,0.3785,0.42751,0.9308,0.85903,0.90718,0.6257,1.03094,0.48678,0.84019,0,0,0,0,0,0,0,0,0,0,0,0,0,0,0,0,0,0,0,0,0,0,0,0,0,0,0,0,0,0,0,0.6257,0.000957508,0.000319169,0.000957508,0.000319169,0.000957508,0.000319169,0.000957508,0.000319169
500,47995.5,0.67141,0.32869,0.79411,0,0,0,0,0,0,0.17996,0.00146,4e-05,0,0,0,0,0,0,0,0,0,0,0,0,0,0,0.60234,0.11854,0,0,0.45378,0.0564,0.37847,0.4274,0.93096,0.8586,0.9069,0.62589,1.03065,0.48674,0.84017,0,0,0,0,0,0,0,0,0,0,0,0,0,0,0,0,0,0,0,0,0,0,0,0,0,0,0,0,0,0,0,0.62589,0.000952107,0.000317369,0.000952107,0.000317369,0.000952107,0.000317369,0.000952107,0.000317369
501,48151.9,0.66806,0.3271,0.79569,0,0,0,0,0,0,0.17653,0.00146,5e-05,0,0,0,0,0,0,0,0,0,0,0,0,0,0,0.60088,0.11829,0,0,0.45376,0.05633,0.37824,0.42736,0.93174,0.85886,0.90751,0.62588,1.03052,0.48691,0.84017,0,0,0,0,0,0,0,0,0,0,0,0,0,0,0,0,0,0,0,0,0,0,0,0,0,0,0,0,0,0,0,0.62588,0.000946715,0.000315572,0.000946715,0.000315572,0.000946715,0.000315572,0.000946715,0.000315572
502,48299.8,0.66814,0.32897,0.79391,0,0,0,0,0,0,0.18166,0.00147,4e-05,0,0,0,0,0,0,0,0,0,0,0,0,0,0,0.60241,0.11899,0,0,0.45388,0.05635,0.37833,0.4275,0.9318,0.85864,0.90741,0.62577,1.03029,0.48704,0.84026,0,0,0,0,0,0,0,0,0,0,0,0,0,0,0,0,0,0,0,0,0,0,0,0,0,0,0,0,0,0,0,0.62577,0.000941332,0.000313777,0.000941332,0.000313777,0.000941332,0.000313777,0.000941332,0.000313777
503,48452.7,0.66317,0.32804,0.79497,0,0,0,0,0,0,0.17902,0.00147,4e-05,0,0,0,0,0,0,0,0,0,0,0,0,0,0,0.59945,0.1192,0,0,0.45378,0.05637,0.37851,0.4273,0.93177,0.85828,0.90708,0.6256,1.0306,0.4873,0.84029,0,0,0,0,0,0,0,0,0,0,0,0,0,0,0,0,0,0,0,0,0,0,0,0,0,0,0,0,0,0,0,0.6256,0.000935957,0.000311986,0.000935957,0.000311986,0.000935957,0.000311986,0.000935957,0.000311986
504,48599,0.66295,0.3273,0.79241,0,0,0,0,0,0,0.17958,0.00147,5e-05,0,0,0,0,0,0,0,0,0,0,0,0,0,0,0.60538,0.11886,0,0,0.45379,0.05632,0.3783,0.4274,0.93135,0.85778,0.90686,0.62555,1.03041,0.48802,0.84028,0,0,0,0,0,0,0,0,0,0,0,0,0,0,0,0,0,0,0,0,0,0,0,0,0,0,0,0,0,0,0,0.62555,0.000930592,0.000310197,0.000930592,0.000310197,0.000930592,0.000310197,0.000930592,0.000310197
505,48751.3,0.66151,0.32657,0.79451,0,0,0,0,0,0,0.17903,0.00146,4e-05,0,0,0,0,0,0,0,0,0,0,0,0,0,0,0.60097,0.11879,0,0,0.45381,0.05634,0.37873,0.42748,0.93089,0.85775,0.90639,0.62535,1.03072,0.48871,0.84033,0,0,0,0,0,0,0,0,0,0,0,0,0,0,0,0,0,0,0,0,0,0,0,0,0,0,0,0,0,0,0,0.62535,0.000925235,0.000308412,0.000925235,0.000308412,0.000925235,0.000308412,0.000925235,0.000308412
506,48904.4,0.66481,0.32719,0.79465,0,0,0,0,0,0,0.17973,0.00147,4e-05,0,0,0,0,0,0,0,0,0,0,0,0,0,0,0.59714,0.11861,0,0,0.4538,0.0563,0.37882,0.42738,0.93066,0.85716,0.9059,0.62571,1.03095,0.48881,0.84027,0,0,0,0,0,0,0,0,0,0,0,0,0,0,0,0,0,0,0,0,0,0,0,0,0,0,0,0,0,0,0,0.62571,0.000919888,0.000306629,0.000919888,0.000306629,0.000919888,0.000306629,0.000919888,0.000306629
507,49052.8,0.66746,0.32849,0.79455,0,0,0,0,0,0,0.17973,0.00146,5e-05,0,0,0,0,0,0,0,0,0,0,0,0,0,0,0.59691,0.11774,0,0,0.45389,0.05636,0.37917,0.42749,0.93014,0.8571,0.90598,0.6254,1.03151,0.48914,0.84036,0,0,0,0,0,0,0,0,0,0,0,0,0,0,0,0,0,0,0,0,0,0,0,0,0,0,0,0,0,0,0,0.6254,0.00091455,0.00030485,0.00091455,0.00030485,0.00091455,0.00030485,0.00091455,0.00030485
508,49207.7,0.66396,0.32605,0.79554,0,0,0,0,0,0,0.17567,0.00146,4e-05,0,0,0,0,0,0,0,0,0,0,0,0,0,0,0.59896,0.11757,0,0,0.45372,0.05638,0.37868,0.42731,0.93014,0.85678,0.90575,0.62546,1.03158,0.48939,0.84039,0,0,0,0,0,0,0,0,0,0,0,0,0,0,0,0,0,0,0,0,0,0,0,0,0,0,0,0,0,0,0,0.62546,0.000909221,0.000303074,0.000909221,0.000303074,0.000909221,0.000303074,0.000909221,0.000303074
509,49360.7,0.66156,0.32596,0.79371,0,0,0,0,0,0,0.17633,0.00145,4e-05,0,0,0,0,0,0,0,0,0,0,0,0,0,0,0.60114,0.11788,0,0,0.45373,0.05639,0.37842,0.42739,0.92983,0.85644,0.90585,0.62572,1.03125,0.48947,0.84041,0,0,0,0,0,0,0,0,0,0,0,0,0,0,0,0,0,0,0,0,0,0,0,0,0,0,0,0,0,0,0,0.62572,0.000903901,0.0003013,0.000903901,0.0003013,0.000903901,0.0003013,0.000903901,0.0003013
510,49508.9,0.66241,0.32648,0.79454,0,0,0,0,0,0,0.178,0.00146,4e-05,0,0,0,0,0,0,0,0,0,0,0,0,0,0,0.60703,0.11793,0,0,0.45394,0.05639,0.37805,0.42754,0.93049,0.85741,0.90637,0.62551,1.03118,0.48954,0.84041,0,0,0,0,0,0,0,0,0,0,0,0,0,0,0,0,0,0,0,0,0,0,0,0,0,0,0,0,0,0,0,0.62551,0.000898591,0.00029953,0.000898591,0.00029953,0.000898591,0.00029953,0.000898591,0.00029953
511,49669.6,0.66203,0.3246,0.79586,0,0,0,0,0,0,0.17581,0.00145,5e-05,0,0,0,0,0,0,0,0,0,0,0,0,0,0,0.6019,0.11708,0,0,0.45387,0.05638,0.37812,0.42745,0.92899,0.85885,0.907,0.62569,1.0311,0.48943,0.84042,0,0,0,0,0,0,0,0,0,0,0,0,0,0,0,0,0,0,0,0,0,0,0,0,0,0,0,0,0,0,0,0.62569,0.00089329,0.000297763,0.00089329,0.000297763,0.00089329,0.000297763,0.00089329,0.000297763
512,49811.4,0.65648,0.32348,0.79382,0,0,0,0,0,0,0.1773,0.00146,4e-05,0,0,0,0,0,0,0,0,0,0,0,0,0,0,0.60049,0.11765,0,0,0.45388,0.05631,0.37872,0.42746,0.92962,0.85837,0.90656,0.62558,1.03087,0.48944,0.84038,0,0,0,0,0,0,0,0,0,0,0,0,0,0,0,0,0,0,0,0,0,0,0,0,0,0,0,0,0,0,0,0.62558,0.000887999,0.000296,0.000887999,0.000296,0.000887999,0.000296,0.000887999,0.000296
513,49966.8,0.66287,0.32563,0.79386,0,0,0,0,0,0,0.17707,0.00145,4e-05,1e-05,0,0,0,0,0,0,0,0,0,0,0,0,0,0.597,0.11717,0,0,0.45374,0.0564,0.37877,0.42739,0.92914,0.85802,0.90671,0.62552,1.03063,0.48927,0.8404,0,0,0,0,0,0,0,0,0,0,0,0,0,0,0,0,0,0,0,0,0,0,0,0,0,0,0,0,0,0,0,0.62552,0.000882718,0.000294239,0.000882718,0.000294239,0.000882718,0.000294239,0.000882718,0.000294239
514,50116.1,0.65841,0.32553,0.79587,0,0,0,0,0,0,0.17933,0.00146,4e-05,0,0,0,0,0,0,0,0,0,0,0,0,0,0,0.60281,0.11755,0,0,0.45387,0.05636,0.37841,0.4275,0.92943,0.85778,0.90676,0.62552,1.03099,0.48948,0.84038,0,0,0,0,0,0,0,0,0,0,0,0,0,0,0,0,0,0,0,0,0,0,0,0,0,0,0,0,0,0,0,0.62552,0.000877446,0.000292482,0.000877446,0.000292482,0.000877446,0.000292482,0.000877446,0.000292482
515,50267,0.66152,0.32623,0.79393,0,0,0,0,0,0,0.17958,0.00145,5e-05,0,0,0,0,0,0,0,0,0,0,0,0,0,0,0.60614,0.11796,0,0,0.45393,0.05633,0.3788,0.42751,0.93125,0.85612,0.90604,0.62514,1.03116,0.48957,0.84038,0,0,0,0,0,0,0,0,0,0,0,0,0,0,0,0,0,0,0,0,0,0,0,0,0,0,0,0,0,0,0,0.62514,0.000872184,0.000290728,0.000872184,0.000290728,0.000872184,0.000290728,0.000872184,0.000290728
516,50423.7,0.65881,0.32531,0.79392,0,0,0,0,0,0,0.17617,0.00145,4e-05,0,0,0,0,0,0,0,0,0,0,0,0,0,0,0.61416,0.11835,0,0,0.45389,0.05628,0.37817,0.42745,0.93205,0.85597,0.90642,0.62479,1.0317,0.49008,0.84047,0,0,0,0,0,0,0,0,0,0,0,0,0,0,0,0,0,0,0,0,0,0,0,0,0,0,0,0,0,0,0,0.62479,0.000866932,0.000288977,0.000866932,0.000288977,0.000866932,0.000288977,0.000866932,0.000288977
517,50572.2,0.65991,0.32573,0.79551,0,0,0,0,0,0,0.17671,0.00145,5e-05,4e-05,0,0,0,0,0,0,0,0,0,0,0,0,0,0.60267,0.11774,0,0,0.45396,0.05635,0.37899,0.42758,0.93241,0.8555,0.90641,0.62491,1.03207,0.49032,0.84052,0,0,0,0,0,0,0,0,0,0,0,0,0,0,0,0,0,0,0,0,0,0,0,0,0,0,0,0,0,0,0,0.62491,0.00086169,0.00028723,0.00086169,0.00028723,0.00086169,0.00028723,0.00086169,0.00028723
518,50722.1,0.66429,0.32509,0.79375,0,0,0,0,0,0,0.17554,0.00145,5e-05,0,0,0,0,0,0,0,0,0,0,0,0,0,0,0.60713,0.11757,0,0,0.4538,0.05639,0.37859,0.42743,0.93129,0.85599,0.90609,0.62485,1.03221,0.49063,0.84056,0,0,0,0,0,0,0,0,0,0,0,0,0,0,0,0,0,0,0,0,0,0,0,0,0,0,0,0,0,0,0,0.62485,0.000856458,0.000285486,0.000856458,0.000285486,0.000856458,0.000285486,0.000856458,0.000285486
519,50866.8,0.65371,0.32389,0.79428,0,0,0,0,0,0,0.17482,0.00145,4e-05,0,0,0,0,0,0,0,0,0,0,0,0,0,0,0.60404,0.11734,0,0,0.45381,0.05636,0.37804,0.4274,0.93121,0.85601,0.90618,0.62493,1.03223,0.49138,0.84055,0,0,0,0,0,0,0,0,0,0,0,0,0,0,0,0,0,0,0,0,0,0,0,0,0,0,0,0,0,0,0,0.62493,0.000851237,0.000283746,0.000851237,0.000283746,0.000851237,0.000283746,0.000851237,0.000283746
520,51019.1,0.662,0.32582,0.79428,0,0,0,0,0,0,0.17537,0.00144,4e-05,0,0,0,0,0,0,0,0,0,0,0,0,0,0,0.6103,0.11704,0,0,0.45378,0.05628,0.37834,0.42744,0.93213,0.85492,0.9062,0.62509,1.03208,0.49235,0.84054,0,0,0,0,0,0,0,0,0,0,0,0,0,0,0,0,0,0,0,0,0,0,0,0,0,0,0,0,0,0,0,0.62509,0.000846025,0.000282008,0.000846025,0.000282008,0.000846025,0.000282008,0.000846025,0.000282008
521,51169.1,0.66022,0.32515,0.79364,0,0,0,0,0,0,0.17687,0.00146,4e-05,0,0,0,0,0,0,0,0,0,0,0,0,0,0,0.60122,0.11705,0,0,0.45384,0.05633,0.37816,0.42743,0.9314,0.85385,0.90516,0.62534,1.03219,0.49219,0.84059,0,0,0,0,0,0,0,0,0,0,0,0,0,0,0,0,0,0,0,0,0,0,0,0,0,0,0,0,0,0,0,0.62534,0.000840824,0.000280275,0.000840824,0.000280275,0.000840824,0.000280275,0.000840824,0.000280275
522,51317.7,0.6572,0.32426,0.79587,0,0,0,0,0,0,0.17713,0.00146,5e-05,0,0,0,0,0,0,0,0,0,0,0,0,0,0,0.59737,0.11779,0,0,0.45393,0.05636,0.37837,0.42751,0.93199,0.85438,0.90565,0.62539,1.03204,0.49254,0.84057,0,0,0,0,0,0,0,0,0,0,0,0,0,0,0,0,0,0,0,0,0,0,0,0,0,0,0,0,0,0,0,0.62539,0.000835633,0.000278544,0.000835633,0.000278544,0.000835633,0.000278544,0.000835633,0.000278544
523,51468.7,0.65888,0.32535,0.79399,0,0,0,0,0,0,0.17635,0.00145,4e-05,0,0,0,0,0,0,0,0,0,0,0,0,0,0,0.60078,0.11641,0,0,0.45378,0.05634,0.37854,0.42737,0.93041,0.85405,0.90485,0.62537,1.03236,0.49267,0.8406,0,0,0,0,0,0,0,0,0,0,0,0,0,0,0,0,0,0,0,0,0,0,0,0,0,0,0,0,0,0,0,0.62537,0.000830453,0.000276818,0.000830453,0.000276818,0.000830453,0.000276818,0.000830453,0.000276818
524,51618.8,0.65734,0.32436,0.79552,0,0,0,0,0,0,0.1778,0.00146,4e-05,0,0,0,0,0,0,0,0,0,0,0,0,0,0,0.60633,0.11602,0,0,0.45389,0.05635,0.37858,0.42747,0.92903,0.85446,0.90504,0.62507,1.03288,0.4931,0.84067,0,0,0,0,0,0,0,0,0,0,0,0,0,0,0,0,0,0,0,0,0,0,0,0,0,0,0,0,0,0,0,0.62507,0.000825283,0.000275094,0.000825283,0.000275094,0.000825283,0.000275094,0.000825283,0.000275094
525,51772.8,0.6573,0.3246,0.79477,0,0,0,0,0,0,0.1738,0.00144,4e-05,0,0,0,0,0,0,0,0,0,0,0,0,0,0,0.60437,0.11546,0,0,0.45381,0.05633,0.3782,0.42736,0.92986,0.85389,0.90481,0.62485,1.03336,0.49381,0.84075,0,0,0,0,0,0,0,0,0,0,0,0,0,0,0,0,0,0,0,0,0,0,0,0,0,0,0,0,0,0,0,0.62485,0.000820124,0.000273375,0.000820124,0.000273375,0.000820124,0.000273375,0.000820124,0.000273375
526,51921.7,0.65568,0.32294,0.79312,0,0,0,0,0,0,0.1744,0.00143,4e-05,0,0,0,0,0,0,0,0,0,0,0,0,0,0,0.60467,0.11549,0,0,0.45378,0.05633,0.37828,0.42737,0.92911,0.85437,0.90485,0.62479,1.03323,0.49371,0.84071,0,0,0,0,0,0,0,0,0,0,0,0,0,0,0,0,0,0,0,0,0,0,0,0,0,0,0,0,0,0,0,0.62479,0.000814976,0.000271659,0.000814976,0.000271659,0.000814976,0.000271659,0.000814976,0.000271659
527,52074.7,0.65584,0.32301,0.7947,0,0,0,0,0,0,0.17333,0.00144,4e-05,0,0,0,0,0,0,0,0,0,0,0,0,0,0,0.60635,0.11522,0,0,0.45385,0.05637,0.37797,0.42743,0.93079,0.85344,0.90498,0.62497,1.03367,0.49455,0.84076,0,0,0,0,0,0,0,0,0,0,0,0,0,0,0,0,0,0,0,0,0,0,0,0,0,0,0,0,0,0,0,0.62497,0.000809838,0.000269946,0.000809838,0.000269946,0.000809838,0.000269946,0.000809838,0.000269946
528,52231.7,0.65731,0.32514,0.79355,0,0,0,0,0,0,0.174,0.00144,4e-05,0,0,0,0,0,0,0,0,0,0,0,0,0,0,0.60481,0.11542,0,0,0.45379,0.05646,0.37797,0.42743,0.93109,0.85277,0.90465,0.62458,1.03414,0.49437,0.84084,0,0,0,0,0,0,0,0,0,0,0,0,0,0,0,0,0,0,0,0,0,0,0,0,0,0,0,0,0,0,0,0.62458,0.000804712,0.000268237,0.000804712,0.000268237,0.000804712,0.000268237,0.000804712,0.000268237
529,52383.2,0.65291,0.3227,0.79422,0,0,0,0,0,0,0.17704,0.00145,5e-05,0,0,0,0,0,0,0,0,0,0,0,0,0,0,0.60164,0.11502,0,0,0.45375,0.05636,0.37846,0.42733,0.93032,0.85324,0.90484,0.62459,1.0352,0.49432,0.84096,0,0,0,0,0,0,0,0,0,0,0,0,0,0,0,0,0,0,0,0,0,0,0,0,0,0,0,0,0,0,0,0.62459,0.000799596,0.000266532,0.000799596,0.000266532,0.000799596,0.000266532,0.000799596,0.000266532
530,52527.6,0.65239,0.32171,0.79447,0,0,0,0,0,0,0.17645,0.00143,5e-05,0,0,0,0,0,0,0,0,0,0,0,0,0,0,0.59874,0.11477,0,0,0.45381,0.05635,0.37817,0.42736,0.93057,0.85242,0.90419,0.62436,1.03563,0.4947,0.84107,0,0,0,0,0,0,0,0,0,0,0,0,0,0,0,0,0,0,0,0,0,0,0,0,0,0,0,0,0,0,0,0.62436,0.000794491,0.00026483,0.000794491,0.00026483,0.000794491,0.00026483,0.000794491,0.00026483
531,52663.3,0.65715,0.32366,0.7944,0,0,0,0,0,0,0.17374,0.00144,4e-05,0,0,0,0,0,0,0,0,0,0,0,0,0,0,0.59968,0.11476,0,0,0.45393,0.05634,0.3779,0.42747,0.93121,0.85148,0.90428,0.62484,1.03537,0.49487,0.84106,0,0,0,0,0,0,0,0,0,0,0,0,0,0,0,0,0,0,0,0,0,0,0,0,0,0,0,0,0,0,0,0.62484,0.000789397,0.000263132,0.000789397,0.000263132,0.000789397,0.000263132,0.000789397,0.000263132
532,52794.4,0.65516,0.32189,0.79246,0,0,0,0,0,0,0.1737,0.00143,5e-05,0,0,0,0,0,0,0,0,0,0,0,0,0,0,0.59915,0.11516,0,0,0.45387,0.05628,0.37833,0.4275,0.93209,0.85129,0.90458,0.62458,1.03513,0.49451,0.84098,0,0,0,0,0,0,0,0,0,0,0,0,0,0,0,0,0,0,0,0,0,0,0,0,0,0,0,0,0,0,0,0.62458,0.000784315,0.000261438,0.000784315,0.000261438,0.000784315,0.000261438,0.000784315,0.000261438
533,52928.1,0.65384,0.3225,0.79365,0,0,0,0,0,0,0.17327,0.00143,4e-05,0,0,0,0,0,0,0,0,0,0,0,0,0,0,0.59852,0.11529,0,0,0.45383,0.05633,0.37794,0.42743,0.93205,0.85225,0.9051,0.62471,1.03461,0.49508,0.84097,0,0,0,0,0,0,0,0,0,0,0,0,0,0,0,0,0,0,0,0,0,0,0,0,0,0,0,0,0,0,0,0.62471,0.000779244,0.000259748,0.000779244,0.000259748,0.000779244,0.000259748,0.000779244,0.000259748
534,53045,0.65149,0.32135,0.79401,0,0,0,0,0,0,0.17447,0.00143,5e-05,0,0,0,0,0,0,0,0,0,0,0,0,0,0,0.59812,0.11483,0,0,0.45376,0.05638,0.37804,0.42741,0.93188,0.85256,0.90473,0.62484,1.03436,0.49531,0.84096,0,0,0,0,0,0,0,0,0,0,0,0,0,0,0,0,0,0,0,0,0,0,0,0,0,0,0,0,0,0,0,0.62484,0.000774184,0.000258061,0.000774184,0.000258061,0.000774184,0.000258061,0.000774184,0.000258061
535,53149.6,0.65848,0.32336,0.79307,0,0,0,0,0,0,0.17418,0.00144,4e-05,0,0,0,0,0,0,0,0,0,0,0,0,0,0,0.60101,0.11591,0,0,0.45378,0.05635,0.37795,0.42733,0.92839,0.85513,0.90514,0.62508,1.03477,0.49592,0.84101,0,0,0,0,0,0,0,0,0,0,0,0,0,0,0,0,0,0,0,0,0,0,0,0,0,0,0,0,0,0,0,0.62508,0.000769136,0.000256379,0.000769136,0.000256379,0.000769136,0.000256379,0.000769136,0.000256379
536,53249.5,0.64908,0.32085,0.79329,0,0,0,0,0,0,0.17322,0.00144,4e-05,0,0,0,0,0,0,0,0,0,0,0,0,0,0,0.6023,0.11584,0,0,0.45377,0.05641,0.37821,0.42742,0.92783,0.85475,0.9047,0.62481,1.03487,0.49629,0.84102,0,0,0,0,0,0,0,0,0,0,0,0,0,0,0,0,0,0,0,0,0,0,0,0,0,0,0,0,0,0,0,0.62481,0.000764099,0.0002547,0.000764099,0.0002547,0.000764099,0.0002547,0.000764099,0.0002547
537,53350.2,0.6539,0.32254,0.7917,0,0,0,0,0,0,0.17169,0.00143,4e-05,0,0,0,0,0,0,0,0,0,0,0,0,0,0,0.59693,0.11543,0,0,0.45384,0.05637,0.37805,0.42749,0.92853,0.85366,0.90453,0.62445,1.0354,0.49644,0.84108,0,0,0,0,0,0,0,0,0,0,0,0,0,0,0,0,0,0,0,0,0,0,0,0,0,0,0,0,0,0,0,0.62445,0.000759073,0.000253024,0.000759073,0.000253024,0.000759073,0.000253024,0.000759073,0.000253024
538,53451.7,0.65366,0.32235,0.79312,0,0,0,0,0,0,0.17274,0.00143,4e-05,4e-05,0,0,0,0,0,0,0,0,0,0,0,0,0,0.59984,0.11535,0,0,0.45383,0.05634,0.37844,0.42739,0.92738,0.85408,0.9042,0.62429,1.0358,0.49633,0.8411,0,0,0,0,0,0,0,0,0,0,0,0,0,0,0,0,0,0,0,0,0,0,0,0,0,0,0,0,0,0,0,0.62429,0.00075406,0.000251353,0.00075406,0.000251353,0.00075406,0.000251353,0.00075406,0.000251353
539,53557.6,0.65393,0.32315,0.79296,0,0,0,0,0,0,0.17268,0.00143,4e-05,4e-05,0,0,0,0,0,0,0,0,0,0,0,0,0,0.60235,0.11543,0,0,0.45393,0.05635,0.37828,0.42751,0.9279,0.85388,0.90454,0.62417,1.03604,0.49714,0.84107,0,0,0,0,0,0,0,0,0,0,0,0,0,0,0,0,0,0,0,0,0,0,0,0,0,0,0,0,0,0,0,0.62417,0.000749058,0.000249686,0.000749058,0.000249686,0.000749058,0.000249686,0.000749058,0.000249686
540,53659.3,0.64805,0.32132,0.79255,0,0,0,0,0,0,0.17135,0.00144,4e-05,5e-05,0,0,0,0,0,0,0,0,0,0,0,0,0,0.60427,0.11485,0,0,0.45383,0.05634,0.37833,0.4274,0.92695,0.85337,0.9037,0.62394,1.03649,0.49755,0.84116,0,0,0,0,0,0,0,0,0,0,0,0,0,0,0,0,0,0,0,0,0,0,0,0,0,0,0,0,0,0,0,0.62394,0.000744068,0.000248023,0.000744068,0.000248023,0.000744068,0.000248023,0.000744068,0.000248023
541,53761.4,0.65091,0.32249,0.79466,0,0,0,0,0,0,0.17716,0.00142,5e-05,0,0,0,0,0,0,0,0,0,0,0,0,0,0,0.60294,0.11434,0,0,0.45379,0.05633,0.37948,0.42742,0.92622,0.854,0.9042,0.6241,1.03648,0.49825,0.84111,0,0,0,0,0,0,0,0,0,0,0,0,0,0,0,0,0,0,0,0,0,0,0,0,0,0,0,0,0,0,0,0.6241,0.00073909,0.000246363,0.00073909,0.000246363,0.00073909,0.000246363,0.00073909,0.000246363
542,53863.9,0.64679,0.31996,0.79301,0,0,0,0,0,0,0.17215,0.00144,4e-05,0,0,0,0,0,0,0,0,0,0,0,0,0,0,0.60628,0.11451,0,0,0.45396,0.0563,0.37762,0.42747,0.92484,0.85471,0.90386,0.62398,1.03683,0.49837,0.8412,0,0,0,0,0,0,0,0,0,0,0,0,0,0,0,0,0,0,0,0,0,0,0,0,0,0,0,0,0,0,0,0.62398,0.000734123,0.000244708,0.000734123,0.000244708,0.000734123,0.000244708,0.000734123,0.000244708
543,54104.6,0.64541,0.31987,0.79471,0,0,0,0,0,0,0.17162,0.00143,5e-05,0,0,0,0,0,0,0,0,0,0,0,0,0,0,0.59884,0.11421,0,0,0.45379,0.05632,0.37769,0.42735,0.92509,0.85493,0.90439,0.62394,1.03695,0.49794,0.8412,0,0,0,0,0,0,0,0,0,0,0,0,0,0,0,0,0,0,0,0,0,0,0,0,0,0,0,0,0,0,0,0.62394,0.000729169,0.000243056,0.000729169,0.000243056,0.000729169,0.000243056,0.000729169,0.000243056
544,54299.1,0.64647,0.32209,0.7911,0,0,0,0,0,0,0.17409,0.00142,4e-05,0,0,0,0,0,0,0,0,0,0,0,0,0,0,0.60355,0.1141,0,0,0.45382,0.05632,0.3781,0.42742,0.92538,0.85383,0.90361,0.62361,1.038,0.49903,0.84133,0,0,0,0,0,0,0,0,0,0,0,0,0,0,0,0,0,0,0,0,0,0,0,0,0,0,0,0,0,0,0,0.62361,0.000724227,0.000241409,0.000724227,0.000241409,0.000724227,0.000241409,0.000724227,0.000241409
545,54442.8,0.64709,0.32046,0.79253,0,0,0,0,0,0,0.17285,0.00143,4e-05,0,0,0,0,0,0,0,0,0,0,0,0,0,0,0.60091,0.11403,0,0,0.45387,0.05633,0.37773,0.42742,0.92534,0.85336,0.90355,0.62349,1.03856,0.49868,0.84134,0,0,0,0,0,0,0,0,0,0,0,0,0,0,0,0,0,0,0,0,0,0,0,0,0,0,0,0,0,0,0,0.62349,0.000719297,0.000239766,0.000719297,0.000239766,0.000719297,0.000239766,0.000719297,0.000239766
546,54584.8,0.64717,0.32069,0.79446,0,0,0,0,0,0,0.17357,0.00143,4e-05,0,0,0,0,0,0,0,0,0,0,0,0,0,0,0.5994,0.11373,0,0,0.45386,0.0564,0.37817,0.42752,0.92553,0.85255,0.9033,0.62353,1.0383,0.49945,0.84136,0,0,0,0,0,0,0,0,0,0,0,0,0,0,0,0,0,0,0,0,0,0,0,0,0,0,0,0,0,0,0,0.62353,0.00071438,0.000238127,0.00071438,0.000238127,0.00071438,0.000238127,0.00071438,0.000238127
547,54722.7,0.64901,0.31981,0.79464,0,0,0,0,0,0,0.17289,0.00142,5e-05,0,0,0,0,0,0,0,0,0,0,0,0,0,0,0.59698,0.11339,0,0,0.45391,0.05633,0.37802,0.42746,0.92391,0.85335,0.90334,0.62324,1.03797,0.49959,0.84133,0,0,0,0,0,0,0,0,0,0,0,0,0,0,0,0,0,0,0,0,0,0,0,0,0,0,0,0,0,0,0,0.62324,0.000709474,0.000236491,0.000709474,0.000236491,0.000709474,0.000236491,0.000709474,0.000236491
548,54864.7,0.64385,0.3207,0.79485,0,0,0,0,0,0,0.17144,0.00143,4e-05,0,0,0,0,0,0,0,0,0,0,0,0,0,0,0.59725,0.11382,0,0,0.45393,0.05636,0.37798,0.42749,0.92345,0.8531,0.90316,0.62325,1.03877,0.49991,0.8414,0,0,0,0,0,0,0,0,0,0,0,0,0,0,0,0,0,0,0,0,0,0,0,0,0,0,0,0,0,0,0,0.62325,0.000704581,0.00023486,0.000704581,0.00023486,0.000704581,0.00023486,0.000704581,0.00023486
549,54994.1,0.64443,0.31975,0.79292,0,0,0,0,0,0,0.17304,0.00143,4e-05,0,0,0,0,0,0,0,0,0,0,0,0,0,0,0.5985,0.11461,0,0,0.45379,0.05641,0.37776,0.42733,0.92282,0.85317,0.90301,0.62316,1.03828,0.49983,0.84137,0,0,0,0,0,0,0,0,0,0,0,0,0,0,0,0,0,0,0,0,0,0,0,0,0,0,0,0,0,0,0,0.62316,0.000699701,0.000233234,0.000699701,0.000233234,0.000699701,0.000233234,0.000699701,0.000233234
550,55140.7,0.64805,0.32047,0.79325,0,0,0,0,0,0,0.17083,0.00142,4e-05,0,0,0,0,0,0,0,0,0,0,0,0,0,0,0.59704,0.11425,0,0,0.45392,0.05628,0.37857,0.42749,0.9229,0.8531,0.90332,0.62381,1.03796,0.50005,0.84138,0,0,0,0,0,0,0,0,0,0,0,0,0,0,0,0,0,0,0,0,0,0,0,0,0,0,0,0,0,0,0,0.62381,0.000694833,0.000231611,0.000694833,0.000231611,0.000694833,0.000231611,0.000694833,0.000231611
551,55282.6,0.64737,0.32001,0.79278,0,0,0,0,0,0,0.17239,0.00142,5e-05,0,0,0,0,0,0,0,0,0,0,0,0,0,0,0.58697,0.11355,0,0,0.4538,0.05638,0.37836,0.4274,0.92255,0.85297,0.90281,0.62336,1.03808,0.50064,0.8414,0,0,0,0,0,0,0,0,0,0,0,0,0,0,0,0,0,0,0,0,0,0,0,0,0,0,0,0,0,0,0,0.62336,0.000689978,0.000229993,0.000689978,0.000229993,0.000689978,0.000229993,0.000689978,0.000229993
552,55405.7,0.65064,0.32013,0.79246,0,0,0,0,0,0,0.17285,0.00142,6e-05,0,0,0,0,0,0,0,0,0,0,0,0,0,0,0.59336,0.11336,0,0,0.45381,0.05634,0.37856,0.42744,0.92257,0.85289,0.90295,0.62368,1.03814,0.50091,0.84139,0,0,0,0,0,0,0,0,0,0,0,0,0,0,0,0,0,0,0,0,0,0,0,0,0,0,0,0,0,0,0,0.62368,0.000685136,0.000228379,0.000685136,0.000228379,0.000685136,0.000228379,0.000685136,0.000228379
553,55553.5,0.64661,0.31907,0.79221,0,0,0,0,0,0,0.1717,0.00143,4e-05,0,0,0,0,0,0,0,0,0,0,0,0,0,0,0.58512,0.11311,0,0,0.45387,0.05637,0.37836,0.42741,0.92299,0.85281,0.90275,0.6234,1.03837,0.50116,0.84147,0,0,0,0,0,0,0,0,0,0,0,0,0,0,0,0,0,0,0,0,0,0,0,0,0,0,0,0,0,0,0,0.6234,0.000680306,0.000226769,0.000680306,0.000226769,0.000680306,0.000226769,0.000680306,0.000226769
554,55703.5,0.64436,0.31904,0.79129,0,0,0,0,0,0,0.17238,0.00142,4e-05,0,0,0,0,0,0,0,0,0,0,0,0,0,0,0.58935,0.11351,0,0,0.45388,0.05635,0.37819,0.42747,0.92338,0.85298,0.90283,0.62321,1.0394,0.5014,0.84165,0,0,0,0,0,0,0,0,0,0,0,0,0,0,0,0,0,0,0,0,0,0,0,0,0,0,0,0,0,0,0,0.62321,0.000675489,0.000225163,0.000675489,0.000225163,0.000675489,0.000225163,0.000675489,0.000225163
555,55831.5,0.6463,0.32062,0.79402,0,0,0,0,0,0,0.1719,0.00142,4e-05,0,0,0,0,0,0,0,0,0,0,0,0,0,0,0.5924,0.11379,0,0,0.45382,0.05638,0.37779,0.42742,0.92403,0.85257,0.90276,0.62317,1.03931,0.50163,0.8416,0,0,0,0,0,0,0,0,0,0,0,0,0,0,0,0,0,0,0,0,0,0,0,0,0,0,0,0,0,0,0,0.62317,0.000670686,0.000223562,0.000670686,0.000223562,0.000670686,0.000223562,0.000670686,0.000223562
556,55970.3,0.64629,0.3196,0.79314,0,0,0,0,0,0,0.17086,0.00142,4e-05,0,0,0,0,0,0,0,0,0,0,0,0,0,0,0.59445,0.11374,0,0,0.45376,0.05636,0.37812,0.42738,0.92365,0.85195,0.90223,0.62274,1.03991,0.50142,0.84165,0,0,0,0,0,0,0,0,0,0,0,0,0,0,0,0,0,0,0,0,0,0,0,0,0,0,0,0,0,0,0,0.62274,0.000665895,0.000221965,0.000665895,0.000221965,0.000665895,0.000221965,0.000665895,0.000221965
557,56112.6,0.64172,0.31677,0.79324,0,0,0,0,0,0,0.16997,0.00141,4e-05,0,0,0,0,0,0,0,0,0,0,0,0,0,0,0.59635,0.1128,0,0,0.45383,0.05641,0.37759,0.42742,0.9252,0.85218,0.90248,0.62257,1.04027,0.50166,0.84173,0,0,0,0,0,0,0,0,0,0,0,0,0,0,0,0,0,0,0,0,0,0,0,0,0,0,0,0,0,0,0,0.62257,0.000661117,0.000220372,0.000661117,0.000220372,0.000661117,0.000220372,0.000661117,0.000220372
558,56243.6,0.64453,0.31932,0.7928,0,0,0,0,0,0,0.17133,0.00142,4e-05,0,0,0,0,0,0,0,0,0,0,0,0,0,0,0.59146,0.11315,0,0,0.45379,0.05639,0.37802,0.42737,0.92548,0.85155,0.90247,0.62259,1.04044,0.50264,0.84173,0,0,0,0,0,0,0,0,0,0,0,0,0,0,0,0,0,0,0,0,0,0,0,0,0,0,0,0,0,0,0,0.62259,0.000656353,0.000218784,0.000656353,0.000218784,0.000656353,0.000218784,0.000656353,0.000218784
559,56380.3,0.64288,0.31727,0.79377,0,0,0,0,0,0,0.171,0.00142,4e-05,0,0,0,0,0,0,0,0,0,0,0,0,0,0,0.59282,0.11301,0,0,0.45385,0.05632,0.37852,0.42741,0.92652,0.85071,0.90248,0.62234,1.04055,0.50313,0.84173,0,0,0,0,0,0,0,0,0,0,0,0,0,0,0,0,0,0,0,0,0,0,0,0,0,0,0,0,0,0,0,0.62234,0.000651601,0.0002172,0.000651601,0.0002172,0.000651601,0.0002172,0.000651601,0.0002172
560,56517.1,0.64366,0.3177,0.79321,0,0,0,0,0,0,0.16832,0.00141,4e-05,0,0,0,0,0,0,0,0,0,0,0,0,0,0,0.58777,0.1129,0,0,0.45371,0.05636,0.37828,0.42726,0.92626,0.85013,0.90242,0.62253,1.04055,0.50309,0.84177,0,0,0,0,0,0,0,0,0,0,0,0,0,0,0,0,0,0,0,0,0,0,0,0,0,0,0,0,0,0,0,0.62253,0.000646863,0.000215621,0.000646863,0.000215621,0.000646863,0.000215621,0.000646863,0.000215621
561,56650.1,0.64121,0.31783,0.79318,0,0,0,0,0,0,0.17144,0.00142,4e-05,0,0,0,0,0,0,0,0,0,0,0,0,0,0,0.58887,0.11313,0,0,0.4538,0.05639,0.37797,0.42746,0.92674,0.84993,0.90265,0.62235,1.04051,0.50312,0.84182,0,0,0,0,0,0,0,0,0,0,0,0,0,0,0,0,0,0,0,0,0,0,0,0,0,0,0,0,0,0,0,0.62235,0.000642139,0.000214046,0.000642139,0.000214046,0.000642139,0.000214046,0.000642139,0.000214046
562,56789.1,0.64126,0.31695,0.79424,0,0,0,0,0,0,0.17218,0.00141,5e-05,0,0,0,0,0,0,0,0,0,0,0,0,0,0,0.58145,0.11264,0,0,0.45392,0.05634,0.37832,0.42743,0.92745,0.84932,0.90324,0.62208,1.04112,0.50348,0.84194,0,0,0,0,0,0,0,0,0,0,0,0,0,0,0,0,0,0,0,0,0,0,0,0,0,0,0,0,0,0,0,0.62208,0.000637428,0.000212476,0.000637428,0.000212476,0.000637428,0.000212476,0.000637428,0.000212476
563,56925.9,0.6379,0.31642,0.79253,0,0,0,0,0,0,0.17276,0.00142,4e-05,0,0,0,0,0,0,0,0,0,0,0,0,0,0,0.574,0.11265,0,0,0.4538,0.05634,0.37828,0.42729,0.92713,0.84897,0.90259,0.62183,1.04155,0.50384,0.84198,0,0,0,0,0,0,0,0,0,0,0,0,0,0,0,0,0,0,0,0,0,0,0,0,0,0,0,0,0,0,0,0.62183,0.00063273,0.00021091,0.00063273,0.00021091,0.00063273,0.00021091,0.00063273,0.00021091
564,57056.6,0.64524,0.31851,0.79261,0,0,0,0,0,0,0.17198,0.00141,4e-05,0,0,0,0,0,0,0,0,0,0,0,0,0,0,0.58563,0.11289,0,0,0.45379,0.05637,0.37833,0.42744,0.92816,0.84825,0.90203,0.62194,1.04207,0.50446,0.84205,0,0,0,0,0,0,0,0,0,0,0,0,0,0,0,0,0,0,0,0,0,0,0,0,0,0,0,0,0,0,0,0.62194,0.000628046,0.000209349,0.000628046,0.000209349,0.000628046,0.000209349,0.000628046,0.000209349
565,57192.7,0.63573,0.31526,0.79312,0,0,0,0,0,0,0.17037,0.00142,4e-05,0,0,0,0,0,0,0,0,0,0,0,0,0,0,0.58659,0.1131,0,0,0.45387,0.05634,0.37795,0.42741,0.92938,0.84717,0.90191,0.62199,1.04214,0.50425,0.84213,0,0,0,0,0,0,0,0,0,0,0,0,0,0,0,0,0,0,0,0,0,0,0,0,0,0,0,0,0,0,0,0.62199,0.000623376,0.000207792,0.000623376,0.000207792,0.000623376,0.000207792,0.000623376,0.000207792
566,57327.4,0.64218,0.32,0.79401,0,0,0,0,0,0,0.16785,0.00141,4e-05,1e-05,0,0,0,0,0,0,0,0,0,0,0,0,0,0.58344,0.11273,0,0,0.45375,0.05633,0.37789,0.42738,0.92945,0.8467,0.9022,0.62185,1.04245,0.50496,0.84216,0,0,0,0,0,0,0,0,0,0,0,0,0,0,0,0,0,0,0,0,0,0,0,0,0,0,0,0,0,0,0,0.62185,0.000618719,0.00020624,0.000618719,0.00020624,0.000618719,0.00020624,0.000618719,0.00020624
567,57456.5,0.64112,0.31731,0.79229,0,0,0,0,0,0,0.16884,0.00142,5e-05,0,0,0,0,0,0,0,0,0,0,0,0,0,0,0.58869,0.11284,0,0,0.45378,0.05636,0.3779,0.42739,0.93002,0.84699,0.90236,0.62182,1.04263,0.50483,0.84218,0,0,0,0,0,0,0,0,0,0,0,0,0,0,0,0,0,0,0,0,0,0,0,0,0,0,0,0,0,0,0,0.62182,0.000614077,0.000204692,0.000614077,0.000204692,0.000614077,0.000204692,0.000614077,0.000204692
568,57590.6,0.63809,0.31703,0.79331,0,0,0,0,0,0,0.1697,0.00142,4e-05,0,0,0,0,0,0,0,0,0,0,0,0,0,0,0.59144,0.11271,0,0,0.45385,0.05633,0.3781,0.42736,0.9303,0.847,0.9023,0.62233,1.04117,0.50475,0.84206,0,0,0,0,0,0,0,0,0,0,0,0,0,0,0,0,0,0,0,0,0,0,0,0,0,0,0,0,0,0,0,0.62233,0.000609448,0.000203149,0.000609448,0.000203149,0.000609448,0.000203149,0.000609448,0.000203149
569,57724.8,0.6375,0.31897,0.79172,0,0,0,0,0,0,0.1708,0.0014,4e-05,0,0,0,0,0,0,0,0,0,0,0,0,0,0,0.58259,0.11215,0,0,0.45384,0.0564,0.37807,0.42752,0.93121,0.84647,0.9023,0.62241,1.04104,0.50469,0.84201,0,0,0,0,0,0,0,0,0,0,0,0,0,0,0,0,0,0,0,0,0,0,0,0,0,0,0,0,0,0,0,0.62241,0.000604833,0.000201611,0.000604833,0.000201611,0.000604833,0.000201611,0.000604833,0.000201611
570,57857.8,0.63861,0.31855,0.79283,0,0,0,0,0,0,0.1733,0.00142,4e-05,0,0,0,0,0,0,0,0,0,0,0,0,0,0,0.59561,0.11303,0,0,0.4538,0.05637,0.37738,0.42741,0.93009,0.84629,0.90207,0.62179,1.04168,0.50437,0.84209,0,0,0,0,0,0,0,0,0,0,0,0,0,0,0,0,0,0,0,0,0,0,0,0,0,0,0,0,0,0,0,0.62179,0.000600232,0.000200077,0.000600232,0.000200077,0.000600232,0.000200077,0.000600232,0.000200077
571,57992.1,0.63769,0.31597,0.79347,0,0,0,0,0,0,0.17006,0.00141,4e-05,0,0,0,0,0,0,0,0,0,0,0,0,0,0,0.58659,0.11285,0,0,0.45378,0.05636,0.37827,0.42743,0.93017,0.84716,0.90203,0.62164,1.04174,0.50526,0.84214,0,0,0,0,0,0,0,0,0,0,0,0,0,0,0,0,0,0,0,0,0,0,0,0,0,0,0,0,0,0,0,0.62164,0.000595645,0.000198548,0.000595645,0.000198548,0.000595645,0.000198548,0.000595645,0.000198548
572,58127.9,0.64185,0.3193,0.79241,0,0,0,0,0,0,0.16752,0.00142,4e-05,0,0,0,0,0,0,0,0,0,0,0,0,0,0,0.5973,0.11328,0,0,0.45393,0.05632,0.37815,0.42748,0.92947,0.84745,0.90197,0.62161,1.04215,0.50588,0.84226,0,0,0,0,0,0,0,0,0,0,0,0,0,0,0,0,0,0,0,0,0,0,0,0,0,0,0,0,0,0,0,0.62161,0.000591073,0.000197024,0.000591073,0.000197024,0.000591073,0.000197024,0.000591073,0.000197024
573,58258.7,0.64148,0.31739,0.79248,0,0,0,0,0,0,0.16952,0.00141,5e-05,0,0,0,0,0,0,0,0,0,0,0,0,0,0,0.58503,0.11275,0,0,0.45385,0.05639,0.37773,0.42748,0.93003,0.8468,0.90201,0.62132,1.04263,0.5058,0.84233,0,0,0,0,0,0,0,0,0,0,0,0,0,0,0,0,0,0,0,0,0,0,0,0,0,0,0,0,0,0,0,0.62132,0.000586515,0.000195505,0.000586515,0.000195505,0.000586515,0.000195505,0.000586515,0.000195505
574,58392.5,0.63756,0.31655,0.79355,0,0,0,0,0,0,0.16796,0.00141,5e-05,0,0,0,0,0,0,0,0,0,0,0,0,0,0,0.58631,0.1127,0,0,0.45385,0.05635,0.37842,0.42738,0.93011,0.8468,0.90203,0.62136,1.04314,0.50577,0.84241,0,0,0,0,0,0,0,0,0,0,0,0,0,0,0,0,0,0,0,0,0,0,0,0,0,0,0,0,0,0,0,0.62136,0.000581971,0.00019399,0.000581971,0.00019399,0.000581971,0.00019399,0.000581971,0.00019399
575,58523.3,0.64044,0.31626,0.79116,0,0,0,0,0,0,0.16887,0.00141,4e-05,0,0,0,0,0,0,0,0,0,0,0,0,0,0,0.58387,0.11266,0,0,0.45393,0.05623,0.37864,0.42744,0.93057,0.84582,0.90209,0.6215,1.04301,0.50602,0.84242,0,0,0,0,0,0,0,0,0,0,0,0,0,0,0,0,0,0,0,0,0,0,0,0,0,0,0,0,0,0,0,0.6215,0.000577441,0.00019248,0.000577441,0.00019248,0.000577441,0.00019248,0.000577441,0.00019248
576,58661.4,0.63873,0.3182,0.79201,0,0,0,0,0,0,0.16787,0.0014,4e-05,0,0,0,0,0,0,0,0,0,0,0,0,0,0,0.59208,0.11282,0,0,0.45386,0.05631,0.37816,0.42754,0.92976,0.84702,0.9023,0.62136,1.04275,0.50656,0.84244,0,0,0,0,0,0,0,0,0,0,0,0,0,0,0,0,0,0,0,0,0,0,0,0,0,0,0,0,0,0,0,0.62136,0.000572926,0.000190975,0.000572926,0.000190975,0.000572926,0.000190975,0.000572926,0.000190975
577,58798,0.63315,0.31529,0.79349,0,0,0,0,0,0,0.16841,0.00141,4e-05,0,0,0,0,0,0,0,0,0,0,0,0,0,0,0.59261,0.11291,0,0,0.45384,0.05634,0.37827,0.42739,0.93027,0.84657,0.90229,0.62119,1.04295,0.5067,0.84239,0,0,0,0,0,0,0,0,0,0,0,0,0,0,0,0,0,0,0,0,0,0,0,0,0,0,0,0,0,0,0,0.62119,0.000568425,0.000189475,0.000568425,0.000189475,0.000568425,0.000189475,0.000568425,0.000189475
578,58931.7,0.63497,0.31615,0.79261,0,0,0,0,0,0,0.16973,0.0014,4e-05,0,0,0,0,0,0,0,0,0,0,0,0,0,0,0.59211,0.11289,0,0,0.45382,0.05631,0.37787,0.4274,0.9309,0.84638,0.90266,0.62144,1.04321,0.50744,0.84239,0,0,0,0,0,0,0,0,0,0,0,0,0,0,0,0,0,0,0,0,0,0,0,0,0,0,0,0,0,0,0,0.62144,0.000563939,0.00018798,0.000563939,0.00018798,0.000563939,0.00018798,0.000563939,0.00018798
579,59065.5,0.63714,0.31724,0.79388,0,0,0,0,0,0,0.16886,0.0014,4e-05,0,0,0,0,0,0,0,0,0,0,0,0,0,0,0.58645,0.11252,0,0,0.45381,0.05633,0.37915,0.42747,0.93026,0.84678,0.9025,0.62148,1.04377,0.50758,0.84245,0,0,0,0,0,0,0,0,0,0,0,0,0,0,0,0,0,0,0,0,0,0,0,0,0,0,0,0,0,0,0,0.62148,0.000559468,0.000186489,0.000559468,0.000186489,0.000559468,0.000186489,0.000559468,0.000186489
580,59195.2,0.64035,0.31618,0.79312,0,0,0,0,0,0,0.1676,0.0014,4e-05,0,0,0,0,0,0,0,0,0,0,0,0,0,0,0.58613,0.11268,0,0,0.45393,0.05627,0.3782,0.42753,0.92954,0.84614,0.90202,0.62121,1.04427,0.508,0.84249,0,0,0,0,0,0,0,0,0,0,0,0,0,0,0,0,0,0,0,0,0,0,0,0,0,0,0,0,0,0,0,0.62121,0.000555011,0.000185004,0.000555011,0.000185004,0.000555011,0.000185004,0.000555011,0.000185004
581,59334.8,0.63748,0.31567,0.79179,0,0,0,0,0,0,0.16871,0.00141,4e-05,0,0,0,0,0,0,0,0,0,0,0,0,0,0,0.58482,0.11223,0,0,0.4539,0.05634,0.37817,0.42745,0.92974,0.84592,0.90172,0.62125,1.04394,0.50769,0.84249,0,0,0,0,0,0,0,0,0,0,0,0,0,0,0,0,0,0,0,0,0,0,0,0,0,0,0,0,0,0,0,0.62125,0.00055057,0.000183523,0.00055057,0.000183523,0.00055057,0.000183523,0.00055057,0.000183523
582,59475.3,0.63578,0.31564,0.79069,0,0,0,0,0,0,0.16764,0.00141,4e-05,0,0,0,0,0,0,0,0,0,0,0,0,0,0,0.58635,0.11272,0,0,0.45387,0.0563,0.37798,0.42747,0.92962,0.84566,0.9016,0.6212,1.04407,0.50782,0.84252,0,0,0,0,0,0,0,0,0,0,0,0,0,0,0,0,0,0,0,0,0,0,0,0,0,0,0,0,0,0,0,0.6212,0.000546143,0.000182048,0.000546143,0.000182048,0.000546143,0.000182048,0.000546143,0.000182048
583,59605.2,0.63744,0.31674,0.79262,0,0,0,0,0,0,0.16826,0.00141,4e-05,0,0,0,0,0,0,0,0,0,0,0,0,0,0,0.58573,0.11285,0,0,0.45385,0.0563,0.37794,0.42744,0.9301,0.84547,0.90155,0.62118,1.04456,0.50782,0.84253,0,0,0,0,0,0,0,0,0,0,0,0,0,0,0,0,0,0,0,0,0,0,0,0,0,0,0,0,0,0,0,0.62118,0.000541731,0.000180577,0.000541731,0.000180577,0.000541731,0.000180577,0.000541731,0.000180577
584,59740.3,0.63858,0.31748,0.79231,0,0,0,0,0,0,0.16702,0.00141,4e-05,0,0,0,0,0,0,0,0,0,0,0,0,0,0,0.58105,0.1125,0,0,0.45397,0.05627,0.37789,0.42752,0.93102,0.84502,0.90104,0.62099,1.04445,0.50864,0.84253,0,0,0,0,0,0,0,0,0,0,0,0,0,0,0,0,0,0,0,0,0,0,0,0,0,0,0,0,0,0,0,0.62099,0.000537334,0.000179111,0.000537334,0.000179111,0.000537334,0.000179111,0.000537334,0.000179111
585,59882.5,0.63334,0.31497,0.79203,0,0,0,0,0,0,0.16788,0.0014,4e-05,0,0,0,0,0,0,0,0,0,0,0,0,0,0,0.58247,0.11237,0,0,0.45384,0.0564,0.37835,0.42738,0.931,0.84491,0.90161,0.62096,1.04418,0.50876,0.84251,0,0,0,0,0,0,0,0,0,0,0,0,0,0,0,0,0,0,0,0,0,0,0,0,0,0,0,0,0,0,0,0.62096,0.000532952,0.000177651,0.000532952,0.000177651,0.000532952,0.000177651,0.000532952,0.000177651
586,60015.8,0.63483,0.31574,0.79,0,0,0,0,0,0,0.17184,0.00141,4e-05,0,0,0,0,0,0,0,0,0,0,0,0,0,0,0.58737,0.11244,0,0,0.45379,0.0564,0.37818,0.42741,0.9299,0.84518,0.90117,0.62091,1.04421,0.50879,0.84256,0,0,0,0,0,0,0,0,0,0,0,0,0,0,0,0,0,0,0,0,0,0,0,0,0,0,0,0,0,0,0,0.62091,0.000528585,0.000176195,0.000528585,0.000176195,0.000528585,0.000176195,0.000528585,0.000176195
587,60143.8,0.63326,0.31542,0.79372,0,0,0,0,0,0,0.17005,0.0014,4e-05,0,0,0,0,0,0,0,0,0,0,0,0,0,0,0.57733,0.11192,0,0,0.45381,0.05632,0.37872,0.42739,0.92986,0.84592,0.90124,0.62131,1.04389,0.50885,0.84249,0,0,0,0,0,0,0,0,0,0,0,0,0,0,0,0,0,0,0,0,0,0,0,0,0,0,0,0,0,0,0,0.62131,0.000524234,0.000174745,0.000524234,0.000174745,0.000524234,0.000174745,0.000524234,0.000174745
588,60284.7,0.63731,0.31707,0.79211,0,0,0,0,0,0,0.16638,0.00141,4e-05,0,0,0,0,0,0,0,0,0,0,0,0,0,0,0.57706,0.11207,0,0,0.45389,0.05631,0.37756,0.42747,0.93157,0.84426,0.90158,0.62108,1.04381,0.50887,0.8425,0,0,0,0,0,0,0,0,0,0,0,0,0,0,0,0,0,0,0,0,0,0,0,0,0,0,0,0,0,0,0,0.62108,0.000519897,0.000173299,0.000519897,0.000173299,0.000519897,0.000173299,0.000519897,0.000173299
589,60412.6,0.63568,0.31505,0.79368,0,0,0,0,0,0,0.16768,0.0014,4e-05,0,0,0,0,0,0,0,0,0,0,0,0,0,0,0.58023,0.1122,0,0,0.45386,0.05632,0.37813,0.42744,0.93174,0.84353,0.901,0.6212,1.04391,0.50959,0.84252,0,0,0,0,0,0,0,0,0,0,0,0,0,0,0,0,0,0,0,0,0,0,0,0,0,0,0,0,0,0,0,0.6212,0.000515576,0.000171859,0.000515576,0.000171859,0.000515576,0.000171859,0.000515576,0.000171859
590,60548.5,0.63157,0.31329,0.79134,0,0,0,0,0,0,0.1649,0.0014,4e-05,0,0,0,0,0,0,0,0,0,0,0,0,0,0,0.5786,0.11198,0,0,0.45381,0.05637,0.37817,0.42746,0.93208,0.84362,0.90126,0.62121,1.04387,0.50979,0.84249,0,0,0,0,0,0,0,0,0,0,0,0,0,0,0,0,0,0,0,0,0,0,0,0,0,0,0,0,0,0,0,0.62121,0.000511271,0.000170424,0.000511271,0.000170424,0.000511271,0.000170424,0.000511271,0.000170424
591,60685.1,0.63351,0.31292,0.79223,0,0,0,0,0,0,0.16521,0.00141,4e-05,0,0,0,0,0,0,0,0,0,0,0,0,0,0,0.57512,0.11218,0,0,0.45393,0.05639,0.37768,0.42758,0.93122,0.8435,0.9011,0.62115,1.04365,0.50998,0.84249,0,0,0,0,0,0,0,0,0,0,0,0,0,0,0,0,0,0,0,0,0,0,0,0,0,0,0,0,0,0,0,0.62115,0.000506981,0.000168994,0.000506981,0.000168994,0.000506981,0.000168994,0.000506981,0.000168994
592,60814.9,0.63058,0.31358,0.79274,0,0,0,0,0,0,0.16714,0.0014,4e-05,0,0,0,0,0,0,0,0,0,0,0,0,0,0,0.57525,0.11195,0,0,0.45394,0.05636,0.378,0.42755,0.93186,0.84264,0.90054,0.6208,1.0437,0.51024,0.84252,0,0,0,0,0,0,0,0,0,0,0,0,0,0,0,0,0,0,0,0,0,0,0,0,0,0,0,0,0,0,0,0.6208,0.000502706,0.000167569,0.000502706,0.000167569,0.000502706,0.000167569,0.000502706,0.000167569
593,60948.8,0.63248,0.3153,0.79188,0,0,0,0,0,0,0.16602,0.00141,4e-05,0,0,0,0,0,0,0,0,0,0,0,0,0,0,0.57966,0.11171,0,0,0.45371,0.05638,0.37818,0.4273,0.93103,0.84334,0.90116,0.62078,1.04336,0.51066,0.8425,0,0,0,0,0,0,0,0,0,0,0,0,0,0,0,0,0,0,0,0,0,0,0,0,0,0,0,0,0,0,0,0.62078,0.000498448,0.000166149,0.000498448,0.000166149,0.000498448,0.000166149,0.000498448,0.000166149
594,61077.4,0.63211,0.31415,0.79144,0,0,0,0,0,0,0.16598,0.0014,4e-05,0,0,0,0,0,0,0,0,0,0,0,0,0,0,0.58089,0.1117,0,0,0.45383,0.05629,0.37853,0.42742,0.93221,0.84203,0.90085,0.62059,1.04372,0.51101,0.84256,0,0,0,0,0,0,0,0,0,0,0,0,0,0,0,0,0,0,0,0,0,0,0,0,0,0,0,0,0,0,0,0.62059,0.000494204,0.000164735,0.000494204,0.000164735,0.000494204,0.000164735,0.000494204,0.000164735
595,61214.5,0.63146,0.31397,0.79134,0,0,0,0,0,0,0.16553,0.0014,4e-05,3e-05,0,0,0,0,0,0,0,0,0,0,0,0,0,0.5806,0.1111,0,0,0.45398,0.05633,0.37777,0.42757,0.93179,0.84262,0.90104,0.62047,1.04395,0.51139,0.84258,0,0,0,0,0,0,0,0,0,0,0,0,0,0,0,0,0,0,0,0,0,0,0,0,0,0,0,0,0,0,0,0.62047,0.000489977,0.000163326,0.000489977,0.000163326,0.000489977,0.000163326,0.000489977,0.000163326
596,61346.8,0.6357,0.31584,0.79295,0,0,0,0,0,0,0.16515,0.00139,4e-05,0,0,0,0,0,0,0,0,0,0,0,0,0,0,0.5809,0.11117,0,0,0.45382,0.05637,0.37818,0.42748,0.93163,0.84291,0.90117,0.62041,1.04316,0.51198,0.84199,0,0,0,0,0,0,0,0,0,0,0,0,0,0,0,0,0,0,0,0,0,0,0,0,0,0,0,0,0,0,0,0.62041,0.000485765,0.000161922,0.000485765,0.000161922,0.000485765,0.000161922,0.000485765,0.000161922
597,61476.2,0.62888,0.31312,0.79407,0,0,0,0,0,0,0.16453,0.00139,4e-05,0,0,0,0,0,0,0,0,0,0,0,0,0,0,0.57699,0.11093,0,0,0.45387,0.0563,0.3776,0.42737,0.931,0.84266,0.90064,0.62032,1.04339,0.51266,0.84203,0,0,0,0,0,0,0,0,0,0,0,0,0,0,0,0,0,0,0,0,0,0,0,0,0,0,0,0,0,0,0,0.62032,0.000481569,0.000160523,0.000481569,0.000160523,0.000481569,0.000160523,0.000481569,0.000160523
598,61608.3,0.63191,0.3135,0.79222,0,0,0,0,0,0,0.16716,0.00138,4e-05,0,0,0,0,0,0,0,0,0,0,0,0,0,0,0.58126,0.11117,0,0,0.45373,0.05638,0.37822,0.42735,0.93078,0.84287,0.90076,0.62013,1.04349,0.51259,0.84204,0,0,0,0,0,0,0,0,0,0,0,0,0,0,0,0,0,0,0,0,0,0,0,0,0,0,0,0,0,0,0,0.62013,0.00047739,0.00015913,0.00047739,0.00015913,0.00047739,0.00015913,0.00047739,0.00015913
599,61742.4,0.63096,0.31424,0.79332,0,0,0,0,0,0,0.16725,0.00138,4e-05,0,0,0,0,0,0,0,0,0,0,0,0,0,0,0.58674,0.11101,0,0,0.45378,0.05641,0.37859,0.42738,0.93178,0.84239,0.90103,0.61988,1.0436,0.51273,0.84207,0,0,0,0,0,0,0,0,0,0,0,0,0,0,0,0,0,0,0,0,0,0,0,0,0,0,0,0,0,0,0,0.61988,0.000473226,0.000157742,0.000473226,0.000157742,0.000473226,0.000157742,0.000473226,0.000157742
600,61875.2,0.63327,0.31492,0.79146,0,0,0,0,0,0,0.16577,0.00138,8e-05,0,0,0,0,0,0,0,0,0,0,0,0,0,0,0.59223,0.11116,0,0,0.45381,0.0563,0.37804,0.42746,0.9306,0.84313,0.90144,0.62002,1.04382,0.51284,0.84203,0,0,0,0,0,0,0,0,0,0,0,0,0,0,0,0,0,0,0,0,0,0,0,0,0,0,0,0,0,0,0,0.62002,0.000469078,0.000156359,0.000469078,0.000156359,0.000469078,0.000156359,0.000469078,0.000156359
601,62006.9,0.62693,0.31196,0.79125,0,0,0,0,0,0,0.16669,0.00139,4e-05,0,0,0,0,0,0,0,0,0,0,0,0,0,0,0.58758,0.11114,0,0,0.45382,0.05631,0.37798,0.42733,0.93114,0.84276,0.90159,0.61991,1.04399,0.51295,0.842,0,0,0,0,0,0,0,0,0,0,0,0,0,0,0,0,0,0,0,0,0,0,0,0,0,0,0,0,0,0,0,0.61991,0.000464946,0.000154982,0.000464946,0.000154982,0.000464946,0.000154982,0.000464946,0.000154982
602,62136.8,0.62799,0.31143,0.79018,0,0,0,0,0,0,0.16522,0.0014,4e-05,0,0,0,0,0,0,0,0,0,0,0,0,0,0,0.58433,0.11147,0,0,0.45378,0.05633,0.37862,0.42732,0.93051,0.84256,0.90095,0.61992,1.04454,0.51327,0.84199,0,0,0,0,0,0,0,0,0,0,0,0,0,0,0,0,0,0,0,0,0,0,0,0,0,0,0,0,0,0,0,0.61992,0.000460831,0.00015361,0.000460831,0.00015361,0.000460831,0.00015361,0.000460831,0.00015361
603,62277.2,0.62941,0.31262,0.79125,0,0,0,0,0,0,0.16515,0.00139,4e-05,0,0,0,0,0,0,0,0,0,0,0,0,0,0,0.58848,0.11095,0,0,0.45379,0.05631,0.37788,0.42735,0.93079,0.84296,0.90102,0.61979,1.04446,0.51318,0.84201,0,0,0,0,0,0,0,0,0,0,0,0,0,0,0,0,0,0,0,0,0,0,0,0,0,0,0,0,0,0,0,0.61979,0.000456732,0.000152244,0.000456732,0.000152244,0.000456732,0.000152244,0.000456732,0.000152244
604,62417.5,0.62608,0.31053,0.79114,0,0,0,0,0,0,0.16528,0.00139,4e-05,0,0,0,0,0,0,0,0,0,0,0,0,0,0,0.58669,0.11102,0,0,0.45385,0.05637,0.37762,0.42746,0.93117,0.84281,0.90134,0.62027,1.04422,0.513,0.84202,0,0,0,0,0,0,0,0,0,0,0,0,0,0,0,0,0,0,0,0,0,0,0,0,0,0,0,0,0,0,0,0.62027,0.000452649,0.000150883,0.000452649,0.000150883,0.000452649,0.000150883,0.000452649,0.000150883
605,62547,0.62884,0.3138,0.79278,0,0,0,0,0,0,0.16609,0.00139,6e-05,0,0,0,0,0,0,0,0,0,0,0,0,0,0,0.58167,0.11104,0,0,0.45386,0.05636,0.3778,0.42743,0.92879,0.84483,0.90069,0.62013,1.04465,0.51369,0.84209,0,0,0,0,0,0,0,0,0,0,0,0,0,0,0,0,0,0,0,0,0,0,0,0,0,0,0,0,0,0,0,0.62013,0.000448582,0.000149527,0.000448582,0.000149527,0.000448582,0.000149527,0.000448582,0.000149527
606,62682.1,0.63107,0.31421,0.79337,0,0,0,0,0,0,0.16666,0.00139,4e-05,0,0,0,0,0,0,0,0,0,0,0,0,0,0,0.58429,0.11099,0,0,0.45386,0.05636,0.37833,0.42746,0.92813,0.84503,0.90104,0.62012,1.0443,0.51403,0.84206,0,0,0,0,0,0,0,0,0,0,0,0,0,0,0,0,0,0,0,0,0,0,0,0,0,0,0,0,0,0,0,0.62012,0.000444532,0.000148177,0.000444532,0.000148177,0.000444532,0.000148177,0.000444532,0.000148177
607,62822.2,0.63152,0.31376,0.79148,0,0,0,0,0,0,0.16698,0.0014,4e-05,3e-05,0,0,0,0,0,0,0,0,0,0,0,0,0,0.58047,0.11091,0,0,0.45372,0.05633,0.37846,0.42735,0.92784,0.84528,0.90146,0.62038,1.04413,0.51451,0.84205,0,0,0,0,0,0,0,0,0,0,0,0,0,0,0,0,0,0,0,0,0,0,0,0,0,0,0,0,0,0,0,0.62038,0.000440499,0.000146833,0.000440499,0.000146833,0.000440499,0.000146833,0.000440499,0.000146833
608,62955.7,0.6277,0.31098,0.79094,0,0,0,0,0,0,0.1653,0.00139,4e-05,0,0,0,0,0,0,0,0,0,0,0,0,0,0,0.58855,0.11089,0,0,0.45388,0.05634,0.37802,0.42749,0.92685,0.84578,0.9019,0.62066,1.04415,0.51483,0.84205,0,0,0,0,0,0,0,0,0,0,0,0,0,0,0,0,0,0,0,0,0,0,0,0,0,0,0,0,0,0,0,0.62066,0.000436482,0.000145494,0.000436482,0.000145494,0.000436482,0.000145494,0.000436482,0.000145494
609,63085.1,0.62727,0.31141,0.79336,0,0,0,0,0,0,0.16584,0.00139,4e-05,0,0,0,0,0,0,0,0,0,0,0,0,0,0,0.58624,0.11107,0,0,0.45379,0.05637,0.37778,0.42736,0.92797,0.84533,0.9021,0.62072,1.04407,0.51494,0.84202,0,0,0,0,0,0,0,0,0,0,0,0,0,0,0,0,0,0,0,0,0,0,0,0,0,0,0,0,0,0,0,0.62072,0.000432482,0.000144161,0.000432482,0.000144161,0.000432482,0.000144161,0.000432482,0.000144161
610,63217.1,0.62544,0.31142,0.79173,0,0,0,0,0,0,0.16281,0.00139,4e-05,0,0,0,0,0,0,0,0,0,0,0,0,0,0,0.5872,0.11061,0,0,0.45389,0.05635,0.37769,0.42742,0.92793,0.8457,0.90163,0.62023,1.04462,0.51472,0.84199,0,0,0,0,0,0,0,0,0,0,0,0,0,0,0,0,0,0,0,0,0,0,0,0,0,0,0,0,0,0,0,0.62023,0.000428498,0.000142833,0.000428498,0.000142833,0.000428498,0.000142833,0.000428498,0.000142833
611,63361.3,0.62468,0.31135,0.79159,0,0,0,0,0,0,0.16481,0.00139,4e-05,0,0,0,0,0,0,0,0,0,0,0,0,0,0,0.58345,0.11096,0,0,0.45385,0.05636,0.37738,0.42749,0.92887,0.84475,0.90179,0.62016,1.04437,0.51473,0.84196,0,0,0,0,0,0,0,0,0,0,0,0,0,0,0,0,0,0,0,0,0,0,0,0,0,0,0,0,0,0,0,0.62016,0.000424531,0.00014151,0.000424531,0.00014151,0.000424531,0.00014151,0.000424531,0.00014151
612,63495.7,0.62441,0.31208,0.79226,0,0,0,0,0,0,0.16472,0.00139,4e-05,0,0,0,0,0,0,0,0,0,0,0,0,0,0,0.58316,0.11084,0,0,0.45384,0.05635,0.37831,0.42735,0.92878,0.84484,0.90161,0.62031,1.04429,0.51477,0.84198,0,0,0,0,0,0,0,0,0,0,0,0,0,0,0,0,0,0,0,0,0,0,0,0,0,0,0,0,0,0,0,0.62031,0.000420581,0.000140194,0.000420581,0.000140194,0.000420581,0.000140194,0.000420581,0.000140194
613,63622.9,0.62594,0.31272,0.79254,0,0,0,0,0,0,0.16571,0.00139,4e-05,0,0,0,0,0,0,0,0,0,0,0,0,0,0,0.57814,0.11082,0,0,0.45391,0.05635,0.37797,0.42753,0.92883,0.8448,0.90092,0.61997,1.04378,0.515,0.84195,0,0,0,0,0,0,0,0,0,0,0,0,0,0,0,0,0,0,0,0,0,0,0,0,0,0,0,0,0,0,0,0.61997,0.000416648,0.000138883,0.000416648,0.000138883,0.000416648,0.000138883,0.000416648,0.000138883
614,63765.7,0.62356,0.31198,0.79193,0,0,0,0,0,0,0.16807,0.00139,5e-05,0,0,0,0,0,0,0,0,0,0,0,0,0,0,0.57773,0.11064,0,0,0.45389,0.05633,0.37834,0.42745,0.92978,0.84538,0.90181,0.62053,1.04357,0.51512,0.84193,0,0,0,0,0,0,0,0,0,0,0,0,0,0,0,0,0,0,0,0,0,0,0,0,0,0,0,0,0,0,0,0.62053,0.000412732,0.000137577,0.000412732,0.000137577,0.000412732,0.000137577,0.000412732,0.000137577
615,63902.3,0.62226,0.31166,0.79163,0,0,0,0,0,0,0.16547,0.00138,4e-05,0,0,0,0,0,0,0,0,0,0,0,0,0,0,0.57573,0.11055,0,0,0.45389,0.05637,0.37854,0.42753,0.93229,0.84239,0.90149,0.62043,1.04314,0.51529,0.8419,0,0,0,0,0,0,0,0,0,0,0,0,0,0,0,0,0,0,0,0,0,0,0,0,0,0,0,0,0,0,0,0.62043,0.000408832,0.000136277,0.000408832,0.000136277,0.000408832,0.000136277,0.000408832,0.000136277
616,64033,0.62962,0.31304,0.7926,0,0,0,0,0,0,0.16588,0.00137,4e-05,0,0,0,0,0,0,0,0,0,0,0,0,0,0,0.57621,0.11036,0,0,0.45383,0.05637,0.37848,0.42751,0.93258,0.84204,0.90135,0.62023,1.04332,0.51527,0.8419,0,0,0,0,0,0,0,0,0,0,0,0,0,0,0,0,0,0,0,0,0,0,0,0,0,0,0,0,0,0,0,0.62023,0.00040495,0.000134983,0.00040495,0.000134983,0.00040495,0.000134983,0.00040495,0.000134983
617,64167.9,0.62561,0.31232,0.79103,0,0,0,0,0,0,0.16594,0.00139,4e-05,0,0,0,0,0,0,0,0,0,0,0,0,0,0,0.57331,0.11039,0,0,0.45387,0.05628,0.37801,0.42743,0.93231,0.84205,0.90165,0.62017,1.04358,0.51535,0.84189,0,0,0,0,0,0,0,0,0,0,0,0,0,0,0,0,0,0,0,0,0,0,0,0,0,0,0,0,0,0,0,0.62017,0.000401085,0.000133695,0.000401085,0.000133695,0.000401085,0.000133695,0.000401085,0.000133695
618,64303.6,0.62178,0.30936,0.7915,0,0,0,0,0,0,0.16516,0.00139,4e-05,0,0,0,0,0,0,0,0,0,0,0,0,0,0,0.57766,0.11035,0,0,0.45387,0.05631,0.37837,0.42748,0.9296,0.84412,0.90157,0.62043,1.04336,0.51532,0.84187,0,0,0,0,0,0,0,0,0,0,0,0,0,0,0,0,0,0,0,0,0,0,0,0,0,0,0,0,0,0,0,0.62043,0.000397237,0.000132412,0.000397237,0.000132412,0.000397237,0.000132412,0.000397237,0.000132412
619,64438.8,0.62501,0.31123,0.79193,0,0,0,0,0,0,0.16401,0.00139,4e-05,0,0,0,0,0,0,0,0,0,0,0,0,0,0,0.57404,0.11056,0,0,0.4538,0.05641,0.37801,0.42736,0.92955,0.84325,0.9014,0.62007,1.04297,0.51517,0.84185,0,0,0,0,0,0,0,0,0,0,0,0,0,0,0,0,0,0,0,0,0,0,0,0,0,0,0,0,0,0,0,0.62007,0.000393407,0.000131136,0.000393407,0.000131136,0.000393407,0.000131136,0.000393407,0.000131136
620,64571.1,0.62244,0.31189,0.79259,0,0,0,0,0,0,0.16474,0.00137,4e-05,0,0,0,0,0,0,0,0,0,0,0,0,0,0,0.57235,0.11041,0,0,0.45383,0.05638,0.37895,0.42746,0.92841,0.84408,0.90146,0.61989,1.04282,0.51524,0.84185,0,0,0,0,0,0,0,0,0,0,0,0,0,0,0,0,0,0,0,0,0,0,0,0,0,0,0,0,0,0,0,0.61989,0.000389593,0.000129864,0.000389593,0.000129864,0.000389593,0.000129864,0.000389593,0.000129864
621,64704.7,0.62346,0.31119,0.79301,0,0,0,0,0,0,0.16606,0.00138,4e-05,0,0,0,0,0,0,0,0,0,0,0,0,0,0,0.57519,0.11016,0,0,0.4539,0.05637,0.37817,0.42744,0.92789,0.8447,0.90171,0.6201,1.04321,0.51542,0.84189,0,0,0,0,0,0,0,0,0,0,0,0,0,0,0,0,0,0,0,0,0,0,0,0,0,0,0,0,0,0,0,0.6201,0.000385797,0.000128599,0.000385797,0.000128599,0.000385797,0.000128599,0.000385797,0.000128599
622,64839.1,0.62665,0.31042,0.7914,0,0,0,0,0,0,0.16447,0.00138,4e-05,0,0,0,0,0,0,0,0,0,0,0,0,0,0,0.57843,0.11018,0,0,0.45371,0.05638,0.37825,0.42736,0.92818,0.84471,0.90164,0.61974,1.04395,0.51611,0.84189,0,0,0,0,0,0,0,0,0,0,0,0,0,0,0,0,0,0,0,0,0,0,0,0,0,0,0,0,0,0,0,0.61974,0.000382019,0.00012734,0.000382019,0.00012734,0.000382019,0.00012734,0.000382019,0.00012734
623,64969.3,0.61559,0.30804,0.7933,0,0,0,0,0,0,0.16501,0.00138,4e-05,0,0,0,0,0,0,0,0,0,0,0,0,0,0,0.57653,0.11041,0,0,0.45385,0.05634,0.37822,0.42739,0.92909,0.84371,0.90075,0.61971,1.0439,0.51648,0.84188,0,0,0,0,0,0,0,0,0,0,0,0,0,0,0,0,0,0,0,0,0,0,0,0,0,0,0,0,0,0,0,0.61971,0.000378257,0.000126086,0.000378257,0.000126086,0.000378257,0.000126086,0.000378257,0.000126086
624,65104.5,0.61949,0.31009,0.79243,0,0,0,0,0,0,0.16572,0.00139,4e-05,0,0,0,0,0,0,0,0,0,0,0,0,0,0,0.5781,0.10998,0,0,0.45392,0.05637,0.37879,0.42743,0.92914,0.84346,0.90065,0.61959,1.04371,0.51672,0.84189,0,0,0,0,0,0,0,0,0,0,0,0,0,0,0,0,0,0,0,0,0,0,0,0,0,0,0,0,0,0,0,0.61959,0.000374514,0.000124838,0.000374514,0.000124838,0.000374514,0.000124838,0.000374514,0.000124838
625,65238,0.62193,0.31135,0.79238,0,0,0,0,0,0,0.16281,0.00138,5e-05,0,0,0,0,0,0,0,0,0,0,0,0,0,0,0.57833,0.11002,0,0,0.45374,0.05638,0.37811,0.42734,0.92831,0.84357,0.90066,0.61974,1.04356,0.5171,0.84183,0,0,0,0,0,0,0,0,0,0,0,0,0,0,0,0,0,0,0,0,0,0,0,0,0,0,0,0,0,0,0,0.61974,0.000370788,0.000123596,0.000370788,0.000123596,0.000370788,0.000123596,0.000370788,0.000123596
626,65370.8,0.61765,0.31003,0.79023,0,0,0,0,0,0,0.16576,0.00137,4e-05,0,0,0,0,0,0,0,0,0,0,0,0,0,0,0.58403,0.11005,0,0,0.45383,0.05634,0.37827,0.4275,0.92719,0.84392,0.90016,0.61916,1.04415,0.5172,0.84191,0,0,0,0,0,0,0,0,0,0,0,0,0,0,0,0,0,0,0,0,0,0,0,0,0,0,0,0,0,0,0,0.61916,0.000367079,0.00012236,0.000367079,0.00012236,0.000367079,0.00012236,0.000367079,0.00012236
627,65508.8,0.61819,0.30972,0.79298,0,0,0,0,0,0,0.16339,0.00137,4e-05,0,0,0,0,0,0,0,0,0,0,0,0,0,0,0.5806,0.1101,0,0,0.45372,0.05639,0.37827,0.42737,0.92723,0.84386,0.90027,0.61923,1.04359,0.51691,0.84188,0,0,0,0,0,0,0,0,0,0,0,0,0,0,0,0,0,0,0,0,0,0,0,0,0,0,0,0,0,0,0,0.61923,0.000363389,0.00012113,0.000363389,0.00012113,0.000363389,0.00012113,0.000363389,0.00012113
628,65644.3,0.62272,0.31179,0.79115,0,0,0,0,0,0,0.16405,0.00138,4e-05,0,0,0,0,0,0,0,0,0,0,0,0,0,0,0.57815,0.11022,0,0,0.45391,0.05641,0.37844,0.42754,0.92589,0.84384,0.90008,0.61928,1.04349,0.51728,0.84183,0,0,0,0,0,0,0,0,0,0,0,0,0,0,0,0,0,0,0,0,0,0,0,0,0,0,0,0,0,0,0,0.61928,0.000359716,0.000119905,0.000359716,0.000119905,0.000359716,0.000119905,0.000359716,0.000119905
629,65776.9,0.61622,0.30897,0.78853,0,0,0,0,0,0,0.16484,0.00137,4e-05,0,0,0,0,0,0,0,0,0,0,0,0,0,0,0.57531,0.1098,0,0,0.45386,0.05635,0.37791,0.42738,0.92471,0.84351,0.90011,0.61941,1.04328,0.5173,0.84183,0,0,0,0,0,0,0,0,0,0,0,0,0,0,0,0,0,0,0,0,0,0,0,0,0,0,0,0,0,0,0,0.61941,0.000356061,0.000118687,0.000356061,0.000118687,0.000356061,0.000118687,0.000356061,0.000118687
630,65915.2,0.62203,0.30983,0.79229,0,0,0,0,0,0,0.16379,0.00138,4e-05,0,0,0,0,0,0,0,0,0,0,0,0,0,0,0.57581,0.10991,0,0,0.45383,0.05636,0.37816,0.42738,0.92369,0.84496,0.90066,0.61941,1.04318,0.5176,0.84187,0,0,0,0,0,0,0,0,0,0,0,0,0,0,0,0,0,0,0,0,0,0,0,0,0,0,0,0,0,0,0,0.61941,0.000352424,0.000117475,0.000352424,0.000117475,0.000352424,0.000117475,0.000352424,0.000117475
631,66051.3,0.62107,0.31022,0.79258,0,0,0,0,0,0,0.16275,0.00138,4e-05,0,0,0,0,0,0,0,0,0,0,0,0,0,0,0.5739,0.10957,0,0,0.45384,0.05637,0.37844,0.42744,0.92153,0.84522,0.90069,0.61953,1.04272,0.51787,0.84192,0,0,0,0,0,0,0,0,0,0,0,0,0,0,0,0,0,0,0,0,0,0,0,0,0,0,0,0,0,0,0,0.61953,0.000348804,0.000116268,0.000348804,0.000116268,0.000348804,0.000116268,0.000348804,0.000116268
632,66189.8,0.61871,0.30923,0.79144,0,0,0,0,0,0,0.16212,0.00138,4e-05,0,0,0,0,0,0,0,0,0,0,0,0,0,0,0.57447,0.1097,0,0,0.45386,0.05634,0.37802,0.42746,0.92161,0.84591,0.90083,0.61965,1.04266,0.5182,0.84192,0,0,0,0,0,0,0,0,0,0,0,0,0,0,0,0,0,0,0,0,0,0,0,0,0,0,0,0,0,0,0,0.61965,0.000345203,0.000115068,0.000345203,0.000115068,0.000345203,0.000115068,0.000345203,0.000115068
633,66320,0.62104,0.30857,0.79168,0,0,0,0,0,0,0.16337,0.00138,4e-05,0,0,0,0,0,0,0,0,0,0,0,0,0,0,0.57451,0.10954,0,0,0.45376,0.05646,0.37809,0.42744,0.92268,0.84581,0.90099,0.61985,1.04276,0.51813,0.84194,0,0,0,0,0,0,0,0,0,0,0,0,0,0,0,0,0,0,0,0,0,0,0,0,0,0,0,0,0,0,0,0.61985,0.00034162,0.000113873,0.00034162,0.000113873,0.00034162,0.000113873,0.00034162,0.000113873
634,66458.7,0.61375,0.30817,0.79264,0,0,0,0,0,0,0.16455,0.00139,4e-05,3e-05,0,0,0,0,0,0,0,0,0,0,0,0,0,0.57289,0.10939,0,0,0.45384,0.05639,0.37779,0.42744,0.9208,0.84581,0.90092,0.61961,1.04266,0.51839,0.84196,0,0,0,0,0,0,0,0,0,0,0,0,0,0,0,0,0,0,0,0,0,0,0,0,0,0,0,0,0,0,0,0.61961,0.000338055,0.000112685,0.000338055,0.000112685,0.000338055,0.000112685,0.000338055,0.000112685
635,66601,0.62245,0.31035,0.7901,0,0,0,0,0,0,0.16434,0.00137,4e-05,0,0,0,0,0,0,0,0,0,0,0,0,0,0,0.57799,0.1089,0,0,0.45381,0.05632,0.37806,0.42742,0.92227,0.84561,0.90074,0.61932,1.0433,0.51839,0.84201,0,0,0,0,0,0,0,0,0,0,0,0,0,0,0,0,0,0,0,0,0,0,0,0,0,0,0,0,0,0,0,0.61932,0.000334508,0.000111503,0.000334508,0.000111503,0.000334508,0.000111503,0.000334508,0.000111503
636,66731.5,0.61912,0.30854,0.79323,0,0,0,0,0,0,0.16421,0.00137,4e-05,0,0,0,0,0,0,0,0,0,0,0,0,0,0,0.57651,0.10881,0,0,0.45382,0.05643,0.37801,0.42744,0.92221,0.84562,0.9005,0.61939,1.04349,0.51847,0.84196,0,0,0,0,0,0,0,0,0,0,0,0,0,0,0,0,0,0,0,0,0,0,0,0,0,0,0,0,0,0,0,0.61939,0.000330979,0.000110326,0.000330979,0.000110326,0.000330979,0.000110326,0.000330979,0.000110326
637,66860.2,0.61709,0.30902,0.7905,0,0,0,0,0,0,0.16327,0.00138,4e-05,0,0,0,0,0,0,0,0,0,0,0,0,0,0,0.572,0.1085,0,0,0.45391,0.05632,0.37819,0.42746,0.9213,0.8453,0.89966,0.6192,1.04397,0.51884,0.84206,0,0,0,0,0,0,0,0,0,0,0,0,0,0,0,0,0,0,0,0,0,0,0,0,0,0,0,0,0,0,0,0.6192,0.000327468,0.000109156,0.000327468,0.000109156,0.000327468,0.000109156,0.000327468,0.000109156
638,67001.7,0.61695,0.30862,0.79307,0,0,0,0,0,0,0.16422,0.00138,4e-05,0,0,0,0,0,0,0,0,0,0,0,0,0,0,0.56705,0.10838,0,0,0.45386,0.05636,0.37889,0.42743,0.92239,0.84474,0.8998,0.6195,1.04348,0.51858,0.84201,0,0,0,0,0,0,0,0,0,0,0,0,0,0,0,0,0,0,0,0,0,0,0,0,0,0,0,0,0,0,0,0.6195,0.000323976,0.000107992,0.000323976,0.000107992,0.000323976,0.000107992,0.000323976,0.000107992
639,67134.2,0.6201,0.30883,0.79178,0,0,0,0,0,0,0.16444,0.00138,5e-05,2e-05,0,0,0,0,0,0,0,0,0,0,0,0,0,0.57377,0.10887,0,0,0.45379,0.05635,0.37756,0.42733,0.92301,0.8437,0.89987,0.61933,1.0435,0.51833,0.84206,0,0,0,0,0,0,0,0,0,0,0,0,0,0,0,0,0,0,0,0,0,0,0,0,0,0,0,0,0,0,0,0.61933,0.000320502,0.000106834,0.000320502,0.000106834,0.000320502,0.000106834,0.000320502,0.000106834
640,67266.9,0.6199,0.3087,0.79197,0,0,0,0,0,0,0.16543,0.00138,4e-05,0,0,0,0,0,0,0,0,0,0,0,0,0,0,0.57437,0.10891,0,0,0.45367,0.0564,0.37831,0.42729,0.92353,0.84341,0.89988,0.61914,1.04359,0.51811,0.84211,0,0,0,0,0,0,0,0,0,0,0,0,0,0,0,0,0,0,0,0,0,0,0,0,0,0,0,0,0,0,0,0.61914,0.000317047,0.000105682,0.000317047,0.000105682,0.000317047,0.000105682,0.000317047,0.000105682
641,67411,0.61476,0.30737,0.79196,0,0,0,0,0,0,0.16399,0.00137,4e-05,0,0,0,0,0,0,0,0,0,0,0,0,0,0,0.57611,0.1086,0,0,0.45386,0.05637,0.37834,0.42743,0.92658,0.84208,0.89974,0.61883,1.04361,0.51893,0.84212,0,0,0,0,0,0,0,0,0,0,0,0,0,0,0,0,0,0,0,0,0,0,0,0,0,0,0,0,0,0,0,0.61883,0.00031361,0.000104537,0.00031361,0.000104537,0.00031361,0.000104537,0.00031361,0.000104537
642,67537.9,0.61757,0.30878,0.79251,0,0,0,0,0,0,0.16363,0.00137,4e-05,0,0,0,0,0,0,0,0,0,0,0,0,0,0,0.57496,0.1089,0,0,0.4538,0.05632,0.37882,0.42745,0.92288,0.84289,0.89922,0.61889,1.04384,0.51904,0.84207,0,0,0,0,0,0,0,0,0,0,0,0,0,0,0,0,0,0,0,0,0,0,0,0,0,0,0,0,0,0,0,0.61889,0.000310191,0.000103397,0.000310191,0.000103397,0.000310191,0.000103397,0.000310191,0.000103397
643,67672.3,0.61864,0.30926,0.79125,0,0,0,0,0,0,0.16214,0.00137,4e-05,1e-05,0,0,0,0,0,0,0,0,0,0,0,0,0,0.57323,0.10865,0,0,0.45381,0.0563,0.37773,0.42741,0.92324,0.84216,0.89878,0.61869,1.04404,0.51947,0.84208,0,0,0,0,0,0,0,0,0,0,0,0,0,0,0,0,0,0,0,0,0,0,0,0,0,0,0,0,0,0,0,0.61869,0.000306791,0.000102264,0.000306791,0.000102264,0.000306791,0.000102264,0.000306791,0.000102264
644,67803.6,0.61355,0.30803,0.79024,0,0,0,0,0,0,0.16274,0.00137,4e-05,0,0,0,0,0,0,0,0,0,0,0,0,0,0,0.57892,0.10815,0,0,0.45377,0.05644,0.37794,0.42739,0.92344,0.84227,0.89855,0.61876,1.04403,0.51943,0.84202,0,0,0,0,0,0,0,0,0,0,0,0,0,0,0,0,0,0,0,0,0,0,0,0,0,0,0,0,0,0,0,0.61876,0.00030341,0.000101137,0.00030341,0.000101137,0.00030341,0.000101137,0.00030341,0.000101137
645,67934.6,0.62391,0.31068,0.79151,0,0,0,0,0,0,0.16389,0.00138,4e-05,0,0,0,0,0,0,0,0,0,0,0,0,0,0,0.57329,0.10841,0,0,0.45387,0.05632,0.37768,0.42748,0.92352,0.84241,0.8986,0.61868,1.04423,0.51966,0.84213,0,0,0,0,0,0,0,0,0,0,0,0,0,0,0,0,0,0,0,0,0,0,0,0,0,0,0,0,0,0,0,0.61868,0.000300048,0.000100016,0.000300048,0.000100016,0.000300048,0.000100016,0.000300048,0.000100016
646,68076.7,0.61789,0.3095,0.79349,0,0,0,0,0,0,0.16308,0.00137,4e-05,0,0,0,0,0,0,0,0,0,0,0,0,0,0,0.57502,0.10819,0,0,0.45392,0.05629,0.37837,0.42754,0.9249,0.84176,0.8985,0.61838,1.04372,0.52007,0.84204,0,0,0,0,0,0,0,0,0,0,0,0,0,0,0,0,0,0,0,0,0,0,0,0,0,0,0,0,0,0,0,0.61838,0.000296704,9.89013e-05,0.000296704,9.89013e-05,0.000296704,9.89013e-05,0.000296704,9.89013e-05
647,68204.2,0.61506,0.30992,0.79246,0,0,0,0,0,0,0.16248,0.00137,4e-05,0,0,0,0,0,0,0,0,0,0,0,0,0,0,0.57605,0.1081,0,0,0.4538,0.05635,0.37814,0.42737,0.92355,0.84237,0.89904,0.61856,1.04325,0.51965,0.84197,0,0,0,0,0,0,0,0,0,0,0,0,0,0,0,0,0,0,0,0,0,0,0,0,0,0,0,0,0,0,0,0.61856,0.000293379,9.77929e-05,0.000293379,9.77929e-05,0.000293379,9.77929e-05,0.000293379,9.77929e-05
648,68335.6,0.61689,0.30861,0.79133,0,0,0,0,0,0,0.16347,0.00137,4e-05,0,0,0,0,0,0,0,0,0,0,0,0,0,0,0.57135,0.10844,0,0,0.45386,0.05634,0.37792,0.42745,0.92424,0.8424,0.89945,0.61836,1.04329,0.51972,0.84192,0,0,0,0,0,0,0,0,0,0,0,0,0,0,0,0,0,0,0,0,0,0,0,0,0,0,0,0,0,0,0,0.61836,0.000290073,9.66909e-05,0.000290073,9.66909e-05,0.000290073,9.66909e-05,0.000290073,9.66909e-05
649,68471.7,0.61293,0.30629,0.79348,0,0,0,0,0,0,0.16301,0.00138,4e-05,0,0,0,0,0,0,0,0,0,0,0,0,0,0,0.57006,0.10873,0,0,0.45398,0.05628,0.37819,0.42749,0.92474,0.84161,0.8992,0.61842,1.04354,0.52005,0.8419,0,0,0,0,0,0,0,0,0,0,0,0,0,0,0,0,0,0,0,0,0,0,0,0,0,0,0,0,0,0,0,0.61842,0.000286785,9.55951e-05,0.000286785,9.55951e-05,0.000286785,9.55951e-05,0.000286785,9.55951e-05
650,68599.8,0.61665,0.30636,0.79337,0,0,0,0,0,0,0.16399,0.00137,4e-05,0,0,0,0,0,0,0,0,0,0,0,0,0,0,0.57284,0.10851,0,0,0.45376,0.0564,0.37818,0.4274,0.92508,0.84153,0.89933,0.61834,1.04391,0.52037,0.84193,0,0,0,0,0,0,0,0,0,0,0,0,0,0,0,0,0,0,0,0,0,0,0,0,0,0,0,0,0,0,0,0.61834,0.000283517,9.45057e-05,0.000283517,9.45057e-05,0.000283517,9.45057e-05,0.000283517,9.45057e-05
651,68733.8,0.61394,0.30591,0.79301,0,0,0,0,0,0,0.16223,0.00136,4e-05,0,0,0,0,0,0,0,0,0,0,0,0,0,0,0.57951,0.1083,0,0,0.45384,0.05634,0.3777,0.42745,0.9244,0.84049,0.898,0.61808,1.04337,0.52037,0.84188,0,0,0,0,0,0,0,0,0,0,0,0,0,0,0,0,0,0,0,0,0,0,0,0,0,0,0,0,0,0,0,0.61808,0.000280268,9.34225e-05,0.000280268,9.34225e-05,0.000280268,9.34225e-05,0.000280268,9.34225e-05
652,68870.1,0.61534,0.30838,0.78961,0,0,0,0,0,0,0.16072,0.00137,4e-05,0,0,0,0,0,0,0,0,0,0,0,0,0,0,0.57719,0.10861,0,0,0.45378,0.05633,0.37808,0.42737,0.92559,0.84161,0.89933,0.61856,1.04294,0.52132,0.84181,0,0,0,0,0,0,0,0,0,0,0,0,0,0,0,0,0,0,0,0,0,0,0,0,0,0,0,0,0,0,0,0.61856,0.000277037,9.23458e-05,0.000277037,9.23458e-05,0.000277037,9.23458e-05,0.000277037,9.23458e-05
653,68997.7,0.61453,0.30725,0.79196,0,0,0,0,0,0,0.16147,0.00137,4e-05,0,0,0,0,0,0,0,0,0,0,0,0,0,0,0.57338,0.10826,0,0,0.4539,0.05633,0.37817,0.42744,0.92505,0.84164,0.89956,0.61855,1.04341,0.52116,0.84192,0,0,0,0,0,0,0,0,0,0,0,0,0,0,0,0,0,0,0,0,0,0,0,0,0,0,0,0,0,0,0,0.61855,0.000273826,9.12754e-05,0.000273826,9.12754e-05,0.000273826,9.12754e-05,0.000273826,9.12754e-05
654,69131.6,0.612,0.30788,0.79034,0,0,0,0,0,0,0.16195,0.00136,4e-05,0,0,0,0,0,0,0,0,0,0,0,0,0,0,0.57696,0.10813,0,0,0.45382,0.05633,0.3785,0.42743,0.92716,0.84072,0.89971,0.6184,1.04356,0.52103,0.84194,0,0,0,0,0,0,0,0,0,0,0,0,0,0,0,0,0,0,0,0,0,0,0,0,0,0,0,0,0,0,0,0.6184,0.000270634,9.02113e-05,0.000270634,9.02113e-05,0.000270634,9.02113e-05,0.000270634,9.02113e-05
655,69262.9,0.61189,0.30543,0.7914,0,0,0,0,0,0,0.16309,0.00136,4e-05,0,0,0,0,0,0,0,0,0,0,0,0,0,0,0.57406,0.10849,0,0,0.45379,0.05638,0.37897,0.42741,0.92756,0.84026,0.89961,0.61795,1.04406,0.52134,0.84195,0,0,0,0,0,0,0,0,0,0,0,0,0,0,0,0,0,0,0,0,0,0,0,0,0,0,0,0,0,0,0,0.61795,0.000267461,8.91537e-05,0.000267461,8.91537e-05,0.000267461,8.91537e-05,0.000267461,8.91537e-05
656,69388,0.60999,0.30541,0.79127,0,0,0,0,0,0,0.1601,0.00136,4e-05,0,0,0,0,0,0,0,0,0,0,0,0,0,0,0.57087,0.10865,0,0,0.45382,0.05637,0.37784,0.42737,0.92717,0.83993,0.89971,0.61782,1.04392,0.52141,0.84191,0,0,0,0,0,0,0,0,0,0,0,0,0,0,0,0,0,0,0,0,0,0,0,0,0,0,0,0,0,0,0,0.61782,0.000264307,8.81025e-05,0.000264307,8.81025e-05,0.000264307,8.81025e-05,0.000264307,8.81025e-05
657,69526.8,0.61615,0.30857,0.79308,0,0,0,0,0,0,0.16274,0.00136,4e-05,0,0,0,0,0,0,0,0,0,0,0,0,0,0,0.57438,0.10882,0,0,0.45392,0.0563,0.37858,0.42753,0.92717,0.8394,0.89942,0.61798,1.04412,0.52128,0.8419,0,0,0,0,0,0,0,0,0,0,0,0,0,0,0,0,0,0,0,0,0,0,0,0,0,0,0,0,0,0,0,0.61798,0.000261173,8.70577e-05,0.000261173,8.70577e-05,0.000261173,8.70577e-05,0.000261173,8.70577e-05
658,69653.9,0.61339,0.30754,0.79064,0,0,0,0,0,0,0.16281,0.00137,4e-05,2e-05,0,0,0,0,0,0,0,0,0,0,0,0,0,0.57541,0.10882,0,0,0.45387,0.05633,0.37883,0.42746,0.9263,0.83965,0.89915,0.61781,1.04455,0.52148,0.84188,0,0,0,0,0,0,0,0,0,0,0,0,0,0,0,0,0,0,0,0,0,0,0,0,0,0,0,0,0,0,0,0.61781,0.000258058,8.60193e-05,0.000258058,8.60193e-05,0.000258058,8.60193e-05,0.000258058,8.60193e-05
659,69788.1,0.61158,0.30663,0.78965,0,0,0,0,0,0,0.16187,0.00137,5e-05,0,0,0,0,0,0,0,0,0,0,0,0,0,0,0.57224,0.10857,0,0,0.45382,0.05634,0.37901,0.42743,0.92718,0.84025,0.89998,0.61815,1.04444,0.52124,0.84193,0,0,0,0,0,0,0,0,0,0,0,0,0,0,0,0,0,0,0,0,0,0,0,0,0,0,0,0,0,0,0,0.61815,0.000254962,8.49874e-05,0.000254962,8.49874e-05,0.000254962,8.49874e-05,0.000254962,8.49874e-05
660,69923.5,0.61055,0.30504,0.79092,0,0,0,0,0,0,0.16068,0.00137,4e-05,0,0,0,0,0,0,0,0,0,0,0,0,0,0,0.57687,0.10839,0,0,0.45379,0.05642,0.37769,0.42742,0.92697,0.84008,0.89946,0.61793,1.04388,0.52115,0.84188,0,0,0,0,0,0,0,0,0,0,0,0,0,0,0,0,0,0,0,0,0,0,0,0,0,0,0,0,0,0,0,0.61793,0.000251886,8.3962e-05,0.000251886,8.3962e-05,0.000251886,8.3962e-05,0.000251886,8.3962e-05
661,70054.9,0.61256,0.30699,0.79174,0,0,0,0,0,0,0.16295,0.00136,5e-05,0,0,0,0,0,0,0,0,0,0,0,0,0,0,0.58178,0.10836,0,0,0.45381,0.05638,0.37872,0.42743,0.92776,0.83977,0.89939,0.61785,1.04417,0.52086,0.84192,0,0,0,0,0,0,0,0,0,0,0,0,0,0,0,0,0,0,0,0,0,0,0,0,0,0,0,0,0,0,0,0.61785,0.000248829,8.29431e-05,0.000248829,8.29431e-05,0.000248829,8.29431e-05,0.000248829,8.29431e-05
662,70187.9,0.61229,0.30681,0.79085,0,0,0,0,0,0,0.16177,0.00137,5e-05,0,0,0,0,0,0,0,0,0,0,0,0,0,0,0.57459,0.10857,0,0,0.45384,0.05635,0.3778,0.42744,0.92702,0.83922,0.89879,0.61767,1.04395,0.52088,0.84192,0,0,0,0,0,0,0,0,0,0,0,0,0,0,0,0,0,0,0,0,0,0,0,0,0,0,0,0,0,0,0,0.61767,0.000245792,8.19307e-05,0.000245792,8.19307e-05,0.000245792,8.19307e-05,0.000245792,8.19307e-05
663,70328,0.61336,0.30572,0.79045,0,0,0,0,0,0,0.16128,0.00136,4e-05,0,0,0,0,0,0,0,0,0,0,0,0,0,0,0.57233,0.10826,0,0,0.45381,0.05635,0.37845,0.4274,0.9269,0.83914,0.89855,0.61789,1.04411,0.52113,0.84196,0,0,0,0,0,0,0,0,0,0,0,0,0,0,0,0,0,0,0,0,0,0,0,0,0,0,0,0,0,0,0,0.61789,0.000242774,8.09248e-05,0.000242774,8.09248e-05,0.000242774,8.09248e-05,0.000242774,8.09248e-05
664,70460.7,0.60718,0.30609,0.79143,0,0,0,0,0,0,0.1604,0.00137,4e-05,2e-05,0,0,0,0,0,0,0,0,0,0,0,0,0,0.57331,0.10833,0,0,0.45387,0.05636,0.37797,0.4274,0.92619,0.83912,0.89896,0.61772,1.04401,0.52093,0.84193,0,0,0,0,0,0,0,0,0,0,0,0,0,0,0,0,0,0,0,0,0,0,0,0,0,0,0,0,0,0,0,0.61772,0.000239776,7.99255e-05,0.000239776,7.99255e-05,0.000239776,7.99255e-05,0.000239776,7.99255e-05
665,70588.5,0.61072,0.3061,0.79315,0,0,0,0,0,0,0.16137,0.00137,4e-05,0,0,0,0,0,0,0,0,0,0,0,0,0,0,0.57353,0.10788,0,0,0.45387,0.05632,0.37802,0.42739,0.92678,0.83874,0.89868,0.61748,1.04448,0.5206,0.84196,0,0,0,0,0,0,0,0,0,0,0,0,0,0,0,0,0,0,0,0,0,0,0,0,0,0,0,0,0,0,0,0.61748,0.000236798,7.89327e-05,0.000236798,7.89327e-05,0.000236798,7.89327e-05,0.000236798,7.89327e-05
666,70728.3,0.60989,0.30546,0.79013,0,0,0,0,0,0,0.16068,0.00136,4e-05,0,0,0,0,0,0,0,0,0,0,0,0,0,0,0.57069,0.10794,0,0,0.45377,0.05636,0.37836,0.42734,0.92663,0.83931,0.8987,0.61789,1.04421,0.52055,0.84199,0,0,0,0,0,0,0,0,0,0,0,0,0,0,0,0,0,0,0,0,0,0,0,0,0,0,0,0,0,0,0,0.61789,0.000233839,7.79465e-05,0.000233839,7.79465e-05,0.000233839,7.79465e-05,0.000233839,7.79465e-05
667,70856.9,0.61127,0.30607,0.79061,0,0,0,0,0,0,0.16199,0.00136,5e-05,0,0,0,0,0,0,0,0,0,0,0,0,0,0,0.57485,0.10814,0,0,0.45385,0.05635,0.3783,0.42743,0.92693,0.8394,0.89913,0.61782,1.04409,0.5208,0.84202,0,0,0,0,0,0,0,0,0,0,0,0,0,0,0,0,0,0,0,0,0,0,0,0,0,0,0,0,0,0,0,0.61782,0.000230901,7.69668e-05,0.000230901,7.69668e-05,0.000230901,7.69668e-05,0.000230901,7.69668e-05
668,70991.2,0.61063,0.3061,0.79156,0,0,0,0,0,0,0.16196,0.00136,4e-05,0,0,0,0,0,0,0,0,0,0,0,0,0,0,0.57214,0.10797,0,0,0.45387,0.05631,0.37856,0.42741,0.92682,0.83925,0.89859,0.61776,1.04397,0.52077,0.84201,0,0,0,0,0,0,0,0,0,0,0,0,0,0,0,0,0,0,0,0,0,0,0,0,0,0,0,0,0,0,0,0.61776,0.000227981,7.59938e-05,0.000227981,7.59938e-05,0.000227981,7.59938e-05,0.000227981,7.59938e-05
669,71121.6,0.61068,0.30698,0.79123,0,0,0,0,0,0,0.16306,0.00137,4e-05,0,0,0,0,0,0,0,0,0,0,0,0,0,0,0.57355,0.10799,0,0,0.45393,0.0563,0.37839,0.4275,0.92601,0.84019,0.8989,0.61782,1.04309,0.52029,0.84192,0,0,0,0,0,0,0,0,0,0,0,0,0,0,0,0,0,0,0,0,0,0,0,0,0,0,0,0,0,0,0,0.61782,0.000225082,7.50274e-05,0.000225082,7.50274e-05,0.000225082,7.50274e-05,0.000225082,7.50274e-05
670,71258.2,0.60802,0.30602,0.79054,0,0,0,0,0,0,0.16116,0.00136,4e-05,0,0,0,0,0,0,0,0,0,0,0,0,0,0,0.57583,0.10804,0,0,0.45381,0.05636,0.37792,0.4274,0.92587,0.83961,0.89817,0.61762,1.04352,0.52047,0.84194,0,0,0,0,0,0,0,0,0,0,0,0,0,0,0,0,0,0,0,0,0,0,0,0,0,0,0,0,0,0,0,0.61762,0.000222203,7.40676e-05,0.000222203,7.40676e-05,0.000222203,7.40676e-05,0.000222203,7.40676e-05
671,71384.6,0.60948,0.30425,0.79158,0,0,0,0,0,0,0.16008,0.00136,4e-05,0,0,0,0,0,0,0,0,0,0,0,0,0,0,0.56474,0.10775,0,0,0.45389,0.05637,0.37805,0.42755,0.92543,0.84,0.89893,0.61779,1.04356,0.52069,0.84196,0,0,0,0,0,0,0,0,0,0,0,0,0,0,0,0,0,0,0,0,0,0,0,0,0,0,0,0,0,0,0,0.61779,0.000219343,7.31145e-05,0.000219343,7.31145e-05,0.000219343,7.31145e-05,0.000219343,7.31145e-05
672,71517.8,0.61042,0.30529,0.79045,0,0,0,0,0,0,0.16299,0.00137,4e-05,0,0,0,0,0,0,0,0,0,0,0,0,0,0,0.5712,0.1078,0,0,0.45397,0.05636,0.37857,0.42758,0.92221,0.8416,0.89887,0.6177,1.04381,0.52077,0.842,0,0,0,0,0,0,0,0,0,0,0,0,0,0,0,0,0,0,0,0,0,0,0,0,0,0,0,0,0,0,0,0.6177,0.000216504,7.2168e-05,0.000216504,7.2168e-05,0.000216504,7.2168e-05,0.000216504,7.2168e-05
673,71655.5,0.60999,0.30579,0.78928,0,0,0,0,0,0,0.16098,0.00135,4e-05,0,0,0,0,0,0,0,0,0,0,0,0,0,0,0.56517,0.10766,0,0,0.45372,0.05632,0.37793,0.42733,0.92515,0.83962,0.89902,0.61791,1.04369,0.52033,0.84199,0,0,0,0,0,0,0,0,0,0,0,0,0,0,0,0,0,0,0,0,0,0,0,0,0,0,0,0,0,0,0,0.61791,0.000213685,7.12282e-05,0.000213685,7.12282e-05,0.000213685,7.12282e-05,0.000213685,7.12282e-05
674,71782,0.61273,0.30632,0.7931,0,0,0,0,0,0,0.16116,0.00137,4e-05,0,0,0,0,0,0,0,0,0,0,0,0,0,0,0.55877,0.10807,0,0,0.45388,0.05634,0.37858,0.42744,0.91994,0.84088,0.89819,0.61772,1.04388,0.5205,0.84201,0,0,0,0,0,0,0,0,0,0,0,0,0,0,0,0,0,0,0,0,0,0,0,0,0,0,0,0,0,0,0,0.61772,0.000210885,7.02951e-05,0.000210885,7.02951e-05,0.000210885,7.02951e-05,0.000210885,7.02951e-05
675,71921.3,0.6096,0.3054,0.79263,0,0,0,0,0,0,0.16136,0.00136,4e-05,0,0,0,0,0,0,0,0,0,0,0,0,0,0,0.56636,0.10807,0,0,0.45391,0.05634,0.37881,0.42751,0.91937,0.842,0.89859,0.6178,1.04417,0.52005,0.84198,0,0,0,0,0,0,0,0,0,0,0,0,0,0,0,0,0,0,0,0,0,0,0,0,0,0,0,0,0,0,0,0.6178,0.000208106,6.93687e-05,0.000208106,6.93687e-05,0.000208106,6.93687e-05,0.000208106,6.93687e-05
676,72050.4,0.60365,0.3046,0.78928,0,0,0,0,0,0,0.16244,0.00136,4e-05,0,0,0,0,0,0,0,0,0,0,0,0,0,0,0.5681,0.10807,0,0,0.45377,0.05639,0.37772,0.42738,0.91967,0.84071,0.89777,0.61758,1.04429,0.51982,0.84207,0,0,0,0,0,0,0,0,0,0,0,0,0,0,0,0,0,0,0,0,0,0,0,0,0,0,0,0,0,0,0,0.61758,0.000205347,6.8449e-05,0.000205347,6.8449e-05,0.000205347,6.8449e-05,0.000205347,6.8449e-05
677,72179.6,0.60879,0.30643,0.7899,0,0,0,0,0,0,0.16273,0.00136,4e-05,6e-05,0,0,0,0,0,0,0,0,0,0,0,0,0,0.56772,0.1079,0,0,0.45387,0.05633,0.37797,0.42741,0.92386,0.83899,0.89843,0.61784,1.04467,0.51989,0.84209,0,0,0,0,0,0,0,0,0,0,0,0,0,0,0,0,0,0,0,0,0,0,0,0,0,0,0,0,0,0,0,0.61784,0.000202608,6.7536e-05,0.000202608,6.7536e-05,0.000202608,6.7536e-05,0.000202608,6.7536e-05
678,72304,0.60548,0.30396,0.79219,0,0,0,0,0,0,0.16004,0.00136,4e-05,3e-05,0,0,0,0,0,0,0,0,0,0,0,0,0,0.57347,0.10758,0,0,0.45379,0.05633,0.37873,0.42737,0.91917,0.83981,0.89752,0.61761,1.04493,0.51994,0.84213,0,0,0,0,0,0,0,0,0,0,0,0,0,0,0,0,0,0,0,0,0,0,0,0,0,0,0,0,0,0,0,0.61761,0.000199889,6.66298e-05,0.000199889,6.66298e-05,0.000199889,6.66298e-05,0.000199889,6.66298e-05
679,72440.4,0.60864,0.30608,0.79061,0,0,0,0,0,0,0.16142,0.00136,4e-05,0,0,0,0,0,0,0,0,0,0,0,0,0,0,0.57288,0.10745,0,0,0.45385,0.05634,0.37763,0.42741,0.91989,0.84041,0.89814,0.61779,1.04501,0.51998,0.84212,0,0,0,0,0,0,0,0,0,0,0,0,0,0,0,0,0,0,0,0,0,0,0,0,0,0,0,0,0,0,0,0.61779,0.000197191,6.57303e-05,0.000197191,6.57303e-05,0.000197191,6.57303e-05,0.000197191,6.57303e-05
680,72567.3,0.60888,0.30494,0.79109,0,0,0,0,0,0,0.16003,0.00136,4e-05,0,0,0,0,0,0,0,0,0,0,0,0,0,0,0.57153,0.10734,0,0,0.4538,0.05636,0.37789,0.42736,0.92316,0.83871,0.89756,0.61756,1.04493,0.52012,0.84212,0,0,0,0,0,0,0,0,0,0,0,0,0,0,0,0,0,0,0,0,0,0,0,0,0,0,0,0,0,0,0,0.61756,0.000194513,6.48377e-05,0.000194513,6.48377e-05,0.000194513,6.48377e-05,0.000194513,6.48377e-05
681,72698.8,0.60913,0.30657,0.78965,0,0,0,0,0,0,0.16165,0.00136,4e-05,0,0,0,0,0,0,0,0,0,0,0,0,0,0,0.57845,0.1073,0,0,0.45391,0.05633,0.37832,0.42754,0.92127,0.83952,0.89752,0.61757,1.04496,0.51998,0.84211,0,0,0,0,0,0,0,0,0,0,0,0,0,0,0,0,0,0,0,0,0,0,0,0,0,0,0,0,0,0,0,0.61757,0.000191855,6.39518e-05,0.000191855,6.39518e-05,0.000191855,6.39518e-05,0.000191855,6.39518e-05
682,72829.6,0.60811,0.30521,0.79265,0,0,0,0,0,0,0.1596,0.00136,4e-05,0,0,0,0,0,0,0,0,0,0,0,0,0,0,0.57423,0.10728,0,0,0.45373,0.0564,0.37713,0.42733,0.9206,0.83981,0.89729,0.61752,1.04504,0.52019,0.84216,0,0,0,0,0,0,0,0,0,0,0,0,0,0,0,0,0,0,0,0,0,0,0,0,0,0,0,0,0,0,0,0.61752,0.000189218,6.30727e-05,0.000189218,6.30727e-05,0.000189218,6.30727e-05,0.000189218,6.30727e-05
683,72962.7,0.61154,0.30465,0.79238,0,0,0,0,0,0,0.16152,0.00136,4e-05,0,0,0,0,0,0,0,0,0,0,0,0,0,0,0.57126,0.10727,0,0,0.45389,0.05627,0.37825,0.42755,0.92021,0.8399,0.89776,0.61734,1.04484,0.52007,0.84215,0,0,0,0,0,0,0,0,0,0,0,0,0,0,0,0,0,0,0,0,0,0,0,0,0,0,0,0,0,0,0,0.61734,0.000186601,6.22004e-05,0.000186601,6.22004e-05,0.000186601,6.22004e-05,0.000186601,6.22004e-05
684,73096.6,0.60499,0.30467,0.79139,0,0,0,0,0,0,0.15943,0.00136,4e-05,0,0,0,0,0,0,0,0,0,0,0,0,0,0,0.57131,0.10715,0,0,0.45378,0.05637,0.37777,0.42731,0.91995,0.83984,0.89768,0.61765,1.04458,0.52035,0.84217,0,0,0,0,0,0,0,0,0,0,0,0,0,0,0,0,0,0,0,0,0,0,0,0,0,0,0,0,0,0,0,0.61765,0.000184005,6.1335e-05,0.000184005,6.1335e-05,0.000184005,6.1335e-05,0.000184005,6.1335e-05
685,73219.8,0.60502,0.30416,0.79332,0,0,0,0,0,0,0.15932,0.00136,4e-05,0,0,0,0,0,0,0,0,0,0,0,0,0,0,0.56869,0.10713,0,0,0.45394,0.05629,0.37846,0.42745,0.91974,0.83938,0.89751,0.61782,1.04472,0.52043,0.84212,0,0,0,0,0,0,0,0,0,0,0,0,0,0,0,0,0,0,0,0,0,0,0,0,0,0,0,0,0,0,0,0.61782,0.000181429,6.04763e-05,0.000181429,6.04763e-05,0.000181429,6.04763e-05,0.000181429,6.04763e-05
686,73363,0.6021,0.30331,0.78926,0,0,0,0,0,0,0.16167,0.00136,4e-05,0,0,0,0,0,0,0,0,0,0,0,0,0,0,0.57194,0.1074,0,0,0.4538,0.05643,0.37817,0.42746,0.9196,0.83942,0.89712,0.61764,1.04474,0.52027,0.84212,0,0,0,0,0,0,0,0,0,0,0,0,0,0,0,0,0,0,0,0,0,0,0,0,0,0,0,0,0,0,0,0.61764,0.000178874,5.96246e-05,0.000178874,5.96246e-05,0.000178874,5.96246e-05,0.000178874,5.96246e-05
687,73493,0.60534,0.30408,0.78981,0,0,0,0,0,0,0.16021,0.00136,4e-05,0,0,0,0,0,0,0,0,0,0,0,0,0,0,0.57404,0.1074,0,0,0.45386,0.05635,0.37826,0.42746,0.91984,0.84002,0.89742,0.61751,1.04507,0.52035,0.84214,0,0,0,0,0,0,0,0,0,0,0,0,0,0,0,0,0,0,0,0,0,0,0,0,0,0,0,0,0,0,0,0.61751,0.000176339,5.87797e-05,0.000176339,5.87797e-05,0.000176339,5.87797e-05,0.000176339,5.87797e-05
688,73624.3,0.60602,0.30348,0.78997,0,0,0,0,0,0,0.15951,0.00136,5e-05,0,0,0,0,0,0,0,0,0,0,0,0,0,0,0.56817,0.10725,0,0,0.45382,0.05637,0.37844,0.42746,0.9198,0.83958,0.89725,0.61746,1.04472,0.52024,0.84209,0,0,0,0,0,0,0,0,0,0,0,0,0,0,0,0,0,0,0,0,0,0,0,0,0,0,0,0,0,0,0,0.61746,0.000173825,5.79417e-05,0.000173825,5.79417e-05,0.000173825,5.79417e-05,0.000173825,5.79417e-05
689,73756,0.6038,0.30383,0.79103,0,0,0,0,0,0,0.15985,0.00136,4e-05,0,0,0,0,0,0,0,0,0,0,0,0,0,0,0.57154,0.10724,0,0,0.45388,0.05635,0.37816,0.42742,0.92076,0.83826,0.89705,0.61752,1.04454,0.52007,0.8421,0,0,0,0,0,0,0,0,0,0,0,0,0,0,0,0,0,0,0,0,0,0,0,0,0,0,0,0,0,0,0,0.61752,0.000171332,5.71106e-05,0.000171332,5.71106e-05,0.000171332,5.71106e-05,0.000171332,5.71106e-05
690,73885.7,0.60703,0.30424,0.79065,0,0,0,0,0,0,0.16219,0.00135,4e-05,0,0,0,0,0,0,0,0,0,0,0,0,0,0,0.57319,0.10728,0,0,0.45377,0.05634,0.37843,0.42739,0.92306,0.83747,0.89738,0.61754,1.04481,0.51963,0.84218,0,0,0,0,0,0,0,0,0,0,0,0,0,0,0,0,0,0,0,0,0,0,0,0,0,0,0,0,0,0,0,0.61754,0.000168859,5.62864e-05,0.000168859,5.62864e-05,0.000168859,5.62864e-05,0.000168859,5.62864e-05
691,74021.6,0.60731,0.30574,0.78909,0,0,0,0,0,0,0.16163,0.00136,4e-05,0,0,0,0,0,0,0,0,0,0,0,0,0,0,0.56902,0.10703,0,0,0.45385,0.05633,0.37845,0.42751,0.91987,0.84017,0.89749,0.61748,1.04498,0.51938,0.84216,0,0,0,0,0,0,0,0,0,0,0,0,0,0,0,0,0,0,0,0,0,0,0,0,0,0,0,0,0,0,0,0.61748,0.000166407,5.54691e-05,0.000166407,5.54691e-05,0.000166407,5.54691e-05,0.000166407,5.54691e-05
692,74153.7,0.60554,0.30521,0.79021,0,0,0,0,0,0,0.15865,0.00135,4e-05,0,0,0,0,0,0,0,0,0,0,0,0,0,0,0.56944,0.10705,0,0,0.45374,0.05629,0.37772,0.42729,0.92313,0.83742,0.89701,0.61745,1.0447,0.51958,0.84221,0,0,0,0,0,0,0,0,0,0,0,0,0,0,0,0,0,0,0,0,0,0,0,0,0,0,0,0,0,0,0,0.61745,0.000163976,5.46588e-05,0.000163976,5.46588e-05,0.000163976,5.46588e-05,0.000163976,5.46588e-05
693,74283.2,0.6043,0.30414,0.79044,0,0,0,0,0,0,0.15899,0.00135,4e-05,0,0,0,0,0,0,0,0,0,0,0,0,0,0,0.56501,0.10704,0,0,0.45384,0.05632,0.37781,0.42741,0.92358,0.83736,0.89718,0.6175,1.0447,0.51944,0.84223,0,0,0,0,0,0,0,0,0,0,0,0,0,0,0,0,0,0,0,0,0,0,0,0,0,0,0,0,0,0,0,0.6175,0.000161566,5.38554e-05,0.000161566,5.38554e-05,0.000161566,5.38554e-05,0.000161566,5.38554e-05
694,74413.6,0.60587,0.30402,0.78938,0,0,0,0,0,0,0.16119,0.00135,4e-05,0,0,0,0,0,0,0,0,0,0,0,0,0,0,0.56691,0.10717,0,0,0.45381,0.05639,0.37839,0.42743,0.92528,0.8366,0.89741,0.61755,1.04461,0.5198,0.84224,0,0,0,0,0,0,0,0,0,0,0,0,0,0,0,0,0,0,0,0,0,0,0,0,0,0,0,0,0,0,0,0.61755,0.000159177,5.30589e-05,0.000159177,5.30589e-05,0.000159177,5.30589e-05,0.000159177,5.30589e-05
695,74554.1,0.60074,0.303,0.79025,0,0,0,0,0,0,0.15933,0.00135,4e-05,0,0,0,0,0,0,0,0,0,0,0,0,0,0,0.56857,0.10709,0,0,0.45383,0.05635,0.3784,0.42738,0.92307,0.83784,0.89726,0.61772,1.04434,0.5199,0.84226,0,0,0,0,0,0,0,0,0,0,0,0,0,0,0,0,0,0,0,0,0,0,0,0,0,0,0,0,0,0,0,0.61772,0.000156808,5.22695e-05,0.000156808,5.22695e-05,0.000156808,5.22695e-05,0.000156808,5.22695e-05
696,74678.9,0.60511,0.30381,0.78992,0,0,0,0,0,0,0.15909,0.00135,4e-05,0,0,0,0,0,0,0,0,0,0,0,0,0,0,0.56899,0.107,0,0,0.45372,0.05639,0.37816,0.42738,0.92364,0.83766,0.8971,0.61749,1.04458,0.51998,0.84225,0,0,0,0,0,0,0,0,0,0,0,0,0,0,0,0,0,0,0,0,0,0,0,0,0,0,0,0,0,0,0,0.61749,0.000154461,5.1487e-05,0.000154461,5.1487e-05,0.000154461,5.1487e-05,0.000154461,5.1487e-05
697,74812,0.60131,0.30352,0.79095,0,0,0,0,0,0,0.1594,0.00136,4e-05,0,0,0,0,0,0,0,0,0,0,0,0,0,0,0.57072,0.10712,0,0,0.45381,0.05633,0.37831,0.42734,0.92534,0.83642,0.89733,0.61747,1.04418,0.5198,0.84225,0,0,0,0,0,0,0,0,0,0,0,0,0,0,0,0,0,0,0,0,0,0,0,0,0,0,0,0,0,0,0,0.61747,0.000152134,5.07115e-05,0.000152134,5.07115e-05,0.000152134,5.07115e-05,0.000152134,5.07115e-05
698,74941,0.60369,0.30409,0.7917,0,0,0,0,0,0,0.15916,0.00136,4e-05,0,0,0,0,0,0,0,0,0,0,0,0,0,0,0.56746,0.10718,0,0,0.45388,0.0564,0.37806,0.42742,0.92384,0.83583,0.89657,0.61772,1.04387,0.5198,0.84225,0,0,0,0,0,0,0,0,0,0,0,0,0,0,0,0,0,0,0,0,0,0,0,0,0,0,0,0,0,0,0,0.61772,0.000149829,4.9943e-05,0.000149829,4.9943e-05,0.000149829,4.9943e-05,0.000149829,4.9943e-05
699,75073.6,0.60813,0.30522,0.78956,0,0,0,0,0,0,0.15926,0.00135,5e-05,0,0,0,0,0,0,0,0,0,0,0,0,0,0,0.56728,0.10702,0,0,0.45388,0.05629,0.37866,0.42748,0.92321,0.83711,0.89705,0.61774,1.04391,0.51976,0.84224,0,0,0,0,0,0,0,0,0,0,0,0,0,0,0,0,0,0,0,0,0,0,0,0,0,0,0,0,0,0,0,0.61774,0.000147544,4.91815e-05,0.000147544,4.91815e-05,0.000147544,4.91815e-05,0.000147544,4.91815e-05
700,75205.4,0.60675,0.30439,0.7896,0,0,0,0,0,0,0.15801,0.00135,4e-05,0,0,0,0,0,0,0,0,0,0,0,0,0,0,0.56461,0.10722,0,0,0.45384,0.05641,0.37792,0.42742,0.92223,0.83682,0.89647,0.61774,1.04374,0.52001,0.84225,0,0,0,0,0,0,0,0,0,0,0,0,0,0,0,0,0,0,0,0,0,0,0,0,0,0,0,0,0,0,0,0.61774,0.000145281,4.8427e-05,0.000145281,4.8427e-05,0.000145281,4.8427e-05,0.000145281,4.8427e-05
701,75332.5,0.60117,0.3029,0.79042,0,0,0,0,0,0,0.15934,0.00135,4e-05,0,0,0,0,0,0,0,0,0,0,0,0,0,0,0.56532,0.10705,0,0,0.45388,0.05636,0.3784,0.42743,0.92235,0.83716,0.89675,0.61757,1.04368,0.51953,0.84226,0,0,0,0,0,0,0,0,0,0,0,0,0,0,0,0,0,0,0,0,0,0,0,0,0,0,0,0,0,0,0,0.61757,0.000143039,4.76796e-05,0.000143039,4.76796e-05,0.000143039,4.76796e-05,0.000143039,4.76796e-05
702,75470.8,0.59775,0.30181,0.79221,0,0,0,0,0,0,0.15755,0.00135,4e-05,0,0,0,0,0,0,0,0,0,0,0,0,0,0,0.5683,0.10716,0,0,0.45381,0.05637,0.37768,0.42738,0.92337,0.83726,0.89678,0.61797,1.04375,0.51954,0.84227,0,0,0,0,0,0,0,0,0,0,0,0,0,0,0,0,0,0,0,0,0,0,0,0,0,0,0,0,0,0,0,0.61797,0.000140818,4.69393e-05,0.000140818,4.69393e-05,0.000140818,4.69393e-05,0.000140818,4.69393e-05
703,75581.9,0.60042,0.30251,0.79068,0,0,0,0,0,0,0.16066,0.00136,4e-05,0,0,0,0,0,0,0,0,0,0,0,0,0,0,0.56525,0.10723,0,0,0.45396,0.05633,0.37808,0.42751,0.92239,0.83785,0.89728,0.61793,1.04336,0.5195,0.84227,0,0,0,0,0,0,0,0,0,0,0,0,0,0,0,0,0,0,0,0,0,0,0,0,0,0,0,0,0,0,0,0.61793,0.000138618,4.6206e-05,0.000138618,4.6206e-05,0.000138618,4.6206e-05,0.000138618,4.6206e-05
704,75697.1,0.60214,0.30193,0.7915,0,0,0,0,0,0,0.15838,0.00136,4e-05,1e-05,0,0,0,0,0,0,0,0,0,0,0,0,0,0.56507,0.10741,0,0,0.45386,0.05632,0.37765,0.42741,0.92351,0.8381,0.89728,0.61798,1.0436,0.5199,0.84226,0,0,0,0,0,0,0,0,0,0,0,0,0,0,0,0,0,0,0,0,0,0,0,0,0,0,0,0,0,0,0,0.61798,0.000136439,4.54798e-05,0.000136439,4.54798e-05,0.000136439,4.54798e-05,0.000136439,4.54798e-05
705,75813.9,0.60383,0.3035,0.78919,0,0,0,0,0,0,0.15999,0.00136,4e-05,0,0,0,0,0,0,0,0,0,0,0,0,0,0,0.57476,0.10738,0,0,0.45382,0.05644,0.37813,0.42741,0.9232,0.83867,0.89704,0.61811,1.04351,0.51952,0.84224,0,0,0,0,0,0,0,0,0,0,0,0,0,0,0,0,0,0,0,0,0,0,0,0,0,0,0,0,0,0,0,0.61811,0.000134282,4.47606e-05,0.000134282,4.47606e-05,0.000134282,4.47606e-05,0.000134282,4.47606e-05
706,75929.7,0.60216,0.30113,0.79156,0,0,0,0,0,0,0.15943,0.00135,4e-05,0,0,0,0,0,0,0,0,0,0,0,0,0,0,0.57004,0.10718,0,0,0.4539,0.05634,0.37797,0.4275,0.92257,0.8382,0.89756,0.61794,1.04352,0.51982,0.84229,0,0,0,0,0,0,0,0,0,0,0,0,0,0,0,0,0,0,0,0,0,0,0,0,0,0,0,0,0,0,0,0.61794,0.000132146,4.40486e-05,0.000132146,4.40486e-05,0.000132146,4.40486e-05,0.000132146,4.40486e-05
707,76032,0.6072,0.3042,0.78866,0,0,0,0,0,0,0.16136,0.00135,4e-05,0,0,0,0,0,0,0,0,0,0,0,0,0,0,0.56927,0.10748,0,0,0.45385,0.05644,0.37794,0.4276,0.92201,0.83839,0.89725,0.61807,1.04347,0.52002,0.84225,0,0,0,0,0,0,0,0,0,0,0,0,0,0,0,0,0,0,0,0,0,0,0,0,0,0,0,0,0,0,0,0.61807,0.000130031,4.33437e-05,0.000130031,4.33437e-05,0.000130031,4.33437e-05,0.000130031,4.33437e-05
708,76136.3,0.60017,0.30221,0.79016,0,0,0,0,0,0,0.15883,0.00135,4e-05,0,0,0,0,0,0,0,0,0,0,0,0,0,0,0.57084,0.10744,0,0,0.45382,0.05636,0.37793,0.42745,0.92179,0.83791,0.89697,0.61797,1.04307,0.51961,0.84223,0,0,0,0,0,0,0,0,0,0,0,0,0,0,0,0,0,0,0,0,0,0,0,0,0,0,0,0,0,0,0,0.61797,0.000127938,4.26459e-05,0.000127938,4.26459e-05,0.000127938,4.26459e-05,0.000127938,4.26459e-05
709,76235.5,0.59917,0.30252,0.78964,0,0,0,0,0,0,0.1588,0.00134,4e-05,0,0,0,0,0,0,0,0,0,0,0,0,0,0,0.57313,0.1073,0,0,0.45374,0.05634,0.37774,0.42736,0.92165,0.83774,0.89683,0.61791,1.04324,0.51957,0.84228,0,0,0,0,0,0,0,0,0,0,0,0,0,0,0,0,0,0,0,0,0,0,0,0,0,0,0,0,0,0,0,0.61791,0.000125866,4.19552e-05,0.000125866,4.19552e-05,0.000125866,4.19552e-05,0.000125866,4.19552e-05
710,76337.6,0.6011,0.30288,0.79152,0,0,0,0,0,0,0.15894,0.00135,4e-05,0,0,0,0,0,0,0,0,0,0,0,0,0,0,0.57426,0.1075,0,0,0.45393,0.05632,0.37881,0.42759,0.92201,0.83788,0.89728,0.6178,1.04332,0.51991,0.84226,0,0,0,0,0,0,0,0,0,0,0,0,0,0,0,0,0,0,0,0,0,0,0,0,0,0,0,0,0,0,0,0.6178,0.000123815,4.12717e-05,0.000123815,4.12717e-05,0.000123815,4.12717e-05,0.000123815,4.12717e-05
711,76436.6,0.60125,0.30329,0.79061,0,0,0,0,0,0,0.15822,0.00135,4e-05,3e-05,0,0,0,0,0,0,0,0,0,0,0,0,0,0.56979,0.10739,0,0,0.45387,0.05634,0.37787,0.42749,0.92146,0.8375,0.89692,0.6176,1.04357,0.51982,0.84234,0,0,0,0,0,0,0,0,0,0,0,0,0,0,0,0,0,0,0,0,0,0,0,0,0,0,0,0,0,0,0,0.6176,0.000121786,4.05953e-05,0.000121786,4.05953e-05,0.000121786,4.05953e-05,0.000121786,4.05953e-05
712,76538.3,0.60483,0.30258,0.7901,0,0,0,0,0,0,0.16125,0.00136,4e-05,0,0,0,0,0,0,0,0,0,0,0,0,0,0,0.56756,0.1073,0,0,0.45395,0.0563,0.37853,0.42758,0.92107,0.83794,0.89705,0.61756,1.0436,0.51948,0.84235,0,0,0,0,0,0,0,0,0,0,0,0,0,0,0,0,0,0,0,0,0,0,0,0,0,0,0,0,0,0,0,0.61756,0.000119778,3.99261e-05,0.000119778,3.99261e-05,0.000119778,3.99261e-05,0.000119778,3.99261e-05
713,76637.9,0.60265,0.30283,0.79135,0,0,0,0,0,0,0.15901,0.00135,4e-05,0,0,0,0,0,0,0,0,0,0,0,0,0,0,0.57296,0.10723,0,0,0.45377,0.05638,0.37811,0.42737,0.92177,0.83832,0.8968,0.61757,1.04342,0.51968,0.84229,0,0,0,0,0,0,0,0,0,0,0,0,0,0,0,0,0,0,0,0,0,0,0,0,0,0,0,0,0,0,0,0.61757,0.000117792,3.9264e-05,0.000117792,3.9264e-05,0.000117792,3.9264e-05,0.000117792,3.9264e-05
714,76738.4,0.5992,0.30215,0.79011,0,0,0,0,0,0,0.15918,0.00135,4e-05,0,0,0,0,0,0,0,0,0,0,0,0,0,0,0.56515,0.10702,0,0,0.45386,0.05634,0.37827,0.42736,0.92117,0.83695,0.89624,0.61717,1.0434,0.51954,0.84227,0,0,0,0,0,0,0,0,0,0,0,0,0,0,0,0,0,0,0,0,0,0,0,0,0,0,0,0,0,0,0,0.61717,0.000115827,3.86092e-05,0.000115827,3.86092e-05,0.000115827,3.86092e-05,0.000115827,3.86092e-05
715,76838.2,0.60581,0.30308,0.79179,0,0,0,0,0,0,0.1582,0.00134,4e-05,0,0,0,0,0,0,0,0,0,0,0,0,0,0,0.5666,0.1071,0,0,0.45387,0.05631,0.37834,0.4275,0.9215,0.83757,0.89639,0.6175,1.04299,0.52006,0.84224,0,0,0,0,0,0,0,0,0,0,0,0,0,0,0,0,0,0,0,0,0,0,0,0,0,0,0,0,0,0,0,0.6175,0.000113884,3.79615e-05,0.000113884,3.79615e-05,0.000113884,3.79615e-05,0.000113884,3.79615e-05
716,76938.7,0.60272,0.30252,0.79272,0,0,0,0,0,0,0.16103,0.00135,4e-05,0,0,0,0,0,0,0,0,0,0,0,0,0,0,0.57102,0.10722,0,0,0.45387,0.05639,0.37864,0.42749,0.92216,0.83775,0.89681,0.61754,1.04275,0.51969,0.84223,0,0,0,0,0,0,0,0,0,0,0,0,0,0,0,0,0,0,0,0,0,0,0,0,0,0,0,0,0,0,0,0.61754,0.000111963,3.7321e-05,0.000111963,3.7321e-05,0.000111963,3.7321e-05,0.000111963,3.7321e-05
717,77041.4,0.60447,0.30357,0.78892,0,0,0,0,0,0,0.1585,0.00135,4e-05,0,0,0,0,0,0,0,0,0,0,0,0,0,0,0.56943,0.10725,0,0,0.45381,0.05634,0.37854,0.42741,0.92202,0.83828,0.89777,0.61794,1.04292,0.51958,0.84223,0,0,0,0,0,0,0,0,0,0,0,0,0,0,0,0,0,0,0,0,0,0,0,0,0,0,0,0,0,0,0,0.61794,0.000110063,3.66877e-05,0.000110063,3.66877e-05,0.000110063,3.66877e-05,0.000110063,3.66877e-05
718,77144.4,0.60228,0.30268,0.78871,0,0,0,0,0,0,0.15871,0.00134,4e-05,0,0,0,0,0,0,0,0,0,0,0,0,0,0,0.56948,0.10714,0,0,0.45385,0.05635,0.37801,0.42747,0.92255,0.83791,0.89753,0.61785,1.04298,0.51946,0.84226,0,0,0,0,0,0,0,0,0,0,0,0,0,0,0,0,0,0,0,0,0,0,0,0,0,0,0,0,0,0,0,0.61785,0.000108185,3.60617e-05,0.000108185,3.60617e-05,0.000108185,3.60617e-05,0.000108185,3.60617e-05
719,77247.3,0.59963,0.3019,0.79101,0,0,0,0,0,0,0.16038,0.00136,4e-05,0,0,0,0,0,0,0,0,0,0,0,0,0,0,0.56851,0.10758,0,0,0.45389,0.0564,0.37851,0.42748,0.92242,0.83793,0.89729,0.61766,1.04334,0.51934,0.84227,0,0,0,0,0,0,0,0,0,0,0,0,0,0,0,0,0,0,0,0,0,0,0,0,0,0,0,0,0,0,0,0.61766,0.000106329,3.54429e-05,0.000106329,3.54429e-05,0.000106329,3.54429e-05,0.000106329,3.54429e-05
720,77347.3,0.60277,0.30351,0.7912,0,0,0,0,0,0,0.15855,0.00135,4e-05,0,0,0,0,0,0,0,0,0,0,0,0,0,0,0.57132,0.10723,0,0,0.45385,0.05638,0.37798,0.42744,0.92234,0.83676,0.89676,0.61756,1.04345,0.51948,0.84236,0,0,0,0,0,0,0,0,0,0,0,0,0,0,0,0,0,0,0,0,0,0,0,0,0,0,0,0,0,0,0,0.61756,0.000104494,3.48313e-05,0.000104494,3.48313e-05,0.000104494,3.48313e-05,0.000104494,3.48313e-05
721,77449.4,0.59779,0.30197,0.79177,0,0,0,0,0,0,0.15899,0.00135,4e-05,0,0,0,0,0,0,0,0,0,0,0,0,0,0,0.56882,0.10728,0,0,0.45391,0.05636,0.37848,0.42759,0.92218,0.83715,0.89723,0.61798,1.04327,0.51885,0.84233,0,0,0,0,0,0,0,0,0,0,0,0,0,0,0,0,0,0,0,0,0,0,0,0,0,0,0,0,0,0,0,0.61798,0.000102681,3.4227e-05,0.000102681,3.4227e-05,0.000102681,3.4227e-05,0.000102681,3.4227e-05
722,77551.6,0.59717,0.3032,0.79006,0,0,0,0,0,0,0.16014,0.00135,4e-05,0,0,0,0,0,0,0,0,0,0,0,0,0,0,0.57211,0.10712,0,0,0.45381,0.0564,0.37801,0.42738,0.9234,0.83655,0.89651,0.61754,1.04353,0.51929,0.84236,0,0,0,0,0,0,0,0,0,0,0,0,0,0,0,0,0,0,0,0,0,0,0,0,0,0,0,0,0,0,0,0.61754,0.00010089,3.363e-05,0.00010089,3.363e-05,0.00010089,3.363e-05,0.00010089,3.363e-05
723,77652.7,0.59872,0.30151,0.79019,0,0,0,0,0,0,0.15663,0.00135,4e-05,0,0,0,0,0,0,0,0,0,0,0,0,0,0,0.57202,0.10725,0,0,0.4538,0.05642,0.37805,0.42747,0.92426,0.83699,0.89771,0.61742,1.04357,0.51926,0.84236,0,0,0,0,0,0,0,0,0,0,0,0,0,0,0,0,0,0,0,0,0,0,0,0,0,0,0,0,0,0,0,0.61742,9.91206e-05,3.30402e-05,9.91206e-05,3.30402e-05,9.91206e-05,3.30402e-05,9.91206e-05,3.30402e-05
724,77750.7,0.60172,0.30321,0.79049,0,0,0,0,0,0,0.16147,0.00135,4e-05,0,0,0,0,0,0,0,0,0,0,0,0,0,0,0.56558,0.10711,0,0,0.45382,0.05635,0.37841,0.42734,0.92454,0.83727,0.89819,0.61765,1.04319,0.51909,0.84234,0,0,0,0,0,0,0,0,0,0,0,0,0,0,0,0,0,0,0,0,0,0,0,0,0,0,0,0,0,0,0,0.61765,9.7373e-05,3.24577e-05,9.7373e-05,3.24577e-05,9.7373e-05,3.24577e-05,9.7373e-05,3.24577e-05
725,77852,0.59781,0.30167,0.79031,0,0,0,0,0,0,0.15815,0.00135,4e-05,0,0,0,0,0,0,0,0,0,0,0,0,0,0,0.56665,0.10697,0,0,0.45386,0.05633,0.37809,0.42738,0.92523,0.83707,0.89803,0.61767,1.04302,0.51895,0.8423,0,0,0,0,0,0,0,0,0,0,0,0,0,0,0,0,0,0,0,0,0,0,0,0,0,0,0,0,0,0,0,0.61767,9.56474e-05,3.18825e-05,9.56474e-05,3.18825e-05,9.56474e-05,3.18825e-05,9.56474e-05,3.18825e-05
726,77953.6,0.60053,0.30134,0.78968,0,0,0,0,0,0,0.15913,0.00135,4e-05,0,0,0,0,0,0,0,0,0,0,0,0,0,0,0.56431,0.10724,0,0,0.45386,0.0563,0.37804,0.42748,0.92408,0.83679,0.89752,0.61792,1.04295,0.51885,0.84229,0,0,0,0,0,0,0,0,0,0,0,0,0,0,0,0,0,0,0,0,0,0,0,0,0,0,0,0,0,0,0,0.61792,9.39436e-05,3.13145e-05,9.39436e-05,3.13145e-05,9.39436e-05,3.13145e-05,9.39436e-05,3.13145e-05
727,78054.1,0.59747,0.30124,0.79084,0,0,0,0,0,0,0.15887,0.00134,4e-05,0,0,0,0,0,0,0,0,0,0,0,0,0,0,0.56312,0.10705,0,0,0.4538,0.05637,0.37818,0.42738,0.92391,0.83677,0.89735,0.61777,1.04292,0.51892,0.84233,0,0,0,0,0,0,0,0,0,0,0,0,0,0,0,0,0,0,0,0,0,0,0,0,0,0,0,0,0,0,0,0.61777,9.22617e-05,3.07539e-05,9.22617e-05,3.07539e-05,9.22617e-05,3.07539e-05,9.22617e-05,3.07539e-05
728,78152.9,0.60221,0.30299,0.79066,0,0,0,0,0,0,0.15956,0.00135,4e-05,0,0,0,0,0,0,0,0,0,0,0,0,0,0,0.56161,0.10699,0,0,0.45387,0.05636,0.37866,0.42752,0.92255,0.83723,0.89779,0.61792,1.04279,0.51861,0.84234,0,0,0,0,0,0,0,0,0,0,0,0,0,0,0,0,0,0,0,0,0,0,0,0,0,0,0,0,0,0,0,0.61792,9.06018e-05,3.02006e-05,9.06018e-05,3.02006e-05,9.06018e-05,3.02006e-05,9.06018e-05,3.02006e-05
729,78255.8,0.60304,0.30308,0.79038,0,0,0,0,0,0,0.15726,0.00134,4e-05,0,0,0,0,0,0,0,0,0,0,0,0,0,0,0.56383,0.107,0,0,0.45376,0.05638,0.37805,0.42736,0.92417,0.83723,0.89793,0.61797,1.04269,0.51865,0.84231,0,0,0,0,0,0,0,0,0,0,0,0,0,0,0,0,0,0,0,0,0,0,0,0,0,0,0,0,0,0,0,0.61797,8.89639e-05,2.96546e-05,8.89639e-05,2.96546e-05,8.89639e-05,2.96546e-05,8.89639e-05,2.96546e-05
730,78358,0.59831,0.30173,0.78926,0,0,0,0,0,0,0.1575,0.00134,4e-05,0,0,0,0,0,0,0,0,0,0,0,0,0,0,0.5666,0.10686,0,0,0.4538,0.0564,0.37809,0.4275,0.92436,0.83657,0.89754,0.61794,1.04253,0.51883,0.84231,0,0,0,0,0,0,0,0,0,0,0,0,0,0,0,0,0,0,0,0,0,0,0,0,0,0,0,0,0,0,0,0.61794,8.73479e-05,2.9116e-05,8.73479e-05,2.9116e-05,8.73479e-05,2.9116e-05,8.73479e-05,2.9116e-05
731,78459.2,0.59965,0.30102,0.79008,0,0,0,0,0,0,0.15883,0.00134,4e-05,0,0,0,0,0,0,0,0,0,0,0,0,0,0,0.56334,0.10687,0,0,0.45374,0.05637,0.37812,0.42734,0.92468,0.83715,0.8981,0.61793,1.0425,0.51858,0.84233,0,0,0,0,0,0,0,0,0,0,0,0,0,0,0,0,0,0,0,0,0,0,0,0,0,0,0,0,0,0,0,0.61793,8.5754e-05,2.85847e-05,8.5754e-05,2.85847e-05,8.5754e-05,2.85847e-05,8.5754e-05,2.85847e-05
732,78558.4,0.60326,0.30396,0.78945,0,0,0,0,0,0,0.15672,0.00134,4e-05,0,0,0,0,0,0,0,0,0,0,0,0,0,0,0.56358,0.10688,0,0,0.45382,0.05634,0.3781,0.4274,0.92371,0.83726,0.89806,0.61804,1.04266,0.51881,0.84226,0,0,0,0,0,0,0,0,0,0,0,0,0,0,0,0,0,0,0,0,0,0,0,0,0,0,0,0,0,0,0,0.61804,8.41821e-05,2.80607e-05,8.41821e-05,2.80607e-05,8.41821e-05,2.80607e-05,8.41821e-05,2.80607e-05
733,78657.4,0.5985,0.30234,0.79155,0,0,0,0,0,0,0.1579,0.00135,4e-05,0,0,0,0,0,0,0,0,0,0,0,0,0,0,0.56452,0.10685,0,0,0.45395,0.05631,0.37858,0.42754,0.91717,0.84208,0.89792,0.61787,1.04302,0.51884,0.84227,0,0,0,0,0,0,0,0,0,0,0,0,0,0,0,0,0,0,0,0,0,0,0,0,0,0,0,0,0,0,0,0.61787,8.26322e-05,2.75441e-05,8.26322e-05,2.75441e-05,8.26322e-05,2.75441e-05,8.26322e-05,2.75441e-05
734,78756,0.60062,0.30179,0.79156,0,0,0,0,0,0,0.15899,0.00134,4e-05,0,0,0,0,0,0,0,0,0,0,0,0,0,0,0.56592,0.10679,0,0,0.45381,0.0564,0.37794,0.42746,0.92425,0.83687,0.89796,0.61772,1.04334,0.51898,0.84233,0,0,0,0,0,0,0,0,0,0,0,0,0,0,0,0,0,0,0,0,0,0,0,0,0,0,0,0,0,0,0,0.61772,8.11045e-05,2.70348e-05,8.11045e-05,2.70348e-05,8.11045e-05,2.70348e-05,8.11045e-05,2.70348e-05
735,78851.8,0.59659,0.30052,0.79158,0,0,0,0,0,0,0.16033,0.00134,4e-05,0,0,0,0,0,0,0,0,0,0,0,0,0,0,0.5655,0.10668,0,0,0.45389,0.05629,0.37888,0.42744,0.92307,0.83762,0.89763,0.61793,1.04334,0.51885,0.84235,0,0,0,0,0,0,0,0,0,0,0,0,0,0,0,0,0,0,0,0,0,0,0,0,0,0,0,0,0,0,0,0.61793,7.95988e-05,2.65329e-05,7.95988e-05,2.65329e-05,7.95988e-05,2.65329e-05,7.95988e-05,2.65329e-05
736,78950.7,0.60081,0.3022,0.78974,0,0,0,0,0,0,0.15713,0.00135,4e-05,0,0,0,0,0,0,0,0,0,0,0,0,0,0,0.56866,0.10691,0,0,0.45384,0.05638,0.37771,0.42751,0.91708,0.84259,0.89744,0.61786,1.04331,0.51871,0.84234,0,0,0,0,0,0,0,0,0,0,0,0,0,0,0,0,0,0,0,0,0,0,0,0,0,0,0,0,0,0,0,0.61786,7.81153e-05,2.60384e-05,7.81153e-05,2.60384e-05,7.81153e-05,2.60384e-05,7.81153e-05,2.60384e-05
737,79047.8,0.59789,0.30146,0.78934,0,0,0,0,0,0,0.15904,0.00134,4e-05,0,0,0,0,0,0,0,0,0,0,0,0,0,0,0.56479,0.10686,0,0,0.4538,0.05631,0.37817,0.42737,0.91699,0.84228,0.89731,0.61776,1.04308,0.5188,0.84236,0,0,0,0,0,0,0,0,0,0,0,0,0,0,0,0,0,0,0,0,0,0,0,0,0,0,0,0,0,0,0,0.61776,7.6654e-05,2.55513e-05,7.6654e-05,2.55513e-05,7.6654e-05,2.55513e-05,7.6654e-05,2.55513e-05
738,79145.3,0.59964,0.30106,0.79084,0,0,0,0,0,0,0.15956,0.00134,4e-05,0,0,0,0,0,0,0,0,0,0,0,0,0,0,0.55796,0.10681,0,0,0.45393,0.05639,0.37826,0.42755,0.91669,0.84209,0.89673,0.61774,1.0431,0.51905,0.84238,0,0,0,0,0,0,0,0,0,0,0,0,0,0,0,0,0,0,0,0,0,0,0,0,0,0,0,0,0,0,0,0.61774,7.52148e-05,2.50716e-05,7.52148e-05,2.50716e-05,7.52148e-05,2.50716e-05,7.52148e-05,2.50716e-05
739,79244.4,0.59419,0.30013,0.78891,0,0,0,0,0,0,0.15671,0.00134,4e-05,0,0,0,0,0,0,0,0,0,0,0,0,0,0,0.56697,0.10682,0,0,0.45382,0.05638,0.37779,0.42736,0.92314,0.83615,0.89663,0.61753,1.043,0.51872,0.84239,0,0,0,0,0,0,0,0,0,0,0,0,0,0,0,0,0,0,0,0,0,0,0,0,0,0,0,0,0,0,0,0.61753,7.37979e-05,2.45993e-05,7.37979e-05,2.45993e-05,7.37979e-05,2.45993e-05,7.37979e-05,2.45993e-05
740,79341.3,0.60179,0.30088,0.79047,0,0,0,0,0,0,0.15711,0.00134,4e-05,1e-05,0,0,0,0,0,0,0,0,0,0,0,0,0,0.56279,0.10683,0,0,0.45377,0.05635,0.37854,0.42738,0.91668,0.84198,0.89688,0.61771,1.04285,0.51842,0.84237,0,0,0,0,0,0,0,0,0,0,0,0,0,0,0,0,0,0,0,0,0,0,0,0,0,0,0,0,0,0,0,0.61771,7.24032e-05,2.41344e-05,7.24032e-05,2.41344e-05,7.24032e-05,2.41344e-05,7.24032e-05,2.41344e-05
741,79437.7,0.59561,0.29964,0.79022,0,0,0,0,0,0,0.15825,0.00135,4e-05,0,0,0,0,0,0,0,0,0,0,0,0,0,0,0.56168,0.10686,0,0,0.45394,0.05634,0.37852,0.42761,0.91668,0.84258,0.89687,0.61763,1.04303,0.51867,0.84239,0,0,0,0,0,0,0,0,0,0,0,0,0,0,0,0,0,0,0,0,0,0,0,0,0,0,0,0,0,0,0,0.61763,7.10307e-05,2.36769e-05,7.10307e-05,2.36769e-05,7.10307e-05,2.36769e-05,7.10307e-05,2.36769e-05
742,79535.3,0.6018,0.30277,0.78861,0,0,0,0,0,0,0.15902,0.00134,4e-05,0,0,0,0,0,0,0,0,0,0,0,0,0,0,0.56685,0.10686,0,0,0.4538,0.05638,0.37825,0.4274,0.92392,0.8367,0.8972,0.61762,1.0429,0.51863,0.84235,0,0,0,0,0,0,0,0,0,0,0,0,0,0,0,0,0,0,0,0,0,0,0,0,0,0,0,0,0,0,0,0.61762,6.96804e-05,2.32268e-05,6.96804e-05,2.32268e-05,6.96804e-05,2.32268e-05,6.96804e-05,2.32268e-05
743,79632.5,0.60049,0.30079,0.7914,0,0,0,0,0,0,0.15739,0.00134,4e-05,0,0,0,0,0,0,0,0,0,0,0,0,0,0,0.563,0.10693,0,0,0.45379,0.05636,0.37889,0.42739,0.91606,0.8423,0.89718,0.61764,1.04306,0.51874,0.84236,0,0,0,0,0,0,0,0,0,0,0,0,0,0,0,0,0,0,0,0,0,0,0,0,0,0,0,0,0,0,0,0.61764,6.83525e-05,2.27842e-05,6.83525e-05,2.27842e-05,6.83525e-05,2.27842e-05,6.83525e-05,2.27842e-05
744,79730.2,0.59913,0.30123,0.78947,0,0,0,0,0,0,0.15884,0.00134,4e-05,0,0,0,0,0,0,0,0,0,0,0,0,0,0,0.56552,0.10665,0,0,0.45386,0.05639,0.37791,0.4275,0.9243,0.83593,0.89705,0.6176,1.04305,0.51867,0.84238,0,0,0,0,0,0,0,0,0,0,0,0,0,0,0,0,0,0,0,0,0,0,0,0,0,0,0,0,0,0,0,0.6176,6.70469e-05,2.2349e-05,6.70469e-05,2.2349e-05,6.70469e-05,2.2349e-05,6.70469e-05,2.2349e-05
745,79826.4,0.59754,0.3008,0.79079,0,0,0,0,0,0,0.15901,0.00135,4e-05,0,0,0,0,0,0,0,0,0,0,0,0,0,0,0.56347,0.10655,0,0,0.45385,0.05638,0.37782,0.42746,0.92423,0.83678,0.8975,0.61748,1.04295,0.51869,0.84233,0,0,0,0,0,0,0,0,0,0,0,0,0,0,0,0,0,0,0,0,0,0,0,0,0,0,0,0,0,0,0,0.61748,6.57636e-05,2.19212e-05,6.57636e-05,2.19212e-05,6.57636e-05,2.19212e-05,6.57636e-05,2.19212e-05
746,79923.6,0.59161,0.29989,0.78933,0,0,0,0,0,0,0.15838,0.00135,4e-05,0,0,0,0,0,0,0,0,0,0,0,0,0,0,0.56469,0.10671,0,0,0.45388,0.05633,0.37782,0.42741,0.92432,0.83649,0.89725,0.61758,1.04308,0.5187,0.84236,0,0,0,0,0,0,0,0,0,0,0,0,0,0,0,0,0,0,0,0,0,0,0,0,0,0,0,0,0,0,0,0.61758,6.45027e-05,2.15009e-05,6.45027e-05,2.15009e-05,6.45027e-05,2.15009e-05,6.45027e-05,2.15009e-05
747,80021.1,0.59511,0.29887,0.79076,0,0,0,0,0,0,0.15747,0.00134,4e-05,0,0,0,0,0,0,0,0,0,0,0,0,0,0,0.56849,0.10675,0,0,0.45375,0.05641,0.37824,0.42739,0.9241,0.83636,0.89711,0.61766,1.0428,0.51857,0.84234,0,0,0,0,0,0,0,0,0,0,0,0,0,0,0,0,0,0,0,0,0,0,0,0,0,0,0,0,0,0,0,0.61766,6.32641e-05,2.1088e-05,6.32641e-05,2.1088e-05,6.32641e-05,2.1088e-05,6.32641e-05,2.1088e-05
748,80117.2,0.59104,0.29834,0.79062,0,0,0,0,0,0,0.1576,0.00134,4e-05,0,0,0,0,0,0,0,0,0,0,0,0,0,0,0.56231,0.10661,0,0,0.4538,0.05642,0.37809,0.42734,0.92463,0.83669,0.89724,0.61785,1.04309,0.51882,0.84237,0,0,0,0,0,0,0,0,0,0,0,0,0,0,0,0,0,0,0,0,0,0,0,0,0,0,0,0,0,0,0,0.61785,6.20479e-05,2.06826e-05,6.20479e-05,2.06826e-05,6.20479e-05,2.06826e-05,6.20479e-05,2.06826e-05
749,80212.5,0.59313,0.29899,0.79068,0,0,0,0,0,0,0.15829,0.00134,4e-05,0,0,0,0,0,0,0,0,0,0,0,0,0,0,0.56647,0.10664,0,0,0.45387,0.05633,0.37817,0.42741,0.92568,0.83577,0.89708,0.61769,1.04349,0.51884,0.84243,0,0,0,0,0,0,0,0,0,0,0,0,0,0,0,0,0,0,0,0,0,0,0,0,0,0,0,0,0,0,0,0.61769,6.08541e-05,2.02847e-05,6.08541e-05,2.02847e-05,6.08541e-05,2.02847e-05,6.08541e-05,2.02847e-05
750,80309.6,0.59712,0.30099,0.78986,0,0,0,0,0,0,0.16096,0.00134,4e-05,0,0,0,0,0,0,0,0,0,0,0,0,0,0,0.55753,0.10654,0,0,0.45378,0.05639,0.37815,0.42738,0.92502,0.83607,0.89708,0.6178,1.04363,0.51872,0.84241,0,0,0,0,0,0,0,0,0,0,0,0,0,0,0,0,0,0,0,0,0,0,0,0,0,0,0,0,0,0,0,0.6178,5.96828e-05,1.98943e-05,5.96828e-05,1.98943e-05,5.96828e-05,1.98943e-05,5.96828e-05,1.98943e-05
751,80405.9,0.59981,0.30187,0.79069,0,0,0,0,0,0,0.15977,0.00134,4e-05,0,0,0,0,0,0,0,0,0,0,0,0,0,0,0.56281,0.10659,0,0,0.45388,0.05632,0.37884,0.42752,0.92301,0.83714,0.89655,0.61779,1.04335,0.51879,0.84236,0,0,0,0,0,0,0,0,0,0,0,0,0,0,0,0,0,0,0,0,0,0,0,0,0,0,0,0,0,0,0,0.61779,5.85339e-05,1.95113e-05,5.85339e-05,1.95113e-05,5.85339e-05,1.95113e-05,5.85339e-05,1.95113e-05
752,80504.1,0.59847,0.30205,0.78958,0,0,0,0,0,0,0.15771,0.00135,4e-05,0,0,0,0,0,0,0,0,0,0,0,0,0,0,0.56706,0.10665,0,0,0.45386,0.0563,0.3782,0.42738,0.91726,0.84075,0.89714,0.61784,1.04391,0.51874,0.84238,0,0,0,0,0,0,0,0,0,0,0,0,0,0,0,0,0,0,0,0,0,0,0,0,0,0,0,0,0,0,0,0.61784,5.74074e-05,1.91358e-05,5.74074e-05,1.91358e-05,5.74074e-05,1.91358e-05,5.74074e-05,1.91358e-05
753,80600,0.59555,0.2996,0.79108,0,0,0,0,0,0,0.15983,0.00135,4e-05,5e-05,0,0,0,0,0,0,0,0,0,0,0,0,0,0.56432,0.10666,0,0,0.45384,0.05641,0.37845,0.42747,0.91737,0.84062,0.8969,0.6177,1.04366,0.5185,0.84238,0,0,0,0,0,0,0,0,0,0,0,0,0,0,0,0,0,0,0,0,0,0,0,0,0,0,0,0,0,0,0,0.6177,5.63034e-05,1.87678e-05,5.63034e-05,1.87678e-05,5.63034e-05,1.87678e-05,5.63034e-05,1.87678e-05
754,80696.9,0.59473,0.30055,0.79039,0,0,0,0,0,0,0.15841,0.00135,4e-05,1e-05,0,0,0,0,0,0,0,0,0,0,0,0,0,0.56372,0.10642,0,0,0.45389,0.05636,0.37897,0.42747,0.91724,0.84112,0.89696,0.61774,1.04335,0.5187,0.84243,0,0,0,0,0,0,0,0,0,0,0,0,0,0,0,0,0,0,0,0,0,0,0,0,0,0,0,0,0,0,0,0.61774,5.5222e-05,1.84073e-05,5.5222e-05,1.84073e-05,5.5222e-05,1.84073e-05,5.5222e-05,1.84073e-05
755,80794.3,0.59787,0.29987,0.78838,0,0,0,0,0,0,0.15771,0.00134,5e-05,0,0,0,0,0,0,0,0,0,0,0,0,0,0,0.56659,0.10633,0,0,0.45383,0.0563,0.37838,0.42741,0.91685,0.84103,0.89679,0.61785,1.04337,0.51815,0.84239,0,0,0,0,0,0,0,0,0,0,0,0,0,0,0,0,0,0,0,0,0,0,0,0,0,0,0,0,0,0,0,0.61785,5.4163e-05,1.80543e-05,5.4163e-05,1.80543e-05,5.4163e-05,1.80543e-05,5.4163e-05,1.80543e-05
756,80890.7,0.59923,0.30074,0.79054,0,0,0,0,0,0,0.15993,0.00134,4e-05,0,0,0,0,0,0,0,0,0,0,0,0,0,0,0.56656,0.10632,0,0,0.4539,0.0563,0.37775,0.42745,0.9175,0.84075,0.89672,0.61784,1.04336,0.51817,0.84242,0,0,0,0,0,0,0,0,0,0,0,0,0,0,0,0,0,0,0,0,0,0,0,0,0,0,0,0,0,0,0,0.61784,5.31265e-05,1.77088e-05,5.31265e-05,1.77088e-05,5.31265e-05,1.77088e-05,5.31265e-05,1.77088e-05
757,80988.7,0.59399,0.30004,0.79173,0,0,0,0,0,0,0.15792,0.00134,4e-05,0,0,0,0,0,0,0,0,0,0,0,0,0,0,0.56736,0.10652,0,0,0.45383,0.05643,0.37807,0.42751,0.91659,0.8408,0.8967,0.61765,1.04325,0.51836,0.84246,0,0,0,0,0,0,0,0,0,0,0,0,0,0,0,0,0,0,0,0,0,0,0,0,0,0,0,0,0,0,0,0.61765,5.21127e-05,1.73709e-05,5.21127e-05,1.73709e-05,5.21127e-05,1.73709e-05,5.21127e-05,1.73709e-05
758,81085.5,0.60084,0.3008,0.79008,0,0,0,0,0,0,0.15677,0.00135,4e-05,0,0,0,0,0,0,0,0,0,0,0,0,0,0,0.56548,0.10659,0,0,0.45388,0.05637,0.37867,0.42751,0.91624,0.84075,0.89657,0.61767,1.04353,0.51805,0.84248,0,0,0,0,0,0,0,0,0,0,0,0,0,0,0,0,0,0,0,0,0,0,0,0,0,0,0,0,0,0,0,0.61767,5.11213e-05,1.70404e-05,5.11213e-05,1.70404e-05,5.11213e-05,1.70404e-05,5.11213e-05,1.70404e-05
759,81184.5,0.60385,0.30375,0.7899,0,0,0,0,0,0,0.15792,0.00134,4e-05,0,0,0,0,0,0,0,0,0,0,0,0,0,0,0.56968,0.10665,0,0,0.45382,0.05633,0.37773,0.42742,0.92299,0.8372,0.89649,0.61764,1.04357,0.5178,0.84247,0,0,0,0,0,0,0,0,0,0,0,0,0,0,0,0,0,0,0,0,0,0,0,0,0,0,0,0,0,0,0,0.61764,5.01526e-05,1.67175e-05,5.01526e-05,1.67175e-05,5.01526e-05,1.67175e-05,5.01526e-05,1.67175e-05
760,81280.8,0.59616,0.30036,0.79008,0,0,0,0,0,0,0.1587,0.00134,4e-05,0,0,0,0,0,0,0,0,0,0,0,0,0,0,0.56261,0.10655,0,0,0.45385,0.05638,0.37848,0.42741,0.91621,0.84177,0.89631,0.61771,1.04349,0.51785,0.84248,0,0,0,0,0,0,0,0,0,0,0,0,0,0,0,0,0,0,0,0,0,0,0,0,0,0,0,0,0,0,0,0.61771,4.92064e-05,1.64021e-05,4.92064e-05,1.64021e-05,4.92064e-05,1.64021e-05,4.92064e-05,1.64021e-05
761,81378.8,0.59983,0.30005,0.79126,0,0,0,0,0,0,0.15933,0.00134,4e-05,0,0,0,0,0,0,0,0,0,0,0,0,0,0,0.56531,0.10657,0,0,0.45385,0.05641,0.37843,0.42749,0.91669,0.84136,0.89677,0.61782,1.04389,0.51767,0.84252,0,0,0,0,0,0,0,0,0,0,0,0,0,0,0,0,0,0,0,0,0,0,0,0,0,0,0,0,0,0,0,0.61782,4.82828e-05,1.60943e-05,4.82828e-05,1.60943e-05,4.82828e-05,1.60943e-05,4.82828e-05,1.60943e-05
762,81473.9,0.59766,0.30118,0.79023,0,0,0,0,0,0,0.15898,0.00134,4e-05,0,0,0,0,0,0,0,0,0,0,0,0,0,0,0.56972,0.10647,0,0,0.45381,0.05641,0.37879,0.42747,0.92202,0.83831,0.89693,0.61798,1.0437,0.51766,0.84245,0,0,0,0,0,0,0,0,0,0,0,0,0,0,0,0,0,0,0,0,0,0,0,0,0,0,0,0,0,0,0,0.61798,4.73819e-05,1.5794e-05,4.73819e-05,1.5794e-05,4.73819e-05,1.5794e-05,4.73819e-05,1.5794e-05
763,81571.8,0.5932,0.2993,0.7927,0,0,0,0,0,0,0.159,0.00134,4e-05,0,0,0,0,0,0,0,0,0,0,0,0,0,0,0.5597,0.10646,0,0,0.45387,0.05637,0.37855,0.42745,0.91647,0.84162,0.89671,0.61772,1.04371,0.51766,0.84248,0,0,0,0,0,0,0,0,0,0,0,0,0,0,0,0,0,0,0,0,0,0,0,0,0,0,0,0,0,0,0,0.61772,4.65035e-05,1.55012e-05,4.65035e-05,1.55012e-05,4.65035e-05,1.55012e-05,4.65035e-05,1.55012e-05
764,81668.4,0.59303,0.29899,0.79179,0,0,0,0,0,0,0.1571,0.00134,4e-05,0,0,0,0,0,0,0,0,0,0,0,0,0,0,0.56431,0.10661,0,0,0.45376,0.05642,0.37826,0.42736,0.9222,0.83742,0.8965,0.6177,1.0436,0.51729,0.84248,0,0,0,0,0,0,0,0,0,0,0,0,0,0,0,0,0,0,0,0,0,0,0,0,0,0,0,0,0,0,0,0.6177,4.56479e-05,1.5216e-05,4.56479e-05,1.5216e-05,4.56479e-05,1.5216e-05,4.56479e-05,1.5216e-05
765,81765.4,0.59389,0.29892,0.79277,0,0,0,0,0,0,0.15913,0.00134,4e-05,0,0,0,0,0,0,0,0,0,0,0,0,0,0,0.5649,0.10648,0,0,0.45386,0.05633,0.37798,0.42743,0.92098,0.83874,0.89665,0.61777,1.04375,0.51731,0.84245,0,0,0,0,0,0,0,0,0,0,0,0,0,0,0,0,0,0,0,0,0,0,0,0,0,0,0,0,0,0,0,0.61777,4.48149e-05,1.49383e-05,4.48149e-05,1.49383e-05,4.48149e-05,1.49383e-05,4.48149e-05,1.49383e-05
766,81861.9,0.59625,0.30057,0.79055,0,0,0,0,0,0,0.159,0.00134,4e-05,0,0,0,0,0,0,0,0,0,0,0,0,0,0,0.56513,0.10627,0,0,0.45379,0.05637,0.37823,0.4274,0.92286,0.8371,0.89664,0.61777,1.04373,0.51719,0.84246,0,0,0,0,0,0,0,0,0,0,0,0,0,0,0,0,0,0,0,0,0,0,0,0,0,0,0,0,0,0,0,0.61777,4.40045e-05,1.46682e-05,4.40045e-05,1.46682e-05,4.40045e-05,1.46682e-05,4.40045e-05,1.46682e-05
767,81959.8,0.59529,0.30032,0.78885,0,0,0,0,0,0,0.15613,0.00134,4e-05,0,0,0,0,0,0,0,0,0,0,0,0,0,0,0.5623,0.10637,0,0,0.45382,0.05635,0.37801,0.42738,0.92086,0.83782,0.89621,0.61758,1.04369,0.51739,0.84247,0,0,0,0,0,0,0,0,0,0,0,0,0,0,0,0,0,0,0,0,0,0,0,0,0,0,0,0,0,0,0,0.61758,4.32169e-05,1.44056e-05,4.32169e-05,1.44056e-05,4.32169e-05,1.44056e-05,4.32169e-05,1.44056e-05
768,82057,0.59512,0.30168,0.79078,0,0,0,0,0,0,0.15956,0.00134,4e-05,0,0,0,0,0,0,0,0,0,0,0,0,0,0,0.56519,0.10633,0,0,0.45381,0.05637,0.37813,0.4274,0.92083,0.83805,0.8965,0.61759,1.0438,0.51734,0.84248,0,0,0,0,0,0,0,0,0,0,0,0,0,0,0,0,0,0,0,0,0,0,0,0,0,0,0,0,0,0,0,0.61759,4.24519e-05,1.41506e-05,4.24519e-05,1.41506e-05,4.24519e-05,1.41506e-05,4.24519e-05,1.41506e-05
769,82153.2,0.59313,0.30016,0.79117,0,0,0,0,0,0,0.15936,0.00135,4e-05,0,0,0,0,0,0,0,0,0,0,0,0,0,0,0.56342,0.10655,0,0,0.45384,0.05635,0.37874,0.42739,0.92185,0.83742,0.89595,0.61741,1.04353,0.51746,0.84245,0,0,0,0,0,0,0,0,0,0,0,0,0,0,0,0,0,0,0,0,0,0,0,0,0,0,0,0,0,0,0,0.61741,4.17097e-05,1.39032e-05,4.17097e-05,1.39032e-05,4.17097e-05,1.39032e-05,4.17097e-05,1.39032e-05
770,82251.5,0.59299,0.29976,0.78975,0,0,0,0,0,0,0.15832,0.00134,4e-05,0,0,0,0,0,0,0,0,0,0,0,0,0,0,0.56584,0.10639,0,0,0.45378,0.05634,0.37813,0.42741,0.91613,0.84042,0.896,0.61772,1.04332,0.51735,0.84242,0,0,0,0,0,0,0,0,0,0,0,0,0,0,0,0,0,0,0,0,0,0,0,0,0,0,0,0,0,0,0,0.61772,4.09901e-05,1.36634e-05,4.09901e-05,1.36634e-05,4.09901e-05,1.36634e-05,4.09901e-05,1.36634e-05
771,82347.7,0.59864,0.30113,0.79061,0,0,0,0,0,0,0.15838,0.00134,4e-05,2e-05,0,0,0,0,0,0,0,0,0,0,0,0,0,0.56165,0.10636,0,0,0.45389,0.05634,0.37882,0.42749,0.92171,0.83751,0.8961,0.61759,1.04343,0.51756,0.8424,0,0,0,0,0,0,0,0,0,0,0,0,0,0,0,0,0,0,0,0,0,0,0,0,0,0,0,0,0,0,0,0.61759,4.02933e-05,1.34311e-05,4.02933e-05,1.34311e-05,4.02933e-05,1.34311e-05,4.02933e-05,1.34311e-05
772,82446.9,0.5915,0.29923,0.79015,0,0,0,0,0,0,0.15831,0.00134,4e-05,0,0,0,0,0,0,0,0,0,0,0,0,0,0,0.56484,0.10626,0,0,0.45385,0.05634,0.37774,0.42741,0.9163,0.84074,0.89661,0.61768,1.0435,0.51756,0.84244,0,0,0,0,0,0,0,0,0,0,0,0,0,0,0,0,0,0,0,0,0,0,0,0,0,0,0,0,0,0,0,0.61768,3.96193e-05,1.32064e-05,3.96193e-05,1.32064e-05,3.96193e-05,1.32064e-05,3.96193e-05,1.32064e-05
773,82543.9,0.59395,0.2992,0.79006,0,0,0,0,0,0,0.15605,0.00133,4e-05,0,0,0,0,0,0,0,0,0,0,0,0,0,0,0.55897,0.10621,0,0,0.45374,0.05636,0.37849,0.42734,0.91612,0.84095,0.89644,0.6177,1.04352,0.5173,0.84243,0,0,0,0,0,0,0,0,0,0,0,0,0,0,0,0,0,0,0,0,0,0,0,0,0,0,0,0,0,0,0,0.6177,3.8968e-05,1.29893e-05,3.8968e-05,1.29893e-05,3.8968e-05,1.29893e-05,3.8968e-05,1.29893e-05
774,82640.1,0.59051,0.29839,0.79057,0,0,0,0,0,0,0.15731,0.00135,4e-05,2e-05,0,0,0,0,0,0,0,0,0,0,0,0,0,0.56311,0.10624,0,0,0.45386,0.05631,0.37852,0.42744,0.91555,0.84117,0.89662,0.61785,1.04355,0.51736,0.84243,0,0,0,0,0,0,0,0,0,0,0,0,0,0,0,0,0,0,0,0,0,0,0,0,0,0,0,0,0,0,0,0.61785,3.83394e-05,1.27798e-05,3.83394e-05,1.27798e-05,3.83394e-05,1.27798e-05,3.83394e-05,1.27798e-05
775,82736,0.59432,0.30033,0.78944,0,0,0,0,0,0,0.1563,0.00134,4e-05,0,0,0,0,0,0,0,0,0,0,0,0,0,0,0.56073,0.10621,0,0,0.45382,0.05635,0.37815,0.42738,0.91644,0.8408,0.89663,0.61785,1.04365,0.51733,0.84246,0,0,0,0,0,0,0,0,0,0,0,0,0,0,0,0,0,0,0,0,0,0,0,0,0,0,0,0,0,0,0,0.61785,3.77337e-05,1.25779e-05,3.77337e-05,1.25779e-05,3.77337e-05,1.25779e-05,3.77337e-05,1.25779e-05
776,82833.3,0.59206,0.29854,0.79242,0,0,0,0,0,0,0.15746,0.00135,4e-05,0,0,0,0,0,0,0,0,0,0,0,0,0,0,0.56,0.10624,0,0,0.45385,0.0563,0.37853,0.42745,0.91608,0.84127,0.89668,0.61788,1.04351,0.51709,0.84245,0,0,0,0,0,0,0,0,0,0,0,0,0,0,0,0,0,0,0,0,0,0,0,0,0,0,0,0,0,0,0,0.61788,3.71507e-05,1.23836e-05,3.71507e-05,1.23836e-05,3.71507e-05,1.23836e-05,3.71507e-05,1.23836e-05
777,82930.6,0.59404,0.29966,0.79086,0,0,0,0,0,0,0.15742,0.00134,4e-05,0,0,0,0,0,0,0,0,0,0,0,0,0,0,0.55803,0.10615,0,0,0.4538,0.05637,0.37855,0.42736,0.91612,0.84192,0.89686,0.61772,1.04367,0.51715,0.84248,0,0,0,0,0,0,0,0,0,0,0,0,0,0,0,0,0,0,0,0,0,0,0,0,0,0,0,0,0,0,0,0.61772,3.65905e-05,1.21968e-05,3.65905e-05,1.21968e-05,3.65905e-05,1.21968e-05,3.65905e-05,1.21968e-05
778,83025.6,0.59244,0.29798,0.79216,0,0,0,0,0,0,0.15583,0.00134,4e-05,0,0,0,0,0,0,0,0,0,0,0,0,0,0,0.55721,0.10626,0,0,0.45389,0.05632,0.37826,0.42745,0.91633,0.84158,0.897,0.61793,1.04378,0.51741,0.84251,0,0,0,0,0,0,0,0,0,0,0,0,0,0,0,0,0,0,0,0,0,0,0,0,0,0,0,0,0,0,0,0.61793,3.60531e-05,1.20177e-05,3.60531e-05,1.20177e-05,3.60531e-05,1.20177e-05,3.60531e-05,1.20177e-05
779,83125.3,0.60237,0.30189,0.79043,0,0,0,0,0,0,0.15931,0.00134,4e-05,2e-05,0,0,0,0,0,0,0,0,0,0,0,0,0,0.56376,0.10619,0,0,0.45372,0.05641,0.3783,0.42737,0.91531,0.84178,0.89629,0.61762,1.04394,0.51745,0.84254,0,0,0,0,0,0,0,0,0,0,0,0,0,0,0,0,0,0,0,0,0,0,0,0,0,0,0,0,0,0,0,0.61762,3.55385e-05,1.18462e-05,3.55385e-05,1.18462e-05,3.55385e-05,1.18462e-05,3.55385e-05,1.18462e-05
780,83221.7,0.59346,0.299,0.79024,0,0,0,0,0,0,0.15933,0.00135,4e-05,0,0,0,0,0,0,0,0,0,0,0,0,0,0,0.56298,0.10609,0,0,0.45382,0.05637,0.37788,0.42735,0.91506,0.84188,0.89656,0.61781,1.04365,0.51713,0.84248,0,0,0,0,0,0,0,0,0,0,0,0,0,0,0,0,0,0,0,0,0,0,0,0,0,0,0,0,0,0,0,0.61781,3.50467e-05,1.16822e-05,3.50467e-05,1.16822e-05,3.50467e-05,1.16822e-05,3.50467e-05,1.16822e-05
781,83320.2,0.59343,0.29912,0.78885,0,0,0,0,0,0,0.15791,0.00134,4e-05,0,0,0,0,0,0,0,0,0,0,0,0,0,0,0.56387,0.10603,0,0,0.45381,0.05642,0.37847,0.42747,0.91528,0.84164,0.89653,0.6178,1.04356,0.51747,0.84251,0,0,0,0,0,0,0,0,0,0,0,0,0,0,0,0,0,0,0,0,0,0,0,0,0,0,0,0,0,0,0,0.6178,3.45778e-05,1.15259e-05,3.45778e-05,1.15259e-05,3.45778e-05,1.15259e-05,3.45778e-05,1.15259e-05
782,83418.3,0.59665,0.30001,0.79104,0,0,0,0,0,0,0.15684,0.00134,4e-05,0,0,0,0,0,0,0,0,0,0,0,0,0,0,0.56562,0.10605,0,0,0.45374,0.05634,0.37837,0.42734,0.91604,0.84155,0.89639,0.61785,1.04358,0.5175,0.84253,0,0,0,0,0,0,0,0,0,0,0,0,0,0,0,0,0,0,0,0,0,0,0,0,0,0,0,0,0,0,0,0.61785,3.41316e-05,1.13772e-05,3.41316e-05,1.13772e-05,3.41316e-05,1.13772e-05,3.41316e-05,1.13772e-05
783,83514.5,0.59465,0.29937,0.79175,0,0,0,0,0,0,0.15667,0.00135,4e-05,0,0,0,0,0,0,0,0,0,0,0,0,0,0,0.5623,0.10617,0,0,0.45391,0.05634,0.37826,0.42748,0.91484,0.84199,0.89634,0.61782,1.04378,0.51756,0.84249,0,0,0,0,0,0,0,0,0,0,0,0,0,0,0,0,0,0,0,0,0,0,0,0,0,0,0,0,0,0,0,0.61782,3.37083e-05,1.12361e-05,3.37083e-05,1.12361e-05,3.37083e-05,1.12361e-05,3.37083e-05,1.12361e-05
784,83613,0.59413,0.29986,0.79068,0,0,0,0,0,0,0.15865,0.00134,4e-05,0,0,0,0,0,0,0,0,0,0,0,0,0,0,0.56246,0.10608,0,0,0.45388,0.05633,0.37914,0.42746,0.91491,0.84214,0.89635,0.61783,1.04386,0.51738,0.84246,0,0,0,0,0,0,0,0,0,0,0,0,0,0,0,0,0,0,0,0,0,0,0,0,0,0,0,0,0,0,0,0.61783,3.33079e-05,1.11026e-05,3.33079e-05,1.11026e-05,3.33079e-05,1.11026e-05,3.33079e-05,1.11026e-05
785,83710.7,0.58996,0.29905,0.78976,0,0,0,0,0,0,0.15737,0.00134,4e-05,0,0,0,0,0,0,0,0,0,0,0,0,0,0,0.56397,0.10602,0,0,0.45388,0.05633,0.37836,0.42748,0.91496,0.8422,0.89635,0.61789,1.04391,0.51719,0.84251,0,0,0,0,0,0,0,0,0,0,0,0,0,0,0,0,0,0,0,0,0,0,0,0,0,0,0,0,0,0,0,0.61789,3.29303e-05,1.09768e-05,3.29303e-05,1.09768e-05,3.29303e-05,1.09768e-05,3.29303e-05,1.09768e-05
786,83808.6,0.60035,0.30118,0.79041,0,0,0,0,0,0,0.15797,0.00134,4e-05,0,0,0,0,0,0,0,0,0,0,0,0,0,0,0.56463,0.1062,0,0,0.45388,0.0563,0.37846,0.42755,0.91643,0.84148,0.89658,0.6178,1.04378,0.51732,0.84248,0,0,0,0,0,0,0,0,0,0,0,0,0,0,0,0,0,0,0,0,0,0,0,0,0,0,0,0,0,0,0,0.6178,3.25756e-05,1.08585e-05,3.25756e-05,1.08585e-05,3.25756e-05,1.08585e-05,3.25756e-05,1.08585e-05
787,83906.1,0.59307,0.29957,0.79099,0,0,0,0,0,0,0.15745,0.00135,4e-05,0,0,0,0,0,0,0,0,0,0,0,0,0,0,0.5661,0.10627,0,0,0.45393,0.05637,0.37847,0.42749,0.9155,0.84189,0.89626,0.61782,1.04428,0.51735,0.84254,0,0,0,0,0,0,0,0,0,0,0,0,0,0,0,0,0,0,0,0,0,0,0,0,0,0,0,0,0,0,0,0.61782,3.22437e-05,1.07479e-05,3.22437e-05,1.07479e-05,3.22437e-05,1.07479e-05,3.22437e-05,1.07479e-05
788,84002.3,0.59192,0.29927,0.79115,0,0,0,0,0,0,0.15938,0.00135,4e-05,0,0,0,0,0,0,0,0,0,0,0,0,0,0,0.56184,0.10623,0,0,0.45388,0.05638,0.37802,0.42746,0.91468,0.84234,0.8967,0.61799,1.04418,0.51762,0.84249,0,0,0,0,0,0,0,0,0,0,0,0,0,0,0,0,0,0,0,0,0,0,0,0,0,0,0,0,0,0,0,0.61799,3.19347e-05,1.06449e-05,3.19347e-05,1.06449e-05,3.19347e-05,1.06449e-05,3.19347e-05,1.06449e-05
789,84098.1,0.59709,0.30198,0.79045,0,0,0,0,0,0,0.15653,0.00134,4e-05,0,0,0,0,0,0,0,0,0,0,0,0,0,0,0.56975,0.10624,0,0,0.45384,0.05634,0.37761,0.42746,0.91471,0.84246,0.89637,0.61796,1.0444,0.51748,0.84251,0,0,0,0,0,0,0,0,0,0,0,0,0,0,0,0,0,0,0,0,0,0,0,0,0,0,0,0,0,0,0,0.61796,3.16485e-05,1.05495e-05,3.16485e-05,1.05495e-05,3.16485e-05,1.05495e-05,3.16485e-05,1.05495e-05
790,84195.8,0.59447,0.29983,0.78942,0,0,0,0,0,0,0.15766,0.00134,4e-05,0,0,0,0,0,0,0,0,0,0,0,0,0,0,0.56196,0.10619,0,0,0.45377,0.05639,0.37828,0.42735,0.91421,0.84185,0.89636,0.61771,1.04464,0.51727,0.84253,0,0,0,0,0,0,0,0,0,0,0,0,0,0,0,0,0,0,0,0,0,0,0,0,0,0,0,0,0,0,0,0.61771,3.13853e-05,1.04618e-05,3.13853e-05,1.04618e-05,3.13853e-05,1.04618e-05,3.13853e-05,1.04618e-05
791,84292.7,0.60043,0.30107,0.79001,0,0,0,0,0,0,0.15785,0.00134,4e-05,0,0,0,0,0,0,0,0,0,0,0,0,0,0,0.56311,0.10612,0,0,0.45383,0.05633,0.37826,0.42745,0.91447,0.84199,0.89634,0.61762,1.04459,0.51738,0.8425,0,0,0,0,0,0,0,0,0,0,0,0,0,0,0,0,0,0,0,0,0,0,0,0,0,0,0,0,0,0,0,0.61762,3.11449e-05,1.03816e-05,3.11449e-05,1.03816e-05,3.11449e-05,1.03816e-05,3.11449e-05,1.03816e-05
792,84388.4,0.59447,0.29926,0.78881,0,0,0,0,0,0,0.15752,0.00134,4e-05,0,0,0,0,0,0,0,0,0,0,0,0,0,0,0.56064,0.10602,0,0,0.45374,0.05638,0.37869,0.42736,0.9144,0.84169,0.89617,0.6176,1.04486,0.5174,0.84254,0,0,0,0,0,0,0,0,0,0,0,0,0,0,0,0,0,0,0,0,0,0,0,0,0,0,0,0,0,0,0,0.6176,3.09274e-05,1.03091e-05,3.09274e-05,1.03091e-05,3.09274e-05,1.03091e-05,3.09274e-05,1.03091e-05
793,84485.1,0.59594,0.30034,0.79031,0,0,0,0,0,0,0.15958,0.00134,4e-05,0,0,0,0,0,0,0,0,0,0,0,0,0,0,0.56273,0.10602,0,0,0.4539,0.05631,0.37841,0.42748,0.9146,0.84191,0.8963,0.61731,1.045,0.51703,0.84254,0,0,0,0,0,0,0,0,0,0,0,0,0,0,0,0,0,0,0,0,0,0,0,0,0,0,0,0,0,0,0,0.61731,3.07328e-05,1.02443e-05,3.07328e-05,1.02443e-05,3.07328e-05,1.02443e-05,3.07328e-05,1.02443e-05
794,84581.6,0.59474,0.30024,0.78851,0,0,0,0,0,0,0.15749,0.00134,4e-05,0,0,0,0,0,0,0,0,0,0,0,0,0,0,0.56216,0.10608,0,0,0.45387,0.05632,0.37879,0.42746,0.9156,0.84229,0.89689,0.61766,1.04493,0.51733,0.84254,0,0,0,0,0,0,0,0,0,0,0,0,0,0,0,0,0,0,0,0,0,0,0,0,0,0,0,0,0,0,0,0.61766,3.0561e-05,1.0187e-05,3.0561e-05,1.0187e-05,3.0561e-05,1.0187e-05,3.0561e-05,1.0187e-05
795,84679.6,0.59563,0.29987,0.78913,0,0,0,0,0,0,0.16029,0.00134,5e-05,0,0,0,0,0,0,0,0,0,0,0,0,0,0,0.56584,0.10612,0,0,0.45393,0.0563,0.3785,0.42751,0.91516,0.84239,0.89675,0.61759,1.04478,0.51692,0.84251,0,0,0,0,0,0,0,0,0,0,0,0,0,0,0,0,0,0,0,0,0,0,0,0,0,0,0,0,0,0,0,0.61759,3.04122e-05,1.01374e-05,3.04122e-05,1.01374e-05,3.04122e-05,1.01374e-05,3.04122e-05,1.01374e-05
796,84775.1,0.59544,0.29936,0.78935,0,0,0,0,0,0,0.15799,0.00135,4e-05,0,0,0,0,0,0,0,0,0,0,0,0,0,0,0.55995,0.1061,0,0,0.45382,0.05639,0.37792,0.42741,0.91594,0.84175,0.89701,0.61769,1.04471,0.5165,0.84251,0,0,0,0,0,0,0,0,0,0,0,0,0,0,0,0,0,0,0,0,0,0,0,0,0,0,0,0,0,0,0,0.61769,3.02862e-05,1.00954e-05,3.02862e-05,1.00954e-05,3.02862e-05,1.00954e-05,3.02862e-05,1.00954e-05
797,84872,0.59352,0.3005,0.79202,0,0,0,0,0,0,0.15732,0.00134,4e-05,0,0,0,0,0,0,0,0,0,0,0,0,0,0,0.56353,0.10614,0,0,0.45391,0.05634,0.37855,0.42749,0.91478,0.84244,0.89682,0.61797,1.04442,0.51651,0.8425,0,0,0,0,0,0,0,0,0,0,0,0,0,0,0,0,0,0,0,0,0,0,0,0,0,0,0,0,0,0,0,0.61797,3.01832e-05,1.00611e-05,3.01832e-05,1.00611e-05,3.01832e-05,1.00611e-05,3.01832e-05,1.00611e-05
798,84968.9,0.5983,0.30161,0.79048,0,0,0,0,0,0,0.15658,0.00134,4e-05,0,0,0,0,0,0,0,0,0,0,0,0,0,0,0.56164,0.10608,0,0,0.45379,0.05637,0.37793,0.42742,0.91597,0.84143,0.89711,0.61781,1.04462,0.51661,0.84249,0,0,0,0,0,0,0,0,0,0,0,0,0,0,0,0,0,0,0,0,0,0,0,0,0,0,0,0,0,0,0,0.61781,3.01031e-05,1.00344e-05,3.01031e-05,1.00344e-05,3.01031e-05,1.00344e-05,3.01031e-05,1.00344e-05
799,85066.9,0.59429,0.30056,0.79116,0,0,0,0,0,0,0.15753,0.00136,4e-05,3e-05,0,0,0,0,0,0,0,0,0,0,0,0,0,0.56028,0.10613,0,0,0.45389,0.05636,0.37872,0.42748,0.91471,0.84292,0.89736,0.61784,1.04418,0.51631,0.84248,0,0,0,0,0,0,0,0,0,0,0,0,0,0,0,0,0,0,0,0,0,0,0,0,0,0,0,0,0,0,0,0.61784,3.00458e-05,1.00153e-05,3.00458e-05,1.00153e-05,3.00458e-05,1.00153e-05,3.00458e-05,1.00153e-05
800,85164.7,0.59177,0.29859,0.79027,0,0,0,0,0,0,0.15865,0.00134,4e-05,0,0,0,0,0,0,0,0,0,0,0,0,0,0,0.56248,0.10607,0,0,0.45382,0.05636,0.37848,0.42741,0.91589,0.84154,0.89676,0.61759,1.0444,0.51636,0.84249,0,0,0,0,0,0,0,0,0,0,0,0,0,0,0,0,0,0,0,0,0,0,0,0,0,0,0,0,0,0,0,0.61759,3.00115e-05,1.00038e-05,3.00115e-05,1.00038e-05,3.00115e-05,1.00038e-05,3.00115e-05,1.00038e-05
