epoch,time,train/box_loss,train/cls_loss,train/dfl_loss,train/angle_loss,train/t_rec_loss,train/t_sep_loss,train/reach_match_loss,train/reach_rank_loss,train/task_loss,train/kd_loss,train/s_rec_loss,train/s_sep_loss,train/r_aux_loss,train/u_aux_loss,train/mask_reg_loss,train/recon_task_loss,train/rs_comp_loss,train/r_obb_loss,train/s_repel_loss,train/path_b_loss,train/r_sar_loss,train/dkd_loss,train/proto_cls_loss,train/d_pos_mean,train/d_neg_mean,train/rank_gap_mean,train/r_aux_fg_mean,train/r_aux_bg_mean,train/u_aux_fg_mean,train/u_aux_bg_mean,train/mask_mean,train/mask_std,train/mask_fg_mean,train/mask_bg_mean,metrics/precision(B),metrics/recall(B),metrics/mAP50(B),metrics/mAP50-95(B),val/box_loss,val/cls_loss,val/dfl_loss,val/angle_loss,val/t_rec_loss,val/t_sep_loss,val/reach_match_loss,val/reach_rank_loss,val/task_loss,val/kd_loss,val/s_rec_loss,val/s_sep_loss,val/r_aux_loss,val/u_aux_loss,val/mask_reg_loss,val/recon_task_loss,val/rs_comp_loss,val/r_obb_loss,val/s_repel_loss,val/path_b_loss,val/r_sar_loss,val/dkd_loss,val/proto_cls_loss,val/d_pos_mean,val/d_neg_mean,val/rank_gap_mean,val/r_aux_fg_mean,val/r_aux_bg_mean,val/u_aux_fg_mean,val/u_aux_bg_mean,val/mask_mean,val/mask_std,val/mask_fg_mean,val/mask_bg_mean,phase_stop_fitness,lr/pg0,lr/pg1,lr/pg2,lr/pg3,lr/pg4,lr/pg5,lr/pg6,lr/pg7
1,225.343,2.07857,1.53555,1.11727,0,0,0,0,0,0,1.00982,0.04486,0.0044,0.00123,0,0,0,0,0,0,0,0,0,0,0,0,0,0.55531,0.25121,0,0,0.47898,0.05622,0.45825,0.47938,0.62058,0.57317,0.58694,0.34123,1.78676,1.02383,0.98807,0,0,0,0,0,0,0,0,0,0,0,0,0,0,0,0,0,0,0,0,0,0,0,0,0,0,0,0,0,0,0,0.34123,0.00995652,0.00331884,0.00995652,0.00331884,0.00995652,0.00331884,0.00995652,0.00331884
2,482.031,1.92255,1.1972,1.03396,0,0,0,0,0,0,0.18899,0.02901,0.00224,7e-05,0,0,0,0,0,0,0,0,0,0,0,0,0,0.53446,0.28301,0,0,0.47904,0.05625,0.45856,0.47945,0.59942,0.54979,0.55575,0.31306,1.88655,1.09437,1.01211,0,0,0,0,0,0,0,0,0,0,0,0,0,0,0,0,0,0,0,0,0,0,0,0,0,0,0,0,0,0,0,0.31306,0.0199564,0.00665215,0.0199564,0.00665215,0.0199564,0.00665215,0.0199564,0.00665215
3,736.946,2.01165,1.26986,1.05947,0,0,0,0,0,0,0.15735,0.01557,0.00101,2e-05,0,0,0,0,0,0,0,0,0,0,0,0,0,0.59317,0.29397,0,0,0.47895,0.05624,0.45807,0.47936,0.496,0.43113,0.40981,0.2013,2.19163,1.58733,1.12888,0,0,0,0,0,0,0,0,0,0,0,0,0,0,0,0,0,0,0,0,0,0,0,0,0,0,0,0,0,0,0,0.2013,0.0299561,0.00998535,0.0299561,0.00998535,0.0299561,0.00998535,0.0299561,0.00998535
4,969.776,2.17353,1.43962,1.1277,0,0,0,0,0,0,0.15548,0.00946,0.00076,1e-05,0,0,0,0,0,0,0,0,0,0,0,0,0,0.63334,0.27371,0,0,0.479,0.05619,0.45888,0.47937,0.49149,0.44474,0.41965,0.20271,2.16558,1.48852,1.13361,0,0,0,0,0,0,0,0,0,0,0,0,0,0,0,0,0,0,0,0,0,0,0,0,0,0,0,0,0,0,0,0.20271,0.029999,0.00999966,0.029999,0.00999966,0.029999,0.00999966,0.029999,0.00999966
5,1222.8,2.2201,1.47504,1.12882,0,0,0,0,0,0,0.15508,0.00741,0.00055,2e-05,0,0,0,0,0,0,0,0,0,0,0,0,0,0.61883,0.26621,0,0,0.479,0.05618,0.45888,0.47938,0.48639,0.43139,0.41403,0.1968,2.2879,1.62516,1.13852,0,0,0,0,0,0,0,0,0,0,0,0,0,0,0,0,0,0,0,0,0,0,0,0,0,0,0,0,0,0,0,0.1968,0.0299982,0.00999939,0.0299982,0.00999939,0.0299982,0.00999939,0.0299982,0.00999939
6,1482.9,2.20296,1.45821,1.13327,0,0,0,0,0,0,0.15317,0.00642,0.00046,0,0,0,0,0,0,0,0,0,0,0,0,0,0,0.61838,0.26916,0,0,0.47899,0.05617,0.45893,0.47937,0.52816,0.42455,0.42906,0.20221,2.22399,1.4288,1.1296,0,0,0,0,0,0,0,0,0,0,0,0,0,0,0,0,0,0,0,0,0,0,0,0,0,0,0,0,0,0,0,0.20221,0.0299971,0.00999905,0.0299971,0.00999905,0.0299971,0.00999905,0.0299971,0.00999905
7,1731.01,2.20063,1.45023,1.13341,0,0,0,0,0,0,0.14947,0.00589,0.00042,2e-05,0,0,0,0,0,0,0,0,0,0,0,0,0,0.7039,0.2768,0,0,0.47904,0.05622,0.45919,0.47941,0.5356,0.47243,0.45948,0.23327,2.15651,1.35859,1.10645,0,0,0,0,0,0,0,0,0,0,0,0,0,0,0,0,0,0,0,0,0,0,0,0,0,0,0,0,0,0,0,0.23327,0.0299959,0.00999863,0.0299959,0.00999863,0.0299959,0.00999863,0.0299959,0.00999863
8,1975.68,2.17495,1.43768,1.12279,0,0,0,0,0,0,0.14921,0.00543,0.00035,0,0,0,0,0,0,0,0,0,0,0,0,0,0,0.69215,0.27698,0,0,0.47895,0.0562,0.45847,0.47933,0.4458,0.40319,0.37888,0.18159,2.3875,1.56987,1.15575,0,0,0,0,0,0,0,0,0,0,0,0,0,0,0,0,0,0,0,0,0,0,0,0,0,0,0,0,0,0,0,0.18159,0.0299944,0.00999813,0.0299944,0.00999813,0.0299944,0.00999813,0.0299944,0.00999813
9,2213.09,2.16962,1.42918,1.11479,0,0,0,0,0,0,0.15014,0.00511,0.0003,0,0,0,0,0,0,0,0,0,0,0,0,0,0,0.70025,0.28038,0,0,0.47899,0.05621,0.4583,0.47938,0.53274,0.44127,0.45005,0.21861,2.23885,1.42309,1.11872,0,0,0,0,0,0,0,0,0,0,0,0,0,0,0,0,0,0,0,0,0,0,0,0,0,0,0,0,0,0,0,0.21861,0.0299927,0.00999756,0.0299927,0.00999756,0.0299927,0.00999756,0.0299927,0.00999756
10,2451.79,2.17302,1.42383,1.12141,0,0,0,0,0,0,0.1503,0.00484,0.00029,0,0,0,0,0,0,0,0,0,0,0,0,0,0,0.70162,0.28384,0,0,0.47903,0.0562,0.45917,0.47938,0.48837,0.45421,0.44351,0.20815,2.18385,1.34823,1.10392,0,0,0,0,0,0,0,0,0,0,0,0,0,0,0,0,0,0,0,0,0,0,0,0,0,0,0,0,0,0,0,0.20815,0.0299907,0.00999691,0.0299907,0.00999691,0.0299907,0.00999691,0.0299907,0.00999691
11,2723.88,2.15241,1.40046,1.11001,0,0,0,0,0,0,0.14554,0.00462,0.0003,0,0,0,0,0,0,0,0,0,0,0,0,0,0,0.69688,0.28866,0,0,0.47899,0.05624,0.45896,0.47937,0.49187,0.43703,0.42633,0.20349,2.31678,1.40237,1.14426,0,0,0,0,0,0,0,0,0,0,0,0,0,0,0,0,0,0,0,0,0,0,0,0,0,0,0,0,0,0,0,0.20349,0.0299886,0.00999618,0.0299886,0.00999618,0.0299886,0.00999618,0.0299886,0.00999618
12,2964.06,2.15275,1.40412,1.11639,0,0,0,0,0,0,0.1452,0.00449,0.00032,5e-05,0,0,0,0,0,0,0,0,0,0,0,0,0,0.70812,0.29436,0,0,0.47901,0.05621,0.45833,0.47939,0.51356,0.44944,0.44405,0.21014,2.22772,1.33288,1.1161,0,0,0,0,0,0,0,0,0,0,0,0,0,0,0,0,0,0,0,0,0,0,0,0,0,0,0,0,0,0,0,0.21014,0.0299861,0.00999538,0.0299861,0.00999538,0.0299861,0.00999538,0.0299861,0.00999538
13,3218.15,2.15841,1.40174,1.11013,0,0,0,0,0,0,0.14432,0.00437,0.00024,0,0,0,0,0,0,0,0,0,0,0,0,0,0,0.77188,0.29527,0,0,0.47901,0.05621,0.45809,0.47939,0.53055,0.47501,0.46603,0.22503,2.12786,1.36092,1.09868,0,0,0,0,0,0,0,0,0,0,0,0,0,0,0,0,0,0,0,0,0,0,0,0,0,0,0,0,0,0,0,0.22503,0.0299835,0.0099945,0.0299835,0.0099945,0.0299835,0.0099945,0.0299835,0.0099945
14,3479.05,2.12973,1.37878,1.1057,0,0,0,0,0,0,0.14322,0.00423,0.00026,0,0,0,0,0,0,0,0,0,0,0,0,0,0,0.73891,0.29902,0,0,0.47895,0.05619,0.45842,0.47934,0.54153,0.44771,0.45067,0.22674,2.16892,1.34773,1.09794,0,0,0,0,0,0,0,0,0,0,0,0,0,0,0,0,0,0,0,0,0,0,0,0,0,0,0,0,0,0,0,0.22674,0.0299807,0.00999355,0.0299807,0.00999355,0.0299807,0.00999355,0.0299807,0.00999355
15,3651.3,2.14674,1.38301,1.10349,0,0,0,0,0,0,0.14229,0.00406,0.00027,1e-05,0,0,0,0,0,0,0,0,0,0,0,0,0,0.75738,0.30958,0,0,0.479,0.05621,0.45814,0.47939,0.47409,0.45715,0.43511,0.20265,2.28762,1.33746,1.13161,0,0,0,0,0,0,0,0,0,0,0,0,0,0,0,0,0,0,0,0,0,0,0,0,0,0,0,0,0,0,0,0.20265,0.0299776,0.00999252,0.0299776,0.00999252,0.0299776,0.00999252,0.0299776,0.00999252
16,3899.21,2.14278,1.37246,1.09745,0,0,0,0,0,0,0.14408,0.00404,0.00027,0,0,0,0,0,0,0,0,0,0,0,0,0,0,1.0738,0.3423,0,0,0.47899,0.05623,0.45812,0.47939,0.55126,0.48592,0.48425,0.23898,2.08343,1.24533,1.08041,0,0,0,0,0,0,0,0,0,0,0,0,0,0,0,0,0,0,0,0,0,0,0,0,0,0,0,0,0,0,0,0.23898,0.0299742,0.00999141,0.0299742,0.00999141,0.0299742,0.00999141,0.0299742,0.00999141
17,4146.51,2.10352,1.35436,1.09752,0,0,0,0,0,0,0.14474,0.00393,0.00023,0,0,0,0,0,0,0,0,0,0,0,0,0,0,0.87419,0.33445,0,0,0.47898,0.05623,0.45883,0.47937,0.51337,0.48157,0.47437,0.23121,2.15913,1.27766,1.09718,0,0,0,0,0,0,0,0,0,0,0,0,0,0,0,0,0,0,0,0,0,0,0,0,0,0,0,0,0,0,0,0.23121,0.0299707,0.00999023,0.0299707,0.00999023,0.0299707,0.00999023,0.0299707,0.00999023
18,4389.3,2.09591,1.34829,1.09124,0,0,0,0,0,0,0.14112,0.00387,0.00021,4e-05,0,0,0,0,0,0,0,0,0,0,0,0,0,0.90178,0.33684,0,0,0.479,0.05623,0.45754,0.47941,0.55468,0.51498,0.51935,0.26673,2.02061,1.19135,1.06254,0,0,0,0,0,0,0,0,0,0,0,0,0,0,0,0,0,0,0,0,0,0,0,0,0,0,0,0,0,0,0,0.26673,0.0299669,0.00998897,0.0299669,0.00998897,0.0299669,0.00998897,0.0299669,0.00998897
19,4638.64,2.09293,1.34102,1.09226,0,0,0,0,0,0,0.14207,0.0038,0.00022,0,0,0,0,0,0,0,0,0,0,0,0,0,0,0.87883,0.32448,0,0,0.47897,0.05622,0.45849,0.47937,0.52388,0.50197,0.48892,0.24843,2.09594,1.25624,1.07536,0,0,0,0,0,0,0,0,0,0,0,0,0,0,0,0,0,0,0,0,0,0,0,0,0,0,0,0,0,0,0,0.24843,0.0299629,0.00998764,0.0299629,0.00998764,0.0299629,0.00998764,0.0299629,0.00998764
20,4879.29,2.10224,1.35536,1.09187,0,0,0,0,0,0,0.14144,0.00373,0.00029,2e-05,0,0,0,0,0,0,0,0,0,0,0,0,0,0.85032,0.3285,0,0,0.47898,0.0562,0.45827,0.47937,0.59282,0.50535,0.51998,0.27023,2.04124,1.21671,1.06801,0,0,0,0,0,0,0,0,0,0,0,0,0,0,0,0,0,0,0,0,0,0,0,0,0,0,0,0,0,0,0,0.27023,0.0299587,0.00998623,0.0299587,0.00998623,0.0299587,0.00998623,0.0299587,0.00998623
21,5125.72,2.09292,1.34345,1.09294,0,0,0,0,0,0,0.1411,0.00367,0.0002,0,0,0,0,0,0,0,0,0,0,0,0,0,0,0.86526,0.3329,0,0,0.47897,0.0562,0.459,0.47935,0.563,0.49971,0.50857,0.26879,2.0554,1.20139,1.06995,0,0,0,0,0,0,0,0,0,0,0,0,0,0,0,0,0,0,0,0,0,0,0,0,0,0,0,0,0,0,0,0.26879,0.0299542,0.00998474,0.0299542,0.00998474,0.0299542,0.00998474,0.0299542,0.00998474
22,5375.84,2.07894,1.32504,1.08759,0,0,0,0,0,0,0.14195,0.00365,0.00027,0,0,0,0,0,0,0,0,0,0,0,0,0,0,0.85792,0.33815,0,0,0.47902,0.05617,0.45829,0.47942,0.52982,0.47854,0.47712,0.25017,2.16369,1.23532,1.08524,0,0,0,0,0,0,0,0,0,0,0,0,0,0,0,0,0,0,0,0,0,0,0,0,0,0,0,0,0,0,0,0.25017,0.0299495,0.00998318,0.0299495,0.00998318,0.0299495,0.00998318,0.0299495,0.00998318
23,5633.03,2.07473,1.33156,1.09183,0,0,0,0,0,0,0.14366,0.00358,0.00028,0,0,0,0,0,0,0,0,0,0,0,0,0,0,0.88316,0.34455,0,0,0.47896,0.0562,0.45914,0.47934,0.5684,0.49998,0.51554,0.26324,2.02384,1.17774,1.07018,0,0,0,0,0,0,0,0,0,0,0,0,0,0,0,0,0,0,0,0,0,0,0,0,0,0,0,0,0,0,0,0.26324,0.0299446,0.00998154,0.0299446,0.00998154,0.0299446,0.00998154,0.0299446,0.00998154
24,5887.54,2.08111,1.319,1.08248,0,0,0,0,0,0,0.14131,0.00354,0.00026,0,0,0,0,0,0,0,0,0,0,0,0,0,0,0.92368,0.35116,0,0,0.47902,0.05624,0.45861,0.4794,0.61255,0.53751,0.54947,0.28677,1.97816,1.14916,1.04888,0,0,0,0,0,0,0,0,0,0,0,0,0,0,0,0,0,0,0,0,0,0,0,0,0,0,0,0,0,0,0,0.28677,0.0299395,0.00997982,0.0299395,0.00997982,0.0299395,0.00997982,0.0299395,0.00997982
25,6142.33,2.07166,1.31114,1.08353,0,0,0,0,0,0,0.14073,0.00349,0.00019,0,0,0,0,0,0,0,0,0,0,0,0,0,0,0.89058,0.3503,0,0,0.47899,0.0562,0.4589,0.47939,0.55851,0.51661,0.51428,0.26441,2.115,1.18974,1.07363,0,0,0,0,0,0,0,0,0,0,0,0,0,0,0,0,0,0,0,0,0,0,0,0,0,0,0,0,0,0,0,0.26441,0.0299341,0.00997803,0.0299341,0.00997803,0.0299341,0.00997803,0.0299341,0.00997803
26,6393.99,2.06053,1.31168,1.08,0,0,0,0,0,0,0.14007,0.00348,0.00022,4e-05,0,0,0,0,0,0,0,0,0,0,0,0,0,0.9798,0.35982,0,0,0.47891,0.0562,0.4583,0.47932,0.57041,0.53327,0.53127,0.27642,2.01033,1.15392,1.0535,0,0,0,0,0,0,0,0,0,0,0,0,0,0,0,0,0,0,0,0,0,0,0,0,0,0,0,0,0,0,0,0.27642,0.0299285,0.00997616,0.0299285,0.00997616,0.0299285,0.00997616,0.0299285,0.00997616
27,6651.69,2.06226,1.30109,1.08208,0,0,0,0,0,0,0.13925,0.00347,0.00027,4e-05,0,0,0,0,0,0,0,0,0,0,0,0,0,1.18529,0.38485,0,0,0.47897,0.05622,0.45883,0.47938,0.59429,0.54824,0.56161,0.3016,1.94682,1.10161,1.04168,0,0,0,0,0,0,0,0,0,0,0,0,0,0,0,0,0,0,0,0,0,0,0,0,0,0,0,0,0,0,0,0.3016,0.0299227,0.00997422,0.0299227,0.00997422,0.0299227,0.00997422,0.0299227,0.00997422
28,6915.73,2.05957,1.30551,1.08501,0,0,0,0,0,0,0.13776,0.00343,0.00025,2e-05,0,0,0,0,0,0,0,0,0,0,0,0,0,1.03059,0.36569,0,0,0.47894,0.05621,0.45759,0.47934,0.57892,0.55513,0.55563,0.29803,1.9778,1.11342,1.04163,0,0,0,0,0,0,0,0,0,0,0,0,0,0,0,0,0,0,0,0,0,0,0,0,0,0,0,0,0,0,0,0.29803,0.0299166,0.0099722,0.0299166,0.0099722,0.0299166,0.0099722,0.0299166,0.0099722
29,7093.1,2.05201,1.30157,1.07384,0,0,0,0,0,0,0.13908,0.00337,0.00025,2e-05,0,0,0,0,0,0,0,0,0,0,0,0,0,0.97889,0.36581,0,0,0.47903,0.05622,0.45866,0.47941,0.61728,0.54012,0.55013,0.29366,1.96108,1.10785,1.0378,0,0,0,0,0,0,0,0,0,0,0,0,0,0,0,0,0,0,0,0,0,0,0,0,0,0,0,0,0,0,0,0.29366,0.0299103,0.00997011,0.0299103,0.00997011,0.0299103,0.00997011,0.0299103,0.00997011
30,7340.66,2.06744,1.3003,1.07649,0,0,0,0,0,0,0.13852,0.00334,0.00018,0,0,0,0,0,0,0,0,0,0,0,0,0,0,1.01804,0.37553,0,0,0.47899,0.05619,0.45913,0.47937,0.62132,0.55489,0.56783,0.30678,1.91024,1.07473,1.02643,0,0,0,0,0,0,0,0,0,0,0,0,0,0,0,0,0,0,0,0,0,0,0,0,0,0,0,0,0,0,0,0.30678,0.0299038,0.00996794,0.0299038,0.00996794,0.0299038,0.00996794,0.0299038,0.00996794
31,7589.1,2.04241,1.282,1.07118,0,0,0,0,0,0,0.13785,0.00331,0.00018,0,0,0,0,0,0,0,0,0,0,0,0,0,0,0.93349,0.37444,0,0,0.47896,0.05618,0.45893,0.4793,0.59539,0.55018,0.55442,0.29933,1.97222,1.09751,1.04007,0,0,0,0,0,0,0,0,0,0,0,0,0,0,0,0,0,0,0,0,0,0,0,0,0,0,0,0,0,0,0,0.29933,0.0298971,0.00996569,0.0298971,0.00996569,0.0298971,0.00996569,0.0298971,0.00996569
32,7832.59,2.02872,1.27119,1.07281,0,0,0,0,0,0,0.13788,0.00327,0.00025,1e-05,0,0,0,0,0,0,0,0,0,0,0,0,0,1.22961,0.38881,0,0,0.47902,0.05622,0.45872,0.47942,0.59495,0.54442,0.55079,0.29624,1.98622,1.10958,1.04164,0,0,0,0,0,0,0,0,0,0,0,0,0,0,0,0,0,0,0,0,0,0,0,0,0,0,0,0,0,0,0,0.29624,0.0298901,0.00996337,0.0298901,0.00996337,0.0298901,0.00996337,0.0298901,0.00996337
33,8065.85,2.04518,1.28126,1.07189,0,0,0,0,0,0,0.1388,0.00323,0.00023,7e-05,0,0,0,0,0,0,0,0,0,0,0,0,0,1.05822,0.38573,0,0,0.479,0.05624,0.45914,0.47939,0.58954,0.5405,0.54658,0.28943,2.01331,1.10034,1.04598,0,0,0,0,0,0,0,0,0,0,0,0,0,0,0,0,0,0,0,0,0,0,0,0,0,0,0,0,0,0,0,0.28943,0.0298829,0.00996097,0.0298829,0.00996097,0.0298829,0.00996097,0.0298829,0.00996097
34,8316.86,2.03064,1.27442,1.07368,0,0,0,0,0,0,0.13737,0.00322,0.00023,1e-05,0,0,0,0,0,0,0,0,0,0,0,0,0,0.9878,0.38481,0,0,0.47895,0.05621,0.45845,0.47934,0.62495,0.56504,0.58147,0.32253,1.86816,1.04189,1.01524,0,0,0,0,0,0,0,0,0,0,0,0,0,0,0,0,0,0,0,0,0,0,0,0,0,0,0,0,0,0,0,0.32253,0.0298755,0.00995849,0.0298755,0.00995849,0.0298755,0.00995849,0.0298755,0.00995849
35,8566.16,2.0387,1.2769,1.07043,0,0,0,0,0,0,0.14,0.0032,0.00017,3e-05,0,0,0,0,0,0,0,0,0,0,0,0,0,1.00738,0.39276,0,0,0.47895,0.05618,0.45859,0.47933,0.60837,0.56199,0.57417,0.31037,1.91671,1.05242,1.02505,0,0,0,0,0,0,0,0,0,0,0,0,0,0,0,0,0,0,0,0,0,0,0,0,0,0,0,0,0,0,0,0.31037,0.0298678,0.00995594,0.0298678,0.00995594,0.0298678,0.00995594,0.0298678,0.00995594
36,8804.32,2.0172,1.25876,1.06623,0,0,0,0,0,0,0.13749,0.00318,0.00018,0,0,0,0,0,0,0,0,0,0,0,0,0,0,1.0693,0.39581,0,0,0.47894,0.0562,0.45795,0.47935,0.61131,0.56604,0.5736,0.31778,1.88002,1.05238,1.01816,0,0,0,0,0,0,0,0,0,0,0,0,0,0,0,0,0,0,0,0,0,0,0,0,0,0,0,0,0,0,0,0.31778,0.02986,0.00995332,0.02986,0.00995332,0.02986,0.00995332,0.02986,0.00995332
37,9043.46,2.01729,1.26667,1.06843,0,0,0,0,0,0,0.13911,0.00313,0.00017,0,0,0,0,0,0,0,0,0,0,0,0,0,0,1.03135,0.40213,0,0,0.47901,0.05621,0.45873,0.4794,0.60597,0.58081,0.58553,0.32783,1.85784,1.0253,1.00985,0,0,0,0,0,0,0,0,0,0,0,0,0,0,0,0,0,0,0,0,0,0,0,0,0,0,0,0,0,0,0,0.32783,0.0298519,0.00995062,0.0298519,0.00995062,0.0298519,0.00995062,0.0298519,0.00995062
38,9286.04,2.01727,1.26074,1.06385,0,0,0,0,0,0,0.13694,0.00316,0.00016,1e-05,0,0,0,0,0,0,0,0,0,0,0,0,0,1.02542,0.40407,0,0,0.47896,0.05621,0.45849,0.47932,0.62263,0.57829,0.59099,0.33015,1.88129,1.03282,1.01341,0,0,0,0,0,0,0,0,0,0,0,0,0,0,0,0,0,0,0,0,0,0,0,0,0,0,0,0,0,0,0,0.33015,0.0298435,0.00994784,0.0298435,0.00994784,0.0298435,0.00994784,0.0298435,0.00994784
39,9538.31,2.01742,1.25561,1.06517,0,0,0,0,0,0,0.13673,0.00313,0.00015,0,0,0,0,0,0,0,0,0,0,0,0,0,0,1.11012,0.42123,0,0,0.47899,0.05617,0.45888,0.47938,0.62029,0.58358,0.59228,0.32855,1.84224,1.01705,1.00749,0,0,0,0,0,0,0,0,0,0,0,0,0,0,0,0,0,0,0,0,0,0,0,0,0,0,0,0,0,0,0,0.32855,0.029835,0.00994499,0.029835,0.00994499,0.029835,0.00994499,0.029835,0.00994499
40,9781.68,2.02559,1.25354,1.05531,0,0,0,0,0,0,0.13549,0.00311,0.00019,0,0,0,0,0,0,0,0,0,0,0,0,0,0,1.05283,0.41411,0,0,0.47903,0.05622,0.45868,0.47943,0.61663,0.58169,0.58579,0.32433,1.87202,1.02284,1.00932,0,0,0,0,0,0,0,0,0,0,0,0,0,0,0,0,0,0,0,0,0,0,0,0,0,0,0,0,0,0,0,0.32433,0.0298262,0.00994206,0.0298262,0.00994206,0.0298262,0.00994206,0.0298262,0.00994206
41,10033,2.02449,1.25941,1.06886,0,0,0,0,0,0,0.13583,0.00309,0.00017,0,0,0,0,0,0,0,0,0,0,0,0,0,0,1.0354,0.41546,0,0,0.47888,0.0562,0.45873,0.47927,0.63489,0.58051,0.59661,0.332,1.82518,1.0156,1.00411,0,0,0,0,0,0,0,0,0,0,0,0,0,0,0,0,0,0,0,0,0,0,0,0,0,0,0,0,0,0,0,0.332,0.0298172,0.00993906,0.0298172,0.00993906,0.0298172,0.00993906,0.0298172,0.00993906
42,10294.1,2.01035,1.25953,1.05946,0,0,0,0,0,0,0.13563,0.00307,0.00016,0,0,0,0,0,0,0,0,0,0,0,0,0,0,1.06087,0.41643,0,0,0.47903,0.05621,0.45947,0.4794,0.62909,0.5898,0.59863,0.33722,1.83637,1.01816,1.00228,0,0,0,0,0,0,0,0,0,0,0,0,0,0,0,0,0,0,0,0,0,0,0,0,0,0,0,0,0,0,0,0.33722,0.0298079,0.00993598,0.0298079,0.00993598,0.0298079,0.00993598,0.0298079,0.00993598
43,10495.6,2.00492,1.25028,1.06205,0,0,0,0,0,0,0.13741,0.00307,0.00016,1e-05,0,0,0,0,0,0,0,0,0,0,0,0,0,1.13603,0.42058,0,0,0.47893,0.05622,0.45886,0.4793,0.6503,0.58202,0.60481,0.34361,1.80459,0.99636,1.0016,0,0,0,0,0,0,0,0,0,0,0,0,0,0,0,0,0,0,0,0,0,0,0,0,0,0,0,0,0,0,0,0.34361,0.0297985,0.00993282,0.0297985,0.00993282,0.0297985,0.00993282,0.0297985,0.00993282
44,10758,1.99139,1.24552,1.05634,0,0,0,0,0,0,0.13717,0.00303,0.00016,0,0,0,0,0,0,0,0,0,0,0,0,0,0,1.14599,0.42262,0,0,0.47897,0.0562,0.45894,0.47937,0.64598,0.59599,0.60807,0.3445,1.81409,0.9921,0.99929,0,0,0,0,0,0,0,0,0,0,0,0,0,0,0,0,0,0,0,0,0,0,0,0,0,0,0,0,0,0,0,0.3445,0.0297888,0.0099296,0.0297888,0.0099296,0.0297888,0.0099296,0.0297888,0.0099296
45,11021.5,2.01046,1.24346,1.06323,0,0,0,0,0,0,0.13679,0.00303,0.00016,0,0,0,0,0,0,0,0,0,0,0,0,0,0,1.10602,0.42848,0,0,0.47895,0.05619,0.45851,0.47934,0.62941,0.58831,0.60104,0.33776,1.82921,0.98645,1.00301,0,0,0,0,0,0,0,0,0,0,0,0,0,0,0,0,0,0,0,0,0,0,0,0,0,0,0,0,0,0,0,0.33776,0.0297789,0.00992629,0.0297789,0.00992629,0.0297789,0.00992629,0.0297789,0.00992629
46,11276.7,1.988,1.23504,1.05748,0,0,0,0,0,0,0.13636,0.00303,0.00019,5e-05,0,0,0,0,0,0,0,0,0,0,0,0,0,1.153,0.43548,0,0,0.47894,0.05618,0.45905,0.47934,0.64499,0.5938,0.60823,0.34628,1.795,0.98117,0.994,0,0,0,0,0,0,0,0,0,0,0,0,0,0,0,0,0,0,0,0,0,0,0,0,0,0,0,0,0,0,0,0.34628,0.0297687,0.00992291,0.0297687,0.00992291,0.0297687,0.00992291,0.0297687,0.00992291
47,11529.5,1.99864,1.24418,1.05628,0,0,0,0,0,0,0.136,0.003,0.00023,9e-05,0,0,0,0,0,0,0,0,0,0,0,0,0,1.13801,0.42757,0,0,0.47899,0.0562,0.45816,0.47939,0.64483,0.60282,0.61173,0.34884,1.7971,0.97055,0.99405,0,0,0,0,0,0,0,0,0,0,0,0,0,0,0,0,0,0,0,0,0,0,0,0,0,0,0,0,0,0,0,0.34884,0.0297584,0.00991946,0.0297584,0.00991946,0.0297584,0.00991946,0.0297584,0.00991946
48,11800.5,2.00154,1.23844,1.0547,0,0,0,0,0,0,0.13728,0.00299,0.00018,6e-05,0,0,0,0,0,0,0,0,0,0,0,0,0,1.07818,0.42818,0,0,0.47895,0.05624,0.45831,0.47935,0.6444,0.60638,0.61278,0.35168,1.78182,0.96683,0.99156,0,0,0,0,0,0,0,0,0,0,0,0,0,0,0,0,0,0,0,0,0,0,0,0,0,0,0,0,0,0,0,0.35168,0.0297478,0.00991593,0.0297478,0.00991593,0.0297478,0.00991593,0.0297478,0.00991593
49,12058.8,1.98769,1.2296,1.053,0,0,0,0,0,0,0.13557,0.00298,0.0002,0,0,0,0,0,0,0,0,0,0,0,0,0,0,1.08982,0.43732,0,0,0.47904,0.05619,0.45857,0.47945,0.63986,0.60158,0.61171,0.34641,1.79842,0.97358,0.99311,0,0,0,0,0,0,0,0,0,0,0,0,0,0,0,0,0,0,0,0,0,0,0,0,0,0,0,0,0,0,0,0.34641,0.029737,0.00991232,0.029737,0.00991232,0.029737,0.00991232,0.029737,0.00991232
50,12322.9,1.9831,1.22956,1.05826,0,0,0,0,0,0,0.13554,0.00293,0.00017,2e-05,0,0,0,0,0,0,0,0,0,0,0,0,0,1.09352,0.43866,0,0,0.47893,0.05622,0.45887,0.47934,0.66167,0.60326,0.61972,0.35195,1.78187,0.96846,0.99072,0,0,0,0,0,0,0,0,0,0,0,0,0,0,0,0,0,0,0,0,0,0,0,0,0,0,0,0,0,0,0,0.35195,0.0297259,0.00990864,0.0297259,0.00990864,0.0297259,0.00990864,0.0297259,0.00990864
51,12587.3,1.98538,1.22189,1.05304,0,0,0,0,0,0,0.13358,0.00293,0.00023,3e-05,0,0,0,0,0,0,0,0,0,0,0,0,0,1.19136,0.45296,0,0,0.47896,0.05621,0.45914,0.47936,0.65014,0.60396,0.61723,0.35182,1.77648,0.96043,0.98965,0,0,0,0,0,0,0,0,0,0,0,0,0,0,0,0,0,0,0,0,0,0,0,0,0,0,0,0,0,0,0,0.35182,0.0297147,0.00990489,0.0297147,0.00990489,0.0297147,0.00990489,0.0297147,0.00990489
52,12837,1.9846,1.22801,1.05366,0,0,0,0,0,0,0.13431,0.00294,0.00013,0,0,0,0,0,0,0,0,0,0,0,0,0,0,1.15243,0.44636,0,0,0.47893,0.05623,0.4584,0.47934,0.65318,0.60439,0.6171,0.35735,1.76657,0.9543,0.98661,0,0,0,0,0,0,0,0,0,0,0,0,0,0,0,0,0,0,0,0,0,0,0,0,0,0,0,0,0,0,0,0.35735,0.0297032,0.00990106,0.0297032,0.00990106,0.0297032,0.00990106,0.0297032,0.00990106
53,13091.9,1.96207,1.21466,1.05392,0,0,0,0,0,0,0.13531,0.00292,0.00014,0,0,0,0,0,0,0,0,0,0,0,0,0,0,1.1519,0.44583,0,0,0.47896,0.05621,0.45854,0.47936,0.64836,0.60634,0.61922,0.35684,1.77153,0.95122,0.98654,0,0,0,0,0,0,0,0,0,0,0,0,0,0,0,0,0,0,0,0,0,0,0,0,0,0,0,0,0,0,0,0.35684,0.0296915,0.00989715,0.0296915,0.00989715,0.0296915,0.00989715,0.0296915,0.00989715
54,13347.9,1.98946,1.21866,1.0529,0,0,0,0,0,0,0.13535,0.00292,0.00024,0,0,0,0,0,0,0,0,0,0,0,0,0,0,1.30842,0.44729,0,0,0.47901,0.05621,0.45858,0.47941,0.65643,0.61227,0.62445,0.35879,1.76146,0.94453,0.98381,0,0,0,0,0,0,0,0,0,0,0,0,0,0,0,0,0,0,0,0,0,0,0,0,0,0,0,0,0,0,0,0.35879,0.0296795,0.00989317,0.0296795,0.00989317,0.0296795,0.00989317,0.0296795,0.00989317
55,13605.5,1.98159,1.22902,1.04926,0,0,0,0,0,0,0.1332,0.00291,0.00014,0,0,0,0,0,0,0,0,0,0,0,0,0,0,1.17399,0.44558,0,0,0.47896,0.05621,0.45892,0.47932,0.65542,0.61512,0.62647,0.36245,1.75448,0.94218,0.98101,0,0,0,0,0,0,0,0,0,0,0,0,0,0,0,0,0,0,0,0,0,0,0,0,0,0,0,0,0,0,0,0.36245,0.0296674,0.00988912,0.0296674,0.00988912,0.0296674,0.00988912,0.0296674,0.00988912
56,13860.9,1.99424,1.23258,1.05353,0,0,0,0,0,0,0.13575,0.00291,0.00021,1e-05,0,0,0,0,0,0,0,0,0,0,0,0,0,1.13286,0.44432,0,0,0.47898,0.05616,0.45896,0.47937,0.66133,0.61718,0.63159,0.36625,1.74847,0.93914,0.97929,0,0,0,0,0,0,0,0,0,0,0,0,0,0,0,0,0,0,0,0,0,0,0,0,0,0,0,0,0,0,0,0.36625,0.029655,0.00988499,0.029655,0.00988499,0.029655,0.00988499,0.029655,0.00988499
57,14117.2,1.98201,1.22169,1.04644,0,0,0,0,0,0,0.13549,0.00289,0.00021,0,0,0,0,0,0,0,0,0,0,0,0,0,0,1.14691,0.44774,0,0,0.47901,0.05622,0.45803,0.47941,0.66026,0.62293,0.63172,0.36681,1.74321,0.93653,0.97859,0,0,0,0,0,0,0,0,0,0,0,0,0,0,0,0,0,0,0,0,0,0,0,0,0,0,0,0,0,0,0,0.36681,0.0296424,0.00988079,0.0296424,0.00988079,0.0296424,0.00988079,0.0296424,0.00988079
58,14370.9,1.99202,1.22131,1.05122,0,0,0,0,0,0,0.1336,0.00288,0.00018,1e-05,0,0,0,0,0,0,0,0,0,0,0,0,0,1.22521,0.46166,0,0,0.47898,0.05621,0.45814,0.47937,0.67444,0.61739,0.63388,0.36889,1.72765,0.93077,0.97624,0,0,0,0,0,0,0,0,0,0,0,0,0,0,0,0,0,0,0,0,0,0,0,0,0,0,0,0,0,0,0,0.36889,0.0296295,0.00987651,0.0296295,0.00987651,0.0296295,0.00987651,0.0296295,0.00987651
59,14630,1.95294,1.19773,1.05075,0,0,0,0,0,0,0.13542,0.00289,0.00015,0,0,0,0,0,0,0,0,0,0,0,0,0,0,1.12745,0.46039,0,0,0.47897,0.05623,0.45859,0.47938,0.67283,0.61639,0.63266,0.36753,1.7264,0.92843,0.97508,0,0,0,0,0,0,0,0,0,0,0,0,0,0,0,0,0,0,0,0,0,0,0,0,0,0,0,0,0,0,0,0.36753,0.0296165,0.00987216,0.0296165,0.00987216,0.0296165,0.00987216,0.0296165,0.00987216
60,14884.9,1.96891,1.21085,1.05111,0,0,0,0,0,0,0.1342,0.00288,0.00014,4e-05,0,0,0,0,0,0,0,0,0,0,0,0,0,1.1549,0.459,0,0,0.47899,0.05623,0.45891,0.47938,0.67091,0.61623,0.63086,0.36744,1.72674,0.92737,0.97532,0,0,0,0,0,0,0,0,0,0,0,0,0,0,0,0,0,0,0,0,0,0,0,0,0,0,0,0,0,0,0,0.36744,0.0296032,0.00986773,0.0296032,0.00986773,0.0296032,0.00986773,0.0296032,0.00986773
61,15159.5,1.96154,1.19658,1.04626,0,0,0,0,0,0,0.13224,0.0029,0.00023,0,0,0,0,0,0,0,0,0,0,0,0,0,0,1.12517,0.45279,0,0,0.47897,0.05626,0.45831,0.47938,0.67026,0.6162,0.63312,0.36892,1.71963,0.9239,0.97478,0,0,0,0,0,0,0,0,0,0,0,0,0,0,0,0,0,0,0,0,0,0,0,0,0,0,0,0,0,0,0,0.36892,0.0295897,0.00986323,0.0295897,0.00986323,0.0295897,0.00986323,0.0295897,0.00986323
62,15434.3,1.97948,1.21637,1.04553,0,0,0,0,0,0,0.13393,0.00288,0.0002,0,0,0,0,0,0,0,0,0,0,0,0,0,0,1.09469,0.45449,0,0,0.47898,0.05618,0.45859,0.47938,0.67248,0.6149,0.63271,0.3685,1.71935,0.9229,0.97514,0,0,0,0,0,0,0,0,0,0,0,0,0,0,0,0,0,0,0,0,0,0,0,0,0,0,0,0,0,0,0,0.3685,0.029576,0.00985866,0.029576,0.00985866,0.029576,0.00985866,0.029576,0.00985866
63,15681.1,1.97095,1.21137,1.05205,0,0,0,0,0,0,0.13227,0.00286,0.00013,0,0,0,0,0,0,0,0,0,0,0,0,0,0,1.12662,0.45899,0,0,0.47894,0.05622,0.45809,0.47934,0.67263,0.6166,0.6351,0.37066,1.7112,0.91775,0.97318,0,0,0,0,0,0,0,0,0,0,0,0,0,0,0,0,0,0,0,0,0,0,0,0,0,0,0,0,0,0,0,0.37066,0.029562,0.00985401,0.029562,0.00985401,0.029562,0.00985401,0.029562,0.00985401
64,15927.1,1.97652,1.21123,1.04668,0,0,0,0,0,0,0.13306,0.00285,0.00016,0,0,0,0,0,0,0,0,0,0,0,0,0,0,1.17885,0.46509,0,0,0.47894,0.05622,0.45832,0.47935,0.66986,0.61532,0.63338,0.36976,1.71126,0.91761,0.97288,0,0,0,0,0,0,0,0,0,0,0,0,0,0,0,0,0,0,0,0,0,0,0,0,0,0,0,0,0,0,0,0.36976,0.0295479,0.00984928,0.0295479,0.00984928,0.0295479,0.00984928,0.0295479,0.00984928
65,16178.5,1.95127,1.20318,1.04384,0,0,0,0,0,0,0.13289,0.00283,0.00019,3e-05,0,0,0,0,0,0,0,0,0,0,0,0,0,1.15758,0.46576,0,0,0.47897,0.05619,0.45804,0.47939,0.66707,0.61672,0.63337,0.37119,1.70825,0.91632,0.9723,0,0,0,0,0,0,0,0,0,0,0,0,0,0,0,0,0,0,0,0,0,0,0,0,0,0,0,0,0,0,0,0.37119,0.0295335,0.00984449,0.0295335,0.00984449,0.0295335,0.00984449,0.0295335,0.00984449
66,16437,1.94954,1.19792,1.04696,0,0,0,0,0,0,0.13458,0.00285,0.00021,4e-05,0,0,0,0,0,0,0,0,0,0,0,0,0,1.13684,0.45949,0,0,0.47902,0.0562,0.45971,0.47941,0.6715,0.61972,0.63558,0.37269,1.70419,0.91512,0.97155,0,0,0,0,0,0,0,0,0,0,0,0,0,0,0,0,0,0,0,0,0,0,0,0,0,0,0,0,0,0,0,0.37269,0.0295188,0.00983962,0.0295188,0.00983962,0.0295188,0.00983962,0.0295188,0.00983962
67,16691.4,1.94936,1.20201,1.04734,0,0,0,0,0,0,0.13263,0.00286,0.00015,1e-05,0,0,0,0,0,0,0,0,0,0,0,0,0,1.24816,0.45587,0,0,0.47897,0.05621,0.45858,0.47934,0.66546,0.62267,0.63611,0.37216,1.70221,0.91319,0.97081,0,0,0,0,0,0,0,0,0,0,0,0,0,0,0,0,0,0,0,0,0,0,0,0,0,0,0,0,0,0,0,0.37216,0.029504,0.00983467,0.029504,0.00983467,0.029504,0.00983467,0.029504,0.00983467
68,16946.2,1.95536,1.19714,1.04903,0,0,0,0,0,0,0.13276,0.00285,0.00015,0,0,0,0,0,0,0,0,0,0,0,0,0,0,1.17852,0.45709,0,0,0.47899,0.05621,0.45906,0.47938,0.66827,0.62167,0.63705,0.37337,1.69999,0.91022,0.97025,0,0,0,0,0,0,0,0,0,0,0,0,0,0,0,0,0,0,0,0,0,0,0,0,0,0,0,0,0,0,0,0.37337,0.029489,0.00982965,0.029489,0.00982965,0.029489,0.00982965,0.029489,0.00982965
69,17195.1,1.94284,1.19399,1.04455,0,0,0,0,0,0,0.13205,0.00284,0.00015,2e-05,0,0,0,0,0,0,0,0,0,0,0,0,0,1.14827,0.45762,0,0,0.47893,0.05622,0.45894,0.47933,0.67304,0.62087,0.6373,0.37398,1.69678,0.90803,0.9693,0,0,0,0,0,0,0,0,0,0,0,0,0,0,0,0,0,0,0,0,0,0,0,0,0,0,0,0,0,0,0,0.37398,0.0294737,0.00982456,0.0294737,0.00982456,0.0294737,0.00982456,0.0294737,0.00982456
70,17457,1.92204,1.17706,1.03929,0,0,0,0,0,0,0.13218,0.00286,0.00013,1e-05,0,0,0,0,0,0,0,0,0,0,0,0,0,1.18876,0.46364,0,0,0.479,0.05625,0.45893,0.4794,0.66594,0.62481,0.63624,0.37436,1.6968,0.90704,0.96927,0,0,0,0,0,0,0,0,0,0,0,0,0,0,0,0,0,0,0,0,0,0,0,0,0,0,0,0,0,0,0,0.37436,0.0294582,0.00981939,0.0294582,0.00981939,0.0294582,0.00981939,0.0294582,0.00981939
71,17727.1,1.96387,1.19684,1.03823,0,0,0,0,0,0,0.1322,0.00283,0.00013,0,0,0,0,0,0,0,0,0,0,0,0,0,0,1.24222,0.47264,0,0,0.47896,0.05622,0.45891,0.47936,0.66394,0.62667,0.63622,0.37479,1.69562,0.90605,0.96905,0,0,0,0,0,0,0,0,0,0,0,0,0,0,0,0,0,0,0,0,0,0,0,0,0,0,0,0,0,0,0,0.37479,0.0294425,0.00981415,0.0294425,0.00981415,0.0294425,0.00981415,0.0294425,0.00981415
72,17918.5,1.94594,1.19731,1.04795,0,0,0,0,0,0,0.13194,0.0028,0.00013,0,0,0,0,0,0,0,0,0,0,0,0,0,0,1.17876,0.46918,0,0,0.47896,0.05622,0.4589,0.47935,0.66419,0.62734,0.63738,0.37518,1.69426,0.90545,0.9684,0,0,0,0,0,0,0,0,0,0,0,0,0,0,0,0,0,0,0,0,0,0,0,0,0,0,0,0,0,0,0,0.37518,0.0294265,0.00980884,0.0294265,0.00980884,0.0294265,0.00980884,0.0294265,0.00980884
73,18175.3,1.94843,1.19055,1.03779,0,0,0,0,0,0,0.13165,0.00279,0.00012,0,0,0,0,0,0,0,0,0,0,0,0,0,0,1.15342,0.46898,0,0,0.47898,0.05618,0.45886,0.47939,0.66751,0.62609,0.63809,0.37591,1.69269,0.90348,0.96789,0,0,0,0,0,0,0,0,0,0,0,0,0,0,0,0,0,0,0,0,0,0,0,0,0,0,0,0,0,0,0,0.37591,0.0294104,0.00980345,0.0294104,0.00980345,0.0294104,0.00980345,0.0294104,0.00980345
74,18442.4,1.95797,1.1952,1.03787,0,0,0,0,0,0,0.13315,0.0028,0.00013,2e-05,0,0,0,0,0,0,0,0,0,0,0,0,0,1.1102,0.4711,0,0,0.47897,0.05619,0.45844,0.47937,0.66544,0.62535,0.63751,0.37643,1.69279,0.90278,0.96797,0,0,0,0,0,0,0,0,0,0,0,0,0,0,0,0,0,0,0,0,0,0,0,0,0,0,0,0,0,0,0,0.37643,0.029394,0.00979799,0.029394,0.00979799,0.029394,0.00979799,0.029394,0.00979799
75,18719.7,1.9338,1.18714,1.04116,0,0,0,0,0,0,0.13217,0.00279,0.00014,2e-05,0,0,0,0,0,0,0,0,0,0,0,0,0,1.2114,0.47608,0,0,0.47908,0.05619,0.46004,0.47947,0.66715,0.62427,0.63886,0.37651,1.6932,0.90289,0.96763,0,0,0,0,0,0,0,0,0,0,0,0,0,0,0,0,0,0,0,0,0,0,0,0,0,0,0,0,0,0,0,0.37651,0.0293774,0.00979246,0.0293774,0.00979246,0.0293774,0.00979246,0.0293774,0.00979246
76,18974.2,1.97029,1.20268,1.0432,0,0,0,0,0,0,0.13136,0.00279,0.00013,0,0,0,0,0,0,0,0,0,0,0,0,0,0,1.26725,0.47977,0,0,0.47896,0.05618,0.45899,0.47934,0.66688,0.62513,0.63861,0.37556,1.69337,0.90245,0.9674,0,0,0,0,0,0,0,0,0,0,0,0,0,0,0,0,0,0,0,0,0,0,0,0,0,0,0,0,0,0,0,0.37556,0.0293606,0.00978685,0.0293606,0.00978685,0.0293606,0.00978685,0.0293606,0.00978685
77,19250.9,1.93755,1.18934,1.03708,0,0,0,0,0,0,0.13199,0.00278,0.00012,0,0,0,0,0,0,0,0,0,0,0,0,0,0,1.19046,0.47158,0,0,0.479,0.05618,0.45924,0.47936,0.66875,0.62445,0.63974,0.37676,1.69095,0.90119,0.9668,0,0,0,0,0,0,0,0,0,0,0,0,0,0,0,0,0,0,0,0,0,0,0,0,0,0,0,0,0,0,0,0.37676,0.0293435,0.00978118,0.0293435,0.00978118,0.0293435,0.00978118,0.0293435,0.00978118
78,19516.6,1.96313,1.19408,1.04088,0,0,0,0,0,0,0.13273,0.00278,0.00018,0,0,0,0,0,0,0,0,0,0,0,0,0,0,1.39004,0.47298,0,0,0.47904,0.05617,0.45862,0.47944,0.67036,0.62424,0.63923,0.37686,1.69033,0.90065,0.96687,0,0,0,0,0,0,0,0,0,0,0,0,0,0,0,0,0,0,0,0,0,0,0,0,0,0,0,0,0,0,0,0.37686,0.0293263,0.00977542,0.0293263,0.00977542,0.0293263,0.00977542,0.0293263,0.00977542
79,19775,1.92397,1.17219,1.04131,0,0,0,0,0,0,0.13088,0.00278,0.00014,0,0,0,0,0,0,0,0,0,0,0,0,0,0,1.25325,0.47181,0,0,0.47895,0.0562,0.45877,0.47936,0.66962,0.62491,0.64023,0.37691,1.68936,0.89964,0.96669,0,0,0,0,0,0,0,0,0,0,0,0,0,0,0,0,0,0,0,0,0,0,0,0,0,0,0,0,0,0,0,0.37691,0.0293088,0.0097696,0.0293088,0.0097696,0.0293088,0.0097696,0.0293088,0.0097696
80,20032.6,1.95094,1.18897,1.03883,0,0,0,0,0,0,0.13271,0.00277,0.00019,0,0,0,0,0,0,0,0,0,0,0,0,0,0,1.17772,0.4714,0,0,0.47901,0.05623,0.45913,0.4794,0.67019,0.62533,0.63962,0.37671,1.68905,0.89978,0.96671,0,0,0,0,0,0,0,0,0,0,0,0,0,0,0,0,0,0,0,0,0,0,0,0,0,0,0,0,0,0,0,0.37671,0.0292911,0.0097637,0.0292911,0.0097637,0.0292911,0.0097637,0.0292911,0.0097637
81,20290.9,1.92824,1.18134,1.03754,0,0,0,0,0,0,0.13264,0.00277,0.00015,0,0,0,0,0,0,0,0,0,0,0,0,0,0,1.18806,0.47177,0,0,0.47897,0.05623,0.45879,0.47937,0.66859,0.62724,0.64009,0.37742,1.68784,0.89886,0.96632,0,0,0,0,0,0,0,0,0,0,0,0,0,0,0,0,0,0,0,0,0,0,0,0,0,0,0,0,0,0,0,0.37742,0.0292732,0.00975773,0.0292732,0.00975773,0.0292732,0.00975773,0.0292732,0.00975773
82,20546.6,1.94689,1.18651,1.03378,0,0,0,0,0,0,0.13252,0.00276,0.00016,0,0,0,0,0,0,0,0,0,0,0,0,0,0,1.19129,0.47315,0,0,0.47897,0.05617,0.45883,0.47938,0.66822,0.63017,0.64161,0.37752,1.68823,0.89888,0.96611,0,0,0,0,0,0,0,0,0,0,0,0,0,0,0,0,0,0,0,0,0,0,0,0,0,0,0,0,0,0,0,0.37752,0.0292551,0.00975169,0.0292551,0.00975169,0.0292551,0.00975169,0.0292551,0.00975169
83,20816.5,1.94725,1.19374,1.03898,0,0,0,0,0,0,0.13123,0.00277,0.00015,0,0,0,0,0,0,0,0,0,0,0,0,0,0,1.27682,0.47368,0,0,0.47896,0.05619,0.45809,0.47936,0.66881,0.63198,0.64161,0.37791,1.68758,0.89805,0.96619,0,0,0,0,0,0,0,0,0,0,0,0,0,0,0,0,0,0,0,0,0,0,0,0,0,0,0,0,0,0,0,0.37791,0.0292367,0.00974557,0.0292367,0.00974557,0.0292367,0.00974557,0.0292367,0.00974557
84,21069.4,1.93071,1.18417,1.03718,0,0,0,0,0,0,0.13149,0.00273,0.00014,0,0,0,0,0,0,0,0,0,0,0,0,0,0,1.16762,0.47077,0,0,0.47896,0.05623,0.4584,0.47937,0.66891,0.63183,0.64188,0.37852,1.68544,0.89721,0.96584,0,0,0,0,0,0,0,0,0,0,0,0,0,0,0,0,0,0,0,0,0,0,0,0,0,0,0,0,0,0,0,0.37852,0.0292181,0.00973938,0.0292181,0.00973938,0.0292181,0.00973938,0.0292181,0.00973938
85,21316,1.92296,1.17276,1.03979,0,0,0,0,0,0,0.13224,0.00273,0.00016,1e-05,0,0,0,0,0,0,0,0,0,0,0,0,0,1.11658,0.47049,0,0,0.47894,0.05622,0.45839,0.47934,0.66858,0.63162,0.64199,0.37842,1.68439,0.89629,0.96569,0,0,0,0,0,0,0,0,0,0,0,0,0,0,0,0,0,0,0,0,0,0,0,0,0,0,0,0,0,0,0,0.37842,0.0291994,0.00973312,0.0291994,0.00973312,0.0291994,0.00973312,0.0291994,0.00973312
86,21572.5,1.92601,1.17698,1.0348,0,0,0,0,0,0,0.13276,0.00272,0.00012,0,0,0,0,0,0,0,0,0,0,0,0,0,0,1.15465,0.46809,0,0,0.47899,0.0562,0.45871,0.47939,0.67317,0.62841,0.64203,0.37842,1.68417,0.89621,0.96578,0,0,0,0,0,0,0,0,0,0,0,0,0,0,0,0,0,0,0,0,0,0,0,0,0,0,0,0,0,0,0,0.37842,0.0291804,0.00972679,0.0291804,0.00972679,0.0291804,0.00972679,0.0291804,0.00972679
87,21779.5,1.91446,1.16184,1.03455,0,0,0,0,0,0,0.13151,0.00272,0.00013,0,0,0,0,0,0,0,0,0,0,0,0,0,0,1.17707,0.46941,0,0,0.47899,0.05624,0.45777,0.4794,0.67275,0.63016,0.64228,0.37895,1.68249,0.89538,0.96532,0,0,0,0,0,0,0,0,0,0,0,0,0,0,0,0,0,0,0,0,0,0,0,0,0,0,0,0,0,0,0,0.37895,0.0291612,0.00972039,0.0291612,0.00972039,0.0291612,0.00972039,0.0291612,0.00972039
88,22052.7,1.92197,1.17194,1.03436,0,0,0,0,0,0,0.13292,0.00274,0.00017,1e-05,0,0,0,0,0,0,0,0,0,0,0,0,0,1.26653,0.47812,0,0,0.47893,0.0562,0.4587,0.47934,0.67207,0.62941,0.64188,0.37928,1.68167,0.89487,0.96511,0,0,0,0,0,0,0,0,0,0,0,0,0,0,0,0,0,0,0,0,0,0,0,0,0,0,0,0,0,0,0,0.37928,0.0291417,0.00971391,0.0291417,0.00971391,0.0291417,0.00971391,0.0291417,0.00971391
89,22321.1,1.92537,1.18072,1.03571,0,0,0,0,0,0,0.13128,0.00273,0.00013,0,0,0,0,0,0,0,0,0,0,0,0,0,0,1.13564,0.47093,0,0,0.47901,0.05618,0.4593,0.4794,0.67551,0.62901,0.64287,0.37964,1.68019,0.89416,0.96495,0,0,0,0,0,0,0,0,0,0,0,0,0,0,0,0,0,0,0,0,0,0,0,0,0,0,0,0,0,0,0,0.37964,0.0291221,0.00970736,0.0291221,0.00970736,0.0291221,0.00970736,0.0291221,0.00970736
90,22593,1.92011,1.16388,1.03631,0,0,0,0,0,0,0.13028,0.00271,0.00013,0,0,0,0,0,0,0,0,0,0,0,0,0,0,1.12953,0.46806,0,0,0.479,0.05623,0.45844,0.4794,0.67499,0.6287,0.64234,0.38016,1.67934,0.89376,0.96476,0,0,0,0,0,0,0,0,0,0,0,0,0,0,0,0,0,0,0,0,0,0,0,0,0,0,0,0,0,0,0,0.38016,0.0291022,0.00970074,0.0291022,0.00970074,0.0291022,0.00970074,0.0291022,0.00970074
91,22848.5,1.93204,1.17281,1.03292,0,0,0,0,0,0,0.13022,0.00272,0.00014,0,0,0,0,0,0,0,0,0,0,0,0,0,0,1.26283,0.47091,0,0,0.47904,0.05621,0.45889,0.47943,0.67539,0.62902,0.64344,0.38096,1.67887,0.89318,0.96451,0,0,0,0,0,0,0,0,0,0,0,0,0,0,0,0,0,0,0,0,0,0,0,0,0,0,0,0,0,0,0,0.38096,0.0290821,0.00969405,0.0290821,0.00969405,0.0290821,0.00969405,0.0290821,0.00969405
92,23114,1.93709,1.18392,1.03527,0,0,0,0,0,0,0.13178,0.0027,0.00013,1e-05,0,0,0,0,0,0,0,0,0,0,0,0,0,1.17464,0.47135,0,0,0.47898,0.05615,0.45943,0.47936,0.6784,0.62698,0.64386,0.38147,1.67756,0.8928,0.96427,0,0,0,0,0,0,0,0,0,0,0,0,0,0,0,0,0,0,0,0,0,0,0,0,0,0,0,0,0,0,0,0.38147,0.0290618,0.00968728,0.0290618,0.00968728,0.0290618,0.00968728,0.0290618,0.00968728
93,23383,1.925,1.16872,1.03581,0,0,0,0,0,0,0.13146,0.00271,0.00013,0,0,0,0,0,0,0,0,0,0,0,0,0,0,1.22058,0.47671,0,0,0.479,0.05623,0.4588,0.4794,0.67971,0.62736,0.64405,0.38145,1.67737,0.89235,0.96424,0,0,0,0,0,0,0,0,0,0,0,0,0,0,0,0,0,0,0,0,0,0,0,0,0,0,0,0,0,0,0,0.38145,0.0290413,0.00968045,0.0290413,0.00968045,0.0290413,0.00968045,0.0290413,0.00968045
94,23640.6,1.90679,1.16301,1.03464,0,0,0,0,0,0,0.13088,0.00267,0.00014,1e-05,0,0,0,0,0,0,0,0,0,0,0,0,0,1.16788,0.47246,0,0,0.47894,0.0562,0.45868,0.47934,0.677,0.62679,0.6438,0.38194,1.67639,0.8917,0.96388,0,0,0,0,0,0,0,0,0,0,0,0,0,0,0,0,0,0,0,0,0,0,0,0,0,0,0,0,0,0,0,0.38194,0.0290206,0.00967354,0.0290206,0.00967354,0.0290206,0.00967354,0.0290206,0.00967354
95,23891,1.91983,1.16802,1.03567,0,0,0,0,0,0,0.13077,0.0027,0.00014,0,0,0,0,0,0,0,0,0,0,0,0,0,0,1.40496,0.49328,0,0,0.47901,0.05622,0.45891,0.47942,0.67841,0.62739,0.64446,0.38263,1.67634,0.89132,0.96359,0,0,0,0,0,0,0,0,0,0,0,0,0,0,0,0,0,0,0,0,0,0,0,0,0,0,0,0,0,0,0,0.38263,0.0289997,0.00966656,0.0289997,0.00966656,0.0289997,0.00966656,0.0289997,0.00966656
96,24151.5,1.91205,1.16104,1.03007,0,0,0,0,0,0,0.13106,0.00267,0.00015,1e-05,0,0,0,0,0,0,0,0,0,0,0,0,0,1.21453,0.47945,0,0,0.47897,0.05622,0.45948,0.47936,0.67748,0.62631,0.64413,0.38306,1.67615,0.89159,0.96337,0,0,0,0,0,0,0,0,0,0,0,0,0,0,0,0,0,0,0,0,0,0,0,0,0,0,0,0,0,0,0,0.38306,0.0289785,0.00965951,0.0289785,0.00965951,0.0289785,0.00965951,0.0289785,0.00965951
97,24413.9,1.9304,1.17292,1.03469,0,0,0,0,0,0,0.13178,0.00266,0.0002,0,0,0,0,0,0,0,0,0,0,0,0,0,0,1.19015,0.47169,0,0,0.47897,0.05619,0.45839,0.47937,0.67405,0.62731,0.64371,0.38275,1.67535,0.89082,0.96314,0,0,0,0,0,0,0,0,0,0,0,0,0,0,0,0,0,0,0,0,0,0,0,0,0,0,0,0,0,0,0,0.38275,0.0289572,0.00965239,0.0289572,0.00965239,0.0289572,0.00965239,0.0289572,0.00965239
98,24675.2,1.92272,1.16306,1.03329,0,0,0,0,0,0,0.12967,0.00268,0.00012,0,0,0,0,0,0,0,0,0,0,0,0,0,0,1.1523,0.47469,0,0,0.47893,0.05622,0.45842,0.47934,0.67412,0.62724,0.64392,0.38306,1.67455,0.89009,0.96305,0,0,0,0,0,0,0,0,0,0,0,0,0,0,0,0,0,0,0,0,0,0,0,0,0,0,0,0,0,0,0,0.38306,0.0289356,0.0096452,0.0289356,0.0096452,0.0289356,0.0096452,0.0289356,0.0096452
99,24929.4,1.91345,1.15631,1.03303,0,0,0,0,0,0,0.12987,0.00267,0.00011,0,0,0,0,0,0,0,0,0,0,0,0,0,0,1.13793,0.4746,0,0,0.47897,0.05619,0.45886,0.47937,0.67129,0.62801,0.64355,0.38285,1.67458,0.88962,0.96314,0,0,0,0,0,0,0,0,0,0,0,0,0,0,0,0,0,0,0,0,0,0,0,0,0,0,0,0,0,0,0,0.38285,0.0289138,0.00963794,0.0289138,0.00963794,0.0289138,0.00963794,0.0289138,0.00963794
100,25193.2,1.92376,1.16647,1.03153,0,0,0,0,0,0,0.13185,0.00268,0.00011,0,0,0,0,0,0,0,0,0,0,0,0,0,0,1.15875,0.47443,0,0,0.47897,0.05621,0.45813,0.47938,0.66718,0.63111,0.64359,0.38333,1.67353,0.88899,0.96287,0,0,0,0,0,0,0,0,0,0,0,0,0,0,0,0,0,0,0,0,0,0,0,0,0,0,0,0,0,0,0,0.38333,0.0288918,0.00963061,0.0288918,0.00963061,0.0288918,0.00963061,0.0288918,0.00963061
101,25439.1,1.85948,1.07584,1.02567,0,0,0,0,0,0,0.16874,0.00271,0.00033,0,0,0,0,0,0,0,0,0,0,0,0,0,0,1.21866,0.46975,0,0,0.48103,0.0579,0.44577,0.48149,0.66622,0.63086,0.64399,0.38404,1.66975,0.88781,0.96226,0,0,0,0,0,0,0,0,0,0,0,0,0,0,0,0,0,0,0,0,0,0,0,0,0,0,0,0,0,0,0,0.38404,0.0288696,0.0096232,0.0288696,0.0096232,0.0288696,0.0096232,0.0288696,0.0096232
102,25696.4,1.84196,1.04939,1.01682,0,0,0,0,0,0,0.1616,0.00272,0.00024,0,0,0,0,0,0,0,0,0,0,0,0,0,0,1.38369,0.47663,0,0,0.48108,0.05795,0.44684,0.48153,0.66877,0.63192,0.64557,0.38557,1.66658,0.88613,0.96177,0,0,0,0,0,0,0,0,0,0,0,0,0,0,0,0,0,0,0,0,0,0,0,0,0,0,0,0,0,0,0,0.38557,0.0288472,0.00961573,0.0288472,0.00961573,0.0288472,0.00961573,0.0288472,0.00961573
103,25969.7,1.83807,1.05081,1.01563,0,0,0,0,0,0,0.15954,0.00273,0.00022,1e-05,0,0,0,0,0,0,0,0,0,0,0,0,0,1.33906,0.468,0,0,0.48112,0.05791,0.44621,0.48157,0.66935,0.63367,0.64674,0.38643,1.6624,0.88428,0.96103,0,0,0,0,0,0,0,0,0,0,0,0,0,0,0,0,0,0,0,0,0,0,0,0,0,0,0,0,0,0,0,0.38643,0.0288246,0.00960819,0.0288246,0.00960819,0.0288246,0.00960819,0.0288246,0.00960819
104,26231.5,1.81692,1.02888,1.00685,0,0,0,0,0,0,0.15851,0.00273,0.00029,0,0,0,0,0,0,0,0,0,0,0,0,0,0,1.35036,0.46554,0,0,0.48112,0.05791,0.44645,0.48157,0.66892,0.63426,0.64716,0.38749,1.65935,0.88243,0.96038,0,0,0,0,0,0,0,0,0,0,0,0,0,0,0,0,0,0,0,0,0,0,0,0,0,0,0,0,0,0,0,0.38749,0.0288017,0.00960057,0.0288017,0.00960057,0.0288017,0.00960057,0.0288017,0.00960057
105,26483.9,1.80962,1.02132,1.00932,0,0,0,0,0,0,0.15723,0.00273,0.00028,0,0,0,0,0,0,0,0,0,0,0,0,0,0,1.35554,0.46578,0,0,0.48101,0.05791,0.44569,0.48147,0.67166,0.6347,0.64796,0.38865,1.65485,0.88011,0.95965,0,0,0,0,0,0,0,0,0,0,0,0,0,0,0,0,0,0,0,0,0,0,0,0,0,0,0,0,0,0,0,0.38865,0.0287787,0.00959289,0.0287787,0.00959289,0.0287787,0.00959289,0.0287787,0.00959289
106,26742.8,1.80101,1.01869,1.00543,0,0,0,0,0,0,0.15554,0.00273,0.00027,0,0,0,0,0,0,0,0,0,0,0,0,0,0,1.33608,0.46533,0,0,0.48105,0.05788,0.44554,0.48151,0.67673,0.63307,0.64948,0.39039,1.65038,0.87788,0.9588,0,0,0,0,0,0,0,0,0,0,0,0,0,0,0,0,0,0,0,0,0,0,0,0,0,0,0,0,0,0,0,0.39039,0.0287554,0.00958513,0.0287554,0.00958513,0.0287554,0.00958513,0.0287554,0.00958513
107,27018.3,1.79079,1.00869,0.99971,0,0,0,0,0,0,0.15496,0.00272,0.00032,2e-05,0,0,0,0,0,0,0,0,0,0,0,0,0,1.28391,0.4643,0,0,0.481,0.0579,0.44576,0.48145,0.67816,0.6325,0.65087,0.39172,1.64669,0.87569,0.95814,0,0,0,0,0,0,0,0,0,0,0,0,0,0,0,0,0,0,0,0,0,0,0,0,0,0,0,0,0,0,0,0.39172,0.0287319,0.00957731,0.0287319,0.00957731,0.0287319,0.00957731,0.0287319,0.00957731
108,27298,1.79365,1.00304,0.99916,0,0,0,0,0,0,0.15547,0.00272,0.00026,3e-05,0,0,0,0,0,0,0,0,0,0,0,0,0,1.25642,0.46336,0,0,0.481,0.05789,0.44673,0.48145,0.67715,0.63352,0.65207,0.39219,1.64278,0.87386,0.95744,0,0,0,0,0,0,0,0,0,0,0,0,0,0,0,0,0,0,0,0,0,0,0,0,0,0,0,0,0,0,0,0.39219,0.0287082,0.00956941,0.0287082,0.00956941,0.0287082,0.00956941,0.0287082,0.00956941
109,27559.6,1.7818,0.99973,1.00014,0,0,0,0,0,0,0.15488,0.00272,0.00022,0,0,0,0,0,0,0,0,0,0,0,0,0,0,1.31957,0.46395,0,0,0.48099,0.05792,0.44636,0.48144,0.68028,0.63599,0.65422,0.39309,1.6397,0.87225,0.95699,0,0,0,0,0,0,0,0,0,0,0,0,0,0,0,0,0,0,0,0,0,0,0,0,0,0,0,0,0,0,0,0.39309,0.0286843,0.00956145,0.0286843,0.00956145,0.0286843,0.00956145,0.0286843,0.00956145
110,27830.8,1.78866,1.00482,0.99995,0,0,0,0,0,0,0.15396,0.00271,0.00026,0,0,0,0,0,0,0,0,0,0,0,0,0,0,1.28845,0.46464,0,0,0.48101,0.05792,0.44673,0.48146,0.6798,0.63851,0.65642,0.39421,1.63665,0.87099,0.95626,0,0,0,0,0,0,0,0,0,0,0,0,0,0,0,0,0,0,0,0,0,0,0,0,0,0,0,0,0,0,0,0.39421,0.0286602,0.00955341,0.0286602,0.00955341,0.0286602,0.00955341,0.0286602,0.00955341
111,28086.9,1.78786,1.00416,1.00019,0,0,0,0,0,0,0.15233,0.00272,0.00021,7e-05,0,0,0,0,0,0,0,0,0,0,0,0,0,1.3149,0.46725,0,0,0.48101,0.05788,0.44624,0.48146,0.68337,0.63682,0.65593,0.39494,1.63397,0.86895,0.95577,0,0,0,0,0,0,0,0,0,0,0,0,0,0,0,0,0,0,0,0,0,0,0,0,0,0,0,0,0,0,0,0.39494,0.0286359,0.00954531,0.0286359,0.00954531,0.0286359,0.00954531,0.0286359,0.00954531
112,28339.7,1.77963,1.0029,0.99948,0,0,0,0,0,0,0.15126,0.00274,0.00028,0,0,0,0,0,0,0,0,0,0,0,0,0,0,1.25757,0.46137,0,0,0.48092,0.05787,0.44606,0.48137,0.68431,0.6371,0.65685,0.39577,1.63099,0.86774,0.95521,0,0,0,0,0,0,0,0,0,0,0,0,0,0,0,0,0,0,0,0,0,0,0,0,0,0,0,0,0,0,0,0.39577,0.0286114,0.00953714,0.0286114,0.00953714,0.0286114,0.00953714,0.0286114,0.00953714
113,28603.6,1.76709,0.98401,0.99239,0,0,0,0,0,0,0.1525,0.00272,0.00023,0,0,0,0,0,0,0,0,0,0,0,0,0,0,1.32356,0.46597,0,0,0.48101,0.05792,0.44619,0.48147,0.68524,0.63828,0.65814,0.39673,1.62702,0.86592,0.95447,0,0,0,0,0,0,0,0,0,0,0,0,0,0,0,0,0,0,0,0,0,0,0,0,0,0,0,0,0,0,0,0.39673,0.0285867,0.00952889,0.0285867,0.00952889,0.0285867,0.00952889,0.0285867,0.00952889
114,28864.8,1.76799,0.98456,0.99031,0,0,0,0,0,0,0.1509,0.0027,0.00028,3e-05,0,0,0,0,0,0,0,0,0,0,0,0,0,1.33774,0.46867,0,0,0.48104,0.05785,0.44629,0.4815,0.68087,0.64169,0.65825,0.3977,1.62312,0.86377,0.95384,0,0,0,0,0,0,0,0,0,0,0,0,0,0,0,0,0,0,0,0,0,0,0,0,0,0,0,0,0,0,0,0.3977,0.0285617,0.00952058,0.0285617,0.00952058,0.0285617,0.00952058,0.0285617,0.00952058
115,29071.7,1.76543,0.99143,0.99405,0,0,0,0,0,0,0.15205,0.00269,0.00027,2e-05,0,0,0,0,0,0,0,0,0,0,0,0,0,1.23933,0.46758,0,0,0.48095,0.05787,0.44515,0.48141,0.6825,0.64225,0.66023,0.39908,1.61985,0.86252,0.95313,0,0,0,0,0,0,0,0,0,0,0,0,0,0,0,0,0,0,0,0,0,0,0,0,0,0,0,0,0,0,0,0.39908,0.0285366,0.0095122,0.0285366,0.0095122,0.0285366,0.0095122,0.0285366,0.0095122
116,29335.7,1.75691,0.97248,0.98801,0,0,0,0,0,0,0.1504,0.00272,0.00024,0,0,0,0,0,0,0,0,0,0,0,0,0,0,1.47615,0.47018,0,0,0.48108,0.05792,0.44591,0.48153,0.68413,0.64316,0.66174,0.40024,1.61678,0.86058,0.95247,0,0,0,0,0,0,0,0,0,0,0,0,0,0,0,0,0,0,0,0,0,0,0,0,0,0,0,0,0,0,0,0.40024,0.0285113,0.00950375,0.0285113,0.00950375,0.0285113,0.00950375,0.0285113,0.00950375
117,29595.2,1.74882,0.97712,0.98858,0,0,0,0,0,0,0.14957,0.0027,0.00034,0,0,0,0,0,0,0,0,0,0,0,0,0,0,1.31611,0.46942,0,0,0.48101,0.05791,0.44555,0.48147,0.68898,0.64198,0.66214,0.40145,1.61256,0.8591,0.95177,0,0,0,0,0,0,0,0,0,0,0,0,0,0,0,0,0,0,0,0,0,0,0,0,0,0,0,0,0,0,0,0.40145,0.0284857,0.00949524,0.0284857,0.00949524,0.0284857,0.00949524,0.0284857,0.00949524
118,29859.5,1.74961,0.97301,0.98894,0,0,0,0,0,0,0.14965,0.0027,0.00031,0,0,0,0,0,0,0,0,0,0,0,0,0,0,1.31576,0.46765,0,0,0.48107,0.0579,0.44658,0.48152,0.68751,0.6411,0.66179,0.40204,1.60938,0.85725,0.95113,0,0,0,0,0,0,0,0,0,0,0,0,0,0,0,0,0,0,0,0,0,0,0,0,0,0,0,0,0,0,0,0.40204,0.02846,0.00948665,0.02846,0.00948665,0.02846,0.00948665,0.02846,0.00948665
119,30121.5,1.73662,0.96258,0.98602,0,0,0,0,0,0,0.14957,0.00269,0.00029,0,0,0,0,0,0,0,0,0,0,0,0,0,0,1.27183,0.46528,0,0,0.48101,0.05789,0.44674,0.48146,0.68954,0.6423,0.66297,0.40292,1.60677,0.85557,0.95054,0,0,0,0,0,0,0,0,0,0,0,0,0,0,0,0,0,0,0,0,0,0,0,0,0,0,0,0,0,0,0,0.40292,0.028434,0.009478,0.028434,0.009478,0.028434,0.009478,0.028434,0.009478
120,30376.3,1.74623,0.96658,0.98549,0,0,0,0,0,0,0.14917,0.00272,0.00021,0,0,0,0,0,0,0,0,0,0,0,0,0,0,1.44718,0.47022,0,0,0.48103,0.05791,0.44594,0.48149,0.69135,0.64327,0.66407,0.40345,1.60359,0.85382,0.94986,0,0,0,0,0,0,0,0,0,0,0,0,0,0,0,0,0,0,0,0,0,0,0,0,0,0,0,0,0,0,0,0.40345,0.0284078,0.00946927,0.0284078,0.00946927,0.0284078,0.00946927,0.0284078,0.00946927
121,30628.6,1.72437,0.95536,0.98261,0,0,0,0,0,0,0.14765,0.00273,0.00019,0,0,0,0,0,0,0,0,0,0,0,0,0,0,1.47396,0.47084,0,0,0.48095,0.05791,0.44687,0.48137,0.69366,0.64564,0.66537,0.40465,1.60088,0.85185,0.94922,0,0,0,0,0,0,0,0,0,0,0,0,0,0,0,0,0,0,0,0,0,0,0,0,0,0,0,0,0,0,0,0.40465,0.0283814,0.00946048,0.0283814,0.00946048,0.0283814,0.00946048,0.0283814,0.00946048
122,30889.1,1.75458,0.97455,0.99235,0,0,0,0,0,0,0.14872,0.00272,0.00026,1e-05,0,0,0,0,0,0,0,0,0,0,0,0,0,1.38561,0.4611,0,0,0.48098,0.05789,0.44644,0.48143,0.69361,0.64604,0.66637,0.4057,1.59803,0.8507,0.94852,0,0,0,0,0,0,0,0,0,0,0,0,0,0,0,0,0,0,0,0,0,0,0,0,0,0,0,0,0,0,0,0.4057,0.0283549,0.00945162,0.0283549,0.00945162,0.0283549,0.00945162,0.0283549,0.00945162
123,31152.1,1.72784,0.96075,0.98243,0,0,0,0,0,0,0.14878,0.00271,0.0002,0,0,0,0,0,0,0,0,0,0,0,0,0,0,1.36538,0.46357,0,0,0.48097,0.05787,0.44628,0.48139,0.69467,0.64636,0.66766,0.40666,1.59505,0.84906,0.94786,0,0,0,0,0,0,0,0,0,0,0,0,0,0,0,0,0,0,0,0,0,0,0,0,0,0,0,0,0,0,0,0.40666,0.0283281,0.0094427,0.0283281,0.0094427,0.0283281,0.0094427,0.0283281,0.0094427
124,31428,1.73998,0.96519,0.98583,0,0,0,0,0,0,0.14786,0.0027,0.00021,9e-05,0,0,0,0,0,0,0,0,0,0,0,0,0,1.29798,0.45977,0,0,0.48096,0.05789,0.44495,0.48143,0.69799,0.64511,0.6687,0.40743,1.59157,0.84729,0.94715,0,0,0,0,0,0,0,0,0,0,0,0,0,0,0,0,0,0,0,0,0,0,0,0,0,0,0,0,0,0,0,0.40743,0.0283011,0.0094337,0.0283011,0.0094337,0.0283011,0.0094337,0.0283011,0.0094337
125,31690.5,1.73482,0.96594,0.98162,0,0,0,0,0,0,0.1489,0.0027,0.00028,0,0,0,0,0,0,0,0,0,0,0,0,0,0,1.24173,0.45878,0,0,0.48102,0.05793,0.44652,0.48148,0.69597,0.64744,0.66969,0.40818,1.58861,0.84594,0.94644,0,0,0,0,0,0,0,0,0,0,0,0,0,0,0,0,0,0,0,0,0,0,0,0,0,0,0,0,0,0,0,0.40818,0.0282739,0.00942464,0.0282739,0.00942464,0.0282739,0.00942464,0.0282739,0.00942464
126,31962.6,1.73611,0.95378,0.98133,0,0,0,0,0,0,0.14777,0.00269,0.00019,0,0,0,0,0,0,0,0,0,0,0,0,0,0,1.29101,0.46031,0,0,0.48102,0.05791,0.44498,0.48149,0.70012,0.64886,0.67212,0.40875,1.58601,0.84441,0.94597,0,0,0,0,0,0,0,0,0,0,0,0,0,0,0,0,0,0,0,0,0,0,0,0,0,0,0,0,0,0,0,0.40875,0.0282465,0.00941551,0.0282465,0.00941551,0.0282465,0.00941551,0.0282465,0.00941551
127,32221.3,1.71522,0.95387,0.97801,0,0,0,0,0,0,0.14558,0.00268,0.00029,0,0,0,0,0,0,0,0,0,0,0,0,0,0,1.31757,0.46057,0,0,0.48098,0.05791,0.44651,0.48144,0.70116,0.64818,0.67222,0.40975,1.58302,0.84256,0.94522,0,0,0,0,0,0,0,0,0,0,0,0,0,0,0,0,0,0,0,0,0,0,0,0,0,0,0,0,0,0,0,0.40975,0.0282189,0.00940631,0.0282189,0.00940631,0.0282189,0.00940631,0.0282189,0.00940631
128,32473.1,1.72564,0.95387,0.97902,0,0,0,0,0,0,0.14683,0.00269,0.00019,1e-05,0,0,0,0,0,0,0,0,0,0,0,0,0,1.28,0.45883,0,0,0.4811,0.05793,0.44718,0.48155,0.70294,0.64783,0.67336,0.4105,1.57955,0.84098,0.94442,0,0,0,0,0,0,0,0,0,0,0,0,0,0,0,0,0,0,0,0,0,0,0,0,0,0,0,0,0,0,0,0.4105,0.0281911,0.00939705,0.0281911,0.00939705,0.0281911,0.00939705,0.0281911,0.00939705
129,32727.3,1.72346,0.96085,0.98044,0,0,0,0,0,0,0.14765,0.00274,0.0002,1e-05,0,0,0,0,0,0,0,0,0,0,0,0,0,1.49787,0.46555,0,0,0.48102,0.05791,0.44572,0.48148,0.70223,0.64808,0.67402,0.41134,1.57632,0.83936,0.94403,0,0,0,0,0,0,0,0,0,0,0,0,0,0,0,0,0,0,0,0,0,0,0,0,0,0,0,0,0,0,0,0.41134,0.0281632,0.00938772,0.0281632,0.00938772,0.0281632,0.00938772,0.0281632,0.00938772
130,32846,1.71712,0.94708,0.98203,0,0,0,0,0,0,0.14554,0.0027,0.00025,0,0,0,0,0,0,0,0,0,0,0,0,0,0,1.47492,0.46181,0,0,0.48096,0.05788,0.4459,0.48142,0.70355,0.64879,0.67544,0.41239,1.57291,0.83746,0.94325,0,0,0,0,0,0,0,0,0,0,0,0,0,0,0,0,0,0,0,0,0,0,0,0,0,0,0,0,0,0,0,0.41239,0.028135,0.00937832,0.028135,0.00937832,0.028135,0.00937832,0.028135,0.00937832
131,32959.9,1.71324,0.94394,0.97615,0,0,0,0,0,0,0.14659,0.00269,0.00021,0,0,0,0,0,0,0,0,0,0,0,0,0,0,1.38692,0.46016,0,0,0.48109,0.05794,0.44621,0.48152,0.70705,0.64973,0.67628,0.41299,1.57018,0.83616,0.94262,0,0,0,0,0,0,0,0,0,0,0,0,0,0,0,0,0,0,0,0,0,0,0,0,0,0,0,0,0,0,0,0.41299,0.0281066,0.00936886,0.0281066,0.00936886,0.0281066,0.00936886,0.0281066,0.00936886
132,33072.7,1.71017,0.9475,0.97551,0,0,0,0,0,0,0.14392,0.00269,0.00022,0,0,0,0,0,0,0,0,0,0,0,0,0,0,1.32838,0.45718,0,0,0.48103,0.05792,0.4456,0.48149,0.70674,0.65036,0.67727,0.41426,1.56719,0.83526,0.94193,0,0,0,0,0,0,0,0,0,0,0,0,0,0,0,0,0,0,0,0,0,0,0,0,0,0,0,0,0,0,0,0.41426,0.028078,0.00935932,0.028078,0.00935932,0.028078,0.00935932,0.028078,0.00935932
133,33188,1.70921,0.94162,0.97181,0,0,0,0,0,0,0.14416,0.00268,0.00033,0,0,0,0,0,0,0,0,0,0,0,0,0,0,1.32884,0.46355,0,0,0.48091,0.05785,0.44684,0.48137,0.70737,0.65328,0.67837,0.41456,1.56438,0.83381,0.94137,0,0,0,0,0,0,0,0,0,0,0,0,0,0,0,0,0,0,0,0,0,0,0,0,0,0,0,0,0,0,0,0.41456,0.0280492,0.00934973,0.0280492,0.00934973,0.0280492,0.00934973,0.0280492,0.00934973
134,33303,1.70494,0.94097,0.97398,0,0,0,0,0,0,0.14444,0.00268,0.0003,0,0,0,0,0,0,0,0,0,0,0,0,0,0,1.36971,0.46077,0,0,0.481,0.05793,0.44592,0.48146,0.70628,0.65328,0.67794,0.41534,1.56188,0.83243,0.94085,0,0,0,0,0,0,0,0,0,0,0,0,0,0,0,0,0,0,0,0,0,0,0,0,0,0,0,0,0,0,0,0.41534,0.0280202,0.00934006,0.0280202,0.00934006,0.0280202,0.00934006,0.0280202,0.00934006
135,33414,1.7008,0.93167,0.97621,0,0,0,0,0,0,0.14423,0.00266,0.00021,0,0,0,0,0,0,0,0,0,0,0,0,0,0,1.35677,0.45746,0,0,0.48108,0.05793,0.44636,0.48151,0.70527,0.65435,0.67905,0.41609,1.55944,0.8303,0.94029,0,0,0,0,0,0,0,0,0,0,0,0,0,0,0,0,0,0,0,0,0,0,0,0,0,0,0,0,0,0,0,0.41609,0.027991,0.00933033,0.027991,0.00933033,0.027991,0.00933033,0.027991,0.00933033
136,33531.7,1.71116,0.93716,0.97207,0,0,0,0,0,0,0.14495,0.00268,0.00029,1e-05,0,0,0,0,0,0,0,0,0,0,0,0,0,1.45595,0.46832,0,0,0.48116,0.05794,0.44622,0.48163,0.7026,0.65498,0.67902,0.41666,1.55788,0.82949,0.93974,0,0,0,0,0,0,0,0,0,0,0,0,0,0,0,0,0,0,0,0,0,0,0,0,0,0,0,0,0,0,0,0.41666,0.0279616,0.00932054,0.0279616,0.00932054,0.0279616,0.00932054,0.0279616,0.00932054
137,33642.9,1.69635,0.93388,0.97658,0,0,0,0,0,0,0.14455,0.00268,0.00029,0,0,0,0,0,0,0,0,0,0,0,0,0,0,1.44133,0.46804,0,0,0.48098,0.0579,0.44605,0.48144,0.70554,0.65579,0.6798,0.41694,1.5555,0.8279,0.9392,0,0,0,0,0,0,0,0,0,0,0,0,0,0,0,0,0,0,0,0,0,0,0,0,0,0,0,0,0,0,0,0.41694,0.027932,0.00931067,0.027932,0.00931067,0.027932,0.00931067,0.027932,0.00931067
138,33755.1,1.70217,0.93073,0.97245,0,0,0,0,0,0,0.14414,0.00267,0.00026,0,0,0,0,0,0,0,0,0,0,0,0,0,0,1.38556,0.46032,0,0,0.48099,0.0579,0.44589,0.48145,0.7067,0.65701,0.68175,0.41761,1.55329,0.82661,0.93861,0,0,0,0,0,0,0,0,0,0,0,0,0,0,0,0,0,0,0,0,0,0,0,0,0,0,0,0,0,0,0,0.41761,0.0279022,0.00930075,0.0279022,0.00930075,0.0279022,0.00930075,0.0279022,0.00930075
139,33876.4,1.69207,0.92671,0.97074,0,0,0,0,0,0,0.14275,0.00267,0.00018,0,0,0,0,0,0,0,0,0,0,0,0,0,0,1.36701,0.45977,0,0,0.48095,0.05792,0.44578,0.48142,0.7064,0.65762,0.6822,0.41798,1.55095,0.82504,0.93785,0,0,0,0,0,0,0,0,0,0,0,0,0,0,0,0,0,0,0,0,0,0,0,0,0,0,0,0,0,0,0,0.41798,0.0278723,0.00929075,0.0278723,0.00929075,0.0278723,0.00929075,0.0278723,0.00929075
140,33996.7,1.68835,0.92711,0.96911,0,0,0,0,0,0,0.14448,0.00267,0.00019,0,0,0,0,0,0,0,0,0,0,0,0,0,0,1.34579,0.46136,0,0,0.48102,0.05795,0.44573,0.48149,0.70784,0.65852,0.68308,0.41843,1.54872,0.82326,0.9373,0,0,0,0,0,0,0,0,0,0,0,0,0,0,0,0,0,0,0,0,0,0,0,0,0,0,0,0,0,0,0,0.41843,0.0278421,0.00928069,0.0278421,0.00928069,0.0278421,0.00928069,0.0278421,0.00928069
141,34113.9,1.69162,0.92788,0.97241,0,0,0,0,0,0,0.1456,0.00267,0.0003,5e-05,0,0,0,0,0,0,0,0,0,0,0,0,0,1.30803,0.45665,0,0,0.48094,0.05784,0.4459,0.48141,0.70899,0.65887,0.68297,0.41917,1.54678,0.82178,0.93673,0,0,0,0,0,0,0,0,0,0,0,0,0,0,0,0,0,0,0,0,0,0,0,0,0,0,0,0,0,0,0,0.41917,0.0278117,0.00927057,0.0278117,0.00927057,0.0278117,0.00927057,0.0278117,0.00927057
142,34233.7,1.69208,0.92795,0.97179,0,0,0,0,0,0,0.14505,0.00268,0.00021,0,0,0,0,0,0,0,0,0,0,0,0,0,0,1.35531,0.45569,0,0,0.48098,0.05789,0.44668,0.48143,0.71026,0.65975,0.6832,0.41924,1.54435,0.81986,0.93601,0,0,0,0,0,0,0,0,0,0,0,0,0,0,0,0,0,0,0,0,0,0,0,0,0,0,0,0,0,0,0,0.41924,0.0277811,0.00926038,0.0277811,0.00926038,0.0277811,0.00926038,0.0277811,0.00926038
143,34346.8,1.69003,0.9284,0.96865,0,0,0,0,0,0,0.14277,0.00267,0.0002,1e-05,0,0,0,0,0,0,0,0,0,0,0,0,0,1.34766,0.46559,0,0,0.48104,0.05793,0.44582,0.4815,0.71089,0.65951,0.68329,0.42041,1.54173,0.81868,0.9352,0,0,0,0,0,0,0,0,0,0,0,0,0,0,0,0,0,0,0,0,0,0,0,0,0,0,0,0,0,0,0,0.42041,0.0277504,0.00925013,0.0277504,0.00925013,0.0277504,0.00925013,0.0277504,0.00925013
144,34459.3,1.68516,0.91708,0.96996,0,0,0,0,0,0,0.1422,0.00264,0.00028,0,0,0,0,0,0,0,0,0,0,0,0,0,0,1.36799,0.46529,0,0,0.48097,0.05789,0.44563,0.48143,0.71253,0.65991,0.68387,0.42136,1.53963,0.81704,0.9348,0,0,0,0,0,0,0,0,0,0,0,0,0,0,0,0,0,0,0,0,0,0,0,0,0,0,0,0,0,0,0,0.42136,0.0277194,0.00923981,0.0277194,0.00923981,0.0277194,0.00923981,0.0277194,0.00923981
145,34569.2,1.68262,0.92267,0.96641,0,0,0,0,0,0,0.14212,0.00264,0.00022,0,0,0,0,0,0,0,0,0,0,0,0,0,0,1.34041,0.465,0,0,0.48109,0.05793,0.44583,0.48156,0.71326,0.6605,0.68442,0.42215,1.53767,0.81608,0.93416,0,0,0,0,0,0,0,0,0,0,0,0,0,0,0,0,0,0,0,0,0,0,0,0,0,0,0,0,0,0,0,0.42215,0.0276883,0.00922942,0.0276883,0.00922942,0.0276883,0.00922942,0.0276883,0.00922942
146,34683.8,1.69312,0.92374,0.96947,0,0,0,0,0,0,0.14273,0.00268,0.0003,0,0,0,0,0,0,0,0,0,0,0,0,0,0,1.32603,0.46571,0,0,0.48107,0.05793,0.44609,0.48152,0.71547,0.66003,0.6848,0.42273,1.53568,0.81411,0.93387,0,0,0,0,0,0,0,0,0,0,0,0,0,0,0,0,0,0,0,0,0,0,0,0,0,0,0,0,0,0,0,0.42273,0.0276569,0.00921898,0.0276569,0.00921898,0.0276569,0.00921898,0.0276569,0.00921898
147,34795.8,1.68498,0.91859,0.96562,0,0,0,0,0,0,0.14313,0.00266,0.00025,0,0,0,0,0,0,0,0,0,0,0,0,0,0,1.38296,0.46122,0,0,0.48105,0.05792,0.44607,0.48151,0.7169,0.6616,0.68601,0.42333,1.5345,0.81276,0.93342,0,0,0,0,0,0,0,0,0,0,0,0,0,0,0,0,0,0,0,0,0,0,0,0,0,0,0,0,0,0,0,0.42333,0.0276254,0.00920846,0.0276254,0.00920846,0.0276254,0.00920846,0.0276254,0.00920846
148,34907.4,1.67527,0.91861,0.96693,0,0,0,0,0,0,0.14208,0.00268,0.00019,0,0,0,0,0,0,0,0,0,0,0,0,0,0,1.35423,0.46268,0,0,0.48102,0.05791,0.44531,0.48149,0.71888,0.66197,0.68688,0.4244,1.53209,0.81102,0.93299,0,0,0,0,0,0,0,0,0,0,0,0,0,0,0,0,0,0,0,0,0,0,0,0,0,0,0,0,0,0,0,0.4244,0.0275937,0.00919789,0.0275937,0.00919789,0.0275937,0.00919789,0.0275937,0.00919789
149,35021.9,1.68186,0.92337,0.96553,0,0,0,0,0,0,0.14481,0.00269,0.00025,0,0,0,0,0,0,0,0,0,0,0,0,0,0,1.46848,0.47401,0,0,0.48103,0.05789,0.44624,0.48149,0.72104,0.66308,0.68803,0.4248,1.53035,0.80962,0.93244,0,0,0,0,0,0,0,0,0,0,0,0,0,0,0,0,0,0,0,0,0,0,0,0,0,0,0,0,0,0,0,0.4248,0.0275617,0.00918725,0.0275617,0.00918725,0.0275617,0.00918725,0.0275617,0.00918725
150,35135,1.69031,0.91864,0.96352,0,0,0,0,0,0,0.14205,0.00268,0.0002,2e-05,0,0,0,0,0,0,0,0,0,0,0,0,0,1.3233,0.46162,0,0,0.48104,0.05792,0.44684,0.4815,0.72193,0.66368,0.68841,0.42539,1.52816,0.80769,0.932,0,0,0,0,0,0,0,0,0,0,0,0,0,0,0,0,0,0,0,0,0,0,0,0,0,0,0,0,0,0,0,0.42539,0.0275296,0.00917654,0.0275296,0.00917654,0.0275296,0.00917654,0.0275296,0.00917654
151,35248.8,1.68524,0.92547,0.96877,0,0,0,0,0,0,0.1424,0.00267,0.00026,0,0,0,0,0,0,0,0,0,0,0,0,0,0,1.29463,0.46056,0,0,0.48102,0.05793,0.44553,0.48149,0.72401,0.66432,0.68941,0.42636,1.52533,0.80595,0.93126,0,0,0,0,0,0,0,0,0,0,0,0,0,0,0,0,0,0,0,0,0,0,0,0,0,0,0,0,0,0,0,0.42636,0.0274973,0.00916577,0.0274973,0.00916577,0.0274973,0.00916577,0.0274973,0.00916577
152,35364.3,1.67536,0.91443,0.96495,0,0,0,0,0,0,0.14269,0.00268,0.0002,0,0,0,0,0,0,0,0,0,0,0,0,0,0,1.34801,0.46376,0,0,0.48105,0.0579,0.4458,0.48152,0.72366,0.66562,0.68935,0.42688,1.52309,0.80445,0.93068,0,0,0,0,0,0,0,0,0,0,0,0,0,0,0,0,0,0,0,0,0,0,0,0,0,0,0,0,0,0,0,0.42688,0.0274648,0.00915494,0.0274648,0.00915494,0.0274648,0.00915494,0.0274648,0.00915494
153,35481.1,1.67132,0.91049,0.96306,0,0,0,0,0,0,0.14249,0.00267,0.00024,0,0,0,0,0,0,0,0,0,0,0,0,0,0,1.35889,0.46095,0,0,0.48097,0.05786,0.44604,0.48142,0.72185,0.66657,0.68951,0.42734,1.52036,0.80258,0.93009,0,0,0,0,0,0,0,0,0,0,0,0,0,0,0,0,0,0,0,0,0,0,0,0,0,0,0,0,0,0,0,0.42734,0.0274321,0.00914405,0.0274321,0.00914405,0.0274321,0.00914405,0.0274321,0.00914405
154,35596.3,1.66949,0.91211,0.96226,0,0,0,0,0,0,0.14236,0.00267,0.00029,0,0,0,0,0,0,0,0,0,0,0,0,0,0,1.32832,0.45963,0,0,0.48113,0.05793,0.44622,0.48159,0.72055,0.66661,0.68994,0.42761,1.5182,0.80152,0.92953,0,0,0,0,0,0,0,0,0,0,0,0,0,0,0,0,0,0,0,0,0,0,0,0,0,0,0,0,0,0,0,0.42761,0.0273993,0.00913309,0.0273993,0.00913309,0.0273993,0.00913309,0.0273993,0.00913309
155,35712.6,1.6723,0.90454,0.95824,0,0,0,0,0,0,0.14269,0.00267,0.00023,1e-05,0,0,0,0,0,0,0,0,0,0,0,0,0,1.41496,0.46427,0,0,0.48114,0.05792,0.446,0.48161,0.71945,0.66717,0.69011,0.42797,1.51654,0.7994,0.92929,0,0,0,0,0,0,0,0,0,0,0,0,0,0,0,0,0,0,0,0,0,0,0,0,0,0,0,0,0,0,0,0.42797,0.0273662,0.00912207,0.0273662,0.00912207,0.0273662,0.00912207,0.0273662,0.00912207
156,35827.4,1.67299,0.91238,0.96203,0,0,0,0,0,0,0.14064,0.00267,0.00019,0,0,0,0,0,0,0,0,0,0,0,0,0,0,1.37156,0.46087,0,0,0.48112,0.05791,0.44608,0.48158,0.71764,0.66928,0.69073,0.42887,1.51426,0.7984,0.92866,0,0,0,0,0,0,0,0,0,0,0,0,0,0,0,0,0,0,0,0,0,0,0,0,0,0,0,0,0,0,0,0.42887,0.027333,0.00911099,0.027333,0.00911099,0.027333,0.00911099,0.027333,0.00911099
157,35953.5,1.66901,0.90477,0.96689,0,0,0,0,0,0,0.13983,0.00264,0.00021,0,0,0,0,0,0,0,0,0,0,0,0,0,0,1.31125,0.45863,0,0,0.48099,0.05792,0.44505,0.48147,0.71731,0.67066,0.69181,0.42913,1.51222,0.79732,0.92819,0,0,0,0,0,0,0,0,0,0,0,0,0,0,0,0,0,0,0,0,0,0,0,0,0,0,0,0,0,0,0,0.42913,0.0272995,0.00909984,0.0272995,0.00909984,0.0272995,0.00909984,0.0272995,0.00909984
158,36083.2,1.66521,0.90577,0.96387,0,0,0,0,0,0,0.1412,0.00264,0.00017,4e-05,0,0,0,0,0,0,0,0,0,0,0,0,0,1.34934,0.46149,0,0,0.48097,0.05788,0.44547,0.48144,0.71953,0.67055,0.69276,0.43014,1.50959,0.79557,0.92756,0,0,0,0,0,0,0,0,0,0,0,0,0,0,0,0,0,0,0,0,0,0,0,0,0,0,0,0,0,0,0,0.43014,0.0272659,0.00908863,0.0272659,0.00908863,0.0272659,0.00908863,0.0272659,0.00908863
159,36218.9,1.66326,0.89674,0.9666,0,0,0,0,0,0,0.14092,0.00265,0.00022,0,0,0,0,0,0,0,0,0,0,0,0,0,0,1.34456,0.45857,0,0,0.48102,0.05789,0.44624,0.48148,0.72032,0.67106,0.69381,0.43079,1.50736,0.79441,0.92707,0,0,0,0,0,0,0,0,0,0,0,0,0,0,0,0,0,0,0,0,0,0,0,0,0,0,0,0,0,0,0,0.43079,0.0272321,0.00907736,0.0272321,0.00907736,0.0272321,0.00907736,0.0272321,0.00907736
160,36350.1,1.65925,0.90353,0.96043,0,0,0,0,0,0,0.141,0.00263,0.00023,0,0,0,0,0,0,0,0,0,0,0,0,0,0,1.33045,0.45604,0,0,0.48102,0.05793,0.44525,0.4815,0.72244,0.67162,0.69439,0.43114,1.50581,0.79294,0.92653,0,0,0,0,0,0,0,0,0,0,0,0,0,0,0,0,0,0,0,0,0,0,0,0,0,0,0,0,0,0,0,0.43114,0.0271981,0.00906603,0.0271981,0.00906603,0.0271981,0.00906603,0.0271981,0.00906603
161,36481.7,1.66163,0.9064,0.95986,0,0,0,0,0,0,0.14097,0.00263,0.00025,0,0,0,0,0,0,0,0,0,0,0,0,0,0,1.3384,0.45597,0,0,0.48104,0.05791,0.44542,0.4815,0.72384,0.67165,0.69473,0.43112,1.50414,0.7916,0.92608,0,0,0,0,0,0,0,0,0,0,0,0,0,0,0,0,0,0,0,0,0,0,0,0,0,0,0,0,0,0,0,0.43112,0.0271639,0.00905463,0.0271639,0.00905463,0.0271639,0.00905463,0.0271639,0.00905463
162,36609,1.66945,0.90632,0.96143,0,0,0,0,0,0,0.14009,0.00265,0.00022,1e-05,0,0,0,0,0,0,0,0,0,0,0,0,0,1.44362,0.46326,0,0,0.481,0.05787,0.44554,0.48147,0.72413,0.6714,0.6954,0.43202,1.50162,0.79025,0.92546,0,0,0,0,0,0,0,0,0,0,0,0,0,0,0,0,0,0,0,0,0,0,0,0,0,0,0,0,0,0,0,0.43202,0.0271295,0.00904318,0.0271295,0.00904318,0.0271295,0.00904318,0.0271295,0.00904318
163,36730.4,1.65084,0.89562,0.96225,0,0,0,0,0,0,0.14269,0.00265,0.0002,0,0,0,0,0,0,0,0,0,0,0,0,0,0,1.33549,0.45423,0,0,0.48095,0.05793,0.44587,0.48138,0.72478,0.67192,0.69586,0.43236,1.49949,0.7887,0.92489,0,0,0,0,0,0,0,0,0,0,0,0,0,0,0,0,0,0,0,0,0,0,0,0,0,0,0,0,0,0,0,0.43236,0.027095,0.00903166,0.027095,0.00903166,0.027095,0.00903166,0.027095,0.00903166
164,36856.9,1.65892,0.89943,0.95903,0,0,0,0,0,0,0.14117,0.00264,0.00023,0,0,0,0,0,0,0,0,0,0,0,0,0,0,1.35261,0.45437,0,0,0.48107,0.05789,0.44563,0.48153,0.72837,0.6729,0.69673,0.43281,1.49772,0.78751,0.92449,0,0,0,0,0,0,0,0,0,0,0,0,0,0,0,0,0,0,0,0,0,0,0,0,0,0,0,0,0,0,0,0.43281,0.0270602,0.00902008,0.0270602,0.00902008,0.0270602,0.00902008,0.0270602,0.00902008
165,36978.1,1.64519,0.89218,0.96017,0,0,0,0,0,0,0.13988,0.00263,0.00021,0,0,0,0,0,0,0,0,0,0,0,0,0,0,1.36656,0.45751,0,0,0.48097,0.05787,0.44598,0.48143,0.72882,0.67389,0.69722,0.43343,1.49544,0.78574,0.92397,0,0,0,0,0,0,0,0,0,0,0,0,0,0,0,0,0,0,0,0,0,0,0,0,0,0,0,0,0,0,0,0.43343,0.0270253,0.00900844,0.0270253,0.00900844,0.0270253,0.00900844,0.0270253,0.00900844
166,37101.6,1.64757,0.89644,0.95401,0,0,0,0,0,0,0.14012,0.00264,0.00019,0,0,0,0,0,0,0,0,0,0,0,0,0,0,1.36919,0.45652,0,0,0.48112,0.05792,0.44529,0.48159,0.73003,0.67455,0.69767,0.43396,1.49353,0.78414,0.92324,0,0,0,0,0,0,0,0,0,0,0,0,0,0,0,0,0,0,0,0,0,0,0,0,0,0,0,0,0,0,0,0.43396,0.0269902,0.00899674,0.0269902,0.00899674,0.0269902,0.00899674,0.0269902,0.00899674
167,37219.2,1.64217,0.89288,0.95792,0,0,0,0,0,0,0.14106,0.00265,0.00025,0,0,0,0,0,0,0,0,0,0,0,0,0,0,1.32473,0.458,0,0,0.48101,0.05789,0.44567,0.48148,0.73068,0.67573,0.69849,0.43458,1.49142,0.78286,0.92265,0,0,0,0,0,0,0,0,0,0,0,0,0,0,0,0,0,0,0,0,0,0,0,0,0,0,0,0,0,0,0,0.43458,0.0269549,0.00898497,0.0269549,0.00898497,0.0269549,0.00898497,0.0269549,0.00898497
168,37333.1,1.65172,0.8961,0.95968,0,0,0,0,0,0,0.14152,0.00263,0.00018,0,0,0,0,0,0,0,0,0,0,0,0,0,0,1.33214,0.45762,0,0,0.48106,0.05792,0.44626,0.48152,0.73254,0.675,0.69894,0.43495,1.48982,0.78181,0.9222,0,0,0,0,0,0,0,0,0,0,0,0,0,0,0,0,0,0,0,0,0,0,0,0,0,0,0,0,0,0,0,0.43495,0.0269195,0.00897315,0.0269195,0.00897315,0.0269195,0.00897315,0.0269195,0.00897315
169,37447.9,1.6475,0.89534,0.9591,0,0,0,0,0,0,0.14005,0.00264,0.00021,0,0,0,0,0,0,0,0,0,0,0,0,0,0,1.3461,0.45491,0,0,0.48106,0.05794,0.44716,0.48151,0.73324,0.67469,0.69923,0.43517,1.4882,0.78043,0.92185,0,0,0,0,0,0,0,0,0,0,0,0,0,0,0,0,0,0,0,0,0,0,0,0,0,0,0,0,0,0,0,0.43517,0.0268838,0.00896127,0.0268838,0.00896127,0.0268838,0.00896127,0.0268838,0.00896127
170,37567,1.64586,0.89177,0.95636,0,0,0,0,0,0,0.13816,0.00261,0.00019,1e-05,0,0,0,0,0,0,0,0,0,0,0,0,0,1.32606,0.45261,0,0,0.48099,0.0579,0.44506,0.48147,0.73338,0.67628,0.7004,0.43594,1.48616,0.77934,0.92134,0,0,0,0,0,0,0,0,0,0,0,0,0,0,0,0,0,0,0,0,0,0,0,0,0,0,0,0,0,0,0,0.43594,0.026848,0.00894932,0.026848,0.00894932,0.026848,0.00894932,0.026848,0.00894932
171,37685.2,1.6406,0.88446,0.95392,0,0,0,0,0,0,0.13978,0.00261,0.00019,0,0,0,0,0,0,0,0,0,0,0,0,0,0,1.32784,0.45102,0,0,0.48103,0.05795,0.4461,0.48148,0.73576,0.67578,0.70165,0.43649,1.48441,0.77796,0.92092,0,0,0,0,0,0,0,0,0,0,0,0,0,0,0,0,0,0,0,0,0,0,0,0,0,0,0,0,0,0,0,0.43649,0.026812,0.00893732,0.026812,0.00893732,0.026812,0.00893732,0.026812,0.00893732
172,37806.3,1.64737,0.8892,0.95685,0,0,0,0,0,0,0.13973,0.0026,0.00018,2e-05,0,0,0,0,0,0,0,0,0,0,0,0,0,1.34906,0.4544,0,0,0.48103,0.0579,0.4463,0.4815,0.73599,0.67728,0.70233,0.43671,1.48276,0.77674,0.9205,0,0,0,0,0,0,0,0,0,0,0,0,0,0,0,0,0,0,0,0,0,0,0,0,0,0,0,0,0,0,0,0.43671,0.0267758,0.00892525,0.0267758,0.00892525,0.0267758,0.00892525,0.0267758,0.00892525
173,37935.6,1.64946,0.89131,0.9571,0,0,0,0,0,0,0.14017,0.00261,0.00021,0,0,0,0,0,0,0,0,0,0,0,0,0,0,1.32472,0.45559,0,0,0.48104,0.0579,0.44659,0.48149,0.73795,0.67814,0.70323,0.43753,1.48107,0.7759,0.9201,0,0,0,0,0,0,0,0,0,0,0,0,0,0,0,0,0,0,0,0,0,0,0,0,0,0,0,0,0,0,0,0.43753,0.0267394,0.00891313,0.0267394,0.00891313,0.0267394,0.00891313,0.0267394,0.00891313
174,38061.9,1.64934,0.8913,0.95814,0,0,0,0,0,0,0.13885,0.00261,0.0002,0,0,0,0,0,0,0,0,0,0,0,0,0,0,1.36098,0.45868,0,0,0.48097,0.05788,0.44611,0.48145,0.73666,0.67764,0.70326,0.438,1.47933,0.77495,0.91967,0,0,0,0,0,0,0,0,0,0,0,0,0,0,0,0,0,0,0,0,0,0,0,0,0,0,0,0,0,0,0,0.438,0.0267028,0.00890095,0.0267028,0.00890095,0.0267028,0.00890095,0.0267028,0.00890095
175,38189.4,1.63243,0.88306,0.95612,0,0,0,0,0,0,0.13938,0.00262,0.0002,1e-05,0,0,0,0,0,0,0,0,0,0,0,0,0,1.45,0.4588,0,0,0.48106,0.05789,0.44662,0.48152,0.73862,0.677,0.70355,0.43896,1.47781,0.77405,0.91927,0,0,0,0,0,0,0,0,0,0,0,0,0,0,0,0,0,0,0,0,0,0,0,0,0,0,0,0,0,0,0,0.43896,0.0266661,0.0088887,0.0266661,0.0088887,0.0266661,0.0088887,0.0266661,0.0088887
176,38321.5,1.64726,0.88697,0.95848,0,0,0,0,0,0,0.13995,0.00262,0.00019,0,0,0,0,0,0,0,0,0,0,0,0,0,0,1.46344,0.46125,0,0,0.48112,0.05797,0.44616,0.48159,0.73969,0.67899,0.70511,0.43924,1.47575,0.77273,0.91892,0,0,0,0,0,0,0,0,0,0,0,0,0,0,0,0,0,0,0,0,0,0,0,0,0,0,0,0,0,0,0,0.43924,0.0266292,0.0088764,0.0266292,0.0088764,0.0266292,0.0088764,0.0266292,0.0088764
177,38449.5,1.64141,0.88173,0.95572,0,0,0,0,0,0,0.1387,0.0026,0.00019,0,0,0,0,0,0,0,0,0,0,0,0,0,0,1.36591,0.45515,0,0,0.48104,0.05789,0.44551,0.48148,0.74045,0.67879,0.70507,0.43956,1.47364,0.77169,0.91849,0,0,0,0,0,0,0,0,0,0,0,0,0,0,0,0,0,0,0,0,0,0,0,0,0,0,0,0,0,0,0,0.43956,0.0265921,0.00886404,0.0265921,0.00886404,0.0265921,0.00886404,0.0265921,0.00886404
178,38573.2,1.63135,0.88423,0.95673,0,0,0,0,0,0,0.1398,0.0026,0.00028,2e-05,0,0,0,0,0,0,0,0,0,0,0,0,0,1.32196,0.4505,0,0,0.481,0.05791,0.4461,0.48146,0.7391,0.68007,0.70629,0.43991,1.47169,0.77039,0.91805,0,0,0,0,0,0,0,0,0,0,0,0,0,0,0,0,0,0,0,0,0,0,0,0,0,0,0,0,0,0,0,0.43991,0.0265549,0.00885162,0.0265549,0.00885162,0.0265549,0.00885162,0.0265549,0.00885162
179,38697.7,1.63364,0.88108,0.95311,0,0,0,0,0,0,0.14144,0.00264,0.00018,0,0,0,0,0,0,0,0,0,0,0,0,0,0,1.4743,0.45129,0,0,0.48101,0.05788,0.44616,0.48147,0.73771,0.68145,0.70607,0.44005,1.46985,0.76917,0.91762,0,0,0,0,0,0,0,0,0,0,0,0,0,0,0,0,0,0,0,0,0,0,0,0,0,0,0,0,0,0,0,0.44005,0.0265174,0.00883914,0.0265174,0.00883914,0.0265174,0.00883914,0.0265174,0.00883914
180,38819.5,1.63918,0.88317,0.95595,0,0,0,0,0,0,0.13819,0.00264,0.00029,2e-05,0,0,0,0,0,0,0,0,0,0,0,0,0,1.39899,0.45162,0,0,0.48111,0.05794,0.44603,0.48158,0.73932,0.68162,0.70609,0.44089,1.46829,0.76769,0.91724,0,0,0,0,0,0,0,0,0,0,0,0,0,0,0,0,0,0,0,0,0,0,0,0,0,0,0,0,0,0,0,0.44089,0.0264798,0.0088266,0.0264798,0.0088266,0.0264798,0.0088266,0.0264798,0.0088266
181,38948.1,1.64108,0.88453,0.95673,0,0,0,0,0,0,0.13901,0.00261,0.00019,0,0,0,0,0,0,0,0,0,0,0,0,0,0,1.33861,0.4505,0,0,0.48102,0.05792,0.44619,0.48149,0.7411,0.68181,0.70634,0.44152,1.46633,0.76631,0.91725,0,0,0,0,0,0,0,0,0,0,0,0,0,0,0,0,0,0,0,0,0,0,0,0,0,0,0,0,0,0,0,0.44152,0.026442,0.00881401,0.026442,0.00881401,0.026442,0.00881401,0.026442,0.00881401
182,39090.8,1.63836,0.88149,0.95424,0,0,0,0,0,0,0.13902,0.0026,0.00025,4e-05,0,0,0,0,0,0,0,0,0,0,0,0,0,1.30226,0.44899,0,0,0.48099,0.05791,0.44605,0.48145,0.74115,0.68141,0.7057,0.44188,1.46453,0.76516,0.91679,0,0,0,0,0,0,0,0,0,0,0,0,0,0,0,0,0,0,0,0,0,0,0,0,0,0,0,0,0,0,0,0.44188,0.0264041,0.00880136,0.0264041,0.00880136,0.0264041,0.00880136,0.0264041,0.00880136
183,39241.3,1.62786,0.87404,0.9516,0,0,0,0,0,0,0.13841,0.00258,0.00021,0,0,0,0,0,0,0,0,0,0,0,0,0,0,1.31813,0.45312,0,0,0.48106,0.05791,0.44657,0.48148,0.74074,0.68177,0.70631,0.44197,1.4626,0.76378,0.91632,0,0,0,0,0,0,0,0,0,0,0,0,0,0,0,0,0,0,0,0,0,0,0,0,0,0,0,0,0,0,0,0.44197,0.0263659,0.00878864,0.0263659,0.00878864,0.0263659,0.00878864,0.0263659,0.00878864
184,39393.2,1.63729,0.88047,0.9489,0,0,0,0,0,0,0.13929,0.00257,0.00022,0,0,0,0,0,0,0,0,0,0,0,0,0,0,1.35131,0.4539,0,0,0.48107,0.05791,0.44633,0.48153,0.73959,0.68213,0.70618,0.44286,1.46124,0.76261,0.91588,0,0,0,0,0,0,0,0,0,0,0,0,0,0,0,0,0,0,0,0,0,0,0,0,0,0,0,0,0,0,0,0.44286,0.0263276,0.00877588,0.0263276,0.00877588,0.0263276,0.00877588,0.0263276,0.00877588
185,39527.6,1.62313,0.87848,0.95277,0,0,0,0,0,0,0.13818,0.00259,0.00025,0,0,0,0,0,0,0,0,0,0,0,0,0,0,1.31233,0.45639,0,0,0.48097,0.0579,0.44526,0.48145,0.741,0.68329,0.70692,0.44363,1.45896,0.7613,0.91544,0,0,0,0,0,0,0,0,0,0,0,0,0,0,0,0,0,0,0,0,0,0,0,0,0,0,0,0,0,0,0,0.44363,0.0262891,0.00876305,0.0262891,0.00876305,0.0262891,0.00876305,0.0262891,0.00876305
186,39659.8,1.62823,0.87615,0.95053,0,0,0,0,0,0,0.13684,0.00257,0.00023,0,0,0,0,0,0,0,0,0,0,0,0,0,0,1.25518,0.45057,0,0,0.48108,0.05793,0.44599,0.48155,0.74181,0.68355,0.70784,0.44428,1.45736,0.76026,0.91502,0,0,0,0,0,0,0,0,0,0,0,0,0,0,0,0,0,0,0,0,0,0,0,0,0,0,0,0,0,0,0,0.44428,0.0262505,0.00875017,0.0262505,0.00875017,0.0262505,0.00875017,0.0262505,0.00875017
187,39797.8,1.62698,0.87547,0.95072,0,0,0,0,0,0,0.13769,0.00256,0.00026,0,0,0,0,0,0,0,0,0,0,0,0,0,0,1.32572,0.45171,0,0,0.48106,0.05792,0.44562,0.48152,0.74092,0.68385,0.70712,0.4449,1.45528,0.75896,0.91463,0,0,0,0,0,0,0,0,0,0,0,0,0,0,0,0,0,0,0,0,0,0,0,0,0,0,0,0,0,0,0,0.4449,0.0262117,0.00873723,0.0262117,0.00873723,0.0262117,0.00873723,0.0262117,0.00873723
188,39931.8,1.62407,0.87723,0.9505,0,0,0,0,0,0,0.13797,0.00258,0.00019,3e-05,0,0,0,0,0,0,0,0,0,0,0,0,0,1.47595,0.45867,0,0,0.48104,0.05792,0.4465,0.48151,0.74163,0.68498,0.70803,0.4453,1.45372,0.75788,0.91415,0,0,0,0,0,0,0,0,0,0,0,0,0,0,0,0,0,0,0,0,0,0,0,0,0,0,0,0,0,0,0,0.4453,0.0261727,0.00872423,0.0261727,0.00872423,0.0261727,0.00872423,0.0261727,0.00872423
189,40064.9,1.62126,0.87427,0.95516,0,0,0,0,0,0,0.13737,0.00259,0.00021,6e-05,0,0,0,0,0,0,0,0,0,0,0,0,0,1.32408,0.45366,0,0,0.48097,0.05792,0.44634,0.48144,0.74366,0.68421,0.70829,0.44525,1.45231,0.75684,0.91378,0,0,0,0,0,0,0,0,0,0,0,0,0,0,0,0,0,0,0,0,0,0,0,0,0,0,0,0,0,0,0,0.44525,0.0261335,0.00871117,0.0261335,0.00871117,0.0261335,0.00871117,0.0261335,0.00871117
190,40191.9,1.61736,0.87153,0.9502,0,0,0,0,0,0,0.13711,0.00258,0.0002,0,0,0,0,0,0,0,0,0,0,0,0,0,0,1.35254,0.45211,0,0,0.4811,0.05797,0.44662,0.48155,0.74503,0.68454,0.7093,0.44564,1.45027,0.75546,0.91345,0,0,0,0,0,0,0,0,0,0,0,0,0,0,0,0,0,0,0,0,0,0,0,0,0,0,0,0,0,0,0,0.44564,0.0260942,0.00869806,0.0260942,0.00869806,0.0260942,0.00869806,0.0260942,0.00869806
191,40319.4,1.62477,0.87335,0.95219,0,0,0,0,0,0,0.13669,0.00257,0.00023,4e-05,0,0,0,0,0,0,0,0,0,0,0,0,0,1.37317,0.44839,0,0,0.48098,0.05788,0.44593,0.48145,0.74537,0.68488,0.70977,0.44643,1.44773,0.75439,0.91244,0,0,0,0,0,0,0,0,0,0,0,0,0,0,0,0,0,0,0,0,0,0,0,0,0,0,0,0,0,0,0,0.44643,0.0260547,0.0086849,0.0260547,0.0086849,0.0260547,0.0086849,0.0260547,0.0086849
192,40447.7,1.61368,0.86817,0.94633,0,0,0,0,0,0,0.13615,0.00255,0.00021,0,0,0,0,0,0,0,0,0,0,0,0,0,0,1.30698,0.45251,0,0,0.48105,0.05794,0.44591,0.48152,0.74662,0.6864,0.71057,0.44651,1.44612,0.75304,0.91213,0,0,0,0,0,0,0,0,0,0,0,0,0,0,0,0,0,0,0,0,0,0,0,0,0,0,0,0,0,0,0,0.44651,0.026015,0.00867167,0.026015,0.00867167,0.026015,0.00867167,0.026015,0.00867167
193,40578.8,1.61546,0.86998,0.9505,0,0,0,0,0,0,0.13687,0.00255,0.00019,6e-05,0,0,0,0,0,0,0,0,0,0,0,0,0,1.35545,0.45068,0,0,0.48097,0.05791,0.44631,0.48143,0.74837,0.6864,0.71189,0.44697,1.44481,0.75199,0.91216,0,0,0,0,0,0,0,0,0,0,0,0,0,0,0,0,0,0,0,0,0,0,0,0,0,0,0,0,0,0,0,0.44697,0.0259752,0.00865839,0.0259752,0.00865839,0.0259752,0.00865839,0.0259752,0.00865839
194,40708.9,1.62466,0.87547,0.95263,0,0,0,0,0,0,0.13776,0.00254,0.0002,0,0,0,0,0,0,0,0,0,0,0,0,0,0,1.36083,0.45518,0,0,0.48109,0.0579,0.44572,0.48155,0.74863,0.68825,0.71279,0.44733,1.44272,0.7507,0.91172,0,0,0,0,0,0,0,0,0,0,0,0,0,0,0,0,0,0,0,0,0,0,0,0,0,0,0,0,0,0,0,0.44733,0.0259352,0.00864506,0.0259352,0.00864506,0.0259352,0.00864506,0.0259352,0.00864506
195,40843.9,1.61194,0.86861,0.94941,0,0,0,0,0,0,0.13699,0.00255,0.00025,0,0,0,0,0,0,0,0,0,0,0,0,0,0,1.39271,0.45596,0,0,0.481,0.05789,0.44623,0.48146,0.74984,0.68797,0.71332,0.44773,1.44102,0.74906,0.91141,0,0,0,0,0,0,0,0,0,0,0,0,0,0,0,0,0,0,0,0,0,0,0,0,0,0,0,0,0,0,0,0.44773,0.025895,0.00863167,0.025895,0.00863167,0.025895,0.00863167,0.025895,0.00863167
196,40986.6,1.61946,0.87357,0.95113,0,0,0,0,0,0,0.13763,0.00255,0.00025,0,0,0,0,0,0,0,0,0,0,0,0,0,0,1.32034,0.45036,0,0,0.48104,0.05791,0.44563,0.4815,0.74903,0.68965,0.71434,0.44825,1.4395,0.74814,0.91106,0,0,0,0,0,0,0,0,0,0,0,0,0,0,0,0,0,0,0,0,0,0,0,0,0,0,0,0,0,0,0,0.44825,0.0258547,0.00861823,0.0258547,0.00861823,0.0258547,0.00861823,0.0258547,0.00861823
197,41125,1.61369,0.86196,0.94845,0,0,0,0,0,0,0.13608,0.00256,0.00021,2e-05,0,0,0,0,0,0,0,0,0,0,0,0,0,1.40708,0.45274,0,0,0.481,0.05791,0.44506,0.48146,0.74795,0.68927,0.71483,0.44859,1.43773,0.7465,0.91062,0,0,0,0,0,0,0,0,0,0,0,0,0,0,0,0,0,0,0,0,0,0,0,0,0,0,0,0,0,0,0,0.44859,0.0258142,0.00860473,0.0258142,0.00860473,0.0258142,0.00860473,0.0258142,0.00860473
198,41260.7,1.61385,0.86779,0.95015,0,0,0,0,0,0,0.13522,0.00255,0.00026,0,0,0,0,0,0,0,0,0,0,0,0,0,0,1.3846,0.4467,0,0,0.48101,0.05792,0.44617,0.48148,0.75023,0.69022,0.71526,0.44924,1.43603,0.74548,0.91019,0,0,0,0,0,0,0,0,0,0,0,0,0,0,0,0,0,0,0,0,0,0,0,0,0,0,0,0,0,0,0,0.44924,0.0257735,0.00859117,0.0257735,0.00859117,0.0257735,0.00859117,0.0257735,0.00859117
199,41403.9,1.60506,0.86209,0.94981,0,0,0,0,0,0,0.13597,0.00255,0.00022,0,0,0,0,0,0,0,0,0,0,0,0,0,0,1.36119,0.44781,0,0,0.48098,0.0579,0.44625,0.48144,0.75283,0.69073,0.7159,0.45003,1.43385,0.74422,0.90975,0,0,0,0,0,0,0,0,0,0,0,0,0,0,0,0,0,0,0,0,0,0,0,0,0,0,0,0,0,0,0,0.45003,0.0257327,0.00857756,0.0257327,0.00857756,0.0257327,0.00857756,0.0257327,0.00857756
200,41545.8,1.60053,0.85472,0.94661,0,0,0,0,0,0,0.13702,0.00254,0.00025,0,0,0,0,0,0,0,0,0,0,0,0,0,0,1.32195,0.44748,0,0,0.48107,0.05789,0.44609,0.48154,0.75181,0.69077,0.71683,0.45053,1.43249,0.74311,0.90952,0,0,0,0,0,0,0,0,0,0,0,0,0,0,0,0,0,0,0,0,0,0,0,0,0,0,0,0,0,0,0,0.45053,0.0256917,0.0085639,0.0256917,0.0085639,0.0256917,0.0085639,0.0256917,0.0085639
201,41685.5,1.60893,0.86537,0.94941,0,0,0,0,0,0,0.13802,0.00255,0.00018,2e-05,0,0,0,0,0,0,0,0,0,0,0,0,0,1.34146,0.44739,0,0,0.48096,0.05792,0.44613,0.48143,0.7519,0.69146,0.71767,0.45082,1.43072,0.74192,0.90908,0,0,0,0,0,0,0,0,0,0,0,0,0,0,0,0,0,0,0,0,0,0,0,0,0,0,0,0,0,0,0,0.45082,0.0256505,0.00855018,0.0256505,0.00855018,0.0256505,0.00855018,0.0256505,0.00855018
202,41841.1,1.60249,0.85552,0.94538,0,0,0,0,0,0,0.13736,0.00254,0.00016,0,0,0,0,0,0,0,0,0,0,0,0,0,0,1.36763,0.45041,0,0,0.48107,0.05794,0.44654,0.48153,0.75301,0.69129,0.71797,0.45092,1.42936,0.74076,0.90888,0,0,0,0,0,0,0,0,0,0,0,0,0,0,0,0,0,0,0,0,0,0,0,0,0,0,0,0,0,0,0,0.45092,0.0256092,0.00853641,0.0256092,0.00853641,0.0256092,0.00853641,0.0256092,0.00853641
203,41995,1.60409,0.8631,0.94725,0,0,0,0,0,0,0.13648,0.00255,0.00017,0,0,0,0,0,0,0,0,0,0,0,0,0,0,1.32404,0.44475,0,0,0.48107,0.05791,0.44544,0.48154,0.75363,0.69086,0.71772,0.45147,1.42764,0.73958,0.90857,0,0,0,0,0,0,0,0,0,0,0,0,0,0,0,0,0,0,0,0,0,0,0,0,0,0,0,0,0,0,0,0.45147,0.0255677,0.00852258,0.0255677,0.00852258,0.0255677,0.00852258,0.0255677,0.00852258
204,42141.4,1.60692,0.86556,0.94883,0,0,0,0,0,0,0.13578,0.00256,0.00034,2e-05,0,0,0,0,0,0,0,0,0,0,0,0,0,1.31738,0.44363,0,0,0.48096,0.05788,0.44532,0.48143,0.75633,0.69105,0.71812,0.45183,1.42633,0.73852,0.90825,0,0,0,0,0,0,0,0,0,0,0,0,0,0,0,0,0,0,0,0,0,0,0,0,0,0,0,0,0,0,0,0.45183,0.0255261,0.0085087,0.0255261,0.0085087,0.0255261,0.0085087,0.0255261,0.0085087
205,42283.4,1.60386,0.8588,0.94544,0,0,0,0,0,0,0.13617,0.00253,0.00028,0,0,0,0,0,0,0,0,0,0,0,0,0,0,1.31899,0.44563,0,0,0.48105,0.0579,0.44528,0.48152,0.75738,0.69074,0.71844,0.45228,1.4252,0.73743,0.90806,0,0,0,0,0,0,0,0,0,0,0,0,0,0,0,0,0,0,0,0,0,0,0,0,0,0,0,0,0,0,0,0.45228,0.0254843,0.00849477,0.0254843,0.00849477,0.0254843,0.00849477,0.0254843,0.00849477
206,42418.2,1.59264,0.85133,0.94452,0,0,0,0,0,0,0.13513,0.00254,0.00026,0,0,0,0,0,0,0,0,0,0,0,0,0,0,1.24892,0.44202,0,0,0.481,0.0579,0.44611,0.48146,0.75669,0.69147,0.71899,0.45251,1.4234,0.73615,0.90773,0,0,0,0,0,0,0,0,0,0,0,0,0,0,0,0,0,0,0,0,0,0,0,0,0,0,0,0,0,0,0,0.45251,0.0254423,0.00848078,0.0254423,0.00848078,0.0254423,0.00848078,0.0254423,0.00848078
207,42564.3,1.60642,0.85877,0.94693,0,0,0,0,0,0,0.13508,0.00251,0.00025,0,0,0,0,0,0,0,0,0,0,0,0,0,0,1.34083,0.44635,0,0,0.48104,0.05789,0.44584,0.48151,0.75778,0.69125,0.71891,0.45327,1.42163,0.73501,0.9075,0,0,0,0,0,0,0,0,0,0,0,0,0,0,0,0,0,0,0,0,0,0,0,0,0,0,0,0,0,0,0,0.45327,0.0254002,0.00846674,0.0254002,0.00846674,0.0254002,0.00846674,0.0254002,0.00846674
208,42700.4,1.58973,0.85052,0.94514,0,0,0,0,0,0,0.13434,0.00251,0.00028,1e-05,0,0,0,0,0,0,0,0,0,0,0,0,0,1.37995,0.44859,0,0,0.481,0.0579,0.44485,0.48147,0.76126,0.6912,0.7199,0.45367,1.42,0.73347,0.90726,0,0,0,0,0,0,0,0,0,0,0,0,0,0,0,0,0,0,0,0,0,0,0,0,0,0,0,0,0,0,0,0.45367,0.025358,0.00845265,0.025358,0.00845265,0.025358,0.00845265,0.025358,0.00845265
209,42840.5,1.60322,0.85274,0.94626,0,0,0,0,0,0,0.13606,0.00252,0.00018,0,0,0,0,0,0,0,0,0,0,0,0,0,0,1.3531,0.44783,0,0,0.48113,0.05793,0.44624,0.48156,0.76216,0.6903,0.71991,0.45373,1.41915,0.73233,0.90687,0,0,0,0,0,0,0,0,0,0,0,0,0,0,0,0,0,0,0,0,0,0,0,0,0,0,0,0,0,0,0,0.45373,0.0253155,0.00843851,0.0253155,0.00843851,0.0253155,0.00843851,0.0253155,0.00843851
210,42972.5,1.60167,0.8574,0.94541,0,0,0,0,0,0,0.13601,0.00253,0.00022,0,0,0,0,0,0,0,0,0,0,0,0,0,0,1.32217,0.44624,0,0,0.481,0.0579,0.44652,0.48147,0.76249,0.69061,0.72082,0.45417,1.41769,0.73157,0.9066,0,0,0,0,0,0,0,0,0,0,0,0,0,0,0,0,0,0,0,0,0,0,0,0,0,0,0,0,0,0,0,0.45417,0.0252729,0.00842431,0.0252729,0.00842431,0.0252729,0.00842431,0.0252729,0.00842431
211,43098.8,1.59416,0.85653,0.94997,0,0,0,0,0,0,0.13607,0.00252,0.00019,0,0,0,0,0,0,0,0,0,0,0,0,0,0,1.30441,0.44464,0,0,0.48092,0.05788,0.44628,0.48137,0.76509,0.69157,0.72176,0.45426,1.41648,0.7308,0.90622,0,0,0,0,0,0,0,0,0,0,0,0,0,0,0,0,0,0,0,0,0,0,0,0,0,0,0,0,0,0,0,0.45426,0.0252302,0.00841006,0.0252302,0.00841006,0.0252302,0.00841006,0.0252302,0.00841006
212,43234.1,1.60105,0.85716,0.94713,0,0,0,0,0,0,0.13542,0.00252,0.00027,0,0,0,0,0,0,0,0,0,0,0,0,0,0,1.28708,0.44292,0,0,0.48108,0.05793,0.4462,0.48153,0.76847,0.6922,0.72238,0.4547,1.41503,0.73024,0.90591,0,0,0,0,0,0,0,0,0,0,0,0,0,0,0,0,0,0,0,0,0,0,0,0,0,0,0,0,0,0,0,0.4547,0.0251873,0.00839576,0.0251873,0.00839576,0.0251873,0.00839576,0.0251873,0.00839576
213,43356.3,1.60212,0.8621,0.94757,0,0,0,0,0,0,0.13551,0.00253,0.00027,0,0,0,0,0,0,0,0,0,0,0,0,0,0,1.27314,0.44247,0,0,0.48103,0.0579,0.44636,0.4815,0.7697,0.69195,0.72285,0.45515,1.41394,0.72935,0.9057,0,0,0,0,0,0,0,0,0,0,0,0,0,0,0,0,0,0,0,0,0,0,0,0,0,0,0,0,0,0,0,0.45515,0.0251442,0.00838141,0.0251442,0.00838141,0.0251442,0.00838141,0.0251442,0.00838141
214,43489.4,1.58751,0.84786,0.9411,0,0,0,0,0,0,0.1347,0.00253,0.00023,0,0,0,0,0,0,0,0,0,0,0,0,0,0,1.31154,0.44261,0,0,0.48113,0.05795,0.44657,0.48159,0.76976,0.69267,0.72349,0.45608,1.4125,0.72806,0.90541,0,0,0,0,0,0,0,0,0,0,0,0,0,0,0,0,0,0,0,0,0,0,0,0,0,0,0,0,0,0,0,0.45608,0.025101,0.00836701,0.025101,0.00836701,0.025101,0.00836701,0.025101,0.00836701
215,43625.1,1.60389,0.8556,0.94252,0,0,0,0,0,0,0.13485,0.00251,0.00018,0,0,0,0,0,0,0,0,0,0,0,0,0,0,1.28374,0.43982,0,0,0.48107,0.05789,0.44635,0.48154,0.76812,0.69539,0.72449,0.45674,1.41061,0.72745,0.90516,0,0,0,0,0,0,0,0,0,0,0,0,0,0,0,0,0,0,0,0,0,0,0,0,0,0,0,0,0,0,0,0.45674,0.0250577,0.00835255,0.0250577,0.00835255,0.0250577,0.00835255,0.0250577,0.00835255
216,43762.8,1.59347,0.85526,0.94381,0,0,0,0,0,0,0.13545,0.00251,0.00022,4e-05,0,0,0,0,0,0,0,0,0,0,0,0,0,1.21484,0.4392,0,0,0.48108,0.05792,0.44606,0.48154,0.76931,0.69427,0.72406,0.45696,1.4093,0.72658,0.90496,0,0,0,0,0,0,0,0,0,0,0,0,0,0,0,0,0,0,0,0,0,0,0,0,0,0,0,0,0,0,0,0.45696,0.0250141,0.00833805,0.0250141,0.00833805,0.0250141,0.00833805,0.0250141,0.00833805
217,43896.9,1.5903,0.85315,0.94175,0,0,0,0,0,0,0.13424,0.00251,0.00019,1e-05,0,0,0,0,0,0,0,0,0,0,0,0,0,1.29887,0.44217,0,0,0.48106,0.05791,0.44487,0.48154,0.77077,0.69505,0.72546,0.45744,1.40762,0.72537,0.90457,0,0,0,0,0,0,0,0,0,0,0,0,0,0,0,0,0,0,0,0,0,0,0,0,0,0,0,0,0,0,0,0.45744,0.0249705,0.00832349,0.0249705,0.00832349,0.0249705,0.00832349,0.0249705,0.00832349
218,44021.2,1.60535,0.86015,0.94463,0,0,0,0,0,0,0.13484,0.00251,0.00022,3e-05,0,0,0,0,0,0,0,0,0,0,0,0,0,1.35619,0.4467,0,0,0.48106,0.05792,0.44575,0.48153,0.77189,0.69516,0.72673,0.45836,1.40563,0.72411,0.90426,0,0,0,0,0,0,0,0,0,0,0,0,0,0,0,0,0,0,0,0,0,0,0,0,0,0,0,0,0,0,0,0.45836,0.0249267,0.00830889,0.0249267,0.00830889,0.0249267,0.00830889,0.0249267,0.00830889
219,44146.9,1.58981,0.84866,0.9417,0,0,0,0,0,0,0.13579,0.00251,0.00015,1e-05,0,0,0,0,0,0,0,0,0,0,0,0,0,1.37293,0.4469,0,0,0.48102,0.05794,0.44507,0.48147,0.77492,0.69461,0.72791,0.45936,1.40469,0.7235,0.90398,0,0,0,0,0,0,0,0,0,0,0,0,0,0,0,0,0,0,0,0,0,0,0,0,0,0,0,0,0,0,0,0.45936,0.0248827,0.00829423,0.0248827,0.00829423,0.0248827,0.00829423,0.0248827,0.00829423
220,44275.1,1.59273,0.85728,0.94239,0,0,0,0,0,0,0.1355,0.0025,0.00016,0,0,0,0,0,0,0,0,0,0,0,0,0,0,1.32482,0.44568,0,0,0.48106,0.05794,0.44557,0.48154,0.77577,0.69621,0.72869,0.45946,1.40338,0.72255,0.90363,0,0,0,0,0,0,0,0,0,0,0,0,0,0,0,0,0,0,0,0,0,0,0,0,0,0,0,0,0,0,0,0.45946,0.0248386,0.00827952,0.0248386,0.00827952,0.0248386,0.00827952,0.0248386,0.00827952
221,44403.8,1.58472,0.84842,0.94327,0,0,0,0,0,0,0.13511,0.0025,0.00015,0,0,0,0,0,0,0,0,0,0,0,0,0,0,1.33868,0.44222,0,0,0.48093,0.05787,0.44504,0.48139,0.7741,0.69645,0.72919,0.45953,1.40237,0.72187,0.90337,0,0,0,0,0,0,0,0,0,0,0,0,0,0,0,0,0,0,0,0,0,0,0,0,0,0,0,0,0,0,0,0.45953,0.0247943,0.00826477,0.0247943,0.00826477,0.0247943,0.00826477,0.0247943,0.00826477
222,44534.5,1.59252,0.84798,0.94279,0,0,0,0,0,0,0.13397,0.00248,0.00019,0,0,0,0,0,0,0,0,0,0,0,0,0,0,1.273,0.44218,0,0,0.48107,0.05792,0.4458,0.48154,0.77244,0.69725,0.72935,0.45989,1.40127,0.72138,0.90312,0,0,0,0,0,0,0,0,0,0,0,0,0,0,0,0,0,0,0,0,0,0,0,0,0,0,0,0,0,0,0,0.45989,0.0247499,0.00824996,0.0247499,0.00824996,0.0247499,0.00824996,0.0247499,0.00824996
223,44695.3,1.59756,0.85272,0.94267,0,0,0,0,0,0,0.13353,0.00248,0.00022,0,0,0,0,0,0,0,0,0,0,0,0,0,0,1.31432,0.44501,0,0,0.48102,0.05793,0.44526,0.48149,0.77427,0.69751,0.7301,0.46048,1.39921,0.71993,0.9027,0,0,0,0,0,0,0,0,0,0,0,0,0,0,0,0,0,0,0,0,0,0,0,0,0,0,0,0,0,0,0,0.46048,0.0247053,0.00823511,0.0247053,0.00823511,0.0247053,0.00823511,0.0247053,0.00823511
224,44881.3,1.58288,0.84706,0.9423,0,0,0,0,0,0,0.13373,0.0025,0.00023,0,0,0,0,0,0,0,0,0,0,0,0,0,0,1.44619,0.44812,0,0,0.48099,0.05786,0.446,0.48146,0.77362,0.69792,0.7296,0.46027,1.39834,0.71925,0.90261,0,0,0,0,0,0,0,0,0,0,0,0,0,0,0,0,0,0,0,0,0,0,0,0,0,0,0,0,0,0,0,0.46027,0.0246606,0.0082202,0.0246606,0.0082202,0.0246606,0.0082202,0.0246606,0.0082202
225,45027.4,1.57889,0.83981,0.93819,0,0,0,0,0,0,0.13325,0.0025,0.00019,0,0,0,0,0,0,0,0,0,0,0,0,0,0,1.34428,0.4462,0,0,0.48104,0.05791,0.44616,0.48151,0.77548,0.69677,0.72937,0.46085,1.39734,0.71797,0.90236,0,0,0,0,0,0,0,0,0,0,0,0,0,0,0,0,0,0,0,0,0,0,0,0,0,0,0,0,0,0,0,0.46085,0.0246157,0.00820525,0.0246157,0.00820525,0.0246157,0.00820525,0.0246157,0.00820525
226,45182.3,1.58349,0.84644,0.93864,0,0,0,0,0,0,0.13274,0.0025,0.00021,0,0,0,0,0,0,0,0,0,0,0,0,0,0,1.2839,0.44588,0,0,0.48104,0.05794,0.44503,0.48152,0.77401,0.69727,0.72911,0.46115,1.39658,0.71723,0.90193,0,0,0,0,0,0,0,0,0,0,0,0,0,0,0,0,0,0,0,0,0,0,0,0,0,0,0,0,0,0,0,0.46115,0.0245707,0.00819025,0.0245707,0.00819025,0.0245707,0.00819025,0.0245707,0.00819025
227,45317.3,1.58059,0.84658,0.93857,0,0,0,0,0,0,0.13273,0.00251,0.00021,3e-05,0,0,0,0,0,0,0,0,0,0,0,0,0,1.29024,0.44443,0,0,0.48092,0.05788,0.44492,0.48141,0.77372,0.69715,0.72964,0.46145,1.39581,0.71627,0.9017,0,0,0,0,0,0,0,0,0,0,0,0,0,0,0,0,0,0,0,0,0,0,0,0,0,0,0,0,0,0,0,0.46145,0.0245256,0.0081752,0.0245256,0.0081752,0.0245256,0.0081752,0.0245256,0.0081752
228,45446.3,1.57833,0.84105,0.94298,0,0,0,0,0,0,0.13387,0.0025,0.00019,0,0,0,0,0,0,0,0,0,0,0,0,0,0,1.27745,0.44215,0,0,0.48102,0.05791,0.44533,0.4815,0.77512,0.6976,0.73038,0.4613,1.39481,0.71545,0.90134,0,0,0,0,0,0,0,0,0,0,0,0,0,0,0,0,0,0,0,0,0,0,0,0,0,0,0,0,0,0,0,0.4613,0.0244803,0.0081601,0.0244803,0.0081601,0.0244803,0.0081601,0.0244803,0.0081601
229,45576.2,1.59365,0.84163,0.94413,0,0,0,0,0,0,0.1332,0.00248,0.00018,0,0,0,0,0,0,0,0,0,0,0,0,0,0,1.24742,0.44072,0,0,0.48104,0.05793,0.44534,0.48151,0.7756,0.69761,0.73089,0.46203,1.39353,0.71462,0.90108,0,0,0,0,0,0,0,0,0,0,0,0,0,0,0,0,0,0,0,0,0,0,0,0,0,0,0,0,0,0,0,0.46203,0.0244349,0.00814495,0.0244349,0.00814495,0.0244349,0.00814495,0.0244349,0.00814495
230,45708,1.58408,0.8442,0.94108,0,0,0,0,0,0,0.13407,0.00249,0.00018,0,0,0,0,0,0,0,0,0,0,0,0,0,0,1.32063,0.4425,0,0,0.48095,0.05789,0.44499,0.4814,0.77666,0.69758,0.73222,0.46238,1.39251,0.71412,0.90073,0,0,0,0,0,0,0,0,0,0,0,0,0,0,0,0,0,0,0,0,0,0,0,0,0,0,0,0,0,0,0,0.46238,0.0243893,0.00812976,0.0243893,0.00812976,0.0243893,0.00812976,0.0243893,0.00812976
231,45838.4,1.58152,0.84427,0.94212,0,0,0,0,0,0,0.13365,0.00248,0.00019,0,0,0,0,0,0,0,0,0,0,0,0,0,0,1.31541,0.44179,0,0,0.48103,0.05792,0.44495,0.48151,0.77784,0.69742,0.73195,0.4629,1.39086,0.71313,0.90045,0,0,0,0,0,0,0,0,0,0,0,0,0,0,0,0,0,0,0,0,0,0,0,0,0,0,0,0,0,0,0,0.4629,0.0243435,0.00811452,0.0243435,0.00811452,0.0243435,0.00811452,0.0243435,0.00811452
232,45965,1.58144,0.8352,0.94089,0,0,0,0,0,0,0.13366,0.00248,0.00014,0,0,0,0,0,0,0,0,0,0,0,0,0,0,1.31694,0.44286,0,0,0.48105,0.05794,0.44529,0.48153,0.77868,0.69707,0.73292,0.46343,1.3905,0.71221,0.90032,0,0,0,0,0,0,0,0,0,0,0,0,0,0,0,0,0,0,0,0,0,0,0,0,0,0,0,0,0,0,0,0.46343,0.0242977,0.00809923,0.0242977,0.00809923,0.0242977,0.00809923,0.0242977,0.00809923
233,46095.1,1.57704,0.84045,0.93657,0,0,0,0,0,0,0.13353,0.00246,0.0002,0,0,0,0,0,0,0,0,0,0,0,0,0,0,1.30651,0.44393,0,0,0.48107,0.05791,0.44471,0.48156,0.77679,0.69799,0.7333,0.46398,1.38943,0.71099,0.90002,0,0,0,0,0,0,0,0,0,0,0,0,0,0,0,0,0,0,0,0,0,0,0,0,0,0,0,0,0,0,0,0.46398,0.0242517,0.00808389,0.0242517,0.00808389,0.0242517,0.00808389,0.0242517,0.00808389
234,46223.3,1.57848,0.8394,0.94107,0,0,0,0,0,0,0.13394,0.00248,0.00022,0,0,0,0,0,0,0,0,0,0,0,0,0,0,1.25651,0.44062,0,0,0.48102,0.05788,0.44569,0.48149,0.77706,0.69794,0.7332,0.46422,1.38807,0.70991,0.89977,0,0,0,0,0,0,0,0,0,0,0,0,0,0,0,0,0,0,0,0,0,0,0,0,0,0,0,0,0,0,0,0.46422,0.0242055,0.00806851,0.0242055,0.00806851,0.0242055,0.00806851,0.0242055,0.00806851
235,46350.3,1.58059,0.84405,0.94097,0,0,0,0,0,0,0.13415,0.00246,0.00024,0,0,0,0,0,0,0,0,0,0,0,0,0,0,1.23655,0.44075,0,0,0.48104,0.0579,0.44569,0.48151,0.77611,0.69834,0.73374,0.4648,1.38647,0.70908,0.89958,0,0,0,0,0,0,0,0,0,0,0,0,0,0,0,0,0,0,0,0,0,0,0,0,0,0,0,0,0,0,0,0.4648,0.0241592,0.00805308,0.0241592,0.00805308,0.0241592,0.00805308,0.0241592,0.00805308
236,46485.5,1.5836,0.84534,0.9426,0,0,0,0,0,0,0.13237,0.00248,0.00023,1e-05,0,0,0,0,0,0,0,0,0,0,0,0,0,1.27378,0.44568,0,0,0.48095,0.05788,0.44492,0.48143,0.7777,0.6975,0.73377,0.46509,1.38526,0.70857,0.89926,0,0,0,0,0,0,0,0,0,0,0,0,0,0,0,0,0,0,0,0,0,0,0,0,0,0,0,0,0,0,0,0.46509,0.0241128,0.0080376,0.0241128,0.0080376,0.0241128,0.0080376,0.0241128,0.0080376
237,46615.3,1.56859,0.8332,0.939,0,0,0,0,0,0,0.13341,0.00246,0.00018,0,0,0,0,0,0,0,0,0,0,0,0,0,0,1.26068,0.44317,0,0,0.48099,0.05795,0.4455,0.48146,0.77917,0.69803,0.73462,0.46511,1.38452,0.70798,0.89899,0,0,0,0,0,0,0,0,0,0,0,0,0,0,0,0,0,0,0,0,0,0,0,0,0,0,0,0,0,0,0,0.46511,0.0240662,0.00802208,0.0240662,0.00802208,0.0240662,0.00802208,0.0240662,0.00802208
238,46749,1.56741,0.83539,0.93772,0,0,0,0,0,0,0.13295,0.00247,0.00019,0,0,0,0,0,0,0,0,0,0,0,0,0,0,1.30217,0.44068,0,0,0.48103,0.05789,0.44566,0.48149,0.78006,0.69741,0.73477,0.46562,1.38349,0.70749,0.89874,0,0,0,0,0,0,0,0,0,0,0,0,0,0,0,0,0,0,0,0,0,0,0,0,0,0,0,0,0,0,0,0.46562,0.0240195,0.00800651,0.0240195,0.00800651,0.0240195,0.00800651,0.0240195,0.00800651
239,46874.8,1.57128,0.83747,0.93718,0,0,0,0,0,0,0.13264,0.00246,0.00026,1e-05,0,0,0,0,0,0,0,0,0,0,0,0,0,1.3192,0.44073,0,0,0.48101,0.05791,0.44657,0.48148,0.77492,0.69969,0.7346,0.46533,1.38327,0.70704,0.89857,0,0,0,0,0,0,0,0,0,0,0,0,0,0,0,0,0,0,0,0,0,0,0,0,0,0,0,0,0,0,0,0.46533,0.0239727,0.0079909,0.0239727,0.0079909,0.0239727,0.0079909,0.0239727,0.0079909
240,46999.9,1.57203,0.83374,0.93884,0,0,0,0,0,0,0.13133,0.00247,0.00017,0,0,0,0,0,0,0,0,0,0,0,0,0,0,1.32987,0.43958,0,0,0.48108,0.05792,0.44595,0.48155,0.77542,0.69885,0.73454,0.46608,1.38164,0.70622,0.8982,0,0,0,0,0,0,0,0,0,0,0,0,0,0,0,0,0,0,0,0,0,0,0,0,0,0,0,0,0,0,0,0.46608,0.0239257,0.00797524,0.0239257,0.00797524,0.0239257,0.00797524,0.0239257,0.00797524
241,47137.1,1.56915,0.83518,0.94048,0,0,0,0,0,0,0.13418,0.00248,0.00032,5e-05,0,0,0,0,0,0,0,0,0,0,0,0,0,1.20327,0.43786,0,0,0.48099,0.05789,0.44698,0.48144,0.77601,0.69958,0.73496,0.46659,1.38025,0.70505,0.89789,0,0,0,0,0,0,0,0,0,0,0,0,0,0,0,0,0,0,0,0,0,0,0,0,0,0,0,0,0,0,0,0.46659,0.0238786,0.00795954,0.0238786,0.00795954,0.0238786,0.00795954,0.0238786,0.00795954
242,47272.8,1.57083,0.83688,0.93888,0,0,0,0,0,0,0.13412,0.00248,0.0002,0,0,0,0,0,0,0,0,0,0,0,0,0,0,1.27794,0.44287,0,0,0.481,0.05791,0.44596,0.48147,0.77588,0.6993,0.73452,0.46678,1.37976,0.70408,0.89764,0,0,0,0,0,0,0,0,0,0,0,0,0,0,0,0,0,0,0,0,0,0,0,0,0,0,0,0,0,0,0,0.46678,0.0238314,0.00794379,0.0238314,0.00794379,0.0238314,0.00794379,0.0238314,0.00794379
243,47400.9,1.56607,0.83225,0.93775,0,0,0,0,0,0,0.13249,0.00248,0.00021,1e-05,0,0,0,0,0,0,0,0,0,0,0,0,0,1.38918,0.44602,0,0,0.48103,0.05791,0.44564,0.48147,0.77923,0.69855,0.73473,0.46637,1.37834,0.70323,0.89734,0,0,0,0,0,0,0,0,0,0,0,0,0,0,0,0,0,0,0,0,0,0,0,0,0,0,0,0,0,0,0,0.46637,0.023784,0.007928,0.023784,0.007928,0.023784,0.007928,0.023784,0.007928
244,47527.7,1.55581,0.82836,0.93477,0,0,0,0,0,0,0.1328,0.00247,0.00016,0,0,0,0,0,0,0,0,0,0,0,0,0,0,1.40964,0.44501,0,0,0.48096,0.05792,0.44625,0.48142,0.78098,0.69886,0.73581,0.46691,1.37683,0.70237,0.89709,0,0,0,0,0,0,0,0,0,0,0,0,0,0,0,0,0,0,0,0,0,0,0,0,0,0,0,0,0,0,0,0.46691,0.0237365,0.00791216,0.0237365,0.00791216,0.0237365,0.00791216,0.0237365,0.00791216
245,47655.6,1.55761,0.82828,0.9357,0,0,0,0,0,0,0.13295,0.00247,0.00019,0,0,0,0,0,0,0,0,0,0,0,0,0,0,1.37431,0.44394,0,0,0.48104,0.05792,0.44612,0.48147,0.77989,0.69902,0.73544,0.46744,1.37533,0.70174,0.89678,0,0,0,0,0,0,0,0,0,0,0,0,0,0,0,0,0,0,0,0,0,0,0,0,0,0,0,0,0,0,0,0.46744,0.0236888,0.00789628,0.0236888,0.00789628,0.0236888,0.00789628,0.0236888,0.00789628
246,47780.3,1.57345,0.84126,0.93763,0,0,0,0,0,0,0.13221,0.00246,0.00025,0,0,0,0,0,0,0,0,0,0,0,0,0,0,1.44628,0.44682,0,0,0.48109,0.05792,0.44683,0.48155,0.78019,0.6992,0.7354,0.4676,1.37347,0.70129,0.89644,0,0,0,0,0,0,0,0,0,0,0,0,0,0,0,0,0,0,0,0,0,0,0,0,0,0,0,0,0,0,0,0.4676,0.0236411,0.00788035,0.0236411,0.00788035,0.0236411,0.00788035,0.0236411,0.00788035
247,47911.8,1.56072,0.83132,0.93442,0,0,0,0,0,0,0.1335,0.00247,0.00016,0,0,0,0,0,0,0,0,0,0,0,0,0,0,1.32786,0.43903,0,0,0.48103,0.0579,0.44568,0.48146,0.77843,0.69969,0.73547,0.46815,1.37136,0.70033,0.8961,0,0,0,0,0,0,0,0,0,0,0,0,0,0,0,0,0,0,0,0,0,0,0,0,0,0,0,0,0,0,0,0.46815,0.0235931,0.00786438,0.0235931,0.00786438,0.0235931,0.00786438,0.0235931,0.00786438
248,48041.2,1.56729,0.82877,0.93779,0,0,0,0,0,0,0.13271,0.00247,0.00021,4e-05,0,0,0,0,0,0,0,0,0,0,0,0,0,1.38125,0.44112,0,0,0.48103,0.05792,0.44604,0.4815,0.7805,0.70106,0.73689,0.46862,1.37068,0.69944,0.89588,0,0,0,0,0,0,0,0,0,0,0,0,0,0,0,0,0,0,0,0,0,0,0,0,0,0,0,0,0,0,0,0.46862,0.0235451,0.00784837,0.0235451,0.00784837,0.0235451,0.00784837,0.0235451,0.00784837
249,48171.3,1.55874,0.82537,0.93296,0,0,0,0,0,0,0.13199,0.00247,0.00024,1e-05,0,0,0,0,0,0,0,0,0,0,0,0,0,1.31583,0.43691,0,0,0.48106,0.05794,0.44486,0.48153,0.78171,0.7009,0.73715,0.46905,1.36992,0.69891,0.89565,0,0,0,0,0,0,0,0,0,0,0,0,0,0,0,0,0,0,0,0,0,0,0,0,0,0,0,0,0,0,0,0.46905,0.0234969,0.00783231,0.0234969,0.00783231,0.0234969,0.00783231,0.0234969,0.00783231
250,48304.1,1.55283,0.82136,0.93616,0,0,0,0,0,0,0.13021,0.00246,0.00017,0,0,0,0,0,0,0,0,0,0,0,0,0,0,1.31199,0.43764,0,0,0.48095,0.05786,0.44489,0.48143,0.7811,0.70095,0.73706,0.46894,1.36913,0.69828,0.89549,0,0,0,0,0,0,0,0,0,0,0,0,0,0,0,0,0,0,0,0,0,0,0,0,0,0,0,0,0,0,0,0.46894,0.0234486,0.00781621,0.0234486,0.00781621,0.0234486,0.00781621,0.0234486,0.00781621
251,48431.5,1.56167,0.83413,0.93573,0,0,0,0,0,0,0.13157,0.00244,0.00019,0,0,0,0,0,0,0,0,0,0,0,0,0,0,1.30441,0.44017,0,0,0.48103,0.05792,0.44559,0.4815,0.78182,0.70108,0.73829,0.46978,1.36855,0.69757,0.89531,0,0,0,0,0,0,0,0,0,0,0,0,0,0,0,0,0,0,0,0,0,0,0,0,0,0,0,0,0,0,0,0.46978,0.0234002,0.00780007,0.0234002,0.00780007,0.0234002,0.00780007,0.0234002,0.00780007
252,48566.3,1.56018,0.82784,0.93234,0,0,0,0,0,0,0.1311,0.00244,0.00014,0,0,0,0,0,0,0,0,0,0,0,0,0,0,1.32946,0.44126,0,0,0.48112,0.05791,0.44531,0.48159,0.78297,0.70186,0.73895,0.47039,1.36703,0.69645,0.89511,0,0,0,0,0,0,0,0,0,0,0,0,0,0,0,0,0,0,0,0,0,0,0,0,0,0,0,0,0,0,0,0.47039,0.0233517,0.00778389,0.0233517,0.00778389,0.0233517,0.00778389,0.0233517,0.00778389
253,48697.2,1.56007,0.82972,0.93424,0,0,0,0,0,0,0.13148,0.00245,0.00019,0,0,0,0,0,0,0,0,0,0,0,0,0,0,1.24943,0.43675,0,0,0.48104,0.05793,0.44363,0.48152,0.78254,0.70161,0.73896,0.47072,1.3666,0.69627,0.89487,0,0,0,0,0,0,0,0,0,0,0,0,0,0,0,0,0,0,0,0,0,0,0,0,0,0,0,0,0,0,0,0.47072,0.023303,0.00776766,0.023303,0.00776766,0.023303,0.00776766,0.023303,0.00776766
254,48824.7,1.56144,0.82646,0.93285,0,0,0,0,0,0,0.13204,0.00243,0.00017,0,0,0,0,0,0,0,0,0,0,0,0,0,0,1.23723,0.43419,0,0,0.48104,0.05795,0.44507,0.48152,0.78169,0.70194,0.73911,0.47107,1.36565,0.69557,0.8948,0,0,0,0,0,0,0,0,0,0,0,0,0,0,0,0,0,0,0,0,0,0,0,0,0,0,0,0,0,0,0,0.47107,0.0232542,0.0077514,0.0232542,0.0077514,0.0232542,0.0077514,0.0232542,0.0077514
255,48959.4,1.55451,0.82892,0.93558,0,0,0,0,0,0,0.13157,0.00246,0.00024,1e-05,0,0,0,0,0,0,0,0,0,0,0,0,0,1.29314,0.4395,0,0,0.48102,0.0579,0.44628,0.4815,0.78419,0.70161,0.73944,0.47091,1.36516,0.69499,0.8947,0,0,0,0,0,0,0,0,0,0,0,0,0,0,0,0,0,0,0,0,0,0,0,0,0,0,0,0,0,0,0,0.47091,0.0232053,0.00773509,0.0232053,0.00773509,0.0232053,0.00773509,0.0232053,0.00773509
256,49080.4,1.54422,0.82384,0.93151,0,0,0,0,0,0,0.13041,0.00244,0.00018,5e-05,0,0,0,0,0,0,0,0,0,0,0,0,0,1.29398,0.43972,0,0,0.48095,0.05785,0.44506,0.48143,0.78357,0.70262,0.73994,0.47077,1.36409,0.69461,0.89392,0,0,0,0,0,0,0,0,0,0,0,0,0,0,0,0,0,0,0,0,0,0,0,0,0,0,0,0,0,0,0,0.47077,0.0231562,0.00771873,0.0231562,0.00771873,0.0231562,0.00771873,0.0231562,0.00771873
257,49198.7,1.55548,0.82326,0.93175,0,0,0,0,0,0,0.13213,0.00243,0.00015,0,0,0,0,0,0,0,0,0,0,0,0,0,0,1.27692,0.4366,0,0,0.48109,0.05795,0.4458,0.48156,0.78454,0.70313,0.74025,0.47155,1.36236,0.69396,0.89355,0,0,0,0,0,0,0,0,0,0,0,0,0,0,0,0,0,0,0,0,0,0,0,0,0,0,0,0,0,0,0,0.47155,0.023107,0.00770234,0.023107,0.00770234,0.023107,0.00770234,0.023107,0.00770234
258,49321.5,1.54656,0.81713,0.93139,0,0,0,0,0,0,0.13006,0.00243,0.00027,3e-05,0,0,0,0,0,0,0,0,0,0,0,0,0,1.25576,0.43604,0,0,0.48104,0.05791,0.44601,0.48152,0.7845,0.70298,0.7406,0.47153,1.36121,0.69294,0.89334,0,0,0,0,0,0,0,0,0,0,0,0,0,0,0,0,0,0,0,0,0,0,0,0,0,0,0,0,0,0,0,0.47153,0.0230577,0.00768591,0.0230577,0.00768591,0.0230577,0.00768591,0.0230577,0.00768591
259,49442.3,1.54604,0.81981,0.93329,0,0,0,0,0,0,0.13233,0.00244,0.00018,0,0,0,0,0,0,0,0,0,0,0,0,0,0,1.29693,0.43738,0,0,0.48099,0.05787,0.44494,0.48144,0.78736,0.70342,0.74235,0.47163,1.36025,0.69218,0.89311,0,0,0,0,0,0,0,0,0,0,0,0,0,0,0,0,0,0,0,0,0,0,0,0,0,0,0,0,0,0,0,0.47163,0.0230083,0.00766944,0.0230083,0.00766944,0.0230083,0.00766944,0.0230083,0.00766944
260,49560.8,1.54024,0.81711,0.9315,0,0,0,0,0,0,0.12887,0.00244,0.00019,1e-05,0,0,0,0,0,0,0,0,0,0,0,0,0,1.26929,0.43405,0,0,0.48108,0.05793,0.4443,0.48157,0.78862,0.70289,0.742,0.47194,1.35924,0.69164,0.89297,0,0,0,0,0,0,0,0,0,0,0,0,0,0,0,0,0,0,0,0,0,0,0,0,0,0,0,0,0,0,0,0.47194,0.0229588,0.00765292,0.0229588,0.00765292,0.0229588,0.00765292,0.0229588,0.00765292
261,49676.1,1.53559,0.8118,0.92713,0,0,0,0,0,0,0.1292,0.00243,0.00024,0,0,0,0,0,0,0,0,0,0,0,0,0,0,1.30037,0.43593,0,0,0.48102,0.05791,0.44605,0.48149,0.78807,0.70415,0.74291,0.47247,1.35745,0.69098,0.89259,0,0,0,0,0,0,0,0,0,0,0,0,0,0,0,0,0,0,0,0,0,0,0,0,0,0,0,0,0,0,0,0.47247,0.0229091,0.00763637,0.0229091,0.00763637,0.0229091,0.00763637,0.0229091,0.00763637
262,49793.6,1.55391,0.82034,0.93236,0,0,0,0,0,0,0.13121,0.00243,0.0002,0,0,0,0,0,0,0,0,0,0,0,0,0,0,1.24277,0.43098,0,0,0.48104,0.05792,0.44567,0.48151,0.78832,0.70429,0.74353,0.47284,1.35621,0.69027,0.89242,0,0,0,0,0,0,0,0,0,0,0,0,0,0,0,0,0,0,0,0,0,0,0,0,0,0,0,0,0,0,0,0.47284,0.0228593,0.00761977,0.0228593,0.00761977,0.0228593,0.00761977,0.0228593,0.00761977
263,49912.7,1.54852,0.82135,0.93242,0,0,0,0,0,0,0.13091,0.00245,0.0002,0,0,0,0,0,0,0,0,0,0,0,0,0,0,1.25233,0.42826,0,0,0.48111,0.05791,0.44644,0.48158,0.78807,0.70382,0.74412,0.47319,1.35502,0.68933,0.8923,0,0,0,0,0,0,0,0,0,0,0,0,0,0,0,0,0,0,0,0,0,0,0,0,0,0,0,0,0,0,0,0.47319,0.0228094,0.00760314,0.0228094,0.00760314,0.0228094,0.00760314,0.0228094,0.00760314
264,50032.5,1.55722,0.82604,0.93334,0,0,0,0,0,0,0.13091,0.00244,0.00021,3e-05,0,0,0,0,0,0,0,0,0,0,0,0,0,1.23024,0.42822,0,0,0.48106,0.05794,0.44485,0.48154,0.78839,0.70472,0.7444,0.47369,1.35394,0.68892,0.89215,0,0,0,0,0,0,0,0,0,0,0,0,0,0,0,0,0,0,0,0,0,0,0,0,0,0,0,0,0,0,0,0.47369,0.0227594,0.00758647,0.0227594,0.00758647,0.0227594,0.00758647,0.0227594,0.00758647
265,50148.4,1.53983,0.81441,0.93241,0,0,0,0,0,0,0.1306,0.00244,0.0002,0,0,0,0,0,0,0,0,0,0,0,0,0,0,1.27975,0.43394,0,0,0.48097,0.0579,0.4459,0.48145,0.78736,0.70592,0.74513,0.47391,1.35298,0.68845,0.89194,0,0,0,0,0,0,0,0,0,0,0,0,0,0,0,0,0,0,0,0,0,0,0,0,0,0,0,0,0,0,0,0.47391,0.0227093,0.00756976,0.0227093,0.00756976,0.0227093,0.00756976,0.0227093,0.00756976
266,50264.2,1.54334,0.81588,0.92893,0,0,0,0,0,0,0.1297,0.00242,0.0002,1e-05,0,0,0,0,0,0,0,0,0,0,0,0,0,1.23319,0.43166,0,0,0.48097,0.05787,0.44609,0.48145,0.78889,0.70604,0.74599,0.47346,1.35274,0.68784,0.89186,0,0,0,0,0,0,0,0,0,0,0,0,0,0,0,0,0,0,0,0,0,0,0,0,0,0,0,0,0,0,0,0.47346,0.022659,0.007553,0.022659,0.007553,0.022659,0.007553,0.022659,0.007553
267,50385.6,1.54594,0.81571,0.93076,0,0,0,0,0,0,0.13015,0.00241,0.00024,0,0,0,0,0,0,0,0,0,0,0,0,0,0,1.29585,0.43044,0,0,0.48097,0.0579,0.44572,0.48145,0.78827,0.70515,0.74638,0.47407,1.35195,0.68748,0.89164,0,0,0,0,0,0,0,0,0,0,0,0,0,0,0,0,0,0,0,0,0,0,0,0,0,0,0,0,0,0,0,0.47407,0.0226086,0.00753621,0.0226086,0.00753621,0.0226086,0.00753621,0.0226086,0.00753621
268,50502,1.53952,0.81378,0.93382,0,0,0,0,0,0,0.13098,0.00242,0.00019,0,0,0,0,0,0,0,0,0,0,0,0,0,0,1.28761,0.43088,0,0,0.48095,0.05789,0.44511,0.48143,0.78721,0.70577,0.74651,0.47439,1.35157,0.68704,0.89154,0,0,0,0,0,0,0,0,0,0,0,0,0,0,0,0,0,0,0,0,0,0,0,0,0,0,0,0,0,0,0,0.47439,0.0225582,0.00751939,0.0225582,0.00751939,0.0225582,0.00751939,0.0225582,0.00751939
269,50620.6,1.54603,0.81848,0.93037,0,0,0,0,0,0,0.13079,0.00241,0.00017,0,0,0,0,0,0,0,0,0,0,0,0,0,0,1.27156,0.42943,0,0,0.48104,0.05792,0.44674,0.4815,0.78784,0.70621,0.74725,0.47398,1.35101,0.68636,0.89135,0,0,0,0,0,0,0,0,0,0,0,0,0,0,0,0,0,0,0,0,0,0,0,0,0,0,0,0,0,0,0,0.47398,0.0225076,0.00750252,0.0225076,0.00750252,0.0225076,0.00750252,0.0225076,0.00750252
270,50736.9,1.53519,0.81254,0.9318,0,0,0,0,0,0,0.13093,0.00241,0.00019,0,0,0,0,0,0,0,0,0,0,0,0,0,0,1.36194,0.4309,0,0,0.48094,0.05787,0.44607,0.48138,0.78805,0.70649,0.74766,0.47488,1.35033,0.68552,0.89123,0,0,0,0,0,0,0,0,0,0,0,0,0,0,0,0,0,0,0,0,0,0,0,0,0,0,0,0,0,0,0,0.47488,0.0224568,0.00748562,0.0224568,0.00748562,0.0224568,0.00748562,0.0224568,0.00748562
271,50853.7,1.54205,0.81494,0.92915,0,0,0,0,0,0,0.13004,0.0024,0.00018,5e-05,0,0,0,0,0,0,0,0,0,0,0,0,0,1.2535,0.42957,0,0,0.48106,0.05796,0.44569,0.48154,0.78813,0.70711,0.74812,0.47536,1.34894,0.68489,0.89092,0,0,0,0,0,0,0,0,0,0,0,0,0,0,0,0,0,0,0,0,0,0,0,0,0,0,0,0,0,0,0,0.47536,0.022406,0.00746868,0.022406,0.00746868,0.022406,0.00746868,0.022406,0.00746868
272,50972,1.53271,0.80499,0.92611,0,0,0,0,0,0,0.12938,0.00241,0.00026,1e-05,0,0,0,0,0,0,0,0,0,0,0,0,0,1.18836,0.42642,0,0,0.48104,0.05793,0.44601,0.48151,0.79058,0.70572,0.74831,0.47523,1.34816,0.68426,0.89069,0,0,0,0,0,0,0,0,0,0,0,0,0,0,0,0,0,0,0,0,0,0,0,0,0,0,0,0,0,0,0,0.47523,0.0223551,0.0074517,0.0223551,0.0074517,0.0223551,0.0074517,0.0223551,0.0074517
273,51088.6,1.53473,0.80737,0.92753,0,0,0,0,0,0,0.12996,0.00238,0.00023,7e-05,0,0,0,0,0,0,0,0,0,0,0,0,0,1.27742,0.42951,0,0,0.48103,0.05792,0.44493,0.48148,0.79098,0.70679,0.74898,0.47582,1.34713,0.68392,0.89037,0,0,0,0,0,0,0,0,0,0,0,0,0,0,0,0,0,0,0,0,0,0,0,0,0,0,0,0,0,0,0,0.47582,0.022304,0.00743468,0.022304,0.00743468,0.022304,0.00743468,0.022304,0.00743468
274,51205.5,1.52978,0.80957,0.92789,0,0,0,0,0,0,0.13015,0.0024,0.00017,0,0,0,0,0,0,0,0,0,0,0,0,0,0,1.31352,0.43542,0,0,0.4811,0.05793,0.44547,0.48157,0.79031,0.70691,0.74858,0.47588,1.34684,0.6833,0.89032,0,0,0,0,0,0,0,0,0,0,0,0,0,0,0,0,0,0,0,0,0,0,0,0,0,0,0,0,0,0,0,0.47588,0.0222529,0.00741763,0.0222529,0.00741763,0.0222529,0.00741763,0.0222529,0.00741763
275,51323.7,1.5346,0.80901,0.9291,0,0,0,0,0,0,0.12872,0.00239,0.00024,0,0,0,0,0,0,0,0,0,0,0,0,0,0,1.24122,0.43061,0,0,0.48096,0.05789,0.44592,0.48142,0.78859,0.70729,0.74786,0.476,1.34646,0.68238,0.89024,0,0,0,0,0,0,0,0,0,0,0,0,0,0,0,0,0,0,0,0,0,0,0,0,0,0,0,0,0,0,0,0.476,0.0222016,0.00740054,0.0222016,0.00740054,0.0222016,0.00740054,0.0222016,0.00740054
276,51438.9,1.53599,0.80984,0.9302,0,0,0,0,0,0,0.12961,0.0024,0.00024,0,0,0,0,0,0,0,0,0,0,0,0,0,0,1.2543,0.42824,0,0,0.48097,0.05789,0.44614,0.48144,0.78805,0.70721,0.74823,0.47597,1.34554,0.68185,0.89003,0,0,0,0,0,0,0,0,0,0,0,0,0,0,0,0,0,0,0,0,0,0,0,0,0,0,0,0,0,0,0,0.47597,0.0221502,0.00738341,0.0221502,0.00738341,0.0221502,0.00738341,0.0221502,0.00738341
277,51561.5,1.53452,0.81121,0.92753,0,0,0,0,0,0,0.12819,0.0024,0.00027,7e-05,0,0,0,0,0,0,0,0,0,0,0,0,0,1.27747,0.42611,0,0,0.48102,0.05792,0.44585,0.48149,0.78758,0.7076,0.74767,0.47648,1.34401,0.68127,0.88984,0,0,0,0,0,0,0,0,0,0,0,0,0,0,0,0,0,0,0,0,0,0,0,0,0,0,0,0,0,0,0,0.47648,0.0220988,0.00736625,0.0220988,0.00736625,0.0220988,0.00736625,0.0220988,0.00736625
278,51685,1.53153,0.80699,0.9265,0,0,0,0,0,0,0.12886,0.00239,0.00018,0,0,0,0,0,0,0,0,0,0,0,0,0,0,1.26639,0.42708,0,0,0.48095,0.05789,0.44482,0.48143,0.79141,0.70655,0.74923,0.47717,1.34332,0.68137,0.88959,0,0,0,0,0,0,0,0,0,0,0,0,0,0,0,0,0,0,0,0,0,0,0,0,0,0,0,0,0,0,0,0.47717,0.0220472,0.00734906,0.0220472,0.00734906,0.0220472,0.00734906,0.0220472,0.00734906
279,51813.4,1.53231,0.80515,0.92754,0,0,0,0,0,0,0.1286,0.0024,0.00026,0,0,0,0,0,0,0,0,0,0,0,0,0,0,1.2701,0.4255,0,0,0.48097,0.05787,0.44637,0.48144,0.79326,0.70712,0.74944,0.47692,1.34207,0.68082,0.88931,0,0,0,0,0,0,0,0,0,0,0,0,0,0,0,0,0,0,0,0,0,0,0,0,0,0,0,0,0,0,0,0.47692,0.0219955,0.00733182,0.0219955,0.00733182,0.0219955,0.00733182,0.0219955,0.00733182
280,51937.4,1.53077,0.81076,0.92574,0,0,0,0,0,0,0.12865,0.00239,0.00018,0,0,0,0,0,0,0,0,0,0,0,0,0,0,1.20026,0.42008,0,0,0.48102,0.05793,0.44605,0.48149,0.79221,0.70737,0.74831,0.47731,1.34118,0.68049,0.88913,0,0,0,0,0,0,0,0,0,0,0,0,0,0,0,0,0,0,0,0,0,0,0,0,0,0,0,0,0,0,0,0.47731,0.0219437,0.00731456,0.0219437,0.00731456,0.0219437,0.00731456,0.0219437,0.00731456
281,52059.4,1.53252,0.81068,0.92971,0,0,0,0,0,0,0.12793,0.00238,0.00019,5e-05,0,0,0,0,0,0,0,0,0,0,0,0,0,1.24574,0.41864,0,0,0.48097,0.0579,0.44585,0.48143,0.79267,0.70762,0.74865,0.47711,1.34063,0.67976,0.88892,0,0,0,0,0,0,0,0,0,0,0,0,0,0,0,0,0,0,0,0,0,0,0,0,0,0,0,0,0,0,0,0.47711,0.0218918,0.00729725,0.0218918,0.00729725,0.0218918,0.00729725,0.0218918,0.00729725
282,52187.2,1.52569,0.80068,0.9257,0,0,0,0,0,0,0.1297,0.00241,0.00023,0,0,0,0,0,0,0,0,0,0,0,0,0,0,1.38319,0.42521,0,0,0.48104,0.05793,0.44594,0.48151,0.79285,0.70747,0.74857,0.47743,1.34044,0.67938,0.88888,0,0,0,0,0,0,0,0,0,0,0,0,0,0,0,0,0,0,0,0,0,0,0,0,0,0,0,0,0,0,0,0.47743,0.0218397,0.00727992,0.0218397,0.00727992,0.0218397,0.00727992,0.0218397,0.00727992
283,52311.7,1.5233,0.80349,0.92649,0,0,0,0,0,0,0.12917,0.00238,0.00018,0,0,0,0,0,0,0,0,0,0,0,0,0,0,1.3532,0.42465,0,0,0.48106,0.05794,0.44619,0.48153,0.79494,0.70572,0.74866,0.47721,1.3399,0.67864,0.88874,0,0,0,0,0,0,0,0,0,0,0,0,0,0,0,0,0,0,0,0,0,0,0,0,0,0,0,0,0,0,0,0.47721,0.0217876,0.00726254,0.0217876,0.00726254,0.0217876,0.00726254,0.0217876,0.00726254
284,52436.3,1.52218,0.80288,0.92507,0,0,0,0,0,0,0.1286,0.00238,0.0002,0,0,0,0,0,0,0,0,0,0,0,0,0,0,1.28535,0.41993,0,0,0.481,0.0579,0.44566,0.48148,0.79641,0.70576,0.74883,0.47734,1.34013,0.67814,0.88862,0,0,0,0,0,0,0,0,0,0,0,0,0,0,0,0,0,0,0,0,0,0,0,0,0,0,0,0,0,0,0,0.47734,0.0217354,0.00724514,0.0217354,0.00724514,0.0217354,0.00724514,0.0217354,0.00724514
285,52558.7,1.51354,0.79341,0.92627,0,0,0,0,0,0,0.12846,0.00239,0.00019,1e-05,0,0,0,0,0,0,0,0,0,0,0,0,0,1.21946,0.41915,0,0,0.481,0.0579,0.44596,0.48147,0.79685,0.7056,0.74904,0.47762,1.34013,0.67768,0.8886,0,0,0,0,0,0,0,0,0,0,0,0,0,0,0,0,0,0,0,0,0,0,0,0,0,0,0,0,0,0,0,0.47762,0.0216831,0.0072277,0.0216831,0.0072277,0.0216831,0.0072277,0.0216831,0.0072277
286,52677.7,1.52482,0.80494,0.92308,0,0,0,0,0,0,0.12791,0.00238,0.00016,0,0,0,0,0,0,0,0,0,0,0,0,0,0,1.25756,0.41895,0,0,0.48103,0.05794,0.4458,0.4815,0.7982,0.70588,0.75024,0.47764,1.33898,0.67705,0.88851,0,0,0,0,0,0,0,0,0,0,0,0,0,0,0,0,0,0,0,0,0,0,0,0,0,0,0,0,0,0,0,0.47764,0.0216307,0.00721023,0.0216307,0.00721023,0.0216307,0.00721023,0.0216307,0.00721023
287,52795.5,1.51942,0.80231,0.92467,0,0,0,0,0,0,0.12853,0.00237,0.00023,2e-05,0,0,0,0,0,0,0,0,0,0,0,0,0,1.22316,0.4195,0,0,0.48098,0.05789,0.446,0.48145,0.80003,0.70621,0.75045,0.47833,1.33761,0.67634,0.88838,0,0,0,0,0,0,0,0,0,0,0,0,0,0,0,0,0,0,0,0,0,0,0,0,0,0,0,0,0,0,0,0.47833,0.0215782,0.00719272,0.0215782,0.00719272,0.0215782,0.00719272,0.0215782,0.00719272
288,52916.4,1.51713,0.79527,0.92778,0,0,0,0,0,0,0.12802,0.00235,0.00016,0,0,0,0,0,0,0,0,0,0,0,0,0,0,1.19283,0.41634,0,0,0.48097,0.0579,0.44553,0.48144,0.79978,0.706,0.75116,0.47836,1.337,0.67566,0.88824,0,0,0,0,0,0,0,0,0,0,0,0,0,0,0,0,0,0,0,0,0,0,0,0,0,0,0,0,0,0,0,0.47836,0.0215255,0.00717518,0.0215255,0.00717518,0.0215255,0.00717518,0.0215255,0.00717518
289,53033.8,1.5246,0.79771,0.9247,0,0,0,0,0,0,0.12998,0.00237,0.00019,1e-05,0,0,0,0,0,0,0,0,0,0,0,0,0,1.24708,0.42011,0,0,0.48101,0.05792,0.44612,0.48148,0.80014,0.70562,0.75025,0.47816,1.33602,0.67509,0.88847,0,0,0,0,0,0,0,0,0,0,0,0,0,0,0,0,0,0,0,0,0,0,0,0,0,0,0,0,0,0,0,0.47816,0.0214728,0.00715761,0.0214728,0.00715761,0.0214728,0.00715761,0.0214728,0.00715761
290,53148.6,1.5198,0.79506,0.92654,0,0,0,0,0,0,0.12939,0.00237,0.00022,0,0,0,0,0,0,0,0,0,0,0,0,0,0,1.29229,0.42982,0,0,0.481,0.05793,0.44533,0.48145,0.79894,0.70731,0.75212,0.47886,1.33527,0.67454,0.88835,0,0,0,0,0,0,0,0,0,0,0,0,0,0,0,0,0,0,0,0,0,0,0,0,0,0,0,0,0,0,0,0.47886,0.02142,0.00714,0.02142,0.00714,0.02142,0.00714,0.02142,0.00714
291,53268.2,1.51631,0.79803,0.92287,0,0,0,0,0,0,0.12804,0.00238,0.00023,2e-05,0,0,0,0,0,0,0,0,0,0,0,0,0,1.20704,0.42517,0,0,0.48104,0.05792,0.44567,0.48152,0.79844,0.70738,0.75219,0.4791,1.33412,0.67389,0.88819,0,0,0,0,0,0,0,0,0,0,0,0,0,0,0,0,0,0,0,0,0,0,0,0,0,0,0,0,0,0,0,0.4791,0.0213671,0.00712237,0.0213671,0.00712237,0.0213671,0.00712237,0.0213671,0.00712237
292,53387.2,1.51029,0.7964,0.9211,0,0,0,0,0,0,0.12742,0.00239,0.00023,5e-05,0,0,0,0,0,0,0,0,0,0,0,0,0,1.24887,0.42182,0,0,0.48103,0.05791,0.44597,0.48151,0.79615,0.70731,0.75019,0.47842,1.33342,0.67344,0.88805,0,0,0,0,0,0,0,0,0,0,0,0,0,0,0,0,0,0,0,0,0,0,0,0,0,0,0,0,0,0,0,0.47842,0.0213141,0.0071047,0.0213141,0.0071047,0.0213141,0.0071047,0.0213141,0.0071047
293,53505.8,1.51038,0.79332,0.92493,0,0,0,0,0,0,0.12705,0.00237,0.00025,0,0,0,0,0,0,0,0,0,0,0,0,0,0,1.21014,0.41999,0,0,0.48104,0.05793,0.44606,0.48152,0.79593,0.70717,0.75043,0.47872,1.33201,0.67283,0.88776,0,0,0,0,0,0,0,0,0,0,0,0,0,0,0,0,0,0,0,0,0,0,0,0,0,0,0,0,0,0,0,0.47872,0.021261,0.007087,0.021261,0.007087,0.021261,0.007087,0.021261,0.007087
294,53629.4,1.51159,0.79025,0.9227,0,0,0,0,0,0,0.12829,0.00237,0.00018,0,0,0,0,0,0,0,0,0,0,0,0,0,0,1.24859,0.42252,0,0,0.48094,0.05787,0.44631,0.48141,0.79891,0.70725,0.751,0.47873,1.33084,0.67247,0.88729,0,0,0,0,0,0,0,0,0,0,0,0,0,0,0,0,0,0,0,0,0,0,0,0,0,0,0,0,0,0,0,0.47873,0.0212078,0.00706926,0.0212078,0.00706926,0.0212078,0.00706926,0.0212078,0.00706926
295,53745.1,1.51226,0.79452,0.92123,0,0,0,0,0,0,0.1264,0.00237,0.00021,1e-05,0,0,0,0,0,0,0,0,0,0,0,0,0,1.28228,0.43054,0,0,0.48108,0.05793,0.44551,0.48156,0.79597,0.7077,0.75082,0.47927,1.33,0.67188,0.88711,0,0,0,0,0,0,0,0,0,0,0,0,0,0,0,0,0,0,0,0,0,0,0,0,0,0,0,0,0,0,0,0.47927,0.0211545,0.0070515,0.0211545,0.0070515,0.0211545,0.0070515,0.0211545,0.0070515
296,53869,1.49962,0.78702,0.92084,0,0,0,0,0,0,0.12695,0.00237,0.00025,0,0,0,0,0,0,0,0,0,0,0,0,0,0,1.40138,0.42601,0,0,0.48095,0.05792,0.44647,0.48142,0.79646,0.708,0.75095,0.47964,1.32964,0.67146,0.88704,0,0,0,0,0,0,0,0,0,0,0,0,0,0,0,0,0,0,0,0,0,0,0,0,0,0,0,0,0,0,0,0.47964,0.0211011,0.00703371,0.0211011,0.00703371,0.0211011,0.00703371,0.0211011,0.00703371
297,53993.8,1.50656,0.7913,0.92187,0,0,0,0,0,0,0.12703,0.00237,0.00025,0,0,0,0,0,0,0,0,0,0,0,0,0,0,1.24364,0.4195,0,0,0.48104,0.05787,0.44632,0.4815,0.79445,0.70784,0.75059,0.47974,1.32949,0.67114,0.88695,0,0,0,0,0,0,0,0,0,0,0,0,0,0,0,0,0,0,0,0,0,0,0,0,0,0,0,0,0,0,0,0.47974,0.0210476,0.00701588,0.0210476,0.00701588,0.0210476,0.00701588,0.0210476,0.00701588
298,54117.6,1.50621,0.78921,0.92018,0,0,0,0,0,0,0.12663,0.00234,0.00022,3e-05,0,0,0,0,0,0,0,0,0,0,0,0,0,1.27918,0.42078,0,0,0.48098,0.05791,0.44541,0.48146,0.79339,0.70829,0.75114,0.48018,1.32903,0.67054,0.88674,0,0,0,0,0,0,0,0,0,0,0,0,0,0,0,0,0,0,0,0,0,0,0,0,0,0,0,0,0,0,0,0.48018,0.0209941,0.00699803,0.0209941,0.00699803,0.0209941,0.00699803,0.0209941,0.00699803
299,54246.5,1.50737,0.79146,0.92349,0,0,0,0,0,0,0.12691,0.00235,0.0002,1e-05,0,0,0,0,0,0,0,0,0,0,0,0,0,1.31374,0.42782,0,0,0.48097,0.05789,0.44617,0.48143,0.7942,0.70952,0.75222,0.48018,1.32794,0.66971,0.88664,0,0,0,0,0,0,0,0,0,0,0,0,0,0,0,0,0,0,0,0,0,0,0,0,0,0,0,0,0,0,0,0.48018,0.0209404,0.00698014,0.0209404,0.00698014,0.0209404,0.00698014,0.0209404,0.00698014
300,54379.2,1.50021,0.78863,0.92093,0,0,0,0,0,0,0.12578,0.00236,0.0002,0,0,0,0,0,0,0,0,0,0,0,0,0,0,1.3104,0.42567,0,0,0.48099,0.0579,0.44538,0.48147,0.79333,0.70994,0.75208,0.48059,1.32806,0.66931,0.8865,0,0,0,0,0,0,0,0,0,0,0,0,0,0,0,0,0,0,0,0,0,0,0,0,0,0,0,0,0,0,0,0.48059,0.0208867,0.00696223,0.0208867,0.00696223,0.0208867,0.00696223,0.0208867,0.00696223
301,54511.5,1.50167,0.78789,0.91768,0,0,0,0,0,0,0.12686,0.00235,0.00015,0,0,0,0,0,0,0,0,0,0,0,0,0,0,1.253,0.42044,0,0,0.48106,0.05792,0.44652,0.48153,0.78992,0.71151,0.75242,0.48077,1.32693,0.66912,0.88631,0,0,0,0,0,0,0,0,0,0,0,0,0,0,0,0,0,0,0,0,0,0,0,0,0,0,0,0,0,0,0,0.48077,0.0208328,0.00694428,0.0208328,0.00694428,0.0208328,0.00694428,0.0208328,0.00694428
302,54645,1.50813,0.79151,0.92129,0,0,0,0,0,0,0.12751,0.00234,0.00023,0,0,0,0,0,0,0,0,0,0,0,0,0,0,1.24652,0.42002,0,0,0.481,0.05792,0.44555,0.48147,0.78455,0.71443,0.75402,0.48111,1.32617,0.66875,0.8862,0,0,0,0,0,0,0,0,0,0,0,0,0,0,0,0,0,0,0,0,0,0,0,0,0,0,0,0,0,0,0,0.48111,0.0207789,0.00692631,0.0207789,0.00692631,0.0207789,0.00692631,0.0207789,0.00692631
303,54776.6,1.5113,0.79217,0.92042,0,0,0,0,0,0,0.12816,0.00233,0.00027,0,0,0,0,0,0,0,0,0,0,0,0,0,0,1.24682,0.41908,0,0,0.48102,0.05787,0.44572,0.48149,0.78365,0.71669,0.75556,0.48192,1.32481,0.66806,0.88603,0,0,0,0,0,0,0,0,0,0,0,0,0,0,0,0,0,0,0,0,0,0,0,0,0,0,0,0,0,0,0,0.48192,0.0207249,0.00690831,0.0207249,0.00690831,0.0207249,0.00690831,0.0207249,0.00690831
304,54901.2,1.51171,0.79131,0.92159,0,0,0,0,0,0,0.12619,0.00234,0.00016,0,0,0,0,0,0,0,0,0,0,0,0,0,0,1.20238,0.41791,0,0,0.481,0.05795,0.44549,0.48147,0.784,0.71692,0.7561,0.48213,1.3236,0.6675,0.88579,0,0,0,0,0,0,0,0,0,0,0,0,0,0,0,0,0,0,0,0,0,0,0,0,0,0,0,0,0,0,0,0.48213,0.0206708,0.00689028,0.0206708,0.00689028,0.0206708,0.00689028,0.0206708,0.00689028
305,55026.9,1.50208,0.79038,0.91907,0,0,0,0,0,0,0.1271,0.00233,0.0002,0,0,0,0,0,0,0,0,0,0,0,0,0,0,1.22983,0.41682,0,0,0.48103,0.05792,0.44635,0.48149,0.78026,0.72022,0.75645,0.48216,1.3232,0.66682,0.88578,0,0,0,0,0,0,0,0,0,0,0,0,0,0,0,0,0,0,0,0,0,0,0,0,0,0,0,0,0,0,0,0.48216,0.0206166,0.00687222,0.0206166,0.00687222,0.0206166,0.00687222,0.0206166,0.00687222
306,55146.1,1.49912,0.78737,0.91968,0,0,0,0,0,0,0.12638,0.00232,0.00025,0,0,0,0,0,0,0,0,0,0,0,0,0,0,1.22294,0.41678,0,0,0.48105,0.05792,0.44614,0.48151,0.78448,0.71727,0.75608,0.48251,1.32236,0.66673,0.88567,0,0,0,0,0,0,0,0,0,0,0,0,0,0,0,0,0,0,0,0,0,0,0,0,0,0,0,0,0,0,0,0.48251,0.0205624,0.00685413,0.0205624,0.00685413,0.0205624,0.00685413,0.0205624,0.00685413
307,55267.6,1.50693,0.79212,0.92472,0,0,0,0,0,0,0.12556,0.00232,0.00019,0,0,0,0,0,0,0,0,0,0,0,0,0,0,1.23907,0.41701,0,0,0.48098,0.05793,0.44511,0.48146,0.78411,0.71694,0.75565,0.48269,1.32259,0.6658,0.88589,0,0,0,0,0,0,0,0,0,0,0,0,0,0,0,0,0,0,0,0,0,0,0,0,0,0,0,0,0,0,0,0.48269,0.020508,0.00683601,0.020508,0.00683601,0.020508,0.00683601,0.020508,0.00683601
308,55386.4,1.50179,0.79239,0.91874,0,0,0,0,0,0,0.12619,0.00231,0.00017,0,0,0,0,0,0,0,0,0,0,0,0,0,0,1.22038,0.418,0,0,0.48106,0.05792,0.44639,0.48153,0.78659,0.71727,0.75627,0.48336,1.32138,0.66531,0.88558,0,0,0,0,0,0,0,0,0,0,0,0,0,0,0,0,0,0,0,0,0,0,0,0,0,0,0,0,0,0,0,0.48336,0.0204536,0.00681787,0.0204536,0.00681787,0.0204536,0.00681787,0.0204536,0.00681787
309,55507.1,1.49633,0.78612,0.91624,0,0,0,0,0,0,0.12623,0.00232,0.00024,2e-05,0,0,0,0,0,0,0,0,0,0,0,0,0,1.28376,0.42069,0,0,0.48102,0.05792,0.44599,0.48149,0.78561,0.7189,0.75737,0.48353,1.32177,0.66472,0.8858,0,0,0,0,0,0,0,0,0,0,0,0,0,0,0,0,0,0,0,0,0,0,0,0,0,0,0,0,0,0,0,0.48353,0.0203991,0.0067997,0.0203991,0.0067997,0.0203991,0.0067997,0.0203991,0.0067997
310,55629.6,1.49713,0.78675,0.91789,0,0,0,0,0,0,0.12569,0.00232,0.00018,0,0,0,0,0,0,0,0,0,0,0,0,0,0,1.25052,0.41731,0,0,0.48107,0.0579,0.44645,0.48153,0.78587,0.71892,0.75687,0.48365,1.32094,0.66408,0.88558,0,0,0,0,0,0,0,0,0,0,0,0,0,0,0,0,0,0,0,0,0,0,0,0,0,0,0,0,0,0,0,0.48365,0.0203445,0.0067815,0.0203445,0.0067815,0.0203445,0.0067815,0.0203445,0.0067815
311,55755.1,1.50079,0.78516,0.91941,0,0,0,0,0,0,0.12529,0.00231,0.00022,0,0,0,0,0,0,0,0,0,0,0,0,0,0,1.24523,0.41632,0,0,0.48098,0.0579,0.44567,0.48146,0.7855,0.72008,0.75697,0.48361,1.32034,0.66391,0.88548,0,0,0,0,0,0,0,0,0,0,0,0,0,0,0,0,0,0,0,0,0,0,0,0,0,0,0,0,0,0,0,0.48361,0.0202898,0.00676328,0.0202898,0.00676328,0.0202898,0.00676328,0.0202898,0.00676328
312,55878.8,1.49762,0.78677,0.92015,0,0,0,0,0,0,0.12575,0.00229,0.00025,1e-05,0,0,0,0,0,0,0,0,0,0,0,0,0,1.15021,0.40867,0,0,0.48106,0.05792,0.44573,0.48153,0.78749,0.72059,0.75809,0.48412,1.31925,0.66353,0.88531,0,0,0,0,0,0,0,0,0,0,0,0,0,0,0,0,0,0,0,0,0,0,0,0,0,0,0,0,0,0,0,0.48412,0.0202351,0.00674503,0.0202351,0.00674503,0.0202351,0.00674503,0.0202351,0.00674503
313,56007.1,1.49234,0.77911,0.91686,0,0,0,0,0,0,0.12535,0.00229,0.00021,0,0,0,0,0,0,0,0,0,0,0,0,0,0,1.17477,0.40926,0,0,0.48101,0.05789,0.44647,0.48148,0.78722,0.72052,0.75868,0.48455,1.31895,0.6629,0.88517,0,0,0,0,0,0,0,0,0,0,0,0,0,0,0,0,0,0,0,0,0,0,0,0,0,0,0,0,0,0,0,0.48455,0.0201803,0.00672675,0.0201803,0.00672675,0.0201803,0.00672675,0.0201803,0.00672675
314,56129.9,1.48481,0.77621,0.91778,0,0,0,0,0,0,0.12603,0.0023,0.0002,0,0,0,0,0,0,0,0,0,0,0,0,0,0,1.12289,0.40946,0,0,0.48096,0.05786,0.44627,0.48139,0.78574,0.72076,0.75806,0.48468,1.3183,0.66229,0.88493,0,0,0,0,0,0,0,0,0,0,0,0,0,0,0,0,0,0,0,0,0,0,0,0,0,0,0,0,0,0,0,0.48468,0.0201254,0.00670845,0.0201254,0.00670845,0.0201254,0.00670845,0.0201254,0.00670845
315,56250.7,1.4966,0.78338,0.91903,0,0,0,0,0,0,0.12691,0.0023,0.00021,0,0,0,0,0,0,0,0,0,0,0,0,0,0,1.21023,0.41089,0,0,0.48103,0.05794,0.44533,0.48151,0.78643,0.72139,0.75889,0.48481,1.31811,0.66195,0.88448,0,0,0,0,0,0,0,0,0,0,0,0,0,0,0,0,0,0,0,0,0,0,0,0,0,0,0,0,0,0,0,0.48481,0.0200704,0.00669012,0.0200704,0.00669012,0.0200704,0.00669012,0.0200704,0.00669012
316,56373,1.49382,0.7844,0.91914,0,0,0,0,0,0,0.12561,0.0023,0.00017,7e-05,0,0,0,0,0,0,0,0,0,0,0,0,0,1.1915,0.40879,0,0,0.481,0.05791,0.4452,0.48147,0.78672,0.72252,0.759,0.48496,1.31763,0.66113,0.88436,0,0,0,0,0,0,0,0,0,0,0,0,0,0,0,0,0,0,0,0,0,0,0,0,0,0,0,0,0,0,0,0.48496,0.0200153,0.00667177,0.0200153,0.00667177,0.0200153,0.00667177,0.0200153,0.00667177
317,56494.8,1.4843,0.7764,0.91808,0,0,0,0,0,0,0.12493,0.0023,0.00027,0,0,0,0,0,0,0,0,0,0,0,0,0,0,1.20325,0.40674,0,0,0.48094,0.0579,0.44523,0.48141,0.78627,0.72343,0.75948,0.48534,1.31676,0.66065,0.8844,0,0,0,0,0,0,0,0,0,0,0,0,0,0,0,0,0,0,0,0,0,0,0,0,0,0,0,0,0,0,0,0.48534,0.0199602,0.00665339,0.0199602,0.00665339,0.0199602,0.00665339,0.0199602,0.00665339
318,56616.2,1.48593,0.7767,0.91667,0,0,0,0,0,0,0.12647,0.0023,0.00026,0,0,0,0,0,0,0,0,0,0,0,0,0,0,1.19778,0.40563,0,0,0.48106,0.05791,0.44572,0.48153,0.78541,0.72363,0.75967,0.48567,1.31666,0.66005,0.88424,0,0,0,0,0,0,0,0,0,0,0,0,0,0,0,0,0,0,0,0,0,0,0,0,0,0,0,0,0,0,0,0.48567,0.019905,0.00663499,0.019905,0.00663499,0.019905,0.00663499,0.019905,0.00663499
319,56733.9,1.48332,0.77113,0.91468,0,0,0,0,0,0,0.12663,0.0023,0.00021,0,0,0,0,0,0,0,0,0,0,0,0,0,0,1.22674,0.41262,0,0,0.48099,0.0579,0.44655,0.48145,0.78824,0.72431,0.76028,0.48624,1.31578,0.65941,0.88417,0,0,0,0,0,0,0,0,0,0,0,0,0,0,0,0,0,0,0,0,0,0,0,0,0,0,0,0,0,0,0,0.48624,0.0198497,0.00661656,0.0198497,0.00661656,0.0198497,0.00661656,0.0198497,0.00661656
320,56860.9,1.49017,0.77878,0.91392,0,0,0,0,0,0,0.12584,0.0023,0.00018,0,0,0,0,0,0,0,0,0,0,0,0,0,0,1.21209,0.41002,0,0,0.48099,0.05789,0.44572,0.48147,0.79013,0.72476,0.76109,0.48628,1.31507,0.65888,0.88407,0,0,0,0,0,0,0,0,0,0,0,0,0,0,0,0,0,0,0,0,0,0,0,0,0,0,0,0,0,0,0,0.48628,0.0197943,0.00659811,0.0197943,0.00659811,0.0197943,0.00659811,0.0197943,0.00659811
321,56984.2,1.48748,0.77541,0.91601,0,0,0,0,0,0,0.12639,0.00231,0.0003,0,0,0,0,0,0,0,0,0,0,0,0,0,0,1.17769,0.40932,0,0,0.48105,0.05792,0.44604,0.48152,0.79172,0.72362,0.76048,0.48618,1.31504,0.65848,0.88409,0,0,0,0,0,0,0,0,0,0,0,0,0,0,0,0,0,0,0,0,0,0,0,0,0,0,0,0,0,0,0,0.48618,0.0197389,0.00657963,0.0197389,0.00657963,0.0197389,0.00657963,0.0197389,0.00657963
322,57104,1.48895,0.77195,0.91595,0,0,0,0,0,0,0.12619,0.00229,0.00023,0,0,0,0,0,0,0,0,0,0,0,0,0,0,1.13861,0.40301,0,0,0.48108,0.05794,0.44651,0.48154,0.79209,0.72383,0.76082,0.48625,1.3143,0.65779,0.88396,0,0,0,0,0,0,0,0,0,0,0,0,0,0,0,0,0,0,0,0,0,0,0,0,0,0,0,0,0,0,0,0.48625,0.0196834,0.00656114,0.0196834,0.00656114,0.0196834,0.00656114,0.0196834,0.00656114
323,57231.5,1.48179,0.77331,0.91637,0,0,0,0,0,0,0.12515,0.00229,0.00018,2e-05,0,0,0,0,0,0,0,0,0,0,0,0,0,1.08447,0.39982,0,0,0.48099,0.0579,0.44728,0.48145,0.79001,0.72505,0.76189,0.48675,1.3137,0.65697,0.88406,0,0,0,0,0,0,0,0,0,0,0,0,0,0,0,0,0,0,0,0,0,0,0,0,0,0,0,0,0,0,0,0.48675,0.0196278,0.00654261,0.0196278,0.00654261,0.0196278,0.00654261,0.0196278,0.00654261
324,57350.1,1.48819,0.77689,0.91411,0,0,0,0,0,0,0.1258,0.00228,0.00019,6e-05,0,0,0,0,0,0,0,0,0,0,0,0,0,1.14005,0.40664,0,0,0.48113,0.05796,0.44537,0.48162,0.79042,0.72566,0.76219,0.48738,1.31272,0.65639,0.88391,0,0,0,0,0,0,0,0,0,0,0,0,0,0,0,0,0,0,0,0,0,0,0,0,0,0,0,0,0,0,0,0.48738,0.0195722,0.00652407,0.0195722,0.00652407,0.0195722,0.00652407,0.0195722,0.00652407
325,57475.3,1.48453,0.77125,0.91771,0,0,0,0,0,0,0.12704,0.00228,0.0002,2e-05,0,0,0,0,0,0,0,0,0,0,0,0,0,1.18585,0.40835,0,0,0.48107,0.0579,0.44612,0.48151,0.78993,0.72602,0.76194,0.4875,1.31208,0.65606,0.88371,0,0,0,0,0,0,0,0,0,0,0,0,0,0,0,0,0,0,0,0,0,0,0,0,0,0,0,0,0,0,0,0.4875,0.0195165,0.0065055,0.0195165,0.0065055,0.0195165,0.0065055,0.0195165,0.0065055
326,57596,1.48161,0.77483,0.91523,0,0,0,0,0,0,0.12401,0.00228,0.00023,7e-05,0,0,0,0,0,0,0,0,0,0,0,0,0,1.20014,0.40981,0,0,0.48096,0.05791,0.44648,0.48143,0.7895,0.7267,0.76179,0.48797,1.31192,0.65582,0.8836,0,0,0,0,0,0,0,0,0,0,0,0,0,0,0,0,0,0,0,0,0,0,0,0,0,0,0,0,0,0,0,0.48797,0.0194607,0.00648691,0.0194607,0.00648691,0.0194607,0.00648691,0.0194607,0.00648691
327,57719.1,1.48237,0.77786,0.91505,0,0,0,0,0,0,0.12503,0.00229,0.00024,0,0,0,0,0,0,0,0,0,0,0,0,0,0,1.14421,0.40407,0,0,0.48105,0.05789,0.44643,0.48151,0.79112,0.7269,0.76243,0.48795,1.31152,0.65543,0.88338,0,0,0,0,0,0,0,0,0,0,0,0,0,0,0,0,0,0,0,0,0,0,0,0,0,0,0,0,0,0,0,0.48795,0.0194049,0.0064683,0.0194049,0.0064683,0.0194049,0.0064683,0.0194049,0.0064683
328,57845.8,1.47989,0.77395,0.91441,0,0,0,0,0,0,0.12564,0.00229,0.00019,0,0,0,0,0,0,0,0,0,0,0,0,0,0,1.15722,0.40121,0,0,0.48098,0.05788,0.44577,0.48146,0.79168,0.72646,0.7622,0.48785,1.31119,0.65524,0.88316,0,0,0,0,0,0,0,0,0,0,0,0,0,0,0,0,0,0,0,0,0,0,0,0,0,0,0,0,0,0,0,0.48785,0.019349,0.00644966,0.019349,0.00644966,0.019349,0.00644966,0.019349,0.00644966
329,57963.9,1.48412,0.77158,0.91427,0,0,0,0,0,0,0.12478,0.00228,0.00025,3e-05,0,0,0,0,0,0,0,0,0,0,0,0,0,1.16984,0.39971,0,0,0.481,0.05789,0.44614,0.48146,0.79013,0.72635,0.76208,0.48819,1.31066,0.65508,0.88309,0,0,0,0,0,0,0,0,0,0,0,0,0,0,0,0,0,0,0,0,0,0,0,0,0,0,0,0,0,0,0,0.48819,0.019293,0.00643101,0.019293,0.00643101,0.019293,0.00643101,0.019293,0.00643101
330,58089.1,1.48446,0.77243,0.9108,0,0,0,0,0,0,0.12311,0.00227,0.00021,0,0,0,0,0,0,0,0,0,0,0,0,0,0,1.17076,0.40235,0,0,0.48105,0.0579,0.44612,0.48152,0.79132,0.72568,0.76221,0.48882,1.30969,0.65476,0.88301,0,0,0,0,0,0,0,0,0,0,0,0,0,0,0,0,0,0,0,0,0,0,0,0,0,0,0,0,0,0,0,0.48882,0.019237,0.00641233,0.019237,0.00641233,0.019237,0.00641233,0.019237,0.00641233
331,58212.1,1.47884,0.77533,0.91459,0,0,0,0,0,0,0.12506,0.00228,0.00016,0,0,0,0,0,0,0,0,0,0,0,0,0,0,1.14652,0.40077,0,0,0.48095,0.05787,0.44559,0.48143,0.79053,0.72643,0.76248,0.48882,1.30947,0.65447,0.88294,0,0,0,0,0,0,0,0,0,0,0,0,0,0,0,0,0,0,0,0,0,0,0,0,0,0,0,0,0,0,0,0.48882,0.0191809,0.00639363,0.0191809,0.00639363,0.0191809,0.00639363,0.0191809,0.00639363
332,58334.4,1.4747,0.76962,0.91318,0,0,0,0,0,0,0.12412,0.00229,0.00019,1e-05,0,0,0,0,0,0,0,0,0,0,0,0,0,1.18112,0.40287,0,0,0.48101,0.05792,0.4459,0.48148,0.78953,0.72667,0.76139,0.48886,1.30885,0.65361,0.88277,0,0,0,0,0,0,0,0,0,0,0,0,0,0,0,0,0,0,0,0,0,0,0,0,0,0,0,0,0,0,0,0.48886,0.0191247,0.00637491,0.0191247,0.00637491,0.0191247,0.00637491,0.0191247,0.00637491
333,58454.1,1.47488,0.76784,0.91354,0,0,0,0,0,0,0.12487,0.00227,0.00015,0,0,0,0,0,0,0,0,0,0,0,0,0,0,1.24204,0.39921,0,0,0.48106,0.0579,0.44619,0.48152,0.78852,0.72638,0.76144,0.48815,1.3092,0.65317,0.88276,0,0,0,0,0,0,0,0,0,0,0,0,0,0,0,0,0,0,0,0,0,0,0,0,0,0,0,0,0,0,0,0.48815,0.0190685,0.00635617,0.0190685,0.00635617,0.0190685,0.00635617,0.0190685,0.00635617
334,58571.8,1.4778,0.76991,0.90972,0,0,0,0,0,0,0.12461,0.00226,0.00024,5e-05,0,0,0,0,0,0,0,0,0,0,0,0,0,1.16052,0.39793,0,0,0.48105,0.05791,0.44635,0.48152,0.78802,0.72828,0.76134,0.48819,1.30946,0.653,0.88274,0,0,0,0,0,0,0,0,0,0,0,0,0,0,0,0,0,0,0,0,0,0,0,0,0,0,0,0,0,0,0,0.48819,0.0190122,0.00633741,0.0190122,0.00633741,0.0190122,0.00633741,0.0190122,0.00633741
335,58688.2,1.46921,0.76431,0.90872,0,0,0,0,0,0,0.12355,0.00225,0.00023,0,0,0,0,0,0,0,0,0,0,0,0,0,0,1.16034,0.39718,0,0,0.48102,0.05789,0.44537,0.4815,0.78842,0.72757,0.76171,0.48872,1.30962,0.65253,0.88254,0,0,0,0,0,0,0,0,0,0,0,0,0,0,0,0,0,0,0,0,0,0,0,0,0,0,0,0,0,0,0,0.48872,0.0189559,0.00631863,0.0189559,0.00631863,0.0189559,0.00631863,0.0189559,0.00631863
336,58808.1,1.46322,0.75916,0.9079,0,0,0,0,0,0,0.1236,0.00224,0.00016,0,0,0,0,0,0,0,0,0,0,0,0,0,0,1.21136,0.39901,0,0,0.48103,0.05788,0.44576,0.48151,0.79041,0.72695,0.76188,0.48881,1.30834,0.65175,0.88241,0,0,0,0,0,0,0,0,0,0,0,0,0,0,0,0,0,0,0,0,0,0,0,0,0,0,0,0,0,0,0,0.48881,0.0188995,0.00629983,0.0188995,0.00629983,0.0188995,0.00629983,0.0188995,0.00629983
337,58923.2,1.4696,0.76829,0.91432,0,0,0,0,0,0,0.12444,0.00225,0.00022,0,0,0,0,0,0,0,0,0,0,0,0,0,0,1.15216,0.39524,0,0,0.48108,0.05794,0.44642,0.48156,0.78731,0.72857,0.76248,0.48955,1.30747,0.65123,0.88221,0,0,0,0,0,0,0,0,0,0,0,0,0,0,0,0,0,0,0,0,0,0,0,0,0,0,0,0,0,0,0,0.48955,0.018843,0.00628101,0.018843,0.00628101,0.018843,0.00628101,0.018843,0.00628101
338,59053.9,1.47685,0.76461,0.90952,0,0,0,0,0,0,0.12691,0.00224,0.00017,1e-05,0,0,0,0,0,0,0,0,0,0,0,0,0,1.18537,0.39789,0,0,0.48103,0.05792,0.44635,0.4815,0.78779,0.72942,0.76323,0.48999,1.30682,0.65065,0.88201,0,0,0,0,0,0,0,0,0,0,0,0,0,0,0,0,0,0,0,0,0,0,0,0,0,0,0,0,0,0,0,0.48999,0.0187865,0.00626218,0.0187865,0.00626218,0.0187865,0.00626218,0.0187865,0.00626218
339,59186.7,1.4629,0.75903,0.91028,0,0,0,0,0,0,0.12373,0.00224,0.00021,1e-05,0,0,0,0,0,0,0,0,0,0,0,0,0,1.14765,0.39819,0,0,0.48106,0.05794,0.44643,0.48154,0.78892,0.72977,0.76365,0.49071,1.30592,0.64984,0.88187,0,0,0,0,0,0,0,0,0,0,0,0,0,0,0,0,0,0,0,0,0,0,0,0,0,0,0,0,0,0,0,0.49071,0.01873,0.00624332,0.01873,0.00624332,0.01873,0.00624332,0.01873,0.00624332
340,59305.3,1.46516,0.76224,0.91128,0,0,0,0,0,0,0.1219,0.00224,0.00018,0,0,0,0,0,0,0,0,0,0,0,0,0,0,1.16789,0.39478,0,0,0.48104,0.0579,0.44599,0.48151,0.79104,0.72811,0.76336,0.49082,1.30492,0.64932,0.88169,0,0,0,0,0,0,0,0,0,0,0,0,0,0,0,0,0,0,0,0,0,0,0,0,0,0,0,0,0,0,0,0.49082,0.0186733,0.00622445,0.0186733,0.00622445,0.0186733,0.00622445,0.0186733,0.00622445
341,59424.9,1.47909,0.76782,0.91254,0,0,0,0,0,0,0.12497,0.00225,0.00025,0,0,0,0,0,0,0,0,0,0,0,0,0,0,1.1671,0.39572,0,0,0.48106,0.05795,0.4464,0.48152,0.7936,0.72782,0.76454,0.49072,1.30402,0.64831,0.88157,0,0,0,0,0,0,0,0,0,0,0,0,0,0,0,0,0,0,0,0,0,0,0,0,0,0,0,0,0,0,0,0.49072,0.0186167,0.00620555,0.0186167,0.00620555,0.0186167,0.00620555,0.0186167,0.00620555
342,59547,1.47392,0.76545,0.91166,0,0,0,0,0,0,0.12462,0.00225,0.00023,0,0,0,0,0,0,0,0,0,0,0,0,0,0,1.16366,0.39848,0,0,0.48111,0.05791,0.44584,0.48159,0.79073,0.72911,0.76495,0.49169,1.30311,0.64787,0.88148,0,0,0,0,0,0,0,0,0,0,0,0,0,0,0,0,0,0,0,0,0,0,0,0,0,0,0,0,0,0,0,0.49169,0.0185599,0.00618664,0.0185599,0.00618664,0.0185599,0.00618664,0.0185599,0.00618664
343,59669.4,1.46463,0.76291,0.90935,0,0,0,0,0,0,0.12251,0.00225,0.0002,4e-05,0,0,0,0,0,0,0,0,0,0,0,0,0,1.07977,0.39329,0,0,0.48107,0.05791,0.44536,0.48156,0.79067,0.7288,0.7647,0.4916,1.30159,0.64709,0.88126,0,0,0,0,0,0,0,0,0,0,0,0,0,0,0,0,0,0,0,0,0,0,0,0,0,0,0,0,0,0,0,0.4916,0.0185031,0.00616772,0.0185031,0.00616772,0.0185031,0.00616772,0.0185031,0.00616772
344,59786.7,1.45931,0.75621,0.91087,0,0,0,0,0,0,0.12402,0.00225,0.00018,0,0,0,0,0,0,0,0,0,0,0,0,0,0,1.18197,0.39866,0,0,0.48098,0.05788,0.44476,0.48147,0.79103,0.72892,0.76579,0.49229,1.3009,0.64671,0.88112,0,0,0,0,0,0,0,0,0,0,0,0,0,0,0,0,0,0,0,0,0,0,0,0,0,0,0,0,0,0,0,0.49229,0.0184463,0.00614877,0.0184463,0.00614877,0.0184463,0.00614877,0.0184463,0.00614877
345,59906.4,1.4636,0.76331,0.91212,0,0,0,0,0,0,0.12332,0.00225,0.00026,0,0,0,0,0,0,0,0,0,0,0,0,0,0,1.13886,0.39514,0,0,0.48106,0.05792,0.44587,0.48151,0.79122,0.72763,0.76593,0.49253,1.30018,0.64618,0.88106,0,0,0,0,0,0,0,0,0,0,0,0,0,0,0,0,0,0,0,0,0,0,0,0,0,0,0,0,0,0,0,0.49253,0.0183894,0.00612981,0.0183894,0.00612981,0.0183894,0.00612981,0.0183894,0.00612981
346,60028.9,1.45854,0.75838,0.9113,0,0,0,0,0,0,0.12298,0.00224,0.00017,0,0,0,0,0,0,0,0,0,0,0,0,0,0,1.10101,0.39532,0,0,0.48107,0.05793,0.44648,0.48153,0.7919,0.72824,0.7661,0.4929,1.29979,0.64622,0.88092,0,0,0,0,0,0,0,0,0,0,0,0,0,0,0,0,0,0,0,0,0,0,0,0,0,0,0,0,0,0,0,0.4929,0.0183325,0.00611083,0.0183325,0.00611083,0.0183325,0.00611083,0.0183325,0.00611083
347,60155.7,1.45853,0.75513,0.91005,0,0,0,0,0,0,0.12469,0.00225,0.00023,1e-05,0,0,0,0,0,0,0,0,0,0,0,0,0,1.17449,0.39781,0,0,0.48105,0.05791,0.44649,0.48151,0.79277,0.72798,0.7662,0.49315,1.2984,0.64544,0.8807,0,0,0,0,0,0,0,0,0,0,0,0,0,0,0,0,0,0,0,0,0,0,0,0,0,0,0,0,0,0,0,0.49315,0.0182755,0.00609184,0.0182755,0.00609184,0.0182755,0.00609184,0.0182755,0.00609184
348,60276.9,1.45183,0.75178,0.91018,0,0,0,0,0,0,0.12208,0.00225,0.00016,2e-05,0,0,0,0,0,0,0,0,0,0,0,0,0,1.12524,0.39192,0,0,0.48103,0.0579,0.44625,0.4815,0.79409,0.72744,0.76589,0.49323,1.29713,0.64482,0.88047,0,0,0,0,0,0,0,0,0,0,0,0,0,0,0,0,0,0,0,0,0,0,0,0,0,0,0,0,0,0,0,0.49323,0.0182185,0.00607282,0.0182185,0.00607282,0.0182185,0.00607282,0.0182185,0.00607282
349,60401.1,1.45451,0.75644,0.9079,0,0,0,0,0,0,0.12311,0.00225,0.00022,0,0,0,0,0,0,0,0,0,0,0,0,0,0,1.21529,0.39537,0,0,0.481,0.05786,0.44576,0.48145,0.79467,0.72883,0.76713,0.49343,1.29605,0.64385,0.88016,0,0,0,0,0,0,0,0,0,0,0,0,0,0,0,0,0,0,0,0,0,0,0,0,0,0,0,0,0,0,0,0.49343,0.0181614,0.0060538,0.0181614,0.0060538,0.0181614,0.0060538,0.0181614,0.0060538
350,60525.6,1.45086,0.75296,0.90953,0,0,0,0,0,0,0.12304,0.00224,0.00014,0,0,0,0,0,0,0,0,0,0,0,0,0,0,1.15602,0.3897,0,0,0.481,0.05794,0.44619,0.48144,0.79627,0.72905,0.76737,0.49346,1.29545,0.64301,0.87998,0,0,0,0,0,0,0,0,0,0,0,0,0,0,0,0,0,0,0,0,0,0,0,0,0,0,0,0,0,0,0,0.49346,0.0181043,0.00603475,0.0181043,0.00603475,0.0181043,0.00603475,0.0181043,0.00603475
351,60645,1.44982,0.7557,0.90799,0,0,0,0,0,0,0.12298,0.00224,0.00024,1e-05,0,0,0,0,0,0,0,0,0,0,0,0,0,1.18495,0.39231,0,0,0.48105,0.0579,0.44646,0.48152,0.79913,0.7297,0.76868,0.49386,1.2937,0.64257,0.8798,0,0,0,0,0,0,0,0,0,0,0,0,0,0,0,0,0,0,0,0,0,0,0,0,0,0,0,0,0,0,0,0.49386,0.0180471,0.0060157,0.0180471,0.0060157,0.0180471,0.0060157,0.0180471,0.0060157
352,60767.7,1.45631,0.75394,0.90836,0,0,0,0,0,0,0.12371,0.00224,0.0002,0,0,0,0,0,0,0,0,0,0,0,0,0,0,1.2291,0.39665,0,0,0.48105,0.05788,0.44695,0.4815,0.79586,0.72967,0.76871,0.4942,1.29222,0.642,0.87956,0,0,0,0,0,0,0,0,0,0,0,0,0,0,0,0,0,0,0,0,0,0,0,0,0,0,0,0,0,0,0,0.4942,0.0179899,0.00599662,0.0179899,0.00599662,0.0179899,0.00599662,0.0179899,0.00599662
353,60889.1,1.44682,0.7517,0.90688,0,0,0,0,0,0,0.12288,0.00224,0.00026,0,0,0,0,0,0,0,0,0,0,0,0,0,0,1.19248,0.39048,0,0,0.48102,0.05794,0.44571,0.4815,0.7969,0.72919,0.76841,0.49474,1.29212,0.64183,0.87955,0,0,0,0,0,0,0,0,0,0,0,0,0,0,0,0,0,0,0,0,0,0,0,0,0,0,0,0,0,0,0,0.49474,0.0179326,0.00597754,0.0179326,0.00597754,0.0179326,0.00597754,0.0179326,0.00597754
354,61011,1.44919,0.74937,0.90614,0,0,0,0,0,0,0.12325,0.00221,0.00023,0,0,0,0,0,0,0,0,0,0,0,0,0,0,1.14061,0.38804,0,0,0.4811,0.05795,0.44647,0.48157,0.79908,0.72902,0.76913,0.49487,1.29091,0.64109,0.87937,0,0,0,0,0,0,0,0,0,0,0,0,0,0,0,0,0,0,0,0,0,0,0,0,0,0,0,0,0,0,0,0.49487,0.0178753,0.00595844,0.0178753,0.00595844,0.0178753,0.00595844,0.0178753,0.00595844
355,61135.9,1.45642,0.75581,0.91005,0,0,0,0,0,0,0.12347,0.00221,0.00024,4e-05,0,0,0,0,0,0,0,0,0,0,0,0,0,1.18071,0.38677,0,0,0.48099,0.05789,0.44633,0.48145,0.79838,0.73016,0.76904,0.49511,1.29048,0.6406,0.87918,0,0,0,0,0,0,0,0,0,0,0,0,0,0,0,0,0,0,0,0,0,0,0,0,0,0,0,0,0,0,0,0.49511,0.017818,0.00593932,0.017818,0.00593932,0.017818,0.00593932,0.017818,0.00593932
356,61258.8,1.4503,0.7506,0.90766,0,0,0,0,0,0,0.12315,0.00223,0.00017,0,0,0,0,0,0,0,0,0,0,0,0,0,0,1.22021,0.39248,0,0,0.48098,0.0579,0.44532,0.48146,0.79975,0.72886,0.7686,0.49539,1.28975,0.6401,0.87895,0,0,0,0,0,0,0,0,0,0,0,0,0,0,0,0,0,0,0,0,0,0,0,0,0,0,0,0,0,0,0,0.49539,0.0177606,0.00592019,0.0177606,0.00592019,0.0177606,0.00592019,0.0177606,0.00592019
357,61381.4,1.44918,0.75209,0.90781,0,0,0,0,0,0,0.12316,0.00221,0.00019,0,0,0,0,0,0,0,0,0,0,0,0,0,0,1.17546,0.39025,0,0,0.48102,0.05792,0.44694,0.48147,0.79969,0.73,0.76929,0.49546,1.28949,0.63966,0.87881,0,0,0,0,0,0,0,0,0,0,0,0,0,0,0,0,0,0,0,0,0,0,0,0,0,0,0,0,0,0,0,0.49546,0.0177031,0.00590105,0.0177031,0.00590105,0.0177031,0.00590105,0.0177031,0.00590105
358,61503.3,1.4478,0.74973,0.90728,0,0,0,0,0,0,0.12138,0.00221,0.00018,0,0,0,0,0,0,0,0,0,0,0,0,0,0,1.22643,0.39005,0,0,0.48101,0.0579,0.44659,0.48148,0.79812,0.72961,0.76942,0.49584,1.28845,0.63899,0.87851,0,0,0,0,0,0,0,0,0,0,0,0,0,0,0,0,0,0,0,0,0,0,0,0,0,0,0,0,0,0,0,0.49584,0.0176457,0.00588189,0.0176457,0.00588189,0.0176457,0.00588189,0.0176457,0.00588189
359,61625.9,1.4438,0.75016,0.90733,0,0,0,0,0,0,0.12266,0.00221,0.00016,0,0,0,0,0,0,0,0,0,0,0,0,0,0,1.11447,0.38581,0,0,0.48104,0.05792,0.44556,0.48151,0.8005,0.72936,0.77034,0.49635,1.28726,0.6386,0.87827,0,0,0,0,0,0,0,0,0,0,0,0,0,0,0,0,0,0,0,0,0,0,0,0,0,0,0,0,0,0,0,0.49635,0.0175882,0.00586272,0.0175882,0.00586272,0.0175882,0.00586272,0.0175882,0.00586272
360,61757.8,1.4482,0.75054,0.90543,0,0,0,0,0,0,0.12319,0.00221,0.00017,0,0,0,0,0,0,0,0,0,0,0,0,0,0,1.12489,0.38457,0,0,0.481,0.05789,0.44563,0.48148,0.79965,0.72862,0.77082,0.4968,1.28688,0.63834,0.87805,0,0,0,0,0,0,0,0,0,0,0,0,0,0,0,0,0,0,0,0,0,0,0,0,0,0,0,0,0,0,0,0.4968,0.0175306,0.00584354,0.0175306,0.00584354,0.0175306,0.00584354,0.0175306,0.00584354
361,61879.6,1.43957,0.7474,0.90519,0,0,0,0,0,0,0.1214,0.00221,0.00019,0,0,0,0,0,0,0,0,0,0,0,0,0,0,1.09611,0.38091,0,0,0.48107,0.05789,0.44522,0.48155,0.79899,0.73001,0.77116,0.49716,1.28581,0.63723,0.87788,0,0,0,0,0,0,0,0,0,0,0,0,0,0,0,0,0,0,0,0,0,0,0,0,0,0,0,0,0,0,0,0.49716,0.0174731,0.00582435,0.0174731,0.00582435,0.0174731,0.00582435,0.0174731,0.00582435
362,62001.3,1.44348,0.74976,0.90642,0,0,0,0,0,0,0.12142,0.00221,0.00017,4e-05,0,0,0,0,0,0,0,0,0,0,0,0,0,1.12084,0.38459,0,0,0.48091,0.05789,0.44611,0.48138,0.79866,0.731,0.77112,0.49706,1.2845,0.63691,0.87763,0,0,0,0,0,0,0,0,0,0,0,0,0,0,0,0,0,0,0,0,0,0,0,0,0,0,0,0,0,0,0,0.49706,0.0174154,0.00580515,0.0174154,0.00580515,0.0174154,0.00580515,0.0174154,0.00580515
363,62118,1.44173,0.74793,0.90489,0,0,0,0,0,0,0.1229,0.00221,0.00019,2e-05,0,0,0,0,0,0,0,0,0,0,0,0,0,1.1034,0.38306,0,0,0.48107,0.05795,0.4467,0.48153,0.79831,0.7312,0.77144,0.49748,1.28352,0.63639,0.87746,0,0,0,0,0,0,0,0,0,0,0,0,0,0,0,0,0,0,0,0,0,0,0,0,0,0,0,0,0,0,0,0.49748,0.0173578,0.00578593,0.0173578,0.00578593,0.0173578,0.00578593,0.0173578,0.00578593
364,62239.6,1.4414,0.74444,0.90706,0,0,0,0,0,0,0.12159,0.00222,0.00019,0,0,0,0,0,0,0,0,0,0,0,0,0,0,1.24027,0.39197,0,0,0.48101,0.05788,0.44677,0.48147,0.79761,0.73155,0.77177,0.49779,1.28219,0.63579,0.87739,0,0,0,0,0,0,0,0,0,0,0,0,0,0,0,0,0,0,0,0,0,0,0,0,0,0,0,0,0,0,0,0.49779,0.0173001,0.0057667,0.0173001,0.0057667,0.0173001,0.0057667,0.0173001,0.0057667
365,62363.7,1.43715,0.74248,0.90268,0,0,0,0,0,0,0.12316,0.0022,0.00017,0,0,0,0,0,0,0,0,0,0,0,0,0,0,1.20291,0.38426,0,0,0.48112,0.05794,0.44711,0.48157,0.79956,0.73206,0.7726,0.4979,1.2818,0.63524,0.87726,0,0,0,0,0,0,0,0,0,0,0,0,0,0,0,0,0,0,0,0,0,0,0,0,0,0,0,0,0,0,0,0.4979,0.0172424,0.00574746,0.0172424,0.00574746,0.0172424,0.00574746,0.0172424,0.00574746
366,62493.1,1.44086,0.749,0.90501,0,0,0,0,0,0,0.12211,0.00221,0.00015,0,0,0,0,0,0,0,0,0,0,0,0,0,0,1.15967,0.3837,0,0,0.48115,0.05794,0.44628,0.48161,0.79978,0.73214,0.77241,0.49771,1.28121,0.63478,0.8771,0,0,0,0,0,0,0,0,0,0,0,0,0,0,0,0,0,0,0,0,0,0,0,0,0,0,0,0,0,0,0,0.49771,0.0171846,0.00572821,0.0171846,0.00572821,0.0171846,0.00572821,0.0171846,0.00572821
367,62615,1.43279,0.73724,0.90351,0,0,0,0,0,0,0.12119,0.00219,0.00019,2e-05,0,0,0,0,0,0,0,0,0,0,0,0,0,1.13219,0.38084,0,0,0.48111,0.05794,0.44685,0.48157,0.79877,0.73342,0.77317,0.49819,1.28033,0.63423,0.87703,0,0,0,0,0,0,0,0,0,0,0,0,0,0,0,0,0,0,0,0,0,0,0,0,0,0,0,0,0,0,0,0.49819,0.0171269,0.00570895,0.0171269,0.00570895,0.0171269,0.00570895,0.0171269,0.00570895
368,62739.3,1.43002,0.73971,0.90251,0,0,0,0,0,0,0.12056,0.0022,0.0002,0,0,0,0,0,0,0,0,0,0,0,0,0,0,1.12378,0.38134,0,0,0.48104,0.05793,0.44539,0.48152,0.79909,0.73355,0.77337,0.49892,1.27967,0.63376,0.87694,0,0,0,0,0,0,0,0,0,0,0,0,0,0,0,0,0,0,0,0,0,0,0,0,0,0,0,0,0,0,0,0.49892,0.017069,0.00568968,0.017069,0.00568968,0.017069,0.00568968,0.017069,0.00568968
369,62857.1,1.44255,0.74959,0.90732,0,0,0,0,0,0,0.12072,0.0022,0.00022,0,0,0,0,0,0,0,0,0,0,0,0,0,0,1.16639,0.38172,0,0,0.48097,0.05792,0.4467,0.48144,0.79775,0.73375,0.77314,0.4985,1.28015,0.6338,0.87686,0,0,0,0,0,0,0,0,0,0,0,0,0,0,0,0,0,0,0,0,0,0,0,0,0,0,0,0,0,0,0,0.4985,0.0170112,0.0056704,0.0170112,0.0056704,0.0170112,0.0056704,0.0170112,0.0056704
370,62979.4,1.42522,0.73688,0.90458,0,0,0,0,0,0,0.1213,0.00219,0.00026,1e-05,0,0,0,0,0,0,0,0,0,0,0,0,0,1.12228,0.37639,0,0,0.481,0.05789,0.44658,0.48147,0.80013,0.73372,0.77372,0.49932,1.2804,0.63338,0.87675,0,0,0,0,0,0,0,0,0,0,0,0,0,0,0,0,0,0,0,0,0,0,0,0,0,0,0,0,0,0,0,0.49932,0.0169533,0.00565111,0.0169533,0.00565111,0.0169533,0.00565111,0.0169533,0.00565111
371,63100.1,1.43625,0.74657,0.90566,0,0,0,0,0,0,0.12128,0.0022,0.00016,0,0,0,0,0,0,0,0,0,0,0,0,0,0,1.14182,0.38029,0,0,0.481,0.05792,0.44662,0.48147,0.79993,0.73497,0.77308,0.49939,1.27977,0.63266,0.87668,0,0,0,0,0,0,0,0,0,0,0,0,0,0,0,0,0,0,0,0,0,0,0,0,0,0,0,0,0,0,0,0.49939,0.0168954,0.00563181,0.0168954,0.00563181,0.0168954,0.00563181,0.0168954,0.00563181
372,63220.5,1.43443,0.74242,0.90055,0,0,0,0,0,0,0.12166,0.00219,0.00013,0,0,0,0,0,0,0,0,0,0,0,0,0,0,1.17313,0.3786,0,0,0.48107,0.05796,0.44606,0.48154,0.79879,0.73538,0.77307,0.49989,1.27979,0.6323,0.87658,0,0,0,0,0,0,0,0,0,0,0,0,0,0,0,0,0,0,0,0,0,0,0,0,0,0,0,0,0,0,0,0.49989,0.0168375,0.0056125,0.0168375,0.0056125,0.0168375,0.0056125,0.0168375,0.0056125
373,63349.6,1.43052,0.73781,0.90302,0,0,0,0,0,0,0.12161,0.0022,0.00018,5e-05,0,0,0,0,0,0,0,0,0,0,0,0,0,1.11013,0.37579,0,0,0.48105,0.05794,0.44652,0.48153,0.79894,0.73469,0.77282,0.50029,1.27917,0.63168,0.87645,0,0,0,0,0,0,0,0,0,0,0,0,0,0,0,0,0,0,0,0,0,0,0,0,0,0,0,0,0,0,0,0.50029,0.0167796,0.00559318,0.0167796,0.00559318,0.0167796,0.00559318,0.0167796,0.00559318
374,63474.8,1.43803,0.74208,0.90475,0,0,0,0,0,0,0.12066,0.0022,0.00024,1e-05,0,0,0,0,0,0,0,0,0,0,0,0,0,1.1397,0.37277,0,0,0.48098,0.05792,0.44623,0.48145,0.79893,0.73605,0.77403,0.50033,1.27905,0.6318,0.8763,0,0,0,0,0,0,0,0,0,0,0,0,0,0,0,0,0,0,0,0,0,0,0,0,0,0,0,0,0,0,0,0.50033,0.0167216,0.00557386,0.0167216,0.00557386,0.0167216,0.00557386,0.0167216,0.00557386
375,63597.9,1.42672,0.7366,0.90299,0,0,0,0,0,0,0.12163,0.00219,0.00022,3e-05,0,0,0,0,0,0,0,0,0,0,0,0,0,1.154,0.38003,0,0,0.48098,0.0579,0.44652,0.48146,0.79995,0.73701,0.77434,0.50017,1.27773,0.6313,0.87614,0,0,0,0,0,0,0,0,0,0,0,0,0,0,0,0,0,0,0,0,0,0,0,0,0,0,0,0,0,0,0,0.50017,0.0166636,0.00555453,0.0166636,0.00555453,0.0166636,0.00555453,0.0166636,0.00555453
376,63733.9,1.42652,0.73753,0.90173,0,0,0,0,0,0,0.11886,0.00218,0.00019,0,0,0,0,0,0,0,0,0,0,0,0,0,0,1.07758,0.37764,0,0,0.48109,0.05793,0.44531,0.48157,0.79825,0.73734,0.77422,0.50048,1.27777,0.63082,0.87609,0,0,0,0,0,0,0,0,0,0,0,0,0,0,0,0,0,0,0,0,0,0,0,0,0,0,0,0,0,0,0,0.50048,0.0166056,0.00553518,0.0166056,0.00553518,0.0166056,0.00553518,0.0166056,0.00553518
377,63871.6,1.4189,0.73415,0.90317,0,0,0,0,0,0,0.11945,0.00219,0.00018,1e-05,0,0,0,0,0,0,0,0,0,0,0,0,0,1.05702,0.37326,0,0,0.48107,0.05793,0.44571,0.48154,0.79987,0.73673,0.77409,0.50094,1.27768,0.63058,0.87606,0,0,0,0,0,0,0,0,0,0,0,0,0,0,0,0,0,0,0,0,0,0,0,0,0,0,0,0,0,0,0,0.50094,0.0165475,0.00551584,0.0165475,0.00551584,0.0165475,0.00551584,0.0165475,0.00551584
378,63998,1.41557,0.73309,0.9014,0,0,0,0,0,0,0.11993,0.00218,0.00022,0,0,0,0,0,0,0,0,0,0,0,0,0,0,1.06225,0.36998,0,0,0.48105,0.05794,0.44542,0.48154,0.80053,0.73813,0.77518,0.5007,1.27693,0.62975,0.87583,0,0,0,0,0,0,0,0,0,0,0,0,0,0,0,0,0,0,0,0,0,0,0,0,0,0,0,0,0,0,0,0.5007,0.0164894,0.00549648,0.0164894,0.00549648,0.0164894,0.00549648,0.0164894,0.00549648
379,64119.9,1.42592,0.73474,0.89948,0,0,0,0,0,0,0.11944,0.00217,0.00014,1e-05,0,0,0,0,0,0,0,0,0,0,0,0,0,1.09921,0.37166,0,0,0.4811,0.05795,0.4462,0.48157,0.79968,0.73737,0.77502,0.50091,1.27702,0.62989,0.87582,0,0,0,0,0,0,0,0,0,0,0,0,0,0,0,0,0,0,0,0,0,0,0,0,0,0,0,0,0,0,0,0.50091,0.0164314,0.00547712,0.0164314,0.00547712,0.0164314,0.00547712,0.0164314,0.00547712
380,64240.2,1.42165,0.73427,0.90212,0,0,0,0,0,0,0.11898,0.00218,0.00022,0,0,0,0,0,0,0,0,0,0,0,0,0,0,1.09883,0.36763,0,0,0.48099,0.05792,0.44517,0.48146,0.80109,0.73654,0.77457,0.50087,1.27642,0.62915,0.87574,0,0,0,0,0,0,0,0,0,0,0,0,0,0,0,0,0,0,0,0,0,0,0,0,0,0,0,0,0,0,0,0.50087,0.0163732,0.00545775,0.0163732,0.00545775,0.0163732,0.00545775,0.0163732,0.00545775
381,64368,1.42424,0.73567,0.90129,0,0,0,0,0,0,0.12127,0.00218,0.00019,0,0,0,0,0,0,0,0,0,0,0,0,0,0,1.17297,0.3695,0,0,0.48098,0.0579,0.44637,0.48145,0.80104,0.7372,0.77481,0.50093,1.27642,0.629,0.87575,0,0,0,0,0,0,0,0,0,0,0,0,0,0,0,0,0,0,0,0,0,0,0,0,0,0,0,0,0,0,0,0.50093,0.0163151,0.00543837,0.0163151,0.00543837,0.0163151,0.00543837,0.0163151,0.00543837
382,64492.3,1.42468,0.73679,0.89785,0,0,0,0,0,0,0.12014,0.00216,0.00016,4e-05,0,0,0,0,0,0,0,0,0,0,0,0,0,1.08963,0.3663,0,0,0.48113,0.05794,0.44675,0.4816,0.80186,0.73793,0.77545,0.50157,1.27624,0.62886,0.87558,0,0,0,0,0,0,0,0,0,0,0,0,0,0,0,0,0,0,0,0,0,0,0,0,0,0,0,0,0,0,0,0.50157,0.016257,0.00541899,0.016257,0.00541899,0.016257,0.00541899,0.016257,0.00541899
383,64615.8,1.41692,0.72958,0.90027,0,0,0,0,0,0,0.11891,0.00217,0.00022,0,0,0,0,0,0,0,0,0,0,0,0,0,0,1.06327,0.36192,0,0,0.48098,0.05791,0.44596,0.48146,0.802,0.73741,0.77552,0.50135,1.27545,0.6287,0.87552,0,0,0,0,0,0,0,0,0,0,0,0,0,0,0,0,0,0,0,0,0,0,0,0,0,0,0,0,0,0,0,0.50135,0.0161988,0.0053996,0.0161988,0.0053996,0.0161988,0.0053996,0.0161988,0.0053996
384,64735.5,1.41353,0.7298,0.89894,0,0,0,0,0,0,0.11998,0.00216,0.0002,0,0,0,0,0,0,0,0,0,0,0,0,0,0,1.03367,0.36527,0,0,0.48107,0.05789,0.44504,0.48156,0.80333,0.73749,0.77688,0.50205,1.2746,0.62799,0.87533,0,0,0,0,0,0,0,0,0,0,0,0,0,0,0,0,0,0,0,0,0,0,0,0,0,0,0,0,0,0,0,0.50205,0.0161406,0.00538021,0.0161406,0.00538021,0.0161406,0.00538021,0.0161406,0.00538021
385,64856.8,1.42275,0.74122,0.90088,0,0,0,0,0,0,0.11956,0.00215,0.00025,0,0,0,0,0,0,0,0,0,0,0,0,0,0,1.07012,0.36295,0,0,0.48105,0.0579,0.44648,0.48151,0.80459,0.7386,0.77675,0.50163,1.2745,0.62771,0.87516,0,0,0,0,0,0,0,0,0,0,0,0,0,0,0,0,0,0,0,0,0,0,0,0,0,0,0,0,0,0,0,0.50163,0.0160824,0.00536081,0.0160824,0.00536081,0.0160824,0.00536081,0.0160824,0.00536081
386,64978.7,1.4046,0.72145,0.89684,0,0,0,0,0,0,0.11824,0.00218,0.00025,2e-05,0,0,0,0,0,0,0,0,0,0,0,0,0,1.1498,0.36593,0,0,0.48097,0.05789,0.44523,0.48145,0.80427,0.73832,0.77702,0.50181,1.274,0.62723,0.87497,0,0,0,0,0,0,0,0,0,0,0,0,0,0,0,0,0,0,0,0,0,0,0,0,0,0,0,0,0,0,0,0.50181,0.0160242,0.00534141,0.0160242,0.00534141,0.0160242,0.00534141,0.0160242,0.00534141
387,65100.4,1.41835,0.73121,0.90098,0,0,0,0,0,0,0.12046,0.00214,0.00018,0,0,0,0,0,0,0,0,0,0,0,0,0,0,1.19452,0.3672,0,0,0.48103,0.05789,0.44614,0.48149,0.8071,0.7382,0.7775,0.50197,1.27346,0.62663,0.8748,0,0,0,0,0,0,0,0,0,0,0,0,0,0,0,0,0,0,0,0,0,0,0,0,0,0,0,0,0,0,0,0.50197,0.015966,0.005322,0.015966,0.005322,0.015966,0.005322,0.015966,0.005322
388,65214.5,1.41055,0.7278,0.89749,0,0,0,0,0,0,0.11855,0.00214,0.00016,0,0,0,0,0,0,0,0,0,0,0,0,0,0,1.18947,0.3623,0,0,0.48102,0.05788,0.44489,0.4815,0.80535,0.73883,0.77679,0.50206,1.27248,0.62606,0.87464,0,0,0,0,0,0,0,0,0,0,0,0,0,0,0,0,0,0,0,0,0,0,0,0,0,0,0,0,0,0,0,0.50206,0.0159078,0.00530259,0.0159078,0.00530259,0.0159078,0.00530259,0.0159078,0.00530259
389,65336.5,1.41138,0.73163,0.90484,0,0,0,0,0,0,0.11926,0.00216,0.00022,1e-05,0,0,0,0,0,0,0,0,0,0,0,0,0,1.12817,0.36089,0,0,0.48095,0.05788,0.44536,0.48143,0.80654,0.73942,0.77775,0.50265,1.272,0.62596,0.8746,0,0,0,0,0,0,0,0,0,0,0,0,0,0,0,0,0,0,0,0,0,0,0,0,0,0,0,0,0,0,0,0.50265,0.0158495,0.00528318,0.0158495,0.00528318,0.0158495,0.00528318,0.0158495,0.00528318
390,65460,1.41865,0.7324,0.8976,0,0,0,0,0,0,0.11967,0.00215,0.0002,0,0,0,0,0,0,0,0,0,0,0,0,0,0,1.09115,0.35973,0,0,0.48107,0.05792,0.44574,0.48154,0.80896,0.73891,0.77812,0.50264,1.27161,0.62547,0.87454,0,0,0,0,0,0,0,0,0,0,0,0,0,0,0,0,0,0,0,0,0,0,0,0,0,0,0,0,0,0,0,0.50264,0.0157913,0.00526376,0.0157913,0.00526376,0.0157913,0.00526376,0.0157913,0.00526376
391,65585.1,1.42279,0.72505,0.90032,0,0,0,0,0,0,0.11926,0.00214,0.00018,0,0,0,0,0,0,0,0,0,0,0,0,0,0,1.11295,0.35626,0,0,0.48094,0.05792,0.44558,0.4814,0.80854,0.73867,0.77797,0.50298,1.27073,0.62516,0.87436,0,0,0,0,0,0,0,0,0,0,0,0,0,0,0,0,0,0,0,0,0,0,0,0,0,0,0,0,0,0,0,0.50298,0.015733,0.00524434,0.015733,0.00524434,0.015733,0.00524434,0.015733,0.00524434
392,65713.4,1.4025,0.72266,0.89768,0,0,0,0,0,0,0.11894,0.00213,0.00022,0,0,0,0,0,0,0,0,0,0,0,0,0,0,1.05191,0.35631,0,0,0.48098,0.05788,0.44533,0.48146,0.80846,0.73864,0.77801,0.50342,1.26914,0.62471,0.87426,0,0,0,0,0,0,0,0,0,0,0,0,0,0,0,0,0,0,0,0,0,0,0,0,0,0,0,0,0,0,0,0.50342,0.0156747,0.00522491,0.0156747,0.00522491,0.0156747,0.00522491,0.0156747,0.00522491
393,65832.1,1.41174,0.72796,0.89711,0,0,0,0,0,0,0.11885,0.00213,0.00022,1e-05,0,0,0,0,0,0,0,0,0,0,0,0,0,1.02126,0.35434,0,0,0.48092,0.05788,0.44606,0.48139,0.80804,0.73923,0.77834,0.50395,1.26876,0.62453,0.87429,0,0,0,0,0,0,0,0,0,0,0,0,0,0,0,0,0,0,0,0,0,0,0,0,0,0,0,0,0,0,0,0.50395,0.0156164,0.00520548,0.0156164,0.00520548,0.0156164,0.00520548,0.0156164,0.00520548
394,65949.4,1.40965,0.72635,0.89758,0,0,0,0,0,0,0.11828,0.00212,0.00015,5e-05,0,0,0,0,0,0,0,0,0,0,0,0,0,1.04732,0.35504,0,0,0.48102,0.05789,0.44578,0.48151,0.80802,0.74038,0.77953,0.50403,1.2675,0.62362,0.87411,0,0,0,0,0,0,0,0,0,0,0,0,0,0,0,0,0,0,0,0,0,0,0,0,0,0,0,0,0,0,0,0.50403,0.0155582,0.00518605,0.0155582,0.00518605,0.0155582,0.00518605,0.0155582,0.00518605
395,66069.1,1.40914,0.72733,0.89791,0,0,0,0,0,0,0.1199,0.00212,0.00022,1e-05,0,0,0,0,0,0,0,0,0,0,0,0,0,1.04892,0.35925,0,0,0.48105,0.0579,0.44623,0.48153,0.80653,0.74,0.77959,0.50459,1.26688,0.62306,0.87398,0,0,0,0,0,0,0,0,0,0,0,0,0,0,0,0,0,0,0,0,0,0,0,0,0,0,0,0,0,0,0,0.50459,0.0154999,0.00516662,0.0154999,0.00516662,0.0154999,0.00516662,0.0154999,0.00516662
396,66187.2,1.40006,0.72555,0.8947,0,0,0,0,0,0,0.1182,0.00212,0.00015,0,0,0,0,0,0,0,0,0,0,0,0,0,0,1.06497,0.3583,0,0,0.48099,0.05791,0.44662,0.48147,0.80596,0.74025,0.77917,0.50502,1.26614,0.6223,0.87382,0,0,0,0,0,0,0,0,0,0,0,0,0,0,0,0,0,0,0,0,0,0,0,0,0,0,0,0,0,0,0,0.50502,0.0154416,0.00514719,0.0154416,0.00514719,0.0154416,0.00514719,0.0154416,0.00514719
397,66312.3,1.39869,0.7172,0.89512,0,0,0,0,0,0,0.11868,0.00213,0.00017,2e-05,0,0,0,0,0,0,0,0,0,0,0,0,0,1.1192,0.35807,0,0,0.48103,0.05792,0.4458,0.48151,0.80647,0.74113,0.77986,0.50506,1.26508,0.62187,0.87363,0,0,0,0,0,0,0,0,0,0,0,0,0,0,0,0,0,0,0,0,0,0,0,0,0,0,0,0,0,0,0,0.50506,0.0153833,0.00512775,0.0153833,0.00512775,0.0153833,0.00512775,0.0153833,0.00512775
398,66433.3,1.39531,0.7201,0.89426,0,0,0,0,0,0,0.11852,0.00214,0.00024,0,0,0,0,0,0,0,0,0,0,0,0,0,0,1.06967,0.35345,0,0,0.48101,0.05795,0.44518,0.4815,0.80692,0.74115,0.7797,0.5054,1.26389,0.62137,0.87347,0,0,0,0,0,0,0,0,0,0,0,0,0,0,0,0,0,0,0,0,0,0,0,0,0,0,0,0,0,0,0,0.5054,0.0153249,0.00510831,0.0153249,0.00510831,0.0153249,0.00510831,0.0153249,0.00510831
399,66554.8,1.40417,0.72242,0.89875,0,0,0,0,0,0,0.11725,0.00213,0.00017,0,0,0,0,0,0,0,0,0,0,0,0,0,0,1.046,0.35592,0,0,0.48097,0.05791,0.4452,0.48146,0.80557,0.7416,0.77975,0.50555,1.2634,0.62115,0.87333,0,0,0,0,0,0,0,0,0,0,0,0,0,0,0,0,0,0,0,0,0,0,0,0,0,0,0,0,0,0,0,0.50555,0.0152666,0.00508888,0.0152666,0.00508888,0.0152666,0.00508888,0.0152666,0.00508888
400,66676.8,1.40214,0.71987,0.89566,0,0,0,0,0,0,0.11797,0.00214,0.00016,0,0,0,0,0,0,0,0,0,0,0,0,0,0,1.09761,0.35241,0,0,0.48103,0.05792,0.44534,0.48149,0.80681,0.74119,0.77949,0.50599,1.2638,0.62144,0.87317,0,0,0,0,0,0,0,0,0,0,0,0,0,0,0,0,0,0,0,0,0,0,0,0,0,0,0,0,0,0,0,0.50599,0.0152083,0.00506944,0.0152083,0.00506944,0.0152083,0.00506944,0.0152083,0.00506944
401,66796,1.40059,0.72126,0.8941,0,0,0,0,0,0,0.11889,0.00212,0.00014,0,0,0,0,0,0,0,0,0,0,0,0,0,0,1.09104,0.3517,0,0,0.48105,0.05792,0.44596,0.48153,0.80511,0.74146,0.77949,0.50588,1.26243,0.62081,0.87302,0,0,0,0,0,0,0,0,0,0,0,0,0,0,0,0,0,0,0,0,0,0,0,0,0,0,0,0,0,0,0,0.50588,0.01515,0.00505,0.01515,0.00505,0.01515,0.00505,0.01515,0.00505
402,66921,1.39791,0.71886,0.89625,0,0,0,0,0,0,0.11848,0.00211,0.00017,0,0,0,0,0,0,0,0,0,0,0,0,0,0,1.06421,0.35049,0,0,0.48102,0.05788,0.44601,0.4815,0.80692,0.74008,0.77962,0.50604,1.26203,0.62044,0.87287,0,0,0,0,0,0,0,0,0,0,0,0,0,0,0,0,0,0,0,0,0,0,0,0,0,0,0,0,0,0,0,0.50604,0.0150917,0.00503056,0.0150917,0.00503056,0.0150917,0.00503056,0.0150917,0.00503056
403,67033.1,1.39776,0.71751,0.89374,0,0,0,0,0,0,0.11731,0.00213,0.00014,0,0,0,0,0,0,0,0,0,0,0,0,0,0,1.08966,0.35165,0,0,0.48099,0.0579,0.44558,0.48147,0.80609,0.74068,0.78026,0.50666,1.26188,0.62023,0.87272,0,0,0,0,0,0,0,0,0,0,0,0,0,0,0,0,0,0,0,0,0,0,0,0,0,0,0,0,0,0,0,0.50666,0.0150334,0.00501112,0.0150334,0.00501112,0.0150334,0.00501112,0.0150334,0.00501112
404,67154.5,1.39682,0.71284,0.89804,0,0,0,0,0,0,0.11786,0.00213,0.00015,0,0,0,0,0,0,0,0,0,0,0,0,0,0,1.08132,0.35112,0,0,0.481,0.05791,0.4458,0.48145,0.80775,0.7403,0.78114,0.50664,1.26112,0.61928,0.87268,0,0,0,0,0,0,0,0,0,0,0,0,0,0,0,0,0,0,0,0,0,0,0,0,0,0,0,0,0,0,0,0.50664,0.0149751,0.00499169,0.0149751,0.00499169,0.0149751,0.00499169,0.0149751,0.00499169
405,67273.1,1.39102,0.71281,0.89502,0,0,0,0,0,0,0.11872,0.00213,0.00025,2e-05,0,0,0,0,0,0,0,0,0,0,0,0,0,1.06155,0.34808,0,0,0.48101,0.0579,0.4459,0.48149,0.80742,0.74115,0.78137,0.50687,1.26033,0.61899,0.87261,0,0,0,0,0,0,0,0,0,0,0,0,0,0,0,0,0,0,0,0,0,0,0,0,0,0,0,0,0,0,0,0.50687,0.0149167,0.00497225,0.0149167,0.00497225,0.0149167,0.00497225,0.0149167,0.00497225
406,67393.3,1.39086,0.71271,0.89576,0,0,0,0,0,0,0.11802,0.00212,0.00016,0,0,0,0,0,0,0,0,0,0,0,0,0,0,1.10431,0.35094,0,0,0.48102,0.05789,0.44642,0.4815,0.80677,0.74207,0.78177,0.50744,1.25969,0.61854,0.87241,0,0,0,0,0,0,0,0,0,0,0,0,0,0,0,0,0,0,0,0,0,0,0,0,0,0,0,0,0,0,0,0.50744,0.0148584,0.00495281,0.0148584,0.00495281,0.0148584,0.00495281,0.0148584,0.00495281
407,67514.3,1.39585,0.70936,0.89706,0,0,0,0,0,0,0.1199,0.00211,0.00023,0,0,0,0,0,0,0,0,0,0,0,0,0,0,1.06717,0.34976,0,0,0.48103,0.0579,0.4472,0.48149,0.80702,0.7425,0.78226,0.50772,1.2591,0.61789,0.8723,0,0,0,0,0,0,0,0,0,0,0,0,0,0,0,0,0,0,0,0,0,0,0,0,0,0,0,0,0,0,0,0.50772,0.0148001,0.00493338,0.0148001,0.00493338,0.0148001,0.00493338,0.0148001,0.00493338
408,67638.1,1.39031,0.71441,0.89428,0,0,0,0,0,0,0.1171,0.0021,0.00017,0,0,0,0,0,0,0,0,0,0,0,0,0,0,1.0385,0.3482,0,0,0.48102,0.05789,0.44633,0.48149,0.80742,0.74212,0.78205,0.50825,1.25876,0.61765,0.8722,0,0,0,0,0,0,0,0,0,0,0,0,0,0,0,0,0,0,0,0,0,0,0,0,0,0,0,0,0,0,0,0.50825,0.0147418,0.00491395,0.0147418,0.00491395,0.0147418,0.00491395,0.0147418,0.00491395
409,67756.4,1.39193,0.70885,0.89425,0,0,0,0,0,0,0.11811,0.0021,0.0002,0,0,0,0,0,0,0,0,0,0,0,0,0,0,1.06659,0.34618,0,0,0.48097,0.05793,0.44662,0.48145,0.80777,0.74152,0.78205,0.50834,1.25789,0.61692,0.872,0,0,0,0,0,0,0,0,0,0,0,0,0,0,0,0,0,0,0,0,0,0,0,0,0,0,0,0,0,0,0,0.50834,0.0146836,0.00489452,0.0146836,0.00489452,0.0146836,0.00489452,0.0146836,0.00489452
410,67884.3,1.39687,0.71474,0.89227,0,0,0,0,0,0,0.11792,0.00211,0.00016,1e-05,0,0,0,0,0,0,0,0,0,0,0,0,0,1.04549,0.34764,0,0,0.48103,0.05791,0.44656,0.48149,0.80783,0.74142,0.78234,0.50845,1.2571,0.61664,0.87192,0,0,0,0,0,0,0,0,0,0,0,0,0,0,0,0,0,0,0,0,0,0,0,0,0,0,0,0,0,0,0,0.50845,0.0146253,0.00487509,0.0146253,0.00487509,0.0146253,0.00487509,0.0146253,0.00487509
411,68001.8,1.37806,0.70664,0.89193,0,0,0,0,0,0,0.1172,0.0021,0.00018,0.00016,0,0,0,0,0,0,0,0,0,0,0,0,0,1.0596,0.34877,0,0,0.48093,0.0579,0.4461,0.48138,0.80932,0.74242,0.78226,0.50842,1.25631,0.61613,0.87194,0,0,0,0,0,0,0,0,0,0,0,0,0,0,0,0,0,0,0,0,0,0,0,0,0,0,0,0,0,0,0,0.50842,0.014567,0.00485566,0.014567,0.00485566,0.014567,0.00485566,0.014567,0.00485566
412,68122.6,1.3778,0.70563,0.89002,0,0,0,0,0,0,0.11676,0.00209,0.00017,0,0,0,0,0,0,0,0,0,0,0,0,0,0,1.08284,0.34808,0,0,0.48103,0.05793,0.44608,0.4815,0.8076,0.74273,0.78304,0.50843,1.25596,0.61566,0.87188,0,0,0,0,0,0,0,0,0,0,0,0,0,0,0,0,0,0,0,0,0,0,0,0,0,0,0,0,0,0,0,0.50843,0.0145087,0.00483624,0.0145087,0.00483624,0.0145087,0.00483624,0.0145087,0.00483624
413,68240,1.38075,0.70685,0.89346,0,0,0,0,0,0,0.11654,0.0021,0.0002,0,0,0,0,0,0,0,0,0,0,0,0,0,0,1.09852,0.34504,0,0,0.481,0.05793,0.44572,0.48148,0.80951,0.74265,0.78303,0.50835,1.25537,0.61548,0.87166,0,0,0,0,0,0,0,0,0,0,0,0,0,0,0,0,0,0,0,0,0,0,0,0,0,0,0,0,0,0,0,0.50835,0.0144505,0.00481682,0.0144505,0.00481682,0.0144505,0.00481682,0.0144505,0.00481682
414,68361.8,1.38775,0.71106,0.89388,0,0,0,0,0,0,0.11589,0.00209,0.00014,0,0,0,0,0,0,0,0,0,0,0,0,0,0,1.07248,0.34372,0,0,0.48104,0.05794,0.4463,0.48151,0.81193,0.74187,0.78283,0.50845,1.25465,0.61505,0.87163,0,0,0,0,0,0,0,0,0,0,0,0,0,0,0,0,0,0,0,0,0,0,0,0,0,0,0,0,0,0,0,0.50845,0.0143922,0.00479741,0.0143922,0.00479741,0.0143922,0.00479741,0.0143922,0.00479741
415,68486,1.38345,0.7086,0.89139,0,0,0,0,0,0,0.11725,0.00209,0.00021,3e-05,0,0,0,0,0,0,0,0,0,0,0,0,0,1.03896,0.34129,0,0,0.48103,0.05791,0.44622,0.48151,0.81234,0.74258,0.78404,0.50861,1.25341,0.61452,0.87149,0,0,0,0,0,0,0,0,0,0,0,0,0,0,0,0,0,0,0,0,0,0,0,0,0,0,0,0,0,0,0,0.50861,0.014334,0.004778,0.014334,0.004778,0.014334,0.004778,0.014334,0.004778
416,68608.6,1.37539,0.70535,0.88987,0,0,0,0,0,0,0.11658,0.00209,0.00017,0,0,0,0,0,0,0,0,0,0,0,0,0,0,1.08375,0.34306,0,0,0.48106,0.05794,0.44631,0.48153,0.8113,0.74339,0.78401,0.50873,1.25344,0.61393,0.87141,0,0,0,0,0,0,0,0,0,0,0,0,0,0,0,0,0,0,0,0,0,0,0,0,0,0,0,0,0,0,0,0.50873,0.0142758,0.00475859,0.0142758,0.00475859,0.0142758,0.00475859,0.0142758,0.00475859
417,68723.5,1.37681,0.7073,0.89433,0,0,0,0,0,0,0.11658,0.00209,0.00014,2e-05,0,0,0,0,0,0,0,0,0,0,0,0,0,1.0297,0.34201,0,0,0.48098,0.0579,0.44545,0.48145,0.81246,0.74467,0.78395,0.50922,1.2519,0.61344,0.87118,0,0,0,0,0,0,0,0,0,0,0,0,0,0,0,0,0,0,0,0,0,0,0,0,0,0,0,0,0,0,0,0.50922,0.0142176,0.00473919,0.0142176,0.00473919,0.0142176,0.00473919,0.0142176,0.00473919
418,68838.5,1.37812,0.70251,0.89103,0,0,0,0,0,0,0.11773,0.0021,0.00017,0,0,0,0,0,0,0,0,0,0,0,0,0,0,1.06679,0.34555,0,0,0.481,0.05787,0.44546,0.48149,0.81412,0.74439,0.78411,0.50959,1.25128,0.61324,0.871,0,0,0,0,0,0,0,0,0,0,0,0,0,0,0,0,0,0,0,0,0,0,0,0,0,0,0,0,0,0,0,0.50959,0.0141594,0.00471979,0.0141594,0.00471979,0.0141594,0.00471979,0.0141594,0.00471979
419,68955,1.37585,0.7059,0.89084,0,0,0,0,0,0,0.1159,0.00209,0.00026,0,0,0,0,0,0,0,0,0,0,0,0,0,0,1.07173,0.34292,0,0,0.48099,0.0579,0.44607,0.48147,0.814,0.74418,0.78402,0.50938,1.25033,0.61259,0.87093,0,0,0,0,0,0,0,0,0,0,0,0,0,0,0,0,0,0,0,0,0,0,0,0,0,0,0,0,0,0,0,0.50938,0.0141012,0.0047004,0.0141012,0.0047004,0.0141012,0.0047004,0.0141012,0.0047004
420,69084.6,1.37067,0.70498,0.89063,0,0,0,0,0,0,0.11701,0.00209,0.00017,0,0,0,0,0,0,0,0,0,0,0,0,0,0,1.14006,0.34943,0,0,0.48097,0.05792,0.44684,0.48144,0.81547,0.74443,0.78472,0.50953,1.24956,0.61223,0.87091,0,0,0,0,0,0,0,0,0,0,0,0,0,0,0,0,0,0,0,0,0,0,0,0,0,0,0,0,0,0,0,0.50953,0.014043,0.00468101,0.014043,0.00468101,0.014043,0.00468101,0.014043,0.00468101
421,69201.9,1.37079,0.7039,0.89006,0,0,0,0,0,0,0.11622,0.00209,0.00018,0,0,0,0,0,0,0,0,0,0,0,0,0,0,1.28437,0.35,0,0,0.48101,0.05792,0.44678,0.48149,0.81652,0.74308,0.78478,0.50936,1.24896,0.61214,0.87076,0,0,0,0,0,0,0,0,0,0,0,0,0,0,0,0,0,0,0,0,0,0,0,0,0,0,0,0,0,0,0,0.50936,0.0139849,0.00466163,0.0139849,0.00466163,0.0139849,0.00466163,0.0139849,0.00466163
422,69321.8,1.38129,0.70732,0.89467,0,0,0,0,0,0,0.11815,0.00208,0.00025,0,0,0,0,0,0,0,0,0,0,0,0,0,0,1.1569,0.34613,0,0,0.48105,0.0579,0.44722,0.48151,0.81563,0.74445,0.7851,0.50945,1.24761,0.61173,0.87059,0,0,0,0,0,0,0,0,0,0,0,0,0,0,0,0,0,0,0,0,0,0,0,0,0,0,0,0,0,0,0,0.50945,0.0139268,0.00464225,0.0139268,0.00464225,0.0139268,0.00464225,0.0139268,0.00464225
423,69439.6,1.36604,0.70079,0.89002,0,0,0,0,0,0,0.1161,0.00208,0.00015,0,0,0,0,0,0,0,0,0,0,0,0,0,0,1.12108,0.34283,0,0,0.48098,0.05792,0.44595,0.48142,0.81507,0.74464,0.78474,0.50994,1.24688,0.61114,0.87045,0,0,0,0,0,0,0,0,0,0,0,0,0,0,0,0,0,0,0,0,0,0,0,0,0,0,0,0,0,0,0,0.50994,0.0138686,0.00462288,0.0138686,0.00462288,0.0138686,0.00462288,0.0138686,0.00462288
424,69571.8,1.37556,0.70072,0.88918,0,0,0,0,0,0,0.11544,0.00207,0.00018,0,0,0,0,0,0,0,0,0,0,0,0,0,0,1.0513,0.34088,0,0,0.48106,0.05794,0.44576,0.48154,0.81519,0.74508,0.78514,0.50986,1.24584,0.61028,0.87026,0,0,0,0,0,0,0,0,0,0,0,0,0,0,0,0,0,0,0,0,0,0,0,0,0,0,0,0,0,0,0,0.50986,0.0138106,0.00460352,0.0138106,0.00460352,0.0138106,0.00460352,0.0138106,0.00460352
425,69702.8,1.36724,0.70052,0.88729,0,0,0,0,0,0,0.11535,0.00207,0.00016,0,0,0,0,0,0,0,0,0,0,0,0,0,0,1.07741,0.33934,0,0,0.48106,0.05793,0.4459,0.48153,0.81359,0.74555,0.7848,0.51026,1.24502,0.60961,0.87018,0,0,0,0,0,0,0,0,0,0,0,0,0,0,0,0,0,0,0,0,0,0,0,0,0,0,0,0,0,0,0,0.51026,0.0137525,0.00458416,0.0137525,0.00458416,0.0137525,0.00458416,0.0137525,0.00458416
426,69828.9,1.36631,0.70012,0.88919,0,0,0,0,0,0,0.11616,0.00208,0.00014,3e-05,0,0,0,0,0,0,0,0,0,0,0,0,0,1.10372,0.33942,0,0,0.48105,0.05791,0.44605,0.48152,0.81592,0.74583,0.78557,0.51094,1.24357,0.60898,0.86993,0,0,0,0,0,0,0,0,0,0,0,0,0,0,0,0,0,0,0,0,0,0,0,0,0,0,0,0,0,0,0,0.51094,0.0136944,0.00456482,0.0136944,0.00456482,0.0136944,0.00456482,0.0136944,0.00456482
427,69948.4,1.36533,0.70059,0.89311,0,0,0,0,0,0,0.11564,0.00207,0.00016,9e-05,0,0,0,0,0,0,0,0,0,0,0,0,0,1.0794,0.337,0,0,0.48099,0.05796,0.44658,0.48146,0.817,0.74626,0.78542,0.51153,1.24324,0.60865,0.86983,0,0,0,0,0,0,0,0,0,0,0,0,0,0,0,0,0,0,0,0,0,0,0,0,0,0,0,0,0,0,0,0.51153,0.0136364,0.00454547,0.0136364,0.00454547,0.0136364,0.00454547,0.0136364,0.00454547
428,70064.1,1.36372,0.69735,0.88636,0,0,0,0,0,0,0.11601,0.00207,0.00019,0,0,0,0,0,0,0,0,0,0,0,0,0,0,1.05869,0.33353,0,0,0.48101,0.05792,0.44625,0.48149,0.81982,0.74564,0.78588,0.51162,1.24351,0.60834,0.86962,0,0,0,0,0,0,0,0,0,0,0,0,0,0,0,0,0,0,0,0,0,0,0,0,0,0,0,0,0,0,0,0.51162,0.0135784,0.00452614,0.0135784,0.00452614,0.0135784,0.00452614,0.0135784,0.00452614
429,70185.5,1.37268,0.70163,0.88791,0,0,0,0,0,0,0.11612,0.00206,0.00022,0,0,0,0,0,0,0,0,0,0,0,0,0,0,1.02116,0.33428,0,0,0.48104,0.05795,0.44653,0.4815,0.82118,0.74414,0.78626,0.51165,1.24321,0.60799,0.86959,0,0,0,0,0,0,0,0,0,0,0,0,0,0,0,0,0,0,0,0,0,0,0,0,0,0,0,0,0,0,0,0.51165,0.0135204,0.00450682,0.0135204,0.00450682,0.0135204,0.00450682,0.0135204,0.00450682
430,70301.4,1.35978,0.69484,0.88855,0,0,0,0,0,0,0.11623,0.00207,0.00015,0,0,0,0,0,0,0,0,0,0,0,0,0,0,1.08273,0.33587,0,0,0.48095,0.05793,0.44657,0.48139,0.82037,0.74433,0.78623,0.51145,1.24365,0.60817,0.86962,0,0,0,0,0,0,0,0,0,0,0,0,0,0,0,0,0,0,0,0,0,0,0,0,0,0,0,0,0,0,0,0.51145,0.0134625,0.0044875,0.0134625,0.0044875,0.0134625,0.0044875,0.0134625,0.0044875
431,70414.4,1.36205,0.69638,0.89122,0,0,0,0,0,0,0.11504,0.00207,0.00019,0,0,0,0,0,0,0,0,0,0,0,0,0,0,1.07747,0.33655,0,0,0.48101,0.05787,0.44646,0.48147,0.82037,0.74351,0.78649,0.51149,1.24339,0.60766,0.86949,0,0,0,0,0,0,0,0,0,0,0,0,0,0,0,0,0,0,0,0,0,0,0,0,0,0,0,0,0,0,0,0.51149,0.0134046,0.00446819,0.0134046,0.00446819,0.0134046,0.00446819,0.0134046,0.00446819
432,70534.8,1.36453,0.70182,0.88935,0,0,0,0,0,0,0.11537,0.00207,0.00014,0,0,0,0,0,0,0,0,0,0,0,0,0,0,1.01396,0.33523,0,0,0.48102,0.05793,0.44658,0.48146,0.82056,0.74435,0.78606,0.51189,1.24388,0.60691,0.86953,0,0,0,0,0,0,0,0,0,0,0,0,0,0,0,0,0,0,0,0,0,0,0,0,0,0,0,0,0,0,0,0.51189,0.0133467,0.00444889,0.0133467,0.00444889,0.0133467,0.00444889,0.0133467,0.00444889
433,70651.5,1.36625,0.6923,0.88618,0,0,0,0,0,0,0.11511,0.00206,0.00015,0,0,0,0,0,0,0,0,0,0,0,0,0,0,1.06312,0.33702,0,0,0.48106,0.05791,0.44663,0.48152,0.819,0.7445,0.78637,0.51212,1.24345,0.60678,0.8693,0,0,0,0,0,0,0,0,0,0,0,0,0,0,0,0,0,0,0,0,0,0,0,0,0,0,0,0,0,0,0,0.51212,0.0132888,0.0044296,0.0132888,0.0044296,0.0132888,0.0044296,0.0132888,0.0044296
434,70764.3,1.3505,0.69303,0.88913,0,0,0,0,0,0,0.11335,0.00206,0.00015,0,0,0,0,0,0,0,0,0,0,0,0,0,0,1.14227,0.34493,0,0,0.481,0.0579,0.44627,0.48148,0.82063,0.74563,0.78722,0.51241,1.24298,0.60652,0.86914,0,0,0,0,0,0,0,0,0,0,0,0,0,0,0,0,0,0,0,0,0,0,0,0,0,0,0,0,0,0,0,0.51241,0.013231,0.00441032,0.013231,0.00441032,0.013231,0.00441032,0.013231,0.00441032
435,70881.3,1.35338,0.69336,0.8877,0,0,0,0,0,0,0.11472,0.00206,0.00022,0,0,0,0,0,0,0,0,0,0,0,0,0,0,1.07574,0.33752,0,0,0.48102,0.0579,0.44598,0.4815,0.82071,0.74577,0.7875,0.51256,1.24303,0.60619,0.86916,0,0,0,0,0,0,0,0,0,0,0,0,0,0,0,0,0,0,0,0,0,0,0,0,0,0,0,0,0,0,0,0.51256,0.0131731,0.00439105,0.0131731,0.00439105,0.0131731,0.00439105,0.0131731,0.00439105
436,70996.7,1.36055,0.69696,0.88702,0,0,0,0,0,0,0.11549,0.00206,0.00022,1e-05,0,0,0,0,0,0,0,0,0,0,0,0,0,1.03072,0.3357,0,0,0.481,0.0579,0.446,0.48147,0.82239,0.74561,0.78749,0.51303,1.24358,0.60572,0.86904,0,0,0,0,0,0,0,0,0,0,0,0,0,0,0,0,0,0,0,0,0,0,0,0,0,0,0,0,0,0,0,0.51303,0.0131154,0.00437179,0.0131154,0.00437179,0.0131154,0.00437179,0.0131154,0.00437179
437,71110.6,1.35263,0.68916,0.88685,0,0,0,0,0,0,0.11615,0.00207,0.00024,0,0,0,0,0,0,0,0,0,0,0,0,0,0,1.0821,0.33469,0,0,0.48102,0.05791,0.44693,0.48149,0.82143,0.74597,0.78689,0.51315,1.24355,0.60553,0.86913,0,0,0,0,0,0,0,0,0,0,0,0,0,0,0,0,0,0,0,0,0,0,0,0,0,0,0,0,0,0,0,0.51315,0.0130576,0.00435254,0.0130576,0.00435254,0.0130576,0.00435254,0.0130576,0.00435254
438,71226,1.35291,0.69238,0.8876,0,0,0,0,0,0,0.11403,0.00205,0.00017,0,0,0,0,0,0,0,0,0,0,0,0,0,0,1.13273,0.33537,0,0,0.48103,0.05788,0.44734,0.48149,0.81914,0.74645,0.78658,0.51348,1.24349,0.60504,0.86898,0,0,0,0,0,0,0,0,0,0,0,0,0,0,0,0,0,0,0,0,0,0,0,0,0,0,0,0,0,0,0,0.51348,0.0129999,0.0043333,0.0129999,0.0043333,0.0129999,0.0043333,0.0129999,0.0043333
439,71335.9,1.35985,0.69316,0.88393,0,0,0,0,0,0,0.11503,0.00204,0.00021,0,0,0,0,0,0,0,0,0,0,0,0,0,0,1.15296,0.33422,0,0,0.48104,0.05792,0.44636,0.48151,0.81949,0.74698,0.78746,0.51355,1.24273,0.60451,0.86884,0,0,0,0,0,0,0,0,0,0,0,0,0,0,0,0,0,0,0,0,0,0,0,0,0,0,0,0,0,0,0,0.51355,0.0129422,0.00431407,0.0129422,0.00431407,0.0129422,0.00431407,0.0129422,0.00431407
440,71456.4,1.34847,0.69131,0.88669,0,0,0,0,0,0,0.11502,0.00205,0.00024,4e-05,0,0,0,0,0,0,0,0,0,0,0,0,0,1.11441,0.33124,0,0,0.48099,0.0579,0.44648,0.48146,0.81881,0.74681,0.78776,0.51348,1.24248,0.60446,0.86878,0,0,0,0,0,0,0,0,0,0,0,0,0,0,0,0,0,0,0,0,0,0,0,0,0,0,0,0,0,0,0,0.51348,0.0128846,0.00429485,0.0128846,0.00429485,0.0128846,0.00429485,0.0128846,0.00429485
441,71570.7,1.35015,0.69457,0.88646,0,0,0,0,0,0,0.11542,0.00204,0.00017,0.0001,0,0,0,0,0,0,0,0,0,0,0,0,0,1.11259,0.32979,0,0,0.48101,0.05793,0.44656,0.48148,0.81957,0.74762,0.78812,0.51358,1.24225,0.60425,0.86861,0,0,0,0,0,0,0,0,0,0,0,0,0,0,0,0,0,0,0,0,0,0,0,0,0,0,0,0,0,0,0,0.51358,0.0128269,0.00427565,0.0128269,0.00427565,0.0128269,0.00427565,0.0128269,0.00427565
442,71685.1,1.34521,0.68533,0.88513,0,0,0,0,0,0,0.11344,0.00204,0.0002,0,0,0,0,0,0,0,0,0,0,0,0,0,0,1.13368,0.33117,0,0,0.48102,0.05788,0.44548,0.48149,0.81956,0.74786,0.78858,0.5137,1.24162,0.60361,0.86858,0,0,0,0,0,0,0,0,0,0,0,0,0,0,0,0,0,0,0,0,0,0,0,0,0,0,0,0,0,0,0,0.5137,0.0127694,0.00425646,0.0127694,0.00425646,0.0127694,0.00425646,0.0127694,0.00425646
443,71806.9,1.35064,0.69179,0.88484,0,0,0,0,0,0,0.11295,0.00203,0.00016,0,0,0,0,0,0,0,0,0,0,0,0,0,0,1.03724,0.32806,0,0,0.48103,0.0579,0.44624,0.4815,0.81988,0.74875,0.78943,0.51383,1.24061,0.60304,0.86845,0,0,0,0,0,0,0,0,0,0,0,0,0,0,0,0,0,0,0,0,0,0,0,0,0,0,0,0,0,0,0,0.51383,0.0127118,0.00423728,0.0127118,0.00423728,0.0127118,0.00423728,0.0127118,0.00423728
444,71930.7,1.34662,0.68427,0.88437,0,0,0,0,0,0,0.11453,0.00201,0.00019,0,0,0,0,0,0,0,0,0,0,0,0,0,0,1.04015,0.32889,0,0,0.48111,0.05792,0.4461,0.48159,0.81793,0.74939,0.78899,0.51364,1.24081,0.60297,0.86852,0,0,0,0,0,0,0,0,0,0,0,0,0,0,0,0,0,0,0,0,0,0,0,0,0,0,0,0,0,0,0,0.51364,0.0126543,0.00421811,0.0126543,0.00421811,0.0126543,0.00421811,0.0126543,0.00421811
445,72051.5,1.34387,0.68511,0.88329,0,0,0,0,0,0,0.11499,0.00202,0.00015,4e-05,0,0,0,0,0,0,0,0,0,0,0,0,0,1.08091,0.32989,0,0,0.48104,0.05793,0.44637,0.48152,0.81925,0.74922,0.78948,0.51409,1.24014,0.60279,0.86827,0,0,0,0,0,0,0,0,0,0,0,0,0,0,0,0,0,0,0,0,0,0,0,0,0,0,0,0,0,0,0,0.51409,0.0125969,0.00419895,0.0125969,0.00419895,0.0125969,0.00419895,0.0125969,0.00419895
446,72172.6,1.34214,0.68519,0.88509,0,0,0,0,0,0,0.11362,0.00202,0.00014,0,0,0,0,0,0,0,0,0,0,0,0,0,0,1.05838,0.326,0,0,0.48093,0.0579,0.4459,0.48142,0.81996,0.74963,0.78955,0.51444,1.23929,0.60253,0.86815,0,0,0,0,0,0,0,0,0,0,0,0,0,0,0,0,0,0,0,0,0,0,0,0,0,0,0,0,0,0,0,0.51444,0.0125394,0.00417981,0.0125394,0.00417981,0.0125394,0.00417981,0.0125394,0.00417981
447,72292.8,1.33273,0.67991,0.88672,0,0,0,0,0,0,0.11268,0.00203,0.00022,1e-05,0,0,0,0,0,0,0,0,0,0,0,0,0,1.09973,0.33128,0,0,0.48091,0.05787,0.44564,0.48138,0.82066,0.7493,0.78986,0.51527,1.23853,0.60201,0.86801,0,0,0,0,0,0,0,0,0,0,0,0,0,0,0,0,0,0,0,0,0,0,0,0,0,0,0,0,0,0,0,0.51527,0.012482,0.00416068,0.012482,0.00416068,0.012482,0.00416068,0.012482,0.00416068
448,72429.5,1.33998,0.68141,0.8824,0,0,0,0,0,0,0.11489,0.00202,0.00014,0,0,0,0,0,0,0,0,0,0,0,0,0,0,1.05758,0.32534,0,0,0.48103,0.0579,0.44687,0.4815,0.8214,0.74883,0.79034,0.51506,1.23761,0.60135,0.868,0,0,0,0,0,0,0,0,0,0,0,0,0,0,0,0,0,0,0,0,0,0,0,0,0,0,0,0,0,0,0,0.51506,0.0124247,0.00414156,0.0124247,0.00414156,0.0124247,0.00414156,0.0124247,0.00414156
449,72562.1,1.34238,0.68033,0.88472,0,0,0,0,0,0,0.11318,0.00202,0.00015,0,0,0,0,0,0,0,0,0,0,0,0,0,0,1.06184,0.32547,0,0,0.48109,0.05791,0.44698,0.48154,0.82051,0.74888,0.79038,0.51542,1.23754,0.60139,0.86793,0,0,0,0,0,0,0,0,0,0,0,0,0,0,0,0,0,0,0,0,0,0,0,0,0,0,0,0,0,0,0,0.51542,0.0123674,0.00412246,0.0123674,0.00412246,0.0123674,0.00412246,0.0123674,0.00412246
450,72694.9,1.3322,0.68119,0.88658,0,0,0,0,0,0,0.11399,0.00202,0.00015,1e-05,0,0,0,0,0,0,0,0,0,0,0,0,0,1.0454,0.324,0,0,0.48091,0.05785,0.44642,0.48136,0.81887,0.74889,0.79054,0.51565,1.23725,0.60106,0.86778,0,0,0,0,0,0,0,0,0,0,0,0,0,0,0,0,0,0,0,0,0,0,0,0,0,0,0,0,0,0,0,0.51565,0.0123101,0.00410338,0.0123101,0.00410338,0.0123101,0.00410338,0.0123101,0.00410338
451,72817.4,1.33921,0.68022,0.88317,0,0,0,0,0,0,0.11314,0.002,0.00024,0,0,0,0,0,0,0,0,0,0,0,0,0,0,0.99676,0.31929,0,0,0.48103,0.05794,0.44558,0.48151,0.81921,0.74977,0.79055,0.51543,1.2372,0.60091,0.86779,0,0,0,0,0,0,0,0,0,0,0,0,0,0,0,0,0,0,0,0,0,0,0,0,0,0,0,0,0,0,0,0.51543,0.0122529,0.0040843,0.0122529,0.0040843,0.0122529,0.0040843,0.0122529,0.0040843
452,72942.6,1.33665,0.6821,0.88465,0,0,0,0,0,0,0.11237,0.00201,0.00016,0,0,0,0,0,0,0,0,0,0,0,0,0,0,1.03997,0.31994,0,0,0.48099,0.05793,0.44652,0.48146,0.81888,0.74926,0.79025,0.51472,1.23785,0.60056,0.86783,0,0,0,0,0,0,0,0,0,0,0,0,0,0,0,0,0,0,0,0,0,0,0,0,0,0,0,0,0,0,0,0.51472,0.0121957,0.00406525,0.0121957,0.00406525,0.0121957,0.00406525,0.0121957,0.00406525
453,73072.4,1.32717,0.67531,0.88152,0,0,0,0,0,0,0.11253,0.002,0.00023,4e-05,0,0,0,0,0,0,0,0,0,0,0,0,0,0.97837,0.31878,0,0,0.48093,0.05789,0.44659,0.4814,0.81973,0.7496,0.79078,0.51527,1.23774,0.60026,0.86771,0,0,0,0,0,0,0,0,0,0,0,0,0,0,0,0,0,0,0,0,0,0,0,0,0,0,0,0,0,0,0,0.51527,0.0121386,0.0040462,0.0121386,0.0040462,0.0121386,0.0040462,0.0121386,0.0040462
454,73203.6,1.33115,0.6794,0.88155,0,0,0,0,0,0,0.11165,0.00201,0.00014,1e-05,0,0,0,0,0,0,0,0,0,0,0,0,0,1.06204,0.32508,0,0,0.48102,0.0579,0.44656,0.48148,0.82058,0.74927,0.7912,0.51598,1.23614,0.59959,0.86757,0,0,0,0,0,0,0,0,0,0,0,0,0,0,0,0,0,0,0,0,0,0,0,0,0,0,0,0,0,0,0,0.51598,0.0120815,0.00402718,0.0120815,0.00402718,0.0120815,0.00402718,0.0120815,0.00402718
455,73327.9,1.33517,0.67711,0.88346,0,0,0,0,0,0,0.11299,0.002,0.00021,0,0,0,0,0,0,0,0,0,0,0,0,0,0,0.99514,0.31925,0,0,0.48101,0.0579,0.44771,0.48146,0.81824,0.74822,0.79058,0.51555,1.23629,0.59943,0.86755,0,0,0,0,0,0,0,0,0,0,0,0,0,0,0,0,0,0,0,0,0,0,0,0,0,0,0,0,0,0,0,0.51555,0.0120245,0.00400816,0.0120245,0.00400816,0.0120245,0.00400816,0.0120245,0.00400816
456,73459.1,1.32832,0.67516,0.88324,0,0,0,0,0,0,0.1116,0.00201,0.00015,2e-05,0,0,0,0,0,0,0,0,0,0,0,0,0,0.96568,0.31775,0,0,0.48101,0.0579,0.4469,0.48148,0.81727,0.74977,0.79145,0.51627,1.23534,0.59852,0.86747,0,0,0,0,0,0,0,0,0,0,0,0,0,0,0,0,0,0,0,0,0,0,0,0,0,0,0,0,0,0,0,0.51627,0.0119675,0.00398917,0.0119675,0.00398917,0.0119675,0.00398917,0.0119675,0.00398917
457,73583.4,1.32629,0.6738,0.88467,0,0,0,0,0,0,0.11238,0.002,0.0002,2e-05,0,0,0,0,0,0,0,0,0,0,0,0,0,0.99793,0.31496,0,0,0.48102,0.05786,0.4468,0.48149,0.81845,0.74992,0.79237,0.51668,1.23496,0.59782,0.8673,0,0,0,0,0,0,0,0,0,0,0,0,0,0,0,0,0,0,0,0,0,0,0,0,0,0,0,0,0,0,0,0.51668,0.0119106,0.00397019,0.0119106,0.00397019,0.0119106,0.00397019,0.0119106,0.00397019
458,73705.2,1.33275,0.67824,0.88194,0,0,0,0,0,0,0.11262,0.00199,0.00019,0,0,0,0,0,0,0,0,0,0,0,0,0,0,1.00567,0.31811,0,0,0.48107,0.05794,0.44673,0.48153,0.81736,0.75032,0.79199,0.51684,1.23411,0.59737,0.86731,0,0,0,0,0,0,0,0,0,0,0,0,0,0,0,0,0,0,0,0,0,0,0,0,0,0,0,0,0,0,0,0.51684,0.0118537,0.00395123,0.0118537,0.00395123,0.0118537,0.00395123,0.0118537,0.00395123
459,73831.6,1.33386,0.67503,0.88212,0,0,0,0,0,0,0.11188,0.00201,0.00018,5e-05,0,0,0,0,0,0,0,0,0,0,0,0,0,1.02397,0.31621,0,0,0.48096,0.05788,0.44675,0.48142,0.81686,0.75148,0.79231,0.51675,1.23341,0.59695,0.8672,0,0,0,0,0,0,0,0,0,0,0,0,0,0,0,0,0,0,0,0,0,0,0,0,0,0,0,0,0,0,0,0.51675,0.0117969,0.00393228,0.0117969,0.00393228,0.0117969,0.00393228,0.0117969,0.00393228
460,73954.2,1.32701,0.67535,0.87845,0,0,0,0,0,0,0.11324,0.002,0.00018,5e-05,0,0,0,0,0,0,0,0,0,0,0,0,0,1.09299,0.31641,0,0,0.48109,0.05793,0.44695,0.48156,0.81696,0.75302,0.79255,0.51728,1.23289,0.59658,0.86701,0,0,0,0,0,0,0,0,0,0,0,0,0,0,0,0,0,0,0,0,0,0,0,0,0,0,0,0,0,0,0,0.51728,0.0117401,0.00391336,0.0117401,0.00391336,0.0117401,0.00391336,0.0117401,0.00391336
461,74079.2,1.32971,0.67156,0.87929,0,0,0,0,0,0,0.1114,0.00199,0.00025,0,0,0,0,0,0,0,0,0,0,0,0,0,0,0.97556,0.31244,0,0,0.48099,0.05791,0.44602,0.48146,0.81581,0.75372,0.79207,0.51712,1.23186,0.59639,0.86692,0,0,0,0,0,0,0,0,0,0,0,0,0,0,0,0,0,0,0,0,0,0,0,0,0,0,0,0,0,0,0,0.51712,0.0116833,0.00389445,0.0116833,0.00389445,0.0116833,0.00389445,0.0116833,0.00389445
462,74201.7,1.32258,0.67003,0.87834,0,0,0,0,0,0,0.11121,0.00198,0.00018,0,0,0,0,0,0,0,0,0,0,0,0,0,0,1.02541,0.31455,0,0,0.48098,0.05788,0.44744,0.48143,0.81611,0.75351,0.79212,0.51708,1.23203,0.59605,0.86688,0,0,0,0,0,0,0,0,0,0,0,0,0,0,0,0,0,0,0,0,0,0,0,0,0,0,0,0,0,0,0,0.51708,0.0116267,0.00387555,0.0116267,0.00387555,0.0116267,0.00387555,0.0116267,0.00387555
463,74323,1.32129,0.66875,0.8785,0,0,0,0,0,0,0.11344,0.00198,0.00018,1e-05,0,0,0,0,0,0,0,0,0,0,0,0,0,1.0507,0.32111,0,0,0.48104,0.05793,0.4477,0.48147,0.81684,0.75257,0.79201,0.51709,1.23243,0.59602,0.86691,0,0,0,0,0,0,0,0,0,0,0,0,0,0,0,0,0,0,0,0,0,0,0,0,0,0,0,0,0,0,0,0.51709,0.01157,0.00385668,0.01157,0.00385668,0.01157,0.00385668,0.01157,0.00385668
464,74452.6,1.31322,0.66426,0.8772,0,0,0,0,0,0,0.11143,0.00198,0.00018,0,0,0,0,0,0,0,0,0,0,0,0,0,0,1.01976,0.31559,0,0,0.48108,0.05795,0.4471,0.48155,0.81767,0.75121,0.79258,0.51783,1.2326,0.59594,0.86688,0,0,0,0,0,0,0,0,0,0,0,0,0,0,0,0,0,0,0,0,0,0,0,0,0,0,0,0,0,0,0,0.51783,0.0115135,0.00383782,0.0115135,0.00383782,0.0115135,0.00383782,0.0115135,0.00383782
465,74573.9,1.32483,0.67127,0.87914,0,0,0,0,0,0,0.11107,0.00198,0.00013,0,0,0,0,0,0,0,0,0,0,0,0,0,0,1.01033,0.31648,0,0,0.48103,0.05793,0.44673,0.48149,0.81526,0.75454,0.7922,0.51782,1.23236,0.59537,0.86678,0,0,0,0,0,0,0,0,0,0,0,0,0,0,0,0,0,0,0,0,0,0,0,0,0,0,0,0,0,0,0,0.51782,0.011457,0.00381899,0.011457,0.00381899,0.011457,0.00381899,0.011457,0.00381899
466,74693,1.31183,0.66359,0.88056,0,0,0,0,0,0,0.1118,0.00198,0.00016,0,0,0,0,0,0,0,0,0,0,0,0,0,0,1.01,0.313,0,0,0.481,0.0579,0.44632,0.48145,0.81701,0.75387,0.79255,0.51789,1.23224,0.59503,0.86677,0,0,0,0,0,0,0,0,0,0,0,0,0,0,0,0,0,0,0,0,0,0,0,0,0,0,0,0,0,0,0,0.51789,0.0114005,0.00380017,0.0114005,0.00380017,0.0114005,0.00380017,0.0114005,0.00380017
467,74811.2,1.31279,0.66818,0.87613,0,0,0,0,0,0,0.11193,0.00197,0.00015,0,0,0,0,0,0,0,0,0,0,0,0,0,0,0.9989,0.3131,0,0,0.48107,0.05788,0.44648,0.48153,0.8178,0.75318,0.79316,0.51773,1.23261,0.59498,0.8667,0,0,0,0,0,0,0,0,0,0,0,0,0,0,0,0,0,0,0,0,0,0,0,0,0,0,0,0,0,0,0,0.51773,0.0113441,0.00378137,0.0113441,0.00378137,0.0113441,0.00378137,0.0113441,0.00378137
468,74936.8,1.31133,0.66121,0.87594,0,0,0,0,0,0,0.11114,0.00198,0.00017,0,0,0,0,0,0,0,0,0,0,0,0,0,0,1.07601,0.31822,0,0,0.48111,0.05792,0.44614,0.48158,0.81823,0.75223,0.7927,0.51779,1.23252,0.59453,0.8666,0,0,0,0,0,0,0,0,0,0,0,0,0,0,0,0,0,0,0,0,0,0,0,0,0,0,0,0,0,0,0,0.51779,0.0112878,0.00376259,0.0112878,0.00376259,0.0112878,0.00376259,0.0112878,0.00376259
469,75056,1.31095,0.66268,0.87474,0,0,0,0,0,0,0.11144,0.00198,0.00022,0,0,0,0,0,0,0,0,0,0,0,0,0,0,1.09011,0.3167,0,0,0.48105,0.05792,0.44661,0.48152,0.81975,0.75302,0.7934,0.51815,1.23271,0.59437,0.86663,0,0,0,0,0,0,0,0,0,0,0,0,0,0,0,0,0,0,0,0,0,0,0,0,0,0,0,0,0,0,0,0.51815,0.0112315,0.00374383,0.0112315,0.00374383,0.0112315,0.00374383,0.0112315,0.00374383
470,75172.5,1.31644,0.66629,0.87908,0,0,0,0,0,0,0.11122,0.00197,0.00016,0,0,0,0,0,0,0,0,0,0,0,0,0,0,1.01671,0.31189,0,0,0.48107,0.05794,0.4467,0.48151,0.81899,0.75272,0.79308,0.51817,1.23371,0.59417,0.86674,0,0,0,0,0,0,0,0,0,0,0,0,0,0,0,0,0,0,0,0,0,0,0,0,0,0,0,0,0,0,0,0.51817,0.0111753,0.00372509,0.0111753,0.00372509,0.0111753,0.00372509,0.0111753,0.00372509
471,75287.9,1.30042,0.66085,0.87999,0,0,0,0,0,0,0.1118,0.00197,0.00024,7e-05,0,0,0,0,0,0,0,0,0,0,0,0,0,0.94139,0.30781,0,0,0.48101,0.05794,0.44652,0.48148,0.82069,0.75284,0.79338,0.51832,1.23315,0.59362,0.86661,0,0,0,0,0,0,0,0,0,0,0,0,0,0,0,0,0,0,0,0,0,0,0,0,0,0,0,0,0,0,0,0.51832,0.0111191,0.00370637,0.0111191,0.00370637,0.0111191,0.00370637,0.0111191,0.00370637
472,75409.1,1.30935,0.66193,0.87657,0,0,0,0,0,0,0.11009,0.00196,0.00015,0,0,0,0,0,0,0,0,0,0,0,0,0,0,1.01755,0.31338,0,0,0.48097,0.05791,0.446,0.48143,0.81968,0.75397,0.7937,0.5185,1.23202,0.59303,0.86651,0,0,0,0,0,0,0,0,0,0,0,0,0,0,0,0,0,0,0,0,0,0,0,0,0,0,0,0,0,0,0,0.5185,0.011063,0.00368767,0.011063,0.00368767,0.011063,0.00368767,0.011063,0.00368767
473,75524.1,1.2986,0.66083,0.87628,0,0,0,0,0,0,0.11076,0.00195,0.00021,0,0,0,0,0,0,0,0,0,0,0,0,0,0,1.04724,0.31369,0,0,0.48101,0.05791,0.44676,0.48147,0.82124,0.75318,0.79429,0.51862,1.23162,0.59285,0.86645,0,0,0,0,0,0,0,0,0,0,0,0,0,0,0,0,0,0,0,0,0,0,0,0,0,0,0,0,0,0,0,0.51862,0.011007,0.00366899,0.011007,0.00366899,0.011007,0.00366899,0.011007,0.00366899
474,75653.7,1.30724,0.65907,0.87697,0,0,0,0,0,0,0.11043,0.00194,0.00018,1e-05,0,0,0,0,0,0,0,0,0,0,0,0,0,1.02995,0.31192,0,0,0.48108,0.05793,0.44646,0.48156,0.82045,0.75355,0.79381,0.51839,1.23146,0.5924,0.86633,0,0,0,0,0,0,0,0,0,0,0,0,0,0,0,0,0,0,0,0,0,0,0,0,0,0,0,0,0,0,0,0.51839,0.010951,0.00365034,0.010951,0.00365034,0.010951,0.00365034,0.010951,0.00365034
475,75802.8,1.30192,0.65785,0.87666,0,0,0,0,0,0,0.11076,0.00195,0.00023,0,0,0,0,0,0,0,0,0,0,0,0,0,0,1.09834,0.31223,0,0,0.48099,0.05791,0.44561,0.48147,0.82079,0.7544,0.7942,0.5189,1.23118,0.59217,0.86622,0,0,0,0,0,0,0,0,0,0,0,0,0,0,0,0,0,0,0,0,0,0,0,0,0,0,0,0,0,0,0,0.5189,0.0108951,0.0036317,0.0108951,0.0036317,0.0108951,0.0036317,0.0108951,0.0036317
476,75955,1.30154,0.65912,0.87427,0,0,0,0,0,0,0.11021,0.00195,0.00023,0,0,0,0,0,0,0,0,0,0,0,0,0,0,1.08524,0.31065,0,0,0.48103,0.05789,0.44671,0.4815,0.81988,0.75623,0.79408,0.51902,1.23107,0.59191,0.86625,0,0,0,0,0,0,0,0,0,0,0,0,0,0,0,0,0,0,0,0,0,0,0,0,0,0,0,0,0,0,0,0.51902,0.0108393,0.00361309,0.0108393,0.00361309,0.0108393,0.00361309,0.0108393,0.00361309
477,76094.3,1.29662,0.65491,0.87574,0,0,0,0,0,0,0.11002,0.00195,0.00014,0,0,0,0,0,0,0,0,0,0,0,0,0,0,1.0036,0.31022,0,0,0.481,0.05793,0.44616,0.48148,0.82028,0.75638,0.79428,0.51958,1.23057,0.59136,0.86628,0,0,0,0,0,0,0,0,0,0,0,0,0,0,0,0,0,0,0,0,0,0,0,0,0,0,0,0,0,0,0,0.51958,0.0107835,0.0035945,0.0107835,0.0035945,0.0107835,0.0035945,0.0107835,0.0035945
478,76221.1,1.30507,0.66066,0.87683,0,0,0,0,0,0,0.10932,0.00195,0.00017,0,0,0,0,0,0,0,0,0,0,0,0,0,0,0.98021,0.30686,0,0,0.48098,0.05791,0.4469,0.48144,0.82203,0.75486,0.79474,0.5197,1.22938,0.59086,0.86607,0,0,0,0,0,0,0,0,0,0,0,0,0,0,0,0,0,0,0,0,0,0,0,0,0,0,0,0,0,0,0,0.5197,0.0107278,0.00357593,0.0107278,0.00357593,0.0107278,0.00357593,0.0107278,0.00357593
479,76393.4,1.30183,0.65792,0.87738,0,0,0,0,0,0,0.11044,0.00195,0.0002,0,0,0,0,0,0,0,0,0,0,0,0,0,0,0.93809,0.30507,0,0,0.48102,0.05789,0.44697,0.48148,0.82171,0.75403,0.79453,0.51956,1.22868,0.59085,0.8659,0,0,0,0,0,0,0,0,0,0,0,0,0,0,0,0,0,0,0,0,0,0,0,0,0,0,0,0,0,0,0,0.51956,0.0106722,0.00355739,0.0106722,0.00355739,0.0106722,0.00355739,0.0106722,0.00355739
480,76561.9,1.29678,0.65727,0.87293,0,0,0,0,0,0,0.10961,0.00193,0.00023,0,0,0,0,0,0,0,0,0,0,0,0,0,0,1.0388,0.30675,0,0,0.48103,0.05789,0.44671,0.48149,0.82398,0.75479,0.79524,0.51959,1.22736,0.59027,0.86579,0,0,0,0,0,0,0,0,0,0,0,0,0,0,0,0,0,0,0,0,0,0,0,0,0,0,0,0,0,0,0,0.51959,0.0106166,0.00353886,0.0106166,0.00353886,0.0106166,0.00353886,0.0106166,0.00353886
481,76711.2,1.29742,0.66248,0.87509,0,0,0,0,0,0,0.10971,0.00193,0.00014,0,0,0,0,0,0,0,0,0,0,0,0,0,0,1.0187,0.3088,0,0,0.48105,0.05789,0.44591,0.48153,0.82262,0.75535,0.7954,0.52003,1.22656,0.59001,0.86556,0,0,0,0,0,0,0,0,0,0,0,0,0,0,0,0,0,0,0,0,0,0,0,0,0,0,0,0,0,0,0,0.52003,0.0105611,0.00352037,0.0105611,0.00352037,0.0105611,0.00352037,0.0105611,0.00352037
482,76862.7,1.30605,0.65955,0.87737,0,0,0,0,0,0,0.1103,0.00193,0.00022,0,0,0,0,0,0,0,0,0,0,0,0,0,0,1.00818,0.30493,0,0,0.48101,0.05789,0.44531,0.48149,0.82182,0.75535,0.79541,0.52034,1.22451,0.58911,0.86536,0,0,0,0,0,0,0,0,0,0,0,0,0,0,0,0,0,0,0,0,0,0,0,0,0,0,0,0,0,0,0,0.52034,0.0105057,0.00350189,0.0105057,0.00350189,0.0105057,0.00350189,0.0105057,0.00350189
483,77003.8,1.29779,0.65517,0.87492,0,0,0,0,0,0,0.11002,0.00194,0.00014,3e-05,0,0,0,0,0,0,0,0,0,0,0,0,0,0.95605,0.3073,0,0,0.48101,0.05791,0.44535,0.4815,0.82273,0.75566,0.79573,0.52052,1.22316,0.58874,0.86531,0,0,0,0,0,0,0,0,0,0,0,0,0,0,0,0,0,0,0,0,0,0,0,0,0,0,0,0,0,0,0,0.52052,0.0104503,0.00348344,0.0104503,0.00348344,0.0104503,0.00348344,0.0104503,0.00348344
484,77157.3,1.29342,0.65076,0.87411,0,0,0,0,0,0,0.11011,0.00193,0.00018,0,0,0,0,0,0,0,0,0,0,0,0,0,0,0.96612,0.3043,0,0,0.48108,0.05793,0.446,0.48156,0.82308,0.75577,0.79606,0.52139,1.22229,0.5883,0.86506,0,0,0,0,0,0,0,0,0,0,0,0,0,0,0,0,0,0,0,0,0,0,0,0,0,0,0,0,0,0,0,0.52139,0.010395,0.00346501,0.010395,0.00346501,0.010395,0.00346501,0.010395,0.00346501
485,77312.2,1.29269,0.65062,0.87391,0,0,0,0,0,0,0.10859,0.00193,0.00019,1e-05,0,0,0,0,0,0,0,0,0,0,0,0,0,0.92044,0.30319,0,0,0.48106,0.05791,0.44574,0.48154,0.82335,0.75563,0.79645,0.52189,1.22089,0.58763,0.86499,0,0,0,0,0,0,0,0,0,0,0,0,0,0,0,0,0,0,0,0,0,0,0,0,0,0,0,0,0,0,0,0.52189,0.0103398,0.00344661,0.0103398,0.00344661,0.0103398,0.00344661,0.0103398,0.00344661
486,77456,1.29654,0.65584,0.8741,0,0,0,0,0,0,0.10939,0.00193,0.00017,6e-05,0,0,0,0,0,0,0,0,0,0,0,0,0,0.99835,0.30519,0,0,0.48094,0.05788,0.44745,0.48141,0.82339,0.75587,0.79696,0.52232,1.22079,0.58749,0.86486,0,0,0,0,0,0,0,0,0,0,0,0,0,0,0,0,0,0,0,0,0,0,0,0,0,0,0,0,0,0,0,0.52232,0.0102847,0.00342823,0.0102847,0.00342823,0.0102847,0.00342823,0.0102847,0.00342823
487,77597,1.29338,0.65313,0.87403,0,0,0,0,0,0,0.1085,0.00191,0.00014,3e-05,0,0,0,0,0,0,0,0,0,0,0,0,0,1.05272,0.30391,0,0,0.48104,0.05789,0.44618,0.4815,0.82353,0.75677,0.79742,0.52244,1.22005,0.58692,0.86478,0,0,0,0,0,0,0,0,0,0,0,0,0,0,0,0,0,0,0,0,0,0,0,0,0,0,0,0,0,0,0,0.52244,0.0102296,0.00340988,0.0102296,0.00340988,0.0102296,0.00340988,0.0102296,0.00340988
488,77746.1,1.28961,0.64855,0.87471,0,0,0,0,0,0,0.10952,0.00192,0.00013,0,0,0,0,0,0,0,0,0,0,0,0,0,0,1.0044,0.30191,0,0,0.48102,0.05792,0.44679,0.48148,0.8247,0.7577,0.79794,0.52288,1.2196,0.58652,0.86476,0,0,0,0,0,0,0,0,0,0,0,0,0,0,0,0,0,0,0,0,0,0,0,0,0,0,0,0,0,0,0,0.52288,0.0101746,0.00339155,0.0101746,0.00339155,0.0101746,0.00339155,0.0101746,0.00339155
489,77901.6,1.29169,0.64883,0.87129,0,0,0,0,0,0,0.10856,0.00192,0.00015,0,0,0,0,0,0,0,0,0,0,0,0,0,0,0.98894,0.29985,0,0,0.48104,0.05791,0.4467,0.48148,0.82651,0.75676,0.79746,0.52287,1.21908,0.58609,0.86456,0,0,0,0,0,0,0,0,0,0,0,0,0,0,0,0,0,0,0,0,0,0,0,0,0,0,0,0,0,0,0,0.52287,0.0101197,0.00337325,0.0101197,0.00337325,0.0101197,0.00337325,0.0101197,0.00337325
490,78041.1,1.28937,0.65221,0.87641,0,0,0,0,0,0,0.10907,0.00192,0.0002,0,0,0,0,0,0,0,0,0,0,0,0,0,0,1.00268,0.30177,0,0,0.48092,0.0579,0.44714,0.48139,0.82836,0.75677,0.79826,0.52321,1.21822,0.58585,0.86448,0,0,0,0,0,0,0,0,0,0,0,0,0,0,0,0,0,0,0,0,0,0,0,0,0,0,0,0,0,0,0,0.52321,0.0100649,0.00335497,0.0100649,0.00335497,0.0100649,0.00335497,0.0100649,0.00335497
491,78182.9,1.2803,0.64502,0.87102,0,0,0,0,0,0,0.10878,0.00193,0.00017,0,0,0,0,0,0,0,0,0,0,0,0,0,0,1.03326,0.30211,0,0,0.48098,0.05791,0.44704,0.48144,0.82742,0.75593,0.79826,0.5237,1.21823,0.58585,0.86441,0,0,0,0,0,0,0,0,0,0,0,0,0,0,0,0,0,0,0,0,0,0,0,0,0,0,0,0,0,0,0,0.5237,0.0100102,0.00333672,0.0100102,0.00333672,0.0100102,0.00333672,0.0100102,0.00333672
492,78325,1.28108,0.64305,0.87151,0,0,0,0,0,0,0.10761,0.00193,0.00017,0,0,0,0,0,0,0,0,0,0,0,0,0,0,1.00515,0.29999,0,0,0.481,0.0579,0.44604,0.48147,0.82962,0.75592,0.79946,0.52389,1.21737,0.58519,0.86417,0,0,0,0,0,0,0,0,0,0,0,0,0,0,0,0,0,0,0,0,0,0,0,0,0,0,0,0,0,0,0,0.52389,0.00995549,0.0033185,0.00995549,0.0033185,0.00995549,0.0033185,0.00995549,0.0033185
493,78467,1.28371,0.64912,0.87468,0,0,0,0,0,0,0.10916,0.00192,0.00015,1e-05,0,0,0,0,0,0,0,0,0,0,0,0,0,0.97373,0.29828,0,0,0.48096,0.05788,0.44636,0.48143,0.82792,0.75617,0.79966,0.52388,1.21641,0.58497,0.86405,0,0,0,0,0,0,0,0,0,0,0,0,0,0,0,0,0,0,0,0,0,0,0,0,0,0,0,0,0,0,0,0.52388,0.0099009,0.0033003,0.0099009,0.0033003,0.0099009,0.0033003,0.0099009,0.0033003
494,78612.1,1.28099,0.64446,0.87488,0,0,0,0,0,0,0.10854,0.00192,0.00016,0,0,0,0,0,0,0,0,0,0,0,0,0,0,0.95295,0.29913,0,0,0.48105,0.05792,0.44664,0.48152,0.82686,0.75666,0.79974,0.52446,1.21572,0.58453,0.86393,0,0,0,0,0,0,0,0,0,0,0,0,0,0,0,0,0,0,0,0,0,0,0,0,0,0,0,0,0,0,0,0.52446,0.00984639,0.00328213,0.00984639,0.00328213,0.00984639,0.00328213,0.00984639,0.00328213
495,78762.9,1.27965,0.64461,0.87103,0,0,0,0,0,0,0.10807,0.00192,0.00013,0,0,0,0,0,0,0,0,0,0,0,0,0,0,0.95552,0.29827,0,0,0.48095,0.05786,0.44679,0.48139,0.828,0.75742,0.80056,0.52493,1.21559,0.5843,0.86384,0,0,0,0,0,0,0,0,0,0,0,0,0,0,0,0,0,0,0,0,0,0,0,0,0,0,0,0,0,0,0,0.52493,0.00979196,0.00326399,0.00979196,0.00326399,0.00979196,0.00326399,0.00979196,0.00326399
496,78902.3,1.28738,0.65006,0.86867,0,0,0,0,0,0,0.10816,0.00191,0.00014,1e-05,0,0,0,0,0,0,0,0,0,0,0,0,0,0.95437,0.29632,0,0,0.48112,0.05795,0.4461,0.4816,0.82946,0.75829,0.80155,0.52456,1.21478,0.58396,0.86372,0,0,0,0,0,0,0,0,0,0,0,0,0,0,0,0,0,0,0,0,0,0,0,0,0,0,0,0,0,0,0,0.52456,0.00973761,0.00324587,0.00973761,0.00324587,0.00973761,0.00324587,0.00973761,0.00324587
497,79063.3,1.28549,0.64653,0.87104,0,0,0,0,0,0,0.10829,0.00191,0.00017,2e-05,0,0,0,0,0,0,0,0,0,0,0,0,0,0.97353,0.29646,0,0,0.48099,0.05789,0.44539,0.48148,0.82844,0.75869,0.80178,0.52457,1.21468,0.5837,0.86363,0,0,0,0,0,0,0,0,0,0,0,0,0,0,0,0,0,0,0,0,0,0,0,0,0,0,0,0,0,0,0,0.52457,0.00968335,0.00322778,0.00968335,0.00322778,0.00968335,0.00322778,0.00968335,0.00322778
498,79209.4,1.27852,0.64506,0.87051,0,0,0,0,0,0,0.10953,0.0019,0.00016,0,0,0,0,0,0,0,0,0,0,0,0,0,0,0.98235,0.29544,0,0,0.48106,0.05789,0.44645,0.48153,0.82925,0.75796,0.8015,0.52527,1.21395,0.58326,0.86359,0,0,0,0,0,0,0,0,0,0,0,0,0,0,0,0,0,0,0,0,0,0,0,0,0,0,0,0,0,0,0,0.52527,0.00962917,0.00320972,0.00962917,0.00320972,0.00962917,0.00320972,0.00962917,0.00320972
499,79359.2,1.27182,0.64279,0.87076,0,0,0,0,0,0,0.10917,0.0019,0.00022,0,0,0,0,0,0,0,0,0,0,0,0,0,0,0.9081,0.29287,0,0,0.48098,0.05793,0.44652,0.48144,0.83327,0.75624,0.80247,0.5258,1.21318,0.58281,0.86347,0,0,0,0,0,0,0,0,0,0,0,0,0,0,0,0,0,0,0,0,0,0,0,0,0,0,0,0,0,0,0,0.5258,0.00957508,0.00319169,0.00957508,0.00319169,0.00957508,0.00319169,0.00957508,0.00319169
500,79507.6,1.26883,0.64206,0.8728,0,0,0,0,0,0,0.10781,0.0019,0.00015,1e-05,0,0,0,0,0,0,0,0,0,0,0,0,0,0.93722,0.295,0,0,0.481,0.0579,0.44728,0.48146,0.83194,0.75753,0.80267,0.52579,1.21286,0.58294,0.86338,0,0,0,0,0,0,0,0,0,0,0,0,0,0,0,0,0,0,0,0,0,0,0,0,0,0,0,0,0,0,0,0.52579,0.00952107,0.00317369,0.00952107,0.00317369,0.00952107,0.00317369,0.00952107,0.00317369
501,79652.9,1.27247,0.64271,0.87075,0,0,0,0,0,0,0.10835,0.0019,0.00014,0,0,0,0,0,0,0,0,0,0,0,0,0,0,0.98142,0.29659,0,0,0.48104,0.05788,0.44686,0.4815,0.83465,0.75783,0.80354,0.52647,1.21193,0.58249,0.86337,0,0,0,0,0,0,0,0,0,0,0,0,0,0,0,0,0,0,0,0,0,0,0,0,0,0,0,0,0,0,0,0.52647,0.00946715,0.00315572,0.00946715,0.00315572,0.00946715,0.00315572,0.00946715,0.00315572
502,79804.7,1.27979,0.64344,0.87026,0,0,0,0,0,0,0.10795,0.0019,0.0002,3e-05,0,0,0,0,0,0,0,0,0,0,0,0,0,0.97874,0.30134,0,0,0.48107,0.05792,0.44627,0.48155,0.83567,0.75769,0.80426,0.52667,1.21097,0.58246,0.86323,0,0,0,0,0,0,0,0,0,0,0,0,0,0,0,0,0,0,0,0,0,0,0,0,0,0,0,0,0,0,0,0.52667,0.00941332,0.00313777,0.00941332,0.00313777,0.00941332,0.00313777,0.00941332,0.00313777
503,79935.1,1.27044,0.64189,0.86883,0,0,0,0,0,0,0.10714,0.00189,0.00015,0,0,0,0,0,0,0,0,0,0,0,0,0,0,1.0092,0.2996,0,0,0.48104,0.05794,0.44629,0.48151,0.83533,0.7594,0.80521,0.52727,1.2107,0.58204,0.86315,0,0,0,0,0,0,0,0,0,0,0,0,0,0,0,0,0,0,0,0,0,0,0,0,0,0,0,0,0,0,0,0.52727,0.00935957,0.00311986,0.00935957,0.00311986,0.00935957,0.00311986,0.00935957,0.00311986
504,80077.2,1.26659,0.63857,0.86892,0,0,0,0,0,0,0.10757,0.00188,0.00016,1e-05,0,0,0,0,0,0,0,0,0,0,0,0,0,0.94882,0.29377,0,0,0.48104,0.05791,0.44654,0.48151,0.83563,0.75994,0.8054,0.52679,1.21107,0.58154,0.86324,0,0,0,0,0,0,0,0,0,0,0,0,0,0,0,0,0,0,0,0,0,0,0,0,0,0,0,0,0,0,0,0.52679,0.00930592,0.00310197,0.00930592,0.00310197,0.00930592,0.00310197,0.00930592,0.00310197
505,80218.8,1.26484,0.63432,0.86685,0,0,0,0,0,0,0.10793,0.00189,0.00013,0,0,0,0,0,0,0,0,0,0,0,0,0,0,0.98845,0.29447,0,0,0.4811,0.05792,0.44631,0.48158,0.83678,0.75896,0.80538,0.52657,1.2104,0.58111,0.86311,0,0,0,0,0,0,0,0,0,0,0,0,0,0,0,0,0,0,0,0,0,0,0,0,0,0,0,0,0,0,0,0.52657,0.00925235,0.00308412,0.00925235,0.00308412,0.00925235,0.00308412,0.00925235,0.00308412
506,80357.7,1.27037,0.63836,0.86834,0,0,0,0,0,0,0.10723,0.00189,0.00017,0,0,0,0,0,0,0,0,0,0,0,0,0,0,0.97101,0.29306,0,0,0.48103,0.05791,0.44616,0.4815,0.83461,0.75992,0.80464,0.52652,1.21113,0.58078,0.86307,0,0,0,0,0,0,0,0,0,0,0,0,0,0,0,0,0,0,0,0,0,0,0,0,0,0,0,0,0,0,0,0.52652,0.00919888,0.00306629,0.00919888,0.00306629,0.00919888,0.00306629,0.00919888,0.00306629
507,80502.3,1.2699,0.64641,0.86823,0,0,0,0,0,0,0.10833,0.00189,0.00018,7e-05,0,0,0,0,0,0,0,0,0,0,0,0,0,1.0231,0.29366,0,0,0.48101,0.05789,0.44652,0.48148,0.8311,0.7606,0.80435,0.52659,1.21128,0.58036,0.86298,0,0,0,0,0,0,0,0,0,0,0,0,0,0,0,0,0,0,0,0,0,0,0,0,0,0,0,0,0,0,0,0.52659,0.0091455,0.0030485,0.0091455,0.0030485,0.0091455,0.0030485,0.0091455,0.0030485
508,80653.3,1.26281,0.63511,0.8682,0,0,0,0,0,0,0.10706,0.00188,0.00012,1e-05,0,0,0,0,0,0,0,0,0,0,0,0,0,1.0512,0.29491,0,0,0.48103,0.05791,0.44653,0.4815,0.83377,0.76152,0.80518,0.52684,1.21137,0.58048,0.86299,0,0,0,0,0,0,0,0,0,0,0,0,0,0,0,0,0,0,0,0,0,0,0,0,0,0,0,0,0,0,0,0.52684,0.00909221,0.00303074,0.00909221,0.00303074,0.00909221,0.00303074,0.00909221,0.00303074
509,80806.4,1.25665,0.63272,0.86441,0,0,0,0,0,0,0.1062,0.00188,0.00014,0,0,0,0,0,0,0,0,0,0,0,0,0,0,1.04388,0.29532,0,0,0.48107,0.05793,0.44558,0.48155,0.83395,0.76162,0.80463,0.52632,1.2111,0.58014,0.86285,0,0,0,0,0,0,0,0,0,0,0,0,0,0,0,0,0,0,0,0,0,0,0,0,0,0,0,0,0,0,0,0.52632,0.00903901,0.003013,0.00903901,0.003013,0.00903901,0.003013,0.00903901,0.003013
510,80950.5,1.26232,0.63643,0.86893,0,0,0,0,0,0,0.10791,0.00188,0.0002,3e-05,0,0,0,0,0,0,0,0,0,0,0,0,0,1.0012,0.29335,0,0,0.48101,0.05791,0.44586,0.48149,0.83446,0.76063,0.80483,0.5261,1.21079,0.57964,0.86275,0,0,0,0,0,0,0,0,0,0,0,0,0,0,0,0,0,0,0,0,0,0,0,0,0,0,0,0,0,0,0,0.5261,0.00898591,0.0029953,0.00898591,0.0029953,0.00898591,0.0029953,0.00898591,0.0029953
511,81091.3,1.25531,0.63372,0.86353,0,0,0,0,0,0,0.1074,0.00189,0.0002,0,0,0,0,0,0,0,0,0,0,0,0,0,0,1.00945,0.29236,0,0,0.48104,0.05792,0.44512,0.48153,0.83679,0.76033,0.80508,0.52662,1.21049,0.57949,0.86271,0,0,0,0,0,0,0,0,0,0,0,0,0,0,0,0,0,0,0,0,0,0,0,0,0,0,0,0,0,0,0,0.52662,0.0089329,0.00297763,0.0089329,0.00297763,0.0089329,0.00297763,0.0089329,0.00297763
512,81232.8,1.26424,0.6372,0.86739,0,0,0,0,0,0,0.10595,0.00188,0.00017,1e-05,0,0,0,0,0,0,0,0,0,0,0,0,0,1.00782,0.29167,0,0,0.48102,0.05795,0.44622,0.4815,0.83694,0.75999,0.80504,0.52749,1.20984,0.57922,0.86254,0,0,0,0,0,0,0,0,0,0,0,0,0,0,0,0,0,0,0,0,0,0,0,0,0,0,0,0,0,0,0,0.52749,0.00887999,0.00296,0.00887999,0.00296,0.00887999,0.00296,0.00887999,0.00296
513,81378.3,1.25396,0.62993,0.86645,0,0,0,0,0,0,0.10733,0.00188,0.00016,1e-05,0,0,0,0,0,0,0,0,0,0,0,0,0,1.03683,0.28985,0,0,0.481,0.0579,0.44586,0.48148,0.83688,0.75973,0.80519,0.52748,1.20981,0.579,0.86261,0,0,0,0,0,0,0,0,0,0,0,0,0,0,0,0,0,0,0,0,0,0,0,0,0,0,0,0,0,0,0,0.52748,0.00882718,0.00294239,0.00882718,0.00294239,0.00882718,0.00294239,0.00882718,0.00294239
514,81536.2,1.25246,0.63203,0.86683,0,0,0,0,0,0,0.10665,0.00189,0.0002,9e-05,0,0,0,0,0,0,0,0,0,0,0,0,0,0.95782,0.28674,0,0,0.48097,0.05791,0.44645,0.48144,0.83602,0.76155,0.8063,0.5276,1.20956,0.57829,0.86248,0,0,0,0,0,0,0,0,0,0,0,0,0,0,0,0,0,0,0,0,0,0,0,0,0,0,0,0,0,0,0,0.5276,0.00877446,0.00292482,0.00877446,0.00292482,0.00877446,0.00292482,0.00877446,0.00292482
515,81677.1,1.25497,0.63144,0.86856,0,0,0,0,0,0,0.10895,0.00188,0.00014,0,0,0,0,0,0,0,0,0,0,0,0,0,0,0.94535,0.28559,0,0,0.481,0.05787,0.44608,0.48147,0.83727,0.76052,0.80558,0.52823,1.20897,0.57823,0.86234,0,0,0,0,0,0,0,0,0,0,0,0,0,0,0,0,0,0,0,0,0,0,0,0,0,0,0,0,0,0,0,0.52823,0.00872184,0.00290728,0.00872184,0.00290728,0.00872184,0.00290728,0.00872184,0.00290728
516,81823.7,1.25011,0.62737,0.8643,0,0,0,0,0,0,0.10595,0.00186,0.00019,2e-05,0,0,0,0,0,0,0,0,0,0,0,0,0,0.94894,0.28525,0,0,0.48103,0.0579,0.44657,0.4815,0.83653,0.76136,0.80571,0.52845,1.20903,0.57771,0.86226,0,0,0,0,0,0,0,0,0,0,0,0,0,0,0,0,0,0,0,0,0,0,0,0,0,0,0,0,0,0,0,0.52845,0.00866932,0.00288977,0.00866932,0.00288977,0.00866932,0.00288977,0.00866932,0.00288977
517,81969.3,1.25344,0.6316,0.86628,0,0,0,0,0,0,0.10621,0.00186,0.00023,0,0,0,0,0,0,0,0,0,0,0,0,0,0,0.95779,0.28637,0,0,0.48102,0.05791,0.4463,0.4815,0.8373,0.76127,0.80592,0.52898,1.20874,0.57766,0.86227,0,0,0,0,0,0,0,0,0,0,0,0,0,0,0,0,0,0,0,0,0,0,0,0,0,0,0,0,0,0,0,0.52898,0.0086169,0.0028723,0.0086169,0.0028723,0.0086169,0.0028723,0.0086169,0.0028723
518,82130.9,1.25151,0.62925,0.86533,0,0,0,0,0,0,0.10822,0.00187,0.00013,4e-05,0,0,0,0,0,0,0,0,0,0,0,0,0,0.91347,0.28467,0,0,0.48102,0.05793,0.44581,0.4815,0.83938,0.75982,0.80536,0.52882,1.20887,0.57733,0.86227,0,0,0,0,0,0,0,0,0,0,0,0,0,0,0,0,0,0,0,0,0,0,0,0,0,0,0,0,0,0,0,0.52882,0.00856458,0.00285486,0.00856458,0.00285486,0.00856458,0.00285486,0.00856458,0.00285486
519,82271.6,1.25081,0.63127,0.86406,0,0,0,0,0,0,0.10599,0.00186,0.00017,2e-05,0,0,0,0,0,0,0,0,0,0,0,0,0,0.95816,0.28333,0,0,0.4811,0.05795,0.44623,0.48157,0.83977,0.75997,0.80477,0.52938,1.20815,0.57685,0.86218,0,0,0,0,0,0,0,0,0,0,0,0,0,0,0,0,0,0,0,0,0,0,0,0,0,0,0,0,0,0,0,0.52938,0.00851237,0.00283746,0.00851237,0.00283746,0.00851237,0.00283746,0.00851237,0.00283746
520,82421.1,1.24905,0.62389,0.86494,0,0,0,0,0,0,0.10698,0.00186,0.0002,0,0,0,0,0,0,0,0,0,0,0,0,0,0,0.96574,0.28395,0,0,0.48104,0.0579,0.44625,0.48151,0.8404,0.76054,0.80553,0.52934,1.20726,0.57643,0.86209,0,0,0,0,0,0,0,0,0,0,0,0,0,0,0,0,0,0,0,0,0,0,0,0,0,0,0,0,0,0,0,0.52934,0.00846025,0.00282008,0.00846025,0.00282008,0.00846025,0.00282008,0.00846025,0.00282008
521,82586.9,1.25004,0.62537,0.86586,0,0,0,0,0,0,0.10628,0.00186,0.00021,1e-05,0,0,0,0,0,0,0,0,0,0,0,0,0,0.98845,0.2864,0,0,0.48103,0.05792,0.44629,0.48151,0.84204,0.76006,0.80543,0.52983,1.20803,0.57597,0.86215,0,0,0,0,0,0,0,0,0,0,0,0,0,0,0,0,0,0,0,0,0,0,0,0,0,0,0,0,0,0,0,0.52983,0.00840824,0.00280275,0.00840824,0.00280275,0.00840824,0.00280275,0.00840824,0.00280275
522,82893.7,1.23991,0.62247,0.86341,0,0,0,0,0,0,0.10529,0.00185,0.00022,1e-05,0,0,0,0,0,0,0,0,0,0,0,0,0,0.94719,0.28494,0,0,0.48103,0.05793,0.44579,0.48151,0.8414,0.75904,0.80482,0.53012,1.20776,0.57594,0.86208,0,0,0,0,0,0,0,0,0,0,0,0,0,0,0,0,0,0,0,0,0,0,0,0,0,0,0,0,0,0,0,0.53012,0.00835633,0.00278544,0.00835633,0.00278544,0.00835633,0.00278544,0.00835633,0.00278544
523,83211.7,1.23921,0.61991,0.86235,0,0,0,0,0,0,0.10717,0.00185,0.00021,0,0,0,0,0,0,0,0,0,0,0,0,0,0,0.92416,0.28199,0,0,0.48104,0.05792,0.44572,0.48148,0.84262,0.75842,0.80454,0.53043,1.208,0.57559,0.86212,0,0,0,0,0,0,0,0,0,0,0,0,0,0,0,0,0,0,0,0,0,0,0,0,0,0,0,0,0,0,0,0.53043,0.00830453,0.00276818,0.00830453,0.00276818,0.00830453,0.00276818,0.00830453,0.00276818
524,83532.1,1.24335,0.62171,0.86421,0,0,0,0,0,0,0.10639,0.00185,0.00012,0,0,0,0,0,0,0,0,0,0,0,0,0,0,0.93381,0.28481,0,0,0.48096,0.0579,0.44686,0.48144,0.84336,0.75939,0.80508,0.53049,1.20824,0.57507,0.86205,0,0,0,0,0,0,0,0,0,0,0,0,0,0,0,0,0,0,0,0,0,0,0,0,0,0,0,0,0,0,0,0.53049,0.00825283,0.00275094,0.00825283,0.00275094,0.00825283,0.00275094,0.00825283,0.00275094
525,83846.3,1.23239,0.61796,0.865,0,0,0,0,0,0,0.10435,0.00185,0.0002,0,0,0,0,0,0,0,0,0,0,0,0,0,0,0.91721,0.28118,0,0,0.48109,0.05794,0.44627,0.48156,0.84315,0.75895,0.80439,0.53062,1.20732,0.57473,0.86194,0,0,0,0,0,0,0,0,0,0,0,0,0,0,0,0,0,0,0,0,0,0,0,0,0,0,0,0,0,0,0,0.53062,0.00820124,0.00273375,0.00820124,0.00273375,0.00820124,0.00273375,0.00820124,0.00273375
526,84164.7,1.23609,0.61863,0.86352,0,0,0,0,0,0,0.10574,0.00184,0.00013,5e-05,0,0,0,0,0,0,0,0,0,0,0,0,0,0.97408,0.28156,0,0,0.48102,0.05788,0.44583,0.48149,0.84217,0.76173,0.80485,0.5306,1.20776,0.57449,0.86195,0,0,0,0,0,0,0,0,0,0,0,0,0,0,0,0,0,0,0,0,0,0,0,0,0,0,0,0,0,0,0,0.5306,0.00814976,0.00271659,0.00814976,0.00271659,0.00814976,0.00271659,0.00814976,0.00271659
527,84485.4,1.22938,0.61715,0.86228,0,0,0,0,0,0,0.10639,0.00184,0.0002,0,0,0,0,0,0,0,0,0,0,0,0,0,0,0.91285,0.28152,0,0,0.48101,0.05791,0.44643,0.48149,0.84284,0.76115,0.80536,0.53082,1.20712,0.57423,0.86192,0,0,0,0,0,0,0,0,0,0,0,0,0,0,0,0,0,0,0,0,0,0,0,0,0,0,0,0,0,0,0,0.53082,0.00809838,0.00269946,0.00809838,0.00269946,0.00809838,0.00269946,0.00809838,0.00269946
528,84805.2,1.22999,0.61569,0.85938,0,0,0,0,0,0,0.10671,0.00184,0.00018,1e-05,0,0,0,0,0,0,0,0,0,0,0,0,0,0.90455,0.28064,0,0,0.48105,0.05791,0.44732,0.48151,0.84386,0.76143,0.80565,0.53117,1.20667,0.57385,0.86186,0,0,0,0,0,0,0,0,0,0,0,0,0,0,0,0,0,0,0,0,0,0,0,0,0,0,0,0,0,0,0,0.53117,0.00804712,0.00268237,0.00804712,0.00268237,0.00804712,0.00268237,0.00804712,0.00268237
529,85077.9,1.23044,0.61547,0.85989,0,0,0,0,0,0,0.10437,0.00184,0.00016,0,0,0,0,0,0,0,0,0,0,0,0,0,0,0.93068,0.28134,0,0,0.48103,0.05792,0.44667,0.4815,0.84303,0.76183,0.80581,0.53153,1.20584,0.57301,0.86165,0,0,0,0,0,0,0,0,0,0,0,0,0,0,0,0,0,0,0,0,0,0,0,0,0,0,0,0,0,0,0,0.53153,0.00799596,0.00266532,0.00799596,0.00266532,0.00799596,0.00266532,0.00799596,0.00266532
530,85364.6,1.22838,0.61633,0.86301,0,0,0,0,0,0,0.10464,0.00184,0.00016,0,0,0,0,0,0,0,0,0,0,0,0,0,0,0.99384,0.28165,0,0,0.48101,0.05794,0.4459,0.48148,0.84393,0.76327,0.8067,0.53204,1.20533,0.57261,0.86155,0,0,0,0,0,0,0,0,0,0,0,0,0,0,0,0,0,0,0,0,0,0,0,0,0,0,0,0,0,0,0,0.53204,0.00794491,0.0026483,0.00794491,0.0026483,0.00794491,0.0026483,0.00794491,0.0026483
531,85645.5,1.22734,0.61557,0.8623,0,0,0,0,0,0,0.10571,0.00183,0.00019,0,0,0,0,0,0,0,0,0,0,0,0,0,0,0.9315,0.27825,0,0,0.48102,0.05792,0.44645,0.4815,0.84491,0.7637,0.80739,0.53258,1.20403,0.57218,0.86146,0,0,0,0,0,0,0,0,0,0,0,0,0,0,0,0,0,0,0,0,0,0,0,0,0,0,0,0,0,0,0,0.53258,0.00789397,0.00263132,0.00789397,0.00263132,0.00789397,0.00263132,0.00789397,0.00263132
532,85926.1,1.22924,0.61802,0.86152,0,0,0,0,0,0,0.10548,0.00183,0.00019,0,0,0,0,0,0,0,0,0,0,0,0,0,0,0.91815,0.27745,0,0,0.48101,0.05792,0.44582,0.4815,0.84488,0.76315,0.80698,0.53346,1.20268,0.57162,0.86125,0,0,0,0,0,0,0,0,0,0,0,0,0,0,0,0,0,0,0,0,0,0,0,0,0,0,0,0,0,0,0,0.53346,0.00784315,0.00261438,0.00784315,0.00261438,0.00784315,0.00261438,0.00784315,0.00261438
533,86206,1.22714,0.6164,0.86282,0,0,0,0,0,0,0.10456,0.00184,0.00013,0,0,0,0,0,0,0,0,0,0,0,0,0,0,0.92187,0.27565,0,0,0.481,0.05789,0.44604,0.48146,0.84605,0.76277,0.80696,0.53368,1.20242,0.57125,0.86121,0,0,0,0,0,0,0,0,0,0,0,0,0,0,0,0,0,0,0,0,0,0,0,0,0,0,0,0,0,0,0,0.53368,0.00779244,0.00259748,0.00779244,0.00259748,0.00779244,0.00259748,0.00779244,0.00259748
534,86479,1.23356,0.61542,0.86044,0,0,0,0,0,0,0.10451,0.00183,0.0002,0,0,0,0,0,0,0,0,0,0,0,0,0,0,0.93329,0.27504,0,0,0.48104,0.05793,0.44613,0.48153,0.84734,0.76261,0.80853,0.53433,1.20232,0.57091,0.86115,0,0,0,0,0,0,0,0,0,0,0,0,0,0,0,0,0,0,0,0,0,0,0,0,0,0,0,0,0,0,0,0.53433,0.00774184,0.00258061,0.00774184,0.00258061,0.00774184,0.00258061,0.00774184,0.00258061
535,86744.6,1.2228,0.61629,0.86042,0,0,0,0,0,0,0.10441,0.00183,0.00016,0,0,0,0,0,0,0,0,0,0,0,0,0,0,0.95187,0.2742,0,0,0.48106,0.05792,0.44615,0.48154,0.84617,0.7623,0.80844,0.5343,1.20176,0.57019,0.86108,0,0,0,0,0,0,0,0,0,0,0,0,0,0,0,0,0,0,0,0,0,0,0,0,0,0,0,0,0,0,0,0.5343,0.00769136,0.00256379,0.00769136,0.00256379,0.00769136,0.00256379,0.00769136,0.00256379
536,87018.2,1.22691,0.6145,0.8617,0,0,0,0,0,0,0.10377,0.00183,0.00022,0,0,0,0,0,0,0,0,0,0,0,0,0,0,0.96887,0.27295,0,0,0.48099,0.05788,0.44566,0.48147,0.84486,0.76425,0.80917,0.53433,1.20187,0.57024,0.86099,0,0,0,0,0,0,0,0,0,0,0,0,0,0,0,0,0,0,0,0,0,0,0,0,0,0,0,0,0,0,0,0.53433,0.00764099,0.002547,0.00764099,0.002547,0.00764099,0.002547,0.00764099,0.002547
537,87294.2,1.22101,0.61189,0.86248,0,0,0,0,0,0,0.1051,0.00182,0.00017,0,0,0,0,0,0,0,0,0,0,0,0,0,0,0.91332,0.27335,0,0,0.48097,0.0579,0.44552,0.48145,0.84524,0.76527,0.80951,0.53494,1.20058,0.56987,0.8609,0,0,0,0,0,0,0,0,0,0,0,0,0,0,0,0,0,0,0,0,0,0,0,0,0,0,0,0,0,0,0,0.53494,0.00759073,0.00253024,0.00759073,0.00253024,0.00759073,0.00253024,0.00759073,0.00253024
538,87562.9,1.21349,0.6063,0.85742,0,0,0,0,0,0,0.10409,0.00182,0.00014,0,0,0,0,0,0,0,0,0,0,0,0,0,0,0.93655,0.27383,0,0,0.48101,0.05792,0.44648,0.48149,0.84508,0.76455,0.80869,0.53531,1.20043,0.56924,0.86082,0,0,0,0,0,0,0,0,0,0,0,0,0,0,0,0,0,0,0,0,0,0,0,0,0,0,0,0,0,0,0,0.53531,0.0075406,0.00251353,0.0075406,0.00251353,0.0075406,0.00251353,0.0075406,0.00251353
539,87839.9,1.21683,0.61313,0.8604,0,0,0,0,0,0,0.104,0.00182,0.00015,0,0,0,0,0,0,0,0,0,0,0,0,0,0,0.98906,0.27602,0,0,0.48109,0.05794,0.44635,0.48157,0.84594,0.76446,0.80927,0.53548,1.20007,0.56916,0.86075,0,0,0,0,0,0,0,0,0,0,0,0,0,0,0,0,0,0,0,0,0,0,0,0,0,0,0,0,0,0,0,0.53548,0.00749058,0.00249686,0.00749058,0.00249686,0.00749058,0.00249686,0.00749058,0.00249686
540,88135.8,1.21189,0.60676,0.85721,0,0,0,0,0,0,0.10303,0.00181,0.00014,0,0,0,0,0,0,0,0,0,0,0,0,0,0,0.95482,0.27228,0,0,0.48097,0.05792,0.44559,0.48146,0.84616,0.76581,0.8095,0.53559,1.19895,0.56845,0.8606,0,0,0,0,0,0,0,0,0,0,0,0,0,0,0,0,0,0,0,0,0,0,0,0,0,0,0,0,0,0,0,0.53559,0.00744068,0.00248023,0.00744068,0.00248023,0.00744068,0.00248023,0.00744068,0.00248023
541,88411.3,1.21057,0.60727,0.85916,0,0,0,0,0,0,0.104,0.00182,0.00014,2e-05,0,0,0,0,0,0,0,0,0,0,0,0,0,0.94454,0.27113,0,0,0.48099,0.0579,0.4462,0.48147,0.84782,0.76555,0.81002,0.53606,1.19804,0.568,0.86048,0,0,0,0,0,0,0,0,0,0,0,0,0,0,0,0,0,0,0,0,0,0,0,0,0,0,0,0,0,0,0,0.53606,0.0073909,0.00246363,0.0073909,0.00246363,0.0073909,0.00246363,0.0073909,0.00246363
542,88685.3,1.21461,0.60713,0.86182,0,0,0,0,0,0,0.10445,0.00182,0.00022,0,0,0,0,0,0,0,0,0,0,0,0,0,0,0.92685,0.27194,0,0,0.48103,0.05791,0.44609,0.48151,0.84745,0.76532,0.80989,0.536,1.1978,0.56827,0.86041,0,0,0,0,0,0,0,0,0,0,0,0,0,0,0,0,0,0,0,0,0,0,0,0,0,0,0,0,0,0,0,0.536,0.00734123,0.00244708,0.00734123,0.00244708,0.00734123,0.00244708,0.00734123,0.00244708
543,88970,1.21353,0.60705,0.85712,0,0,0,0,0,0,0.10399,0.00182,0.00021,3e-05,0,0,0,0,0,0,0,0,0,0,0,0,0,0.9307,0.27043,0,0,0.48103,0.05796,0.44559,0.48151,0.84712,0.76556,0.80992,0.53574,1.19771,0.56804,0.86039,0,0,0,0,0,0,0,0,0,0,0,0,0,0,0,0,0,0,0,0,0,0,0,0,0,0,0,0,0,0,0,0.53574,0.00729169,0.00243056,0.00729169,0.00243056,0.00729169,0.00243056,0.00729169,0.00243056
544,89238.6,1.21521,0.60678,0.85811,0,0,0,0,0,0,0.10473,0.00181,0.00012,0,0,0,0,0,0,0,0,0,0,0,0,0,0,0.96146,0.26974,0,0,0.48101,0.05791,0.44593,0.48149,0.84493,0.76571,0.80881,0.53611,1.19722,0.56767,0.86033,0,0,0,0,0,0,0,0,0,0,0,0,0,0,0,0,0,0,0,0,0,0,0,0,0,0,0,0,0,0,0,0.53611,0.00724227,0.00241409,0.00724227,0.00241409,0.00724227,0.00241409,0.00724227,0.00241409
545,89506.8,1.21153,0.60524,0.85917,0,0,0,0,0,0,0.10343,0.00181,0.00018,0,0,0,0,0,0,0,0,0,0,0,0,0,0,0.95801,0.27032,0,0,0.48104,0.05787,0.44604,0.48152,0.84582,0.76526,0.80933,0.53609,1.19613,0.56754,0.86017,0,0,0,0,0,0,0,0,0,0,0,0,0,0,0,0,0,0,0,0,0,0,0,0,0,0,0,0,0,0,0,0.53609,0.00719297,0.00239766,0.00719297,0.00239766,0.00719297,0.00239766,0.00719297,0.00239766
546,89779.9,1.20277,0.59925,0.8563,0,0,0,0,0,0,0.10374,0.00181,0.00012,0,0,0,0,0,0,0,0,0,0,0,0,0,0,0.91791,0.26736,0,0,0.48102,0.0579,0.44593,0.48149,0.84695,0.76511,0.80967,0.53676,1.19622,0.56714,0.86022,0,0,0,0,0,0,0,0,0,0,0,0,0,0,0,0,0,0,0,0,0,0,0,0,0,0,0,0,0,0,0,0.53676,0.0071438,0.00238127,0.0071438,0.00238127,0.0071438,0.00238127,0.0071438,0.00238127
547,90059.9,1.20466,0.60328,0.85867,0,0,0,0,0,0,0.10366,0.00181,0.00015,0,0,0,0,0,0,0,0,0,0,0,0,0,0,0.92434,0.2659,0,0,0.48101,0.05788,0.44633,0.48146,0.84694,0.76568,0.80953,0.53661,1.19673,0.56696,0.86025,0,0,0,0,0,0,0,0,0,0,0,0,0,0,0,0,0,0,0,0,0,0,0,0,0,0,0,0,0,0,0,0.53661,0.00709474,0.00236491,0.00709474,0.00236491,0.00709474,0.00236491,0.00709474,0.00236491
548,90329.5,1.21056,0.60608,0.85732,0,0,0,0,0,0,0.10306,0.0018,0.00014,1e-05,0,0,0,0,0,0,0,0,0,0,0,0,0,0.91907,0.26734,0,0,0.48099,0.05792,0.44609,0.48147,0.84563,0.7677,0.81088,0.53716,1.19663,0.56675,0.86019,0,0,0,0,0,0,0,0,0,0,0,0,0,0,0,0,0,0,0,0,0,0,0,0,0,0,0,0,0,0,0,0.53716,0.00704581,0.0023486,0.00704581,0.0023486,0.00704581,0.0023486,0.00704581,0.0023486
549,90610.7,1.20033,0.60129,0.85742,0,0,0,0,0,0,0.10288,0.0018,0.00012,1e-05,0,0,0,0,0,0,0,0,0,0,0,0,0,0.91611,0.2668,0,0,0.48094,0.05789,0.44626,0.48142,0.84508,0.76902,0.81127,0.53736,1.196,0.56656,0.86019,0,0,0,0,0,0,0,0,0,0,0,0,0,0,0,0,0,0,0,0,0,0,0,0,0,0,0,0,0,0,0,0.53736,0.00699701,0.00233234,0.00699701,0.00233234,0.00699701,0.00233234,0.00699701,0.00233234
550,90885.5,1.20199,0.60259,0.85719,0,0,0,0,0,0,0.10332,0.0018,0.00015,0,0,0,0,0,0,0,0,0,0,0,0,0,0,0.89608,0.26535,0,0,0.48102,0.05791,0.44684,0.48149,0.84457,0.76863,0.81053,0.53757,1.19531,0.56615,0.86006,0,0,0,0,0,0,0,0,0,0,0,0,0,0,0,0,0,0,0,0,0,0,0,0,0,0,0,0,0,0,0,0.53757,0.00694833,0.00231611,0.00694833,0.00231611,0.00694833,0.00231611,0.00694833,0.00231611
551,91160.7,1.20514,0.6027,0.85687,0,0,0,0,0,0,0.10333,0.00179,0.00022,3e-05,0,0,0,0,0,0,0,0,0,0,0,0,0,0.88053,0.26481,0,0,0.48097,0.05789,0.44619,0.48144,0.84434,0.76915,0.8107,0.53763,1.19416,0.56565,0.86003,0,0,0,0,0,0,0,0,0,0,0,0,0,0,0,0,0,0,0,0,0,0,0,0,0,0,0,0,0,0,0,0.53763,0.00689978,0.00229993,0.00689978,0.00229993,0.00689978,0.00229993,0.00689978,0.00229993
552,91443.3,1.19695,0.59541,0.85771,0,0,0,0,0,0,0.10373,0.00179,0.00012,0,0,0,0,0,0,0,0,0,0,0,0,0,0,0.8997,0.2644,0,0,0.48112,0.05793,0.4469,0.48156,0.84622,0.76928,0.81123,0.53824,1.19359,0.56528,0.85997,0,0,0,0,0,0,0,0,0,0,0,0,0,0,0,0,0,0,0,0,0,0,0,0,0,0,0,0,0,0,0,0.53824,0.00685136,0.00228379,0.00685136,0.00228379,0.00685136,0.00228379,0.00685136,0.00228379
553,91725.7,1.20524,0.60199,0.85556,0,0,0,0,0,0,0.10297,0.00179,0.00022,0,0,0,0,0,0,0,0,0,0,0,0,0,0,0.94001,0.26686,0,0,0.48103,0.05788,0.44625,0.48151,0.84829,0.76839,0.81185,0.53832,1.19402,0.56481,0.85998,0,0,0,0,0,0,0,0,0,0,0,0,0,0,0,0,0,0,0,0,0,0,0,0,0,0,0,0,0,0,0,0.53832,0.00680306,0.00226769,0.00680306,0.00226769,0.00680306,0.00226769,0.00680306,0.00226769
554,91999.5,1.20426,0.60146,0.85507,0,0,0,0,0,0,0.10389,0.00179,0.00011,0,0,0,0,0,0,0,0,0,0,0,0,0,0,0.93895,0.26445,0,0,0.48115,0.05792,0.44606,0.48163,0.84936,0.76911,0.81226,0.53837,1.1944,0.56451,0.85998,0,0,0,0,0,0,0,0,0,0,0,0,0,0,0,0,0,0,0,0,0,0,0,0,0,0,0,0,0,0,0,0.53837,0.00675489,0.00225163,0.00675489,0.00225163,0.00675489,0.00225163,0.00675489,0.00225163
555,92285.4,1.19906,0.60022,0.85516,0,0,0,0,0,0,0.10214,0.00179,0.00019,0,0,0,0,0,0,0,0,0,0,0,0,0,0,0.94772,0.26441,0,0,0.48096,0.05791,0.44551,0.48144,0.84771,0.76995,0.81236,0.53883,1.19408,0.56442,0.85996,0,0,0,0,0,0,0,0,0,0,0,0,0,0,0,0,0,0,0,0,0,0,0,0,0,0,0,0,0,0,0,0.53883,0.00670686,0.00223562,0.00670686,0.00223562,0.00670686,0.00223562,0.00670686,0.00223562
556,92571.4,1.18835,0.594,0.8561,0,0,0,0,0,0,0.10368,0.00179,0.00012,0,0,0,0,0,0,0,0,0,0,0,0,0,0,0.88753,0.26365,0,0,0.48097,0.05791,0.44617,0.48145,0.84684,0.76941,0.81173,0.53875,1.19381,0.5639,0.85993,0,0,0,0,0,0,0,0,0,0,0,0,0,0,0,0,0,0,0,0,0,0,0,0,0,0,0,0,0,0,0,0.53875,0.00665895,0.00221965,0.00665895,0.00221965,0.00665895,0.00221965,0.00665895,0.00221965
557,92844.1,1.19575,0.59598,0.85606,0,0,0,0,0,0,0.10194,0.00179,0.00014,0,0,0,0,0,0,0,0,0,0,0,0,0,0,0.94334,0.26507,0,0,0.48099,0.05792,0.44594,0.48147,0.85031,0.77017,0.8132,0.53937,1.19335,0.56395,0.85988,0,0,0,0,0,0,0,0,0,0,0,0,0,0,0,0,0,0,0,0,0,0,0,0,0,0,0,0,0,0,0,0.53937,0.00661117,0.00220372,0.00661117,0.00220372,0.00661117,0.00220372,0.00661117,0.00220372
558,93131,1.19169,0.59582,0.85468,0,0,0,0,0,0,0.10239,0.00178,0.00016,0,0,0,0,0,0,0,0,0,0,0,0,0,0,0.95258,0.26483,0,0,0.48105,0.05792,0.44698,0.48152,0.84923,0.76991,0.81295,0.53933,1.19284,0.56353,0.85979,0,0,0,0,0,0,0,0,0,0,0,0,0,0,0,0,0,0,0,0,0,0,0,0,0,0,0,0,0,0,0,0.53933,0.00656353,0.00218784,0.00656353,0.00218784,0.00656353,0.00218784,0.00656353,0.00218784
559,93406.6,1.18175,0.58911,0.85494,0,0,0,0,0,0,0.10225,0.00177,0.00013,0.0001,0,0,0,0,0,0,0,0,0,0,0,0,0,0.93835,0.26192,0,0,0.48101,0.05791,0.4464,0.48148,0.84804,0.7701,0.81277,0.53932,1.19317,0.56308,0.8598,0,0,0,0,0,0,0,0,0,0,0,0,0,0,0,0,0,0,0,0,0,0,0,0,0,0,0,0,0,0,0,0.53932,0.00651601,0.002172,0.00651601,0.002172,0.00651601,0.002172,0.00651601,0.002172
560,93674.8,1.18648,0.59206,0.85369,0,0,0,0,0,0,0.10186,0.00177,0.0002,0,0,0,0,0,0,0,0,0,0,0,0,0,0,0.88342,0.2619,0,0,0.48104,0.0579,0.44644,0.48151,0.84637,0.77057,0.81342,0.54008,1.1924,0.56291,0.85969,0,0,0,0,0,0,0,0,0,0,0,0,0,0,0,0,0,0,0,0,0,0,0,0,0,0,0,0,0,0,0,0.54008,0.00646863,0.00215621,0.00646863,0.00215621,0.00646863,0.00215621,0.00646863,0.00215621
561,93956.6,1.18466,0.58946,0.8534,0,0,0,0,0,0,0.10268,0.00177,0.00016,0,0,0,0,0,0,0,0,0,0,0,0,0,0,0.92785,0.26147,0,0,0.48104,0.05792,0.44618,0.48152,0.84669,0.77147,0.81394,0.54018,1.19179,0.56218,0.85957,0,0,0,0,0,0,0,0,0,0,0,0,0,0,0,0,0,0,0,0,0,0,0,0,0,0,0,0,0,0,0,0.54018,0.00642139,0.00214046,0.00642139,0.00214046,0.00642139,0.00214046,0.00642139,0.00214046
562,94223.4,1.18568,0.59268,0.85358,0,0,0,0,0,0,0.10241,0.00177,0.00015,0,0,0,0,0,0,0,0,0,0,0,0,0,0,0.94009,0.25982,0,0,0.48102,0.0579,0.44597,0.48152,0.84906,0.7712,0.81447,0.54012,1.19066,0.56134,0.85944,0,0,0,0,0,0,0,0,0,0,0,0,0,0,0,0,0,0,0,0,0,0,0,0,0,0,0,0,0,0,0,0.54012,0.00637428,0.00212476,0.00637428,0.00212476,0.00637428,0.00212476,0.00637428,0.00212476
563,94491.5,1.1793,0.59242,0.85244,0,0,0,0,0,0,0.10124,0.00176,0.00014,8e-05,0,0,0,0,0,0,0,0,0,0,0,0,0,0.92529,0.25944,0,0,0.48105,0.05794,0.4458,0.4815,0.84954,0.7719,0.81454,0.54096,1.1891,0.56096,0.85913,0,0,0,0,0,0,0,0,0,0,0,0,0,0,0,0,0,0,0,0,0,0,0,0,0,0,0,0,0,0,0,0.54096,0.0063273,0.0021091,0.0063273,0.0021091,0.0063273,0.0021091,0.0063273,0.0021091
564,94761.8,1.17895,0.58551,0.85232,0,0,0,0,0,0,0.10099,0.00177,0.00016,1e-05,0,0,0,0,0,0,0,0,0,0,0,0,0,0.90231,0.25969,0,0,0.48107,0.05791,0.44647,0.48154,0.84918,0.77136,0.81472,0.54117,1.18811,0.56045,0.85907,0,0,0,0,0,0,0,0,0,0,0,0,0,0,0,0,0,0,0,0,0,0,0,0,0,0,0,0,0,0,0,0.54117,0.00628046,0.00209349,0.00628046,0.00209349,0.00628046,0.00209349,0.00628046,0.00209349
565,95035.6,1.18073,0.58888,0.85351,0,0,0,0,0,0,0.1009,0.00177,0.00017,0,0,0,0,0,0,0,0,0,0,0,0,0,0,0.87322,0.2583,0,0,0.48105,0.05793,0.44596,0.48153,0.85027,0.77134,0.81535,0.54148,1.18769,0.56002,0.85915,0,0,0,0,0,0,0,0,0,0,0,0,0,0,0,0,0,0,0,0,0,0,0,0,0,0,0,0,0,0,0,0.54148,0.00623376,0.00207792,0.00623376,0.00207792,0.00623376,0.00207792,0.00623376,0.00207792
566,95306.6,1.17367,0.58719,0.85475,0,0,0,0,0,0,0.10145,0.00176,0.0002,1e-05,0,0,0,0,0,0,0,0,0,0,0,0,0,0.86974,0.25974,0,0,0.48098,0.05784,0.44597,0.48146,0.85324,0.77079,0.81622,0.54176,1.18766,0.55957,0.85897,0,0,0,0,0,0,0,0,0,0,0,0,0,0,0,0,0,0,0,0,0,0,0,0,0,0,0,0,0,0,0,0.54176,0.00618719,0.0020624,0.00618719,0.0020624,0.00618719,0.0020624,0.00618719,0.0020624
567,95582.2,1.18346,0.58898,0.8534,0,0,0,0,0,0,0.10139,0.00176,0.00018,0,0,0,0,0,0,0,0,0,0,0,0,0,0,0.87784,0.26021,0,0,0.481,0.0579,0.44635,0.48147,0.85353,0.76941,0.81545,0.54183,1.1876,0.55939,0.8589,0,0,0,0,0,0,0,0,0,0,0,0,0,0,0,0,0,0,0,0,0,0,0,0,0,0,0,0,0,0,0,0.54183,0.00614077,0.00204692,0.00614077,0.00204692,0.00614077,0.00204692,0.00614077,0.00204692
568,95868.8,1.17532,0.58655,0.85057,0,0,0,0,0,0,0.10094,0.00176,0.00012,0,0,0,0,0,0,0,0,0,0,0,0,0,0,0.94288,0.25937,0,0,0.48103,0.05792,0.44594,0.4815,0.85293,0.77106,0.81619,0.54173,1.18751,0.55891,0.85878,0,0,0,0,0,0,0,0,0,0,0,0,0,0,0,0,0,0,0,0,0,0,0,0,0,0,0,0,0,0,0,0.54173,0.00609448,0.00203149,0.00609448,0.00203149,0.00609448,0.00203149,0.00609448,0.00203149
569,96144.4,1.17305,0.58486,0.85177,0,0,0,0,0,0,0.10096,0.00177,0.0002,1e-05,0,0,0,0,0,0,0,0,0,0,0,0,0,0.94875,0.25876,0,0,0.48106,0.05793,0.44618,0.48154,0.85282,0.77218,0.81709,0.54189,1.18748,0.5584,0.85881,0,0,0,0,0,0,0,0,0,0,0,0,0,0,0,0,0,0,0,0,0,0,0,0,0,0,0,0,0,0,0,0.54189,0.00604833,0.00201611,0.00604833,0.00201611,0.00604833,0.00201611,0.00604833,0.00201611
570,96421,1.1738,0.58341,0.85556,0,0,0,0,0,0,0.09978,0.00176,0.00016,0,0,0,0,0,0,0,0,0,0,0,0,0,0,0.93958,0.25895,0,0,0.48095,0.05789,0.44664,0.48143,0.85323,0.77331,0.81779,0.54313,1.18608,0.55801,0.85855,0,0,0,0,0,0,0,0,0,0,0,0,0,0,0,0,0,0,0,0,0,0,0,0,0,0,0,0,0,0,0,0.54313,0.00600232,0.00200077,0.00600232,0.00200077,0.00600232,0.00200077,0.00600232,0.00200077
571,96696.9,1.16769,0.58183,0.85178,0,0,0,0,0,0,0.1015,0.00176,0.00021,5e-05,0,0,0,0,0,0,0,0,0,0,0,0,0,1.00304,0.2575,0,0,0.48097,0.0579,0.44671,0.48144,0.85306,0.77292,0.81779,0.54325,1.18636,0.55805,0.85848,0,0,0,0,0,0,0,0,0,0,0,0,0,0,0,0,0,0,0,0,0,0,0,0,0,0,0,0,0,0,0,0.54325,0.00595645,0.00198548,0.00595645,0.00198548,0.00595645,0.00198548,0.00595645,0.00198548
572,96971.8,1.16591,0.58128,0.85193,0,0,0,0,0,0,0.10066,0.00176,0.0002,3e-05,0,0,0,0,0,0,0,0,0,0,0,0,0,0.96332,0.25529,0,0,0.48099,0.0579,0.44599,0.48147,0.85365,0.77185,0.81785,0.5435,1.18609,0.55767,0.85836,0,0,0,0,0,0,0,0,0,0,0,0,0,0,0,0,0,0,0,0,0,0,0,0,0,0,0,0,0,0,0,0.5435,0.00591073,0.00197024,0.00591073,0.00197024,0.00591073,0.00197024,0.00591073,0.00197024
573,97240.2,1.16574,0.58182,0.85012,0,0,0,0,0,0,0.09948,0.00175,0.00013,0,0,0,0,0,0,0,0,0,0,0,0,0,0,0.95022,0.25613,0,0,0.481,0.05793,0.44522,0.48149,0.85375,0.77233,0.81819,0.54312,1.18623,0.55774,0.85829,0,0,0,0,0,0,0,0,0,0,0,0,0,0,0,0,0,0,0,0,0,0,0,0,0,0,0,0,0,0,0,0.54312,0.00586515,0.00195505,0.00586515,0.00195505,0.00586515,0.00195505,0.00586515,0.00195505
574,97519.6,1.17563,0.58488,0.8498,0,0,0,0,0,0,0.1002,0.00175,0.00012,0,0,0,0,0,0,0,0,0,0,0,0,0,0,0.90465,0.25478,0,0,0.48099,0.05793,0.44538,0.48148,0.85374,0.7727,0.81798,0.54334,1.18573,0.55731,0.8582,0,0,0,0,0,0,0,0,0,0,0,0,0,0,0,0,0,0,0,0,0,0,0,0,0,0,0,0,0,0,0,0.54334,0.00581971,0.0019399,0.00581971,0.0019399,0.00581971,0.0019399,0.00581971,0.0019399
575,97654.7,1.16095,0.58019,0.84853,0,0,0,0,0,0,0.10008,0.00174,0.00013,1e-05,0,0,0,0,0,0,0,0,0,0,0,0,0,0.89136,0.25352,0,0,0.48104,0.0579,0.44645,0.48151,0.85273,0.77367,0.81839,0.54358,1.18491,0.55672,0.85808,0,0,0,0,0,0,0,0,0,0,0,0,0,0,0,0,0,0,0,0,0,0,0,0,0,0,0,0,0,0,0,0.54358,0.00577441,0.0019248,0.00577441,0.0019248,0.00577441,0.0019248,0.00577441,0.0019248
576,97770.4,1.17005,0.5862,0.85129,0,0,0,0,0,0,0.09956,0.00174,0.00012,0,0,0,0,0,0,0,0,0,0,0,0,0,0,0.85468,0.25178,0,0,0.48098,0.05791,0.44608,0.48146,0.85544,0.77232,0.81861,0.54394,1.18532,0.5565,0.85803,0,0,0,0,0,0,0,0,0,0,0,0,0,0,0,0,0,0,0,0,0,0,0,0,0,0,0,0,0,0,0,0.54394,0.00572926,0.00190975,0.00572926,0.00190975,0.00572926,0.00190975,0.00572926,0.00190975
577,97891.2,1.16146,0.57418,0.85055,0,0,0,0,0,0,0.09974,0.00174,0.00013,0,0,0,0,0,0,0,0,0,0,0,0,0,0,0.82421,0.25146,0,0,0.48105,0.05788,0.44682,0.48153,0.85494,0.77358,0.81889,0.54364,1.18527,0.55612,0.85815,0,0,0,0,0,0,0,0,0,0,0,0,0,0,0,0,0,0,0,0,0,0,0,0,0,0,0,0,0,0,0,0.54364,0.00568425,0.00189475,0.00568425,0.00189475,0.00568425,0.00189475,0.00568425,0.00189475
578,98011.8,1.16547,0.57848,0.85215,0,0,0,0,0,0,0.10009,0.00174,0.00016,0,0,0,0,0,0,0,0,0,0,0,0,0,0,0.87636,0.25321,0,0,0.48101,0.05793,0.44616,0.48148,0.85412,0.77381,0.81911,0.54352,1.18541,0.55626,0.85799,0,0,0,0,0,0,0,0,0,0,0,0,0,0,0,0,0,0,0,0,0,0,0,0,0,0,0,0,0,0,0,0.54352,0.00563939,0.0018798,0.00563939,0.0018798,0.00563939,0.0018798,0.00563939,0.0018798
579,98127.2,1.15844,0.57438,0.84991,0,0,0,0,0,0,0.09841,0.00173,0.00018,1e-05,0,0,0,0,0,0,0,0,0,0,0,0,0,0.94945,0.25407,0,0,0.48099,0.05787,0.44582,0.48147,0.85438,0.77368,0.81951,0.54336,1.18569,0.556,0.85799,0,0,0,0,0,0,0,0,0,0,0,0,0,0,0,0,0,0,0,0,0,0,0,0,0,0,0,0,0,0,0,0.54336,0.00559468,0.00186489,0.00559468,0.00186489,0.00559468,0.00186489,0.00559468,0.00186489
580,98240.9,1.16166,0.5805,0.84816,0,0,0,0,0,0,0.09968,0.00174,0.00016,0,0,0,0,0,0,0,0,0,0,0,0,0,0,0.97168,0.25391,0,0,0.48106,0.05793,0.44598,0.48154,0.855,0.77424,0.81986,0.54436,1.185,0.55538,0.85784,0,0,0,0,0,0,0,0,0,0,0,0,0,0,0,0,0,0,0,0,0,0,0,0,0,0,0,0,0,0,0,0.54436,0.00555011,0.00185004,0.00555011,0.00185004,0.00555011,0.00185004,0.00555011,0.00185004
581,98354.6,1.15476,0.57582,0.84916,0,0,0,0,0,0,0.09856,0.00173,0.00013,0,0,0,0,0,0,0,0,0,0,0,0,0,0,0.88976,0.25252,0,0,0.4811,0.05796,0.446,0.48159,0.85542,0.77439,0.82023,0.54446,1.18459,0.55508,0.85777,0,0,0,0,0,0,0,0,0,0,0,0,0,0,0,0,0,0,0,0,0,0,0,0,0,0,0,0,0,0,0,0.54446,0.0055057,0.00183523,0.0055057,0.00183523,0.0055057,0.00183523,0.0055057,0.00183523
582,98597.4,1.15734,0.57129,0.84945,0,0,0,0,0,0,0.09886,0.00172,0.00019,1e-05,0,0,0,0,0,0,0,0,0,0,0,0,0,0.91014,0.25227,0,0,0.48103,0.05789,0.44644,0.48151,0.85586,0.7745,0.82055,0.54509,1.18513,0.55488,0.85774,0,0,0,0,0,0,0,0,0,0,0,0,0,0,0,0,0,0,0,0,0,0,0,0,0,0,0,0,0,0,0,0.54509,0.00546143,0.00182048,0.00546143,0.00182048,0.00546143,0.00182048,0.00546143,0.00182048
583,98845.7,1.15948,0.57421,0.84993,0,0,0,0,0,0,0.10009,0.00172,0.00021,0,0,0,0,0,0,0,0,0,0,0,0,0,0,0.91765,0.25076,0,0,0.48107,0.0579,0.44702,0.48154,0.85492,0.77631,0.82183,0.5454,1.18476,0.55462,0.85771,0,0,0,0,0,0,0,0,0,0,0,0,0,0,0,0,0,0,0,0,0,0,0,0,0,0,0,0,0,0,0,0.5454,0.00541731,0.00180577,0.00541731,0.00180577,0.00541731,0.00180577,0.00541731,0.00180577
584,99088.3,1.15488,0.57272,0.8517,0,0,0,0,0,0,0.10004,0.00172,0.00013,0,0,0,0,0,0,0,0,0,0,0,0,0,0,0.88972,0.24907,0,0,0.48105,0.05794,0.44602,0.48153,0.85553,0.77538,0.82126,0.54528,1.18416,0.55437,0.85762,0,0,0,0,0,0,0,0,0,0,0,0,0,0,0,0,0,0,0,0,0,0,0,0,0,0,0,0,0,0,0,0.54528,0.00537334,0.00179111,0.00537334,0.00179111,0.00537334,0.00179111,0.00537334,0.00179111
585,99332.3,1.1517,0.57416,0.8439,0,0,0,0,0,0,0.09973,0.00172,0.00012,0,0,0,0,0,0,0,0,0,0,0,0,0,0,0.87763,0.24863,0,0,0.4811,0.05797,0.44567,0.48158,0.85417,0.77579,0.82123,0.54542,1.18323,0.55375,0.85749,0,0,0,0,0,0,0,0,0,0,0,0,0,0,0,0,0,0,0,0,0,0,0,0,0,0,0,0,0,0,0,0.54542,0.00532952,0.00177651,0.00532952,0.00177651,0.00532952,0.00177651,0.00532952,0.00177651
586,99460.8,1.14843,0.57075,0.84957,0,0,0,0,0,0,0.09901,0.00172,0.0002,0,0,0,0,0,0,0,0,0,0,0,0,0,0,0.92247,0.25159,0,0,0.48101,0.0579,0.44557,0.48149,0.85638,0.77627,0.82191,0.54563,1.18198,0.55307,0.85734,0,0,0,0,0,0,0,0,0,0,0,0,0,0,0,0,0,0,0,0,0,0,0,0,0,0,0,0,0,0,0,0.54563,0.00528585,0.00176195,0.00528585,0.00176195,0.00528585,0.00176195,0.00528585,0.00176195
587,99688.6,1.14809,0.56905,0.84735,0,0,0,0,0,0,0.09957,0.00172,0.00013,7e-05,0,0,0,0,0,0,0,0,0,0,0,0,0,0.93359,0.24953,0,0,0.48097,0.05791,0.44578,0.48144,0.85577,0.7765,0.82218,0.54618,1.18145,0.55253,0.85728,0,0,0,0,0,0,0,0,0,0,0,0,0,0,0,0,0,0,0,0,0,0,0,0,0,0,0,0,0,0,0,0.54618,0.00524234,0.00174745,0.00524234,0.00174745,0.00524234,0.00174745,0.00524234,0.00174745
588,99939.8,1.14422,0.57243,0.84976,0,0,0,0,0,0,0.09852,0.00172,0.00013,2e-05,0,0,0,0,0,0,0,0,0,0,0,0,0,0.97321,0.24778,0,0,0.48103,0.05792,0.44627,0.48151,0.85719,0.77607,0.82186,0.54595,1.18068,0.55235,0.85717,0,0,0,0,0,0,0,0,0,0,0,0,0,0,0,0,0,0,0,0,0,0,0,0,0,0,0,0,0,0,0,0.54595,0.00519897,0.00173299,0.00519897,0.00173299,0.00519897,0.00173299,0.00519897,0.00173299
589,100189,1.1492,0.57148,0.84836,0,0,0,0,0,0,0.09856,0.00171,0.00023,2e-05,0,0,0,0,0,0,0,0,0,0,0,0,0,0.89268,0.24756,0,0,0.4811,0.0579,0.44682,0.48156,0.85745,0.77488,0.8211,0.54596,1.18029,0.55237,0.85701,0,0,0,0,0,0,0,0,0,0,0,0,0,0,0,0,0,0,0,0,0,0,0,0,0,0,0,0,0,0,0,0.54596,0.00515576,0.00171859,0.00515576,0.00171859,0.00515576,0.00171859,0.00515576,0.00171859
590,100434,1.14297,0.56764,0.84552,0,0,0,0,0,0,0.09915,0.00171,0.00016,0,0,0,0,0,0,0,0,0,0,0,0,0,0,0.91444,0.24724,0,0,0.48106,0.05793,0.44728,0.48154,0.85496,0.77647,0.82109,0.54634,1.17932,0.55152,0.85691,0,0,0,0,0,0,0,0,0,0,0,0,0,0,0,0,0,0,0,0,0,0,0,0,0,0,0,0,0,0,0,0.54634,0.00511271,0.00170424,0.00511271,0.00170424,0.00511271,0.00170424,0.00511271,0.00170424
591,100614,1.14554,0.57026,0.8462,0,0,0,0,0,0,0.09912,0.00171,0.00012,0,0,0,0,0,0,0,0,0,0,0,0,0,0,0.93862,0.2467,0,0,0.48094,0.05793,0.44609,0.48142,0.85354,0.77676,0.82121,0.54671,1.17957,0.55153,0.85688,0,0,0,0,0,0,0,0,0,0,0,0,0,0,0,0,0,0,0,0,0,0,0,0,0,0,0,0,0,0,0,0.54671,0.00506981,0.00168994,0.00506981,0.00168994,0.00506981,0.00168994,0.00506981,0.00168994
592,100863,1.1362,0.56385,0.84705,0,0,0,0,0,0,0.09888,0.0017,0.00014,0,0,0,0,0,0,0,0,0,0,0,0,0,0,0.93036,0.24492,0,0,0.48108,0.05798,0.44681,0.48156,0.85438,0.7771,0.82144,0.54683,1.17928,0.55142,0.85682,0,0,0,0,0,0,0,0,0,0,0,0,0,0,0,0,0,0,0,0,0,0,0,0,0,0,0,0,0,0,0,0.54683,0.00502706,0.00167569,0.00502706,0.00167569,0.00502706,0.00167569,0.00502706,0.00167569
593,101110,1.14116,0.5699,0.84844,0,0,0,0,0,0,0.0985,0.0017,0.00014,0,0,0,0,0,0,0,0,0,0,0,0,0,0,0.94417,0.24437,0,0,0.48101,0.05788,0.44629,0.48147,0.85564,0.77657,0.82185,0.54696,1.17886,0.55118,0.85673,0,0,0,0,0,0,0,0,0,0,0,0,0,0,0,0,0,0,0,0,0,0,0,0,0,0,0,0,0,0,0,0.54696,0.00498448,0.00166149,0.00498448,0.00166149,0.00498448,0.00166149,0.00498448,0.00166149
594,101360,1.13468,0.56661,0.84662,0,0,0,0,0,0,0.09792,0.0017,0.00024,0,0,0,0,0,0,0,0,0,0,0,0,0,0,0.88667,0.24175,0,0,0.48101,0.05786,0.44635,0.48148,0.85481,0.77775,0.82239,0.5474,1.17812,0.55087,0.85658,0,0,0,0,0,0,0,0,0,0,0,0,0,0,0,0,0,0,0,0,0,0,0,0,0,0,0,0,0,0,0,0.5474,0.00494204,0.00164735,0.00494204,0.00164735,0.00494204,0.00164735,0.00494204,0.00164735
595,101563,1.14067,0.56787,0.845,0,0,0,0,0,0,0.09816,0.0017,0.00014,1e-05,0,0,0,0,0,0,0,0,0,0,0,0,0,0.92961,0.24381,0,0,0.48106,0.05794,0.44698,0.48153,0.85517,0.77726,0.82224,0.54729,1.17806,0.5506,0.85657,0,0,0,0,0,0,0,0,0,0,0,0,0,0,0,0,0,0,0,0,0,0,0,0,0,0,0,0,0,0,0,0.54729,0.00489977,0.00163326,0.00489977,0.00163326,0.00489977,0.00163326,0.00489977,0.00163326
596,101802,1.13385,0.56738,0.84851,0,0,0,0,0,0,0.0981,0.0017,0.00013,2e-05,0,0,0,0,0,0,0,0,0,0,0,0,0,0.90685,0.24315,0,0,0.48106,0.05791,0.44768,0.48152,0.85454,0.77819,0.82249,0.54803,1.17774,0.5503,0.8565,0,0,0,0,0,0,0,0,0,0,0,0,0,0,0,0,0,0,0,0,0,0,0,0,0,0,0,0,0,0,0,0.54803,0.00485765,0.00161922,0.00485765,0.00161922,0.00485765,0.00161922,0.00485765,0.00161922
597,102049,1.13112,0.56484,0.84286,0,0,0,0,0,0,0.09916,0.0017,0.00012,0,0,0,0,0,0,0,0,0,0,0,0,0,0,0.92115,0.2449,0,0,0.48107,0.05792,0.44706,0.48153,0.85498,0.77729,0.82208,0.54832,1.17774,0.54988,0.85647,0,0,0,0,0,0,0,0,0,0,0,0,0,0,0,0,0,0,0,0,0,0,0,0,0,0,0,0,0,0,0,0.54832,0.00481569,0.00160523,0.00481569,0.00160523,0.00481569,0.00160523,0.00481569,0.00160523
598,102292,1.1333,0.56248,0.84565,0,0,0,0,0,0,0.09836,0.00171,0.00013,0,0,0,0,0,0,0,0,0,0,0,0,0,0,0.88777,0.24318,0,0,0.48092,0.05789,0.44632,0.48141,0.8562,0.77821,0.82301,0.54889,1.17745,0.54938,0.85645,0,0,0,0,0,0,0,0,0,0,0,0,0,0,0,0,0,0,0,0,0,0,0,0,0,0,0,0,0,0,0,0.54889,0.0047739,0.0015913,0.0047739,0.0015913,0.0047739,0.0015913,0.0047739,0.0015913
599,102539,1.13072,0.56247,0.84301,0,0,0,0,0,0,0.09829,0.0017,0.00014,0,0,0,0,0,0,0,0,0,0,0,0,0,0,0.8772,0.24233,0,0,0.48104,0.05792,0.44742,0.48151,0.85735,0.7775,0.82329,0.54906,1.17698,0.54918,0.85634,0,0,0,0,0,0,0,0,0,0,0,0,0,0,0,0,0,0,0,0,0,0,0,0,0,0,0,0,0,0,0,0.54906,0.00473226,0.00157742,0.00473226,0.00157742,0.00473226,0.00157742,0.00473226,0.00157742
600,102782,1.13513,0.56368,0.84604,0,0,0,0,0,0,0.09725,0.00169,0.00012,0,0,0,0,0,0,0,0,0,0,0,0,0,0,0.8559,0.24181,0,0,0.48102,0.05791,0.44608,0.4815,0.85728,0.77859,0.82387,0.54932,1.17676,0.5488,0.85625,0,0,0,0,0,0,0,0,0,0,0,0,0,0,0,0,0,0,0,0,0,0,0,0,0,0,0,0,0,0,0,0.54932,0.00469078,0.00156359,0.00469078,0.00156359,0.00469078,0.00156359,0.00469078,0.00156359
601,103041,1.12539,0.55902,0.84419,0,0,0,0,0,0,0.09764,0.00169,0.0002,0,0,0,0,0,0,0,0,0,0,0,0,0,0,0.89574,0.24212,0,0,0.48099,0.05787,0.4455,0.48147,0.85916,0.77823,0.82463,0.54949,1.17519,0.54828,0.85608,0,0,0,0,0,0,0,0,0,0,0,0,0,0,0,0,0,0,0,0,0,0,0,0,0,0,0,0,0,0,0,0.54949,0.00464946,0.00154982,0.00464946,0.00154982,0.00464946,0.00154982,0.00464946,0.00154982
602,103291,1.12501,0.55627,0.84368,0,0,0,0,0,0,0.09745,0.00169,0.00012,0,0,0,0,0,0,0,0,0,0,0,0,0,0,0.95813,0.24162,0,0,0.48102,0.0579,0.44555,0.4815,0.85924,0.77673,0.8247,0.54941,1.17428,0.54798,0.85595,0,0,0,0,0,0,0,0,0,0,0,0,0,0,0,0,0,0,0,0,0,0,0,0,0,0,0,0,0,0,0,0.54941,0.00460831,0.0015361,0.00460831,0.0015361,0.00460831,0.0015361,0.00460831,0.0015361
603,103537,1.12792,0.57064,0.84437,0,0,0,0,0,0,0.09777,0.00169,0.00014,4e-05,0,0,0,0,0,0,0,0,0,0,0,0,0,0.92673,0.24112,0,0,0.48097,0.05791,0.44693,0.48145,0.85901,0.77931,0.8252,0.54975,1.17495,0.54777,0.85588,0,0,0,0,0,0,0,0,0,0,0,0,0,0,0,0,0,0,0,0,0,0,0,0,0,0,0,0,0,0,0,0.54975,0.00456732,0.00152244,0.00456732,0.00152244,0.00456732,0.00152244,0.00456732,0.00152244
604,103776,1.11565,0.554,0.84254,0,0,0,0,0,0,0.09702,0.00169,0.00013,2e-05,0,0,0,0,0,0,0,0,0,0,0,0,0,0.92088,0.2403,0,0,0.48097,0.05793,0.44539,0.48146,0.85899,0.7788,0.82522,0.55036,1.174,0.54693,0.85573,0,0,0,0,0,0,0,0,0,0,0,0,0,0,0,0,0,0,0,0,0,0,0,0,0,0,0,0,0,0,0,0.55036,0.00452649,0.00150883,0.00452649,0.00150883,0.00452649,0.00150883,0.00452649,0.00150883
605,104027,1.12077,0.5557,0.84227,0,0,0,0,0,0,0.09686,0.00168,0.00013,3e-05,0,0,0,0,0,0,0,0,0,0,0,0,0,0.95216,0.24356,0,0,0.48096,0.0579,0.44605,0.48144,0.86047,0.77915,0.82542,0.55017,1.1733,0.54643,0.85569,0,0,0,0,0,0,0,0,0,0,0,0,0,0,0,0,0,0,0,0,0,0,0,0,0,0,0,0,0,0,0,0.55017,0.00448582,0.00149527,0.00448582,0.00149527,0.00448582,0.00149527,0.00448582,0.00149527
606,104274,1.12059,0.55703,0.8453,0,0,0,0,0,0,0.09755,0.00168,0.00012,5e-05,0,0,0,0,0,0,0,0,0,0,0,0,0,0.95305,0.24128,0,0,0.48097,0.0579,0.4467,0.48141,0.86057,0.77948,0.82572,0.55057,1.17274,0.54674,0.85559,0,0,0,0,0,0,0,0,0,0,0,0,0,0,0,0,0,0,0,0,0,0,0,0,0,0,0,0,0,0,0,0.55057,0.00444532,0.00148177,0.00444532,0.00148177,0.00444532,0.00148177,0.00444532,0.00148177
607,104530,1.12225,0.5574,0.84497,0,0,0,0,0,0,0.09667,0.00168,0.00021,2e-05,0,0,0,0,0,0,0,0,0,0,0,0,0,0.90868,0.23963,0,0,0.48099,0.05792,0.44624,0.48147,0.86131,0.77946,0.82598,0.55105,1.17223,0.5464,0.85552,0,0,0,0,0,0,0,0,0,0,0,0,0,0,0,0,0,0,0,0,0,0,0,0,0,0,0,0,0,0,0,0.55105,0.00440499,0.00146833,0.00440499,0.00146833,0.00440499,0.00146833,0.00440499,0.00146833
608,104772,1.10617,0.55299,0.84423,0,0,0,0,0,0,0.09684,0.00168,0.00015,0.0001,0,0,0,0,0,0,0,0,0,0,0,0,0,0.91955,0.24047,0,0,0.48107,0.05797,0.44612,0.48155,0.86152,0.7797,0.82651,0.55145,1.17079,0.54596,0.85531,0,0,0,0,0,0,0,0,0,0,0,0,0,0,0,0,0,0,0,0,0,0,0,0,0,0,0,0,0,0,0,0.55145,0.00436482,0.00145494,0.00436482,0.00145494,0.00436482,0.00145494,0.00436482,0.00145494
609,105019,1.10474,0.54713,0.83989,0,0,0,0,0,0,0.09683,0.00168,0.00022,0,0,0,0,0,0,0,0,0,0,0,0,0,0,0.96839,0.24429,0,0,0.48102,0.0579,0.44655,0.48149,0.86032,0.77987,0.8268,0.5517,1.17037,0.54561,0.85528,0,0,0,0,0,0,0,0,0,0,0,0,0,0,0,0,0,0,0,0,0,0,0,0,0,0,0,0,0,0,0,0.5517,0.00432482,0.00144161,0.00432482,0.00144161,0.00432482,0.00144161,0.00432482,0.00144161
610,105275,1.10497,0.54976,0.84113,0,0,0,0,0,0,0.097,0.00168,0.0002,0,0,0,0,0,0,0,0,0,0,0,0,0,0,0.96657,0.24204,0,0,0.48104,0.05791,0.44747,0.48151,0.8604,0.78029,0.82731,0.55184,1.17084,0.54555,0.85529,0,0,0,0,0,0,0,0,0,0,0,0,0,0,0,0,0,0,0,0,0,0,0,0,0,0,0,0,0,0,0,0.55184,0.00428498,0.00142833,0.00428498,0.00142833,0.00428498,0.00142833,0.00428498,0.00142833
611,105530,1.11478,0.55755,0.84205,0,0,0,0,0,0,0.09603,0.00168,0.00012,0,0,0,0,0,0,0,0,0,0,0,0,0,0,0.93128,0.24026,0,0,0.48108,0.05794,0.44656,0.48155,0.86014,0.78072,0.82708,0.55198,1.1704,0.54489,0.85524,0,0,0,0,0,0,0,0,0,0,0,0,0,0,0,0,0,0,0,0,0,0,0,0,0,0,0,0,0,0,0,0.55198,0.00424531,0.0014151,0.00424531,0.0014151,0.00424531,0.0014151,0.00424531,0.0014151
612,105695,1.11425,0.55276,0.84089,0,0,0,0,0,0,0.09596,0.00167,0.00016,4e-05,0,0,0,0,0,0,0,0,0,0,0,0,0,0.92156,0.23763,0,0,0.48102,0.05793,0.44525,0.48151,0.86026,0.78112,0.82836,0.5518,1.17099,0.54504,0.85531,0,0,0,0,0,0,0,0,0,0,0,0,0,0,0,0,0,0,0,0,0,0,0,0,0,0,0,0,0,0,0,0.5518,0.00420581,0.00140194,0.00420581,0.00140194,0.00420581,0.00140194,0.00420581,0.00140194
613,105940,1.10772,0.55253,0.84076,0,0,0,0,0,0,0.09691,0.00167,0.00017,0,0,0,0,0,0,0,0,0,0,0,0,0,0,0.91233,0.23616,0,0,0.48108,0.05791,0.44567,0.48157,0.85987,0.78056,0.82754,0.55228,1.17094,0.54471,0.85522,0,0,0,0,0,0,0,0,0,0,0,0,0,0,0,0,0,0,0,0,0,0,0,0,0,0,0,0,0,0,0,0.55228,0.00416648,0.00138883,0.00416648,0.00138883,0.00416648,0.00138883,0.00416648,0.00138883
614,106190,1.11116,0.5508,0.84161,0,0,0,0,0,0,0.09653,0.00167,0.00012,0,0,0,0,0,0,0,0,0,0,0,0,0,0,0.86557,0.23618,0,0,0.48104,0.05789,0.44667,0.48152,0.86009,0.78086,0.82852,0.55209,1.17162,0.54447,0.85518,0,0,0,0,0,0,0,0,0,0,0,0,0,0,0,0,0,0,0,0,0,0,0,0,0,0,0,0,0,0,0,0.55209,0.00412732,0.00137577,0.00412732,0.00137577,0.00412732,0.00137577,0.00412732,0.00137577
615,106436,1.10528,0.54631,0.84107,0,0,0,0,0,0,0.0959,0.00167,0.00014,1e-05,0,0,0,0,0,0,0,0,0,0,0,0,0,0.85798,0.23618,0,0,0.48095,0.05788,0.4453,0.48144,0.86241,0.77995,0.82818,0.55247,1.17123,0.54445,0.85516,0,0,0,0,0,0,0,0,0,0,0,0,0,0,0,0,0,0,0,0,0,0,0,0,0,0,0,0,0,0,0,0.55247,0.00408832,0.00136277,0.00408832,0.00136277,0.00408832,0.00136277,0.00408832,0.00136277
616,106690,1.10167,0.54797,0.8411,0,0,0,0,0,0,0.09461,0.00166,0.00013,0,0,0,0,0,0,0,0,0,0,0,0,0,0,0.8488,0.23676,0,0,0.48101,0.05792,0.44583,0.48149,0.86169,0.78027,0.82841,0.55241,1.17121,0.54447,0.85514,0,0,0,0,0,0,0,0,0,0,0,0,0,0,0,0,0,0,0,0,0,0,0,0,0,0,0,0,0,0,0,0.55241,0.0040495,0.00134983,0.0040495,0.00134983,0.0040495,0.00134983,0.0040495,0.00134983
617,106925,1.10215,0.5452,0.83845,0,0,0,0,0,0,0.09494,0.00166,0.00016,0,0,0,0,0,0,0,0,0,0,0,0,0,0,0.86027,0.23489,0,0,0.48103,0.05791,0.44601,0.48151,0.86184,0.78086,0.82871,0.55271,1.17018,0.54396,0.85503,0,0,0,0,0,0,0,0,0,0,0,0,0,0,0,0,0,0,0,0,0,0,0,0,0,0,0,0,0,0,0,0.55271,0.00401085,0.00133695,0.00401085,0.00133695,0.00401085,0.00133695,0.00401085,0.00133695
618,107177,1.09649,0.54443,0.83979,0,0,0,0,0,0,0.09596,0.00165,0.00021,0,0,0,0,0,0,0,0,0,0,0,0,0,0,0.85422,0.23336,0,0,0.48107,0.05793,0.44718,0.48155,0.86203,0.78147,0.8297,0.5532,1.16909,0.54327,0.85488,0,0,0,0,0,0,0,0,0,0,0,0,0,0,0,0,0,0,0,0,0,0,0,0,0,0,0,0,0,0,0,0.5532,0.00397237,0.00132412,0.00397237,0.00132412,0.00397237,0.00132412,0.00397237,0.00132412
619,107420,1.09554,0.54729,0.83999,0,0,0,0,0,0,0.09509,0.00165,0.00023,5e-05,0,0,0,0,0,0,0,0,0,0,0,0,0,0.85694,0.23345,0,0,0.48101,0.05791,0.44641,0.48148,0.86424,0.7799,0.82903,0.55342,1.16924,0.5429,0.85485,0,0,0,0,0,0,0,0,0,0,0,0,0,0,0,0,0,0,0,0,0,0,0,0,0,0,0,0,0,0,0,0.55342,0.00393407,0.00131136,0.00393407,0.00131136,0.00393407,0.00131136,0.00393407,0.00131136
620,107668,1.09888,0.5425,0.84215,0,0,0,0,0,0,0.09543,0.00165,0.00021,0,0,0,0,0,0,0,0,0,0,0,0,0,0,0.8764,0.23477,0,0,0.48104,0.0579,0.44643,0.48151,0.86389,0.78074,0.82973,0.55351,1.16814,0.54268,0.85479,0,0,0,0,0,0,0,0,0,0,0,0,0,0,0,0,0,0,0,0,0,0,0,0,0,0,0,0,0,0,0,0.55351,0.00389593,0.00129864,0.00389593,0.00129864,0.00389593,0.00129864,0.00389593,0.00129864
621,107884,1.09401,0.54501,0.84146,0,0,0,0,0,0,0.09439,0.00164,0.00012,6e-05,0,0,0,0,0,0,0,0,0,0,0,0,0,0.89123,0.2333,0,0,0.48093,0.05789,0.44678,0.4814,0.86441,0.78066,0.83029,0.55401,1.16735,0.54227,0.85466,0,0,0,0,0,0,0,0,0,0,0,0,0,0,0,0,0,0,0,0,0,0,0,0,0,0,0,0,0,0,0,0.55401,0.00385797,0.00128599,0.00385797,0.00128599,0.00385797,0.00128599,0.00385797,0.00128599
622,108126,1.09467,0.54296,0.8407,0,0,0,0,0,0,0.09533,0.00164,0.00013,1e-05,0,0,0,0,0,0,0,0,0,0,0,0,0,0.8926,0.23234,0,0,0.48103,0.0579,0.44603,0.4815,0.86223,0.78228,0.83032,0.55427,1.16603,0.54207,0.85448,0,0,0,0,0,0,0,0,0,0,0,0,0,0,0,0,0,0,0,0,0,0,0,0,0,0,0,0,0,0,0,0.55427,0.00382019,0.0012734,0.00382019,0.0012734,0.00382019,0.0012734,0.00382019,0.0012734
623,108369,1.09407,0.5434,0.83796,0,0,0,0,0,0,0.09444,0.00164,0.00016,0,0,0,0,0,0,0,0,0,0,0,0,0,0,0.91217,0.23179,0,0,0.48096,0.0579,0.44674,0.48145,0.86377,0.7832,0.83158,0.55441,1.16489,0.5419,0.85432,0,0,0,0,0,0,0,0,0,0,0,0,0,0,0,0,0,0,0,0,0,0,0,0,0,0,0,0,0,0,0,0.55441,0.00378257,0.00126086,0.00378257,0.00126086,0.00378257,0.00126086,0.00378257,0.00126086
624,108616,1.08839,0.54131,0.83728,0,0,0,0,0,0,0.09518,0.00164,0.00015,0,0,0,0,0,0,0,0,0,0,0,0,0,0,0.90574,0.23166,0,0,0.48103,0.0579,0.44618,0.48151,0.86462,0.78166,0.83114,0.55457,1.16374,0.54119,0.85409,0,0,0,0,0,0,0,0,0,0,0,0,0,0,0,0,0,0,0,0,0,0,0,0,0,0,0,0,0,0,0,0.55457,0.00374514,0.00124838,0.00374514,0.00124838,0.00374514,0.00124838,0.00374514,0.00124838
625,108820,1.09,0.53979,0.83723,0,0,0,0,0,0,0.09417,0.00163,0.00012,0,0,0,0,0,0,0,0,0,0,0,0,0,0,0.87865,0.23258,0,0,0.48116,0.05793,0.44679,0.48164,0.86356,0.78407,0.83231,0.55549,1.16166,0.5409,0.85368,0,0,0,0,0,0,0,0,0,0,0,0,0,0,0,0,0,0,0,0,0,0,0,0,0,0,0,0,0,0,0,0.55549,0.00370788,0.00123596,0.00370788,0.00123596,0.00370788,0.00123596,0.00370788,0.00123596
626,109059,1.08526,0.54181,0.83919,0,0,0,0,0,0,0.09493,0.00164,0.00012,1e-05,0,0,0,0,0,0,0,0,0,0,0,0,0,0.87115,0.2307,0,0,0.48098,0.05787,0.44657,0.48146,0.86318,0.78356,0.83192,0.55541,1.16167,0.54051,0.85364,0,0,0,0,0,0,0,0,0,0,0,0,0,0,0,0,0,0,0,0,0,0,0,0,0,0,0,0,0,0,0,0.55541,0.00367079,0.0012236,0.00367079,0.0012236,0.00367079,0.0012236,0.00367079,0.0012236
627,109300,1.08851,0.53959,0.8389,0,0,0,0,0,0,0.09373,0.00164,0.00014,2e-05,0,0,0,0,0,0,0,0,0,0,0,0,0,0.92276,0.23109,0,0,0.48104,0.05791,0.44616,0.48152,0.86457,0.78368,0.83182,0.55555,1.16134,0.54054,0.85367,0,0,0,0,0,0,0,0,0,0,0,0,0,0,0,0,0,0,0,0,0,0,0,0,0,0,0,0,0,0,0,0.55555,0.00363389,0.0012113,0.00363389,0.0012113,0.00363389,0.0012113,0.00363389,0.0012113
628,109544,1.08684,0.54104,0.8371,0,0,0,0,0,0,0.09362,0.00163,0.00015,0,0,0,0,0,0,0,0,0,0,0,0,0,0,0.89555,0.2303,0,0,0.48101,0.05793,0.44576,0.4815,0.86392,0.78389,0.83241,0.55567,1.16176,0.54032,0.85365,0,0,0,0,0,0,0,0,0,0,0,0,0,0,0,0,0,0,0,0,0,0,0,0,0,0,0,0,0,0,0,0.55567,0.00359716,0.00119905,0.00359716,0.00119905,0.00359716,0.00119905,0.00359716,0.00119905
629,109782,1.08456,0.5369,0.83586,0,0,0,0,0,0,0.09419,0.00163,0.00021,0,0,0,0,0,0,0,0,0,0,0,0,0,0,0.88331,0.22982,0,0,0.48107,0.05793,0.44608,0.48156,0.86279,0.78446,0.83248,0.55568,1.16086,0.5398,0.85352,0,0,0,0,0,0,0,0,0,0,0,0,0,0,0,0,0,0,0,0,0,0,0,0,0,0,0,0,0,0,0,0.55568,0.00356061,0.00118687,0.00356061,0.00118687,0.00356061,0.00118687,0.00356061,0.00118687
630,110024,1.08376,0.53968,0.83783,0,0,0,0,0,0,0.09467,0.00163,0.0002,1e-05,0,0,0,0,0,0,0,0,0,0,0,0,0,0.86317,0.2296,0,0,0.48099,0.05786,0.44638,0.48147,0.86362,0.78343,0.83205,0.55585,1.16087,0.53991,0.85347,0,0,0,0,0,0,0,0,0,0,0,0,0,0,0,0,0,0,0,0,0,0,0,0,0,0,0,0,0,0,0,0.55585,0.00352424,0.00117475,0.00352424,0.00117475,0.00352424,0.00117475,0.00352424,0.00117475
631,110260,1.07789,0.5365,0.83645,0,0,0,0,0,0,0.09383,0.00162,0.00011,3e-05,0,0,0,0,0,0,0,0,0,0,0,0,0,0.85595,0.2278,0,0,0.48098,0.05788,0.4464,0.48147,0.86244,0.78515,0.83291,0.55628,1.16017,0.53944,0.85342,0,0,0,0,0,0,0,0,0,0,0,0,0,0,0,0,0,0,0,0,0,0,0,0,0,0,0,0,0,0,0,0.55628,0.00348804,0.00116268,0.00348804,0.00116268,0.00348804,0.00116268,0.00348804,0.00116268
632,110496,1.08054,0.53556,0.83545,0,0,0,0,0,0,0.0945,0.00162,0.00012,0,0,0,0,0,0,0,0,0,0,0,0,0,0,0.88143,0.23083,0,0,0.48105,0.05791,0.44661,0.48153,0.8614,0.78614,0.83258,0.55632,1.15999,0.53948,0.85336,0,0,0,0,0,0,0,0,0,0,0,0,0,0,0,0,0,0,0,0,0,0,0,0,0,0,0,0,0,0,0,0.55632,0.00345203,0.00115068,0.00345203,0.00115068,0.00345203,0.00115068,0.00345203,0.00115068
633,110738,1.07414,0.53451,0.83575,0,0,0,0,0,0,0.09338,0.00162,0.00017,0,0,0,0,0,0,0,0,0,0,0,0,0,0,0.86692,0.22882,0,0,0.48106,0.05792,0.44619,0.48154,0.8604,0.78671,0.83198,0.55668,1.15889,0.53933,0.85319,0,0,0,0,0,0,0,0,0,0,0,0,0,0,0,0,0,0,0,0,0,0,0,0,0,0,0,0,0,0,0,0.55668,0.0034162,0.00113873,0.0034162,0.00113873,0.0034162,0.00113873,0.0034162,0.00113873
634,110913,1.07782,0.5347,0.83884,0,0,0,0,0,0,0.09413,0.00162,9e-05,0,0,0,0,0,0,0,0,0,0,0,0,0,0,0.8751,0.22742,0,0,0.481,0.05789,0.44631,0.48148,0.86324,0.78662,0.83298,0.55697,1.15819,0.53882,0.85314,0,0,0,0,0,0,0,0,0,0,0,0,0,0,0,0,0,0,0,0,0,0,0,0,0,0,0,0,0,0,0,0.55697,0.00338055,0.00112685,0.00338055,0.00112685,0.00338055,0.00112685,0.00338055,0.00112685
635,111136,1.08644,0.53919,0.83674,0,0,0,0,0,0,0.09411,0.00162,0.0002,1e-05,0,0,0,0,0,0,0,0,0,0,0,0,0,0.86078,0.2251,0,0,0.48112,0.05791,0.44626,0.48159,0.86189,0.78792,0.83411,0.55712,1.1584,0.5386,0.85319,0,0,0,0,0,0,0,0,0,0,0,0,0,0,0,0,0,0,0,0,0,0,0,0,0,0,0,0,0,0,0,0.55712,0.00334508,0.00111503,0.00334508,0.00111503,0.00334508,0.00111503,0.00334508,0.00111503
636,111355,1.07428,0.53414,0.83683,0,0,0,0,0,0,0.09405,0.00162,0.00013,3e-05,0,0,0,0,0,0,0,0,0,0,0,0,0,0.89774,0.22805,0,0,0.48107,0.0579,0.44618,0.48156,0.861,0.78808,0.83367,0.55715,1.15826,0.53839,0.85316,0,0,0,0,0,0,0,0,0,0,0,0,0,0,0,0,0,0,0,0,0,0,0,0,0,0,0,0,0,0,0,0.55715,0.00330979,0.00110326,0.00330979,0.00110326,0.00330979,0.00110326,0.00330979,0.00110326
637,111575,1.07403,0.53822,0.83853,0,0,0,0,0,0,0.09393,0.00162,0.00018,5e-05,0,0,0,0,0,0,0,0,0,0,0,0,0,0.83855,0.22545,0,0,0.48093,0.05786,0.44689,0.4814,0.86029,0.78778,0.83349,0.55719,1.15762,0.53844,0.85305,0,0,0,0,0,0,0,0,0,0,0,0,0,0,0,0,0,0,0,0,0,0,0,0,0,0,0,0,0,0,0,0.55719,0.00327468,0.00109156,0.00327468,0.00109156,0.00327468,0.00109156,0.00327468,0.00109156
638,111795,1.06599,0.52979,0.83485,0,0,0,0,0,0,0.09355,0.00161,0.00014,0,0,0,0,0,0,0,0,0,0,0,0,0,0,0.81808,0.22441,0,0,0.48108,0.05794,0.44687,0.48157,0.86005,0.7877,0.83335,0.55719,1.1576,0.53814,0.85298,0,0,0,0,0,0,0,0,0,0,0,0,0,0,0,0,0,0,0,0,0,0,0,0,0,0,0,0,0,0,0,0.55719,0.00323976,0.00107992,0.00323976,0.00107992,0.00323976,0.00107992,0.00323976,0.00107992
639,112013,1.07777,0.53269,0.83505,0,0,0,0,0,0,0.0948,0.00161,0.00019,0,0,0,0,0,0,0,0,0,0,0,0,0,0,0.83561,0.22267,0,0,0.481,0.05788,0.44649,0.48148,0.85997,0.78834,0.83349,0.55755,1.15688,0.53791,0.85289,0,0,0,0,0,0,0,0,0,0,0,0,0,0,0,0,0,0,0,0,0,0,0,0,0,0,0,0,0,0,0,0.55755,0.00320502,0.00106834,0.00320502,0.00106834,0.00320502,0.00106834,0.00320502,0.00106834
640,112232,1.06711,0.52941,0.83777,0,0,0,0,0,0,0.09358,0.00161,0.00019,1e-05,0,0,0,0,0,0,0,0,0,0,0,0,0,0.83169,0.22218,0,0,0.48106,0.05791,0.44631,0.48154,0.86171,0.78828,0.83393,0.55787,1.15677,0.53756,0.8528,0,0,0,0,0,0,0,0,0,0,0,0,0,0,0,0,0,0,0,0,0,0,0,0,0,0,0,0,0,0,0,0.55787,0.00317047,0.00105682,0.00317047,0.00105682,0.00317047,0.00105682,0.00317047,0.00105682
641,112451,1.07044,0.53018,0.83619,0,0,0,0,0,0,0.09336,0.00161,0.00017,0,0,0,0,0,0,0,0,0,0,0,0,0,0,0.83751,0.22313,0,0,0.48097,0.05789,0.44648,0.48146,0.86136,0.78764,0.83338,0.55793,1.15603,0.5371,0.85277,0,0,0,0,0,0,0,0,0,0,0,0,0,0,0,0,0,0,0,0,0,0,0,0,0,0,0,0,0,0,0,0.55793,0.0031361,0.00104537,0.0031361,0.00104537,0.0031361,0.00104537,0.0031361,0.00104537
642,112671,1.07406,0.52773,0.83566,0,0,0,0,0,0,0.09368,0.00161,0.00019,0,0,0,0,0,0,0,0,0,0,0,0,0,0,0.80557,0.2208,0,0,0.48094,0.05789,0.44589,0.48142,0.86205,0.7874,0.83345,0.55771,1.15535,0.53665,0.85257,0,0,0,0,0,0,0,0,0,0,0,0,0,0,0,0,0,0,0,0,0,0,0,0,0,0,0,0,0,0,0,0.55771,0.00310191,0.00103397,0.00310191,0.00103397,0.00310191,0.00103397,0.00310191,0.00103397
643,112889,1.06357,0.52932,0.8352,0,0,0,0,0,0,0.0935,0.00161,0.00013,0,0,0,0,0,0,0,0,0,0,0,0,0,0,0.78372,0.21942,0,0,0.48106,0.05791,0.44609,0.48154,0.86336,0.78726,0.8338,0.55809,1.15481,0.53657,0.85255,0,0,0,0,0,0,0,0,0,0,0,0,0,0,0,0,0,0,0,0,0,0,0,0,0,0,0,0,0,0,0,0.55809,0.00306791,0.00102264,0.00306791,0.00102264,0.00306791,0.00102264,0.00306791,0.00102264
644,113109,1.06148,0.52873,0.83353,0,0,0,0,0,0,0.09318,0.0016,0.00012,1e-05,0,0,0,0,0,0,0,0,0,0,0,0,0,0.80273,0.21952,0,0,0.481,0.05789,0.44637,0.48149,0.86116,0.78884,0.83376,0.55812,1.15484,0.53659,0.85256,0,0,0,0,0,0,0,0,0,0,0,0,0,0,0,0,0,0,0,0,0,0,0,0,0,0,0,0,0,0,0,0.55812,0.0030341,0.00101137,0.0030341,0.00101137,0.0030341,0.00101137,0.0030341,0.00101137
645,113328,1.05716,0.52497,0.83363,0,0,0,0,0,0,0.0932,0.0016,0.00017,0,0,0,0,0,0,0,0,0,0,0,0,0,0,0.77846,0.21913,0,0,0.48098,0.05789,0.44676,0.48145,0.86155,0.78854,0.8335,0.55819,1.15424,0.53598,0.85244,0,0,0,0,0,0,0,0,0,0,0,0,0,0,0,0,0,0,0,0,0,0,0,0,0,0,0,0,0,0,0,0.55819,0.00300048,0.00100016,0.00300048,0.00100016,0.00300048,0.00100016,0.00300048,0.00100016
646,113550,1.06498,0.52711,0.83547,0,0,0,0,0,0,0.09361,0.0016,0.00016,4e-05,0,0,0,0,0,0,0,0,0,0,0,0,0,0.78697,0.2185,0,0,0.48106,0.05787,0.44638,0.48154,0.86001,0.78872,0.8334,0.55824,1.15372,0.53611,0.85227,0,0,0,0,0,0,0,0,0,0,0,0,0,0,0,0,0,0,0,0,0,0,0,0,0,0,0,0,0,0,0,0.55824,0.00296704,0.000989013,0.00296704,0.000989013,0.00296704,0.000989013,0.00296704,0.000989013
647,113765,1.06024,0.52768,0.83359,0,0,0,0,0,0,0.09266,0.0016,0.00011,0,0,0,0,0,0,0,0,0,0,0,0,0,0,0.79945,0.21957,0,0,0.48102,0.05793,0.44707,0.48149,0.86184,0.78849,0.8338,0.55822,1.15347,0.53557,0.85205,0,0,0,0,0,0,0,0,0,0,0,0,0,0,0,0,0,0,0,0,0,0,0,0,0,0,0,0,0,0,0,0.55822,0.00293379,0.000977929,0.00293379,0.000977929,0.00293379,0.000977929,0.00293379,0.000977929
648,113985,1.06069,0.52662,0.83439,0,0,0,0,0,0,0.09317,0.0016,0.00017,5e-05,0,0,0,0,0,0,0,0,0,0,0,0,0,0.81147,0.21797,0,0,0.481,0.05788,0.44684,0.48148,0.86243,0.78913,0.83429,0.55831,1.15406,0.53571,0.85246,0,0,0,0,0,0,0,0,0,0,0,0,0,0,0,0,0,0,0,0,0,0,0,0,0,0,0,0,0,0,0,0.55831,0.00290073,0.000966909,0.00290073,0.000966909,0.00290073,0.000966909,0.00290073,0.000966909
649,114207,1.05463,0.52605,0.83248,0,0,0,0,0,0,0.09191,0.0016,0.00016,0,0,0,0,0,0,0,0,0,0,0,0,0,0,0.8135,0.21997,0,0,0.48101,0.0579,0.44577,0.48149,0.86262,0.79001,0.83487,0.55848,1.15398,0.53542,0.85217,0,0,0,0,0,0,0,0,0,0,0,0,0,0,0,0,0,0,0,0,0,0,0,0,0,0,0,0,0,0,0,0.55848,0.00286785,0.000955951,0.00286785,0.000955951,0.00286785,0.000955951,0.00286785,0.000955951
650,114427,1.05517,0.526,0.8336,0,0,0,0,0,0,0.09327,0.0016,0.00013,1e-05,0,0,0,0,0,0,0,0,0,0,0,0,0,0.81243,0.21735,0,0,0.48102,0.05791,0.44745,0.48149,0.86351,0.78982,0.83572,0.55853,1.15397,0.5353,0.85225,0,0,0,0,0,0,0,0,0,0,0,0,0,0,0,0,0,0,0,0,0,0,0,0,0,0,0,0,0,0,0,0.55853,0.00283517,0.000945057,0.00283517,0.000945057,0.00283517,0.000945057,0.00283517,0.000945057
651,114569,1.0516,0.52071,0.83592,0,0,0,0,0,0,0.0934,0.0016,0.00014,0,0,0,0,0,0,0,0,0,0,0,0,0,0,0.79047,0.21793,0,0,0.48099,0.05791,0.44742,0.48147,0.863,0.79007,0.83586,0.55889,1.15342,0.53473,0.85207,0,0,0,0,0,0,0,0,0,0,0,0,0,0,0,0,0,0,0,0,0,0,0,0,0,0,0,0,0,0,0,0.55889,0.00280268,0.000934225,0.00280268,0.000934225,0.00280268,0.000934225,0.00280268,0.000934225
652,114796,1.05449,0.52072,0.83212,0,0,0,0,0,0,0.09264,0.00159,0.00013,1e-05,0,0,0,0,0,0,0,0,0,0,0,0,0,0.7987,0.21983,0,0,0.48104,0.05794,0.44642,0.48152,0.8634,0.79028,0.83578,0.55895,1.15333,0.53477,0.85194,0,0,0,0,0,0,0,0,0,0,0,0,0,0,0,0,0,0,0,0,0,0,0,0,0,0,0,0,0,0,0,0.55895,0.00277037,0.000923458,0.00277037,0.000923458,0.00277037,0.000923458,0.00277037,0.000923458
653,115021,1.04829,0.51968,0.83368,0,0,0,0,0,0,0.09188,0.00159,0.00013,0,0,0,0,0,0,0,0,0,0,0,0,0,0,0.84344,0.21888,0,0,0.48104,0.05788,0.44691,0.48151,0.86358,0.79022,0.83573,0.55917,1.15331,0.53458,0.85199,0,0,0,0,0,0,0,0,0,0,0,0,0,0,0,0,0,0,0,0,0,0,0,0,0,0,0,0,0,0,0,0.55917,0.00273826,0.000912754,0.00273826,0.000912754,0.00273826,0.000912754,0.00273826,0.000912754
654,115247,1.05329,0.52236,0.83147,0,0,0,0,0,0,0.09259,0.00158,0.00013,5e-05,0,0,0,0,0,0,0,0,0,0,0,0,0,0.82045,0.21783,0,0,0.48107,0.05792,0.44735,0.48154,0.86162,0.79115,0.83629,0.55947,1.15254,0.53442,0.85194,0,0,0,0,0,0,0,0,0,0,0,0,0,0,0,0,0,0,0,0,0,0,0,0,0,0,0,0,0,0,0,0.55947,0.00270634,0.000902113,0.00270634,0.000902113,0.00270634,0.000902113,0.00270634,0.000902113
655,115475,1.04823,0.52038,0.83134,0,0,0,0,0,0,0.09296,0.00158,0.00016,0,0,0,0,0,0,0,0,0,0,0,0,0,0,0.7938,0.21718,0,0,0.48103,0.05794,0.44708,0.48149,0.86055,0.7914,0.8362,0.55927,1.1526,0.53422,0.8518,0,0,0,0,0,0,0,0,0,0,0,0,0,0,0,0,0,0,0,0,0,0,0,0,0,0,0,0,0,0,0,0.55927,0.00267461,0.000891537,0.00267461,0.000891537,0.00267461,0.000891537,0.00267461,0.000891537
656,115698,1.05382,0.52238,0.83446,0,0,0,0,0,0,0.09289,0.00158,0.00014,5e-05,0,0,0,0,0,0,0,0,0,0,0,0,0,0.7867,0.21642,0,0,0.48106,0.05791,0.44669,0.48154,0.85962,0.79103,0.83565,0.55992,1.15178,0.53404,0.85174,0,0,0,0,0,0,0,0,0,0,0,0,0,0,0,0,0,0,0,0,0,0,0,0,0,0,0,0,0,0,0,0.55992,0.00264307,0.000881025,0.00264307,0.000881025,0.00264307,0.000881025,0.00264307,0.000881025
657,115925,1.04701,0.51834,0.8329,0,0,0,0,0,0,0.09185,0.00158,0.00013,2e-05,0,0,0,0,0,0,0,0,0,0,0,0,0,0.80719,0.215,0,0,0.48111,0.05796,0.44608,0.48156,0.86161,0.79054,0.83584,0.55988,1.15197,0.53374,0.85188,0,0,0,0,0,0,0,0,0,0,0,0,0,0,0,0,0,0,0,0,0,0,0,0,0,0,0,0,0,0,0,0.55988,0.00261173,0.000870577,0.00261173,0.000870577,0.00261173,0.000870577,0.00261173,0.000870577
658,116152,1.04383,0.5172,0.83221,0,0,0,0,0,0,0.09239,0.00158,0.00014,0,0,0,0,0,0,0,0,0,0,0,0,0,0,0.86454,0.21548,0,0,0.481,0.05791,0.44692,0.48148,0.86192,0.79039,0.83531,0.55978,1.15176,0.5334,0.85175,0,0,0,0,0,0,0,0,0,0,0,0,0,0,0,0,0,0,0,0,0,0,0,0,0,0,0,0,0,0,0,0.55978,0.00258058,0.000860193,0.00258058,0.000860193,0.00258058,0.000860193,0.00258058,0.000860193
659,116382,1.0357,0.51293,0.83285,0,0,0,0,0,0,0.09195,0.00158,0.00018,0,0,0,0,0,0,0,0,0,0,0,0,0,0,0.86707,0.21547,0,0,0.48101,0.0579,0.44638,0.48149,0.86179,0.79075,0.83571,0.56002,1.15146,0.53318,0.85169,0,0,0,0,0,0,0,0,0,0,0,0,0,0,0,0,0,0,0,0,0,0,0,0,0,0,0,0,0,0,0,0.56002,0.00254962,0.000849874,0.00254962,0.000849874,0.00254962,0.000849874,0.00254962,0.000849874
660,116604,1.04683,0.51582,0.83031,0,0,0,0,0,0,0.09247,0.00158,0.00017,1e-05,0,0,0,0,0,0,0,0,0,0,0,0,0,0.84508,0.21549,0,0,0.48113,0.05794,0.44747,0.4816,0.86287,0.7904,0.83605,0.56005,1.15173,0.533,0.8517,0,0,0,0,0,0,0,0,0,0,0,0,0,0,0,0,0,0,0,0,0,0,0,0,0,0,0,0,0,0,0,0.56005,0.00251886,0.00083962,0.00251886,0.00083962,0.00251886,0.00083962,0.00251886,0.00083962
661,116832,1.04161,0.51627,0.83155,0,0,0,0,0,0,0.09245,0.00157,0.00014,0,0,0,0,0,0,0,0,0,0,0,0,0,0,0.83043,0.21403,0,0,0.48103,0.0579,0.44677,0.48151,0.86271,0.79063,0.83605,0.55968,1.15238,0.53311,0.85164,0,0,0,0,0,0,0,0,0,0,0,0,0,0,0,0,0,0,0,0,0,0,0,0,0,0,0,0,0,0,0,0.55968,0.00248829,0.000829431,0.00248829,0.000829431,0.00248829,0.000829431,0.00248829,0.000829431
662,117057,1.03607,0.51577,0.8309,0,0,0,0,0,0,0.09134,0.00157,0.00017,0,0,0,0,0,0,0,0,0,0,0,0,0,0,0.84464,0.21499,0,0,0.48105,0.05791,0.44605,0.48154,0.86307,0.7901,0.83608,0.56002,1.15204,0.53298,0.85165,0,0,0,0,0,0,0,0,0,0,0,0,0,0,0,0,0,0,0,0,0,0,0,0,0,0,0,0,0,0,0,0.56002,0.00245792,0.000819307,0.00245792,0.000819307,0.00245792,0.000819307,0.00245792,0.000819307
663,117285,1.04268,0.51915,0.8326,0,0,0,0,0,0,0.09156,0.00157,0.00012,5e-05,0,0,0,0,0,0,0,0,0,0,0,0,0,0.79688,0.21461,0,0,0.48104,0.05792,0.44603,0.48152,0.86178,0.79067,0.83669,0.56006,1.15226,0.53257,0.85161,0,0,0,0,0,0,0,0,0,0,0,0,0,0,0,0,0,0,0,0,0,0,0,0,0,0,0,0,0,0,0,0.56006,0.00242774,0.000809248,0.00242774,0.000809248,0.00242774,0.000809248,0.00242774,0.000809248
664,117499,1.04577,0.52153,0.83216,0,0,0,0,0,0,0.09136,0.00157,0.00012,9e-05,0,0,0,0,0,0,0,0,0,0,0,0,0,0.8154,0.21336,0,0,0.48108,0.05793,0.44598,0.48157,0.86316,0.78948,0.83656,0.56054,1.15235,0.53264,0.85169,0,0,0,0,0,0,0,0,0,0,0,0,0,0,0,0,0,0,0,0,0,0,0,0,0,0,0,0,0,0,0,0.56054,0.00239776,0.000799255,0.00239776,0.000799255,0.00239776,0.000799255,0.00239776,0.000799255
665,117723,1.03988,0.51831,0.83214,0,0,0,0,0,0,0.09158,0.00157,0.00013,1e-05,0,0,0,0,0,0,0,0,0,0,0,0,0,0.83683,0.21284,0,0,0.48094,0.0579,0.44582,0.48143,0.86279,0.79103,0.83692,0.56016,1.15313,0.5324,0.85167,0,0,0,0,0,0,0,0,0,0,0,0,0,0,0,0,0,0,0,0,0,0,0,0,0,0,0,0,0,0,0,0.56016,0.00236798,0.000789327,0.00236798,0.000789327,0.00236798,0.000789327,0.00236798,0.000789327
666,117948,1.03283,0.51518,0.83072,0,0,0,0,0,0,0.09256,0.00157,0.00017,6e-05,0,0,0,0,0,0,0,0,0,0,0,0,0,0.83914,0.21312,0,0,0.48104,0.05791,0.44666,0.48152,0.86319,0.78986,0.83644,0.56038,1.15217,0.53207,0.8516,0,0,0,0,0,0,0,0,0,0,0,0,0,0,0,0,0,0,0,0,0,0,0,0,0,0,0,0,0,0,0,0.56038,0.00233839,0.000779465,0.00233839,0.000779465,0.00233839,0.000779465,0.00233839,0.000779465
667,118172,1.03606,0.51489,0.83174,0,0,0,0,0,0,0.09163,0.00157,0.00011,0,0,0,0,0,0,0,0,0,0,0,0,0,0,0.84581,0.21344,0,0,0.48108,0.05795,0.44649,0.48156,0.86371,0.79029,0.8369,0.56053,1.15133,0.53202,0.85149,0,0,0,0,0,0,0,0,0,0,0,0,0,0,0,0,0,0,0,0,0,0,0,0,0,0,0,0,0,0,0,0.56053,0.00230901,0.000769668,0.00230901,0.000769668,0.00230901,0.000769668,0.00230901,0.000769668
668,118384,1.03001,0.50949,0.82914,0,0,0,0,0,0,0.09116,0.00156,0.00012,0,0,0,0,0,0,0,0,0,0,0,0,0,0,0.81721,0.21249,0,0,0.48106,0.05794,0.44679,0.48154,0.86509,0.78935,0.83654,0.56093,1.15056,0.53211,0.85146,0,0,0,0,0,0,0,0,0,0,0,0,0,0,0,0,0,0,0,0,0,0,0,0,0,0,0,0,0,0,0,0.56093,0.00227981,0.000759938,0.00227981,0.000759938,0.00227981,0.000759938,0.00227981,0.000759938
669,118620,1.03897,0.51467,0.83064,0,0,0,0,0,0,0.09112,0.00156,0.00012,0,0,0,0,0,0,0,0,0,0,0,0,0,0,0.85108,0.21188,0,0,0.48104,0.05793,0.44661,0.48151,0.8649,0.78945,0.83746,0.56105,1.14999,0.53173,0.85142,0,0,0,0,0,0,0,0,0,0,0,0,0,0,0,0,0,0,0,0,0,0,0,0,0,0,0,0,0,0,0,0.56105,0.00225082,0.000750274,0.00225082,0.000750274,0.00225082,0.000750274,0.00225082,0.000750274
670,118845,1.0275,0.51022,0.83043,0,0,0,0,0,0,0.09136,0.00157,0.00014,1e-05,0,0,0,0,0,0,0,0,0,0,0,0,0,0.86262,0.21368,0,0,0.48093,0.05789,0.44632,0.48138,0.86206,0.79063,0.83724,0.56078,1.14999,0.53157,0.85138,0,0,0,0,0,0,0,0,0,0,0,0,0,0,0,0,0,0,0,0,0,0,0,0,0,0,0,0,0,0,0,0.56078,0.00222203,0.000740676,0.00222203,0.000740676,0.00222203,0.000740676,0.00222203,0.000740676
671,119071,1.0336,0.51107,0.82914,0,0,0,0,0,0,0.09083,0.00157,0.00018,2e-05,0,0,0,0,0,0,0,0,0,0,0,0,0,0.85363,0.21379,0,0,0.48102,0.05792,0.44628,0.4815,0.86081,0.7916,0.83746,0.56102,1.14985,0.53161,0.85136,0,0,0,0,0,0,0,0,0,0,0,0,0,0,0,0,0,0,0,0,0,0,0,0,0,0,0,0,0,0,0,0.56102,0.00219343,0.000731145,0.00219343,0.000731145,0.00219343,0.000731145,0.00219343,0.000731145
672,119293,1.02619,0.51126,0.82776,0,0,0,0,0,0,0.091,0.00156,0.00011,0,0,0,0,0,0,0,0,0,0,0,0,0,0,0.83475,0.21202,0,0,0.48107,0.05793,0.44642,0.48155,0.86037,0.79243,0.83784,0.56112,1.15035,0.53168,0.85141,0,0,0,0,0,0,0,0,0,0,0,0,0,0,0,0,0,0,0,0,0,0,0,0,0,0,0,0,0,0,0,0.56112,0.00216504,0.00072168,0.00216504,0.00072168,0.00216504,0.00072168,0.00216504,0.00072168
673,119520,1.02721,0.50934,0.83024,0,0,0,0,0,0,0.09131,0.00156,0.0001,0,0,0,0,0,0,0,0,0,0,0,0,0,0,0.82484,0.21291,0,0,0.48105,0.05795,0.44724,0.48149,0.85919,0.79277,0.83796,0.56116,1.15096,0.53143,0.85147,0,0,0,0,0,0,0,0,0,0,0,0,0,0,0,0,0,0,0,0,0,0,0,0,0,0,0,0,0,0,0,0.56116,0.00213685,0.000712282,0.00213685,0.000712282,0.00213685,0.000712282,0.00213685,0.000712282
674,119747,1.02856,0.51395,0.82779,0,0,0,0,0,0,0.0911,0.00156,0.00011,0,0,0,0,0,0,0,0,0,0,0,0,0,0,0.84675,0.21154,0,0,0.48112,0.05797,0.4464,0.4816,0.85901,0.79195,0.83765,0.56097,1.15098,0.5318,0.85161,0,0,0,0,0,0,0,0,0,0,0,0,0,0,0,0,0,0,0,0,0,0,0,0,0,0,0,0,0,0,0,0.56097,0.00210885,0.000702951,0.00210885,0.000702951,0.00210885,0.000702951,0.00210885,0.000702951
675,119974,1.02752,0.50885,0.82883,0,0,0,0,0,0,0.09065,0.00156,0.00011,0,0,0,0,0,0,0,0,0,0,0,0,0,0,0.85337,0.21171,0,0,0.48104,0.05789,0.44697,0.48151,0.86032,0.7922,0.83784,0.56095,1.15199,0.53173,0.85162,0,0,0,0,0,0,0,0,0,0,0,0,0,0,0,0,0,0,0,0,0,0,0,0,0,0,0,0,0,0,0,0.56095,0.00208106,0.000693687,0.00208106,0.000693687,0.00208106,0.000693687,0.00208106,0.000693687
676,120118,1.02216,0.50669,0.82731,0,0,0,0,0,0,0.09008,0.00156,0.00017,3e-05,0,0,0,0,0,0,0,0,0,0,0,0,0,0.84117,0.21047,0,0,0.48101,0.05794,0.44679,0.48148,0.85974,0.79184,0.8377,0.56127,1.15199,0.53135,0.85162,0,0,0,0,0,0,0,0,0,0,0,0,0,0,0,0,0,0,0,0,0,0,0,0,0,0,0,0,0,0,0,0.56127,0.00205347,0.00068449,0.00205347,0.00068449,0.00205347,0.00068449,0.00205347,0.00068449
677,120343,1.01634,0.50308,0.82894,0,0,0,0,0,0,0.09095,0.00156,0.00014,0,0,0,0,0,0,0,0,0,0,0,0,0,0,0.80406,0.20924,0,0,0.48089,0.05787,0.44701,0.48136,0.85991,0.79305,0.83811,0.56131,1.1517,0.53121,0.85161,0,0,0,0,0,0,0,0,0,0,0,0,0,0,0,0,0,0,0,0,0,0,0,0,0,0,0,0,0,0,0,0.56131,0.00202608,0.00067536,0.00202608,0.00067536,0.00202608,0.00067536,0.00202608,0.00067536
678,120570,1.02004,0.50521,0.82825,0,0,0,0,0,0,0.09032,0.00155,0.00012,0,0,0,0,0,0,0,0,0,0,0,0,0,0,0.81221,0.20853,0,0,0.48098,0.05787,0.44576,0.48147,0.85898,0.79364,0.83836,0.56183,1.15179,0.53108,0.85166,0,0,0,0,0,0,0,0,0,0,0,0,0,0,0,0,0,0,0,0,0,0,0,0,0,0,0,0,0,0,0,0.56183,0.00199889,0.000666298,0.00199889,0.000666298,0.00199889,0.000666298,0.00199889,0.000666298
679,120790,1.0173,0.50657,0.83092,0,0,0,0,0,0,0.09085,0.00155,0.00012,0,0,0,0,0,0,0,0,0,0,0,0,0,0,0.7953,0.20885,0,0,0.48105,0.0579,0.44655,0.48153,0.85848,0.79409,0.83816,0.56144,1.15227,0.53108,0.85165,0,0,0,0,0,0,0,0,0,0,0,0,0,0,0,0,0,0,0,0,0,0,0,0,0,0,0,0,0,0,0,0.56144,0.00197191,0.000657303,0.00197191,0.000657303,0.00197191,0.000657303,0.00197191,0.000657303
680,121013,1.01622,0.50392,0.82906,0,0,0,0,0,0,0.08932,0.00156,0.00017,0,0,0,0,0,0,0,0,0,0,0,0,0,0,0.8265,0.20781,0,0,0.48093,0.05789,0.44654,0.48141,0.85865,0.79447,0.83825,0.56144,1.15163,0.53072,0.8516,0,0,0,0,0,0,0,0,0,0,0,0,0,0,0,0,0,0,0,0,0,0,0,0,0,0,0,0,0,0,0,0.56144,0.00194513,0.000648377,0.00194513,0.000648377,0.00194513,0.000648377,0.00194513,0.000648377
681,121223,1.02054,0.50561,0.8255,0,0,0,0,0,0,0.08966,0.00155,0.00012,1e-05,0,0,0,0,0,0,0,0,0,0,0,0,0,0.83997,0.20828,0,0,0.48101,0.05794,0.44696,0.48149,0.85854,0.79515,0.83863,0.56163,1.15217,0.53082,0.85162,0,0,0,0,0,0,0,0,0,0,0,0,0,0,0,0,0,0,0,0,0,0,0,0,0,0,0,0,0,0,0,0.56163,0.00191855,0.000639518,0.00191855,0.000639518,0.00191855,0.000639518,0.00191855,0.000639518
682,121445,1.01664,0.50219,0.82892,0,0,0,0,0,0,0.09057,0.00155,0.00019,0,0,0,0,0,0,0,0,0,0,0,0,0,0,0.83745,0.20819,0,0,0.48112,0.05794,0.44649,0.4816,0.85952,0.79418,0.8385,0.56134,1.15269,0.53097,0.85167,0,0,0,0,0,0,0,0,0,0,0,0,0,0,0,0,0,0,0,0,0,0,0,0,0,0,0,0,0,0,0,0.56134,0.00189218,0.000630727,0.00189218,0.000630727,0.00189218,0.000630727,0.00189218,0.000630727
683,121667,1.01087,0.50107,0.82876,0,0,0,0,0,0,0.09055,0.00154,0.00018,2e-05,0,0,0,0,0,0,0,0,0,0,0,0,0,0.84904,0.20745,0,0,0.48108,0.05793,0.44678,0.48156,0.85966,0.79544,0.83981,0.56196,1.15233,0.53065,0.85164,0,0,0,0,0,0,0,0,0,0,0,0,0,0,0,0,0,0,0,0,0,0,0,0,0,0,0,0,0,0,0,0.56196,0.00186601,0.000622004,0.00186601,0.000622004,0.00186601,0.000622004,0.00186601,0.000622004
684,121891,1.0171,0.50402,0.82688,0,0,0,0,0,0,0.08974,0.00154,0.00019,1e-05,0,0,0,0,0,0,0,0,0,0,0,0,0,0.84228,0.20738,0,0,0.48105,0.05789,0.44668,0.48152,0.8599,0.7949,0.84005,0.56168,1.15185,0.53051,0.85163,0,0,0,0,0,0,0,0,0,0,0,0,0,0,0,0,0,0,0,0,0,0,0,0,0,0,0,0,0,0,0,0.56168,0.00184005,0.00061335,0.00184005,0.00061335,0.00184005,0.00061335,0.00184005,0.00061335
685,122104,1.01671,0.50201,0.82867,0,0,0,0,0,0,0.08915,0.00154,0.00015,0,0,0,0,0,0,0,0,0,0,0,0,0,0,0.78226,0.20662,0,0,0.48103,0.05789,0.4471,0.48151,0.85952,0.79444,0.83915,0.56226,1.15139,0.53044,0.85165,0,0,0,0,0,0,0,0,0,0,0,0,0,0,0,0,0,0,0,0,0,0,0,0,0,0,0,0,0,0,0,0.56226,0.00181429,0.000604763,0.00181429,0.000604763,0.00181429,0.000604763,0.00181429,0.000604763
686,122329,1.01597,0.50221,0.82684,0,0,0,0,0,0,0.09073,0.00154,0.00011,0,0,0,0,0,0,0,0,0,0,0,0,0,0,0.80132,0.20666,0,0,0.48104,0.05791,0.44686,0.48153,0.85914,0.79415,0.83961,0.56173,1.15217,0.53094,0.85168,0,0,0,0,0,0,0,0,0,0,0,0,0,0,0,0,0,0,0,0,0,0,0,0,0,0,0,0,0,0,0,0.56173,0.00178874,0.000596246,0.00178874,0.000596246,0.00178874,0.000596246,0.00178874,0.000596246
687,122564,1.01126,0.50246,0.82682,0,0,0,0,0,0,0.09016,0.00154,0.0002,0,0,0,0,0,0,0,0,0,0,0,0,0,0,0.79743,0.20648,0,0,0.481,0.05789,0.44695,0.48146,0.86009,0.79437,0.84025,0.56174,1.1529,0.53065,0.8517,0,0,0,0,0,0,0,0,0,0,0,0,0,0,0,0,0,0,0,0,0,0,0,0,0,0,0,0,0,0,0,0.56174,0.00176339,0.000587797,0.00176339,0.000587797,0.00176339,0.000587797,0.00176339,0.000587797
688,122789,1.01056,0.49955,0.82641,0,0,0,0,0,0,0.09026,0.00153,0.00011,0,0,0,0,0,0,0,0,0,0,0,0,0,0,0.79326,0.20531,0,0,0.48104,0.05789,0.44686,0.48152,0.85895,0.79535,0.8406,0.56195,1.153,0.53134,0.85168,0,0,0,0,0,0,0,0,0,0,0,0,0,0,0,0,0,0,0,0,0,0,0,0,0,0,0,0,0,0,0,0.56195,0.00173825,0.000579417,0.00173825,0.000579417,0.00173825,0.000579417,0.00173825,0.000579417
689,123010,1.00528,0.49763,0.82636,0,0,0,0,0,0,0.09038,0.00153,9e-05,0,0,0,0,0,0,0,0,0,0,0,0,0,0,0.81334,0.20456,0,0,0.48096,0.05787,0.44552,0.48142,0.85692,0.79703,0.84056,0.56225,1.15371,0.5311,0.85173,0,0,0,0,0,0,0,0,0,0,0,0,0,0,0,0,0,0,0,0,0,0,0,0,0,0,0,0,0,0,0,0.56225,0.00171332,0.000571106,0.00171332,0.000571106,0.00171332,0.000571106,0.00171332,0.000571106
690,123255,1.00367,0.49458,0.82784,0,0,0,0,0,0,0.08878,0.00153,0.00013,0,0,0,0,0,0,0,0,0,0,0,0,0,0,0.80668,0.20477,0,0,0.48105,0.0579,0.44575,0.48154,0.85858,0.7962,0.84023,0.56222,1.15325,0.53121,0.85163,0,0,0,0,0,0,0,0,0,0,0,0,0,0,0,0,0,0,0,0,0,0,0,0,0,0,0,0,0,0,0,0.56222,0.00168859,0.000562864,0.00168859,0.000562864,0.00168859,0.000562864,0.00168859,0.000562864
691,123485,1.00309,0.49599,0.82662,0,0,0,0,0,0,0.08949,0.00153,0.00014,0,0,0,0,0,0,0,0,0,0,0,0,0,0,0.81396,0.20383,0,0,0.48102,0.0579,0.44559,0.48151,0.85859,0.7957,0.8401,0.56178,1.15307,0.53129,0.85166,0,0,0,0,0,0,0,0,0,0,0,0,0,0,0,0,0,0,0,0,0,0,0,0,0,0,0,0,0,0,0,0.56178,0.00166407,0.000554691,0.00166407,0.000554691,0.00166407,0.000554691,0.00166407,0.000554691
692,123712,0.99871,0.49808,0.82662,0,0,0,0,0,0,0.08917,0.00153,0.00018,0,0,0,0,0,0,0,0,0,0,0,0,0,0,0.78432,0.20441,0,0,0.48097,0.0579,0.44601,0.48145,0.85995,0.79639,0.84031,0.56176,1.15309,0.53106,0.85166,0,0,0,0,0,0,0,0,0,0,0,0,0,0,0,0,0,0,0,0,0,0,0,0,0,0,0,0,0,0,0,0.56176,0.00163976,0.000546588,0.00163976,0.000546588,0.00163976,0.000546588,0.00163976,0.000546588
693,123915,1.00471,0.50045,0.82561,0,0,0,0,0,0,0.08936,0.00152,0.00011,3e-05,0,0,0,0,0,0,0,0,0,0,0,0,0,0.78754,0.20489,0,0,0.48107,0.05793,0.44606,0.48155,0.85956,0.79585,0.83983,0.56189,1.15313,0.53105,0.85162,0,0,0,0,0,0,0,0,0,0,0,0,0,0,0,0,0,0,0,0,0,0,0,0,0,0,0,0,0,0,0,0.56189,0.00161566,0.000538554,0.00161566,0.000538554,0.00161566,0.000538554,0.00161566,0.000538554
694,124144,0.99879,0.49496,0.82528,0,0,0,0,0,0,0.08894,0.00153,0.0002,0,0,0,0,0,0,0,0,0,0,0,0,0,0,0.8032,0.20553,0,0,0.48098,0.05787,0.44536,0.48147,0.85969,0.79563,0.8396,0.56163,1.15282,0.53112,0.85169,0,0,0,0,0,0,0,0,0,0,0,0,0,0,0,0,0,0,0,0,0,0,0,0,0,0,0,0,0,0,0,0.56163,0.00159177,0.000530589,0.00159177,0.000530589,0.00159177,0.000530589,0.00159177,0.000530589
695,124365,1.00147,0.49703,0.82432,0,0,0,0,0,0,0.08897,0.00152,0.00011,2e-05,0,0,0,0,0,0,0,0,0,0,0,0,0,0.77432,0.20426,0,0,0.48102,0.0579,0.44608,0.48151,0.85906,0.79608,0.83998,0.56166,1.1534,0.53108,0.8517,0,0,0,0,0,0,0,0,0,0,0,0,0,0,0,0,0,0,0,0,0,0,0,0,0,0,0,0,0,0,0,0.56166,0.00156808,0.000522695,0.00156808,0.000522695,0.00156808,0.000522695,0.00156808,0.000522695
696,124585,1.00458,0.4957,0.82697,0,0,0,0,0,0,0.08898,0.00152,0.00021,0,0,0,0,0,0,0,0,0,0,0,0,0,0,0.76482,0.20328,0,0,0.48112,0.05796,0.44681,0.4816,0.85872,0.79589,0.84015,0.56184,1.15394,0.5308,0.85175,0,0,0,0,0,0,0,0,0,0,0,0,0,0,0,0,0,0,0,0,0,0,0,0,0,0,0,0,0,0,0,0.56184,0.00154461,0.00051487,0.00154461,0.00051487,0.00154461,0.00051487,0.00154461,0.00051487
697,124762,0.99633,0.49293,0.82404,0,0,0,0,0,0,0.089,0.00152,0.00012,1e-05,0,0,0,0,0,0,0,0,0,0,0,0,0,0.79043,0.20252,0,0,0.48107,0.05792,0.44635,0.48155,0.85978,0.79542,0.84035,0.562,1.15404,0.53096,0.85173,0,0,0,0,0,0,0,0,0,0,0,0,0,0,0,0,0,0,0,0,0,0,0,0,0,0,0,0,0,0,0,0.562,0.00152134,0.000507115,0.00152134,0.000507115,0.00152134,0.000507115,0.00152134,0.000507115
698,124856,0.99107,0.49212,0.82565,0,0,0,0,0,0,0.08885,0.00152,0.00011,0,0,0,0,0,0,0,0,0,0,0,0,0,0,0.7691,0.20223,0,0,0.48103,0.05789,0.44579,0.48153,0.85736,0.79635,0.8404,0.56205,1.15402,0.53092,0.85172,0,0,0,0,0,0,0,0,0,0,0,0,0,0,0,0,0,0,0,0,0,0,0,0,0,0,0,0,0,0,0,0.56205,0.00149829,0.00049943,0.00149829,0.00049943,0.00149829,0.00049943,0.00149829,0.00049943
699,124951,0.99277,0.49436,0.8225,0,0,0,0,0,0,0.08782,0.00152,0.00013,1e-05,0,0,0,0,0,0,0,0,0,0,0,0,0,0.75403,0.20208,0,0,0.481,0.05793,0.44565,0.48149,0.85765,0.79713,0.84028,0.56179,1.15435,0.53089,0.8517,0,0,0,0,0,0,0,0,0,0,0,0,0,0,0,0,0,0,0,0,0,0,0,0,0,0,0,0,0,0,0,0.56179,0.00147544,0.000491815,0.00147544,0.000491815,0.00147544,0.000491815,0.00147544,0.000491815
700,125052,0.99491,0.49286,0.82475,0,0,0,0,0,0,0.08888,0.00152,0.00011,0,0,0,0,0,0,0,0,0,0,0,0,0,0,0.77331,0.20245,0,0,0.48103,0.05789,0.44619,0.48152,0.85689,0.79687,0.84046,0.56204,1.15449,0.53079,0.85174,0,0,0,0,0,0,0,0,0,0,0,0,0,0,0,0,0,0,0,0,0,0,0,0,0,0,0,0,0,0,0,0.56204,0.00145281,0.00048427,0.00145281,0.00048427,0.00145281,0.00048427,0.00145281,0.00048427
701,125162,0.99373,0.49124,0.82319,0,0,0,0,0,0,0.08831,0.00152,0.00014,0,0,0,0,0,0,0,0,0,0,0,0,0,0,0.76974,0.20271,0,0,0.48109,0.05793,0.44658,0.48157,0.85553,0.79831,0.84091,0.56258,1.15392,0.53044,0.85168,0,0,0,0,0,0,0,0,0,0,0,0,0,0,0,0,0,0,0,0,0,0,0,0,0,0,0,0,0,0,0,0.56258,0.00143039,0.000476796,0.00143039,0.000476796,0.00143039,0.000476796,0.00143039,0.000476796
702,125260,0.99473,0.49373,0.82276,0,0,0,0,0,0,0.0885,0.00151,0.00015,0,0,0,0,0,0,0,0,0,0,0,0,0,0,0.75177,0.20149,0,0,0.48105,0.05793,0.44661,0.48153,0.85568,0.79761,0.84044,0.56249,1.15392,0.53018,0.85165,0,0,0,0,0,0,0,0,0,0,0,0,0,0,0,0,0,0,0,0,0,0,0,0,0,0,0,0,0,0,0,0.56249,0.00140818,0.000469393,0.00140818,0.000469393,0.00140818,0.000469393,0.00140818,0.000469393
703,125357,0.99363,0.49202,0.82243,0,0,0,0,0,0,0.08885,0.00151,0.00018,0,0,0,0,0,0,0,0,0,0,0,0,0,0,0.7493,0.19951,0,0,0.48103,0.05788,0.44644,0.48152,0.85601,0.79809,0.84128,0.56253,1.15402,0.53036,0.85166,0,0,0,0,0,0,0,0,0,0,0,0,0,0,0,0,0,0,0,0,0,0,0,0,0,0,0,0,0,0,0,0.56253,0.00138618,0.00046206,0.00138618,0.00046206,0.00138618,0.00046206,0.00138618,0.00046206
704,125455,0.993,0.49336,0.82494,0,0,0,0,0,0,0.08852,0.00151,0.00013,4e-05,0,0,0,0,0,0,0,0,0,0,0,0,0,0.77473,0.19921,0,0,0.48106,0.05791,0.44612,0.48155,0.85583,0.79861,0.84112,0.56273,1.15404,0.53052,0.85169,0,0,0,0,0,0,0,0,0,0,0,0,0,0,0,0,0,0,0,0,0,0,0,0,0,0,0,0,0,0,0,0.56273,0.00136439,0.000454798,0.00136439,0.000454798,0.00136439,0.000454798,0.00136439,0.000454798
705,125553,0.99153,0.49137,0.82332,0,0,0,0,0,0,0.08897,0.00151,0.00019,0,0,0,0,0,0,0,0,0,0,0,0,0,0,0.79065,0.20222,0,0,0.48107,0.0579,0.44656,0.48155,0.85639,0.79835,0.84139,0.56323,1.15347,0.52989,0.85164,0,0,0,0,0,0,0,0,0,0,0,0,0,0,0,0,0,0,0,0,0,0,0,0,0,0,0,0,0,0,0,0.56323,0.00134282,0.000447606,0.00134282,0.000447606,0.00134282,0.000447606,0.00134282,0.000447606
706,125651,0.98757,0.48803,0.82508,0,0,0,0,0,0,0.08893,0.00151,0.00012,0,0,0,0,0,0,0,0,0,0,0,0,0,0,0.78804,0.20045,0,0,0.48104,0.05792,0.44657,0.48152,0.8562,0.79872,0.84153,0.56327,1.15418,0.53046,0.85176,0,0,0,0,0,0,0,0,0,0,0,0,0,0,0,0,0,0,0,0,0,0,0,0,0,0,0,0,0,0,0,0.56327,0.00132146,0.000440486,0.00132146,0.000440486,0.00132146,0.000440486,0.00132146,0.000440486
707,125749,0.99062,0.4903,0.82513,0,0,0,0,0,0,0.08733,0.0015,0.00011,0,0,0,0,0,0,0,0,0,0,0,0,0,0,0.76371,0.19959,0,0,0.48101,0.0579,0.44608,0.4815,0.85604,0.79817,0.841,0.56308,1.15444,0.53033,0.85179,0,0,0,0,0,0,0,0,0,0,0,0,0,0,0,0,0,0,0,0,0,0,0,0,0,0,0,0,0,0,0,0.56308,0.00130031,0.000433437,0.00130031,0.000433437,0.00130031,0.000433437,0.00130031,0.000433437
708,125846,0.989,0.49025,0.82149,0,0,0,0,0,0,0.08871,0.0015,0.00013,0,0,0,0,0,0,0,0,0,0,0,0,0,0,0.7747,0.19894,0,0,0.48104,0.05793,0.44623,0.48152,0.8556,0.7982,0.84113,0.56328,1.15443,0.53034,0.85178,0,0,0,0,0,0,0,0,0,0,0,0,0,0,0,0,0,0,0,0,0,0,0,0,0,0,0,0,0,0,0,0.56328,0.00127938,0.000426459,0.00127938,0.000426459,0.00127938,0.000426459,0.00127938,0.000426459
709,125943,0.98587,0.48562,0.82418,0,0,0,0,0,0,0.08847,0.0015,0.00018,0,0,0,0,0,0,0,0,0,0,0,0,0,0,0.76484,0.19818,0,0,0.48105,0.0579,0.44661,0.48152,0.85622,0.79835,0.84112,0.56345,1.15363,0.53019,0.85178,0,0,0,0,0,0,0,0,0,0,0,0,0,0,0,0,0,0,0,0,0,0,0,0,0,0,0,0,0,0,0,0.56345,0.00125866,0.000419552,0.00125866,0.000419552,0.00125866,0.000419552,0.00125866,0.000419552
710,126040,0.98424,0.49074,0.82409,0,0,0,0,0,0,0.08798,0.0015,0.00014,2e-05,0,0,0,0,0,0,0,0,0,0,0,0,0,0.73855,0.19732,0,0,0.481,0.05793,0.44634,0.48149,0.85646,0.79836,0.84092,0.56349,1.15387,0.53002,0.85178,0,0,0,0,0,0,0,0,0,0,0,0,0,0,0,0,0,0,0,0,0,0,0,0,0,0,0,0,0,0,0,0.56349,0.00123815,0.000412717,0.00123815,0.000412717,0.00123815,0.000412717,0.00123815,0.000412717
711,126136,0.98612,0.48897,0.82335,0,0,0,0,0,0,0.08846,0.0015,0.00013,0,0,0,0,0,0,0,0,0,0,0,0,0,0,0.72735,0.19764,0,0,0.48103,0.05789,0.44668,0.4815,0.85651,0.79865,0.84133,0.56356,1.1544,0.53003,0.85173,0,0,0,0,0,0,0,0,0,0,0,0,0,0,0,0,0,0,0,0,0,0,0,0,0,0,0,0,0,0,0,0.56356,0.00121786,0.000405953,0.00121786,0.000405953,0.00121786,0.000405953,0.00121786,0.000405953
712,126233,0.98738,0.48885,0.82222,0,0,0,0,0,0,0.08838,0.0015,0.00012,1e-05,0,0,0,0,0,0,0,0,0,0,0,0,0,0.74437,0.19777,0,0,0.48103,0.05789,0.4463,0.48152,0.85728,0.79808,0.84073,0.56334,1.15455,0.52998,0.85179,0,0,0,0,0,0,0,0,0,0,0,0,0,0,0,0,0,0,0,0,0,0,0,0,0,0,0,0,0,0,0,0.56334,0.00119778,0.000399261,0.00119778,0.000399261,0.00119778,0.000399261,0.00119778,0.000399261
713,126329,0.98085,0.4861,0.82472,0,0,0,0,0,0,0.08801,0.0015,0.00014,0,0,0,0,0,0,0,0,0,0,0,0,0,0,0.77266,0.1991,0,0,0.48098,0.05789,0.44607,0.48144,0.85572,0.7992,0.84101,0.5633,1.15498,0.53014,0.85185,0,0,0,0,0,0,0,0,0,0,0,0,0,0,0,0,0,0,0,0,0,0,0,0,0,0,0,0,0,0,0,0.5633,0.00117792,0.00039264,0.00117792,0.00039264,0.00117792,0.00039264,0.00117792,0.00039264
714,126425,0.97919,0.48835,0.82301,0,0,0,0,0,0,0.08795,0.0015,0.00013,3e-05,0,0,0,0,0,0,0,0,0,0,0,0,0,0.76806,0.19889,0,0,0.48099,0.05789,0.44572,0.48145,0.85506,0.79965,0.84105,0.5632,1.15463,0.53,0.8519,0,0,0,0,0,0,0,0,0,0,0,0,0,0,0,0,0,0,0,0,0,0,0,0,0,0,0,0,0,0,0,0.5632,0.00115827,0.000386092,0.00115827,0.000386092,0.00115827,0.000386092,0.00115827,0.000386092
715,126521,0.97824,0.48548,0.8229,0,0,0,0,0,0,0.08783,0.0015,0.00018,0,0,0,0,0,0,0,0,0,0,0,0,0,0,0.76374,0.19961,0,0,0.48097,0.05789,0.44616,0.48146,0.85561,0.79942,0.84152,0.56281,1.15515,0.53003,0.85194,0,0,0,0,0,0,0,0,0,0,0,0,0,0,0,0,0,0,0,0,0,0,0,0,0,0,0,0,0,0,0,0.56281,0.00113884,0.000379615,0.00113884,0.000379615,0.00113884,0.000379615,0.00113884,0.000379615
716,126617,0.97737,0.48609,0.82252,0,0,0,0,0,0,0.08663,0.00149,0.00015,0,0,0,0,0,0,0,0,0,0,0,0,0,0,0.77222,0.1987,0,0,0.48109,0.05792,0.44606,0.48157,0.85586,0.80008,0.84144,0.56303,1.15479,0.53002,0.85193,0,0,0,0,0,0,0,0,0,0,0,0,0,0,0,0,0,0,0,0,0,0,0,0,0,0,0,0,0,0,0,0.56303,0.00111963,0.00037321,0.00111963,0.00037321,0.00111963,0.00037321,0.00111963,0.00037321
717,126713,0.98081,0.48701,0.82242,0,0,0,0,0,0,0.08872,0.0015,0.00018,0,0,0,0,0,0,0,0,0,0,0,0,0,0,0.78424,0.19897,0,0,0.48092,0.0579,0.44589,0.48141,0.85631,0.79993,0.84149,0.56296,1.15446,0.52985,0.85184,0,0,0,0,0,0,0,0,0,0,0,0,0,0,0,0,0,0,0,0,0,0,0,0,0,0,0,0,0,0,0,0.56296,0.00110063,0.000366877,0.00110063,0.000366877,0.00110063,0.000366877,0.00110063,0.000366877
718,126808,0.97358,0.48686,0.8219,0,0,0,0,0,0,0.08793,0.00149,0.00019,2e-05,0,0,0,0,0,0,0,0,0,0,0,0,0,0.77319,0.19854,0,0,0.48108,0.05793,0.44603,0.48157,0.85579,0.80076,0.8416,0.56288,1.15463,0.52995,0.85194,0,0,0,0,0,0,0,0,0,0,0,0,0,0,0,0,0,0,0,0,0,0,0,0,0,0,0,0,0,0,0,0.56288,0.00108185,0.000360617,0.00108185,0.000360617,0.00108185,0.000360617,0.00108185,0.000360617
719,126905,0.97431,0.48318,0.82304,0,0,0,0,0,0,0.08764,0.00149,0.00014,3e-05,0,0,0,0,0,0,0,0,0,0,0,0,0,0.76574,0.19905,0,0,0.48096,0.0579,0.44633,0.48145,0.85666,0.80075,0.84171,0.56315,1.15449,0.52969,0.85198,0,0,0,0,0,0,0,0,0,0,0,0,0,0,0,0,0,0,0,0,0,0,0,0,0,0,0,0,0,0,0,0.56315,0.00106329,0.000354429,0.00106329,0.000354429,0.00106329,0.000354429,0.00106329,0.000354429
720,127000,0.9701,0.48203,0.82165,0,0,0,0,0,0,0.08784,0.00149,0.00017,0,0,0,0,0,0,0,0,0,0,0,0,0,0,0.80829,0.19916,0,0,0.48104,0.0579,0.44665,0.48152,0.85678,0.80031,0.84169,0.56304,1.15448,0.52984,0.85194,0,0,0,0,0,0,0,0,0,0,0,0,0,0,0,0,0,0,0,0,0,0,0,0,0,0,0,0,0,0,0,0.56304,0.00104494,0.000348313,0.00104494,0.000348313,0.00104494,0.000348313,0.00104494,0.000348313
721,127095,0.97655,0.48283,0.82126,0,0,0,0,0,0,0.08831,0.00149,0.0002,0,0,0,0,0,0,0,0,0,0,0,0,0,0,0.77722,0.19849,0,0,0.48103,0.05788,0.44664,0.48151,0.85556,0.80039,0.84191,0.56337,1.15389,0.52944,0.85192,0,0,0,0,0,0,0,0,0,0,0,0,0,0,0,0,0,0,0,0,0,0,0,0,0,0,0,0,0,0,0,0.56337,0.00102681,0.00034227,0.00102681,0.00034227,0.00102681,0.00034227,0.00102681,0.00034227
722,127190,0.97243,0.48049,0.82319,0,0,0,0,0,0,0.0874,0.00149,0.00014,0,0,0,0,0,0,0,0,0,0,0,0,0,0,0.76557,0.19688,0,0,0.48096,0.0579,0.44665,0.48144,0.85606,0.8009,0.84217,0.5633,1.1548,0.52952,0.85201,0,0,0,0,0,0,0,0,0,0,0,0,0,0,0,0,0,0,0,0,0,0,0,0,0,0,0,0,0,0,0,0.5633,0.0010089,0.0003363,0.0010089,0.0003363,0.0010089,0.0003363,0.0010089,0.0003363
723,127286,0.97467,0.4814,0.82082,0,0,0,0,0,0,0.08763,0.00149,0.00017,0,0,0,0,0,0,0,0,0,0,0,0,0,0,0.74811,0.19594,0,0,0.48111,0.05792,0.44634,0.48159,0.85532,0.80065,0.84146,0.56299,1.15561,0.52969,0.85204,0,0,0,0,0,0,0,0,0,0,0,0,0,0,0,0,0,0,0,0,0,0,0,0,0,0,0,0,0,0,0,0.56299,0.000991206,0.000330402,0.000991206,0.000330402,0.000991206,0.000330402,0.000991206,0.000330402
724,127381,0.96602,0.48192,0.82339,0,0,0,0,0,0,0.08685,0.00149,0.00017,0,0,0,0,0,0,0,0,0,0,0,0,0,0,0.73832,0.1962,0,0,0.48093,0.05788,0.44548,0.48143,0.85514,0.80112,0.84178,0.56292,1.15573,0.52982,0.85213,0,0,0,0,0,0,0,0,0,0,0,0,0,0,0,0,0,0,0,0,0,0,0,0,0,0,0,0,0,0,0,0.56292,0.00097373,0.000324577,0.00097373,0.000324577,0.00097373,0.000324577,0.00097373,0.000324577
725,127475,0.97254,0.48182,0.82033,0,0,0,0,0,0,0.08753,0.00148,0.00011,3e-05,0,0,0,0,0,0,0,0,0,0,0,0,0,0.74589,0.19582,0,0,0.48106,0.05793,0.44588,0.48155,0.85493,0.80143,0.84171,0.56272,1.15575,0.52947,0.85213,0,0,0,0,0,0,0,0,0,0,0,0,0,0,0,0,0,0,0,0,0,0,0,0,0,0,0,0,0,0,0,0.56272,0.000956474,0.000318825,0.000956474,0.000318825,0.000956474,0.000318825,0.000956474,0.000318825
726,127570,0.96764,0.4786,0.8245,0,0,0,0,0,0,0.08686,0.00149,0.00016,1e-05,0,0,0,0,0,0,0,0,0,0,0,0,0,0.74069,0.19574,0,0,0.48097,0.05789,0.4458,0.48146,0.85542,0.80113,0.84147,0.56279,1.15532,0.52929,0.85213,0,0,0,0,0,0,0,0,0,0,0,0,0,0,0,0,0,0,0,0,0,0,0,0,0,0,0,0,0,0,0,0.56279,0.000939436,0.000313145,0.000939436,0.000313145,0.000939436,0.000313145,0.000939436,0.000313145
727,127665,0.96074,0.47888,0.82003,0,0,0,0,0,0,0.08694,0.00149,0.00015,2e-05,0,0,0,0,0,0,0,0,0,0,0,0,0,0.74151,0.19582,0,0,0.48099,0.05789,0.44719,0.48147,0.85679,0.80084,0.8423,0.56311,1.15494,0.52934,0.85206,0,0,0,0,0,0,0,0,0,0,0,0,0,0,0,0,0,0,0,0,0,0,0,0,0,0,0,0,0,0,0,0.56311,0.000922617,0.000307539,0.000922617,0.000307539,0.000922617,0.000307539,0.000922617,0.000307539
728,127761,0.9714,0.48094,0.82171,0,0,0,0,0,0,0.08643,0.00148,0.00012,1e-05,0,0,0,0,0,0,0,0,0,0,0,0,0,0.71106,0.19466,0,0,0.48098,0.05789,0.44518,0.48147,0.85613,0.80123,0.84224,0.56313,1.15486,0.52923,0.85207,0,0,0,0,0,0,0,0,0,0,0,0,0,0,0,0,0,0,0,0,0,0,0,0,0,0,0,0,0,0,0,0.56313,0.000906018,0.000302006,0.000906018,0.000302006,0.000906018,0.000302006,0.000906018,0.000302006
729,127856,0.96381,0.47755,0.82112,0,0,0,0,0,0,0.08736,0.00148,0.00016,1e-05,0,0,0,0,0,0,0,0,0,0,0,0,0,0.6988,0.19434,0,0,0.48105,0.05794,0.44674,0.48153,0.85629,0.80134,0.84244,0.56342,1.15424,0.5292,0.85201,0,0,0,0,0,0,0,0,0,0,0,0,0,0,0,0,0,0,0,0,0,0,0,0,0,0,0,0,0,0,0,0.56342,0.000889639,0.000296546,0.000889639,0.000296546,0.000889639,0.000296546,0.000889639,0.000296546
730,127950,0.96305,0.47564,0.82119,0,0,0,0,0,0,0.08659,0.00148,0.00012,0,0,0,0,0,0,0,0,0,0,0,0,0,0,0.71432,0.19435,0,0,0.48107,0.0579,0.4463,0.48156,0.85662,0.80082,0.84278,0.56357,1.15402,0.52888,0.85197,0,0,0,0,0,0,0,0,0,0,0,0,0,0,0,0,0,0,0,0,0,0,0,0,0,0,0,0,0,0,0,0.56357,0.000873479,0.00029116,0.000873479,0.00029116,0.000873479,0.00029116,0.000873479,0.00029116
731,128046,0.96846,0.48611,0.8247,0,0,0,0,0,0,0.08809,0.00148,0.00017,8e-05,0,0,0,0,0,0,0,0,0,0,0,0,0,0.69052,0.19463,0,0,0.48101,0.0579,0.44709,0.48148,0.85596,0.80086,0.84189,0.56356,1.15449,0.52882,0.852,0,0,0,0,0,0,0,0,0,0,0,0,0,0,0,0,0,0,0,0,0,0,0,0,0,0,0,0,0,0,0,0.56356,0.00085754,0.000285847,0.00085754,0.000285847,0.00085754,0.000285847,0.00085754,0.000285847
732,128140,0.96396,0.47833,0.82033,0,0,0,0,0,0,0.08762,0.00148,0.00012,0,0,0,0,0,0,0,0,0,0,0,0,0,0,0.70487,0.19444,0,0,0.48102,0.05791,0.44625,0.48151,0.85623,0.80139,0.84276,0.56358,1.15442,0.52886,0.85204,0,0,0,0,0,0,0,0,0,0,0,0,0,0,0,0,0,0,0,0,0,0,0,0,0,0,0,0,0,0,0,0.56358,0.000841821,0.000280607,0.000841821,0.000280607,0.000841821,0.000280607,0.000841821,0.000280607
733,128235,0.96599,0.47986,0.82119,0,0,0,0,0,0,0.0872,0.00148,0.00013,2e-05,0,0,0,0,0,0,0,0,0,0,0,0,0,0.70687,0.1938,0,0,0.48109,0.05792,0.44622,0.48157,0.85696,0.80172,0.84293,0.56406,1.15388,0.52865,0.85197,0,0,0,0,0,0,0,0,0,0,0,0,0,0,0,0,0,0,0,0,0,0,0,0,0,0,0,0,0,0,0,0.56406,0.000826322,0.000275441,0.000826322,0.000275441,0.000826322,0.000275441,0.000826322,0.000275441
734,128331,0.97017,0.48124,0.82248,0,0,0,0,0,0,0.08736,0.00148,0.00012,0,0,0,0,0,0,0,0,0,0,0,0,0,0,0.7117,0.1936,0,0,0.48104,0.05792,0.4467,0.48152,0.85709,0.80189,0.84295,0.56409,1.15324,0.52852,0.85191,0,0,0,0,0,0,0,0,0,0,0,0,0,0,0,0,0,0,0,0,0,0,0,0,0,0,0,0,0,0,0,0.56409,0.000811045,0.000270348,0.000811045,0.000270348,0.000811045,0.000270348,0.000811045,0.000270348
735,128428,0.97124,0.47937,0.82162,0,0,0,0,0,0,0.0875,0.00148,0.00014,1e-05,0,0,0,0,0,0,0,0,0,0,0,0,0,0.72075,0.19376,0,0,0.48106,0.05793,0.44766,0.48153,0.85681,0.80215,0.84302,0.56424,1.15346,0.52841,0.85188,0,0,0,0,0,0,0,0,0,0,0,0,0,0,0,0,0,0,0,0,0,0,0,0,0,0,0,0,0,0,0,0.56424,0.000795988,0.000265329,0.000795988,0.000265329,0.000795988,0.000265329,0.000795988,0.000265329
736,128523,0.96592,0.4787,0.82089,0,0,0,0,0,0,0.08764,0.00148,0.00011,0,0,0,0,0,0,0,0,0,0,0,0,0,0,0.72369,0.1934,0,0,0.48095,0.0579,0.44646,0.48141,0.85946,0.80252,0.84378,0.56433,1.15366,0.52892,0.85181,0,0,0,0,0,0,0,0,0,0,0,0,0,0,0,0,0,0,0,0,0,0,0,0,0,0,0,0,0,0,0,0.56433,0.000781153,0.000260384,0.000781153,0.000260384,0.000781153,0.000260384,0.000781153,0.000260384
737,128618,0.96048,0.47883,0.82117,0,0,0,0,0,0,0.08688,0.00148,0.00019,1e-05,0,0,0,0,0,0,0,0,0,0,0,0,0,0.73845,0.19315,0,0,0.48096,0.05788,0.44679,0.48144,0.859,0.8029,0.84399,0.56451,1.15358,0.52859,0.85185,0,0,0,0,0,0,0,0,0,0,0,0,0,0,0,0,0,0,0,0,0,0,0,0,0,0,0,0,0,0,0,0.56451,0.00076654,0.000255513,0.00076654,0.000255513,0.00076654,0.000255513,0.00076654,0.000255513
738,128713,0.96207,0.47858,0.82145,0,0,0,0,0,0,0.08746,0.00148,0.00013,0,0,0,0,0,0,0,0,0,0,0,0,0,0,0.72686,0.19331,0,0,0.48105,0.05792,0.44678,0.48153,0.85818,0.80242,0.843,0.5641,1.15458,0.5292,0.85193,0,0,0,0,0,0,0,0,0,0,0,0,0,0,0,0,0,0,0,0,0,0,0,0,0,0,0,0,0,0,0,0.5641,0.000752148,0.000250716,0.000752148,0.000250716,0.000752148,0.000250716,0.000752148,0.000250716
739,128807,0.96072,0.47616,0.82071,0,0,0,0,0,0,0.08768,0.00147,0.0001,0,0,0,0,0,0,0,0,0,0,0,0,0,0,0.73196,0.19347,0,0,0.48105,0.05792,0.44635,0.48153,0.85824,0.80265,0.84303,0.5643,1.15499,0.5292,0.85192,0,0,0,0,0,0,0,0,0,0,0,0,0,0,0,0,0,0,0,0,0,0,0,0,0,0,0,0,0,0,0,0.5643,0.000737979,0.000245993,0.000737979,0.000245993,0.000737979,0.000245993,0.000737979,0.000245993
740,128902,0.9626,0.4776,0.82114,0,0,0,0,0,0,0.08693,0.00147,0.00018,3e-05,0,0,0,0,0,0,0,0,0,0,0,0,0,0.75572,0.19339,0,0,0.48101,0.05791,0.44723,0.48149,0.85806,0.80252,0.84309,0.56385,1.15587,0.52973,0.852,0,0,0,0,0,0,0,0,0,0,0,0,0,0,0,0,0,0,0,0,0,0,0,0,0,0,0,0,0,0,0,0.56385,0.000724032,0.000241344,0.000724032,0.000241344,0.000724032,0.000241344,0.000724032,0.000241344
741,128996,0.95629,0.47689,0.82028,0,0,0,0,0,0,0.0868,0.00147,9e-05,0,0,0,0,0,0,0,0,0,0,0,0,0,0,0.75912,0.19291,0,0,0.48109,0.05793,0.44631,0.48157,0.85908,0.80191,0.84281,0.56383,1.15558,0.52935,0.85196,0,0,0,0,0,0,0,0,0,0,0,0,0,0,0,0,0,0,0,0,0,0,0,0,0,0,0,0,0,0,0,0.56383,0.000710307,0.000236769,0.000710307,0.000236769,0.000710307,0.000236769,0.000710307,0.000236769
742,129091,0.96124,0.47483,0.8191,0,0,0,0,0,0,0.08699,0.00147,0.00019,0,0,0,0,0,0,0,0,0,0,0,0,0,0,0.75602,0.19317,0,0,0.4811,0.05792,0.44697,0.48158,0.85892,0.80205,0.84356,0.56406,1.15592,0.52973,0.852,0,0,0,0,0,0,0,0,0,0,0,0,0,0,0,0,0,0,0,0,0,0,0,0,0,0,0,0,0,0,0,0.56406,0.000696804,0.000232268,0.000696804,0.000232268,0.000696804,0.000232268,0.000696804,0.000232268
743,129186,0.95497,0.47477,0.81985,0,0,0,0,0,0,0.08631,0.00147,0.00015,0,0,0,0,0,0,0,0,0,0,0,0,0,0,0.74967,0.19319,0,0,0.48102,0.0579,0.44643,0.48151,0.86016,0.80254,0.84386,0.56416,1.15613,0.52947,0.85192,0,0,0,0,0,0,0,0,0,0,0,0,0,0,0,0,0,0,0,0,0,0,0,0,0,0,0,0,0,0,0,0.56416,0.000683525,0.000227842,0.000683525,0.000227842,0.000683525,0.000227842,0.000683525,0.000227842
744,129281,0.95587,0.47278,0.82036,0,0,0,0,0,0,0.08696,0.00147,0.00013,0,0,0,0,0,0,0,0,0,0,0,0,0,0,0.76913,0.19344,0,0,0.48107,0.0579,0.44699,0.48155,0.85994,0.80164,0.84327,0.56451,1.15588,0.52928,0.85194,0,0,0,0,0,0,0,0,0,0,0,0,0,0,0,0,0,0,0,0,0,0,0,0,0,0,0,0,0,0,0,0.56451,0.000670469,0.00022349,0.000670469,0.00022349,0.000670469,0.00022349,0.000670469,0.00022349
745,129377,0.95171,0.47258,0.81813,0,0,0,0,0,0,0.08602,0.00147,0.00011,0,0,0,0,0,0,0,0,0,0,0,0,0,0,0.75462,0.19282,0,0,0.48103,0.0579,0.44683,0.48151,0.85866,0.80304,0.84391,0.56479,1.1555,0.52962,0.8519,0,0,0,0,0,0,0,0,0,0,0,0,0,0,0,0,0,0,0,0,0,0,0,0,0,0,0,0,0,0,0,0.56479,0.000657636,0.000219212,0.000657636,0.000219212,0.000657636,0.000219212,0.000657636,0.000219212
746,129473,0.95828,0.47491,0.81932,0,0,0,0,0,0,0.08628,0.00147,0.00013,1e-05,0,0,0,0,0,0,0,0,0,0,0,0,0,0.73572,0.19256,0,0,0.48101,0.0579,0.44627,0.4815,0.85934,0.80188,0.84346,0.56467,1.15539,0.52914,0.85187,0,0,0,0,0,0,0,0,0,0,0,0,0,0,0,0,0,0,0,0,0,0,0,0,0,0,0,0,0,0,0,0.56467,0.000645027,0.000215009,0.000645027,0.000215009,0.000645027,0.000215009,0.000645027,0.000215009
747,129568,0.9578,0.47441,0.82063,0,0,0,0,0,0,0.0875,0.00147,0.00012,2e-05,0,0,0,0,0,0,0,0,0,0,0,0,0,0.72846,0.19254,0,0,0.48101,0.05792,0.44625,0.48146,0.85888,0.80188,0.84325,0.5647,1.1547,0.52932,0.85176,0,0,0,0,0,0,0,0,0,0,0,0,0,0,0,0,0,0,0,0,0,0,0,0,0,0,0,0,0,0,0,0.5647,0.000632641,0.00021088,0.000632641,0.00021088,0.000632641,0.00021088,0.000632641,0.00021088
748,129663,0.95441,0.47783,0.81891,0,0,0,0,0,0,0.08605,0.00147,0.00011,1e-05,0,0,0,0,0,0,0,0,0,0,0,0,0,0.72,0.19197,0,0,0.48104,0.05793,0.44566,0.48153,0.85963,0.80275,0.84374,0.56454,1.15483,0.52898,0.8518,0,0,0,0,0,0,0,0,0,0,0,0,0,0,0,0,0,0,0,0,0,0,0,0,0,0,0,0,0,0,0,0.56454,0.000620479,0.000206826,0.000620479,0.000206826,0.000620479,0.000206826,0.000620479,0.000206826
749,129758,0.95429,0.4733,0.81747,0,0,0,0,0,0,0.08565,0.00147,0.00017,0,0,0,0,0,0,0,0,0,0,0,0,0,0,0.75652,0.19268,0,0,0.48102,0.05792,0.44695,0.4815,0.86036,0.80265,0.8442,0.56461,1.15418,0.52911,0.85174,0,0,0,0,0,0,0,0,0,0,0,0,0,0,0,0,0,0,0,0,0,0,0,0,0,0,0,0,0,0,0,0.56461,0.000608541,0.000202847,0.000608541,0.000202847,0.000608541,0.000202847,0.000608541,0.000202847
750,129855,0.95173,0.47347,0.81895,0,0,0,0,0,0,0.08655,0.00147,9e-05,0,0,0,0,0,0,0,0,0,0,0,0,0,0,0.76092,0.1935,0,0,0.48102,0.05793,0.44677,0.4815,0.86131,0.80204,0.8444,0.56532,1.15357,0.52897,0.85163,0,0,0,0,0,0,0,0,0,0,0,0,0,0,0,0,0,0,0,0,0,0,0,0,0,0,0,0,0,0,0,0.56532,0.000596828,0.000198943,0.000596828,0.000198943,0.000596828,0.000198943,0.000596828,0.000198943
751,129949,0.96324,0.4797,0.82036,0,0,0,0,0,0,0.08803,0.00147,0.00012,4e-05,0,0,0,0,0,0,0,0,0,0,0,0,0,0.7669,0.19233,0,0,0.48103,0.05789,0.44668,0.48149,0.85991,0.80112,0.84382,0.56516,1.1526,0.52864,0.85157,0,0,0,0,0,0,0,0,0,0,0,0,0,0,0,0,0,0,0,0,0,0,0,0,0,0,0,0,0,0,0,0.56516,0.000585339,0.000195113,0.000585339,0.000195113,0.000585339,0.000195113,0.000585339,0.000195113
752,130044,0.94729,0.47102,0.81926,0,0,0,0,0,0,0.08702,0.00147,0.00013,1e-05,0,0,0,0,0,0,0,0,0,0,0,0,0,0.75148,0.1926,0,0,0.48099,0.05788,0.44669,0.48147,0.8613,0.80098,0.84383,0.56551,1.15224,0.5285,0.85158,0,0,0,0,0,0,0,0,0,0,0,0,0,0,0,0,0,0,0,0,0,0,0,0,0,0,0,0,0,0,0,0.56551,0.000574074,0.000191358,0.000574074,0.000191358,0.000574074,0.000191358,0.000574074,0.000191358
753,130139,0.94974,0.47104,0.81779,0,0,0,0,0,0,0.08534,0.00147,0.00019,1e-05,0,0,0,0,0,0,0,0,0,0,0,0,0,0.75375,0.19252,0,0,0.48098,0.05789,0.44623,0.48147,0.86205,0.80098,0.8438,0.56571,1.15294,0.52892,0.8516,0,0,0,0,0,0,0,0,0,0,0,0,0,0,0,0,0,0,0,0,0,0,0,0,0,0,0,0,0,0,0,0.56571,0.000563034,0.000187678,0.000563034,0.000187678,0.000563034,0.000187678,0.000563034,0.000187678
754,130234,0.95151,0.47376,0.81622,0,0,0,0,0,0,0.08672,0.00146,0.00018,0,0,0,0,0,0,0,0,0,0,0,0,0,0,0.7552,0.19359,0,0,0.48106,0.05794,0.44719,0.48154,0.8625,0.80046,0.84431,0.56551,1.15295,0.52883,0.85167,0,0,0,0,0,0,0,0,0,0,0,0,0,0,0,0,0,0,0,0,0,0,0,0,0,0,0,0,0,0,0,0.56551,0.00055222,0.000184073,0.00055222,0.000184073,0.00055222,0.000184073,0.00055222,0.000184073
755,130328,0.95275,0.47391,0.81939,0,0,0,0,0,0,0.08756,0.00147,0.00018,0,0,0,0,0,0,0,0,0,0,0,0,0,0,0.77232,0.19295,0,0,0.48096,0.05786,0.44648,0.48144,0.86154,0.80087,0.84438,0.56582,1.15232,0.52903,0.85157,0,0,0,0,0,0,0,0,0,0,0,0,0,0,0,0,0,0,0,0,0,0,0,0,0,0,0,0,0,0,0,0.56582,0.00054163,0.000180543,0.00054163,0.000180543,0.00054163,0.000180543,0.00054163,0.000180543
756,130423,0.95291,0.47398,0.82034,0,0,0,0,0,0,0.08641,0.00147,0.00013,2e-05,0,0,0,0,0,0,0,0,0,0,0,0,0,0.76686,0.19236,0,0,0.48102,0.05789,0.44584,0.48151,0.86261,0.8002,0.84405,0.56557,1.15187,0.52869,0.85149,0,0,0,0,0,0,0,0,0,0,0,0,0,0,0,0,0,0,0,0,0,0,0,0,0,0,0,0,0,0,0,0.56557,0.000531265,0.000177088,0.000531265,0.000177088,0.000531265,0.000177088,0.000531265,0.000177088
757,130518,0.95169,0.47245,0.81968,0,0,0,0,0,0,0.0876,0.00147,0.00011,3e-05,0,0,0,0,0,0,0,0,0,0,0,0,0,0.76788,0.19264,0,0,0.48102,0.05792,0.44691,0.48149,0.86204,0.80094,0.84383,0.56551,1.15155,0.52879,0.85139,0,0,0,0,0,0,0,0,0,0,0,0,0,0,0,0,0,0,0,0,0,0,0,0,0,0,0,0,0,0,0,0.56551,0.000521127,0.000173709,0.000521127,0.000173709,0.000521127,0.000173709,0.000521127,0.000173709
758,130613,0.94401,0.46923,0.81684,0,0,0,0,0,0,0.08624,0.00146,0.0001,0,0,0,0,0,0,0,0,0,0,0,0,0,0,0.76934,0.19209,0,0,0.48106,0.05794,0.44672,0.48154,0.86308,0.80148,0.84445,0.56586,1.15159,0.52918,0.85143,0,0,0,0,0,0,0,0,0,0,0,0,0,0,0,0,0,0,0,0,0,0,0,0,0,0,0,0,0,0,0,0.56586,0.000511213,0.000170404,0.000511213,0.000170404,0.000511213,0.000170404,0.000511213,0.000170404
759,130708,0.9442,0.46965,0.82043,0,0,0,0,0,0,0.08683,0.00146,0.00012,0,0,0,0,0,0,0,0,0,0,0,0,0,0,0.76096,0.19258,0,0,0.48106,0.05791,0.44663,0.48154,0.86328,0.80179,0.84506,0.56603,1.15046,0.52874,0.8513,0,0,0,0,0,0,0,0,0,0,0,0,0,0,0,0,0,0,0,0,0,0,0,0,0,0,0,0,0,0,0,0.56603,0.000501526,0.000167175,0.000501526,0.000167175,0.000501526,0.000167175,0.000501526,0.000167175
760,130803,0.94406,0.47073,0.81889,0,0,0,0,0,0,0.08715,0.00146,0.0001,0,0,0,0,0,0,0,0,0,0,0,0,0,0,0.75199,0.19228,0,0,0.48106,0.05792,0.44629,0.48152,0.86353,0.80205,0.84481,0.56591,1.15005,0.52869,0.85123,0,0,0,0,0,0,0,0,0,0,0,0,0,0,0,0,0,0,0,0,0,0,0,0,0,0,0,0,0,0,0,0.56591,0.000492064,0.000164021,0.000492064,0.000164021,0.000492064,0.000164021,0.000492064,0.000164021
761,130901,0.9538,0.47153,0.81884,0,0,0,0,0,0,0.08653,0.00146,0.00014,0,0,0,0,0,0,0,0,0,0,0,0,0,0,0.77383,0.19278,0,0,0.481,0.0579,0.44704,0.48148,0.86327,0.80194,0.84512,0.56622,1.14918,0.52826,0.85108,0,0,0,0,0,0,0,0,0,0,0,0,0,0,0,0,0,0,0,0,0,0,0,0,0,0,0,0,0,0,0,0.56622,0.000482828,0.000160943,0.000482828,0.000160943,0.000482828,0.000160943,0.000482828,0.000160943
762,130997,0.94578,0.46776,0.8191,0,0,0,0,0,0,0.08591,0.00146,0.00012,2e-05,0,0,0,0,0,0,0,0,0,0,0,0,0,0.76385,0.19262,0,0,0.481,0.05793,0.44672,0.48148,0.86283,0.80248,0.84472,0.56616,1.149,0.52824,0.85097,0,0,0,0,0,0,0,0,0,0,0,0,0,0,0,0,0,0,0,0,0,0,0,0,0,0,0,0,0,0,0,0.56616,0.000473819,0.00015794,0.000473819,0.00015794,0.000473819,0.00015794,0.000473819,0.00015794
763,131093,0.94635,0.46856,0.81815,0,0,0,0,0,0,0.086,0.00146,0.00011,0,0,0,0,0,0,0,0,0,0,0,0,0,0,0.75156,0.19253,0,0,0.48101,0.05792,0.44618,0.48147,0.86349,0.80181,0.84452,0.56688,1.1476,0.52771,0.85083,0,0,0,0,0,0,0,0,0,0,0,0,0,0,0,0,0,0,0,0,0,0,0,0,0,0,0,0,0,0,0,0.56688,0.000465035,0.000155012,0.000465035,0.000155012,0.000465035,0.000155012,0.000465035,0.000155012
764,131187,0.93921,0.46708,0.81808,0,0,0,0,0,0,0.08663,0.00146,0.0001,0,0,0,0,0,0,0,0,0,0,0,0,0,0,0.76184,0.19258,0,0,0.48117,0.05796,0.44685,0.48165,0.86309,0.80206,0.84518,0.56686,1.14732,0.52775,0.8508,0,0,0,0,0,0,0,0,0,0,0,0,0,0,0,0,0,0,0,0,0,0,0,0,0,0,0,0,0,0,0,0.56686,0.000456479,0.00015216,0.000456479,0.00015216,0.000456479,0.00015216,0.000456479,0.00015216
765,131283,0.94919,0.46961,0.81809,0,0,0,0,0,0,0.08552,0.00146,0.00011,0,0,0,0,0,0,0,0,0,0,0,0,0,0,0.75286,0.19222,0,0,0.48101,0.05791,0.44647,0.48149,0.86372,0.80198,0.84544,0.56636,1.1471,0.52785,0.8508,0,0,0,0,0,0,0,0,0,0,0,0,0,0,0,0,0,0,0,0,0,0,0,0,0,0,0,0,0,0,0,0.56636,0.000448149,0.000149383,0.000448149,0.000149383,0.000448149,0.000149383,0.000448149,0.000149383
766,131379,0.94607,0.46988,0.82053,0,0,0,0,0,0,0.08595,0.00146,0.00015,0,0,0,0,0,0,0,0,0,0,0,0,0,0,0.74272,0.19185,0,0,0.48105,0.05792,0.44617,0.48154,0.86292,0.80318,0.8458,0.56643,1.14799,0.52781,0.85084,0,0,0,0,0,0,0,0,0,0,0,0,0,0,0,0,0,0,0,0,0,0,0,0,0,0,0,0,0,0,0,0.56643,0.000440045,0.000146682,0.000440045,0.000146682,0.000440045,0.000146682,0.000440045,0.000146682
767,131475,0.9461,0.47265,0.81869,0,0,0,0,0,0,0.08652,0.00146,0.00013,4e-05,0,0,0,0,0,0,0,0,0,0,0,0,0,0.77447,0.19208,0,0,0.48109,0.05794,0.44639,0.48157,0.86201,0.80259,0.84529,0.56619,1.14795,0.52752,0.85076,0,0,0,0,0,0,0,0,0,0,0,0,0,0,0,0,0,0,0,0,0,0,0,0,0,0,0,0,0,0,0,0.56619,0.000432169,0.000144056,0.000432169,0.000144056,0.000432169,0.000144056,0.000432169,0.000144056
768,131571,0.94673,0.46959,0.81816,0,0,0,0,0,0,0.08581,0.00146,0.00012,0,0,0,0,0,0,0,0,0,0,0,0,0,0,0.75145,0.19209,0,0,0.48106,0.05789,0.44715,0.48154,0.86429,0.80135,0.84507,0.56618,1.14805,0.52787,0.85073,0,0,0,0,0,0,0,0,0,0,0,0,0,0,0,0,0,0,0,0,0,0,0,0,0,0,0,0,0,0,0,0.56618,0.000424519,0.000141506,0.000424519,0.000141506,0.000424519,0.000141506,0.000424519,0.000141506
769,131665,0.94484,0.47005,0.81796,0,0,0,0,0,0,0.08572,0.00146,0.00011,1e-05,0,0,0,0,0,0,0,0,0,0,0,0,0,0.75154,0.19179,0,0,0.48097,0.05792,0.44681,0.48145,0.86452,0.80149,0.84487,0.56556,1.14896,0.52793,0.85085,0,0,0,0,0,0,0,0,0,0,0,0,0,0,0,0,0,0,0,0,0,0,0,0,0,0,0,0,0,0,0,0.56556,0.000417097,0.000139032,0.000417097,0.000139032,0.000417097,0.000139032,0.000417097,0.000139032
770,131761,0.94391,0.46885,0.81947,0,0,0,0,0,0,0.08516,0.00146,0.00014,4e-05,0,0,0,0,0,0,0,0,0,0,0,0,0,0.75802,0.19176,0,0,0.48104,0.05792,0.44617,0.48152,0.8641,0.80148,0.84492,0.56545,1.15045,0.52816,0.85104,0,0,0,0,0,0,0,0,0,0,0,0,0,0,0,0,0,0,0,0,0,0,0,0,0,0,0,0,0,0,0,0.56545,0.000409901,0.000136634,0.000409901,0.000136634,0.000409901,0.000136634,0.000409901,0.000136634
771,131855,0.94049,0.46753,0.81717,0,0,0,0,0,0,0.08589,0.00146,0.00011,1e-05,0,0,0,0,0,0,0,0,0,0,0,0,0,0.75611,0.19146,0,0,0.48102,0.0579,0.44684,0.48148,0.86356,0.8015,0.84476,0.56512,1.15183,0.52847,0.85114,0,0,0,0,0,0,0,0,0,0,0,0,0,0,0,0,0,0,0,0,0,0,0,0,0,0,0,0,0,0,0,0.56512,0.000402933,0.000134311,0.000402933,0.000134311,0.000402933,0.000134311,0.000402933,0.000134311
772,131950,0.93937,0.46691,0.82064,0,0,0,0,0,0,0.08618,0.00146,0.00017,1e-05,0,0,0,0,0,0,0,0,0,0,0,0,0,0.76134,0.19106,0,0,0.48096,0.0579,0.44624,0.48145,0.86422,0.80176,0.84431,0.56469,1.15265,0.52857,0.85129,0,0,0,0,0,0,0,0,0,0,0,0,0,0,0,0,0,0,0,0,0,0,0,0,0,0,0,0,0,0,0,0.56469,0.000396193,0.000132064,0.000396193,0.000132064,0.000396193,0.000132064,0.000396193,0.000132064
773,132047,0.94205,0.46855,0.8174,0,0,0,0,0,0,0.08609,0.00145,0.00015,0,0,0,0,0,0,0,0,0,0,0,0,0,0,0.74819,0.19102,0,0,0.48102,0.05791,0.44642,0.4815,0.86433,0.80058,0.84397,0.56446,1.15379,0.52855,0.8514,0,0,0,0,0,0,0,0,0,0,0,0,0,0,0,0,0,0,0,0,0,0,0,0,0,0,0,0,0,0,0,0.56446,0.00038968,0.000129893,0.00038968,0.000129893,0.00038968,0.000129893,0.00038968,0.000129893
774,132149,0.93937,0.46707,0.81832,0,0,0,0,0,0,0.08671,0.00145,0.00015,3e-05,0,0,0,0,0,0,0,0,0,0,0,0,0,0.74024,0.1907,0,0,0.48105,0.0579,0.44688,0.48153,0.86436,0.80089,0.84409,0.56414,1.15418,0.5287,0.85145,0,0,0,0,0,0,0,0,0,0,0,0,0,0,0,0,0,0,0,0,0,0,0,0,0,0,0,0,0,0,0,0.56414,0.000383394,0.000127798,0.000383394,0.000127798,0.000383394,0.000127798,0.000383394,0.000127798
775,132257,0.94568,0.46878,0.81598,0,0,0,0,0,0,0.08636,0.00145,0.00012,0,0,0,0,0,0,0,0,0,0,0,0,0,0,0.73664,0.19028,0,0,0.48106,0.05797,0.44676,0.48154,0.86394,0.80025,0.84371,0.56413,1.15425,0.52889,0.85154,0,0,0,0,0,0,0,0,0,0,0,0,0,0,0,0,0,0,0,0,0,0,0,0,0,0,0,0,0,0,0,0.56413,0.000377337,0.000125779,0.000377337,0.000125779,0.000377337,0.000125779,0.000377337,0.000125779
776,132352,0.9403,0.46602,0.81694,0,0,0,0,0,0,0.08581,0.00145,0.00011,0,0,0,0,0,0,0,0,0,0,0,0,0,0,0.74155,0.19017,0,0,0.48102,0.0579,0.4471,0.48149,0.86494,0.79951,0.84399,0.56422,1.15517,0.52881,0.85162,0,0,0,0,0,0,0,0,0,0,0,0,0,0,0,0,0,0,0,0,0,0,0,0,0,0,0,0,0,0,0,0.56422,0.000371507,0.000123836,0.000371507,0.000123836,0.000371507,0.000123836,0.000371507,0.000123836
777,132448,0.94785,0.47067,0.81893,0,0,0,0,0,0,0.0863,0.00145,0.00018,0,0,0,0,0,0,0,0,0,0,0,0,0,0,0.74319,0.19035,0,0,0.48107,0.05792,0.44684,0.48155,0.866,0.79948,0.84385,0.56437,1.15485,0.52868,0.85157,0,0,0,0,0,0,0,0,0,0,0,0,0,0,0,0,0,0,0,0,0,0,0,0,0,0,0,0,0,0,0,0.56437,0.000365905,0.000121968,0.000365905,0.000121968,0.000365905,0.000121968,0.000365905,0.000121968
778,132551,0.9409,0.46655,0.81855,0,0,0,0,0,0,0.08539,0.00145,0.0002,1e-05,0,0,0,0,0,0,0,0,0,0,0,0,0,0.74699,0.19044,0,0,0.48104,0.0579,0.4468,0.48151,0.86451,0.80039,0.84397,0.56416,1.15596,0.5291,0.85166,0,0,0,0,0,0,0,0,0,0,0,0,0,0,0,0,0,0,0,0,0,0,0,0,0,0,0,0,0,0,0,0.56416,0.000360531,0.000120177,0.000360531,0.000120177,0.000360531,0.000120177,0.000360531,0.000120177
779,132654,0.93772,0.46871,0.81877,0,0,0,0,0,0,0.08589,0.00145,0.00016,0,0,0,0,0,0,0,0,0,0,0,0,0,0,0.7307,0.19049,0,0,0.48099,0.05787,0.44628,0.48147,0.86446,0.79984,0.8435,0.56338,1.15804,0.52984,0.85195,0,0,0,0,0,0,0,0,0,0,0,0,0,0,0,0,0,0,0,0,0,0,0,0,0,0,0,0,0,0,0,0.56338,0.000355385,0.000118462,0.000355385,0.000118462,0.000355385,0.000118462,0.000355385,0.000118462
780,132751,0.93635,0.46467,0.81564,0,0,0,0,0,0,0.08603,0.00145,0.00018,0,0,0,0,0,0,0,0,0,0,0,0,0,0,0.73969,0.19023,0,0,0.48095,0.05789,0.44609,0.48143,0.86394,0.79996,0.84331,0.56346,1.15834,0.52981,0.85194,0,0,0,0,0,0,0,0,0,0,0,0,0,0,0,0,0,0,0,0,0,0,0,0,0,0,0,0,0,0,0,0.56346,0.000350467,0.000116822,0.000350467,0.000116822,0.000350467,0.000116822,0.000350467,0.000116822
781,132848,0.93666,0.46809,0.81867,0,0,0,0,0,0,0.08572,0.00145,0.0001,0,0,0,0,0,0,0,0,0,0,0,0,0,0,0.73333,0.19031,0,0,0.48102,0.0579,0.44667,0.4815,0.86712,0.798,0.84324,0.56363,1.15839,0.5299,0.85198,0,0,0,0,0,0,0,0,0,0,0,0,0,0,0,0,0,0,0,0,0,0,0,0,0,0,0,0,0,0,0,0.56363,0.000345778,0.000115259,0.000345778,0.000115259,0.000345778,0.000115259,0.000345778,0.000115259
782,132946,0.9399,0.46565,0.8173,0,0,0,0,0,0,0.08578,0.00145,0.00019,5e-05,0,0,0,0,0,0,0,0,0,0,0,0,0,0.73008,0.18985,0,0,0.48108,0.05795,0.44717,0.48156,0.86707,0.79806,0.84382,0.56345,1.15875,0.53038,0.85194,0,0,0,0,0,0,0,0,0,0,0,0,0,0,0,0,0,0,0,0,0,0,0,0,0,0,0,0,0,0,0,0.56345,0.000341316,0.000113772,0.000341316,0.000113772,0.000341316,0.000113772,0.000341316,0.000113772
783,133041,0.93538,0.46552,0.81849,0,0,0,0,0,0,0.08682,0.00145,0.00013,1e-05,0,0,0,0,0,0,0,0,0,0,0,0,0,0.72814,0.18995,0,0,0.48105,0.05791,0.44658,0.48153,0.86403,0.79874,0.84283,0.56367,1.15966,0.53043,0.85209,0,0,0,0,0,0,0,0,0,0,0,0,0,0,0,0,0,0,0,0,0,0,0,0,0,0,0,0,0,0,0,0.56367,0.000337083,0.000112361,0.000337083,0.000112361,0.000337083,0.000112361,0.000337083,0.000112361
784,133140,0.93475,0.46522,0.81723,0,0,0,0,0,0,0.08554,0.00145,0.00013,0,0,0,0,0,0,0,0,0,0,0,0,0,0,0.73529,0.19017,0,0,0.48102,0.05791,0.44633,0.48151,0.86342,0.79896,0.84283,0.56342,1.16093,0.53134,0.85222,0,0,0,0,0,0,0,0,0,0,0,0,0,0,0,0,0,0,0,0,0,0,0,0,0,0,0,0,0,0,0,0.56342,0.000333079,0.000111026,0.000333079,0.000111026,0.000333079,0.000111026,0.000333079,0.000111026
785,133247,0.93957,0.46458,0.8162,0,0,0,0,0,0,0.08539,0.00145,0.00018,0,0,0,0,0,0,0,0,0,0,0,0,0,0,0.7407,0.18993,0,0,0.48104,0.05793,0.44679,0.48152,0.86397,0.79837,0.8426,0.56268,1.16098,0.53072,0.85227,0,0,0,0,0,0,0,0,0,0,0,0,0,0,0,0,0,0,0,0,0,0,0,0,0,0,0,0,0,0,0,0.56268,0.000329303,0.000109768,0.000329303,0.000109768,0.000329303,0.000109768,0.000329303,0.000109768
786,133344,0.93988,0.46876,0.8196,0,0,0,0,0,0,0.08531,0.00145,0.00012,5e-05,0,0,0,0,0,0,0,0,0,0,0,0,0,0.75288,0.18953,0,0,0.48104,0.0579,0.44623,0.48153,0.86266,0.79799,0.84167,0.56213,1.16391,0.53181,0.85263,0,0,0,0,0,0,0,0,0,0,0,0,0,0,0,0,0,0,0,0,0,0,0,0,0,0,0,0,0,0,0,0.56213,0.000325756,0.000108585,0.000325756,0.000108585,0.000325756,0.000108585,0.000325756,0.000108585
787,133440,0.93335,0.46445,0.81678,0,0,0,0,0,0,0.08623,0.00145,0.00016,0,0,0,0,0,0,0,0,0,0,0,0,0,0,0.75242,0.18976,0,0,0.48103,0.05788,0.44706,0.4815,0.86093,0.79872,0.84125,0.56167,1.16569,0.53206,0.85281,0,0,0,0,0,0,0,0,0,0,0,0,0,0,0,0,0,0,0,0,0,0,0,0,0,0,0,0,0,0,0,0.56167,0.000322437,0.000107479,0.000322437,0.000107479,0.000322437,0.000107479,0.000322437,0.000107479
788,133538,0.94045,0.46691,0.81688,0,0,0,0,0,0,0.08612,0.00145,0.00011,1e-05,0,0,0,0,0,0,0,0,0,0,0,0,0,0.74805,0.18946,0,0,0.48096,0.0579,0.44667,0.48141,0.86105,0.79924,0.84181,0.56151,1.16815,0.53275,0.85307,0,0,0,0,0,0,0,0,0,0,0,0,0,0,0,0,0,0,0,0,0,0,0,0,0,0,0,0,0,0,0,0.56151,0.000319347,0.000106449,0.000319347,0.000106449,0.000319347,0.000106449,0.000319347,0.000106449
789,133634,0.93415,0.46354,0.81803,0,0,0,0,0,0,0.08509,0.00145,0.00011,0,0,0,0,0,0,0,0,0,0,0,0,0,0,0.75151,0.18947,0,0,0.48106,0.05791,0.44668,0.48155,0.8613,0.79781,0.84106,0.56135,1.16916,0.53321,0.85319,0,0,0,0,0,0,0,0,0,0,0,0,0,0,0,0,0,0,0,0,0,0,0,0,0,0,0,0,0,0,0,0.56135,0.000316485,0.000105495,0.000316485,0.000105495,0.000316485,0.000105495,0.000316485,0.000105495
790,133731,0.93247,0.465,0.81659,0,0,0,0,0,0,0.08516,0.00145,0.00012,3e-05,0,0,0,0,0,0,0,0,0,0,0,0,0,0.75213,0.1895,0,0,0.48099,0.05791,0.44649,0.48148,0.86003,0.79819,0.84058,0.56086,1.16989,0.53337,0.85323,0,0,0,0,0,0,0,0,0,0,0,0,0,0,0,0,0,0,0,0,0,0,0,0,0,0,0,0,0,0,0,0.56086,0.000313853,0.000104618,0.000313853,0.000104618,0.000313853,0.000104618,0.000313853,0.000104618
791,133829,0.94209,0.46749,0.81442,0,0,0,0,0,0,0.08545,0.00145,0.00015,2e-05,0,0,0,0,0,0,0,0,0,0,0,0,0,0.75015,0.19007,0,0,0.48107,0.05792,0.44661,0.48155,0.85985,0.79888,0.84039,0.56061,1.17132,0.53417,0.85346,0,0,0,0,0,0,0,0,0,0,0,0,0,0,0,0,0,0,0,0,0,0,0,0,0,0,0,0,0,0,0,0.56061,0.000311449,0.000103816,0.000311449,0.000103816,0.000311449,0.000103816,0.000311449,0.000103816
792,133929,0.93012,0.46378,0.81799,0,0,0,0,0,0,0.0861,0.00145,0.00014,0,0,0,0,0,0,0,0,0,0,0,0,0,0,0.74993,0.19013,0,0,0.48097,0.05789,0.44726,0.48144,0.85958,0.7988,0.84017,0.56006,1.17243,0.53444,0.8536,0,0,0,0,0,0,0,0,0,0,0,0,0,0,0,0,0,0,0,0,0,0,0,0,0,0,0,0,0,0,0,0.56006,0.000309274,0.000103091,0.000309274,0.000103091,0.000309274,0.000103091,0.000309274,0.000103091
793,134028,0.93511,0.46472,0.81713,0,0,0,0,0,0,0.08563,0.00145,0.00015,0,0,0,0,0,0,0,0,0,0,0,0,0,0,0.74217,0.19004,0,0,0.48096,0.05786,0.44686,0.48143,0.8594,0.79895,0.83978,0.5602,1.17297,0.53485,0.8537,0,0,0,0,0,0,0,0,0,0,0,0,0,0,0,0,0,0,0,0,0,0,0,0,0,0,0,0,0,0,0,0.5602,0.000307328,0.000102443,0.000307328,0.000102443,0.000307328,0.000102443,0.000307328,0.000102443
794,134128,0.93409,0.46329,0.81777,0,0,0,0,0,0,0.08589,0.00145,0.00012,3e-05,0,0,0,0,0,0,0,0,0,0,0,0,0,0.75002,0.19047,0,0,0.48105,0.05791,0.44673,0.48153,0.85887,0.79949,0.83966,0.56005,1.17395,0.53522,0.85382,0,0,0,0,0,0,0,0,0,0,0,0,0,0,0,0,0,0,0,0,0,0,0,0,0,0,0,0,0,0,0,0.56005,0.00030561,0.00010187,0.00030561,0.00010187,0.00030561,0.00010187,0.00030561,0.00010187
795,134225,0.93688,0.465,0.82039,0,0,0,0,0,0,0.08648,0.00145,0.00017,1e-05,0,0,0,0,0,0,0,0,0,0,0,0,0,0.74887,0.19043,0,0,0.48107,0.05794,0.44679,0.48155,0.8594,0.79812,0.83985,0.55963,1.17385,0.53558,0.85387,0,0,0,0,0,0,0,0,0,0,0,0,0,0,0,0,0,0,0,0,0,0,0,0,0,0,0,0,0,0,0,0.55963,0.000304122,0.000101374,0.000304122,0.000101374,0.000304122,0.000101374,0.000304122,0.000101374
796,134342,0.93392,0.46232,0.81758,0,0,0,0,0,0,0.08629,0.00145,0.00019,0,0,0,0,0,0,0,0,0,0,0,0,0,0,0.75159,0.19008,0,0,0.48099,0.05791,0.44718,0.48146,0.85938,0.79859,0.83888,0.55965,1.17488,0.53572,0.85396,0,0,0,0,0,0,0,0,0,0,0,0,0,0,0,0,0,0,0,0,0,0,0,0,0,0,0,0,0,0,0,0.55965,0.000302862,0.000100954,0.000302862,0.000100954,0.000302862,0.000100954,0.000302862,0.000100954
797,134445,0.93456,0.46373,0.81753,0,0,0,0,0,0,0.08522,0.00145,0.00019,1e-05,0,0,0,0,0,0,0,0,0,0,0,0,0,0.75465,0.19017,0,0,0.48101,0.05791,0.4462,0.4815,0.85898,0.79951,0.83881,0.55925,1.17598,0.53596,0.85415,0,0,0,0,0,0,0,0,0,0,0,0,0,0,0,0,0,0,0,0,0,0,0,0,0,0,0,0,0,0,0,0.55925,0.000301832,0.000100611,0.000301832,0.000100611,0.000301832,0.000100611,0.000301832,0.000100611
798,134541,0.94568,0.47038,0.81749,0,0,0,0,0,0,0.08536,0.00145,0.00017,4e-05,0,0,0,0,0,0,0,0,0,0,0,0,0,0.76875,0.19041,0,0,0.48115,0.05796,0.44718,0.48162,0.85896,0.79969,0.83908,0.55939,1.17635,0.53629,0.85421,0,0,0,0,0,0,0,0,0,0,0,0,0,0,0,0,0,0,0,0,0,0,0,0,0,0,0,0,0,0,0,0.55939,0.000301031,0.000100344,0.000301031,0.000100344,0.000301031,0.000100344,0.000301031,0.000100344
799,134638,0.93828,0.465,0.81807,0,0,0,0,0,0,0.08625,0.00145,0.00011,0,0,0,0,0,0,0,0,0,0,0,0,0,0,0.75596,0.19055,0,0,0.48104,0.05791,0.44717,0.48151,0.85719,0.79911,0.83848,0.55936,1.17711,0.53641,0.85434,0,0,0,0,0,0,0,0,0,0,0,0,0,0,0,0,0,0,0,0,0,0,0,0,0,0,0,0,0,0,0,0.55936,0.000300458,0.000100153,0.000300458,0.000100153,0.000300458,0.000100153,0.000300458,0.000100153
800,134734,0.93529,0.46617,0.81696,0,0,0,0,0,0,0.08556,0.00145,0.00015,0,0,0,0,0,0,0,0,0,0,0,0,0,0,0.75008,0.1902,0,0,0.48106,0.05791,0.44699,0.48154,0.8584,0.79998,0.83904,0.5592,1.17717,0.53649,0.85431,0,0,0,0,0,0,0,0,0,0,0,0,0,0,0,0,0,0,0,0,0,0,0,0,0,0,0,0,0,0,0,0.5592,0.000300115,0.000100038,0.000300115,0.000100038,0.000300115,0.000100038,0.000300115,0.000100038
