epoch,time,train/box_loss,train/cls_loss,train/dfl_loss,metrics/precision(B),metrics/recall(B),metrics/mAP50(B),metrics/mAP50-95(B),val/box_loss,val/cls_loss,val/dfl_loss,lr/pg0,lr/pg1,lr/pg2,lr/pg3,lr/pg4,lr/pg5,lr/pg6,lr/pg7
1,65.3082,2.83936,3.48854,1.6026,0.54614,0.18066,0.12535,0.04521,2.93945,3.03758,1.38828,0.00995652,0.00331884,0.00995652,0.00331884,0.00995652,0.00331884,0.00995652,0.00331884
2,128.592,2.77887,2.40881,1.38929,0.417,0.17597,0.07696,0.02402,2.89822,5.35434,1.50513,0.0199564,0.00665215,0.0199564,0.00665215,0.0199564,0.00665215,0.0199564,0.00665215
3,192.09,2.90302,2.37271,1.47631,0.09039,0.16096,0.05361,0.01593,3.04027,6.13371,1.67374,0.0299561,0.00998535,0.0299561,0.00998535,0.0299561,0.00998535,0.0299561,0.00998535
4,255.106,2.92056,2.33739,1.51867,0.54521,0.17447,0.12487,0.03983,2.95456,5.81714,1.51553,0.029999,0.00999966,0.029999,0.00999966,0.029999,0.00999966,0.029999,0.00999966
5,317.847,2.80447,2.18896,1.45771,0.25768,0.19465,0.14933,0.05375,2.81486,2.46542,1.40524,0.0299982,0.00999939,0.0299982,0.00999939,0.0299982,0.00999939,0.0299982,0.00999939
6,381.323,2.73066,2.08769,1.4198,0.6289,0.22011,0.21264,0.07835,2.67933,2.011,1.34168,0.0299971,0.00999905,0.0299971,0.00999905,0.0299971,0.00999905,0.0299971,0.00999905
7,444.99,2.67739,2.00697,1.39026,0.63106,0.21568,0.1957,0.07469,2.67097,1.98945,1.36291,0.0299959,0.00999863,0.0299959,0.00999863,0.0299959,0.00999863,0.0299959,0.00999863
8,508.887,2.64194,1.95614,1.38504,0.34018,0.27111,0.22091,0.08811,2.58067,1.9885,1.30717,0.0299944,0.00999813,0.0299944,0.00999813,0.0299944,0.00999813,0.0299944,0.00999813
9,571.804,2.6014,1.90632,1.35514,0.65246,0.22884,0.23328,0.0952,2.56178,1.8332,1.32622,0.0299927,0.00999756,0.0299927,0.00999756,0.0299927,0.00999756,0.0299927,0.00999756
10,635.695,2.56573,1.87968,1.34593,0.41005,0.25263,0.25856,0.10731,2.54119,1.77939,1.28527,0.0299907,0.00999691,0.0299907,0.00999691,0.0299907,0.00999691,0.0299907,0.00999691
11,699.664,2.54971,1.83074,1.32734,0.38457,0.29514,0.26626,0.11171,2.49309,1.83076,1.26375,0.0299886,0.00999618,0.0299886,0.00999618,0.0299886,0.00999618,0.0299886,0.00999618
12,763.544,2.52036,1.80578,1.31719,0.32821,0.26945,0.28046,0.11965,2.51193,1.72225,1.25416,0.0299861,0.00999538,0.0299861,0.00999538,0.0299861,0.00999538,0.0299861,0.00999538
13,828.123,2.51636,1.79053,1.30803,0.38624,0.29085,0.28219,0.12147,2.47941,1.7089,1.26674,0.0299835,0.0099945,0.0299835,0.0099945,0.0299835,0.0099945,0.0299835,0.0099945
14,892.343,2.48668,1.74602,1.29471,0.45361,0.33221,0.32572,0.14062,2.42761,1.62019,1.23648,0.0299807,0.00999355,0.0299807,0.00999355,0.0299807,0.00999355,0.0299807,0.00999355
15,956.765,2.45328,1.72006,1.2803,0.41518,0.34539,0.31662,0.13881,2.44284,1.61137,1.2219,0.0299776,0.00999252,0.0299776,0.00999252,0.0299776,0.00999252,0.0299776,0.00999252
16,1021.65,2.4481,1.69238,1.27185,0.43529,0.33614,0.33078,0.14858,2.40759,1.62326,1.20484,0.0299742,0.00999141,0.0299742,0.00999141,0.0299742,0.00999141,0.0299742,0.00999141
17,1085.94,2.41141,1.67056,1.2601,0.46486,0.35144,0.34513,0.15272,2.35732,1.52947,1.1978,0.0299707,0.00999023,0.0299707,0.00999023,0.0299707,0.00999023,0.0299707,0.00999023
18,1150.31,2.40717,1.6589,1.25453,0.49062,0.3229,0.33302,0.15486,2.35462,1.56718,1.19844,0.0299669,0.00998897,0.0299669,0.00998897,0.0299669,0.00998897,0.0299669,0.00998897
19,1214.72,2.38602,1.64316,1.25366,0.4583,0.35297,0.35293,0.15738,2.32495,1.52658,1.18531,0.0299629,0.00998764,0.0299629,0.00998764,0.0299629,0.00998764,0.0299629,0.00998764
20,1279.02,2.3859,1.62768,1.24529,0.43866,0.3686,0.35611,0.16144,2.3621,1.52477,1.19468,0.0299587,0.00998623,0.0299587,0.00998623,0.0299587,0.00998623,0.0299587,0.00998623
21,1343.75,2.36987,1.61083,1.24132,0.48194,0.37307,0.37141,0.17453,2.29281,1.50159,1.16231,0.0299542,0.00998474,0.0299542,0.00998474,0.0299542,0.00998474,0.0299542,0.00998474
22,1409,2.36324,1.59538,1.22799,0.47039,0.35507,0.35359,0.16799,2.32471,1.51121,1.17597,0.0299495,0.00998318,0.0299495,0.00998318,0.0299495,0.00998318,0.0299495,0.00998318
23,1472.93,2.34439,1.58021,1.22967,0.48805,0.38206,0.37995,0.1844,2.26772,1.45593,1.15963,0.0299446,0.00998154,0.0299446,0.00998154,0.0299446,0.00998154,0.0299446,0.00998154
24,1537.75,2.31411,1.54295,1.21483,0.47191,0.39231,0.386,0.18252,2.31453,1.45519,1.16984,0.0299395,0.00997982,0.0299395,0.00997982,0.0299395,0.00997982,0.0299395,0.00997982
25,1602.28,2.3108,1.5426,1.21442,0.47345,0.40814,0.40399,0.19676,2.22896,1.40672,1.14863,0.0299341,0.00997803,0.0299341,0.00997803,0.0299341,0.00997803,0.0299341,0.00997803
26,1665.78,2.31301,1.52558,1.20772,0.49992,0.41002,0.41323,0.19947,2.21617,1.41162,1.14107,0.0299285,0.00997616,0.0299285,0.00997616,0.0299285,0.00997616,0.0299285,0.00997616
27,1729.67,2.28622,1.5063,1.19869,0.44571,0.42427,0.40763,0.19866,2.22691,1.38405,1.14239,0.0299227,0.00997422,0.0299227,0.00997422,0.0299227,0.00997422,0.0299227,0.00997422
28,1793.98,2.28044,1.48192,1.19197,0.46597,0.42332,0.41286,0.20104,2.25573,1.37863,1.14188,0.0299166,0.0099722,0.0299166,0.0099722,0.0299166,0.0099722,0.0299166,0.0099722
29,1857.61,2.2675,1.48002,1.19105,0.48257,0.44191,0.43392,0.215,2.16566,1.34131,1.12803,0.0299103,0.00997011,0.0299103,0.00997011,0.0299103,0.00997011,0.0299103,0.00997011
30,1920.65,2.25698,1.45306,1.18699,0.50115,0.44579,0.44693,0.22177,2.16476,1.31778,1.12082,0.0299038,0.00996794,0.0299038,0.00996794,0.0299038,0.00996794,0.0299038,0.00996794
31,1983.36,2.25316,1.45508,1.18533,0.49862,0.4391,0.4409,0.22061,2.16339,1.32816,1.12231,0.0298971,0.00996569,0.0298971,0.00996569,0.0298971,0.00996569,0.0298971,0.00996569
32,2045.52,2.23274,1.43566,1.17322,0.4814,0.47306,0.45474,0.2316,2.11441,1.28001,1.10635,0.0298901,0.00996337,0.0298901,0.00996337,0.0298901,0.00996337,0.0298901,0.00996337
33,2108.09,2.21986,1.43305,1.1766,0.48735,0.46111,0.44963,0.229,2.12286,1.28692,1.10374,0.0298829,0.00996097,0.0298829,0.00996097,0.0298829,0.00996097,0.0298829,0.00996097
34,2169.97,2.22202,1.41755,1.17163,0.49866,0.46708,0.45654,0.23146,2.11907,1.27084,1.10769,0.0298755,0.00995849,0.0298755,0.00995849,0.0298755,0.00995849,0.0298755,0.00995849
35,2232.08,2.2038,1.40769,1.16347,0.51374,0.47478,0.47154,0.24329,2.07256,1.24532,1.08877,0.0298678,0.00995594,0.0298678,0.00995594,0.0298678,0.00995594,0.0298678,0.00995594
36,2294.61,2.20013,1.39501,1.15908,0.50449,0.48004,0.47686,0.24591,2.06347,1.2362,1.09007,0.02986,0.00995332,0.02986,0.00995332,0.02986,0.00995332,0.02986,0.00995332
37,2356.5,2.18446,1.37937,1.15252,0.52523,0.49096,0.48265,0.25085,2.0607,1.22723,1.08597,0.0298519,0.00995062,0.0298519,0.00995062,0.0298519,0.00995062,0.0298519,0.00995062
38,2419.97,2.18467,1.38151,1.15287,0.52106,0.48409,0.48203,0.25297,2.04224,1.2088,1.08187,0.0298435,0.00994784,0.0298435,0.00994784,0.0298435,0.00994784,0.0298435,0.00994784
39,2482.18,2.17618,1.36266,1.15172,0.52104,0.49685,0.49046,0.25757,2.02503,1.19525,1.07395,0.029835,0.00994499,0.029835,0.00994499,0.029835,0.00994499,0.029835,0.00994499
40,2544.67,2.15917,1.35197,1.139,0.52205,0.49803,0.49634,0.2616,2.00035,1.18534,1.06467,0.0298262,0.00994206,0.0298262,0.00994206,0.0298262,0.00994206,0.0298262,0.00994206
41,2607.47,2.1608,1.34226,1.13893,0.51753,0.51071,0.49752,0.26481,2.00035,1.19388,1.06617,0.0298172,0.00993906,0.0298172,0.00993906,0.0298172,0.00993906,0.0298172,0.00993906
42,2669.86,2.14402,1.32582,1.13645,0.52069,0.51264,0.5014,0.27077,1.99302,1.16414,1.06734,0.0298079,0.00993598,0.0298079,0.00993598,0.0298079,0.00993598,0.0298079,0.00993598
43,2731.7,2.13512,1.31997,1.13339,0.5212,0.51202,0.50722,0.27711,1.97402,1.15632,1.05677,0.0297985,0.00993282,0.0297985,0.00993282,0.0297985,0.00993282,0.0297985,0.00993282
44,2793.89,2.13214,1.31633,1.12933,0.5229,0.51597,0.51163,0.2737,1.97842,1.15147,1.05509,0.0297888,0.0099296,0.0297888,0.0099296,0.0297888,0.0099296,0.0297888,0.0099296
45,2856.42,2.12882,1.31245,1.1273,0.52162,0.5238,0.51374,0.28013,1.96466,1.14154,1.05179,0.0297789,0.00992629,0.0297789,0.00992629,0.0297789,0.00992629,0.0297789,0.00992629
46,2918.22,2.11481,1.30813,1.12318,0.52868,0.51682,0.51364,0.2827,1.95128,1.13303,1.04618,0.0297687,0.00992291,0.0297687,0.00992291,0.0297687,0.00992291,0.0297687,0.00992291
47,2980.42,2.10705,1.29258,1.1204,0.54563,0.52589,0.52545,0.28929,1.93321,1.12223,1.04247,0.0297584,0.00991946,0.0297584,0.00991946,0.0297584,0.00991946,0.0297584,0.00991946
48,3041.29,2.09779,1.28299,1.11685,0.55438,0.52788,0.52887,0.29128,1.92419,1.11213,1.03964,0.0297478,0.00991593,0.0297478,0.00991593,0.0297478,0.00991593,0.0297478,0.00991593
49,3103.02,2.09559,1.27886,1.1181,0.55594,0.52745,0.5303,0.29427,1.91261,1.10029,1.03766,0.029737,0.00991232,0.029737,0.00991232,0.029737,0.00991232,0.029737,0.00991232
50,3164.58,2.09017,1.27309,1.11173,0.55657,0.52748,0.53131,0.2939,1.91446,1.09885,1.03518,0.0297259,0.00990864,0.0297259,0.00990864,0.0297259,0.00990864,0.0297259,0.00990864
51,3226.29,2.06905,1.25555,1.1082,0.56016,0.53265,0.53693,0.29919,1.9049,1.09105,1.03299,0.0297147,0.00990489,0.0297147,0.00990489,0.0297147,0.00990489,0.0297147,0.00990489
52,3288.15,2.07589,1.25985,1.10593,0.558,0.53182,0.53833,0.29955,1.90148,1.08651,1.0308,0.0297032,0.00990106,0.0297032,0.00990106,0.0297032,0.00990106,0.0297032,0.00990106
53,3349.42,2.07002,1.24891,1.10692,0.56923,0.53984,0.54274,0.30113,1.88932,1.07817,1.02748,0.0296915,0.00989715,0.0296915,0.00989715,0.0296915,0.00989715,0.0296915,0.00989715
54,3411,2.06907,1.24359,1.09753,0.57897,0.53833,0.54658,0.30456,1.87947,1.07218,1.02522,0.0296795,0.00989317,0.0296795,0.00989317,0.0296795,0.00989317,0.0296795,0.00989317
55,3472.76,2.04787,1.23895,1.09866,0.57079,0.54288,0.54572,0.30693,1.86965,1.06845,1.02225,0.0296674,0.00988912,0.0296674,0.00988912,0.0296674,0.00988912,0.0296674,0.00988912
56,3534.59,2.04594,1.23036,1.09472,0.58632,0.54691,0.55068,0.30959,1.86122,1.06077,1.01886,0.029655,0.00988499,0.029655,0.00988499,0.029655,0.00988499,0.029655,0.00988499
57,3597.2,2.04228,1.22824,1.09166,0.58109,0.5488,0.55224,0.31361,1.85265,1.0506,1.01657,0.0296424,0.00988079,0.0296424,0.00988079,0.0296424,0.00988079,0.0296424,0.00988079
58,3659.19,2.03707,1.21798,1.08868,0.58755,0.55249,0.55428,0.31588,1.84563,1.04534,1.01399,0.0296295,0.00987651,0.0296295,0.00987651,0.0296295,0.00987651,0.0296295,0.00987651
59,3719.93,2.03178,1.21413,1.08766,0.59643,0.55239,0.55798,0.31927,1.8349,1.03768,1.0106,0.0296165,0.00987216,0.0296165,0.00987216,0.0296165,0.00987216,0.0296165,0.00987216
60,3780.93,2.02789,1.21677,1.0862,0.60302,0.55113,0.55991,0.31963,1.82667,1.03414,1.00817,0.0296032,0.00986773,0.0296032,0.00986773,0.0296032,0.00986773,0.0296032,0.00986773
61,3843.02,2.02533,1.20782,1.0824,0.60088,0.55547,0.56105,0.32054,1.81962,1.02961,1.00652,0.0295897,0.00986323,0.0295897,0.00986323,0.0295897,0.00986323,0.0295897,0.00986323
62,3905.73,2.01623,1.19762,1.08186,0.59564,0.55785,0.56422,0.32245,1.81104,1.02494,1.0048,0.029576,0.00985866,0.029576,0.00985866,0.029576,0.00985866,0.029576,0.00985866
63,3968.06,2.01329,1.20402,1.08206,0.59978,0.5589,0.56604,0.32484,1.80645,1.02012,1.00339,0.029562,0.00985401,0.029562,0.00985401,0.029562,0.00985401,0.029562,0.00985401
64,4030.81,2.00116,1.18313,1.07682,0.59962,0.56097,0.56684,0.32656,1.80066,1.01564,1.00154,0.0295479,0.00984928,0.0295479,0.00984928,0.0295479,0.00984928,0.0295479,0.00984928
65,4092.89,1.99834,1.17955,1.08157,0.59737,0.56347,0.56846,0.32784,1.79537,1.01213,0.99964,0.0295335,0.00984449,0.0295335,0.00984449,0.0295335,0.00984449,0.0295335,0.00984449
66,4154.84,1.99643,1.18365,1.07882,0.60202,0.56342,0.56997,0.32955,1.79128,1.00841,0.99852,0.0295188,0.00983962,0.0295188,0.00983962,0.0295188,0.00983962,0.0295188,0.00983962
67,4217.11,1.9934,1.17988,1.07927,0.60746,0.56366,0.57152,0.3294,1.78778,1.0047,0.99731,0.029504,0.00983467,0.029504,0.00983467,0.029504,0.00983467,0.029504,0.00983467
68,4279.15,1.99474,1.17775,1.07546,0.61318,0.56379,0.57392,0.33031,1.78349,1.0015,0.99625,0.029489,0.00982965,0.029489,0.00982965,0.029489,0.00982965,0.029489,0.00982965
69,4341.6,1.98967,1.16505,1.07261,0.60889,0.56482,0.57505,0.33226,1.77948,0.99716,0.99498,0.0294737,0.00982456,0.0294737,0.00982456,0.0294737,0.00982456,0.0294737,0.00982456
70,4404.92,1.97059,1.16468,1.06829,0.60852,0.56496,0.57571,0.33301,1.77592,0.99501,0.99405,0.0294582,0.00981939,0.0294582,0.00981939,0.0294582,0.00981939,0.0294582,0.00981939
71,4468.95,1.96842,1.1589,1.06417,0.60937,0.56539,0.57696,0.33523,1.77278,0.9914,0.9932,0.0294425,0.00981415,0.0294425,0.00981415,0.0294425,0.00981415,0.0294425,0.00981415
72,4532.54,1.96506,1.15303,1.06268,0.60677,0.56613,0.57775,0.33663,1.76783,0.98921,0.99193,0.0294265,0.00980884,0.0294265,0.00980884,0.0294265,0.00980884,0.0294265,0.00980884
73,4596.45,1.95796,1.14562,1.05866,0.60373,0.56904,0.57809,0.33743,1.76459,0.98667,0.99066,0.0294104,0.00980345,0.0294104,0.00980345,0.0294104,0.00980345,0.0294104,0.00980345
74,4661.89,1.97063,1.14459,1.0627,0.60477,0.57012,0.57914,0.33856,1.75963,0.98384,0.9897,0.029394,0.00979799,0.029394,0.00979799,0.029394,0.00979799,0.029394,0.00979799
75,4727.39,1.95382,1.13641,1.05565,0.60714,0.57066,0.57978,0.33896,1.75647,0.98157,0.98848,0.0293774,0.00979246,0.0293774,0.00979246,0.0293774,0.00979246,0.0293774,0.00979246
76,4791.36,1.96653,1.15636,1.05957,0.60922,0.57078,0.58141,0.34037,1.75294,0.98021,0.98753,0.0293606,0.00978685,0.0293606,0.00978685,0.0293606,0.00978685,0.0293606,0.00978685
77,4856.25,1.94902,1.13426,1.05941,0.60938,0.57069,0.58331,0.341,1.7497,0.97776,0.98652,0.0293435,0.00978118,0.0293435,0.00978118,0.0293435,0.00978118,0.0293435,0.00978118
78,4920.87,1.94338,1.13442,1.05487,0.61337,0.57114,0.58421,0.3422,1.74688,0.97588,0.98558,0.0293263,0.00977542,0.0293263,0.00977542,0.0293263,0.00977542,0.0293263,0.00977542
79,4985.26,1.94965,1.1322,1.05315,0.61913,0.57109,0.58525,0.34292,1.74363,0.97407,0.9848,0.0293088,0.0097696,0.0293088,0.0097696,0.0293088,0.0097696,0.0293088,0.0097696
80,5050.71,1.93117,1.11939,1.05032,0.61738,0.57335,0.58723,0.34407,1.74056,0.97158,0.98367,0.0292911,0.0097637,0.0292911,0.0097637,0.0292911,0.0097637,0.0292911,0.0097637
81,5116.42,1.93315,1.1175,1.04989,0.62045,0.57447,0.58731,0.34443,1.73801,0.96989,0.98298,0.0292732,0.00975773,0.0292732,0.00975773,0.0292732,0.00975773,0.0292732,0.00975773
82,5180.42,1.92323,1.11511,1.04993,0.62248,0.57516,0.58863,0.34484,1.73529,0.96816,0.98217,0.0292551,0.00975169,0.0292551,0.00975169,0.0292551,0.00975169,0.0292551,0.00975169
83,5245.15,1.92605,1.12091,1.04646,0.6238,0.57408,0.58897,0.34524,1.73348,0.96663,0.98159,0.0292367,0.00974557,0.0292367,0.00974557,0.0292367,0.00974557,0.0292367,0.00974557
84,5310.69,1.92599,1.11317,1.04071,0.62243,0.57578,0.5899,0.34582,1.7308,0.96464,0.98072,0.0292181,0.00973938,0.0292181,0.00973938,0.0292181,0.00973938,0.0292181,0.00973938
85,5375.32,1.92345,1.10628,1.04631,0.62322,0.57636,0.59106,0.34595,1.72899,0.96269,0.98013,0.0291994,0.00973312,0.0291994,0.00973312,0.0291994,0.00973312,0.0291994,0.00973312
86,5439.78,1.90916,1.09967,1.04108,0.62631,0.57531,0.59109,0.34634,1.72774,0.96166,0.97963,0.0291804,0.00972679,0.0291804,0.00972679,0.0291804,0.00972679,0.0291804,0.00972679
87,5504.49,1.91854,1.10634,1.04252,0.62711,0.57649,0.59217,0.34716,1.72499,0.95946,0.97889,0.0291612,0.00972039,0.0291612,0.00972039,0.0291612,0.00972039,0.0291612,0.00972039
88,5569.62,1.90993,1.09959,1.04317,0.6216,0.578,0.59199,0.3475,1.72392,0.95831,0.97839,0.0291417,0.00971391,0.0291417,0.00971391,0.0291417,0.00971391,0.0291417,0.00971391
89,5633.68,1.90118,1.09596,1.03952,0.62727,0.57672,0.59396,0.34891,1.72115,0.95658,0.97754,0.0291221,0.00970736,0.0291221,0.00970736,0.0291221,0.00970736,0.0291221,0.00970736
90,5697.52,1.90324,1.09147,1.03921,0.62777,0.57754,0.59456,0.34932,1.71897,0.95491,0.97708,0.0291022,0.00970074,0.0291022,0.00970074,0.0291022,0.00970074,0.0291022,0.00970074
91,5760.31,1.89359,1.09234,1.0329,0.62871,0.57781,0.59523,0.3497,1.71665,0.9525,0.97638,0.0290821,0.00969405,0.0290821,0.00969405,0.0290821,0.00969405,0.0290821,0.00969405
92,5822.67,1.88739,1.08699,1.03453,0.62773,0.57732,0.59448,0.35056,1.71542,0.95179,0.97588,0.0290618,0.00968728,0.0290618,0.00968728,0.0290618,0.00968728,0.0290618,0.00968728
93,5885.77,1.88251,1.08056,1.03401,0.6243,0.57951,0.59533,0.35164,1.71281,0.94992,0.97527,0.0290413,0.00968045,0.0290413,0.00968045,0.0290413,0.00968045,0.0290413,0.00968045
94,5949.02,1.87816,1.07469,1.03654,0.62269,0.58138,0.59623,0.35237,1.71067,0.94807,0.97494,0.0290206,0.00967354,0.0290206,0.00967354,0.0290206,0.00967354,0.0290206,0.00967354
95,6012.83,1.88813,1.07813,1.03699,0.62439,0.58347,0.59715,0.35244,1.70872,0.94674,0.97427,0.0289997,0.00966656,0.0289997,0.00966656,0.0289997,0.00966656,0.0289997,0.00966656
96,6075.54,1.8869,1.07875,1.0297,0.62619,0.5819,0.59741,0.35316,1.70628,0.94482,0.97348,0.0289785,0.00965951,0.0289785,0.00965951,0.0289785,0.00965951,0.0289785,0.00965951
97,6138.08,1.89061,1.0873,1.03103,0.62792,0.5831,0.59795,0.3541,1.70436,0.94346,0.973,0.0289572,0.00965239,0.0289572,0.00965239,0.0289572,0.00965239,0.0289572,0.00965239
98,6200.66,1.87973,1.07151,1.02753,0.62708,0.58439,0.59811,0.35533,1.70188,0.94181,0.9724,0.0289356,0.0096452,0.0289356,0.0096452,0.0289356,0.0096452,0.0289356,0.0096452
99,6262.78,1.87073,1.06945,1.02692,0.62701,0.5833,0.59819,0.35586,1.70016,0.94066,0.97193,0.0289138,0.00963794,0.0289138,0.00963794,0.0289138,0.00963794,0.0289138,0.00963794
100,6324.89,1.86836,1.06741,1.02787,0.63114,0.58194,0.59882,0.35621,1.69848,0.93968,0.97126,0.0288918,0.00963061,0.0288918,0.00963061,0.0288918,0.00963061,0.0288918,0.00963061
101,6387.76,1.86804,1.06085,1.02934,0.63433,0.58251,0.59984,0.35724,1.69653,0.93787,0.97073,0.0288696,0.0096232,0.0288696,0.0096232,0.0288696,0.0096232,0.0288696,0.0096232
102,6450.89,1.86532,1.05808,1.0254,0.63347,0.58383,0.60023,0.35806,1.69449,0.93647,0.97,0.0288472,0.00961573,0.0288472,0.00961573,0.0288472,0.00961573,0.0288472,0.00961573
103,6513.79,1.85398,1.05928,1.02039,0.63813,0.58371,0.60081,0.35845,1.69278,0.93523,0.96955,0.0288246,0.00960819,0.0288246,0.00960819,0.0288246,0.00960819,0.0288246,0.00960819
104,6576.73,1.8555,1.0591,1.02645,0.63802,0.58443,0.60152,0.35863,1.69114,0.93335,0.96896,0.0288017,0.00960057,0.0288017,0.00960057,0.0288017,0.00960057,0.0288017,0.00960057
105,6639.35,1.85869,1.05929,1.02354,0.63703,0.58423,0.60117,0.35893,1.68945,0.9315,0.9684,0.0287787,0.00959289,0.0287787,0.00959289,0.0287787,0.00959289,0.0287787,0.00959289
106,6702.31,1.84842,1.05702,1.02503,0.6391,0.58396,0.60247,0.35919,1.68759,0.9306,0.96772,0.0287554,0.00958513,0.0287554,0.00958513,0.0287554,0.00958513,0.0287554,0.00958513
107,6765.69,1.84072,1.04249,1.01605,0.63519,0.58443,0.60268,0.35965,1.68615,0.92884,0.96737,0.0287319,0.00957731,0.0287319,0.00957731,0.0287319,0.00957731,0.0287319,0.00957731
108,6828.36,1.84391,1.04149,1.01963,0.63456,0.5844,0.60282,0.36017,1.6839,0.92758,0.96667,0.0287082,0.00956941,0.0287082,0.00956941,0.0287082,0.00956941,0.0287082,0.00956941
109,6891.35,1.83736,1.04289,1.01495,0.6372,0.58512,0.60404,0.36099,1.68214,0.92574,0.96615,0.0286843,0.00956145,0.0286843,0.00956145,0.0286843,0.00956145,0.0286843,0.00956145
110,6954.53,1.83875,1.03913,1.01835,0.63822,0.58623,0.60438,0.36138,1.68017,0.92432,0.96592,0.0286602,0.00955341,0.0286602,0.00955341,0.0286602,0.00955341,0.0286602,0.00955341
111,7017.64,1.84041,1.04515,1.01452,0.64146,0.58744,0.60499,0.36219,1.67758,0.92283,0.96517,0.0286359,0.00954531,0.0286359,0.00954531,0.0286359,0.00954531,0.0286359,0.00954531
112,7080.62,1.83979,1.03875,1.01909,0.64248,0.58765,0.6054,0.36283,1.67533,0.9208,0.9646,0.0286114,0.00953714,0.0286114,0.00953714,0.0286114,0.00953714,0.0286114,0.00953714
113,7142.7,1.82369,1.02502,1.01382,0.64412,0.58745,0.60538,0.36312,1.67387,0.91978,0.96404,0.0285867,0.00952889,0.0285867,0.00952889,0.0285867,0.00952889,0.0285867,0.00952889
114,7205.74,1.82463,1.02951,1.01004,0.64599,0.58889,0.60672,0.36424,1.67219,0.91866,0.96344,0.0285617,0.00952058,0.0285617,0.00952058,0.0285617,0.00952058,0.0285617,0.00952058
115,7269.5,1.84064,1.03845,1.01391,0.645,0.58897,0.60671,0.3645,1.67012,0.91708,0.96276,0.0285366,0.0095122,0.0285366,0.0095122,0.0285366,0.0095122,0.0285366,0.0095122
116,7332.4,1.82743,1.03361,1.01326,0.64228,0.59119,0.60747,0.36491,1.66782,0.91529,0.96223,0.0285113,0.00950375,0.0285113,0.00950375,0.0285113,0.00950375,0.0285113,0.00950375
117,7395.18,1.82342,1.02659,1.00893,0.64432,0.59004,0.60791,0.36518,1.66644,0.91412,0.96175,0.0284857,0.00949524,0.0284857,0.00949524,0.0284857,0.00949524,0.0284857,0.00949524
118,7458.62,1.82884,1.02554,1.0105,0.64423,0.59004,0.60803,0.36589,1.66405,0.91247,0.96116,0.02846,0.00948665,0.02846,0.00948665,0.02846,0.00948665,0.02846,0.00948665
119,7522.26,1.81982,1.02307,1.00854,0.64154,0.59126,0.60826,0.36653,1.66245,0.91125,0.9606,0.028434,0.009478,0.028434,0.009478,0.028434,0.009478,0.028434,0.009478
120,7584.71,1.81299,1.01786,1.0055,0.64376,0.59028,0.60855,0.36711,1.66059,0.91012,0.95995,0.0284078,0.00946927,0.0284078,0.00946927,0.0284078,0.00946927,0.0284078,0.00946927
121,7647.61,1.81398,1.01481,1.00772,0.64257,0.5919,0.60882,0.36779,1.65861,0.90789,0.95928,0.0283814,0.00946048,0.0283814,0.00946048,0.0283814,0.00946048,0.0283814,0.00946048
122,7711.56,1.81391,1.02431,1.00896,0.64387,0.59306,0.61005,0.36897,1.65595,0.90636,0.95836,0.0283549,0.00945162,0.0283549,0.00945162,0.0283549,0.00945162,0.0283549,0.00945162
123,7774.16,1.80989,1.01638,1.0071,0.64323,0.59352,0.61071,0.36921,1.65372,0.90465,0.95775,0.0283281,0.0094427,0.0283281,0.0094427,0.0283281,0.0094427,0.0283281,0.0094427
124,7837.05,1.82266,1.02069,1.00375,0.64227,0.59452,0.61135,0.36994,1.65198,0.90311,0.95718,0.0283011,0.0094337,0.0283011,0.0094337,0.0283011,0.0094337,0.0283011,0.0094337
125,7899.79,1.8089,1.01433,1.00563,0.63852,0.59658,0.61222,0.37047,1.64976,0.90165,0.95655,0.0282739,0.00942464,0.0282739,0.00942464,0.0282739,0.00942464,0.0282739,0.00942464
126,7961.92,1.80204,1.01213,1.00635,0.64162,0.59735,0.61361,0.3709,1.64762,0.90025,0.95586,0.0282465,0.00941551,0.0282465,0.00941551,0.0282465,0.00941551,0.0282465,0.00941551
127,8024.86,1.80443,1.01284,1.00139,0.64301,0.59806,0.61403,0.37133,1.64566,0.89829,0.95518,0.0282189,0.00940631,0.0282189,0.00940631,0.0282189,0.00940631,0.0282189,0.00940631
128,8086.96,1.80707,1.01039,1.00442,0.64319,0.59891,0.61508,0.37214,1.644,0.89698,0.9547,0.0281911,0.00939705,0.0281911,0.00939705,0.0281911,0.00939705,0.0281911,0.00939705
129,8149.38,1.80413,1.00934,1.0026,0.64207,0.5986,0.61518,0.37268,1.64207,0.89539,0.95387,0.0281632,0.00938772,0.0281632,0.00938772,0.0281632,0.00938772,0.0281632,0.00938772
130,8212.66,1.81284,1.01326,1.00498,0.64368,0.5975,0.61579,0.37267,1.64021,0.89375,0.95314,0.028135,0.00937832,0.028135,0.00937832,0.028135,0.00937832,0.028135,0.00937832
131,8275.15,1.78781,1.00733,0.99889,0.64705,0.59881,0.61711,0.37355,1.63866,0.89239,0.95262,0.0281066,0.00936886,0.0281066,0.00936886,0.0281066,0.00936886,0.0281066,0.00936886
132,8337.62,1.7982,0.99702,1.00563,0.64956,0.59992,0.61815,0.37391,1.63606,0.8904,0.95198,0.028078,0.00935932,0.028078,0.00935932,0.028078,0.00935932,0.028078,0.00935932
133,8399.84,1.79418,1.00534,1.00168,0.65044,0.60028,0.619,0.37423,1.63435,0.88881,0.95134,0.0280492,0.00934973,0.0280492,0.00934973,0.0280492,0.00934973,0.0280492,0.00934973
134,8461.43,1.79027,1.00381,1.00133,0.65322,0.60048,0.62029,0.37511,1.63248,0.8878,0.95095,0.0280202,0.00934006,0.0280202,0.00934006,0.0280202,0.00934006,0.0280202,0.00934006
135,8524.1,1.79202,0.99877,1.00046,0.65238,0.60142,0.6206,0.37568,1.63113,0.88653,0.9503,0.027991,0.00933033,0.027991,0.00933033,0.027991,0.00933033,0.027991,0.00933033
136,8587.19,1.78446,1.00007,0.99871,0.65789,0.59964,0.62042,0.37625,1.62954,0.88471,0.94975,0.0279616,0.00932054,0.0279616,0.00932054,0.0279616,0.00932054,0.0279616,0.00932054
137,8649.35,1.78341,0.99348,0.99506,0.65405,0.60155,0.62121,0.3768,1.62766,0.88377,0.94921,0.027932,0.00931067,0.027932,0.00931067,0.027932,0.00931067,0.027932,0.00931067
138,8710.85,1.78616,1.00137,0.9987,0.65993,0.6011,0.6219,0.37753,1.62566,0.88219,0.94868,0.0279022,0.00930075,0.0279022,0.00930075,0.0279022,0.00930075,0.0279022,0.00930075
139,8772.98,1.77159,0.99255,0.99435,0.66078,0.6016,0.62259,0.3777,1.62397,0.88059,0.94814,0.0278723,0.00929075,0.0278723,0.00929075,0.0278723,0.00929075,0.0278723,0.00929075
140,8834.91,1.78167,0.99008,0.99619,0.66406,0.60062,0.62331,0.3782,1.62232,0.87919,0.94761,0.0278421,0.00928069,0.0278421,0.00928069,0.0278421,0.00928069,0.0278421,0.00928069
141,8896.9,1.78394,0.99277,0.99614,0.66644,0.59989,0.62334,0.3786,1.61991,0.87799,0.9469,0.0278117,0.00927057,0.0278117,0.00927057,0.0278117,0.00927057,0.0278117,0.00927057
142,8957.07,1.77786,0.9867,0.9962,0.66215,0.60083,0.62314,0.37894,1.61785,0.87649,0.94625,0.0277811,0.00926038,0.0277811,0.00926038,0.0277811,0.00926038,0.0277811,0.00926038
143,9019.52,1.7718,0.98328,0.99515,0.66297,0.60253,0.62377,0.37966,1.61586,0.87475,0.94558,0.0277504,0.00925013,0.0277504,0.00925013,0.0277504,0.00925013,0.0277504,0.00925013
144,9081.47,1.76349,0.98841,0.99393,0.66356,0.60178,0.62368,0.38036,1.61414,0.87337,0.94514,0.0277194,0.00923981,0.0277194,0.00923981,0.0277194,0.00923981,0.0277194,0.00923981
145,9143.97,1.78275,0.98881,0.99395,0.66278,0.60358,0.62475,0.38064,1.61192,0.87187,0.94467,0.0276883,0.00922942,0.0276883,0.00922942,0.0276883,0.00922942,0.0276883,0.00922942
146,9205.77,1.7701,0.98644,0.99158,0.66679,0.60409,0.62602,0.38165,1.6102,0.86998,0.94418,0.0276569,0.00921898,0.0276569,0.00921898,0.0276569,0.00921898,0.0276569,0.00921898
147,9268.56,1.76633,0.9817,0.98881,0.66631,0.60527,0.62688,0.38245,1.60772,0.86831,0.94368,0.0276254,0.00920846,0.0276254,0.00920846,0.0276254,0.00920846,0.0276254,0.00920846
148,9332.08,1.7612,0.98048,0.99307,0.66697,0.60483,0.62759,0.38278,1.60563,0.86681,0.94309,0.0275937,0.00919789,0.0275937,0.00919789,0.0275937,0.00919789,0.0275937,0.00919789
149,9393.94,1.75842,0.97911,0.99169,0.66833,0.60518,0.62816,0.38342,1.60367,0.86509,0.94271,0.0275617,0.00918725,0.0275617,0.00918725,0.0275617,0.00918725,0.0275617,0.00918725
150,9455.86,1.74984,0.97671,0.98544,0.66891,0.60515,0.62839,0.38414,1.60204,0.86344,0.94213,0.0275296,0.00917654,0.0275296,0.00917654,0.0275296,0.00917654,0.0275296,0.00917654
151,9518.35,1.76566,0.97852,0.98879,0.67028,0.60519,0.62859,0.38455,1.60036,0.86177,0.94164,0.0274973,0.00916577,0.0274973,0.00916577,0.0274973,0.00916577,0.0274973,0.00916577
152,9580.61,1.75779,0.97371,0.98678,0.66817,0.60687,0.62891,0.38505,1.59902,0.86075,0.94126,0.0274648,0.00915494,0.0274648,0.00915494,0.0274648,0.00915494,0.0274648,0.00915494
153,9642.86,1.7489,0.97008,0.98642,0.66938,0.60738,0.62909,0.38565,1.59676,0.85962,0.94074,0.0274321,0.00914405,0.0274321,0.00914405,0.0274321,0.00914405,0.0274321,0.00914405
154,9705.19,1.75442,0.97164,0.98658,0.67067,0.60757,0.62938,0.38567,1.59522,0.85785,0.94022,0.0273993,0.00913309,0.0273993,0.00913309,0.0273993,0.00913309,0.0273993,0.00913309
155,9767.03,1.75424,0.97069,0.98555,0.67365,0.6089,0.6306,0.38644,1.59305,0.85682,0.9395,0.0273662,0.00912207,0.0273662,0.00912207,0.0273662,0.00912207,0.0273662,0.00912207
156,9829.58,1.74801,0.96897,0.98862,0.67224,0.60977,0.63128,0.38699,1.59102,0.85535,0.93902,0.027333,0.00911099,0.027333,0.00911099,0.027333,0.00911099,0.027333,0.00911099
157,9891.31,1.74567,0.96472,0.98662,0.67147,0.61039,0.63166,0.38769,1.58833,0.85352,0.93852,0.0272995,0.00909984,0.0272995,0.00909984,0.0272995,0.00909984,0.0272995,0.00909984
158,9953.11,1.74438,0.96153,0.98443,0.67202,0.61188,0.63235,0.3881,1.5864,0.85208,0.93791,0.0272659,0.00908863,0.0272659,0.00908863,0.0272659,0.00908863,0.0272659,0.00908863
159,10014.4,1.74858,0.96296,0.98589,0.67517,0.61009,0.6327,0.3885,1.58426,0.85086,0.93743,0.0272321,0.00907736,0.0272321,0.00907736,0.0272321,0.00907736,0.0272321,0.00907736
160,10075.8,1.75038,0.96456,0.98299,0.67405,0.61209,0.63329,0.38883,1.58148,0.84966,0.93671,0.0271981,0.00906603,0.0271981,0.00906603,0.0271981,0.00906603,0.0271981,0.00906603
161,10137.9,1.74023,0.96166,0.98264,0.67431,0.6124,0.63413,0.38929,1.57963,0.84819,0.93625,0.0271639,0.00905463,0.0271639,0.00905463,0.0271639,0.00905463,0.0271639,0.00905463
162,10199.6,1.73434,0.95684,0.98149,0.67809,0.6113,0.6349,0.38928,1.57772,0.84674,0.93563,0.0271295,0.00904318,0.0271295,0.00904318,0.0271295,0.00904318,0.0271295,0.00904318
163,10261.8,1.74358,0.96526,0.98512,0.67353,0.61369,0.63565,0.38993,1.57606,0.84577,0.93513,0.027095,0.00903166,0.027095,0.00903166,0.027095,0.00903166,0.027095,0.00903166
164,10323.4,1.73806,0.9584,0.9854,0.67685,0.61346,0.63683,0.39056,1.57446,0.84425,0.93459,0.0270602,0.00902008,0.0270602,0.00902008,0.0270602,0.00902008,0.0270602,0.00902008
165,10385,1.72941,0.9563,0.98012,0.67584,0.61392,0.63746,0.39116,1.57184,0.84262,0.93406,0.0270253,0.00900844,0.0270253,0.00900844,0.0270253,0.00900844,0.0270253,0.00900844
166,10447.3,1.73681,0.95866,0.9805,0.67572,0.61503,0.63768,0.39177,1.57026,0.84164,0.93368,0.0269902,0.00899674,0.0269902,0.00899674,0.0269902,0.00899674,0.0269902,0.00899674
167,10509,1.75112,0.96346,0.97999,0.67525,0.61669,0.6382,0.39273,1.56764,0.84008,0.93314,0.0269549,0.00898497,0.0269549,0.00898497,0.0269549,0.00898497,0.0269549,0.00898497
168,10571.2,1.73152,0.95388,0.98299,0.67311,0.61731,0.63798,0.39287,1.56589,0.83907,0.93264,0.0269195,0.00897315,0.0269195,0.00897315,0.0269195,0.00897315,0.0269195,0.00897315
169,10633.3,1.7306,0.95353,0.9773,0.67504,0.61862,0.63961,0.39378,1.56391,0.83733,0.93222,0.0268838,0.00896127,0.0268838,0.00896127,0.0268838,0.00896127,0.0268838,0.00896127
170,10695.5,1.72538,0.95192,0.98016,0.67791,0.61758,0.64025,0.39385,1.56262,0.83653,0.93174,0.026848,0.00894932,0.026848,0.00894932,0.026848,0.00894932,0.026848,0.00894932
171,10756,1.73367,0.95726,0.98047,0.68116,0.61826,0.6409,0.39462,1.56087,0.83535,0.9313,0.026812,0.00893732,0.026812,0.00893732,0.026812,0.00893732,0.026812,0.00893732
172,10817.8,1.73427,0.9506,0.98183,0.68051,0.61832,0.6409,0.3947,1.55847,0.83361,0.93064,0.0267758,0.00892525,0.0267758,0.00892525,0.0267758,0.00892525,0.0267758,0.00892525
173,10876,1.72433,0.94743,0.97692,0.68119,0.61966,0.64191,0.39578,1.5569,0.83286,0.93025,0.0267394,0.00891313,0.0267394,0.00891313,0.0267394,0.00891313,0.0267394,0.00891313
174,10937.7,1.73171,0.94807,0.98228,0.68171,0.62003,0.64263,0.39615,1.5552,0.83179,0.92986,0.0267028,0.00890095,0.0267028,0.00890095,0.0267028,0.00890095,0.0267028,0.00890095
175,11000.3,1.71844,0.94711,0.98001,0.68093,0.62114,0.64387,0.39676,1.55277,0.83016,0.92936,0.0266661,0.0088887,0.0266661,0.0088887,0.0266661,0.0088887,0.0266661,0.0088887
176,11061.8,1.7234,0.94161,0.98176,0.68121,0.62127,0.64423,0.39757,1.55042,0.82838,0.92885,0.0266292,0.0088764,0.0266292,0.0088764,0.0266292,0.0088764,0.0266292,0.0088764
177,11123.7,1.72904,0.94679,0.97714,0.68286,0.62189,0.64498,0.39825,1.54922,0.8273,0.92839,0.0265921,0.00886404,0.0265921,0.00886404,0.0265921,0.00886404,0.0265921,0.00886404
178,11185.6,1.71362,0.9456,0.97404,0.68241,0.62229,0.64507,0.39861,1.54722,0.8264,0.92794,0.0265549,0.00885162,0.0265549,0.00885162,0.0265549,0.00885162,0.0265549,0.00885162
179,11247.6,1.70759,0.93658,0.97436,0.685,0.62169,0.64512,0.39856,1.54455,0.82508,0.92738,0.0265174,0.00883914,0.0265174,0.00883914,0.0265174,0.00883914,0.0265174,0.00883914
180,11309.6,1.7196,0.94797,0.9761,0.68662,0.6218,0.64491,0.39919,1.54301,0.82398,0.92701,0.0264798,0.0088266,0.0264798,0.0088266,0.0264798,0.0088266,0.0264798,0.0088266
181,11371.8,1.71497,0.93741,0.97407,0.68404,0.62338,0.64565,0.39985,1.54156,0.8231,0.9267,0.026442,0.00881401,0.026442,0.00881401,0.026442,0.00881401,0.026442,0.00881401
182,11433.9,1.70955,0.94207,0.97209,0.68456,0.62474,0.64696,0.39997,1.53962,0.82223,0.92628,0.0264041,0.00880136,0.0264041,0.00880136,0.0264041,0.00880136,0.0264041,0.00880136
183,11496.3,1.71345,0.93898,0.97193,0.68132,0.62743,0.64776,0.40048,1.5373,0.82142,0.92572,0.0263659,0.00878864,0.0263659,0.00878864,0.0263659,0.00878864,0.0263659,0.00878864
184,11557.3,1.69615,0.93051,0.97259,0.68162,0.62885,0.64876,0.40141,1.53503,0.82042,0.92519,0.0263276,0.00877588,0.0263276,0.00877588,0.0263276,0.00877588,0.0263276,0.00877588
185,11620.1,1.70257,0.93545,0.96925,0.68084,0.62951,0.64847,0.40217,1.53311,0.81907,0.92468,0.0262891,0.00876305,0.0262891,0.00876305,0.0262891,0.00876305,0.0262891,0.00876305
186,11682.5,1.70843,0.93873,0.97574,0.68317,0.62779,0.6489,0.40248,1.53069,0.81782,0.92419,0.0262505,0.00875017,0.0262505,0.00875017,0.0262505,0.00875017,0.0262505,0.00875017
187,11744.5,1.69249,0.92851,0.97204,0.6795,0.63143,0.64958,0.40323,1.52877,0.81689,0.92377,0.0262117,0.00873723,0.0262117,0.00873723,0.0262117,0.00873723,0.0262117,0.00873723
188,11806.1,1.695,0.92955,0.96986,0.68282,0.63017,0.64993,0.40384,1.52673,0.81579,0.92314,0.0261727,0.00872423,0.0261727,0.00872423,0.0261727,0.00872423,0.0261727,0.00872423
189,11867.4,1.69725,0.93392,0.9731,0.68232,0.63048,0.65033,0.40432,1.52561,0.81431,0.92283,0.0261335,0.00871117,0.0261335,0.00871117,0.0261335,0.00871117,0.0261335,0.00871117
190,11928.9,1.69118,0.9226,0.96909,0.68554,0.63002,0.65114,0.405,1.52321,0.81335,0.92231,0.0260942,0.00869806,0.0260942,0.00869806,0.0260942,0.00869806,0.0260942,0.00869806
191,11990.9,1.69516,0.93072,0.97307,0.68558,0.63104,0.65145,0.40542,1.52157,0.81197,0.92188,0.0260547,0.0086849,0.0260547,0.0086849,0.0260547,0.0086849,0.0260547,0.0086849
192,12052.7,1.69854,0.93132,0.97304,0.68753,0.63354,0.65273,0.40679,1.51934,0.81057,0.92144,0.026015,0.00867167,0.026015,0.00867167,0.026015,0.00867167,0.026015,0.00867167
193,12115.4,1.69907,0.9342,0.9707,0.6879,0.63367,0.65474,0.40703,1.51695,0.80906,0.92095,0.0259752,0.00865839,0.0259752,0.00865839,0.0259752,0.00865839,0.0259752,0.00865839
194,12178.3,1.69209,0.92861,0.96978,0.6884,0.63498,0.6544,0.40714,1.51568,0.80777,0.9206,0.0259352,0.00864506,0.0259352,0.00864506,0.0259352,0.00864506,0.0259352,0.00864506
195,12240.7,1.68468,0.91898,0.96392,0.68962,0.6356,0.65526,0.40824,1.51374,0.80625,0.92013,0.025895,0.00863167,0.025895,0.00863167,0.025895,0.00863167,0.025895,0.00863167
196,12303.8,1.68583,0.91453,0.96869,0.68927,0.63697,0.65659,0.40882,1.51164,0.80491,0.91969,0.0258547,0.00861823,0.0258547,0.00861823,0.0258547,0.00861823,0.0258547,0.00861823
197,12366.9,1.69459,0.91893,0.96619,0.69084,0.63645,0.65688,0.40921,1.51005,0.80362,0.91928,0.0258142,0.00860473,0.0258142,0.00860473,0.0258142,0.00860473,0.0258142,0.00860473
198,12430.5,1.68126,0.92027,0.9671,0.69245,0.63693,0.65717,0.40983,1.50813,0.80266,0.91877,0.0257735,0.00859117,0.0257735,0.00859117,0.0257735,0.00859117,0.0257735,0.00859117
199,12493.6,1.68707,0.91747,0.9666,0.69141,0.63707,0.65756,0.41001,1.506,0.80124,0.91832,0.0257327,0.00857756,0.0257327,0.00857756,0.0257327,0.00857756,0.0257327,0.00857756
200,12557.2,1.68841,0.91451,0.96659,0.69118,0.63787,0.65823,0.41089,1.50391,0.80003,0.91788,0.0256917,0.0085639,0.0256917,0.0085639,0.0256917,0.0085639,0.0256917,0.0085639
201,12621.1,1.67954,0.91148,0.96558,0.69525,0.63736,0.65936,0.41171,1.50167,0.79863,0.91742,0.0256505,0.00855018,0.0256505,0.00855018,0.0256505,0.00855018,0.0256505,0.00855018
202,12686.8,1.68693,0.9104,0.96555,0.69837,0.63807,0.66013,0.41225,1.50029,0.79705,0.91709,0.0256092,0.00853641,0.0256092,0.00853641,0.0256092,0.00853641,0.0256092,0.00853641
203,12750.8,1.67182,0.91424,0.96759,0.70117,0.63736,0.66068,0.4127,1.49839,0.79542,0.91664,0.0255677,0.00852258,0.0255677,0.00852258,0.0255677,0.00852258,0.0255677,0.00852258
204,12815.5,1.67172,0.90395,0.96661,0.70042,0.63865,0.66145,0.41325,1.49707,0.79454,0.9165,0.0255261,0.0085087,0.0255261,0.0085087,0.0255261,0.0085087,0.0255261,0.0085087
205,12879.3,1.677,0.91395,0.96565,0.69973,0.63941,0.66174,0.41401,1.49522,0.79327,0.91615,0.0254843,0.00849477,0.0254843,0.00849477,0.0254843,0.00849477,0.0254843,0.00849477
206,12944.1,1.66896,0.90595,0.96414,0.70058,0.63939,0.66229,0.41501,1.49372,0.7917,0.91592,0.0254423,0.00848078,0.0254423,0.00848078,0.0254423,0.00848078,0.0254423,0.00848078
207,13008.6,1.67919,0.91024,0.963,0.69708,0.64344,0.66291,0.41539,1.49245,0.79072,0.91559,0.0254002,0.00846674,0.0254002,0.00846674,0.0254002,0.00846674,0.0254002,0.00846674
208,13072.7,1.6757,0.90738,0.9609,0.7004,0.64167,0.6633,0.41564,1.49122,0.7894,0.91522,0.025358,0.00845265,0.025358,0.00845265,0.025358,0.00845265,0.025358,0.00845265
209,13137.2,1.67531,0.9092,0.96471,0.70375,0.64184,0.66436,0.41592,1.48938,0.78833,0.91473,0.0253155,0.00843851,0.0253155,0.00843851,0.0253155,0.00843851,0.0253155,0.00843851
210,13201.3,1.6773,0.91476,0.96509,0.70097,0.64299,0.6649,0.41627,1.48766,0.78688,0.9144,0.0252729,0.00842431,0.0252729,0.00842431,0.0252729,0.00842431,0.0252729,0.00842431
211,13265.4,1.6619,0.9042,0.96273,0.70168,0.64293,0.6656,0.4169,1.48621,0.78541,0.9142,0.0252302,0.00841006,0.0252302,0.00841006,0.0252302,0.00841006,0.0252302,0.00841006
212,13329.6,1.66379,0.90252,0.96193,0.70116,0.64353,0.66671,0.41778,1.48457,0.78454,0.91381,0.0251873,0.00839576,0.0251873,0.00839576,0.0251873,0.00839576,0.0251873,0.00839576
213,13393.6,1.66769,0.90607,0.96213,0.70048,0.6451,0.66766,0.41834,1.48325,0.78339,0.91344,0.0251442,0.00838141,0.0251442,0.00838141,0.0251442,0.00838141,0.0251442,0.00838141
214,13457.9,1.66609,0.90458,0.96336,0.70269,0.64519,0.66759,0.41823,1.48114,0.78233,0.91303,0.025101,0.00836701,0.025101,0.00836701,0.025101,0.00836701,0.025101,0.00836701
215,13522,1.66114,0.90349,0.95683,0.7027,0.64564,0.66983,0.4192,1.47901,0.78129,0.91265,0.0250577,0.00835255,0.0250577,0.00835255,0.0250577,0.00835255,0.0250577,0.00835255
216,13587.2,1.66383,0.90815,0.9612,0.7034,0.64664,0.66988,0.41948,1.47722,0.78014,0.91235,0.0250141,0.00833805,0.0250141,0.00833805,0.0250141,0.00833805,0.0250141,0.00833805
217,13651,1.65847,0.90451,0.9623,0.70387,0.64681,0.66974,0.41976,1.47564,0.77908,0.91198,0.0249705,0.00832349,0.0249705,0.00832349,0.0249705,0.00832349,0.0249705,0.00832349
218,13715,1.65877,0.90012,0.95908,0.70981,0.64735,0.67088,0.42023,1.47411,0.7782,0.91157,0.0249267,0.00830889,0.0249267,0.00830889,0.0249267,0.00830889,0.0249267,0.00830889
219,13778.5,1.65764,0.89685,0.95584,0.7107,0.64686,0.67244,0.42106,1.4725,0.77697,0.9112,0.0248827,0.00829423,0.0248827,0.00829423,0.0248827,0.00829423,0.0248827,0.00829423
220,13842,1.6616,0.90294,0.95892,0.70933,0.64847,0.67252,0.42222,1.47043,0.77608,0.9108,0.0248386,0.00827952,0.0248386,0.00827952,0.0248386,0.00827952,0.0248386,0.00827952
221,13904.4,1.65398,0.89436,0.95517,0.71368,0.64912,0.67396,0.42267,1.46887,0.77517,0.91042,0.0247943,0.00826477,0.0247943,0.00826477,0.0247943,0.00826477,0.0247943,0.00826477
222,13967.9,1.65645,0.89721,0.95956,0.71438,0.64848,0.67415,0.42303,1.46726,0.77423,0.91012,0.0247499,0.00824996,0.0247499,0.00824996,0.0247499,0.00824996,0.0247499,0.00824996
223,14030.4,1.65456,0.89536,0.95786,0.71332,0.64847,0.67444,0.42372,1.46596,0.77305,0.90994,0.0247053,0.00823511,0.0247053,0.00823511,0.0247053,0.00823511,0.0247053,0.00823511
224,14093.2,1.65453,0.89632,0.959,0.71356,0.64901,0.67458,0.42376,1.46525,0.77175,0.90955,0.0246606,0.0082202,0.0246606,0.0082202,0.0246606,0.0082202,0.0246606,0.0082202
225,14156.7,1.6574,0.89377,0.95849,0.71101,0.64963,0.67472,0.4243,1.46255,0.77049,0.90904,0.0246157,0.00820525,0.0246157,0.00820525,0.0246157,0.00820525,0.0246157,0.00820525
226,14219.2,1.65217,0.8976,0.9558,0.71284,0.64896,0.67469,0.42462,1.46139,0.76955,0.90855,0.0245707,0.00819025,0.0245707,0.00819025,0.0245707,0.00819025,0.0245707,0.00819025
227,14281.7,1.6481,0.88919,0.95718,0.7126,0.64968,0.67599,0.42465,1.46014,0.76853,0.90809,0.0245256,0.0081752,0.0245256,0.0081752,0.0245256,0.0081752,0.0245256,0.0081752
228,14344.3,1.63683,0.8899,0.95315,0.71146,0.65036,0.67598,0.42534,1.45814,0.76791,0.90765,0.0244803,0.0081601,0.0244803,0.0081601,0.0244803,0.0081601,0.0244803,0.0081601
229,14407.3,1.65219,0.89415,0.95603,0.71225,0.65052,0.67642,0.42603,1.45657,0.76656,0.90722,0.0244349,0.00814495,0.0244349,0.00814495,0.0244349,0.00814495,0.0244349,0.00814495
230,14471.2,1.64396,0.88834,0.95703,0.7118,0.6508,0.67674,0.42627,1.4547,0.76601,0.90688,0.0243893,0.00812976,0.0243893,0.00812976,0.0243893,0.00812976,0.0243893,0.00812976
231,14533.9,1.64856,0.89044,0.95568,0.71099,0.65175,0.67716,0.42633,1.4536,0.76474,0.90658,0.0243435,0.00811452,0.0243435,0.00811452,0.0243435,0.00811452,0.0243435,0.00811452
232,14596.2,1.64462,0.88549,0.95459,0.71387,0.65387,0.67892,0.42701,1.45186,0.76337,0.90628,0.0242977,0.00809923,0.0242977,0.00809923,0.0242977,0.00809923,0.0242977,0.00809923
233,14658.9,1.63806,0.88319,0.95437,0.7161,0.65485,0.67969,0.42789,1.4506,0.76235,0.90583,0.0242517,0.00808389,0.0242517,0.00808389,0.0242517,0.00808389,0.0242517,0.00808389
234,14721.9,1.64121,0.88346,0.95383,0.71598,0.65507,0.68083,0.42888,1.4492,0.76128,0.90567,0.0242055,0.00806851,0.0242055,0.00806851,0.0242055,0.00806851,0.0242055,0.00806851
235,14785.1,1.63402,0.88808,0.95359,0.71619,0.65563,0.6814,0.42911,1.44802,0.76016,0.9054,0.0241592,0.00805308,0.0241592,0.00805308,0.0241592,0.00805308,0.0241592,0.00805308
236,14848.1,1.64621,0.88343,0.95408,0.71819,0.65505,0.68169,0.42953,1.44668,0.75878,0.90509,0.0241128,0.0080376,0.0241128,0.0080376,0.0241128,0.0080376,0.0241128,0.0080376
237,14910.7,1.64205,0.87936,0.95482,0.72009,0.65626,0.68283,0.42963,1.44527,0.75742,0.90474,0.0240662,0.00802208,0.0240662,0.00802208,0.0240662,0.00802208,0.0240662,0.00802208
238,14973.5,1.64849,0.88646,0.95591,0.7189,0.65679,0.68348,0.43072,1.44369,0.75673,0.90434,0.0240195,0.00800651,0.0240195,0.00800651,0.0240195,0.00800651,0.0240195,0.00800651
239,15036.7,1.64784,0.8895,0.95466,0.72034,0.65671,0.68368,0.43085,1.44327,0.75608,0.9042,0.0239727,0.0079909,0.0239727,0.0079909,0.0239727,0.0079909,0.0239727,0.0079909
240,15099.6,1.63048,0.8789,0.95306,0.72048,0.65646,0.6843,0.43134,1.4419,0.75518,0.904,0.0239257,0.00797524,0.0239257,0.00797524,0.0239257,0.00797524,0.0239257,0.00797524
241,15162.1,1.62141,0.87133,0.95041,0.72017,0.65786,0.68501,0.43155,1.44061,0.75403,0.90361,0.0238786,0.00795954,0.0238786,0.00795954,0.0238786,0.00795954,0.0238786,0.00795954
242,15225.6,1.62573,0.87579,0.95075,0.7218,0.65755,0.68544,0.43237,1.44009,0.75289,0.90343,0.0238314,0.00794379,0.0238314,0.00794379,0.0238314,0.00794379,0.0238314,0.00794379
243,15287.8,1.63512,0.87286,0.95375,0.72131,0.65818,0.68633,0.43264,1.43904,0.75214,0.9033,0.023784,0.007928,0.023784,0.007928,0.023784,0.007928,0.023784,0.007928
244,15350.6,1.62079,0.87048,0.94958,0.72147,0.65883,0.68672,0.43312,1.43759,0.75106,0.90282,0.0237365,0.00791216,0.0237365,0.00791216,0.0237365,0.00791216,0.0237365,0.00791216
245,15413.6,1.63077,0.87201,0.95427,0.72215,0.6588,0.68715,0.4333,1.43621,0.74986,0.9025,0.0236888,0.00789628,0.0236888,0.00789628,0.0236888,0.00789628,0.0236888,0.00789628
246,15476.8,1.62193,0.8725,0.9482,0.72321,0.65913,0.68709,0.43396,1.43506,0.74895,0.9021,0.0236411,0.00788035,0.0236411,0.00788035,0.0236411,0.00788035,0.0236411,0.00788035
247,15540.2,1.62303,0.87167,0.95008,0.72258,0.66015,0.6871,0.43414,1.43388,0.74759,0.90187,0.0235931,0.00786438,0.0235931,0.00786438,0.0235931,0.00786438,0.0235931,0.00786438
248,15602.8,1.62055,0.86827,0.95082,0.72489,0.66099,0.68764,0.4346,1.43223,0.74658,0.90154,0.0235451,0.00784837,0.0235451,0.00784837,0.0235451,0.00784837,0.0235451,0.00784837
249,15666.3,1.62148,0.86806,0.94937,0.72525,0.66021,0.68851,0.43509,1.43124,0.74584,0.90137,0.0234969,0.00783231,0.0234969,0.00783231,0.0234969,0.00783231,0.0234969,0.00783231
250,15728.9,1.61939,0.86459,0.94584,0.72463,0.6613,0.68842,0.43548,1.42964,0.74518,0.90107,0.0234486,0.00781621,0.0234486,0.00781621,0.0234486,0.00781621,0.0234486,0.00781621
251,15791.4,1.62182,0.87036,0.94808,0.7289,0.66017,0.68981,0.43577,1.42826,0.74403,0.9007,0.0234002,0.00780007,0.0234002,0.00780007,0.0234002,0.00780007,0.0234002,0.00780007
252,15854.3,1.61812,0.86329,0.94746,0.7286,0.66183,0.6908,0.43584,1.4266,0.74313,0.90044,0.0233517,0.00778389,0.0233517,0.00778389,0.0233517,0.00778389,0.0233517,0.00778389
253,15917,1.62283,0.8718,0.94925,0.72838,0.66248,0.69116,0.43708,1.42549,0.74249,0.90011,0.023303,0.00776766,0.023303,0.00776766,0.023303,0.00776766,0.023303,0.00776766
254,15979,1.61597,0.86327,0.94298,0.72722,0.66381,0.69118,0.4373,1.42391,0.74099,0.89989,0.0232542,0.0077514,0.0232542,0.0077514,0.0232542,0.0077514,0.0232542,0.0077514
255,16042.6,1.61844,0.86195,0.94506,0.72696,0.6637,0.69147,0.43776,1.42293,0.74032,0.89959,0.0232053,0.00773509,0.0232053,0.00773509,0.0232053,0.00773509,0.0232053,0.00773509
256,16105,1.61433,0.86055,0.94694,0.73015,0.66279,0.69229,0.43869,1.42143,0.73933,0.89933,0.0231562,0.00771873,0.0231562,0.00771873,0.0231562,0.00771873,0.0231562,0.00771873
257,16167.5,1.61261,0.86316,0.94636,0.72847,0.66492,0.69323,0.43938,1.42054,0.73831,0.89904,0.023107,0.00770234,0.023107,0.00770234,0.023107,0.00770234,0.023107,0.00770234
258,16230.4,1.61632,0.86657,0.94492,0.72922,0.66574,0.69381,0.43967,1.41922,0.73725,0.89881,0.0230577,0.00768591,0.0230577,0.00768591,0.0230577,0.00768591,0.0230577,0.00768591
259,16294,1.60978,0.8637,0.94947,0.731,0.6645,0.69401,0.44068,1.41775,0.73647,0.89873,0.0230083,0.00766944,0.0230083,0.00766944,0.0230083,0.00766944,0.0230083,0.00766944
260,16356.7,1.60776,0.85668,0.94372,0.73122,0.66557,0.69458,0.44095,1.41648,0.73549,0.89845,0.0229588,0.00765292,0.0229588,0.00765292,0.0229588,0.00765292,0.0229588,0.00765292
261,16419.3,1.60817,0.86114,0.94331,0.72869,0.66806,0.69553,0.44152,1.41538,0.73456,0.89814,0.0229091,0.00763637,0.0229091,0.00763637,0.0229091,0.00763637,0.0229091,0.00763637
262,16481.9,1.60583,0.85717,0.94392,0.73155,0.66881,0.69619,0.4422,1.41446,0.73423,0.89803,0.0228593,0.00761977,0.0228593,0.00761977,0.0228593,0.00761977,0.0228593,0.00761977
263,16543.9,1.59337,0.85171,0.94103,0.73219,0.66833,0.69677,0.44272,1.41268,0.73313,0.89776,0.0228094,0.00760314,0.0228094,0.00760314,0.0228094,0.00760314,0.0228094,0.00760314
264,16607.1,1.60095,0.85602,0.94459,0.73276,0.66854,0.69654,0.44292,1.4115,0.73222,0.8976,0.0227594,0.00758647,0.0227594,0.00758647,0.0227594,0.00758647,0.0227594,0.00758647
265,16669.6,1.59039,0.85229,0.94131,0.73102,0.66826,0.69658,0.44305,1.41033,0.73152,0.89735,0.0227093,0.00756976,0.0227093,0.00756976,0.0227093,0.00756976,0.0227093,0.00756976
266,16731.7,1.59918,0.85981,0.94329,0.73109,0.6696,0.69698,0.44367,1.40865,0.73064,0.89688,0.022659,0.007553,0.022659,0.007553,0.022659,0.007553,0.022659,0.007553
267,16794.3,1.60065,0.85419,0.94665,0.72936,0.67036,0.69751,0.44441,1.40757,0.72971,0.89662,0.0226086,0.00753621,0.0226086,0.00753621,0.0226086,0.00753621,0.0226086,0.00753621
268,16857.3,1.60063,0.85492,0.94529,0.72847,0.67228,0.69832,0.44485,1.40615,0.72868,0.89628,0.0225582,0.00751939,0.0225582,0.00751939,0.0225582,0.00751939,0.0225582,0.00751939
269,16919.1,1.59097,0.84988,0.945,0.73171,0.67074,0.69821,0.44504,1.40513,0.7278,0.89602,0.0225076,0.00750252,0.0225076,0.00750252,0.0225076,0.00750252,0.0225076,0.00750252
270,16981.5,1.59089,0.84824,0.93789,0.72923,0.67344,0.69923,0.44577,1.40398,0.72689,0.89564,0.0224568,0.00748562,0.0224568,0.00748562,0.0224568,0.00748562,0.0224568,0.00748562
271,17042.9,1.58926,0.85262,0.94077,0.73004,0.67327,0.69952,0.4463,1.40305,0.72666,0.89537,0.022406,0.00746868,0.022406,0.00746868,0.022406,0.00746868,0.022406,0.00746868
272,17105.1,1.58825,0.84342,0.94016,0.73007,0.67319,0.70039,0.44665,1.40134,0.7259,0.8951,0.0223551,0.0074517,0.0223551,0.0074517,0.0223551,0.0074517,0.0223551,0.0074517
273,17167.2,1.59478,0.85229,0.94098,0.73091,0.67514,0.70151,0.44695,1.40016,0.72525,0.89487,0.022304,0.00743468,0.022304,0.00743468,0.022304,0.00743468,0.022304,0.00743468
274,17230.1,1.58806,0.84711,0.94177,0.73409,0.67567,0.7024,0.44838,1.39868,0.72431,0.89455,0.0222529,0.00741763,0.0222529,0.00741763,0.0222529,0.00741763,0.0222529,0.00741763
275,17292.4,1.58379,0.84511,0.94345,0.73391,0.67638,0.70268,0.44817,1.39782,0.72359,0.89436,0.0222016,0.00740054,0.0222016,0.00740054,0.0222016,0.00740054,0.0222016,0.00740054
276,17354.4,1.58396,0.84385,0.9432,0.73593,0.67676,0.7031,0.44836,1.3967,0.72292,0.89402,0.0221502,0.00738341,0.0221502,0.00738341,0.0221502,0.00738341,0.0221502,0.00738341
277,17416.2,1.58085,0.8438,0.93731,0.73806,0.67614,0.70381,0.44871,1.39532,0.72183,0.89381,0.0220988,0.00736625,0.0220988,0.00736625,0.0220988,0.00736625,0.0220988,0.00736625
278,17478.5,1.58967,0.84626,0.9387,0.73878,0.67611,0.70434,0.44925,1.39424,0.72102,0.89362,0.0220472,0.00734906,0.0220472,0.00734906,0.0220472,0.00734906,0.0220472,0.00734906
279,17540.7,1.57774,0.83919,0.93578,0.7392,0.67691,0.7054,0.44971,1.39314,0.72038,0.89342,0.0219955,0.00733182,0.0219955,0.00733182,0.0219955,0.00733182,0.0219955,0.00733182
280,17602.5,1.58692,0.84299,0.93824,0.74049,0.67846,0.70594,0.45014,1.39193,0.71951,0.8931,0.0219437,0.00731456,0.0219437,0.00731456,0.0219437,0.00731456,0.0219437,0.00731456
281,17665,1.58185,0.8428,0.93921,0.74094,0.67807,0.70613,0.4503,1.39096,0.71871,0.89287,0.0218918,0.00729725,0.0218918,0.00729725,0.0218918,0.00729725,0.0218918,0.00729725
282,17727.5,1.58975,0.83973,0.93996,0.74108,0.67957,0.70699,0.45055,1.3897,0.71828,0.89251,0.0218397,0.00727992,0.0218397,0.00727992,0.0218397,0.00727992,0.0218397,0.00727992
283,17788.8,1.57144,0.83886,0.93649,0.74275,0.68017,0.7084,0.45147,1.38844,0.71773,0.8922,0.0217876,0.00726254,0.0217876,0.00726254,0.0217876,0.00726254,0.0217876,0.00726254
284,17841.3,1.57994,0.84035,0.93636,0.74472,0.67945,0.70825,0.45201,1.38734,0.71656,0.89205,0.0217354,0.00724514,0.0217354,0.00724514,0.0217354,0.00724514,0.0217354,0.00724514
285,17891.7,1.57133,0.83674,0.9369,0.74509,0.67972,0.70883,0.45243,1.38625,0.71551,0.89177,0.0216831,0.0072277,0.0216831,0.0072277,0.0216831,0.0072277,0.0216831,0.0072277
286,17943.7,1.57752,0.83938,0.9372,0.74359,0.68073,0.70872,0.45285,1.38493,0.71463,0.89169,0.0216307,0.00721023,0.0216307,0.00721023,0.0216307,0.00721023,0.0216307,0.00721023
287,17995.5,1.57195,0.83642,0.93663,0.74559,0.67919,0.7089,0.45317,1.3838,0.71439,0.89136,0.0215782,0.00719272,0.0215782,0.00719272,0.0215782,0.00719272,0.0215782,0.00719272
288,18047.2,1.58891,0.84428,0.93893,0.74668,0.6785,0.70932,0.45385,1.38296,0.71394,0.89116,0.0215255,0.00717518,0.0215255,0.00717518,0.0215255,0.00717518,0.0215255,0.00717518
289,18102.7,1.571,0.84258,0.9411,0.7491,0.67807,0.7096,0.45447,1.38205,0.71333,0.89109,0.0214728,0.00715761,0.0214728,0.00715761,0.0214728,0.00715761,0.0214728,0.00715761
290,18159.5,1.58103,0.83942,0.93818,0.74957,0.678,0.70936,0.45494,1.38133,0.71227,0.89102,0.02142,0.00714,0.02142,0.00714,0.02142,0.00714,0.02142,0.00714
291,18215,1.56308,0.82869,0.93515,0.75014,0.67918,0.71056,0.4548,1.38057,0.71202,0.89076,0.0213671,0.00712237,0.0213671,0.00712237,0.0213671,0.00712237,0.0213671,0.00712237
292,18272.4,1.56054,0.82455,0.933,0.74987,0.67935,0.7102,0.45508,1.37954,0.711,0.89063,0.0213141,0.0071047,0.0213141,0.0071047,0.0213141,0.0071047,0.0213141,0.0071047
293,18329.7,1.5596,0.82431,0.93093,0.74895,0.68113,0.71093,0.45558,1.37859,0.71018,0.89036,0.021261,0.007087,0.021261,0.007087,0.021261,0.007087,0.021261,0.007087
294,18386.5,1.56937,0.8298,0.93609,0.75002,0.68063,0.71084,0.45564,1.37719,0.70931,0.89013,0.0212078,0.00706926,0.0212078,0.00706926,0.0212078,0.00706926,0.0212078,0.00706926
295,18443.8,1.56156,0.8259,0.93426,0.75064,0.68113,0.71123,0.45587,1.37608,0.70843,0.88996,0.0211545,0.0070515,0.0211545,0.0070515,0.0211545,0.0070515,0.0211545,0.0070515
296,18501.2,1.56706,0.83007,0.93455,0.75324,0.68083,0.71204,0.45653,1.3746,0.7075,0.88972,0.0211011,0.00703371,0.0211011,0.00703371,0.0211011,0.00703371,0.0211011,0.00703371
297,18558.2,1.56422,0.82433,0.93374,0.75163,0.68112,0.71191,0.45722,1.37331,0.70642,0.88947,0.0210476,0.00701588,0.0210476,0.00701588,0.0210476,0.00701588,0.0210476,0.00701588
298,18615.6,1.55929,0.82991,0.93314,0.75126,0.68151,0.7125,0.45777,1.37223,0.70546,0.88925,0.0209941,0.00699803,0.0209941,0.00699803,0.0209941,0.00699803,0.0209941,0.00699803
299,18672.7,1.55943,0.82264,0.93128,0.75101,0.68198,0.71275,0.45837,1.37158,0.70477,0.88916,0.0209404,0.00698014,0.0209404,0.00698014,0.0209404,0.00698014,0.0209404,0.00698014
300,18730.4,1.56231,0.82973,0.93234,0.75168,0.68309,0.71313,0.45904,1.37074,0.70412,0.88898,0.0208867,0.00696223,0.0208867,0.00696223,0.0208867,0.00696223,0.0208867,0.00696223
301,18788.1,1.55613,0.8274,0.93181,0.7509,0.68295,0.7137,0.45936,1.36915,0.70339,0.88882,0.0208328,0.00694428,0.0208328,0.00694428,0.0208328,0.00694428,0.0208328,0.00694428
302,18844.7,1.55525,0.82314,0.93006,0.75019,0.68392,0.71374,0.46007,1.368,0.70237,0.8886,0.0207789,0.00692631,0.0207789,0.00692631,0.0207789,0.00692631,0.0207789,0.00692631
303,18902,1.55263,0.8228,0.93211,0.75283,0.68365,0.71452,0.46025,1.3671,0.70208,0.88851,0.0207249,0.00690831,0.0207249,0.00690831,0.0207249,0.00690831,0.0207249,0.00690831
304,18959.2,1.55212,0.82084,0.92978,0.75097,0.68569,0.7146,0.46018,1.36705,0.70171,0.88841,0.0206708,0.00689028,0.0206708,0.00689028,0.0206708,0.00689028,0.0206708,0.00689028
305,19015.6,1.5559,0.82089,0.93372,0.75184,0.68658,0.71555,0.45992,1.36631,0.70096,0.88827,0.0206166,0.00687222,0.0206166,0.00687222,0.0206166,0.00687222,0.0206166,0.00687222
306,19072.4,1.55359,0.82316,0.93353,0.75061,0.68635,0.71597,0.46045,1.36534,0.70003,0.88809,0.0205624,0.00685413,0.0205624,0.00685413,0.0205624,0.00685413,0.0205624,0.00685413
307,19129.9,1.54595,0.81912,0.92975,0.75083,0.68799,0.71635,0.46132,1.36455,0.6996,0.88794,0.020508,0.00683601,0.020508,0.00683601,0.020508,0.00683601,0.020508,0.00683601
308,19187.6,1.55401,0.82008,0.93062,0.7504,0.68873,0.71716,0.46164,1.36283,0.69841,0.88767,0.0204536,0.00681787,0.0204536,0.00681787,0.0204536,0.00681787,0.0204536,0.00681787
309,19245.7,1.54237,0.81228,0.92844,0.75098,0.68966,0.71783,0.46211,1.36173,0.69783,0.88746,0.0203991,0.0067997,0.0203991,0.0067997,0.0203991,0.0067997,0.0203991,0.0067997
310,19302.9,1.54859,0.81767,0.93006,0.75208,0.68895,0.71787,0.46265,1.36067,0.69715,0.88716,0.0203445,0.0067815,0.0203445,0.0067815,0.0203445,0.0067815,0.0203445,0.0067815
311,19360.5,1.55238,0.82346,0.93257,0.75113,0.68925,0.7181,0.46319,1.35917,0.69637,0.8869,0.0202898,0.00676328,0.0202898,0.00676328,0.0202898,0.00676328,0.0202898,0.00676328
312,19418.8,1.54576,0.816,0.93099,0.7508,0.68935,0.71854,0.46349,1.35826,0.69571,0.88675,0.0202351,0.00674503,0.0202351,0.00674503,0.0202351,0.00674503,0.0202351,0.00674503
313,19476.4,1.53907,0.81361,0.93051,0.75106,0.6894,0.71962,0.46409,1.35709,0.69475,0.88648,0.0201803,0.00672675,0.0201803,0.00672675,0.0201803,0.00672675,0.0201803,0.00672675
314,19534.2,1.52354,0.80794,0.92787,0.75316,0.69009,0.71996,0.46403,1.35672,0.69458,0.88635,0.0201254,0.00670845,0.0201254,0.00670845,0.0201254,0.00670845,0.0201254,0.00670845
315,19591.8,1.53739,0.81589,0.92872,0.75394,0.68982,0.71967,0.4643,1.35559,0.69397,0.88608,0.0200704,0.00669012,0.0200704,0.00669012,0.0200704,0.00669012,0.0200704,0.00669012
316,19649.7,1.53585,0.81176,0.92622,0.75556,0.69065,0.72084,0.46394,1.35442,0.69291,0.88596,0.0200153,0.00667177,0.0200153,0.00667177,0.0200153,0.00667177,0.0200153,0.00667177
317,19707.9,1.53432,0.81174,0.92718,0.7562,0.69176,0.72133,0.46495,1.35306,0.69252,0.8857,0.0199602,0.00665339,0.0199602,0.00665339,0.0199602,0.00665339,0.0199602,0.00665339
318,19765.6,1.53763,0.80778,0.92902,0.75536,0.69166,0.72123,0.46561,1.35258,0.69125,0.88552,0.019905,0.00663499,0.019905,0.00663499,0.019905,0.00663499,0.019905,0.00663499
319,19823.4,1.53796,0.81005,0.92804,0.75712,0.68979,0.72196,0.46553,1.35212,0.69086,0.8854,0.0198497,0.00661656,0.0198497,0.00661656,0.0198497,0.00661656,0.0198497,0.00661656
320,19880.2,1.5327,0.80666,0.9255,0.75881,0.69123,0.72193,0.46584,1.35144,0.69054,0.8852,0.0197943,0.00659811,0.0197943,0.00659811,0.0197943,0.00659811,0.0197943,0.00659811
321,19937.6,1.53774,0.81028,0.92664,0.75828,0.69159,0.72326,0.46637,1.35087,0.69037,0.88514,0.0197389,0.00657963,0.0197389,0.00657963,0.0197389,0.00657963,0.0197389,0.00657963
322,19995.2,1.53085,0.80966,0.92487,0.7592,0.69285,0.7234,0.46593,1.34989,0.68968,0.885,0.0196834,0.00656114,0.0196834,0.00656114,0.0196834,0.00656114,0.0196834,0.00656114
323,20053.6,1.53195,0.80122,0.92367,0.75762,0.6936,0.72402,0.46666,1.34821,0.68887,0.88474,0.0196278,0.00654261,0.0196278,0.00654261,0.0196278,0.00654261,0.0196278,0.00654261
324,20110.8,1.52582,0.80878,0.92729,0.75991,0.69325,0.72467,0.46673,1.34727,0.68832,0.8846,0.0195722,0.00652407,0.0195722,0.00652407,0.0195722,0.00652407,0.0195722,0.00652407
325,20168.2,1.51527,0.79578,0.9221,0.76104,0.69327,0.72478,0.46746,1.34624,0.68749,0.88436,0.0195165,0.0065055,0.0195165,0.0065055,0.0195165,0.0065055,0.0195165,0.0065055
326,20226.1,1.53049,0.80182,0.92894,0.76166,0.69276,0.72453,0.46765,1.34524,0.68692,0.88416,0.0194607,0.00648691,0.0194607,0.00648691,0.0194607,0.00648691,0.0194607,0.00648691
327,20283.8,1.52057,0.80209,0.92324,0.76167,0.69321,0.7255,0.46788,1.34426,0.68601,0.88401,0.0194049,0.0064683,0.0194049,0.0064683,0.0194049,0.0064683,0.0194049,0.0064683
328,20342.2,1.51835,0.80121,0.92213,0.76155,0.69455,0.72626,0.46796,1.3428,0.68549,0.88383,0.019349,0.00644966,0.019349,0.00644966,0.019349,0.00644966,0.019349,0.00644966
329,20399.5,1.51665,0.79821,0.92197,0.76288,0.69494,0.72608,0.46851,1.34151,0.68467,0.88367,0.019293,0.00643101,0.019293,0.00643101,0.019293,0.00643101,0.019293,0.00643101
330,20457.3,1.52585,0.80069,0.92275,0.76112,0.69507,0.72634,0.46835,1.34057,0.68366,0.88353,0.019237,0.00641233,0.019237,0.00641233,0.019237,0.00641233,0.019237,0.00641233
331,20515.5,1.51513,0.79989,0.92282,0.76114,0.69649,0.7276,0.46889,1.33943,0.68302,0.88346,0.0191809,0.00639363,0.0191809,0.00639363,0.0191809,0.00639363,0.0191809,0.00639363
332,20573.3,1.52221,0.7997,0.92036,0.761,0.69715,0.72746,0.46897,1.33789,0.6824,0.88313,0.0191247,0.00637491,0.0191247,0.00637491,0.0191247,0.00637491,0.0191247,0.00637491
333,20631.4,1.52529,0.80087,0.92229,0.76243,0.6977,0.72808,0.46971,1.33646,0.68168,0.88283,0.0190685,0.00635617,0.0190685,0.00635617,0.0190685,0.00635617,0.0190685,0.00635617
334,20690,1.51115,0.79386,0.92152,0.76408,0.69791,0.7292,0.4703,1.33501,0.68091,0.8827,0.0190122,0.00633741,0.0190122,0.00633741,0.0190122,0.00633741,0.0190122,0.00633741
335,20747.5,1.50326,0.7904,0.92093,0.76338,0.69774,0.72925,0.47036,1.33353,0.67998,0.88248,0.0189559,0.00631863,0.0189559,0.00631863,0.0189559,0.00631863,0.0189559,0.00631863
336,20804.6,1.5117,0.79536,0.92001,0.76409,0.69705,0.72918,0.47078,1.33244,0.67923,0.88227,0.0188995,0.00629983,0.0188995,0.00629983,0.0188995,0.00629983,0.0188995,0.00629983
337,20862.4,1.50952,0.79318,0.92333,0.76276,0.69802,0.72919,0.4707,1.33178,0.67856,0.88214,0.018843,0.00628101,0.018843,0.00628101,0.018843,0.00628101,0.018843,0.00628101
338,20919.8,1.5076,0.79142,0.92053,0.76449,0.69764,0.73012,0.47131,1.33067,0.67777,0.88198,0.0187865,0.00626218,0.0187865,0.00626218,0.0187865,0.00626218,0.0187865,0.00626218
339,20978.3,1.51382,0.79275,0.92138,0.76356,0.69794,0.73041,0.47161,1.33041,0.67727,0.88191,0.01873,0.00624332,0.01873,0.00624332,0.01873,0.00624332,0.01873,0.00624332
340,21035.3,1.50033,0.78506,0.92372,0.76618,0.69766,0.73131,0.47181,1.3292,0.67684,0.88173,0.0186733,0.00622445,0.0186733,0.00622445,0.0186733,0.00622445,0.0186733,0.00622445
341,21091.7,1.50057,0.78617,0.9203,0.76572,0.69931,0.73142,0.4722,1.3284,0.67643,0.88158,0.0186167,0.00620555,0.0186167,0.00620555,0.0186167,0.00620555,0.0186167,0.00620555
342,21149.1,1.50548,0.78954,0.919,0.76453,0.70021,0.73178,0.47234,1.32705,0.67543,0.88139,0.0185599,0.00618664,0.0185599,0.00618664,0.0185599,0.00618664,0.0185599,0.00618664
343,21206.7,1.49652,0.78556,0.92039,0.76704,0.69975,0.7319,0.47285,1.3264,0.67486,0.88136,0.0185031,0.00616772,0.0185031,0.00616772,0.0185031,0.00616772,0.0185031,0.00616772
344,21264.1,1.50041,0.78646,0.91717,0.76452,0.70079,0.73281,0.47307,1.32537,0.6743,0.88113,0.0184463,0.00614877,0.0184463,0.00614877,0.0184463,0.00614877,0.0184463,0.00614877
345,21321.8,1.50279,0.7879,0.91946,0.76587,0.70046,0.73272,0.47392,1.32489,0.67401,0.88094,0.0183894,0.00612981,0.0183894,0.00612981,0.0183894,0.00612981,0.0183894,0.00612981
346,21378.9,1.50844,0.78813,0.91968,0.76789,0.70029,0.73295,0.47416,1.32376,0.67313,0.88076,0.0183325,0.00611083,0.0183325,0.00611083,0.0183325,0.00611083,0.0183325,0.00611083
347,21436.3,1.51061,0.78836,0.9185,0.76672,0.70092,0.7333,0.47438,1.32314,0.67266,0.88062,0.0182755,0.00609184,0.0182755,0.00609184,0.0182755,0.00609184,0.0182755,0.00609184
348,21494.2,1.49434,0.78158,0.91713,0.76566,0.7012,0.73321,0.47444,1.32206,0.67235,0.88043,0.0182185,0.00607282,0.0182185,0.00607282,0.0182185,0.00607282,0.0182185,0.00607282
349,21551.3,1.50646,0.78416,0.91714,0.76567,0.70306,0.73339,0.47438,1.32168,0.67199,0.88036,0.0181614,0.0060538,0.0181614,0.0060538,0.0181614,0.0060538,0.0181614,0.0060538
350,21608.8,1.50038,0.78101,0.91931,0.76486,0.70366,0.73266,0.47497,1.32064,0.67126,0.88012,0.0181043,0.00603475,0.0181043,0.00603475,0.0181043,0.00603475,0.0181043,0.00603475
351,21666.7,1.49546,0.78352,0.91719,0.76508,0.7037,0.73433,0.47603,1.31996,0.67042,0.87986,0.0180471,0.0060157,0.0180471,0.0060157,0.0180471,0.0060157,0.0180471,0.0060157
352,21724.3,1.48994,0.77993,0.91619,0.76695,0.70325,0.73425,0.47626,1.31927,0.66996,0.8797,0.0179899,0.00599662,0.0179899,0.00599662,0.0179899,0.00599662,0.0179899,0.00599662
353,21781.8,1.49282,0.78267,0.91765,0.76832,0.70446,0.73476,0.47672,1.31847,0.66934,0.87955,0.0179326,0.00597754,0.0179326,0.00597754,0.0179326,0.00597754,0.0179326,0.00597754
354,21838.7,1.48561,0.78205,0.91632,0.77064,0.70343,0.73514,0.47694,1.31804,0.66864,0.87945,0.0178753,0.00595844,0.0178753,0.00595844,0.0178753,0.00595844,0.0178753,0.00595844
355,21897,1.49179,0.77958,0.91896,0.77071,0.70427,0.73504,0.47758,1.31705,0.66763,0.87936,0.017818,0.00593932,0.017818,0.00593932,0.017818,0.00593932,0.017818,0.00593932
356,21955.2,1.48614,0.77994,0.91716,0.77166,0.70451,0.73502,0.47792,1.31651,0.66722,0.87923,0.0177606,0.00592019,0.0177606,0.00592019,0.0177606,0.00592019,0.0177606,0.00592019
357,22012.5,1.49076,0.77611,0.91475,0.77235,0.70465,0.73594,0.47834,1.316,0.66703,0.87919,0.0177031,0.00590105,0.0177031,0.00590105,0.0177031,0.00590105,0.0177031,0.00590105
358,22070.4,1.48233,0.76972,0.91457,0.77367,0.70509,0.736,0.47828,1.31577,0.66641,0.87911,0.0176457,0.00588189,0.0176457,0.00588189,0.0176457,0.00588189,0.0176457,0.00588189
359,22128,1.48826,0.77587,0.91421,0.77441,0.70395,0.73662,0.47868,1.31549,0.66601,0.879,0.0175882,0.00586272,0.0175882,0.00586272,0.0175882,0.00586272,0.0175882,0.00586272
360,22185.3,1.48278,0.77375,0.91494,0.77485,0.70513,0.73731,0.47837,1.3152,0.66527,0.87876,0.0175306,0.00584354,0.0175306,0.00584354,0.0175306,0.00584354,0.0175306,0.00584354
361,22243.1,1.47453,0.77,0.91123,0.77421,0.70434,0.73726,0.47884,1.31452,0.66431,0.8788,0.0174731,0.00582435,0.0174731,0.00582435,0.0174731,0.00582435,0.0174731,0.00582435
362,22301.2,1.48163,0.77134,0.91397,0.77423,0.70507,0.73789,0.47873,1.31436,0.66385,0.87871,0.0174154,0.00580515,0.0174154,0.00580515,0.0174154,0.00580515,0.0174154,0.00580515
363,22358.6,1.47792,0.7651,0.91023,0.77606,0.705,0.73797,0.47931,1.31321,0.66283,0.87849,0.0173578,0.00578593,0.0173578,0.00578593,0.0173578,0.00578593,0.0173578,0.00578593
364,22417.3,1.48058,0.7726,0.91287,0.77932,0.70531,0.73904,0.4795,1.31243,0.66215,0.87835,0.0173001,0.0057667,0.0173001,0.0057667,0.0173001,0.0057667,0.0173001,0.0057667
365,22475.1,1.47788,0.77356,0.91252,0.77964,0.70448,0.73891,0.47958,1.31126,0.66177,0.87819,0.0172424,0.00574746,0.0172424,0.00574746,0.0172424,0.00574746,0.0172424,0.00574746
366,22532.7,1.46671,0.76606,0.91256,0.77995,0.70494,0.73849,0.47979,1.31049,0.66115,0.87801,0.0171846,0.00572821,0.0171846,0.00572821,0.0171846,0.00572821,0.0171846,0.00572821
367,22590.4,1.4768,0.7677,0.91395,0.77929,0.70589,0.73919,0.48039,1.30994,0.66049,0.87783,0.0171269,0.00570895,0.0171269,0.00570895,0.0171269,0.00570895,0.0171269,0.00570895
368,22647.1,1.47332,0.76901,0.91114,0.78104,0.70516,0.73988,0.48079,1.30898,0.66021,0.87765,0.017069,0.00568968,0.017069,0.00568968,0.017069,0.00568968,0.017069,0.00568968
369,22704.7,1.4666,0.76631,0.91122,0.783,0.70528,0.74078,0.48125,1.30793,0.65966,0.87739,0.0170112,0.0056704,0.0170112,0.0056704,0.0170112,0.0056704,0.0170112,0.0056704
370,22762.4,1.46431,0.76035,0.91292,0.78196,0.70585,0.74122,0.48114,1.30711,0.65923,0.87719,0.0169533,0.00565111,0.0169533,0.00565111,0.0169533,0.00565111,0.0169533,0.00565111
371,22820.1,1.46903,0.76165,0.90836,0.78349,0.70666,0.74198,0.48114,1.30647,0.65882,0.87707,0.0168954,0.00563181,0.0168954,0.00563181,0.0168954,0.00563181,0.0168954,0.00563181
372,22877.6,1.47061,0.76628,0.90874,0.78292,0.7075,0.74237,0.48162,1.30523,0.65819,0.8769,0.0168375,0.0056125,0.0168375,0.0056125,0.0168375,0.0056125,0.0168375,0.0056125
373,22934.3,1.4659,0.76127,0.91048,0.78173,0.70828,0.74265,0.48178,1.30446,0.658,0.87676,0.0167796,0.00559318,0.0167796,0.00559318,0.0167796,0.00559318,0.0167796,0.00559318
374,22992.1,1.46687,0.76119,0.91088,0.78268,0.70886,0.74328,0.48217,1.30414,0.65744,0.87669,0.0167216,0.00557386,0.0167216,0.00557386,0.0167216,0.00557386,0.0167216,0.00557386
375,23048.7,1.46091,0.75537,0.90906,0.78286,0.70877,0.74345,0.48222,1.30364,0.65624,0.8766,0.0166636,0.00555453,0.0166636,0.00555453,0.0166636,0.00555453,0.0166636,0.00555453
376,23106.5,1.46327,0.76126,0.91127,0.78291,0.70914,0.74413,0.4825,1.30291,0.65553,0.87647,0.0166056,0.00553518,0.0166056,0.00553518,0.0166056,0.00553518,0.0166056,0.00553518
377,23164.4,1.45929,0.75769,0.91149,0.7825,0.70909,0.74389,0.48237,1.30242,0.65529,0.87635,0.0165475,0.00551584,0.0165475,0.00551584,0.0165475,0.00551584,0.0165475,0.00551584
378,23222.5,1.45749,0.75566,0.90731,0.78377,0.70829,0.7437,0.48287,1.30218,0.65472,0.87635,0.0164894,0.00549648,0.0164894,0.00549648,0.0164894,0.00549648,0.0164894,0.00549648
379,23280.5,1.45594,0.75995,0.9074,0.7854,0.70835,0.74479,0.48324,1.30234,0.65411,0.87634,0.0164314,0.00547712,0.0164314,0.00547712,0.0164314,0.00547712,0.0164314,0.00547712
380,23338.4,1.45441,0.75267,0.9087,0.78415,0.70991,0.74468,0.48354,1.30199,0.6537,0.87615,0.0163732,0.00545775,0.0163732,0.00545775,0.0163732,0.00545775,0.0163732,0.00545775
381,23396.3,1.448,0.75153,0.90895,0.78644,0.7094,0.74458,0.48361,1.30074,0.6529,0.87592,0.0163151,0.00543837,0.0163151,0.00543837,0.0163151,0.00543837,0.0163151,0.00543837
382,23454.1,1.44893,0.75366,0.91019,0.78752,0.70862,0.74482,0.48441,1.30009,0.65171,0.87588,0.016257,0.00541899,0.016257,0.00541899,0.016257,0.00541899,0.016257,0.00541899
383,23511,1.45378,0.75377,0.91054,0.78468,0.71046,0.74511,0.48469,1.2996,0.65137,0.87576,0.0161988,0.0053996,0.0161988,0.0053996,0.0161988,0.0053996,0.0161988,0.0053996
384,23569.3,1.45753,0.75284,0.90681,0.78665,0.71003,0.74516,0.48438,1.29871,0.65055,0.87563,0.0161406,0.00538021,0.0161406,0.00538021,0.0161406,0.00538021,0.0161406,0.00538021
385,23627.5,1.45904,0.75443,0.90648,0.78611,0.70966,0.74489,0.48478,1.29743,0.6499,0.87551,0.0160824,0.00536081,0.0160824,0.00536081,0.0160824,0.00536081,0.0160824,0.00536081
386,23685.1,1.45219,0.75571,0.90747,0.78671,0.71003,0.74588,0.48525,1.2964,0.64926,0.87526,0.0160242,0.00534141,0.0160242,0.00534141,0.0160242,0.00534141,0.0160242,0.00534141
387,23742.6,1.45175,0.74923,0.90778,0.78362,0.70975,0.74568,0.48532,1.29626,0.64905,0.87518,0.015966,0.005322,0.015966,0.005322,0.015966,0.005322,0.015966,0.005322
388,23800.7,1.44977,0.7484,0.90979,0.78456,0.70984,0.74578,0.48571,1.29563,0.64832,0.87498,0.0159078,0.00530259,0.0159078,0.00530259,0.0159078,0.00530259,0.0159078,0.00530259
389,23858.5,1.43528,0.74462,0.90507,0.78335,0.71168,0.74638,0.48605,1.29504,0.64799,0.875,0.0158495,0.00528318,0.0158495,0.00528318,0.0158495,0.00528318,0.0158495,0.00528318
390,23916.1,1.44697,0.74792,0.90671,0.78423,0.71206,0.74664,0.48641,1.29438,0.64732,0.87475,0.0157913,0.00526376,0.0157913,0.00526376,0.0157913,0.00526376,0.0157913,0.00526376
391,23974,1.44218,0.74561,0.90615,0.78502,0.71345,0.74748,0.48721,1.29285,0.64661,0.87454,0.015733,0.00524434,0.015733,0.00524434,0.015733,0.00524434,0.015733,0.00524434
392,24031.6,1.44275,0.74155,0.90431,0.78488,0.7135,0.74806,0.48748,1.29155,0.64572,0.87422,0.0156747,0.00522491,0.0156747,0.00522491,0.0156747,0.00522491,0.0156747,0.00522491
393,24089.3,1.44008,0.74785,0.90749,0.78452,0.7144,0.74861,0.48774,1.29131,0.64529,0.87419,0.0156164,0.00520548,0.0156164,0.00520548,0.0156164,0.00520548,0.0156164,0.00520548
394,24147,1.43787,0.74668,0.90734,0.78562,0.71376,0.74867,0.4881,1.28987,0.64478,0.87402,0.0155582,0.00518605,0.0155582,0.00518605,0.0155582,0.00518605,0.0155582,0.00518605
395,24204.7,1.42964,0.74058,0.90424,0.78702,0.71474,0.74885,0.48796,1.28918,0.64406,0.87387,0.0154999,0.00516662,0.0154999,0.00516662,0.0154999,0.00516662,0.0154999,0.00516662
396,24263,1.43051,0.7363,0.90293,0.7865,0.71566,0.74871,0.48814,1.28802,0.6436,0.87362,0.0154416,0.00514719,0.0154416,0.00514719,0.0154416,0.00514719,0.0154416,0.00514719
397,24319.7,1.43352,0.74168,0.90422,0.78659,0.71635,0.75001,0.48898,1.2873,0.64302,0.87335,0.0153833,0.00512775,0.0153833,0.00512775,0.0153833,0.00512775,0.0153833,0.00512775
398,24377.5,1.43122,0.73969,0.90477,0.78726,0.71704,0.75037,0.4896,1.28575,0.64239,0.87316,0.0153249,0.00510831,0.0153249,0.00510831,0.0153249,0.00510831,0.0153249,0.00510831
399,24435.1,1.43113,0.74076,0.90814,0.7895,0.71729,0.75096,0.48984,1.28448,0.6421,0.87301,0.0152666,0.00508888,0.0152666,0.00508888,0.0152666,0.00508888,0.0152666,0.00508888
400,24492.9,1.4296,0.74022,0.90309,0.7885,0.71754,0.75069,0.49001,1.28434,0.64185,0.87292,0.0152083,0.00506944,0.0152083,0.00506944,0.0152083,0.00506944,0.0152083,0.00506944
401,24550.2,1.4253,0.7359,0.90382,0.7913,0.71708,0.75066,0.49029,1.2838,0.64123,0.87297,0.01515,0.00505,0.01515,0.00505,0.01515,0.00505,0.01515,0.00505
402,24608.1,1.43118,0.73508,0.90369,0.78965,0.71784,0.75074,0.49046,1.28402,0.64075,0.87293,0.0150917,0.00503056,0.0150917,0.00503056,0.0150917,0.00503056,0.0150917,0.00503056
403,24665.2,1.42083,0.73482,0.90071,0.78816,0.71816,0.75074,0.49048,1.28228,0.64003,0.87267,0.0150334,0.00501112,0.0150334,0.00501112,0.0150334,0.00501112,0.0150334,0.00501112
404,24722.8,1.41906,0.73272,0.90058,0.78747,0.71954,0.75218,0.49101,1.28192,0.63962,0.87253,0.0149751,0.00499169,0.0149751,0.00499169,0.0149751,0.00499169,0.0149751,0.00499169
405,24778.8,1.42498,0.73281,0.90235,0.78759,0.72026,0.75199,0.49139,1.28078,0.63931,0.87239,0.0149167,0.00497225,0.0149167,0.00497225,0.0149167,0.00497225,0.0149167,0.00497225
406,24836.8,1.4282,0.7319,0.89986,0.7873,0.72076,0.7525,0.4919,1.27996,0.63853,0.87223,0.0148584,0.00495281,0.0148584,0.00495281,0.0148584,0.00495281,0.0148584,0.00495281
407,24894.9,1.41949,0.73158,0.9004,0.78827,0.72002,0.75231,0.49225,1.27855,0.63803,0.87213,0.0148001,0.00493338,0.0148001,0.00493338,0.0148001,0.00493338,0.0148001,0.00493338
408,24952.9,1.4272,0.73419,0.90125,0.78996,0.72157,0.7534,0.49264,1.27845,0.63796,0.87204,0.0147418,0.00491395,0.0147418,0.00491395,0.0147418,0.00491395,0.0147418,0.00491395
409,25011,1.41988,0.73421,0.90305,0.79029,0.72107,0.75408,0.49277,1.27835,0.63741,0.87206,0.0146836,0.00489452,0.0146836,0.00489452,0.0146836,0.00489452,0.0146836,0.00489452
410,25069.3,1.42945,0.73631,0.90206,0.79095,0.72022,0.7537,0.49326,1.2778,0.63719,0.87197,0.0146253,0.00487509,0.0146253,0.00487509,0.0146253,0.00487509,0.0146253,0.00487509
411,25126.3,1.41932,0.7309,0.90037,0.79155,0.72002,0.75414,0.4933,1.27677,0.6367,0.87172,0.014567,0.00485566,0.014567,0.00485566,0.014567,0.00485566,0.014567,0.00485566
412,25183.6,1.41765,0.72811,0.89883,0.79137,0.71996,0.7542,0.4938,1.2759,0.6365,0.87158,0.0145087,0.00483624,0.0145087,0.00483624,0.0145087,0.00483624,0.0145087,0.00483624
413,25241.2,1.4139,0.7265,0.90012,0.7904,0.71911,0.75358,0.49329,1.27603,0.63595,0.87155,0.0144505,0.00481682,0.0144505,0.00481682,0.0144505,0.00481682,0.0144505,0.00481682
414,25299.4,1.41004,0.72448,0.89765,0.79215,0.71997,0.75467,0.49402,1.27581,0.63565,0.87147,0.0143922,0.00479741,0.0143922,0.00479741,0.0143922,0.00479741,0.0143922,0.00479741
415,25356.1,1.41368,0.72509,0.89803,0.7923,0.72022,0.75513,0.49414,1.27431,0.63569,0.8713,0.014334,0.004778,0.014334,0.004778,0.014334,0.004778,0.014334,0.004778
416,25412.5,1.40245,0.72215,0.89768,0.79278,0.72086,0.75621,0.4947,1.27333,0.63511,0.87116,0.0142758,0.00475859,0.0142758,0.00475859,0.0142758,0.00475859,0.0142758,0.00475859
417,25469.6,1.40552,0.72389,0.89881,0.79393,0.72013,0.75771,0.49523,1.27216,0.63413,0.87085,0.0142176,0.00473919,0.0142176,0.00473919,0.0142176,0.00473919,0.0142176,0.00473919
418,25527.5,1.40005,0.72449,0.89711,0.79527,0.72052,0.75811,0.49591,1.27097,0.63348,0.87058,0.0141594,0.00471979,0.0141594,0.00471979,0.0141594,0.00471979,0.0141594,0.00471979
419,25585.5,1.39291,0.71771,0.89532,0.79634,0.7206,0.75872,0.49636,1.26962,0.63326,0.8705,0.0141012,0.0047004,0.0141012,0.0047004,0.0141012,0.0047004,0.0141012,0.0047004
420,25641.3,1.39787,0.71832,0.89689,0.79581,0.72211,0.7591,0.49643,1.26904,0.6327,0.87033,0.014043,0.00468101,0.014043,0.00468101,0.014043,0.00468101,0.014043,0.00468101
421,25699,1.40471,0.72131,0.89843,0.79351,0.72352,0.75934,0.49662,1.26765,0.63248,0.87024,0.0139849,0.00466163,0.0139849,0.00466163,0.0139849,0.00466163,0.0139849,0.00466163
422,25756.3,1.409,0.71749,0.89804,0.79526,0.72172,0.7594,0.49695,1.26674,0.6318,0.87011,0.0139268,0.00464225,0.0139268,0.00464225,0.0139268,0.00464225,0.0139268,0.00464225
423,25813.7,1.40014,0.72053,0.89905,0.79528,0.72257,0.75942,0.49731,1.26517,0.63097,0.86995,0.0138686,0.00462288,0.0138686,0.00462288,0.0138686,0.00462288,0.0138686,0.00462288
424,25871,1.39877,0.71634,0.89369,0.79529,0.72298,0.75941,0.4976,1.26553,0.63051,0.86995,0.0138106,0.00460352,0.0138106,0.00460352,0.0138106,0.00460352,0.0138106,0.00460352
425,25928.4,1.4005,0.72253,0.89657,0.79558,0.72317,0.75979,0.4976,1.26495,0.63027,0.86977,0.0137525,0.00458416,0.0137525,0.00458416,0.0137525,0.00458416,0.0137525,0.00458416
426,25986.2,1.39389,0.71602,0.89515,0.79688,0.72359,0.76037,0.49734,1.26457,0.62919,0.86972,0.0136944,0.00456482,0.0136944,0.00456482,0.0136944,0.00456482,0.0136944,0.00456482
427,26043,1.38951,0.71825,0.8919,0.79741,0.72302,0.76046,0.4979,1.26434,0.62896,0.86961,0.0136364,0.00454547,0.0136364,0.00454547,0.0136364,0.00454547,0.0136364,0.00454547
428,26100,1.39298,0.71252,0.89476,0.79813,0.72394,0.76055,0.49837,1.26316,0.62811,0.86943,0.0135784,0.00452614,0.0135784,0.00452614,0.0135784,0.00452614,0.0135784,0.00452614
429,26158.1,1.39639,0.72012,0.89576,0.80037,0.72385,0.76076,0.49839,1.26258,0.62819,0.86926,0.0135204,0.00450682,0.0135204,0.00450682,0.0135204,0.00450682,0.0135204,0.00450682
430,26216.3,1.38287,0.70716,0.89225,0.79918,0.72391,0.76077,0.49901,1.26237,0.6276,0.86917,0.0134625,0.0044875,0.0134625,0.0044875,0.0134625,0.0044875,0.0134625,0.0044875
431,26274.3,1.38829,0.70962,0.89422,0.80057,0.72376,0.76114,0.49878,1.26191,0.62686,0.86918,0.0134046,0.00446819,0.0134046,0.00446819,0.0134046,0.00446819,0.0134046,0.00446819
432,26331.5,1.38571,0.71532,0.89385,0.80085,0.72395,0.76164,0.49867,1.26065,0.62608,0.86901,0.0133467,0.00444889,0.0133467,0.00444889,0.0133467,0.00444889,0.0133467,0.00444889
433,26389.2,1.38624,0.70837,0.89746,0.8014,0.72487,0.76233,0.49906,1.25979,0.62578,0.86884,0.0132888,0.0044296,0.0132888,0.0044296,0.0132888,0.0044296,0.0132888,0.0044296
434,26447.2,1.3865,0.70889,0.89435,0.80276,0.72504,0.76241,0.49919,1.25892,0.6251,0.86876,0.013231,0.00441032,0.013231,0.00441032,0.013231,0.00441032,0.013231,0.00441032
435,26504.6,1.39223,0.71534,0.89269,0.80287,0.72497,0.76193,0.50006,1.25866,0.6247,0.86872,0.0131731,0.00439105,0.0131731,0.00439105,0.0131731,0.00439105,0.0131731,0.00439105
436,26571.8,1.39171,0.71172,0.89125,0.80416,0.72517,0.76269,0.50003,1.25777,0.62399,0.86874,0.0131154,0.00437179,0.0131154,0.00437179,0.0131154,0.00437179,0.0131154,0.00437179
437,26634.7,1.39188,0.7094,0.89152,0.80497,0.72482,0.76296,0.5001,1.25711,0.6235,0.86858,0.0130576,0.00435254,0.0130576,0.00435254,0.0130576,0.00435254,0.0130576,0.00435254
438,26698.5,1.38116,0.70705,0.89166,0.80469,0.72417,0.76251,0.50054,1.25589,0.62323,0.86845,0.0129999,0.0043333,0.0129999,0.0043333,0.0129999,0.0043333,0.0129999,0.0043333
439,26763.3,1.37795,0.70403,0.89354,0.80567,0.72447,0.76323,0.50059,1.25471,0.62243,0.8683,0.0129422,0.00431407,0.0129422,0.00431407,0.0129422,0.00431407,0.0129422,0.00431407
440,26844.1,1.38787,0.70878,0.8924,0.80472,0.72552,0.7639,0.50075,1.25402,0.6219,0.86825,0.0128846,0.00429485,0.0128846,0.00429485,0.0128846,0.00429485,0.0128846,0.00429485
441,26923.5,1.37223,0.70144,0.8897,0.80645,0.72629,0.76404,0.50089,1.25375,0.62161,0.86796,0.0128269,0.00427565,0.0128269,0.00427565,0.0128269,0.00427565,0.0128269,0.00427565
442,27001.6,1.35926,0.69587,0.88831,0.80636,0.72688,0.7641,0.50102,1.25298,0.62073,0.86787,0.0127694,0.00425646,0.0127694,0.00425646,0.0127694,0.00425646,0.0127694,0.00425646
443,27079.3,1.38117,0.70432,0.89258,0.80553,0.72713,0.76411,0.50102,1.25241,0.62036,0.86775,0.0127118,0.00423728,0.0127118,0.00423728,0.0127118,0.00423728,0.0127118,0.00423728
444,27156.7,1.36711,0.70201,0.89073,0.80583,0.72766,0.76407,0.50158,1.25216,0.62003,0.86773,0.0126543,0.00421811,0.0126543,0.00421811,0.0126543,0.00421811,0.0126543,0.00421811
445,27231.1,1.36226,0.70016,0.88944,0.8054,0.72741,0.76519,0.50239,1.25227,0.62006,0.86767,0.0125969,0.00419895,0.0125969,0.00419895,0.0125969,0.00419895,0.0125969,0.00419895
446,27304.8,1.36831,0.69808,0.8914,0.8065,0.72819,0.7656,0.50257,1.25043,0.61933,0.86741,0.0125394,0.00417981,0.0125394,0.00417981,0.0125394,0.00417981,0.0125394,0.00417981
447,27380.4,1.36901,0.6996,0.89024,0.80825,0.72727,0.7658,0.50303,1.24938,0.61873,0.86737,0.012482,0.00416068,0.012482,0.00416068,0.012482,0.00416068,0.012482,0.00416068
448,27454.4,1.3662,0.69687,0.88771,0.80919,0.72747,0.76639,0.50329,1.24801,0.61806,0.86714,0.0124247,0.00414156,0.0124247,0.00414156,0.0124247,0.00414156,0.0124247,0.00414156
449,27532.4,1.37135,0.69765,0.88994,0.81048,0.72814,0.7668,0.50419,1.24785,0.61758,0.86703,0.0123674,0.00412246,0.0123674,0.00412246,0.0123674,0.00412246,0.0123674,0.00412246
450,27607.5,1.36056,0.69138,0.88939,0.8098,0.72895,0.76741,0.50383,1.24723,0.617,0.86697,0.0123101,0.00410338,0.0123101,0.00410338,0.0123101,0.00410338,0.0123101,0.00410338
451,27682.7,1.35946,0.69307,0.88763,0.81006,0.72901,0.76765,0.50431,1.24565,0.61639,0.86672,0.0122529,0.0040843,0.0122529,0.0040843,0.0122529,0.0040843,0.0122529,0.0040843
452,27761,1.35859,0.69549,0.889,0.80908,0.72897,0.7676,0.50466,1.246,0.61615,0.86675,0.0121957,0.00406525,0.0121957,0.00406525,0.0121957,0.00406525,0.0121957,0.00406525
453,27838.3,1.36636,0.69531,0.88608,0.80908,0.72925,0.7679,0.50458,1.24654,0.61583,0.86675,0.0121386,0.0040462,0.0121386,0.0040462,0.0121386,0.0040462,0.0121386,0.0040462
454,27915.5,1.35859,0.68888,0.88787,0.80936,0.72979,0.76822,0.50475,1.24625,0.61513,0.86665,0.0120815,0.00402718,0.0120815,0.00402718,0.0120815,0.00402718,0.0120815,0.00402718
455,27994.2,1.36443,0.69398,0.88407,0.81052,0.7293,0.76856,0.50502,1.24601,0.61492,0.86661,0.0120245,0.00400816,0.0120245,0.00400816,0.0120245,0.00400816,0.0120245,0.00400816
456,28073.4,1.354,0.68946,0.8864,0.81013,0.73012,0.76902,0.50508,1.24553,0.61428,0.86651,0.0119675,0.00398917,0.0119675,0.00398917,0.0119675,0.00398917,0.0119675,0.00398917
457,28151.3,1.35466,0.68752,0.88562,0.81069,0.73055,0.76895,0.50493,1.24609,0.61432,0.86644,0.0119106,0.00397019,0.0119106,0.00397019,0.0119106,0.00397019,0.0119106,0.00397019
458,28227.6,1.35973,0.69335,0.88598,0.81005,0.7314,0.76922,0.50572,1.24518,0.61357,0.86639,0.0118537,0.00395123,0.0118537,0.00395123,0.0118537,0.00395123,0.0118537,0.00395123
459,28305.7,1.34822,0.68823,0.88471,0.80971,0.73269,0.77011,0.50632,1.24459,0.61289,0.86622,0.0117969,0.00393228,0.0117969,0.00393228,0.0117969,0.00393228,0.0117969,0.00393228
460,28382.7,1.3529,0.68663,0.88766,0.80895,0.73252,0.77021,0.50633,1.24428,0.61258,0.86612,0.0117401,0.00391336,0.0117401,0.00391336,0.0117401,0.00391336,0.0117401,0.00391336
461,28459.9,1.35286,0.68758,0.88413,0.81112,0.73245,0.77028,0.50661,1.24361,0.61225,0.86603,0.0116833,0.00389445,0.0116833,0.00389445,0.0116833,0.00389445,0.0116833,0.00389445
462,28536.4,1.35201,0.68581,0.88291,0.81144,0.73151,0.77014,0.50645,1.24339,0.61213,0.86583,0.0116267,0.00387555,0.0116267,0.00387555,0.0116267,0.00387555,0.0116267,0.00387555
463,28612.9,1.3484,0.6827,0.88451,0.81198,0.73157,0.76995,0.50694,1.24214,0.61155,0.86572,0.01157,0.00385668,0.01157,0.00385668,0.01157,0.00385668,0.01157,0.00385668
464,28687.4,1.34076,0.67914,0.88491,0.81124,0.73177,0.77049,0.50733,1.24103,0.61112,0.86559,0.0115135,0.00383782,0.0115135,0.00383782,0.0115135,0.00383782,0.0115135,0.00383782
465,28760.3,1.3391,0.68288,0.88628,0.81155,0.73232,0.7707,0.50791,1.23995,0.61074,0.86544,0.011457,0.00381899,0.011457,0.00381899,0.011457,0.00381899,0.011457,0.00381899
466,28836.1,1.33805,0.68306,0.88361,0.8132,0.73137,0.77071,0.50829,1.23884,0.61023,0.86528,0.0114005,0.00380017,0.0114005,0.00380017,0.0114005,0.00380017,0.0114005,0.00380017
467,28914.2,1.34085,0.68,0.88455,0.81321,0.7312,0.77076,0.50805,1.23846,0.60993,0.86519,0.0113441,0.00378137,0.0113441,0.00378137,0.0113441,0.00378137,0.0113441,0.00378137
468,28994.3,1.33775,0.67644,0.88422,0.81494,0.73122,0.77126,0.50864,1.2378,0.60958,0.86516,0.0112878,0.00376259,0.0112878,0.00376259,0.0112878,0.00376259,0.0112878,0.00376259
469,29071.2,1.33456,0.67862,0.88152,0.81537,0.73065,0.77113,0.50877,1.23676,0.60891,0.86505,0.0112315,0.00374383,0.0112315,0.00374383,0.0112315,0.00374383,0.0112315,0.00374383
470,29149,1.33854,0.67989,0.88128,0.8142,0.73206,0.77206,0.50885,1.23595,0.60839,0.865,0.0111753,0.00372509,0.0111753,0.00372509,0.0111753,0.00372509,0.0111753,0.00372509
471,29226.2,1.3339,0.67854,0.88193,0.81443,0.73332,0.77279,0.50921,1.23528,0.60791,0.86499,0.0111191,0.00370637,0.0111191,0.00370637,0.0111191,0.00370637,0.0111191,0.00370637
472,29303.9,1.33478,0.67868,0.88085,0.81424,0.73327,0.7727,0.50922,1.23499,0.60785,0.86487,0.011063,0.00368767,0.011063,0.00368767,0.011063,0.00368767,0.011063,0.00368767
473,29380.1,1.3349,0.67749,0.88253,0.81505,0.73278,0.77233,0.50983,1.23437,0.60715,0.86476,0.011007,0.00366899,0.011007,0.00366899,0.011007,0.00366899,0.011007,0.00366899
474,29458.6,1.33242,0.67748,0.88299,0.8162,0.73311,0.77212,0.50986,1.23398,0.60691,0.86475,0.010951,0.00365034,0.010951,0.00365034,0.010951,0.00365034,0.010951,0.00365034
475,29536.6,1.33313,0.67492,0.88236,0.81776,0.73299,0.77286,0.50985,1.23409,0.60621,0.86467,0.0108951,0.0036317,0.0108951,0.0036317,0.0108951,0.0036317,0.0108951,0.0036317
476,29614.9,1.33137,0.67593,0.88001,0.81867,0.73286,0.77332,0.51056,1.23372,0.60576,0.86465,0.0108393,0.00361309,0.0108393,0.00361309,0.0108393,0.00361309,0.0108393,0.00361309
477,29692.3,1.31627,0.66818,0.87833,0.81935,0.73318,0.77392,0.51068,1.23323,0.60525,0.86453,0.0107835,0.0035945,0.0107835,0.0035945,0.0107835,0.0035945,0.0107835,0.0035945
478,29770.5,1.32961,0.67161,0.88107,0.81926,0.73345,0.7743,0.51124,1.23199,0.60491,0.86444,0.0107278,0.00357593,0.0107278,0.00357593,0.0107278,0.00357593,0.0107278,0.00357593
479,29842.7,1.3234,0.67044,0.88189,0.81861,0.73323,0.77403,0.511,1.23163,0.60442,0.86431,0.0106722,0.00355739,0.0106722,0.00355739,0.0106722,0.00355739,0.0106722,0.00355739
480,29916.4,1.32104,0.66644,0.87924,0.81835,0.73372,0.77465,0.51079,1.23089,0.60367,0.86424,0.0106166,0.00353886,0.0106166,0.00353886,0.0106166,0.00353886,0.0106166,0.00353886
481,29990,1.32975,0.67071,0.881,0.8158,0.73634,0.77505,0.51146,1.23027,0.60347,0.86421,0.0105611,0.00352037,0.0105611,0.00352037,0.0105611,0.00352037,0.0105611,0.00352037
482,30068.2,1.31563,0.66595,0.8781,0.81355,0.73786,0.77547,0.51197,1.22922,0.60256,0.86402,0.0105057,0.00350189,0.0105057,0.00350189,0.0105057,0.00350189,0.0105057,0.00350189
483,30143.3,1.32465,0.66586,0.87833,0.81566,0.73705,0.77549,0.51211,1.22831,0.6019,0.86388,0.0104503,0.00348344,0.0104503,0.00348344,0.0104503,0.00348344,0.0104503,0.00348344
484,30218.2,1.31413,0.66525,0.8796,0.81501,0.73712,0.775,0.5118,1.22867,0.60185,0.86379,0.010395,0.00346501,0.010395,0.00346501,0.010395,0.00346501,0.010395,0.00346501
485,30292.8,1.32196,0.66948,0.87898,0.81503,0.73723,0.77522,0.51219,1.22836,0.60157,0.86376,0.0103398,0.00344661,0.0103398,0.00344661,0.0103398,0.00344661,0.0103398,0.00344661
486,30371.5,1.31588,0.6675,0.87911,0.81295,0.73815,0.77577,0.51286,1.22801,0.60108,0.86366,0.0102847,0.00342823,0.0102847,0.00342823,0.0102847,0.00342823,0.0102847,0.00342823
487,30447.2,1.32464,0.66844,0.87855,0.81611,0.73874,0.77623,0.51258,1.22709,0.60012,0.86362,0.0102296,0.00340988,0.0102296,0.00340988,0.0102296,0.00340988,0.0102296,0.00340988
488,30523.5,1.30999,0.65829,0.8779,0.81505,0.7385,0.77628,0.51299,1.2269,0.60019,0.86351,0.0101746,0.00339155,0.0101746,0.00339155,0.0101746,0.00339155,0.0101746,0.00339155
489,30600.6,1.30166,0.65985,0.87603,0.81439,0.73855,0.77625,0.51331,1.22637,0.59965,0.86336,0.0101197,0.00337325,0.0101197,0.00337325,0.0101197,0.00337325,0.0101197,0.00337325
490,30676.7,1.30893,0.66055,0.87764,0.81268,0.7398,0.77723,0.51327,1.2261,0.59965,0.86325,0.0100649,0.00335497,0.0100649,0.00335497,0.0100649,0.00335497,0.0100649,0.00335497
491,30758.3,1.2991,0.65579,0.87704,0.81694,0.7402,0.77837,0.51368,1.22589,0.59923,0.86305,0.0100102,0.00333672,0.0100102,0.00333672,0.0100102,0.00333672,0.0100102,0.00333672
492,30836.8,1.3069,0.65889,0.87895,0.81796,0.74071,0.77913,0.51407,1.22522,0.59867,0.86293,0.00995549,0.0033185,0.00995549,0.0033185,0.00995549,0.0033185,0.00995549,0.0033185
493,30915.8,1.30189,0.6576,0.87722,0.81643,0.7416,0.77907,0.51404,1.224,0.59818,0.86284,0.0099009,0.0033003,0.0099009,0.0033003,0.0099009,0.0033003,0.0099009,0.0033003
494,30995.4,1.30343,0.66045,0.87615,0.81817,0.74234,0.7803,0.51472,1.22435,0.59819,0.86288,0.00984639,0.00328213,0.00984639,0.00328213,0.00984639,0.00328213,0.00984639,0.00328213
495,31072.1,1.29911,0.66228,0.8783,0.81922,0.74112,0.77989,0.51487,1.22311,0.59747,0.86272,0.00979196,0.00326399,0.00979196,0.00326399,0.00979196,0.00326399,0.00979196,0.00326399
496,31147.1,1.29905,0.65565,0.87497,0.82153,0.74104,0.77981,0.51438,1.22232,0.59688,0.86263,0.00973761,0.00324587,0.00973761,0.00324587,0.00973761,0.00324587,0.00973761,0.00324587
497,31216.7,1.29748,0.6551,0.8753,0.82178,0.74156,0.78037,0.51489,1.22129,0.59636,0.86244,0.00968335,0.00322778,0.00968335,0.00322778,0.00968335,0.00322778,0.00968335,0.00322778
498,31290.1,1.29942,0.65575,0.87463,0.82241,0.7423,0.78082,0.51521,1.22059,0.59593,0.86239,0.00962917,0.00320972,0.00962917,0.00320972,0.00962917,0.00320972,0.00962917,0.00320972
499,31367,1.29112,0.64899,0.87435,0.82237,0.74261,0.78112,0.51537,1.22066,0.59576,0.86237,0.00957508,0.00319169,0.00957508,0.00319169,0.00957508,0.00319169,0.00957508,0.00319169
500,31448.4,1.29698,0.65453,0.87226,0.82166,0.74314,0.78149,0.51577,1.21997,0.59516,0.86234,0.00952107,0.00317369,0.00952107,0.00317369,0.00952107,0.00317369,0.00952107,0.00317369
501,31526.1,1.28883,0.64806,0.87498,0.82224,0.74236,0.78134,0.51618,1.21964,0.59477,0.86222,0.00946715,0.00315572,0.00946715,0.00315572,0.00946715,0.00315572,0.00946715,0.00315572
502,31605.2,1.28721,0.65115,0.87229,0.82126,0.74285,0.78192,0.51724,1.21863,0.59456,0.86217,0.00941332,0.00313777,0.00941332,0.00313777,0.00941332,0.00313777,0.00941332,0.00313777
503,31682,1.28504,0.64833,0.87241,0.82177,0.74283,0.7822,0.51734,1.21765,0.59381,0.86199,0.00935957,0.00311986,0.00935957,0.00311986,0.00935957,0.00311986,0.00935957,0.00311986
504,31759.2,1.28544,0.64936,0.87054,0.82029,0.74445,0.78261,0.51763,1.21701,0.59327,0.86188,0.00930592,0.00310197,0.00930592,0.00310197,0.00930592,0.00310197,0.00930592,0.00310197
505,31833.9,1.28152,0.64253,0.8733,0.82115,0.74314,0.78273,0.51767,1.21754,0.59317,0.86186,0.00925235,0.00308412,0.00925235,0.00308412,0.00925235,0.00308412,0.00925235,0.00308412
506,31910.9,1.28298,0.64657,0.87359,0.82101,0.74347,0.78273,0.51798,1.21683,0.59282,0.86182,0.00919888,0.00306629,0.00919888,0.00306629,0.00919888,0.00306629,0.00919888,0.00306629
507,31986.5,1.2856,0.64457,0.87284,0.82147,0.74343,0.78323,0.5184,1.21663,0.59225,0.86169,0.0091455,0.0030485,0.0091455,0.0030485,0.0091455,0.0030485,0.0091455,0.0030485
508,32062.3,1.28576,0.64627,0.87487,0.82209,0.7434,0.78317,0.51862,1.21738,0.5919,0.86168,0.00909221,0.00303074,0.00909221,0.00303074,0.00909221,0.00303074,0.00909221,0.00303074
509,32142.4,1.28047,0.64154,0.87127,0.82316,0.74301,0.78404,0.51921,1.21635,0.5917,0.86144,0.00903901,0.003013,0.00903901,0.003013,0.00903901,0.003013,0.00903901,0.003013
510,32220.6,1.2839,0.6412,0.87158,0.82354,0.74288,0.78423,0.51934,1.21642,0.59082,0.86141,0.00898591,0.0029953,0.00898591,0.0029953,0.00898591,0.0029953,0.00898591,0.0029953
511,32297.6,1.27354,0.63893,0.87316,0.8242,0.74326,0.78442,0.51971,1.21579,0.59019,0.86118,0.0089329,0.00297763,0.0089329,0.00297763,0.0089329,0.00297763,0.0089329,0.00297763
512,32376,1.27317,0.63902,0.86998,0.82367,0.7437,0.78418,0.51953,1.21528,0.59011,0.86105,0.00887999,0.00296,0.00887999,0.00296,0.00887999,0.00296,0.00887999,0.00296
513,32446.5,1.27602,0.64159,0.87062,0.82291,0.74333,0.78406,0.52007,1.21442,0.58987,0.86094,0.00882718,0.00294239,0.00882718,0.00294239,0.00882718,0.00294239,0.00882718,0.00294239
514,32517.8,1.26173,0.63459,0.87115,0.82458,0.74337,0.78481,0.52029,1.21378,0.58902,0.86086,0.00877446,0.00292482,0.00877446,0.00292482,0.00877446,0.00292482,0.00877446,0.00292482
515,32590.9,1.28049,0.64424,0.87148,0.82468,0.74373,0.78515,0.52065,1.21346,0.58861,0.86078,0.00872184,0.00290728,0.00872184,0.00290728,0.00872184,0.00290728,0.00872184,0.00290728
516,32664.3,1.26836,0.63999,0.86889,0.82418,0.74365,0.78512,0.52106,1.21291,0.58809,0.86077,0.00866932,0.00288977,0.00866932,0.00288977,0.00866932,0.00288977,0.00866932,0.00288977
517,32738.9,1.2703,0.64191,0.87128,0.82511,0.74365,0.78546,0.52125,1.21241,0.58766,0.86063,0.0086169,0.0028723,0.0086169,0.0028723,0.0086169,0.0028723,0.0086169,0.0028723
518,32812.8,1.26664,0.63346,0.86758,0.82478,0.7434,0.78538,0.52155,1.21241,0.5873,0.86058,0.00856458,0.00285486,0.00856458,0.00285486,0.00856458,0.00285486,0.00856458,0.00285486
519,32887.7,1.25978,0.63271,0.86811,0.82543,0.74448,0.78584,0.5219,1.21206,0.58698,0.86049,0.00851237,0.00283746,0.00851237,0.00283746,0.00851237,0.00283746,0.00851237,0.00283746
520,32971.8,1.26912,0.63509,0.86687,0.82528,0.74458,0.78552,0.52217,1.21153,0.58673,0.86045,0.00846025,0.00282008,0.00846025,0.00282008,0.00846025,0.00282008,0.00846025,0.00282008
521,33055.9,1.26905,0.63842,0.86745,0.82763,0.74431,0.78585,0.52199,1.21085,0.58618,0.86045,0.00840824,0.00280275,0.00840824,0.00280275,0.00840824,0.00280275,0.00840824,0.00280275
522,33134.6,1.26203,0.63236,0.87087,0.82616,0.74523,0.78629,0.52244,1.21056,0.58588,0.86034,0.00835633,0.00278544,0.00835633,0.00278544,0.00835633,0.00278544,0.00835633,0.00278544
523,33213.8,1.25927,0.63412,0.86676,0.82517,0.74556,0.78635,0.52247,1.21058,0.58617,0.86035,0.00830453,0.00276818,0.00830453,0.00276818,0.00830453,0.00276818,0.00830453,0.00276818
524,33290,1.25784,0.62861,0.86957,0.82738,0.746,0.7875,0.52259,1.21041,0.58586,0.86026,0.00825283,0.00275094,0.00825283,0.00275094,0.00825283,0.00275094,0.00825283,0.00275094
525,33366.3,1.25824,0.63143,0.86778,0.82819,0.74629,0.78731,0.52284,1.20935,0.58531,0.86012,0.00820124,0.00273375,0.00820124,0.00273375,0.00820124,0.00273375,0.00820124,0.00273375
526,33442.3,1.25723,0.6319,0.86652,0.8282,0.74639,0.78715,0.52288,1.20867,0.5851,0.86006,0.00814976,0.00271659,0.00814976,0.00271659,0.00814976,0.00271659,0.00814976,0.00271659
527,33517.4,1.2589,0.62984,0.86762,0.8288,0.74832,0.78856,0.52273,1.20847,0.58481,0.85997,0.00809838,0.00269946,0.00809838,0.00269946,0.00809838,0.00269946,0.00809838,0.00269946
528,33591.8,1.25535,0.63059,0.86753,0.82743,0.74925,0.789,0.5234,1.20792,0.58434,0.85994,0.00804712,0.00268237,0.00804712,0.00268237,0.00804712,0.00268237,0.00804712,0.00268237
529,33665.7,1.25087,0.62781,0.86694,0.82775,0.75014,0.78997,0.52406,1.20742,0.58412,0.85989,0.00799596,0.00266532,0.00799596,0.00266532,0.00799596,0.00266532,0.00799596,0.00266532
530,33740.5,1.25062,0.62451,0.86655,0.82608,0.75076,0.78977,0.52396,1.20656,0.5837,0.85974,0.00794491,0.0026483,0.00794491,0.0026483,0.00794491,0.0026483,0.00794491,0.0026483
531,33817.3,1.24456,0.62407,0.86563,0.82652,0.74974,0.79013,0.52378,1.20728,0.58352,0.85969,0.00789397,0.00263132,0.00789397,0.00263132,0.00789397,0.00263132,0.00789397,0.00263132
532,33893.5,1.24408,0.62091,0.86284,0.82787,0.75046,0.7907,0.52384,1.20647,0.58273,0.85941,0.00784315,0.00261438,0.00784315,0.00261438,0.00784315,0.00261438,0.00784315,0.00261438
533,33972.5,1.24351,0.62073,0.86465,0.82756,0.7516,0.79113,0.52485,1.20528,0.58242,0.85933,0.00779244,0.00259748,0.00779244,0.00259748,0.00779244,0.00259748,0.00779244,0.00259748
534,34053.2,1.23662,0.61923,0.8637,0.82634,0.75209,0.79074,0.52492,1.20464,0.58188,0.85919,0.00774184,0.00258061,0.00774184,0.00258061,0.00774184,0.00258061,0.00774184,0.00258061
535,34132.2,1.24577,0.62095,0.86393,0.8274,0.75151,0.79176,0.52513,1.20457,0.58151,0.85908,0.00769136,0.00256379,0.00769136,0.00256379,0.00769136,0.00256379,0.00769136,0.00256379
536,34215.2,1.23849,0.61992,0.86566,0.82536,0.7524,0.79147,0.52549,1.20456,0.58116,0.85904,0.00764099,0.002547,0.00764099,0.002547,0.00764099,0.002547,0.00764099,0.002547
537,34293.1,1.24148,0.62309,0.86394,0.82572,0.75323,0.79205,0.52536,1.20431,0.58133,0.85898,0.00759073,0.00253024,0.00759073,0.00253024,0.00759073,0.00253024,0.00759073,0.00253024
538,34368.1,1.23662,0.62124,0.86302,0.82576,0.75354,0.79231,0.52579,1.20362,0.58079,0.85883,0.0075406,0.00251353,0.0075406,0.00251353,0.0075406,0.00251353,0.0075406,0.00251353
539,34444.2,1.23771,0.61607,0.86195,0.82523,0.75426,0.79202,0.52605,1.20281,0.58023,0.85873,0.00749058,0.00249686,0.00749058,0.00249686,0.00749058,0.00249686,0.00749058,0.00249686
540,34519.8,1.22793,0.61678,0.86191,0.82534,0.75396,0.79207,0.52603,1.2026,0.57972,0.85865,0.00744068,0.00248023,0.00744068,0.00248023,0.00744068,0.00248023,0.00744068,0.00248023
541,34594.9,1.23916,0.61989,0.86452,0.82527,0.75505,0.79239,0.52634,1.20255,0.57966,0.8586,0.0073909,0.00246363,0.0073909,0.00246363,0.0073909,0.00246363,0.0073909,0.00246363
542,34669.8,1.23042,0.61391,0.86264,0.8242,0.75599,0.79188,0.52632,1.20229,0.57943,0.85858,0.00734123,0.00244708,0.00734123,0.00244708,0.00734123,0.00244708,0.00734123,0.00244708
543,34748.6,1.22692,0.61305,0.86279,0.82326,0.75587,0.79153,0.52656,1.20104,0.57882,0.85838,0.00729169,0.00243056,0.00729169,0.00243056,0.00729169,0.00243056,0.00729169,0.00243056
544,34817.3,1.22569,0.61538,0.86022,0.82782,0.75477,0.79218,0.52672,1.2006,0.57854,0.85832,0.00724227,0.00241409,0.00724227,0.00241409,0.00724227,0.00241409,0.00724227,0.00241409
545,34886.4,1.22707,0.61785,0.86213,0.82575,0.75633,0.79281,0.52684,1.19981,0.57786,0.85824,0.00719297,0.00239766,0.00719297,0.00239766,0.00719297,0.00239766,0.00719297,0.00239766
546,34954.7,1.22307,0.61801,0.86275,0.82766,0.7564,0.7936,0.5272,1.19932,0.57764,0.85823,0.0071438,0.00238127,0.0071438,0.00238127,0.0071438,0.00238127,0.0071438,0.00238127
547,35024.6,1.22309,0.61083,0.86256,0.82923,0.75592,0.79372,0.52763,1.19806,0.57682,0.85805,0.00709474,0.00236491,0.00709474,0.00236491,0.00709474,0.00236491,0.00709474,0.00236491
548,35096.8,1.21989,0.61315,0.86282,0.82928,0.75572,0.79458,0.52818,1.19738,0.57636,0.85795,0.00704581,0.0023486,0.00704581,0.0023486,0.00704581,0.0023486,0.00704581,0.0023486
549,35167.3,1.22567,0.61194,0.86227,0.82881,0.75677,0.79533,0.5285,1.1968,0.57599,0.85785,0.00699701,0.00233234,0.00699701,0.00233234,0.00699701,0.00233234,0.00699701,0.00233234
550,35245,1.21815,0.60721,0.86094,0.83121,0.75702,0.79601,0.52923,1.1961,0.57545,0.85769,0.00694833,0.00231611,0.00694833,0.00231611,0.00694833,0.00231611,0.00694833,0.00231611
551,35321.7,1.21887,0.61098,0.8605,0.83121,0.75668,0.79642,0.52959,1.19578,0.57508,0.85756,0.00689978,0.00229993,0.00689978,0.00229993,0.00689978,0.00229993,0.00689978,0.00229993
552,35400.9,1.21956,0.60705,0.85954,0.83112,0.75691,0.79738,0.52993,1.19529,0.57487,0.8574,0.00685136,0.00228379,0.00685136,0.00228379,0.00685136,0.00228379,0.00685136,0.00228379
553,35478.4,1.21263,0.60626,0.85941,0.83129,0.7566,0.79723,0.5301,1.19468,0.57477,0.85729,0.00680306,0.00226769,0.00680306,0.00226769,0.00680306,0.00226769,0.00680306,0.00226769
554,35556.1,1.21008,0.60437,0.85796,0.83127,0.75724,0.79778,0.53048,1.19367,0.57376,0.85721,0.00675489,0.00225163,0.00675489,0.00225163,0.00675489,0.00225163,0.00675489,0.00225163
555,35632.1,1.21159,0.60517,0.8605,0.83152,0.75625,0.79724,0.53039,1.1927,0.5735,0.85707,0.00670686,0.00223562,0.00670686,0.00223562,0.00670686,0.00223562,0.00670686,0.00223562
556,35709.1,1.21033,0.60351,0.85829,0.83064,0.75669,0.79689,0.53072,1.19261,0.57323,0.857,0.00665895,0.00221965,0.00665895,0.00221965,0.00665895,0.00221965,0.00665895,0.00221965
557,35782.5,1.20128,0.59803,0.85752,0.83227,0.75719,0.7972,0.53082,1.1915,0.57279,0.8569,0.00661117,0.00220372,0.00661117,0.00220372,0.00661117,0.00220372,0.00661117,0.00220372
558,35859.3,1.20634,0.60061,0.85883,0.83227,0.75783,0.79767,0.53157,1.1908,0.57234,0.85673,0.00656353,0.00218784,0.00656353,0.00218784,0.00656353,0.00218784,0.00656353,0.00218784
559,35933,1.20662,0.59986,0.85734,0.83217,0.75871,0.79756,0.53191,1.1909,0.57191,0.85673,0.00651601,0.002172,0.00651601,0.002172,0.00651601,0.002172,0.00651601,0.002172
560,36009.5,1.20334,0.59976,0.85811,0.83268,0.75833,0.79821,0.53214,1.19136,0.57171,0.85662,0.00646863,0.00215621,0.00646863,0.00215621,0.00646863,0.00215621,0.00646863,0.00215621
561,36085.1,1.20175,0.59894,0.85942,0.83431,0.75847,0.79847,0.53228,1.19098,0.57135,0.85661,0.00642139,0.00214046,0.00642139,0.00214046,0.00642139,0.00214046,0.00642139,0.00214046
562,36165.8,1.19863,0.59703,0.85748,0.83442,0.75924,0.79889,0.53231,1.19126,0.57124,0.85654,0.00637428,0.00212476,0.00637428,0.00212476,0.00637428,0.00212476,0.00637428,0.00212476
563,36245.4,1.19956,0.59937,0.85768,0.83337,0.75965,0.79858,0.53241,1.19065,0.57091,0.85647,0.0063273,0.0021091,0.0063273,0.0021091,0.0063273,0.0021091,0.0063273,0.0021091
564,36324,1.19531,0.59662,0.85418,0.8337,0.76047,0.80003,0.53285,1.19032,0.57037,0.85643,0.00628046,0.00209349,0.00628046,0.00209349,0.00628046,0.00209349,0.00628046,0.00209349
565,36401.7,1.18852,0.59388,0.85749,0.83486,0.75987,0.80004,0.5329,1.1897,0.57034,0.8563,0.00623376,0.00207792,0.00623376,0.00207792,0.00623376,0.00207792,0.00623376,0.00207792
566,36478.8,1.18749,0.59292,0.85632,0.8359,0.76112,0.80079,0.53314,1.18943,0.57003,0.85627,0.00618719,0.0020624,0.00618719,0.0020624,0.00618719,0.0020624,0.00618719,0.0020624
567,36554.9,1.19105,0.59346,0.85398,0.8363,0.76153,0.80111,0.53296,1.1891,0.56993,0.85613,0.00614077,0.00204692,0.00614077,0.00204692,0.00614077,0.00204692,0.00614077,0.00204692
568,36630.9,1.18684,0.59176,0.85498,0.83679,0.76179,0.80117,0.5334,1.18775,0.56899,0.85603,0.00609448,0.00203149,0.00609448,0.00203149,0.00609448,0.00203149,0.00609448,0.00203149
569,36706.7,1.1865,0.59404,0.85554,0.837,0.76185,0.80124,0.53389,1.18719,0.56843,0.85598,0.00604833,0.00201611,0.00604833,0.00201611,0.00604833,0.00201611,0.00604833,0.00201611
570,36781.5,1.18795,0.59488,0.85387,0.83628,0.76216,0.80079,0.53392,1.18736,0.56813,0.85598,0.00600232,0.00200077,0.00600232,0.00200077,0.00600232,0.00200077,0.00600232,0.00200077
571,36861.4,1.18343,0.59026,0.85388,0.83661,0.76292,0.80204,0.53445,1.18665,0.56746,0.85576,0.00595645,0.00198548,0.00595645,0.00198548,0.00595645,0.00198548,0.00595645,0.00198548
572,36939.2,1.18927,0.59114,0.85312,0.83693,0.76237,0.80163,0.53408,1.18616,0.56718,0.85562,0.00591073,0.00197024,0.00591073,0.00197024,0.00591073,0.00197024,0.00591073,0.00197024
573,37020.9,1.18094,0.59046,0.85409,0.83934,0.76177,0.8027,0.53465,1.18624,0.56686,0.85561,0.00586515,0.00195505,0.00586515,0.00195505,0.00586515,0.00195505,0.00586515,0.00195505
574,37099.7,1.17991,0.58797,0.85411,0.83984,0.76213,0.80328,0.53521,1.18591,0.56642,0.85547,0.00581971,0.0019399,0.00581971,0.0019399,0.00581971,0.0019399,0.00581971,0.0019399
575,37179.5,1.18227,0.58759,0.85318,0.84018,0.76272,0.80405,0.53532,1.18605,0.56584,0.8554,0.00577441,0.0019248,0.00577441,0.0019248,0.00577441,0.0019248,0.00577441,0.0019248
576,37260.5,1.18314,0.58913,0.85456,0.84133,0.76276,0.8051,0.53558,1.18633,0.56576,0.85547,0.00572926,0.00190975,0.00572926,0.00190975,0.00572926,0.00190975,0.00572926,0.00190975
577,37340.1,1.17379,0.58107,0.85476,0.84187,0.76277,0.80534,0.53562,1.18558,0.56533,0.85542,0.00568425,0.00189475,0.00568425,0.00189475,0.00568425,0.00189475,0.00568425,0.00189475
578,37418.3,1.17753,0.58887,0.85306,0.84204,0.76288,0.80561,0.53569,1.18552,0.56496,0.85547,0.00563939,0.0018798,0.00563939,0.0018798,0.00563939,0.0018798,0.00563939,0.0018798
579,37490.9,1.17364,0.58138,0.85353,0.84232,0.7645,0.80675,0.53624,1.18485,0.56461,0.85526,0.00559468,0.00186489,0.00559468,0.00186489,0.00559468,0.00186489,0.00559468,0.00186489
580,37563.9,1.17688,0.58451,0.8538,0.83991,0.76601,0.80657,0.53645,1.18456,0.56431,0.85519,0.00555011,0.00185004,0.00555011,0.00185004,0.00555011,0.00185004,0.00555011,0.00185004
581,37638,1.17187,0.58722,0.85059,0.84076,0.76436,0.80568,0.53667,1.18462,0.56427,0.8551,0.0055057,0.00183523,0.0055057,0.00183523,0.0055057,0.00183523,0.0055057,0.00183523
582,37709.6,1.16847,0.58006,0.84975,0.8401,0.7647,0.806,0.53677,1.18414,0.56362,0.85504,0.00546143,0.00182048,0.00546143,0.00182048,0.00546143,0.00182048,0.00546143,0.00182048
583,37782.2,1.17409,0.58176,0.85198,0.84018,0.76527,0.80592,0.5367,1.18286,0.5633,0.85496,0.00541731,0.00180577,0.00541731,0.00180577,0.00541731,0.00180577,0.00541731,0.00180577
584,37856.9,1.17175,0.58284,0.85079,0.83841,0.76562,0.8056,0.5369,1.18242,0.5628,0.85487,0.00537334,0.00179111,0.00537334,0.00179111,0.00537334,0.00179111,0.00537334,0.00179111
585,37935.1,1.16266,0.57468,0.85015,0.83671,0.76557,0.80553,0.5375,1.18227,0.56249,0.85471,0.00532952,0.00177651,0.00532952,0.00177651,0.00532952,0.00177651,0.00532952,0.00177651
586,38011.3,1.16096,0.57647,0.84857,0.83659,0.76615,0.80619,0.5376,1.18187,0.56186,0.85468,0.00528585,0.00176195,0.00528585,0.00176195,0.00528585,0.00176195,0.00528585,0.00176195
587,38086.4,1.16485,0.57434,0.85162,0.83723,0.76617,0.80643,0.53775,1.18149,0.56143,0.85456,0.00524234,0.00174745,0.00524234,0.00174745,0.00524234,0.00174745,0.00524234,0.00174745
588,38164.9,1.16271,0.5787,0.84912,0.83876,0.76633,0.80687,0.53786,1.1811,0.56113,0.85459,0.00519897,0.00173299,0.00519897,0.00173299,0.00519897,0.00173299,0.00519897,0.00173299
589,38240.8,1.16245,0.57666,0.85109,0.83916,0.76592,0.80696,0.53788,1.18053,0.56065,0.85447,0.00515576,0.00171859,0.00515576,0.00171859,0.00515576,0.00171859,0.00515576,0.00171859
590,38315.9,1.15882,0.5741,0.84984,0.83918,0.76672,0.80793,0.53871,1.17962,0.56036,0.85429,0.00511271,0.00170424,0.00511271,0.00170424,0.00511271,0.00170424,0.00511271,0.00170424
591,38394,1.15646,0.5719,0.84985,0.84032,0.76702,0.80884,0.53879,1.17918,0.55997,0.85429,0.00506981,0.00168994,0.00506981,0.00168994,0.00506981,0.00168994,0.00506981,0.00168994
592,38472.4,1.14844,0.57052,0.84924,0.84166,0.7662,0.80916,0.53868,1.17839,0.55953,0.85412,0.00502706,0.00167569,0.00502706,0.00167569,0.00502706,0.00167569,0.00502706,0.00167569
593,38549.6,1.15153,0.57088,0.84725,0.84199,0.7668,0.80907,0.53906,1.17698,0.55908,0.85401,0.00498448,0.00166149,0.00498448,0.00166149,0.00498448,0.00166149,0.00498448,0.00166149
594,38627.6,1.15064,0.57048,0.84713,0.84238,0.7672,0.80905,0.53979,1.17634,0.55896,0.85397,0.00494204,0.00164735,0.00494204,0.00164735,0.00494204,0.00164735,0.00494204,0.00164735
595,38704.3,1.1538,0.57142,0.84758,0.84033,0.76665,0.80859,0.5398,1.17643,0.55876,0.85393,0.00489977,0.00163326,0.00489977,0.00163326,0.00489977,0.00163326,0.00489977,0.00163326
596,38780,1.15398,0.57398,0.84938,0.8405,0.76732,0.80851,0.54015,1.17577,0.55835,0.85384,0.00485765,0.00161922,0.00485765,0.00161922,0.00485765,0.00161922,0.00485765,0.00161922
597,38856.5,1.14074,0.56634,0.85034,0.84034,0.76848,0.80969,0.54036,1.17603,0.55795,0.8539,0.00481569,0.00160523,0.00481569,0.00160523,0.00481569,0.00160523,0.00481569,0.00160523
598,38933.6,1.14642,0.56869,0.8472,0.84248,0.76813,0.80953,0.54054,1.17543,0.55776,0.85374,0.0047739,0.0015913,0.0047739,0.0015913,0.0047739,0.0015913,0.0047739,0.0015913
599,39011.8,1.14612,0.57043,0.85007,0.84289,0.76754,0.80984,0.54076,1.17539,0.55768,0.85362,0.00473226,0.00157742,0.00473226,0.00157742,0.00473226,0.00157742,0.00473226,0.00157742
600,39088,1.14331,0.56914,0.84561,0.84505,0.76786,0.81106,0.54057,1.17552,0.55744,0.85363,0.00469078,0.00156359,0.00469078,0.00156359,0.00469078,0.00156359,0.00469078,0.00156359
601,39164.2,1.13732,0.56549,0.8459,0.84482,0.76812,0.81108,0.54136,1.17414,0.55707,0.85354,0.00464946,0.00154982,0.00464946,0.00154982,0.00464946,0.00154982,0.00464946,0.00154982
602,39239.8,1.13441,0.56226,0.84476,0.84458,0.76957,0.81155,0.54205,1.17342,0.55678,0.8535,0.00460831,0.0015361,0.00460831,0.0015361,0.00460831,0.0015361,0.00460831,0.0015361
603,39315.2,1.14502,0.56587,0.84622,0.84453,0.77002,0.81164,0.54239,1.17225,0.55635,0.85323,0.00456732,0.00152244,0.00456732,0.00152244,0.00456732,0.00152244,0.00456732,0.00152244
604,39387.6,1.13338,0.55997,0.8454,0.84521,0.77027,0.81207,0.54252,1.17126,0.55625,0.85315,0.00452649,0.00150883,0.00452649,0.00150883,0.00452649,0.00150883,0.00452649,0.00150883
605,39463.2,1.13364,0.56381,0.8465,0.84506,0.77101,0.81274,0.54266,1.17122,0.55566,0.85313,0.00448582,0.00149527,0.00448582,0.00149527,0.00448582,0.00149527,0.00448582,0.00149527
606,39537.4,1.13416,0.56158,0.84667,0.84537,0.77055,0.81231,0.54274,1.1712,0.55548,0.85302,0.00444532,0.00148177,0.00444532,0.00148177,0.00444532,0.00148177,0.00444532,0.00148177
607,39611.6,1.13588,0.56542,0.84513,0.844,0.77057,0.81231,0.54287,1.17148,0.55559,0.85292,0.00440499,0.00146833,0.00440499,0.00146833,0.00440499,0.00146833,0.00440499,0.00146833
608,39690.4,1.13185,0.55875,0.84438,0.84462,0.77136,0.81302,0.54305,1.17039,0.55478,0.8529,0.00436482,0.00145494,0.00436482,0.00145494,0.00436482,0.00145494,0.00436482,0.00145494
609,39766.2,1.13424,0.56075,0.84749,0.84496,0.77201,0.81364,0.54306,1.17043,0.55423,0.85292,0.00432482,0.00144161,0.00432482,0.00144161,0.00432482,0.00144161,0.00432482,0.00144161
610,39841.9,1.12871,0.55835,0.84549,0.84529,0.77156,0.81409,0.54339,1.17005,0.55413,0.85285,0.00428498,0.00142833,0.00428498,0.00142833,0.00428498,0.00142833,0.00428498,0.00142833
611,39919.8,1.12321,0.55682,0.84365,0.84528,0.77206,0.81404,0.54363,1.16981,0.55388,0.85272,0.00424531,0.0014151,0.00424531,0.0014151,0.00424531,0.0014151,0.00424531,0.0014151
612,39996.1,1.12162,0.55752,0.84407,0.84322,0.77172,0.81387,0.54363,1.16972,0.55369,0.85263,0.00420581,0.00140194,0.00420581,0.00140194,0.00420581,0.00140194,0.00420581,0.00140194
613,40074,1.12819,0.55708,0.84492,0.84417,0.7735,0.81467,0.54431,1.1691,0.55335,0.85251,0.00416648,0.00138883,0.00416648,0.00138883,0.00416648,0.00138883,0.00416648,0.00138883
614,40151.6,1.11764,0.55441,0.84561,0.84458,0.77429,0.81537,0.54528,1.16748,0.55252,0.8524,0.00412732,0.00137577,0.00412732,0.00137577,0.00412732,0.00137577,0.00412732,0.00137577
615,40230.6,1.12412,0.55553,0.84454,0.84427,0.77326,0.81466,0.54566,1.16755,0.55233,0.85239,0.00408832,0.00136277,0.00408832,0.00136277,0.00408832,0.00136277,0.00408832,0.00136277
616,40308.2,1.12705,0.55838,0.84503,0.84471,0.77391,0.8154,0.54638,1.16658,0.55193,0.85226,0.0040495,0.00134983,0.0040495,0.00134983,0.0040495,0.00134983,0.0040495,0.00134983
617,40384.3,1.12095,0.55512,0.84234,0.84485,0.77364,0.8156,0.54618,1.16636,0.55186,0.8523,0.00401085,0.00133695,0.00401085,0.00133695,0.00401085,0.00133695,0.00401085,0.00133695
618,40461.3,1.11549,0.55044,0.84299,0.84535,0.7738,0.81571,0.54625,1.16606,0.55116,0.85219,0.00397237,0.00132412,0.00397237,0.00132412,0.00397237,0.00132412,0.00397237,0.00132412
619,40536,1.11224,0.55149,0.84401,0.84616,0.77447,0.81656,0.54663,1.16554,0.55085,0.85212,0.00393407,0.00131136,0.00393407,0.00131136,0.00393407,0.00131136,0.00393407,0.00131136
620,40611.3,1.11172,0.54925,0.84339,0.84573,0.77418,0.81663,0.54664,1.16558,0.5508,0.85215,0.00389593,0.00129864,0.00389593,0.00129864,0.00389593,0.00129864,0.00389593,0.00129864
621,40688.2,1.11454,0.55342,0.84483,0.84712,0.77567,0.81762,0.54728,1.1649,0.55028,0.85207,0.00385797,0.00128599,0.00385797,0.00128599,0.00385797,0.00128599,0.00385797,0.00128599
622,40762.5,1.11949,0.55255,0.84205,0.84642,0.77555,0.81717,0.5474,1.16451,0.54999,0.85195,0.00382019,0.0012734,0.00382019,0.0012734,0.00382019,0.0012734,0.00382019,0.0012734
623,40834.8,1.10538,0.54697,0.84396,0.84595,0.77634,0.81752,0.5475,1.16501,0.5495,0.852,0.00378257,0.00126086,0.00378257,0.00126086,0.00378257,0.00126086,0.00378257,0.00126086
624,40910.5,1.10432,0.54578,0.84305,0.84687,0.7767,0.81803,0.54769,1.16506,0.54943,0.85203,0.00374514,0.00124838,0.00374514,0.00124838,0.00374514,0.00124838,0.00374514,0.00124838
625,40983.8,1.10747,0.5482,0.84259,0.84707,0.77723,0.81858,0.5481,1.164,0.54875,0.85188,0.00370788,0.00123596,0.00370788,0.00123596,0.00370788,0.00123596,0.00370788,0.00123596
626,41057.5,1.10281,0.54645,0.84016,0.84568,0.77695,0.81797,0.54817,1.16305,0.54828,0.85174,0.00367079,0.0012236,0.00367079,0.0012236,0.00367079,0.0012236,0.00367079,0.0012236
627,41134.3,1.10046,0.54537,0.84246,0.84598,0.77771,0.8181,0.54862,1.1627,0.54813,0.85166,0.00363389,0.0012113,0.00363389,0.0012113,0.00363389,0.0012113,0.00363389,0.0012113
628,41210.3,1.10173,0.54578,0.8395,0.84684,0.77815,0.81836,0.54852,1.16227,0.5476,0.85163,0.00359716,0.00119905,0.00359716,0.00119905,0.00359716,0.00119905,0.00359716,0.00119905
629,41287.5,1.09344,0.54066,0.83734,0.84709,0.77772,0.81845,0.54889,1.16165,0.54751,0.85151,0.00356061,0.00118687,0.00356061,0.00118687,0.00356061,0.00118687,0.00356061,0.00118687
630,41368,1.09992,0.54322,0.84103,0.84423,0.77867,0.81852,0.54933,1.16105,0.54713,0.85145,0.00352424,0.00117475,0.00352424,0.00117475,0.00352424,0.00117475,0.00352424,0.00117475
631,41444.1,1.09663,0.54268,0.84142,0.84409,0.77832,0.81807,0.54945,1.16038,0.54679,0.8514,0.00348804,0.00116268,0.00348804,0.00116268,0.00348804,0.00116268,0.00348804,0.00116268
632,41520.4,1.09729,0.5435,0.84012,0.84396,0.77818,0.81878,0.54982,1.15976,0.54638,0.85138,0.00345203,0.00115068,0.00345203,0.00115068,0.00345203,0.00115068,0.00345203,0.00115068
633,41598.5,1.09417,0.53862,0.83993,0.84338,0.77857,0.81901,0.54986,1.15979,0.54615,0.85132,0.0034162,0.00113873,0.0034162,0.00113873,0.0034162,0.00113873,0.0034162,0.00113873
634,41675.7,1.08834,0.5404,0.84235,0.84358,0.77878,0.81925,0.55017,1.15929,0.54569,0.85133,0.00338055,0.00112685,0.00338055,0.00112685,0.00338055,0.00112685,0.00338055,0.00112685
635,41752.5,1.09296,0.53851,0.83835,0.84364,0.77857,0.81857,0.54983,1.15915,0.54553,0.85127,0.00334508,0.00111503,0.00334508,0.00111503,0.00334508,0.00111503,0.00334508,0.00111503
636,41828.4,1.08372,0.53561,0.83994,0.84319,0.77883,0.81876,0.55031,1.15856,0.54501,0.85121,0.00330979,0.00110326,0.00330979,0.00110326,0.00330979,0.00110326,0.00330979,0.00110326
637,41906.6,1.09104,0.53953,0.83906,0.84248,0.77945,0.81901,0.55097,1.15724,0.54488,0.85103,0.00327468,0.00109156,0.00327468,0.00109156,0.00327468,0.00109156,0.00327468,0.00109156
638,41981.9,1.0809,0.53713,0.83951,0.84287,0.77854,0.8191,0.55069,1.1565,0.54439,0.85098,0.00323976,0.00107992,0.00323976,0.00107992,0.00323976,0.00107992,0.00323976,0.00107992
639,42056.2,1.08669,0.53684,0.83726,0.84227,0.77903,0.81888,0.55063,1.157,0.54435,0.85101,0.00320502,0.00106834,0.00320502,0.00106834,0.00320502,0.00106834,0.00320502,0.00106834
640,42130.5,1.08815,0.54418,0.83882,0.84318,0.77941,0.82017,0.55101,1.157,0.54406,0.85101,0.00317047,0.00105682,0.00317047,0.00105682,0.00317047,0.00105682,0.00317047,0.00105682
641,42205.2,1.0827,0.53248,0.83914,0.84377,0.77996,0.82044,0.55144,1.15651,0.54381,0.85091,0.0031361,0.00104537,0.0031361,0.00104537,0.0031361,0.00104537,0.0031361,0.00104537
642,42278.8,1.07867,0.53131,0.83734,0.84433,0.78022,0.82035,0.55138,1.15631,0.54334,0.8509,0.00310191,0.00103397,0.00310191,0.00103397,0.00310191,0.00103397,0.00310191,0.00103397
643,42354.2,1.07938,0.53269,0.83706,0.84473,0.77999,0.82068,0.55201,1.15722,0.54353,0.85099,0.00306791,0.00102264,0.00306791,0.00102264,0.00306791,0.00102264,0.00306791,0.00102264
644,42428.9,1.07623,0.53095,0.836,0.84472,0.7802,0.81973,0.55148,1.15743,0.5429,0.85093,0.0030341,0.00101137,0.0030341,0.00101137,0.0030341,0.00101137,0.0030341,0.00101137
645,42504.4,1.08626,0.53336,0.83798,0.84529,0.77923,0.81939,0.55122,1.15891,0.54293,0.85104,0.00300048,0.00100016,0.00300048,0.00100016,0.00300048,0.00100016,0.00300048,0.00100016
646,42579.6,1.08516,0.53538,0.84077,0.84494,0.77826,0.81891,0.55128,1.1587,0.54286,0.85104,0.00296704,0.000989013,0.00296704,0.000989013,0.00296704,0.000989013,0.00296704,0.000989013
647,42655.9,1.07345,0.53113,0.83793,0.84632,0.77927,0.82031,0.55133,1.15847,0.54265,0.85092,0.00293379,0.000977929,0.00293379,0.000977929,0.00293379,0.000977929,0.00293379,0.000977929
648,42730.4,1.07397,0.53006,0.83711,0.84556,0.77909,0.81966,0.55119,1.15879,0.54224,0.85092,0.00290073,0.000966909,0.00290073,0.000966909,0.00290073,0.000966909,0.00290073,0.000966909
649,42807.2,1.06692,0.52577,0.8375,0.84575,0.77901,0.82007,0.55126,1.15904,0.54261,0.85091,0.00286785,0.000955951,0.00286785,0.000955951,0.00286785,0.000955951,0.00286785,0.000955951
650,42884.8,1.06876,0.52644,0.83806,0.84716,0.7789,0.82049,0.55159,1.15919,0.54201,0.85087,0.00283517,0.000945057,0.00283517,0.000945057,0.00283517,0.000945057,0.00283517,0.000945057
651,42961.1,1.06721,0.52485,0.83747,0.84611,0.78038,0.82121,0.55171,1.15839,0.54152,0.85082,0.00280268,0.000934225,0.00280268,0.000934225,0.00280268,0.000934225,0.00280268,0.000934225
652,43036.2,1.07411,0.52881,0.83458,0.84895,0.77821,0.82162,0.55208,1.15822,0.54126,0.85093,0.00277037,0.000923458,0.00277037,0.000923458,0.00277037,0.000923458,0.00277037,0.000923458
653,43112.2,1.06379,0.52662,0.83683,0.84848,0.77728,0.82086,0.55224,1.15847,0.54124,0.85087,0.00273826,0.000912754,0.00273826,0.000912754,0.00273826,0.000912754,0.00273826,0.000912754
654,43190.7,1.06371,0.52579,0.83394,0.84706,0.77781,0.82068,0.552,1.1585,0.54083,0.85085,0.00270634,0.000902113,0.00270634,0.000902113,0.00270634,0.000902113,0.00270634,0.000902113
655,43269.1,1.06011,0.52349,0.83853,0.84664,0.77994,0.82184,0.55212,1.15842,0.54071,0.85087,0.00267461,0.000891537,0.00267461,0.000891537,0.00267461,0.000891537,0.00267461,0.000891537
656,43345.8,1.05344,0.52122,0.83532,0.84668,0.77931,0.82169,0.55217,1.15842,0.54043,0.85083,0.00264307,0.000881025,0.00264307,0.000881025,0.00264307,0.000881025,0.00264307,0.000881025
657,43423.9,1.05625,0.52216,0.83581,0.84826,0.7792,0.82158,0.55215,1.15878,0.54023,0.85087,0.00261173,0.000870577,0.00261173,0.000870577,0.00261173,0.000870577,0.00261173,0.000870577
658,43502.6,1.06293,0.52682,0.83438,0.84669,0.77944,0.82135,0.55233,1.15829,0.54008,0.8508,0.00258058,0.000860193,0.00258058,0.000860193,0.00258058,0.000860193,0.00258058,0.000860193
659,43577.8,1.05882,0.52277,0.83323,0.84435,0.78105,0.82213,0.55268,1.15797,0.53951,0.85078,0.00254962,0.000849874,0.00254962,0.000849874,0.00254962,0.000849874,0.00254962,0.000849874
660,43651.3,1.05409,0.51729,0.83394,0.84736,0.78061,0.82243,0.55274,1.15787,0.5395,0.85079,0.00251886,0.00083962,0.00251886,0.00083962,0.00251886,0.00083962,0.00251886,0.00083962
661,43725.5,1.05865,0.52249,0.83465,0.84605,0.78058,0.82186,0.55338,1.1576,0.53939,0.85074,0.00248829,0.000829431,0.00248829,0.000829431,0.00248829,0.000829431,0.00248829,0.000829431
662,43802.2,1.05701,0.52043,0.83324,0.8455,0.78128,0.82188,0.55321,1.15606,0.53887,0.85065,0.00245792,0.000819307,0.00245792,0.000819307,0.00245792,0.000819307,0.00245792,0.000819307
663,43877.7,1.04853,0.51654,0.83313,0.84701,0.78152,0.82301,0.55403,1.1558,0.53835,0.85065,0.00242774,0.000809248,0.00242774,0.000809248,0.00242774,0.000809248,0.00242774,0.000809248
664,43952.2,1.04407,0.51849,0.83315,0.84729,0.78009,0.8232,0.55399,1.15515,0.53807,0.85053,0.00239776,0.000799255,0.00239776,0.000799255,0.00239776,0.000799255,0.00239776,0.000799255
665,44025.8,1.04816,0.52074,0.83584,0.8459,0.78139,0.82325,0.55411,1.1552,0.53798,0.8506,0.00236798,0.000789327,0.00236798,0.000789327,0.00236798,0.000789327,0.00236798,0.000789327
666,44102.7,1.04565,0.51567,0.83249,0.84784,0.77989,0.82316,0.55461,1.15574,0.53784,0.85069,0.00233839,0.000779465,0.00233839,0.000779465,0.00233839,0.000779465,0.00233839,0.000779465
667,44178,1.0428,0.51587,0.83069,0.84693,0.77982,0.82316,0.55464,1.15549,0.5378,0.85064,0.00230901,0.000769668,0.00230901,0.000769668,0.00230901,0.000769668,0.00230901,0.000769668
668,44252.7,1.04091,0.51288,0.83269,0.84758,0.7796,0.82341,0.55476,1.15547,0.5374,0.85062,0.00227981,0.000759938,0.00227981,0.000759938,0.00227981,0.000759938,0.00227981,0.000759938
669,44331.7,1.04299,0.51434,0.83269,0.84819,0.77958,0.82338,0.55484,1.15483,0.53746,0.85058,0.00225082,0.000750274,0.00225082,0.000750274,0.00225082,0.000750274,0.00225082,0.000750274
670,44408.2,1.04072,0.51364,0.83232,0.84886,0.78026,0.82396,0.55517,1.15498,0.53714,0.85057,0.00222203,0.000740676,0.00222203,0.000740676,0.00222203,0.000740676,0.00222203,0.000740676
671,44486.1,1.03929,0.51392,0.83294,0.84837,0.78083,0.82395,0.55533,1.15441,0.5372,0.85046,0.00219343,0.000731145,0.00219343,0.000731145,0.00219343,0.000731145,0.00219343,0.000731145
672,44564.6,1.03928,0.51408,0.83218,0.84737,0.78099,0.82439,0.55546,1.15462,0.53684,0.85055,0.00216504,0.00072168,0.00216504,0.00072168,0.00216504,0.00072168,0.00216504,0.00072168
673,44644.6,1.04023,0.51317,0.82944,0.84733,0.78091,0.82459,0.55581,1.15466,0.5368,0.85053,0.00213685,0.000712282,0.00213685,0.000712282,0.00213685,0.000712282,0.00213685,0.000712282
674,44721.7,1.03951,0.51697,0.83405,0.84894,0.78183,0.82523,0.55541,1.15519,0.53668,0.85054,0.00210885,0.000702951,0.00210885,0.000702951,0.00210885,0.000702951,0.00210885,0.000702951
675,44798,1.03341,0.51038,0.83345,0.84571,0.78183,0.82445,0.55579,1.15532,0.53681,0.8505,0.00208106,0.000693687,0.00208106,0.000693687,0.00208106,0.000693687,0.00208106,0.000693687
676,44875.5,1.02865,0.50857,0.83021,0.84855,0.78169,0.82577,0.55608,1.15538,0.5364,0.85055,0.00205347,0.00068449,0.00205347,0.00068449,0.00205347,0.00068449,0.00205347,0.00068449
677,44948.8,1.03345,0.51285,0.82911,0.84881,0.78084,0.82506,0.55585,1.15576,0.5367,0.8506,0.00202608,0.00067536,0.00202608,0.00067536,0.00202608,0.00067536,0.00202608,0.00067536
678,45024,1.03228,0.51056,0.83327,0.84859,0.78126,0.82562,0.55582,1.15577,0.53649,0.85061,0.00199889,0.000666298,0.00199889,0.000666298,0.00199889,0.000666298,0.00199889,0.000666298
679,45097.5,1.03251,0.51286,0.83034,0.8492,0.78094,0.82618,0.55609,1.15531,0.53599,0.8506,0.00197191,0.000657303,0.00197191,0.000657303,0.00197191,0.000657303,0.00197191,0.000657303
680,45169.8,1.0299,0.50736,0.83078,0.84955,0.78149,0.82623,0.55618,1.15542,0.53598,0.85049,0.00194513,0.000648377,0.00194513,0.000648377,0.00194513,0.000648377,0.00194513,0.000648377
681,45244.2,1.0337,0.51203,0.82946,0.85003,0.7819,0.82657,0.55646,1.15571,0.53583,0.85047,0.00191855,0.000639518,0.00191855,0.000639518,0.00191855,0.000639518,0.00191855,0.000639518
682,45318.2,1.03109,0.50793,0.8329,0.84949,0.78183,0.82604,0.55691,1.15522,0.53544,0.85051,0.00189218,0.000630727,0.00189218,0.000630727,0.00189218,0.000630727,0.00189218,0.000630727
683,45391.8,1.02827,0.50728,0.83008,0.85045,0.78246,0.8272,0.55686,1.15485,0.5355,0.85047,0.00186601,0.000622004,0.00186601,0.000622004,0.00186601,0.000622004,0.00186601,0.000622004
684,45467.9,1.02466,0.50697,0.83074,0.85015,0.78172,0.82676,0.55665,1.15507,0.5353,0.85048,0.00184005,0.00061335,0.00184005,0.00061335,0.00184005,0.00061335,0.00184005,0.00061335
685,45543.9,1.02468,0.50642,0.83184,0.85023,0.78301,0.82676,0.55685,1.15485,0.53505,0.85045,0.00181429,0.000604763,0.00181429,0.000604763,0.00181429,0.000604763,0.00181429,0.000604763
686,45622.1,1.01557,0.50446,0.82742,0.8513,0.78223,0.82702,0.55742,1.15458,0.53503,0.85037,0.00178874,0.000596246,0.00178874,0.000596246,0.00178874,0.000596246,0.00178874,0.000596246
687,45702.5,1.01901,0.50237,0.82854,0.85084,0.78273,0.82714,0.55736,1.15446,0.53477,0.85035,0.00176339,0.000587797,0.00176339,0.000587797,0.00176339,0.000587797,0.00176339,0.000587797
688,45780.6,1.01318,0.50378,0.8285,0.85122,0.78296,0.82754,0.55775,1.15389,0.53464,0.85033,0.00173825,0.000579417,0.00173825,0.000579417,0.00173825,0.000579417,0.00173825,0.000579417
689,45857.5,1.01887,0.50446,0.82946,0.8498,0.78352,0.82749,0.55812,1.15364,0.53428,0.85029,0.00171332,0.000571106,0.00171332,0.000571106,0.00171332,0.000571106,0.00171332,0.000571106
690,45939.2,1.02288,0.5042,0.82829,0.85128,0.78377,0.82785,0.55777,1.15377,0.53437,0.85031,0.00168859,0.000562864,0.00168859,0.000562864,0.00168859,0.000562864,0.00168859,0.000562864
691,46013.8,1.01582,0.50249,0.82742,0.85231,0.78338,0.82784,0.55759,1.15415,0.53453,0.8503,0.00166407,0.000554691,0.00166407,0.000554691,0.00166407,0.000554691,0.00166407,0.000554691
692,46089.7,1.01477,0.49834,0.82819,0.85243,0.7836,0.82788,0.55807,1.15399,0.53453,0.85034,0.00163976,0.000546588,0.00163976,0.000546588,0.00163976,0.000546588,0.00163976,0.000546588
693,46166,1.01884,0.50289,0.82922,0.85339,0.78312,0.82752,0.55784,1.15405,0.53445,0.85035,0.00161566,0.000538554,0.00161566,0.000538554,0.00161566,0.000538554,0.00161566,0.000538554
694,46241.1,1.01476,0.49971,0.82729,0.85186,0.78333,0.82702,0.55776,1.15452,0.5347,0.85041,0.00159177,0.000530589,0.00159177,0.000530589,0.00159177,0.000530589,0.00159177,0.000530589
695,46318.4,1.00546,0.49758,0.82746,0.85151,0.78281,0.82652,0.55772,1.15486,0.53462,0.85044,0.00156808,0.000522695,0.00156808,0.000522695,0.00156808,0.000522695,0.00156808,0.000522695
696,46392.4,1.00897,0.49706,0.8268,0.85124,0.78383,0.82647,0.55806,1.15448,0.53458,0.85047,0.00154461,0.00051487,0.00154461,0.00051487,0.00154461,0.00051487,0.00154461,0.00051487
697,46468.3,1.00418,0.49612,0.82709,0.8512,0.78402,0.82694,0.55799,1.15396,0.53431,0.85041,0.00152134,0.000507115,0.00152134,0.000507115,0.00152134,0.000507115,0.00152134,0.000507115
698,46542.2,1.01045,0.50016,0.8297,0.85132,0.78339,0.82662,0.55821,1.15444,0.53425,0.85045,0.00149829,0.00049943,0.00149829,0.00049943,0.00149829,0.00049943,0.00149829,0.00049943
699,46616.6,1.01484,0.50067,0.82676,0.8516,0.78412,0.82717,0.55846,1.15404,0.53414,0.85043,0.00147544,0.000491815,0.00147544,0.000491815,0.00147544,0.000491815,0.00147544,0.000491815
700,46694.6,1.01253,0.49928,0.82694,0.85141,0.78371,0.82676,0.55796,1.15444,0.53389,0.85054,0.00145281,0.00048427,0.00145281,0.00048427,0.00145281,0.00048427,0.00145281,0.00048427
701,46768.9,1.00516,0.49678,0.82719,0.84913,0.78468,0.82677,0.55776,1.15511,0.53399,0.85061,0.00143039,0.000476796,0.00143039,0.000476796,0.00143039,0.000476796,0.00143039,0.000476796
702,46842.4,1.00176,0.4945,0.82842,0.85309,0.78306,0.82698,0.55819,1.15487,0.53361,0.85057,0.00140818,0.000469393,0.00140818,0.000469393,0.00140818,0.000469393,0.00140818,0.000469393
703,46920.3,0.99825,0.4946,0.82724,0.85323,0.78384,0.82756,0.55798,1.15488,0.53358,0.85052,0.00138618,0.00046206,0.00138618,0.00046206,0.00138618,0.00046206,0.00138618,0.00046206
704,46998.8,0.99652,0.49407,0.82642,0.8549,0.78451,0.82798,0.55814,1.15417,0.53301,0.85042,0.00136439,0.000454798,0.00136439,0.000454798,0.00136439,0.000454798,0.00136439,0.000454798
705,47074.3,1.00385,0.49721,0.82547,0.85427,0.78463,0.82768,0.55865,1.15389,0.53312,0.8504,0.00134282,0.000447606,0.00134282,0.000447606,0.00134282,0.000447606,0.00134282,0.000447606
706,47149.4,0.99875,0.49274,0.82744,0.85462,0.78512,0.82834,0.55862,1.15401,0.53284,0.85043,0.00132146,0.000440486,0.00132146,0.000440486,0.00132146,0.000440486,0.00132146,0.000440486
707,47225.4,1.0019,0.49153,0.82353,0.85146,0.78579,0.828,0.55882,1.15386,0.53293,0.85041,0.00130031,0.000433437,0.00130031,0.000433437,0.00130031,0.000433437,0.00130031,0.000433437
708,47301.1,0.99359,0.49113,0.82584,0.8545,0.78476,0.82821,0.55844,1.15393,0.53255,0.85038,0.00127938,0.000426459,0.00127938,0.000426459,0.00127938,0.000426459,0.00127938,0.000426459
709,47375.4,0.99498,0.49213,0.8257,0.85434,0.78396,0.82727,0.55885,1.15435,0.53262,0.85041,0.00125866,0.000419552,0.00125866,0.000419552,0.00125866,0.000419552,0.00125866,0.000419552
710,47451.9,0.99723,0.49081,0.82683,0.85438,0.78443,0.82771,0.559,1.15435,0.53261,0.85047,0.00123815,0.000412717,0.00123815,0.000412717,0.00123815,0.000412717,0.00123815,0.000412717
711,47529.4,0.99062,0.48979,0.82526,0.85245,0.78561,0.82813,0.55878,1.15512,0.53262,0.85053,0.00121786,0.000405953,0.00121786,0.000405953,0.00121786,0.000405953,0.00121786,0.000405953
712,47607.6,1.00047,0.4902,0.82473,0.85135,0.78568,0.82802,0.55901,1.15564,0.5325,0.85059,0.00119778,0.000399261,0.00119778,0.000399261,0.00119778,0.000399261,0.00119778,0.000399261
713,47685.9,0.99191,0.48928,0.82549,0.85494,0.78403,0.82796,0.55871,1.15591,0.5325,0.85065,0.00117792,0.00039264,0.00117792,0.00039264,0.00117792,0.00039264,0.00117792,0.00039264
714,47763.4,0.98693,0.48867,0.82442,0.85337,0.78416,0.82756,0.55876,1.15668,0.53247,0.85073,0.00115827,0.000386092,0.00115827,0.000386092,0.00115827,0.000386092,0.00115827,0.000386092
715,47839.7,0.99036,0.49019,0.82689,0.85218,0.78564,0.82764,0.55874,1.15681,0.53229,0.85074,0.00113884,0.000379615,0.00113884,0.000379615,0.00113884,0.000379615,0.00113884,0.000379615
716,47915.9,0.99024,0.48667,0.82709,0.85175,0.78575,0.8277,0.55916,1.1562,0.53191,0.85058,0.00111963,0.00037321,0.00111963,0.00037321,0.00111963,0.00037321,0.00111963,0.00037321
717,47992.7,0.99875,0.49153,0.82395,0.85211,0.78501,0.82742,0.559,1.15679,0.53216,0.8506,0.00110063,0.000366877,0.00110063,0.000366877,0.00110063,0.000366877,0.00110063,0.000366877
718,48064.2,0.99228,0.48854,0.82295,0.85195,0.78412,0.82668,0.55893,1.15676,0.53221,0.85062,0.00108185,0.000360617,0.00108185,0.000360617,0.00108185,0.000360617,0.00108185,0.000360617
719,48138.9,0.9874,0.49104,0.8269,0.85046,0.78542,0.82672,0.55868,1.15703,0.5318,0.85056,0.00106329,0.000354429,0.00106329,0.000354429,0.00106329,0.000354429,0.00106329,0.000354429
720,48214.6,0.98822,0.49012,0.82507,0.84955,0.78479,0.8265,0.55852,1.1571,0.53185,0.85055,0.00104494,0.000348313,0.00104494,0.000348313,0.00104494,0.000348313,0.00104494,0.000348313
721,48290.1,0.98783,0.48934,0.82548,0.85217,0.78417,0.82705,0.55892,1.15689,0.53178,0.85048,0.00102681,0.00034227,0.00102681,0.00034227,0.00102681,0.00034227,0.00102681,0.00034227
722,48362.4,0.98113,0.48701,0.82412,0.85079,0.78533,0.82736,0.55878,1.15665,0.53142,0.85049,0.0010089,0.0003363,0.0010089,0.0003363,0.0010089,0.0003363,0.0010089,0.0003363
723,48438.3,0.97884,0.48513,0.82241,0.85168,0.78513,0.82733,0.55869,1.15735,0.5313,0.85051,0.000991206,0.000330402,0.000991206,0.000330402,0.000991206,0.000330402,0.000991206,0.000330402
724,48512.3,0.98569,0.48666,0.82457,0.85131,0.78517,0.82706,0.55824,1.15805,0.53165,0.85057,0.00097373,0.000324577,0.00097373,0.000324577,0.00097373,0.000324577,0.00097373,0.000324577
725,48586.6,0.98635,0.48536,0.82361,0.85114,0.78465,0.82696,0.55817,1.15785,0.53175,0.85054,0.000956474,0.000318825,0.000956474,0.000318825,0.000956474,0.000318825,0.000956474,0.000318825
726,48662.7,0.97971,0.48401,0.82405,0.85118,0.7847,0.82683,0.55786,1.15812,0.53183,0.8506,0.000939436,0.000313145,0.000939436,0.000313145,0.000939436,0.000313145,0.000939436,0.000313145
727,48737.4,0.97464,0.48146,0.82385,0.85083,0.78578,0.8272,0.55784,1.1581,0.53199,0.85052,0.000922617,0.000307539,0.000922617,0.000307539,0.000922617,0.000307539,0.000922617,0.000307539
728,48813.6,0.98408,0.48982,0.82485,0.85112,0.78606,0.82767,0.55814,1.15738,0.53165,0.8504,0.000906018,0.000302006,0.000906018,0.000302006,0.000906018,0.000302006,0.000906018,0.000302006
729,48891.6,0.98609,0.48643,0.82418,0.85051,0.78623,0.82774,0.55797,1.15749,0.53169,0.8504,0.000889639,0.000296546,0.000889639,0.000296546,0.000889639,0.000296546,0.000889639,0.000296546
730,48973.9,0.97761,0.48119,0.82223,0.84931,0.7871,0.82706,0.55809,1.15811,0.53182,0.85046,0.000873479,0.00029116,0.000873479,0.00029116,0.000873479,0.00029116,0.000873479,0.00029116
731,49052.9,0.97572,0.4842,0.82265,0.85154,0.78673,0.82806,0.5582,1.15824,0.53184,0.85047,0.00085754,0.000285847,0.00085754,0.000285847,0.00085754,0.000285847,0.00085754,0.000285847
732,49129.1,0.98379,0.48697,0.82288,0.84894,0.7876,0.8274,0.55808,1.15772,0.53177,0.85032,0.000841821,0.000280607,0.000841821,0.000280607,0.000841821,0.000280607,0.000841821,0.000280607
733,49202.4,0.97363,0.48093,0.82478,0.85049,0.78672,0.82763,0.55865,1.15733,0.53159,0.85036,0.000826322,0.000275441,0.000826322,0.000275441,0.000826322,0.000275441,0.000826322,0.000275441
734,49278.3,0.98107,0.48233,0.82397,0.85089,0.78757,0.82774,0.55806,1.15807,0.53184,0.85041,0.000811045,0.000270348,0.000811045,0.000270348,0.000811045,0.000270348,0.000811045,0.000270348
735,49352.6,0.96719,0.47968,0.82499,0.85017,0.78759,0.82791,0.55788,1.1586,0.53178,0.85042,0.000795988,0.000265329,0.000795988,0.000265329,0.000795988,0.000265329,0.000795988,0.000265329
736,49429.3,0.97619,0.48318,0.82268,0.8504,0.78775,0.82768,0.55803,1.15888,0.53169,0.85044,0.000781153,0.000260384,0.000781153,0.000260384,0.000781153,0.000260384,0.000781153,0.000260384
737,49502.8,0.97382,0.48072,0.82216,0.85005,0.78811,0.82806,0.55751,1.15932,0.53184,0.85044,0.00076654,0.000255513,0.00076654,0.000255513,0.00076654,0.000255513,0.00076654,0.000255513
738,49575.1,0.96937,0.47803,0.82342,0.8502,0.78841,0.82827,0.5576,1.15995,0.53224,0.85046,0.000752148,0.000250716,0.000752148,0.000250716,0.000752148,0.000250716,0.000752148,0.000250716
739,49652.4,0.96667,0.47652,0.82052,0.84986,0.78802,0.82767,0.55751,1.16025,0.53258,0.85046,0.000737979,0.000245993,0.000737979,0.000245993,0.000737979,0.000245993,0.000737979,0.000245993
740,49727.3,0.96704,0.47724,0.82207,0.84912,0.78887,0.82772,0.55747,1.16124,0.53259,0.85056,0.000724032,0.000241344,0.000724032,0.000241344,0.000724032,0.000241344,0.000724032,0.000241344
741,49801.4,0.96465,0.47705,0.82238,0.8495,0.78915,0.82759,0.5576,1.16191,0.5325,0.85056,0.000710307,0.000236769,0.000710307,0.000236769,0.000710307,0.000236769,0.000710307,0.000236769
742,49878.3,0.976,0.48069,0.82138,0.85075,0.78928,0.82865,0.55718,1.16232,0.53277,0.85051,0.000696804,0.000232268,0.000696804,0.000232268,0.000696804,0.000232268,0.000696804,0.000232268
743,49958.3,0.97016,0.47577,0.82364,0.84994,0.78928,0.82773,0.557,1.16227,0.53269,0.8505,0.000683525,0.000227842,0.000683525,0.000227842,0.000683525,0.000227842,0.000683525,0.000227842
744,50034.3,0.97251,0.47903,0.82165,0.85017,0.78906,0.82793,0.55723,1.1627,0.53276,0.85058,0.000670469,0.00022349,0.000670469,0.00022349,0.000670469,0.00022349,0.000670469,0.00022349
745,50111.1,0.96704,0.47733,0.82263,0.84996,0.78901,0.82756,0.557,1.16331,0.53286,0.85062,0.000657636,0.000219212,0.000657636,0.000219212,0.000657636,0.000219212,0.000657636,0.000219212
746,50188.2,0.95768,0.47559,0.8209,0.8518,0.78951,0.82862,0.55729,1.16309,0.53294,0.85059,0.000645027,0.000215009,0.000645027,0.000215009,0.000645027,0.000215009,0.000645027,0.000215009
747,50265,0.96552,0.47477,0.82356,0.85094,0.78959,0.82836,0.55661,1.16427,0.53344,0.85074,0.000632641,0.00021088,0.000632641,0.00021088,0.000632641,0.00021088,0.000632641,0.00021088
748,50340.7,0.96086,0.47204,0.82211,0.85097,0.78936,0.82767,0.55635,1.16423,0.53312,0.85071,0.000620479,0.000206826,0.000620479,0.000206826,0.000620479,0.000206826,0.000620479,0.000206826
749,50416.7,0.95999,0.47296,0.82226,0.85095,0.78954,0.82742,0.55611,1.16535,0.53348,0.85077,0.000608541,0.000202847,0.000608541,0.000202847,0.000608541,0.000202847,0.000608541,0.000202847
750,50493.7,0.96571,0.47785,0.82153,0.85192,0.78912,0.82687,0.55592,1.16621,0.53353,0.8509,0.000596828,0.000198943,0.000596828,0.000198943,0.000596828,0.000198943,0.000596828,0.000198943
751,50570.8,0.96315,0.47569,0.82244,0.85173,0.7892,0.82688,0.55581,1.16708,0.53388,0.85098,0.000585339,0.000195113,0.000585339,0.000195113,0.000585339,0.000195113,0.000585339,0.000195113
752,50648.1,0.96128,0.479,0.82141,0.85115,0.78874,0.82667,0.55556,1.16802,0.53377,0.85098,0.000574074,0.000191358,0.000574074,0.000191358,0.000574074,0.000191358,0.000574074,0.000191358
753,50722.6,0.95722,0.47315,0.8223,0.8519,0.78911,0.82664,0.55598,1.16792,0.53383,0.85091,0.000563034,0.000187678,0.000563034,0.000187678,0.000563034,0.000187678,0.000563034,0.000187678
754,50797.5,0.95642,0.47397,0.82307,0.85214,0.78982,0.82686,0.55569,1.16883,0.53396,0.85098,0.00055222,0.000184073,0.00055222,0.000184073,0.00055222,0.000184073,0.00055222,0.000184073
755,50870.9,0.95997,0.4739,0.81893,0.8517,0.78827,0.82655,0.55557,1.16818,0.53369,0.85087,0.00054163,0.000180543,0.00054163,0.000180543,0.00054163,0.000180543,0.00054163,0.000180543
756,50943.4,0.96517,0.47463,0.82102,0.85293,0.78871,0.82678,0.55544,1.16816,0.53364,0.85095,0.000531265,0.000177088,0.000531265,0.000177088,0.000531265,0.000177088,0.000531265,0.000177088
757,51019.6,0.95196,0.47198,0.82155,0.85253,0.78875,0.82698,0.55574,1.16806,0.53373,0.85091,0.000521127,0.000173709,0.000521127,0.000173709,0.000521127,0.000173709,0.000521127,0.000173709
758,51095,0.95904,0.4752,0.82058,0.85071,0.78895,0.82706,0.5558,1.1681,0.53342,0.8509,0.000511213,0.000170404,0.000511213,0.000170404,0.000511213,0.000170404,0.000511213,0.000170404
759,51169.9,0.96451,0.47661,0.82085,0.85304,0.78709,0.82668,0.55571,1.16859,0.53354,0.85095,0.000501526,0.000167175,0.000501526,0.000167175,0.000501526,0.000167175,0.000501526,0.000167175
760,51244,0.95468,0.47109,0.82151,0.85157,0.78897,0.8272,0.55576,1.16923,0.53365,0.85102,0.000492064,0.000164021,0.000492064,0.000164021,0.000492064,0.000164021,0.000492064,0.000164021
761,51321.9,0.95913,0.47279,0.82236,0.85185,0.78867,0.82734,0.55585,1.16942,0.53373,0.85107,0.000482828,0.000160943,0.000482828,0.000160943,0.000482828,0.000160943,0.000482828,0.000160943
762,51395.6,0.9595,0.4726,0.82037,0.85219,0.7892,0.82734,0.55553,1.1705,0.53367,0.8511,0.000473819,0.00015794,0.000473819,0.00015794,0.000473819,0.00015794,0.000473819,0.00015794
763,51473.1,0.95656,0.47433,0.82399,0.85172,0.78768,0.82619,0.55527,1.17056,0.53393,0.8511,0.000465035,0.000155012,0.000465035,0.000155012,0.000465035,0.000155012,0.000465035,0.000155012
764,51549.8,0.95303,0.47243,0.82227,0.85167,0.78829,0.82688,0.55533,1.17083,0.53411,0.85106,0.000456479,0.00015216,0.000456479,0.00015216,0.000456479,0.00015216,0.000456479,0.00015216
765,51627.4,0.95237,0.47138,0.82363,0.85202,0.78807,0.82621,0.55524,1.17052,0.53377,0.85105,0.000448149,0.000149383,0.000448149,0.000149383,0.000448149,0.000149383,0.000448149,0.000149383
766,51705.6,0.95686,0.47094,0.82082,0.85236,0.7873,0.82636,0.55533,1.17108,0.53412,0.851,0.000440045,0.000146682,0.000440045,0.000146682,0.000440045,0.000146682,0.000440045,0.000146682
767,51782.3,0.94944,0.46977,0.8194,0.85153,0.78833,0.82639,0.55537,1.17125,0.53413,0.85109,0.000432169,0.000144056,0.000432169,0.000144056,0.000432169,0.000144056,0.000432169,0.000144056
768,51857.6,0.96015,0.47669,0.82053,0.85141,0.78843,0.82683,0.55576,1.17132,0.53379,0.85103,0.000424519,0.000141506,0.000424519,0.000141506,0.000424519,0.000141506,0.000424519,0.000141506
769,51933.5,0.95234,0.46947,0.82235,0.85109,0.78815,0.82626,0.55582,1.17138,0.53377,0.85096,0.000417097,0.000139032,0.000417097,0.000139032,0.000417097,0.000139032,0.000417097,0.000139032
770,52010.4,0.94981,0.46868,0.82017,0.85045,0.78843,0.82637,0.55577,1.17245,0.534,0.85107,0.000409901,0.000136634,0.000409901,0.000136634,0.000409901,0.000136634,0.000409901,0.000136634
771,52090,0.95467,0.4724,0.82078,0.85033,0.78899,0.82702,0.55584,1.17361,0.53426,0.85123,0.000402933,0.000134311,0.000402933,0.000134311,0.000402933,0.000134311,0.000402933,0.000134311
772,52166.9,0.95188,0.4695,0.82072,0.85156,0.78866,0.82673,0.55608,1.17334,0.53454,0.85111,0.000396193,0.000132064,0.000396193,0.000132064,0.000396193,0.000132064,0.000396193,0.000132064
773,52244.5,0.94706,0.46782,0.81957,0.85183,0.7883,0.8264,0.55593,1.1734,0.53448,0.85125,0.00038968,0.000129893,0.00038968,0.000129893,0.00038968,0.000129893,0.00038968,0.000129893
774,52318.3,0.94931,0.47113,0.82079,0.85176,0.78842,0.8268,0.55583,1.17367,0.5344,0.85129,0.000383394,0.000127798,0.000383394,0.000127798,0.000383394,0.000127798,0.000383394,0.000127798
775,52391.4,0.94846,0.46886,0.8187,0.85128,0.78816,0.82655,0.55579,1.17356,0.53466,0.85131,0.000377337,0.000125779,0.000377337,0.000125779,0.000377337,0.000125779,0.000377337,0.000125779
776,52465.5,0.94377,0.46842,0.82261,0.85213,0.78871,0.82698,0.55591,1.17399,0.53453,0.85137,0.000371507,0.000123836,0.000371507,0.000123836,0.000371507,0.000123836,0.000371507,0.000123836
777,52540.1,0.94591,0.46761,0.82107,0.8523,0.78908,0.82724,0.55603,1.17467,0.53456,0.85142,0.000365905,0.000121968,0.000365905,0.000121968,0.000365905,0.000121968,0.000365905,0.000121968
778,52614.1,0.94413,0.46676,0.82277,0.85148,0.78981,0.82765,0.55584,1.17511,0.53461,0.85147,0.000360531,0.000120177,0.000360531,0.000120177,0.000360531,0.000120177,0.000360531,0.000120177
779,52689.4,0.95899,0.47351,0.82008,0.85062,0.79074,0.82766,0.55611,1.17514,0.53428,0.85159,0.000355385,0.000118462,0.000355385,0.000118462,0.000355385,0.000118462,0.000355385,0.000118462
780,52768.3,0.94834,0.47087,0.82,0.8512,0.7898,0.82743,0.55584,1.17517,0.53434,0.85152,0.000350467,0.000116822,0.000350467,0.000116822,0.000350467,0.000116822,0.000350467,0.000116822
781,52845.1,0.95401,0.47099,0.81978,0.85134,0.7889,0.82734,0.55569,1.17673,0.53442,0.85169,0.000345778,0.000115259,0.000345778,0.000115259,0.000345778,0.000115259,0.000345778,0.000115259
782,52921.2,0.95466,0.46901,0.82056,0.85018,0.78999,0.82731,0.55576,1.17725,0.53463,0.8517,0.000341316,0.000113772,0.000341316,0.000113772,0.000341316,0.000113772,0.000341316,0.000113772
783,52994.7,0.94607,0.46765,0.82208,0.85007,0.78869,0.82739,0.55605,1.17714,0.53468,0.85161,0.000337083,0.000112361,0.000337083,0.000112361,0.000337083,0.000112361,0.000337083,0.000112361
784,53074,0.94553,0.46663,0.82065,0.85026,0.78943,0.82772,0.55619,1.17652,0.53442,0.85165,0.000333079,0.000111026,0.000333079,0.000111026,0.000333079,0.000111026,0.000333079,0.000111026
785,53152.2,0.94451,0.46665,0.81939,0.84984,0.7889,0.8272,0.55579,1.17733,0.53463,0.85168,0.000329303,0.000109768,0.000329303,0.000109768,0.000329303,0.000109768,0.000329303,0.000109768
786,53228.5,0.95595,0.47091,0.81879,0.84989,0.78836,0.82674,0.55589,1.17705,0.53453,0.8517,0.000325756,0.000108585,0.000325756,0.000108585,0.000325756,0.000108585,0.000325756,0.000108585
787,53305.1,0.94756,0.46741,0.82035,0.84953,0.78901,0.82701,0.5562,1.17679,0.53481,0.85169,0.000322437,0.000107479,0.000322437,0.000107479,0.000322437,0.000107479,0.000322437,0.000107479
788,53381.2,0.94498,0.46773,0.82081,0.8504,0.78817,0.82701,0.55633,1.17665,0.53476,0.85177,0.000319347,0.000106449,0.000319347,0.000106449,0.000319347,0.000106449,0.000319347,0.000106449
789,53459.2,0.95518,0.4712,0.82047,0.85001,0.78833,0.82703,0.55626,1.17706,0.53489,0.85178,0.000316485,0.000105495,0.000316485,0.000105495,0.000316485,0.000105495,0.000316485,0.000105495
790,53535.2,0.94572,0.46733,0.81848,0.84973,0.78847,0.82719,0.55609,1.17659,0.53485,0.8518,0.000313853,0.000104618,0.000313853,0.000104618,0.000313853,0.000104618,0.000313853,0.000104618
791,53609.8,0.95395,0.46976,0.81932,0.84945,0.78799,0.82671,0.55572,1.17705,0.5349,0.85197,0.000311449,0.000103816,0.000311449,0.000103816,0.000311449,0.000103816,0.000311449,0.000103816
792,53684.2,0.94869,0.4673,0.81915,0.85048,0.78821,0.82747,0.55595,1.17674,0.5348,0.85195,0.000309274,0.000103091,0.000309274,0.000103091,0.000309274,0.000103091,0.000309274,0.000103091
793,53761,0.95111,0.47086,0.82032,0.8496,0.78825,0.82693,0.55593,1.17568,0.53431,0.85182,0.000307328,0.000102443,0.000307328,0.000102443,0.000307328,0.000102443,0.000307328,0.000102443
794,53835.5,0.94436,0.46648,0.8174,0.84897,0.78892,0.82665,0.55641,1.17517,0.53451,0.85177,0.00030561,0.00010187,0.00030561,0.00010187,0.00030561,0.00010187,0.00030561,0.00010187
795,53908.1,0.94931,0.46984,0.81832,0.8494,0.78849,0.82649,0.55666,1.17378,0.53386,0.85162,0.000304122,0.000101374,0.000304122,0.000101374,0.000304122,0.000101374,0.000304122,0.000101374
796,53978.9,0.94287,0.46438,0.81852,0.84892,0.7887,0.82653,0.55604,1.17553,0.53438,0.85183,0.000302862,0.000100954,0.000302862,0.000100954,0.000302862,0.000100954,0.000302862,0.000100954
797,54055.7,0.94401,0.46703,0.82119,0.84828,0.78924,0.82613,0.55568,1.17629,0.53483,0.85189,0.000301832,0.000100611,0.000301832,0.000100611,0.000301832,0.000100611,0.000301832,0.000100611
798,54129.9,0.95306,0.4739,0.81979,0.84826,0.7892,0.82622,0.55604,1.17673,0.53464,0.85194,0.000301031,0.000100344,0.000301031,0.000100344,0.000301031,0.000100344,0.000301031,0.000100344
799,54204.6,0.95103,0.47669,0.82135,0.84812,0.78899,0.82598,0.55579,1.17647,0.53457,0.85192,0.000300458,0.000100153,0.000300458,0.000100153,0.000300458,0.000100153,0.000300458,0.000100153
800,54281.8,0.94136,0.46371,0.81946,0.84875,0.78887,0.82619,0.55602,1.17574,0.53485,0.85187,0.000300115,0.000100038,0.000300115,0.000100038,0.000300115,0.000100038,0.000300115,0.000100038
