epoch,time,train/box_loss,train/cls_loss,train/dfl_loss,train/angle_loss,train/t_rec_loss,train/t_sep_loss,train/reach_match_loss,train/reach_rank_loss,train/task_loss,train/kd_loss,train/s_rec_loss,train/s_sep_loss,train/r_aux_loss,train/u_aux_loss,train/mask_reg_loss,train/recon_task_loss,train/rs_comp_loss,train/r_obb_loss,train/s_repel_loss,train/path_b_loss,train/r_sar_loss,train/dkd_loss,train/proto_cls_loss,train/d_pos_mean,train/d_neg_mean,train/rank_gap_mean,train/r_aux_fg_mean,train/r_aux_bg_mean,train/u_aux_fg_mean,train/u_aux_bg_mean,train/mask_mean,train/mask_std,train/mask_fg_mean,train/mask_bg_mean,metrics/precision(B),metrics/recall(B),metrics/mAP50(B),metrics/mAP50-95(B),val/box_loss,val/cls_loss,val/dfl_loss,val/angle_loss,val/t_rec_loss,val/t_sep_loss,val/reach_match_loss,val/reach_rank_loss,val/task_loss,val/kd_loss,val/s_rec_loss,val/s_sep_loss,val/r_aux_loss,val/u_aux_loss,val/mask_reg_loss,val/recon_task_loss,val/rs_comp_loss,val/r_obb_loss,val/s_repel_loss,val/path_b_loss,val/r_sar_loss,val/dkd_loss,val/proto_cls_loss,val/d_pos_mean,val/d_neg_mean,val/rank_gap_mean,val/r_aux_fg_mean,val/r_aux_bg_mean,val/u_aux_fg_mean,val/u_aux_bg_mean,val/mask_mean,val/mask_std,val/mask_fg_mean,val/mask_bg_mean,phase_stop_fitness,lr/pg0,lr/pg1,lr/pg2,lr/pg3,lr/pg4,lr/pg5,lr/pg6,lr/pg7
1,128.515,2.08517,1.54971,1.12686,0,0,0,0,0,0,1.13356,0.0448,0.00492,0.00114,0,0,0,0,0,0,0,0,0,0,0,0,0,0.54319,0.249,0,0,0.48267,0.06218,0.46035,0.48307,0.62295,0.57872,0.58671,0.33635,1.80196,1.03277,0.99356,0,0,0,0,0,0,0,0,0,0,0,0,0,0,0,0,0,0,0,0,0,0,0,0,0,0,0,0,0,0,0,0.33635,0.00995652,0.00331884,0.00995652,0.00331884,0.00995652,0.00331884,0.00995652,0.00331884
2,234.648,1.92414,1.20243,1.03696,0,0,0,0,0,0,0.20911,0.02968,0.00244,0.00011,0,0,0,0,0,0,0,0,0,0,0,0,0,0.53054,0.28123,0,0,0.48272,0.0622,0.46091,0.48312,0.58282,0.54264,0.55141,0.30749,1.87516,1.07591,1.00593,0,0,0,0,0,0,0,0,0,0,0,0,0,0,0,0,0,0,0,0,0,0,0,0,0,0,0,0,0,0,0,0.30749,0.0199564,0.00665215,0.0199564,0.00665215,0.0199564,0.00665215,0.0199564,0.00665215
3,338.808,2.01576,1.26899,1.06352,0,0,0,0,0,0,0.17505,0.01605,0.00091,4e-05,0,0,0,0,0,0,0,0,0,0,0,0,0,0.61563,0.3014,0,0,0.48265,0.06217,0.45989,0.48305,0.51924,0.43446,0.42524,0.20526,2.17258,1.37227,1.11041,0,0,0,0,0,0,0,0,0,0,0,0,0,0,0,0,0,0,0,0,0,0,0,0,0,0,0,0,0,0,0,0.20526,0.0299561,0.00998535,0.0299561,0.00998535,0.0299561,0.00998535,0.0299561,0.00998535
4,451.274,2.17925,1.42702,1.12749,0,0,0,0,0,0,0.17155,0.00967,0.00072,0,0,0,0,0,0,0,0,0,0,0,0,0,0,0.61975,0.2784,0,0,0.48265,0.06217,0.45997,0.48305,0.50792,0.40961,0.41186,0.18728,2.20691,1.601,1.1264,0,0,0,0,0,0,0,0,0,0,0,0,0,0,0,0,0,0,0,0,0,0,0,0,0,0,0,0,0,0,0,0.18728,0.029999,0.00999966,0.029999,0.00999966,0.029999,0.00999966,0.029999,0.00999966
5,548.715,2.2222,1.4798,1.13443,0,0,0,0,0,0,0.16841,0.0075,0.00053,5e-05,0,0,0,0,0,0,0,0,0,0,0,0,0,0.60869,0.27363,0,0,0.48265,0.06217,0.46008,0.48304,0.51793,0.42348,0.40228,0.18467,2.24011,1.51542,1.12618,0,0,0,0,0,0,0,0,0,0,0,0,0,0,0,0,0,0,0,0,0,0,0,0,0,0,0,0,0,0,0,0.18467,0.0299982,0.00999939,0.0299982,0.00999939,0.0299982,0.00999939,0.0299982,0.00999939
6,653.602,2.20439,1.44607,1.13197,0,0,0,0,0,0,0.16637,0.00637,0.00055,5e-05,0,0,0,0,0,0,0,0,0,0,0,0,0,0.60355,0.2711,0,0,0.48267,0.06213,0.45992,0.48305,0.46466,0.45504,0.4342,0.2048,2.18712,1.38923,1.11485,0,0,0,0,0,0,0,0,0,0,0,0,0,0,0,0,0,0,0,0,0,0,0,0,0,0,0,0,0,0,0,0.2048,0.0299971,0.00999905,0.0299971,0.00999905,0.0299971,0.00999905,0.0299971,0.00999905
7,759.628,2.19709,1.4379,1.12933,0,0,0,0,0,0,0.16305,0.00583,0.00049,1e-05,0,0,0,0,0,0,0,0,0,0,0,0,0,0.68861,0.27922,0,0,0.48271,0.06219,0.4602,0.4831,0.51338,0.46841,0.44003,0.21052,2.15113,1.36932,1.11348,0,0,0,0,0,0,0,0,0,0,0,0,0,0,0,0,0,0,0,0,0,0,0,0,0,0,0,0,0,0,0,0.21052,0.0299959,0.00999863,0.0299959,0.00999863,0.0299959,0.00999863,0.0299959,0.00999863
8,860.991,2.16825,1.4263,1.11881,0,0,0,0,0,0,0.16237,0.00536,0.0004,2e-05,0,0,0,0,0,0,0,0,0,0,0,0,0,0.69981,0.28353,0,0,0.4826,0.06216,0.45926,0.483,0.49722,0.43989,0.43269,0.20582,2.27376,1.45889,1.1319,0,0,0,0,0,0,0,0,0,0,0,0,0,0,0,0,0,0,0,0,0,0,0,0,0,0,0,0,0,0,0,0.20582,0.0299944,0.00999813,0.0299944,0.00999813,0.0299944,0.00999813,0.0299944,0.00999813
9,969.074,2.17327,1.41291,1.11744,0,0,0,0,0,0,0.16288,0.00505,0.0004,0,0,0,0,0,0,0,0,0,0,0,0,0,0,0.71433,0.28913,0,0,0.48265,0.06218,0.45959,0.48305,0.53133,0.45733,0.45635,0.22202,2.19419,1.4128,1.11064,0,0,0,0,0,0,0,0,0,0,0,0,0,0,0,0,0,0,0,0,0,0,0,0,0,0,0,0,0,0,0,0.22202,0.0299927,0.00999756,0.0299927,0.00999756,0.0299927,0.00999756,0.0299927,0.00999756
10,1074.53,2.17651,1.42165,1.12439,0,0,0,0,0,0,0.16499,0.00479,0.0004,0,0,0,0,0,0,0,0,0,0,0,0,0,0,0.73752,0.2931,0,0,0.4827,0.06217,0.46086,0.48298,0.46398,0.38094,0.37488,0.1807,2.38037,1.46142,1.15219,0,0,0,0,0,0,0,0,0,0,0,0,0,0,0,0,0,0,0,0,0,0,0,0,0,0,0,0,0,0,0,0.1807,0.0299907,0.00999691,0.0299907,0.00999691,0.0299907,0.00999691,0.0299907,0.00999691
11,1182.19,2.16308,1.40473,1.11387,0,0,0,0,0,0,0.15886,0.00463,0.00043,4e-05,0,0,0,0,0,0,0,0,0,0,0,0,0,0.7385,0.29273,0,0,0.48267,0.06217,0.46048,0.48305,0.58403,0.45253,0.46018,0.23215,2.17995,1.33585,1.1119,0,0,0,0,0,0,0,0,0,0,0,0,0,0,0,0,0,0,0,0,0,0,0,0,0,0,0,0,0,0,0,0.23215,0.0299886,0.00999618,0.0299886,0.00999618,0.0299886,0.00999618,0.0299886,0.00999618
12,1282.26,2.15925,1.39997,1.11666,0,0,0,0,0,0,0.15832,0.00445,0.00037,1e-05,0,0,0,0,0,0,0,0,0,0,0,0,0,0.73734,0.28724,0,0,0.4827,0.06216,0.46004,0.4831,0.52804,0.46896,0.47185,0.22331,2.21064,1.30431,1.1151,0,0,0,0,0,0,0,0,0,0,0,0,0,0,0,0,0,0,0,0,0,0,0,0,0,0,0,0,0,0,0,0.22331,0.0299861,0.00999538,0.0299861,0.00999538,0.0299861,0.00999538,0.0299861,0.00999538
13,1382.97,2.16195,1.40594,1.1094,0,0,0,0,0,0,0.16041,0.00431,0.00032,0,0,0,0,0,0,0,0,0,0,0,0,0,0,0.75976,0.29207,0,0,0.48268,0.06217,0.45993,0.48307,0.54448,0.4777,0.47721,0.24005,2.09193,1.35378,1.08598,0,0,0,0,0,0,0,0,0,0,0,0,0,0,0,0,0,0,0,0,0,0,0,0,0,0,0,0,0,0,0,0.24005,0.0299835,0.0099945,0.0299835,0.0099945,0.0299835,0.0099945,0.0299835,0.0099945
14,1482.29,2.12835,1.37316,1.10827,0,0,0,0,0,0,0.15631,0.00423,0.00033,0,0,0,0,0,0,0,0,0,0,0,0,0,0,0.75851,0.29179,0,0,0.48264,0.06217,0.46,0.48302,0.55321,0.50739,0.4932,0.24303,2.0928,1.29477,1.08342,0,0,0,0,0,0,0,0,0,0,0,0,0,0,0,0,0,0,0,0,0,0,0,0,0,0,0,0,0,0,0,0.24303,0.0299807,0.00999355,0.0299807,0.00999355,0.0299807,0.00999355,0.0299807,0.00999355
15,1583.14,2.15415,1.37932,1.10352,0,0,0,0,0,0,0.15619,0.00411,0.00032,0,0,0,0,0,0,0,0,0,0,0,0,0,0,0.75724,0.29757,0,0,0.48265,0.06217,0.45949,0.48305,0.54029,0.44188,0.44619,0.21959,2.22249,1.31077,1.11282,0,0,0,0,0,0,0,0,0,0,0,0,0,0,0,0,0,0,0,0,0,0,0,0,0,0,0,0,0,0,0,0.21959,0.0299776,0.00999252,0.0299776,0.00999252,0.0299776,0.00999252,0.0299776,0.00999252
16,1688.75,2.14417,1.36487,1.09922,0,0,0,0,0,0,0.1575,0.00402,0.0003,3e-05,0,0,0,0,0,0,0,0,0,0,0,0,0,0.78328,0.30242,0,0,0.48267,0.06221,0.46008,0.48307,0.58841,0.47782,0.49203,0.24043,2.12966,1.32216,1.08875,0,0,0,0,0,0,0,0,0,0,0,0,0,0,0,0,0,0,0,0,0,0,0,0,0,0,0,0,0,0,0,0.24043,0.0299742,0.00999141,0.0299742,0.00999141,0.0299742,0.00999141,0.0299742,0.00999141
17,1814.7,2.1075,1.35966,1.10285,0,0,0,0,0,0,0.15765,0.00393,0.00031,0,0,0,0,0,0,0,0,0,0,0,0,0,0,0.90818,0.30988,0,0,0.48267,0.0622,0.45966,0.48307,0.5443,0.48621,0.48836,0.24602,2.16239,1.27541,1.09375,0,0,0,0,0,0,0,0,0,0,0,0,0,0,0,0,0,0,0,0,0,0,0,0,0,0,0,0,0,0,0,0.24602,0.0299707,0.00999023,0.0299707,0.00999023,0.0299707,0.00999023,0.0299707,0.00999023
18,1922.85,2.10506,1.34872,1.09394,0,0,0,0,0,0,0.15438,0.00384,0.00033,4e-05,0,0,0,0,0,0,0,0,0,0,0,0,0,0.79363,0.30282,0,0,0.48267,0.0622,0.46003,0.48307,0.57494,0.50171,0.5019,0.25271,2.07174,1.2146,1.08216,0,0,0,0,0,0,0,0,0,0,0,0,0,0,0,0,0,0,0,0,0,0,0,0,0,0,0,0,0,0,0,0.25271,0.0299669,0.00998897,0.0299669,0.00998897,0.0299669,0.00998897,0.0299669,0.00998897
19,2019.01,2.09786,1.34284,1.09776,0,0,0,0,0,0,0.15646,0.0038,0.00027,0,0,0,0,0,0,0,0,0,0,0,0,0,0,0.76681,0.30592,0,0,0.48263,0.06219,0.45975,0.48303,0.58467,0.50087,0.51732,0.2686,2.05433,1.20083,1.07371,0,0,0,0,0,0,0,0,0,0,0,0,0,0,0,0,0,0,0,0,0,0,0,0,0,0,0,0,0,0,0,0.2686,0.0299629,0.00998764,0.0299629,0.00998764,0.0299629,0.00998764,0.0299629,0.00998764
20,2124.92,2.10356,1.34514,1.09079,0,0,0,0,0,0,0.15551,0.00374,0.0003,6e-05,0,0,0,0,0,0,0,0,0,0,0,0,0,0.77675,0.30715,0,0,0.48264,0.06217,0.45976,0.48304,0.60504,0.52924,0.54249,0.28045,1.98839,1.17069,1.05708,0,0,0,0,0,0,0,0,0,0,0,0,0,0,0,0,0,0,0,0,0,0,0,0,0,0,0,0,0,0,0,0.28045,0.0299587,0.00998623,0.0299587,0.00998623,0.0299587,0.00998623,0.0299587,0.00998623
21,2234.09,2.0978,1.33818,1.09711,0,0,0,0,0,0,0.15526,0.0037,0.00031,2e-05,0,0,0,0,0,0,0,0,0,0,0,0,0,0.86241,0.31677,0,0,0.48262,0.06218,0.46037,0.483,0.57489,0.49986,0.50201,0.25345,2.06938,1.22266,1.07413,0,0,0,0,0,0,0,0,0,0,0,0,0,0,0,0,0,0,0,0,0,0,0,0,0,0,0,0,0,0,0,0.25345,0.0299542,0.00998474,0.0299542,0.00998474,0.0299542,0.00998474,0.0299542,0.00998474
22,2346.42,2.07803,1.31809,1.08711,0,0,0,0,0,0,0.15336,0.00363,0.00031,0,0,0,0,0,0,0,0,0,0,0,0,0,0,0.89091,0.31989,0,0,0.48268,0.06215,0.459,0.48309,0.59997,0.49959,0.52113,0.26595,2.08053,1.18695,1.06791,0,0,0,0,0,0,0,0,0,0,0,0,0,0,0,0,0,0,0,0,0,0,0,0,0,0,0,0,0,0,0,0.26595,0.0299495,0.00998318,0.0299495,0.00998318,0.0299495,0.00998318,0.0299495,0.00998318
23,2451.84,2.08066,1.32526,1.09416,0,0,0,0,0,0,0.15622,0.00361,0.00029,1e-05,0,0,0,0,0,0,0,0,0,0,0,0,0,0.87989,0.32408,0,0,0.48263,0.06218,0.46056,0.48302,0.56674,0.5136,0.51048,0.26325,2.04354,1.18484,1.065,0,0,0,0,0,0,0,0,0,0,0,0,0,0,0,0,0,0,0,0,0,0,0,0,0,0,0,0,0,0,0,0.26325,0.0299446,0.00998154,0.0299446,0.00998154,0.0299446,0.00998154,0.0299446,0.00998154
24,2552.9,2.08268,1.32202,1.08384,0,0,0,0,0,0,0.15539,0.00353,0.00031,0,0,0,0,0,0,0,0,0,0,0,0,0,0,0.86856,0.32808,0,0,0.48271,0.06221,0.46096,0.48309,0.60432,0.52485,0.53608,0.28484,1.98385,1.15378,1.04846,0,0,0,0,0,0,0,0,0,0,0,0,0,0,0,0,0,0,0,0,0,0,0,0,0,0,0,0,0,0,0,0.28484,0.0299395,0.00997982,0.0299395,0.00997982,0.0299395,0.00997982,0.0299395,0.00997982
25,2653.9,2.07391,1.31582,1.08575,0,0,0,0,0,0,0.15387,0.00352,0.00029,0,0,0,0,0,0,0,0,0,0,0,0,0,0,1.18748,0.36459,0,0,0.48265,0.06216,0.46093,0.48305,0.58598,0.54532,0.54669,0.28612,1.99269,1.16073,1.0494,0,0,0,0,0,0,0,0,0,0,0,0,0,0,0,0,0,0,0,0,0,0,0,0,0,0,0,0,0,0,0,0.28612,0.0299341,0.00997803,0.0299341,0.00997803,0.0299341,0.00997803,0.0299341,0.00997803
26,2759.22,2.0597,1.30896,1.08186,0,0,0,0,0,0,0.15145,0.00346,0.00027,0,0,0,0,0,0,0,0,0,0,0,0,0,0,0.99097,0.34853,0,0,0.4826,0.06217,0.45972,0.483,0.57925,0.53394,0.53775,0.28132,1.99722,1.13704,1.04894,0,0,0,0,0,0,0,0,0,0,0,0,0,0,0,0,0,0,0,0,0,0,0,0,0,0,0,0,0,0,0,0.28132,0.0299285,0.00997616,0.0299285,0.00997616,0.0299285,0.00997616,0.0299285,0.00997616
27,2863.14,2.06265,1.2995,1.07948,0,0,0,0,0,0,0.15374,0.00342,0.0003,0,0,0,0,0,0,0,0,0,0,0,0,0,0,0.88493,0.33808,0,0,0.48267,0.0622,0.45989,0.48308,0.59947,0.55042,0.562,0.30046,1.92849,1.11826,1.03469,0,0,0,0,0,0,0,0,0,0,0,0,0,0,0,0,0,0,0,0,0,0,0,0,0,0,0,0,0,0,0,0.30046,0.0299227,0.00997422,0.0299227,0.00997422,0.0299227,0.00997422,0.0299227,0.00997422
28,2966.73,2.07025,1.31106,1.08814,0,0,0,0,0,0,0.15004,0.00339,0.00025,4e-05,0,0,0,0,0,0,0,0,0,0,0,0,0,0.90627,0.33482,0,0,0.48259,0.06218,0.45889,0.48301,0.59902,0.51813,0.53355,0.28103,2.01064,1.15209,1.05171,0,0,0,0,0,0,0,0,0,0,0,0,0,0,0,0,0,0,0,0,0,0,0,0,0,0,0,0,0,0,0,0.28103,0.0299166,0.0099722,0.0299166,0.0099722,0.0299166,0.0099722,0.0299166,0.0099722
29,3071.23,2.05465,1.2933,1.07759,0,0,0,0,0,0,0.15379,0.00334,0.00024,3e-05,0,0,0,0,0,0,0,0,0,0,0,0,0,0.87897,0.33887,0,0,0.48268,0.06217,0.46078,0.48308,0.61713,0.54917,0.5537,0.29694,1.98606,1.13692,1.04063,0,0,0,0,0,0,0,0,0,0,0,0,0,0,0,0,0,0,0,0,0,0,0,0,0,0,0,0,0,0,0,0.29694,0.0299103,0.00997011,0.0299103,0.00997011,0.0299103,0.00997011,0.0299103,0.00997011
30,3172.78,2.06387,1.29826,1.07541,0,0,0,0,0,0,0.15186,0.00333,0.00026,0,0,0,0,0,0,0,0,0,0,0,0,0,0,0.99285,0.35022,0,0,0.48264,0.06216,0.46068,0.48302,0.60691,0.53963,0.55037,0.29455,1.95266,1.10473,1.03484,0,0,0,0,0,0,0,0,0,0,0,0,0,0,0,0,0,0,0,0,0,0,0,0,0,0,0,0,0,0,0,0.29455,0.0299038,0.00996794,0.0299038,0.00996794,0.0299038,0.00996794,0.0299038,0.00996794
31,3273.52,2.044,1.2841,1.07297,0,0,0,0,0,0,0.14965,0.00329,0.00023,0,0,0,0,0,0,0,0,0,0,0,0,0,0,0.88364,0.34654,0,0,0.48262,0.06216,0.46011,0.48291,0.60443,0.5655,0.57148,0.30786,1.94945,1.09405,1.03468,0,0,0,0,0,0,0,0,0,0,0,0,0,0,0,0,0,0,0,0,0,0,0,0,0,0,0,0,0,0,0,0.30786,0.0298971,0.00996569,0.0298971,0.00996569,0.0298971,0.00996569,0.0298971,0.00996569
32,3380.88,2.02957,1.27138,1.07276,0,0,0,0,0,0,0.15113,0.00325,0.0003,3e-05,0,0,0,0,0,0,0,0,0,0,0,0,0,0.89599,0.35155,0,0,0.48271,0.06219,0.45987,0.48312,0.62356,0.55616,0.56998,0.31055,1.91945,1.07503,1.02695,0,0,0,0,0,0,0,0,0,0,0,0,0,0,0,0,0,0,0,0,0,0,0,0,0,0,0,0,0,0,0,0.31055,0.0298901,0.00996337,0.0298901,0.00996337,0.0298901,0.00996337,0.0298901,0.00996337
33,3480.21,2.04008,1.27823,1.06983,0,0,0,0,0,0,0.15073,0.00321,0.00019,8e-05,0,0,0,0,0,0,0,0,0,0,0,0,0,0.94314,0.36651,0,0,0.48268,0.0622,0.46035,0.48308,0.61198,0.54931,0.56167,0.30492,1.96229,1.08957,1.03558,0,0,0,0,0,0,0,0,0,0,0,0,0,0,0,0,0,0,0,0,0,0,0,0,0,0,0,0,0,0,0,0.30492,0.0298829,0.00996097,0.0298829,0.00996097,0.0298829,0.00996097,0.0298829,0.00996097
34,3587.1,2.02611,1.26952,1.07381,0,0,0,0,0,0,0.15019,0.0032,0.00024,0,0,0,0,0,0,0,0,0,0,0,0,0,0,0.95237,0.36507,0,0,0.48259,0.06219,0.45982,0.48301,0.63373,0.5536,0.5766,0.31771,1.89196,1.05477,1.01898,0,0,0,0,0,0,0,0,0,0,0,0,0,0,0,0,0,0,0,0,0,0,0,0,0,0,0,0,0,0,0,0.31771,0.0298755,0.00995849,0.0298755,0.00995849,0.0298755,0.00995849,0.0298755,0.00995849
35,3698.97,2.03698,1.27501,1.06959,0,0,0,0,0,0,0.15331,0.00318,0.00022,0,0,0,0,0,0,0,0,0,0,0,0,0,0,0.87388,0.36289,0,0,0.48261,0.06214,0.45946,0.48302,0.62321,0.56776,0.58218,0.31569,1.89431,1.0597,1.02133,0,0,0,0,0,0,0,0,0,0,0,0,0,0,0,0,0,0,0,0,0,0,0,0,0,0,0,0,0,0,0,0.31569,0.0298678,0.00995594,0.0298678,0.00995594,0.0298678,0.00995594,0.0298678,0.00995594
36,3804.24,2.02607,1.26079,1.06871,0,0,0,0,0,0,0.15011,0.00317,0.00024,0,0,0,0,0,0,0,0,0,0,0,0,0,0,0.96248,0.3676,0,0,0.48262,0.06218,0.45956,0.48302,0.62379,0.56906,0.5858,0.32411,1.8552,1.02848,1.00955,0,0,0,0,0,0,0,0,0,0,0,0,0,0,0,0,0,0,0,0,0,0,0,0,0,0,0,0,0,0,0,0.32411,0.02986,0.00995332,0.02986,0.00995332,0.02986,0.00995332,0.02986,0.00995332
37,3908.91,2.02168,1.26592,1.06824,0,0,0,0,0,0,0.15171,0.00314,0.00023,0,0,0,0,0,0,0,0,0,0,0,0,0,0,0.94906,0.37315,0,0,0.48268,0.06217,0.46053,0.48307,0.61855,0.57148,0.58842,0.32282,1.86518,1.02867,1.01187,0,0,0,0,0,0,0,0,0,0,0,0,0,0,0,0,0,0,0,0,0,0,0,0,0,0,0,0,0,0,0,0.32282,0.0298519,0.00995062,0.0298519,0.00995062,0.0298519,0.00995062,0.0298519,0.00995062
38,4012.36,2.01589,1.2568,1.06654,0,0,0,0,0,0,0.1475,0.00314,0.0002,0,0,0,0,0,0,0,0,0,0,0,0,0,0,0.94407,0.38274,0,0,0.48263,0.06217,0.45967,0.48293,0.62492,0.58115,0.59426,0.32944,1.85434,1.01869,1.00848,0,0,0,0,0,0,0,0,0,0,0,0,0,0,0,0,0,0,0,0,0,0,0,0,0,0,0,0,0,0,0,0.32944,0.0298435,0.00994784,0.0298435,0.00994784,0.0298435,0.00994784,0.0298435,0.00994784
39,4116.53,2.01432,1.25506,1.06434,0,0,0,0,0,0,0.14874,0.0031,0.00022,1e-05,0,0,0,0,0,0,0,0,0,0,0,0,0,0.99484,0.37148,0,0,0.48267,0.06216,0.46022,0.48307,0.63324,0.57651,0.58902,0.32097,1.8736,1.02758,1.01264,0,0,0,0,0,0,0,0,0,0,0,0,0,0,0,0,0,0,0,0,0,0,0,0,0,0,0,0,0,0,0,0.32097,0.029835,0.00994499,0.029835,0.00994499,0.029835,0.00994499,0.029835,0.00994499
40,4219.43,2.02303,1.25527,1.05816,0,0,0,0,0,0,0.14777,0.00308,0.00018,1e-05,0,0,0,0,0,0,0,0,0,0,0,0,0,0.93667,0.37346,0,0,0.48272,0.06218,0.46007,0.48313,0.64319,0.58321,0.59864,0.33233,1.84289,1.00506,1.00419,0,0,0,0,0,0,0,0,0,0,0,0,0,0,0,0,0,0,0,0,0,0,0,0,0,0,0,0,0,0,0,0.33233,0.0298262,0.00994206,0.0298262,0.00994206,0.0298262,0.00994206,0.0298262,0.00994206
41,4325.07,2.02601,1.26221,1.06976,0,0,0,0,0,0,0.14789,0.00306,0.00021,0,0,0,0,0,0,0,0,0,0,0,0,0,0,0.93749,0.38795,0,0,0.48254,0.06215,0.46084,0.48293,0.65282,0.57299,0.59856,0.33613,1.82069,1.01002,1.00129,0,0,0,0,0,0,0,0,0,0,0,0,0,0,0,0,0,0,0,0,0,0,0,0,0,0,0,0,0,0,0,0.33613,0.0298172,0.00993906,0.0298172,0.00993906,0.0298172,0.00993906,0.0298172,0.00993906
42,4431.05,2.01625,1.25749,1.06473,0,0,0,0,0,0,0.14937,0.00307,0.00026,1e-05,0,0,0,0,0,0,0,0,0,0,0,0,0,0.92315,0.37907,0,0,0.48269,0.06218,0.46062,0.48307,0.63901,0.57727,0.59162,0.32861,1.84519,1.01475,1.00605,0,0,0,0,0,0,0,0,0,0,0,0,0,0,0,0,0,0,0,0,0,0,0,0,0,0,0,0,0,0,0,0.32861,0.0298079,0.00993598,0.0298079,0.00993598,0.0298079,0.00993598,0.0298079,0.00993598
43,4537.6,2.01118,1.25131,1.06298,0,0,0,0,0,0,0.14834,0.00307,0.00017,0,0,0,0,0,0,0,0,0,0,0,0,0,0,0.97702,0.38819,0,0,0.48261,0.06218,0.45959,0.48292,0.6493,0.58898,0.60755,0.33713,1.8113,0.99458,0.99905,0,0,0,0,0,0,0,0,0,0,0,0,0,0,0,0,0,0,0,0,0,0,0,0,0,0,0,0,0,0,0,0.33713,0.0297985,0.00993282,0.0297985,0.00993282,0.0297985,0.00993282,0.0297985,0.00993282
44,4647.25,1.99803,1.23901,1.05784,0,0,0,0,0,0,0.14931,0.00304,0.00026,2e-05,0,0,0,0,0,0,0,0,0,0,0,0,0,0.93918,0.38621,0,0,0.48265,0.06216,0.46001,0.48305,0.67712,0.58403,0.612,0.34471,1.78954,0.98889,0.99336,0,0,0,0,0,0,0,0,0,0,0,0,0,0,0,0,0,0,0,0,0,0,0,0,0,0,0,0,0,0,0,0.34471,0.0297888,0.0099296,0.0297888,0.0099296,0.0297888,0.0099296,0.0297888,0.0099296
45,4756.2,2.01469,1.24503,1.0619,0,0,0,0,0,0,0.14962,0.003,0.00017,7e-05,0,0,0,0,0,0,0,0,0,0,0,0,0,1.00667,0.39159,0,0,0.48262,0.06215,0.46055,0.48302,0.6687,0.58792,0.61218,0.34746,1.78469,0.98495,0.99234,0,0,0,0,0,0,0,0,0,0,0,0,0,0,0,0,0,0,0,0,0,0,0,0,0,0,0,0,0,0,0,0.34746,0.0297789,0.00992629,0.0297789,0.00992629,0.0297789,0.00992629,0.0297789,0.00992629
46,4864.01,1.98881,1.23215,1.06052,0,0,0,0,0,0,0.14829,0.00299,0.00023,2e-05,0,0,0,0,0,0,0,0,0,0,0,0,0,1.21732,0.42111,0,0,0.48262,0.06217,0.46,0.48301,0.665,0.59278,0.61679,0.34916,1.76669,0.97015,0.98776,0,0,0,0,0,0,0,0,0,0,0,0,0,0,0,0,0,0,0,0,0,0,0,0,0,0,0,0,0,0,0,0.34916,0.0297687,0.00992291,0.0297687,0.00992291,0.0297687,0.00992291,0.0297687,0.00992291
47,4972.39,2.00644,1.2466,1.05807,0,0,0,0,0,0,0.14735,0.00296,0.00024,0,0,0,0,0,0,0,0,0,0,0,0,0,0,1.13228,0.42368,0,0,0.48264,0.0622,0.45984,0.48304,0.64581,0.58536,0.60305,0.33988,1.79117,0.98057,0.9916,0,0,0,0,0,0,0,0,0,0,0,0,0,0,0,0,0,0,0,0,0,0,0,0,0,0,0,0,0,0,0,0.33988,0.0297584,0.00991946,0.0297584,0.00991946,0.0297584,0.00991946,0.0297584,0.00991946
48,5082.91,2.00702,1.2417,1.05535,0,0,0,0,0,0,0.14866,0.00295,0.00019,3e-05,0,0,0,0,0,0,0,0,0,0,0,0,0,1.14872,0.41734,0,0,0.48262,0.06222,0.4607,0.48302,0.63373,0.58826,0.60483,0.34015,1.80149,0.97884,0.99422,0,0,0,0,0,0,0,0,0,0,0,0,0,0,0,0,0,0,0,0,0,0,0,0,0,0,0,0,0,0,0,0.34015,0.0297478,0.00991593,0.0297478,0.00991593,0.0297478,0.00991593,0.0297478,0.00991593
49,5189.22,1.99244,1.23202,1.05762,0,0,0,0,0,0,0.14816,0.00296,0.00024,1e-05,0,0,0,0,0,0,0,0,0,0,0,0,0,1.01035,0.40788,0,0,0.48274,0.06218,0.46023,0.48313,0.64773,0.58821,0.60792,0.34104,1.79711,0.97492,0.99207,0,0,0,0,0,0,0,0,0,0,0,0,0,0,0,0,0,0,0,0,0,0,0,0,0,0,0,0,0,0,0,0.34104,0.029737,0.00991232,0.029737,0.00991232,0.029737,0.00991232,0.029737,0.00991232
50,5298.35,1.97762,1.23178,1.05982,0,0,0,0,0,0,0.14837,0.00293,0.00022,7e-05,0,0,0,0,0,0,0,0,0,0,0,0,0,1.11757,0.41156,0,0,0.48261,0.06219,0.46074,0.48301,0.65826,0.59499,0.61325,0.34632,1.78549,0.97391,0.98994,0,0,0,0,0,0,0,0,0,0,0,0,0,0,0,0,0,0,0,0,0,0,0,0,0,0,0,0,0,0,0,0.34632,0.0297259,0.00990864,0.0297259,0.00990864,0.0297259,0.00990864,0.0297259,0.00990864
51,5403.45,1.98482,1.22498,1.05167,0,0,0,0,0,0,0.14623,0.00291,0.00026,2e-05,0,0,0,0,0,0,0,0,0,0,0,0,0,0.9821,0.40559,0,0,0.48267,0.06221,0.46062,0.48307,0.66652,0.60109,0.61911,0.35274,1.76259,0.96226,0.98425,0,0,0,0,0,0,0,0,0,0,0,0,0,0,0,0,0,0,0,0,0,0,0,0,0,0,0,0,0,0,0,0.35274,0.0297147,0.00990489,0.0297147,0.00990489,0.0297147,0.00990489,0.0297147,0.00990489
52,5519.78,1.98766,1.23067,1.05433,0,0,0,0,0,0,0.14576,0.00291,0.00019,4e-05,0,0,0,0,0,0,0,0,0,0,0,0,0,1.01505,0.41379,0,0,0.48261,0.06219,0.4596,0.48302,0.67118,0.59917,0.62164,0.35505,1.75866,0.95806,0.98228,0,0,0,0,0,0,0,0,0,0,0,0,0,0,0,0,0,0,0,0,0,0,0,0,0,0,0,0,0,0,0,0.35505,0.0297032,0.00990106,0.0297032,0.00990106,0.0297032,0.00990106,0.0297032,0.00990106
53,5626.1,1.96567,1.22081,1.05506,0,0,0,0,0,0,0.14843,0.0029,0.0002,0,0,0,0,0,0,0,0,0,0,0,0,0,0,1.01802,0.42264,0,0,0.48264,0.06218,0.46035,0.48304,0.6788,0.60275,0.62558,0.36004,1.7511,0.95642,0.98058,0,0,0,0,0,0,0,0,0,0,0,0,0,0,0,0,0,0,0,0,0,0,0,0,0,0,0,0,0,0,0,0.36004,0.0296915,0.00989715,0.0296915,0.00989715,0.0296915,0.00989715,0.0296915,0.00989715
54,5731.53,1.98763,1.22099,1.05514,0,0,0,0,0,0,0.1481,0.00288,0.00024,2e-05,0,0,0,0,0,0,0,0,0,0,0,0,0,0.98315,0.42092,0,0,0.48271,0.06216,0.45955,0.48312,0.66697,0.60374,0.62556,0.35825,1.75433,0.9545,0.98133,0,0,0,0,0,0,0,0,0,0,0,0,0,0,0,0,0,0,0,0,0,0,0,0,0,0,0,0,0,0,0,0.35825,0.0296795,0.00989317,0.0296795,0.00989317,0.0296795,0.00989317,0.0296795,0.00989317
55,5839.22,1.97941,1.22928,1.04978,0,0,0,0,0,0,0.14501,0.00287,0.0002,0,0,0,0,0,0,0,0,0,0,0,0,0,0,1.01771,0.42123,0,0,0.48264,0.06218,0.46023,0.48295,0.66413,0.60883,0.62862,0.36069,1.74799,0.94785,0.97913,0,0,0,0,0,0,0,0,0,0,0,0,0,0,0,0,0,0,0,0,0,0,0,0,0,0,0,0,0,0,0,0.36069,0.0296674,0.00988912,0.0296674,0.00988912,0.0296674,0.00988912,0.0296674,0.00988912
56,5946.91,2.00213,1.23476,1.05571,0,0,0,0,0,0,0.14866,0.00287,0.00025,2e-05,0,0,0,0,0,0,0,0,0,0,0,0,0,0.96285,0.41739,0,0,0.48264,0.06213,0.46044,0.48304,0.68119,0.60564,0.63157,0.3631,1.74556,0.94518,0.97809,0,0,0,0,0,0,0,0,0,0,0,0,0,0,0,0,0,0,0,0,0,0,0,0,0,0,0,0,0,0,0,0.3631,0.029655,0.00988499,0.029655,0.00988499,0.029655,0.00988499,0.029655,0.00988499
57,6057.14,1.98217,1.2274,1.04768,0,0,0,0,0,0,0.14625,0.00287,0.00016,0,0,0,0,0,0,0,0,0,0,0,0,0,0,0.97481,0.42472,0,0,0.4827,0.06219,0.46038,0.48311,0.67243,0.60549,0.63087,0.36401,1.73424,0.94193,0.9758,0,0,0,0,0,0,0,0,0,0,0,0,0,0,0,0,0,0,0,0,0,0,0,0,0,0,0,0,0,0,0,0.36401,0.0296424,0.00988079,0.0296424,0.00988079,0.0296424,0.00988079,0.0296424,0.00988079
58,6161.66,1.99703,1.22525,1.05213,0,0,0,0,0,0,0.14549,0.00287,0.00023,3e-05,0,0,0,0,0,0,0,0,0,0,0,0,0,0.99416,0.42633,0,0,0.48265,0.06217,0.45946,0.48306,0.67087,0.6085,0.6308,0.36373,1.72991,0.93748,0.97537,0,0,0,0,0,0,0,0,0,0,0,0,0,0,0,0,0,0,0,0,0,0,0,0,0,0,0,0,0,0,0,0.36373,0.0296295,0.00987651,0.0296295,0.00987651,0.0296295,0.00987651,0.0296295,0.00987651
59,6272.19,1.95234,1.19984,1.05061,0,0,0,0,0,0,0.14845,0.00286,0.00019,0,0,0,0,0,0,0,0,0,0,0,0,0,0,0.9632,0.41959,0,0,0.48265,0.06222,0.45955,0.48308,0.66824,0.61271,0.63214,0.36467,1.72028,0.93254,0.97339,0,0,0,0,0,0,0,0,0,0,0,0,0,0,0,0,0,0,0,0,0,0,0,0,0,0,0,0,0,0,0,0.36467,0.0296165,0.00987216,0.0296165,0.00987216,0.0296165,0.00987216,0.0296165,0.00987216
60,6380,1.96776,1.20743,1.04617,0,0,0,0,0,0,0.1466,0.00286,0.00016,0,0,0,0,0,0,0,0,0,0,0,0,0,0,1.02415,0.43029,0,0,0.48266,0.06219,0.46061,0.48306,0.66689,0.61217,0.63282,0.36428,1.72309,0.92935,0.97347,0,0,0,0,0,0,0,0,0,0,0,0,0,0,0,0,0,0,0,0,0,0,0,0,0,0,0,0,0,0,0,0.36428,0.0296032,0.00986773,0.0296032,0.00986773,0.0296032,0.00986773,0.0296032,0.00986773
61,6490.19,1.95545,1.19129,1.04545,0,0,0,0,0,0,0.14444,0.00285,0.00023,0,0,0,0,0,0,0,0,0,0,0,0,0,0,1.12467,0.44435,0,0,0.48262,0.06222,0.45945,0.48304,0.67366,0.61203,0.63399,0.36677,1.71661,0.92416,0.9724,0,0,0,0,0,0,0,0,0,0,0,0,0,0,0,0,0,0,0,0,0,0,0,0,0,0,0,0,0,0,0,0.36677,0.0295897,0.00986323,0.0295897,0.00986323,0.0295897,0.00986323,0.0295897,0.00986323
62,6600.6,1.97944,1.22293,1.04627,0,0,0,0,0,0,0.14565,0.00285,0.00022,0,0,0,0,0,0,0,0,0,0,0,0,0,0,1.11267,0.44165,0,0,0.48265,0.06213,0.4606,0.48304,0.67569,0.61598,0.63738,0.36827,1.71595,0.9238,0.97305,0,0,0,0,0,0,0,0,0,0,0,0,0,0,0,0,0,0,0,0,0,0,0,0,0,0,0,0,0,0,0,0.36827,0.029576,0.00985866,0.029576,0.00985866,0.029576,0.00985866,0.029576,0.00985866
63,6716.67,1.96831,1.20924,1.04932,0,0,0,0,0,0,0.14567,0.00285,0.00022,0,0,0,0,0,0,0,0,0,0,0,0,0,0,1.06846,0.44075,0,0,0.4826,0.06218,0.46001,0.48301,0.67468,0.61714,0.63614,0.3673,1.71522,0.92215,0.97301,0,0,0,0,0,0,0,0,0,0,0,0,0,0,0,0,0,0,0,0,0,0,0,0,0,0,0,0,0,0,0,0.3673,0.029562,0.00985401,0.029562,0.00985401,0.029562,0.00985401,0.029562,0.00985401
64,6833.05,1.96924,1.21379,1.04473,0,0,0,0,0,0,0.14359,0.00282,0.00018,6e-05,0,0,0,0,0,0,0,0,0,0,0,0,0,0.99071,0.43608,0,0,0.48262,0.06218,0.46059,0.48302,0.6769,0.6131,0.63607,0.36804,1.71186,0.91915,0.97224,0,0,0,0,0,0,0,0,0,0,0,0,0,0,0,0,0,0,0,0,0,0,0,0,0,0,0,0,0,0,0,0.36804,0.0295479,0.00984928,0.0295479,0.00984928,0.0295479,0.00984928,0.0295479,0.00984928
65,7040.88,1.95728,1.19614,1.0461,0,0,0,0,0,0,0.14659,0.00282,0.00024,1e-05,0,0,0,0,0,0,0,0,0,0,0,0,0,1.09337,0.44387,0,0,0.48266,0.06215,0.45986,0.48308,0.68038,0.61418,0.63715,0.3689,1.70986,0.91689,0.97156,0,0,0,0,0,0,0,0,0,0,0,0,0,0,0,0,0,0,0,0,0,0,0,0,0,0,0,0,0,0,0,0.3689,0.0295335,0.00984449,0.0295335,0.00984449,0.0295335,0.00984449,0.0295335,0.00984449
66,7287.61,1.95068,1.19272,1.04813,0,0,0,0,0,0,0.14695,0.00279,0.00018,0,0,0,0,0,0,0,0,0,0,0,0,0,0,1.06202,0.4417,0,0,0.48272,0.06219,0.46101,0.48313,0.67765,0.61388,0.63736,0.36839,1.70905,0.91701,0.97147,0,0,0,0,0,0,0,0,0,0,0,0,0,0,0,0,0,0,0,0,0,0,0,0,0,0,0,0,0,0,0,0.36839,0.0295188,0.00983962,0.0295188,0.00983962,0.0295188,0.00983962,0.0295188,0.00983962
67,7522.62,1.95358,1.20422,1.0491,0,0,0,0,0,0,0.14452,0.00278,0.0002,0,0,0,0,0,0,0,0,0,0,0,0,0,0,1.00531,0.44228,0,0,0.48268,0.06218,0.46085,0.48298,0.67941,0.61904,0.63946,0.37105,1.70035,0.91402,0.9697,0,0,0,0,0,0,0,0,0,0,0,0,0,0,0,0,0,0,0,0,0,0,0,0,0,0,0,0,0,0,0,0.37105,0.029504,0.00983467,0.029504,0.00983467,0.029504,0.00983467,0.029504,0.00983467
68,7763.02,1.95057,1.20109,1.04994,0,0,0,0,0,0,0.14548,0.0028,0.00022,0,0,0,0,0,0,0,0,0,0,0,0,0,0,1.04521,0.44265,0,0,0.48267,0.06218,0.4604,0.48306,0.67829,0.61825,0.63984,0.37241,1.69735,0.91356,0.96867,0,0,0,0,0,0,0,0,0,0,0,0,0,0,0,0,0,0,0,0,0,0,0,0,0,0,0,0,0,0,0,0.37241,0.029489,0.00982965,0.029489,0.00982965,0.029489,0.00982965,0.029489,0.00982965
69,8008,1.9511,1.19746,1.04884,0,0,0,0,0,0,0.14567,0.00279,0.00023,1e-05,0,0,0,0,0,0,0,0,0,0,0,0,0,1.07608,0.45631,0,0,0.48261,0.0622,0.46002,0.48302,0.68057,0.61527,0.64086,0.37341,1.69319,0.91019,0.96767,0,0,0,0,0,0,0,0,0,0,0,0,0,0,0,0,0,0,0,0,0,0,0,0,0,0,0,0,0,0,0,0.37341,0.0294737,0.00982456,0.0294737,0.00982456,0.0294737,0.00982456,0.0294737,0.00982456
70,8250.78,1.9246,1.17905,1.03835,0,0,0,0,0,0,0.14447,0.00277,0.00023,0,0,0,0,0,0,0,0,0,0,0,0,0,0,1.11964,0.46196,0,0,0.48267,0.06221,0.46016,0.48309,0.67863,0.61411,0.64006,0.37335,1.69117,0.90895,0.96688,0,0,0,0,0,0,0,0,0,0,0,0,0,0,0,0,0,0,0,0,0,0,0,0,0,0,0,0,0,0,0,0.37335,0.0294582,0.00981939,0.0294582,0.00981939,0.0294582,0.00981939,0.0294582,0.00981939
71,8495.64,1.96862,1.2024,1.04132,0,0,0,0,0,0,0.14467,0.00277,0.00018,2e-05,0,0,0,0,0,0,0,0,0,0,0,0,0,1.11477,0.46684,0,0,0.48262,0.06219,0.45971,0.48303,0.6785,0.61651,0.64106,0.37397,1.688,0.90688,0.96621,0,0,0,0,0,0,0,0,0,0,0,0,0,0,0,0,0,0,0,0,0,0,0,0,0,0,0,0,0,0,0,0.37397,0.0294425,0.00981415,0.0294425,0.00981415,0.0294425,0.00981415,0.0294425,0.00981415
72,8730.81,1.94345,1.19446,1.04737,0,0,0,0,0,0,0.14442,0.00276,0.00027,0,0,0,0,0,0,0,0,0,0,0,0,0,0,1.21756,0.46791,0,0,0.48264,0.06219,0.45978,0.48305,0.68296,0.61367,0.6417,0.37505,1.68554,0.90545,0.966,0,0,0,0,0,0,0,0,0,0,0,0,0,0,0,0,0,0,0,0,0,0,0,0,0,0,0,0,0,0,0,0.37505,0.0294265,0.00980884,0.0294265,0.00980884,0.0294265,0.00980884,0.0294265,0.00980884
73,8971.29,1.95438,1.19379,1.04151,0,0,0,0,0,0,0.14315,0.00275,0.00017,0,0,0,0,0,0,0,0,0,0,0,0,0,0,1.20611,0.47666,0,0,0.48262,0.06215,0.46008,0.48304,0.68423,0.61342,0.64219,0.37548,1.68238,0.90373,0.9656,0,0,0,0,0,0,0,0,0,0,0,0,0,0,0,0,0,0,0,0,0,0,0,0,0,0,0,0,0,0,0,0.37548,0.0294104,0.00980345,0.0294104,0.00980345,0.0294104,0.00980345,0.0294104,0.00980345
74,9215.4,1.95744,1.1981,1.03889,0,0,0,0,0,0,0.14442,0.00275,0.00025,1e-05,0,0,0,0,0,0,0,0,0,0,0,0,0,1.15316,0.47379,0,0,0.48265,0.06216,0.45964,0.48306,0.68457,0.61403,0.64188,0.37613,1.67957,0.90217,0.96526,0,0,0,0,0,0,0,0,0,0,0,0,0,0,0,0,0,0,0,0,0,0,0,0,0,0,0,0,0,0,0,0.37613,0.029394,0.00979799,0.029394,0.00979799,0.029394,0.00979799,0.029394,0.00979799
75,9462.17,1.93708,1.1894,1.04151,0,0,0,0,0,0,0.14345,0.00275,0.00016,0,0,0,0,0,0,0,0,0,0,0,0,0,0,1.26028,0.48592,0,0,0.48277,0.06216,0.461,0.48317,0.68626,0.61488,0.64268,0.37682,1.67894,0.90064,0.96484,0,0,0,0,0,0,0,0,0,0,0,0,0,0,0,0,0,0,0,0,0,0,0,0,0,0,0,0,0,0,0,0.37682,0.0293774,0.00979246,0.0293774,0.00979246,0.0293774,0.00979246,0.0293774,0.00979246
76,9704.53,1.96677,1.20317,1.04286,0,0,0,0,0,0,0.14323,0.00274,0.00015,0,0,0,0,0,0,0,0,0,0,0,0,0,0,1.11192,0.47534,0,0,0.48261,0.06214,0.45997,0.48302,0.68684,0.61567,0.64293,0.37739,1.6796,0.90052,0.96486,0,0,0,0,0,0,0,0,0,0,0,0,0,0,0,0,0,0,0,0,0,0,0,0,0,0,0,0,0,0,0,0.37739,0.0293606,0.00978685,0.0293606,0.00978685,0.0293606,0.00978685,0.0293606,0.00978685
77,10084.2,1.94275,1.18895,1.03996,0,0,0,0,0,0,0.14275,0.00278,0.00018,3e-05,0,0,0,0,0,0,0,0,0,0,0,0,0,1.10364,0.46934,0,0,0.48265,0.06213,0.46076,0.48305,0.68081,0.61802,0.6428,0.37712,1.67881,0.90026,0.96435,0,0,0,0,0,0,0,0,0,0,0,0,0,0,0,0,0,0,0,0,0,0,0,0,0,0,0,0,0,0,0,0.37712,0.0293435,0.00978118,0.0293435,0.00978118,0.0293435,0.00978118,0.0293435,0.00978118
78,10470.6,1.94867,1.19061,1.03732,0,0,0,0,0,0,0.14337,0.00275,0.00017,1e-05,0,0,0,0,0,0,0,0,0,0,0,0,0,1.20287,0.47619,0,0,0.48271,0.06215,0.45993,0.48311,0.68123,0.61796,0.6427,0.37705,1.67963,0.8998,0.96426,0,0,0,0,0,0,0,0,0,0,0,0,0,0,0,0,0,0,0,0,0,0,0,0,0,0,0,0,0,0,0,0.37705,0.0293263,0.00977542,0.0293263,0.00977542,0.0293263,0.00977542,0.0293263,0.00977542
79,10818.7,1.9187,1.17332,1.04009,0,0,0,0,0,0,0.14278,0.00272,0.0002,3e-05,0,0,0,0,0,0,0,0,0,0,0,0,0,1.12083,0.46494,0,0,0.48261,0.06218,0.46058,0.48301,0.68524,0.61867,0.64336,0.37689,1.67914,0.89964,0.96392,0,0,0,0,0,0,0,0,0,0,0,0,0,0,0,0,0,0,0,0,0,0,0,0,0,0,0,0,0,0,0,0.37689,0.0293088,0.0097696,0.0293088,0.0097696,0.0293088,0.0097696,0.0293088,0.0097696
80,11208.9,1.95219,1.1914,1.04018,0,0,0,0,0,0,0.1444,0.00274,0.00025,0,0,0,0,0,0,0,0,0,0,0,0,0,0,1.18447,0.47829,0,0,0.48269,0.06219,0.46117,0.48308,0.68747,0.61822,0.64359,0.37746,1.67851,0.89876,0.96365,0,0,0,0,0,0,0,0,0,0,0,0,0,0,0,0,0,0,0,0,0,0,0,0,0,0,0,0,0,0,0,0.37746,0.0292911,0.0097637,0.0292911,0.0097637,0.0292911,0.0097637,0.0292911,0.0097637
81,11591.8,1.93064,1.1877,1.0379,0,0,0,0,0,0,0.14373,0.00276,0.00019,3e-05,0,0,0,0,0,0,0,0,0,0,0,0,0,1.22757,0.49019,0,0,0.48261,0.06217,0.46074,0.48302,0.68905,0.6166,0.64427,0.37724,1.67795,0.89922,0.96363,0,0,0,0,0,0,0,0,0,0,0,0,0,0,0,0,0,0,0,0,0,0,0,0,0,0,0,0,0,0,0,0.37724,0.0292732,0.00975773,0.0292732,0.00975773,0.0292732,0.00975773,0.0292732,0.00975773
82,11973.6,1.94521,1.18712,1.03561,0,0,0,0,0,0,0.14313,0.00275,0.00016,0,0,0,0,0,0,0,0,0,0,0,0,0,0,1.13001,0.47872,0,0,0.48265,0.06215,0.45997,0.48306,0.6899,0.61893,0.64535,0.3781,1.67596,0.89855,0.96338,0,0,0,0,0,0,0,0,0,0,0,0,0,0,0,0,0,0,0,0,0,0,0,0,0,0,0,0,0,0,0,0.3781,0.0292551,0.00975169,0.0292551,0.00975169,0.0292551,0.00975169,0.0292551,0.00975169
83,12373.5,1.93701,1.18814,1.03509,0,0,0,0,0,0,0.14308,0.00276,0.00021,4e-05,0,0,0,0,0,0,0,0,0,0,0,0,0,1.10451,0.47036,0,0,0.48263,0.06218,0.45936,0.48305,0.68696,0.62114,0.64524,0.37819,1.67422,0.89785,0.96328,0,0,0,0,0,0,0,0,0,0,0,0,0,0,0,0,0,0,0,0,0,0,0,0,0,0,0,0,0,0,0,0.37819,0.0292367,0.00974557,0.0292367,0.00974557,0.0292367,0.00974557,0.0292367,0.00974557
84,12769,1.93035,1.18238,1.038,0,0,0,0,0,0,0.14386,0.00274,0.00019,0,0,0,0,0,0,0,0,0,0,0,0,0,0,1.156,0.47274,0,0,0.48265,0.0622,0.46037,0.48306,0.68938,0.62114,0.64614,0.37814,1.67405,0.89716,0.96325,0,0,0,0,0,0,0,0,0,0,0,0,0,0,0,0,0,0,0,0,0,0,0,0,0,0,0,0,0,0,0,0.37814,0.0292181,0.00973938,0.0292181,0.00973938,0.0292181,0.00973938,0.0292181,0.00973938
85,13168,1.91591,1.17153,1.03937,0,0,0,0,0,0,0.14421,0.00271,0.00019,0,0,0,0,0,0,0,0,0,0,0,0,0,0,1.11434,0.46918,0,0,0.48263,0.06221,0.45942,0.48304,0.68785,0.6222,0.6474,0.37883,1.67279,0.89577,0.96309,0,0,0,0,0,0,0,0,0,0,0,0,0,0,0,0,0,0,0,0,0,0,0,0,0,0,0,0,0,0,0,0.37883,0.0291994,0.00973312,0.0291994,0.00973312,0.0291994,0.00973312,0.0291994,0.00973312
86,13559.5,1.9285,1.17301,1.03597,0,0,0,0,0,0,0.14499,0.00271,0.00014,0,0,0,0,0,0,0,0,0,0,0,0,0,0,1.10577,0.47249,0,0,0.48264,0.06217,0.46026,0.48304,0.68778,0.62182,0.64734,0.37897,1.67361,0.89596,0.96322,0,0,0,0,0,0,0,0,0,0,0,0,0,0,0,0,0,0,0,0,0,0,0,0,0,0,0,0,0,0,0,0.37897,0.0291804,0.00972679,0.0291804,0.00972679,0.0291804,0.00972679,0.0291804,0.00972679
87,13949.1,1.91846,1.16392,1.03468,0,0,0,0,0,0,0.14355,0.00269,0.00014,0,0,0,0,0,0,0,0,0,0,0,0,0,0,1.07432,0.4758,0,0,0.48267,0.06222,0.46025,0.48308,0.6839,0.6221,0.6467,0.37922,1.67266,0.89492,0.96312,0,0,0,0,0,0,0,0,0,0,0,0,0,0,0,0,0,0,0,0,0,0,0,0,0,0,0,0,0,0,0,0.37922,0.0291612,0.00972039,0.0291612,0.00972039,0.0291612,0.00972039,0.0291612,0.00972039
88,14355.1,1.92406,1.17247,1.03412,0,0,0,0,0,0,0.1444,0.0027,0.00015,4e-05,0,0,0,0,0,0,0,0,0,0,0,0,0,1.21488,0.48671,0,0,0.4826,0.06218,0.46059,0.48301,0.68627,0.62219,0.64744,0.37998,1.67143,0.89472,0.96286,0,0,0,0,0,0,0,0,0,0,0,0,0,0,0,0,0,0,0,0,0,0,0,0,0,0,0,0,0,0,0,0.37998,0.0291417,0.00971391,0.0291417,0.00971391,0.0291417,0.00971391,0.0291417,0.00971391
89,14740.6,1.93436,1.18128,1.03794,0,0,0,0,0,0,0.14464,0.00269,0.00018,1e-05,0,0,0,0,0,0,0,0,0,0,0,0,0,1.13121,0.47378,0,0,0.48268,0.06216,0.46022,0.48309,0.68909,0.6227,0.64797,0.3801,1.67198,0.89496,0.96283,0,0,0,0,0,0,0,0,0,0,0,0,0,0,0,0,0,0,0,0,0,0,0,0,0,0,0,0,0,0,0,0.3801,0.0291221,0.00970736,0.0291221,0.00970736,0.0291221,0.00970736,0.0291221,0.00970736
90,15130.6,1.92528,1.16608,1.03636,0,0,0,0,0,0,0.14229,0.00266,0.00015,0,0,0,0,0,0,0,0,0,0,0,0,0,0,1.10112,0.46851,0,0,0.48265,0.06221,0.46005,0.48308,0.68728,0.62272,0.64781,0.3798,1.6713,0.89458,0.96269,0,0,0,0,0,0,0,0,0,0,0,0,0,0,0,0,0,0,0,0,0,0,0,0,0,0,0,0,0,0,0,0.3798,0.0291022,0.00970074,0.0291022,0.00970074,0.0291022,0.00970074,0.0291022,0.00970074
91,15519.8,1.93363,1.17205,1.03412,0,0,0,0,0,0,0.14253,0.00268,0.00013,0,0,0,0,0,0,0,0,0,0,0,0,0,0,1.14961,0.47161,0,0,0.48271,0.06219,0.4606,0.48311,0.68483,0.62359,0.64803,0.37988,1.67112,0.89412,0.96274,0,0,0,0,0,0,0,0,0,0,0,0,0,0,0,0,0,0,0,0,0,0,0,0,0,0,0,0,0,0,0,0.37988,0.0290821,0.00969405,0.0290821,0.00969405,0.0290821,0.00969405,0.0290821,0.00969405
92,15902.3,1.93861,1.18025,1.03522,0,0,0,0,0,0,0.14433,0.00268,0.00015,1e-05,0,0,0,0,0,0,0,0,0,0,0,0,0,1.24191,0.49314,0,0,0.48265,0.06212,0.46057,0.48305,0.68686,0.62199,0.64732,0.38048,1.67024,0.89316,0.96251,0,0,0,0,0,0,0,0,0,0,0,0,0,0,0,0,0,0,0,0,0,0,0,0,0,0,0,0,0,0,0,0.38048,0.0290618,0.00968728,0.0290618,0.00968728,0.0290618,0.00968728,0.0290618,0.00968728
93,16282.6,1.9303,1.16892,1.03394,0,0,0,0,0,0,0.14341,0.00268,0.00017,3e-05,0,0,0,0,0,0,0,0,0,0,0,0,0,1.11825,0.48435,0,0,0.48269,0.06218,0.46055,0.4831,0.68641,0.62198,0.64754,0.38055,1.66997,0.89296,0.96238,0,0,0,0,0,0,0,0,0,0,0,0,0,0,0,0,0,0,0,0,0,0,0,0,0,0,0,0,0,0,0,0.38055,0.0290413,0.00968045,0.0290413,0.00968045,0.0290413,0.00968045,0.0290413,0.00968045
94,16673.4,1.90443,1.15801,1.03345,0,0,0,0,0,0,0.14283,0.00269,0.00021,0,0,0,0,0,0,0,0,0,0,0,0,0,0,1.1632,0.48383,0,0,0.48258,0.06218,0.46055,0.48299,0.6867,0.62183,0.64801,0.38091,1.66898,0.89249,0.96218,0,0,0,0,0,0,0,0,0,0,0,0,0,0,0,0,0,0,0,0,0,0,0,0,0,0,0,0,0,0,0,0.38091,0.0290206,0.00967354,0.0290206,0.00967354,0.0290206,0.00967354,0.0290206,0.00967354
95,17054.2,1.91915,1.16425,1.03552,0,0,0,0,0,0,0.14319,0.00268,0.00014,0,0,0,0,0,0,0,0,0,0,0,0,0,0,1.12517,0.48084,0,0,0.48269,0.06218,0.46089,0.4831,0.69165,0.62101,0.64796,0.3811,1.66768,0.89175,0.96196,0,0,0,0,0,0,0,0,0,0,0,0,0,0,0,0,0,0,0,0,0,0,0,0,0,0,0,0,0,0,0,0.3811,0.0289997,0.00966656,0.0289997,0.00966656,0.0289997,0.00966656,0.0289997,0.00966656
96,17427.3,1.91267,1.16212,1.02951,0,0,0,0,0,0,0.14196,0.00267,0.00025,1e-05,0,0,0,0,0,0,0,0,0,0,0,0,0,1.19115,0.48875,0,0,0.48263,0.06219,0.46062,0.48303,0.69146,0.62167,0.64832,0.38216,1.66693,0.89064,0.96175,0,0,0,0,0,0,0,0,0,0,0,0,0,0,0,0,0,0,0,0,0,0,0,0,0,0,0,0,0,0,0,0.38216,0.0289785,0.00965951,0.0289785,0.00965951,0.0289785,0.00965951,0.0289785,0.00965951
97,17816.9,1.92894,1.16806,1.03432,0,0,0,0,0,0,0.14427,0.00267,0.00015,0,0,0,0,0,0,0,0,0,0,0,0,0,0,1.16212,0.47275,0,0,0.48262,0.06217,0.45989,0.48303,0.69057,0.62212,0.65001,0.38221,1.66509,0.88967,0.96137,0,0,0,0,0,0,0,0,0,0,0,0,0,0,0,0,0,0,0,0,0,0,0,0,0,0,0,0,0,0,0,0.38221,0.0289572,0.00965239,0.0289572,0.00965239,0.0289572,0.00965239,0.0289572,0.00965239
98,18198.7,1.91703,1.15958,1.03073,0,0,0,0,0,0,0.14186,0.00268,0.00021,0,0,0,0,0,0,0,0,0,0,0,0,0,0,1.11696,0.46672,0,0,0.48264,0.06219,0.46031,0.48304,0.69028,0.62274,0.65036,0.38252,1.66366,0.88922,0.96123,0,0,0,0,0,0,0,0,0,0,0,0,0,0,0,0,0,0,0,0,0,0,0,0,0,0,0,0,0,0,0,0.38252,0.0289356,0.0096452,0.0289356,0.0096452,0.0289356,0.0096452,0.0289356,0.0096452
99,18588.6,1.91907,1.16159,1.03506,0,0,0,0,0,0,0.14263,0.00266,0.00017,3e-05,0,0,0,0,0,0,0,0,0,0,0,0,0,1.07651,0.47482,0,0,0.4826,0.06218,0.46022,0.48301,0.69034,0.6233,0.65022,0.38313,1.66278,0.88864,0.96122,0,0,0,0,0,0,0,0,0,0,0,0,0,0,0,0,0,0,0,0,0,0,0,0,0,0,0,0,0,0,0,0.38313,0.0289138,0.00963794,0.0289138,0.00963794,0.0289138,0.00963794,0.0289138,0.00963794
100,18984.8,1.91969,1.16684,1.03109,0,0,0,0,0,0,0.14285,0.00264,0.0002,0,0,0,0,0,0,0,0,0,0,0,0,0,0,1.13828,0.47736,0,0,0.48263,0.06218,0.45976,0.48304,0.69298,0.62303,0.65165,0.38433,1.66115,0.88805,0.96086,0,0,0,0,0,0,0,0,0,0,0,0,0,0,0,0,0,0,0,0,0,0,0,0,0,0,0,0,0,0,0,0.38433,0.0288918,0.00963061,0.0288918,0.00963061,0.0288918,0.00963061,0.0288918,0.00963061
101,19372.6,1.85526,1.06583,1.02471,0,0,0,0,0,0,0.18472,0.00269,0.00049,0,0,0,0,0,0,0,0,0,0,0,0,0,0,1.3721,0.47382,0,0,0.48598,0.06457,0.44376,0.48647,0.69318,0.62256,0.65201,0.38501,1.6584,0.88633,0.96051,0,0,0,0,0,0,0,0,0,0,0,0,0,0,0,0,0,0,0,0,0,0,0,0,0,0,0,0,0,0,0,0.38501,0.0288696,0.0096232,0.0288696,0.0096232,0.0288696,0.0096232,0.0288696,0.0096232
102,19750.9,1.83744,1.04932,1.01507,0,0,0,0,0,0,0.17634,0.00272,0.00032,1e-05,0,0,0,0,0,0,0,0,0,0,0,0,0,1.55953,0.48964,0,0,0.4861,0.06463,0.44461,0.48659,0.6944,0.62244,0.65264,0.38569,1.65498,0.88465,0.96009,0,0,0,0,0,0,0,0,0,0,0,0,0,0,0,0,0,0,0,0,0,0,0,0,0,0,0,0,0,0,0,0.38569,0.0288472,0.00961573,0.0288472,0.00961573,0.0288472,0.00961573,0.0288472,0.00961573
103,20123,1.84128,1.04951,1.01786,0,0,0,0,0,0,0.17347,0.00272,0.00042,4e-05,0,0,0,0,0,0,0,0,0,0,0,0,0,1.41232,0.48175,0,0,0.48609,0.06459,0.44374,0.48658,0.69262,0.62546,0.6542,0.38665,1.65137,0.88316,0.95952,0,0,0,0,0,0,0,0,0,0,0,0,0,0,0,0,0,0,0,0,0,0,0,0,0,0,0,0,0,0,0,0.38665,0.0288246,0.00960819,0.0288246,0.00960819,0.0288246,0.00960819,0.0288246,0.00960819
104,20501.8,1.81591,1.02081,1.00517,0,0,0,0,0,0,0.17112,0.00272,0.00046,0,0,0,0,0,0,0,0,0,0,0,0,0,0,1.47563,0.47944,0,0,0.48611,0.0646,0.44366,0.48661,0.69363,0.62432,0.65352,0.38749,1.6482,0.88144,0.95879,0,0,0,0,0,0,0,0,0,0,0,0,0,0,0,0,0,0,0,0,0,0,0,0,0,0,0,0,0,0,0,0.38749,0.0288017,0.00960057,0.0288017,0.00960057,0.0288017,0.00960057,0.0288017,0.00960057
105,20883.6,1.8082,1.01631,1.0081,0,0,0,0,0,0,0.16802,0.00271,0.00044,3e-05,0,0,0,0,0,0,0,0,0,0,0,0,0,1.57973,0.49061,0,0,0.48599,0.06456,0.4433,0.48649,0.69468,0.62658,0.65474,0.38913,1.6447,0.8799,0.95823,0,0,0,0,0,0,0,0,0,0,0,0,0,0,0,0,0,0,0,0,0,0,0,0,0,0,0,0,0,0,0,0.38913,0.0287787,0.00959289,0.0287787,0.00959289,0.0287787,0.00959289,0.0287787,0.00959289
106,21270.7,1.80111,1.01109,1.00553,0,0,0,0,0,0,0.16901,0.00269,0.0003,0,0,0,0,0,0,0,0,0,0,0,0,0,0,1.35893,0.48404,0,0,0.48599,0.06452,0.44337,0.48648,0.69731,0.62632,0.65471,0.39006,1.64211,0.87805,0.95759,0,0,0,0,0,0,0,0,0,0,0,0,0,0,0,0,0,0,0,0,0,0,0,0,0,0,0,0,0,0,0,0.39006,0.0287554,0.00958513,0.0287554,0.00958513,0.0287554,0.00958513,0.0287554,0.00958513
107,21658.2,1.7897,1.0111,1.00186,0,0,0,0,0,0,0.16995,0.00268,0.00036,0,0,0,0,0,0,0,0,0,0,0,0,0,0,1.26526,0.47021,0,0,0.48595,0.06455,0.44358,0.48644,0.69781,0.62833,0.65696,0.39107,1.63824,0.87579,0.95705,0,0,0,0,0,0,0,0,0,0,0,0,0,0,0,0,0,0,0,0,0,0,0,0,0,0,0,0,0,0,0,0.39107,0.0287319,0.00957731,0.0287319,0.00957731,0.0287319,0.00957731,0.0287319,0.00957731
108,22037,1.78676,1.00478,0.99874,0,0,0,0,0,0,0.16887,0.00268,0.00038,0.00013,0,0,0,0,0,0,0,0,0,0,0,0,0,1.54188,0.47061,0,0,0.48596,0.06455,0.44416,0.48646,0.69535,0.62949,0.6592,0.39254,1.6339,0.87447,0.95617,0,0,0,0,0,0,0,0,0,0,0,0,0,0,0,0,0,0,0,0,0,0,0,0,0,0,0,0,0,0,0,0.39254,0.0287082,0.00956941,0.0287082,0.00956941,0.0287082,0.00956941,0.0287082,0.00956941
109,22413,1.77678,0.99565,0.99948,0,0,0,0,0,0,0.16695,0.00271,0.00038,2e-05,0,0,0,0,0,0,0,0,0,0,0,0,0,1.36407,0.4712,0,0,0.48593,0.06458,0.44368,0.48643,0.69568,0.63022,0.65923,0.39405,1.62992,0.87158,0.95535,0,0,0,0,0,0,0,0,0,0,0,0,0,0,0,0,0,0,0,0,0,0,0,0,0,0,0,0,0,0,0,0.39405,0.0286843,0.00956145,0.0286843,0.00956145,0.0286843,0.00956145,0.0286843,0.00956145
110,22783.6,1.78117,0.99703,1.00082,0,0,0,0,0,0,0.16692,0.00268,0.00041,0,0,0,0,0,0,0,0,0,0,0,0,0,0,1.24058,0.47128,0,0,0.48598,0.06457,0.44426,0.48647,0.69992,0.63099,0.66013,0.39464,1.62609,0.87021,0.95459,0,0,0,0,0,0,0,0,0,0,0,0,0,0,0,0,0,0,0,0,0,0,0,0,0,0,0,0,0,0,0,0.39464,0.0286602,0.00955341,0.0286602,0.00955341,0.0286602,0.00955341,0.0286602,0.00955341
111,23160.2,1.78303,1.00183,0.99921,0,0,0,0,0,0,0.16599,0.00269,0.00027,5e-05,0,0,0,0,0,0,0,0,0,0,0,0,0,1.27859,0.47315,0,0,0.48601,0.06456,0.44323,0.48651,0.7026,0.63103,0.66199,0.39574,1.62229,0.86847,0.95382,0,0,0,0,0,0,0,0,0,0,0,0,0,0,0,0,0,0,0,0,0,0,0,0,0,0,0,0,0,0,0,0.39574,0.0286359,0.00954531,0.0286359,0.00954531,0.0286359,0.00954531,0.0286359,0.00954531
112,23483.5,1.76816,0.99294,0.99549,0,0,0,0,0,0,0.16347,0.00269,0.00028,0,0,0,0,0,0,0,0,0,0,0,0,0,0,1.15172,0.46452,0,0,0.48586,0.06452,0.44355,0.48635,0.69876,0.63275,0.6625,0.39676,1.61944,0.8667,0.95316,0,0,0,0,0,0,0,0,0,0,0,0,0,0,0,0,0,0,0,0,0,0,0,0,0,0,0,0,0,0,0,0.39676,0.0286114,0.00953714,0.0286114,0.00953714,0.0286114,0.00953714,0.0286114,0.00953714
113,23860.9,1.76759,0.98539,0.99506,0,0,0,0,0,0,0.16673,0.00268,0.00025,0,0,0,0,0,0,0,0,0,0,0,0,0,0,1.1733,0.46591,0,0,0.48597,0.06456,0.444,0.48646,0.69559,0.6341,0.66273,0.39793,1.61597,0.86439,0.95242,0,0,0,0,0,0,0,0,0,0,0,0,0,0,0,0,0,0,0,0,0,0,0,0,0,0,0,0,0,0,0,0.39793,0.0285867,0.00952889,0.0285867,0.00952889,0.0285867,0.00952889,0.0285867,0.00952889
114,24232.8,1.76258,0.98317,0.99108,0,0,0,0,0,0,0.16321,0.0027,0.00042,2e-05,0,0,0,0,0,0,0,0,0,0,0,0,0,1.19545,0.46396,0,0,0.486,0.06454,0.44394,0.4865,0.69687,0.63601,0.66493,0.39912,1.61227,0.86204,0.95172,0,0,0,0,0,0,0,0,0,0,0,0,0,0,0,0,0,0,0,0,0,0,0,0,0,0,0,0,0,0,0,0.39912,0.0285617,0.00952058,0.0285617,0.00952058,0.0285617,0.00952058,0.0285617,0.00952058
115,24616.1,1.7568,0.98017,0.99162,0,0,0,0,0,0,0.16332,0.00267,0.0003,0,0,0,0,0,0,0,0,0,0,0,0,0,0,1.24909,0.46178,0,0,0.4859,0.06453,0.44359,0.48639,0.69393,0.63922,0.66601,0.40041,1.60868,0.86002,0.95088,0,0,0,0,0,0,0,0,0,0,0,0,0,0,0,0,0,0,0,0,0,0,0,0,0,0,0,0,0,0,0,0.40041,0.0285366,0.0095122,0.0285366,0.0095122,0.0285366,0.0095122,0.0285366,0.0095122
116,25002.9,1.75811,0.9752,0.98725,0,0,0,0,0,0,0.16338,0.00267,0.00037,3e-05,0,0,0,0,0,0,0,0,0,0,0,0,0,1.19516,0.4632,0,0,0.48603,0.0646,0.44399,0.48653,0.69576,0.63912,0.66731,0.40127,1.60625,0.85847,0.95021,0,0,0,0,0,0,0,0,0,0,0,0,0,0,0,0,0,0,0,0,0,0,0,0,0,0,0,0,0,0,0,0.40127,0.0285113,0.00950375,0.0285113,0.00950375,0.0285113,0.00950375,0.0285113,0.00950375
117,25389,1.74455,0.96656,0.98697,0,0,0,0,0,0,0.16202,0.00267,0.00036,0,0,0,0,0,0,0,0,0,0,0,0,0,0,1.16589,0.46717,0,0,0.48596,0.06455,0.44329,0.48647,0.69701,0.63949,0.66788,0.40224,1.60354,0.85719,0.94969,0,0,0,0,0,0,0,0,0,0,0,0,0,0,0,0,0,0,0,0,0,0,0,0,0,0,0,0,0,0,0,0.40224,0.0284857,0.00949524,0.0284857,0.00949524,0.0284857,0.00949524,0.0284857,0.00949524
118,25764.4,1.74121,0.96906,0.98786,0,0,0,0,0,0,0.16223,0.00269,0.00033,0,0,0,0,0,0,0,0,0,0,0,0,0,0,1.09282,0.45408,0,0,0.48605,0.06459,0.44415,0.48654,0.69451,0.64202,0.66963,0.40306,1.60061,0.85539,0.9491,0,0,0,0,0,0,0,0,0,0,0,0,0,0,0,0,0,0,0,0,0,0,0,0,0,0,0,0,0,0,0,0.40306,0.02846,0.00948665,0.02846,0.00948665,0.02846,0.00948665,0.02846,0.00948665
119,26153.2,1.73979,0.96692,0.987,0,0,0,0,0,0,0.16193,0.00266,0.00036,0,0,0,0,0,0,0,0,0,0,0,0,0,0,1.2526,0.46611,0,0,0.48599,0.06456,0.44462,0.48647,0.69874,0.64192,0.66963,0.40394,1.59789,0.85368,0.9485,0,0,0,0,0,0,0,0,0,0,0,0,0,0,0,0,0,0,0,0,0,0,0,0,0,0,0,0,0,0,0,0.40394,0.028434,0.009478,0.028434,0.009478,0.028434,0.009478,0.028434,0.009478
120,26529.6,1.74712,0.96608,0.98688,0,0,0,0,0,0,0.16192,0.00268,0.00029,1e-05,0,0,0,0,0,0,0,0,0,0,0,0,0,1.18963,0.46423,0,0,0.486,0.06459,0.44366,0.4865,0.70164,0.64174,0.67001,0.40481,1.59568,0.85214,0.94801,0,0,0,0,0,0,0,0,0,0,0,0,0,0,0,0,0,0,0,0,0,0,0,0,0,0,0,0,0,0,0,0.40481,0.0284078,0.00946927,0.0284078,0.00946927,0.0284078,0.00946927,0.0284078,0.00946927
121,26904.9,1.72339,0.952,0.98116,0,0,0,0,0,0,0.1602,0.00265,0.00027,0,0,0,0,0,0,0,0,0,0,0,0,0,0,1.22788,0.46228,0,0,0.48594,0.06456,0.44387,0.48644,0.70128,0.64208,0.67057,0.40597,1.59308,0.85048,0.94738,0,0,0,0,0,0,0,0,0,0,0,0,0,0,0,0,0,0,0,0,0,0,0,0,0,0,0,0,0,0,0,0.40597,0.0283814,0.00946048,0.0283814,0.00946048,0.0283814,0.00946048,0.0283814,0.00946048
122,27279.3,1.75158,0.97647,0.98829,0,0,0,0,0,0,0.16206,0.00264,0.00038,0.0001,0,0,0,0,0,0,0,0,0,0,0,0,0,1.15225,0.46384,0,0,0.48593,0.06453,0.44326,0.48644,0.70451,0.64104,0.67216,0.40717,1.59003,0.84875,0.94673,0,0,0,0,0,0,0,0,0,0,0,0,0,0,0,0,0,0,0,0,0,0,0,0,0,0,0,0,0,0,0,0.40717,0.0283549,0.00945162,0.0283549,0.00945162,0.0283549,0.00945162,0.0283549,0.00945162
123,27659.1,1.73242,0.96792,0.9844,0,0,0,0,0,0,0.16016,0.00268,0.0003,1e-05,0,0,0,0,0,0,0,0,0,0,0,0,0,1.18892,0.45503,0,0,0.48594,0.06455,0.44333,0.48634,0.7029,0.64258,0.67218,0.40776,1.58755,0.84699,0.94614,0,0,0,0,0,0,0,0,0,0,0,0,0,0,0,0,0,0,0,0,0,0,0,0,0,0,0,0,0,0,0,0.40776,0.0283281,0.0094427,0.0283281,0.0094427,0.0283281,0.0094427,0.0283281,0.0094427
124,28035.4,1.72304,0.96008,0.97985,0,0,0,0,0,0,0.15856,0.00269,0.00037,7e-05,0,0,0,0,0,0,0,0,0,0,0,0,0,1.16003,0.45401,0,0,0.48594,0.06455,0.443,0.48645,0.70392,0.64388,0.67345,0.40833,1.58511,0.84495,0.94557,0,0,0,0,0,0,0,0,0,0,0,0,0,0,0,0,0,0,0,0,0,0,0,0,0,0,0,0,0,0,0,0.40833,0.0283011,0.0094337,0.0283011,0.0094337,0.0283011,0.0094337,0.0283011,0.0094337
125,28407.1,1.73404,0.958,0.9834,0,0,0,0,0,0,0.15955,0.00268,0.00029,0,0,0,0,0,0,0,0,0,0,0,0,0,0,1.14822,0.45856,0,0,0.486,0.06461,0.44484,0.4865,0.70216,0.64716,0.6738,0.40894,1.58235,0.84313,0.94486,0,0,0,0,0,0,0,0,0,0,0,0,0,0,0,0,0,0,0,0,0,0,0,0,0,0,0,0,0,0,0,0.40894,0.0282739,0.00942464,0.0282739,0.00942464,0.0282739,0.00942464,0.0282739,0.00942464
126,28788.5,1.73649,0.96309,0.98274,0,0,0,0,0,0,0.16077,0.00268,0.00035,1e-05,0,0,0,0,0,0,0,0,0,0,0,0,0,1.15797,0.4579,0,0,0.48599,0.06458,0.44292,0.4865,0.70424,0.64846,0.67489,0.4097,1.57953,0.84188,0.94429,0,0,0,0,0,0,0,0,0,0,0,0,0,0,0,0,0,0,0,0,0,0,0,0,0,0,0,0,0,0,0,0.4097,0.0282465,0.00941551,0.0282465,0.00941551,0.0282465,0.00941551,0.0282465,0.00941551
127,29169.9,1.72254,0.95376,0.98067,0,0,0,0,0,0,0.15848,0.00271,0.00038,1e-05,0,0,0,0,0,0,0,0,0,0,0,0,0,1.27372,0.46067,0,0,0.48593,0.06457,0.4439,0.48643,0.70707,0.64943,0.67631,0.41051,1.57748,0.84065,0.94378,0,0,0,0,0,0,0,0,0,0,0,0,0,0,0,0,0,0,0,0,0,0,0,0,0,0,0,0,0,0,0,0.41051,0.0282189,0.00940631,0.0282189,0.00940631,0.0282189,0.00940631,0.0282189,0.00940631
128,29548.2,1.72099,0.94882,0.97886,0,0,0,0,0,0,0.15883,0.00267,0.00032,0,0,0,0,0,0,0,0,0,0,0,0,0,0,1.31271,0.4712,0,0,0.4861,0.06461,0.44455,0.48659,0.70684,0.64974,0.67653,0.41082,1.57516,0.83906,0.94327,0,0,0,0,0,0,0,0,0,0,0,0,0,0,0,0,0,0,0,0,0,0,0,0,0,0,0,0,0,0,0,0.41082,0.0281911,0.00939705,0.0281911,0.00939705,0.0281911,0.00939705,0.0281911,0.00939705
129,29920.9,1.71497,0.95957,0.97806,0,0,0,0,0,0,0.15938,0.00265,0.00028,1e-05,0,0,0,0,0,0,0,0,0,0,0,0,0,1.28085,0.45696,0,0,0.48598,0.06458,0.44311,0.4865,0.70873,0.64943,0.67747,0.41124,1.57322,0.83679,0.94278,0,0,0,0,0,0,0,0,0,0,0,0,0,0,0,0,0,0,0,0,0,0,0,0,0,0,0,0,0,0,0,0.41124,0.0281632,0.00938772,0.0281632,0.00938772,0.0281632,0.00938772,0.0281632,0.00938772
130,30303,1.71612,0.94808,0.97955,0,0,0,0,0,0,0.15763,0.00265,0.00032,2e-05,0,0,0,0,0,0,0,0,0,0,0,0,0,1.21075,0.45674,0,0,0.48591,0.06452,0.44427,0.48641,0.70922,0.64966,0.67792,0.41181,1.57068,0.83526,0.94235,0,0,0,0,0,0,0,0,0,0,0,0,0,0,0,0,0,0,0,0,0,0,0,0,0,0,0,0,0,0,0,0.41181,0.028135,0.00937832,0.028135,0.00937832,0.028135,0.00937832,0.028135,0.00937832
131,30679.4,1.7109,0.94175,0.97505,0,0,0,0,0,0,0.15899,0.00263,0.00031,0,0,0,0,0,0,0,0,0,0,0,0,0,0,1.19523,0.45666,0,0,0.48608,0.06462,0.44363,0.48649,0.71168,0.65073,0.67818,0.41275,1.56826,0.83327,0.94181,0,0,0,0,0,0,0,0,0,0,0,0,0,0,0,0,0,0,0,0,0,0,0,0,0,0,0,0,0,0,0,0.41275,0.0281066,0.00936886,0.0281066,0.00936886,0.0281066,0.00936886,0.0281066,0.00936886
132,31058.2,1.70677,0.93646,0.97577,0,0,0,0,0,0,0.15449,0.00264,0.00033,0,0,0,0,0,0,0,0,0,0,0,0,0,0,1.15742,0.46379,0,0,0.48598,0.06461,0.44342,0.48649,0.7133,0.65264,0.67888,0.41336,1.56546,0.83154,0.94123,0,0,0,0,0,0,0,0,0,0,0,0,0,0,0,0,0,0,0,0,0,0,0,0,0,0,0,0,0,0,0,0.41336,0.028078,0.00935932,0.028078,0.00935932,0.028078,0.00935932,0.028078,0.00935932
133,31433.5,1.71128,0.94433,0.97274,0,0,0,0,0,0,0.15605,0.00264,0.00026,0,0,0,0,0,0,0,0,0,0,0,0,0,0,1.24546,0.46136,0,0,0.48586,0.06449,0.44385,0.48637,0.71479,0.65266,0.67985,0.4145,1.56331,0.8298,0.94063,0,0,0,0,0,0,0,0,0,0,0,0,0,0,0,0,0,0,0,0,0,0,0,0,0,0,0,0,0,0,0,0.4145,0.0280492,0.00934973,0.0280492,0.00934973,0.0280492,0.00934973,0.0280492,0.00934973
134,31817.4,1.70209,0.93643,0.97447,0,0,0,0,0,0,0.15392,0.00264,0.00037,1e-05,0,0,0,0,0,0,0,0,0,0,0,0,0,1.14931,0.4513,0,0,0.48595,0.06457,0.44347,0.48646,0.7117,0.65506,0.68028,0.41478,1.56124,0.82812,0.94013,0,0,0,0,0,0,0,0,0,0,0,0,0,0,0,0,0,0,0,0,0,0,0,0,0,0,0,0,0,0,0,0.41478,0.0280202,0.00934006,0.0280202,0.00934006,0.0280202,0.00934006,0.0280202,0.00934006
135,32191.8,1.70642,0.93456,0.97752,0,0,0,0,0,0,0.15553,0.00263,0.00027,0,0,0,0,0,0,0,0,0,0,0,0,0,0,1.18629,0.45415,0,0,0.48603,0.0646,0.44372,0.48644,0.71221,0.65623,0.68147,0.41549,1.55933,0.82704,0.93956,0,0,0,0,0,0,0,0,0,0,0,0,0,0,0,0,0,0,0,0,0,0,0,0,0,0,0,0,0,0,0,0.41549,0.027991,0.00933033,0.027991,0.00933033,0.027991,0.00933033,0.027991,0.00933033
136,32569.2,1.7096,0.9393,0.96974,0,0,0,0,0,0,0.15662,0.00263,0.00036,8e-05,0,0,0,0,0,0,0,0,0,0,0,0,0,1.15933,0.45412,0,0,0.48616,0.06463,0.4442,0.48666,0.71526,0.65661,0.68317,0.41592,1.55762,0.82529,0.93908,0,0,0,0,0,0,0,0,0,0,0,0,0,0,0,0,0,0,0,0,0,0,0,0,0,0,0,0,0,0,0,0.41592,0.0279616,0.00932054,0.0279616,0.00932054,0.0279616,0.00932054,0.0279616,0.00932054
137,32949.8,1.69917,0.93217,0.97468,0,0,0,0,0,0,0.15594,0.00264,0.00033,2e-05,0,0,0,0,0,0,0,0,0,0,0,0,0,1.19571,0.45342,0,0,0.48598,0.06459,0.4434,0.48648,0.71856,0.65575,0.6829,0.41644,1.55575,0.82336,0.93873,0,0,0,0,0,0,0,0,0,0,0,0,0,0,0,0,0,0,0,0,0,0,0,0,0,0,0,0,0,0,0,0.41644,0.027932,0.00931067,0.027932,0.00931067,0.027932,0.00931067,0.027932,0.00931067
138,33326.9,1.69663,0.92745,0.97182,0,0,0,0,0,0,0.15614,0.00265,0.00034,0,0,0,0,0,0,0,0,0,0,0,0,0,0,1.18829,0.44791,0,0,0.4859,0.06454,0.44269,0.48641,0.71664,0.65585,0.68258,0.41657,1.55374,0.82245,0.93823,0,0,0,0,0,0,0,0,0,0,0,0,0,0,0,0,0,0,0,0,0,0,0,0,0,0,0,0,0,0,0,0.41657,0.0279022,0.00930075,0.0279022,0.00930075,0.0279022,0.00930075,0.0279022,0.00930075
139,33703.1,1.69338,0.92805,0.97089,0,0,0,0,0,0,0.15593,0.00262,0.00035,3e-05,0,0,0,0,0,0,0,0,0,0,0,0,0,1.17016,0.45137,0,0,0.48593,0.0646,0.44347,0.48645,0.71866,0.65651,0.68318,0.41737,1.55199,0.82074,0.93769,0,0,0,0,0,0,0,0,0,0,0,0,0,0,0,0,0,0,0,0,0,0,0,0,0,0,0,0,0,0,0,0.41737,0.0278723,0.00929075,0.0278723,0.00929075,0.0278723,0.00929075,0.0278723,0.00929075
140,34085.7,1.69087,0.92653,0.97041,0,0,0,0,0,0,0.15674,0.00262,0.00032,0,0,0,0,0,0,0,0,0,0,0,0,0,0,1.22013,0.45543,0,0,0.48602,0.0646,0.44277,0.48652,0.71721,0.65836,0.68496,0.41847,1.54991,0.81935,0.93711,0,0,0,0,0,0,0,0,0,0,0,0,0,0,0,0,0,0,0,0,0,0,0,0,0,0,0,0,0,0,0,0.41847,0.0278421,0.00928069,0.0278421,0.00928069,0.0278421,0.00928069,0.0278421,0.00928069
141,34465.4,1.68718,0.93139,0.97132,0,0,0,0,0,0,0.15646,0.00263,0.00032,2e-05,0,0,0,0,0,0,0,0,0,0,0,0,0,1.18337,0.45536,0,0,0.48585,0.06449,0.44347,0.48636,0.71643,0.65829,0.68506,0.41885,1.54762,0.81801,0.93659,0,0,0,0,0,0,0,0,0,0,0,0,0,0,0,0,0,0,0,0,0,0,0,0,0,0,0,0,0,0,0,0.41885,0.0278117,0.00927057,0.0278117,0.00927057,0.0278117,0.00927057,0.0278117,0.00927057
142,34840.1,1.69523,0.92628,0.97098,0,0,0,0,0,0,0.15771,0.00262,0.00024,4e-05,0,0,0,0,0,0,0,0,0,0,0,0,0,1.20522,0.45155,0,0,0.48592,0.06453,0.44384,0.48642,0.71845,0.65993,0.68683,0.41947,1.54546,0.81673,0.93609,0,0,0,0,0,0,0,0,0,0,0,0,0,0,0,0,0,0,0,0,0,0,0,0,0,0,0,0,0,0,0,0.41947,0.0277811,0.00926038,0.0277811,0.00926038,0.0277811,0.00926038,0.0277811,0.00926038
143,35213.5,1.69503,0.92959,0.96952,0,0,0,0,0,0,0.1539,0.00262,0.00029,0,0,0,0,0,0,0,0,0,0,0,0,0,0,1.14303,0.45115,0,0,0.48598,0.0646,0.44314,0.48648,0.71888,0.66102,0.68669,0.42005,1.54319,0.81537,0.93555,0,0,0,0,0,0,0,0,0,0,0,0,0,0,0,0,0,0,0,0,0,0,0,0,0,0,0,0,0,0,0,0.42005,0.0277504,0.00925013,0.0277504,0.00925013,0.0277504,0.00925013,0.0277504,0.00925013
144,35588.4,1.67764,0.9217,0.96676,0,0,0,0,0,0,0.15449,0.00261,0.00034,2e-05,0,0,0,0,0,0,0,0,0,0,0,0,0,1.16117,0.44653,0,0,0.48592,0.06454,0.44318,0.48643,0.7214,0.6621,0.68786,0.42111,1.54099,0.81363,0.93507,0,0,0,0,0,0,0,0,0,0,0,0,0,0,0,0,0,0,0,0,0,0,0,0,0,0,0,0,0,0,0,0.42111,0.0277194,0.00923981,0.0277194,0.00923981,0.0277194,0.00923981,0.0277194,0.00923981
145,35914.6,1.69094,0.9211,0.9701,0,0,0,0,0,0,0.15499,0.00261,0.00032,0,0,0,0,0,0,0,0,0,0,0,0,0,0,1.19907,0.45453,0,0,0.48607,0.06459,0.44361,0.48657,0.72109,0.66315,0.68859,0.42204,1.53907,0.81232,0.93445,0,0,0,0,0,0,0,0,0,0,0,0,0,0,0,0,0,0,0,0,0,0,0,0,0,0,0,0,0,0,0,0.42204,0.0276883,0.00922942,0.0276883,0.00922942,0.0276883,0.00922942,0.0276883,0.00922942
146,36289.2,1.68713,0.91933,0.96827,0,0,0,0,0,0,0.15354,0.0026,0.00033,2e-05,0,0,0,0,0,0,0,0,0,0,0,0,0,1.15128,0.4462,0,0,0.48603,0.0646,0.44346,0.48653,0.71956,0.6634,0.68884,0.42227,1.53729,0.81051,0.93411,0,0,0,0,0,0,0,0,0,0,0,0,0,0,0,0,0,0,0,0,0,0,0,0,0,0,0,0,0,0,0,0.42227,0.0276569,0.00921898,0.0276569,0.00921898,0.0276569,0.00921898,0.0276569,0.00921898
147,36662,1.67695,0.9168,0.96435,0,0,0,0,0,0,0.15326,0.00261,0.00034,1e-05,0,0,0,0,0,0,0,0,0,0,0,0,0,1.21989,0.44353,0,0,0.48603,0.06459,0.44314,0.48653,0.72076,0.66448,0.68943,0.42318,1.53537,0.80877,0.93352,0,0,0,0,0,0,0,0,0,0,0,0,0,0,0,0,0,0,0,0,0,0,0,0,0,0,0,0,0,0,0,0.42318,0.0276254,0.00920846,0.0276254,0.00920846,0.0276254,0.00920846,0.0276254,0.00920846
148,37039.1,1.67966,0.91673,0.96709,0,0,0,0,0,0,0.15324,0.00259,0.00029,0,0,0,0,0,0,0,0,0,0,0,0,0,0,1.16222,0.44377,0,0,0.48599,0.0646,0.44337,0.48651,0.71814,0.66579,0.68929,0.4236,1.53409,0.80753,0.93309,0,0,0,0,0,0,0,0,0,0,0,0,0,0,0,0,0,0,0,0,0,0,0,0,0,0,0,0,0,0,0,0.4236,0.0275937,0.00919789,0.0275937,0.00919789,0.0275937,0.00919789,0.0275937,0.00919789
149,37414.4,1.67759,0.9189,0.96511,0,0,0,0,0,0,0.15517,0.0026,0.00035,0,0,0,0,0,0,0,0,0,0,0,0,0,0,1.08093,0.44569,0,0,0.48599,0.06454,0.44307,0.48651,0.72108,0.66566,0.69034,0.42475,1.53195,0.80603,0.93253,0,0,0,0,0,0,0,0,0,0,0,0,0,0,0,0,0,0,0,0,0,0,0,0,0,0,0,0,0,0,0,0.42475,0.0275617,0.00918725,0.0275617,0.00918725,0.0275617,0.00918725,0.0275617,0.00918725
150,37797.9,1.68931,0.9152,0.96449,0,0,0,0,0,0,0.15312,0.00259,0.00028,3e-05,0,0,0,0,0,0,0,0,0,0,0,0,0,1.04416,0.44342,0,0,0.48601,0.06456,0.44399,0.48652,0.72034,0.66776,0.69045,0.42506,1.52993,0.80457,0.93203,0,0,0,0,0,0,0,0,0,0,0,0,0,0,0,0,0,0,0,0,0,0,0,0,0,0,0,0,0,0,0,0.42506,0.0275296,0.00917654,0.0275296,0.00917654,0.0275296,0.00917654,0.0275296,0.00917654
151,38173,1.67823,0.9174,0.96748,0,0,0,0,0,0,0.15374,0.0026,0.00034,5e-05,0,0,0,0,0,0,0,0,0,0,0,0,0,1.0953,0.44395,0,0,0.48597,0.0646,0.44398,0.48648,0.72216,0.66653,0.69062,0.42546,1.52788,0.80339,0.93152,0,0,0,0,0,0,0,0,0,0,0,0,0,0,0,0,0,0,0,0,0,0,0,0,0,0,0,0,0,0,0,0.42546,0.0274973,0.00916577,0.0274973,0.00916577,0.0274973,0.00916577,0.0274973,0.00916577
152,38555.8,1.66995,0.91545,0.96679,0,0,0,0,0,0,0.15396,0.0026,0.00035,2e-05,0,0,0,0,0,0,0,0,0,0,0,0,0,1.09514,0.44418,0,0,0.48602,0.06457,0.44314,0.48653,0.72441,0.66644,0.69131,0.42647,1.52535,0.80173,0.9308,0,0,0,0,0,0,0,0,0,0,0,0,0,0,0,0,0,0,0,0,0,0,0,0,0,0,0,0,0,0,0,0.42647,0.0274648,0.00915494,0.0274648,0.00915494,0.0274648,0.00915494,0.0274648,0.00915494
153,38930,1.66688,0.91125,0.96259,0,0,0,0,0,0,0.15291,0.00261,0.00033,1e-05,0,0,0,0,0,0,0,0,0,0,0,0,0,1.25108,0.44731,0,0,0.48595,0.06454,0.44408,0.48645,0.72638,0.66811,0.6924,0.42743,1.52256,0.80003,0.93018,0,0,0,0,0,0,0,0,0,0,0,0,0,0,0,0,0,0,0,0,0,0,0,0,0,0,0,0,0,0,0,0.42743,0.0274321,0.00914405,0.0274321,0.00914405,0.0274321,0.00914405,0.0274321,0.00914405
154,39304.3,1.6774,0.91296,0.96509,0,0,0,0,0,0,0.15222,0.00259,0.00032,0,0,0,0,0,0,0,0,0,0,0,0,0,0,1.2643,0.44781,0,0,0.48612,0.06461,0.44284,0.48663,0.72678,0.66763,0.69299,0.42849,1.5208,0.79886,0.92966,0,0,0,0,0,0,0,0,0,0,0,0,0,0,0,0,0,0,0,0,0,0,0,0,0,0,0,0,0,0,0,0.42849,0.0273993,0.00913309,0.0273993,0.00913309,0.0273993,0.00913309,0.0273993,0.00913309
155,39679.5,1.6703,0.90545,0.9602,0,0,0,0,0,0,0.15386,0.0026,0.00034,0,0,0,0,0,0,0,0,0,0,0,0,0,0,1.25536,0.44871,0,0,0.48612,0.06461,0.44332,0.48663,0.72823,0.66865,0.69414,0.42872,1.51876,0.79747,0.92906,0,0,0,0,0,0,0,0,0,0,0,0,0,0,0,0,0,0,0,0,0,0,0,0,0,0,0,0,0,0,0,0.42872,0.0273662,0.00912207,0.0273662,0.00912207,0.0273662,0.00912207,0.0273662,0.00912207
156,40058.3,1.65971,0.90057,0.96184,0,0,0,0,0,0,0.15185,0.00259,0.00027,0,0,0,0,0,0,0,0,0,0,0,0,0,0,1.19483,0.44462,0,0,0.48608,0.0646,0.44384,0.48649,0.72809,0.66865,0.69443,0.42874,1.5165,0.79571,0.92817,0,0,0,0,0,0,0,0,0,0,0,0,0,0,0,0,0,0,0,0,0,0,0,0,0,0,0,0,0,0,0,0.42874,0.027333,0.00911099,0.027333,0.00911099,0.027333,0.00911099,0.027333,0.00911099
157,40430.9,1.67189,0.90766,0.96467,0,0,0,0,0,0,0.15069,0.00259,0.00032,1e-05,0,0,0,0,0,0,0,0,0,0,0,0,0,1.16849,0.44579,0,0,0.48596,0.06459,0.44309,0.48647,0.7275,0.66997,0.69514,0.42964,1.51416,0.79445,0.92747,0,0,0,0,0,0,0,0,0,0,0,0,0,0,0,0,0,0,0,0,0,0,0,0,0,0,0,0,0,0,0,0.42964,0.0272995,0.00909984,0.0272995,0.00909984,0.0272995,0.00909984,0.0272995,0.00909984
158,40804,1.66156,0.90311,0.96309,0,0,0,0,0,0,0.15228,0.0026,0.00031,6e-05,0,0,0,0,0,0,0,0,0,0,0,0,0,1.21129,0.44878,0,0,0.48592,0.06454,0.44313,0.48643,0.72787,0.67048,0.69508,0.42998,1.51211,0.79326,0.927,0,0,0,0,0,0,0,0,0,0,0,0,0,0,0,0,0,0,0,0,0,0,0,0,0,0,0,0,0,0,0,0.42998,0.0272659,0.00908863,0.0272659,0.00908863,0.0272659,0.00908863,0.0272659,0.00908863
159,41181.1,1.66122,0.89995,0.96392,0,0,0,0,0,0,0.1526,0.00258,0.00035,3e-05,0,0,0,0,0,0,0,0,0,0,0,0,0,1.18155,0.44559,0,0,0.48598,0.06457,0.44322,0.48649,0.73052,0.67071,0.69583,0.43079,1.51009,0.79177,0.92651,0,0,0,0,0,0,0,0,0,0,0,0,0,0,0,0,0,0,0,0,0,0,0,0,0,0,0,0,0,0,0,0.43079,0.0272321,0.00907736,0.0272321,0.00907736,0.0272321,0.00907736,0.0272321,0.00907736
160,41553.2,1.6621,0.90454,0.96036,0,0,0,0,0,0,0.15257,0.00258,0.00026,0,0,0,0,0,0,0,0,0,0,0,0,0,0,1.18719,0.4463,0,0,0.48597,0.06457,0.44327,0.48638,0.7325,0.66999,0.69648,0.43116,1.50827,0.79051,0.92607,0,0,0,0,0,0,0,0,0,0,0,0,0,0,0,0,0,0,0,0,0,0,0,0,0,0,0,0,0,0,0,0.43116,0.0271981,0.00906603,0.0271981,0.00906603,0.0271981,0.00906603,0.0271981,0.00906603
161,41927.5,1.66316,0.90742,0.96131,0,0,0,0,0,0,0.15184,0.00261,0.00034,1e-05,0,0,0,0,0,0,0,0,0,0,0,0,0,1.25124,0.45456,0,0,0.48597,0.06457,0.44335,0.48648,0.7326,0.67069,0.69636,0.43138,1.50641,0.78952,0.92563,0,0,0,0,0,0,0,0,0,0,0,0,0,0,0,0,0,0,0,0,0,0,0,0,0,0,0,0,0,0,0,0.43138,0.0271639,0.00905463,0.0271639,0.00905463,0.0271639,0.00905463,0.0271639,0.00905463
162,42227.4,1.66223,0.90025,0.96012,0,0,0,0,0,0,0.15143,0.00259,0.00031,0,0,0,0,0,0,0,0,0,0,0,0,0,0,1.50528,0.4667,0,0,0.48597,0.06455,0.44326,0.48648,0.73197,0.67041,0.69658,0.43216,1.50473,0.78825,0.92512,0,0,0,0,0,0,0,0,0,0,0,0,0,0,0,0,0,0,0,0,0,0,0,0,0,0,0,0,0,0,0,0.43216,0.0271295,0.00904318,0.0271295,0.00904318,0.0271295,0.00904318,0.0271295,0.00904318
163,42605.6,1.64868,0.89425,0.96222,0,0,0,0,0,0,0.15276,0.0026,0.00024,0,0,0,0,0,0,0,0,0,0,0,0,0,0,1.22543,0.44875,0,0,0.48589,0.06457,0.44271,0.48631,0.73231,0.67096,0.69686,0.43254,1.50319,0.78694,0.92478,0,0,0,0,0,0,0,0,0,0,0,0,0,0,0,0,0,0,0,0,0,0,0,0,0,0,0,0,0,0,0,0.43254,0.027095,0.00903166,0.027095,0.00903166,0.027095,0.00903166,0.027095,0.00903166
164,42981.3,1.66264,0.90121,0.95758,0,0,0,0,0,0,0.15096,0.00258,0.00031,0,0,0,0,0,0,0,0,0,0,0,0,0,0,1.27763,0.4468,0,0,0.48605,0.06457,0.44248,0.48656,0.73401,0.67173,0.69789,0.43292,1.50154,0.78561,0.92432,0,0,0,0,0,0,0,0,0,0,0,0,0,0,0,0,0,0,0,0,0,0,0,0,0,0,0,0,0,0,0,0.43292,0.0270602,0.00902008,0.0270602,0.00902008,0.0270602,0.00902008,0.0270602,0.00902008
165,43364.9,1.64573,0.89247,0.96219,0,0,0,0,0,0,0.1517,0.00258,0.0003,2e-05,0,0,0,0,0,0,0,0,0,0,0,0,0,1.15912,0.44241,0,0,0.48591,0.06453,0.44368,0.48641,0.73484,0.67242,0.69806,0.4338,1.49975,0.78402,0.92386,0,0,0,0,0,0,0,0,0,0,0,0,0,0,0,0,0,0,0,0,0,0,0,0,0,0,0,0,0,0,0,0.4338,0.0270253,0.00900844,0.0270253,0.00900844,0.0270253,0.00900844,0.0270253,0.00900844
166,43739.9,1.64563,0.89589,0.95403,0,0,0,0,0,0,0.15114,0.00258,0.00025,0,0,0,0,0,0,0,0,0,0,0,0,0,0,1.10058,0.43949,0,0,0.48609,0.06461,0.44391,0.48659,0.73464,0.67178,0.69833,0.4342,1.49819,0.78275,0.92339,0,0,0,0,0,0,0,0,0,0,0,0,0,0,0,0,0,0,0,0,0,0,0,0,0,0,0,0,0,0,0,0.4342,0.0269902,0.00899674,0.0269902,0.00899674,0.0269902,0.00899674,0.0269902,0.00899674
167,44116.3,1.64799,0.89055,0.96064,0,0,0,0,0,0,0.15209,0.00259,0.00029,2e-05,0,0,0,0,0,0,0,0,0,0,0,0,0,1.14459,0.44282,0,0,0.48597,0.06453,0.44411,0.48646,0.73922,0.67159,0.69962,0.43441,1.49679,0.78166,0.92299,0,0,0,0,0,0,0,0,0,0,0,0,0,0,0,0,0,0,0,0,0,0,0,0,0,0,0,0,0,0,0,0.43441,0.0269549,0.00898497,0.0269549,0.00898497,0.0269549,0.00898497,0.0269549,0.00898497
168,44492.9,1.65553,0.89575,0.96063,0,0,0,0,0,0,0.15267,0.0026,0.00024,5e-05,0,0,0,0,0,0,0,0,0,0,0,0,0,1.16761,0.43747,0,0,0.48601,0.06459,0.44405,0.48652,0.74023,0.67091,0.70028,0.43495,1.49471,0.781,0.92246,0,0,0,0,0,0,0,0,0,0,0,0,0,0,0,0,0,0,0,0,0,0,0,0,0,0,0,0,0,0,0,0.43495,0.0269195,0.00897315,0.0269195,0.00897315,0.0269195,0.00897315,0.0269195,0.00897315
169,44867,1.64503,0.89553,0.96074,0,0,0,0,0,0,0.15176,0.00259,0.0003,2e-05,0,0,0,0,0,0,0,0,0,0,0,0,0,1.1622,0.43177,0,0,0.48604,0.06462,0.44402,0.48655,0.74193,0.67158,0.70033,0.43542,1.49306,0.77952,0.92209,0,0,0,0,0,0,0,0,0,0,0,0,0,0,0,0,0,0,0,0,0,0,0,0,0,0,0,0,0,0,0,0.43542,0.0268838,0.00896127,0.0268838,0.00896127,0.0268838,0.00896127,0.0268838,0.00896127
170,45244.2,1.64466,0.891,0.95692,0,0,0,0,0,0,0.14986,0.00258,0.00024,0,0,0,0,0,0,0,0,0,0,0,0,0,0,1.20222,0.4373,0,0,0.48595,0.06454,0.4431,0.48646,0.74221,0.67111,0.70071,0.43602,1.49128,0.77809,0.92167,0,0,0,0,0,0,0,0,0,0,0,0,0,0,0,0,0,0,0,0,0,0,0,0,0,0,0,0,0,0,0,0.43602,0.026848,0.00894932,0.026848,0.00894932,0.026848,0.00894932,0.026848,0.00894932
171,45614,1.63962,0.8835,0.95718,0,0,0,0,0,0,0.1514,0.00257,0.00027,0,0,0,0,0,0,0,0,0,0,0,0,0,0,1.22367,0.44071,0,0,0.48597,0.06459,0.44417,0.48638,0.743,0.67065,0.70103,0.43692,1.48905,0.77628,0.9214,0,0,0,0,0,0,0,0,0,0,0,0,0,0,0,0,0,0,0,0,0,0,0,0,0,0,0,0,0,0,0,0.43692,0.026812,0.00893732,0.026812,0.00893732,0.026812,0.00893732,0.026812,0.00893732
172,46004.4,1.64541,0.89506,0.95736,0,0,0,0,0,0,0.15079,0.00256,0.00023,0,0,0,0,0,0,0,0,0,0,0,0,0,0,1.21169,0.4433,0,0,0.486,0.06454,0.4441,0.4865,0.74218,0.67223,0.70186,0.43746,1.48667,0.775,0.92074,0,0,0,0,0,0,0,0,0,0,0,0,0,0,0,0,0,0,0,0,0,0,0,0,0,0,0,0,0,0,0,0.43746,0.0267758,0.00892525,0.0267758,0.00892525,0.0267758,0.00892525,0.0267758,0.00892525
173,46397.7,1.64698,0.88579,0.95812,0,0,0,0,0,0,0.15181,0.00257,0.00035,0,0,0,0,0,0,0,0,0,0,0,0,0,0,1.11477,0.43652,0,0,0.48598,0.06458,0.44445,0.48648,0.74496,0.67204,0.70201,0.43783,1.4851,0.77423,0.92022,0,0,0,0,0,0,0,0,0,0,0,0,0,0,0,0,0,0,0,0,0,0,0,0,0,0,0,0,0,0,0,0.43783,0.0267394,0.00891313,0.0267394,0.00891313,0.0267394,0.00891313,0.0267394,0.00891313
174,46785.6,1.64696,0.89174,0.95858,0,0,0,0,0,0,0.15006,0.00256,0.00025,0,0,0,0,0,0,0,0,0,0,0,0,0,0,1.12864,0.44023,0,0,0.48592,0.06452,0.44375,0.48642,0.74367,0.67297,0.70232,0.43804,1.48322,0.77301,0.91971,0,0,0,0,0,0,0,0,0,0,0,0,0,0,0,0,0,0,0,0,0,0,0,0,0,0,0,0,0,0,0,0.43804,0.0267028,0.00890095,0.0267028,0.00890095,0.0267028,0.00890095,0.0267028,0.00890095
175,47179.1,1.63938,0.8893,0.95645,0,0,0,0,0,0,0.15052,0.00257,0.00024,0,0,0,0,0,0,0,0,0,0,0,0,0,0,1.22053,0.44065,0,0,0.48601,0.06457,0.4439,0.48651,0.74403,0.67393,0.70214,0.43874,1.48115,0.77176,0.91929,0,0,0,0,0,0,0,0,0,0,0,0,0,0,0,0,0,0,0,0,0,0,0,0,0,0,0,0,0,0,0,0.43874,0.0266661,0.0088887,0.0266661,0.0088887,0.0266661,0.0088887,0.0266661,0.0088887
176,47578.2,1.63341,0.88101,0.95659,0,0,0,0,0,0,0.1507,0.00257,0.00027,2e-05,0,0,0,0,0,0,0,0,0,0,0,0,0,1.1516,0.4417,0,0,0.4861,0.06465,0.44401,0.4866,0.74657,0.67469,0.70444,0.43904,1.47924,0.77018,0.91881,0,0,0,0,0,0,0,0,0,0,0,0,0,0,0,0,0,0,0,0,0,0,0,0,0,0,0,0,0,0,0,0.43904,0.0266292,0.0088764,0.0266292,0.0088764,0.0266292,0.0088764,0.0266292,0.0088764
177,47973.5,1.64083,0.88325,0.9548,0,0,0,0,0,0,0.15099,0.00258,0.00023,0,0,0,0,0,0,0,0,0,0,0,0,0,0,1.16004,0.44126,0,0,0.486,0.06454,0.44376,0.48641,0.74711,0.67573,0.70451,0.43922,1.47746,0.76882,0.9183,0,0,0,0,0,0,0,0,0,0,0,0,0,0,0,0,0,0,0,0,0,0,0,0,0,0,0,0,0,0,0,0.43922,0.0265921,0.00886404,0.0265921,0.00886404,0.0265921,0.00886404,0.0265921,0.00886404
178,48368.3,1.62377,0.87847,0.95373,0,0,0,0,0,0,0.15034,0.00256,0.00035,0,0,0,0,0,0,0,0,0,0,0,0,0,0,1.09124,0.44003,0,0,0.48594,0.06455,0.44389,0.48645,0.74845,0.67653,0.70622,0.43994,1.47582,0.76763,0.91793,0,0,0,0,0,0,0,0,0,0,0,0,0,0,0,0,0,0,0,0,0,0,0,0,0,0,0,0,0,0,0,0.43994,0.0265549,0.00885162,0.0265549,0.00885162,0.0265549,0.00885162,0.0265549,0.00885162
179,48757.7,1.64063,0.88423,0.95492,0,0,0,0,0,0,0.1512,0.00257,0.00022,3e-05,0,0,0,0,0,0,0,0,0,0,0,0,0,1.25442,0.44522,0,0,0.48594,0.06451,0.44383,0.48645,0.75063,0.67645,0.70607,0.44057,1.47431,0.76636,0.91749,0,0,0,0,0,0,0,0,0,0,0,0,0,0,0,0,0,0,0,0,0,0,0,0,0,0,0,0,0,0,0,0.44057,0.0265174,0.00883914,0.0265174,0.00883914,0.0265174,0.00883914,0.0265174,0.00883914
180,49160.4,1.62565,0.88594,0.9524,0,0,0,0,0,0,0.1503,0.00257,0.00035,1e-05,0,0,0,0,0,0,0,0,0,0,0,0,0,1.19674,0.45015,0,0,0.4861,0.06464,0.44344,0.48661,0.74885,0.67717,0.70609,0.44109,1.47231,0.76488,0.91694,0,0,0,0,0,0,0,0,0,0,0,0,0,0,0,0,0,0,0,0,0,0,0,0,0,0,0,0,0,0,0,0.44109,0.0264798,0.0088266,0.0264798,0.0088266,0.0264798,0.0088266,0.0264798,0.0088266
181,49552.1,1.64591,0.88927,0.95839,0,0,0,0,0,0,0.14915,0.00256,0.00033,0,0,0,0,0,0,0,0,0,0,0,0,0,0,1.20028,0.452,0,0,0.48598,0.06459,0.44373,0.48647,0.75125,0.67635,0.70693,0.4417,1.47053,0.76352,0.9169,0,0,0,0,0,0,0,0,0,0,0,0,0,0,0,0,0,0,0,0,0,0,0,0,0,0,0,0,0,0,0,0.4417,0.026442,0.00881401,0.026442,0.00881401,0.026442,0.00881401,0.026442,0.00881401
182,49936.5,1.64067,0.88378,0.9556,0,0,0,0,0,0,0.15006,0.00257,0.0003,2e-05,0,0,0,0,0,0,0,0,0,0,0,0,0,1.18753,0.44405,0,0,0.48597,0.06458,0.44384,0.48646,0.75219,0.67617,0.70744,0.44261,1.4684,0.76192,0.91639,0,0,0,0,0,0,0,0,0,0,0,0,0,0,0,0,0,0,0,0,0,0,0,0,0,0,0,0,0,0,0,0.44261,0.0264041,0.00880136,0.0264041,0.00880136,0.0264041,0.00880136,0.0264041,0.00880136
183,50323.9,1.62125,0.87484,0.94991,0,0,0,0,0,0,0.14872,0.00255,0.00025,0,0,0,0,0,0,0,0,0,0,0,0,0,0,1.09483,0.44309,0,0,0.486,0.06455,0.44405,0.4864,0.75237,0.67678,0.70763,0.44257,1.46657,0.76107,0.91587,0,0,0,0,0,0,0,0,0,0,0,0,0,0,0,0,0,0,0,0,0,0,0,0,0,0,0,0,0,0,0,0.44257,0.0263659,0.00878864,0.0263659,0.00878864,0.0263659,0.00878864,0.0263659,0.00878864
184,50703.7,1.62944,0.88071,0.94902,0,0,0,0,0,0,0.14913,0.00257,0.00026,0,0,0,0,0,0,0,0,0,0,0,0,0,0,1.23647,0.43807,0,0,0.48604,0.06456,0.44389,0.48655,0.74928,0.67741,0.70723,0.44276,1.46488,0.76019,0.91538,0,0,0,0,0,0,0,0,0,0,0,0,0,0,0,0,0,0,0,0,0,0,0,0,0,0,0,0,0,0,0,0.44276,0.0263276,0.00877588,0.0263276,0.00877588,0.0263276,0.00877588,0.0263276,0.00877588
185,51077,1.6263,0.8809,0.95402,0,0,0,0,0,0,0.14836,0.00256,0.00031,3e-05,0,0,0,0,0,0,0,0,0,0,0,0,0,1.14594,0.43402,0,0,0.48592,0.06457,0.44349,0.48643,0.74999,0.67987,0.70879,0.44323,1.46235,0.75917,0.91494,0,0,0,0,0,0,0,0,0,0,0,0,0,0,0,0,0,0,0,0,0,0,0,0,0,0,0,0,0,0,0,0.44323,0.0262891,0.00876305,0.0262891,0.00876305,0.0262891,0.00876305,0.0262891,0.00876305
186,51468.1,1.6267,0.87354,0.94924,0,0,0,0,0,0,0.14868,0.00257,0.00027,1e-05,0,0,0,0,0,0,0,0,0,0,0,0,0,1.18731,0.43897,0,0,0.48608,0.06461,0.44352,0.48658,0.75091,0.67996,0.70863,0.44386,1.46058,0.75767,0.9146,0,0,0,0,0,0,0,0,0,0,0,0,0,0,0,0,0,0,0,0,0,0,0,0,0,0,0,0,0,0,0,0.44386,0.0262505,0.00875017,0.0262505,0.00875017,0.0262505,0.00875017,0.0262505,0.00875017
187,51909.2,1.62386,0.87801,0.95194,0,0,0,0,0,0,0.14813,0.00254,0.00038,4e-05,0,0,0,0,0,0,0,0,0,0,0,0,0,1.14896,0.43906,0,0,0.48602,0.06459,0.44333,0.48655,0.75178,0.67993,0.70888,0.4442,1.45821,0.75656,0.91414,0,0,0,0,0,0,0,0,0,0,0,0,0,0,0,0,0,0,0,0,0,0,0,0,0,0,0,0,0,0,0,0.4442,0.0262117,0.00873723,0.0262117,0.00873723,0.0262117,0.00873723,0.0262117,0.00873723
188,52300.9,1.61729,0.8722,0.95257,0,0,0,0,0,0,0.14897,0.00254,0.00026,0,0,0,0,0,0,0,0,0,0,0,0,0,0,1.12299,0.43147,0,0,0.48603,0.06459,0.44388,0.48654,0.7536,0.67899,0.7098,0.44474,1.45634,0.75526,0.9137,0,0,0,0,0,0,0,0,0,0,0,0,0,0,0,0,0,0,0,0,0,0,0,0,0,0,0,0,0,0,0,0.44474,0.0261727,0.00872423,0.0261727,0.00872423,0.0261727,0.00872423,0.0261727,0.00872423
189,52679,1.61304,0.87234,0.95234,0,0,0,0,0,0,0.14787,0.00254,0.00027,0,0,0,0,0,0,0,0,0,0,0,0,0,0,1.15819,0.44558,0,0,0.4859,0.06456,0.44376,0.48642,0.75471,0.67847,0.71056,0.44533,1.4546,0.75398,0.91335,0,0,0,0,0,0,0,0,0,0,0,0,0,0,0,0,0,0,0,0,0,0,0,0,0,0,0,0,0,0,0,0.44533,0.0261335,0.00871117,0.0261335,0.00871117,0.0261335,0.00871117,0.0261335,0.00871117
190,53053.1,1.6228,0.87536,0.9496,0,0,0,0,0,0,0.14859,0.00255,0.00026,2e-05,0,0,0,0,0,0,0,0,0,0,0,0,0,1.27146,0.46834,0,0,0.48609,0.06463,0.44408,0.48659,0.75482,0.67747,0.70985,0.44616,1.45203,0.75273,0.91279,0,0,0,0,0,0,0,0,0,0,0,0,0,0,0,0,0,0,0,0,0,0,0,0,0,0,0,0,0,0,0,0.44616,0.0260942,0.00869806,0.0260942,0.00869806,0.0260942,0.00869806,0.0260942,0.00869806
191,53427.4,1.62505,0.87305,0.95072,0,0,0,0,0,0,0.14712,0.00255,0.0003,2e-05,0,0,0,0,0,0,0,0,0,0,0,0,0,1.15319,0.4412,0,0,0.48595,0.06454,0.44426,0.48645,0.75683,0.67833,0.7109,0.44646,1.45085,0.75197,0.91238,0,0,0,0,0,0,0,0,0,0,0,0,0,0,0,0,0,0,0,0,0,0,0,0,0,0,0,0,0,0,0,0.44646,0.0260547,0.0086849,0.0260547,0.0086849,0.0260547,0.0086849,0.0260547,0.0086849
192,53803.4,1.61496,0.86885,0.9474,0,0,0,0,0,0,0.14732,0.00255,0.0003,3e-05,0,0,0,0,0,0,0,0,0,0,0,0,0,1.21062,0.45521,0,0,0.48606,0.06461,0.4435,0.48657,0.75694,0.67956,0.71043,0.44698,1.44942,0.75082,0.91206,0,0,0,0,0,0,0,0,0,0,0,0,0,0,0,0,0,0,0,0,0,0,0,0,0,0,0,0,0,0,0,0.44698,0.026015,0.00867167,0.026015,0.00867167,0.026015,0.00867167,0.026015,0.00867167
193,54182.7,1.60952,0.86691,0.94812,0,0,0,0,0,0,0.14791,0.00255,0.00031,0,0,0,0,0,0,0,0,0,0,0,0,0,0,1.12737,0.4481,0,0,0.4859,0.06454,0.44367,0.48641,0.75709,0.68022,0.71135,0.44706,1.4483,0.74973,0.91175,0,0,0,0,0,0,0,0,0,0,0,0,0,0,0,0,0,0,0,0,0,0,0,0,0,0,0,0,0,0,0,0.44706,0.0259752,0.00865839,0.0259752,0.00865839,0.0259752,0.00865839,0.0259752,0.00865839
194,54563.3,1.61929,0.87417,0.9496,0,0,0,0,0,0,0.14715,0.00253,0.00033,1e-05,0,0,0,0,0,0,0,0,0,0,0,0,0,1.1591,0.4474,0,0,0.48605,0.06458,0.44314,0.48656,0.75587,0.6812,0.71197,0.44776,1.44586,0.74813,0.91139,0,0,0,0,0,0,0,0,0,0,0,0,0,0,0,0,0,0,0,0,0,0,0,0,0,0,0,0,0,0,0,0.44776,0.0259352,0.00864506,0.0259352,0.00864506,0.0259352,0.00864506,0.0259352,0.00864506
195,54944,1.60681,0.86699,0.94929,0,0,0,0,0,0,0.14921,0.00253,0.00032,0,0,0,0,0,0,0,0,0,0,0,0,0,0,1.2816,0.43786,0,0,0.48596,0.06455,0.44358,0.48646,0.7559,0.68053,0.71249,0.44841,1.44459,0.74722,0.91096,0,0,0,0,0,0,0,0,0,0,0,0,0,0,0,0,0,0,0,0,0,0,0,0,0,0,0,0,0,0,0,0.44841,0.025895,0.00863167,0.025895,0.00863167,0.025895,0.00863167,0.025895,0.00863167
196,55323.9,1.60798,0.86957,0.94828,0,0,0,0,0,0,0.14684,0.00252,0.00033,0,0,0,0,0,0,0,0,0,0,0,0,0,0,1.18619,0.44938,0,0,0.48601,0.06457,0.44332,0.48652,0.75749,0.68118,0.71323,0.44793,1.44339,0.74673,0.91058,0,0,0,0,0,0,0,0,0,0,0,0,0,0,0,0,0,0,0,0,0,0,0,0,0,0,0,0,0,0,0,0.44793,0.0258547,0.00861823,0.0258547,0.00861823,0.0258547,0.00861823,0.0258547,0.00861823
197,55699.1,1.60787,0.86279,0.94482,0,0,0,0,0,0,0.14601,0.00253,0.00025,0,0,0,0,0,0,0,0,0,0,0,0,0,0,1.23542,0.45264,0,0,0.48597,0.06458,0.4437,0.48647,0.75845,0.68182,0.7137,0.44843,1.44207,0.74562,0.91026,0,0,0,0,0,0,0,0,0,0,0,0,0,0,0,0,0,0,0,0,0,0,0,0,0,0,0,0,0,0,0,0.44843,0.0258142,0.00860473,0.0258142,0.00860473,0.0258142,0.00860473,0.0258142,0.00860473
198,56072,1.60327,0.86235,0.94694,0,0,0,0,0,0,0.14504,0.00252,0.00029,0,0,0,0,0,0,0,0,0,0,0,0,0,0,1.16559,0.4535,0,0,0.486,0.0646,0.44364,0.4865,0.75858,0.68177,0.71381,0.44877,1.441,0.74467,0.90994,0,0,0,0,0,0,0,0,0,0,0,0,0,0,0,0,0,0,0,0,0,0,0,0,0,0,0,0,0,0,0,0.44877,0.0257735,0.00859117,0.0257735,0.00859117,0.0257735,0.00859117,0.0257735,0.00859117
199,56442.4,1.60351,0.86338,0.94987,0,0,0,0,0,0,0.14887,0.00253,0.00037,3e-05,0,0,0,0,0,0,0,0,0,0,0,0,0,1.08748,0.44858,0,0,0.48595,0.06455,0.44448,0.48645,0.75973,0.68123,0.7143,0.44933,1.44011,0.74383,0.9098,0,0,0,0,0,0,0,0,0,0,0,0,0,0,0,0,0,0,0,0,0,0,0,0,0,0,0,0,0,0,0,0.44933,0.0257327,0.00857756,0.0257327,0.00857756,0.0257327,0.00857756,0.0257327,0.00857756
200,56813.1,1.59855,0.85691,0.94738,0,0,0,0,0,0,0.14603,0.00253,0.0003,0,0,0,0,0,0,0,0,0,0,0,0,0,0,1.10583,0.44503,0,0,0.48604,0.06459,0.44403,0.48654,0.7586,0.68166,0.71477,0.44953,1.43907,0.74281,0.90955,0,0,0,0,0,0,0,0,0,0,0,0,0,0,0,0,0,0,0,0,0,0,0,0,0,0,0,0,0,0,0,0.44953,0.0256917,0.0085639,0.0256917,0.0085639,0.0256917,0.0085639,0.0256917,0.0085639
201,57183.6,1.60482,0.86354,0.94653,0,0,0,0,0,0,0.148,0.00252,0.00024,2e-05,0,0,0,0,0,0,0,0,0,0,0,0,0,1.16565,0.45261,0,0,0.48594,0.06457,0.44397,0.48644,0.75829,0.68267,0.71477,0.44972,1.43757,0.74194,0.90917,0,0,0,0,0,0,0,0,0,0,0,0,0,0,0,0,0,0,0,0,0,0,0,0,0,0,0,0,0,0,0,0.44972,0.0256505,0.00855018,0.0256505,0.00855018,0.0256505,0.00855018,0.0256505,0.00855018
202,57555.2,1.60464,0.86168,0.94404,0,0,0,0,0,0,0.14879,0.00253,0.00026,0,0,0,0,0,0,0,0,0,0,0,0,0,0,1.25281,0.45413,0,0,0.48607,0.0646,0.44441,0.48656,0.75851,0.68128,0.71464,0.45031,1.43581,0.74086,0.90879,0,0,0,0,0,0,0,0,0,0,0,0,0,0,0,0,0,0,0,0,0,0,0,0,0,0,0,0,0,0,0,0.45031,0.0256092,0.00853641,0.0256092,0.00853641,0.0256092,0.00853641,0.0256092,0.00853641
203,57924.1,1.60835,0.86471,0.9473,0,0,0,0,0,0,0.14664,0.00253,0.00026,0,0,0,0,0,0,0,0,0,0,0,0,0,0,1.26961,0.45344,0,0,0.48605,0.06458,0.44309,0.48656,0.76044,0.68267,0.7158,0.45043,1.43433,0.73932,0.90841,0,0,0,0,0,0,0,0,0,0,0,0,0,0,0,0,0,0,0,0,0,0,0,0,0,0,0,0,0,0,0,0.45043,0.0255677,0.00852258,0.0255677,0.00852258,0.0255677,0.00852258,0.0255677,0.00852258
204,58294.2,1.60467,0.86078,0.94676,0,0,0,0,0,0,0.14764,0.00253,0.00033,0,0,0,0,0,0,0,0,0,0,0,0,0,0,1.21983,0.45676,0,0,0.48587,0.06451,0.44345,0.48639,0.76045,0.68248,0.71612,0.45127,1.43287,0.73866,0.90787,0,0,0,0,0,0,0,0,0,0,0,0,0,0,0,0,0,0,0,0,0,0,0,0,0,0,0,0,0,0,0,0.45127,0.0255261,0.0085087,0.0255261,0.0085087,0.0255261,0.0085087,0.0255261,0.0085087
205,58667.8,1.60237,0.85993,0.94475,0,0,0,0,0,0,0.14723,0.00253,0.00045,0,0,0,0,0,0,0,0,0,0,0,0,0,0,1.14908,0.45707,0,0,0.48603,0.06457,0.44305,0.48653,0.75775,0.68398,0.71549,0.45166,1.43157,0.73727,0.90755,0,0,0,0,0,0,0,0,0,0,0,0,0,0,0,0,0,0,0,0,0,0,0,0,0,0,0,0,0,0,0,0.45166,0.0254843,0.00849477,0.0254843,0.00849477,0.0254843,0.00849477,0.0254843,0.00849477
206,59044.7,1.59209,0.85337,0.94409,0,0,0,0,0,0,0.14439,0.00254,0.0003,1e-05,0,0,0,0,0,0,0,0,0,0,0,0,0,1.19328,0.46115,0,0,0.48595,0.06455,0.44423,0.48645,0.76024,0.68389,0.71596,0.4527,1.42893,0.73582,0.90708,0,0,0,0,0,0,0,0,0,0,0,0,0,0,0,0,0,0,0,0,0,0,0,0,0,0,0,0,0,0,0,0.4527,0.0254423,0.00848078,0.0254423,0.00848078,0.0254423,0.00848078,0.0254423,0.00848078
207,59420,1.60615,0.86223,0.94523,0,0,0,0,0,0,0.14668,0.00252,0.00031,1e-05,0,0,0,0,0,0,0,0,0,0,0,0,0,1.22498,0.46108,0,0,0.48597,0.06451,0.44431,0.48647,0.75735,0.68666,0.71692,0.45316,1.42708,0.73487,0.90663,0,0,0,0,0,0,0,0,0,0,0,0,0,0,0,0,0,0,0,0,0,0,0,0,0,0,0,0,0,0,0,0.45316,0.0254002,0.00846674,0.0254002,0.00846674,0.0254002,0.00846674,0.0254002,0.00846674
208,59788.5,1.59331,0.85293,0.94429,0,0,0,0,0,0,0.14468,0.0025,0.00026,0,0,0,0,0,0,0,0,0,0,0,0,0,0,1.06913,0.44726,0,0,0.48597,0.06455,0.44382,0.48647,0.75526,0.68857,0.71845,0.45409,1.42515,0.73349,0.90606,0,0,0,0,0,0,0,0,0,0,0,0,0,0,0,0,0,0,0,0,0,0,0,0,0,0,0,0,0,0,0,0.45409,0.025358,0.00845265,0.025358,0.00845265,0.025358,0.00845265,0.025358,0.00845265
209,60157.1,1.59742,0.85536,0.94459,0,0,0,0,0,0,0.14688,0.00248,0.00026,0,0,0,0,0,0,0,0,0,0,0,0,0,0,1.10245,0.45157,0,0,0.48614,0.06462,0.44379,0.48665,0.7555,0.6883,0.7176,0.45423,1.42357,0.73247,0.90571,0,0,0,0,0,0,0,0,0,0,0,0,0,0,0,0,0,0,0,0,0,0,0,0,0,0,0,0,0,0,0,0.45423,0.0253155,0.00843851,0.0253155,0.00843851,0.0253155,0.00843851,0.0253155,0.00843851
210,60530.3,1.59958,0.86085,0.94582,0,0,0,0,0,0,0.14577,0.00249,0.00029,1e-05,0,0,0,0,0,0,0,0,0,0,0,0,0,1.12215,0.45798,0,0,0.48597,0.06454,0.44343,0.48648,0.75812,0.68793,0.71888,0.45482,1.42211,0.73157,0.90548,0,0,0,0,0,0,0,0,0,0,0,0,0,0,0,0,0,0,0,0,0,0,0,0,0,0,0,0,0,0,0,0.45482,0.0252729,0.00842431,0.0252729,0.00842431,0.0252729,0.00842431,0.0252729,0.00842431
211,60871.2,1.58756,0.8522,0.94447,0,0,0,0,0,0,0.14463,0.0025,0.00019,0,0,0,0,0,0,0,0,0,0,0,0,0,0,1.26049,0.45731,0,0,0.48585,0.06452,0.4436,0.48635,0.75739,0.6879,0.7189,0.45561,1.4209,0.731,0.90508,0,0,0,0,0,0,0,0,0,0,0,0,0,0,0,0,0,0,0,0,0,0,0,0,0,0,0,0,0,0,0,0.45561,0.0252302,0.00841006,0.0252302,0.00841006,0.0252302,0.00841006,0.0252302,0.00841006
212,61257.4,1.60041,0.85738,0.94428,0,0,0,0,0,0,0.14553,0.00248,0.00035,2e-05,0,0,0,0,0,0,0,0,0,0,0,0,0,1.174,0.46015,0,0,0.48608,0.06461,0.44429,0.48658,0.75633,0.68919,0.71907,0.45597,1.41944,0.72995,0.90473,0,0,0,0,0,0,0,0,0,0,0,0,0,0,0,0,0,0,0,0,0,0,0,0,0,0,0,0,0,0,0,0.45597,0.0251873,0.00839576,0.0251873,0.00839576,0.0251873,0.00839576,0.0251873,0.00839576
213,61647.9,1.59313,0.8564,0.94721,0,0,0,0,0,0,0.146,0.00248,0.00035,0,0,0,0,0,0,0,0,0,0,0,0,0,0,1.08094,0.45496,0,0,0.48601,0.06456,0.44374,0.48651,0.7559,0.68976,0.71925,0.4564,1.41832,0.72849,0.90451,0,0,0,0,0,0,0,0,0,0,0,0,0,0,0,0,0,0,0,0,0,0,0,0,0,0,0,0,0,0,0,0.4564,0.0251442,0.00838141,0.0251442,0.00838141,0.0251442,0.00838141,0.0251442,0.00838141
214,62026.3,1.5815,0.84142,0.93888,0,0,0,0,0,0,0.14441,0.00248,0.00029,0,0,0,0,0,0,0,0,0,0,0,0,0,0,1.09073,0.45555,0,0,0.48612,0.06462,0.44417,0.48662,0.75821,0.68911,0.72047,0.4565,1.41684,0.72762,0.90417,0,0,0,0,0,0,0,0,0,0,0,0,0,0,0,0,0,0,0,0,0,0,0,0,0,0,0,0,0,0,0,0.4565,0.025101,0.00836701,0.025101,0.00836701,0.025101,0.00836701,0.025101,0.00836701
215,62401.8,1.60011,0.86212,0.9428,0,0,0,0,0,0,0.14644,0.00248,0.00025,8e-05,0,0,0,0,0,0,0,0,0,0,0,0,0,1.0993,0.4614,0,0,0.48606,0.06455,0.4436,0.48648,0.75655,0.69042,0.72063,0.45682,1.41503,0.72637,0.90388,0,0,0,0,0,0,0,0,0,0,0,0,0,0,0,0,0,0,0,0,0,0,0,0,0,0,0,0,0,0,0,0.45682,0.0250577,0.00835255,0.0250577,0.00835255,0.0250577,0.00835255,0.0250577,0.00835255
216,62778.8,1.59333,0.85412,0.94281,0,0,0,0,0,0,0.14883,0.00249,0.00034,0,0,0,0,0,0,0,0,0,0,0,0,0,0,1.13645,0.45918,0,0,0.48606,0.06458,0.44391,0.48656,0.75926,0.68914,0.72079,0.45715,1.41293,0.72518,0.90344,0,0,0,0,0,0,0,0,0,0,0,0,0,0,0,0,0,0,0,0,0,0,0,0,0,0,0,0,0,0,0,0.45715,0.0250141,0.00833805,0.0250141,0.00833805,0.0250141,0.00833805,0.0250141,0.00833805
217,63153.6,1.5921,0.85369,0.941,0,0,0,0,0,0,0.14474,0.00249,0.00027,1e-05,0,0,0,0,0,0,0,0,0,0,0,0,0,1.18879,0.46744,0,0,0.48602,0.06456,0.44293,0.48654,0.75912,0.69061,0.7217,0.45769,1.4116,0.7246,0.90317,0,0,0,0,0,0,0,0,0,0,0,0,0,0,0,0,0,0,0,0,0,0,0,0,0,0,0,0,0,0,0,0.45769,0.0249705,0.00832349,0.0249705,0.00832349,0.0249705,0.00832349,0.0249705,0.00832349
218,63528,1.59865,0.85286,0.94503,0,0,0,0,0,0,0.14549,0.00247,0.00027,0.0001,0,0,0,0,0,0,0,0,0,0,0,0,0,1.23545,0.4647,0,0,0.48602,0.06459,0.44329,0.48654,0.75887,0.69077,0.72212,0.45835,1.41011,0.72371,0.90293,0,0,0,0,0,0,0,0,0,0,0,0,0,0,0,0,0,0,0,0,0,0,0,0,0,0,0,0,0,0,0,0.45835,0.0249267,0.00830889,0.0249267,0.00830889,0.0249267,0.00830889,0.0249267,0.00830889
219,63909.7,1.58273,0.84622,0.93943,0,0,0,0,0,0,0.14656,0.00247,0.00024,4e-05,0,0,0,0,0,0,0,0,0,0,0,0,0,1.11355,0.4543,0,0,0.48599,0.06458,0.44331,0.4864,0.76055,0.69141,0.7227,0.45893,1.40915,0.72283,0.90264,0,0,0,0,0,0,0,0,0,0,0,0,0,0,0,0,0,0,0,0,0,0,0,0,0,0,0,0,0,0,0,0.45893,0.0248827,0.00829423,0.0248827,0.00829423,0.0248827,0.00829423,0.0248827,0.00829423
220,64282.9,1.59911,0.85692,0.94546,0,0,0,0,0,0,0.14605,0.00247,0.00025,3e-05,0,0,0,0,0,0,0,0,0,0,0,0,0,1.07763,0.45276,0,0,0.48604,0.06463,0.4432,0.48655,0.76136,0.69294,0.72383,0.45918,1.40757,0.72209,0.90236,0,0,0,0,0,0,0,0,0,0,0,0,0,0,0,0,0,0,0,0,0,0,0,0,0,0,0,0,0,0,0,0.45918,0.0248386,0.00827952,0.0248386,0.00827952,0.0248386,0.00827952,0.0248386,0.00827952
221,64657.9,1.58368,0.84786,0.94379,0,0,0,0,0,0,0.14457,0.00247,0.00028,1e-05,0,0,0,0,0,0,0,0,0,0,0,0,0,1.13073,0.45924,0,0,0.4859,0.06453,0.44322,0.48633,0.76067,0.69301,0.72379,0.45936,1.40702,0.72171,0.90211,0,0,0,0,0,0,0,0,0,0,0,0,0,0,0,0,0,0,0,0,0,0,0,0,0,0,0,0,0,0,0,0.45936,0.0247943,0.00826477,0.0247943,0.00826477,0.0247943,0.00826477,0.0247943,0.00826477
222,65034.8,1.58955,0.85207,0.94219,0,0,0,0,0,0,0.14624,0.00249,0.00033,2e-05,0,0,0,0,0,0,0,0,0,0,0,0,0,1.17955,0.45401,0,0,0.48607,0.06461,0.44366,0.48658,0.75896,0.69397,0.72477,0.45951,1.40589,0.721,0.90187,0,0,0,0,0,0,0,0,0,0,0,0,0,0,0,0,0,0,0,0,0,0,0,0,0,0,0,0,0,0,0,0.45951,0.0247499,0.00824996,0.0247499,0.00824996,0.0247499,0.00824996,0.0247499,0.00824996
223,65410.4,1.59307,0.8508,0.94098,0,0,0,0,0,0,0.14448,0.00245,0.0003,3e-05,0,0,0,0,0,0,0,0,0,0,0,0,0,1.08447,0.44575,0,0,0.48601,0.06459,0.44317,0.48653,0.7595,0.69443,0.72545,0.46068,1.4037,0.71968,0.9015,0,0,0,0,0,0,0,0,0,0,0,0,0,0,0,0,0,0,0,0,0,0,0,0,0,0,0,0,0,0,0,0.46068,0.0247053,0.00823511,0.0247053,0.00823511,0.0247053,0.00823511,0.0247053,0.00823511
224,65782.7,1.57824,0.84621,0.94153,0,0,0,0,0,0,0.14428,0.00247,0.00023,3e-05,0,0,0,0,0,0,0,0,0,0,0,0,0,1.12114,0.44997,0,0,0.48596,0.06456,0.44397,0.48647,0.76164,0.69575,0.72605,0.46068,1.40211,0.71921,0.90132,0,0,0,0,0,0,0,0,0,0,0,0,0,0,0,0,0,0,0,0,0,0,0,0,0,0,0,0,0,0,0,0.46068,0.0246606,0.0082202,0.0246606,0.0082202,0.0246606,0.0082202,0.0246606,0.0082202
225,66165.6,1.58771,0.84173,0.93973,0,0,0,0,0,0,0.14428,0.00247,0.00029,0,0,0,0,0,0,0,0,0,0,0,0,0,0,1.15471,0.44472,0,0,0.48601,0.06455,0.4433,0.48653,0.76442,0.69556,0.72638,0.46082,1.40088,0.71816,0.90099,0,0,0,0,0,0,0,0,0,0,0,0,0,0,0,0,0,0,0,0,0,0,0,0,0,0,0,0,0,0,0,0.46082,0.0246157,0.00820525,0.0246157,0.00820525,0.0246157,0.00820525,0.0246157,0.00820525
226,66540.4,1.58747,0.85159,0.9404,0,0,0,0,0,0,0.14285,0.00247,0.00026,5e-05,0,0,0,0,0,0,0,0,0,0,0,0,0,1.12556,0.44704,0,0,0.48601,0.0646,0.44369,0.48653,0.76652,0.69393,0.72674,0.46144,1.401,0.71747,0.90083,0,0,0,0,0,0,0,0,0,0,0,0,0,0,0,0,0,0,0,0,0,0,0,0,0,0,0,0,0,0,0,0.46144,0.0245707,0.00819025,0.0245707,0.00819025,0.0245707,0.00819025,0.0245707,0.00819025
227,66914.3,1.58143,0.84291,0.93998,0,0,0,0,0,0,0.14472,0.00246,0.00028,0,0,0,0,0,0,0,0,0,0,0,0,0,0,1.16044,0.44946,0,0,0.48586,0.06453,0.44325,0.48637,0.76844,0.69421,0.72739,0.46213,1.39921,0.71646,0.9005,0,0,0,0,0,0,0,0,0,0,0,0,0,0,0,0,0,0,0,0,0,0,0,0,0,0,0,0,0,0,0,0.46213,0.0245256,0.0081752,0.0245256,0.0081752,0.0245256,0.0081752,0.0245256,0.0081752
228,67289,1.58197,0.84462,0.94444,0,0,0,0,0,0,0.14488,0.00247,0.00023,0,0,0,0,0,0,0,0,0,0,0,0,0,0,1.09214,0.43484,0,0,0.48598,0.06458,0.44358,0.4865,0.76853,0.69434,0.7276,0.46236,1.39767,0.71508,0.90017,0,0,0,0,0,0,0,0,0,0,0,0,0,0,0,0,0,0,0,0,0,0,0,0,0,0,0,0,0,0,0,0.46236,0.0244803,0.0081601,0.0244803,0.0081601,0.0244803,0.0081601,0.0244803,0.0081601
229,67663,1.58619,0.84739,0.94176,0,0,0,0,0,0,0.14351,0.00248,0.00024,2e-05,0,0,0,0,0,0,0,0,0,0,0,0,0,1.07685,0.44325,0,0,0.486,0.06461,0.44312,0.48651,0.76945,0.69475,0.72892,0.4629,1.39596,0.71438,0.89984,0,0,0,0,0,0,0,0,0,0,0,0,0,0,0,0,0,0,0,0,0,0,0,0,0,0,0,0,0,0,0,0.4629,0.0244349,0.00814495,0.0244349,0.00814495,0.0244349,0.00814495,0.0244349,0.00814495
230,68040.8,1.58109,0.84627,0.94146,0,0,0,0,0,0,0.14345,0.00246,0.00026,6e-05,0,0,0,0,0,0,0,0,0,0,0,0,0,1.07298,0.43944,0,0,0.48591,0.06453,0.44323,0.48633,0.76925,0.69576,0.7295,0.46275,1.39474,0.71353,0.89961,0,0,0,0,0,0,0,0,0,0,0,0,0,0,0,0,0,0,0,0,0,0,0,0,0,0,0,0,0,0,0,0.46275,0.0243893,0.00812976,0.0243893,0.00812976,0.0243893,0.00812976,0.0243893,0.00812976
231,68414.2,1.57785,0.84186,0.93982,0,0,0,0,0,0,0.14514,0.00245,0.00024,0,0,0,0,0,0,0,0,0,0,0,0,0,0,1.13427,0.44364,0,0,0.486,0.06457,0.44334,0.48644,0.76608,0.69763,0.73009,0.46362,1.39381,0.71266,0.89946,0,0,0,0,0,0,0,0,0,0,0,0,0,0,0,0,0,0,0,0,0,0,0,0,0,0,0,0,0,0,0,0.46362,0.0243435,0.00811452,0.0243435,0.00811452,0.0243435,0.00811452,0.0243435,0.00811452
232,68794.9,1.57635,0.84195,0.9388,0,0,0,0,0,0,0.14433,0.00244,0.00031,0,0,0,0,0,0,0,0,0,0,0,0,0,0,1.16789,0.44965,0,0,0.48599,0.06459,0.44297,0.48651,0.76769,0.69797,0.73044,0.46323,1.39297,0.71199,0.89912,0,0,0,0,0,0,0,0,0,0,0,0,0,0,0,0,0,0,0,0,0,0,0,0,0,0,0,0,0,0,0,0.46323,0.0242977,0.00809923,0.0242977,0.00809923,0.0242977,0.00809923,0.0242977,0.00809923
233,69168.9,1.58432,0.84479,0.9371,0,0,0,0,0,0,0.14361,0.00245,0.00027,1e-05,0,0,0,0,0,0,0,0,0,0,0,0,0,1.07152,0.44769,0,0,0.48605,0.0646,0.44291,0.48657,0.76829,0.69757,0.73115,0.46386,1.3916,0.7115,0.89891,0,0,0,0,0,0,0,0,0,0,0,0,0,0,0,0,0,0,0,0,0,0,0,0,0,0,0,0,0,0,0,0.46386,0.0242517,0.00808389,0.0242517,0.00808389,0.0242517,0.00808389,0.0242517,0.00808389
234,69545.4,1.57658,0.84029,0.94036,0,0,0,0,0,0,0.14294,0.00245,0.00026,3e-05,0,0,0,0,0,0,0,0,0,0,0,0,0,1.09699,0.44419,0,0,0.48599,0.06453,0.44412,0.48648,0.77023,0.69643,0.73058,0.46377,1.38992,0.7105,0.89858,0,0,0,0,0,0,0,0,0,0,0,0,0,0,0,0,0,0,0,0,0,0,0,0,0,0,0,0,0,0,0,0.46377,0.0242055,0.00806851,0.0242055,0.00806851,0.0242055,0.00806851,0.0242055,0.00806851
235,69921.7,1.5778,0.84186,0.93976,0,0,0,0,0,0,0.14314,0.00245,0.00035,0,0,0,0,0,0,0,0,0,0,0,0,0,0,1.13399,0.44222,0,0,0.48602,0.06457,0.44399,0.48651,0.76862,0.69553,0.72983,0.46325,1.38871,0.71016,0.89833,0,0,0,0,0,0,0,0,0,0,0,0,0,0,0,0,0,0,0,0,0,0,0,0,0,0,0,0,0,0,0,0.46325,0.0241592,0.00805308,0.0241592,0.00805308,0.0241592,0.00805308,0.0241592,0.00805308
236,70299.2,1.57285,0.83778,0.94039,0,0,0,0,0,0,0.14235,0.00245,0.00033,2e-05,0,0,0,0,0,0,0,0,0,0,0,0,0,1.09219,0.43803,0,0,0.4859,0.06453,0.44308,0.48642,0.76848,0.69529,0.7295,0.46412,1.38734,0.70939,0.89806,0,0,0,0,0,0,0,0,0,0,0,0,0,0,0,0,0,0,0,0,0,0,0,0,0,0,0,0,0,0,0,0.46412,0.0241128,0.0080376,0.0241128,0.0080376,0.0241128,0.0080376,0.0241128,0.0080376
237,70681.9,1.56551,0.83418,0.93749,0,0,0,0,0,0,0.14432,0.00243,0.00021,0,0,0,0,0,0,0,0,0,0,0,0,0,0,1.14092,0.43731,0,0,0.48595,0.06461,0.44389,0.48647,0.76704,0.69621,0.72932,0.46509,1.3852,0.70875,0.89775,0,0,0,0,0,0,0,0,0,0,0,0,0,0,0,0,0,0,0,0,0,0,0,0,0,0,0,0,0,0,0,0.46509,0.0240662,0.00802208,0.0240662,0.00802208,0.0240662,0.00802208,0.0240662,0.00802208
238,71058.3,1.56607,0.83863,0.93374,0,0,0,0,0,0,0.14271,0.00244,0.00026,0,0,0,0,0,0,0,0,0,0,0,0,0,0,1.1282,0.44136,0,0,0.48596,0.06456,0.44322,0.48648,0.76692,0.69635,0.73034,0.46549,1.38333,0.7079,0.89741,0,0,0,0,0,0,0,0,0,0,0,0,0,0,0,0,0,0,0,0,0,0,0,0,0,0,0,0,0,0,0,0.46549,0.0240195,0.00800651,0.0240195,0.00800651,0.0240195,0.00800651,0.0240195,0.00800651
239,71392.4,1.56344,0.83133,0.93493,0,0,0,0,0,0,0.14165,0.00246,0.00025,1e-05,0,0,0,0,0,0,0,0,0,0,0,0,0,1.18392,0.45071,0,0,0.48598,0.06456,0.4433,0.48649,0.76742,0.69662,0.7302,0.46556,1.38263,0.7072,0.89713,0,0,0,0,0,0,0,0,0,0,0,0,0,0,0,0,0,0,0,0,0,0,0,0,0,0,0,0,0,0,0,0.46556,0.0239727,0.0079909,0.0239727,0.0079909,0.0239727,0.0079909,0.0239727,0.0079909
240,71634.1,1.57301,0.83848,0.93885,0,0,0,0,0,0,0.14307,0.00246,0.00022,0,0,0,0,0,0,0,0,0,0,0,0,0,0,1.15209,0.44912,0,0,0.48606,0.0646,0.44404,0.48658,0.76774,0.69622,0.73043,0.46615,1.38189,0.707,0.89685,0,0,0,0,0,0,0,0,0,0,0,0,0,0,0,0,0,0,0,0,0,0,0,0,0,0,0,0,0,0,0,0.46615,0.0239257,0.00797524,0.0239257,0.00797524,0.0239257,0.00797524,0.0239257,0.00797524
241,71876.4,1.57477,0.84025,0.94244,0,0,0,0,0,0,0.14451,0.00247,0.00032,3e-05,0,0,0,0,0,0,0,0,0,0,0,0,0,1.12506,0.43688,0,0,0.48595,0.06455,0.44399,0.48645,0.76712,0.69685,0.73058,0.46676,1.38062,0.70612,0.89652,0,0,0,0,0,0,0,0,0,0,0,0,0,0,0,0,0,0,0,0,0,0,0,0,0,0,0,0,0,0,0,0.46676,0.0238786,0.00795954,0.0238786,0.00795954,0.0238786,0.00795954,0.0238786,0.00795954
242,72114.2,1.56461,0.8339,0.93688,0,0,0,0,0,0,0.14393,0.00247,0.00031,0,0,0,0,0,0,0,0,0,0,0,0,0,0,1.1952,0.44618,0,0,0.48596,0.06458,0.44369,0.48649,0.76909,0.69729,0.73161,0.46693,1.3794,0.70525,0.89635,0,0,0,0,0,0,0,0,0,0,0,0,0,0,0,0,0,0,0,0,0,0,0,0,0,0,0,0,0,0,0,0.46693,0.0238314,0.00794379,0.0238314,0.00794379,0.0238314,0.00794379,0.0238314,0.00794379
243,72340.9,1.56727,0.83476,0.93714,0,0,0,0,0,0,0.14317,0.00245,0.00026,0,0,0,0,0,0,0,0,0,0,0,0,0,0,1.08373,0.44161,0,0,0.48597,0.06457,0.44304,0.4864,0.76957,0.69696,0.73076,0.46729,1.37835,0.70418,0.89615,0,0,0,0,0,0,0,0,0,0,0,0,0,0,0,0,0,0,0,0,0,0,0,0,0,0,0,0,0,0,0,0.46729,0.023784,0.007928,0.023784,0.007928,0.023784,0.007928,0.023784,0.007928
244,72586.7,1.56081,0.83141,0.93665,0,0,0,0,0,0,0.14375,0.00244,0.00024,0,0,0,0,0,0,0,0,0,0,0,0,0,0,1.09747,0.44164,0,0,0.48591,0.06457,0.4437,0.48641,0.76682,0.70065,0.73127,0.46818,1.37731,0.70354,0.89589,0,0,0,0,0,0,0,0,0,0,0,0,0,0,0,0,0,0,0,0,0,0,0,0,0,0,0,0,0,0,0,0.46818,0.0237365,0.00791216,0.0237365,0.00791216,0.0237365,0.00791216,0.0237365,0.00791216
245,72824.8,1.55754,0.83131,0.93399,0,0,0,0,0,0,0.14232,0.00245,0.00025,3e-05,0,0,0,0,0,0,0,0,0,0,0,0,0,1.06541,0.43986,0,0,0.48603,0.06456,0.4436,0.48653,0.76852,0.69989,0.73174,0.46814,1.37714,0.70308,0.89571,0,0,0,0,0,0,0,0,0,0,0,0,0,0,0,0,0,0,0,0,0,0,0,0,0,0,0,0,0,0,0,0.46814,0.0236888,0.00789628,0.0236888,0.00789628,0.0236888,0.00789628,0.0236888,0.00789628
246,73065.5,1.5688,0.83175,0.93533,0,0,0,0,0,0,0.14251,0.00243,0.00025,4e-05,0,0,0,0,0,0,0,0,0,0,0,0,0,1.10521,0.44377,0,0,0.48606,0.06461,0.44447,0.48656,0.76878,0.69979,0.73188,0.46848,1.37748,0.70247,0.89565,0,0,0,0,0,0,0,0,0,0,0,0,0,0,0,0,0,0,0,0,0,0,0,0,0,0,0,0,0,0,0,0.46848,0.0236411,0.00788035,0.0236411,0.00788035,0.0236411,0.00788035,0.0236411,0.00788035
247,73301.7,1.55845,0.82994,0.93383,0,0,0,0,0,0,0.14331,0.00244,0.00036,3e-05,0,0,0,0,0,0,0,0,0,0,0,0,0,1.06566,0.43639,0,0,0.48599,0.06457,0.4435,0.4865,0.76847,0.69926,0.73256,0.46856,1.37604,0.70235,0.89548,0,0,0,0,0,0,0,0,0,0,0,0,0,0,0,0,0,0,0,0,0,0,0,0,0,0,0,0,0,0,0,0.46856,0.0235931,0.00786438,0.0235931,0.00786438,0.0235931,0.00786438,0.0235931,0.00786438
248,73542.8,1.56304,0.83131,0.93503,0,0,0,0,0,0,0.14159,0.00246,0.00031,9e-05,0,0,0,0,0,0,0,0,0,0,0,0,0,1.0728,0.42359,0,0,0.48601,0.06459,0.44429,0.48652,0.76807,0.69965,0.73322,0.46897,1.3752,0.70162,0.89525,0,0,0,0,0,0,0,0,0,0,0,0,0,0,0,0,0,0,0,0,0,0,0,0,0,0,0,0,0,0,0,0.46897,0.0235451,0.00784837,0.0235451,0.00784837,0.0235451,0.00784837,0.0235451,0.00784837
249,73783.7,1.56113,0.82899,0.9348,0,0,0,0,0,0,0.14084,0.00245,0.00029,0,0,0,0,0,0,0,0,0,0,0,0,0,0,1.0919,0.42577,0,0,0.48603,0.06461,0.44305,0.48654,0.76894,0.70111,0.73297,0.46936,1.37462,0.70158,0.89514,0,0,0,0,0,0,0,0,0,0,0,0,0,0,0,0,0,0,0,0,0,0,0,0,0,0,0,0,0,0,0,0.46936,0.0234969,0.00783231,0.0234969,0.00783231,0.0234969,0.00783231,0.0234969,0.00783231
250,74019.7,1.54615,0.8239,0.935,0,0,0,0,0,0,0.13942,0.00243,0.00025,0,0,0,0,0,0,0,0,0,0,0,0,0,0,1.06196,0.43106,0,0,0.48589,0.0645,0.44291,0.48641,0.76631,0.70196,0.73308,0.46972,1.37283,0.70086,0.89488,0,0,0,0,0,0,0,0,0,0,0,0,0,0,0,0,0,0,0,0,0,0,0,0,0,0,0,0,0,0,0,0.46972,0.0234486,0.00781621,0.0234486,0.00781621,0.0234486,0.00781621,0.0234486,0.00781621
251,74252.8,1.55719,0.82549,0.93391,0,0,0,0,0,0,0.14144,0.00244,0.0002,0,0,0,0,0,0,0,0,0,0,0,0,0,0,1.10473,0.43383,0,0,0.486,0.06458,0.44398,0.4865,0.767,0.70349,0.73403,0.47043,1.37247,0.70078,0.89472,0,0,0,0,0,0,0,0,0,0,0,0,0,0,0,0,0,0,0,0,0,0,0,0,0,0,0,0,0,0,0,0.47043,0.0234002,0.00780007,0.0234002,0.00780007,0.0234002,0.00780007,0.0234002,0.00780007
252,74490.8,1.56153,0.82808,0.93569,0,0,0,0,0,0,0.14222,0.00243,0.00029,0,0,0,0,0,0,0,0,0,0,0,0,0,0,1.08033,0.43239,0,0,0.48611,0.06458,0.44314,0.48662,0.76835,0.70335,0.7347,0.47083,1.37089,0.70007,0.89437,0,0,0,0,0,0,0,0,0,0,0,0,0,0,0,0,0,0,0,0,0,0,0,0,0,0,0,0,0,0,0,0.47083,0.0233517,0.00778389,0.0233517,0.00778389,0.0233517,0.00778389,0.0233517,0.00778389
253,74729.3,1.56072,0.82742,0.9333,0,0,0,0,0,0,0.14123,0.00244,0.00028,0,0,0,0,0,0,0,0,0,0,0,0,0,0,1.08845,0.42429,0,0,0.48603,0.06459,0.44254,0.48655,0.76908,0.70267,0.73471,0.47126,1.36979,0.69937,0.8941,0,0,0,0,0,0,0,0,0,0,0,0,0,0,0,0,0,0,0,0,0,0,0,0,0,0,0,0,0,0,0,0.47126,0.023303,0.00776766,0.023303,0.00776766,0.023303,0.00776766,0.023303,0.00776766
254,74974.1,1.55549,0.82462,0.93196,0,0,0,0,0,0,0.14095,0.00242,0.00022,0,0,0,0,0,0,0,0,0,0,0,0,0,0,1.17986,0.43209,0,0,0.48602,0.0646,0.4434,0.48653,0.76965,0.70384,0.73502,0.47117,1.36858,0.69866,0.89385,0,0,0,0,0,0,0,0,0,0,0,0,0,0,0,0,0,0,0,0,0,0,0,0,0,0,0,0,0,0,0,0.47117,0.0232542,0.0077514,0.0232542,0.0077514,0.0232542,0.0077514,0.0232542,0.0077514
255,75221.9,1.55625,0.82507,0.93459,0,0,0,0,0,0,0.14107,0.00243,0.00031,1e-05,0,0,0,0,0,0,0,0,0,0,0,0,0,1.16063,0.44223,0,0,0.48597,0.06456,0.44386,0.48648,0.76873,0.70345,0.73428,0.47152,1.36792,0.69836,0.89365,0,0,0,0,0,0,0,0,0,0,0,0,0,0,0,0,0,0,0,0,0,0,0,0,0,0,0,0,0,0,0,0.47152,0.0232053,0.00773509,0.0232053,0.00773509,0.0232053,0.00773509,0.0232053,0.00773509
256,75476.7,1.54538,0.8202,0.93318,0,0,0,0,0,0,0.14087,0.00242,0.00026,0,0,0,0,0,0,0,0,0,0,0,0,0,0,1.17341,0.43378,0,0,0.4859,0.06448,0.44357,0.48641,0.7685,0.70411,0.73436,0.47173,1.36675,0.69764,0.89345,0,0,0,0,0,0,0,0,0,0,0,0,0,0,0,0,0,0,0,0,0,0,0,0,0,0,0,0,0,0,0,0.47173,0.0231562,0.00771873,0.0231562,0.00771873,0.0231562,0.00771873,0.0231562,0.00771873
257,75708.9,1.54838,0.82024,0.93014,0,0,0,0,0,0,0.14147,0.00242,0.00022,0,0,0,0,0,0,0,0,0,0,0,0,0,0,1.09432,0.42878,0,0,0.48607,0.06465,0.44375,0.48657,0.7697,0.70405,0.73546,0.4723,1.36571,0.69698,0.89316,0,0,0,0,0,0,0,0,0,0,0,0,0,0,0,0,0,0,0,0,0,0,0,0,0,0,0,0,0,0,0,0.4723,0.023107,0.00770234,0.023107,0.00770234,0.023107,0.00770234,0.023107,0.00770234
258,75959.9,1.55051,0.82318,0.93096,0,0,0,0,0,0,0.14248,0.00242,0.00031,0,0,0,0,0,0,0,0,0,0,0,0,0,0,1.09518,0.43204,0,0,0.48598,0.06457,0.44412,0.48649,0.77159,0.70487,0.7367,0.47255,1.36489,0.6962,0.89296,0,0,0,0,0,0,0,0,0,0,0,0,0,0,0,0,0,0,0,0,0,0,0,0,0,0,0,0,0,0,0,0.47255,0.0230577,0.00768591,0.0230577,0.00768591,0.0230577,0.00768591,0.0230577,0.00768591
259,76203.1,1.54609,0.82616,0.93345,0,0,0,0,0,0,0.14406,0.00241,0.00025,1e-05,0,0,0,0,0,0,0,0,0,0,0,0,0,1.05851,0.42497,0,0,0.48594,0.06454,0.44355,0.48637,0.77225,0.70587,0.73735,0.47267,1.36377,0.69595,0.89284,0,0,0,0,0,0,0,0,0,0,0,0,0,0,0,0,0,0,0,0,0,0,0,0,0,0,0,0,0,0,0,0.47267,0.0230083,0.00766944,0.0230083,0.00766944,0.0230083,0.00766944,0.0230083,0.00766944
260,76456.1,1.55004,0.81856,0.93424,0,0,0,0,0,0,0.13893,0.00242,0.00026,3e-05,0,0,0,0,0,0,0,0,0,0,0,0,0,1.10655,0.42546,0,0,0.48605,0.06459,0.44263,0.48657,0.77373,0.70795,0.73923,0.47359,1.36282,0.69523,0.89269,0,0,0,0,0,0,0,0,0,0,0,0,0,0,0,0,0,0,0,0,0,0,0,0,0,0,0,0,0,0,0,0.47359,0.0229588,0.00765292,0.0229588,0.00765292,0.0229588,0.00765292,0.0229588,0.00765292
261,76702.3,1.54001,0.8153,0.92873,0,0,0,0,0,0,0.13948,0.00242,0.00027,0,0,0,0,0,0,0,0,0,0,0,0,0,0,1.13863,0.42729,0,0,0.486,0.06459,0.4436,0.48652,0.7731,0.70836,0.73916,0.47387,1.36204,0.69413,0.8925,0,0,0,0,0,0,0,0,0,0,0,0,0,0,0,0,0,0,0,0,0,0,0,0,0,0,0,0,0,0,0,0.47387,0.0229091,0.00763637,0.0229091,0.00763637,0.0229091,0.00763637,0.0229091,0.00763637
262,76944.6,1.55375,0.82328,0.93012,0,0,0,0,0,0,0.13993,0.00242,0.00024,1e-05,0,0,0,0,0,0,0,0,0,0,0,0,0,1.18051,0.44043,0,0,0.48604,0.06461,0.44324,0.48655,0.77143,0.7085,0.73847,0.47395,1.36116,0.69369,0.89227,0,0,0,0,0,0,0,0,0,0,0,0,0,0,0,0,0,0,0,0,0,0,0,0,0,0,0,0,0,0,0,0.47395,0.0228593,0.00761977,0.0228593,0.00761977,0.0228593,0.00761977,0.0228593,0.00761977
263,77185.8,1.55459,0.82537,0.93438,0,0,0,0,0,0,0.14054,0.00241,0.00028,0,0,0,0,0,0,0,0,0,0,0,0,0,0,1.14596,0.43004,0,0,0.4861,0.06455,0.44383,0.4866,0.77295,0.70801,0.7387,0.47442,1.36089,0.69309,0.89203,0,0,0,0,0,0,0,0,0,0,0,0,0,0,0,0,0,0,0,0,0,0,0,0,0,0,0,0,0,0,0,0.47442,0.0228094,0.00760314,0.0228094,0.00760314,0.0228094,0.00760314,0.0228094,0.00760314
264,77430.5,1.55676,0.82353,0.93348,0,0,0,0,0,0,0.141,0.00242,0.00026,1e-05,0,0,0,0,0,0,0,0,0,0,0,0,0,1.20104,0.43884,0,0,0.48603,0.06461,0.44341,0.48654,0.7709,0.70745,0.73843,0.4746,1.36023,0.69256,0.89192,0,0,0,0,0,0,0,0,0,0,0,0,0,0,0,0,0,0,0,0,0,0,0,0,0,0,0,0,0,0,0,0.4746,0.0227594,0.00758647,0.0227594,0.00758647,0.0227594,0.00758647,0.0227594,0.00758647
265,77676.4,1.54344,0.81546,0.93263,0,0,0,0,0,0,0.14066,0.00241,0.00025,0,0,0,0,0,0,0,0,0,0,0,0,0,0,1.1268,0.42981,0,0,0.48594,0.06455,0.44385,0.48646,0.77088,0.70743,0.73895,0.47466,1.35963,0.69162,0.89167,0,0,0,0,0,0,0,0,0,0,0,0,0,0,0,0,0,0,0,0,0,0,0,0,0,0,0,0,0,0,0,0.47466,0.0227093,0.00756976,0.0227093,0.00756976,0.0227093,0.00756976,0.0227093,0.00756976
266,77919,1.54754,0.81722,0.92974,0,0,0,0,0,0,0.1392,0.0024,0.00028,0,0,0,0,0,0,0,0,0,0,0,0,0,0,1.09355,0.42363,0,0,0.48594,0.06454,0.44382,0.48645,0.77202,0.70903,0.73959,0.47494,1.35921,0.69076,0.8916,0,0,0,0,0,0,0,0,0,0,0,0,0,0,0,0,0,0,0,0,0,0,0,0,0,0,0,0,0,0,0,0.47494,0.022659,0.007553,0.022659,0.007553,0.022659,0.007553,0.022659,0.007553
267,78163.5,1.53846,0.81722,0.92797,0,0,0,0,0,0,0.14037,0.00239,0.00027,0,0,0,0,0,0,0,0,0,0,0,0,0,0,1.1123,0.42937,0,0,0.48595,0.06454,0.44383,0.48645,0.77107,0.71125,0.74034,0.47528,1.35854,0.69032,0.89153,0,0,0,0,0,0,0,0,0,0,0,0,0,0,0,0,0,0,0,0,0,0,0,0,0,0,0,0,0,0,0,0.47528,0.0226086,0.00753621,0.0226086,0.00753621,0.0226086,0.00753621,0.0226086,0.00753621
268,78406.8,1.54128,0.81415,0.9348,0,0,0,0,0,0,0.14041,0.00241,0.00025,1e-05,0,0,0,0,0,0,0,0,0,0,0,0,0,1.08267,0.42022,0,0,0.48591,0.06454,0.44359,0.48643,0.77031,0.71133,0.73938,0.47561,1.35765,0.68977,0.89136,0,0,0,0,0,0,0,0,0,0,0,0,0,0,0,0,0,0,0,0,0,0,0,0,0,0,0,0,0,0,0,0.47561,0.0225582,0.00751939,0.0225582,0.00751939,0.0225582,0.00751939,0.0225582,0.00751939
269,78649.9,1.53796,0.81105,0.92964,0,0,0,0,0,0,0.1407,0.00241,0.00023,0,0,0,0,0,0,0,0,0,0,0,0,0,0,1.13626,0.42272,0,0,0.486,0.06459,0.44436,0.48651,0.77102,0.71104,0.74007,0.4762,1.35736,0.6896,0.89119,0,0,0,0,0,0,0,0,0,0,0,0,0,0,0,0,0,0,0,0,0,0,0,0,0,0,0,0,0,0,0,0.4762,0.0225076,0.00750252,0.0225076,0.00750252,0.0225076,0.00750252,0.0225076,0.00750252
270,78894.7,1.53604,0.81498,0.93284,0,0,0,0,0,0,0.14034,0.00241,0.00025,0,0,0,0,0,0,0,0,0,0,0,0,0,0,1.12987,0.41595,0,0,0.48587,0.06449,0.44338,0.48629,0.76873,0.71129,0.7392,0.47647,1.35654,0.6889,0.89082,0,0,0,0,0,0,0,0,0,0,0,0,0,0,0,0,0,0,0,0,0,0,0,0,0,0,0,0,0,0,0,0.47647,0.0224568,0.00748562,0.0224568,0.00748562,0.0224568,0.00748562,0.0224568,0.00748562
271,79082,1.54058,0.81052,0.92966,0,0,0,0,0,0,0.1401,0.00239,0.00034,8e-05,0,0,0,0,0,0,0,0,0,0,0,0,0,1.11624,0.42211,0,0,0.48607,0.06463,0.44435,0.48656,0.77038,0.71245,0.74025,0.4768,1.3558,0.68833,0.89057,0,0,0,0,0,0,0,0,0,0,0,0,0,0,0,0,0,0,0,0,0,0,0,0,0,0,0,0,0,0,0,0.4768,0.022406,0.00746868,0.022406,0.00746868,0.022406,0.00746868,0.022406,0.00746868
272,79336.6,1.53142,0.80918,0.92704,0,0,0,0,0,0,0.1399,0.0024,0.00037,0,0,0,0,0,0,0,0,0,0,0,0,0,0,1.10451,0.42826,0,0,0.48597,0.06458,0.44368,0.48648,0.77092,0.7113,0.73996,0.47645,1.35586,0.68844,0.89052,0,0,0,0,0,0,0,0,0,0,0,0,0,0,0,0,0,0,0,0,0,0,0,0,0,0,0,0,0,0,0,0.47645,0.0223551,0.0074517,0.0223551,0.0074517,0.0223551,0.0074517,0.0223551,0.0074517
273,79582.2,1.53682,0.80765,0.9266,0,0,0,0,0,0,0.13975,0.00239,0.00023,1e-05,0,0,0,0,0,0,0,0,0,0,0,0,0,0.97834,0.41843,0,0,0.48599,0.06457,0.44352,0.48641,0.77179,0.71288,0.74095,0.47771,1.35465,0.68741,0.89035,0,0,0,0,0,0,0,0,0,0,0,0,0,0,0,0,0,0,0,0,0,0,0,0,0,0,0,0,0,0,0,0.47771,0.022304,0.00743468,0.022304,0.00743468,0.022304,0.00743468,0.022304,0.00743468
274,79825.4,1.52732,0.80572,0.92699,0,0,0,0,0,0,0.13974,0.00238,0.00031,0,0,0,0,0,0,0,0,0,0,0,0,0,0,1.11581,0.4211,0,0,0.48608,0.06461,0.44275,0.4866,0.77216,0.71238,0.74162,0.47789,1.3532,0.68669,0.89005,0,0,0,0,0,0,0,0,0,0,0,0,0,0,0,0,0,0,0,0,0,0,0,0,0,0,0,0,0,0,0,0.47789,0.0222529,0.00741763,0.0222529,0.00741763,0.0222529,0.00741763,0.0222529,0.00741763
275,80073.1,1.5248,0.80097,0.9283,0,0,0,0,0,0,0.13821,0.00239,0.00032,0,0,0,0,0,0,0,0,0,0,0,0,0,0,1.083,0.42447,0,0,0.48592,0.06454,0.44302,0.48644,0.77348,0.71274,0.74172,0.47799,1.35158,0.68626,0.8898,0,0,0,0,0,0,0,0,0,0,0,0,0,0,0,0,0,0,0,0,0,0,0,0,0,0,0,0,0,0,0,0.47799,0.0222016,0.00740054,0.0222016,0.00740054,0.0222016,0.00740054,0.0222016,0.00740054
276,80326.1,1.53524,0.80837,0.93107,0,0,0,0,0,0,0.13875,0.00239,0.00034,0,0,0,0,0,0,0,0,0,0,0,0,0,0,1.07335,0.42012,0,0,0.48591,0.06457,0.44404,0.48642,0.77393,0.71265,0.74151,0.47836,1.3505,0.68534,0.88966,0,0,0,0,0,0,0,0,0,0,0,0,0,0,0,0,0,0,0,0,0,0,0,0,0,0,0,0,0,0,0,0.47836,0.0221502,0.00738341,0.0221502,0.00738341,0.0221502,0.00738341,0.0221502,0.00738341
277,80570.1,1.53677,0.81309,0.92777,0,0,0,0,0,0,0.13977,0.00239,0.00029,3e-05,0,0,0,0,0,0,0,0,0,0,0,0,0,1.07473,0.41742,0,0,0.48601,0.06458,0.44327,0.48652,0.77298,0.71419,0.74262,0.47873,1.34985,0.68503,0.88956,0,0,0,0,0,0,0,0,0,0,0,0,0,0,0,0,0,0,0,0,0,0,0,0,0,0,0,0,0,0,0,0.47873,0.0220988,0.00736625,0.0220988,0.00736625,0.0220988,0.00736625,0.0220988,0.00736625
278,80815.3,1.53023,0.80721,0.9252,0,0,0,0,0,0,0.13853,0.00239,0.00028,5e-05,0,0,0,0,0,0,0,0,0,0,0,0,0,1.22513,0.42845,0,0,0.4859,0.06453,0.44292,0.4864,0.77398,0.71382,0.74292,0.47881,1.34963,0.6849,0.88942,0,0,0,0,0,0,0,0,0,0,0,0,0,0,0,0,0,0,0,0,0,0,0,0,0,0,0,0,0,0,0,0.47881,0.0220472,0.00734906,0.0220472,0.00734906,0.0220472,0.00734906,0.0220472,0.00734906
279,81058.5,1.53407,0.81115,0.92769,0,0,0,0,0,0,0.13768,0.00237,0.0003,0.00012,0,0,0,0,0,0,0,0,0,0,0,0,0,1.24178,0.42383,0,0,0.48593,0.06452,0.44424,0.48644,0.77608,0.71366,0.74302,0.47897,1.34882,0.6839,0.88941,0,0,0,0,0,0,0,0,0,0,0,0,0,0,0,0,0,0,0,0,0,0,0,0,0,0,0,0,0,0,0,0.47897,0.0219955,0.00733182,0.0219955,0.00733182,0.0219955,0.00733182,0.0219955,0.00733182
280,81304.2,1.53008,0.81101,0.92489,0,0,0,0,0,0,0.13916,0.00237,0.00026,0,0,0,0,0,0,0,0,0,0,0,0,0,0,1.10758,0.4134,0,0,0.48598,0.06457,0.44349,0.4865,0.77561,0.71491,0.74319,0.47938,1.34885,0.68369,0.88931,0,0,0,0,0,0,0,0,0,0,0,0,0,0,0,0,0,0,0,0,0,0,0,0,0,0,0,0,0,0,0,0.47938,0.0219437,0.00731456,0.0219437,0.00731456,0.0219437,0.00731456,0.0219437,0.00731456
281,81550,1.51932,0.80669,0.92666,0,0,0,0,0,0,0.13771,0.00237,0.00023,5e-05,0,0,0,0,0,0,0,0,0,0,0,0,0,1.13462,0.41059,0,0,0.48592,0.06453,0.44327,0.48632,0.7748,0.71499,0.74373,0.47935,1.34856,0.68329,0.8892,0,0,0,0,0,0,0,0,0,0,0,0,0,0,0,0,0,0,0,0,0,0,0,0,0,0,0,0,0,0,0,0.47935,0.0218918,0.00729725,0.0218918,0.00729725,0.0218918,0.00729725,0.0218918,0.00729725
282,81794.2,1.5228,0.80157,0.9249,0,0,0,0,0,0,0.13853,0.00237,0.00024,0,0,0,0,0,0,0,0,0,0,0,0,0,0,1.12362,0.42252,0,0,0.486,0.0646,0.44332,0.48651,0.77535,0.71621,0.74422,0.48024,1.34854,0.68315,0.88915,0,0,0,0,0,0,0,0,0,0,0,0,0,0,0,0,0,0,0,0,0,0,0,0,0,0,0,0,0,0,0,0.48024,0.0218397,0.00727992,0.0218397,0.00727992,0.0218397,0.00727992,0.0218397,0.00727992
283,82038.6,1.52709,0.80247,0.9264,0,0,0,0,0,0,0.13788,0.00237,0.00025,0,0,0,0,0,0,0,0,0,0,0,0,0,0,1.12088,0.41794,0,0,0.48606,0.06461,0.44383,0.48657,0.77823,0.71766,0.74538,0.48008,1.34821,0.68284,0.88901,0,0,0,0,0,0,0,0,0,0,0,0,0,0,0,0,0,0,0,0,0,0,0,0,0,0,0,0,0,0,0,0.48008,0.0217876,0.00726254,0.0217876,0.00726254,0.0217876,0.00726254,0.0217876,0.00726254
284,82281,1.52981,0.8047,0.9292,0,0,0,0,0,0,0.13762,0.00237,0.00024,0,0,0,0,0,0,0,0,0,0,0,0,0,0,1.08443,0.41646,0,0,0.48596,0.06458,0.44337,0.48647,0.77748,0.71768,0.74571,0.4804,1.3471,0.68204,0.88886,0,0,0,0,0,0,0,0,0,0,0,0,0,0,0,0,0,0,0,0,0,0,0,0,0,0,0,0,0,0,0,0.4804,0.0217354,0.00724514,0.0217354,0.00724514,0.0217354,0.00724514,0.0217354,0.00724514
285,82459.2,1.51607,0.79849,0.92579,0,0,0,0,0,0,0.13912,0.00238,0.00031,4e-05,0,0,0,0,0,0,0,0,0,0,0,0,0,1.02182,0.40685,0,0,0.48599,0.06456,0.44367,0.4865,0.77785,0.7182,0.74575,0.48081,1.34672,0.68153,0.8888,0,0,0,0,0,0,0,0,0,0,0,0,0,0,0,0,0,0,0,0,0,0,0,0,0,0,0,0,0,0,0,0.48081,0.0216831,0.0072277,0.0216831,0.0072277,0.0216831,0.0072277,0.0216831,0.0072277
286,82726.2,1.52297,0.80084,0.92347,0,0,0,0,0,0,0.13714,0.00237,0.00034,0,0,0,0,0,0,0,0,0,0,0,0,0,0,1.10298,0.40811,0,0,0.48601,0.0646,0.44375,0.48652,0.77921,0.71809,0.74641,0.48116,1.34556,0.68047,0.88855,0,0,0,0,0,0,0,0,0,0,0,0,0,0,0,0,0,0,0,0,0,0,0,0,0,0,0,0,0,0,0,0.48116,0.0216307,0.00721023,0.0216307,0.00721023,0.0216307,0.00721023,0.0216307,0.00721023
287,82983.7,1.5167,0.80031,0.92421,0,0,0,0,0,0,0.13603,0.00238,0.00031,2e-05,0,0,0,0,0,0,0,0,0,0,0,0,0,1.12687,0.42319,0,0,0.48595,0.06455,0.44311,0.48645,0.77831,0.71972,0.74823,0.48179,1.34467,0.67998,0.88846,0,0,0,0,0,0,0,0,0,0,0,0,0,0,0,0,0,0,0,0,0,0,0,0,0,0,0,0,0,0,0,0.48179,0.0215782,0.00719272,0.0215782,0.00719272,0.0215782,0.00719272,0.0215782,0.00719272
288,83279.5,1.51987,0.79756,0.92703,0,0,0,0,0,0,0.13805,0.00237,0.0002,0,0,0,0,0,0,0,0,0,0,0,0,0,0,1.07956,0.41355,0,0,0.48591,0.06457,0.44372,0.48634,0.77816,0.72041,0.74866,0.48245,1.34355,0.6795,0.88828,0,0,0,0,0,0,0,0,0,0,0,0,0,0,0,0,0,0,0,0,0,0,0,0,0,0,0,0,0,0,0,0.48245,0.0215255,0.00717518,0.0215255,0.00717518,0.0215255,0.00717518,0.0215255,0.00717518
289,83566,1.52748,0.80202,0.9258,0,0,0,0,0,0,0.13817,0.00237,0.00026,0,0,0,0,0,0,0,0,0,0,0,0,0,0,1.07059,0.41509,0,0,0.48596,0.06457,0.44454,0.48647,0.77845,0.72016,0.74905,0.4825,1.34271,0.67865,0.88816,0,0,0,0,0,0,0,0,0,0,0,0,0,0,0,0,0,0,0,0,0,0,0,0,0,0,0,0,0,0,0,0.4825,0.0214728,0.00715761,0.0214728,0.00715761,0.0214728,0.00715761,0.0214728,0.00715761
290,83829.3,1.5152,0.79667,0.92609,0,0,0,0,0,0,0.13933,0.00236,0.00023,0,0,0,0,0,0,0,0,0,0,0,0,0,0,1.10809,0.41194,0,0,0.48594,0.06457,0.44334,0.48636,0.77795,0.71958,0.7482,0.48271,1.34195,0.67837,0.88802,0,0,0,0,0,0,0,0,0,0,0,0,0,0,0,0,0,0,0,0,0,0,0,0,0,0,0,0,0,0,0,0.48271,0.02142,0.00714,0.02142,0.00714,0.02142,0.00714,0.02142,0.00714
291,84106.1,1.51709,0.79953,0.92456,0,0,0,0,0,0,0.13836,0.00237,0.00034,0,0,0,0,0,0,0,0,0,0,0,0,0,0,1.05721,0.40896,0,0,0.48599,0.0646,0.44367,0.4865,0.78133,0.71736,0.74814,0.48243,1.34156,0.67806,0.88798,0,0,0,0,0,0,0,0,0,0,0,0,0,0,0,0,0,0,0,0,0,0,0,0,0,0,0,0,0,0,0,0.48243,0.0213671,0.00712237,0.0213671,0.00712237,0.0213671,0.00712237,0.0213671,0.00712237
292,84375.9,1.51452,0.79702,0.92433,0,0,0,0,0,0,0.13525,0.00236,0.00027,3e-05,0,0,0,0,0,0,0,0,0,0,0,0,0,1.08794,0.40056,0,0,0.48598,0.06459,0.44401,0.48649,0.782,0.7184,0.74903,0.48331,1.34089,0.67755,0.88787,0,0,0,0,0,0,0,0,0,0,0,0,0,0,0,0,0,0,0,0,0,0,0,0,0,0,0,0,0,0,0,0.48331,0.0213141,0.0071047,0.0213141,0.0071047,0.0213141,0.0071047,0.0213141,0.0071047
293,84646.4,1.51003,0.794,0.92461,0,0,0,0,0,0,0.13638,0.00235,0.00032,0,0,0,0,0,0,0,0,0,0,0,0,0,0,1.0605,0.40176,0,0,0.48601,0.06459,0.44365,0.48652,0.78177,0.71913,0.74865,0.48298,1.34035,0.67708,0.8878,0,0,0,0,0,0,0,0,0,0,0,0,0,0,0,0,0,0,0,0,0,0,0,0,0,0,0,0,0,0,0,0.48298,0.021261,0.007087,0.021261,0.007087,0.021261,0.007087,0.021261,0.007087
294,84918,1.50496,0.78629,0.9192,0,0,0,0,0,0,0.1384,0.00235,0.00029,1e-05,0,0,0,0,0,0,0,0,0,0,0,0,0,1.10526,0.41636,0,0,0.4859,0.06455,0.44375,0.48641,0.78397,0.71923,0.75026,0.48323,1.33956,0.6763,0.88768,0,0,0,0,0,0,0,0,0,0,0,0,0,0,0,0,0,0,0,0,0,0,0,0,0,0,0,0,0,0,0,0.48323,0.0212078,0.00706926,0.0212078,0.00706926,0.0212078,0.00706926,0.0212078,0.00706926
295,85196.5,1.50652,0.79121,0.92185,0,0,0,0,0,0,0.13598,0.00233,0.0003,0,0,0,0,0,0,0,0,0,0,0,0,0,0,1.22053,0.41622,0,0,0.48606,0.06462,0.4434,0.48657,0.78308,0.71907,0.75088,0.48375,1.33913,0.67561,0.88761,0,0,0,0,0,0,0,0,0,0,0,0,0,0,0,0,0,0,0,0,0,0,0,0,0,0,0,0,0,0,0,0.48375,0.0211545,0.0070515,0.0211545,0.0070515,0.0211545,0.0070515,0.0211545,0.0070515
296,85474.4,1.50071,0.78793,0.92125,0,0,0,0,0,0,0.13599,0.00235,0.0003,1e-05,0,0,0,0,0,0,0,0,0,0,0,0,0,1.06065,0.41082,0,0,0.48593,0.06457,0.44417,0.48643,0.78308,0.71878,0.7509,0.48432,1.33971,0.67522,0.88755,0,0,0,0,0,0,0,0,0,0,0,0,0,0,0,0,0,0,0,0,0,0,0,0,0,0,0,0,0,0,0,0.48432,0.0211011,0.00703371,0.0211011,0.00703371,0.0211011,0.00703371,0.0211011,0.00703371
297,85710.7,1.5005,0.78787,0.92002,0,0,0,0,0,0,0.13646,0.00235,0.00029,1e-05,0,0,0,0,0,0,0,0,0,0,0,0,0,1.25379,0.4063,0,0,0.48597,0.06453,0.44367,0.48648,0.7839,0.71908,0.75134,0.48445,1.33982,0.67471,0.88736,0,0,0,0,0,0,0,0,0,0,0,0,0,0,0,0,0,0,0,0,0,0,0,0,0,0,0,0,0,0,0,0.48445,0.0210476,0.00701588,0.0210476,0.00701588,0.0210476,0.00701588,0.0210476,0.00701588
298,85996.1,1.51354,0.79192,0.92122,0,0,0,0,0,0,0.13556,0.00233,0.00028,0,0,0,0,0,0,0,0,0,0,0,0,0,0,1.13012,0.40423,0,0,0.48593,0.06457,0.44283,0.48645,0.78255,0.72015,0.75206,0.48486,1.33955,0.67394,0.88716,0,0,0,0,0,0,0,0,0,0,0,0,0,0,0,0,0,0,0,0,0,0,0,0,0,0,0,0,0,0,0,0.48486,0.0209941,0.00699803,0.0209941,0.00699803,0.0209941,0.00699803,0.0209941,0.00699803
299,86283.1,1.50763,0.7909,0.92447,0,0,0,0,0,0,0.13767,0.00233,0.00025,0,0,0,0,0,0,0,0,0,0,0,0,0,0,1.1008,0.4061,0,0,0.48593,0.06455,0.44385,0.48643,0.7824,0.72022,0.75177,0.48543,1.33831,0.67302,0.88695,0,0,0,0,0,0,0,0,0,0,0,0,0,0,0,0,0,0,0,0,0,0,0,0,0,0,0,0,0,0,0,0.48543,0.0209404,0.00698014,0.0209404,0.00698014,0.0209404,0.00698014,0.0209404,0.00698014
300,86562.2,1.49491,0.78851,0.92037,0,0,0,0,0,0,0.13679,0.00234,0.00031,0,0,0,0,0,0,0,0,0,0,0,0,0,0,1.04434,0.40573,0,0,0.48594,0.06454,0.44318,0.48646,0.78344,0.72006,0.75152,0.48567,1.33733,0.67248,0.88675,0,0,0,0,0,0,0,0,0,0,0,0,0,0,0,0,0,0,0,0,0,0,0,0,0,0,0,0,0,0,0,0.48567,0.0208867,0.00696223,0.0208867,0.00696223,0.0208867,0.00696223,0.0208867,0.00696223
301,86821.4,1.49973,0.78759,0.91637,0,0,0,0,0,0,0.13627,0.00234,0.00023,0,0,0,0,0,0,0,0,0,0,0,0,0,0,1.10909,0.40696,0,0,0.48603,0.06457,0.44353,0.48646,0.787,0.71911,0.75256,0.48631,1.33618,0.67168,0.88651,0,0,0,0,0,0,0,0,0,0,0,0,0,0,0,0,0,0,0,0,0,0,0,0,0,0,0,0,0,0,0,0.48631,0.0208328,0.00694428,0.0208328,0.00694428,0.0208328,0.00694428,0.0208328,0.00694428
302,87098.9,1.50799,0.79081,0.92176,0,0,0,0,0,0,0.13619,0.00232,0.00029,4e-05,0,0,0,0,0,0,0,0,0,0,0,0,0,1.01847,0.40599,0,0,0.48598,0.06456,0.44352,0.48649,0.78665,0.71821,0.75164,0.48654,1.33492,0.67088,0.88632,0,0,0,0,0,0,0,0,0,0,0,0,0,0,0,0,0,0,0,0,0,0,0,0,0,0,0,0,0,0,0,0.48654,0.0207789,0.00692631,0.0207789,0.00692631,0.0207789,0.00692631,0.0207789,0.00692631
303,87382.7,1.50277,0.78801,0.92068,0,0,0,0,0,0,0.13726,0.00233,0.00036,0,0,0,0,0,0,0,0,0,0,0,0,0,0,1.01632,0.40492,0,0,0.48598,0.06454,0.44406,0.48649,0.78651,0.71946,0.75205,0.48631,1.33405,0.67054,0.88624,0,0,0,0,0,0,0,0,0,0,0,0,0,0,0,0,0,0,0,0,0,0,0,0,0,0,0,0,0,0,0,0.48631,0.0207249,0.00690831,0.0207249,0.00690831,0.0207249,0.00690831,0.0207249,0.00690831
304,87670.7,1.5101,0.79122,0.92157,0,0,0,0,0,0,0.13593,0.00234,0.00025,1e-05,0,0,0,0,0,0,0,0,0,0,0,0,0,1.04811,0.40105,0,0,0.48596,0.0646,0.44329,0.48648,0.78565,0.71889,0.75234,0.48676,1.33272,0.66978,0.88598,0,0,0,0,0,0,0,0,0,0,0,0,0,0,0,0,0,0,0,0,0,0,0,0,0,0,0,0,0,0,0,0.48676,0.0206708,0.00689028,0.0206708,0.00689028,0.0206708,0.00689028,0.0206708,0.00689028
305,87956.5,1.49766,0.78515,0.91867,0,0,0,0,0,0,0.13563,0.00235,0.00022,0,0,0,0,0,0,0,0,0,0,0,0,0,0,1.19501,0.40818,0,0,0.486,0.06458,0.44394,0.4865,0.78765,0.71877,0.75317,0.4874,1.33163,0.66937,0.88578,0,0,0,0,0,0,0,0,0,0,0,0,0,0,0,0,0,0,0,0,0,0,0,0,0,0,0,0,0,0,0,0.4874,0.0206166,0.00687222,0.0206166,0.00687222,0.0206166,0.00687222,0.0206166,0.00687222
306,88243.9,1.49488,0.78512,0.91929,0,0,0,0,0,0,0.13589,0.00234,0.00029,1e-05,0,0,0,0,0,0,0,0,0,0,0,0,0,1.0838,0.40187,0,0,0.48602,0.0646,0.44383,0.48653,0.78677,0.71971,0.75403,0.48768,1.33097,0.66834,0.88564,0,0,0,0,0,0,0,0,0,0,0,0,0,0,0,0,0,0,0,0,0,0,0,0,0,0,0,0,0,0,0,0.48768,0.0205624,0.00685413,0.0205624,0.00685413,0.0205624,0.00685413,0.0205624,0.00685413
307,88534.2,1.50524,0.78737,0.92493,0,0,0,0,0,0,0.13517,0.00233,0.00026,4e-05,0,0,0,0,0,0,0,0,0,0,0,0,0,1.1654,0.40365,0,0,0.48595,0.06458,0.44343,0.48647,0.78488,0.72092,0.75448,0.48786,1.33004,0.66838,0.88539,0,0,0,0,0,0,0,0,0,0,0,0,0,0,0,0,0,0,0,0,0,0,0,0,0,0,0,0,0,0,0,0.48786,0.020508,0.00683601,0.020508,0.00683601,0.020508,0.00683601,0.020508,0.00683601
308,88821.9,1.5035,0.78728,0.91966,0,0,0,0,0,0,0.13605,0.00232,0.00025,0,0,0,0,0,0,0,0,0,0,0,0,0,0,1.06986,0.40012,0,0,0.48604,0.06461,0.44372,0.48655,0.78634,0.71963,0.75425,0.48788,1.32878,0.66769,0.88522,0,0,0,0,0,0,0,0,0,0,0,0,0,0,0,0,0,0,0,0,0,0,0,0,0,0,0,0,0,0,0,0.48788,0.0204536,0.00681787,0.0204536,0.00681787,0.0204536,0.00681787,0.0204536,0.00681787
309,89105.4,1.50147,0.78435,0.91916,0,0,0,0,0,0,0.13466,0.00231,0.0003,0,0,0,0,0,0,0,0,0,0,0,0,0,0,1.13127,0.40463,0,0,0.486,0.0646,0.44408,0.48651,0.78689,0.71868,0.75405,0.48777,1.32785,0.66706,0.88508,0,0,0,0,0,0,0,0,0,0,0,0,0,0,0,0,0,0,0,0,0,0,0,0,0,0,0,0,0,0,0,0.48777,0.0203991,0.0067997,0.0203991,0.0067997,0.0203991,0.0067997,0.0203991,0.0067997
310,89387.9,1.5015,0.78908,0.9194,0,0,0,0,0,0,0.13552,0.00232,0.00022,0,0,0,0,0,0,0,0,0,0,0,0,0,0,1.29923,0.3939,0,0,0.48606,0.06458,0.44396,0.48656,0.78749,0.72031,0.75357,0.48754,1.3274,0.66635,0.88478,0,0,0,0,0,0,0,0,0,0,0,0,0,0,0,0,0,0,0,0,0,0,0,0,0,0,0,0,0,0,0,0.48754,0.0203445,0.0067815,0.0203445,0.0067815,0.0203445,0.0067815,0.0203445,0.0067815
311,89676.6,1.50101,0.78802,0.92063,0,0,0,0,0,0,0.1344,0.00232,0.00024,0,0,0,0,0,0,0,0,0,0,0,0,0,0,1.11601,0.39752,0,0,0.48594,0.06456,0.44311,0.48646,0.78691,0.71916,0.75299,0.4875,1.32769,0.66601,0.88483,0,0,0,0,0,0,0,0,0,0,0,0,0,0,0,0,0,0,0,0,0,0,0,0,0,0,0,0,0,0,0,0.4875,0.0202898,0.00676328,0.0202898,0.00676328,0.0202898,0.00676328,0.0202898,0.00676328
312,89975.1,1.4964,0.78419,0.91923,0,0,0,0,0,0,0.1341,0.00232,0.00024,1e-05,0,0,0,0,0,0,0,0,0,0,0,0,0,1.21508,0.41971,0,0,0.48601,0.06459,0.4431,0.48653,0.78782,0.71993,0.75432,0.48753,1.32733,0.6659,0.88463,0,0,0,0,0,0,0,0,0,0,0,0,0,0,0,0,0,0,0,0,0,0,0,0,0,0,0,0,0,0,0,0.48753,0.0202351,0.00674503,0.0202351,0.00674503,0.0202351,0.00674503,0.0202351,0.00674503
313,90264.8,1.49042,0.77956,0.9169,0,0,0,0,0,0,0.13526,0.00232,0.00036,0,0,0,0,0,0,0,0,0,0,0,0,0,0,1.1313,0.39895,0,0,0.48597,0.06455,0.44319,0.48649,0.78382,0.72225,0.75436,0.48815,1.32629,0.66508,0.88448,0,0,0,0,0,0,0,0,0,0,0,0,0,0,0,0,0,0,0,0,0,0,0,0,0,0,0,0,0,0,0,0.48815,0.0201803,0.00672675,0.0201803,0.00672675,0.0201803,0.00672675,0.0201803,0.00672675
314,90548.8,1.49296,0.78117,0.91837,0,0,0,0,0,0,0.13494,0.00231,0.00028,0,0,0,0,0,0,0,0,0,0,0,0,0,0,1.08158,0.38942,0,0,0.48586,0.06451,0.44288,0.48628,0.78875,0.72036,0.75389,0.48884,1.32568,0.66461,0.88428,0,0,0,0,0,0,0,0,0,0,0,0,0,0,0,0,0,0,0,0,0,0,0,0,0,0,0,0,0,0,0,0.48884,0.0201254,0.00670845,0.0201254,0.00670845,0.0201254,0.00670845,0.0201254,0.00670845
315,90826.8,1.49078,0.77891,0.91791,0,0,0,0,0,0,0.1343,0.0023,0.00021,1e-05,0,0,0,0,0,0,0,0,0,0,0,0,0,1.09928,0.39386,0,0,0.48599,0.0646,0.44319,0.4865,0.78965,0.72076,0.7541,0.48894,1.3258,0.66446,0.88415,0,0,0,0,0,0,0,0,0,0,0,0,0,0,0,0,0,0,0,0,0,0,0,0,0,0,0,0,0,0,0,0.48894,0.0200704,0.00669012,0.0200704,0.00669012,0.0200704,0.00669012,0.0200704,0.00669012
316,91113.4,1.49059,0.78559,0.91991,0,0,0,0,0,0,0.13562,0.00229,0.00024,1e-05,0,0,0,0,0,0,0,0,0,0,0,0,0,1.09769,0.39437,0,0,0.48598,0.06459,0.44365,0.48649,0.79383,0.72064,0.75544,0.48907,1.32557,0.66402,0.88421,0,0,0,0,0,0,0,0,0,0,0,0,0,0,0,0,0,0,0,0,0,0,0,0,0,0,0,0,0,0,0,0.48907,0.0200153,0.00667177,0.0200153,0.00667177,0.0200153,0.00667177,0.0200153,0.00667177
317,91404.5,1.48591,0.77643,0.91842,0,0,0,0,0,0,0.13442,0.0023,0.00029,0,0,0,0,0,0,0,0,0,0,0,0,0,0,1.10955,0.4002,0,0,0.48588,0.06454,0.44261,0.48639,0.7899,0.72135,0.75504,0.48907,1.32483,0.66337,0.88419,0,0,0,0,0,0,0,0,0,0,0,0,0,0,0,0,0,0,0,0,0,0,0,0,0,0,0,0,0,0,0,0.48907,0.0199602,0.00665339,0.0199602,0.00665339,0.0199602,0.00665339,0.0199602,0.00665339
318,91672,1.48643,0.77659,0.91613,0,0,0,0,0,0,0.13489,0.00229,0.00035,0,0,0,0,0,0,0,0,0,0,0,0,0,0,1.09104,0.39735,0,0,0.48602,0.0646,0.44403,0.48652,0.79067,0.72095,0.75491,0.4896,1.324,0.66263,0.884,0,0,0,0,0,0,0,0,0,0,0,0,0,0,0,0,0,0,0,0,0,0,0,0,0,0,0,0,0,0,0,0.4896,0.019905,0.00663499,0.019905,0.00663499,0.019905,0.00663499,0.019905,0.00663499
319,91974,1.4779,0.77164,0.91382,0,0,0,0,0,0,0.13532,0.00228,0.00031,0,0,0,0,0,0,0,0,0,0,0,0,0,0,1.12201,0.39911,0,0,0.48595,0.0646,0.44435,0.48645,0.79237,0.72072,0.75502,0.48927,1.32429,0.66214,0.88392,0,0,0,0,0,0,0,0,0,0,0,0,0,0,0,0,0,0,0,0,0,0,0,0,0,0,0,0,0,0,0,0.48927,0.0198497,0.00661656,0.0198497,0.00661656,0.0198497,0.00661656,0.0198497,0.00661656
320,92292.7,1.48943,0.77998,0.91445,0,0,0,0,0,0,0.13518,0.00228,0.00023,3e-05,0,0,0,0,0,0,0,0,0,0,0,0,0,1.0943,0.39424,0,0,0.48594,0.06453,0.44361,0.48646,0.79126,0.72152,0.75468,0.48949,1.32361,0.66157,0.88379,0,0,0,0,0,0,0,0,0,0,0,0,0,0,0,0,0,0,0,0,0,0,0,0,0,0,0,0,0,0,0,0.48949,0.0197943,0.00659811,0.0197943,0.00659811,0.0197943,0.00659811,0.0197943,0.00659811
321,92590.6,1.48405,0.77665,0.91312,0,0,0,0,0,0,0.13586,0.00229,0.00031,5e-05,0,0,0,0,0,0,0,0,0,0,0,0,0,1.09309,0.38826,0,0,0.48603,0.06459,0.44319,0.48655,0.79115,0.7221,0.75486,0.48882,1.32374,0.66142,0.88379,0,0,0,0,0,0,0,0,0,0,0,0,0,0,0,0,0,0,0,0,0,0,0,0,0,0,0,0,0,0,0,0.48882,0.0197389,0.00657963,0.0197389,0.00657963,0.0197389,0.00657963,0.0197389,0.00657963
322,92912.4,1.48427,0.77427,0.91498,0,0,0,0,0,0,0.13438,0.00229,0.00029,0,0,0,0,0,0,0,0,0,0,0,0,0,0,1.10735,0.39037,0,0,0.48607,0.06462,0.44306,0.48657,0.79353,0.72091,0.75448,0.48889,1.32327,0.66101,0.88357,0,0,0,0,0,0,0,0,0,0,0,0,0,0,0,0,0,0,0,0,0,0,0,0,0,0,0,0,0,0,0,0.48889,0.0196834,0.00656114,0.0196834,0.00656114,0.0196834,0.00656114,0.0196834,0.00656114
323,93224.9,1.48647,0.77215,0.91616,0,0,0,0,0,0,0.13411,0.00228,0.00031,1e-05,0,0,0,0,0,0,0,0,0,0,0,0,0,1.10351,0.39479,0,0,0.48595,0.06455,0.44455,0.48646,0.79543,0.72043,0.75485,0.48914,1.32269,0.66042,0.88358,0,0,0,0,0,0,0,0,0,0,0,0,0,0,0,0,0,0,0,0,0,0,0,0,0,0,0,0,0,0,0,0.48914,0.0196278,0.00654261,0.0196278,0.00654261,0.0196278,0.00654261,0.0196278,0.00654261
324,93536.5,1.48894,0.77792,0.91399,0,0,0,0,0,0,0.13352,0.00228,0.00025,5e-05,0,0,0,0,0,0,0,0,0,0,0,0,0,1.08275,0.39459,0,0,0.48613,0.06463,0.44343,0.48664,0.79363,0.72121,0.75541,0.48959,1.32209,0.65947,0.88343,0,0,0,0,0,0,0,0,0,0,0,0,0,0,0,0,0,0,0,0,0,0,0,0,0,0,0,0,0,0,0,0.48959,0.0195722,0.00652407,0.0195722,0.00652407,0.0195722,0.00652407,0.0195722,0.00652407
325,93842.2,1.48446,0.76909,0.91584,0,0,0,0,0,0,0.13553,0.00228,0.0003,1e-05,0,0,0,0,0,0,0,0,0,0,0,0,0,1.09845,0.39406,0,0,0.48603,0.06459,0.44309,0.48646,0.79391,0.72176,0.75452,0.48942,1.32254,0.65881,0.88344,0,0,0,0,0,0,0,0,0,0,0,0,0,0,0,0,0,0,0,0,0,0,0,0,0,0,0,0,0,0,0,0.48942,0.0195165,0.0065055,0.0195165,0.0065055,0.0195165,0.0065055,0.0195165,0.0065055
326,94151.4,1.477,0.77428,0.91385,0,0,0,0,0,0,0.13252,0.00229,0.00025,7e-05,0,0,0,0,0,0,0,0,0,0,0,0,0,1.08917,0.38336,0,0,0.48593,0.06458,0.44303,0.48646,0.79252,0.72129,0.75474,0.48992,1.323,0.65908,0.88337,0,0,0,0,0,0,0,0,0,0,0,0,0,0,0,0,0,0,0,0,0,0,0,0,0,0,0,0,0,0,0,0.48992,0.0194607,0.00648691,0.0194607,0.00648691,0.0194607,0.00648691,0.0194607,0.00648691
327,94457,1.48215,0.77418,0.91672,0,0,0,0,0,0,0.1335,0.00227,0.00027,0,0,0,0,0,0,0,0,0,0,0,0,0,0,1.08764,0.38433,0,0,0.48605,0.06456,0.44328,0.48657,0.79416,0.72093,0.75492,0.48953,1.32301,0.65857,0.88331,0,0,0,0,0,0,0,0,0,0,0,0,0,0,0,0,0,0,0,0,0,0,0,0,0,0,0,0,0,0,0,0.48953,0.0194049,0.0064683,0.0194049,0.0064683,0.0194049,0.0064683,0.0194049,0.0064683
328,94775.7,1.47116,0.76929,0.9127,0,0,0,0,0,0,0.13307,0.00228,0.00025,0,0,0,0,0,0,0,0,0,0,0,0,0,0,1.09847,0.39406,0,0,0.48594,0.06453,0.44204,0.48646,0.79461,0.72133,0.75509,0.4897,1.32237,0.65817,0.88319,0,0,0,0,0,0,0,0,0,0,0,0,0,0,0,0,0,0,0,0,0,0,0,0,0,0,0,0,0,0,0,0.4897,0.019349,0.00644966,0.019349,0.00644966,0.019349,0.00644966,0.019349,0.00644966
329,95087.9,1.47971,0.77302,0.91318,0,0,0,0,0,0,0.13281,0.00227,0.00032,1e-05,0,0,0,0,0,0,0,0,0,0,0,0,0,1.12494,0.39283,0,0,0.48597,0.06454,0.44362,0.48647,0.79515,0.72084,0.75465,0.48915,1.32238,0.65746,0.88315,0,0,0,0,0,0,0,0,0,0,0,0,0,0,0,0,0,0,0,0,0,0,0,0,0,0,0,0,0,0,0,0.48915,0.019293,0.00643101,0.019293,0.00643101,0.019293,0.00643101,0.019293,0.00643101
330,95400.1,1.4749,0.77105,0.91052,0,0,0,0,0,0,0.13296,0.00227,0.00021,0,0,0,0,0,0,0,0,0,0,0,0,0,0,1.04883,0.38177,0,0,0.48603,0.06459,0.44303,0.48654,0.79645,0.72037,0.75435,0.48921,1.3214,0.65734,0.88285,0,0,0,0,0,0,0,0,0,0,0,0,0,0,0,0,0,0,0,0,0,0,0,0,0,0,0,0,0,0,0,0.48921,0.019237,0.00641233,0.019237,0.00641233,0.019237,0.00641233,0.019237,0.00641233
331,95712.9,1.47975,0.77026,0.91408,0,0,0,0,0,0,0.1337,0.00225,0.00019,0,0,0,0,0,0,0,0,0,0,0,0,0,0,1.05699,0.38618,0,0,0.48592,0.06452,0.44352,0.48643,0.79699,0.72082,0.7557,0.48985,1.32061,0.65678,0.88266,0,0,0,0,0,0,0,0,0,0,0,0,0,0,0,0,0,0,0,0,0,0,0,0,0,0,0,0,0,0,0,0.48985,0.0191809,0.00639363,0.0191809,0.00639363,0.0191809,0.00639363,0.0191809,0.00639363
332,96027.1,1.47234,0.76933,0.9146,0,0,0,0,0,0,0.13249,0.00226,0.00023,0,0,0,0,0,0,0,0,0,0,0,0,0,0,1.05649,0.38485,0,0,0.48598,0.0646,0.44386,0.4865,0.79608,0.72054,0.75529,0.48967,1.3211,0.65663,0.88263,0,0,0,0,0,0,0,0,0,0,0,0,0,0,0,0,0,0,0,0,0,0,0,0,0,0,0,0,0,0,0,0.48967,0.0191247,0.00637491,0.0191247,0.00637491,0.0191247,0.00637491,0.0191247,0.00637491
333,96346.3,1.47688,0.7654,0.9138,0,0,0,0,0,0,0.1339,0.00226,0.00021,0,0,0,0,0,0,0,0,0,0,0,0,0,0,1.10582,0.38902,0,0,0.486,0.06456,0.44383,0.48651,0.79844,0.72084,0.75574,0.48962,1.32069,0.65599,0.88256,0,0,0,0,0,0,0,0,0,0,0,0,0,0,0,0,0,0,0,0,0,0,0,0,0,0,0,0,0,0,0,0.48962,0.0190685,0.00635617,0.0190685,0.00635617,0.0190685,0.00635617,0.0190685,0.00635617
334,96664.4,1.46903,0.76383,0.90654,0,0,0,0,0,0,0.13286,0.00226,0.00029,8e-05,0,0,0,0,0,0,0,0,0,0,0,0,0,1.03497,0.38964,0,0,0.48601,0.06457,0.44424,0.48652,0.79714,0.72175,0.75557,0.48948,1.3202,0.65546,0.88236,0,0,0,0,0,0,0,0,0,0,0,0,0,0,0,0,0,0,0,0,0,0,0,0,0,0,0,0,0,0,0,0.48948,0.0190122,0.00633741,0.0190122,0.00633741,0.0190122,0.00633741,0.0190122,0.00633741
335,96976.5,1.46543,0.76312,0.90999,0,0,0,0,0,0,0.13318,0.00226,0.00028,4e-05,0,0,0,0,0,0,0,0,0,0,0,0,0,1.1126,0.38119,0,0,0.48599,0.06457,0.44368,0.4865,0.79633,0.72106,0.75525,0.48976,1.319,0.6549,0.88205,0,0,0,0,0,0,0,0,0,0,0,0,0,0,0,0,0,0,0,0,0,0,0,0,0,0,0,0,0,0,0,0.48976,0.0189559,0.00631863,0.0189559,0.00631863,0.0189559,0.00631863,0.0189559,0.00631863
336,97281.3,1.46583,0.75941,0.90932,0,0,0,0,0,0,0.13308,0.00225,0.00022,0,0,0,0,0,0,0,0,0,0,0,0,0,0,1.03893,0.38252,0,0,0.48598,0.06455,0.44333,0.4865,0.79797,0.72185,0.75621,0.49049,1.31856,0.65439,0.88191,0,0,0,0,0,0,0,0,0,0,0,0,0,0,0,0,0,0,0,0,0,0,0,0,0,0,0,0,0,0,0,0.49049,0.0188995,0.00629983,0.0188995,0.00629983,0.0188995,0.00629983,0.0188995,0.00629983
337,97582,1.47179,0.76313,0.91323,0,0,0,0,0,0,0.13418,0.00226,0.00032,3e-05,0,0,0,0,0,0,0,0,0,0,0,0,0,1.11082,0.39093,0,0,0.48607,0.06462,0.44458,0.48657,0.79927,0.72142,0.75669,0.49065,1.31756,0.65378,0.88171,0,0,0,0,0,0,0,0,0,0,0,0,0,0,0,0,0,0,0,0,0,0,0,0,0,0,0,0,0,0,0,0.49065,0.018843,0.00628101,0.018843,0.00628101,0.018843,0.00628101,0.018843,0.00628101
338,97899.9,1.46202,0.75991,0.90856,0,0,0,0,0,0,0.13396,0.00225,0.00022,2e-05,0,0,0,0,0,0,0,0,0,0,0,0,0,1.21271,0.39236,0,0,0.48601,0.06459,0.44459,0.48651,0.79797,0.72239,0.75673,0.49101,1.31631,0.65314,0.88153,0,0,0,0,0,0,0,0,0,0,0,0,0,0,0,0,0,0,0,0,0,0,0,0,0,0,0,0,0,0,0,0.49101,0.0187865,0.00626218,0.0187865,0.00626218,0.0187865,0.00626218,0.0187865,0.00626218
339,98214.6,1.4625,0.75847,0.90985,0,0,0,0,0,0,0.13136,0.00224,0.00025,0,0,0,0,0,0,0,0,0,0,0,0,0,0,1.09477,0.38772,0,0,0.48606,0.06461,0.44429,0.48656,0.79825,0.7221,0.75672,0.49071,1.31574,0.6523,0.88139,0,0,0,0,0,0,0,0,0,0,0,0,0,0,0,0,0,0,0,0,0,0,0,0,0,0,0,0,0,0,0,0.49071,0.01873,0.00624332,0.01873,0.00624332,0.01873,0.00624332,0.01873,0.00624332
340,98531.6,1.46275,0.76207,0.90918,0,0,0,0,0,0,0.13166,0.00226,0.00028,4e-05,0,0,0,0,0,0,0,0,0,0,0,0,0,1.1154,0.38257,0,0,0.48601,0.06456,0.44344,0.48654,0.79805,0.72229,0.7572,0.49112,1.31495,0.65174,0.88125,0,0,0,0,0,0,0,0,0,0,0,0,0,0,0,0,0,0,0,0,0,0,0,0,0,0,0,0,0,0,0,0.49112,0.0186733,0.00622445,0.0186733,0.00622445,0.0186733,0.00622445,0.0186733,0.00622445
341,98845.7,1.48012,0.7664,0.91269,0,0,0,0,0,0,0.13401,0.00225,0.00032,0,0,0,0,0,0,0,0,0,0,0,0,0,0,1.02674,0.38356,0,0,0.48604,0.06462,0.44383,0.48654,0.79943,0.72215,0.75706,0.49153,1.31412,0.65086,0.88126,0,0,0,0,0,0,0,0,0,0,0,0,0,0,0,0,0,0,0,0,0,0,0,0,0,0,0,0,0,0,0,0.49153,0.0186167,0.00620555,0.0186167,0.00620555,0.0186167,0.00620555,0.0186167,0.00620555
342,99163.6,1.47987,0.76768,0.91269,0,0,0,0,0,0,0.13329,0.00223,0.00033,1e-05,0,0,0,0,0,0,0,0,0,0,0,0,0,0.94752,0.37921,0,0,0.48609,0.06458,0.4431,0.48661,0.80017,0.72244,0.75758,0.49189,1.31452,0.65015,0.88127,0,0,0,0,0,0,0,0,0,0,0,0,0,0,0,0,0,0,0,0,0,0,0,0,0,0,0,0,0,0,0,0.49189,0.0185599,0.00618664,0.0185599,0.00618664,0.0185599,0.00618664,0.0185599,0.00618664
343,99481.5,1.46443,0.76441,0.90958,0,0,0,0,0,0,0.13204,0.00224,0.00027,0.00012,0,0,0,0,0,0,0,0,0,0,0,0,0,1.18795,0.38064,0,0,0.48603,0.06457,0.44298,0.48656,0.79864,0.72262,0.7572,0.49231,1.31343,0.64966,0.88097,0,0,0,0,0,0,0,0,0,0,0,0,0,0,0,0,0,0,0,0,0,0,0,0,0,0,0,0,0,0,0,0.49231,0.0185031,0.00616772,0.0185031,0.00616772,0.0185031,0.00616772,0.0185031,0.00616772
344,99802,1.45788,0.76027,0.91051,0,0,0,0,0,0,0.13322,0.00224,0.00022,2e-05,0,0,0,0,0,0,0,0,0,0,0,0,0,1.07187,0.37172,0,0,0.48594,0.06454,0.44281,0.48646,0.79813,0.72352,0.75781,0.49271,1.31129,0.64888,0.88075,0,0,0,0,0,0,0,0,0,0,0,0,0,0,0,0,0,0,0,0,0,0,0,0,0,0,0,0,0,0,0,0.49271,0.0184463,0.00614877,0.0184463,0.00614877,0.0184463,0.00614877,0.0184463,0.00614877
345,100118,1.46278,0.7571,0.90998,0,0,0,0,0,0,0.13236,0.00224,0.00029,0,0,0,0,0,0,0,0,0,0,0,0,0,0,0.972,0.36884,0,0,0.48603,0.06458,0.44382,0.48654,0.79736,0.72407,0.75779,0.49293,1.30958,0.64805,0.88052,0,0,0,0,0,0,0,0,0,0,0,0,0,0,0,0,0,0,0,0,0,0,0,0,0,0,0,0,0,0,0,0.49293,0.0183894,0.00612981,0.0183894,0.00612981,0.0183894,0.00612981,0.0183894,0.00612981
346,100436,1.45901,0.75897,0.90937,0,0,0,0,0,0,0.13206,0.00221,0.00026,3e-05,0,0,0,0,0,0,0,0,0,0,0,0,0,0.94918,0.36567,0,0,0.48604,0.06459,0.44397,0.48656,0.79954,0.72343,0.7584,0.49299,1.30921,0.64746,0.88036,0,0,0,0,0,0,0,0,0,0,0,0,0,0,0,0,0,0,0,0,0,0,0,0,0,0,0,0,0,0,0,0.49299,0.0183325,0.00611083,0.0183325,0.00611083,0.0183325,0.00611083,0.0183325,0.00611083
347,100758,1.45929,0.75498,0.90718,0,0,0,0,0,0,0.13375,0.00225,0.00035,1e-05,0,0,0,0,0,0,0,0,0,0,0,0,0,0.99033,0.36842,0,0,0.48605,0.06456,0.44409,0.48655,0.79964,0.72327,0.7584,0.49345,1.30869,0.64665,0.88017,0,0,0,0,0,0,0,0,0,0,0,0,0,0,0,0,0,0,0,0,0,0,0,0,0,0,0,0,0,0,0,0.49345,0.0182755,0.00609184,0.0182755,0.00609184,0.0182755,0.00609184,0.0182755,0.00609184
348,101074,1.45714,0.75833,0.91078,0,0,0,0,0,0,0.1307,0.00225,0.00024,0,0,0,0,0,0,0,0,0,0,0,0,0,0,1.08842,0.37276,0,0,0.486,0.06457,0.44412,0.4865,0.79792,0.72402,0.75775,0.49337,1.30797,0.64623,0.88006,0,0,0,0,0,0,0,0,0,0,0,0,0,0,0,0,0,0,0,0,0,0,0,0,0,0,0,0,0,0,0,0.49337,0.0182185,0.00607282,0.0182185,0.00607282,0.0182185,0.00607282,0.0182185,0.00607282
349,101390,1.45666,0.75676,0.9091,0,0,0,0,0,0,0.132,0.00225,0.00026,0,0,0,0,0,0,0,0,0,0,0,0,0,0,0.97877,0.36987,0,0,0.48594,0.06452,0.44325,0.48637,0.80044,0.72322,0.75908,0.49397,1.30797,0.64582,0.87995,0,0,0,0,0,0,0,0,0,0,0,0,0,0,0,0,0,0,0,0,0,0,0,0,0,0,0,0,0,0,0,0.49397,0.0181614,0.0060538,0.0181614,0.0060538,0.0181614,0.0060538,0.0181614,0.0060538
350,101706,1.46128,0.75699,0.91203,0,0,0,0,0,0,0.13247,0.00225,0.00026,0,0,0,0,0,0,0,0,0,0,0,0,0,0,1.00427,0.37557,0,0,0.48594,0.06461,0.44343,0.48638,0.80157,0.72328,0.75967,0.49461,1.30668,0.64521,0.87985,0,0,0,0,0,0,0,0,0,0,0,0,0,0,0,0,0,0,0,0,0,0,0,0,0,0,0,0,0,0,0,0.49461,0.0181043,0.00603475,0.0181043,0.00603475,0.0181043,0.00603475,0.0181043,0.00603475
351,102019,1.44964,0.74992,0.90908,0,0,0,0,0,0,0.13102,0.00225,0.00031,2e-05,0,0,0,0,0,0,0,0,0,0,0,0,0,1.08297,0.39464,0,0,0.48601,0.06457,0.44428,0.48652,0.80307,0.72196,0.76006,0.49474,1.30535,0.64454,0.87971,0,0,0,0,0,0,0,0,0,0,0,0,0,0,0,0,0,0,0,0,0,0,0,0,0,0,0,0,0,0,0,0.49474,0.0180471,0.0060157,0.0180471,0.0060157,0.0180471,0.0060157,0.0180471,0.0060157
352,102219,1.45363,0.75328,0.90565,0,0,0,0,0,0,0.13169,0.00223,0.0003,0,0,0,0,0,0,0,0,0,0,0,0,0,0,0.97136,0.37713,0,0,0.48602,0.06458,0.44401,0.48652,0.80357,0.72087,0.76043,0.49459,1.30437,0.64371,0.87956,0,0,0,0,0,0,0,0,0,0,0,0,0,0,0,0,0,0,0,0,0,0,0,0,0,0,0,0,0,0,0,0.49459,0.0179899,0.00599662,0.0179899,0.00599662,0.0179899,0.00599662,0.0179899,0.00599662
353,102534,1.4436,0.75169,0.90756,0,0,0,0,0,0,0.13052,0.00222,0.00027,0,0,0,0,0,0,0,0,0,0,0,0,0,0,1.00977,0.37417,0,0,0.48596,0.06462,0.4438,0.48648,0.80288,0.721,0.75964,0.49478,1.30361,0.64343,0.87946,0,0,0,0,0,0,0,0,0,0,0,0,0,0,0,0,0,0,0,0,0,0,0,0,0,0,0,0,0,0,0,0.49478,0.0179326,0.00597754,0.0179326,0.00597754,0.0179326,0.00597754,0.0179326,0.00597754
354,102855,1.45198,0.75073,0.90537,0,0,0,0,0,0,0.13202,0.00224,0.00029,2e-05,0,0,0,0,0,0,0,0,0,0,0,0,0,1.03103,0.38244,0,0,0.4861,0.06461,0.44401,0.48662,0.79875,0.72492,0.75952,0.49471,1.30313,0.64271,0.87932,0,0,0,0,0,0,0,0,0,0,0,0,0,0,0,0,0,0,0,0,0,0,0,0,0,0,0,0,0,0,0,0.49471,0.0178753,0.00595844,0.0178753,0.00595844,0.0178753,0.00595844,0.0178753,0.00595844
355,103172,1.44584,0.75319,0.9061,0,0,0,0,0,0,0.13322,0.00225,0.00034,5e-05,0,0,0,0,0,0,0,0,0,0,0,0,0,1.02049,0.37197,0,0,0.48597,0.06456,0.44357,0.48648,0.79756,0.72606,0.75976,0.49502,1.30314,0.64269,0.87926,0,0,0,0,0,0,0,0,0,0,0,0,0,0,0,0,0,0,0,0,0,0,0,0,0,0,0,0,0,0,0,0.49502,0.017818,0.00593932,0.017818,0.00593932,0.017818,0.00593932,0.017818,0.00593932
356,103417,1.45253,0.75282,0.90855,0,0,0,0,0,0,0.13019,0.00224,0.00025,0,0,0,0,0,0,0,0,0,0,0,0,0,0,0.95925,0.37098,0,0,0.48594,0.06458,0.44305,0.48646,0.79843,0.72689,0.76042,0.49535,1.30313,0.6421,0.87913,0,0,0,0,0,0,0,0,0,0,0,0,0,0,0,0,0,0,0,0,0,0,0,0,0,0,0,0,0,0,0,0.49535,0.0177606,0.00592019,0.0177606,0.00592019,0.0177606,0.00592019,0.0177606,0.00592019
357,103661,1.45192,0.75448,0.90796,0,0,0,0,0,0,0.13155,0.00222,0.00028,0,0,0,0,0,0,0,0,0,0,0,0,0,0,0.94164,0.36657,0,0,0.48601,0.06459,0.44344,0.48645,0.79806,0.72718,0.7607,0.49592,1.3024,0.64184,0.87893,0,0,0,0,0,0,0,0,0,0,0,0,0,0,0,0,0,0,0,0,0,0,0,0,0,0,0,0,0,0,0,0.49592,0.0177031,0.00590105,0.0177031,0.00590105,0.0177031,0.00590105,0.0177031,0.00590105
358,103902,1.44402,0.74788,0.90614,0,0,0,0,0,0,0.12954,0.00225,0.00024,0,0,0,0,0,0,0,0,0,0,0,0,0,0,1.08333,0.37019,0,0,0.48597,0.06457,0.44405,0.48649,0.79834,0.72711,0.76097,0.49626,1.30229,0.64124,0.87899,0,0,0,0,0,0,0,0,0,0,0,0,0,0,0,0,0,0,0,0,0,0,0,0,0,0,0,0,0,0,0,0.49626,0.0176457,0.00588189,0.0176457,0.00588189,0.0176457,0.00588189,0.0176457,0.00588189
359,104142,1.4428,0.74841,0.90532,0,0,0,0,0,0,0.13098,0.00222,0.00031,0,0,0,0,0,0,0,0,0,0,0,0,0,0,1.03667,0.36772,0,0,0.48601,0.06461,0.44336,0.48653,0.79869,0.72808,0.76169,0.49655,1.30103,0.64059,0.87881,0,0,0,0,0,0,0,0,0,0,0,0,0,0,0,0,0,0,0,0,0,0,0,0,0,0,0,0,0,0,0,0.49655,0.0175882,0.00586272,0.0175882,0.00586272,0.0175882,0.00586272,0.0175882,0.00586272
360,104388,1.43765,0.74664,0.9027,0,0,0,0,0,0,0.1304,0.0022,0.00026,0,0,0,0,0,0,0,0,0,0,0,0,0,0,0.98412,0.3658,0,0,0.48595,0.06455,0.44385,0.48647,0.79906,0.72724,0.76124,0.49642,1.30023,0.64042,0.87868,0,0,0,0,0,0,0,0,0,0,0,0,0,0,0,0,0,0,0,0,0,0,0,0,0,0,0,0,0,0,0,0.49642,0.0175306,0.00584354,0.0175306,0.00584354,0.0175306,0.00584354,0.0175306,0.00584354
361,104627,1.43517,0.74635,0.90387,0,0,0,0,0,0,0.12826,0.00222,0.00035,1e-05,0,0,0,0,0,0,0,0,0,0,0,0,0,0.97819,0.37392,0,0,0.48603,0.06453,0.44346,0.48655,0.8011,0.72963,0.76237,0.4967,1.29986,0.63956,0.87861,0,0,0,0,0,0,0,0,0,0,0,0,0,0,0,0,0,0,0,0,0,0,0,0,0,0,0,0,0,0,0,0.4967,0.0174731,0.00582435,0.0174731,0.00582435,0.0174731,0.00582435,0.0174731,0.00582435
362,104872,1.44048,0.74984,0.90556,0,0,0,0,0,0,0.13015,0.00221,0.00027,0,0,0,0,0,0,0,0,0,0,0,0,0,0,0.90775,0.36355,0,0,0.48584,0.06455,0.44382,0.48636,0.80189,0.72861,0.76264,0.49682,1.29924,0.63915,0.87855,0,0,0,0,0,0,0,0,0,0,0,0,0,0,0,0,0,0,0,0,0,0,0,0,0,0,0,0,0,0,0,0.49682,0.0174154,0.00580515,0.0174154,0.00580515,0.0174154,0.00580515,0.0174154,0.00580515
363,105117,1.44261,0.74485,0.90469,0,0,0,0,0,0,0.13107,0.00221,0.00029,0,0,0,0,0,0,0,0,0,0,0,0,0,0,0.8654,0.36,0,0,0.48604,0.06458,0.44374,0.48655,0.80293,0.72883,0.76295,0.49777,1.29918,0.63842,0.87844,0,0,0,0,0,0,0,0,0,0,0,0,0,0,0,0,0,0,0,0,0,0,0,0,0,0,0,0,0,0,0,0.49777,0.0173578,0.00578593,0.0173578,0.00578593,0.0173578,0.00578593,0.0173578,0.00578593
364,105371,1.44722,0.74773,0.90627,0,0,0,0,0,0,0.13127,0.00221,0.0003,0,0,0,0,0,0,0,0,0,0,0,0,0,0,0.92699,0.37181,0,0,0.48599,0.06453,0.44417,0.4865,0.80367,0.72931,0.76312,0.49768,1.29879,0.63808,0.87833,0,0,0,0,0,0,0,0,0,0,0,0,0,0,0,0,0,0,0,0,0,0,0,0,0,0,0,0,0,0,0,0.49768,0.0173001,0.0057667,0.0173001,0.0057667,0.0173001,0.0057667,0.0173001,0.0057667
365,105619,1.43643,0.74269,0.9004,0,0,0,0,0,0,0.1305,0.00221,0.00021,0,0,0,0,0,0,0,0,0,0,0,0,0,0,0.97216,0.3709,0,0,0.48609,0.06462,0.44361,0.48661,0.80163,0.72961,0.76348,0.49794,1.29834,0.63781,0.87818,0,0,0,0,0,0,0,0,0,0,0,0,0,0,0,0,0,0,0,0,0,0,0,0,0,0,0,0,0,0,0,0.49794,0.0172424,0.00574746,0.0172424,0.00574746,0.0172424,0.00574746,0.0172424,0.00574746
366,105854,1.44065,0.7479,0.90506,0,0,0,0,0,0,0.12976,0.00222,0.00028,0,0,0,0,0,0,0,0,0,0,0,0,0,0,0.92251,0.36911,0,0,0.48613,0.06462,0.44368,0.48665,0.80242,0.72889,0.7637,0.49816,1.29785,0.6377,0.87813,0,0,0,0,0,0,0,0,0,0,0,0,0,0,0,0,0,0,0,0,0,0,0,0,0,0,0,0,0,0,0,0.49816,0.0171846,0.00572821,0.0171846,0.00572821,0.0171846,0.00572821,0.0171846,0.00572821
367,106068,1.42899,0.74166,0.90124,0,0,0,0,0,0,0.12933,0.00222,0.00028,7e-05,0,0,0,0,0,0,0,0,0,0,0,0,0,0.99937,0.36968,0,0,0.4861,0.06464,0.44437,0.48661,0.80208,0.72815,0.76357,0.49833,1.29718,0.63702,0.87788,0,0,0,0,0,0,0,0,0,0,0,0,0,0,0,0,0,0,0,0,0,0,0,0,0,0,0,0,0,0,0,0.49833,0.0171269,0.00570895,0.0171269,0.00570895,0.0171269,0.00570895,0.0171269,0.00570895
368,106322,1.43055,0.74137,0.90365,0,0,0,0,0,0,0.12944,0.00221,0.00024,1e-05,0,0,0,0,0,0,0,0,0,0,0,0,0,0.95725,0.36445,0,0,0.48602,0.0646,0.44289,0.48654,0.80381,0.72742,0.76398,0.49829,1.29668,0.63655,0.87771,0,0,0,0,0,0,0,0,0,0,0,0,0,0,0,0,0,0,0,0,0,0,0,0,0,0,0,0,0,0,0,0.49829,0.017069,0.00568968,0.017069,0.00568968,0.017069,0.00568968,0.017069,0.00568968
369,106574,1.43589,0.74642,0.90444,0,0,0,0,0,0,0.12862,0.00221,0.00035,0,0,0,0,0,0,0,0,0,0,0,0,0,0,0.9493,0.35573,0,0,0.48594,0.06458,0.44444,0.48644,0.80251,0.72805,0.76405,0.49847,1.29605,0.6362,0.87743,0,0,0,0,0,0,0,0,0,0,0,0,0,0,0,0,0,0,0,0,0,0,0,0,0,0,0,0,0,0,0,0.49847,0.0170112,0.0056704,0.0170112,0.0056704,0.0170112,0.0056704,0.0170112,0.0056704
370,106820,1.42022,0.73929,0.90437,0,0,0,0,0,0,0.12959,0.0022,0.00037,0,0,0,0,0,0,0,0,0,0,0,0,0,0,0.87662,0.35693,0,0,0.48593,0.06456,0.44392,0.48644,0.79941,0.72797,0.76337,0.49809,1.29629,0.63594,0.87736,0,0,0,0,0,0,0,0,0,0,0,0,0,0,0,0,0,0,0,0,0,0,0,0,0,0,0,0,0,0,0,0.49809,0.0169533,0.00565111,0.0169533,0.00565111,0.0169533,0.00565111,0.0169533,0.00565111
371,107065,1.43795,0.74436,0.90493,0,0,0,0,0,0,0.13003,0.00221,0.00031,1e-05,0,0,0,0,0,0,0,0,0,0,0,0,0,0.95298,0.36579,0,0,0.48597,0.06457,0.4443,0.48648,0.79974,0.72838,0.76335,0.49849,1.29621,0.6363,0.87726,0,0,0,0,0,0,0,0,0,0,0,0,0,0,0,0,0,0,0,0,0,0,0,0,0,0,0,0,0,0,0,0.49849,0.0168954,0.00563181,0.0168954,0.00563181,0.0168954,0.00563181,0.0168954,0.00563181
372,107315,1.44016,0.74639,0.90174,0,0,0,0,0,0,0.13082,0.0022,0.00026,2e-05,0,0,0,0,0,0,0,0,0,0,0,0,0,0.95152,0.36467,0,0,0.48607,0.06462,0.44383,0.48658,0.79705,0.73033,0.76367,0.49864,1.29567,0.63605,0.87721,0,0,0,0,0,0,0,0,0,0,0,0,0,0,0,0,0,0,0,0,0,0,0,0,0,0,0,0,0,0,0,0.49864,0.0168375,0.0056125,0.0168375,0.0056125,0.0168375,0.0056125,0.0168375,0.0056125
373,107569,1.42953,0.7372,0.90269,0,0,0,0,0,0,0.13067,0.00221,0.00032,3e-05,0,0,0,0,0,0,0,0,0,0,0,0,0,0.88065,0.35878,0,0,0.48603,0.06462,0.44474,0.48653,0.8013,0.72982,0.76443,0.499,1.2946,0.63517,0.87705,0,0,0,0,0,0,0,0,0,0,0,0,0,0,0,0,0,0,0,0,0,0,0,0,0,0,0,0,0,0,0,0.499,0.0167796,0.00559318,0.0167796,0.00559318,0.0167796,0.00559318,0.0167796,0.00559318
374,107822,1.43018,0.74351,0.90361,0,0,0,0,0,0,0.12795,0.0022,0.00031,0,0,0,0,0,0,0,0,0,0,0,0,0,0,0.91116,0.35827,0,0,0.48596,0.06459,0.44427,0.48646,0.80231,0.7302,0.76526,0.49926,1.29428,0.63486,0.87699,0,0,0,0,0,0,0,0,0,0,0,0,0,0,0,0,0,0,0,0,0,0,0,0,0,0,0,0,0,0,0,0.49926,0.0167216,0.00557386,0.0167216,0.00557386,0.0167216,0.00557386,0.0167216,0.00557386
375,108067,1.42619,0.73843,0.90397,0,0,0,0,0,0,0.12966,0.0022,0.00032,0,0,0,0,0,0,0,0,0,0,0,0,0,0,0.96327,0.36415,0,0,0.48595,0.06456,0.44424,0.48645,0.80283,0.73052,0.76546,0.49963,1.29306,0.63403,0.87678,0,0,0,0,0,0,0,0,0,0,0,0,0,0,0,0,0,0,0,0,0,0,0,0,0,0,0,0,0,0,0,0.49963,0.0166636,0.00555453,0.0166636,0.00555453,0.0166636,0.00555453,0.0166636,0.00555453
376,108312,1.4301,0.73549,0.90245,0,0,0,0,0,0,0.12613,0.00221,0.00023,0,0,0,0,0,0,0,0,0,0,0,0,0,0,0.96257,0.36697,0,0,0.48606,0.0646,0.44317,0.48657,0.80281,0.72982,0.7656,0.49967,1.29151,0.63307,0.87669,0,0,0,0,0,0,0,0,0,0,0,0,0,0,0,0,0,0,0,0,0,0,0,0,0,0,0,0,0,0,0,0.49967,0.0166056,0.00553518,0.0166056,0.00553518,0.0166056,0.00553518,0.0166056,0.00553518
377,108556,1.42092,0.73535,0.90321,0,0,0,0,0,0,0.12783,0.0022,0.0003,1e-05,0,0,0,0,0,0,0,0,0,0,0,0,0,0.91149,0.35727,0,0,0.48601,0.0646,0.44422,0.48651,0.79921,0.73048,0.76546,0.49988,1.29144,0.63295,0.87669,0,0,0,0,0,0,0,0,0,0,0,0,0,0,0,0,0,0,0,0,0,0,0,0,0,0,0,0,0,0,0,0.49988,0.0165475,0.00551584,0.0165475,0.00551584,0.0165475,0.00551584,0.0165475,0.00551584
378,108806,1.42033,0.73337,0.9015,0,0,0,0,0,0,0.12945,0.0022,0.00027,1e-05,0,0,0,0,0,0,0,0,0,0,0,0,0,0.89806,0.35692,0,0,0.48602,0.0646,0.44342,0.48654,0.79693,0.7312,0.76613,0.50047,1.29013,0.6327,0.87649,0,0,0,0,0,0,0,0,0,0,0,0,0,0,0,0,0,0,0,0,0,0,0,0,0,0,0,0,0,0,0,0.50047,0.0164894,0.00549648,0.0164894,0.00549648,0.0164894,0.00549648,0.0164894,0.00549648
379,109049,1.42839,0.73579,0.9008,0,0,0,0,0,0,0.12838,0.00221,0.00026,2e-05,0,0,0,0,0,0,0,0,0,0,0,0,0,0.9547,0.35919,0,0,0.48608,0.0646,0.44356,0.4866,0.79828,0.73192,0.76698,0.50061,1.28996,0.63228,0.8765,0,0,0,0,0,0,0,0,0,0,0,0,0,0,0,0,0,0,0,0,0,0,0,0,0,0,0,0,0,0,0,0.50061,0.0164314,0.00547712,0.0164314,0.00547712,0.0164314,0.00547712,0.0164314,0.00547712
380,109289,1.41991,0.73161,0.90063,0,0,0,0,0,0,0.12798,0.0022,0.00036,0,0,0,0,0,0,0,0,0,0,0,0,0,0,1.01715,0.35343,0,0,0.48596,0.06457,0.44342,0.48647,0.79626,0.73281,0.76627,0.50079,1.28877,0.63183,0.87639,0,0,0,0,0,0,0,0,0,0,0,0,0,0,0,0,0,0,0,0,0,0,0,0,0,0,0,0,0,0,0,0.50079,0.0163732,0.00545775,0.0163732,0.00545775,0.0163732,0.00545775,0.0163732,0.00545775
381,109523,1.42569,0.73691,0.90248,0,0,0,0,0,0,0.1301,0.0022,0.00024,3e-05,0,0,0,0,0,0,0,0,0,0,0,0,0,0.96488,0.35194,0,0,0.48594,0.06456,0.44361,0.48645,0.79928,0.73162,0.76681,0.50116,1.28725,0.63111,0.87622,0,0,0,0,0,0,0,0,0,0,0,0,0,0,0,0,0,0,0,0,0,0,0,0,0,0,0,0,0,0,0,0.50116,0.0163151,0.00543837,0.0163151,0.00543837,0.0163151,0.00543837,0.0163151,0.00543837
382,109779,1.41912,0.7346,0.89731,0,0,0,0,0,0,0.12851,0.00219,0.00026,3e-05,0,0,0,0,0,0,0,0,0,0,0,0,0,0.99072,0.35907,0,0,0.48611,0.06464,0.44385,0.48662,0.80079,0.73229,0.76755,0.5015,1.28592,0.63004,0.87614,0,0,0,0,0,0,0,0,0,0,0,0,0,0,0,0,0,0,0,0,0,0,0,0,0,0,0,0,0,0,0,0.5015,0.016257,0.00541899,0.016257,0.00541899,0.016257,0.00541899,0.016257,0.00541899
383,110021,1.4189,0.72989,0.90057,0,0,0,0,0,0,0.12596,0.00219,0.00028,0,0,0,0,0,0,0,0,0,0,0,0,0,0,1.01299,0.36111,0,0,0.48594,0.06457,0.44399,0.48646,0.80245,0.7316,0.76817,0.5015,1.28532,0.62971,0.87596,0,0,0,0,0,0,0,0,0,0,0,0,0,0,0,0,0,0,0,0,0,0,0,0,0,0,0,0,0,0,0,0.5015,0.0161988,0.0053996,0.0161988,0.0053996,0.0161988,0.0053996,0.0161988,0.0053996
384,110266,1.41757,0.72768,0.90033,0,0,0,0,0,0,0.12794,0.00218,0.00025,0,0,0,0,0,0,0,0,0,0,0,0,0,0,0.96458,0.36148,0,0,0.48604,0.06457,0.44348,0.48655,0.80319,0.73214,0.76872,0.50119,1.28524,0.62937,0.87587,0,0,0,0,0,0,0,0,0,0,0,0,0,0,0,0,0,0,0,0,0,0,0,0,0,0,0,0,0,0,0,0.50119,0.0161406,0.00538021,0.0161406,0.00538021,0.0161406,0.00538021,0.0161406,0.00538021
385,110513,1.4248,0.73495,0.90186,0,0,0,0,0,0,0.128,0.00219,0.00028,0,0,0,0,0,0,0,0,0,0,0,0,0,0,0.96484,0.35005,0,0,0.48599,0.06456,0.44401,0.4865,0.80307,0.73322,0.76889,0.50198,1.28461,0.62855,0.87585,0,0,0,0,0,0,0,0,0,0,0,0,0,0,0,0,0,0,0,0,0,0,0,0,0,0,0,0,0,0,0,0.50198,0.0160824,0.00536081,0.0160824,0.00536081,0.0160824,0.00536081,0.0160824,0.00536081
386,110763,1.40341,0.72114,0.8979,0,0,0,0,0,0,0.12841,0.00218,0.00033,0,0,0,0,0,0,0,0,0,0,0,0,0,0,0.99179,0.35241,0,0,0.48591,0.06453,0.44318,0.48643,0.80247,0.73328,0.7693,0.50242,1.28383,0.62823,0.87563,0,0,0,0,0,0,0,0,0,0,0,0,0,0,0,0,0,0,0,0,0,0,0,0,0,0,0,0,0,0,0,0.50242,0.0160242,0.00534141,0.0160242,0.00534141,0.0160242,0.00534141,0.0160242,0.00534141
387,111006,1.41392,0.72859,0.9003,0,0,0,0,0,0,0.12828,0.00217,0.00021,0,0,0,0,0,0,0,0,0,0,0,0,0,0,0.9461,0.35415,0,0,0.48599,0.06452,0.4439,0.48649,0.80279,0.73422,0.76908,0.50242,1.28295,0.62801,0.87554,0,0,0,0,0,0,0,0,0,0,0,0,0,0,0,0,0,0,0,0,0,0,0,0,0,0,0,0,0,0,0,0.50242,0.015966,0.005322,0.015966,0.005322,0.015966,0.005322,0.015966,0.005322
388,111251,1.41508,0.73021,0.89841,0,0,0,0,0,0,0.12709,0.00217,0.0002,0,0,0,0,0,0,0,0,0,0,0,0,0,0,0.97546,0.35952,0,0,0.48597,0.06455,0.44319,0.48649,0.80231,0.73507,0.77061,0.50284,1.28212,0.62789,0.87532,0,0,0,0,0,0,0,0,0,0,0,0,0,0,0,0,0,0,0,0,0,0,0,0,0,0,0,0,0,0,0,0.50284,0.0159078,0.00530259,0.0159078,0.00530259,0.0159078,0.00530259,0.0159078,0.00530259
389,111493,1.41236,0.72719,0.90588,0,0,0,0,0,0,0.12713,0.00216,0.00029,0,0,0,0,0,0,0,0,0,0,0,0,0,0,0.98428,0.35608,0,0,0.48589,0.06451,0.44336,0.48641,0.80436,0.73479,0.77083,0.50255,1.28151,0.62746,0.87523,0,0,0,0,0,0,0,0,0,0,0,0,0,0,0,0,0,0,0,0,0,0,0,0,0,0,0,0,0,0,0,0.50255,0.0158495,0.00528318,0.0158495,0.00528318,0.0158495,0.00528318,0.0158495,0.00528318
390,111733,1.41541,0.73425,0.89736,0,0,0,0,0,0,0.12769,0.00215,0.00023,4e-05,0,0,0,0,0,0,0,0,0,0,0,0,0,0.96776,0.35742,0,0,0.48603,0.06459,0.44386,0.48655,0.80292,0.73631,0.77092,0.50304,1.2801,0.62652,0.87499,0,0,0,0,0,0,0,0,0,0,0,0,0,0,0,0,0,0,0,0,0,0,0,0,0,0,0,0,0,0,0,0.50304,0.0157913,0.00526376,0.0157913,0.00526376,0.0157913,0.00526376,0.0157913,0.00526376
391,111976,1.41648,0.72509,0.90011,0,0,0,0,0,0,0.12745,0.00216,0.00021,0,0,0,0,0,0,0,0,0,0,0,0,0,0,0.96002,0.35576,0,0,0.48591,0.06457,0.44263,0.48636,0.80285,0.73701,0.77149,0.5036,1.27992,0.6266,0.87494,0,0,0,0,0,0,0,0,0,0,0,0,0,0,0,0,0,0,0,0,0,0,0,0,0,0,0,0,0,0,0,0.5036,0.015733,0.00524434,0.015733,0.00524434,0.015733,0.00524434,0.015733,0.00524434
392,112219,1.40211,0.72339,0.89731,0,0,0,0,0,0,0.12712,0.00216,0.00031,5e-05,0,0,0,0,0,0,0,0,0,0,0,0,0,0.96203,0.35483,0,0,0.48596,0.06455,0.44287,0.48648,0.80362,0.73716,0.77186,0.50411,1.27955,0.6263,0.87493,0,0,0,0,0,0,0,0,0,0,0,0,0,0,0,0,0,0,0,0,0,0,0,0,0,0,0,0,0,0,0,0.50411,0.0156747,0.00522491,0.0156747,0.00522491,0.0156747,0.00522491,0.0156747,0.00522491
393,112458,1.41049,0.72274,0.89704,0,0,0,0,0,0,0.12743,0.00218,0.0003,0,0,0,0,0,0,0,0,0,0,0,0,0,0,1.17207,0.36014,0,0,0.48588,0.06453,0.44381,0.48639,0.80375,0.73735,0.77234,0.50408,1.27872,0.62527,0.87479,0,0,0,0,0,0,0,0,0,0,0,0,0,0,0,0,0,0,0,0,0,0,0,0,0,0,0,0,0,0,0,0.50408,0.0156164,0.00520548,0.0156164,0.00520548,0.0156164,0.00520548,0.0156164,0.00520548
394,112685,1.4061,0.72155,0.89623,0,0,0,0,0,0,0.12661,0.00217,0.00024,3e-05,0,0,0,0,0,0,0,0,0,0,0,0,0,0.94144,0.3464,0,0,0.48599,0.06458,0.44315,0.48652,0.80485,0.73666,0.77265,0.50418,1.278,0.62497,0.87467,0,0,0,0,0,0,0,0,0,0,0,0,0,0,0,0,0,0,0,0,0,0,0,0,0,0,0,0,0,0,0,0.50418,0.0155582,0.00518605,0.0155582,0.00518605,0.0155582,0.00518605,0.0155582,0.00518605
395,112905,1.41263,0.728,0.89818,0,0,0,0,0,0,0.12803,0.00215,0.00028,3e-05,0,0,0,0,0,0,0,0,0,0,0,0,0,0.942,0.3476,0,0,0.48603,0.06455,0.44382,0.48654,0.8041,0.73737,0.77243,0.50427,1.27741,0.62449,0.87457,0,0,0,0,0,0,0,0,0,0,0,0,0,0,0,0,0,0,0,0,0,0,0,0,0,0,0,0,0,0,0,0.50427,0.0154999,0.00516662,0.0154999,0.00516662,0.0154999,0.00516662,0.0154999,0.00516662
396,113149,1.40086,0.72455,0.89406,0,0,0,0,0,0,0.12619,0.00216,0.00021,0,0,0,0,0,0,0,0,0,0,0,0,0,0,0.96208,0.3483,0,0,0.48595,0.06456,0.44358,0.48647,0.80226,0.73824,0.77267,0.50399,1.27767,0.62469,0.87456,0,0,0,0,0,0,0,0,0,0,0,0,0,0,0,0,0,0,0,0,0,0,0,0,0,0,0,0,0,0,0,0.50399,0.0154416,0.00514719,0.0154416,0.00514719,0.0154416,0.00514719,0.0154416,0.00514719
397,113389,1.39784,0.71787,0.8941,0,0,0,0,0,0,0.12683,0.00216,0.00025,0,0,0,0,0,0,0,0,0,0,0,0,0,0,0.93515,0.35049,0,0,0.48602,0.06459,0.44423,0.48653,0.80314,0.73853,0.77257,0.50461,1.27692,0.62384,0.87449,0,0,0,0,0,0,0,0,0,0,0,0,0,0,0,0,0,0,0,0,0,0,0,0,0,0,0,0,0,0,0,0.50461,0.0153833,0.00512775,0.0153833,0.00512775,0.0153833,0.00512775,0.0153833,0.00512775
398,113628,1.40267,0.72457,0.89639,0,0,0,0,0,0,0.12691,0.00215,0.00033,1e-05,0,0,0,0,0,0,0,0,0,0,0,0,0,0.87538,0.34631,0,0,0.48597,0.06461,0.44387,0.4865,0.80394,0.73888,0.77352,0.50498,1.27677,0.62351,0.87447,0,0,0,0,0,0,0,0,0,0,0,0,0,0,0,0,0,0,0,0,0,0,0,0,0,0,0,0,0,0,0,0.50498,0.0153249,0.00510831,0.0153249,0.00510831,0.0153249,0.00510831,0.0153249,0.00510831
399,113868,1.39673,0.71759,0.89534,0,0,0,0,0,0,0.12491,0.00215,0.00026,0,0,0,0,0,0,0,0,0,0,0,0,0,0,0.92406,0.34479,0,0,0.48592,0.06454,0.44253,0.48645,0.80426,0.74007,0.77338,0.5048,1.27607,0.62356,0.87434,0,0,0,0,0,0,0,0,0,0,0,0,0,0,0,0,0,0,0,0,0,0,0,0,0,0,0,0,0,0,0,0.5048,0.0152666,0.00508888,0.0152666,0.00508888,0.0152666,0.00508888,0.0152666,0.00508888
400,114106,1.40419,0.72202,0.89823,0,0,0,0,0,0,0.12613,0.00214,0.00018,4e-05,0,0,0,0,0,0,0,0,0,0,0,0,0,0.96569,0.35273,0,0,0.48599,0.06456,0.44241,0.48651,0.80417,0.73946,0.77307,0.50533,1.27537,0.62299,0.87425,0,0,0,0,0,0,0,0,0,0,0,0,0,0,0,0,0,0,0,0,0,0,0,0,0,0,0,0,0,0,0,0.50533,0.0152083,0.00506944,0.0152083,0.00506944,0.0152083,0.00506944,0.0152083,0.00506944
401,114351,1.39765,0.71949,0.89472,0,0,0,0,0,0,0.12703,0.00214,0.0003,0,0,0,0,0,0,0,0,0,0,0,0,0,0,0.97696,0.35417,0,0,0.48602,0.06458,0.44256,0.48654,0.80427,0.73884,0.77333,0.50484,1.27497,0.62266,0.87414,0,0,0,0,0,0,0,0,0,0,0,0,0,0,0,0,0,0,0,0,0,0,0,0,0,0,0,0,0,0,0,0.50484,0.01515,0.00505,0.01515,0.00505,0.01515,0.00505,0.01515,0.00505
402,114602,1.4003,0.71769,0.89566,0,0,0,0,0,0,0.12621,0.00214,0.00023,0,0,0,0,0,0,0,0,0,0,0,0,0,0,0.94963,0.34929,0,0,0.48596,0.06453,0.44322,0.48648,0.80625,0.73875,0.77275,0.5052,1.27539,0.62262,0.87421,0,0,0,0,0,0,0,0,0,0,0,0,0,0,0,0,0,0,0,0,0,0,0,0,0,0,0,0,0,0,0,0.5052,0.0150917,0.00503056,0.0150917,0.00503056,0.0150917,0.00503056,0.0150917,0.00503056
403,114842,1.39905,0.71981,0.89355,0,0,0,0,0,0,0.1254,0.00214,0.00024,0,0,0,0,0,0,0,0,0,0,0,0,0,0,0.94758,0.35345,0,0,0.48594,0.06457,0.44253,0.48647,0.80386,0.74056,0.77431,0.50505,1.27578,0.6223,0.87421,0,0,0,0,0,0,0,0,0,0,0,0,0,0,0,0,0,0,0,0,0,0,0,0,0,0,0,0,0,0,0,0.50505,0.0150334,0.00501112,0.0150334,0.00501112,0.0150334,0.00501112,0.0150334,0.00501112
404,115083,1.38955,0.7154,0.89514,0,0,0,0,0,0,0.12559,0.00212,0.00021,0,0,0,0,0,0,0,0,0,0,0,0,0,0,0.93646,0.35553,0,0,0.48599,0.06458,0.44339,0.48641,0.80581,0.74024,0.77497,0.5052,1.27537,0.62183,0.87417,0,0,0,0,0,0,0,0,0,0,0,0,0,0,0,0,0,0,0,0,0,0,0,0,0,0,0,0,0,0,0,0.5052,0.0149751,0.00499169,0.0149751,0.00499169,0.0149751,0.00499169,0.0149751,0.00499169
405,115332,1.39259,0.7159,0.89426,0,0,0,0,0,0,0.12607,0.00214,0.00027,0,0,0,0,0,0,0,0,0,0,0,0,0,0,1.01339,0.35797,0,0,0.48595,0.06454,0.44358,0.48646,0.80537,0.73989,0.7749,0.50525,1.27489,0.62117,0.87412,0,0,0,0,0,0,0,0,0,0,0,0,0,0,0,0,0,0,0,0,0,0,0,0,0,0,0,0,0,0,0,0.50525,0.0149167,0.00497225,0.0149167,0.00497225,0.0149167,0.00497225,0.0149167,0.00497225
406,115573,1.39054,0.71113,0.89638,0,0,0,0,0,0,0.12492,0.00212,0.00025,0,0,0,0,0,0,0,0,0,0,0,0,0,0,0.93794,0.3569,0,0,0.48601,0.06457,0.44352,0.48653,0.8054,0.74004,0.77499,0.50551,1.27417,0.62087,0.87398,0,0,0,0,0,0,0,0,0,0,0,0,0,0,0,0,0,0,0,0,0,0,0,0,0,0,0,0,0,0,0,0.50551,0.0148584,0.00495281,0.0148584,0.00495281,0.0148584,0.00495281,0.0148584,0.00495281
407,115809,1.39223,0.70859,0.89665,0,0,0,0,0,0,0.12696,0.00212,0.00027,2e-05,0,0,0,0,0,0,0,0,0,0,0,0,0,1.00239,0.34615,0,0,0.48599,0.06459,0.44375,0.4865,0.80471,0.73952,0.77426,0.50559,1.27359,0.62091,0.8739,0,0,0,0,0,0,0,0,0,0,0,0,0,0,0,0,0,0,0,0,0,0,0,0,0,0,0,0,0,0,0,0.50559,0.0148001,0.00493338,0.0148001,0.00493338,0.0148001,0.00493338,0.0148001,0.00493338
408,116047,1.38899,0.7127,0.89556,0,0,0,0,0,0,0.12478,0.00213,0.00028,6e-05,0,0,0,0,0,0,0,0,0,0,0,0,0,0.98358,0.34724,0,0,0.48596,0.06454,0.44313,0.48648,0.80304,0.73996,0.77464,0.50618,1.27318,0.62035,0.87372,0,0,0,0,0,0,0,0,0,0,0,0,0,0,0,0,0,0,0,0,0,0,0,0,0,0,0,0,0,0,0,0.50618,0.0147418,0.00491395,0.0147418,0.00491395,0.0147418,0.00491395,0.0147418,0.00491395
409,116232,1.38692,0.70828,0.89441,0,0,0,0,0,0,0.12576,0.00211,0.00028,0,0,0,0,0,0,0,0,0,0,0,0,0,0,0.88724,0.34464,0,0,0.48595,0.06461,0.44312,0.48647,0.80422,0.74086,0.77507,0.50618,1.27281,0.61984,0.8735,0,0,0,0,0,0,0,0,0,0,0,0,0,0,0,0,0,0,0,0,0,0,0,0,0,0,0,0,0,0,0,0.50618,0.0146836,0.00489452,0.0146836,0.00489452,0.0146836,0.00489452,0.0146836,0.00489452
410,116466,1.39179,0.71256,0.8913,0,0,0,0,0,0,0.12509,0.0021,0.00021,0,0,0,0,0,0,0,0,0,0,0,0,0,0,0.92596,0.3391,0,0,0.48601,0.06456,0.44397,0.48652,0.80446,0.74063,0.77531,0.50667,1.27299,0.61976,0.87375,0,0,0,0,0,0,0,0,0,0,0,0,0,0,0,0,0,0,0,0,0,0,0,0,0,0,0,0,0,0,0,0.50667,0.0146253,0.00487509,0.0146253,0.00487509,0.0146253,0.00487509,0.0146253,0.00487509
411,116695,1.38061,0.70743,0.892,0,0,0,0,0,0,0.1244,0.0021,0.00025,8e-05,0,0,0,0,0,0,0,0,0,0,0,0,0,0.94135,0.34211,0,0,0.48585,0.06452,0.44302,0.48628,0.80793,0.74142,0.77663,0.50695,1.27282,0.61904,0.87367,0,0,0,0,0,0,0,0,0,0,0,0,0,0,0,0,0,0,0,0,0,0,0,0,0,0,0,0,0,0,0,0.50695,0.014567,0.00485566,0.014567,0.00485566,0.014567,0.00485566,0.014567,0.00485566
412,116924,1.37846,0.70567,0.89034,0,0,0,0,0,0,0.12466,0.0021,0.00025,3e-05,0,0,0,0,0,0,0,0,0,0,0,0,0,0.91163,0.34573,0,0,0.48601,0.06459,0.44322,0.48653,0.81005,0.74056,0.77672,0.50657,1.27211,0.61863,0.8735,0,0,0,0,0,0,0,0,0,0,0,0,0,0,0,0,0,0,0,0,0,0,0,0,0,0,0,0,0,0,0,0.50657,0.0145087,0.00483624,0.0145087,0.00483624,0.0145087,0.00483624,0.0145087,0.00483624
413,117155,1.38615,0.71059,0.89361,0,0,0,0,0,0,0.12502,0.00209,0.00021,0,0,0,0,0,0,0,0,0,0,0,0,0,0,0.97051,0.34564,0,0,0.486,0.0646,0.44338,0.48651,0.80732,0.74167,0.77675,0.50676,1.27144,0.61835,0.87345,0,0,0,0,0,0,0,0,0,0,0,0,0,0,0,0,0,0,0,0,0,0,0,0,0,0,0,0,0,0,0,0.50676,0.0144505,0.00481682,0.0144505,0.00481682,0.0144505,0.00481682,0.0144505,0.00481682
414,117385,1.38409,0.70713,0.89273,0,0,0,0,0,0,0.125,0.00209,0.00022,1e-05,0,0,0,0,0,0,0,0,0,0,0,0,0,0.96206,0.3432,0,0,0.48601,0.0646,0.44395,0.48654,0.80911,0.74109,0.77631,0.50688,1.27066,0.61805,0.87321,0,0,0,0,0,0,0,0,0,0,0,0,0,0,0,0,0,0,0,0,0,0,0,0,0,0,0,0,0,0,0,0.50688,0.0143922,0.00479741,0.0143922,0.00479741,0.0143922,0.00479741,0.0143922,0.00479741
415,117615,1.38888,0.70898,0.89148,0,0,0,0,0,0,0.12563,0.00209,0.00019,2e-05,0,0,0,0,0,0,0,0,0,0,0,0,0,1.06663,0.3419,0,0,0.48599,0.06454,0.44318,0.48641,0.80921,0.74296,0.77756,0.50749,1.27057,0.61748,0.8732,0,0,0,0,0,0,0,0,0,0,0,0,0,0,0,0,0,0,0,0,0,0,0,0,0,0,0,0,0,0,0,0.50749,0.014334,0.004778,0.014334,0.004778,0.014334,0.004778,0.014334,0.004778
416,117848,1.37712,0.70586,0.89089,0,0,0,0,0,0,0.12517,0.00209,0.00027,0,0,0,0,0,0,0,0,0,0,0,0,0,0,1.01715,0.3442,0,0,0.48604,0.06461,0.44354,0.48655,0.81043,0.74387,0.7781,0.50787,1.2695,0.61703,0.87312,0,0,0,0,0,0,0,0,0,0,0,0,0,0,0,0,0,0,0,0,0,0,0,0,0,0,0,0,0,0,0,0.50787,0.0142758,0.00475859,0.0142758,0.00475859,0.0142758,0.00475859,0.0142758,0.00475859
417,118079,1.3728,0.70382,0.8924,0,0,0,0,0,0,0.12387,0.00208,0.00023,0,0,0,0,0,0,0,0,0,0,0,0,0,0,0.90646,0.34183,0,0,0.48595,0.06456,0.4432,0.48647,0.81086,0.74307,0.77835,0.50746,1.26918,0.61662,0.87298,0,0,0,0,0,0,0,0,0,0,0,0,0,0,0,0,0,0,0,0,0,0,0,0,0,0,0,0,0,0,0,0.50746,0.0142176,0.00473919,0.0142176,0.00473919,0.0142176,0.00473919,0.0142176,0.00473919
418,118308,1.37416,0.6999,0.88962,0,0,0,0,0,0,0.12459,0.00207,0.0002,0,0,0,0,0,0,0,0,0,0,0,0,0,0,0.93652,0.34158,0,0,0.48596,0.06453,0.44274,0.48649,0.81193,0.7429,0.77926,0.50757,1.26823,0.61645,0.87284,0,0,0,0,0,0,0,0,0,0,0,0,0,0,0,0,0,0,0,0,0,0,0,0,0,0,0,0,0,0,0,0.50757,0.0141594,0.00471979,0.0141594,0.00471979,0.0141594,0.00471979,0.0141594,0.00471979
419,118535,1.37445,0.70303,0.89093,0,0,0,0,0,0,0.12361,0.00207,0.00034,1e-05,0,0,0,0,0,0,0,0,0,0,0,0,0,0.96501,0.34367,0,0,0.48594,0.06454,0.44343,0.48645,0.81141,0.7442,0.77925,0.50833,1.26778,0.61551,0.87278,0,0,0,0,0,0,0,0,0,0,0,0,0,0,0,0,0,0,0,0,0,0,0,0,0,0,0,0,0,0,0,0.50833,0.0141012,0.0047004,0.0141012,0.0047004,0.0141012,0.0047004,0.0141012,0.0047004
420,118766,1.36853,0.70195,0.88852,0,0,0,0,0,0,0.12506,0.00207,0.0003,0,0,0,0,0,0,0,0,0,0,0,0,0,0,0.94327,0.34321,0,0,0.48593,0.06456,0.44434,0.48644,0.81348,0.74313,0.7793,0.50872,1.26667,0.61493,0.8728,0,0,0,0,0,0,0,0,0,0,0,0,0,0,0,0,0,0,0,0,0,0,0,0,0,0,0,0,0,0,0,0.50872,0.014043,0.00468101,0.014043,0.00468101,0.014043,0.00468101,0.014043,0.00468101
421,118994,1.37104,0.69939,0.88961,0,0,0,0,0,0,0.12452,0.00207,0.00023,0,0,0,0,0,0,0,0,0,0,0,0,0,0,0.87924,0.34372,0,0,0.48599,0.06458,0.44462,0.48649,0.8157,0.74215,0.78053,0.50867,1.26542,0.61397,0.87262,0,0,0,0,0,0,0,0,0,0,0,0,0,0,0,0,0,0,0,0,0,0,0,0,0,0,0,0,0,0,0,0.50867,0.0139849,0.00466163,0.0139849,0.00466163,0.0139849,0.00466163,0.0139849,0.00466163
422,119221,1.37703,0.70888,0.89252,0,0,0,0,0,0,0.12586,0.00207,0.00031,1e-05,0,0,0,0,0,0,0,0,0,0,0,0,0,0.91562,0.34681,0,0,0.48603,0.06458,0.4448,0.48653,0.81653,0.74252,0.78186,0.50935,1.26501,0.61405,0.87265,0,0,0,0,0,0,0,0,0,0,0,0,0,0,0,0,0,0,0,0,0,0,0,0,0,0,0,0,0,0,0,0.50935,0.0139268,0.00464225,0.0139268,0.00464225,0.0139268,0.00464225,0.0139268,0.00464225
423,119449,1.36355,0.69809,0.89042,0,0,0,0,0,0,0.12353,0.00207,0.0002,4e-05,0,0,0,0,0,0,0,0,0,0,0,0,0,0.93676,0.34387,0,0,0.48593,0.06456,0.443,0.48635,0.81619,0.74322,0.7818,0.50898,1.26415,0.61361,0.87261,0,0,0,0,0,0,0,0,0,0,0,0,0,0,0,0,0,0,0,0,0,0,0,0,0,0,0,0,0,0,0,0.50898,0.0138686,0.00462288,0.0138686,0.00462288,0.0138686,0.00462288,0.0138686,0.00462288
424,119675,1.36867,0.6992,0.88722,0,0,0,0,0,0,0.12304,0.00207,0.00028,0,0,0,0,0,0,0,0,0,0,0,0,0,0,0.90875,0.34688,0,0,0.48603,0.0646,0.44315,0.48655,0.81647,0.74376,0.78188,0.50956,1.2639,0.61326,0.87251,0,0,0,0,0,0,0,0,0,0,0,0,0,0,0,0,0,0,0,0,0,0,0,0,0,0,0,0,0,0,0,0.50956,0.0138106,0.00460352,0.0138106,0.00460352,0.0138106,0.00460352,0.0138106,0.00460352
425,119902,1.36981,0.70018,0.88788,0,0,0,0,0,0,0.12386,0.00208,0.00022,1e-05,0,0,0,0,0,0,0,0,0,0,0,0,0,0.94836,0.35127,0,0,0.48602,0.0646,0.44358,0.48653,0.81761,0.74422,0.78256,0.50924,1.26325,0.61315,0.8725,0,0,0,0,0,0,0,0,0,0,0,0,0,0,0,0,0,0,0,0,0,0,0,0,0,0,0,0,0,0,0,0.50924,0.0137525,0.00458416,0.0137525,0.00458416,0.0137525,0.00458416,0.0137525,0.00458416
426,120128,1.37222,0.70063,0.88989,0,0,0,0,0,0,0.1236,0.00208,0.00019,0,0,0,0,0,0,0,0,0,0,0,0,0,0,0.96538,0.35252,0,0,0.48599,0.06457,0.44321,0.48651,0.81551,0.74481,0.78218,0.50907,1.26383,0.61303,0.87262,0,0,0,0,0,0,0,0,0,0,0,0,0,0,0,0,0,0,0,0,0,0,0,0,0,0,0,0,0,0,0,0.50907,0.0136944,0.00456482,0.0136944,0.00456482,0.0136944,0.00456482,0.0136944,0.00456482
427,120357,1.36517,0.69822,0.89282,0,0,0,0,0,0,0.12282,0.00207,0.0002,5e-05,0,0,0,0,0,0,0,0,0,0,0,0,0,0.93635,0.33521,0,0,0.48596,0.06463,0.44407,0.48648,0.81611,0.74603,0.78349,0.50895,1.26281,0.61184,0.8724,0,0,0,0,0,0,0,0,0,0,0,0,0,0,0,0,0,0,0,0,0,0,0,0,0,0,0,0,0,0,0,0.50895,0.0136364,0.00454547,0.0136364,0.00454547,0.0136364,0.00454547,0.0136364,0.00454547
428,120584,1.36678,0.69614,0.88727,0,0,0,0,0,0,0.12287,0.00206,0.00028,0,0,0,0,0,0,0,0,0,0,0,0,0,0,0.97258,0.33727,0,0,0.48597,0.06457,0.44336,0.48649,0.81756,0.74537,0.7836,0.50895,1.26229,0.61181,0.87237,0,0,0,0,0,0,0,0,0,0,0,0,0,0,0,0,0,0,0,0,0,0,0,0,0,0,0,0,0,0,0,0.50895,0.0135784,0.00452614,0.0135784,0.00452614,0.0135784,0.00452614,0.0135784,0.00452614
429,120815,1.36913,0.69978,0.88797,0,0,0,0,0,0,0.12272,0.00204,0.00019,1e-05,0,0,0,0,0,0,0,0,0,0,0,0,0,0.99193,0.33924,0,0,0.486,0.0646,0.44257,0.48653,0.81774,0.746,0.78382,0.50907,1.26195,0.61141,0.87227,0,0,0,0,0,0,0,0,0,0,0,0,0,0,0,0,0,0,0,0,0,0,0,0,0,0,0,0,0,0,0,0.50907,0.0135204,0.00450682,0.0135204,0.00450682,0.0135204,0.00450682,0.0135204,0.00450682
430,121043,1.36282,0.69315,0.88882,0,0,0,0,0,0,0.12307,0.00206,0.00019,0,0,0,0,0,0,0,0,0,0,0,0,0,0,0.99089,0.33837,0,0,0.48592,0.06458,0.44332,0.48634,0.81686,0.74639,0.78383,0.50886,1.262,0.61108,0.87208,0,0,0,0,0,0,0,0,0,0,0,0,0,0,0,0,0,0,0,0,0,0,0,0,0,0,0,0,0,0,0,0.50886,0.0134625,0.0044875,0.0134625,0.0044875,0.0134625,0.0044875,0.0134625,0.0044875
431,121269,1.36583,0.69561,0.89192,0,0,0,0,0,0,0.12377,0.00206,0.00022,0,0,0,0,0,0,0,0,0,0,0,0,0,0,1.03891,0.34133,0,0,0.48596,0.06453,0.44384,0.48648,0.81547,0.7462,0.78268,0.509,1.26177,0.61103,0.87199,0,0,0,0,0,0,0,0,0,0,0,0,0,0,0,0,0,0,0,0,0,0,0,0,0,0,0,0,0,0,0,0.509,0.0134046,0.00446819,0.0134046,0.00446819,0.0134046,0.00446819,0.0134046,0.00446819
432,121498,1.36283,0.69817,0.8885,0,0,0,0,0,0,0.12356,0.00206,0.00023,0,0,0,0,0,0,0,0,0,0,0,0,0,0,1.04776,0.34217,0,0,0.48598,0.0646,0.44345,0.48641,0.81957,0.74617,0.78331,0.50931,1.26116,0.61055,0.87195,0,0,0,0,0,0,0,0,0,0,0,0,0,0,0,0,0,0,0,0,0,0,0,0,0,0,0,0,0,0,0,0.50931,0.0133467,0.00444889,0.0133467,0.00444889,0.0133467,0.00444889,0.0133467,0.00444889
433,121726,1.36167,0.69084,0.88689,0,0,0,0,0,0,0.12343,0.00205,0.00021,1e-05,0,0,0,0,0,0,0,0,0,0,0,0,0,0.93537,0.33939,0,0,0.48604,0.06459,0.44327,0.48656,0.82099,0.74593,0.78368,0.50988,1.26066,0.61023,0.87188,0,0,0,0,0,0,0,0,0,0,0,0,0,0,0,0,0,0,0,0,0,0,0,0,0,0,0,0,0,0,0,0.50988,0.0132888,0.0044296,0.0132888,0.0044296,0.0132888,0.0044296,0.0132888,0.0044296
434,121953,1.35137,0.69408,0.88993,0,0,0,0,0,0,0.12224,0.00205,0.00022,0,0,0,0,0,0,0,0,0,0,0,0,0,0,0.97747,0.33798,0,0,0.48595,0.06456,0.44367,0.48647,0.82075,0.74671,0.78398,0.51024,1.25994,0.61013,0.87184,0,0,0,0,0,0,0,0,0,0,0,0,0,0,0,0,0,0,0,0,0,0,0,0,0,0,0,0,0,0,0,0.51024,0.013231,0.00441032,0.013231,0.00441032,0.013231,0.00441032,0.013231,0.00441032
435,122181,1.35493,0.68946,0.88704,0,0,0,0,0,0,0.12361,0.00204,0.00027,1e-05,0,0,0,0,0,0,0,0,0,0,0,0,0,0.98052,0.33733,0,0,0.48598,0.06456,0.44368,0.48649,0.81972,0.7474,0.78397,0.51021,1.25879,0.60936,0.87171,0,0,0,0,0,0,0,0,0,0,0,0,0,0,0,0,0,0,0,0,0,0,0,0,0,0,0,0,0,0,0,0.51021,0.0131731,0.00439105,0.0131731,0.00439105,0.0131731,0.00439105,0.0131731,0.00439105
436,122410,1.35659,0.69622,0.88586,0,0,0,0,0,0,0.12407,0.00204,0.00025,4e-05,0,0,0,0,0,0,0,0,0,0,0,0,0,0.95519,0.33849,0,0,0.48595,0.06457,0.44338,0.48648,0.81946,0.74701,0.78387,0.51016,1.25902,0.60906,0.87161,0,0,0,0,0,0,0,0,0,0,0,0,0,0,0,0,0,0,0,0,0,0,0,0,0,0,0,0,0,0,0,0.51016,0.0131154,0.00437179,0.0131154,0.00437179,0.0131154,0.00437179,0.0131154,0.00437179
437,122638,1.35481,0.68827,0.88594,0,0,0,0,0,0,0.12386,0.00204,0.00025,0,0,0,0,0,0,0,0,0,0,0,0,0,0,0.92798,0.33308,0,0,0.486,0.06458,0.44417,0.48651,0.82179,0.74664,0.78417,0.51044,1.25833,0.6088,0.87152,0,0,0,0,0,0,0,0,0,0,0,0,0,0,0,0,0,0,0,0,0,0,0,0,0,0,0,0,0,0,0,0.51044,0.0130576,0.00435254,0.0130576,0.00435254,0.0130576,0.00435254,0.0130576,0.00435254
438,122867,1.35773,0.69132,0.88839,0,0,0,0,0,0,0.12236,0.00205,0.00025,0,0,0,0,0,0,0,0,0,0,0,0,0,0,0.92492,0.32568,0,0,0.48596,0.06451,0.44363,0.48647,0.82394,0.74659,0.78458,0.51089,1.25719,0.60829,0.87129,0,0,0,0,0,0,0,0,0,0,0,0,0,0,0,0,0,0,0,0,0,0,0,0,0,0,0,0,0,0,0,0.51089,0.0129999,0.0043333,0.0129999,0.0043333,0.0129999,0.0043333,0.0129999,0.0043333
439,123093,1.3554,0.69101,0.88347,0,0,0,0,0,0,0.12231,0.00204,0.0003,0,0,0,0,0,0,0,0,0,0,0,0,0,0,0.90643,0.32799,0,0,0.48603,0.06461,0.44293,0.48655,0.82224,0.74701,0.78596,0.51126,1.25649,0.60811,0.87102,0,0,0,0,0,0,0,0,0,0,0,0,0,0,0,0,0,0,0,0,0,0,0,0,0,0,0,0,0,0,0,0.51126,0.0129422,0.00431407,0.0129422,0.00431407,0.0129422,0.00431407,0.0129422,0.00431407
440,123325,1.34688,0.69086,0.8855,0,0,0,0,0,0,0.12227,0.00204,0.00026,5e-05,0,0,0,0,0,0,0,0,0,0,0,0,0,0.90558,0.33186,0,0,0.48596,0.06456,0.44392,0.48648,0.82254,0.74744,0.78592,0.51163,1.25612,0.60787,0.87104,0,0,0,0,0,0,0,0,0,0,0,0,0,0,0,0,0,0,0,0,0,0,0,0,0,0,0,0,0,0,0,0.51163,0.0128846,0.00429485,0.0128846,0.00429485,0.0128846,0.00429485,0.0128846,0.00429485
441,123557,1.35295,0.6943,0.88672,0,0,0,0,0,0,0.1225,0.00204,0.00023,0.00011,0,0,0,0,0,0,0,0,0,0,0,0,0,0.95025,0.32093,0,0,0.486,0.06461,0.44417,0.48652,0.82348,0.74685,0.78545,0.51178,1.25619,0.60749,0.8709,0,0,0,0,0,0,0,0,0,0,0,0,0,0,0,0,0,0,0,0,0,0,0,0,0,0,0,0,0,0,0,0.51178,0.0128269,0.00427565,0.0128269,0.00427565,0.0128269,0.00427565,0.0128269,0.00427565
442,123786,1.34674,0.6898,0.88483,0,0,0,0,0,0,0.12074,0.00205,0.00025,0,0,0,0,0,0,0,0,0,0,0,0,0,0,0.95429,0.32464,0,0,0.48596,0.06457,0.4433,0.48648,0.82221,0.74839,0.78629,0.5119,1.25663,0.60734,0.87066,0,0,0,0,0,0,0,0,0,0,0,0,0,0,0,0,0,0,0,0,0,0,0,0,0,0,0,0,0,0,0,0.5119,0.0127694,0.00425646,0.0127694,0.00425646,0.0127694,0.00425646,0.0127694,0.00425646
443,124019,1.35354,0.69185,0.88668,0,0,0,0,0,0,0.1207,0.00204,0.00019,0,0,0,0,0,0,0,0,0,0,0,0,0,0,0.95222,0.32624,0,0,0.48598,0.06456,0.44359,0.48649,0.82152,0.74844,0.78628,0.51269,1.25573,0.60665,0.8707,0,0,0,0,0,0,0,0,0,0,0,0,0,0,0,0,0,0,0,0,0,0,0,0,0,0,0,0,0,0,0,0.51269,0.0127118,0.00423728,0.0127118,0.00423728,0.0127118,0.00423728,0.0127118,0.00423728
444,124253,1.3482,0.68571,0.88153,0,0,0,0,0,0,0.12131,0.00203,0.00028,0,0,0,0,0,0,0,0,0,0,0,0,0,0,1.01485,0.33432,0,0,0.48606,0.06456,0.44402,0.48658,0.82029,0.74967,0.78711,0.51292,1.25539,0.60638,0.87064,0,0,0,0,0,0,0,0,0,0,0,0,0,0,0,0,0,0,0,0,0,0,0,0,0,0,0,0,0,0,0,0.51292,0.0126543,0.00421811,0.0126543,0.00421811,0.0126543,0.00421811,0.0126543,0.00421811
445,124487,1.34428,0.68394,0.88285,0,0,0,0,0,0,0.12245,0.00202,0.00026,1e-05,0,0,0,0,0,0,0,0,0,0,0,0,0,0.97906,0.33748,0,0,0.48601,0.06458,0.44411,0.48652,0.82007,0.74941,0.78684,0.51318,1.25484,0.60594,0.87049,0,0,0,0,0,0,0,0,0,0,0,0,0,0,0,0,0,0,0,0,0,0,0,0,0,0,0,0,0,0,0,0.51318,0.0125969,0.00419895,0.0125969,0.00419895,0.0125969,0.00419895,0.0125969,0.00419895
446,124720,1.33444,0.67918,0.88366,0,0,0,0,0,0,0.12196,0.00202,0.00019,0,0,0,0,0,0,0,0,0,0,0,0,0,0,0.98023,0.3341,0,0,0.48589,0.06454,0.44388,0.48641,0.81914,0.74962,0.78656,0.51256,1.25547,0.60569,0.87047,0,0,0,0,0,0,0,0,0,0,0,0,0,0,0,0,0,0,0,0,0,0,0,0,0,0,0,0,0,0,0,0.51256,0.0125394,0.00417981,0.0125394,0.00417981,0.0125394,0.00417981,0.0125394,0.00417981
447,124953,1.34164,0.68021,0.88696,0,0,0,0,0,0,0.12113,0.00203,0.00024,1e-05,0,0,0,0,0,0,0,0,0,0,0,0,0,0.98441,0.33626,0,0,0.48585,0.06454,0.44355,0.48637,0.82168,0.74827,0.78649,0.51272,1.25575,0.60544,0.8705,0,0,0,0,0,0,0,0,0,0,0,0,0,0,0,0,0,0,0,0,0,0,0,0,0,0,0,0,0,0,0,0.51272,0.012482,0.00416068,0.012482,0.00416068,0.012482,0.00416068,0.012482,0.00416068
448,125193,1.3356,0.67869,0.8808,0,0,0,0,0,0,0.12168,0.00203,0.00018,2e-05,0,0,0,0,0,0,0,0,0,0,0,0,0,1.04669,0.34176,0,0,0.48601,0.06457,0.44474,0.48652,0.82277,0.74872,0.78731,0.51312,1.25573,0.60511,0.87041,0,0,0,0,0,0,0,0,0,0,0,0,0,0,0,0,0,0,0,0,0,0,0,0,0,0,0,0,0,0,0,0.51312,0.0124247,0.00414156,0.0124247,0.00414156,0.0124247,0.00414156,0.0124247,0.00414156
449,125432,1.3451,0.68475,0.8842,0,0,0,0,0,0,0.12128,0.00201,0.0002,1e-05,0,0,0,0,0,0,0,0,0,0,0,0,0,1.01277,0.33225,0,0,0.48606,0.06457,0.4439,0.48658,0.82124,0.74932,0.78695,0.51332,1.25528,0.60485,0.87044,0,0,0,0,0,0,0,0,0,0,0,0,0,0,0,0,0,0,0,0,0,0,0,0,0,0,0,0,0,0,0,0.51332,0.0123674,0.00412246,0.0123674,0.00412246,0.0123674,0.00412246,0.0123674,0.00412246
450,125667,1.33446,0.68171,0.88764,0,0,0,0,0,0,0.12169,0.00202,0.00025,7e-05,0,0,0,0,0,0,0,0,0,0,0,0,0,0.94847,0.3282,0,0,0.48587,0.0645,0.44343,0.4863,0.82333,0.74846,0.78634,0.51357,1.25419,0.60425,0.87019,0,0,0,0,0,0,0,0,0,0,0,0,0,0,0,0,0,0,0,0,0,0,0,0,0,0,0,0,0,0,0,0.51357,0.0123101,0.00410338,0.0123101,0.00410338,0.0123101,0.00410338,0.0123101,0.00410338
451,125901,1.33748,0.67998,0.88155,0,0,0,0,0,0,0.11994,0.00201,0.00027,0,0,0,0,0,0,0,0,0,0,0,0,0,0,0.91926,0.32809,0,0,0.48598,0.06458,0.44359,0.48652,0.82231,0.7476,0.78607,0.51318,1.2538,0.60379,0.87021,0,0,0,0,0,0,0,0,0,0,0,0,0,0,0,0,0,0,0,0,0,0,0,0,0,0,0,0,0,0,0,0.51318,0.0122529,0.0040843,0.0122529,0.0040843,0.0122529,0.0040843,0.0122529,0.0040843
452,126139,1.33827,0.68524,0.88473,0,0,0,0,0,0,0.12077,0.00202,0.00025,2e-05,0,0,0,0,0,0,0,0,0,0,0,0,0,0.8939,0.31934,0,0,0.48593,0.06459,0.44397,0.48645,0.8248,0.74713,0.78744,0.51304,1.25499,0.60407,0.87044,0,0,0,0,0,0,0,0,0,0,0,0,0,0,0,0,0,0,0,0,0,0,0,0,0,0,0,0,0,0,0,0.51304,0.0121957,0.00406525,0.0121957,0.00406525,0.0121957,0.00406525,0.0121957,0.00406525
453,126321,1.32566,0.67418,0.88216,0,0,0,0,0,0,0.12015,0.00201,0.00027,0,0,0,0,0,0,0,0,0,0,0,0,0,0,0.95124,0.32458,0,0,0.48586,0.06452,0.44283,0.48638,0.82392,0.74755,0.78812,0.51307,1.25456,0.6034,0.87019,0,0,0,0,0,0,0,0,0,0,0,0,0,0,0,0,0,0,0,0,0,0,0,0,0,0,0,0,0,0,0,0.51307,0.0121386,0.0040462,0.0121386,0.0040462,0.0121386,0.0040462,0.0121386,0.0040462
454,126555,1.32806,0.67596,0.88263,0,0,0,0,0,0,0.11998,0.002,0.00021,1e-05,0,0,0,0,0,0,0,0,0,0,0,0,0,0.93296,0.32338,0,0,0.48598,0.06456,0.44438,0.48649,0.82303,0.74756,0.78841,0.51296,1.25428,0.60327,0.87029,0,0,0,0,0,0,0,0,0,0,0,0,0,0,0,0,0,0,0,0,0,0,0,0,0,0,0,0,0,0,0,0.51296,0.0120815,0.00402718,0.0120815,0.00402718,0.0120815,0.00402718,0.0120815,0.00402718
455,126792,1.33334,0.67787,0.88213,0,0,0,0,0,0,0.12026,0.002,0.00032,0,0,0,0,0,0,0,0,0,0,0,0,0,0,0.94952,0.31955,0,0,0.48598,0.06457,0.44463,0.48649,0.82471,0.7474,0.78889,0.51371,1.25446,0.60283,0.87026,0,0,0,0,0,0,0,0,0,0,0,0,0,0,0,0,0,0,0,0,0,0,0,0,0,0,0,0,0,0,0,0.51371,0.0120245,0.00400816,0.0120245,0.00400816,0.0120245,0.00400816,0.0120245,0.00400816
456,127027,1.32759,0.67266,0.88429,0,0,0,0,0,0,0.11945,0.002,0.00021,5e-05,0,0,0,0,0,0,0,0,0,0,0,0,0,0.88809,0.31792,0,0,0.48597,0.06456,0.44422,0.48638,0.82378,0.74672,0.78783,0.51356,1.25279,0.60229,0.87015,0,0,0,0,0,0,0,0,0,0,0,0,0,0,0,0,0,0,0,0,0,0,0,0,0,0,0,0,0,0,0,0.51356,0.0119675,0.00398917,0.0119675,0.00398917,0.0119675,0.00398917,0.0119675,0.00398917
457,127261,1.32834,0.67419,0.88417,0,0,0,0,0,0,0.12031,0.00199,0.00024,4e-05,0,0,0,0,0,0,0,0,0,0,0,0,0,0.96743,0.3219,0,0,0.48598,0.06451,0.4439,0.48649,0.82441,0.74796,0.78875,0.51429,1.2526,0.60212,0.87004,0,0,0,0,0,0,0,0,0,0,0,0,0,0,0,0,0,0,0,0,0,0,0,0,0,0,0,0,0,0,0,0.51429,0.0119106,0.00397019,0.0119106,0.00397019,0.0119106,0.00397019,0.0119106,0.00397019
458,127496,1.32771,0.67844,0.87963,0,0,0,0,0,0,0.1204,0.00198,0.00028,1e-05,0,0,0,0,0,0,0,0,0,0,0,0,0,0.89745,0.32286,0,0,0.48605,0.06463,0.44369,0.48657,0.82554,0.74862,0.78875,0.51424,1.2522,0.60129,0.86995,0,0,0,0,0,0,0,0,0,0,0,0,0,0,0,0,0,0,0,0,0,0,0,0,0,0,0,0,0,0,0,0.51424,0.0118537,0.00395123,0.0118537,0.00395123,0.0118537,0.00395123,0.0118537,0.00395123
459,127732,1.33039,0.67437,0.88112,0,0,0,0,0,0,0.12004,0.00199,0.00021,3e-05,0,0,0,0,0,0,0,0,0,0,0,0,0,0.89965,0.31915,0,0,0.48593,0.06455,0.44426,0.48644,0.8265,0.74918,0.7902,0.5149,1.25143,0.60057,0.86976,0,0,0,0,0,0,0,0,0,0,0,0,0,0,0,0,0,0,0,0,0,0,0,0,0,0,0,0,0,0,0,0.5149,0.0117969,0.00393228,0.0117969,0.00393228,0.0117969,0.00393228,0.0117969,0.00393228
460,127966,1.32412,0.67316,0.87884,0,0,0,0,0,0,0.12036,0.00199,0.00025,4e-05,0,0,0,0,0,0,0,0,0,0,0,0,0,0.88997,0.31053,0,0,0.48604,0.06458,0.44433,0.48656,0.82446,0.74994,0.79008,0.5148,1.25174,0.60066,0.86975,0,0,0,0,0,0,0,0,0,0,0,0,0,0,0,0,0,0,0,0,0,0,0,0,0,0,0,0,0,0,0,0.5148,0.0117401,0.00391336,0.0117401,0.00391336,0.0117401,0.00391336,0.0117401,0.00391336
461,128205,1.32945,0.67449,0.87863,0,0,0,0,0,0,0.11901,0.00199,0.00024,0,0,0,0,0,0,0,0,0,0,0,0,0,0,0.88973,0.31405,0,0,0.48594,0.06456,0.44309,0.48646,0.8257,0.7496,0.79,0.51504,1.2512,0.60025,0.86968,0,0,0,0,0,0,0,0,0,0,0,0,0,0,0,0,0,0,0,0,0,0,0,0,0,0,0,0,0,0,0,0.51504,0.0116833,0.00389445,0.0116833,0.00389445,0.0116833,0.00389445,0.0116833,0.00389445
462,128439,1.31504,0.66937,0.87684,0,0,0,0,0,0,0.11977,0.00199,0.00027,0,0,0,0,0,0,0,0,0,0,0,0,0,0,0.90333,0.31386,0,0,0.48592,0.06454,0.44371,0.48644,0.82575,0.74959,0.78951,0.51547,1.25014,0.59975,0.86951,0,0,0,0,0,0,0,0,0,0,0,0,0,0,0,0,0,0,0,0,0,0,0,0,0,0,0,0,0,0,0,0.51547,0.0116267,0.00387555,0.0116267,0.00387555,0.0116267,0.00387555,0.0116267,0.00387555
463,128677,1.32377,0.66693,0.87869,0,0,0,0,0,0,0.12038,0.00199,0.00017,2e-05,0,0,0,0,0,0,0,0,0,0,0,0,0,0.97364,0.32174,0,0,0.48601,0.06461,0.44407,0.48652,0.82644,0.7491,0.78951,0.51563,1.24888,0.5993,0.8694,0,0,0,0,0,0,0,0,0,0,0,0,0,0,0,0,0,0,0,0,0,0,0,0,0,0,0,0,0,0,0,0.51563,0.01157,0.00385668,0.01157,0.00385668,0.01157,0.00385668,0.01157,0.00385668
464,128915,1.31213,0.66372,0.87619,0,0,0,0,0,0,0.1188,0.00198,0.00017,1e-05,0,0,0,0,0,0,0,0,0,0,0,0,0,0.95203,0.31974,0,0,0.48607,0.06461,0.44294,0.48659,0.82872,0.74967,0.7904,0.51621,1.24813,0.59866,0.8693,0,0,0,0,0,0,0,0,0,0,0,0,0,0,0,0,0,0,0,0,0,0,0,0,0,0,0,0,0,0,0,0.51621,0.0115135,0.00383782,0.0115135,0.00383782,0.0115135,0.00383782,0.0115135,0.00383782
465,129152,1.32557,0.67287,0.87919,0,0,0,0,0,0,0.11846,0.00198,0.00024,0,0,0,0,0,0,0,0,0,0,0,0,0,0,0.95967,0.32082,0,0,0.48602,0.0646,0.44301,0.48655,0.8288,0.75014,0.79069,0.51634,1.24827,0.59831,0.86926,0,0,0,0,0,0,0,0,0,0,0,0,0,0,0,0,0,0,0,0,0,0,0,0,0,0,0,0,0,0,0,0.51634,0.011457,0.00381899,0.011457,0.00381899,0.011457,0.00381899,0.011457,0.00381899
466,129395,1.30982,0.6642,0.87928,0,0,0,0,0,0,0.11945,0.00198,0.00021,0,0,0,0,0,0,0,0,0,0,0,0,0,0,0.93675,0.31819,0,0,0.48597,0.06454,0.44358,0.48648,0.83134,0.74988,0.79162,0.51673,1.24765,0.59791,0.86918,0,0,0,0,0,0,0,0,0,0,0,0,0,0,0,0,0,0,0,0,0,0,0,0,0,0,0,0,0,0,0,0.51673,0.0114005,0.00380017,0.0114005,0.00380017,0.0114005,0.00380017,0.0114005,0.00380017
467,129637,1.31495,0.66752,0.87557,0,0,0,0,0,0,0.11892,0.00196,0.00024,0,0,0,0,0,0,0,0,0,0,0,0,0,0,0.88194,0.31833,0,0,0.48603,0.06458,0.44358,0.48655,0.83188,0.749,0.79187,0.51709,1.24744,0.59787,0.86908,0,0,0,0,0,0,0,0,0,0,0,0,0,0,0,0,0,0,0,0,0,0,0,0,0,0,0,0,0,0,0,0.51709,0.0113441,0.00378137,0.0113441,0.00378137,0.0113441,0.00378137,0.0113441,0.00378137
468,129781,1.31237,0.66434,0.87598,0,0,0,0,0,0,0.11848,0.00197,0.00024,0,0,0,0,0,0,0,0,0,0,0,0,0,0,0.90487,0.32025,0,0,0.4861,0.06462,0.44333,0.48662,0.82995,0.75,0.79204,0.51684,1.24759,0.59771,0.86917,0,0,0,0,0,0,0,0,0,0,0,0,0,0,0,0,0,0,0,0,0,0,0,0,0,0,0,0,0,0,0,0.51684,0.0112878,0.00376259,0.0112878,0.00376259,0.0112878,0.00376259,0.0112878,0.00376259
469,129905,1.3097,0.6643,0.87424,0,0,0,0,0,0,0.11758,0.00197,0.00026,3e-05,0,0,0,0,0,0,0,0,0,0,0,0,0,0.88415,0.31258,0,0,0.48602,0.06461,0.44355,0.48653,0.83131,0.74931,0.79245,0.5171,1.24776,0.5973,0.86913,0,0,0,0,0,0,0,0,0,0,0,0,0,0,0,0,0,0,0,0,0,0,0,0,0,0,0,0,0,0,0,0.5171,0.0112315,0.00374383,0.0112315,0.00374383,0.0112315,0.00374383,0.0112315,0.00374383
470,130026,1.312,0.6639,0.87796,0,0,0,0,0,0,0.11844,0.00198,0.00019,2e-05,0,0,0,0,0,0,0,0,0,0,0,0,0,0.93826,0.31795,0,0,0.48605,0.06461,0.44378,0.48648,0.83155,0.74988,0.79259,0.51733,1.24822,0.59742,0.86901,0,0,0,0,0,0,0,0,0,0,0,0,0,0,0,0,0,0,0,0,0,0,0,0,0,0,0,0,0,0,0,0.51733,0.0111753,0.00372509,0.0111753,0.00372509,0.0111753,0.00372509,0.0111753,0.00372509
471,130141,1.30064,0.66032,0.87972,0,0,0,0,0,0,0.12031,0.00196,0.00025,4e-05,0,0,0,0,0,0,0,0,0,0,0,0,0,0.93379,0.31712,0,0,0.48598,0.06459,0.44356,0.48649,0.82953,0.75157,0.7931,0.5174,1.24829,0.59734,0.86897,0,0,0,0,0,0,0,0,0,0,0,0,0,0,0,0,0,0,0,0,0,0,0,0,0,0,0,0,0,0,0,0.5174,0.0111191,0.00370637,0.0111191,0.00370637,0.0111191,0.00370637,0.0111191,0.00370637
472,130252,1.31051,0.66143,0.87661,0,0,0,0,0,0,0.11868,0.00197,0.00019,1e-05,0,0,0,0,0,0,0,0,0,0,0,0,0,0.95061,0.31721,0,0,0.48594,0.06459,0.44353,0.48645,0.83049,0.75131,0.79288,0.51746,1.24778,0.59652,0.86888,0,0,0,0,0,0,0,0,0,0,0,0,0,0,0,0,0,0,0,0,0,0,0,0,0,0,0,0,0,0,0,0.51746,0.011063,0.00368767,0.011063,0.00368767,0.011063,0.00368767,0.011063,0.00368767
473,130354,1.30809,0.66148,0.87655,0,0,0,0,0,0,0.11732,0.00196,0.00023,0,0,0,0,0,0,0,0,0,0,0,0,0,0,0.93796,0.31953,0,0,0.48599,0.06459,0.44335,0.4865,0.82968,0.75078,0.79266,0.51733,1.24669,0.59623,0.86876,0,0,0,0,0,0,0,0,0,0,0,0,0,0,0,0,0,0,0,0,0,0,0,0,0,0,0,0,0,0,0,0.51733,0.011007,0.00366899,0.011007,0.00366899,0.011007,0.00366899,0.011007,0.00366899
474,130458,1.30314,0.65777,0.87412,0,0,0,0,0,0,0.11696,0.00195,0.00023,1e-05,0,0,0,0,0,0,0,0,0,0,0,0,0,0.896,0.31765,0,0,0.48607,0.06458,0.4436,0.48658,0.83211,0.75111,0.79382,0.5173,1.24697,0.59622,0.86876,0,0,0,0,0,0,0,0,0,0,0,0,0,0,0,0,0,0,0,0,0,0,0,0,0,0,0,0,0,0,0,0.5173,0.010951,0.00365034,0.010951,0.00365034,0.010951,0.00365034,0.010951,0.00365034
475,130562,1.29991,0.65783,0.87651,0,0,0,0,0,0,0.11828,0.00195,0.00031,0,0,0,0,0,0,0,0,0,0,0,0,0,0,0.92072,0.31342,0,0,0.48597,0.06457,0.44318,0.48651,0.83124,0.75109,0.79338,0.51763,1.24689,0.59579,0.86872,0,0,0,0,0,0,0,0,0,0,0,0,0,0,0,0,0,0,0,0,0,0,0,0,0,0,0,0,0,0,0,0.51763,0.0108951,0.0036317,0.0108951,0.0036317,0.0108951,0.0036317,0.0108951,0.0036317
476,130670,1.3026,0.65942,0.87344,0,0,0,0,0,0,0.11787,0.00195,0.00025,1e-05,0,0,0,0,0,0,0,0,0,0,0,0,0,0.90967,0.30977,0,0,0.486,0.06455,0.44438,0.48652,0.8307,0.75111,0.79359,0.51768,1.24669,0.59541,0.86869,0,0,0,0,0,0,0,0,0,0,0,0,0,0,0,0,0,0,0,0,0,0,0,0,0,0,0,0,0,0,0,0.51768,0.0108393,0.00361309,0.0108393,0.00361309,0.0108393,0.00361309,0.0108393,0.00361309
477,130781,1.29653,0.65523,0.87556,0,0,0,0,0,0,0.11629,0.00196,0.00023,1e-05,0,0,0,0,0,0,0,0,0,0,0,0,0,0.93143,0.31413,0,0,0.48596,0.06459,0.44343,0.48647,0.83001,0.75176,0.79423,0.51774,1.24563,0.59494,0.86829,0,0,0,0,0,0,0,0,0,0,0,0,0,0,0,0,0,0,0,0,0,0,0,0,0,0,0,0,0,0,0,0.51774,0.0107835,0.0035945,0.0107835,0.0035945,0.0107835,0.0035945,0.0107835,0.0035945
478,130887,1.29778,0.65828,0.8745,0,0,0,0,0,0,0.11806,0.00195,0.00025,0,0,0,0,0,0,0,0,0,0,0,0,0,0,0.93855,0.30614,0,0,0.48594,0.06458,0.44426,0.48646,0.83044,0.75244,0.79481,0.51873,1.24486,0.59433,0.86815,0,0,0,0,0,0,0,0,0,0,0,0,0,0,0,0,0,0,0,0,0,0,0,0,0,0,0,0,0,0,0,0.51873,0.0107278,0.00357593,0.0107278,0.00357593,0.0107278,0.00357593,0.0107278,0.00357593
479,130996,1.29902,0.65645,0.87569,0,0,0,0,0,0,0.11842,0.00194,0.00025,2e-05,0,0,0,0,0,0,0,0,0,0,0,0,0,0.87799,0.30538,0,0,0.48597,0.06458,0.44444,0.48648,0.83108,0.75174,0.79498,0.51802,1.24493,0.59417,0.86808,0,0,0,0,0,0,0,0,0,0,0,0,0,0,0,0,0,0,0,0,0,0,0,0,0,0,0,0,0,0,0,0.51802,0.0106722,0.00355739,0.0106722,0.00355739,0.0106722,0.00355739,0.0106722,0.00355739
480,131105,1.30089,0.66092,0.87346,0,0,0,0,0,0,0.11739,0.00193,0.00029,0,0,0,0,0,0,0,0,0,0,0,0,0,0,0.8617,0.30627,0,0,0.486,0.06455,0.44359,0.48651,0.83085,0.75141,0.79531,0.51874,1.24479,0.59378,0.86803,0,0,0,0,0,0,0,0,0,0,0,0,0,0,0,0,0,0,0,0,0,0,0,0,0,0,0,0,0,0,0,0.51874,0.0106166,0.00353886,0.0106166,0.00353886,0.0106166,0.00353886,0.0106166,0.00353886
481,131209,1.30693,0.66189,0.87714,0,0,0,0,0,0,0.11811,0.00194,0.00021,0,0,0,0,0,0,0,0,0,0,0,0,0,0,0.87742,0.30427,0,0,0.48603,0.06455,0.44348,0.48655,0.83301,0.7511,0.79638,0.51938,1.24393,0.59305,0.86788,0,0,0,0,0,0,0,0,0,0,0,0,0,0,0,0,0,0,0,0,0,0,0,0,0,0,0,0,0,0,0,0.51938,0.0105611,0.00352037,0.0105611,0.00352037,0.0105611,0.00352037,0.0105611,0.00352037
482,131313,1.3016,0.66013,0.87668,0,0,0,0,0,0,0.11782,0.00194,0.00021,6e-05,0,0,0,0,0,0,0,0,0,0,0,0,0,0.90004,0.30027,0,0,0.48596,0.06457,0.44289,0.48649,0.83337,0.7507,0.79593,0.5192,1.2444,0.59262,0.86786,0,0,0,0,0,0,0,0,0,0,0,0,0,0,0,0,0,0,0,0,0,0,0,0,0,0,0,0,0,0,0,0.5192,0.0105057,0.00350189,0.0105057,0.00350189,0.0105057,0.00350189,0.0105057,0.00350189
483,131417,1.29577,0.65524,0.87471,0,0,0,0,0,0,0.1164,0.00194,0.00022,3e-05,0,0,0,0,0,0,0,0,0,0,0,0,0,0.90524,0.30065,0,0,0.48598,0.06455,0.44284,0.4865,0.83481,0.75047,0.79614,0.51979,1.24433,0.5925,0.86766,0,0,0,0,0,0,0,0,0,0,0,0,0,0,0,0,0,0,0,0,0,0,0,0,0,0,0,0,0,0,0,0.51979,0.0104503,0.00348344,0.0104503,0.00348344,0.0104503,0.00348344,0.0104503,0.00348344
484,131522,1.29378,0.64958,0.87589,0,0,0,0,0,0,0.11665,0.00193,0.00024,0,0,0,0,0,0,0,0,0,0,0,0,0,0,0.86727,0.30369,0,0,0.48607,0.06461,0.44393,0.48658,0.83639,0.75037,0.79625,0.52031,1.24366,0.59188,0.86771,0,0,0,0,0,0,0,0,0,0,0,0,0,0,0,0,0,0,0,0,0,0,0,0,0,0,0,0,0,0,0,0.52031,0.010395,0.00346501,0.010395,0.00346501,0.010395,0.00346501,0.010395,0.00346501
485,131626,1.29526,0.65074,0.87495,0,0,0,0,0,0,0.11558,0.00193,0.00023,2e-05,0,0,0,0,0,0,0,0,0,0,0,0,0,0.77434,0.29833,0,0,0.48603,0.06461,0.44353,0.48655,0.83278,0.75284,0.79707,0.51961,1.24324,0.59159,0.86753,0,0,0,0,0,0,0,0,0,0,0,0,0,0,0,0,0,0,0,0,0,0,0,0,0,0,0,0,0,0,0,0.51961,0.0103398,0.00344661,0.0103398,0.00344661,0.0103398,0.00344661,0.0103398,0.00344661
486,131729,1.2947,0.66135,0.87319,0,0,0,0,0,0,0.11602,0.00194,0.00024,5e-05,0,0,0,0,0,0,0,0,0,0,0,0,0,0.86257,0.30361,0,0,0.4859,0.06453,0.44471,0.48641,0.83728,0.75167,0.79701,0.52025,1.24244,0.59108,0.86743,0,0,0,0,0,0,0,0,0,0,0,0,0,0,0,0,0,0,0,0,0,0,0,0,0,0,0,0,0,0,0,0.52025,0.0102847,0.00342823,0.0102847,0.00342823,0.0102847,0.00342823,0.0102847,0.00342823
487,131841,1.2927,0.65203,0.87195,0,0,0,0,0,0,0.11513,0.00192,0.00018,4e-05,0,0,0,0,0,0,0,0,0,0,0,0,0,0.90289,0.30262,0,0,0.48598,0.06457,0.44325,0.4865,0.83736,0.75142,0.79749,0.5199,1.24244,0.59081,0.86735,0,0,0,0,0,0,0,0,0,0,0,0,0,0,0,0,0,0,0,0,0,0,0,0,0,0,0,0,0,0,0,0.5199,0.0102296,0.00340988,0.0102296,0.00340988,0.0102296,0.00340988,0.0102296,0.00340988
488,131959,1.28462,0.64816,0.87316,0,0,0,0,0,0,0.11683,0.00192,0.00027,0,0,0,0,0,0,0,0,0,0,0,0,0,0,0.84316,0.30242,0,0,0.48599,0.06458,0.44365,0.48643,0.83554,0.75213,0.7973,0.52101,1.24157,0.5906,0.8673,0,0,0,0,0,0,0,0,0,0,0,0,0,0,0,0,0,0,0,0,0,0,0,0,0,0,0,0,0,0,0,0.52101,0.0101746,0.00339155,0.0101746,0.00339155,0.0101746,0.00339155,0.0101746,0.00339155
489,132071,1.29226,0.65001,0.87119,0,0,0,0,0,0,0.11531,0.00193,0.00022,0,0,0,0,0,0,0,0,0,0,0,0,0,0,0.88157,0.29712,0,0,0.48603,0.0646,0.44418,0.48644,0.83495,0.75298,0.79765,0.52102,1.24163,0.59033,0.86727,0,0,0,0,0,0,0,0,0,0,0,0,0,0,0,0,0,0,0,0,0,0,0,0,0,0,0,0,0,0,0,0.52102,0.0101197,0.00337325,0.0101197,0.00337325,0.0101197,0.00337325,0.0101197,0.00337325
490,132179,1.28927,0.64704,0.87566,0,0,0,0,0,0,0.11686,0.00193,0.00025,0,0,0,0,0,0,0,0,0,0,0,0,0,0,0.84582,0.28851,0,0,0.48588,0.06455,0.44462,0.48639,0.83393,0.75275,0.79746,0.52059,1.24144,0.59013,0.86725,0,0,0,0,0,0,0,0,0,0,0,0,0,0,0,0,0,0,0,0,0,0,0,0,0,0,0,0,0,0,0,0.52059,0.0100649,0.00335497,0.0100649,0.00335497,0.0100649,0.00335497,0.0100649,0.00335497
491,132287,1.28309,0.6439,0.87177,0,0,0,0,0,0,0.11603,0.00193,0.00026,0,0,0,0,0,0,0,0,0,0,0,0,0,0,0.78903,0.28944,0,0,0.4859,0.06454,0.44419,0.48641,0.8327,0.75337,0.79736,0.52134,1.24169,0.59,0.86726,0,0,0,0,0,0,0,0,0,0,0,0,0,0,0,0,0,0,0,0,0,0,0,0,0,0,0,0,0,0,0,0.52134,0.0100102,0.00333672,0.0100102,0.00333672,0.0100102,0.00333672,0.0100102,0.00333672
492,132399,1.28129,0.64144,0.87129,0,0,0,0,0,0,0.11449,0.00192,0.0003,0,0,0,0,0,0,0,0,0,0,0,0,0,0,0.84082,0.29139,0,0,0.48597,0.06457,0.44317,0.48649,0.83252,0.75445,0.79815,0.52109,1.24126,0.58936,0.86717,0,0,0,0,0,0,0,0,0,0,0,0,0,0,0,0,0,0,0,0,0,0,0,0,0,0,0,0,0,0,0,0.52109,0.00995549,0.0033185,0.00995549,0.0033185,0.00995549,0.0033185,0.00995549,0.0033185
493,132507,1.27795,0.64766,0.87332,0,0,0,0,0,0,0.11541,0.00192,0.00018,1e-05,0,0,0,0,0,0,0,0,0,0,0,0,0,0.89498,0.29748,0,0,0.48592,0.06455,0.44373,0.48643,0.83294,0.75499,0.7992,0.52162,1.24034,0.58879,0.86708,0,0,0,0,0,0,0,0,0,0,0,0,0,0,0,0,0,0,0,0,0,0,0,0,0,0,0,0,0,0,0,0.52162,0.0099009,0.0033003,0.0099009,0.0033003,0.0099009,0.0033003,0.0099009,0.0033003
494,132614,1.28026,0.64693,0.8726,0,0,0,0,0,0,0.11578,0.00191,0.00022,0,0,0,0,0,0,0,0,0,0,0,0,0,0,0.87494,0.29633,0,0,0.48603,0.0646,0.44346,0.48654,0.83183,0.75515,0.79887,0.52164,1.23965,0.58818,0.86696,0,0,0,0,0,0,0,0,0,0,0,0,0,0,0,0,0,0,0,0,0,0,0,0,0,0,0,0,0,0,0,0.52164,0.00984639,0.00328213,0.00984639,0.00328213,0.00984639,0.00328213,0.00984639,0.00328213
495,132720,1.27836,0.64586,0.8718,0,0,0,0,0,0,0.11594,0.00192,0.00022,1e-05,0,0,0,0,0,0,0,0,0,0,0,0,0,0.91912,0.30129,0,0,0.48589,0.06451,0.444,0.4863,0.8339,0.75486,0.7982,0.52165,1.23935,0.58799,0.86684,0,0,0,0,0,0,0,0,0,0,0,0,0,0,0,0,0,0,0,0,0,0,0,0,0,0,0,0,0,0,0,0.52165,0.00979196,0.00326399,0.00979196,0.00326399,0.00979196,0.00326399,0.00979196,0.00326399
496,132827,1.28644,0.64533,0.86879,0,0,0,0,0,0,0.11426,0.0019,0.00025,5e-05,0,0,0,0,0,0,0,0,0,0,0,0,0,0.86166,0.29982,0,0,0.48612,0.06464,0.44394,0.48663,0.8345,0.75539,0.79943,0.52197,1.23922,0.58756,0.86685,0,0,0,0,0,0,0,0,0,0,0,0,0,0,0,0,0,0,0,0,0,0,0,0,0,0,0,0,0,0,0,0.52197,0.00973761,0.00324587,0.00973761,0.00324587,0.00973761,0.00324587,0.00973761,0.00324587
497,132931,1.28279,0.6461,0.87011,0,0,0,0,0,0,0.11557,0.0019,0.00021,2e-05,0,0,0,0,0,0,0,0,0,0,0,0,0,0.88731,0.29852,0,0,0.48594,0.06455,0.44301,0.48647,0.83606,0.7556,0.79997,0.52187,1.23901,0.58718,0.86661,0,0,0,0,0,0,0,0,0,0,0,0,0,0,0,0,0,0,0,0,0,0,0,0,0,0,0,0,0,0,0,0.52187,0.00968335,0.00322778,0.00968335,0.00322778,0.00968335,0.00322778,0.00968335,0.00322778
498,133037,1.27302,0.64259,0.87111,0,0,0,0,0,0,0.11651,0.0019,0.00029,1e-05,0,0,0,0,0,0,0,0,0,0,0,0,0,0.91908,0.30011,0,0,0.486,0.06452,0.44382,0.48652,0.83482,0.75565,0.8001,0.52261,1.2379,0.58677,0.86647,0,0,0,0,0,0,0,0,0,0,0,0,0,0,0,0,0,0,0,0,0,0,0,0,0,0,0,0,0,0,0,0.52261,0.00962917,0.00320972,0.00962917,0.00320972,0.00962917,0.00320972,0.00962917,0.00320972
499,133140,1.28185,0.64253,0.87035,0,0,0,0,0,0,0.11602,0.00189,0.00021,0,0,0,0,0,0,0,0,0,0,0,0,0,0,0.90014,0.29212,0,0,0.48595,0.0646,0.44447,0.48646,0.83395,0.757,0.80086,0.52292,1.23735,0.58634,0.86638,0,0,0,0,0,0,0,0,0,0,0,0,0,0,0,0,0,0,0,0,0,0,0,0,0,0,0,0,0,0,0,0.52292,0.00957508,0.00319169,0.00957508,0.00319169,0.00957508,0.00319169,0.00957508,0.00319169
500,133244,1.2693,0.64164,0.873,0,0,0,0,0,0,0.11609,0.00189,0.0002,5e-05,0,0,0,0,0,0,0,0,0,0,0,0,0,0.86293,0.2919,0,0,0.48598,0.06457,0.44396,0.48649,0.83611,0.75627,0.80111,0.52319,1.23685,0.58592,0.86632,0,0,0,0,0,0,0,0,0,0,0,0,0,0,0,0,0,0,0,0,0,0,0,0,0,0,0,0,0,0,0,0.52319,0.00952107,0.00317369,0.00952107,0.00317369,0.00952107,0.00317369,0.00952107,0.00317369
501,133347,1.26738,0.64028,0.86872,0,0,0,0,0,0,0.11452,0.00189,0.0002,4e-05,0,0,0,0,0,0,0,0,0,0,0,0,0,0.86735,0.28909,0,0,0.48598,0.06458,0.444,0.48651,0.83797,0.75618,0.80221,0.52296,1.23541,0.58519,0.86616,0,0,0,0,0,0,0,0,0,0,0,0,0,0,0,0,0,0,0,0,0,0,0,0,0,0,0,0,0,0,0,0.52296,0.00946715,0.00315572,0.00946715,0.00315572,0.00946715,0.00315572,0.00946715,0.00315572
502,133450,1.28018,0.64335,0.87098,0,0,0,0,0,0,0.11623,0.0019,0.00021,2e-05,0,0,0,0,0,0,0,0,0,0,0,0,0,0.85996,0.28799,0,0,0.48603,0.06461,0.44354,0.48655,0.84159,0.75698,0.80319,0.52344,1.235,0.58467,0.86612,0,0,0,0,0,0,0,0,0,0,0,0,0,0,0,0,0,0,0,0,0,0,0,0,0,0,0,0,0,0,0,0.52344,0.00941332,0.00313777,0.00941332,0.00313777,0.00941332,0.00313777,0.00941332,0.00313777
503,133553,1.27175,0.64309,0.86962,0,0,0,0,0,0,0.11434,0.00189,0.00017,4e-05,0,0,0,0,0,0,0,0,0,0,0,0,0,0.87458,0.28681,0,0,0.48604,0.06461,0.44377,0.48656,0.84129,0.7565,0.80285,0.52395,1.2341,0.58413,0.86593,0,0,0,0,0,0,0,0,0,0,0,0,0,0,0,0,0,0,0,0,0,0,0,0,0,0,0,0,0,0,0,0.52395,0.00935957,0.00311986,0.00935957,0.00311986,0.00935957,0.00311986,0.00935957,0.00311986
504,133655,1.26104,0.63814,0.86837,0,0,0,0,0,0,0.11428,0.00188,0.0002,0,0,0,0,0,0,0,0,0,0,0,0,0,0,0.88007,0.28845,0,0,0.48601,0.06459,0.44371,0.48653,0.83839,0.75838,0.80301,0.52399,1.23363,0.58399,0.86591,0,0,0,0,0,0,0,0,0,0,0,0,0,0,0,0,0,0,0,0,0,0,0,0,0,0,0,0,0,0,0,0.52399,0.00930592,0.00310197,0.00930592,0.00310197,0.00930592,0.00310197,0.00930592,0.00310197
505,133756,1.26144,0.6321,0.86655,0,0,0,0,0,0,0.11457,0.00188,0.00026,0,0,0,0,0,0,0,0,0,0,0,0,0,0,0.88033,0.28904,0,0,0.48606,0.06458,0.4431,0.48658,0.83887,0.75762,0.80344,0.52493,1.23304,0.58353,0.86588,0,0,0,0,0,0,0,0,0,0,0,0,0,0,0,0,0,0,0,0,0,0,0,0,0,0,0,0,0,0,0,0.52493,0.00925235,0.00308412,0.00925235,0.00308412,0.00925235,0.00308412,0.00925235,0.00308412
506,133857,1.2721,0.63767,0.868,0,0,0,0,0,0,0.11479,0.00188,0.00031,0,0,0,0,0,0,0,0,0,0,0,0,0,0,0.92132,0.29217,0,0,0.48601,0.0646,0.4437,0.48654,0.83769,0.75759,0.80361,0.52486,1.23217,0.58342,0.86574,0,0,0,0,0,0,0,0,0,0,0,0,0,0,0,0,0,0,0,0,0,0,0,0,0,0,0,0,0,0,0,0.52486,0.00919888,0.00306629,0.00919888,0.00306629,0.00919888,0.00306629,0.00919888,0.00306629
507,133958,1.26975,0.64351,0.86829,0,0,0,0,0,0,0.11467,0.00188,0.00025,6e-05,0,0,0,0,0,0,0,0,0,0,0,0,0,0.85424,0.29072,0,0,0.486,0.06453,0.44358,0.48652,0.83883,0.75825,0.8036,0.52578,1.23081,0.58291,0.86553,0,0,0,0,0,0,0,0,0,0,0,0,0,0,0,0,0,0,0,0,0,0,0,0,0,0,0,0,0,0,0,0.52578,0.0091455,0.0030485,0.0091455,0.0030485,0.0091455,0.0030485,0.0091455,0.0030485
508,134061,1.26851,0.63522,0.86945,0,0,0,0,0,0,0.11277,0.00187,0.00018,1e-05,0,0,0,0,0,0,0,0,0,0,0,0,0,0.89355,0.29316,0,0,0.48599,0.0646,0.44317,0.48653,0.8386,0.76049,0.80459,0.52603,1.22889,0.58228,0.86523,0,0,0,0,0,0,0,0,0,0,0,0,0,0,0,0,0,0,0,0,0,0,0,0,0,0,0,0,0,0,0,0.52603,0.00909221,0.00303074,0.00909221,0.00303074,0.00909221,0.00303074,0.00909221,0.00303074
509,134162,1.26079,0.63513,0.86503,0,0,0,0,0,0,0.11315,0.00188,0.00025,0,0,0,0,0,0,0,0,0,0,0,0,0,0,0.93406,0.2926,0,0,0.48605,0.0646,0.44248,0.48657,0.84062,0.76024,0.80458,0.52654,1.22755,0.58155,0.86507,0,0,0,0,0,0,0,0,0,0,0,0,0,0,0,0,0,0,0,0,0,0,0,0,0,0,0,0,0,0,0,0.52654,0.00903901,0.003013,0.00903901,0.003013,0.00903901,0.003013,0.00903901,0.003013
510,134266,1.25485,0.63211,0.86718,0,0,0,0,0,0,0.11361,0.00188,0.00021,2e-05,0,0,0,0,0,0,0,0,0,0,0,0,0,0.89766,0.29354,0,0,0.48597,0.06459,0.44319,0.4865,0.84054,0.76035,0.80553,0.52681,1.22633,0.58094,0.86488,0,0,0,0,0,0,0,0,0,0,0,0,0,0,0,0,0,0,0,0,0,0,0,0,0,0,0,0,0,0,0,0.52681,0.00898591,0.0029953,0.00898591,0.0029953,0.00898591,0.0029953,0.00898591,0.0029953
511,134369,1.25688,0.63183,0.86463,0,0,0,0,0,0,0.11406,0.00188,0.00028,0,0,0,0,0,0,0,0,0,0,0,0,0,0,0.87623,0.2886,0,0,0.486,0.0646,0.44297,0.48653,0.84121,0.75993,0.8058,0.52677,1.22646,0.5811,0.86476,0,0,0,0,0,0,0,0,0,0,0,0,0,0,0,0,0,0,0,0,0,0,0,0,0,0,0,0,0,0,0,0.52677,0.0089329,0.00297763,0.0089329,0.00297763,0.0089329,0.00297763,0.0089329,0.00297763
512,134473,1.25853,0.63096,0.86568,0,0,0,0,0,0,0.11293,0.00187,0.00022,0,0,0,0,0,0,0,0,0,0,0,0,0,0,0.86828,0.28847,0,0,0.48602,0.06463,0.44399,0.48654,0.84093,0.76021,0.80558,0.52693,1.22509,0.58023,0.86454,0,0,0,0,0,0,0,0,0,0,0,0,0,0,0,0,0,0,0,0,0,0,0,0,0,0,0,0,0,0,0,0.52693,0.00887999,0.00296,0.00887999,0.00296,0.00887999,0.00296,0.00887999,0.00296
513,134577,1.24987,0.63041,0.86651,0,0,0,0,0,0,0.11391,0.00187,0.00019,0,0,0,0,0,0,0,0,0,0,0,0,0,0,0.93093,0.29049,0,0,0.48599,0.06457,0.44431,0.48652,0.84103,0.76225,0.8063,0.52684,1.2245,0.57997,0.86442,0,0,0,0,0,0,0,0,0,0,0,0,0,0,0,0,0,0,0,0,0,0,0,0,0,0,0,0,0,0,0,0.52684,0.00882718,0.00294239,0.00882718,0.00294239,0.00882718,0.00294239,0.00882718,0.00294239
514,134681,1.25119,0.62878,0.86727,0,0,0,0,0,0,0.11328,0.00187,0.00027,4e-05,0,0,0,0,0,0,0,0,0,0,0,0,0,0.87973,0.28916,0,0,0.48591,0.06456,0.44371,0.48644,0.84056,0.76222,0.80622,0.52785,1.22285,0.5793,0.86426,0,0,0,0,0,0,0,0,0,0,0,0,0,0,0,0,0,0,0,0,0,0,0,0,0,0,0,0,0,0,0,0.52785,0.00877446,0.00292482,0.00877446,0.00292482,0.00877446,0.00292482,0.00877446,0.00292482
515,134784,1.25909,0.63282,0.8685,0,0,0,0,0,0,0.11475,0.00187,0.00017,0,0,0,0,0,0,0,0,0,0,0,0,0,0,0.86288,0.29032,0,0,0.48595,0.06453,0.44361,0.48647,0.84346,0.76208,0.80744,0.52774,1.22319,0.57937,0.8642,0,0,0,0,0,0,0,0,0,0,0,0,0,0,0,0,0,0,0,0,0,0,0,0,0,0,0,0,0,0,0,0.52774,0.00872184,0.00290728,0.00872184,0.00290728,0.00872184,0.00290728,0.00872184,0.00290728
516,134889,1.25445,0.62861,0.86457,0,0,0,0,0,0,0.11337,0.00186,0.00021,0,0,0,0,0,0,0,0,0,0,0,0,0,0,0.88023,0.28972,0,0,0.48598,0.06456,0.44419,0.48649,0.84294,0.76191,0.80689,0.52809,1.22224,0.57899,0.86394,0,0,0,0,0,0,0,0,0,0,0,0,0,0,0,0,0,0,0,0,0,0,0,0,0,0,0,0,0,0,0,0.52809,0.00866932,0.00288977,0.00866932,0.00288977,0.00866932,0.00288977,0.00866932,0.00288977
517,134992,1.25045,0.63041,0.86456,0,0,0,0,0,0,0.11369,0.00187,0.00028,0,0,0,0,0,0,0,0,0,0,0,0,0,0,0.89369,0.28985,0,0,0.486,0.06457,0.44392,0.48652,0.84319,0.76339,0.80784,0.52859,1.22138,0.57873,0.86383,0,0,0,0,0,0,0,0,0,0,0,0,0,0,0,0,0,0,0,0,0,0,0,0,0,0,0,0,0,0,0,0.52859,0.0086169,0.0028723,0.0086169,0.0028723,0.0086169,0.0028723,0.0086169,0.0028723
518,135095,1.25276,0.62932,0.86508,0,0,0,0,0,0,0.11446,0.00185,0.00018,4e-05,0,0,0,0,0,0,0,0,0,0,0,0,0,0.91269,0.27922,0,0,0.48599,0.06459,0.44376,0.4865,0.84236,0.76305,0.80739,0.52886,1.22071,0.57826,0.86372,0,0,0,0,0,0,0,0,0,0,0,0,0,0,0,0,0,0,0,0,0,0,0,0,0,0,0,0,0,0,0,0.52886,0.00856458,0.00285486,0.00856458,0.00285486,0.00856458,0.00285486,0.00856458,0.00285486
519,135200,1.25169,0.63063,0.86328,0,0,0,0,0,0,0.1126,0.00184,0.0002,2e-05,0,0,0,0,0,0,0,0,0,0,0,0,0,0.80882,0.27953,0,0,0.48608,0.06462,0.44385,0.4866,0.84302,0.7634,0.80732,0.52934,1.22,0.57783,0.86361,0,0,0,0,0,0,0,0,0,0,0,0,0,0,0,0,0,0,0,0,0,0,0,0,0,0,0,0,0,0,0,0.52934,0.00851237,0.00283746,0.00851237,0.00283746,0.00851237,0.00283746,0.00851237,0.00283746
520,135303,1.24918,0.62695,0.86428,0,0,0,0,0,0,0.11333,0.00184,0.00028,0,0,0,0,0,0,0,0,0,0,0,0,0,0,0.82239,0.27838,0,0,0.48601,0.06457,0.44393,0.48653,0.84301,0.76399,0.80758,0.52943,1.2196,0.57777,0.86338,0,0,0,0,0,0,0,0,0,0,0,0,0,0,0,0,0,0,0,0,0,0,0,0,0,0,0,0,0,0,0,0.52943,0.00846025,0.00282008,0.00846025,0.00282008,0.00846025,0.00282008,0.00846025,0.00282008
521,135406,1.2428,0.62465,0.86464,0,0,0,0,0,0,0.11247,0.00185,0.00021,1e-05,0,0,0,0,0,0,0,0,0,0,0,0,0,0.84498,0.27929,0,0,0.48598,0.06459,0.44326,0.48651,0.84167,0.76542,0.80922,0.52954,1.219,0.57704,0.86321,0,0,0,0,0,0,0,0,0,0,0,0,0,0,0,0,0,0,0,0,0,0,0,0,0,0,0,0,0,0,0,0.52954,0.00840824,0.00280275,0.00840824,0.00280275,0.00840824,0.00280275,0.00840824,0.00280275
522,135511,1.23646,0.61946,0.86197,0,0,0,0,0,0,0.11177,0.00184,0.00021,0,0,0,0,0,0,0,0,0,0,0,0,0,0,0.89652,0.28121,0,0,0.48596,0.06457,0.44315,0.4865,0.84256,0.76434,0.80914,0.52931,1.21887,0.57657,0.86318,0,0,0,0,0,0,0,0,0,0,0,0,0,0,0,0,0,0,0,0,0,0,0,0,0,0,0,0,0,0,0,0.52931,0.00835633,0.00278544,0.00835633,0.00278544,0.00835633,0.00278544,0.00835633,0.00278544
523,135615,1.23554,0.62043,0.8609,0,0,0,0,0,0,0.1138,0.00184,0.00024,0,0,0,0,0,0,0,0,0,0,0,0,0,0,0.9388,0.27977,0,0,0.48601,0.06457,0.44324,0.48643,0.84251,0.76593,0.80952,0.5299,1.21782,0.57608,0.86299,0,0,0,0,0,0,0,0,0,0,0,0,0,0,0,0,0,0,0,0,0,0,0,0,0,0,0,0,0,0,0,0.5299,0.00830453,0.00276818,0.00830453,0.00276818,0.00830453,0.00276818,0.00830453,0.00276818
524,135719,1.2408,0.62368,0.86282,0,0,0,0,0,0,0.11239,0.00184,0.0002,0,0,0,0,0,0,0,0,0,0,0,0,0,0,0.9766,0.28331,0,0,0.48592,0.06454,0.44418,0.48645,0.84051,0.7675,0.80922,0.53009,1.21687,0.57574,0.86287,0,0,0,0,0,0,0,0,0,0,0,0,0,0,0,0,0,0,0,0,0,0,0,0,0,0,0,0,0,0,0,0.53009,0.00825283,0.00275094,0.00825283,0.00275094,0.00825283,0.00275094,0.00825283,0.00275094
525,135824,1.23496,0.618,0.8626,0,0,0,0,0,0,0.11129,0.00183,0.00026,0,0,0,0,0,0,0,0,0,0,0,0,0,0,0.9196,0.2828,0,0,0.48606,0.06462,0.44374,0.48658,0.84025,0.7673,0.80988,0.53039,1.21579,0.57521,0.86279,0,0,0,0,0,0,0,0,0,0,0,0,0,0,0,0,0,0,0,0,0,0,0,0,0,0,0,0,0,0,0,0.53039,0.00820124,0.00273375,0.00820124,0.00273375,0.00820124,0.00273375,0.00820124,0.00273375
526,135929,1.22891,0.61698,0.86135,0,0,0,0,0,0,0.11153,0.00182,0.00023,6e-05,0,0,0,0,0,0,0,0,0,0,0,0,0,0.87404,0.28343,0,0,0.48596,0.06455,0.44375,0.48648,0.84151,0.76699,0.80978,0.53045,1.21584,0.57488,0.86275,0,0,0,0,0,0,0,0,0,0,0,0,0,0,0,0,0,0,0,0,0,0,0,0,0,0,0,0,0,0,0,0.53045,0.00814976,0.00271659,0.00814976,0.00271659,0.00814976,0.00271659,0.00814976,0.00271659
527,136037,1.2346,0.61767,0.86318,0,0,0,0,0,0,0.1121,0.00182,0.0002,0,0,0,0,0,0,0,0,0,0,0,0,0,0,0.85453,0.28611,0,0,0.48601,0.06458,0.444,0.48652,0.84212,0.76812,0.81045,0.5308,1.21501,0.57496,0.86262,0,0,0,0,0,0,0,0,0,0,0,0,0,0,0,0,0,0,0,0,0,0,0,0,0,0,0,0,0,0,0,0.5308,0.00809838,0.00269946,0.00809838,0.00269946,0.00809838,0.00269946,0.00809838,0.00269946
528,136141,1.22965,0.61745,0.86058,0,0,0,0,0,0,0.1131,0.00182,0.00024,1e-05,0,0,0,0,0,0,0,0,0,0,0,0,0,0.76795,0.27429,0,0,0.48601,0.06457,0.44493,0.48653,0.84272,0.7683,0.81049,0.53133,1.2134,0.57426,0.86245,0,0,0,0,0,0,0,0,0,0,0,0,0,0,0,0,0,0,0,0,0,0,0,0,0,0,0,0,0,0,0,0.53133,0.00804712,0.00268237,0.00804712,0.00268237,0.00804712,0.00268237,0.00804712,0.00268237
529,136245,1.22686,0.61254,0.86122,0,0,0,0,0,0,0.11139,0.00182,0.00023,0,0,0,0,0,0,0,0,0,0,0,0,0,0,0.80436,0.27377,0,0,0.48601,0.0646,0.44384,0.48654,0.84489,0.76806,0.81107,0.53165,1.21256,0.57425,0.86231,0,0,0,0,0,0,0,0,0,0,0,0,0,0,0,0,0,0,0,0,0,0,0,0,0,0,0,0,0,0,0,0.53165,0.00799596,0.00266532,0.00799596,0.00266532,0.00799596,0.00266532,0.00799596,0.00266532
530,136350,1.22254,0.61341,0.86123,0,0,0,0,0,0,0.11016,0.00183,0.00024,1e-05,0,0,0,0,0,0,0,0,0,0,0,0,0,0.83217,0.27326,0,0,0.48597,0.06461,0.44366,0.4865,0.8463,0.76746,0.81125,0.53135,1.21219,0.57366,0.86215,0,0,0,0,0,0,0,0,0,0,0,0,0,0,0,0,0,0,0,0,0,0,0,0,0,0,0,0,0,0,0,0.53135,0.00794491,0.0026483,0.00794491,0.0026483,0.00794491,0.0026483,0.00794491,0.0026483
531,136452,1.22424,0.61294,0.86068,0,0,0,0,0,0,0.11251,0.00183,0.00028,0,0,0,0,0,0,0,0,0,0,0,0,0,0,0.82657,0.27236,0,0,0.486,0.06461,0.44431,0.48653,0.84355,0.76839,0.81075,0.53144,1.21182,0.57313,0.86212,0,0,0,0,0,0,0,0,0,0,0,0,0,0,0,0,0,0,0,0,0,0,0,0,0,0,0,0,0,0,0,0.53144,0.00789397,0.00263132,0.00789397,0.00263132,0.00789397,0.00263132,0.00789397,0.00263132
532,136553,1.22638,0.61481,0.86077,0,0,0,0,0,0,0.111,0.00183,0.00026,1e-05,0,0,0,0,0,0,0,0,0,0,0,0,0,0.78379,0.2723,0,0,0.48599,0.06459,0.44398,0.48649,0.84487,0.76785,0.81109,0.53207,1.21114,0.57288,0.86205,0,0,0,0,0,0,0,0,0,0,0,0,0,0,0,0,0,0,0,0,0,0,0,0,0,0,0,0,0,0,0,0.53207,0.00784315,0.00261438,0.00784315,0.00261438,0.00784315,0.00261438,0.00784315,0.00261438
533,136656,1.22867,0.61485,0.86115,0,0,0,0,0,0,0.11183,0.00183,0.00026,0,0,0,0,0,0,0,0,0,0,0,0,0,0,0.81099,0.27526,0,0,0.48596,0.06455,0.44409,0.48639,0.84594,0.76597,0.81104,0.53231,1.21111,0.57264,0.8619,0,0,0,0,0,0,0,0,0,0,0,0,0,0,0,0,0,0,0,0,0,0,0,0,0,0,0,0,0,0,0,0.53231,0.00779244,0.00259748,0.00779244,0.00259748,0.00779244,0.00259748,0.00779244,0.00259748
534,136760,1.23074,0.61825,0.85948,0,0,0,0,0,0,0.11137,0.00183,0.00028,1e-05,0,0,0,0,0,0,0,0,0,0,0,0,0,0.81777,0.28381,0,0,0.486,0.06461,0.44373,0.48652,0.84532,0.7669,0.81124,0.53219,1.21032,0.57228,0.86176,0,0,0,0,0,0,0,0,0,0,0,0,0,0,0,0,0,0,0,0,0,0,0,0,0,0,0,0,0,0,0,0.53219,0.00774184,0.00258061,0.00774184,0.00258061,0.00774184,0.00258061,0.00774184,0.00258061
535,136863,1.22517,0.61729,0.85977,0,0,0,0,0,0,0.11146,0.00183,0.00025,0,0,0,0,0,0,0,0,0,0,0,0,0,0,0.81132,0.28035,0,0,0.48605,0.0646,0.44393,0.48656,0.84472,0.76914,0.81134,0.53234,1.21047,0.57207,0.86176,0,0,0,0,0,0,0,0,0,0,0,0,0,0,0,0,0,0,0,0,0,0,0,0,0,0,0,0,0,0,0,0.53234,0.00769136,0.00256379,0.00769136,0.00256379,0.00769136,0.00256379,0.00769136,0.00256379
536,136967,1.2225,0.61171,0.86055,0,0,0,0,0,0,0.11124,0.00183,0.00027,0,0,0,0,0,0,0,0,0,0,0,0,0,0,0.73764,0.27917,0,0,0.48596,0.06454,0.44373,0.48647,0.84683,0.76904,0.81181,0.53269,1.21069,0.57193,0.86166,0,0,0,0,0,0,0,0,0,0,0,0,0,0,0,0,0,0,0,0,0,0,0,0,0,0,0,0,0,0,0,0.53269,0.00764099,0.002547,0.00764099,0.002547,0.00764099,0.002547,0.00764099,0.002547
537,137070,1.21922,0.61511,0.86208,0,0,0,0,0,0,0.11049,0.00182,0.00023,1e-05,0,0,0,0,0,0,0,0,0,0,0,0,0,0.7497,0.27688,0,0,0.48591,0.06455,0.44403,0.48642,0.84744,0.76907,0.81205,0.53259,1.2109,0.57196,0.86152,0,0,0,0,0,0,0,0,0,0,0,0,0,0,0,0,0,0,0,0,0,0,0,0,0,0,0,0,0,0,0,0.53259,0.00759073,0.00253024,0.00759073,0.00253024,0.00759073,0.00253024,0.00759073,0.00253024
538,137172,1.21558,0.60982,0.85745,0,0,0,0,0,0,0.10984,0.00182,0.0002,1e-05,0,0,0,0,0,0,0,0,0,0,0,0,0,0.80525,0.27926,0,0,0.48599,0.06459,0.44378,0.48652,0.84691,0.76929,0.81219,0.53322,1.20976,0.57147,0.86137,0,0,0,0,0,0,0,0,0,0,0,0,0,0,0,0,0,0,0,0,0,0,0,0,0,0,0,0,0,0,0,0.53322,0.0075406,0.00251353,0.0075406,0.00251353,0.0075406,0.00251353,0.0075406,0.00251353
539,137276,1.21491,0.61093,0.85974,0,0,0,0,0,0,0.11076,0.00182,0.00021,4e-05,0,0,0,0,0,0,0,0,0,0,0,0,0,0.82018,0.27558,0,0,0.48608,0.06461,0.44392,0.4866,0.84716,0.76839,0.81226,0.53296,1.20997,0.57114,0.86131,0,0,0,0,0,0,0,0,0,0,0,0,0,0,0,0,0,0,0,0,0,0,0,0,0,0,0,0,0,0,0,0.53296,0.00749058,0.00249686,0.00749058,0.00249686,0.00749058,0.00249686,0.00749058,0.00249686
540,137380,1.21372,0.60811,0.86001,0,0,0,0,0,0,0.11043,0.00181,0.00019,2e-05,0,0,0,0,0,0,0,0,0,0,0,0,0,0.7983,0.27146,0,0,0.48591,0.06456,0.44373,0.48643,0.84562,0.76803,0.81176,0.53274,1.20954,0.57074,0.86133,0,0,0,0,0,0,0,0,0,0,0,0,0,0,0,0,0,0,0,0,0,0,0,0,0,0,0,0,0,0,0,0.53274,0.00744068,0.00248023,0.00744068,0.00248023,0.00744068,0.00248023,0.00744068,0.00248023
541,137483,1.21166,0.60741,0.85871,0,0,0,0,0,0,0.11151,0.0018,0.00023,2e-05,0,0,0,0,0,0,0,0,0,0,0,0,0,0.77846,0.27351,0,0,0.48595,0.06454,0.44449,0.48646,0.84628,0.76895,0.81234,0.53289,1.20913,0.57037,0.86119,0,0,0,0,0,0,0,0,0,0,0,0,0,0,0,0,0,0,0,0,0,0,0,0,0,0,0,0,0,0,0,0.53289,0.0073909,0.00246363,0.0073909,0.00246363,0.0073909,0.00246363,0.0073909,0.00246363
542,137584,1.21577,0.60609,0.86124,0,0,0,0,0,0,0.11005,0.0018,0.00024,0,0,0,0,0,0,0,0,0,0,0,0,0,0,0.81561,0.27248,0,0,0.486,0.06455,0.44402,0.4865,0.84665,0.76896,0.81299,0.53347,1.20882,0.57006,0.86118,0,0,0,0,0,0,0,0,0,0,0,0,0,0,0,0,0,0,0,0,0,0,0,0,0,0,0,0,0,0,0,0.53347,0.00734123,0.00244708,0.00734123,0.00244708,0.00734123,0.00244708,0.00734123,0.00244708
543,137691,1.21589,0.61003,0.85708,0,0,0,0,0,0,0.11019,0.0018,0.00025,3e-05,0,0,0,0,0,0,0,0,0,0,0,0,0,0.81074,0.26529,0,0,0.48602,0.0646,0.44395,0.48653,0.84608,0.76923,0.81239,0.53351,1.20811,0.56977,0.86106,0,0,0,0,0,0,0,0,0,0,0,0,0,0,0,0,0,0,0,0,0,0,0,0,0,0,0,0,0,0,0,0.53351,0.00729169,0.00243056,0.00729169,0.00243056,0.00729169,0.00243056,0.00729169,0.00243056
544,137792,1.21432,0.60469,0.85971,0,0,0,0,0,0,0.11046,0.0018,0.00023,0,0,0,0,0,0,0,0,0,0,0,0,0,0,0.82111,0.26783,0,0,0.48594,0.06459,0.44356,0.48648,0.84623,0.76994,0.81269,0.5337,1.20857,0.56958,0.86098,0,0,0,0,0,0,0,0,0,0,0,0,0,0,0,0,0,0,0,0,0,0,0,0,0,0,0,0,0,0,0,0.5337,0.00724227,0.00241409,0.00724227,0.00241409,0.00724227,0.00241409,0.00724227,0.00241409
545,137895,1.21464,0.60568,0.85929,0,0,0,0,0,0,0.10924,0.00179,0.00019,0,0,0,0,0,0,0,0,0,0,0,0,0,0,0.82608,0.26755,0,0,0.48601,0.06454,0.44341,0.48653,0.84589,0.77025,0.81261,0.53357,1.2087,0.56908,0.86096,0,0,0,0,0,0,0,0,0,0,0,0,0,0,0,0,0,0,0,0,0,0,0,0,0,0,0,0,0,0,0,0.53357,0.00719297,0.00239766,0.00719297,0.00239766,0.00719297,0.00239766,0.00719297,0.00239766
546,137997,1.20264,0.60076,0.85561,0,0,0,0,0,0,0.11025,0.00179,0.0002,0,0,0,0,0,0,0,0,0,0,0,0,0,0,0.88541,0.26685,0,0,0.48594,0.06456,0.44379,0.48646,0.84659,0.77076,0.81299,0.53353,1.20888,0.56884,0.86097,0,0,0,0,0,0,0,0,0,0,0,0,0,0,0,0,0,0,0,0,0,0,0,0,0,0,0,0,0,0,0,0.53353,0.0071438,0.00238127,0.0071438,0.00238127,0.0071438,0.00238127,0.0071438,0.00238127
547,138102,1.20175,0.60116,0.85727,0,0,0,0,0,0,0.11016,0.00179,0.00023,0,0,0,0,0,0,0,0,0,0,0,0,0,0,0.85852,0.26842,0,0,0.48597,0.06456,0.44394,0.48641,0.84639,0.77149,0.81321,0.53394,1.20837,0.56847,0.86079,0,0,0,0,0,0,0,0,0,0,0,0,0,0,0,0,0,0,0,0,0,0,0,0,0,0,0,0,0,0,0,0.53394,0.00709474,0.00236491,0.00709474,0.00236491,0.00709474,0.00236491,0.00709474,0.00236491
548,138206,1.20014,0.60288,0.85639,0,0,0,0,0,0,0.10874,0.0018,0.0002,2e-05,0,0,0,0,0,0,0,0,0,0,0,0,0,0.86382,0.26949,0,0,0.48595,0.06459,0.44353,0.48647,0.84785,0.77173,0.81375,0.53396,1.20769,0.56804,0.86073,0,0,0,0,0,0,0,0,0,0,0,0,0,0,0,0,0,0,0,0,0,0,0,0,0,0,0,0,0,0,0,0.53396,0.00704581,0.0023486,0.00704581,0.0023486,0.00704581,0.0023486,0.00704581,0.0023486
549,138311,1.2004,0.60757,0.85809,0,0,0,0,0,0,0.10938,0.00179,0.00018,4e-05,0,0,0,0,0,0,0,0,0,0,0,0,0,0.88744,0.27061,0,0,0.48589,0.06453,0.44348,0.48642,0.84878,0.77265,0.81453,0.53488,1.20655,0.56764,0.86068,0,0,0,0,0,0,0,0,0,0,0,0,0,0,0,0,0,0,0,0,0,0,0,0,0,0,0,0,0,0,0,0.53488,0.00699701,0.00233234,0.00699701,0.00233234,0.00699701,0.00233234,0.00699701,0.00233234
550,138417,1.20353,0.60147,0.85798,0,0,0,0,0,0,0.10924,0.0018,0.00027,0,0,0,0,0,0,0,0,0,0,0,0,0,0,0.81499,0.26934,0,0,0.48596,0.06457,0.44408,0.48648,0.84762,0.77237,0.81439,0.53455,1.207,0.56714,0.8606,0,0,0,0,0,0,0,0,0,0,0,0,0,0,0,0,0,0,0,0,0,0,0,0,0,0,0,0,0,0,0,0.53455,0.00694833,0.00231611,0.00694833,0.00231611,0.00694833,0.00231611,0.00694833,0.00231611
551,138520,1.20276,0.60308,0.85573,0,0,0,0,0,0,0.10986,0.00179,0.00022,3e-05,0,0,0,0,0,0,0,0,0,0,0,0,0,0.7918,0.27,0,0,0.48594,0.06454,0.44329,0.48648,0.84846,0.77225,0.81466,0.53443,1.20679,0.56705,0.86049,0,0,0,0,0,0,0,0,0,0,0,0,0,0,0,0,0,0,0,0,0,0,0,0,0,0,0,0,0,0,0,0.53443,0.00689978,0.00229993,0.00689978,0.00229993,0.00689978,0.00229993,0.00689978,0.00229993
552,138622,1.19631,0.59631,0.85742,0,0,0,0,0,0,0.10914,0.00178,0.0002,0,0,0,0,0,0,0,0,0,0,0,0,0,0,0.78618,0.26672,0,0,0.48606,0.0646,0.4433,0.4865,0.8481,0.77363,0.81525,0.53446,1.2062,0.56698,0.86039,0,0,0,0,0,0,0,0,0,0,0,0,0,0,0,0,0,0,0,0,0,0,0,0,0,0,0,0,0,0,0,0.53446,0.00685136,0.00228379,0.00685136,0.00228379,0.00685136,0.00228379,0.00685136,0.00228379
553,138724,1.19827,0.60036,0.85486,0,0,0,0,0,0,0.10862,0.00178,0.00024,0,0,0,0,0,0,0,0,0,0,0,0,0,0,0.82431,0.26403,0,0,0.48598,0.06455,0.44409,0.48651,0.84956,0.77422,0.8162,0.53501,1.20503,0.56608,0.86024,0,0,0,0,0,0,0,0,0,0,0,0,0,0,0,0,0,0,0,0,0,0,0,0,0,0,0,0,0,0,0,0.53501,0.00680306,0.00226769,0.00680306,0.00226769,0.00680306,0.00226769,0.00680306,0.00226769
554,138828,1.20424,0.60075,0.85496,0,0,0,0,0,0,0.11023,0.00177,0.00019,0,0,0,0,0,0,0,0,0,0,0,0,0,0,0.83776,0.26228,0,0,0.48611,0.06459,0.44352,0.48664,0.84854,0.77437,0.81604,0.53498,1.20511,0.56582,0.86022,0,0,0,0,0,0,0,0,0,0,0,0,0,0,0,0,0,0,0,0,0,0,0,0,0,0,0,0,0,0,0,0.53498,0.00675489,0.00225163,0.00675489,0.00225163,0.00675489,0.00225163,0.00675489,0.00225163
555,138938,1.19249,0.59739,0.85412,0,0,0,0,0,0,0.10882,0.00177,0.00022,1e-05,0,0,0,0,0,0,0,0,0,0,0,0,0,0.83266,0.26444,0,0,0.48591,0.06455,0.44272,0.48645,0.8498,0.77515,0.81757,0.53562,1.20462,0.56532,0.86016,0,0,0,0,0,0,0,0,0,0,0,0,0,0,0,0,0,0,0,0,0,0,0,0,0,0,0,0,0,0,0,0.53562,0.00670686,0.00223562,0.00670686,0.00223562,0.00670686,0.00223562,0.00670686,0.00223562
556,139050,1.18547,0.59275,0.8552,0,0,0,0,0,0,0.10962,0.00177,0.00019,6e-05,0,0,0,0,0,0,0,0,0,0,0,0,0,0.83178,0.26477,0,0,0.48591,0.06457,0.44372,0.48644,0.85052,0.77602,0.81828,0.53565,1.20441,0.56539,0.86009,0,0,0,0,0,0,0,0,0,0,0,0,0,0,0,0,0,0,0,0,0,0,0,0,0,0,0,0,0,0,0,0.53565,0.00665895,0.00221965,0.00665895,0.00221965,0.00665895,0.00221965,0.00665895,0.00221965
557,139152,1.19553,0.59839,0.85604,0,0,0,0,0,0,0.1083,0.00177,0.00024,0,0,0,0,0,0,0,0,0,0,0,0,0,0,0.80299,0.26534,0,0,0.48597,0.06459,0.44357,0.48649,0.85195,0.7753,0.81826,0.53583,1.20393,0.56517,0.85999,0,0,0,0,0,0,0,0,0,0,0,0,0,0,0,0,0,0,0,0,0,0,0,0,0,0,0,0,0,0,0,0.53583,0.00661117,0.00220372,0.00661117,0.00220372,0.00661117,0.00220372,0.00661117,0.00220372
558,139257,1.19092,0.59634,0.85492,0,0,0,0,0,0,0.10885,0.00177,0.00016,0,0,0,0,0,0,0,0,0,0,0,0,0,0,0.81291,0.26759,0,0,0.48603,0.06462,0.44405,0.48655,0.85224,0.77518,0.81815,0.53646,1.20316,0.56459,0.85992,0,0,0,0,0,0,0,0,0,0,0,0,0,0,0,0,0,0,0,0,0,0,0,0,0,0,0,0,0,0,0,0.53646,0.00656353,0.00218784,0.00656353,0.00218784,0.00656353,0.00218784,0.00656353,0.00218784
559,139370,1.18422,0.59127,0.85475,0,0,0,0,0,0,0.10861,0.00177,0.00018,9e-05,0,0,0,0,0,0,0,0,0,0,0,0,0,0.80314,0.26809,0,0,0.48597,0.06458,0.44379,0.4865,0.85139,0.77575,0.81861,0.53663,1.20219,0.56419,0.85967,0,0,0,0,0,0,0,0,0,0,0,0,0,0,0,0,0,0,0,0,0,0,0,0,0,0,0,0,0,0,0,0.53663,0.00651601,0.002172,0.00651601,0.002172,0.00651601,0.002172,0.00651601,0.002172
560,139478,1.18797,0.59274,0.85367,0,0,0,0,0,0,0.10815,0.00176,0.00018,1e-05,0,0,0,0,0,0,0,0,0,0,0,0,0,0.7976,0.26566,0,0,0.486,0.06454,0.44445,0.48651,0.85313,0.77604,0.8193,0.53701,1.20167,0.56363,0.85962,0,0,0,0,0,0,0,0,0,0,0,0,0,0,0,0,0,0,0,0,0,0,0,0,0,0,0,0,0,0,0,0.53701,0.00646863,0.00215621,0.00646863,0.00215621,0.00646863,0.00215621,0.00646863,0.00215621
561,139588,1.1856,0.59117,0.8524,0,0,0,0,0,0,0.1078,0.00176,0.00018,2e-05,0,0,0,0,0,0,0,0,0,0,0,0,0,0.84875,0.26098,0,0,0.48603,0.06459,0.44318,0.48655,0.85054,0.7769,0.81932,0.53728,1.20156,0.56385,0.85951,0,0,0,0,0,0,0,0,0,0,0,0,0,0,0,0,0,0,0,0,0,0,0,0,0,0,0,0,0,0,0,0.53728,0.00642139,0.00214046,0.00642139,0.00214046,0.00642139,0.00214046,0.00642139,0.00214046
562,139698,1.18247,0.59125,0.85239,0,0,0,0,0,0,0.10813,0.00175,0.00023,0,0,0,0,0,0,0,0,0,0,0,0,0,0,0.80933,0.25957,0,0,0.48601,0.06457,0.44379,0.48653,0.85198,0.77752,0.81954,0.53734,1.20133,0.56319,0.85944,0,0,0,0,0,0,0,0,0,0,0,0,0,0,0,0,0,0,0,0,0,0,0,0,0,0,0,0,0,0,0,0.53734,0.00637428,0.00212476,0.00637428,0.00212476,0.00637428,0.00212476,0.00637428,0.00212476
563,139808,1.18455,0.59102,0.85633,0,0,0,0,0,0,0.10725,0.00175,0.00023,6e-05,0,0,0,0,0,0,0,0,0,0,0,0,0,0.79705,0.26046,0,0,0.48604,0.06459,0.44335,0.48648,0.85158,0.77821,0.81997,0.53703,1.201,0.56286,0.85945,0,0,0,0,0,0,0,0,0,0,0,0,0,0,0,0,0,0,0,0,0,0,0,0,0,0,0,0,0,0,0,0.53703,0.0063273,0.0021091,0.0063273,0.0021091,0.0063273,0.0021091,0.0063273,0.0021091
564,139919,1.17867,0.58818,0.85221,0,0,0,0,0,0,0.10692,0.00175,0.00016,0,0,0,0,0,0,0,0,0,0,0,0,0,0,0.85132,0.25906,0,0,0.48601,0.06456,0.44397,0.48652,0.8527,0.77636,0.82016,0.53775,1.20091,0.56238,0.85938,0,0,0,0,0,0,0,0,0,0,0,0,0,0,0,0,0,0,0,0,0,0,0,0,0,0,0,0,0,0,0,0.53775,0.00628046,0.00209349,0.00628046,0.00209349,0.00628046,0.00209349,0.00628046,0.00209349
565,140036,1.17759,0.58838,0.8534,0,0,0,0,0,0,0.10747,0.00175,0.00017,1e-05,0,0,0,0,0,0,0,0,0,0,0,0,0,0.80971,0.25973,0,0,0.48603,0.06459,0.44357,0.48646,0.85086,0.77784,0.81952,0.53745,1.20109,0.56227,0.85941,0,0,0,0,0,0,0,0,0,0,0,0,0,0,0,0,0,0,0,0,0,0,0,0,0,0,0,0,0,0,0,0.53745,0.00623376,0.00207792,0.00623376,0.00207792,0.00623376,0.00207792,0.00623376,0.00207792
566,140145,1.17328,0.58533,0.85367,0,0,0,0,0,0,0.10803,0.00175,0.00019,0,0,0,0,0,0,0,0,0,0,0,0,0,0,0.86316,0.26023,0,0,0.48589,0.06451,0.44399,0.48641,0.85067,0.77886,0.81993,0.53743,1.20093,0.56226,0.8593,0,0,0,0,0,0,0,0,0,0,0,0,0,0,0,0,0,0,0,0,0,0,0,0,0,0,0,0,0,0,0,0.53743,0.00618719,0.0020624,0.00618719,0.0020624,0.00618719,0.0020624,0.00618719,0.0020624
567,140248,1.183,0.58806,0.85347,0,0,0,0,0,0,0.10751,0.00175,0.00019,4e-05,0,0,0,0,0,0,0,0,0,0,0,0,0,0.84398,0.25923,0,0,0.48596,0.06458,0.44397,0.48648,0.85226,0.77811,0.82061,0.53787,1.20059,0.56215,0.85924,0,0,0,0,0,0,0,0,0,0,0,0,0,0,0,0,0,0,0,0,0,0,0,0,0,0,0,0,0,0,0,0.53787,0.00614077,0.00204692,0.00614077,0.00204692,0.00614077,0.00204692,0.00614077,0.00204692
568,140352,1.17466,0.58742,0.85034,0,0,0,0,0,0,0.10734,0.00174,0.00027,0,0,0,0,0,0,0,0,0,0,0,0,0,0,0.83065,0.25703,0,0,0.48597,0.06455,0.44413,0.48648,0.85101,0.7787,0.82047,0.53843,1.19952,0.56161,0.85904,0,0,0,0,0,0,0,0,0,0,0,0,0,0,0,0,0,0,0,0,0,0,0,0,0,0,0,0,0,0,0,0.53843,0.00609448,0.00203149,0.00609448,0.00203149,0.00609448,0.00203149,0.00609448,0.00203149
569,140455,1.17548,0.58472,0.85199,0,0,0,0,0,0,0.10723,0.00173,0.00027,4e-05,0,0,0,0,0,0,0,0,0,0,0,0,0,0.82622,0.25364,0,0,0.48601,0.06459,0.44451,0.48653,0.85075,0.77845,0.82103,0.53877,1.19883,0.56145,0.85894,0,0,0,0,0,0,0,0,0,0,0,0,0,0,0,0,0,0,0,0,0,0,0,0,0,0,0,0,0,0,0,0.53877,0.00604833,0.00201611,0.00604833,0.00201611,0.00604833,0.00201611,0.00604833,0.00201611
570,140559,1.16882,0.58223,0.85484,0,0,0,0,0,0,0.10632,0.00173,0.0002,0,0,0,0,0,0,0,0,0,0,0,0,0,0,0.8104,0.25335,0,0,0.48593,0.06456,0.44384,0.48644,0.85218,0.77837,0.82146,0.53868,1.1985,0.56054,0.85886,0,0,0,0,0,0,0,0,0,0,0,0,0,0,0,0,0,0,0,0,0,0,0,0,0,0,0,0,0,0,0,0.53868,0.00600232,0.00200077,0.00600232,0.00200077,0.00600232,0.00200077,0.00600232,0.00200077
571,140661,1.16257,0.57907,0.85163,0,0,0,0,0,0,0.10676,0.00174,0.00025,5e-05,0,0,0,0,0,0,0,0,0,0,0,0,0,0.77464,0.25134,0,0,0.48594,0.06457,0.44351,0.48647,0.85196,0.77832,0.82164,0.53894,1.19792,0.56055,0.85877,0,0,0,0,0,0,0,0,0,0,0,0,0,0,0,0,0,0,0,0,0,0,0,0,0,0,0,0,0,0,0,0.53894,0.00595645,0.00198548,0.00595645,0.00198548,0.00595645,0.00198548,0.00595645,0.00198548
572,140768,1.16619,0.58091,0.8513,0,0,0,0,0,0,0.10863,0.00173,0.00028,0,0,0,0,0,0,0,0,0,0,0,0,0,0,0.80238,0.24991,0,0,0.48594,0.06457,0.44351,0.48646,0.85306,0.7806,0.82301,0.54008,1.19669,0.55982,0.85872,0,0,0,0,0,0,0,0,0,0,0,0,0,0,0,0,0,0,0,0,0,0,0,0,0,0,0,0,0,0,0,0.54008,0.00591073,0.00197024,0.00591073,0.00197024,0.00591073,0.00197024,0.00591073,0.00197024
573,140875,1.16312,0.58124,0.8502,0,0,0,0,0,0,0.1056,0.00173,0.00021,0,0,0,0,0,0,0,0,0,0,0,0,0,0,0.80002,0.25064,0,0,0.48598,0.06459,0.44332,0.48651,0.85256,0.77998,0.82265,0.53986,1.1966,0.55961,0.85871,0,0,0,0,0,0,0,0,0,0,0,0,0,0,0,0,0,0,0,0,0,0,0,0,0,0,0,0,0,0,0,0.53986,0.00586515,0.00195505,0.00586515,0.00195505,0.00586515,0.00195505,0.00586515,0.00195505
574,140984,1.17641,0.58311,0.85089,0,0,0,0,0,0,0.10695,0.00174,0.00019,0,0,0,0,0,0,0,0,0,0,0,0,0,0,0.81116,0.25097,0,0,0.48597,0.06458,0.44362,0.4865,0.8551,0.77901,0.8234,0.5399,1.19563,0.55924,0.8585,0,0,0,0,0,0,0,0,0,0,0,0,0,0,0,0,0,0,0,0,0,0,0,0,0,0,0,0,0,0,0,0.5399,0.00581971,0.0019399,0.00581971,0.0019399,0.00581971,0.0019399,0.00581971,0.0019399
575,141090,1.15959,0.58115,0.84796,0,0,0,0,0,0,0.10575,0.00173,0.0002,3e-05,0,0,0,0,0,0,0,0,0,0,0,0,0,0.76676,0.25042,0,0,0.48602,0.06459,0.44449,0.48653,0.85214,0.78266,0.82376,0.5405,1.19508,0.559,0.85854,0,0,0,0,0,0,0,0,0,0,0,0,0,0,0,0,0,0,0,0,0,0,0,0,0,0,0,0,0,0,0,0.5405,0.00577441,0.0019248,0.00577441,0.0019248,0.00577441,0.0019248,0.00577441,0.0019248
576,141202,1.16902,0.58692,0.85131,0,0,0,0,0,0,0.10642,0.00172,0.00018,4e-05,0,0,0,0,0,0,0,0,0,0,0,0,0,0.74929,0.2489,0,0,0.48593,0.06458,0.44482,0.48644,0.85229,0.7815,0.82357,0.54031,1.19475,0.55856,0.85839,0,0,0,0,0,0,0,0,0,0,0,0,0,0,0,0,0,0,0,0,0,0,0,0,0,0,0,0,0,0,0,0.54031,0.00572926,0.00190975,0.00572926,0.00190975,0.00572926,0.00190975,0.00572926,0.00190975
577,141306,1.16164,0.57606,0.85014,0,0,0,0,0,0,0.10669,0.00173,0.0002,1e-05,0,0,0,0,0,0,0,0,0,0,0,0,0,0.77727,0.24919,0,0,0.486,0.06457,0.44459,0.48653,0.85391,0.78073,0.82369,0.54052,1.19489,0.55823,0.85833,0,0,0,0,0,0,0,0,0,0,0,0,0,0,0,0,0,0,0,0,0,0,0,0,0,0,0,0,0,0,0,0.54052,0.00568425,0.00189475,0.00568425,0.00189475,0.00568425,0.00189475,0.00568425,0.00189475
578,141412,1.16707,0.5774,0.85068,0,0,0,0,0,0,0.1058,0.00172,0.00021,0,0,0,0,0,0,0,0,0,0,0,0,0,0,0.79215,0.24825,0,0,0.48598,0.06459,0.44422,0.48651,0.85371,0.78112,0.82353,0.54061,1.19488,0.55796,0.85829,0,0,0,0,0,0,0,0,0,0,0,0,0,0,0,0,0,0,0,0,0,0,0,0,0,0,0,0,0,0,0,0.54061,0.00563939,0.0018798,0.00563939,0.0018798,0.00563939,0.0018798,0.00563939,0.0018798
579,141516,1.16057,0.57539,0.85048,0,0,0,0,0,0,0.10527,0.00172,0.00022,0,0,0,0,0,0,0,0,0,0,0,0,0,0,0.76382,0.24726,0,0,0.48595,0.06452,0.44355,0.48646,0.8534,0.78045,0.82337,0.54093,1.19526,0.55755,0.85826,0,0,0,0,0,0,0,0,0,0,0,0,0,0,0,0,0,0,0,0,0,0,0,0,0,0,0,0,0,0,0,0.54093,0.00559468,0.00186489,0.00559468,0.00186489,0.00559468,0.00186489,0.00559468,0.00186489
580,141621,1.15741,0.57974,0.84765,0,0,0,0,0,0,0.10623,0.00173,0.00026,0,0,0,0,0,0,0,0,0,0,0,0,0,0,0.82435,0.24842,0,0,0.48603,0.06458,0.44384,0.48655,0.85645,0.7796,0.82332,0.54148,1.19442,0.55698,0.8582,0,0,0,0,0,0,0,0,0,0,0,0,0,0,0,0,0,0,0,0,0,0,0,0,0,0,0,0,0,0,0,0.54148,0.00555011,0.00185004,0.00555011,0.00185004,0.00555011,0.00185004,0.00555011,0.00185004
581,141725,1.15708,0.57584,0.84935,0,0,0,0,0,0,0.10407,0.00172,0.00016,2e-05,0,0,0,0,0,0,0,0,0,0,0,0,0,0.77512,0.24662,0,0,0.48609,0.06463,0.44448,0.48661,0.85595,0.77998,0.82421,0.54173,1.1937,0.55682,0.85797,0,0,0,0,0,0,0,0,0,0,0,0,0,0,0,0,0,0,0,0,0,0,0,0,0,0,0,0,0,0,0,0.54173,0.0055057,0.00183523,0.0055057,0.00183523,0.0055057,0.00183523,0.0055057,0.00183523
582,141828,1.15119,0.57122,0.84826,0,0,0,0,0,0,0.10634,0.00171,0.00026,0,0,0,0,0,0,0,0,0,0,0,0,0,0,0.84372,0.24618,0,0,0.486,0.06459,0.44484,0.48651,0.85514,0.77998,0.82435,0.5416,1.1937,0.55658,0.85803,0,0,0,0,0,0,0,0,0,0,0,0,0,0,0,0,0,0,0,0,0,0,0,0,0,0,0,0,0,0,0,0.5416,0.00546143,0.00182048,0.00546143,0.00182048,0.00546143,0.00182048,0.00546143,0.00182048
583,141932,1.15773,0.573,0.84812,0,0,0,0,0,0,0.1061,0.00171,0.00027,1e-05,0,0,0,0,0,0,0,0,0,0,0,0,0,0.89532,0.24794,0,0,0.48603,0.06458,0.44498,0.48654,0.85619,0.78033,0.82406,0.54174,1.19457,0.5566,0.85799,0,0,0,0,0,0,0,0,0,0,0,0,0,0,0,0,0,0,0,0,0,0,0,0,0,0,0,0,0,0,0,0.54174,0.00541731,0.00180577,0.00541731,0.00180577,0.00541731,0.00180577,0.00541731,0.00180577
584,142036,1.15302,0.57255,0.85106,0,0,0,0,0,0,0.10463,0.00171,0.00019,0,0,0,0,0,0,0,0,0,0,0,0,0,0,0.78111,0.24384,0,0,0.48602,0.06462,0.44401,0.48655,0.85539,0.78038,0.82404,0.54156,1.19523,0.55657,0.858,0,0,0,0,0,0,0,0,0,0,0,0,0,0,0,0,0,0,0,0,0,0,0,0,0,0,0,0,0,0,0,0.54156,0.00537334,0.00179111,0.00537334,0.00179111,0.00537334,0.00179111,0.00537334,0.00179111
585,142140,1.15293,0.57225,0.84417,0,0,0,0,0,0,0.10494,0.0017,0.00019,1e-05,0,0,0,0,0,0,0,0,0,0,0,0,0,0.78557,0.24573,0,0,0.48609,0.06463,0.44436,0.48661,0.8556,0.78096,0.82453,0.54211,1.19537,0.55617,0.85803,0,0,0,0,0,0,0,0,0,0,0,0,0,0,0,0,0,0,0,0,0,0,0,0,0,0,0,0,0,0,0,0.54211,0.00532952,0.00177651,0.00532952,0.00177651,0.00532952,0.00177651,0.00532952,0.00177651
586,142248,1.15003,0.57079,0.8485,0,0,0,0,0,0,0.1057,0.0017,0.00027,1e-05,0,0,0,0,0,0,0,0,0,0,0,0,0,0.82696,0.24807,0,0,0.48594,0.06456,0.4438,0.48647,0.85905,0.78109,0.82561,0.54217,1.19461,0.55589,0.85797,0,0,0,0,0,0,0,0,0,0,0,0,0,0,0,0,0,0,0,0,0,0,0,0,0,0,0,0,0,0,0,0.54217,0.00528585,0.00176195,0.00528585,0.00176195,0.00528585,0.00176195,0.00528585,0.00176195
587,142352,1.1448,0.56939,0.84729,0,0,0,0,0,0,0.10477,0.0017,0.00019,8e-05,0,0,0,0,0,0,0,0,0,0,0,0,0,0.77535,0.24546,0,0,0.48594,0.06454,0.44339,0.48639,0.85783,0.78038,0.82556,0.54244,1.19489,0.55522,0.85804,0,0,0,0,0,0,0,0,0,0,0,0,0,0,0,0,0,0,0,0,0,0,0,0,0,0,0,0,0,0,0,0.54244,0.00524234,0.00174745,0.00524234,0.00174745,0.00524234,0.00174745,0.00524234,0.00174745
588,142458,1.14394,0.57155,0.84988,0,0,0,0,0,0,0.10442,0.0017,0.0002,2e-05,0,0,0,0,0,0,0,0,0,0,0,0,0,0.7698,0.24296,0,0,0.486,0.06461,0.44348,0.48652,0.85725,0.78098,0.82552,0.5425,1.19396,0.5551,0.85793,0,0,0,0,0,0,0,0,0,0,0,0,0,0,0,0,0,0,0,0,0,0,0,0,0,0,0,0,0,0,0,0.5425,0.00519897,0.00173299,0.00519897,0.00173299,0.00519897,0.00173299,0.00519897,0.00173299
589,142566,1.14354,0.56873,0.84768,0,0,0,0,0,0,0.1052,0.0017,0.00028,1e-05,0,0,0,0,0,0,0,0,0,0,0,0,0,0.78737,0.24326,0,0,0.48604,0.06456,0.44444,0.48655,0.858,0.78124,0.82592,0.54257,1.194,0.55485,0.85797,0,0,0,0,0,0,0,0,0,0,0,0,0,0,0,0,0,0,0,0,0,0,0,0,0,0,0,0,0,0,0,0.54257,0.00515576,0.00171859,0.00515576,0.00171859,0.00515576,0.00171859,0.00515576,0.00171859
590,142669,1.14769,0.56916,0.8463,0,0,0,0,0,0,0.10445,0.0017,0.00024,1e-05,0,0,0,0,0,0,0,0,0,0,0,0,0,0.77355,0.24008,0,0,0.48605,0.0646,0.44419,0.48658,0.85838,0.78118,0.82581,0.54232,1.19353,0.55466,0.85781,0,0,0,0,0,0,0,0,0,0,0,0,0,0,0,0,0,0,0,0,0,0,0,0,0,0,0,0,0,0,0,0.54232,0.00511271,0.00170424,0.00511271,0.00170424,0.00511271,0.00170424,0.00511271,0.00170424
591,142771,1.14147,0.56774,0.84499,0,0,0,0,0,0,0.1048,0.0017,0.00022,0,0,0,0,0,0,0,0,0,0,0,0,0,0,0.74377,0.23626,0,0,0.4859,0.06459,0.44315,0.48642,0.85688,0.78184,0.82617,0.54291,1.19366,0.55433,0.85778,0,0,0,0,0,0,0,0,0,0,0,0,0,0,0,0,0,0,0,0,0,0,0,0,0,0,0,0,0,0,0,0.54291,0.00506981,0.00168994,0.00506981,0.00168994,0.00506981,0.00168994,0.00506981,0.00168994
592,142875,1.13575,0.56731,0.84653,0,0,0,0,0,0,0.10569,0.0017,0.00027,1e-05,0,0,0,0,0,0,0,0,0,0,0,0,0,0.8258,0.24037,0,0,0.48602,0.06464,0.44386,0.48655,0.85743,0.78122,0.82698,0.54368,1.19269,0.55387,0.85763,0,0,0,0,0,0,0,0,0,0,0,0,0,0,0,0,0,0,0,0,0,0,0,0,0,0,0,0,0,0,0,0.54368,0.00502706,0.00167569,0.00502706,0.00167569,0.00502706,0.00167569,0.00502706,0.00167569
593,142977,1.14471,0.57084,0.84806,0,0,0,0,0,0,0.10423,0.0017,0.0002,0,0,0,0,0,0,0,0,0,0,0,0,0,0,0.84225,0.24119,0,0,0.48595,0.06455,0.44376,0.48639,0.85679,0.78194,0.82735,0.54412,1.19239,0.55336,0.85756,0,0,0,0,0,0,0,0,0,0,0,0,0,0,0,0,0,0,0,0,0,0,0,0,0,0,0,0,0,0,0,0.54412,0.00498448,0.00166149,0.00498448,0.00166149,0.00498448,0.00166149,0.00498448,0.00166149
594,143114,1.13885,0.56544,0.84718,0,0,0,0,0,0,0.10399,0.00169,0.00026,1e-05,0,0,0,0,0,0,0,0,0,0,0,0,0,0.81337,0.24081,0,0,0.48595,0.0645,0.44405,0.48647,0.85779,0.7808,0.82729,0.54429,1.19243,0.55345,0.8575,0,0,0,0,0,0,0,0,0,0,0,0,0,0,0,0,0,0,0,0,0,0,0,0,0,0,0,0,0,0,0,0.54429,0.00494204,0.00164735,0.00494204,0.00164735,0.00494204,0.00164735,0.00494204,0.00164735
595,143250,1.13937,0.56414,0.84528,0,0,0,0,0,0,0.1041,0.00169,0.00021,2e-05,0,0,0,0,0,0,0,0,0,0,0,0,0,0.75251,0.23814,0,0,0.48602,0.06461,0.445,0.48653,0.858,0.78197,0.8281,0.54438,1.19171,0.55254,0.85742,0,0,0,0,0,0,0,0,0,0,0,0,0,0,0,0,0,0,0,0,0,0,0,0,0,0,0,0,0,0,0,0.54438,0.00489977,0.00163326,0.00489977,0.00163326,0.00489977,0.00163326,0.00489977,0.00163326
596,143387,1.13414,0.56645,0.8479,0,0,0,0,0,0,0.10421,0.00169,0.00019,1e-05,0,0,0,0,0,0,0,0,0,0,0,0,0,0.74104,0.23723,0,0,0.48604,0.06459,0.44526,0.48654,0.85856,0.78211,0.82849,0.5445,1.19184,0.55235,0.85745,0,0,0,0,0,0,0,0,0,0,0,0,0,0,0,0,0,0,0,0,0,0,0,0,0,0,0,0,0,0,0,0.5445,0.00485765,0.00161922,0.00485765,0.00161922,0.00485765,0.00161922,0.00485765,0.00161922
597,143521,1.13423,0.56458,0.84263,0,0,0,0,0,0,0.10386,0.00169,0.00016,0,0,0,0,0,0,0,0,0,0,0,0,0,0,0.7431,0.23434,0,0,0.48606,0.06458,0.44426,0.48649,0.8572,0.78308,0.82856,0.54486,1.19072,0.55177,0.85738,0,0,0,0,0,0,0,0,0,0,0,0,0,0,0,0,0,0,0,0,0,0,0,0,0,0,0,0,0,0,0,0.54486,0.00481569,0.00160523,0.00481569,0.00160523,0.00481569,0.00160523,0.00481569,0.00160523
598,143651,1.13199,0.56273,0.84662,0,0,0,0,0,0,0.1044,0.00168,0.00022,0,0,0,0,0,0,0,0,0,0,0,0,0,0,0.74946,0.23547,0,0,0.48587,0.06452,0.44393,0.48639,0.85708,0.78341,0.82849,0.54484,1.19035,0.5512,0.85725,0,0,0,0,0,0,0,0,0,0,0,0,0,0,0,0,0,0,0,0,0,0,0,0,0,0,0,0,0,0,0,0.54484,0.0047739,0.0015913,0.0047739,0.0015913,0.0047739,0.0015913,0.0047739,0.0015913
599,143780,1.13048,0.56181,0.84256,0,0,0,0,0,0,0.10372,0.00168,0.00024,0,0,0,0,0,0,0,0,0,0,0,0,0,0,0.70801,0.235,0,0,0.48602,0.06459,0.44475,0.48655,0.85704,0.78431,0.82902,0.54469,1.19004,0.55125,0.85714,0,0,0,0,0,0,0,0,0,0,0,0,0,0,0,0,0,0,0,0,0,0,0,0,0,0,0,0,0,0,0,0.54469,0.00473226,0.00157742,0.00473226,0.00157742,0.00473226,0.00157742,0.00473226,0.00157742
600,143912,1.13289,0.56333,0.84381,0,0,0,0,0,0,0.10232,0.00168,0.00016,0,0,0,0,0,0,0,0,0,0,0,0,0,0,0.73058,0.2379,0,0,0.48598,0.06457,0.44383,0.48651,0.8579,0.78465,0.82933,0.5455,1.18953,0.55062,0.85706,0,0,0,0,0,0,0,0,0,0,0,0,0,0,0,0,0,0,0,0,0,0,0,0,0,0,0,0,0,0,0,0.5455,0.00469078,0.00156359,0.00469078,0.00156359,0.00469078,0.00156359,0.00469078,0.00156359
601,144051,1.12527,0.5573,0.84306,0,0,0,0,0,0,0.103,0.00168,0.00022,0,0,0,0,0,0,0,0,0,0,0,0,0,0,0.75567,0.23974,0,0,0.48592,0.06453,0.44359,0.48645,0.85652,0.78691,0.83024,0.54611,1.18873,0.55037,0.85702,0,0,0,0,0,0,0,0,0,0,0,0,0,0,0,0,0,0,0,0,0,0,0,0,0,0,0,0,0,0,0,0.54611,0.00464946,0.00154982,0.00464946,0.00154982,0.00464946,0.00154982,0.00464946,0.00154982
602,144188,1.1237,0.55928,0.84356,0,0,0,0,0,0,0.10351,0.00167,0.00017,0,0,0,0,0,0,0,0,0,0,0,0,0,0,0.76753,0.24107,0,0,0.48595,0.06456,0.4435,0.48648,0.85693,0.78451,0.82973,0.54648,1.18857,0.54978,0.85695,0,0,0,0,0,0,0,0,0,0,0,0,0,0,0,0,0,0,0,0,0,0,0,0,0,0,0,0,0,0,0,0.54648,0.00460831,0.0015361,0.00460831,0.0015361,0.00460831,0.0015361,0.00460831,0.0015361
603,144331,1.12702,0.56808,0.84388,0,0,0,0,0,0,0.10373,0.00167,0.0002,3e-05,0,0,0,0,0,0,0,0,0,0,0,0,0,0.72973,0.23601,0,0,0.48592,0.06457,0.44453,0.48644,0.85855,0.78573,0.83089,0.54655,1.18846,0.54932,0.85692,0,0,0,0,0,0,0,0,0,0,0,0,0,0,0,0,0,0,0,0,0,0,0,0,0,0,0,0,0,0,0,0.54655,0.00456732,0.00152244,0.00456732,0.00152244,0.00456732,0.00152244,0.00456732,0.00152244
604,144465,1.12135,0.55607,0.84297,0,0,0,0,0,0,0.10277,0.00167,0.00018,0,0,0,0,0,0,0,0,0,0,0,0,0,0,0.75979,0.23437,0,0,0.48593,0.06457,0.44416,0.48645,0.85743,0.78559,0.8306,0.54665,1.18835,0.54911,0.85694,0,0,0,0,0,0,0,0,0,0,0,0,0,0,0,0,0,0,0,0,0,0,0,0,0,0,0,0,0,0,0,0.54665,0.00452649,0.00150883,0.00452649,0.00150883,0.00452649,0.00150883,0.00452649,0.00150883
605,144598,1.11749,0.55619,0.84094,0,0,0,0,0,0,0.10251,0.00167,0.00017,1e-05,0,0,0,0,0,0,0,0,0,0,0,0,0,0.7508,0.23523,0,0,0.48593,0.06456,0.44357,0.48644,0.85863,0.78528,0.83037,0.54729,1.18713,0.5484,0.8568,0,0,0,0,0,0,0,0,0,0,0,0,0,0,0,0,0,0,0,0,0,0,0,0,0,0,0,0,0,0,0,0.54729,0.00448582,0.00149527,0.00448582,0.00149527,0.00448582,0.00149527,0.00448582,0.00149527
606,144720,1.12527,0.55865,0.84611,0,0,0,0,0,0,0.10302,0.00166,0.00019,0,0,0,0,0,0,0,0,0,0,0,0,0,0,0.74198,0.23307,0,0,0.48594,0.06458,0.44414,0.48637,0.85985,0.78477,0.83098,0.54741,1.18708,0.54815,0.85673,0,0,0,0,0,0,0,0,0,0,0,0,0,0,0,0,0,0,0,0,0,0,0,0,0,0,0,0,0,0,0,0.54741,0.00444532,0.00148177,0.00444532,0.00148177,0.00444532,0.00148177,0.00444532,0.00148177
607,144851,1.11838,0.5553,0.84472,0,0,0,0,0,0,0.10221,0.00166,0.00023,1e-05,0,0,0,0,0,0,0,0,0,0,0,0,0,0.72281,0.23403,0,0,0.48597,0.0646,0.44352,0.48649,0.8603,0.78531,0.83126,0.54761,1.18622,0.54766,0.8566,0,0,0,0,0,0,0,0,0,0,0,0,0,0,0,0,0,0,0,0,0,0,0,0,0,0,0,0,0,0,0,0.54761,0.00440499,0.00146833,0.00440499,0.00146833,0.00440499,0.00146833,0.00440499,0.00146833
608,144988,1.10957,0.55689,0.84327,0,0,0,0,0,0,0.10283,0.00165,0.00019,3e-05,0,0,0,0,0,0,0,0,0,0,0,0,0,0.71496,0.23054,0,0,0.48605,0.06465,0.44408,0.48657,0.86009,0.78519,0.83107,0.54795,1.18512,0.54747,0.85647,0,0,0,0,0,0,0,0,0,0,0,0,0,0,0,0,0,0,0,0,0,0,0,0,0,0,0,0,0,0,0,0.54795,0.00436482,0.00145494,0.00436482,0.00145494,0.00436482,0.00145494,0.00436482,0.00145494
609,145116,1.10793,0.5496,0.83967,0,0,0,0,0,0,0.10285,0.00165,0.00025,0,0,0,0,0,0,0,0,0,0,0,0,0,0,0.75611,0.2329,0,0,0.48598,0.06454,0.44377,0.48651,0.86114,0.78609,0.83151,0.54819,1.18407,0.54697,0.85636,0,0,0,0,0,0,0,0,0,0,0,0,0,0,0,0,0,0,0,0,0,0,0,0,0,0,0,0,0,0,0,0.54819,0.00432482,0.00144161,0.00432482,0.00144161,0.00432482,0.00144161,0.00432482,0.00144161
610,145240,1.10447,0.55253,0.84121,0,0,0,0,0,0,0.10227,0.00165,0.00027,0,0,0,0,0,0,0,0,0,0,0,0,0,0,0.73655,0.23229,0,0,0.48602,0.06459,0.44487,0.48653,0.8615,0.7865,0.8317,0.54876,1.18341,0.54662,0.85632,0,0,0,0,0,0,0,0,0,0,0,0,0,0,0,0,0,0,0,0,0,0,0,0,0,0,0,0,0,0,0,0.54876,0.00428498,0.00142833,0.00428498,0.00142833,0.00428498,0.00142833,0.00428498,0.00142833
611,145376,1.116,0.55641,0.84186,0,0,0,0,0,0,0.10164,0.00165,0.00023,0,0,0,0,0,0,0,0,0,0,0,0,0,0,0.80519,0.22847,0,0,0.48604,0.0646,0.44419,0.48656,0.86035,0.78625,0.83133,0.54903,1.18238,0.54628,0.85626,0,0,0,0,0,0,0,0,0,0,0,0,0,0,0,0,0,0,0,0,0,0,0,0,0,0,0,0,0,0,0,0.54903,0.00424531,0.0014151,0.00424531,0.0014151,0.00424531,0.0014151,0.00424531,0.0014151
612,147200,1.11557,0.55148,0.84147,0,0,0,0,0,0,0.10214,0.00165,0.00027,0,0,0,0,0,0,0,0,0,0,0,0,0,0,0.77673,0.22709,0,0,0.486,0.0646,0.44318,0.48652,0.85828,0.78943,0.83155,0.54906,1.18266,0.5461,0.85627,0,0,0,0,0,0,0,0,0,0,0,0,0,0,0,0,0,0,0,0,0,0,0,0,0,0,0,0,0,0,0,0.54906,0.00420581,0.00140194,0.00420581,0.00140194,0.00420581,0.00140194,0.00420581,0.00140194
613,147320,1.10665,0.55019,0.84019,0,0,0,0,0,0,0.10249,0.00165,0.00028,0,0,0,0,0,0,0,0,0,0,0,0,0,0,0.74605,0.22706,0,0,0.48605,0.06458,0.44348,0.48657,0.86137,0.78812,0.83247,0.54909,1.18261,0.54613,0.85616,0,0,0,0,0,0,0,0,0,0,0,0,0,0,0,0,0,0,0,0,0,0,0,0,0,0,0,0,0,0,0,0.54909,0.00416648,0.00138883,0.00416648,0.00138883,0.00416648,0.00138883,0.00416648,0.00138883
614,147433,1.10933,0.55165,0.84258,0,0,0,0,0,0,0.10187,0.00164,0.00022,0,0,0,0,0,0,0,0,0,0,0,0,0,0,0.77636,0.22966,0,0,0.486,0.06455,0.44474,0.48652,0.86117,0.78795,0.83252,0.54907,1.18233,0.54594,0.85608,0,0,0,0,0,0,0,0,0,0,0,0,0,0,0,0,0,0,0,0,0,0,0,0,0,0,0,0,0,0,0,0.54907,0.00412732,0.00137577,0.00412732,0.00137577,0.00412732,0.00137577,0.00412732,0.00137577
615,147565,1.10254,0.54583,0.8412,0,0,0,0,0,0,0.10116,0.00164,0.00017,1e-05,0,0,0,0,0,0,0,0,0,0,0,0,0,0.74706,0.22958,0,0,0.48589,0.06455,0.4431,0.48642,0.86196,0.78887,0.83297,0.54954,1.18132,0.54498,0.85594,0,0,0,0,0,0,0,0,0,0,0,0,0,0,0,0,0,0,0,0,0,0,0,0,0,0,0,0,0,0,0,0.54954,0.00408832,0.00136277,0.00408832,0.00136277,0.00408832,0.00136277,0.00408832,0.00136277
616,147679,1.10724,0.54891,0.84111,0,0,0,0,0,0,0.101,0.00164,0.00021,0,0,0,0,0,0,0,0,0,0,0,0,0,0,0.74319,0.22879,0,0,0.48596,0.06458,0.44331,0.48648,0.85793,0.79177,0.83319,0.54919,1.18139,0.54469,0.85587,0,0,0,0,0,0,0,0,0,0,0,0,0,0,0,0,0,0,0,0,0,0,0,0,0,0,0,0,0,0,0,0.54919,0.0040495,0.00134983,0.0040495,0.00134983,0.0040495,0.00134983,0.0040495,0.00134983
617,147805,1.10106,0.54422,0.8377,0,0,0,0,0,0,0.10047,0.00164,0.00025,0,0,0,0,0,0,0,0,0,0,0,0,0,0,0.75814,0.22838,0,0,0.48602,0.06459,0.44403,0.48654,0.8625,0.78832,0.83321,0.5499,1.1813,0.54477,0.85587,0,0,0,0,0,0,0,0,0,0,0,0,0,0,0,0,0,0,0,0,0,0,0,0,0,0,0,0,0,0,0,0.5499,0.00401085,0.00133695,0.00401085,0.00133695,0.00401085,0.00133695,0.00401085,0.00133695
618,147927,1.09606,0.54381,0.8399,0,0,0,0,0,0,0.10009,0.00163,0.00027,2e-05,0,0,0,0,0,0,0,0,0,0,0,0,0,0.76593,0.22758,0,0,0.48603,0.0646,0.44484,0.48654,0.85762,0.79264,0.8336,0.55012,1.17959,0.54401,0.85566,0,0,0,0,0,0,0,0,0,0,0,0,0,0,0,0,0,0,0,0,0,0,0,0,0,0,0,0,0,0,0,0.55012,0.00397237,0.00132412,0.00397237,0.00132412,0.00397237,0.00132412,0.00397237,0.00132412
619,148054,1.09722,0.54634,0.83933,0,0,0,0,0,0,0.10043,0.00164,0.00023,1e-05,0,0,0,0,0,0,0,0,0,0,0,0,0,0.78859,0.22925,0,0,0.48598,0.06461,0.44367,0.4865,0.8564,0.79303,0.83407,0.55021,1.17919,0.54391,0.85558,0,0,0,0,0,0,0,0,0,0,0,0,0,0,0,0,0,0,0,0,0,0,0,0,0,0,0,0,0,0,0,0.55021,0.00393407,0.00131136,0.00393407,0.00131136,0.00393407,0.00131136,0.00393407,0.00131136
620,148183,1.10019,0.54178,0.8419,0,0,0,0,0,0,0.10072,0.00164,0.00027,0,0,0,0,0,0,0,0,0,0,0,0,0,0,0.76674,0.22819,0,0,0.486,0.06457,0.44344,0.48653,0.85722,0.79374,0.83437,0.55028,1.17864,0.54339,0.85554,0,0,0,0,0,0,0,0,0,0,0,0,0,0,0,0,0,0,0,0,0,0,0,0,0,0,0,0,0,0,0,0.55028,0.00389593,0.00129864,0.00389593,0.00129864,0.00389593,0.00129864,0.00389593,0.00129864
621,148296,1.09495,0.54706,0.84,0,0,0,0,0,0,0.1012,0.00163,0.00017,9e-05,0,0,0,0,0,0,0,0,0,0,0,0,0,0.77352,0.22627,0,0,0.48589,0.06454,0.44449,0.4864,0.85754,0.79288,0.83358,0.55,1.17878,0.54322,0.8555,0,0,0,0,0,0,0,0,0,0,0,0,0,0,0,0,0,0,0,0,0,0,0,0,0,0,0,0,0,0,0,0.55,0.00385797,0.00128599,0.00385797,0.00128599,0.00385797,0.00128599,0.00385797,0.00128599
622,148415,1.09579,0.54287,0.84076,0,0,0,0,0,0,0.10084,0.00163,0.00018,0,0,0,0,0,0,0,0,0,0,0,0,0,0,0.82977,0.22447,0,0,0.48597,0.06456,0.4435,0.48649,0.85708,0.79348,0.83343,0.55051,1.17705,0.54273,0.85539,0,0,0,0,0,0,0,0,0,0,0,0,0,0,0,0,0,0,0,0,0,0,0,0,0,0,0,0,0,0,0,0.55051,0.00382019,0.0012734,0.00382019,0.0012734,0.00382019,0.0012734,0.00382019,0.0012734
623,148539,1.09183,0.54509,0.83764,0,0,0,0,0,0,0.09963,0.00163,0.00016,1e-05,0,0,0,0,0,0,0,0,0,0,0,0,0,0.84548,0.22538,0,0,0.48594,0.06456,0.44344,0.48647,0.85576,0.79367,0.83326,0.55114,1.17641,0.5427,0.85527,0,0,0,0,0,0,0,0,0,0,0,0,0,0,0,0,0,0,0,0,0,0,0,0,0,0,0,0,0,0,0,0.55114,0.00378257,0.00126086,0.00378257,0.00126086,0.00378257,0.00126086,0.00378257,0.00126086
624,148667,1.08921,0.54325,0.83835,0,0,0,0,0,0,0.10053,0.00163,0.00026,0,0,0,0,0,0,0,0,0,0,0,0,0,0,0.7748,0.22277,0,0,0.48598,0.06456,0.44361,0.48651,0.85471,0.79474,0.83434,0.55101,1.17548,0.54229,0.8551,0,0,0,0,0,0,0,0,0,0,0,0,0,0,0,0,0,0,0,0,0,0,0,0,0,0,0,0,0,0,0,0.55101,0.00374514,0.00124838,0.00374514,0.00124838,0.00374514,0.00124838,0.00374514,0.00124838
625,148793,1.08754,0.53889,0.8366,0,0,0,0,0,0,0.09969,0.00162,0.0003,0,0,0,0,0,0,0,0,0,0,0,0,0,0,0.7285,0.22347,0,0,0.48613,0.06461,0.44417,0.48665,0.85443,0.79512,0.8349,0.55134,1.17567,0.54198,0.8551,0,0,0,0,0,0,0,0,0,0,0,0,0,0,0,0,0,0,0,0,0,0,0,0,0,0,0,0,0,0,0,0.55134,0.00370788,0.00123596,0.00370788,0.00123596,0.00370788,0.00123596,0.00370788,0.00123596
626,148902,1.08699,0.53968,0.8389,0,0,0,0,0,0,0.10075,0.00162,0.00018,0,0,0,0,0,0,0,0,0,0,0,0,0,0,0.71012,0.22235,0,0,0.4859,0.06453,0.44379,0.48643,0.85592,0.79455,0.83482,0.55186,1.17436,0.54146,0.85485,0,0,0,0,0,0,0,0,0,0,0,0,0,0,0,0,0,0,0,0,0,0,0,0,0,0,0,0,0,0,0,0.55186,0.00367079,0.0012236,0.00367079,0.0012236,0.00367079,0.0012236,0.00367079,0.0012236
627,149025,1.09054,0.53946,0.83851,0,0,0,0,0,0,0.0999,0.00162,0.00017,0,0,0,0,0,0,0,0,0,0,0,0,0,0,0.74103,0.22136,0,0,0.48599,0.06459,0.44365,0.48652,0.85801,0.79378,0.83522,0.55202,1.1744,0.54116,0.85488,0,0,0,0,0,0,0,0,0,0,0,0,0,0,0,0,0,0,0,0,0,0,0,0,0,0,0,0,0,0,0,0.55202,0.00363389,0.0012113,0.00363389,0.0012113,0.00363389,0.0012113,0.00363389,0.0012113
628,149150,1.09002,0.53983,0.83849,0,0,0,0,0,0,0.10013,0.00161,0.00018,0,0,0,0,0,0,0,0,0,0,0,0,0,0,0.72899,0.21943,0,0,0.48599,0.06458,0.44377,0.48651,0.85815,0.79415,0.83535,0.55259,1.17267,0.5404,0.8547,0,0,0,0,0,0,0,0,0,0,0,0,0,0,0,0,0,0,0,0,0,0,0,0,0,0,0,0,0,0,0,0.55259,0.00359716,0.00119905,0.00359716,0.00119905,0.00359716,0.00119905,0.00359716,0.00119905
629,149273,1.08629,0.53683,0.8362,0,0,0,0,0,0,0.10076,0.00161,0.00026,1e-05,0,0,0,0,0,0,0,0,0,0,0,0,0,0.72557,0.21954,0,0,0.48603,0.06463,0.44408,0.48654,0.85754,0.79446,0.83518,0.55233,1.17201,0.54001,0.85464,0,0,0,0,0,0,0,0,0,0,0,0,0,0,0,0,0,0,0,0,0,0,0,0,0,0,0,0,0,0,0,0.55233,0.00356061,0.00118687,0.00356061,0.00118687,0.00356061,0.00118687,0.00356061,0.00118687
630,149397,1.0852,0.53833,0.83788,0,0,0,0,0,0,0.10036,0.00161,0.00026,1e-05,0,0,0,0,0,0,0,0,0,0,0,0,0,0.71711,0.22153,0,0,0.48595,0.0645,0.44409,0.48647,0.85888,0.79461,0.83617,0.55273,1.1718,0.53953,0.85468,0,0,0,0,0,0,0,0,0,0,0,0,0,0,0,0,0,0,0,0,0,0,0,0,0,0,0,0,0,0,0,0.55273,0.00352424,0.00117475,0.00352424,0.00117475,0.00352424,0.00117475,0.00352424,0.00117475
631,149512,1.0798,0.53686,0.83778,0,0,0,0,0,0,0.09887,0.00161,0.00016,0,0,0,0,0,0,0,0,0,0,0,0,0,0,0.71883,0.21971,0,0,0.48596,0.06456,0.44422,0.48648,0.85817,0.79455,0.83563,0.55328,1.17057,0.53935,0.85457,0,0,0,0,0,0,0,0,0,0,0,0,0,0,0,0,0,0,0,0,0,0,0,0,0,0,0,0,0,0,0,0.55328,0.00348804,0.00116268,0.00348804,0.00116268,0.00348804,0.00116268,0.00348804,0.00116268
632,149638,1.08032,0.53436,0.83619,0,0,0,0,0,0,0.10052,0.00161,0.00017,0,0,0,0,0,0,0,0,0,0,0,0,0,0,0.74129,0.2183,0,0,0.48603,0.06458,0.44441,0.48654,0.85861,0.79511,0.83634,0.5534,1.17083,0.53903,0.85453,0,0,0,0,0,0,0,0,0,0,0,0,0,0,0,0,0,0,0,0,0,0,0,0,0,0,0,0,0,0,0,0.5534,0.00345203,0.00115068,0.00345203,0.00115068,0.00345203,0.00115068,0.00345203,0.00115068
633,149771,1.07666,0.53695,0.83615,0,0,0,0,0,0,0.09929,0.00161,0.00018,0,0,0,0,0,0,0,0,0,0,0,0,0,0,0.72063,0.21822,0,0,0.48604,0.06459,0.44352,0.48655,0.85816,0.79455,0.83578,0.55299,1.17079,0.53885,0.85441,0,0,0,0,0,0,0,0,0,0,0,0,0,0,0,0,0,0,0,0,0,0,0,0,0,0,0,0,0,0,0,0.55299,0.0034162,0.00113873,0.0034162,0.00113873,0.0034162,0.00113873,0.0034162,0.00113873
634,149882,1.0758,0.53308,0.83742,0,0,0,0,0,0,0.09937,0.0016,0.00018,1e-05,0,0,0,0,0,0,0,0,0,0,0,0,0,0.71523,0.2162,0,0,0.48597,0.06455,0.44407,0.4865,0.85912,0.79516,0.83614,0.55316,1.17072,0.53883,0.85438,0,0,0,0,0,0,0,0,0,0,0,0,0,0,0,0,0,0,0,0,0,0,0,0,0,0,0,0,0,0,0,0.55316,0.00338055,0.00112685,0.00338055,0.00112685,0.00338055,0.00112685,0.00338055,0.00112685
635,150004,1.08408,0.53821,0.83671,0,0,0,0,0,0,0.09968,0.0016,0.00023,0,0,0,0,0,0,0,0,0,0,0,0,0,0,0.72345,0.21578,0,0,0.48611,0.06459,0.44386,0.48664,0.85718,0.79444,0.83541,0.55331,1.16998,0.53819,0.85426,0,0,0,0,0,0,0,0,0,0,0,0,0,0,0,0,0,0,0,0,0,0,0,0,0,0,0,0,0,0,0,0.55331,0.00334508,0.00111503,0.00334508,0.00111503,0.00334508,0.00111503,0.00334508,0.00111503
636,150134,1.07337,0.53085,0.83566,0,0,0,0,0,0,0.09985,0.0016,0.00018,2e-05,0,0,0,0,0,0,0,0,0,0,0,0,0,0.73803,0.21408,0,0,0.48607,0.06458,0.44418,0.48659,0.85566,0.79607,0.8355,0.55386,1.16942,0.53805,0.85418,0,0,0,0,0,0,0,0,0,0,0,0,0,0,0,0,0,0,0,0,0,0,0,0,0,0,0,0,0,0,0,0.55386,0.00330979,0.00110326,0.00330979,0.00110326,0.00330979,0.00110326,0.00330979,0.00110326
637,150265,1.07797,0.54145,0.83889,0,0,0,0,0,0,0.0994,0.00161,0.00022,8e-05,0,0,0,0,0,0,0,0,0,0,0,0,0,0.72939,0.21392,0,0,0.48587,0.06451,0.44415,0.4864,0.85721,0.7966,0.83701,0.5546,1.16804,0.53765,0.85412,0,0,0,0,0,0,0,0,0,0,0,0,0,0,0,0,0,0,0,0,0,0,0,0,0,0,0,0,0,0,0,0.5546,0.00327468,0.00109156,0.00327468,0.00109156,0.00327468,0.00109156,0.00327468,0.00109156
638,150394,1.06981,0.5316,0.83642,0,0,0,0,0,0,0.09935,0.0016,0.00016,0,0,0,0,0,0,0,0,0,0,0,0,0,0,0.73345,0.21414,0,0,0.48606,0.06461,0.44437,0.48659,0.8567,0.79641,0.83654,0.55474,1.16697,0.53695,0.85397,0,0,0,0,0,0,0,0,0,0,0,0,0,0,0,0,0,0,0,0,0,0,0,0,0,0,0,0,0,0,0,0.55474,0.00323976,0.00107992,0.00323976,0.00107992,0.00323976,0.00107992,0.00323976,0.00107992
639,150524,1.07994,0.5334,0.83465,0,0,0,0,0,0,0.10034,0.00159,0.00026,1e-05,0,0,0,0,0,0,0,0,0,0,0,0,0,0.70705,0.21167,0,0,0.48597,0.06454,0.44391,0.48649,0.85865,0.79647,0.83733,0.55514,1.16586,0.5368,0.85384,0,0,0,0,0,0,0,0,0,0,0,0,0,0,0,0,0,0,0,0,0,0,0,0,0,0,0,0,0,0,0,0.55514,0.00320502,0.00106834,0.00320502,0.00106834,0.00320502,0.00106834,0.00320502,0.00106834
640,150655,1.07142,0.52934,0.83701,0,0,0,0,0,0,0.09887,0.00159,0.00025,0,0,0,0,0,0,0,0,0,0,0,0,0,0,0.75001,0.21454,0,0,0.48602,0.06459,0.44451,0.48653,0.86,0.7967,0.83737,0.55523,1.16533,0.53651,0.85368,0,0,0,0,0,0,0,0,0,0,0,0,0,0,0,0,0,0,0,0,0,0,0,0,0,0,0,0,0,0,0,0.55523,0.00317047,0.00105682,0.00317047,0.00105682,0.00317047,0.00105682,0.00317047,0.00105682
641,150784,1.07333,0.52993,0.83609,0,0,0,0,0,0,0.09869,0.00159,0.00018,1e-05,0,0,0,0,0,0,0,0,0,0,0,0,0,0.74355,0.21055,0,0,0.48596,0.06457,0.44474,0.48648,0.85988,0.79699,0.83689,0.55559,1.16499,0.53621,0.85364,0,0,0,0,0,0,0,0,0,0,0,0,0,0,0,0,0,0,0,0,0,0,0,0,0,0,0,0,0,0,0,0.55559,0.0031361,0.00104537,0.0031361,0.00104537,0.0031361,0.00104537,0.0031361,0.00104537
642,150913,1.06717,0.52642,0.83471,0,0,0,0,0,0,0.09933,0.00159,0.00026,1e-05,0,0,0,0,0,0,0,0,0,0,0,0,0,0.766,0.21028,0,0,0.4859,0.06455,0.44411,0.48642,0.86029,0.79811,0.83778,0.55569,1.16388,0.53566,0.85359,0,0,0,0,0,0,0,0,0,0,0,0,0,0,0,0,0,0,0,0,0,0,0,0,0,0,0,0,0,0,0,0.55569,0.00310191,0.00103397,0.00310191,0.00103397,0.00310191,0.00103397,0.00310191,0.00103397
643,151040,1.06755,0.5286,0.83518,0,0,0,0,0,0,0.09918,0.00158,0.00015,0,0,0,0,0,0,0,0,0,0,0,0,0,0,0.7486,0.21008,0,0,0.48603,0.06457,0.44401,0.48654,0.85902,0.79878,0.83781,0.55611,1.16411,0.53565,0.85354,0,0,0,0,0,0,0,0,0,0,0,0,0,0,0,0,0,0,0,0,0,0,0,0,0,0,0,0,0,0,0,0.55611,0.00306791,0.00102264,0.00306791,0.00102264,0.00306791,0.00102264,0.00306791,0.00102264
644,151159,1.06231,0.52905,0.83497,0,0,0,0,0,0,0.09872,0.00158,0.0002,0,0,0,0,0,0,0,0,0,0,0,0,0,0,0.75828,0.20947,0,0,0.48595,0.06453,0.44375,0.48647,0.85807,0.79865,0.83713,0.55551,1.16388,0.53565,0.85355,0,0,0,0,0,0,0,0,0,0,0,0,0,0,0,0,0,0,0,0,0,0,0,0,0,0,0,0,0,0,0,0.55551,0.0030341,0.00101137,0.0030341,0.00101137,0.0030341,0.00101137,0.0030341,0.00101137
645,151271,1.05477,0.52505,0.83332,0,0,0,0,0,0,0.09851,0.00158,0.0002,0,0,0,0,0,0,0,0,0,0,0,0,0,0,0.76908,0.20926,0,0,0.48592,0.06452,0.44438,0.48644,0.86125,0.79863,0.83849,0.55609,1.16332,0.53513,0.85347,0,0,0,0,0,0,0,0,0,0,0,0,0,0,0,0,0,0,0,0,0,0,0,0,0,0,0,0,0,0,0,0.55609,0.00300048,0.00100016,0.00300048,0.00100016,0.00300048,0.00100016,0.00300048,0.00100016
646,151402,1.06087,0.52389,0.83464,0,0,0,0,0,0,0.09928,0.00158,0.00028,2e-05,0,0,0,0,0,0,0,0,0,0,0,0,0,0.74613,0.20883,0,0,0.48599,0.06453,0.44453,0.48651,0.85918,0.79881,0.838,0.5564,1.16297,0.53459,0.8534,0,0,0,0,0,0,0,0,0,0,0,0,0,0,0,0,0,0,0,0,0,0,0,0,0,0,0,0,0,0,0,0.5564,0.00296704,0.000989013,0.00296704,0.000989013,0.00296704,0.000989013,0.00296704,0.000989013
647,151530,1.06208,0.52779,0.83401,0,0,0,0,0,0,0.0979,0.00157,0.00017,0,0,0,0,0,0,0,0,0,0,0,0,0,0,0.73961,0.20779,0,0,0.48601,0.0646,0.44444,0.48652,0.85919,0.79901,0.83854,0.55667,1.16411,0.53488,0.85343,0,0,0,0,0,0,0,0,0,0,0,0,0,0,0,0,0,0,0,0,0,0,0,0,0,0,0,0,0,0,0,0.55667,0.00293379,0.000977929,0.00293379,0.000977929,0.00293379,0.000977929,0.00293379,0.000977929
648,151653,1.06441,0.52738,0.8348,0,0,0,0,0,0,0.09841,0.00157,0.00018,6e-05,0,0,0,0,0,0,0,0,0,0,0,0,0,0.73825,0.20687,0,0,0.48597,0.06454,0.44448,0.48648,0.85927,0.79927,0.83882,0.55669,1.16358,0.5341,0.8534,0,0,0,0,0,0,0,0,0,0,0,0,0,0,0,0,0,0,0,0,0,0,0,0,0,0,0,0,0,0,0,0.55669,0.00290073,0.000966909,0.00290073,0.000966909,0.00290073,0.000966909,0.00290073,0.000966909
649,151764,1.05437,0.52356,0.83245,0,0,0,0,0,0,0.09775,0.00157,0.0002,1e-05,0,0,0,0,0,0,0,0,0,0,0,0,0,0.76853,0.206,0,0,0.48598,0.06458,0.44416,0.48649,0.85742,0.79998,0.83965,0.5568,1.16297,0.53409,0.85328,0,0,0,0,0,0,0,0,0,0,0,0,0,0,0,0,0,0,0,0,0,0,0,0,0,0,0,0,0,0,0,0.5568,0.00286785,0.000955951,0.00286785,0.000955951,0.00286785,0.000955951,0.00286785,0.000955951
650,151883,1.05922,0.52654,0.83465,0,0,0,0,0,0,0.09833,0.00157,0.00021,1e-05,0,0,0,0,0,0,0,0,0,0,0,0,0,0.77855,0.20714,0,0,0.48597,0.06456,0.4448,0.48649,0.85873,0.79897,0.83942,0.55662,1.16334,0.53384,0.85334,0,0,0,0,0,0,0,0,0,0,0,0,0,0,0,0,0,0,0,0,0,0,0,0,0,0,0,0,0,0,0,0.55662,0.00283517,0.000945057,0.00283517,0.000945057,0.00283517,0.000945057,0.00283517,0.000945057
651,152009,1.04917,0.52167,0.83448,0,0,0,0,0,0,0.09905,0.00157,0.00016,2e-05,0,0,0,0,0,0,0,0,0,0,0,0,0,0.77518,0.2072,0,0,0.48596,0.06458,0.44495,0.48647,0.85924,0.79881,0.83916,0.5569,1.16313,0.53387,0.85332,0,0,0,0,0,0,0,0,0,0,0,0,0,0,0,0,0,0,0,0,0,0,0,0,0,0,0,0,0,0,0,0.5569,0.00280268,0.000934225,0.00280268,0.000934225,0.00280268,0.000934225,0.00280268,0.000934225
652,152136,1.05508,0.52087,0.8311,0,0,0,0,0,0,0.09816,0.00156,0.00016,0,0,0,0,0,0,0,0,0,0,0,0,0,0,0.74708,0.20486,0,0,0.48603,0.06461,0.44432,0.48655,0.85702,0.79952,0.83956,0.55722,1.16305,0.53368,0.8533,0,0,0,0,0,0,0,0,0,0,0,0,0,0,0,0,0,0,0,0,0,0,0,0,0,0,0,0,0,0,0,0.55722,0.00277037,0.000923458,0.00277037,0.000923458,0.00277037,0.000923458,0.00277037,0.000923458
653,152261,1.04979,0.5204,0.83327,0,0,0,0,0,0,0.09757,0.00156,0.00019,0,0,0,0,0,0,0,0,0,0,0,0,0,0,0.75389,0.20438,0,0,0.48597,0.06457,0.44405,0.48649,0.85899,0.79987,0.84044,0.55692,1.16347,0.53364,0.85336,0,0,0,0,0,0,0,0,0,0,0,0,0,0,0,0,0,0,0,0,0,0,0,0,0,0,0,0,0,0,0,0.55692,0.00273826,0.000912754,0.00273826,0.000912754,0.00273826,0.000912754,0.00273826,0.000912754
654,152375,1.05454,0.52075,0.83161,0,0,0,0,0,0,0.09783,0.00155,0.00017,3e-05,0,0,0,0,0,0,0,0,0,0,0,0,0,0.76181,0.20371,0,0,0.48607,0.0646,0.44431,0.48659,0.85897,0.79939,0.84035,0.5571,1.16291,0.53346,0.85337,0,0,0,0,0,0,0,0,0,0,0,0,0,0,0,0,0,0,0,0,0,0,0,0,0,0,0,0,0,0,0,0.5571,0.00270634,0.000902113,0.00270634,0.000902113,0.00270634,0.000902113,0.00270634,0.000902113
655,152493,1.04476,0.51644,0.83126,0,0,0,0,0,0,0.09732,0.00155,0.00018,0,0,0,0,0,0,0,0,0,0,0,0,0,0,0.76259,0.20378,0,0,0.48601,0.06462,0.44461,0.48653,0.85977,0.8,0.84152,0.55711,1.16361,0.5333,0.85335,0,0,0,0,0,0,0,0,0,0,0,0,0,0,0,0,0,0,0,0,0,0,0,0,0,0,0,0,0,0,0,0.55711,0.00267461,0.000891537,0.00267461,0.000891537,0.00267461,0.000891537,0.00267461,0.000891537
656,152612,1.05084,0.52195,0.83408,0,0,0,0,0,0,0.09833,0.00155,0.00024,0,0,0,0,0,0,0,0,0,0,0,0,0,0,0.76162,0.20494,0,0,0.48604,0.06457,0.44434,0.48656,0.85848,0.79917,0.84105,0.55714,1.1639,0.53324,0.85328,0,0,0,0,0,0,0,0,0,0,0,0,0,0,0,0,0,0,0,0,0,0,0,0,0,0,0,0,0,0,0,0.55714,0.00264307,0.000881025,0.00264307,0.000881025,0.00264307,0.000881025,0.00264307,0.000881025
657,152729,1.04258,0.51651,0.83224,0,0,0,0,0,0,0.09713,0.00155,0.00017,0,0,0,0,0,0,0,0,0,0,0,0,0,0,0.75745,0.20445,0,0,0.48607,0.06462,0.44363,0.4865,0.8605,0.79992,0.84175,0.55764,1.16342,0.53318,0.85325,0,0,0,0,0,0,0,0,0,0,0,0,0,0,0,0,0,0,0,0,0,0,0,0,0,0,0,0,0,0,0,0.55764,0.00261173,0.000870577,0.00261173,0.000870577,0.00261173,0.000870577,0.00261173,0.000870577
658,152842,1.04057,0.51484,0.83135,0,0,0,0,0,0,0.09761,0.00156,0.00016,0,0,0,0,0,0,0,0,0,0,0,0,0,0,0.75458,0.20322,0,0,0.48596,0.06456,0.44445,0.48649,0.85996,0.79906,0.84124,0.55738,1.16329,0.53314,0.85325,0,0,0,0,0,0,0,0,0,0,0,0,0,0,0,0,0,0,0,0,0,0,0,0,0,0,0,0,0,0,0,0.55738,0.00258058,0.000860193,0.00258058,0.000860193,0.00258058,0.000860193,0.00258058,0.000860193
659,152965,1.03614,0.51369,0.83252,0,0,0,0,0,0,0.09708,0.00156,0.00017,0,0,0,0,0,0,0,0,0,0,0,0,0,0,0.76631,0.20254,0,0,0.48593,0.06454,0.44412,0.48646,0.86019,0.79883,0.84088,0.55762,1.16255,0.53283,0.85317,0,0,0,0,0,0,0,0,0,0,0,0,0,0,0,0,0,0,0,0,0,0,0,0,0,0,0,0,0,0,0,0.55762,0.00254962,0.000849874,0.00254962,0.000849874,0.00254962,0.000849874,0.00254962,0.000849874
660,153090,1.04212,0.51464,0.82998,0,0,0,0,0,0,0.09809,0.00155,0.0002,0,0,0,0,0,0,0,0,0,0,0,0,0,0,0.72294,0.20076,0,0,0.48611,0.06462,0.44529,0.48662,0.86271,0.79818,0.84174,0.5576,1.16276,0.5329,0.85315,0,0,0,0,0,0,0,0,0,0,0,0,0,0,0,0,0,0,0,0,0,0,0,0,0,0,0,0,0,0,0,0.5576,0.00251886,0.00083962,0.00251886,0.00083962,0.00251886,0.00083962,0.00251886,0.00083962
661,153213,1.04072,0.51496,0.83108,0,0,0,0,0,0,0.0982,0.00155,0.00015,2e-05,0,0,0,0,0,0,0,0,0,0,0,0,0,0.74677,0.20182,0,0,0.48596,0.06456,0.44476,0.48647,0.86392,0.79795,0.84176,0.55739,1.16255,0.53269,0.85316,0,0,0,0,0,0,0,0,0,0,0,0,0,0,0,0,0,0,0,0,0,0,0,0,0,0,0,0,0,0,0,0.55739,0.00248829,0.000829431,0.00248829,0.000829431,0.00248829,0.000829431,0.00248829,0.000829431
662,153328,1.04032,0.51529,0.83263,0,0,0,0,0,0,0.09746,0.00155,0.00023,0,0,0,0,0,0,0,0,0,0,0,0,0,0,0.74727,0.20267,0,0,0.48601,0.06459,0.44406,0.48654,0.8626,0.79795,0.84113,0.55737,1.16275,0.53243,0.8532,0,0,0,0,0,0,0,0,0,0,0,0,0,0,0,0,0,0,0,0,0,0,0,0,0,0,0,0,0,0,0,0.55737,0.00245792,0.000819307,0.00245792,0.000819307,0.00245792,0.000819307,0.00245792,0.000819307
663,153446,1.03845,0.51643,0.83177,0,0,0,0,0,0,0.09736,0.00155,0.00016,1e-05,0,0,0,0,0,0,0,0,0,0,0,0,0,0.74403,0.20234,0,0,0.48602,0.06459,0.44393,0.48654,0.86198,0.79831,0.84144,0.55785,1.16264,0.53252,0.85312,0,0,0,0,0,0,0,0,0,0,0,0,0,0,0,0,0,0,0,0,0,0,0,0,0,0,0,0,0,0,0,0.55785,0.00242774,0.000809248,0.00242774,0.000809248,0.00242774,0.000809248,0.00242774,0.000809248
664,153574,1.04338,0.52167,0.83185,0,0,0,0,0,0,0.09627,0.00154,0.00016,5e-05,0,0,0,0,0,0,0,0,0,0,0,0,0,0.72686,0.20306,0,0,0.48607,0.06461,0.4435,0.48661,0.86369,0.79893,0.8429,0.55834,1.16199,0.53195,0.85305,0,0,0,0,0,0,0,0,0,0,0,0,0,0,0,0,0,0,0,0,0,0,0,0,0,0,0,0,0,0,0,0.55834,0.00239776,0.000799255,0.00239776,0.000799255,0.00239776,0.000799255,0.00239776,0.000799255
665,153705,1.03861,0.51971,0.83129,0,0,0,0,0,0,0.0975,0.00154,0.00014,0,0,0,0,0,0,0,0,0,0,0,0,0,0,0.73111,0.20329,0,0,0.48589,0.06456,0.44429,0.48641,0.86253,0.79818,0.84205,0.55802,1.16194,0.53137,0.85297,0,0,0,0,0,0,0,0,0,0,0,0,0,0,0,0,0,0,0,0,0,0,0,0,0,0,0,0,0,0,0,0.55802,0.00236798,0.000789327,0.00236798,0.000789327,0.00236798,0.000789327,0.00236798,0.000789327
666,153836,1.03195,0.51314,0.82987,0,0,0,0,0,0,0.09672,0.00154,0.00022,8e-05,0,0,0,0,0,0,0,0,0,0,0,0,0,0.73644,0.20182,0,0,0.48602,0.06457,0.44394,0.48655,0.86196,0.79868,0.84211,0.55862,1.16082,0.53114,0.8529,0,0,0,0,0,0,0,0,0,0,0,0,0,0,0,0,0,0,0,0,0,0,0,0,0,0,0,0,0,0,0,0.55862,0.00233839,0.000779465,0.00233839,0.000779465,0.00233839,0.000779465,0.00233839,0.000779465
667,153947,1.02913,0.51108,0.82994,0,0,0,0,0,0,0.09678,0.00154,0.0002,0,0,0,0,0,0,0,0,0,0,0,0,0,0,0.72446,0.19962,0,0,0.48604,0.0646,0.44376,0.48657,0.86557,0.79836,0.84275,0.55877,1.1605,0.53116,0.85283,0,0,0,0,0,0,0,0,0,0,0,0,0,0,0,0,0,0,0,0,0,0,0,0,0,0,0,0,0,0,0,0.55877,0.00230901,0.000769668,0.00230901,0.000769668,0.00230901,0.000769668,0.00230901,0.000769668
668,154068,1.03657,0.51037,0.82977,0,0,0,0,0,0,0.09638,0.00154,0.00019,0,0,0,0,0,0,0,0,0,0,0,0,0,0,0.69247,0.19956,0,0,0.48606,0.06462,0.44416,0.48657,0.86264,0.79885,0.84275,0.55889,1.16063,0.53096,0.85289,0,0,0,0,0,0,0,0,0,0,0,0,0,0,0,0,0,0,0,0,0,0,0,0,0,0,0,0,0,0,0,0.55889,0.00227981,0.000759938,0.00227981,0.000759938,0.00227981,0.000759938,0.00227981,0.000759938
669,154197,1.03484,0.51286,0.83039,0,0,0,0,0,0,0.0959,0.00154,0.00018,0,0,0,0,0,0,0,0,0,0,0,0,0,0,0.66196,0.19896,0,0,0.48599,0.06458,0.44391,0.48651,0.86331,0.7983,0.84271,0.55857,1.16108,0.53054,0.85293,0,0,0,0,0,0,0,0,0,0,0,0,0,0,0,0,0,0,0,0,0,0,0,0,0,0,0,0,0,0,0,0.55857,0.00225082,0.000750274,0.00225082,0.000750274,0.00225082,0.000750274,0.00225082,0.000750274
670,154328,1.02805,0.50765,0.82976,0,0,0,0,0,0,0.09658,0.00154,0.00017,5e-05,0,0,0,0,0,0,0,0,0,0,0,0,0,0.68844,0.1986,0,0,0.48588,0.06455,0.44376,0.48631,0.86446,0.79861,0.84358,0.55908,1.16067,0.53076,0.85291,0,0,0,0,0,0,0,0,0,0,0,0,0,0,0,0,0,0,0,0,0,0,0,0,0,0,0,0,0,0,0,0.55908,0.00222203,0.000740676,0.00222203,0.000740676,0.00222203,0.000740676,0.00222203,0.000740676
671,154449,1.02948,0.50797,0.82755,0,0,0,0,0,0,0.09604,0.00154,0.00024,2e-05,0,0,0,0,0,0,0,0,0,0,0,0,0,0.67639,0.19457,0,0,0.48597,0.06457,0.44355,0.4865,0.86443,0.79802,0.84324,0.55926,1.16086,0.53082,0.853,0,0,0,0,0,0,0,0,0,0,0,0,0,0,0,0,0,0,0,0,0,0,0,0,0,0,0,0,0,0,0,0.55926,0.00219343,0.000731145,0.00219343,0.000731145,0.00219343,0.000731145,0.00219343,0.000731145
672,154563,1.03015,0.50951,0.82802,0,0,0,0,0,0,0.09606,0.00153,0.00014,0,0,0,0,0,0,0,0,0,0,0,0,0,0,0.71359,0.19438,0,0,0.48604,0.06462,0.44316,0.48657,0.86297,0.79888,0.84311,0.55937,1.16115,0.53076,0.85298,0,0,0,0,0,0,0,0,0,0,0,0,0,0,0,0,0,0,0,0,0,0,0,0,0,0,0,0,0,0,0,0.55937,0.00216504,0.00072168,0.00216504,0.00072168,0.00216504,0.00072168,0.00216504,0.00072168
673,154688,1.01962,0.50694,0.82879,0,0,0,0,0,0,0.09679,0.00153,0.00015,0,0,0,0,0,0,0,0,0,0,0,0,0,0,0.69924,0.19501,0,0,0.48603,0.06463,0.44438,0.48646,0.86335,0.79849,0.84287,0.55907,1.16144,0.53061,0.85308,0,0,0,0,0,0,0,0,0,0,0,0,0,0,0,0,0,0,0,0,0,0,0,0,0,0,0,0,0,0,0,0.55907,0.00213685,0.000712282,0.00213685,0.000712282,0.00213685,0.000712282,0.00213685,0.000712282
674,154812,1.02627,0.5126,0.82744,0,0,0,0,0,0,0.09608,0.00153,0.00016,0,0,0,0,0,0,0,0,0,0,0,0,0,0,0.70517,0.19351,0,0,0.48611,0.06466,0.44345,0.48664,0.86489,0.79778,0.84322,0.55915,1.16209,0.53058,0.85307,0,0,0,0,0,0,0,0,0,0,0,0,0,0,0,0,0,0,0,0,0,0,0,0,0,0,0,0,0,0,0,0.55915,0.00210885,0.000702951,0.00210885,0.000702951,0.00210885,0.000702951,0.00210885,0.000702951
675,154925,1.03036,0.50916,0.82926,0,0,0,0,0,0,0.09566,0.00153,0.00017,1e-05,0,0,0,0,0,0,0,0,0,0,0,0,0,0.70605,0.19407,0,0,0.48602,0.06457,0.44399,0.48654,0.86413,0.79726,0.84266,0.55893,1.16282,0.5308,0.85309,0,0,0,0,0,0,0,0,0,0,0,0,0,0,0,0,0,0,0,0,0,0,0,0,0,0,0,0,0,0,0,0.55893,0.00208106,0.000693687,0.00208106,0.000693687,0.00208106,0.000693687,0.00208106,0.000693687
676,155047,1.01871,0.5044,0.82732,0,0,0,0,0,0,0.09486,0.00152,0.00016,1e-05,0,0,0,0,0,0,0,0,0,0,0,0,0,0.71136,0.19455,0,0,0.48598,0.0646,0.44387,0.48651,0.86485,0.79749,0.8427,0.55884,1.16266,0.53084,0.8531,0,0,0,0,0,0,0,0,0,0,0,0,0,0,0,0,0,0,0,0,0,0,0,0,0,0,0,0,0,0,0,0.55884,0.00205347,0.00068449,0.00205347,0.00068449,0.00205347,0.00068449,0.00205347,0.00068449
677,155180,1.01423,0.50351,0.82955,0,0,0,0,0,0,0.09632,0.00153,0.00023,0,0,0,0,0,0,0,0,0,0,0,0,0,0,0.71059,0.19542,0,0,0.48583,0.06452,0.4443,0.48635,0.86485,0.7988,0.84419,0.55934,1.16185,0.5309,0.85299,0,0,0,0,0,0,0,0,0,0,0,0,0,0,0,0,0,0,0,0,0,0,0,0,0,0,0,0,0,0,0,0.55934,0.00202608,0.00067536,0.00202608,0.00067536,0.00202608,0.00067536,0.00202608,0.00067536
678,155306,1.024,0.50516,0.82858,0,0,0,0,0,0,0.09536,0.00153,0.00015,0,0,0,0,0,0,0,0,0,0,0,0,0,0,0.70158,0.19482,0,0,0.48595,0.06454,0.44441,0.48647,0.86574,0.7985,0.84295,0.55951,1.16065,0.53016,0.85284,0,0,0,0,0,0,0,0,0,0,0,0,0,0,0,0,0,0,0,0,0,0,0,0,0,0,0,0,0,0,0,0.55951,0.00199889,0.000666298,0.00199889,0.000666298,0.00199889,0.000666298,0.00199889,0.000666298
679,155422,1.01627,0.50586,0.82972,0,0,0,0,0,0,0.09617,0.00152,0.00019,4e-05,0,0,0,0,0,0,0,0,0,0,0,0,0,0.68632,0.19562,0,0,0.48603,0.06461,0.44445,0.48655,0.86544,0.79866,0.84326,0.55933,1.16071,0.53012,0.85286,0,0,0,0,0,0,0,0,0,0,0,0,0,0,0,0,0,0,0,0,0,0,0,0,0,0,0,0,0,0,0,0.55933,0.00197191,0.000657303,0.00197191,0.000657303,0.00197191,0.000657303,0.00197191,0.000657303
680,155539,1.01922,0.50506,0.82918,0,0,0,0,0,0,0.09533,0.00153,0.0002,0,0,0,0,0,0,0,0,0,0,0,0,0,0,0.68972,0.19571,0,0,0.48589,0.06454,0.44443,0.48641,0.86604,0.79836,0.84377,0.5596,1.16071,0.5298,0.85283,0,0,0,0,0,0,0,0,0,0,0,0,0,0,0,0,0,0,0,0,0,0,0,0,0,0,0,0,0,0,0,0.5596,0.00194513,0.000648377,0.00194513,0.000648377,0.00194513,0.000648377,0.00194513,0.000648377
681,155664,1.01681,0.50615,0.82489,0,0,0,0,0,0,0.09495,0.00152,0.00016,1e-05,0,0,0,0,0,0,0,0,0,0,0,0,0,0.69235,0.19474,0,0,0.48597,0.0646,0.44456,0.48649,0.86769,0.79921,0.84396,0.55986,1.1596,0.5293,0.85271,0,0,0,0,0,0,0,0,0,0,0,0,0,0,0,0,0,0,0,0,0,0,0,0,0,0,0,0,0,0,0,0.55986,0.00191855,0.000639518,0.00191855,0.000639518,0.00191855,0.000639518,0.00191855,0.000639518
682,155791,1.01567,0.50291,0.82844,0,0,0,0,0,0,0.09637,0.00152,0.00024,0,0,0,0,0,0,0,0,0,0,0,0,0,0,0.6914,0.19499,0,0,0.48609,0.06462,0.44414,0.48661,0.86892,0.79661,0.84351,0.5603,1.15805,0.52875,0.85256,0,0,0,0,0,0,0,0,0,0,0,0,0,0,0,0,0,0,0,0,0,0,0,0,0,0,0,0,0,0,0,0.5603,0.00189218,0.000630727,0.00189218,0.000630727,0.00189218,0.000630727,0.00189218,0.000630727
683,155923,1.01022,0.50141,0.82839,0,0,0,0,0,0,0.09561,0.00152,0.00017,0,0,0,0,0,0,0,0,0,0,0,0,0,0,0.68685,0.19423,0,0,0.48604,0.0646,0.44409,0.48655,0.8684,0.79688,0.84332,0.56046,1.1575,0.52852,0.85243,0,0,0,0,0,0,0,0,0,0,0,0,0,0,0,0,0,0,0,0,0,0,0,0,0,0,0,0,0,0,0,0.56046,0.00186601,0.000622004,0.00186601,0.000622004,0.00186601,0.000622004,0.00186601,0.000622004
684,156051,1.01685,0.5036,0.82657,0,0,0,0,0,0,0.09544,0.00152,0.00018,5e-05,0,0,0,0,0,0,0,0,0,0,0,0,0,0.68095,0.19354,0,0,0.48603,0.06459,0.44471,0.48655,0.87019,0.79686,0.84391,0.56082,1.15712,0.52821,0.85245,0,0,0,0,0,0,0,0,0,0,0,0,0,0,0,0,0,0,0,0,0,0,0,0,0,0,0,0,0,0,0,0.56082,0.00184005,0.00061335,0.00184005,0.00061335,0.00184005,0.00061335,0.00184005,0.00061335
685,156176,1.01448,0.50056,0.82842,0,0,0,0,0,0,0.09478,0.00152,0.00018,1e-05,0,0,0,0,0,0,0,0,0,0,0,0,0,0.71957,0.19334,0,0,0.48598,0.06455,0.44427,0.4865,0.87099,0.79762,0.84445,0.56116,1.1566,0.52795,0.8524,0,0,0,0,0,0,0,0,0,0,0,0,0,0,0,0,0,0,0,0,0,0,0,0,0,0,0,0,0,0,0,0.56116,0.00181429,0.000604763,0.00181429,0.000604763,0.00181429,0.000604763,0.00181429,0.000604763
686,156295,1.01877,0.50404,0.82727,0,0,0,0,0,0,0.0972,0.00152,0.00016,0,0,0,0,0,0,0,0,0,0,0,0,0,0,0.70283,0.19156,0,0,0.48602,0.06459,0.4445,0.48653,0.86953,0.79745,0.84397,0.56126,1.15647,0.52822,0.85233,0,0,0,0,0,0,0,0,0,0,0,0,0,0,0,0,0,0,0,0,0,0,0,0,0,0,0,0,0,0,0,0.56126,0.00178874,0.000596246,0.00178874,0.000596246,0.00178874,0.000596246,0.00178874,0.000596246
687,156408,1.01118,0.50284,0.82673,0,0,0,0,0,0,0.0965,0.00151,0.00026,0,0,0,0,0,0,0,0,0,0,0,0,0,0,0.71353,0.19117,0,0,0.48597,0.06456,0.44399,0.48648,0.86964,0.79807,0.84433,0.56136,1.1569,0.52799,0.85243,0,0,0,0,0,0,0,0,0,0,0,0,0,0,0,0,0,0,0,0,0,0,0,0,0,0,0,0,0,0,0,0.56136,0.00176339,0.000587797,0.00176339,0.000587797,0.00176339,0.000587797,0.00176339,0.000587797
688,156532,1.01122,0.50084,0.82581,0,0,0,0,0,0,0.0958,0.00151,0.00021,5e-05,0,0,0,0,0,0,0,0,0,0,0,0,0,0.77437,0.19143,0,0,0.48599,0.06457,0.44462,0.48651,0.86747,0.79845,0.84383,0.56121,1.15681,0.52787,0.85238,0,0,0,0,0,0,0,0,0,0,0,0,0,0,0,0,0,0,0,0,0,0,0,0,0,0,0,0,0,0,0,0.56121,0.00173825,0.000579417,0.00173825,0.000579417,0.00173825,0.000579417,0.00173825,0.000579417
689,156660,1.00651,0.49921,0.82612,0,0,0,0,0,0,0.09485,0.00151,0.00015,0,0,0,0,0,0,0,0,0,0,0,0,0,0,0.76671,0.19101,0,0,0.4859,0.0645,0.44313,0.48633,0.8664,0.79844,0.84384,0.56168,1.15638,0.52779,0.85238,0,0,0,0,0,0,0,0,0,0,0,0,0,0,0,0,0,0,0,0,0,0,0,0,0,0,0,0,0,0,0,0.56168,0.00171332,0.000571106,0.00171332,0.000571106,0.00171332,0.000571106,0.00171332,0.000571106
690,156783,1.00346,0.49604,0.82683,0,0,0,0,0,0,0.09469,0.00151,0.00018,0,0,0,0,0,0,0,0,0,0,0,0,0,0,0.73225,0.19135,0,0,0.48599,0.06456,0.44431,0.48651,0.86618,0.79879,0.84402,0.56221,1.15615,0.52741,0.8523,0,0,0,0,0,0,0,0,0,0,0,0,0,0,0,0,0,0,0,0,0,0,0,0,0,0,0,0,0,0,0,0.56221,0.00168859,0.000562864,0.00168859,0.000562864,0.00168859,0.000562864,0.00168859,0.000562864
691,156896,0.99993,0.49565,0.82627,0,0,0,0,0,0,0.09467,0.00151,0.00018,0,0,0,0,0,0,0,0,0,0,0,0,0,0,0.75759,0.19128,0,0,0.48597,0.06454,0.44423,0.48648,0.86586,0.79867,0.84331,0.5625,1.15566,0.52722,0.85234,0,0,0,0,0,0,0,0,0,0,0,0,0,0,0,0,0,0,0,0,0,0,0,0,0,0,0,0,0,0,0,0.5625,0.00166407,0.000554691,0.00166407,0.000554691,0.00166407,0.000554691,0.00166407,0.000554691
692,157019,1.00065,0.49778,0.82632,0,0,0,0,0,0,0.09393,0.00151,0.00024,0,0,0,0,0,0,0,0,0,0,0,0,0,0,0.75605,0.19159,0,0,0.48591,0.06452,0.44423,0.48644,0.86363,0.80077,0.84399,0.56242,1.15493,0.52697,0.85225,0,0,0,0,0,0,0,0,0,0,0,0,0,0,0,0,0,0,0,0,0,0,0,0,0,0,0,0,0,0,0,0.56242,0.00163976,0.000546588,0.00163976,0.000546588,0.00163976,0.000546588,0.00163976,0.000546588
693,157130,1.00356,0.4996,0.82638,0,0,0,0,0,0,0.09465,0.00151,0.00018,5e-05,0,0,0,0,0,0,0,0,0,0,0,0,0,0.74739,0.1903,0,0,0.48605,0.06461,0.44395,0.48648,0.86361,0.80046,0.84335,0.56242,1.15449,0.52683,0.85223,0,0,0,0,0,0,0,0,0,0,0,0,0,0,0,0,0,0,0,0,0,0,0,0,0,0,0,0,0,0,0,0.56242,0.00161566,0.000538554,0.00161566,0.000538554,0.00161566,0.000538554,0.00161566,0.000538554
694,157249,0.99995,0.49651,0.82547,0,0,0,0,0,0,0.09384,0.00151,0.00021,0,0,0,0,0,0,0,0,0,0,0,0,0,0,0.75691,0.18907,0,0,0.48591,0.06454,0.44369,0.48643,0.86388,0.79971,0.84352,0.56252,1.15439,0.5266,0.85225,0,0,0,0,0,0,0,0,0,0,0,0,0,0,0,0,0,0,0,0,0,0,0,0,0,0,0,0,0,0,0,0.56252,0.00159177,0.000530589,0.00159177,0.000530589,0.00159177,0.000530589,0.00159177,0.000530589
695,157375,0.99788,0.49703,0.82436,0,0,0,0,0,0,0.09422,0.0015,0.00015,4e-05,0,0,0,0,0,0,0,0,0,0,0,0,0,0.72992,0.18874,0,0,0.486,0.06459,0.44443,0.48651,0.86148,0.80051,0.84296,0.56251,1.15412,0.52695,0.85236,0,0,0,0,0,0,0,0,0,0,0,0,0,0,0,0,0,0,0,0,0,0,0,0,0,0,0,0,0,0,0,0.56251,0.00156808,0.000522695,0.00156808,0.000522695,0.00156808,0.000522695,0.00156808,0.000522695
696,157503,1.00242,0.49553,0.82686,0,0,0,0,0,0,0.09368,0.0015,0.00024,0,0,0,0,0,0,0,0,0,0,0,0,0,0,0.74334,0.18991,0,0,0.48613,0.06466,0.44444,0.48665,0.8598,0.80163,0.84284,0.56232,1.15333,0.52648,0.8522,0,0,0,0,0,0,0,0,0,0,0,0,0,0,0,0,0,0,0,0,0,0,0,0,0,0,0,0,0,0,0,0.56232,0.00154461,0.00051487,0.00154461,0.00051487,0.00154461,0.00051487,0.00154461,0.00051487
697,157634,1.00219,0.49224,0.8245,0,0,0,0,0,0,0.09431,0.00149,0.00016,0,0,0,0,0,0,0,0,0,0,0,0,0,0,0.72555,0.18889,0,0,0.48605,0.06462,0.44368,0.48658,0.86513,0.79946,0.84323,0.56245,1.15411,0.52654,0.85234,0,0,0,0,0,0,0,0,0,0,0,0,0,0,0,0,0,0,0,0,0,0,0,0,0,0,0,0,0,0,0,0.56245,0.00152134,0.000507115,0.00152134,0.000507115,0.00152134,0.000507115,0.00152134,0.000507115
698,157743,0.99533,0.49346,0.82535,0,0,0,0,0,0,0.09375,0.00149,0.00016,2e-05,0,0,0,0,0,0,0,0,0,0,0,0,0,0.7189,0.18874,0,0,0.48599,0.06455,0.44458,0.48651,0.86116,0.80131,0.84364,0.56242,1.15289,0.52619,0.85224,0,0,0,0,0,0,0,0,0,0,0,0,0,0,0,0,0,0,0,0,0,0,0,0,0,0,0,0,0,0,0,0.56242,0.00149829,0.00049943,0.00149829,0.00049943,0.00149829,0.00049943,0.00149829,0.00049943
699,157875,0.99136,0.49333,0.8224,0,0,0,0,0,0,0.0938,0.00149,0.00018,0,0,0,0,0,0,0,0,0,0,0,0,0,0,0.71187,0.18847,0,0,0.48597,0.06459,0.44415,0.48649,0.86549,0.8003,0.84328,0.56219,1.15351,0.52598,0.85231,0,0,0,0,0,0,0,0,0,0,0,0,0,0,0,0,0,0,0,0,0,0,0,0,0,0,0,0,0,0,0,0.56219,0.00147544,0.000491815,0.00147544,0.000491815,0.00147544,0.000491815,0.00147544,0.000491815
700,158004,0.99293,0.49241,0.82423,0,0,0,0,0,0,0.09381,0.00149,0.00025,0,0,0,0,0,0,0,0,0,0,0,0,0,0,0.69709,0.18786,0,0,0.48599,0.06455,0.44486,0.48651,0.86606,0.80095,0.84401,0.56264,1.15346,0.52597,0.8523,0,0,0,0,0,0,0,0,0,0,0,0,0,0,0,0,0,0,0,0,0,0,0,0,0,0,0,0,0,0,0,0.56264,0.00145281,0.00048427,0.00145281,0.00048427,0.00145281,0.00048427,0.00145281,0.00048427
701,158135,0.99533,0.49311,0.82391,0,0,0,0,0,0,0.09388,0.00149,0.0002,1e-05,0,0,0,0,0,0,0,0,0,0,0,0,0,0.70066,0.18769,0,0,0.48607,0.06461,0.44488,0.48659,0.8642,0.80142,0.84431,0.56269,1.15385,0.52614,0.85239,0,0,0,0,0,0,0,0,0,0,0,0,0,0,0,0,0,0,0,0,0,0,0,0,0,0,0,0,0,0,0,0.56269,0.00143039,0.000476796,0.00143039,0.000476796,0.00143039,0.000476796,0.00143039,0.000476796
702,158267,0.99123,0.49377,0.82177,0,0,0,0,0,0,0.09382,0.00149,0.00013,1e-05,0,0,0,0,0,0,0,0,0,0,0,0,0,0.71977,0.18652,0,0,0.48603,0.06459,0.44473,0.48654,0.86424,0.8017,0.8442,0.56262,1.15365,0.52624,0.85247,0,0,0,0,0,0,0,0,0,0,0,0,0,0,0,0,0,0,0,0,0,0,0,0,0,0,0,0,0,0,0,0.56262,0.00140818,0.000469393,0.00140818,0.000469393,0.00140818,0.000469393,0.00140818,0.000469393
703,158381,0.99483,0.49194,0.82278,0,0,0,0,0,0,0.09345,0.00148,0.00015,0,0,0,0,0,0,0,0,0,0,0,0,0,0,0.72493,0.18543,0,0,0.486,0.06455,0.44505,0.48651,0.86355,0.8017,0.84406,0.56217,1.15396,0.52668,0.85246,0,0,0,0,0,0,0,0,0,0,0,0,0,0,0,0,0,0,0,0,0,0,0,0,0,0,0,0,0,0,0,0.56217,0.00138618,0.00046206,0.00138618,0.00046206,0.00138618,0.00046206,0.00138618,0.00046206
704,158502,0.99323,0.49304,0.8241,0,0,0,0,0,0,0.09374,0.00148,0.00015,5e-05,0,0,0,0,0,0,0,0,0,0,0,0,0,0.68951,0.18467,0,0,0.48603,0.06458,0.44461,0.48655,0.86445,0.80173,0.84444,0.56237,1.15396,0.52642,0.85242,0,0,0,0,0,0,0,0,0,0,0,0,0,0,0,0,0,0,0,0,0,0,0,0,0,0,0,0,0,0,0,0.56237,0.00136439,0.000454798,0.00136439,0.000454798,0.00136439,0.000454798,0.00136439,0.000454798
705,158628,0.98691,0.49039,0.82257,0,0,0,0,0,0,0.09387,0.00149,0.00024,4e-05,0,0,0,0,0,0,0,0,0,0,0,0,0,0.71263,0.18714,0,0,0.48605,0.06458,0.44472,0.48657,0.86707,0.8001,0.84459,0.56239,1.1537,0.52686,0.85235,0,0,0,0,0,0,0,0,0,0,0,0,0,0,0,0,0,0,0,0,0,0,0,0,0,0,0,0,0,0,0,0.56239,0.00134282,0.000447606,0.00134282,0.000447606,0.00134282,0.000447606,0.00134282,0.000447606
706,158757,0.9845,0.48654,0.82474,0,0,0,0,0,0,0.0931,0.00148,0.00022,3e-05,0,0,0,0,0,0,0,0,0,0,0,0,0,0.6949,0.18524,0,0,0.48599,0.06457,0.4445,0.4865,0.86599,0.8011,0.84515,0.56228,1.15343,0.52664,0.85233,0,0,0,0,0,0,0,0,0,0,0,0,0,0,0,0,0,0,0,0,0,0,0,0,0,0,0,0,0,0,0,0.56228,0.00132146,0.000440486,0.00132146,0.000440486,0.00132146,0.000440486,0.00132146,0.000440486
707,158886,0.98712,0.49045,0.82447,0,0,0,0,0,0,0.09284,0.00148,0.00015,0,0,0,0,0,0,0,0,0,0,0,0,0,0,0.68003,0.18452,0,0,0.48598,0.06456,0.444,0.4865,0.86251,0.80267,0.8447,0.56272,1.15255,0.52614,0.85223,0,0,0,0,0,0,0,0,0,0,0,0,0,0,0,0,0,0,0,0,0,0,0,0,0,0,0,0,0,0,0,0.56272,0.00130031,0.000433437,0.00130031,0.000433437,0.00130031,0.000433437,0.00130031,0.000433437
708,159015,0.99089,0.49234,0.82176,0,0,0,0,0,0,0.09436,0.00148,0.00021,0,0,0,0,0,0,0,0,0,0,0,0,0,0,0.68515,0.18388,0,0,0.48603,0.06461,0.44476,0.48655,0.86475,0.8011,0.84465,0.56289,1.15191,0.52619,0.8522,0,0,0,0,0,0,0,0,0,0,0,0,0,0,0,0,0,0,0,0,0,0,0,0,0,0,0,0,0,0,0,0.56289,0.00127938,0.000426459,0.00127938,0.000426459,0.00127938,0.000426459,0.00127938,0.000426459
709,159146,0.9868,0.48965,0.82371,0,0,0,0,0,0,0.09313,0.00147,0.00024,0,0,0,0,0,0,0,0,0,0,0,0,0,0,0.68474,0.18443,0,0,0.48603,0.06458,0.44461,0.48654,0.8648,0.80149,0.84536,0.56327,1.15206,0.52598,0.85221,0,0,0,0,0,0,0,0,0,0,0,0,0,0,0,0,0,0,0,0,0,0,0,0,0,0,0,0,0,0,0,0.56327,0.00125866,0.000419552,0.00125866,0.000419552,0.00125866,0.000419552,0.00125866,0.000419552
710,159256,0.98196,0.48924,0.82441,0,0,0,0,0,0,0.0934,0.00147,0.00015,0,0,0,0,0,0,0,0,0,0,0,0,0,0,0.67419,0.18343,0,0,0.48596,0.06458,0.44385,0.4864,0.86264,0.80305,0.84549,0.5636,1.15127,0.52555,0.85216,0,0,0,0,0,0,0,0,0,0,0,0,0,0,0,0,0,0,0,0,0,0,0,0,0,0,0,0,0,0,0,0.5636,0.00123815,0.000412717,0.00123815,0.000412717,0.00123815,0.000412717,0.00123815,0.000412717
711,159378,0.9863,0.48807,0.82352,0,0,0,0,0,0,0.09336,0.00148,0.00017,2e-05,0,0,0,0,0,0,0,0,0,0,0,0,0,0.67688,0.1846,0,0,0.48598,0.06459,0.4435,0.48651,0.863,0.8031,0.84572,0.56351,1.15113,0.5251,0.85217,0,0,0,0,0,0,0,0,0,0,0,0,0,0,0,0,0,0,0,0,0,0,0,0,0,0,0,0,0,0,0,0.56351,0.00121786,0.000405953,0.00121786,0.000405953,0.00121786,0.000405953,0.00121786,0.000405953
712,159505,0.98589,0.49319,0.82172,0,0,0,0,0,0,0.09343,0.00148,0.00017,1e-05,0,0,0,0,0,0,0,0,0,0,0,0,0,0.72305,0.18475,0,0,0.48599,0.06455,0.44459,0.48649,0.86202,0.80296,0.84551,0.56328,1.15045,0.52506,0.85205,0,0,0,0,0,0,0,0,0,0,0,0,0,0,0,0,0,0,0,0,0,0,0,0,0,0,0,0,0,0,0,0.56328,0.00119778,0.000399261,0.00119778,0.000399261,0.00119778,0.000399261,0.00119778,0.000399261
713,159637,0.9814,0.48593,0.82531,0,0,0,0,0,0,0.09284,0.00148,0.00014,0,0,0,0,0,0,0,0,0,0,0,0,0,0,0.75444,0.1854,0,0,0.48591,0.06456,0.44379,0.48635,0.86233,0.80267,0.84561,0.5635,1.15085,0.52475,0.85213,0,0,0,0,0,0,0,0,0,0,0,0,0,0,0,0,0,0,0,0,0,0,0,0,0,0,0,0,0,0,0,0.5635,0.00117792,0.00039264,0.00117792,0.00039264,0.00117792,0.00039264,0.00117792,0.00039264
714,159753,0.97801,0.48686,0.82239,0,0,0,0,0,0,0.09258,0.00148,0.00015,6e-05,0,0,0,0,0,0,0,0,0,0,0,0,0,0.7325,0.1853,0,0,0.48591,0.06454,0.44405,0.48635,0.86282,0.8036,0.84669,0.56379,1.15077,0.5249,0.85211,0,0,0,0,0,0,0,0,0,0,0,0,0,0,0,0,0,0,0,0,0,0,0,0,0,0,0,0,0,0,0,0.56379,0.00115827,0.000386092,0.00115827,0.000386092,0.00115827,0.000386092,0.00115827,0.000386092
715,159870,0.98398,0.48936,0.82385,0,0,0,0,0,0,0.09269,0.00148,0.00024,0,0,0,0,0,0,0,0,0,0,0,0,0,0,0.72318,0.18565,0,0,0.48591,0.06455,0.44384,0.48643,0.86274,0.80323,0.84635,0.56339,1.15028,0.52472,0.85203,0,0,0,0,0,0,0,0,0,0,0,0,0,0,0,0,0,0,0,0,0,0,0,0,0,0,0,0,0,0,0,0.56339,0.00113884,0.000379615,0.00113884,0.000379615,0.00113884,0.000379615,0.00113884,0.000379615
716,159992,0.97418,0.4845,0.82219,0,0,0,0,0,0,0.09215,0.00148,0.00019,0,0,0,0,0,0,0,0,0,0,0,0,0,0,0.68264,0.18394,0,0,0.48605,0.06461,0.44434,0.48658,0.86254,0.80315,0.84624,0.56335,1.15008,0.5249,0.852,0,0,0,0,0,0,0,0,0,0,0,0,0,0,0,0,0,0,0,0,0,0,0,0,0,0,0,0,0,0,0,0.56335,0.00111963,0.00037321,0.00111963,0.00037321,0.00111963,0.00037321,0.00111963,0.00037321
717,160119,0.97662,0.48426,0.82157,0,0,0,0,0,0,0.09286,0.00148,0.00016,1e-05,0,0,0,0,0,0,0,0,0,0,0,0,0,0.68225,0.18268,0,0,0.48587,0.06453,0.44434,0.48639,0.86367,0.80236,0.84607,0.56397,1.1481,0.52468,0.8518,0,0,0,0,0,0,0,0,0,0,0,0,0,0,0,0,0,0,0,0,0,0,0,0,0,0,0,0,0,0,0,0.56397,0.00110063,0.000366877,0.00110063,0.000366877,0.00110063,0.000366877,0.00110063,0.000366877
718,160249,0.97666,0.48671,0.82208,0,0,0,0,0,0,0.0927,0.00147,0.00023,6e-05,0,0,0,0,0,0,0,0,0,0,0,0,0,0.69855,0.18266,0,0,0.48602,0.06462,0.44391,0.48655,0.8643,0.80264,0.84647,0.56399,1.14772,0.52442,0.85172,0,0,0,0,0,0,0,0,0,0,0,0,0,0,0,0,0,0,0,0,0,0,0,0,0,0,0,0,0,0,0,0.56399,0.00108185,0.000360617,0.00108185,0.000360617,0.00108185,0.000360617,0.00108185,0.000360617
719,160377,0.97806,0.48345,0.82396,0,0,0,0,0,0,0.09338,0.00147,0.00018,3e-05,0,0,0,0,0,0,0,0,0,0,0,0,0,0.68763,0.18167,0,0,0.48591,0.06455,0.44473,0.48641,0.86454,0.80265,0.84633,0.5639,1.14803,0.52455,0.85184,0,0,0,0,0,0,0,0,0,0,0,0,0,0,0,0,0,0,0,0,0,0,0,0,0,0,0,0,0,0,0,0.5639,0.00106329,0.000354429,0.00106329,0.000354429,0.00106329,0.000354429,0.00106329,0.000354429
720,160489,0.97625,0.4827,0.82166,0,0,0,0,0,0,0.09333,0.00147,0.00022,0,0,0,0,0,0,0,0,0,0,0,0,0,0,0.72011,0.18116,0,0,0.48602,0.06456,0.44496,0.48655,0.86613,0.80233,0.84606,0.56434,1.148,0.52472,0.85188,0,0,0,0,0,0,0,0,0,0,0,0,0,0,0,0,0,0,0,0,0,0,0,0,0,0,0,0,0,0,0,0.56434,0.00104494,0.000348313,0.00104494,0.000348313,0.00104494,0.000348313,0.00104494,0.000348313
721,160612,0.97713,0.48336,0.82137,0,0,0,0,0,0,0.09311,0.00147,0.00022,0,0,0,0,0,0,0,0,0,0,0,0,0,0,0.71514,0.18092,0,0,0.48596,0.06453,0.44525,0.48647,0.8674,0.80145,0.84591,0.56444,1.14812,0.52475,0.85186,0,0,0,0,0,0,0,0,0,0,0,0,0,0,0,0,0,0,0,0,0,0,0,0,0,0,0,0,0,0,0,0.56444,0.00102681,0.00034227,0.00102681,0.00034227,0.00102681,0.00034227,0.00102681,0.00034227
722,160738,0.97237,0.48219,0.82319,0,0,0,0,0,0,0.09228,0.00147,0.00018,0,0,0,0,0,0,0,0,0,0,0,0,0,0,0.73342,0.18211,0,0,0.48592,0.06454,0.44535,0.48643,0.86672,0.80171,0.84598,0.56412,1.14798,0.5245,0.85183,0,0,0,0,0,0,0,0,0,0,0,0,0,0,0,0,0,0,0,0,0,0,0,0,0,0,0,0,0,0,0,0.56412,0.0010089,0.0003363,0.0010089,0.0003363,0.0010089,0.0003363,0.0010089,0.0003363
723,160858,0.97712,0.48281,0.82097,0,0,0,0,0,0,0.09278,0.00147,0.00016,2e-05,0,0,0,0,0,0,0,0,0,0,0,0,0,0.73994,0.18131,0,0,0.48606,0.06461,0.44445,0.48658,0.86774,0.80229,0.84648,0.56458,1.14844,0.52463,0.8519,0,0,0,0,0,0,0,0,0,0,0,0,0,0,0,0,0,0,0,0,0,0,0,0,0,0,0,0,0,0,0,0.56458,0.000991206,0.000330402,0.000991206,0.000330402,0.000991206,0.000330402,0.000991206,0.000330402
724,160975,0.96521,0.48177,0.82309,0,0,0,0,0,0,0.09202,0.00147,0.00022,4e-05,0,0,0,0,0,0,0,0,0,0,0,0,0,0.72709,0.18131,0,0,0.48588,0.06453,0.44397,0.4864,0.8672,0.80125,0.84566,0.56448,1.14955,0.52457,0.85202,0,0,0,0,0,0,0,0,0,0,0,0,0,0,0,0,0,0,0,0,0,0,0,0,0,0,0,0,0,0,0,0.56448,0.00097373,0.000324577,0.00097373,0.000324577,0.00097373,0.000324577,0.00097373,0.000324577
725,161094,0.96907,0.48031,0.82044,0,0,0,0,0,0,0.09197,0.00146,0.00015,1e-05,0,0,0,0,0,0,0,0,0,0,0,0,0,0.72073,0.18139,0,0,0.48602,0.06458,0.44347,0.48655,0.86708,0.80102,0.84598,0.56455,1.1496,0.52412,0.85202,0,0,0,0,0,0,0,0,0,0,0,0,0,0,0,0,0,0,0,0,0,0,0,0,0,0,0,0,0,0,0,0.56455,0.000956474,0.000318825,0.000956474,0.000318825,0.000956474,0.000318825,0.000956474,0.000318825
726,161213,0.96566,0.47913,0.82362,0,0,0,0,0,0,0.09217,0.00146,0.00023,0,0,0,0,0,0,0,0,0,0,0,0,0,0,0.70845,0.18197,0,0,0.48591,0.06454,0.44395,0.48644,0.86552,0.80077,0.84522,0.56448,1.15052,0.52413,0.85207,0,0,0,0,0,0,0,0,0,0,0,0,0,0,0,0,0,0,0,0,0,0,0,0,0,0,0,0,0,0,0,0.56448,0.000939436,0.000313145,0.000939436,0.000313145,0.000939436,0.000313145,0.000939436,0.000313145
727,161325,0.96222,0.47651,0.82027,0,0,0,0,0,0,0.0925,0.00146,0.00017,0,0,0,0,0,0,0,0,0,0,0,0,0,0,0.70104,0.18198,0,0,0.48594,0.06454,0.44534,0.48645,0.86479,0.80179,0.84568,0.56446,1.15066,0.52409,0.85205,0,0,0,0,0,0,0,0,0,0,0,0,0,0,0,0,0,0,0,0,0,0,0,0,0,0,0,0,0,0,0,0.56446,0.000922617,0.000307539,0.000922617,0.000307539,0.000922617,0.000307539,0.000922617,0.000307539
728,161447,0.97104,0.47972,0.82108,0,0,0,0,0,0,0.09169,0.00146,0.00015,4e-05,0,0,0,0,0,0,0,0,0,0,0,0,0,0.67677,0.18107,0,0,0.48594,0.06456,0.44369,0.48647,0.86413,0.80135,0.84512,0.56422,1.15017,0.52391,0.85201,0,0,0,0,0,0,0,0,0,0,0,0,0,0,0,0,0,0,0,0,0,0,0,0,0,0,0,0,0,0,0,0.56422,0.000906018,0.000302006,0.000906018,0.000302006,0.000906018,0.000302006,0.000906018,0.000302006
729,161572,0.96311,0.47823,0.82065,0,0,0,0,0,0,0.09203,0.00146,0.00014,1e-05,0,0,0,0,0,0,0,0,0,0,0,0,0,0.66029,0.18012,0,0,0.48602,0.0646,0.44467,0.48653,0.86647,0.8003,0.84533,0.56464,1.14953,0.52365,0.85198,0,0,0,0,0,0,0,0,0,0,0,0,0,0,0,0,0,0,0,0,0,0,0,0,0,0,0,0,0,0,0,0.56464,0.000889639,0.000296546,0.000889639,0.000296546,0.000889639,0.000296546,0.000889639,0.000296546
730,161686,0.96414,0.47637,0.82168,0,0,0,0,0,0,0.09227,0.00146,0.00023,0,0,0,0,0,0,0,0,0,0,0,0,0,0,0.66526,0.18071,0,0,0.48603,0.06457,0.44405,0.48655,0.86541,0.80055,0.84594,0.56498,1.14923,0.52351,0.8519,0,0,0,0,0,0,0,0,0,0,0,0,0,0,0,0,0,0,0,0,0,0,0,0,0,0,0,0,0,0,0,0.56498,0.000873479,0.00029116,0.000873479,0.00029116,0.000873479,0.00029116,0.000873479,0.00029116
731,161800,0.97158,0.48489,0.82459,0,0,0,0,0,0,0.09285,0.00146,0.00023,0.00012,0,0,0,0,0,0,0,0,0,0,0,0,0,0.66667,0.18085,0,0,0.48596,0.06456,0.44484,0.48647,0.86787,0.80042,0.84632,0.56526,1.14852,0.52303,0.85185,0,0,0,0,0,0,0,0,0,0,0,0,0,0,0,0,0,0,0,0,0,0,0,0,0,0,0,0,0,0,0,0.56526,0.00085754,0.000285847,0.00085754,0.000285847,0.00085754,0.000285847,0.00085754,0.000285847
732,161924,0.96388,0.47836,0.82085,0,0,0,0,0,0,0.09239,0.00146,0.00019,0,0,0,0,0,0,0,0,0,0,0,0,0,0,0.67556,0.17997,0,0,0.48598,0.06458,0.44437,0.4865,0.86775,0.80205,0.8468,0.56577,1.14789,0.52298,0.85183,0,0,0,0,0,0,0,0,0,0,0,0,0,0,0,0,0,0,0,0,0,0,0,0,0,0,0,0,0,0,0,0.56577,0.000841821,0.000280607,0.000841821,0.000280607,0.000841821,0.000280607,0.000841821,0.000280607
733,162052,0.96363,0.47862,0.82061,0,0,0,0,0,0,0.0933,0.00146,0.00016,0,0,0,0,0,0,0,0,0,0,0,0,0,0,0.67738,0.17994,0,0,0.48604,0.06459,0.44404,0.48647,0.86698,0.80198,0.84649,0.56626,1.14682,0.52265,0.85178,0,0,0,0,0,0,0,0,0,0,0,0,0,0,0,0,0,0,0,0,0,0,0,0,0,0,0,0,0,0,0,0.56626,0.000826322,0.000275441,0.000826322,0.000275441,0.000826322,0.000275441,0.000826322,0.000275441
734,162170,0.96948,0.47968,0.82172,0,0,0,0,0,0,0.09265,0.00146,0.00016,0,0,0,0,0,0,0,0,0,0,0,0,0,0,0.68422,0.18062,0,0,0.48601,0.06458,0.4441,0.48653,0.86275,0.80408,0.84686,0.56587,1.14685,0.52251,0.85171,0,0,0,0,0,0,0,0,0,0,0,0,0,0,0,0,0,0,0,0,0,0,0,0,0,0,0,0,0,0,0,0.56587,0.000811045,0.000270348,0.000811045,0.000270348,0.000811045,0.000270348,0.000811045,0.000270348
735,162288,0.97281,0.48108,0.82165,0,0,0,0,0,0,0.09255,0.00146,0.00018,0,0,0,0,0,0,0,0,0,0,0,0,0,0,0.7434,0.18012,0,0,0.48603,0.06459,0.44505,0.48654,0.86382,0.80465,0.84756,0.56621,1.14674,0.52267,0.85173,0,0,0,0,0,0,0,0,0,0,0,0,0,0,0,0,0,0,0,0,0,0,0,0,0,0,0,0,0,0,0,0.56621,0.000795988,0.000265329,0.000795988,0.000265329,0.000795988,0.000265329,0.000795988,0.000265329
736,162417,0.96318,0.47929,0.82078,0,0,0,0,0,0,0.0924,0.00146,0.00014,0,0,0,0,0,0,0,0,0,0,0,0,0,0,0.73727,0.17973,0,0,0.48592,0.06455,0.44423,0.48635,0.86306,0.80515,0.84781,0.56649,1.14595,0.52237,0.8517,0,0,0,0,0,0,0,0,0,0,0,0,0,0,0,0,0,0,0,0,0,0,0,0,0,0,0,0,0,0,0,0.56649,0.000781153,0.000260384,0.000781153,0.000260384,0.000781153,0.000260384,0.000781153,0.000260384
737,162548,0.95842,0.4774,0.8213,0,0,0,0,0,0,0.09153,0.00146,0.00025,3e-05,0,0,0,0,0,0,0,0,0,0,0,0,0,0.72566,0.17993,0,0,0.4859,0.06452,0.44414,0.48642,0.86438,0.80489,0.84788,0.56634,1.14586,0.52265,0.85164,0,0,0,0,0,0,0,0,0,0,0,0,0,0,0,0,0,0,0,0,0,0,0,0,0,0,0,0,0,0,0,0.56634,0.00076654,0.000255513,0.00076654,0.000255513,0.00076654,0.000255513,0.00076654,0.000255513
738,162679,0.96137,0.47887,0.82154,0,0,0,0,0,0,0.09265,0.00146,0.0002,2e-05,0,0,0,0,0,0,0,0,0,0,0,0,0,0.7087,0.17889,0,0,0.48602,0.0646,0.445,0.48654,0.86482,0.80412,0.84728,0.56623,1.14636,0.52239,0.85171,0,0,0,0,0,0,0,0,0,0,0,0,0,0,0,0,0,0,0,0,0,0,0,0,0,0,0,0,0,0,0,0.56623,0.000752148,0.000250716,0.000752148,0.000250716,0.000752148,0.000250716,0.000752148,0.000250716
739,162809,0.95994,0.47579,0.82028,0,0,0,0,0,0,0.09207,0.00146,0.00018,0,0,0,0,0,0,0,0,0,0,0,0,0,0,0.71891,0.17997,0,0,0.48602,0.06459,0.44478,0.48654,0.86382,0.80528,0.8481,0.56666,1.14588,0.52228,0.85159,0,0,0,0,0,0,0,0,0,0,0,0,0,0,0,0,0,0,0,0,0,0,0,0,0,0,0,0,0,0,0,0.56666,0.000737979,0.000245993,0.000737979,0.000245993,0.000737979,0.000245993,0.000737979,0.000245993
740,162938,0.96273,0.47739,0.82121,0,0,0,0,0,0,0.09166,0.00146,0.00024,2e-05,0,0,0,0,0,0,0,0,0,0,0,0,0,0.72792,0.18064,0,0,0.48599,0.06459,0.44517,0.48651,0.86457,0.8055,0.84833,0.56663,1.14543,0.52211,0.8516,0,0,0,0,0,0,0,0,0,0,0,0,0,0,0,0,0,0,0,0,0,0,0,0,0,0,0,0,0,0,0,0.56663,0.000724032,0.000241344,0.000724032,0.000241344,0.000724032,0.000241344,0.000724032,0.000241344
741,163064,0.95784,0.47464,0.82039,0,0,0,0,0,0,0.09172,0.00145,0.00016,0,0,0,0,0,0,0,0,0,0,0,0,0,0,0.71803,0.1802,0,0,0.48605,0.06459,0.44483,0.48657,0.86504,0.80512,0.84819,0.56634,1.14505,0.52249,0.85154,0,0,0,0,0,0,0,0,0,0,0,0,0,0,0,0,0,0,0,0,0,0,0,0,0,0,0,0,0,0,0,0.56634,0.000710307,0.000236769,0.000710307,0.000236769,0.000710307,0.000236769,0.000710307,0.000236769
742,163179,0.9585,0.47486,0.81921,0,0,0,0,0,0,0.0918,0.00145,0.00023,0,0,0,0,0,0,0,0,0,0,0,0,0,0,0.71427,0.17907,0,0,0.48607,0.06458,0.44547,0.48658,0.86747,0.80441,0.84864,0.56689,1.14462,0.5224,0.85154,0,0,0,0,0,0,0,0,0,0,0,0,0,0,0,0,0,0,0,0,0,0,0,0,0,0,0,0,0,0,0,0.56689,0.000696804,0.000232268,0.000696804,0.000232268,0.000696804,0.000232268,0.000696804,0.000232268
743,163303,0.95666,0.47363,0.82003,0,0,0,0,0,0,0.09062,0.00145,0.00019,0,0,0,0,0,0,0,0,0,0,0,0,0,0,0.68986,0.17926,0,0,0.48599,0.06456,0.44426,0.4865,0.86627,0.80517,0.84864,0.56703,1.14424,0.52219,0.85147,0,0,0,0,0,0,0,0,0,0,0,0,0,0,0,0,0,0,0,0,0,0,0,0,0,0,0,0,0,0,0,0.56703,0.000683525,0.000227842,0.000683525,0.000227842,0.000683525,0.000227842,0.000683525,0.000227842
744,163430,0.95434,0.47091,0.81949,0,0,0,0,0,0,0.09186,0.00145,0.00021,0,0,0,0,0,0,0,0,0,0,0,0,0,0,0.72637,0.17933,0,0,0.48604,0.06456,0.44478,0.48655,0.87029,0.80302,0.84839,0.5675,1.14315,0.52197,0.85133,0,0,0,0,0,0,0,0,0,0,0,0,0,0,0,0,0,0,0,0,0,0,0,0,0,0,0,0,0,0,0,0.5675,0.000670469,0.00022349,0.000670469,0.00022349,0.000670469,0.00022349,0.000670469,0.00022349
745,163545,0.95263,0.47354,0.81854,0,0,0,0,0,0,0.09126,0.00145,0.00013,0,0,0,0,0,0,0,0,0,0,0,0,0,0,0.70846,0.17835,0,0,0.486,0.06455,0.44486,0.48652,0.86566,0.80474,0.84779,0.56733,1.14235,0.52211,0.85124,0,0,0,0,0,0,0,0,0,0,0,0,0,0,0,0,0,0,0,0,0,0,0,0,0,0,0,0,0,0,0,0.56733,0.000657636,0.000219212,0.000657636,0.000219212,0.000657636,0.000219212,0.000657636,0.000219212
746,163661,0.96035,0.47606,0.81954,0,0,0,0,0,0,0.09182,0.00145,0.00019,3e-05,0,0,0,0,0,0,0,0,0,0,0,0,0,0.70482,0.178,0,0,0.48598,0.06459,0.44487,0.48649,0.86825,0.80421,0.84832,0.56779,1.14216,0.52172,0.85125,0,0,0,0,0,0,0,0,0,0,0,0,0,0,0,0,0,0,0,0,0,0,0,0,0,0,0,0,0,0,0,0.56779,0.000645027,0.000215009,0.000645027,0.000215009,0.000645027,0.000215009,0.000645027,0.000215009
747,163792,0.95214,0.47159,0.81906,0,0,0,0,0,0,0.09205,0.00145,0.00018,5e-05,0,0,0,0,0,0,0,0,0,0,0,0,0,0.7087,0.17783,0,0,0.48599,0.0646,0.44421,0.48642,0.86775,0.80385,0.84824,0.56775,1.14234,0.52156,0.85126,0,0,0,0,0,0,0,0,0,0,0,0,0,0,0,0,0,0,0,0,0,0,0,0,0,0,0,0,0,0,0,0.56775,0.000632641,0.00021088,0.000632641,0.00021088,0.000632641,0.00021088,0.000632641,0.00021088
748,163922,0.95487,0.4749,0.81927,0,0,0,0,0,0,0.0907,0.00145,0.00015,0,0,0,0,0,0,0,0,0,0,0,0,0,0,0.71539,0.17739,0,0,0.486,0.06459,0.44387,0.48653,0.86587,0.80471,0.84807,0.56751,1.14229,0.52162,0.85121,0,0,0,0,0,0,0,0,0,0,0,0,0,0,0,0,0,0,0,0,0,0,0,0,0,0,0,0,0,0,0,0.56751,0.000620479,0.000206826,0.000620479,0.000206826,0.000620479,0.000206826,0.000620479,0.000206826
749,164049,0.95312,0.47308,0.81749,0,0,0,0,0,0,0.09022,0.00145,0.00021,0,0,0,0,0,0,0,0,0,0,0,0,0,0,0.71323,0.17753,0,0,0.48601,0.06459,0.44432,0.48653,0.86636,0.80501,0.84777,0.56763,1.14335,0.52171,0.85133,0,0,0,0,0,0,0,0,0,0,0,0,0,0,0,0,0,0,0,0,0,0,0,0,0,0,0,0,0,0,0,0.56763,0.000608541,0.000202847,0.000608541,0.000202847,0.000608541,0.000202847,0.000608541,0.000202847
750,164166,0.95379,0.47337,0.81988,0,0,0,0,0,0,0.09135,0.00145,0.00017,0,0,0,0,0,0,0,0,0,0,0,0,0,0,0.71771,0.17766,0,0,0.48602,0.0646,0.44528,0.48653,0.87147,0.80357,0.84835,0.56799,1.14411,0.5217,0.85132,0,0,0,0,0,0,0,0,0,0,0,0,0,0,0,0,0,0,0,0,0,0,0,0,0,0,0,0,0,0,0,0.56799,0.000596828,0.000198943,0.000596828,0.000198943,0.000596828,0.000198943,0.000596828,0.000198943
751,164279,0.95812,0.47825,0.8197,0,0,0,0,0,0,0.09254,0.00145,0.00024,4e-05,0,0,0,0,0,0,0,0,0,0,0,0,0,0.7256,0.17752,0,0,0.48601,0.06458,0.44406,0.48645,0.87817,0.79976,0.84839,0.56776,1.14392,0.52175,0.85138,0,0,0,0,0,0,0,0,0,0,0,0,0,0,0,0,0,0,0,0,0,0,0,0,0,0,0,0,0,0,0,0.56776,0.000585339,0.000195113,0.000585339,0.000195113,0.000585339,0.000195113,0.000585339,0.000195113
752,164404,0.94707,0.47174,0.81949,0,0,0,0,0,0,0.09165,0.00145,0.00017,0,0,0,0,0,0,0,0,0,0,0,0,0,0,0.69125,0.17789,0,0,0.48593,0.0645,0.44414,0.48645,0.87357,0.80251,0.84785,0.56734,1.14372,0.52164,0.85131,0,0,0,0,0,0,0,0,0,0,0,0,0,0,0,0,0,0,0,0,0,0,0,0,0,0,0,0,0,0,0,0.56734,0.000574074,0.000191358,0.000574074,0.000191358,0.000574074,0.000191358,0.000574074,0.000191358
753,164530,0.94831,0.47104,0.818,0,0,0,0,0,0,0.09049,0.00145,0.00027,0,0,0,0,0,0,0,0,0,0,0,0,0,0,0.67647,0.17803,0,0,0.48595,0.06454,0.44426,0.48647,0.87464,0.80017,0.84726,0.56754,1.14463,0.52197,0.85142,0,0,0,0,0,0,0,0,0,0,0,0,0,0,0,0,0,0,0,0,0,0,0,0,0,0,0,0,0,0,0,0.56754,0.000563034,0.000187678,0.000563034,0.000187678,0.000563034,0.000187678,0.000563034,0.000187678
754,164655,0.955,0.47292,0.81697,0,0,0,0,0,0,0.09192,0.00144,0.00023,0,0,0,0,0,0,0,0,0,0,0,0,0,0,0.69099,0.17848,0,0,0.48604,0.0646,0.44513,0.48655,0.87324,0.80236,0.8471,0.56687,1.14496,0.52188,0.8515,0,0,0,0,0,0,0,0,0,0,0,0,0,0,0,0,0,0,0,0,0,0,0,0,0,0,0,0,0,0,0,0.56687,0.00055222,0.000184073,0.00055222,0.000184073,0.00055222,0.000184073,0.00055222,0.000184073
755,164775,0.95455,0.4729,0.81982,0,0,0,0,0,0,0.0919,0.00144,0.00019,0,0,0,0,0,0,0,0,0,0,0,0,0,0,0.67744,0.17793,0,0,0.48589,0.06451,0.44443,0.4864,0.87317,0.80181,0.84714,0.5669,1.14478,0.52203,0.85146,0,0,0,0,0,0,0,0,0,0,0,0,0,0,0,0,0,0,0,0,0,0,0,0,0,0,0,0,0,0,0,0.5669,0.00054163,0.000180543,0.00054163,0.000180543,0.00054163,0.000180543,0.00054163,0.000180543
756,164887,0.95418,0.47436,0.82011,0,0,0,0,0,0,0.09096,0.00144,0.00024,0,0,0,0,0,0,0,0,0,0,0,0,0,0,0.68615,0.17773,0,0,0.48597,0.06454,0.44418,0.48649,0.87266,0.80109,0.84675,0.56661,1.14525,0.52212,0.8515,0,0,0,0,0,0,0,0,0,0,0,0,0,0,0,0,0,0,0,0,0,0,0,0,0,0,0,0,0,0,0,0.56661,0.000531265,0.000177088,0.000531265,0.000177088,0.000531265,0.000177088,0.000531265,0.000177088
757,165012,0.94831,0.47022,0.81973,0,0,0,0,0,0,0.092,0.00144,0.00015,1e-05,0,0,0,0,0,0,0,0,0,0,0,0,0,0.66252,0.17771,0,0,0.48601,0.06458,0.4446,0.48652,0.87287,0.8004,0.84624,0.56652,1.14577,0.52219,0.85149,0,0,0,0,0,0,0,0,0,0,0,0,0,0,0,0,0,0,0,0,0,0,0,0,0,0,0,0,0,0,0,0.56652,0.000521127,0.000173709,0.000521127,0.000173709,0.000521127,0.000173709,0.000521127,0.000173709
758,165138,0.94389,0.46958,0.81635,0,0,0,0,0,0,0.09061,0.00144,0.00017,0,0,0,0,0,0,0,0,0,0,0,0,0,0,0.66321,0.17728,0,0,0.48603,0.06461,0.44422,0.48655,0.87307,0.8013,0.84653,0.56635,1.1465,0.52233,0.85159,0,0,0,0,0,0,0,0,0,0,0,0,0,0,0,0,0,0,0,0,0,0,0,0,0,0,0,0,0,0,0,0.56635,0.000511213,0.000170404,0.000511213,0.000170404,0.000511213,0.000170404,0.000511213,0.000170404
759,165248,0.94483,0.46837,0.81956,0,0,0,0,0,0,0.09165,0.00145,0.00016,0,0,0,0,0,0,0,0,0,0,0,0,0,0,0.66093,0.17667,0,0,0.486,0.06459,0.44435,0.48652,0.87149,0.8016,0.84663,0.56663,1.14582,0.52223,0.85149,0,0,0,0,0,0,0,0,0,0,0,0,0,0,0,0,0,0,0,0,0,0,0,0,0,0,0,0,0,0,0,0.56663,0.000501526,0.000167175,0.000501526,0.000167175,0.000501526,0.000167175,0.000501526,0.000167175
760,165375,0.94339,0.46982,0.81867,0,0,0,0,0,0,0.09167,0.00144,0.00015,0,0,0,0,0,0,0,0,0,0,0,0,0,0,0.66332,0.17558,0,0,0.48601,0.0646,0.44438,0.48645,0.87095,0.80148,0.84659,0.56649,1.14587,0.52203,0.85149,0,0,0,0,0,0,0,0,0,0,0,0,0,0,0,0,0,0,0,0,0,0,0,0,0,0,0,0,0,0,0,0.56649,0.000492064,0.000164021,0.000492064,0.000164021,0.000492064,0.000164021,0.000492064,0.000164021
761,165505,0.95442,0.47215,0.8196,0,0,0,0,0,0,0.09141,0.00144,0.00023,1e-05,0,0,0,0,0,0,0,0,0,0,0,0,0,0.66366,0.17514,0,0,0.48597,0.06458,0.44425,0.48648,0.87017,0.80144,0.84634,0.56661,1.14706,0.52247,0.85163,0,0,0,0,0,0,0,0,0,0,0,0,0,0,0,0,0,0,0,0,0,0,0,0,0,0,0,0,0,0,0,0.56661,0.000482828,0.000160943,0.000482828,0.000160943,0.000482828,0.000160943,0.000482828,0.000160943
762,165634,0.94598,0.46762,0.81883,0,0,0,0,0,0,0.09077,0.00144,0.00015,2e-05,0,0,0,0,0,0,0,0,0,0,0,0,0,0.67127,0.17651,0,0,0.48596,0.06459,0.44408,0.48648,0.87007,0.80099,0.84627,0.56594,1.14759,0.52258,0.8517,0,0,0,0,0,0,0,0,0,0,0,0,0,0,0,0,0,0,0,0,0,0,0,0,0,0,0,0,0,0,0,0.56594,0.000473819,0.00015794,0.000473819,0.00015794,0.000473819,0.00015794,0.000473819,0.00015794
763,165757,0.94778,0.47058,0.81817,0,0,0,0,0,0,0.09037,0.00144,0.00013,3e-05,0,0,0,0,0,0,0,0,0,0,0,0,0,0.66728,0.17594,0,0,0.48597,0.06458,0.44355,0.48641,0.87105,0.80066,0.84652,0.56562,1.14917,0.5227,0.85187,0,0,0,0,0,0,0,0,0,0,0,0,0,0,0,0,0,0,0,0,0,0,0,0,0,0,0,0,0,0,0,0.56562,0.000465035,0.000155012,0.000465035,0.000155012,0.000465035,0.000155012,0.000465035,0.000155012
764,165873,0.93983,0.46692,0.81795,0,0,0,0,0,0,0.0909,0.00144,0.00016,0,0,0,0,0,0,0,0,0,0,0,0,0,0,0.68483,0.17555,0,0,0.48617,0.06464,0.44429,0.48669,0.87019,0.8014,0.84649,0.56565,1.14991,0.52316,0.852,0,0,0,0,0,0,0,0,0,0,0,0,0,0,0,0,0,0,0,0,0,0,0,0,0,0,0,0,0,0,0,0.56565,0.000456479,0.00015216,0.000456479,0.00015216,0.000456479,0.00015216,0.000456479,0.00015216
765,165996,0.94712,0.47013,0.81829,0,0,0,0,0,0,0.09017,0.00144,0.00014,3e-05,0,0,0,0,0,0,0,0,0,0,0,0,0,0.65493,0.17566,0,0,0.48598,0.06456,0.44433,0.4865,0.86913,0.801,0.84623,0.56591,1.15027,0.52303,0.85208,0,0,0,0,0,0,0,0,0,0,0,0,0,0,0,0,0,0,0,0,0,0,0,0,0,0,0,0,0,0,0,0.56591,0.000448149,0.000149383,0.000448149,0.000149383,0.000448149,0.000149383,0.000448149,0.000149383
766,166126,0.94509,0.46863,0.81998,0,0,0,0,0,0,0.09102,0.00144,0.00017,0,0,0,0,0,0,0,0,0,0,0,0,0,0,0.66119,0.17598,0,0,0.486,0.06461,0.44373,0.48653,0.86921,0.80135,0.84692,0.56581,1.15078,0.52322,0.85219,0,0,0,0,0,0,0,0,0,0,0,0,0,0,0,0,0,0,0,0,0,0,0,0,0,0,0,0,0,0,0,0.56581,0.000440045,0.000146682,0.000440045,0.000146682,0.000440045,0.000146682,0.000440045,0.000146682
767,166252,0.946,0.46884,0.81812,0,0,0,0,0,0,0.09041,0.00144,0.0002,1e-05,0,0,0,0,0,0,0,0,0,0,0,0,0,0.66796,0.17482,0,0,0.48608,0.06459,0.44413,0.48661,0.87387,0.79903,0.84664,0.56581,1.15095,0.52324,0.85219,0,0,0,0,0,0,0,0,0,0,0,0,0,0,0,0,0,0,0,0,0,0,0,0,0,0,0,0,0,0,0,0.56581,0.000432169,0.000144056,0.000432169,0.000144056,0.000432169,0.000144056,0.000432169,0.000144056
768,166380,0.9462,0.4703,0.81756,0,0,0,0,0,0,0.09132,0.00144,0.00016,1e-05,0,0,0,0,0,0,0,0,0,0,0,0,0,0.67213,0.17478,0,0,0.48601,0.06456,0.44472,0.48653,0.87271,0.79898,0.84598,0.56549,1.15079,0.5231,0.85212,0,0,0,0,0,0,0,0,0,0,0,0,0,0,0,0,0,0,0,0,0,0,0,0,0,0,0,0,0,0,0,0.56549,0.000424519,0.000141506,0.000424519,0.000141506,0.000424519,0.000141506,0.000424519,0.000141506
769,166509,0.94379,0.46812,0.81743,0,0,0,0,0,0,0.09023,0.00144,0.00022,1e-05,0,0,0,0,0,0,0,0,0,0,0,0,0,0.68282,0.17467,0,0,0.48594,0.06459,0.4441,0.48647,0.87122,0.80043,0.84631,0.56546,1.15183,0.52362,0.85224,0,0,0,0,0,0,0,0,0,0,0,0,0,0,0,0,0,0,0,0,0,0,0,0,0,0,0,0,0,0,0,0.56546,0.000417097,0.000139032,0.000417097,0.000139032,0.000417097,0.000139032,0.000417097,0.000139032
770,166639,0.94184,0.46935,0.81903,0,0,0,0,0,0,0.08979,0.00144,0.00019,8e-05,0,0,0,0,0,0,0,0,0,0,0,0,0,0.67986,0.17468,0,0,0.48601,0.06459,0.44413,0.48653,0.87268,0.79819,0.84564,0.5646,1.15406,0.52423,0.85248,0,0,0,0,0,0,0,0,0,0,0,0,0,0,0,0,0,0,0,0,0,0,0,0,0,0,0,0,0,0,0,0.5646,0.000409901,0.000136634,0.000409901,0.000136634,0.000409901,0.000136634,0.000409901,0.000136634
771,166770,0.94156,0.46742,0.81684,0,0,0,0,0,0,0.09087,0.00144,0.00016,4e-05,0,0,0,0,0,0,0,0,0,0,0,0,0,0.68966,0.17427,0,0,0.48601,0.06459,0.44444,0.48653,0.87032,0.79946,0.84542,0.56438,1.15428,0.52445,0.85255,0,0,0,0,0,0,0,0,0,0,0,0,0,0,0,0,0,0,0,0,0,0,0,0,0,0,0,0,0,0,0,0.56438,0.000402933,0.000134311,0.000402933,0.000134311,0.000402933,0.000134311,0.000402933,0.000134311
772,166901,0.9429,0.46913,0.82008,0,0,0,0,0,0,0.09057,0.00144,0.00022,4e-05,0,0,0,0,0,0,0,0,0,0,0,0,0,0.67236,0.17488,0,0,0.48589,0.06455,0.44372,0.48642,0.87353,0.79728,0.84593,0.56406,1.15522,0.52475,0.85273,0,0,0,0,0,0,0,0,0,0,0,0,0,0,0,0,0,0,0,0,0,0,0,0,0,0,0,0,0,0,0,0.56406,0.000396193,0.000132064,0.000396193,0.000132064,0.000396193,0.000132064,0.000396193,0.000132064
773,167031,0.9409,0.46756,0.81689,0,0,0,0,0,0,0.09079,0.00144,0.00019,2e-05,0,0,0,0,0,0,0,0,0,0,0,0,0,0.67406,0.17519,0,0,0.486,0.06459,0.44417,0.48652,0.87163,0.79745,0.84525,0.56394,1.15714,0.52504,0.8529,0,0,0,0,0,0,0,0,0,0,0,0,0,0,0,0,0,0,0,0,0,0,0,0,0,0,0,0,0,0,0,0.56394,0.00038968,0.000129893,0.00038968,0.000129893,0.00038968,0.000129893,0.00038968,0.000129893
774,167160,0.93927,0.46792,0.81827,0,0,0,0,0,0,0.09088,0.00143,0.00016,5e-05,0,0,0,0,0,0,0,0,0,0,0,0,0,0.67732,0.17463,0,0,0.48603,0.06459,0.44433,0.48656,0.87043,0.79819,0.84524,0.56363,1.15778,0.52515,0.85304,0,0,0,0,0,0,0,0,0,0,0,0,0,0,0,0,0,0,0,0,0,0,0,0,0,0,0,0,0,0,0,0.56363,0.000383394,0.000127798,0.000383394,0.000127798,0.000383394,0.000127798,0.000383394,0.000127798
775,167281,0.94267,0.46905,0.81504,0,0,0,0,0,0,0.09093,0.00143,0.00018,0,0,0,0,0,0,0,0,0,0,0,0,0,0,0.67447,0.17434,0,0,0.48605,0.06464,0.44455,0.48657,0.87012,0.79803,0.84559,0.56362,1.15839,0.52578,0.85308,0,0,0,0,0,0,0,0,0,0,0,0,0,0,0,0,0,0,0,0,0,0,0,0,0,0,0,0,0,0,0,0.56362,0.000377337,0.000125779,0.000377337,0.000125779,0.000377337,0.000125779,0.000377337,0.000125779
776,167391,0.93909,0.46637,0.81693,0,0,0,0,0,0,0.09075,0.00143,0.00016,0,0,0,0,0,0,0,0,0,0,0,0,0,0,0.67457,0.17488,0,0,0.486,0.06457,0.44552,0.4865,0.86982,0.79814,0.84522,0.56335,1.15918,0.52581,0.8532,0,0,0,0,0,0,0,0,0,0,0,0,0,0,0,0,0,0,0,0,0,0,0,0,0,0,0,0,0,0,0,0.56335,0.000371507,0.000123836,0.000371507,0.000123836,0.000371507,0.000123836,0.000371507,0.000123836
777,167513,0.94617,0.47011,0.81766,0,0,0,0,0,0,0.09096,0.00143,0.00014,4e-05,0,0,0,0,0,0,0,0,0,0,0,0,0,0.66199,0.17508,0,0,0.48603,0.06459,0.44447,0.48656,0.8681,0.79912,0.84533,0.56348,1.15894,0.5258,0.85317,0,0,0,0,0,0,0,0,0,0,0,0,0,0,0,0,0,0,0,0,0,0,0,0,0,0,0,0,0,0,0,0.56348,0.000365905,0.000121968,0.000365905,0.000121968,0.000365905,0.000121968,0.000365905,0.000121968
778,167638,0.93966,0.46809,0.81795,0,0,0,0,0,0,0.09022,0.00143,0.00014,0,0,0,0,0,0,0,0,0,0,0,0,0,0,0.66882,0.17468,0,0,0.48601,0.06457,0.4455,0.48652,0.87032,0.79911,0.84556,0.56321,1.15889,0.52549,0.85309,0,0,0,0,0,0,0,0,0,0,0,0,0,0,0,0,0,0,0,0,0,0,0,0,0,0,0,0,0,0,0,0.56321,0.000360531,0.000120177,0.000360531,0.000120177,0.000360531,0.000120177,0.000360531,0.000120177
779,167748,0.94039,0.46862,0.81831,0,0,0,0,0,0,0.09018,0.00143,0.00015,0,0,0,0,0,0,0,0,0,0,0,0,0,0,0.6735,0.17485,0,0,0.48594,0.06453,0.44451,0.48645,0.8711,0.7988,0.84556,0.56329,1.15954,0.5257,0.85326,0,0,0,0,0,0,0,0,0,0,0,0,0,0,0,0,0,0,0,0,0,0,0,0,0,0,0,0,0,0,0,0.56329,0.000355385,0.000118462,0.000355385,0.000118462,0.000355385,0.000118462,0.000355385,0.000118462
780,167851,0.93642,0.4639,0.81565,0,0,0,0,0,0,0.09013,0.00143,0.00021,0,0,0,0,0,0,0,0,0,0,0,0,0,0,0.67336,0.17477,0,0,0.48589,0.06455,0.44368,0.48642,0.87039,0.7991,0.84563,0.56409,1.15912,0.52544,0.85321,0,0,0,0,0,0,0,0,0,0,0,0,0,0,0,0,0,0,0,0,0,0,0,0,0,0,0,0,0,0,0,0.56409,0.000350467,0.000116822,0.000350467,0.000116822,0.000350467,0.000116822,0.000350467,0.000116822
781,167967,0.93927,0.4664,0.81803,0,0,0,0,0,0,0.09039,0.00143,0.00014,0,0,0,0,0,0,0,0,0,0,0,0,0,0,0.66517,0.17449,0,0,0.48597,0.06456,0.44417,0.4865,0.86957,0.79966,0.84546,0.56406,1.15985,0.52602,0.85327,0,0,0,0,0,0,0,0,0,0,0,0,0,0,0,0,0,0,0,0,0,0,0,0,0,0,0,0,0,0,0,0.56406,0.000345778,0.000115259,0.000345778,0.000115259,0.000345778,0.000115259,0.000345778,0.000115259
782,168083,0.93869,0.46521,0.81733,0,0,0,0,0,0,0.09149,0.00143,0.00021,8e-05,0,0,0,0,0,0,0,0,0,0,0,0,0,0.66489,0.17387,0,0,0.48607,0.06463,0.44531,0.48658,0.87035,0.79937,0.8453,0.56383,1.16085,0.52573,0.85343,0,0,0,0,0,0,0,0,0,0,0,0,0,0,0,0,0,0,0,0,0,0,0,0,0,0,0,0,0,0,0,0.56383,0.000341316,0.000113772,0.000341316,0.000113772,0.000341316,0.000113772,0.000341316,0.000113772
783,170364,0.93915,0.46587,0.81874,0,0,0,0,0,0,0.09099,0.00143,0.00016,0,0,0,0,0,0,0,0,0,0,0,0,0,0,0.67185,0.17403,0,0,0.48603,0.06458,0.44514,0.48655,0.87059,0.79951,0.84576,0.56344,1.16265,0.52669,0.8536,0,0,0,0,0,0,0,0,0,0,0,0,0,0,0,0,0,0,0,0,0,0,0,0,0,0,0,0,0,0,0,0.56344,0.000337083,0.000112361,0.000337083,0.000112361,0.000337083,0.000112361,0.000337083,0.000112361
784,183453,0.93431,0.46521,0.81659,0,0,0,0,0,0,0.09074,0.00143,0.00018,0,0,0,0,0,0,0,0,0,0,0,0,0,0,0.67114,0.17373,0,0,0.48596,0.06456,0.44416,0.48648,0.8727,0.79907,0.8454,0.56327,1.16339,0.52675,0.85376,0,0,0,0,0,0,0,0,0,0,0,0,0,0,0,0,0,0,0,0,0,0,0,0,0,0,0,0,0,0,0,0.56327,0.000333079,0.000111026,0.000333079,0.000111026,0.000333079,0.000111026,0.000333079,0.000111026
785,183557,0.93859,0.46548,0.8157,0,0,0,0,0,0,0.08989,0.00143,0.00014,4e-05,0,0,0,0,0,0,0,0,0,0,0,0,0,0.67265,0.1739,0,0,0.48603,0.06459,0.44496,0.48655,0.87191,0.79855,0.84525,0.56307,1.16441,0.52704,0.85387,0,0,0,0,0,0,0,0,0,0,0,0,0,0,0,0,0,0,0,0,0,0,0,0,0,0,0,0,0,0,0,0.56307,0.000329303,0.000109768,0.000329303,0.000109768,0.000329303,0.000109768,0.000329303,0.000109768
786,183663,0.94242,0.46921,0.81942,0,0,0,0,0,0,0.09052,0.00143,0.00014,6e-05,0,0,0,0,0,0,0,0,0,0,0,0,0,0.67575,0.17422,0,0,0.48602,0.0646,0.4438,0.48655,0.87231,0.79861,0.84508,0.56314,1.16537,0.52743,0.85403,0,0,0,0,0,0,0,0,0,0,0,0,0,0,0,0,0,0,0,0,0,0,0,0,0,0,0,0,0,0,0,0.56314,0.000325756,0.000108585,0.000325756,0.000108585,0.000325756,0.000108585,0.000325756,0.000108585
787,183779,0.9366,0.46499,0.81758,0,0,0,0,0,0,0.09054,0.00143,0.00023,0,0,0,0,0,0,0,0,0,0,0,0,0,0,0.68213,0.1737,0,0,0.48602,0.06458,0.44471,0.48653,0.87104,0.79912,0.84504,0.56265,1.16616,0.52732,0.85412,0,0,0,0,0,0,0,0,0,0,0,0,0,0,0,0,0,0,0,0,0,0,0,0,0,0,0,0,0,0,0,0.56265,0.000322437,0.000107479,0.000322437,0.000107479,0.000322437,0.000107479,0.000322437,0.000107479
788,183885,0.93974,0.4681,0.81647,0,0,0,0,0,0,0.09118,0.00143,0.00013,1e-05,0,0,0,0,0,0,0,0,0,0,0,0,0,0.68682,0.17371,0,0,0.48592,0.06455,0.44415,0.48634,0.86948,0.79959,0.84517,0.56235,1.16735,0.52767,0.85419,0,0,0,0,0,0,0,0,0,0,0,0,0,0,0,0,0,0,0,0,0,0,0,0,0,0,0,0,0,0,0,0.56235,0.000319347,0.000106449,0.000319347,0.000106449,0.000319347,0.000106449,0.000319347,0.000106449
789,183989,0.9335,0.46335,0.8173,0,0,0,0,0,0,0.08945,0.00143,0.00019,0,0,0,0,0,0,0,0,0,0,0,0,0,0,0.68632,0.17359,0,0,0.48604,0.06458,0.44406,0.48657,0.86877,0.7993,0.84536,0.56241,1.16789,0.52757,0.85431,0,0,0,0,0,0,0,0,0,0,0,0,0,0,0,0,0,0,0,0,0,0,0,0,0,0,0,0,0,0,0,0.56241,0.000316485,0.000105495,0.000316485,0.000105495,0.000316485,0.000105495,0.000316485,0.000105495
790,184093,0.93221,0.46421,0.81657,0,0,0,0,0,0,0.09035,0.00143,0.00016,4e-05,0,0,0,0,0,0,0,0,0,0,0,0,0,0.67223,0.17371,0,0,0.48592,0.06457,0.44447,0.48644,0.86998,0.79881,0.8451,0.56218,1.16786,0.52775,0.85433,0,0,0,0,0,0,0,0,0,0,0,0,0,0,0,0,0,0,0,0,0,0,0,0,0,0,0,0,0,0,0,0.56218,0.000313853,0.000104618,0.000313853,0.000104618,0.000313853,0.000104618,0.000313853,0.000104618
791,184206,0.94158,0.46712,0.8143,0,0,0,0,0,0,0.08974,0.00143,0.00018,0,0,0,0,0,0,0,0,0,0,0,0,0,0,0.67506,0.17403,0,0,0.48606,0.06458,0.44466,0.48658,0.8695,0.79945,0.84493,0.5624,1.16785,0.52786,0.85438,0,0,0,0,0,0,0,0,0,0,0,0,0,0,0,0,0,0,0,0,0,0,0,0,0,0,0,0,0,0,0,0.5624,0.000311449,0.000103816,0.000311449,0.000103816,0.000311449,0.000103816,0.000311449,0.000103816
792,184321,0.93077,0.46406,0.81813,0,0,0,0,0,0,0.09161,0.00143,0.00018,0,0,0,0,0,0,0,0,0,0,0,0,0,0,0.68164,0.17407,0,0,0.48592,0.06453,0.44513,0.48643,0.86744,0.8004,0.84504,0.56265,1.16879,0.52785,0.85444,0,0,0,0,0,0,0,0,0,0,0,0,0,0,0,0,0,0,0,0,0,0,0,0,0,0,0,0,0,0,0,0.56265,0.000309274,0.000103091,0.000309274,0.000103091,0.000309274,0.000103091,0.000309274,0.000103091
793,184427,0.93358,0.46329,0.81607,0,0,0,0,0,0,0.09096,0.00143,0.00019,0,0,0,0,0,0,0,0,0,0,0,0,0,0,0.68887,0.17381,0,0,0.48588,0.06449,0.44445,0.4864,0.86653,0.80064,0.84482,0.56201,1.17028,0.52834,0.85468,0,0,0,0,0,0,0,0,0,0,0,0,0,0,0,0,0,0,0,0,0,0,0,0,0,0,0,0,0,0,0,0.56201,0.000307328,0.000102443,0.000307328,0.000102443,0.000307328,0.000102443,0.000307328,0.000102443
794,184548,0.93442,0.46276,0.81771,0,0,0,0,0,0,0.08992,0.00143,0.00016,2e-05,0,0,0,0,0,0,0,0,0,0,0,0,0,0.67824,0.17381,0,0,0.48598,0.06456,0.44495,0.4865,0.86623,0.80044,0.84441,0.56185,1.17221,0.52882,0.85489,0,0,0,0,0,0,0,0,0,0,0,0,0,0,0,0,0,0,0,0,0,0,0,0,0,0,0,0,0,0,0,0.56185,0.00030561,0.00010187,0.00030561,0.00010187,0.00030561,0.00010187,0.00030561,0.00010187
795,184658,0.93292,0.46354,0.81953,0,0,0,0,0,0,0.09048,0.00143,0.00024,1e-05,0,0,0,0,0,0,0,0,0,0,0,0,0,0.68359,0.17384,0,0,0.48604,0.06463,0.44471,0.48656,0.86557,0.80028,0.84428,0.56128,1.17402,0.52947,0.85514,0,0,0,0,0,0,0,0,0,0,0,0,0,0,0,0,0,0,0,0,0,0,0,0,0,0,0,0,0,0,0,0.56128,0.000304122,0.000101374,0.000304122,0.000101374,0.000304122,0.000101374,0.000304122,0.000101374
796,184773,0.93204,0.4615,0.81703,0,0,0,0,0,0,0.09112,0.00143,0.00021,1e-05,0,0,0,0,0,0,0,0,0,0,0,0,0,0.68162,0.17376,0,0,0.48593,0.06456,0.4445,0.48644,0.8643,0.80051,0.84377,0.56079,1.17528,0.52974,0.85529,0,0,0,0,0,0,0,0,0,0,0,0,0,0,0,0,0,0,0,0,0,0,0,0,0,0,0,0,0,0,0,0.56079,0.000302862,0.000100954,0.000302862,0.000100954,0.000302862,0.000100954,0.000302862,0.000100954
797,184886,0.93444,0.46604,0.81735,0,0,0,0,0,0,0.09028,0.00143,0.00021,0,0,0,0,0,0,0,0,0,0,0,0,0,0,0.67846,0.1736,0,0,0.48598,0.06457,0.44394,0.4865,0.86396,0.80055,0.84377,0.56092,1.17585,0.53024,0.85541,0,0,0,0,0,0,0,0,0,0,0,0,0,0,0,0,0,0,0,0,0,0,0,0,0,0,0,0,0,0,0,0.56092,0.000301832,0.000100611,0.000301832,0.000100611,0.000301832,0.000100611,0.000301832,0.000100611
798,184995,0.94626,0.47096,0.81668,0,0,0,0,0,0,0.09052,0.00143,0.00027,3e-05,0,0,0,0,0,0,0,0,0,0,0,0,0,0.68522,0.17376,0,0,0.48614,0.06465,0.44438,0.48665,0.86279,0.8009,0.84414,0.56072,1.17693,0.5305,0.8555,0,0,0,0,0,0,0,0,0,0,0,0,0,0,0,0,0,0,0,0,0,0,0,0,0,0,0,0,0,0,0,0.56072,0.000301031,0.000100344,0.000301031,0.000100344,0.000301031,0.000100344,0.000301031,0.000100344
799,185108,0.93993,0.46572,0.81799,0,0,0,0,0,0,0.09036,0.00143,0.00015,0,0,0,0,0,0,0,0,0,0,0,0,0,0,0.68366,0.17381,0,0,0.48601,0.0646,0.44437,0.48653,0.86186,0.80008,0.84325,0.5606,1.17771,0.5309,0.85565,0,0,0,0,0,0,0,0,0,0,0,0,0,0,0,0,0,0,0,0,0,0,0,0,0,0,0,0,0,0,0,0.5606,0.000300458,0.000100153,0.000300458,0.000100153,0.000300458,0.000100153,0.000300458,0.000100153
800,185223,0.93507,0.46584,0.81666,0,0,0,0,0,0,0.09015,0.00143,0.00023,0,0,0,0,0,0,0,0,0,0,0,0,0,0,0.67627,0.17384,0,0,0.48602,0.06458,0.44436,0.48653,0.86315,0.79996,0.84345,0.56044,1.17833,0.53096,0.85579,0,0,0,0,0,0,0,0,0,0,0,0,0,0,0,0,0,0,0,0,0,0,0,0,0,0,0,0,0,0,0,0.56044,0.000300115,0.000100038,0.000300115,0.000100038,0.000300115,0.000100038,0.000300115,0.000100038
